fund_code,ICI,ISDI,risk_asym,sharpe8_lag,ARG,RG,de,rc_mom,TO_wind,ff5_adj_return,quarter_return,alloc,risk_rsp,risk_cnv,active,discipl,cost,composite
11,0.10810207692307693,0.2109512783699392,0.0302204668836479,0.0833355781256144,0.03395437774558079,-0.050121660629059324,-0.07328800205310493,0.12317886758929704,93.97672504754325,-0.0084148888388725,0.03782543193051595,-0.4636741401343963,-0.2758189695591965,-0.22847180948029527,-0.571403774150326,-0.5717335609168241,0.07791176199258566,-0.33886508204140875
17,0.22078307692307692,0.3215269165632746,0.03178140283512475,0.050249553144520884,0.061359046040650095,-0.0855298188373203,-0.16266546313120106,0.13261309915270672,239.53703191419888,0.0164847649949621,0.08224863054242942,-0.5344399890039471,-0.24621400586451855,-0.38078558686156544,-0.7352326664680131,-0.015730679277615928,0.07172844003443467,-0.30677908124020425
20,0.1290165,0.3067625907885842,0.00962946716115876,0.12338936902279203,0.055096656902021514,-0.0517792336647782,-0.15094901534981142,0.10625571839672893,194.1616188015861,0.0095254252166679,0.04049729068764611,-0.7687617958309414,-0.666351200330522,-0.04408144546785098,-0.49049254548388865,0.02220003451935397,0.07365596268328711,-0.3123051649850936
21,0.1924663076923077,0.1894648544705433,0.04521151210828536,0.046214503495421506,0.05411956617681195,-0.05398669423727957,-0.12086744509447409,0.1381853453855472,94.6197153479828,0.012186250420382,0.04696746634942339,-0.11229788444894431,0.008503618565425877,-0.399361213710862,-0.51268494831418,-0.3197937535074923,0.07788444811746978,-0.2096249555497638
31,0.12831615384615386,0.13711089892039163,0.03393648749799018,-0.023568385104068598,0.046163283732312724,-0.03551455816469635,-0.09678171795853273,0.1122013392771765,72.71011272779687,-0.0132287624758803,0.01968800601577388,-0.11310607117305688,-0.20534032162223806,-0.7206115109357001,-0.3989356848270246,-0.3662171195693444,0.07881515601368122,-0.2875659253522805
61,0.15931054166666667,0.2163130959257258,0.06138594720282492,0.20086654331348672,0.06149264157787156,-0.07129159529003541,-0.05237170560323565,0.04958471532523615,132.33498798470197,0.0345973353470991,0.06297880604274846,-0.3217586751677012,0.31527057034376144,0.312590021829479,-0.6196053879857255,-0.3869379096882176,0.07628232403246142,-0.10402650943932375
73,0.20177265384615384,0.3722399989893671,0.03258067208910077,0.0798604753876208,0.06365882674413878,-0.08267502482098851,-0.1390018089162295,0.06643900729269263,199.15263633194073,0.0298618339942805,0.045911021088867285,-0.791499815047998,-0.23105493593352944,-0.24446968245277426,-0.7019107054296232,0.11796206879707641,0.073443946997464,-0.29625485384489747
263,0.12839076923076922,0.19482529130059828,0.027888900503659587,0.10015025388587208,0.051698401591620695,-0.04965821544538684,-0.15722417914671144,0.007368580386779351,94.95218592531637,0.0289038419962925,0.06274734977360663,-0.33667578257660813,-0.320039834589551,-0.15106430035976381,-0.4885142735119112,0.5003880234439954,0.0778703249497909,-0.11967264044067465
308,0.13616603846153846,0.32929334711689084,0.029346013101938417,0.20051656341558538,0.09268712284884541,-0.07821614874616009,-0.10528940400241173,0.01998362866500256,280.209396173209,0.0201569034228364,0.06701470402567883,-0.8334156588515198,-0.2924040014022324,0.3109788654488825,-0.5364096217740953,0.09747718204281872,0.07000070032004237,-0.19729542236935063
327,0.26704292307692307,0.37078952805706317,0.031808850462601436,0.11925764204333598,0.06833865142699345,-0.06176971694126751,-0.032077847534477504,0.22716841395085144,187.40973976996017,0.0113605716679312,0.055551375266747756,-0.5784880236854183,-0.24569342972288788,-0.06310213301519674,-0.5121417224681941,-1.3060224704420706,0.07394277879939545,-0.4385841667557287
354,0.33722919230769227,0.22580959361068734,-0.003811716595231665,0.12455848526021289,0.10285082152384341,-0.10507059111297173,-0.19345220375599634,0.060977910977910964,458.7395274771028,0.0011142615429632,0.07837980871846824,0.20672699650986665,-0.9212788652003996,-0.03869933896152072,-0.7080340565420755,0.5061347249955715,0.062416838312289044,-0.14878895014771143
390,0.20380825,0.3014250562536673,0.059691288025158724,0.010200748975489487,0.15290612387169147,-0.09642971514667131,-0.07987491297214204,0.2414546793778038,279.0854390560402,0.0194793348007424,0.03490323585226159,-0.5104234529575706,0.2831293903150787,-0.5651529941301531,-0.41495767620165436,-1.0494504006519927,0.07004844540159799,-0.36446778137078234
404,0.21676647222222223,0.21781265991830268,0.08114290967764973,0.2347903820674771,0.1926333794220212,-0.060623584283290746,-0.137767734703766,0.07688006670374771,184.55101116546862,0.0334394588103164,0.07456792333480927,-0.14501559025905522,0.6899843157930272,0.46876073217761044,0.05152115336241042,0.06365092205617023,0.07406421602176089,0.2004942915253207
522,0.5559519230769231,0.02600616814016233,0.06636267653721573,0.2909651624892629,0.10250025961959228,-0.07261681308502656,-0.16165444526466446,0.12789873907498484,200.79196214591485,0.0574214690458094,0.08261618718108725,1.6764921046553978,0.409660023750533,0.7273651733123468,-0.4474018449545409,-0.0016939773664657043,0.07337430933648136,0.4062992981222921
601,0.22858526923076922,0.3381362949136718,0.03833515743932034,0.06703701844708575,0.06412924283442129,-0.07457721556164189,-0.17249696907203022,0.14168924092035964,286.21728979383397,0.0247740204065876,0.05907417675071679,-0.5740580195920819,-0.12191443614965139,-0.30350334294281733,-0.634389819527653,0.0099691684487902,0.06974548829592457,-0.2590251602445815
742,0.301842641025641,0.3811846112402537,0.06847299401800319,0.13735787082055428,0.21790977661157998,-0.0825061104690703,-0.17608558355806408,0.024658507042273004,257.59677838120274,0.0094496121602618,0.06329573470518761,-0.5082272103919762,0.44968464637764777,0.020223507284557705,-0.012526338357471495,0.5502319718526257,0.07096127191496676,0.0950579747800584
800,0.1589516923076923,0.3331756314660045,0.019583595531185487,0.07147121939484924,0.06920072922430905,-0.050448576996179245,-0.05404411884524863,0.11805669655088695,176.92559568380162,0.0043489068422433,0.036363306179423,-0.7760722976571154,-0.47755959185485797,-0.2830901958087205,-0.4168324061920805,-0.6778115987601006,0.07438813948690588,-0.4261629917976615
823,0.19624025,0.22132265781983948,0.01700849267025711,0.0786938273071225,0.18359161804240565,-0.08059928335792531,-0.21186099698488992,0.07312883930315128,427.4021259340054,0.0094689412426303,0.045963712643709145,-0.22384596312600347,-0.5263994091681288,-0.2498404266300166,-0.15019341644002965,0.5756223950221606,0.06374803393315522,-0.08515146440147713
845,0.1514728611111111,0.4605883000377105,0.05474480617027988,-0.14906479707462944,0.1566064581087876,-0.11538673015012772,-0.11435513112899513,0.05342645730610871,267.86122834750495,-0.0096163974742206,0.029289809611554425,-1.2939203186807429,0.1893136154964388,-1.2983428209360715,-0.5516075004268993,0.010565832078696547,0.07052524371310868,-0.47891099145924493
940,0.2114126153846154,0.35811033661252545,0.007965897699536149,0.3901529003327189,0.08398495796802406,-0.05983857503059438,-0.14803363006245956,0.1287527604607435,318.773122360923,0.04073026627286601,0.08203588514287966,-0.7060777171812669,-0.6979027277768053,1.1839827038096784,-0.42675126079517217,-0.09653674853226582,0.06836253439378435,-0.11248720268034124
1000,0.33049392307692305,0.29393441340790427,0.083804445505575,-0.04425942326665981,0.05887799119567402,-0.09028119652456051,-0.27765338365851516,0.14500056059386668,149.20091590761353,0.0275394459193409,0.05025244566005076,-0.07885006800715041,0.7404634347365447,-0.8158641193190032,-0.7846857848722762,0.6984882802498794,0.07556586866962774,-0.02748039809039633
1037,0.16409255172413792,0.2713993541931527,0.011364624478182282,0.025982434907417543,0.19126189520584855,-0.09646951161212788,-0.06266384724930715,0.17018413039801483,182.47089928158624,0.0044610465246065,0.037869040045286614,-0.5201798356928171,-0.6334419260413148,-0.4925009242876619,-0.24419741942241613,-0.8501300938501978,0.07415257803310786,-0.4443829368768833
1060,0.30308562162162167,0.23185782622852816,0.017793986590956164,0.15831684759001138,0.19773206978558422,-0.039137410072265615,-0.20931545832665327,0.03681641054448953,204.64013554409328,0.0193381303205619,0.050195422960762195,0.074786561735539,-0.5115016044358566,0.11670958935777484,0.24785129243673087,0.7187897868548784,0.07321084104224694,0.11997441116521891
1075,0.14595566666666668,0.26742607620626685,0.017510511067497368,0.1271245446380452,0.20322686140866197,-0.06260818469420153,-0.07134544114052349,0.02248687411360719,174.70925756296106,0.0193667332588229,0.05289960225350897,-0.562399529277005,-0.5168780470582378,-0.026886309229311577,0.08273853967405544,-0.1405313397184289,0.07448228831404347,-0.1815790662158141
1076,0.23405507692307692,0.24842707672223285,0.04743707612078009,0.13874562406978821,0.05846713941793908,-0.02008539144815971,-0.16321489365672134,0.30156986254883605,124.72863195168287,0.0359882904287955,0.06916001417415465,-0.20880108291127433,0.050714025550894964,0.02661212421828539,-0.2194025803867038,-0.7573902072404065,0.07660543786268689,-0.1719437138177529
1088,0.12406465384615384,0.3284985420917683,0.010434636107724972,0.10248949070326875,0.05397534172305414,-0.0803936921084009,-0.07830396605922905,0.07568223905339475,218.14754027336707,0.0099084712319878,0.03721540944293178,-0.8687839862741848,-0.6510802358757524,-0.14029546378750624,-0.7266718320177101,-0.3286684991936098,0.07263705390165881,-0.4404771605411841
1170,0.19606951612903226,0.3799828226867054,0.02193496276756672,0.15555295819467016,0.1898510341859709,-0.0834559938505183,-0.22090717233158289,0.10728185155028382,218.29906216145844,0.0230825530010874,0.058539167300752606,-0.8396461129701365,-0.4329631805799049,0.10398583561857475,-0.14535348787626878,0.48544741929211116,0.0726306173350017,-0.12598315153010373
1184,0.1386794193548387,0.2855148325678652,0.043225502339813426,-0.041398392431396376,0.17774204860629883,-0.06825507170642126,-0.1452318770853384,0.20257162253736338,92.88150866050572,0.0055573141940628,0.04026706389307427,-0.6556639638010946,-0.029163363886518433,-0.8026931683216475,-0.07655522511055637,-0.440914024137845,0.07795828618369705,-0.32117190984566085
1194,0.25536257142857144,0.5350370181053482,0.03030715029661158,0.768147364143068,0.16245361120458462,-0.05464641994060632,-0.13901806744145848,0.1106909600202086,226.90146936560456,0.0471055233046176,0.05804224671654191,-1.252525081885219,-0.2741749179302411,2.9241060533224013,-0.034802603568800466,-0.07714160736774767,0.0722651917976189,0.22628783906133534
1198,0.3401813448275862,0.4307019608332093,0.00367987763648101,0.07059474775372289,0.21742408865177218,-0.06740024841556903,-0.09950827522337818,0.15072471388260864,2425.371110782921,0.0216410769014476,0.04924944870532053,-0.5784313934784554,-0.7791920774399717,-0.28712509291418425,0.10734839212869546,-0.5179274662469597,-0.02112459213954344,-0.34607537168173647
1267,0.14935546666666666,0.446591781855891,0.017938839703874544,-0.03832384060905255,0.1904292609612881,-0.0729694347170669,-0.22676232676960723,0.14756463531269964,256.68722499939605,0.0147682793306558,0.036186587884820993,-1.2463718779740207,-0.5087542968701922,-0.7885392588664243,-0.05805288263392437,0.34689495487991934,0.0709999092435002,-0.36397057537019034
1407,0.3625048421052631,0.6812753754452137,0.024252903357359502,0.6768091499515475,0.19028451621971482,0.08814206137207828,0.08541666666666665,,226.90146936560456,0.0456990060087916,0.05686080883466666,-1.479183543760188,-0.38900074449000005,2.5036243414600716,1.242930124440228,-2.9301537330252767,0.0722651917976189,-0.1632530605962577
1411,0.24385435714285714,0.3983285240133045,0.02858166808322384,0.08729928408113001,0.1907130150362514,-0.013562510379411481,-0.09855071328090205,0.013116623144345191,522.498675386568,0.0207264845833167,0.04048633982025569,-0.7589580677672056,-0.306900692639207,-0.21022461820064745,0.42316457619427905,0.08271204192516357,0.059708384697508256,-0.11841639596501823
1412,0.19902020689655173,0.35820726316954715,0.036208528967719644,0.2593472482755122,0.19361712245181523,-0.07363155500781172,-0.06258612155789885,0.06773045615130409,272.48330356048706,0.0435415798796138,0.054766589858850946,-0.7458287184596106,-0.1622484156663893,0.5818099441917359,-0.04918307702129934,-0.3986872313152092,0.07032890049446708,-0.11730143296271757
1437,0.21204430303030303,0.36179627166230244,0.04653219936156134,0.28978797220042796,0.19682145837419793,-0.04275644821858382,-0.07973410282266366,0.20483838337105653,339.53465499357986,0.0593786015805047,0.07610539002532694,-0.7183640600599461,0.033551986596328506,0.7219458973584824,0.2145512006596955,-0.8888633563103121,0.06748059588062928,-0.09494962264585377
1438,0.21361025806451614,0.36585301525664005,0.04127923284828673,0.26388166016304293,0.19585561122712497,-0.04315164863866657,-0.07619179286186846,0.2260542943773494,339.53465499357986,0.0502021692969099,0.07088929991178981,-0.729119833333712,-0.06607662581900954,0.6026844192363205,0.2070502978981634,-1.006140498777122,0.06748059588062928,-0.15402027415245506
1475,0.5349997692307692,0.033186216278732465,0.0003540669961433892,0.1529138087687733,0.031313129531282145,-0.013801408479411645,-0.07947792131056808,0.2505896973743836,64.13464195284888,0.0013426567563733,0.051814653868368366,1.5820765509816304,-0.8422699399040994,0.09183633085450398,-0.28975146461367685,-1.092402957689112,0.0791794373063333,-0.07855534051073679
1480,0.255472,0.40566540342972357,0.03317354358172633,0.14082912972663333,0.23963623177650598,-0.055355298290812795,-0.07631300666378912,0.12018981018981019,270.1692490522236,0.0399517113148676,0.07575910339873136,-0.7504958355641926,-0.2198104393235419,0.03620368491409782,0.3037350706263323,-0.5383210357403563,0.07042720026011962,-0.1830435591379235
1513,0.3010124615384615,0.10216682402255992,0.036775580989689194,0.1949547708147115,0.06692088548693748,-0.057222883143947405,-0.25354188381812465,-0.035924704981449854,269.38431258423077,0.0467116104318334,0.09898568647874012,0.5711194709569931,-0.15149361531246125,0.28537477307047243,-0.4817313943214121,1.3353980914475048,0.07046054393053892,0.271521311628606
1664,0.16073792307692306,0.4427497574114222,0.028872569845944912,0.18714604704997695,0.11530540754823274,-0.03570663300700597,-0.11707871554739856,-0.09378860592014698,522.5873609652042,0.0106987988722928,0.04870293788573624,-1.1953069922653339,-0.30138340276198494,0.2494267795048126,-0.09208649390422924,0.6781993158891226,0.05970461738279481,-0.10024102935913633
1665,0.16022965384615384,0.4427497574114222,0.028805701626117362,0.15415381388279767,0.11555511162913636,-0.036835206839533674,-0.11707871554739856,-0.09378860592014698,522.5873609652042,0.0095692848150145,0.04757436405320851,-1.1969219463101894,-0.3026516362333515,0.09754477914942819,-0.10009052580166984,0.6781993158891226,0.05970461738279481,-0.1273692326539775
1702,0.3385008461538461,0.11469045438809868,0.001143130337907359,0.2727724851439218,0.06887500107901566,-0.0059091074229625585,-0.10308122857703637,-0.02698743263644152,296.05457598431155,0.0215979835834719,0.08341379340401091,0.6416689936045152,-0.8273044369546529,0.6436139397105163,-0.05844846054921771,0.2899196763591205,0.06932760577685351,0.1264628863245225
1715,0.21279617391304348,0.40849845669276463,0.010039254986972616,0.27475466574702423,0.18542197928013282,-0.07587662259888428,-0.15180946299577136,0.14514536031563893,331068.20970371645,0.0355899850324437,0.04938905528331854,-0.8970783831968606,-0.6585790981540925,0.652739043596007,-0.10387465221906104,-0.14360376911568085,-13.981692029815525,-2.522014814817535
1723,0.3680123846153846,0.21504983731594193,0.02029856300406999,0.1494810763531157,0.07179094343265167,-0.04217750627428273,-0.15441650056155673,0.18620006805068537,616.3032853176112,0.027173834256919795,0.06843566584931868,0.3462608045763177,-0.46399940313757265,0.07603351255684751,-0.3384566009064668,-0.30727996658670165,0.05572361634377187,-0.105286339525634
1753,0.2048471111111111,0.4637356911465353,0.027007246416683624,-0.007797718298674502,0.2114679263590734,-0.06628584569058277,-0.15856797661173275,0.27985434603834364,665.1156356494657,0.05315957277952979,0.06068986837013128,-1.1365361988930236,-0.3367614285867247,-0.648010168395349,0.08978489446306577,-0.692666242826964,0.05365009448789664,-0.4450898416251831
1759,0.15619238461538462,0.27643019628926574,0.05902053960173432,0.17151596888020523,0.1856588083868295,-0.038094118604225624,-0.11520259317870696,0.0768055898215464,134.1834284417113,0.0059405694618421,0.052143011390848495,-0.5647902732218089,0.2704078672410831,0.17747264635757415,0.20242862326487038,-0.08690197519668029,0.0762038032961962,0.012470115290205782
1811,0.2761719615384615,0.21406411781964996,0.06201773059974366,0.17078250608587375,0.056735053846970945,-0.08604965394126668,-0.1561650672115489,0.07039860699412452,133.8030076412258,0.0295950408943053,0.06213673766953271,0.05827322404509719,0.3272530764235165,0.17409610025277347,-0.7600572604906053,0.21525659221727558,0.07621996336304145,0.015173615968516478
1856,0.42384449999999996,0.35100113166554747,0.06130533925271144,0.28784904160961294,0.24585594094309546,0.04235453386423246,0.021428571428571505,,160.6267411882131,0.0381132262994896,0.07480388560870063,-0.003536949050413074,0.313741746925764,0.7130198978606311,1.1208805118046543,-2.0744430643041447,0.0750805058817336,0.024123774853037544
1881,0.09683846153846153,0.25866563176816065,0.012234330846166095,0.17512853713498747,0.038686900918868915,-0.044313195308935044,-0.11772648500497161,0.2319250181166407,100.20006563840622,0.0176115317554051,0.0364531602267963,-0.6844910023184521,-0.616946934414765,0.19410335123215408,-0.5033679554424015,-0.7543174917524327,0.07764739789940066,-0.3812287724660827
1985,0.13783970833333334,0.2286286962960401,0.005396365079760194,0.16455827567963874,0.05227053924046592,-0.06456064734000017,-0.17502283375708982,0.059977267977410625,126.29429824570789,0.0164904967550533,0.06143335844346925,-0.4377370753500588,-0.7466368989955443,0.14544243016074057,-0.6063598810726494,0.3873212703247947,0.07653892921769036,-0.1969052042858378
1998,0.2068935925925926,0.39946908400179265,0.0012393523629491458,0.24212200125168942,0.1976574683257064,-0.0798850051072737,-0.15328483947114785,0.05727453844990332,331068.20970371645,0.0340359479893788,0.04781272552214588,-0.880818603863814,-0.8254794744664129,0.5025123421974448,-0.08168351751504524,0.25389331291201517,-13.981692029815525,-2.502211328425223
2051,0.2472928888888889,0.3891856456894468,0.029824505337199474,0.07070162422744608,0.1952538011085431,-0.013869694465107716,-0.09855071328090205,0.013191173083493097,522.498675386568,0.019168136020958,0.04180935824774881,-0.7125780586142038,-0.28332884028515626,-0.28663307976255087,0.44093650484676505,0.08238317346200352,0.059708384697508256,-0.11658531927593901
2112,0.20172381481481483,0.3582037074932204,0.03911758118309265,0.2993119890912635,0.20283698542571119,-0.07447060913234518,-0.06258612155789885,0.0666141464471904,272.48330356048706,0.0410840981359171,0.056625587611450846,-0.7372245959643856,-0.10707486088948936,0.7657903600678929,-0.014837638566677414,-0.39376275973282243,0.07032890049446708,-0.0694634324318358
2125,0.16379261904761905,0.40875461133614976,0.050711447283628315,-0.12026042743305831,0.19381250821784543,-0.1131076894804483,-0.19282015928105825,0.07397628538303842,335.2561196382623,0.001950677708882,0.04823147683666847,-1.0537736164600464,0.11281627856602129,-1.1657399365550938,-0.367241438403924,0.4445677397658147,0.06766234571463792,-0.32695143789543174
2152,0.1478809285714286,0.2601007737352985,0.04860492158826963,0.21512614895303217,0.16889914080155255,-0.06087963087826691,-0.14777898274437776,0.1316822511576537,227.07712100475538,0.0420819081333534,0.05635020486664758,-0.5278759784832899,0.07286357155456702,0.3782350910140531,-0.056411468588768485,-0.11116255411479659,0.0722577302123782,-0.02868226806764278
2163,0.3854974074074074,0.4835747610324243,0.08416291849664874,-0.04922481673975218,0.22927978251364337,-0.08556035966679577,-0.12641754084252874,0.20795504154787592,2517.4604048931315,0.0333941350822328,0.05935936417356669,-0.6394778777161843,0.7472622914585132,-0.8387226475496738,0.013512897698837179,-0.5904641028636152,-0.02503649481850605,-0.22215432229843815
2244,0.20844525925925927,0.2930479685719573,0.035807538888037435,0.032133159869173,0.17510094039481974,-0.07318842128119457,0.047876141164010746,0.12295714795380085,164.25117310432026,0.014968761854289,0.041499874485500375,-0.46320505838407733,-0.16985365836688965,-0.4641856415332789,-0.1281924051396692,-1.3809174983449934,0.07492654200287739,-0.4219046199610052
2376,0.18652053658536585,0.37553953322014205,0.021415878276310515,-0.036674035797605364,0.16798687023592546,-0.07781792566951531,-0.13379082584167792,0.03254736838185512,192.14039177267387,-0.0051890261597323,0.029723958164317128,-0.8527563176357145,-0.44280822098887923,-0.7809442696552116,-0.19732596678940245,0.2326279755114638,0.07374182329830857,-0.32791082937657257
2420,0.283697,0.2428329100572943,0.02558775534147968,0.2778743009958781,0.18552403312695442,-0.0469431867223595,-0.13314121185025404,0.03642368539076304,162.63164074436568,0.028484011467578403,0.03906755272355144,-0.029377603729849745,-0.36368372588314607,0.6671004976865549,0.13033536544868404,0.21118441670348304,0.07499533884879513,0.11509238151242022
2450,0.18704151219512194,0.2745639450212393,0.028520719705107677,0.16867573124999763,0.17922474183819198,-0.04745351722926626,-0.18425971800465832,0.04187876709495984,516.4034693158487,0.0186145566771846,0.05260854994829756,-0.4595344948322146,-0.30805664943530187,0.1643974183008779,0.09811506895008788,0.5289229936135975,0.059967305706592554,0.013968607050606555
2451,0.18980319512195123,0.2737176172909071,0.037064041027117786,0.18226015559238987,0.17829300454254365,-0.04593696212621477,-0.1845374957824361,0.03757043778387843,516.4034693158487,0.0233036862837639,0.05539475152168175,-0.44747771764408995,-0.1460226355920191,0.22693424423636546,0.10621148736358763,0.5497860482374374,0.059967305706592554,0.05823312205131232
2692,0.34769780769230774,0.08114970610905033,0.051796480306983174,0.001975212140365039,0.06336927221099638,-0.09070837485636181,-0.12247740374530244,0.034241672690464874,222.26649331548305,0.013175884085027099,0.08159781061313451,0.8009564760770481,0.13339519036157274,-0.6030198151539089,-0.7681041082830841,0.14950673870952969,0.07246208303674272,-0.03580057254201661
2910,0.3112371578947368,0.2785539419976816,0.012429209281211823,0.4251720301893844,0.22212700117795375,-0.010269190503458791,-0.08958830557550602,0.07854844370312111,279.12937199246704,0.0281094749503532,0.07355848803897073,-0.08039282904365018,-0.6132508384993972,1.3451956616104994,0.5898901799983101,-0.26585988215835527,0.07004657915456718,0.17427147851032898
3567,0.13998430769230769,0.23077063782765822,0.04461652745624471,0.30124070626381666,0.05151219953389357,0.004643556451314279,-0.04939840679616939,0.06117009231777481,151.75527292678177,0.0503623635101491,0.07931610137101962,-0.43922900445224616,-0.002780956567774463,0.7746693413967037,-0.05063781019811836,-0.45792637785367263,0.07545736098518016,-0.01674124111498795
3857,0.1812318947368421,0.5226583516399564,0.02823449358713996,0.17656093855762203,0.19372217679624892,-0.06947912905124284,-0.14147576424906816,0.0637303240178162,391.0382610147328,0.029847331736130103,0.06814443967681809,-1.440062483462687,-0.3134852602779733,0.2006975090837681,-0.015166816106800318,0.14645317401207456,0.06529275095992373,-0.22604518763194906
3858,0.18112999999999999,0.5227611695516188,0.02828109613752232,0.17231031988238849,0.19378659510358104,-0.0697583320263468,-0.14358880582830538,0.06940859338723836,391.0382610147328,0.0294571018394105,0.06775127189722144,-1.4407849503872212,-0.3126013887707255,0.1811294954888393,-0.017135181375864256,0.13553296059335188,0.06529275095992373,-0.23142771891528266
3961,0.24466726315789475,0.2193501388262211,0.04956519672600053,0.28817808134859396,0.2096023106571048,-0.038260235041914815,-0.10628154138671067,0.07029127455896254,170.08875617864535,0.0254938973250571,0.06547415295233446,-0.062326835315240456,0.09107630511517706,0.7145346547884092,0.3078839647934157,-0.11781528872712255,0.07467856467730696,0.16800522755532432
3962,0.24649407894736844,0.22897779486162156,0.05127966312689137,0.28289591991190843,0.20756516067207081,-0.037391600859339645,-0.10926997537505155,0.06036960908245332,170.08875617864535,0.0248627711471396,0.06546791414036518,-0.09385682984652124,0.12359315214281841,0.6902178635867161,0.30581522061820793,-0.05406489100035379,0.07467856467730696,0.17439718002969573
4148,0.22295726923076925,0.2923252847224628,0.03924607869516224,0.09663307542825227,0.03989666330787518,-0.05378304029656685,-0.158577577254899,0.13215196212752392,157.72321483741297,0.025793532719058,0.053230448826177584,-0.41429273884481643,-0.10463775629459723,-0.1672558717833552,-0.5744793387435404,-0.041030007355872644,0.07520384608777904,-0.20441531115573383
4232,0.10546023076923078,0.3069133204691341,0.014742954245490571,0.20960593090855362,0.03683566585494008,-0.03639972435441109,-0.069801727135341,0.07741776945190024,71.07924384702429,-0.0094053448255705,0.025557022478927563,-0.8441930351105371,-0.5693679773215199,0.3528223899475683,-0.44769182300349586,-0.39317467062047895,0.07888443442878228,-0.3037867802799468
4320,0.3390528611111111,0.32581856830113787,0.019069325790306003,0.22371505835239106,0.22045560122689947,-0.07052859334624868,-0.0875281529615895,0.13705617088245717,412.29691429952067,0.0368000398299674,0.07699133360639529,-0.17529668217589534,-0.48731331492953234,0.41777472247323877,0.09559605597964474,-0.5377351525911148,0.06438969503426561,-0.10376411270156556
4374,0.14938242307692307,0.4609620628039216,0.019583370693598483,0.15663646378693227,0.09217019513151722,-0.05346305658156568,-0.022422803904218393,0.07344888056658852,536.9558300638959,9.507252347873168e-05,0.04849095065150414,-1.3020117814210714,-0.4775638561608944,0.10897382766855591,-0.33873373094565407,-0.6924647568291189,0.05909425270031072,-0.44045100749797866
4375,0.1529626923076923,0.4692145329185419,0.019590139230575326,0.15155950968232024,0.09209119722347367,-0.053980959733418245,-0.022422803904218393,0.07784448496219291,536.9558300638959,-0.0004091353196684,0.04797304749965156,-1.3226376823610546,-0.4774354829939647,0.08560172244568046,-0.34327026058837523,-0.7118554589378626,0.05909425270031072,-0.4517504849558776
5001,0.19588580769230768,0.2930593497791584,0.022711861955526026,0.1376430842335735,0.06880679669681601,0.007672806719554146,-0.05916096084136267,0.09627389197452464,183.0999125933794,0.0006030114535253,0.03415583489537603,-0.5031550849639399,-0.4182283849387391,0.021536506725306003,0.05097635146567142,-0.5475055883932517,0.07412585789279967,-0.2203750570353589
5094,0.22596292307692306,0.29518405490928223,0.05653033614279093,0.3355779081998661,0.06569975393074834,-0.046389366417991455,-0.09201819928266142,0.05798202117308706,115.92305121915054,0.0405594173372208,0.0797374653750349,-0.4158285303455934,0.2231782657160305,0.9327429974062054,-0.39965354309377366,-0.1588860360126515,0.07697949410006222,0.04308877462837992
5119,0.3026491142857143,0.2812703362074346,0.06952487575721471,0.08684115581427512,0.261437722149879,-0.034088014836725876,-0.18221703187913807,0.10654080884312178,172.00947187937646,0.0225235291752134,0.07395531207826266,-0.11821385444270013,0.46963480555681736,-0.21233364298950247,0.5727978143580025,0.23001546325401262,0.07459697372835014,0.16941625991082998
5136,0.16216246153846156,0.30671561363140565,0.009984589725853022,0.3050566770943262,0.08690165675372914,-0.06778253004894291,-0.154608111263659,-0.07227378837078256,319.4717149470867,0.0261705713285148,0.06798581017317502,-0.6632629920375206,-0.659615888337107,0.7922364239309091,-0.4779212898269123,0.834228858439908,0.06833285856408318,-0.017667004877773253
5207,0.2692103846153846,0.18421792893138106,0.030725684954026666,0.18279469134525952,0.06384749220110936,-0.06164415127449867,-0.14295355706954863,0.07147521956417677,314.2495589249743,0.0179153570906287,0.07282647465958882,0.15189233624916826,-0.26623692193110043,0.22939501610942797,-0.5311596011145115,0.12216869717633193,0.06855469288619681,-0.03756429677074783
5449,0.2046570769230769,0.4041530655980447,-0.0005012052472662948,0.016026755510557614,0.05873935586340692,-0.08927290851374817,-0.09366525547494307,0.2958046822232799,144.85764627083176,0.0067098275109251,0.04072508944291137,-0.9060885177674137,-0.8584911715896487,-0.5383325748470488,-0.7771581385797655,-1.1970002775246837,0.07575036838038944,-0.7002200519880284
5550,0.21378754545454545,0.24911307754528025,0.013697602977770668,0.06094587668135585,0.22661971270126732,-0.07849795596329508,-0.07813632937702465,0.06574378880995779,370.2495839964762,0.0180931787035083,0.06576901243755626,-0.2758585124231601,-0.5891942785222533,-0.33154433038187353,0.058705491054865305,-0.28594707143934434,0.06617584255168338,-0.2262771431933471
5551,0.21374557575757575,0.2489686534493063,0.013701823233277241,0.041735215782755714,0.22662580564067406,-0.08064188103813982,-0.0825734433179872,0.04250486737499785,370.2495839964762,0.0160125380194703,0.063613820087087,-0.2754318126712632,-0.589114236473804,-0.4199819208488001,0.04141177952605987,-0.15376255973118214,0.06617584255168338,-0.2217838179412177
5729,0.25922688461538457,0.15097037625746046,0.05146763448775089,0.20852392934155214,0.08207851185458341,-0.10456522451953962,-0.24021381036894082,0.06220479486018863,288.24760875482485,0.0327193003139594,0.062386570545508925,0.24909963427297677,0.1271582473721392,0.3478413217806724,-0.7966038154052417,0.8133931729051457,0.06965924146061771,0.13509130039771836
5765,0.28012950000000003,0.22014055177999722,0.06200766498709384,0.15625670184654294,0.05773642165136649,-0.08816741523000758,-0.1561650672115489,0.01770054733447736,133.8030076412258,0.0276215091452218,0.06001897638079182,0.047284348471442667,0.32706217038616076,0.10722556761980745,-0.7727002773349673,0.44772800788672873,0.07621996336304145,0.03880329673203562
5774,0.5964233846153847,0.11729081538335873,0.031097490661006987,0.14691629521321967,0.060694211428334546,-0.0753771599452595,-0.09809296378929948,0.2428316573013819,109.61392722653768,0.0226460265132667,0.07216935970880899,1.4510978428283137,-0.25918519476304325,0.06422636728034374,-0.656174200650488,-0.9337100863075961,0.07724750222507913,-0.042749628231231795
5775,0.1477951935483871,0.2909068365618415,0.06544696900848196,0.6042993231299297,0.1665685800270336,-0.07929383909389859,-0.1384818279298405,-0.0753295746412073,218.2063186317973,0.0533670321473608,0.06265784029460982,-0.6476091650138741,0.39229256666976214,2.16982039774748,-0.21557608266840317,0.7398809820815146,0.07263455702924784,0.41857387597428786
5776,0.1478123870967742,0.29107003470933535,0.0653391741067264,0.5691459527821883,0.16661487049857598,0.07002428220512691,-0.15020733185214077,-0.14986165557062517,218.2063186317973,0.0513186242437676,0.06049823905097536,-0.6481873901373865,0.3902481111301705,2.007989454670852,0.9909796937001474,1.1470730526906567,0.07263455702924784,0.6601229131806147
5787,0.09683846153846153,0.25866563176816065,0.011677866280764705,0.15171480787388608,0.038672373199841924,-0.04633662429035524,-0.11772648500497161,0.2319250181166407,100.20006563840622,0.0156673806682173,0.034429731245376106,-0.6844910023184521,-0.627500931355188,0.08631664828495522,-0.5197801486340005,-0.7543174917524327,0.07764739789940066,-0.4036875879792862
5819,0.4746070384615385,0.18572159029287255,0.07606204903765777,0.16649705879396956,0.08292525124201275,-0.06882026800939775,-0.16045563374706234,0.09281236198246276,212.64256189652727,0.0417495132421089,0.09184606816107095,0.7986803878176483,0.5936198912038156,0.15436775074051698,-0.5040415590325442,0.1450696974912717,0.07287090236219992,0.21009451176381802
5844,0.5453413076923077,0.02442427902976931,0.034657482984580115,0.040972742541605045,0.05583218846020962,-0.06132065445082635,-0.15022409513359739,-0.10018614138381188,190.23751056838682,0.0006174630752206,0.08185504386607621,1.6489126677969916,-0.19166580462214808,-0.423492018528354,-0.5642974489829983,0.9280473353676059,0.07382265664764329,0.2452212312797901
5875,0.19773057692307694,0.26284463587886703,0.03836578441913282,-0.07425124178164487,0.07151496986751368,-0.08877426380589341,-0.1301900093725466,0.1769463940859915,81.7275686922733,0.0035421221600611,0.06543565584263066,-0.3801259670101701,-0.12133355989744626,-0.9539335057491137,-0.7161453144339871,-0.4284484808898537,0.07843209943272138,-0.42025912142464156
5903,0.25926790625,0.29520517876900754,0.005279553144429131,0.21558939978518257,0.25345593230096286,-0.0920064709695058,-0.2544273032501818,0.09845613308932732,267.0783240918534,0.0346191411652569,0.07305619664402985,-0.3100885420477667,-0.7488523730521892,0.38036769788236574,0.06926951492512745,0.7485128567159228,0.07055850105626292,0.03496127591328716
5914,0.17730007692307692,0.37912215810943606,0.03795360791658553,0.18516576675077412,0.08054774825983202,-0.07342004865372669,-0.1118843621515668,0.07743454409249222,235.00177903226816,0.035179814544973,0.08653827975910115,-0.8959458543137855,-0.12915096610310559,0.24031042379820677,-0.5518080347035315,-0.11186383102707184,0.07192109508809776,-0.2294228612101983
5939,0.34794657692307696,0.1107515312183307,0.10454739457170983,0.10404556578577044,0.0646868356823228,-0.043551757813103206,-0.1477573663726684,0.08450409418581974,150.52348014723913,0.042790873014152506,0.06532703817028072,0.6869559628919863,1.1338775613331311,-0.13313196578978242,-0.3812463597551494,0.09681390961814708,0.07550968686649762,0.24646313252747168
5940,0.35209130769230773,0.10809568583109821,0.10443656267857965,0.09680192841994134,0.064903505506295,-0.04459515478288133,-0.14810386671916873,0.07141515293080286,150.52348014723913,0.0417783629973911,0.06428364120050262,0.7104241879998012,1.1317755057239773,-0.16647854549526261,-0.3887095888348904,0.15687113400178537,0.07550968686649762,0.25323206337698473
6025,0.4197526538461539,0.2735406479174393,0.03398504277938483,0.1878155230966403,0.056990117855385033,-0.05460893551775059,-0.05719795552753545,0.015552513406432926,219.32892224444024,0.0146254996788066,0.06757872926801319,0.2838406263811734,-0.20441941430280997,0.2525087582433236,-0.5049082841258064,-0.20453813399057208,0.07258686944382173,-0.05082159639181161
6154,0.24408515384615384,0.2341353355341224,0.04911143782201783,0.1251777146228024,0.06510247487351083,-0.023479216885691694,-0.10872524307151141,0.10296391145421102,116.45572360904664,0.0081414797397176,0.06772527417296527,-0.12151093363188387,0.08247024035907043,-0.035848674267430124,-0.21722528548007308,-0.24560708954295993,0.07695686646924826,-0.07679414601567137
6250,0.3457668461538462,0.10682399132673784,0.06845206436948278,0.106468888138776,0.059710566251475736,-0.07633313685093036,-0.2612108340738279,0.15324791795155893,193.2246994751178,0.0398412518008718,0.06355628177457374,0.6952605196143691,0.4492876912790079,-0.1219760357072275,-0.6682850336268695,0.5521631796670514,0.07369576250213247,0.16335768062141062
6271,0.2756574230769231,0.29232803765597226,-0.0017664658359395993,0.1615826965923963,0.06280262443935139,-0.06047627552647939,-0.09097270422025322,0.21062916450094438,190.03710726146568,0.0021647206739474,0.05015920711406406,-0.24685608228490413,-0.8824883085359404,0.13174414845619628,-0.5263847885832743,-0.8392619984703411,0.07383116967014815,-0.38156930995801924
6281,0.2715545769230769,0.23563395321097488,0.07090057773209608,0.3226636870630553,0.09768557453307908,-0.07777730089457811,-0.1797746315494471,0.15041081639378853,285.5773832494397,0.05491400555898,0.08447534374139491,-0.040042092056628176,0.4957265916948241,0.8732914977350085,-0.5105690921050827,0.020156912676575267,0.0697726711747759,0.15138941485324545
6314,0.1516108846153846,0.35643364935698396,-0.026883505989621158,0.22314788079352008,0.07521977412366629,-0.013849329553054955,-0.1897631991747672,0.0362978877506335,234.53159425197381,0.0190080316043888,0.053104296730473205,-0.8895873980896137,-1.3588621540892951,0.41516368181523006,-0.09429777646139148,0.5903413348245979,0.07194106827954648,-0.21088354062015432
6315,0.15449796153846154,0.3560826874739729,-0.026779759957022257,0.21618798787359267,0.07971559820242839,-0.014633822747427822,-0.1897631991747672,0.031618737469476535,234.53159425197381,0.0181277395456428,0.052319803536100336,-0.8790531452689624,-1.356894490056923,0.3831233390599709,-0.08058260242741005,0.6109828669230487,0.07194106827954648,-0.20841382724845492
6522,0.21024792307692308,0.3966570753231583,0.0181288434289554,0.1311886240950381,0.08588775096325585,-0.1013211155758785,-0.17507412345694234,0.3012537701532917,411.6906777683614,0.0066685171181609,0.07947649288765456,-0.8592561893646172,-0.5051506554923699,-0.00817704167523295,-0.7534037815319469,-0.6766992592939214,0.06441544762943145,-0.45637857995477615
6523,0.21024792307692308,0.3966570753231583,0.018065651602634177,0.11410937667494148,0.08621920281045922,-0.10359996499653107,-0.17507412345694234,0.3012537701532917,411.6906777683614,0.0044709233362879,0.07719764346700199,-0.8592561893646172,-0.5063491618899388,-0.08680252451491406,-0.7703363259998012,-0.6766992592939214,0.06441544762943145,-0.47250466890562687
6533,0.20506323076923078,0.19816257205991092,-0.005996589602544943,0.3844136651646739,0.0761815056378933,-0.027444777249129384,-0.08606464513474259,0.12772143414017265,244.20501730817293,0.047943811963018494,0.10117730290796419,-0.10600123053376082,-0.962717520000933,1.1575617424453595,-0.1998464455506504,-0.5063417582086647,0.07153014657649817,-0.09096917754535853
6615,0.2501650384615385,0.2709824511692593,0.006843700199221219,0.25711580111714855,0.10328945066593317,-0.0965252250463047,-0.10498897970900704,0.03566876884972202,200.9425057598023,0.0421722019816065,0.08074721397369222,-0.24507992592898026,-0.7191865070527257,0.5715373246821004,-0.637039116861952,0.026275212107869067,0.07336791432637559,-0.1550208497878855
6616,0.2504679615384615,0.27190844155226324,0.006854047231670637,0.24746380506046856,0.10336705450733329,-0.09756441237864975,-0.10498897970900704,0.03566876884972202,200.9425057598023,0.04123749515301879,0.07970802664134716,-0.24770826674797625,-0.7189902635619387,0.5271037011355385,-0.6450886248421712,0.026275212107869067,0.07336791432637559,-0.1641733879303838
6769,0.15953092307692307,0.34728265595916025,0.017920295744036193,0.0025094203191637506,0.08986673224789,-0.08982189799180323,-0.15286366544060492,0.02731837500239788,284.60206195291596,0.0051328128007715,0.03434134204000362,-0.8289365623082948,-0.5091060046114679,-0.6005605512904711,-0.6427531549321299,0.38322530175696323,0.06981410228823577,-0.35471947818286087
6887,0.3661491538461539,0.2511156347065363,0.049298366511396366,0.1104415156435087,0.1340860673622492,-0.09568549027091618,-0.22822675121276612,-0.0578064182830917,550.6596078538407,0.0220129956510113,0.08246958469958986,0.20048350141691332,0.08601556011245902,-0.10368777346598416,-0.4928898715585686,1.2626575343211666,0.05851212373986677,0.1685151790943088
6888,0.3649203461538461,0.2511156347065363,0.049297097464173725,0.1099800554020509,0.13519330603032345,-0.0958239314282235,-0.22822675121276612,-0.06396013305198031,526.8907003113104,0.021929657693006,0.08233114354228253,0.19657913768031926,0.08599149115760052,-0.1058121372276592,-0.4890696268036192,1.2898039376838124,0.059521813888868895,0.17283576939655376
6904,0.15337888461538463,0.2741530560644877,0.028118358305328394,0.27674970678330396,0.07340479813955242,-0.05136177344621743,-0.08832959358863614,0.07173318176082788,264.7367516795387,0.0213415121179596,0.054273378724248214,-0.5648994039029752,-0.31568790081453707,0.6619233513646208,-0.40545837521885536,-0.24421149645834417,0.07065796976737886,-0.13294597587711873
6905,0.15400846153846154,0.2693329683821432,0.028086392200735315,0.2619700903127287,0.07271971010312542,-0.05272990812306856,-0.08832959358863614,0.06963527966292578,264.7367516795387,0.019958596302428196,0.0529052440473971,-0.5442075153053636,-0.316294175123898,0.593884376777431,-0.4195673715919298,-0.23495684317917098,0.07065796976737886,-0.14174725977592542
6969,0.24475365384615386,0.24551714774494132,0.058162578428921904,0.12537822988862413,0.061858129485615754,-0.020927555496468672,-0.15964204048684094,0.10577010605558065,191.90210330383724,0.034462987286061,0.04983155375901064,-0.1635236389750572,0.2541356368856203,-0.0349255885362983,-0.21108132510450203,0.08246802535499312,0.07375194566170178,0.00013750921440961136
6976,0.15500242307692308,0.26888945981569123,0.0015027196499922675,0.36771425321979856,0.09366761536322131,-0.07237496918987751,-0.05042793697237771,0.07545212344635431,222.53715810477573,0.0030471789401624,0.06876852844367955,-0.5393294899382307,-0.820484407907852,1.0806848581770516,-0.48484503039215504,-0.5140459754870782,0.07245058534502334,-0.20092824336720685
7049,0.16022965384615384,0.42714418381253394,0.028824436467321128,0.17743641648904585,0.11649966462613622,-0.036839809179404985,-0.12239083073190399,0.06128279478687489,522.5873609652042,0.0104020065265001,0.048368123470859364,-1.136406133710571,-0.30229630820522946,0.20472783157869764,-0.09591463175157151,0.02963907660447583,0.05970461738279481,-0.20675759135023397
7113,0.21731550000000002,0.30656458916400475,0.020312813391039703,0.014810744781882056,0.07621868552334755,-0.10350469753145207,-0.049095001683275546,0.08604577019790859,348.8370718910582,-0.007358893081740899,0.06680192720285379,-0.4874363162363403,-0.46372912799369226,-0.543930563349039,-0.8141728819589005,-0.5696912766361936,0.06708543431561043,-0.4686457886430926
7114,0.21825676923076923,0.3086504664169041,0.020297378729000764,0.009405392409891274,0.07767018418510428,-0.10811606843188418,-0.05550525809353197,0.08604577019790859,348.8370718910582,-0.0079559135186638,0.06626934098894986,-0.49253424977035576,-0.46402186429005987,-0.5688144724413278,-0.8449541477450564,-0.52682920378433,0.06708543431561043,-0.4716780839525865
7305,0.32723618518518516,0.16492395692724793,0.037683475252975544,0.17573305559083763,0.22579668389583413,-0.06286182636801266,-0.23152210315638524,0.09172812221626633,232.94833536863678,0.0122866362965343,0.0704242329391896,0.4110799688571173,-0.13427434588774942,0.19688629326160145,0.18135960973379123,0.6250374617461993,0.0720083242480829,0.22534955199317377
7340,0.26885396153846153,0.12805185110319528,0.053292585628434905,0.06768030941071126,0.0888562148235385,-0.07504101608954103,-0.11499545289400269,0.15076938691207825,255.01696974173694,0.0239576516023514,0.060460754753881435,0.36856253762553287,0.16177056584260185,-0.30054190902378264,-0.527844902067443,-0.4145697803032555,0.07107086077027777,-0.10692543785934477
7341,0.2716293076923077,0.12805185110319528,0.053273149650780206,0.04959409199176605,0.0900917846264478,-0.07725089973497143,-0.11499545289400269,0.15618178170377853,255.01696974173694,0.0219031045523169,0.05825087110845105,0.3773808099617211,0.16140193994716168,-0.38380304707807134,-0.5401875477765511,-0.4384459360386821,0.07107086077027777,-0.12543048670235732
7343,0.30643046153846154,0.18640205007927227,0.04560374433787033,0.27525895569611586,0.08907378085732855,-0.015711134999341788,-0.06872277423404945,0.20997604595991856,124.2531911509974,0.0364658813893364,0.09090372302871412,0.2616842418205245,0.01594275846463769,0.6550605768441214,-0.047545104474367106,-0.985154628034485,0.07662563432699754,-0.0038977535087618143
7346,0.2714233846153846,0.19943052683456639,0.021443565736566788,0.22351301288997885,0.0677619651061708,-0.05482860040959222,-0.1612418052403609,0.036115028350729224,204.23560070350877,0.0560373816486776,0.08767616704854833,0.09993191434780313,-0.4422830961399645,0.41684459237751603,-0.4586363078304366,0.4004401719031223,0.0732280254602828,0.014920883353053862
7349,0.2599683461538462,0.14904072029792859,0.048694436207443736,0.01819040891278437,0.06640751845114143,-0.0794299915256374,-0.10509750787935583,0.1706434569667529,73.10241168117395,-0.0033993739330328,0.06941220084433786,0.2589384081928976,0.07456132029838,-0.5283720485273923,-0.6634336607865436,-0.5684243941472537,0.0787984913694194,-0.22465531393341545
7350,0.26869608695652175,0.12072225480710612,0.023206003994151174,-0.16265192084670801,0.054293712688701166,-0.09603500887429306,-0.11038341131374661,0.2112460949222931,71.41458597326552,-0.0165622978751739,0.051390660426074264,0.396483865750086,-0.4088564071201293,-1.3608920738806223,-0.8516188299109961,-0.7121941458289804,0.0788701892792816,-0.47636790028522663
7353,0.16954773076923077,0.22847970833983414,0.0249516973543791,-0.13574320275448937,0.10754601932605166,-0.10751723275326336,-0.0892006718480196,0.1358240982227146,122.15496327133788,-0.0185234001310069,0.03679132519621377,-0.3364115400854236,-0.3757473045315887,-1.2370159509720646,-0.7068581861341787,-0.521116736362417,0.07671476589590381,-0.5167391586982948
7449,0.15130803846153845,0.18902494531992822,0.0233555403467056,0.3355323971260531,0.06674374150963232,-0.03247829019431953,-0.07063936838651706,0.12675624656241025,132.4710147387321,0.0106113842612039,0.04994198845379079,-0.24136660589953698,-0.406020276474141,0.9325334840672926,-0.2826086004506333,-0.6052248008426352,0.07627654569059614,-0.08773504231817629
7450,0.16820834615384614,0.2043721369226009,0.013111419475552737,0.31886582358431287,0.07159259156792554,-0.034029990307380686,-0.07063936838651706,0.1306021897392338,132.4710147387321,0.0091784177910204,0.04841798086874172,-0.2471821037980258,-0.6003119296245691,0.8558077736322736,-0.2735170990030815,-0.6221907358443193,0.07627654569059614,-0.13518625815785432
7490,0.509920076923077,0.04990998311242934,0.054901935818222704,0.10614340212190781,0.050874784508265034,-0.04958572972804885,-0.05706161459664037,0.03519902161049892,184.37805938955375,0.0074374515095833,0.08592347680245015,1.4375373740241884,0.19229376181077257,-0.12347443283236739,-0.49160231244864505,-0.29211808164106856,0.0740715629182929,0.13278464530519546
7491,0.5344529615384614,0.05259591631462289,0.05482633524639767,0.09191299392119837,0.05689739707790912,-0.0518712488926735,-0.05706161459664037,0.03134801027315275,184.37805938955375,0.0053984948993299,0.08363795763782551,1.5050715657069262,0.19085990913920112,-0.18898508961165825,-0.48320393453614996,-0.2751297890334471,0.0740715629182929,0.13711403743052747
7639,0.238348,0.3615448395258773,0.022149664743084635,0.12919622682845114,0.2022730150525252,0.05848128698679519,-0.09695751741296986,0.014559222483454029,208.64135527867586,-0.009249383909816,0.060435235119001736,-0.6338127479492934,-0.42889110819002263,-0.01734917866936837,1.0567725031453707,0.06569530356154576,0.07304087142362765,0.01924260722030994
7731,0.34159903846153844,0.18678079638265688,0.04460227995895235,0.21112335131012214,0.06894887781397847,-0.07098578167674052,-0.06788974250838013,-0.001854566715247829,239.20021879217592,0.0179791639420916,0.05396440191978914,0.37195873712331673,-0.003051176905566879,0.3598079384796261,-0.5838769667456436,-0.0562583507640696,0.07174274767102894,0.026720488143115284
7895,0.12689365384615384,0.2983260545559671,0.01982428580773437,-0.06434851926472009,0.07316536589605621,-0.05442916823806851,-0.07943903787017867,0.26839554769219914,169.5218120949593,0.0027070779812084006,0.024965514646658638,-0.7427913601836127,-0.4729946211447209,-0.9083456458060325,-0.43130798786471236,-1.1712114073584794,0.0747026481508662,-0.6086580623677819
8185,0.44903458333333335,0.45099031390142963,0.05266474901755275,0.05539052042531788,0.23118172311081917,-0.06482160873021835,-0.06182443305589192,-0.026799656992406364,379.81840166584897,-0.0074382039301495,0.06079149017537404,-0.31124037781699754,0.14986291514510197,-0.35711879260691676,0.18954580608906335,0.013228448809576632,0.06576936442806429,-0.04165877265868468
8208,0.15919361538461538,0.23926505916724314,0.025608508367210635,0.18847300251368707,0.075765644099056,-0.08243061735601366,-0.02767409678905466,0.17950165380819122,132.53423870353828,0.0191571416184537,0.04902915443913171,-0.41113407881269504,-0.3632901206408949,0.2555355096774428,-0.6459349731382888,-1.125191658734993,0.0762738599712659,-0.3689569102796939
8467,0.16156096153846156,0.24035758542353985,0.024772678271991196,0.12869759371464864,0.07867540230629964,-0.09261576845831677,-0.04405576669181035,0.16839543605512636,134.9558146598481,0.0161639076453774,0.04453525221101422,-0.4078488038052177,-0.379142609399629,-0.019644670289592988,-0.7152427061221737,-0.9666620960400573,0.07617099275350372,-0.4020616488171945
8528,0.265128,0.5550039935079952,0.02713732519307318,-0.020158742558128384,0.23988733683484778,0.025669023982004022,-0.1459004421085834,-0.0874800515062279,364.9126082716329,-0.0106957681568864,0.07772022121940894,-1.2989254067511378,-0.3342943334770135,-0.7049149884314461,0.9594550472167044,0.8430858504796226,0.06640255435176065,-0.07819854610191825
8555,0.2758627083333333,0.4132223325433293,0.05223564719562271,-0.09178966039134209,0.22455331142945556,-0.11319957428800181,-0.12956473324107673,0.2239851162743259,213.2784012433562,0.0033973546185805,0.07220655403193345,-0.7150117368802583,0.141724500594819,-1.034672814543792,-0.23086774889610617,-0.6401352801094533,0.07284389225566926,-0.4010198645965202
8734,0.3126193461538461,0.20388237088824657,0.02363756706292267,0.12769261513502156,0.22005635244564437,-0.052991769312733396,-0.12545048749686727,0.09039924188693084,217.55323536003598,0.0151252455904933,0.07104335246696723,0.21356278313853716,-0.4006713121642115,-0.024271157869703797,0.2354962144321896,-0.07834642945576803,0.07266229964824686,0.003072066288215052
8988,0.25205227999999996,0.3159761437114515,0.0048411991949087775,0.24851059292734298,0.24226126643528076,0.09565456998915926,-0.1418130165014901,-0.022267414973690187,412.12622308141744,0.0428614500549803,0.10677678270759358,-0.41356151935717156,-0.7571662649506302,0.5319226606270953,1.5354607736422201,0.5280773181668951,0.06439694590354228,0.24818831900532515
8989,0.25290644,0.31118459632602274,0.0048406929246024655,0.24024857767590793,0.23941667502391564,-0.06234626561984741,-0.1418130165014901,-0.022267414973690187,412.12622308141744,0.0418353149511181,0.10569385310855826,-0.39226672411030117,-0.7571758669551352,0.4938879087206079,0.24627535244496063,0.5280773181668951,0.06439694590354228,0.030532489028428266
9049,0.23377015384615385,0.2514372178151224,0.05514671114186096,0.2902172574503863,0.22697707858572191,0.06348055107845732,-0.12733048661271332,0.15301297298632452,148.44188188563513,0.0329709264115956,0.07898902088565508,-0.22137921123977294,0.19693621018465204,0.7239221413476766,1.2073516390127306,-0.3419891038855163,0.07559811201835455,0.27340663123968745
9062,0.30861716,0.4290011320709272,0.05364611211176657,0.17275197770366435,0.2443828806899636,0.012817798452169932,-0.047202029374536957,0.0040043290043289366,257.3446456229665,0.0256743948552309,0.08870393589611938,-0.6721266241324242,0.168475606298771,0.18316269745574074,0.8756811780845123,-0.22043224360161862,0.0709719823761765,0.0676220994135263
9063,0.30826475999999997,0.42780020556599907,0.05352022325985534,0.154878666562587,0.2443330558472885,0.11719505524957276,-0.04981036598087954,-0.07566808191808197,257.3446456229665,0.023616281665645503,0.08653692710038507,-0.6685893328401615,0.16608797797432207,0.10088168800344552,1.7187285299574557,0.1484740126513573,0.0709719823761765,0.2560924763537659
9242,0.20774295833333334,0.23951562824781164,0.058159530755036055,0.17451309625811373,0.2148272143151026,0.06204561943378241,-0.07374804643871244,-0.027084974669969352,193.19981259592168,0.0278539936319685,0.07386952960091701,-0.25784703019525096,0.25407783420982283,0.1912701270909934,1.1415655903711626,0.09421413738912043,0.07369681968310382,0.24949624642482535
9243,0.20773158333333333,0.23925618878462393,0.04714491304221238,0.16056501257138645,0.21483946201783846,-0.1119315934747524,-0.0763995615902276,-0.02404778509343246,193.19981259592168,0.0267336053243368,0.0727540118742057,-0.2568771096754548,0.04517281335334211,0.12705917050828183,-0.2639512382173761,0.09854523762222422,0.07369681968310382,-0.029392384454313154
9707,0.38657343478260875,0.4101935998589749,0.02092114615702145,0.3174408661525249,0.21657650866118286,-0.055904218404256495,-0.09002761721753828,-0.06707759574116308,225.00003343963408,0.0380681713736838,0.1045564990684587,-0.35149904330250803,-0.45219139037279044,0.8492478847013077,0.19644491097984057,0.3794900544850109,0.07234596375232383,0.11563973004053076
9708,0.3861689130434783,0.4101935998589749,0.020919418727169767,0.3088489562431199,0.21704155985628884,0.09412048479525463,-0.09002761721753828,-0.034788607507472126,225.00003343963408,0.0370220395263921,0.10344901947076784,-0.3527843542741205,-0.45222415308672226,0.8096944401890444,1.410577038299157,0.23705090485217767,0.07234596375232383,0.28744330662197665
9808,0.25241025,0.1435335952130814,0.02968686557173625,-0.010652298321016973,0.2276220035447421,0.021819098109574102,-0.10075981767662144,-0.007731341440480284,174.13470825482773,0.0197974039453076,0.068603767381107,0.25627933284624665,-0.2859393383364232,-0.6611514226345193,0.8736430904867263,0.1894515743340911,0.0745066948533638,0.07446498859158089
9855,0.24732300000000002,0.3542187636804565,0.04799251551367421,0.024702455210128912,0.23676738381258444,0.10272608446595512,-0.12462084158433863,0.05995445391001583,309.3865139236895,0.048877750818615805,0.08324804760491479,-0.5768866461630614,0.06124857890375123,-0.49839339830884677,1.5680870575215566,0.050409829732870295,0.06876127236921115,0.11220444900924685
9856,0.24732300000000002,0.3542187636804565,0.04788054689972749,0.014905187012930301,0.23676738381258444,0.10163599671469248,-0.12462084158433863,0.05995445391001583,309.3865139236895,0.04778415235509,0.08215295758196563,-0.5768866461630614,0.05912496406375751,-0.5434957920834218,1.5592801787100643,0.050409829732870295,0.06876127236921115,0.1028656344382367
9913,0.30194121739130436,0.1262217777597318,0.0773220156582381,0.05003576322896153,0.2172655966055266,0.024296470478264665,-0.1500090832271097,0.060898218242986836,445.0353835267886,0.0349548722132678,0.076412946664713,0.48078936208009027,0.6175166218951004,-0.38176978335006706,0.8474642835243964,0.2160045775741441,0.06299898282702454,0.3071673407584481
9993,0.2537365652173913,0.13819250905788868,0.008877645519615535,0.03566376280045923,0.22968983190826464,0.06060674800291343,-0.12744593908782484,0.21597097265369558,94.38127023166473,0.0080292007379845,0.06986786139646144,0.28120535466427593,-0.6806103711707487,-0.44793226962762134,1.1962339692792767,-0.6189490911788145,0.07789457713516204,-0.032026305149744985
10115,0.30256054545454547,0.26742052303474256,0.055857488075163865,0.14091142356492836,0.2664033823979707,-0.08675593239693609,-0.09851938030955491,0.007934484187248078,167.58924211518433,0.0135594787440172,0.09208032754907833,-0.06478800306215358,0.21041692045052682,0.036582530223350944,0.16943960691373938,0.10536294319620321,0.07478474266309167,0.08863312339745975
10237,0.5432797391304348,0.03969239657048103,-0.016925453642153122,-0.1880945250739324,0.24365302575812364,-0.12368079507831324,-0.19770517430640477,0.1327965892935916,381.7306860925638,-0.0017386282076819,0.06478430660502847,1.5831551091718343,-1.1699961228228828,-1.4780188414049673,-0.23035389480911206,0.2177523210004019,0.06568813163500094,-0.1686288828716208
10238,0.5432375652173913,0.03973998588111039,-0.01687158674426716,-0.19908550430281446,0.2434963339028206,-0.12498843217374991,-0.19520204539526584,0.1877737463332705,381.7306860925638,-0.0030135817238213995,0.06349874068765425,1.5828365640782107,-1.1689744745260706,-1.5286165655022783,-0.24161727381403975,-0.04151019987341953,0.06568813163500094,-0.22203230300043278
10335,0.3540271818181818,0.17244041440571936,0.01909296833465614,-0.22582098077202306,0.24824515446962778,-0.07608942823645748,-0.11353342771258071,0.18740366560076244,181.18626083772125,-0.0122359057976574,0.05720048582471724,0.46705702632289225,-0.4868649066098486,-1.6516951587585007,0.17462206573382072,-0.5859534849501568,0.07420714876924621,-0.33477121824875783
10389,0.1573215,0.38603144023981817,0.016916003042325246,-0.04248913307867321,0.16886564153532438,,-0.0802136634016478,0.029464126922175257,167.98549759880854,0.0044240242318653,0.03351103308923067,-0.9862180187114925,-0.5281535824091682,-0.8077144674418943,0.035407148207925225,-0.11201346558851485,0.07476790994759612,-0.3873207459992582
10390,0.15737331818181818,0.3889561353194778,0.01677206715564971,-0.06895210011908565,0.17125127458265788,-0.0808579695638024,-0.03823502974181259,0.01954677155027442,167.98549759880854,0.0024544969517176,0.03137125042244129,-0.9973948536250041,-0.5308834937135744,-0.9295385449170378,-0.20732612542698853,-0.34895363118884404,0.07476790994759612,-0.4898881231539755
10415,0.28569609523809525,0.4945651240942265,-0.01909290882127253,-0.27660611840859733,0.2746237777247201,-0.14812004008621,-0.13764573644054479,-0.13722453114480979,318.77499807612344,-0.0077034964919926,0.07841305979034185,-0.9992013159213932,-1.211104428277031,-1.8854880109574137,-0.2896582039675125,1.0073329362146763,0.06836245471443196,-0.5516260946990403
10416,0.28569609523809525,0.4945651240942265,-0.019212763192336307,-0.2879217243736732,0.2746237777247201,-0.149387979951427,-0.13764573644054479,-0.13722453114480979,318.77499807612344,-0.0089446704456374,0.07713883134727807,-0.9992013159213932,-1.2133776056618137,-1.9375801764225495,-0.29990195977551193,1.0073329362146763,0.06836245471443196,-0.5623942778086933
10912,0.49185290476190474,0.079860741096512,0.059054292238537406,-0.10668698845495486,0.276457775790026,-0.10603123788997708,-0.16932014526363703,-0.006288508358014326,195.43786357226782,0.014624476419515801,0.06781371585864625,1.263987427810839,0.2710480252092622,-1.103253682494943,0.058559890798299596,0.6415141724085762,0.07360174850577951,0.2009095970396356
10913,0.4918328571428572,0.07985957156939165,0.058953625333384614,-0.11766390929646842,0.2765715106799348,0.03619834526185878,-0.1728915738350656,-0.029917242862839484,195.43786357226782,0.013362716914863702,0.06652630045644113,1.2639282645501408,0.26913876040599827,-1.153786687845133,1.2081478067063056,0.7696299087179763,0.07360174850577951,0.4051099668401779
11120,0.38419034782608696,0.09370102726790835,0.02587004708741022,-0.19967454216020752,0.22555973226738174,0.017389903240269403,-0.14246471839219071,0.1317628054752307,223.55709946884122,0.0075562812412971,0.06650812803495082,0.8682344625678273,-0.3583297349768095,-1.5313282415386524,0.8286608436270341,-0.14705165038880075,0.07240725879557995,-0.04456784365230356
11300,0.23104695454545457,0.23193630648793748,0.05682071047326864,0.03349246585644259,0.21526837187319833,-0.08806365797221313,-0.11863002218356802,0.11443924473171853,162.8954395464259,0.0342600355394938,0.06258517870197462,-0.15441051141383283,0.2286855522280271,-0.45792798351433234,-0.06920777035786224,-0.23000105876634108,0.07498413282044561,-0.10131293983398264
11301,0.23771840909090908,0.2612759531072006,0.056728748075793055,0.023010650370165493,0.21511378014654264,0.10509583589094376,-0.1232956867077231,0.13976989439886792,162.8954395464259,0.0332321331250756,0.06152964123955404,-0.24698716023018483,0.2269413785250866,-0.5061817375219736,1.4906488494371433,-0.3105474116754537,0.07498413282044561,0.12147634189251057
11369,0.23315009523809524,0.2767827683483602,0.014692808066375561,-0.04177436566168286,0.23451325428845654,,-0.133820483545173,-0.060318136288295444,437.65284835961177,0.004021816087455,0.10644983765456315,-0.3216351795866045,-0.5703190578643969,-0.8044239867844848,0.621035318259645,0.6424917504739517,0.06331258886969278,-0.0615897611053661
11370,0.23629333333333333,0.274846090229511,0.014627771668803906,-0.05477618382074739,0.2333106309441005,0.0880283728848812,-0.133820483545173,-0.050838726808885966,437.65284835961177,0.0025295039210241,0.10480933042606005,-0.30413786745787946,-0.5715525486986106,-0.8642787453347536,1.433924965690433,0.6006744282495396,0.06331258886969278,0.059657136886403624
11399,0.24506871428571428,0.12085888401884133,0.03318935491481628,-0.24622337049433252,0.21101174912769122,0.03639769439548398,-0.18351901618257985,0.18411499804772738,105.02952336638214,0.0074716375470087,0.056621433998345114,0.3208813845503546,-0.2195105590231044,-1.7456189543182734,0.9173361250708538,-0.10348843403877217,0.07744224518532516,-0.12549303209560275
11400,0.24682904761904764,0.12090992880261364,0.033010729149189566,-0.2589927084172019,0.20875039161815906,-0.14048164170063576,-0.18351901618257985,0.15014200316101822,105.02952336638214,0.0062278225836241005,0.05530079597943835,0.32627665314566534,-0.22289840418184373,-1.8044034742115378,-0.5217682865790565,0.046379516827964706,0.07744224518532516,-0.3498286249689138
11412,0.29020490476190475,0.27008807969672183,0.05579604459780539,0.13153257360836454,0.27322442490851967,-0.09346074414581182,-0.09702260128991866,0.0031460865884233667,167.58924211518433,0.012556927245114001,0.0910184574177061,-0.11439065480056754,0.20925157352213342,-0.006593646582194816,0.145695587824843,0.11647821922786314,0.07478474266309167,0.07087097030919481
11452,0.27891195454545453,0.5824473130423021,0.02767298590962594,-0.35559931374496245,0.24176760363473887,-0.15088690043280165,-0.10760471591281599,0.05456749738258793,366.6960784610382,-0.0167955363808253,0.062304651180750674,-1.3615494461877529,-0.3241349056983107,-2.2491385847562806,-0.4585632358692641,-0.039604273739791335,0.06632679351681023,-0.7277772754557649
11488,0.19728385714285712,0.22603976912848736,0.013677530408749396,0.04937845403691315,0.2159513052958392,0.12799394258212296,-0.05640077674350756,0.06398984738836243,125.37792945393782,0.0081549304012393,0.06902121593327927,-0.2388222193071557,-0.5895749781125033,-0.3847957511417715,1.6793796014428795,-0.42354417214598017,0.07657785606109901,0.019870056132761327
11822,0.26169169999999997,0.2488094092751786,0.05856790310775631,-0.08678516245702675,0.21662631792949796,0.11774043012013852,-0.10203747003640247,0.12150064720430849,188.6767859760998,0.0432748501721663,0.06261068176968532,-0.12247221923606787,0.26182309029464473,-1.0116342662531492,1.5995517320596404,-0.3720974457175713,0.0738889553718618,0.0715099744198931
11823,0.27010755,0.25624098765524506,0.05845645742023122,-0.09824843777419355,0.21552869770546168,-0.0967544326662682,-0.10203747003640247,0.05902367408693965,188.6767859760998,0.042213429124301,0.06155819140530946,-0.12455046062547281,0.25970939336173277,-1.0644062376736172,-0.13825986116700464,-0.09648748054728354,0.0738889553718618,-0.18168428187996397
11891,0.2742615789473684,0.31528504500241095,0.0658297732444025,0.14492283171242573,0.2911207633679596,-0.08185814005609864,-0.07442635259390144,-0.00473964441355745,177.84403111353663,0.0409794292398733,0.10634123311651962,-0.3403146278396886,0.3995528937164128,0.05504932180416096,0.31925834792140567,0.00017577153797970757,0.07434912485385055,0.08467847199902018
11892,0.2742012105263158,0.3147495456307358,0.0657665599333275,0.13750052727676346,0.2916763646528493,-0.08298956065683764,-0.07442635259390144,-0.038241951285429544,177.84403111353663,0.0399750342420911,0.10526805245697797,-0.3384298627299676,0.3983539798355291,0.020880236031074136,0.31259573826071746,0.14796733648359317,0.07434912485385055,0.10261942545579948
12301,0.2729700526315789,0.3212035913347698,0.07000906191996883,-0.05659878517777263,0.21898128836714584,-0.08165648704242938,-0.11470355939861084,0.10319213695623708,184.47845970776814,0.0449895143768716,0.06753687457639038,-0.36736940710319804,0.4788179586235651,-0.8726692152539226,-0.0008828215968109399,-0.20663996736632984,0.07406729796787075,-0.14911269245480427
12456,0.2602115263157895,0.1312636080012322,0.10179780437789146,-0.30940222061697337,0.23424717314744659,0.11463332103913164,-0.14331654570860602,0.1846605627146973,229.629687492978,0.011175845839296,0.06396032431569079,0.3286477566021794,1.0817283890456846,-2.036467109038687,1.6530451483340458,-0.3747082797314648,0.07214929858870263,0.12073253396674342
12457,0.2603597368421053,0.1315350094769362,0.10150086360525726,-0.3284580934529304,0.23425976536021956,0.08320246460777778,-0.14331654570860602,0.18947395537638714,229.629687492978,0.0091530316035533,0.061906132437926954,0.3280662250451869,1.0760965623298042,-2.1241921220797013,1.3991696992062903,-0.39594200661748213,0.07214929858870263,0.05922460941213343
13107,0.5664045555555556,0.006189907728968058,0.005359846386407862,0.09724304743886013,0.22821934987463144,-0.0849849294481636,-0.0683685737762835,0.10002342343738527,208.47374968918226,0.0492602217459781,0.1019018193658849,1.786548029303063,-0.7473295184395707,-0.16444782394183835,0.013431884806697325,-0.5024796635124911,0.07304799121709425,0.07646181657215906
13108,0.5664045555555556,0.006189907728968058,0.00536982560753523,0.08259989051529226,0.22821934987463144,-0.08668031752119709,-0.0683685737762835,0.10002342343738527,208.47374968918226,0.0476892116285283,0.10028432559063111,1.786548029303063,-0.7471402509178012,-0.23185859767757183,-0.0002652485482645961,-0.5024796635124911,0.07304799121709425,0.06297537664400477
13238,0.20196411111111112,0.45298332673514724,-0.006415957474673856,0.01400922456520659,0.2225227806211033,-0.1453080083175701,-0.14736513392978737,0.28632334052502123,448.8465078234744,0.014153824523841799,0.08019429608871716,-1.1040006496800667,-0.9706713188850861,-0.5476204164492243,-0.49933051417827734,-0.7961110875545762,0.06283708835829051,-0.6424828163981567
13239,0.2021423333333333,0.45356949541322067,-0.022710810458322298,-0.00630565715185818,0.22265855352370562,-0.14747975645678466,-0.13363452450453356,0.1766038206420492,448.8465078234744,0.0121435755780717,0.07811312650946993,-1.1057074380230607,-1.2797221358225817,-0.6411413629258105,-0.5162705863052001,-0.40390556450028725,0.06283708835829051,-0.6473183332031083
13312,0.44229244999999995,0.13253895997525125,0.0060406585551070775,-0.42260620412740274,0.275456366474506,-0.10159620345509908,-0.18638020649708278,0.13298470691518818,140.690848099793,-0.0085691263078614,0.06592244708774102,0.9022386982861652,-0.7344171247451559,-2.557609384453563,0.08992409950208052,0.1411982529321415,0.07592737168012671,-0.34712301446636745
13369,0.37458094117647056,0.09275318554064861,0.002732318442272846,-0.001744162727944032,0.25304378284930135,-0.1559126407903119,-0.16312058501191998,-0.03147189019238474,257.86636599799243,0.045971767788349,0.1022091169463618,0.8413774957064556,-0.7971636383592712,-0.6201422115739335,-0.44887028897358383,0.7111545019831658,0.0709498199809442,-0.040449053539370484
13370,0.37458094117647056,0.09275318554064861,0.002710990498511663,-0.01032499003153017,0.25304378284930135,-0.15701395047921296,-0.16312058501191998,-0.03147189019238474,257.86636599799243,0.0449609987681617,0.10114772761804254,0.8413774957064556,-0.797568147589861,-0.65964463655283,-0.4577678304355802,0.7111545019831658,0.0709498199809442,-0.04858313281795098
13840,0.7133379999999999,0.0032259082175197414,0.022499304796049186,0.021078815062921304,0.3000343929563127,-0.04261831743845971,-0.11149764927338454,0.14666578172488234,64.74647926026117,0.0330038358324086,0.10902674273881559,2.2649022938500085,-0.42225977840072065,-0.5150750733969544,0.6760373118252299,-0.4198552047664986,0.07915344679326572,0.2771504993173884
13841,0.7036568333333333,0.0032259082175197414,0.022493745620488836,0.01674211878471409,0.3030451343060565,,-0.11149764927338454,0.15601739811140078,64.74647926026117,0.0324965638259257,0.1084879547667013,2.2341417474293817,-0.42236521462344384,-0.5350393511204491,1.232393413425051,-0.461108782492365,0.07915344679326572,0.3545292099019067
13949,0.3794268421052632,0.19305285154920412,0.019515122232790033,-0.21152852408137965,0.23460649279998266,-0.06473960238758314,-0.09810673711482426,0.13920527795084578,207.5608047089679,0.013987886752066503,0.07153739331838473,0.46782928236571364,-0.4788582675059212,-1.5858988575148765,0.20548415506890563,-0.47648216373047814,0.07308677261886688,-0.2991398464496316
14282,0.3203831052631579,0.10860573834588015,0.05793461750341332,-0.24778030807983956,0.21629299708319139,0.024738566311029147,-0.08628857834689713,0.11338967405143875,488.70750925659337,0.0382923098518813,0.06509598363663564,0.607697932671717,0.24981209310594013,-1.7527864229075332,0.8466978249345953,-0.44162152490502027,0.06114381489149931,-0.0715093803681336
14319,0.7866092222222222,0.02127149910156559,0.033783359167444585,0.11362182944264237,0.27662067337171203,-0.07973846959676271,-0.11759865373153962,-0.004146206298700231,349.2449900009764,0.0724710293173273,0.09913679521218455,2.427733511559003,-0.20824457830371162,-0.08904698152193423,0.27170719693821943,0.2862287610809236,0.06706810617814989,0.45924100265510837
14320,0.8043734444444444,0.02127149910156559,0.03366058220919517,0.10708340419097823,0.28125248140449655,-0.08659809490995217,-0.11759865373153962,-0.07193573144191984,349.2449900009764,0.0714133033259355,0.09809953718422189,2.484176830955047,-0.21057318594970628,-0.1191470690596525,0.236947586667194,0.5852744371339945,0.06706810617814989,0.5072911176541711
14497,0.5200588947368421,0.47692587816769016,0.06034838064855906,-0.38443391784851816,0.24996343807422727,-0.0764034221371716,-0.03694891260628297,-0.04787733247137806,401.7386797302064,0.0068940361256138,0.057222610111633765,-0.18614440476874938,0.29559191527736334,-2.381880655549485,0.17974951016373403,-0.06011956912339822,0.06483820304484268,-0.34799416682594875
14549,0.35546726315789473,0.17517172839386336,0.02610891277456357,-0.19180412052457113,0.2540232852967351,0.07539571008201001,-0.10241438431685403,0.20482633308720263,193.45281577875045,0.0196562333993891,0.06963011351871988,0.4610411021085403,-0.3537993697242259,-1.4950962176073377,1.4242515463351415,-0.7371588729501872,0.07368607224673507,-0.10451262326522232
14611,0.28540194444444444,0.13270832658601428,0.01606607567256869,0.02927480968147217,0.2626963741914359,0.07244477887260167,-0.29446706940629286,0.17632996139079893,186.03454752830353,0.0644539309409654,0.08877575303575196,0.40308439195531054,-0.5442734423566243,-0.4773442519863617,1.4390961871196688,0.6727066700374289,0.07400119621117175,0.26121179183009896
14612,0.28540194444444444,0.13270832658601428,0.016001901599230806,0.014592813644496732,0.2626963741914359,-0.1627844158998312,-0.29446706940629286,0.17632996139079893,186.03454752830353,0.0628694616125782,0.08715628493635802,0.40308439195531054,-0.5454905782099629,-0.5449338242352628,-0.4613333965410236,0.6727066700374289,0.07400119621117175,-0.06699425679705635
14833,0.3496396666666667,0.16519969962394296,0.06294935349046592,-0.06660339060889996,0.21073402160572638,,-0.10329947029425729,0.10871491420015575,184.59454747233073,0.0431729316478792,0.052269292694165866,0.48119459830870004,0.3449223868336384,-0.9187261001560815,0.4089059210553744,-0.3072563146538953,0.07406236662333633,0.01385047633517873
14975,0.401421705882353,0.08902742774988245,0.06533586419953438,0.22824996786094823,0.25085242796991225,-0.011541118288596433,-0.1736478819114472,-0.13497034496388755,166.74587340432467,0.0479077632249828,0.09617199458744462,0.9411081207009429,0.39018533489507906,0.43865148835023027,0.7077408686742445,1.2381166005097315,0.07482056850312273,0.6317704969388918
14989,0.5781475555555555,0.05097166225429058,0.07093051909452103,-0.08778109615948355,0.2785647285382229,,-0.11966199499390184,-0.1736809758868582,188.02328585009565,0.030500533349322696,0.0899606500540582,1.6502035834796414,0.49629446441677716,-1.0162191151230027,1.0140090026186435,1.047908351828856,0.07391671569860031,0.5443521671532526
15389,0.2746993529411764,0.09913383329093428,0.007912214358605967,0.3562777348140082,0.2911833549942964,-0.09104441084738438,-0.1589098981729758,-0.09641920579420579,215.96947261017743,0.0602256995246679,0.12647062196978834,0.499274699014069,-0.6989208947027087,1.0280360640269006,0.24532114486437595,0.9695074107632276,0.07272957702075662,0.3526580001644369
15491,0.27499011764705883,0.1086326506494062,0.016824215895193936,-0.13830035171763735,0.2490493634620103,,-0.16439810688416606,0.12338451960663208,746.265585141719,0.014906590746613501,0.08939881538854336,0.46336373296133293,-0.5298944322857372,-1.2487879610012609,0.7507088076368217,0.03656542924060366,0.050202889165239836,-0.07964025571383333
15576,0.27041899999999996,0.18346403801780894,-0.04103381410960852,-0.08425843087950119,0.2799176062524161,-0.18489726158615283,-0.22300742164714854,0.0625135236280747,328.42501617589784,0.0211127498701492,0.10033117409159142,0.15865600503749747,-1.627239186320746,-1.000002284737649,-0.5631708460427043,0.6969810195747547,0.0679525272410889,-0.3778037942079597
15585,0.6060522352941176,0.04411097298347059,0.06889116496853412,-0.02289924929851918,0.2720399981631062,,-0.12081773367637419,-0.16254465997564083,194.3330351263193,0.0249578528084393,0.10066481437818142,1.7654713905726827,0.45761574425320384,-0.7175310985204121,0.9558032926253559,1.0065096053470721,0.07364868101187873,0.5902529358816302
15967,0.530123375,0.10038376539373609,0.062107572863877136,0.0396480695510959,0.2722546185843564,0.02474933781378163,-0.18615984405458086,-0.11969696969696972,318.20860387107933,0.0565348921788293,0.10004920606031137,1.3060016016248326,0.32895703933461656,-0.4295902411795999,1.096395615883814,1.2544008928178794,0.06838651482944826,0.6040919038851651
16262,0.414453,0.10490662142789825,0.0008605155421795435,-0.244713787251008,0.28561632454753744,0.0522079687310264,-0.07193942488061247,-0.021291686596158793,95.83092950623451,-0.0107972839898921,0.0889552178484397,0.9209363605978313,-0.8326645548756892,-1.73866948467985,1.3778338491630504,0.05656439688371406,0.07783299640469205,-0.02302773941770857
16263,0.2733754375,0.0904530344325832,0.09575880151344508,-0.3869637311940631,0.24195161033101814,-0.12395305863419942,-0.349435145669113,-0.009189262749634275,231.60802475099766,0.0294196069798011,0.07650619350075533,0.52873083445154,0.9671916840740052,-2.3935268241946965,-0.24014250674541593,1.8586464700149923,0.07206525990761255,0.13216081958467296
16370,0.34717033333333336,0.291205714513111,0.08798640023861565,-0.505061869784426,0.3322572273646083,,-0.1717758432044146,-0.11789191200955905,286.1088052192712,0.0681315774726532,0.11787164357346834,-0.015281678867741538,0.8197790645209172,-2.9371996770282984,1.492988184259943,1.150259706494127,0.06975009666112011,0.09671594934001121
16371,0.35035346666666667,0.2911760094245075,0.08790289148372062,-0.5177939563598425,0.3334029247243007,-0.19361182154434672,-0.1717758432044146,-0.11886544827721297,286.1088052192712,0.0667092488602562,0.11625592034543275,-0.005052528701090547,0.8181952239703065,-2.9958127077974894,-0.3950107693296553,1.1545543495191029,0.06975009666112011,-0.22556272261295093
16461,0.2015994375,0.21925077408820853,0.08963584050906301,0.15919913786139703,0.23656971929880882,0.09422735103330672,-0.21332041269458335,0.1465444497557237,279.3600292114885,0.0877495305333372,0.09506412343020429,-0.19878347838514657,0.8510626154423582,0.120771272925332,1.4985436621469066,0.2615162510125259,0.0700367809624784,0.43385785068407573
16500,0.8591993333333333,0.00046754924523608577,0.03208777459440113,0.2481705270601929,0.282628364063236,,-0.10640444772751345,0.11511378128548634,211.62189625152186,0.0801711827599117,0.12695359867492118,2.739052636298061,-0.24040330953077693,0.5303571441646715,1.0502598171794066,-0.31472279924592506,0.07291425967870017,0.6395762914240228
16501,0.8593008666666666,0.00046744246461697146,0.031774490224046235,0.23880529898461403,0.2830946925784873,-0.08395153406432097,-0.09952877694105765,0.1519310921755932,211.62189625152186,0.0791686359875081,0.12578574164437586,2.7393756582719204,-0.24634511156416058,0.48724367661927537,0.2665462810262098,-0.5231121806327053,0.07291425967870017,0.46610376389987346
16579,0.2968689375,0.25492945042772447,0.09655471993551816,0.07091159072331134,0.24904620415217196,0.07269192756761714,-0.15166666666666662,0.22568542568542563,662.4340027545156,0.1050024973879302,0.12320261783430467,-0.03443399038322402,0.982287201585217,-0.2856664846479361,1.3802078061157366,-0.49985178889928167,0.05376400878170364,0.26605112542536924
16721,0.8209545,0.0,0.2761683682416913,0.4116130297276091,0.4364790314654713,,,-0.0848151848151848,163.13237140644299,,0.25059717256605557,2.619348131614445,4.388868702986287,1.2827758762471166,2.422728381281275,1.4994179298485533,0.0749740680850506,2.048018848343788
16772,0.1810782857142857,0.33794940479302765,0.1309132454988079,-0.521080769030701,0.23386824867502518,-0.16223462387172535,0.021822319837025716,0.07723961253720134,244.61602667052782,-0.0082806088335663,0.08524493487298282,-0.7242800540043021,1.6339365539763064,-3.010943774576565,-0.585476336224926,-1.0050314178321746,0.07151268712433047,-0.6033803902562218
16773,0.1810782857142857,0.33794940479302765,0.130643634389054,-0.5398640244060394,0.23386824867502518,,0.021822319837025716,0.07723961253720134,244.61602667052782,-0.009706816014472501,0.0837060476234285,-0.7242800540043021,1.6288230660664442,-3.0974137745046213,0.6152813625371824,-1.0050314178321746,0.07151268712433047,-0.4185180217688567
16780,0.2742619333333333,0.06637078207065222,0.0731701252047589,0.03520266903790847,0.24899366441617485,0.08315658474258017,-0.22221637587729898,0.23379705949365395,80.653945335961,0.0502213518879331,0.10919154575118979,0.6249345099478728,0.5387711960989706,-0.4500549462785995,1.4645179983481358,-0.0639058693793656,0.07847770636373692,0.36545676585012515
17102,0.3480128461538462,0.026580077274654473,-0.0017966333954639996,0.3445081926726029,0.34548589190067797,,-0.17995473729169384,-0.08977359995438106,200.1029223846962,0.0514558376894871,0.14942094471988013,1.0135693890874584,-0.8830604713486632,0.973854172348167,1.6109982425025704,1.0809070533256686,0.07340357936742108,0.6449453275471037
17103,0.35440276923076924,0.026580077274654484,-0.0019253901393852433,0.3342169746568143,0.34679860562082904,,-0.17490423224118878,-0.10385204553238565,200.1029223846962,0.0500000717303992,0.14779009198789397,1.0338724715773713,-0.8855024925767775,0.9264778468229744,1.6227086779851947,1.1092423751624438,0.07340357936742108,0.6467004097231047
17234,0.24552366666666667,0.32434529235904885,,0.6561177520840272,0.3708945465873203,-0.22959040014983345,-0.41666666666666663,,493.49003025941397,,0.23603902594634027,-0.4667594337653551,,2.408370077150542,-0.5184563526297743,3.7841899792191516,0.06094065602375146,1.053656985199663
17612,0.3646095,0.08365266082256849,0.0014611046328657673,0.1884034214537503,0.32322531230867424,-0.16112341119872936,-0.2653005903005903,0.05585978273044739,218.5413180762899,0.0271905523581855,0.15378904420762352,0.8449849604130377,-0.8212736850527714,0.2552151885122615,-0.1779312585730588,1.0091257992159446,0.0726203264366798,0.1971235551586822
17732,0.2073095,0.28443938919081063,0.0018853199075505502,-0.22355345435591834,0.26889836957183866,0.0642610769083328,-0.15283625516183652,-0.07098677515875634,290.94557697401547,-0.0046144111952952,0.093954541322505,-0.4334311382153348,-0.8132279495478081,-1.6412564459198904,1.4006429399072984,0.8167038616595865,0.06954463325120114,-0.10017068314415789
17811,0.6703133571428571,9.774215619195383e-05,0.03532561903727249,0.1604746647778832,0.34635387209491353,,-0.03611208611208611,-0.1910409050506528,99.97611025067673,0.0178963362904939,0.15914660733625305,2.1403280446195225,-0.17899382819393608,0.1266432482657517,1.618741306286212,0.5658346023749776,0.07765691140137383,0.7250350474589836
17876,0.4224723846153846,0.21000906976316483,0.034626305075424794,-0.1607847152591011,0.18707308437876827,,-0.07591089073061498,0.06084765390873548,236.2127001026948,-0.0309239218694993,0.05333109923274323,0.5388470565203943,-0.19225712988936738,-1.3522962653373372,0.19783181205403874,-0.27922869519015225,0.07186965582553001,-0.1692055943361489
17927,0.5355336428571429,0.19078362614301086,0.03131192886017967,-0.04917452297949761,0.2611047827648115,,-0.10196239478101193,0.16055215029665187,448.7599791124114,0.0144793789489508,0.10948569052175473,0.9726363791432864,-0.2551181251979832,-0.838491116786838,0.8582525986358147,-0.5448706395787821,0.06284076405045304,0.04254164337765846
18291,0.2707873076923077,0.338586913255801,0.14739818394441523,-0.5847628038156755,0.23561274524790385,-0.15818012595440514,-0.1464580672626649,-0.04003532281144763,415.7580671934522,-0.029112702035322298,0.10419395735844707,-0.4417143965689782,1.946592562526472,-3.3041083742819572,-0.5449386863605215,0.6375174501254599,0.0642426671586706,-0.27373479623347574
18325,0.5365828333333333,0.06839882404294688,0.06292149382857633,-0.10187804303487875,0.33525026735415975,0.00998201466717773,-0.17594988344988344,-0.23915558126084435,336.0631425279897,0.0255998446267078,0.10974856375915909,1.45055789253389,0.34439399598069725,-1.0811153735693253,1.2580748873014573,1.7131100559671044,0.06762806382514346,0.6254415870064945
18326,0.5358254166666666,0.06839882404294688,0.06286936506175424,-0.10826400589613619,0.33512535564532897,0.008849850192026651,-0.17594988344988344,-0.23915558126084435,336.0631425279897,0.0246578002272414,0.10869820268698577,1.448151307528492,0.3434053133587382,-1.1105135900722278,1.2483709131432545,1.7131100559671044,0.06762806382514346,0.6183586772917508
18358,0.31279566666666664,0.13641205921792354,0.03485064810273585,-0.10333079876617587,0.2552293995619392,,-0.06308702791461412,-0.08267288267288264,530.165750366948,-0.0070716751824976,0.14001255324926212,0.475761636553229,-0.18800220375199822,-1.0878032338720545,0.8058395744731566,0.2681490628971447,0.05938269155971897,0.05555458797653275
18359,0.31279566666666664,0.13641205921792354,0.034611023405269004,-0.11204411053054139,0.2552293995619392,,-0.06308702791461412,-0.08267288267288264,530.165750366948,-0.007997881726106,0.13895051862381413,0.475761636553229,-0.19254696451693695,-1.1279155601212656,0.8058395744731566,0.2681490628971447,0.05938269155971897,0.04811174014084111
18956,0.4410300833333333,8.125044433836364e-05,0.12972974528219536,0.4618608071572855,0.43600787059224383,,-0.2609447415329768,-0.004212454212454222,244.68098643376774,0.0541269883987781,0.192183427545509,1.4118766193644547,1.6114900974690374,1.5140949540058009,2.4185252569266127,1.2450022376225092,0.07150992766923531,1.3787498488429417
18957,0.44090300000000004,8.125044433836364e-05,0.12940194373810307,0.45203782269153686,0.4415401235006765,-0.08804512483469601,-0.2609447415329768,-0.08425574425574425,244.68098643376774,0.0526382054293659,0.1904431623900338,1.4114728299340191,1.605272960370792,1.468874173631287,0.9402026647440369,1.598103985037565,0.07150992766923531,1.1825727568978226
19018,0.4080171,0.09101092562265888,0.15458433272058417,0.6591300827579366,0.3075900388194921,,-0.24838253703518737,0.01695558908421152,353.7692808062675,0.0331326593873025,0.19681703696376165,0.954372384489548,2.082886222379556,2.4222375472962243,1.27293752465225,1.067624883264315,0.06687591678748692,1.3111557464782302
19032,0.29650916666666666,0.3279048522063261,0.08136867208437044,0.3247635002249128,0.33514971339776356,,-0.04307970567682005,-0.1748251748251748,173.280489603438,-0.0132565206267568,0.12134845383818135,-0.31856355301953526,0.6942661621098261,0.8829581311447391,1.5187914272334062,0.5408896499892142,0.07454298159291457,0.5654807998417608
19034,0.2824432,0.2250311473943455,0.13129135619764007,0.4524069075592005,0.25868702967996227,,-0.07397152536904085,0.046729794191386224,207.17897822075426,0.009812749504277,0.13752982804447855,0.03567089062204174,1.641107862639487,1.4705732810459804,0.8366843457270352,-0.22991691864504815,0.07310299239855543,0.6378704089646753
19426,0.44585857142857144,0.009494949494949499,0.15382482980914705,0.4787592486351636,0.3658449628230546,,-0.3391694725028058,0.29720279720279713,275.72898201020166,,0.1861244388519673,1.3907137062228743,2.068481367332285,1.5918880843326608,1.792617115576607,0.438391962571579,0.07019102585501882,1.2253805436485041
19427,0.44585857142857144,0.009494949494949499,0.15352064396159115,0.4637411936041535,0.3658449628230546,,-0.3391694725028058,0.29720279720279713,275.72898201020166,,0.18489101903050964,1.3907137062228743,2.062712129353746,1.5227514415355865,1.792617115576607,0.438391962571579,0.07019102585501882,1.2128962301859019
19571,0.5643865,0.06967140410203015,0.09386532315542295,0.1755606232669855,0.3429699097306039,-0.0180088013213342,-0.07194743356138482,-0.04301503901589643,105.68080750248723,0.0415013747595741,0.1305764433260168,1.5339652823344032,0.9312796673170928,0.19609248927325415,1.066368178534955,0.1524480119376469,0.07741457899262152,0.6595947013983289
19829,0.33910733333333337,0.029095110538415223,0.13349250516194003,0.5670164768939424,0.3465091705046205,0.08851130784586839,-0.26666601653924166,-0.0787878787878787,226.11915563724767,,0.22688770041274572,0.9755204940653102,1.6828552098724237,1.998186266872789,1.942736481069876,1.6122383369637094,0.07229842405549772,1.3806392021499345
19830,0.33910733333333337,0.029095110538415223,0.13316454334474415,0.5486002477536113,0.3465091705046205,-0.09194698267705054,-0.26666601653924166,-0.0787878787878787,226.11915563724767,,0.22492794151397333,0.9755204940653102,1.6766350330085757,1.913405897303288,0.4848040409305107,1.6122383369637094,0.07229842405549772,1.1224837043878153
19925,0.5010756,0.06101640531247473,0.20667951567044557,0.3848894380244044,0.3105702127272944,,-0.044220430107526854,0.3923826173826173,195.9778395294515,0.028976127441233,0.17418091209583986,1.36636643807979,3.070931887186661,1.1597519953234992,1.2995230122102706,-1.9536547082154831,0.07357881062343506,0.8360829058680288
20018,0.14662461538461538,0.25768952721170774,0.03873857657391129,0.10899418217384671,0.05884924828529164,-0.0920130065343088,-0.08741129280311653,0.043075910767293585,238.89469893716395,0.0031596235756425,0.06332807239612816,-0.5225173250559821,-0.11426312360091824,-0.11035067201667223,-0.7988053777010717,-0.12393345172781162,0.07175572598681305,-0.2663523706859405
20469,0.7840021111111111,0.040359141642234135,0.11852973112739369,0.6584296280993192,0.3368843640921647,,-0.33066883733550395,0.24378611584493934,154.79464485953866,,0.20392894768726907,2.3454310870132162,1.399068817711166,2.4190129564002407,1.5342658713028536,0.617194139389809,0.07532825013335968,1.3983835203251076
20470,0.7840021111111111,0.040359141642234135,0.11787539720108273,0.6490908819129277,0.3368843640921647,-0.009551645099270013,-0.33066883733550395,0.24378611584493934,154.79464485953866,,0.2022299753936863,2.3454310870132162,1.386658614644023,2.376021400041717,1.1075500892089285,0.617194139389809,0.07532825013335968,1.3180305967385089
21179,0.3830415714285714,0.34991304965282016,0.13855000683345914,0.43416863447749704,0.3889685967464953,,-0.31302681992337167,0.009990009990009985,346.9778223994835,,0.20046998718170733,-0.1289631192045721,1.778776604487901,1.386612144355405,1.9988980578928885,1.5305956546814004,0.06716441421373241,1.1055139594044592
21180,0.3830415714285714,0.34991304965282016,0.1383848958088651,0.4129511709747603,0.3889685967464953,0.21259960413817505,-0.31302681992337167,0.009990009990009985,346.9778223994835,,0.19909926598631653,-0.1289631192045721,1.7756450820932292,1.2889361009383495,3.1346383259296444,1.5305956546814004,0.06716441421373241,1.2780027431086307
21382,0.3156595,0.05752386800703473,,0.5371392291895091,0.3006586686977147,,-0.15013252330325502,0.2417582417582417,775.7288474557245,,0.21356671191317028,0.7907763174609158,,1.8606443149997987,1.2111042693344625,-0.5810131883656184,0.048951305950374516,0.6660926038759866
21383,0.3156595,0.05752386800703473,,0.5232063103086679,0.3006586686977147,-0.022162518229526338,-0.15013252330325502,0.2417582417582417,775.7288474557245,,0.21187461608979385,0.7907763174609158,,1.7965031706374759,0.8440853515997904,-0.5810131883656184,0.048951305950374516,0.5798605914565876
21510,0.87084225,0.005181686999868799,0.27652913459448913,0.7028829526220765,0.2677650369662074,0.021723979014383412,0.034353193773483566,0.26774402409185016,177.352171546005,,0.20627980365932735,2.7577657273702343,4.395711055977605,2.6236568741596478,1.0519282821713307,-1.9292071500359738,0.07437001877836688,1.4957041347368687
21511,0.87084225,0.005181686999868799,0.2764745704009391,0.6965244165361438,0.2677650369662074,,0.034353193773483566,0.26774402409185016,177.352171546005,,0.20542730127812137,2.7577657273702343,4.3946761826584595,2.594384918691533,0.9176672874031019,-1.9292071500359738,0.07437001877836688,1.468276164144287
21523,0.33907611111111113,0.1650800136905199,0.16204226958234422,0.25626011518498065,0.430433493513563,-0.17009662496657107,-0.054274891774891726,,251.26507604419498,,0.2508875946291982,0.44809450730643285,2.2243346590182975,0.5675981160084994,0.2277641655522672,-1.0620631695549976,0.07123023915566351,0.4128264195810271
21528,0.32307444444444444,0.1748126606393304,0.1886158910187023,0.2856517390279782,0.41139681693269714,,-0.0444929353589942,,311.00729851783336,,0.28507046608592684,0.3595098782596965,2.728334260741332,0.7029044652436984,2.1989753645050127,-1.1928769472569671,0.06869242232907223,0.8109232406369742
21593,0.5919068571428571,0.022105733674671866,0.24262555503271557,0.5305909029233757,0.3605631188268224,-0.040034432082630175,-0.13297455232939104,-0.04734789726434781,224.42163426937407,,0.2134416905512177,1.8058590888405972,3.752690283026422,1.8304986474652518,0.9668945065849441,0.5796187311004737,0.07237053383167466,1.5013219651415606
21594,0.5919068571428571,0.022105733674671866,0.24255955171075202,0.512862127717186,0.3605631188268224,,-0.13297455232939104,-0.04734789726434781,224.42163426937407,,0.21233529514863192,1.8058590888405972,3.7514384533478182,1.7488830190680287,1.7454989264408634,0.5796187311004737,0.07237053383167466,1.6172781254382427
21626,0.7966528333333334,0.0,0.342950371086015,0.49759177897790524,0.4535726184968949,,-0.3120915032679738,-0.012121212121212144,201.1631677386975,,0.2551810492918722,2.542133001316932,5.655466969105734,1.6785849249410292,2.575216578079487,1.6218827830014944,0.0733585407266024,2.3577737995285464
21627,0.7966528333333334,0.0,0.34259590346260926,0.49332262097361496,0.4535726184968949,,-0.3120915032679738,-0.012121212121212144,201.1631677386975,,0.2540666195135373,2.542133001316932,5.648744078834716,1.658931564277652,2.575216578079487,1.6218827830014944,0.0733585407266024,2.353377757706147
21792,0.47172214285714287,0.1512749666679194,0.13819394480931588,0.3020020167239513,0.35299963250677363,-0.09710803023908539,-0.23029638490164797,0.3776223776223776,404.576405182166,,0.12153345689665296,0.9230923008528902,1.7720234745546442,0.7781740861343761,0.4720576588462877,-0.6443478355928243,0.06471765802487113,0.5609528904700407
21793,0.47172214285714287,0.1512749666679194,0.13843128149131628,0.2955430638872263,0.35299963250677363,-0.09724281077893969,-0.23029638490164797,0.3776223776223776,404.576405182166,,0.12137013289387345,0.9230923008528902,1.7765248404482221,0.7484398552906518,0.47096875946248173,-0.6443478355928243,0.06471765802487113,0.5565659297477153
22364,0.3651057142857143,0.11140263364964775,,0.8664807535471288,0.4318227036984595,0.2632268091433501,-0.03356481481481483,0.0636363636363636,269.388993301487,,0.3386356261138637,0.7389518435152684,,3.3767905323855274,3.7348044103732336,-0.5746770988776833,0.07046034509623846,1.469266006498517
22365,0.36897542857142857,0.09372502057353027,,0.8628822211677022,0.4361081039231364,0.2611185876858444,-0.03356481481481483,0.0424242424242424,269.388993301487,,0.3366714362931444,0.8197981530143867,,3.360224442622478,3.7368865381986156,-0.4811022712771547,0.07046034509623846,1.501253441530913
22368,0.24953716666666667,0.3234602161063255,,0.6520660845236648,0.3708945465873203,,-0.40277777777777773,,493.49003025941397,,0.2344226102445202,-0.4505749234573119,,2.389717948610937,1.8376633613633389,3.5984543301944094,0.06094065602375146,1.487240274547025
22709,0.2145945,0.32846285428808647,0.2884446553628546,0.36317062820467566,0.3182324731427646,,-0.19707182115270344,-0.15959595959595957,114.00239323483895,,0.12825317452523405,-0.5809997325012438,4.6217027498820755,1.059767969869893,1.3678763819275486,1.503373440934967,0.0770610825972572,1.3414636487850828
22735,0.30213483333333335,0.20467017216991562,0.20090258786947987,0.3950218884924685,0.3424575786002164,,-0.19444444444444445,0.8060606060606059,191.3566007542435,,0.19874789465971535,0.17719475519699512,2.9613657402524747,1.2063974235912154,1.5839833138232642,-2.774077097627886,0.07377511831065903,0.5381065422577871
22740,0.29780214285714285,0.24944527624082025,0.19595935517580135,0.4447810302269765,0.305060707144863,0.13818135299618353,-0.16907464740282072,0.5694775594727565,215.806378652939,,0.20858019717000723,-0.01020214836473889,2.8676115895506236,1.4354670335296658,2.1591471104850566,-1.9000529844845389,0.07273650516256082,0.7707845176464381
23397,0.8621791999999999,0.025799167640901326,0.19209859585807895,0.36375762119208377,0.47613621418984364,-0.13553856942205034,-0.2368421052631579,0.041219649915302,46.871289888987,,0.1971166343507008,2.650288951058258,2.794387803957806,1.0624702322075275,0.7108126427570939,0.883421870765248,0.07991277502858443,1.3635490459624195
23398,0.8621791999999999,0.025799167640901326,0.1915742952827808,0.3575611064687278,0.47613621418984364,-0.1373844247026669,-0.2368421052631579,0.041219649915302,46.871289888987,,0.1954871511650349,2.650288951058258,2.7844438344553333,1.0339441531559541,0.695899876568213,0.883421870765248,0.07991277502858443,1.3546519101719319
23451,0.29683750000000003,0.14619471780900944,,0.5613615796536667,0.40288870591744236,,-0.1543560606060606,,247.60671179446703,,0.3167406483716509,0.38712128583205674,,1.9721535609233287,2.1230763443350398,0.27631897150186274,0.07138564446143124,0.9660111614107437
23452,0.3133135,0.16548890506138791,,0.5574014714494531,0.4000871024348104,,-0.1543560606060606,,247.60671179446703,,0.3147667215217222,0.36465181880422715,,1.9539229321377003,2.0980838449594095,0.27631897150186274,0.07138564446143124,0.9528726423729262
24052,0.4377035,0.00016289961311333334,,,0.43468793988367044,,-0.3333333333333333,,,,0.36931450239672103,1.4009902465017243,,,2.40675044024952,2.669776085070699,,2.159172257273981
24053,0.4377035,0.00016289961311333334,,,0.43468793988367044,,-0.3333333333333333,,,,0.3680008580526396,1.4009902465017243,,,2.40675044024952,2.669776085070699,,2.159172257273981
24459,0.380721,0.06686006354468843,,,0.4073420248478206,0.05674145316135093,-0.1818181818181817,0.04242424242424245,,,0.45587427723951823,0.9612958797556937,,,1.957404455490018,0.5101914009798962,,1.1429639120752026
24460,0.3954295,0.06966033390903854,,,0.3890994574145969,,-0.1818181818181817,,,,0.45387204359564504,0.997171089662519,,,2.000065437640272,0.6435690048007834,,1.2136018440345246
24592,0.42779575,0.011796698456470934,,,0.4025688271003906,,-0.3333333333333333,0.14545454545454545,,,0.39116523376999257,1.324395831099008,,,2.1202227745186817,1.0687886356265723,,1.504469080414754
24593,0.42779575,0.011796698456470934,,,0.4025688271003906,,-0.3333333333333333,0.14545454545454545,,,0.39066519043743425,1.324395831099008,,,2.1202227745186817,1.0687886356265723,,1.504469080414754
40001,0.20738942307692307,0.25621501411195696,-0.014877505007068038,0.07810388028256404,0.08455918346753687,-0.024015239184198813,-0.060662406065858016,0.09547908830752298,129.74709883287306,-0.0172805000692208,0.054179528886508115,-0.3237277729840414,-1.131154397809825,-0.25255628807957686,-0.13477129221860873,-0.5339600151166172,0.07639225614350335,-0.3832962516775276
40008,0.09860546153846153,0.3872986885959194,0.002298989786746365,-0.045187824976933494,0.06082689906689543,-0.04043758631260917,-0.23651444167720806,0.1289442784778745,217.03912323071455,-0.0035578487745378,0.016608332631565026,-1.1776941563818761,-0.8053822197191198,-0.82013808004713,-0.3733036274672825,0.49424386678553767,0.07268413884937673,-0.4349316796634157
40011,0.14660276923076923,0.38340061669385617,0.024723596478642546,0.10943277632479574,0.05563881204238287,-0.02571402571910704,-0.10958585173878502,0.0861451546369966,142.89984100366294,0.0139115577055662,0.04108431181021625,-1.0100733841501315,-0.3800735026299257,-0.10833157386551771,-0.27749207451894764,-0.16565863700889727,0.0758335348737753,-0.31096593954994073
40016,0.14910315384615383,0.3082645693272513,0.05750584069454582,-0.04206928301267656,0.05467733510394453,-0.044429592289295536,-0.12370281935603783,-0.0072164894848992835,223.53766725398492,0.0032326463126066,0.033127967391382504,-0.7107636987192916,0.2416798428059633,-0.8057816589669485,-0.432984728742072,0.34058836334924225,0.07240808426540345,-0.21580896600128385
40025,0.32828896153846154,0.1852434389776743,0.05836746297964795,0.2627925252125316,0.08719444075789354,-0.047603056697342945,-0.13530437511106672,0.034701572788488885,180.91352963330982,0.039184829129205,0.07559854518503771,0.3356294540996254,0.2580215104091983,0.5976705120508808,-0.31358428491409407,0.23324527309901336,0.07421873424114588,0.19753353316429492
50004,0.17590299999999998,0.32528620800917984,0.03772227365871311,-0.2054963994552735,0.057646106996599,-0.09615642576739637,-0.04022126046236452,0.24227106787410999,145.8245321301822,-0.0092075627421238,0.027423411253329557,-0.6916180311141011,-0.133538489049943,-1.5581295595118123,-0.8376467709946559,-1.318195292261917,0.07570929559967167,-0.7439031412221263
50009,0.21159034615384617,0.121990415440817,0.027543300184303277,0.09593288694163578,0.05356810975700011,-0.08341982300453434,-0.12613623076233377,0.15080098133702285,61.24436262955845,0.0202013952430042,0.07140476308189567,0.2101206849071343,-0.32659454613792194,-0.17047923733834025,-0.7529365239195069,-0.3402165295784626,0.07930221478591956,-0.2168006562135297
50010,0.2696701923076923,0.1424773636406248,0.046282472377041375,0.14189306991993356,0.07304484074278265,-0.08813687792771646,-0.1121667475109094,0.09132633277475034,104.81769421459452,0.027820198895801205,0.07948209728798668,0.31521626362839067,0.02881562422137004,0.04110160631269188,-0.7041720151450696,-0.17125769048101633,0.07745124357144993,-0.06880749464869723
70027,0.19842365384615385,0.29391203276492084,0.009746834000379515,0.2579929806764582,0.03795097112133125,-0.027495531218807996,-0.08140694596279746,0.07765103499436071,84.49345622493323,0.0077917537873947,0.03899598756703035,-0.49839799795418593,-0.6641252018769646,0.5755754807373062,-0.3707796589724637,-0.31660559203675925,0.07831460604813997,-0.19933639400915457
100022,0.17770496153846155,0.29117867698365674,0.013498588725199302,0.3038401222462105,0.07704068819915535,-0.08374405842139167,-0.2599465565063023,0.21319262256414642,183.66874813570405,0.0341793454959827,0.06809172234552012,-0.5536292327988314,-0.5929688150216684,0.7866359305378863,-0.6508591391709986,0.2792704541864911,0.07410169407111541,-0.10957485136600092
100039,0.2133468076923077,0.3619820489352162,0.0189441981904885,0.33525962917446117,0.08057913939100891,-0.08213044663331276,-0.14253003751558044,0.027228095262150972,353.54168352011277,0.0396155899339657,0.08104237360083197,-0.714945947850967,-0.48968650522365975,0.9312777781588537,-0.6220398016174749,0.3145279292048468,0.06688558499530668,-0.0856634937221824
100060,0.18108273076923076,0.31356872601181973,0.05838683612900639,-0.062246490330049434,0.10070693167829575,-0.08883724331637878,-0.09776159807195325,0.0639469033972562,297.13796408649324,0.011406094362416,0.05312313483399899,-0.6297217229871239,0.25838894469301094,-0.8986688119347116,-0.5864465371966445,-0.14679628590851074,0.06928158404479193,-0.32232713821486464
110002,0.2244286923076923,0.3316385831820525,0.07196665163569185,-0.10203212416620971,0.06207399576374032,-0.07448059210071138,-0.10582167014563551,0.13520796950766242,185.4463629172452,0.0115220125675258,0.06570753217628106,-0.5620679157955686,0.5159459217589022,-1.0818246965886247,-0.6427764008184336,-0.4072627269323962,0.07402618197067785,-0.3506599394009071
110005,0.18811770833333333,0.18172517543471653,0.013906193197565314,0.12124946147691339,0.05017106938678658,-0.046692178225012385,-0.09214541593629919,0.2857047786202277,149.72091389411614,-0.0011515418666785,0.07128512856002721,-0.09610176281374339,-0.5852381226798289,-0.05393265611481481,-0.4713639962177032,-1.162608098790787,0.07554377944051474,-0.38228347619606046
110009,0.17864226923076923,0.37972561543205485,0.015128075954053837,0.299655315589925,0.05973878183124442,-0.038137415825765804,-0.09349095151406342,0.07895033674522937,118.83536624329675,0.0184293759990863,0.04924524019816891,-0.8940213337842781,-0.5620636967139392,0.7673708870703387,-0.35957385316020674,-0.24153780984007775,0.07685578055599589,-0.2021616709786945
110013,0.1312523846153846,0.23195336702098573,0.037026220304391365,0.13010271635835335,0.049736890403437255,-0.026809449861900814,-0.15896134316401062,0.24248977093904547,105.99969282925214,0.0271434514639283,0.059964260224583496,-0.47155988940306803,-0.14673994953572245,-0.013176092161246687,-0.3126669502392898,-0.5252064878926158,0.07740103291893177,-0.23199138938550182
110015,0.22216550000000002,0.3688677206321327,0.035090535313435825,-0.003789400317186962,0.052890601876577376,-0.08564202799092195,-0.12700083566308196,0.36390146905011367,71.42203213514095,0.0053530805462573,0.059373748234305225,-0.7136272793243676,-0.18345246411862573,-0.6295576026049735,-0.7739117907629802,-1.2745036006899129,0.07886987297041129,-0.5826971440884081
110025,0.43202161538461537,0.29604008375751956,0.04938022990902103,0.24211180588850176,0.07389110653204314,-0.028981578306471006,-0.10366808913500429,0.024947877839521994,187.4040025598395,0.027864797554559,0.048711003988468476,0.23557446629744516,0.08756819455098813,0.5024654071461724,-0.22247842348465752,0.0647370741495534,0.07394302251293304,0.12363495686207243
110029,0.19037765384615385,0.20089716631202698,0.03864874055912952,0.20979618952500598,0.05772381491628687,-0.050283817106100484,-0.09692350663679755,0.18231731160256814,197.72116853005588,0.029396937715594398,0.08083294520752254,-0.16326688777573445,-0.11596696798580317,0.3536982584923014,-0.46669283845526344,-0.6745775815578463,0.07350475496415707,-0.1655502103863648
112002,0.15539010666666667,0.35898881320772863,0.007616918416575241,0.010013073602760237,0.10224303072715134,-0.08328059473838895,-0.07575205472582154,0.09233130988475555,179.98353367494292,-0.0040890008825705,0.024793336672417836,-0.8874879505886206,-0.7045215252953566,-0.5660169705358459,-0.5347024642881372,-0.4191772687029267,0.07425823995911354,-0.5062746565752955
121003,0.13766242307692308,0.46313931092908783,-0.005063778289647527,0.13933789133533103,0.06997817109819927,-0.05707700769124618,-0.14814925703060844,0.03068245391830388,198.21686296651077,0.014103320896554,0.03155713405021168,-1.3476934394364861,-0.9450256697836422,0.029338667055802188,-0.4669161663251586,0.3368622419889555,0.0734836981365133,-0.38665844472733596
150968,0.2530436153846154,0.19868342056306693,0.05604135647714804,0.10097669007396938,0.05641121711837163,-0.09244707096166,-0.17214384580067524,0.20642329046237823,84.24435486695096,0.0063901490719702,0.042309889041688316,0.044429934406279945,0.2139041982982756,-0.14725974488216842,-0.8131867826979295,-0.2779587820747227,0.07832518773713042,-0.15029099820218914
151001,0.2847753076923077,0.20892600096322947,0.039454487533019424,0.19776547275379705,0.0741136614768815,-0.09474055468252782,-0.1540811971136416,0.2240540783147247,111.62471383140273,0.020944187663494,0.042172576807799844,0.10553390779513394,-0.10068504057133232,0.29831403155436764,-0.7527561229058828,-0.476510570351551,0.07716208511354194,-0.14149028489428708
160220,0.22762846,0.3634189125940115,0.014856025654667034,0.4184822964920833,0.15398111274548454,-0.08739151085536485,-0.11236141451501994,0.07190854259620474,229.68655306040355,0.0215293812878744,0.042123036950651734,-0.6751399226020062,-0.5672234466888516,1.3143990153015832,-0.3371426555975861,-0.08429670971742209,0.07214688297060388,-0.046209472722279814
160226,0.2170845,0.3370398536226205,0.02573724925639722,0.28455282257362896,0.16207626436872338,-0.09199559817401136,-0.0679000354323408,-0.013452695167186937,232.46661515881488,0.0187155540751519,0.044269198202814344,-0.6063482808956582,-0.36084840011624214,0.6978455282367896,-0.33823178058009584,-0.005025720552792601,0.07202878745824778,-0.0900966444082919
160605,0.3186295769230769,0.2382223331217059,0.012757915673181026,0.009725958780987342,0.0520454825530265,-0.021757485607877033,-0.12052675329814531,0.14930835338420498,52.44879276277559,0.0087479175098927,0.028606858724907622,0.09949479842510457,-0.6070165399099837,-0.5673387232417503,-0.26155462767566623,-0.3711396511702454,0.0796758457672114,-0.2713131496342216
161606,0.22879607692307694,0.26540170279124253,-0.00866330686404001,-0.08631151467237926,0.051247450965704384,-0.12131424992028988,-0.12720965898751105,0.22057993422306646,135.249245900639,-0.002619648951114,0.051832410042313794,-0.2913355860979908,-1.0132949108514913,-1.0094537963033998,-1.069438728029969,-0.6408608768260947,0.076158527955418,-0.6580375616922546
161810,0.38960373076923077,0.16491536885229136,0.019902595161266183,0.10563340747902239,0.03430834539863604,-0.02591233528961401,-0.1221516364105404,0.08003424921695523,75.02273019603159,0.0168922389943519,0.029068061096969654,0.6092773824775227,-0.4715093932812269,-0.12582222802826898,-0.37423647064653465,-0.05468017197955511,0.07871691729270053,-0.05637566069422706
161903,0.2595873076923077,0.08399375608763085,0.005513133828119093,0.14941405229928273,0.025523218963477926,-0.03879938478509981,-0.17599680491921865,0.0010685001273236616,44.502359163879845,0.0275514530938881,0.04819520311731496,0.5099689943810635,-0.7444222440299979,0.07572496274403265,-0.5175367587346857,0.653702951239878,0.08001340590581466,0.009575218584350847
162006,0.13975703846153847,0.25639633259361294,0.03986649804753671,0.0937911700439315,0.05990282729973484,-0.04261379710140038,-0.17903325086372573,0.14887622724415323,157.93349624565695,0.0188821961144666,0.047234354752346414,-0.5393232923860933,-0.09287078252149407,-0.18033877746009988,-0.3950070762437575,0.021969346195572892,0.07519491344895068,-0.18506261149448686
162201,0.3615265384615384,0.1608317256012965,0.051831981732920904,0.1624676216353003,0.09383686634248464,-0.0827487295378746,-0.1425204051435842,0.021140029601166097,294.4147939509836,0.0502770818404164,0.09683603313175919,0.5359017377837205,0.13406851614729856,0.13581796137452093,-0.5679002842746024,0.3413203224002478,0.06939726281778395,0.10810091937482823
162204,0.19471846153846156,0.3072606424195246,0.03273743766066204,0.1798843095267199,0.05574332745377246,-0.009017624441628977,-0.024507947330079403,0.06774669606926274,116.72007722153239,0.0316995762058078,0.038916073929052754,-0.5619344084695289,-0.2280816947507277,0.21599687448749394,-0.14213475190796082,-0.6533679503810295,0.07694563687285631,-0.21542938235814946
162209,0.1484996923076923,0.30278255794196124,0.014936637423075468,0.20217566903895842,0.05752569857706647,-0.02840747692715665,-0.14602632969432308,0.03315660222840048,104.76631265809914,0.0221937192037071,0.030758849484278754,-0.6914227867711378,-0.5656945508524546,0.3186166715834925,-0.2908363612017837,0.3117529035957414,0.07745342623177374,-0.14002178290239473
162214,0.45536,0.21060775930072154,0.07943514128888582,-0.08193444181265293,0.06797024318541647,-0.08122189776684872,-0.2828296635343394,0.14065775283407428,153.98112551304885,0.0074337578342797,0.0679394531505559,0.6410212139255165,0.6575945043466067,-0.9893036422272022,-0.6709402048610356,0.7522571853673381,0.07536280798877242,0.07766531075666598
162703,0.19834700000000002,0.142113258120437,0.003195843975837074,-0.018165958251092535,0.04899208151508723,-0.0766570720171878,-0.14082756986579842,0.14607954195667538,55.12374118040098,0.0009411182260391,0.042393263113108155,0.0900087848615348,-0.7883723381270344,-0.6957410696701505,-0.7187107669159244,-0.2211550494703235,0.079562215426333,-0.3757347039825942
163402,0.162265,0.18527985024219887,0.010960119483089779,0.05346639093303197,0.03706631361090828,-0.055428217411401776,-0.1650154261722226,0.13262411824454998,83.75384501093801,-0.0092441828350206,0.02815311355447673,-0.19202954626759058,-0.6411138331959287,-0.3659766542360561,-0.6003952840810779,-6.629994921036886e-05,0.0783460243266421,-0.2868725989005369
163406,0.13236138461538463,0.20131979516225165,0.023685188540689114,0.1961051454563461,0.033332622671552854,-0.06302261216887073,-0.06993382559452523,0.08384389164503071,73.55272197812215,0.008024389447008,0.04617704543993211,-0.34924431344027373,-0.39976811551541325,0.2906706013596404,-0.6784045415194376,-0.4206394937848299,0.0787793624351169,-0.24643441674419952
163411,0.13367253846153845,0.3208813050085445,0.029154599429966458,0.04373576545182068,0.06928530035861954,-0.08667141341640325,-0.20152242439797033,0.1587003018146242,282.05210031236163,0.0086085892709604,0.042053201442691465,-0.8087179078360885,-0.2960343840608119,-0.4107722537126526,-0.7091014706277979,0.12900505837844506,0.06992242325941185,-0.33761642243324896
163412,0.18261657692307692,0.2707392440761603,-0.021277079959398714,0.006697506835831138,0.05648351861600113,-0.05970073943902126,-0.16388841766081988,-0.003927193939047233,171.4673300320916,-0.0059036053707492,0.033635513096593,-0.4587625521487963,-1.2525297713130539,-0.5812804087614821,-0.5483048788355669,0.5947783497797772,0.07462000361651752,-0.36191320961043405
166001,0.09167096153846153,0.22988150497202053,0.010215941128342714,0.17442198833088998,0.03609200861690079,-0.044328938679636457,-0.11772648500497161,0.2089002745536748,100.20006563840622,0.0174736257614912,0.03643741685609491,-0.5892899625666297,-0.6552280402226855,0.19085070552092695,-0.5150693837956238,-0.6527464895926038,0.07764739789940066,-0.3573059621262025
166005,0.08862284615384615,0.2361364238364918,0.014760340177177166,0.2389839993767534,0.03324899203046393,-0.034353620384491294,-0.069801727135341,0.0459413544405807,71.07924384702429,-0.0073778552503251,0.027603126448847357,-0.6232304533106289,-0.56903823292945,0.48806633608839617,-0.44715920779529217,-0.25432009409261,0.07888443442878228,-0.22113286960180045
168002,0.26112123076923077,0.33601606531002015,0.011287590970390868,0.08910258004301588,0.11316301817175413,-0.12438802659210003,-0.09868383363719054,-0.0017815517815518017,446.0864602999352,0.0010479820086009,0.051889229723154046,-0.46245767773737045,-0.634902956008163,-0.20192302198749756,-0.8181042395557013,0.14932373034210042,0.06295433366248923,-0.3175183052140238
168401,0.2338946842105263,0.30260194620286834,0.022169467296746886,0.1836269315561514,0.22710942760235212,0.03015789478879027,-0.14088000958889818,-0.16990545574136906,476.33591679550744,0.0428544835933719,0.07482752946956774,-0.41939181983113644,-0.4285155297547395,0.23322629080265456,0.9387263972162845,1.173126981537674,0.06166935335022216,0.2598069455534932
180031,0.28459242307692306,0.14078511862162188,0.039487311520997215,0.03521034514638891,0.07601342235780303,-0.06706629244111359,-0.12304006002313674,0.008919653008944912,278.95516728377714,0.01935842827713,0.06683545735173523,0.3691917986636055,-0.10006249550695753,-0.4500196087885592,-0.5207005601654384,0.2649741015006328,0.0700539792749959,-0.06109379750362016
200012,0.1568273076923077,0.2542071208564515,0.029928295327195327,0.06826049095706432,0.0827617514408357,-0.05893508862442926,-0.1476537213475486,0.06003335752086531,298.12610180387185,0.0162667878316607,0.06525102426528102,-0.47659551296358355,-0.2813603425496848,-0.29787100362059693,-0.4249079250753326,0.20407072293107906,0.06923960849680726,-0.20123740879688531
202001,0.16651396153846154,0.40981563816308325,0.026245897254632177,0.053568458079651056,0.0741208835609518,-0.0544650773673893,-0.17640208581368366,0.14919025703097322,140.9929190135031,0.0176269100355215,0.03727420738726383,-1.049241418309651,-0.35120129992172794,-0.3655067811504568,-0.4273361163693082,0.002990798651923754,0.07591453987347647,-0.3523967128709573
202002,0.1634418076923077,0.40934452989417136,-0.017826609293596255,0.05739488118921465,0.07317153472972907,-0.053915443321504435,-0.18403181914169725,0.1251676928695751,142.35103685446583,0.0177863851832164,0.037602895143650866,-1.0571758760506103,-1.1870875866455888,-0.34789158083522825,-0.4271300606331463,0.15997965633901082,0.07585684777287192,-0.4639081000087817
202027,0.26017546153846155,0.16361832273307678,0.04797681502158854,0.19800044343632417,0.06232990593855486,-0.05954931928635005,-0.14295355706954863,0.03654667612934294,314.2495589249743,0.019875880700393096,0.07492130664773744,0.20306697640433452,0.060950800831726624,0.2993957351512794,-0.5210043680164622,0.27625194031679046,0.06855469288619681,0.06453596292897759
206009,0.12430619230769231,0.23779271727425857,0.021049908724835486,-0.06799205199733468,0.04865901362802053,-0.052542383992287695,-0.120997406505708,0.13378534500167866,92.67396347305393,-0.0017978594095414,0.030158018098223792,-0.5162744659164599,-0.4497492586877835,-0.92511889777069,-0.5253724912828516,-0.29951467418895467,0.07796710258936769,-0.43967711420956196
210004,0.16169334615384615,0.3819048778014815,0.017599683471095726,0.24286092900692927,0.07744914779537634,-0.03170290466936151,-0.13179434062134765,0.1308603117521613,174.5292221740319,0.0138753199974936,0.05399229947809933,-0.9563249708685455,-0.5151867888303786,0.5059140466233091,-0.22859390993567866,-0.21441770682200884,0.0744899361185691,-0.22235323228578893
210008,0.35564869230769236,0.17709894971815243,0.04290059715647426,0.029308539960214954,0.08954603118873194,-0.0849724861443801,-0.14238216327767694,0.17277521279069263,287.83202491240746,0.0310330238824803,0.05864015242927006,0.45414412475024635,-0.035325568138312356,-0.4771889723427547,-0.6050049427110451,-0.32852516114995706,0.06967689523418819,-0.1537039373929391
213003,0.2112371923076923,0.16394776089350244,-0.012346685713053616,0.17050510170890176,0.05708641613509424,-0.06954574394494611,-0.1496329367108346,0.11775805923486928,117.2007824779447,0.0277033758138753,0.07363992175531764,0.04629499780854607,-1.0831544697883075,0.1728190502432046,-0.6251540516842117,-0.0373411541366805,0.07692521677735531,-0.24160173513001568
213008,0.255335,0.16670080212585858,-0.008006119482843606,0.07957153518694944,0.053263787495833534,-0.08568607542837023,-0.12193370409055723,0.06569486839438213,88.70418604390682,-0.0051897829796335,0.05013666569390707,0.17573374901685485,-1.000830588697522,-0.24579983841519962,-0.7726030982883847,0.007119152782819604,0.07813573655610632,-0.2930408145075542
240005,0.16451565384615385,0.3006397238472515,0.02172018899745624,-0.034325986928557414,0.04770455171098457,-0.09506539919393402,-0.06112372183801114,0.10656519100318158,240.70429908920755,-0.016338233755577,0.022652373406520907,-0.6322247666259233,-0.4370366146376406,-0.7701348662008868,-0.8731755407904973,-0.5797804990241026,0.0716788551653888,-0.536778905352277
240011,0.17097711538461538,0.2668242913449077,0.05100875844443171,0.0902440464460329,0.06850944223334873,-0.06208590454231373,-0.20486174214594324,-0.0011413609725315047,256.55708704195445,0.0193172142471625,0.06830323109611913,-0.4805637713143989,0.11845513012381857,-0.19666820338367064,-0.5139344255206092,0.8564564213457324,0.07100543743251793,-0.024208235219434982
240017,0.19305742307692306,0.3349844532868892,0.04561152545710109,0.03584685312626881,0.09128223068478497,-0.10954302599095904,-0.17772862072220025,0.04094790339908767,342.3881825501002,0.0196279450855713,0.051392402102690346,-0.6747204410574928,0.0160903364303529,-0.4470894007988043,-0.7957675532804733,0.4893593181733977,0.06735937959592754,-0.22412806015618206
240022,0.4523570769230769,0.22454581047067232,0.04132354521105883,0.39192040181427623,0.05045728606113065,-0.02873026688711214,-0.15027323560037106,0.048130760590852285,133.84961720094495,0.0437645064232315,0.05352020055211368,0.5774304092661107,-0.06523619038035347,1.192119517686136,-0.32497208947018363,0.2740929957479709,0.07621798341452199,0.28827543771070047
257020,0.18914803846153846,0.18633157042131845,-0.003972441421544435,0.2815383890788868,0.05009087200255501,-0.03754359555798647,-0.02809080825487293,0.025896267325800228,120.9016191341526,0.0125890009219668,0.042322946759656394,-0.11069086540502829,-0.9243271982491201,0.6839683776116791,-0.39780980616765693,-0.4447928681167313,0.07676800726706744,-0.1861473921766317
257030,0.19893519230769233,0.2240450500934567,0.027194882394403142,0.15429895204937896,0.04866653381127342,-0.06439352632667804,-0.12343046162989518,0.015069398039616507,90.88091511623372,0.0118877429730779,0.042775351401585726,-0.22584014606055974,-0.33320269428827637,0.0982129326192639,-0.6210849781175637,0.24045562402975557,0.07804327029961378,-0.12723599858629445
257070,0.3496522307692308,0.03691208798180736,0.053498041387828654,0.06350038781833725,0.06538087216478355,-0.09310603797794396,-0.45223122506774316,0.23257316572405007,162.6255428408433,0.0407229905079369,0.08762051484983922,0.9787124883589381,0.16566727300214903,-0.31978446376572667,-0.7785024360366822,1.4794836596964402,0.07499559788439047,0.2667620198565848
260112,0.1679773846153846,0.2906170112608876,0.019981992056956614,0.6263360077141527,0.054849961877591995,-0.03090003332683668,-0.06977470695064956,0.01422107240939264,85.00184503180444,0.0260533392953554,0.0329928560461643,-0.5823591952563749,-0.4700035389172721,2.2712677814057045,-0.3229086957476937,-0.11457039633266164,0.07829300997060708,0.14328649418705156
260117,0.3936559615384615,0.35933019227654894,0.019285211707488346,0.25298042770366325,0.04996600525748854,-0.03127024840353854,-0.12793461095750996,-0.010643730538706644,197.268853696032,0.0261015436174069,0.02848741022924117,-0.1317554954904479,-0.48321878771057214,0.5524998505264727,-0.34768404459395763,0.38400304634607096,0.07352396905009452,0.007894756354610068
270028,0.1775411923076923,0.09660062851602634,0.04259765234181248,0.15243481762595418,0.053156249144713716,-0.06665451674395738,-0.16178229568503877,0.18903885074459453,75.8209676358008,0.027105645949099803,0.06853616137490018,0.20039164469921927,-0.04107126848627825,0.0896312623902009,-0.6193257536372007,-0.2705516626513047,0.07868300860429919,-0.09370712818017736
290008,0.36431057692307695,0.2460542348005207,0.057499892969354316,0.024901052884009754,0.06170198788555792,-0.07666692041983188,-0.10513861112332118,0.02487879060388061,331.6218507140935,-0.0146476816231972,0.02958565545078494,0.21426894663191443,0.24156703728809836,-0.4974791403432794,-0.6620991683386613,0.07487446533846862,0.06781672746419842,-0.09350852199321014
290014,0.34924726923076926,0.2269417484355512,0.049482405826048736,0.06028181581230632,0.06621932138397561,-0.07265667429135543,-0.023158164194194766,-0.023057120388547285,234.65690404096142,-0.0353852167729276,0.024859664419897485,0.2405224391696675,0.08950607951751333,-0.3346013799801199,-0.6095510915392488,-0.26182268354130733,0.07193574518847516,-0.13400181519750334
310358,0.19551838461538462,0.23120811148221326,0.01731650101104196,0.17716990322402146,0.06875252860246892,-0.053687505523528065,-0.10223240110256028,0.024045578826804172,142.8816097275994,0.0191640364870465,0.07935876900636919,-0.2644737300939285,-0.520557673164825,0.20350091954737093,-0.4449990381070372,0.059117758089806044,0.0758343093283779,-0.14859624240003932
320005,0.18439692307692307,0.29522808915904614,0.019586197585545542,0.23141240845733965,0.05826101375723382,-0.042670215619164696,-0.0673282018271665,0.12755395394541597,150.97256248724423,0.015368139211424,0.03683720086321686,-0.5480694108318218,-0.47751024087105354,0.4532099997838493,-0.4027860164948682,-0.6308838551283068,0.07549061009513224,-0.2550914855745115
320007,0.7769716923076923,0.010256832497711173,0.06620047439136001,0.05923798518477364,0.036072643496702195,-0.0418981082884029,-0.07708250195924161,0.04600258845904043,54.37029989631842,0.020947304307366,0.05234010666645214,2.4398246554705185,0.4065836716204446,-0.3394067256182441,-0.4955169475871785,-0.20590744116305723,0.07959422119862306,0.3141952389868511
340007,0.1366548846153846,0.3015726175293573,0.02536547020953361,-0.17626175974569436,0.054545294738178346,-0.06866339670091334,-0.14557759254456928,0.2461156679996881,154.84403650329077,-0.0069460720915497,0.01756402938777171,-0.7243660512621419,-0.3678996216442142,-1.423545897464438,-0.6293599173233673,-0.6306919406942813,0.07532615200343722,-0.6167562127308343
360016,0.2162341153846154,0.3120365967655363,0.012482382095079255,0.14595643428799945,0.07199850507606441,-0.015631447545511466,-0.021832802852464216,0.11211581633239882,366.4259953270424,0.0095682356568504,0.045925843074461875,-0.5120917970320619,-0.6122423543123299,0.05980758190601984,-0.12306372820419664,-0.8669845190300435,0.0663382665001318,-0.3313727583620801
370024,0.12778396153846153,0.3818710144456483,0.008486929339480052,0.13818592175765715,0.076883796345965,-0.047214159600142205,-0.225517482558301,0.12151955373840236,217.69881686053964,0.0185079752680766,0.038376748852633626,-1.0639359581603274,-0.6880207574309217,0.024035496369565926,-0.35643187948716293,0.45346619991080683,0.07265611542599465,-0.25970513056200745
370027,0.15342873076923078,0.3307998924622581,0.026418073432616332,0.12237568926915672,0.08360055260088237,-0.07210012711135735,-0.18773670320154404,0.07973275064710186,211.7550846952949,0.0185762783198391,0.05411963546431885,-0.7844080119428969,-0.34793577868526293,-0.048747989497221,-0.5275276120903903,0.38518331229082675,0.07290860190669707,-0.20842124633637452
375010,0.19830926923076925,0.2201689698896125,-0.012294700045086336,0.29294905404860777,0.06443292585631111,-0.06753138170831366,-0.10859663239212146,0.11344772281077169,90.60829312932802,0.024780696506089803,0.06569840009766613,-0.21279813586903157,-1.0821685012023714,0.7364981537018408,-0.5761115955467996,-0.2927151680390463,0.07805485113201374,-0.22487339930389905
377010,0.15310907692307693,0.3110024120325603,0.0004833805868789006,0.15531657273423802,0.06664235910461777,-0.029962840898935358,-0.1267127194706192,0.11787222351418143,100.77421749326692,-0.0070198973838912,0.03389881305301624,-0.708652338712692,-0.8398173574292508,0.10289761899487924,-0.2627383527070836,-0.1911004279915015,0.07762300824367724,-0.30363130826699525
377240,0.2064451923076923,0.18958132924860957,-0.0073436076124580515,0.26349415088896183,0.057516228074047514,-0.06365157656028389,-0.23798517059688765,0.09740049588350312,100.19513618278295,0.0271977082789619,0.07002674534041657,-0.06833361304955698,-0.9882652814204999,0.6009004938074033,-0.5756176199453964,0.6432296320962623,0.07764760729997044,-0.05173979686863619
378010,0.12217380769230769,0.32338283453919536,0.002943829684338351,0.08260194226168281,0.07578982771208848,-0.05324974231090937,-0.19042354772434614,0.17923121319666865,233.17905402953136,0.001453077105757,0.03293319897501443,-0.8549540231946642,-0.7931520819360618,-0.2318491523228291,-0.41007321260370216,-0.03577714482709654,0.07199852344597707,-0.3756345152397295
379010,0.16191769230769232,0.24325286917975972,0.012189769604467347,0.046535201779914284,0.08076497331302655,-0.09669833419097759,-0.2067322958682898,0.017743961523272844,211.16122629910754,0.0069594556515096,0.03372623623675769,-0.4179427696181554,-0.6177920901313932,-0.3978848572389466,-0.7389056731490011,0.7856534244191455,0.0729338286854819,-0.21898968950547815
400001,0.10766873076923077,0.31329012500282477,0.0028810555848823435,-0.019674011817711664,0.05002243320612128,-0.04941862856462606,-0.17552794794421742,0.08084109385814091,110.58155914790423,-0.0055343969791061,0.03082820010730575,-0.8619040215775124,-0.794342665658349,-0.7026834973373095,-0.4940541138789129,0.2986603450402024,0.07720639775205632,-0.4128529259433041
460007,0.23332580769230768,0.45570371689940603,0.03785436449092108,0.07573759053902762,0.07571143330757768,-0.09315512974026731,-0.07755956030060306,0.09906996643161112,277.5169999683914,0.0079498032712863,0.06786002822691913,-1.0149024861017601,-0.1310332329641844,-0.2634496646463462,-0.7328206990740886,-0.4368182193349587,0.07011507183334606,-0.41815153838133207
470009,0.13556823076923077,0.24880069939766397,0.026811450698393753,0.16387440079492857,0.04899701713716449,-0.0375095994467917,-0.08907487497135978,0.04077586929124246,146.46998075201097,0.0168785227472689,0.059084913363228075,-0.5231780409395709,-0.3404749218444466,0.1422941653871418,-0.40241417118033784,-0.10266356938850554,0.0756818772964122,-0.19179244344488447
470028,0.15649946153846153,0.39701273513701163,0.02261146245030319,-0.0546312046889647,0.08304739463066935,-0.08593034225576132,-0.14929221207068105,0.09221062260794527,237.32421470409736,-0.0179155227121846,0.028999393875536652,-1.031413561158349,-0.4201325781916868,-0.8636113239924831,-0.6417299811860898,0.07308016804491702,0.07182243929521619,-0.4686641395314126
470098,0.13225465384615384,0.3010159680328105,0.00880259355058025,0.19763082154374592,0.054535222265424906,-0.03740998941028684,0.027721062365011876,0.027557888185661107,153.0988575915324,0.015325974461731,0.03401477493750234,-0.7361885721494031,-0.6820338189530881,0.29769415550568645,-0.376906850521127,-0.8253080614678303,0.07540028624592587,-0.37455714355663944
481001,0.152382,0.33107898347958964,0.012271795043623841,0.07440438403801891,0.05624823507663642,-0.08486805995086047,-0.1738209866789552,0.22530110235613435,58.946849267372635,0.0144872572293903,0.060167080876278416,-0.7888161202810123,-0.6162363823869657,-0.26958717189642967,-0.7526825002833454,-0.3500218986105303,0.07939981189276382,-0.4496573769275866
481008,0.09963457692307692,0.32072786081178545,-0.017006166870466962,0.19837949817264236,0.06206731549766414,-0.02898219646550879,-0.0965452310243189,0.07861065476580253,104.97980429072717,0.0086963181205361,0.035184315534260956,-0.91627371566563,-1.171526942964254,0.30114073953775,-0.2752221602555852,-0.21961695280601673,0.07744435722437519,-0.3673424458215601
481010,0.17682534615384615,0.27575753577496387,0.0110465297255335,0.14874035228463764,0.06300587665369274,-0.021347420174648794,-0.1591964598175236,0.15479131236792795,141.18854641479007,0.030141046277584,0.08137203546061983,-0.49662347251613415,-0.6394749625632328,0.07262353868021573,-0.20935403264254626,-0.1367627433377983,0.07590622972882212,-0.22228090710844559
481015,0.38268480769230767,0.1933093178399446,0.01881129699963409,0.0964711068309292,0.0604896658478119,-0.06561961502250438,-0.1691432157874015,0.11767328696029532,197.232890416345,0.0284786862063731,0.09657936633028494,0.4771864766034707,-0.4922071307025602,-0.16800150529144564,-0.5782548127881024,0.09348796547072022,0.07352549675048044,-0.09904391832623949
501026,0.15829484615384615,0.30265417561577573,0.019041561101864862,-0.10046687997928706,0.19168387912998025,-0.09867530983240107,-0.08774734441992416,0.13040235127640654,179.45652142430623,0.0028151641844839,0.045467423714700604,-0.6598022168517025,-0.4878399045006908,-1.074618987992004,-0.2601359706810319,-0.5069169743466629,0.07428062715031782,-0.4858389045369624
501054,0.20309092307692306,0.2800572881085334,0.03727025237664915,-0.03032477352815435,0.06312243094316007,-0.10061644088101312,-0.12846992432714327,0.16377825585963807,101.00908642485835,0.0132374992141653,0.037520160329926874,-0.42984201608088146,-0.1421115977877257,-0.7517150068351212,-0.8492529266700217,-0.3818600770413097,0.07761303114034969,-0.41286143221245175
501079,0.33713526923076925,0.20639432292154428,0.04478753454935201,0.29464574018914574,0.0777087755432034,-0.037098938679067106,-0.08589062174188013,0.10314491995947495,220.4982630857725,0.044100397778233096,0.08372845681967557,0.2817177518829314,0.0004623916158483883,0.7443089643157923,-0.27103072353472246,-0.3990889033631924,0.07253719648656838,0.07148444623387094
501082,0.2511377142857143,0.1384673576829108,0.017042394713238044,0.23127779151366043,0.24261184441825,-0.014332468843308108,-0.20028879653532644,0.186879120809031,560.0294541081101,0.0312643183601546,0.08117292500582385,0.27188205394649445,-0.5257564175382183,0.45259028148275326,0.6484331615045191,-0.0035511856176002055,0.05811409781277391,0.15028533193178703
519005,0.2761637307692308,0.13235300247955392,0.006034875718023596,0.05243908989195655,0.10724790304342174,-0.07055871358490842,-0.12438480561822668,0.031322004240959316,341.0960131254149,0.0183555369751689,0.06345087501043573,0.37510915405309,-0.7345268029684979,-0.3707059047931514,-0.40959799543727177,0.17514033041704913,0.06741427024399843,-0.14952782474746393
519013,0.0888686923076923,0.3965176830512646,0.005600769021783285,0.19450267238951158,0.06435745042933363,-0.016677633294831615,-0.13155401059432206,0.11184148136589417,270.37803931383644,0.0074893499573407,0.039859513539026586,-1.2443810956093477,-0.7427601407743519,0.2832935070698068,-0.16559801914879474,-0.13212529160632028,0.07041833096438185,-0.321858784850771
519018,0.11923142307692307,0.3092325949872822,0.037252167902607575,-0.04320633718909555,0.05320626075331226,-0.08181514558585784,-0.15513131345807496,0.1824834309058373,112.44083446137873,0.0058540112785649,0.03466678488711493,-0.8094307669616412,-0.14245459084707046,-0.8110161655840623,-0.741586235314834,-0.2861048656983589,0.07712741675703419,-0.4522442012748222
519026,0.21928134615384615,0.2010072968357396,0.053229100740147244,0.08810571530125814,0.07355299644071095,-0.053211891297541634,-0.18104717103913362,0.02429038785186507,214.10346115592225,0.0358804139912185,0.065610742851977,-0.07185653561615857,0.16056650118438273,-0.20651215696040803,-0.419744556437565,0.5850314593835367,0.07280884416334259,0.020048925952855075
519089,0.189449,0.3713720154681811,0.0315422339619315,0.25416949948590567,0.0884099861765581,-0.03753117992753635,-0.06063912190043464,0.0022871243088912305,401.7648062884503,0.0202363100968619,0.06958229394988244,-0.8272905977049178,-0.2507501213925669,0.557973823747321,-0.2267912303009668,-0.123010097383416,0.06483709320298567,-0.13417185497192682
519110,0.1968216923076923,0.3893193911781252,0.01274272523455322,0.10483981247999052,0.10235601146243994,-0.0717606622051303,-0.029723224231317253,0.10844227258799728,451.94826406087077,0.0009157517063031,0.030731564950395623,-0.8734618348625811,-0.6073046442256392,-0.12947559684735502,-0.44112835829733954,-0.7980199329602827,0.0627053274554429,-0.46444750662295914
519158,0.24338634615384616,0.35072734974648156,0.03453085262181843,-0.01510204619444992,0.07261267424404051,-0.046618132267618566,-0.09370686493705922,0.20192772238056303,316.55820488721895,-0.0108870044073117,0.06987112242604562,-0.5758556893378167,-0.1940674965613059,-0.6816361411035448,-0.3706674206758226,-0.7825946694239202,0.06845662287261116,-0.4227274657049665
519172,0.22272668292682926,0.41821390623624943,0.05660623445067835,0.13389139517378362,0.19942013317031626,-0.09568996115981772,-0.13627302889301207,0.1891359203663471,332.97626551921394,0.0163529614237606,0.04989104723131776,-0.9032004800479254,0.2246177652979118,0.004265349716172454,-0.20151044936688195,-0.4415471621538713,0.06775919266652437,-0.20826929731467836
519173,0.22276351219512197,0.4181848606118514,0.056442160720047055,0.11286414660793065,0.19949333987464515,-0.09935913429118136,-0.13803350231314934,0.1156489362641065,332.97626551921394,0.014351304842931702,0.047743629795555576,-0.9029708261353573,0.22150591638829187,-0.09253502623802927,-0.2308273700145233,-0.10559642641257909,0.06775919266652437,-0.17377742329094545
519181,0.2163556923076923,0.30134567402286644,0.05352773732903096,0.28375379977456433,0.058476805798002546,-0.06236129327067945,-0.05045218747480776,0.13921696272826903,83.44316935272707,0.0321758787958522,0.06356346592541241,-0.47024788747898755,0.16623049102550344,0.6941671721692706,-0.5609087972144619,-0.7951750632085027,0.0783592216581168,-0.1479291438415102
519185,0.5823905769230769,0.12522480728558155,0.01644328997439405,0.21782426875845406,0.037803700753886914,-0.03618935452332341,0.019798386510190488,0.10414832415797785,143.62042175456855,0.0371066412888089,0.026892624369547206,1.3757438708470975,-0.537119134904043,0.3906560699508055,-0.4416744184906929,-1.1102031008514923,0.07580292499890208,-0.04113229807490385
519670,0.3123069230769231,0.21257445966847294,0.05607825562179628,-0.02049373925624045,0.05281037031076156,-0.09256831397096438,-0.128979009630285,0.12280383972639261,104.7484421369669,0.0248412302872625,0.04306650556537357,0.1788636316081766,0.21460403344310802,-0.7064571686277331,-0.8302274998286171,-0.1977021729903634,0.07745418536170483,-0.21057749850562069
519672,0.2791679615384615,0.1922397375814994,0.06308879139497205,0.1373794748999743,0.051851140593895104,-0.0900816809369173,-0.13225233919044055,0.18804454697218695,98.66681040000513,0.0184056204074003,0.04847080032182394,0.152423900890179,0.34756698868079317,0.02032296314077454,-0.8144163955076014,-0.4636169690400614,0.07771252974054015,-0.113334497015896
519674,0.8178711538461538,0.002937317407816935,0.0871991212044836,0.13927215853865565,0.038516255743989605,-0.04765141706899053,0.028484624504951057,0.11670950245881231,95.97552794988235,0.0432231729813672,0.07979607049350398,2.5981608053793694,0.8048474030385812,0.029036061633567787,-0.5310987767497894,-1.2236956768507734,0.07782685394215559,0.29251277839885187
519679,0.20931692307692307,0.3669384864933954,0.06392419314985694,-0.04242949358483899,0.06460902676081656,-0.051526035723872314,-0.1320150209548639,0.014612618843117436,240.6788954419612,0.0200712088128796,0.042316724669345,-0.746970578322265,0.36341135346746983,-0.8074399129557575,-0.44601804724297706,0.29987116592337487,0.07167993429838335,-0.2109110141386286
519688,0.13359584615384618,0.28834164283544267,0.01822610080361453,0.11958060602506058,0.05204166709362049,-0.06748310989371678,-0.09804576904062699,0.0723557188356026,152.85537213328186,0.0084335144521205,0.04775439526110155,-0.6827782020860825,-0.5033060563958478,-0.0616153462512177,-0.6309914760364064,-0.18199070147360552,0.0754106293745775,-0.33087852547809704
519698,0.12472153846153847,0.2872565165676292,0.03496185050152452,0.10807579485568905,0.07003896960315799,-0.0914068257032028,-0.10120573701704728,0.042747897562102274,253.28320388423091,0.008386301525097,0.0704965586102714,-0.7067671287671464,-0.18589312107260655,-0.11457853080622406,-0.7439974663186014,-0.030250137518916892,0.07114451019248481,-0.28505697904850175
519704,0.11899776923076924,0.21002223825467972,-0.015195324575148406,0.3146221716923659,0.055185548874646474,-0.057706234974973,-0.07928735600524398,0.13939134202672837,147.70381295099287,0.0074123020035549,0.051328320771997366,-0.4254519465137232,-1.137182215136715,0.8362718321003738,-0.5379806215463603,-0.6031384426803268,0.07562946478167609,-0.2986419881658459
519770,0.14843392682926831,0.3289172577722,0.015600287790805117,0.5643398050187798,0.17015158731180388,-0.06679255912585853,-0.14582943444642787,0.08323850302887927,215.44915146157885,0.0376355243517906,0.06185961633150749,-0.7929777560069932,-0.5531076506506833,1.9858640249489194,-0.09859593828480377,0.08950583436851828,0.07275167997761812,0.11724003239209596
519771,0.14938917073170732,0.33117705726717045,0.016307542133966922,0.558088973985817,0.17093087312708297,-0.06228915490607881,-0.14413954796551973,0.08776364681748791,215.44915146157885,0.0377821022107242,0.06176364101087234,-0.798705728443697,-0.5396937503991078,1.957087897053632,-0.05873676806457086,0.05824428631642983,0.07275167997761812,0.11515793607338405
519773,0.2534437692307692,0.1922978192552678,0.038610880380260386,0.0657672132641177,0.20823073171871984,-0.04233716968552821,-0.08721874059868623,0.15039348556070053,168.56395350741533,0.0198844862273969,0.061303691891330836,0.0704636642532829,-0.11668503026109017,-0.30934897789191435,0.2688284062088335,-0.5986400595158885,0.07474333745803145,-0.1017731099581242
530019,0.24901688461538463,0.256962987463774,0.0067177526910784675,0.05909882155568596,0.07320333469893466,-0.06127392703132013,-0.1405992685981353,0.08474119655797407,339.60657402869657,0.0068101994624386,0.07084991289047,-0.19436288053020984,-0.7215752478607477,-0.3400473748963771,-0.486437814334858,0.04790545814056361,0.06747754079948375,-0.2711733864470242
570001,0.1503936923076923,0.20068054728538295,0.05678189568637724,0.10341095572145953,0.0415964495110943,-0.06253647235380443,-0.20624048959737148,0.1494971591415361,78.74477153971227,0.028730634835778,0.05082864932497996,-0.28947029345293457,0.22794938470260784,-0.1360534365954957,-0.6376170843457859,0.2011509259023827,0.07855880701892506,-0.0925802827950501
570008,0.19698323076923077,0.25484723080315247,0.07670422070584947,0.11648821771207461,0.0572629541166354,-0.09449964330106246,-0.16372319161401047,0.10822125670471806,102.68827021381254,0.030192803978219798,0.08062379194678025,-0.3514879508487321,0.6057994229165541,-0.07585136721020991,-0.8259705464870336,0.09894360593252206,0.07754170033446232,-0.07850418922707285
580001,0.28659680769230766,0.3132035074383714,0.02593045312690669,0.19208763418696134,0.07270521453418279,-0.05509069178120418,-0.15405053937916335,0.0173695809909045,311.7724126276017,0.0401442996698237,0.06444570719318335,-0.2930493165548668,-0.35718406426268423,0.2721757136400824,-0.4387049283426933,0.4350492725849792,0.06865992070155261,-0.052175567038938366
580002,0.31746480769230767,0.24756893045790299,-0.015877089685475323,0.19548134509864967,0.08320701810384296,-0.07419829469622401,-0.029498441441488832,-0.009519486612090781,288.93288560805433,0.0008387809226583,0.06488864033015487,0.05954936172787045,-1.1501126824761534,0.2877988937771543,-0.5462341413546525,-0.2791482361167424,0.06963013127594443,-0.25975277886109654
580006,0.4269629615384615,0.13758722720909686,0.09922961616704816,-0.08955358906470388,0.10636074939453406,-0.05980318335877824,-0.11389167932135942,-0.17146181623474027,546.0645347128049,0.0164518180211361,0.06303520646244443,0.8339550645514777,1.0330197161041839,-1.0243789073594496,-0.32666052904767856,0.9995356650720266,0.05870731992530972,0.2623630548743116
610006,0.28617776923076926,0.16473913102560125,0.07325550407268351,-0.05946754967471242,0.08872084389414468,-0.08473780663187826,-0.22470060567872235,0.1657971059695211,316.41379342626163,0.0023593446636821,0.0702992020843248,0.2813393468469093,0.5403905055157401,-0.8858757686913896,-0.6067896128263298,0.25267884846175287,0.06846275739222553,-0.05829898721684861
630001,0.24971338461538461,0.32319339610701525,0.016735082726407613,-0.21496974336013877,0.07747857274747866,-0.06328293619902027,-0.026296061511229804,0.17888887867533743,414.0490915709718,-0.0110441703170539,0.04689430417294468,-0.4489803322200898,-0.5315849463798062,-1.6017407456668855,-0.4835994722601283,-1.1317026818325664,0.06431526350529762,-0.6888821524756965
630002,0.2501715769230769,0.1880092897158089,0.05273919377156917,0.45761318779559446,0.05572185490030506,-0.028413565489521658,-0.03911409228592708,0.13066197171853086,68.2958665292253,0.0325467572862088,0.055057155598358505,0.07669693564876506,0.15127484638919325,1.4945407479557635,-0.29893140088941184,-0.8332476913750858,0.07900267076983872,0.11155601808317712
630010,0.23309676923076922,0.33342047690797394,0.0590419843944079,-0.053043259904049525,0.07005976059091269,-0.06891291596934414,-0.11139205678631675,0.16298929737025805,345.86048607516807,0.0239497496347897,0.05421437854503865,-0.5414362064335269,0.2708145926470427,-0.8563011116414516,-0.5621751982289847,-0.4925705548284043,0.06721187804764085,-0.3524094334062806
630011,0.2554608461538461,0.3889593942102184,0.008572932900604709,0.18934114281253622,0.08276912459188514,-0.050135926729935096,-0.07423222391872948,0.08857046115288342,341.0822723234824,0.0193038445774016,0.035953710501297295,-0.6857481568748822,-0.6863895999818929,0.2595320528792986,-0.3537861257245026,-0.41274904144535646,0.06741485394572413,-0.3019543362002685
660005,0.20421592307692307,0.38404818209466884,0.027077539514065427,0.006332273238132403,0.08601864942826241,-0.07270271514052468,-0.21530040663404482,0.14504382696576798,173.67117911770808,0.0117034284132716,0.041634055203030644,-0.829526835842314,-0.33542823833378327,-0.5829617865916638,-0.5216102941921386,0.2813752720120288,0.0745263853167428,-0.3189375829385213
660015,0.26080246153846154,0.324758790232264,0.01086095613906917,0.36296411724467553,0.09131730764045344,-0.04509313641046053,-0.1888735514215177,0.017094384017465606,351.8054886465419,0.027268419578872802,0.07777463765206087,-0.41981668626745566,-0.6429945812155995,1.058817282550814,-0.274916898716092,0.6691067630478695,0.06695933760078322,0.07619253616671992
720001,0.2753623103448276,0.37972137763975367,0.05170777687720094,0.18820312734278424,0.19650854287717012,-0.06854903552332833,-0.06966442552919168,0.15436160478177283,330.9266307092924,0.0305620826586674,0.06931699840727804,-0.5866905634416835,0.13171282676695387,0.2542931208826234,0.004775745490693095,-0.7335215957477371,0.06784626002849406,-0.14359736767010936
740001,0.20490422807017544,0.3742951505306097,0.03491853422246719,0.06854996105055988,0.160654810598063,-0.1069340398130856,-0.1430027950168615,0.16488854282971926,629.1160076415719,0.021377050436207,0.04429723745474484,-0.7895192131204991,-0.18671466462643876,-0.29653840826033795,-0.46526051201071583,-0.2895841819158455,0.05517933893054812,-0.32873960683388154
952004,0.31098188461538456,0.3011814196886795,0.020700162184296458,0.04364010053441953,0.07476580168916819,-0.029968944813581203,-0.06020828008130663,0.11652247236868506,142.01786619741185,0.0051335458709199,0.04936910799314362,-0.16894950996273222,-0.4563826081376444,-0.41121265369846416,-0.2265539284646596,-0.6298269840673324,0.07587100067955313,-0.3028424472752133
959991,0.1164348,0.3090609906345011,0.05021980346755686,0.019887872913946777,0.181489282478582,-0.08475309978480496,-0.0753063352265872,0.08407255704095674,194.56198237540693,0.0050203126537921,0.06462495934759373,-0.8176511906608945,0.10349168244038442,-0.5205576569788906,-0.19312956816100504,-0.3857250285381403,0.07363895545837437,-0.28998880107336195
