证券代码,证券简称,日期,月涨跌幅
430560.NQ,西部泰力,20260831,0.0
430560.NQ,西部泰力,20260830,0.0
430560.NQ,西部泰力,20260829,0.0
430560.NQ,西部泰力,20260828,0.0
430560.NQ,西部泰力,20260827,0.0
430560.NQ,西部泰力,20260826,0.0
430560.NQ,西部泰力,20260825,0.0
430560.NQ,西部泰力,20260824,0.0
430560.NQ,西部泰力,20260823,0.0
430560.NQ,西部泰力,20260822,0.0
430560.NQ,西部泰力,20260821,0.0
430560.NQ,西部泰力,20260820,0.0
430560.NQ,西部泰力,20260819,0.0
430560.NQ,西部泰力,20260818,0.0
430560.NQ,西部泰力,20260817,0.0
430560.NQ,西部泰力,20260816,0.0
430560.NQ,西部泰力,20260815,0.0
430560.NQ,西部泰力,20260814,0.0
430560.NQ,西部泰力,20260813,0.0
430560.NQ,西部泰力,20260812,0.0
430560.NQ,西部泰力,20260811,0.0
430560.NQ,西部泰力,20260810,0.0
430560.NQ,西部泰力,20260809,0.0
430560.NQ,西部泰力,20260808,0.0
430560.NQ,西部泰力,20260807,0.0
430560.NQ,西部泰力,20260806,0.0
430560.NQ,西部泰力,20260805,0.0
430560.NQ,西部泰力,20260804,0.0
430560.NQ,西部泰力,20260803,0.0
430560.NQ,西部泰力,20260802,0.0
430560.NQ,西部泰力,20260801,0.0
430560.NQ,西部泰力,20260731,-1.4925373134328
430560.NQ,西部泰力,20260730,-1.4925373134328
430560.NQ,西部泰力,20260729,-1.4925373134328
430560.NQ,西部泰力,20260728,-1.4925373134328
430560.NQ,西部泰力,20260727,-1.4925373134328
430560.NQ,西部泰力,20260726,-1.4925373134328
430560.NQ,西部泰力,20260725,-1.4925373134328
430560.NQ,西部泰力,20260724,-1.4925373134328
430560.NQ,西部泰力,20260723,-1.4925373134328
430560.NQ,西部泰力,20260722,-1.4925373134328
430560.NQ,西部泰力,20260721,-1.4925373134328
430560.NQ,西部泰力,20260720,-1.4925373134328
430560.NQ,西部泰力,20260719,-1.4925373134328
430560.NQ,西部泰力,20260718,-1.4925373134328
430560.NQ,西部泰力,20260717,-1.4925373134328
430560.NQ,西部泰力,20260716,-1.4925373134328
430560.NQ,西部泰力,20260715,-1.4925373134328
430560.NQ,西部泰力,20260714,-1.4925373134328
430560.NQ,西部泰力,20260713,-1.4925373134328
430560.NQ,西部泰力,20260712,-1.4925373134328
430560.NQ,西部泰力,20260711,-1.4925373134328
430560.NQ,西部泰力,20260710,-1.4925373134328
430560.NQ,西部泰力,20260709,-1.4925373134328
430560.NQ,西部泰力,20260708,-1.4925373134328
430560.NQ,西部泰力,20260707,-1.4925373134328
430560.NQ,西部泰力,20260706,-1.4925373134328
430560.NQ,西部泰力,20260705,-1.4925373134328
430560.NQ,西部泰力,20260704,-1.4925373134328
430560.NQ,西部泰力,20260703,-1.4925373134328
430560.NQ,西部泰力,20260702,-1.4925373134328
430560.NQ,西部泰力,20260701,-1.4925373134328
430560.NQ,西部泰力,20260630,0.0
430560.NQ,西部泰力,20260629,0.0
430560.NQ,西部泰力,20260628,0.0
430560.NQ,西部泰力,20260627,0.0
430560.NQ,西部泰力,20260626,0.0
430560.NQ,西部泰力,20260625,0.0
430560.NQ,西部泰力,20260624,0.0
430560.NQ,西部泰力,20260623,0.0
430560.NQ,西部泰力,20260622,0.0
430560.NQ,西部泰力,20260621,0.0
430560.NQ,西部泰力,20260620,0.0
430560.NQ,西部泰力,20260619,0.0
430560.NQ,西部泰力,20260618,0.0
430560.NQ,西部泰力,20260617,0.0
430560.NQ,西部泰力,20260616,0.0
430560.NQ,西部泰力,20260615,0.0
430560.NQ,西部泰力,20260614,0.0
430560.NQ,西部泰力,20260613,0.0
430560.NQ,西部泰力,20260612,0.0
430560.NQ,西部泰力,20260611,0.0
430560.NQ,西部泰力,20260610,0.0
430560.NQ,西部泰力,20260609,0.0
430560.NQ,西部泰力,20260608,0.0
430560.NQ,西部泰力,20260607,0.0
430560.NQ,西部泰力,20260606,0.0
430560.NQ,西部泰力,20260605,0.0
430560.NQ,西部泰力,20260604,0.0
430560.NQ,西部泰力,20260603,0.0
430560.NQ,西部泰力,20260602,0.0
430560.NQ,西部泰力,20260601,0.0
430560.NQ,西部泰力,20260531,-33.0
430560.NQ,西部泰力,20260530,-33.0
430560.NQ,西部泰力,20260529,-33.0
430560.NQ,西部泰力,20260528,-33.0
430560.NQ,西部泰力,20260527,-33.0
430560.NQ,西部泰力,20260526,-33.0
430560.NQ,西部泰力,20260525,-33.0
430560.NQ,西部泰力,20260524,-33.0
430560.NQ,西部泰力,20260523,-33.0
430560.NQ,西部泰力,20260522,-33.0
430560.NQ,西部泰力,20260521,-33.0
430560.NQ,西部泰力,20260520,-33.0
430560.NQ,西部泰力,20260519,-33.0
430560.NQ,西部泰力,20260518,-33.0
430560.NQ,西部泰力,20260517,-33.0
430560.NQ,西部泰力,20260516,-33.0
430560.NQ,西部泰力,20260515,-33.0
430560.NQ,西部泰力,20260514,-33.0
430560.NQ,西部泰力,20260513,-33.0
430560.NQ,西部泰力,20260512,-33.0
430560.NQ,西部泰力,20260511,-33.0
430560.NQ,西部泰力,20260510,-33.0
430560.NQ,西部泰力,20260509,-33.0
430560.NQ,西部泰力,20260508,-33.0
430560.NQ,西部泰力,20260507,-33.0
430560.NQ,西部泰力,20260506,-33.0
430560.NQ,西部泰力,20260505,-33.0
430560.NQ,西部泰力,20260504,-33.0
430560.NQ,西部泰力,20260503,-33.0
430560.NQ,西部泰力,20260502,-33.0
430560.NQ,西部泰力,20260501,-33.0
430560.NQ,西部泰力,20260430,0.0
430560.NQ,西部泰力,20260429,0.0
430560.NQ,西部泰力,20260428,0.0
430560.NQ,西部泰力,20260427,0.0
430560.NQ,西部泰力,20260426,0.0
430560.NQ,西部泰力,20260425,0.0
430560.NQ,西部泰力,20260424,0.0
430560.NQ,西部泰力,20260423,0.0
430560.NQ,西部泰力,20260422,0.0
430560.NQ,西部泰力,20260421,0.0
430560.NQ,西部泰力,20260420,0.0
430560.NQ,西部泰力,20260419,0.0
430560.NQ,西部泰力,20260418,0.0
430560.NQ,西部泰力,20260417,0.0
430560.NQ,西部泰力,20260416,0.0
430560.NQ,西部泰力,20260415,0.0
430560.NQ,西部泰力,20260414,0.0
430560.NQ,西部泰力,20260413,0.0
430560.NQ,西部泰力,20260412,0.0
430560.NQ,西部泰力,20260411,0.0
430560.NQ,西部泰力,20260410,0.0
430560.NQ,西部泰力,20260409,0.0
430560.NQ,西部泰力,20260408,0.0
430560.NQ,西部泰力,20260407,0.0
430560.NQ,西部泰力,20260406,0.0
430560.NQ,西部泰力,20260405,0.0
430560.NQ,西部泰力,20260404,0.0
430560.NQ,西部泰力,20260403,0.0
430560.NQ,西部泰力,20260402,0.0
430560.NQ,西部泰力,20260401,0.0
430560.NQ,西部泰力,20260331,0.0
430560.NQ,西部泰力,20260330,0.0
430560.NQ,西部泰力,20260329,0.0
430560.NQ,西部泰力,20260328,0.0
430560.NQ,西部泰力,20260327,0.0
430560.NQ,西部泰力,20260326,0.0
430560.NQ,西部泰力,20260325,0.0
430560.NQ,西部泰力,20260324,0.0
430560.NQ,西部泰力,20260323,0.0
430560.NQ,西部泰力,20260322,0.0
430560.NQ,西部泰力,20260321,0.0
430560.NQ,西部泰力,20260320,0.0
430560.NQ,西部泰力,20260319,0.0
430560.NQ,西部泰力,20260318,0.0
430560.NQ,西部泰力,20260317,0.0
430560.NQ,西部泰力,20260316,0.0
430560.NQ,西部泰力,20260315,0.0
430560.NQ,西部泰力,20260314,0.0
430560.NQ,西部泰力,20260313,0.0
430560.NQ,西部泰力,20260312,0.0
430560.NQ,西部泰力,20260311,0.0
430560.NQ,西部泰力,20260310,0.0
430560.NQ,西部泰力,20260309,0.0
430560.NQ,西部泰力,20260308,0.0
430560.NQ,西部泰力,20260307,0.0
430560.NQ,西部泰力,20260306,0.0
430560.NQ,西部泰力,20260305,0.0
430560.NQ,西部泰力,20260304,0.0
430560.NQ,西部泰力,20260303,0.0
430560.NQ,西部泰力,20260302,0.0
430560.NQ,西部泰力,20260301,0.0
430560.NQ,西部泰力,20260228,0.0
430560.NQ,西部泰力,20260227,0.0
430560.NQ,西部泰力,20260226,0.0
430560.NQ,西部泰力,20260225,0.0
430560.NQ,西部泰力,20260224,0.0
430560.NQ,西部泰力,20260223,0.0
430560.NQ,西部泰力,20260222,0.0
430560.NQ,西部泰力,20260221,0.0
430560.NQ,西部泰力,20260220,0.0
430560.NQ,西部泰力,20260219,0.0
430560.NQ,西部泰力,20260218,0.0
430560.NQ,西部泰力,20260217,0.0
430560.NQ,西部泰力,20260216,0.0
430560.NQ,西部泰力,20260215,0.0
430560.NQ,西部泰力,20260214,0.0
430560.NQ,西部泰力,20260213,0.0
430560.NQ,西部泰力,20260212,0.0
430560.NQ,西部泰力,20260211,0.0
430560.NQ,西部泰力,20260210,0.0
430560.NQ,西部泰力,20260209,0.0
430560.NQ,西部泰力,20260208,0.0
430560.NQ,西部泰力,20260207,0.0
430560.NQ,西部泰力,20260206,0.0
430560.NQ,西部泰力,20260205,0.0
430560.NQ,西部泰力,20260204,0.0
430560.NQ,西部泰力,20260203,0.0
430560.NQ,西部泰力,20260202,0.0
430560.NQ,西部泰力,20260201,0.0
430560.NQ,西部泰力,20260131,0.0
430560.NQ,西部泰力,20260130,0.0
430560.NQ,西部泰力,20260129,0.0
430560.NQ,西部泰力,20260128,0.0
430560.NQ,西部泰力,20260127,0.0
430560.NQ,西部泰力,20260126,0.0
430560.NQ,西部泰力,20260125,0.0
430560.NQ,西部泰力,20260124,0.0
430560.NQ,西部泰力,20260123,0.0
430560.NQ,西部泰力,20260122,0.0
430560.NQ,西部泰力,20260121,0.0
430560.NQ,西部泰力,20260120,0.0
430560.NQ,西部泰力,20260119,0.0
430560.NQ,西部泰力,20260118,0.0
430560.NQ,西部泰力,20260117,0.0
430560.NQ,西部泰力,20260116,0.0
430560.NQ,西部泰力,20260115,0.0
430560.NQ,西部泰力,20260114,0.0
430560.NQ,西部泰力,20260113,0.0
430560.NQ,西部泰力,20260112,0.0
430560.NQ,西部泰力,20260111,0.0
430560.NQ,西部泰力,20260110,0.0
430560.NQ,西部泰力,20260109,0.0
430560.NQ,西部泰力,20260108,0.0
430560.NQ,西部泰力,20260107,0.0
430560.NQ,西部泰力,20260106,0.0
430560.NQ,西部泰力,20260105,0.0
430560.NQ,西部泰力,20260104,0.0
430560.NQ,西部泰力,20260103,0.0
430560.NQ,西部泰力,20260102,0.0
430560.NQ,西部泰力,20260101,0.0
430560.NQ,西部泰力,20251231,0.0
430560.NQ,西部泰力,20251230,0.0
430560.NQ,西部泰力,20251229,0.0
430560.NQ,西部泰力,20251228,0.0
430560.NQ,西部泰力,20251227,0.0
430560.NQ,西部泰力,20251226,0.0
430560.NQ,西部泰力,20251225,0.0
430560.NQ,西部泰力,20251224,0.0
430560.NQ,西部泰力,20251223,0.0
430560.NQ,西部泰力,20251222,0.0
430560.NQ,西部泰力,20251221,0.0
430560.NQ,西部泰力,20251220,0.0
430560.NQ,西部泰力,20251219,0.0
430560.NQ,西部泰力,20251218,0.0
430560.NQ,西部泰力,20251217,0.0
430560.NQ,西部泰力,20251216,0.0
430560.NQ,西部泰力,20251215,0.0
430560.NQ,西部泰力,20251214,0.0
430560.NQ,西部泰力,20251213,0.0
430560.NQ,西部泰力,20251212,0.0
430560.NQ,西部泰力,20251211,0.0
430560.NQ,西部泰力,20251210,0.0
430560.NQ,西部泰力,20251209,0.0
430560.NQ,西部泰力,20251208,0.0
430560.NQ,西部泰力,20251207,0.0
430560.NQ,西部泰力,20251206,0.0
430560.NQ,西部泰力,20251205,0.0
430560.NQ,西部泰力,20251204,0.0
430560.NQ,西部泰力,20251203,0.0
430560.NQ,西部泰力,20251202,0.0
430560.NQ,西部泰力,20251201,0.0
430560.NQ,西部泰力,20251130,0.0
430560.NQ,西部泰力,20251129,0.0
430560.NQ,西部泰力,20251128,0.0
430560.NQ,西部泰力,20251127,0.0
430560.NQ,西部泰力,20251126,0.0
430560.NQ,西部泰力,20251125,0.0
430560.NQ,西部泰力,20251124,0.0
430560.NQ,西部泰力,20251123,0.0
430560.NQ,西部泰力,20251122,0.0
430560.NQ,西部泰力,20251121,0.0
430560.NQ,西部泰力,20251120,0.0
430560.NQ,西部泰力,20251119,0.0
430560.NQ,西部泰力,20251118,0.0
430560.NQ,西部泰力,20251117,0.0
430560.NQ,西部泰力,20251116,0.0
430560.NQ,西部泰力,20251115,0.0
430560.NQ,西部泰力,20251114,0.0
430560.NQ,西部泰力,20251113,0.0
430560.NQ,西部泰力,20251112,0.0
430560.NQ,西部泰力,20251111,0.0
430560.NQ,西部泰力,20251110,0.0
430560.NQ,西部泰力,20251109,0.0
430560.NQ,西部泰力,20251108,0.0
430560.NQ,西部泰力,20251107,0.0
430560.NQ,西部泰力,20251106,0.0
430560.NQ,西部泰力,20251105,0.0
430560.NQ,西部泰力,20251104,0.0
430560.NQ,西部泰力,20251103,0.0
430560.NQ,西部泰力,20251102,0.0
430560.NQ,西部泰力,20251101,0.0
430560.NQ,西部泰力,20251031,0.0
430560.NQ,西部泰力,20251030,0.0
430560.NQ,西部泰力,20251029,0.0
430560.NQ,西部泰力,20251028,0.0
430560.NQ,西部泰力,20251027,0.0
430560.NQ,西部泰力,20251026,0.0
430560.NQ,西部泰力,20251025,0.0
430560.NQ,西部泰力,20251024,0.0
430560.NQ,西部泰力,20251023,0.0
430560.NQ,西部泰力,20251022,0.0
430560.NQ,西部泰力,20251021,0.0
430560.NQ,西部泰力,20251020,0.0
430560.NQ,西部泰力,20251019,0.0
430560.NQ,西部泰力,20251018,0.0
430560.NQ,西部泰力,20251017,0.0
430560.NQ,西部泰力,20251016,0.0
430560.NQ,西部泰力,20251015,0.0
430560.NQ,西部泰力,20251014,0.0
430560.NQ,西部泰力,20251013,0.0
430560.NQ,西部泰力,20251012,0.0
430560.NQ,西部泰力,20251011,0.0
430560.NQ,西部泰力,20251010,0.0
430560.NQ,西部泰力,20251009,0.0
430560.NQ,西部泰力,20251008,0.0
430560.NQ,西部泰力,20251007,0.0
430560.NQ,西部泰力,20251006,0.0
430560.NQ,西部泰力,20251005,0.0
430560.NQ,西部泰力,20251004,0.0
430560.NQ,西部泰力,20251003,0.0
430560.NQ,西部泰力,20251002,0.0
430560.NQ,西部泰力,20251001,0.0
430560.NQ,西部泰力,20250930,-22.480620155039
430560.NQ,西部泰力,20250929,-22.480620155039
430560.NQ,西部泰力,20250928,-22.480620155039
430560.NQ,西部泰力,20250927,-22.480620155039
430560.NQ,西部泰力,20250926,-22.480620155039
430560.NQ,西部泰力,20250925,-22.480620155039
430560.NQ,西部泰力,20250924,-22.480620155039
430560.NQ,西部泰力,20250923,-22.480620155039
430560.NQ,西部泰力,20250922,-22.480620155039
430560.NQ,西部泰力,20250921,-22.480620155039
430560.NQ,西部泰力,20250920,-22.480620155039
430560.NQ,西部泰力,20250919,-22.480620155039
430560.NQ,西部泰力,20250918,-22.480620155039
430560.NQ,西部泰力,20250917,-22.480620155039
430560.NQ,西部泰力,20250916,-22.480620155039
430560.NQ,西部泰力,20250915,-22.480620155039
430560.NQ,西部泰力,20250914,-22.480620155039
430560.NQ,西部泰力,20250913,-22.480620155039
430560.NQ,西部泰力,20250912,-22.480620155039
430560.NQ,西部泰力,20250911,-22.480620155039
430560.NQ,西部泰力,20250910,-22.480620155039
430560.NQ,西部泰力,20250909,-22.480620155039
430560.NQ,西部泰力,20250908,-22.480620155039
430560.NQ,西部泰力,20250907,-22.480620155039
430560.NQ,西部泰力,20250906,-22.480620155039
430560.NQ,西部泰力,20250905,-22.480620155039
430560.NQ,西部泰力,20250904,-22.480620155039
430560.NQ,西部泰力,20250903,-22.480620155039
430560.NQ,西部泰力,20250902,-22.480620155039
430560.NQ,西部泰力,20250901,-22.480620155039
430560.NQ,西部泰力,20250831,0.0
430560.NQ,西部泰力,20250830,0.0
430560.NQ,西部泰力,20250829,0.0
430560.NQ,西部泰力,20250828,0.0
430560.NQ,西部泰力,20250827,0.0
430560.NQ,西部泰力,20250826,0.0
430560.NQ,西部泰力,20250825,0.0
430560.NQ,西部泰力,20250824,0.0
430560.NQ,西部泰力,20250823,0.0
430560.NQ,西部泰力,20250822,0.0
430560.NQ,西部泰力,20250821,0.0
430560.NQ,西部泰力,20250820,0.0
430560.NQ,西部泰力,20250819,0.0
430560.NQ,西部泰力,20250818,0.0
430560.NQ,西部泰力,20250817,0.0
430560.NQ,西部泰力,20250816,0.0
430560.NQ,西部泰力,20250815,0.0
430560.NQ,西部泰力,20250814,0.0
430560.NQ,西部泰力,20250813,0.0
430560.NQ,西部泰力,20250812,0.0
430560.NQ,西部泰力,20250811,0.0
430560.NQ,西部泰力,20250810,0.0
430560.NQ,西部泰力,20250809,0.0
430560.NQ,西部泰力,20250808,0.0
430560.NQ,西部泰力,20250807,0.0
430560.NQ,西部泰力,20250806,0.0
430560.NQ,西部泰力,20250805,0.0
430560.NQ,西部泰力,20250804,0.0
430560.NQ,西部泰力,20250803,0.0
430560.NQ,西部泰力,20250802,0.0
430560.NQ,西部泰力,20250801,0.0
430560.NQ,西部泰力,20250731,0.0
430560.NQ,西部泰力,20250730,0.0
430560.NQ,西部泰力,20250729,0.0
430560.NQ,西部泰力,20250728,0.0
430560.NQ,西部泰力,20250727,0.0
430560.NQ,西部泰力,20250726,0.0
430560.NQ,西部泰力,20250725,0.0
430560.NQ,西部泰力,20250724,0.0
430560.NQ,西部泰力,20250723,0.0
430560.NQ,西部泰力,20250722,0.0
430560.NQ,西部泰力,20250721,0.0
430560.NQ,西部泰力,20250720,0.0
430560.NQ,西部泰力,20250719,0.0
430560.NQ,西部泰力,20250718,0.0
430560.NQ,西部泰力,20250717,0.0
430560.NQ,西部泰力,20250716,0.0
430560.NQ,西部泰力,20250715,0.0
430560.NQ,西部泰力,20250714,0.0
430560.NQ,西部泰力,20250713,0.0
430560.NQ,西部泰力,20250712,0.0
430560.NQ,西部泰力,20250711,0.0
430560.NQ,西部泰力,20250710,0.0
430560.NQ,西部泰力,20250709,0.0
430560.NQ,西部泰力,20250708,0.0
430560.NQ,西部泰力,20250707,0.0
430560.NQ,西部泰力,20250706,0.0
430560.NQ,西部泰力,20250705,0.0
430560.NQ,西部泰力,20250704,0.0
430560.NQ,西部泰力,20250703,0.0
430560.NQ,西部泰力,20250702,0.0
430560.NQ,西部泰力,20250701,0.0
430560.NQ,西部泰力,20250630,0.0
430560.NQ,西部泰力,20250629,0.0
430560.NQ,西部泰力,20250628,0.0
430560.NQ,西部泰力,20250627,0.0
430560.NQ,西部泰力,20250626,0.0
430560.NQ,西部泰力,20250625,0.0
430560.NQ,西部泰力,20250624,0.0
430560.NQ,西部泰力,20250623,0.0
430560.NQ,西部泰力,20250622,0.0
430560.NQ,西部泰力,20250621,0.0
430560.NQ,西部泰力,20250620,0.0
430560.NQ,西部泰力,20250619,0.0
430560.NQ,西部泰力,20250618,0.0
430560.NQ,西部泰力,20250617,0.0
430560.NQ,西部泰力,20250616,0.0
430560.NQ,西部泰力,20250615,0.0
430560.NQ,西部泰力,20250614,0.0
430560.NQ,西部泰力,20250613,0.0
430560.NQ,西部泰力,20250612,0.0
430560.NQ,西部泰力,20250611,0.0
430560.NQ,西部泰力,20250610,0.0
430560.NQ,西部泰力,20250609,0.0
430560.NQ,西部泰力,20250608,0.0
430560.NQ,西部泰力,20250607,0.0
430560.NQ,西部泰力,20250606,0.0
430560.NQ,西部泰力,20250605,0.0
430560.NQ,西部泰力,20250604,0.0
430560.NQ,西部泰力,20250603,0.0
430560.NQ,西部泰力,20250602,0.0
430560.NQ,西部泰力,20250601,0.0
430560.NQ,西部泰力,20250531,0.0
430560.NQ,西部泰力,20250530,0.0
430560.NQ,西部泰力,20250529,0.0
430560.NQ,西部泰力,20250528,0.0
430560.NQ,西部泰力,20250527,0.0
430560.NQ,西部泰力,20250526,0.0
430560.NQ,西部泰力,20250525,0.0
430560.NQ,西部泰力,20250524,0.0
430560.NQ,西部泰力,20250523,0.0
430560.NQ,西部泰力,20250522,0.0
430560.NQ,西部泰力,20250521,0.0
430560.NQ,西部泰力,20250520,0.0
430560.NQ,西部泰力,20250519,0.0
430560.NQ,西部泰力,20250518,0.0
430560.NQ,西部泰力,20250517,0.0
430560.NQ,西部泰力,20250516,0.0
430560.NQ,西部泰力,20250515,0.0
430560.NQ,西部泰力,20250514,0.0
430560.NQ,西部泰力,20250513,0.0
430560.NQ,西部泰力,20250512,0.0
430560.NQ,西部泰力,20250511,0.0
430560.NQ,西部泰力,20250510,0.0
430560.NQ,西部泰力,20250509,0.0
430560.NQ,西部泰力,20250508,0.0
430560.NQ,西部泰力,20250507,0.0
430560.NQ,西部泰力,20250506,0.0
430560.NQ,西部泰力,20250505,0.0
430560.NQ,西部泰力,20250504,0.0
430560.NQ,西部泰力,20250503,0.0
430560.NQ,西部泰力,20250502,0.0
430560.NQ,西部泰力,20250501,0.0
430560.NQ,西部泰力,20250430,0.0
430560.NQ,西部泰力,20250429,0.0
430560.NQ,西部泰力,20250428,0.0
430560.NQ,西部泰力,20250427,0.0
430560.NQ,西部泰力,20250426,0.0
430560.NQ,西部泰力,20250425,0.0
430560.NQ,西部泰力,20250424,0.0
430560.NQ,西部泰力,20250423,0.0
430560.NQ,西部泰力,20250422,0.0
430560.NQ,西部泰力,20250421,0.0
430560.NQ,西部泰力,20250420,0.0
430560.NQ,西部泰力,20250419,0.0
430560.NQ,西部泰力,20250418,0.0
430560.NQ,西部泰力,20250417,0.0
430560.NQ,西部泰力,20250416,0.0
430560.NQ,西部泰力,20250415,0.0
430560.NQ,西部泰力,20250414,0.0
430560.NQ,西部泰力,20250413,0.0
430560.NQ,西部泰力,20250412,0.0
430560.NQ,西部泰力,20250411,0.0
430560.NQ,西部泰力,20250410,0.0
430560.NQ,西部泰力,20250409,0.0
430560.NQ,西部泰力,20250408,0.0
430560.NQ,西部泰力,20250407,0.0
430560.NQ,西部泰力,20250406,0.0
430560.NQ,西部泰力,20250405,0.0
430560.NQ,西部泰力,20250404,0.0
430560.NQ,西部泰力,20250403,0.0
430560.NQ,西部泰力,20250402,0.0
430560.NQ,西部泰力,20250401,0.0
430560.NQ,西部泰力,20250331,0.0
430560.NQ,西部泰力,20250330,0.0
430560.NQ,西部泰力,20250329,0.0
430560.NQ,西部泰力,20250328,0.0
430560.NQ,西部泰力,20250327,0.0
430560.NQ,西部泰力,20250326,0.0
430560.NQ,西部泰力,20250325,0.0
430560.NQ,西部泰力,20250324,0.0
430560.NQ,西部泰力,20250323,0.0
430560.NQ,西部泰力,20250322,0.0
430560.NQ,西部泰力,20250321,0.0
430560.NQ,西部泰力,20250320,0.0
430560.NQ,西部泰力,20250319,0.0
430560.NQ,西部泰力,20250318,0.0
430560.NQ,西部泰力,20250317,0.0
430560.NQ,西部泰力,20250316,0.0
430560.NQ,西部泰力,20250315,0.0
430560.NQ,西部泰力,20250314,0.0
430560.NQ,西部泰力,20250313,0.0
430560.NQ,西部泰力,20250312,0.0
430560.NQ,西部泰力,20250311,0.0
430560.NQ,西部泰力,20250310,0.0
430560.NQ,西部泰力,20250309,0.0
430560.NQ,西部泰力,20250308,0.0
430560.NQ,西部泰力,20250307,0.0
430560.NQ,西部泰力,20250306,0.0
430560.NQ,西部泰力,20250305,0.0
430560.NQ,西部泰力,20250304,0.0
430560.NQ,西部泰力,20250303,0.0
430560.NQ,西部泰力,20250302,0.0
430560.NQ,西部泰力,20250301,0.0
430560.NQ,西部泰力,20250228,0.0
430560.NQ,西部泰力,20250227,0.0
430560.NQ,西部泰力,20250226,0.0
430560.NQ,西部泰力,20250225,0.0
430560.NQ,西部泰力,20250224,0.0
430560.NQ,西部泰力,20250223,0.0
430560.NQ,西部泰力,20250222,0.0
430560.NQ,西部泰力,20250221,0.0
430560.NQ,西部泰力,20250220,0.0
430560.NQ,西部泰力,20250219,0.0
430560.NQ,西部泰力,20250218,0.0
430560.NQ,西部泰力,20250217,0.0
430560.NQ,西部泰力,20250216,0.0
430560.NQ,西部泰力,20250215,0.0
430560.NQ,西部泰力,20250214,0.0
430560.NQ,西部泰力,20250213,0.0
430560.NQ,西部泰力,20250212,0.0
430560.NQ,西部泰力,20250211,0.0
430560.NQ,西部泰力,20250210,0.0
430560.NQ,西部泰力,20250209,0.0
430560.NQ,西部泰力,20250208,0.0
430560.NQ,西部泰力,20250207,0.0
430560.NQ,西部泰力,20250206,0.0
430560.NQ,西部泰力,20250205,0.0
430560.NQ,西部泰力,20250204,0.0
430560.NQ,西部泰力,20250203,0.0
430560.NQ,西部泰力,20250202,0.0
430560.NQ,西部泰力,20250201,0.0
430560.NQ,西部泰力,20250131,17.272727272727
430560.NQ,西部泰力,20250130,17.272727272727
430560.NQ,西部泰力,20250129,17.272727272727
430560.NQ,西部泰力,20250128,17.272727272727
430560.NQ,西部泰力,20250127,17.272727272727
430560.NQ,西部泰力,20250126,17.272727272727
430560.NQ,西部泰力,20250125,17.272727272727
430560.NQ,西部泰力,20250124,17.272727272727
430560.NQ,西部泰力,20250123,17.272727272727
430560.NQ,西部泰力,20250122,17.272727272727
430560.NQ,西部泰力,20250121,17.272727272727
430560.NQ,西部泰力,20250120,17.272727272727
430560.NQ,西部泰力,20250119,17.272727272727
430560.NQ,西部泰力,20250118,17.272727272727
430560.NQ,西部泰力,20250117,17.272727272727
430560.NQ,西部泰力,20250116,17.272727272727
430560.NQ,西部泰力,20250115,17.272727272727
430560.NQ,西部泰力,20250114,17.272727272727
430560.NQ,西部泰力,20250113,17.272727272727
430560.NQ,西部泰力,20250112,17.272727272727
430560.NQ,西部泰力,20250111,17.272727272727
430560.NQ,西部泰力,20250110,17.272727272727
430560.NQ,西部泰力,20250109,17.272727272727
430560.NQ,西部泰力,20250108,17.272727272727
430560.NQ,西部泰力,20250107,17.272727272727
430560.NQ,西部泰力,20250106,17.272727272727
430560.NQ,西部泰力,20250105,17.272727272727
430560.NQ,西部泰力,20250104,17.272727272727
430560.NQ,西部泰力,20250103,17.272727272727
430560.NQ,西部泰力,20250102,17.272727272727
430560.NQ,西部泰力,20250101,17.272727272727
430560.NQ,西部泰力,20241231,0.0
430560.NQ,西部泰力,20241230,0.0
430560.NQ,西部泰力,20241229,0.0
430560.NQ,西部泰力,20241228,0.0
430560.NQ,西部泰力,20241227,0.0
430560.NQ,西部泰力,20241226,0.0
430560.NQ,西部泰力,20241225,0.0
430560.NQ,西部泰力,20241224,0.0
430560.NQ,西部泰力,20241223,0.0
430560.NQ,西部泰力,20241222,0.0
430560.NQ,西部泰力,20241221,0.0
430560.NQ,西部泰力,20241220,0.0
430560.NQ,西部泰力,20241219,0.0
430560.NQ,西部泰力,20241218,0.0
430560.NQ,西部泰力,20241217,0.0
430560.NQ,西部泰力,20241216,0.0
430560.NQ,西部泰力,20241215,0.0
430560.NQ,西部泰力,20241214,0.0
430560.NQ,西部泰力,20241213,0.0
430560.NQ,西部泰力,20241212,0.0
430560.NQ,西部泰力,20241211,0.0
430560.NQ,西部泰力,20241210,0.0
430560.NQ,西部泰力,20241209,0.0
430560.NQ,西部泰力,20241208,0.0
430560.NQ,西部泰力,20241207,0.0
430560.NQ,西部泰力,20241206,0.0
430560.NQ,西部泰力,20241205,0.0
430560.NQ,西部泰力,20241204,0.0
430560.NQ,西部泰力,20241203,0.0
430560.NQ,西部泰力,20241202,0.0
430560.NQ,西部泰力,20241201,0.0
430560.NQ,西部泰力,20241130,0.0
430560.NQ,西部泰力,20241129,0.0
430560.NQ,西部泰力,20241128,0.0
430560.NQ,西部泰力,20241127,0.0
430560.NQ,西部泰力,20241126,0.0
430560.NQ,西部泰力,20241125,0.0
430560.NQ,西部泰力,20241124,0.0
430560.NQ,西部泰力,20241123,0.0
430560.NQ,西部泰力,20241122,0.0
430560.NQ,西部泰力,20241121,0.0
430560.NQ,西部泰力,20241120,0.0
430560.NQ,西部泰力,20241119,0.0
430560.NQ,西部泰力,20241118,0.0
430560.NQ,西部泰力,20241117,0.0
430560.NQ,西部泰力,20241116,0.0
430560.NQ,西部泰力,20241115,0.0
430560.NQ,西部泰力,20241114,0.0
430560.NQ,西部泰力,20241113,0.0
430560.NQ,西部泰力,20241112,0.0
430560.NQ,西部泰力,20241111,0.0
430560.NQ,西部泰力,20241110,0.0
430560.NQ,西部泰力,20241109,0.0
430560.NQ,西部泰力,20241108,0.0
430560.NQ,西部泰力,20241107,0.0
430560.NQ,西部泰力,20241106,0.0
430560.NQ,西部泰力,20241105,0.0
430560.NQ,西部泰力,20241104,0.0
430560.NQ,西部泰力,20241103,0.0
430560.NQ,西部泰力,20241102,0.0
430560.NQ,西部泰力,20241101,0.0
430560.NQ,西部泰力,20241031,-29.487179487179
430560.NQ,西部泰力,20241030,-29.487179487179
430560.NQ,西部泰力,20241029,-29.487179487179
430560.NQ,西部泰力,20241028,-29.487179487179
430560.NQ,西部泰力,20241027,-29.487179487179
430560.NQ,西部泰力,20241026,-29.487179487179
430560.NQ,西部泰力,20241025,-29.487179487179
430560.NQ,西部泰力,20241024,-29.487179487179
430560.NQ,西部泰力,20241023,-29.487179487179
430560.NQ,西部泰力,20241022,-29.487179487179
430560.NQ,西部泰力,20241021,-29.487179487179
430560.NQ,西部泰力,20241020,-29.487179487179
430560.NQ,西部泰力,20241019,-29.487179487179
430560.NQ,西部泰力,20241018,-29.487179487179
430560.NQ,西部泰力,20241017,-29.487179487179
430560.NQ,西部泰力,20241016,-29.487179487179
430560.NQ,西部泰力,20241015,-29.487179487179
430560.NQ,西部泰力,20241014,-29.487179487179
430560.NQ,西部泰力,20241013,-29.487179487179
430560.NQ,西部泰力,20241012,-29.487179487179
430560.NQ,西部泰力,20241011,-29.487179487179
430560.NQ,西部泰力,20241010,-29.487179487179
430560.NQ,西部泰力,20241009,-29.487179487179
430560.NQ,西部泰力,20241008,-29.487179487179
430560.NQ,西部泰力,20241007,-29.487179487179
430560.NQ,西部泰力,20241006,-29.487179487179
430560.NQ,西部泰力,20241005,-29.487179487179
430560.NQ,西部泰力,20241004,-29.487179487179
430560.NQ,西部泰力,20241003,-29.487179487179
430560.NQ,西部泰力,20241002,-29.487179487179
430560.NQ,西部泰力,20241001,-29.487179487179
430560.NQ,西部泰力,20240930,0.0
430560.NQ,西部泰力,20240929,0.0
430560.NQ,西部泰力,20240928,0.0
430560.NQ,西部泰力,20240927,0.0
430560.NQ,西部泰力,20240926,0.0
430560.NQ,西部泰力,20240925,0.0
430560.NQ,西部泰力,20240924,0.0
430560.NQ,西部泰力,20240923,0.0
430560.NQ,西部泰力,20240922,0.0
430560.NQ,西部泰力,20240921,0.0
430560.NQ,西部泰力,20240920,0.0
430560.NQ,西部泰力,20240919,0.0
430560.NQ,西部泰力,20240918,0.0
430560.NQ,西部泰力,20240917,0.0
430560.NQ,西部泰力,20240916,0.0
430560.NQ,西部泰力,20240915,0.0
430560.NQ,西部泰力,20240914,0.0
430560.NQ,西部泰力,20240913,0.0
430560.NQ,西部泰力,20240912,0.0
430560.NQ,西部泰力,20240911,0.0
430560.NQ,西部泰力,20240910,0.0
430560.NQ,西部泰力,20240909,0.0
430560.NQ,西部泰力,20240908,0.0
430560.NQ,西部泰力,20240907,0.0
430560.NQ,西部泰力,20240906,0.0
430560.NQ,西部泰力,20240905,0.0
430560.NQ,西部泰力,20240904,0.0
430560.NQ,西部泰力,20240903,0.0
430560.NQ,西部泰力,20240902,0.0
430560.NQ,西部泰力,20240901,0.0
430560.NQ,西部泰力,20240831,0.0
430560.NQ,西部泰力,20240830,0.0
430560.NQ,西部泰力,20240829,0.0
430560.NQ,西部泰力,20240828,0.0
430560.NQ,西部泰力,20240827,0.0
430560.NQ,西部泰力,20240826,0.0
430560.NQ,西部泰力,20240825,0.0
430560.NQ,西部泰力,20240824,0.0
430560.NQ,西部泰力,20240823,0.0
430560.NQ,西部泰力,20240822,0.0
430560.NQ,西部泰力,20240821,0.0
430560.NQ,西部泰力,20240820,0.0
430560.NQ,西部泰力,20240819,0.0
430560.NQ,西部泰力,20240818,0.0
430560.NQ,西部泰力,20240817,0.0
430560.NQ,西部泰力,20240816,0.0
430560.NQ,西部泰力,20240815,0.0
430560.NQ,西部泰力,20240814,0.0
430560.NQ,西部泰力,20240813,0.0
430560.NQ,西部泰力,20240812,0.0
430560.NQ,西部泰力,20240811,0.0
430560.NQ,西部泰力,20240810,0.0
430560.NQ,西部泰力,20240809,0.0
430560.NQ,西部泰力,20240808,0.0
430560.NQ,西部泰力,20240807,0.0
430560.NQ,西部泰力,20240806,0.0
430560.NQ,西部泰力,20240805,0.0
430560.NQ,西部泰力,20240804,0.0
430560.NQ,西部泰力,20240803,0.0
430560.NQ,西部泰力,20240802,0.0
430560.NQ,西部泰力,20240801,0.0
430560.NQ,西部泰力,20240731,0.0
430560.NQ,西部泰力,20240730,0.0
430560.NQ,西部泰力,20240729,0.0
430560.NQ,西部泰力,20240728,0.0
430560.NQ,西部泰力,20240727,0.0
430560.NQ,西部泰力,20240726,0.0
430560.NQ,西部泰力,20240725,0.0
430560.NQ,西部泰力,20240724,0.0
430560.NQ,西部泰力,20240723,0.0
430560.NQ,西部泰力,20240722,0.0
430560.NQ,西部泰力,20240721,0.0
430560.NQ,西部泰力,20240720,0.0
430560.NQ,西部泰力,20240719,0.0
430560.NQ,西部泰力,20240718,0.0
430560.NQ,西部泰力,20240717,0.0
430560.NQ,西部泰力,20240716,0.0
430560.NQ,西部泰力,20240715,0.0
430560.NQ,西部泰力,20240714,0.0
430560.NQ,西部泰力,20240713,0.0
430560.NQ,西部泰力,20240712,0.0
430560.NQ,西部泰力,20240711,0.0
430560.NQ,西部泰力,20240710,0.0
430560.NQ,西部泰力,20240709,0.0
430560.NQ,西部泰力,20240708,0.0
430560.NQ,西部泰力,20240707,0.0
430560.NQ,西部泰力,20240706,0.0
430560.NQ,西部泰力,20240705,0.0
430560.NQ,西部泰力,20240704,0.0
430560.NQ,西部泰力,20240703,0.0
430560.NQ,西部泰力,20240702,0.0
430560.NQ,西部泰力,20240701,0.0
430560.NQ,西部泰力,20240630,0.0
430560.NQ,西部泰力,20240629,0.0
430560.NQ,西部泰力,20240628,0.0
430560.NQ,西部泰力,20240627,0.0
430560.NQ,西部泰力,20240626,0.0
430560.NQ,西部泰力,20240625,0.0
430560.NQ,西部泰力,20240624,0.0
430560.NQ,西部泰力,20240623,0.0
430560.NQ,西部泰力,20240622,0.0
430560.NQ,西部泰力,20240621,0.0
430560.NQ,西部泰力,20240620,0.0
430560.NQ,西部泰力,20240619,0.0
430560.NQ,西部泰力,20240618,0.0
430560.NQ,西部泰力,20240617,0.0
430560.NQ,西部泰力,20240616,0.0
430560.NQ,西部泰力,20240615,0.0
430560.NQ,西部泰力,20240614,0.0
430560.NQ,西部泰力,20240613,0.0
430560.NQ,西部泰力,20240612,0.0
430560.NQ,西部泰力,20240611,0.0
430560.NQ,西部泰力,20240610,0.0
430560.NQ,西部泰力,20240609,0.0
430560.NQ,西部泰力,20240608,0.0
430560.NQ,西部泰力,20240607,0.0
430560.NQ,西部泰力,20240606,0.0
430560.NQ,西部泰力,20240605,0.0
430560.NQ,西部泰力,20240604,0.0
430560.NQ,西部泰力,20240603,0.0
430560.NQ,西部泰力,20240602,0.0
430560.NQ,西部泰力,20240601,0.0
430560.NQ,西部泰力,20240531,0.0
430560.NQ,西部泰力,20240530,0.0
430560.NQ,西部泰力,20240529,0.0
430560.NQ,西部泰力,20240528,0.0
430560.NQ,西部泰力,20240527,0.0
430560.NQ,西部泰力,20240526,0.0
430560.NQ,西部泰力,20240525,0.0
430560.NQ,西部泰力,20240524,0.0
430560.NQ,西部泰力,20240523,0.0
430560.NQ,西部泰力,20240522,0.0
430560.NQ,西部泰力,20240521,0.0
430560.NQ,西部泰力,20240520,0.0
430560.NQ,西部泰力,20240519,0.0
430560.NQ,西部泰力,20240518,0.0
430560.NQ,西部泰力,20240517,0.0
430560.NQ,西部泰力,20240516,0.0
430560.NQ,西部泰力,20240515,0.0
430560.NQ,西部泰力,20240514,0.0
430560.NQ,西部泰力,20240513,0.0
430560.NQ,西部泰力,20240512,0.0
430560.NQ,西部泰力,20240511,0.0
430560.NQ,西部泰力,20240510,0.0
430560.NQ,西部泰力,20240509,0.0
430560.NQ,西部泰力,20240508,0.0
430560.NQ,西部泰力,20240507,0.0
430560.NQ,西部泰力,20240506,0.0
430560.NQ,西部泰力,20240505,0.0
430560.NQ,西部泰力,20240504,0.0
430560.NQ,西部泰力,20240503,0.0
430560.NQ,西部泰力,20240502,0.0
430560.NQ,西部泰力,20240501,0.0
430560.NQ,西部泰力,20240430,0.0
430560.NQ,西部泰力,20240429,0.0
430560.NQ,西部泰力,20240428,0.0
430560.NQ,西部泰力,20240427,0.0
430560.NQ,西部泰力,20240426,0.0
430560.NQ,西部泰力,20240425,0.0
430560.NQ,西部泰力,20240424,0.0
430560.NQ,西部泰力,20240423,0.0
430560.NQ,西部泰力,20240422,0.0
430560.NQ,西部泰力,20240421,0.0
430560.NQ,西部泰力,20240420,0.0
430560.NQ,西部泰力,20240419,0.0
430560.NQ,西部泰力,20240418,0.0
430560.NQ,西部泰力,20240417,0.0
430560.NQ,西部泰力,20240416,0.0
430560.NQ,西部泰力,20240415,0.0
430560.NQ,西部泰力,20240414,0.0
430560.NQ,西部泰力,20240413,0.0
430560.NQ,西部泰力,20240412,0.0
430560.NQ,西部泰力,20240411,0.0
430560.NQ,西部泰力,20240410,0.0
430560.NQ,西部泰力,20240409,0.0
430560.NQ,西部泰力,20240408,0.0
430560.NQ,西部泰力,20240407,0.0
430560.NQ,西部泰力,20240406,0.0
430560.NQ,西部泰力,20240405,0.0
430560.NQ,西部泰力,20240404,0.0
430560.NQ,西部泰力,20240403,0.0
430560.NQ,西部泰力,20240402,0.0
430560.NQ,西部泰力,20240401,0.0
430560.NQ,西部泰力,20240331,0.0
430560.NQ,西部泰力,20240330,0.0
430560.NQ,西部泰力,20240329,0.0
430560.NQ,西部泰力,20240328,0.0
430560.NQ,西部泰力,20240327,0.0
430560.NQ,西部泰力,20240326,0.0
430560.NQ,西部泰力,20240325,0.0
430560.NQ,西部泰力,20240324,0.0
430560.NQ,西部泰力,20240323,0.0
430560.NQ,西部泰力,20240322,0.0
430560.NQ,西部泰力,20240321,0.0
430560.NQ,西部泰力,20240320,0.0
430560.NQ,西部泰力,20240319,0.0
430560.NQ,西部泰力,20240318,0.0
430560.NQ,西部泰力,20240317,0.0
430560.NQ,西部泰力,20240316,0.0
430560.NQ,西部泰力,20240315,0.0
430560.NQ,西部泰力,20240314,0.0
430560.NQ,西部泰力,20240313,0.0
430560.NQ,西部泰力,20240312,0.0
430560.NQ,西部泰力,20240311,0.0
430560.NQ,西部泰力,20240310,0.0
430560.NQ,西部泰力,20240309,0.0
430560.NQ,西部泰力,20240308,0.0
430560.NQ,西部泰力,20240307,0.0
430560.NQ,西部泰力,20240306,0.0
430560.NQ,西部泰力,20240305,0.0
430560.NQ,西部泰力,20240304,0.0
430560.NQ,西部泰力,20240303,0.0
430560.NQ,西部泰力,20240302,0.0
430560.NQ,西部泰力,20240301,0.0
430560.NQ,西部泰力,20240229,97.46835443038
430560.NQ,西部泰力,20240228,97.46835443038
430560.NQ,西部泰力,20240227,97.46835443038
430560.NQ,西部泰力,20240226,97.46835443038
430560.NQ,西部泰力,20240225,97.46835443038
430560.NQ,西部泰力,20240224,97.46835443038
430560.NQ,西部泰力,20240223,97.46835443038
430560.NQ,西部泰力,20240222,97.46835443038
430560.NQ,西部泰力,20240221,97.46835443038
430560.NQ,西部泰力,20240220,97.46835443038
430560.NQ,西部泰力,20240219,97.46835443038
430560.NQ,西部泰力,20240218,97.46835443038
430560.NQ,西部泰力,20240217,97.46835443038
430560.NQ,西部泰力,20240216,97.46835443038
430560.NQ,西部泰力,20240215,97.46835443038
430560.NQ,西部泰力,20240214,97.46835443038
430560.NQ,西部泰力,20240213,97.46835443038
430560.NQ,西部泰力,20240212,97.46835443038
430560.NQ,西部泰力,20240211,97.46835443038
430560.NQ,西部泰力,20240210,97.46835443038
430560.NQ,西部泰力,20240209,97.46835443038
430560.NQ,西部泰力,20240208,97.46835443038
430560.NQ,西部泰力,20240207,97.46835443038
430560.NQ,西部泰力,20240206,97.46835443038
430560.NQ,西部泰力,20240205,97.46835443038
430560.NQ,西部泰力,20240204,97.46835443038
430560.NQ,西部泰力,20240203,97.46835443038
430560.NQ,西部泰力,20240202,97.46835443038
430560.NQ,西部泰力,20240201,97.46835443038
430560.NQ,西部泰力,20240131,0.0
430560.NQ,西部泰力,20240130,0.0
430560.NQ,西部泰力,20240129,0.0
430560.NQ,西部泰力,20240128,0.0
430560.NQ,西部泰力,20240127,0.0
430560.NQ,西部泰力,20240126,0.0
430560.NQ,西部泰力,20240125,0.0
430560.NQ,西部泰力,20240124,0.0
430560.NQ,西部泰力,20240123,0.0
430560.NQ,西部泰力,20240122,0.0
430560.NQ,西部泰力,20240121,0.0
430560.NQ,西部泰力,20240120,0.0
430560.NQ,西部泰力,20240119,0.0
430560.NQ,西部泰力,20240118,0.0
430560.NQ,西部泰力,20240117,0.0
430560.NQ,西部泰力,20240116,0.0
430560.NQ,西部泰力,20240115,0.0
430560.NQ,西部泰力,20240114,0.0
430560.NQ,西部泰力,20240113,0.0
430560.NQ,西部泰力,20240112,0.0
430560.NQ,西部泰力,20240111,0.0
430560.NQ,西部泰力,20240110,0.0
430560.NQ,西部泰力,20240109,0.0
430560.NQ,西部泰力,20240108,0.0
430560.NQ,西部泰力,20240107,0.0
430560.NQ,西部泰力,20240106,0.0
430560.NQ,西部泰力,20240105,0.0
430560.NQ,西部泰力,20240104,0.0
430560.NQ,西部泰力,20240103,0.0
430560.NQ,西部泰力,20240102,0.0
430560.NQ,西部泰力,20240101,0.0
430560.NQ,西部泰力,20231231,0.0
430560.NQ,西部泰力,20231230,0.0
430560.NQ,西部泰力,20231229,0.0
430560.NQ,西部泰力,20231228,0.0
430560.NQ,西部泰力,20231227,0.0
430560.NQ,西部泰力,20231226,0.0
430560.NQ,西部泰力,20231225,0.0
430560.NQ,西部泰力,20231224,0.0
430560.NQ,西部泰力,20231223,0.0
430560.NQ,西部泰力,20231222,0.0
430560.NQ,西部泰力,20231221,0.0
430560.NQ,西部泰力,20231220,0.0
430560.NQ,西部泰力,20231219,0.0
430560.NQ,西部泰力,20231218,0.0
430560.NQ,西部泰力,20231217,0.0
430560.NQ,西部泰力,20231216,0.0
430560.NQ,西部泰力,20231215,0.0
430560.NQ,西部泰力,20231214,0.0
430560.NQ,西部泰力,20231213,0.0
430560.NQ,西部泰力,20231212,0.0
430560.NQ,西部泰力,20231211,0.0
430560.NQ,西部泰力,20231210,0.0
430560.NQ,西部泰力,20231209,0.0
430560.NQ,西部泰力,20231208,0.0
430560.NQ,西部泰力,20231207,0.0
430560.NQ,西部泰力,20231206,0.0
430560.NQ,西部泰力,20231205,0.0
430560.NQ,西部泰力,20231204,0.0
430560.NQ,西部泰力,20231203,0.0
430560.NQ,西部泰力,20231202,0.0
430560.NQ,西部泰力,20231201,0.0
430560.NQ,西部泰力,20231130,0.0
430560.NQ,西部泰力,20231129,0.0
430560.NQ,西部泰力,20231128,0.0
430560.NQ,西部泰力,20231127,0.0
430560.NQ,西部泰力,20231126,0.0
430560.NQ,西部泰力,20231125,0.0
430560.NQ,西部泰力,20231124,0.0
430560.NQ,西部泰力,20231123,0.0
430560.NQ,西部泰力,20231122,0.0
430560.NQ,西部泰力,20231121,0.0
430560.NQ,西部泰力,20231120,0.0
430560.NQ,西部泰力,20231119,0.0
430560.NQ,西部泰力,20231118,0.0
430560.NQ,西部泰力,20231117,0.0
430560.NQ,西部泰力,20231116,0.0
430560.NQ,西部泰力,20231115,0.0
430560.NQ,西部泰力,20231114,0.0
430560.NQ,西部泰力,20231113,0.0
430560.NQ,西部泰力,20231112,0.0
430560.NQ,西部泰力,20231111,0.0
430560.NQ,西部泰力,20231110,0.0
430560.NQ,西部泰力,20231109,0.0
430560.NQ,西部泰力,20231108,0.0
430560.NQ,西部泰力,20231107,0.0
430560.NQ,西部泰力,20231106,0.0
430560.NQ,西部泰力,20231105,0.0
430560.NQ,西部泰力,20231104,0.0
430560.NQ,西部泰力,20231103,0.0
430560.NQ,西部泰力,20231102,0.0
430560.NQ,西部泰力,20231101,0.0
430560.NQ,西部泰力,20231031,-13.186813186813
430560.NQ,西部泰力,20231030,-13.186813186813
430560.NQ,西部泰力,20231029,-13.186813186813
430560.NQ,西部泰力,20231028,-13.186813186813
430560.NQ,西部泰力,20231027,-13.186813186813
430560.NQ,西部泰力,20231026,-13.186813186813
430560.NQ,西部泰力,20231025,-13.186813186813
430560.NQ,西部泰力,20231024,-13.186813186813
430560.NQ,西部泰力,20231023,-13.186813186813
430560.NQ,西部泰力,20231022,-13.186813186813
430560.NQ,西部泰力,20231021,-13.186813186813
430560.NQ,西部泰力,20231020,-13.186813186813
430560.NQ,西部泰力,20231019,-13.186813186813
430560.NQ,西部泰力,20231018,-13.186813186813
430560.NQ,西部泰力,20231017,-13.186813186813
430560.NQ,西部泰力,20231016,-13.186813186813
430560.NQ,西部泰力,20231015,-13.186813186813
430560.NQ,西部泰力,20231014,-13.186813186813
430560.NQ,西部泰力,20231013,-13.186813186813
430560.NQ,西部泰力,20231012,-13.186813186813
430560.NQ,西部泰力,20231011,-13.186813186813
430560.NQ,西部泰力,20231010,-13.186813186813
430560.NQ,西部泰力,20231009,-13.186813186813
430560.NQ,西部泰力,20231008,-13.186813186813
430560.NQ,西部泰力,20231007,-13.186813186813
430560.NQ,西部泰力,20231006,-13.186813186813
430560.NQ,西部泰力,20231005,-13.186813186813
430560.NQ,西部泰力,20231004,-13.186813186813
430560.NQ,西部泰力,20231003,-13.186813186813
430560.NQ,西部泰力,20231002,-13.186813186813
430560.NQ,西部泰力,20231001,-13.186813186813
430560.NQ,西部泰力,20230930,0.0
430560.NQ,西部泰力,20230929,0.0
430560.NQ,西部泰力,20230928,0.0
430560.NQ,西部泰力,20230927,0.0
430560.NQ,西部泰力,20230926,0.0
430560.NQ,西部泰力,20230925,0.0
430560.NQ,西部泰力,20230924,0.0
430560.NQ,西部泰力,20230923,0.0
430560.NQ,西部泰力,20230922,0.0
430560.NQ,西部泰力,20230921,0.0
430560.NQ,西部泰力,20230920,0.0
430560.NQ,西部泰力,20230919,0.0
430560.NQ,西部泰力,20230918,0.0
430560.NQ,西部泰力,20230917,0.0
430560.NQ,西部泰力,20230916,0.0
430560.NQ,西部泰力,20230915,0.0
430560.NQ,西部泰力,20230914,0.0
430560.NQ,西部泰力,20230913,0.0
430560.NQ,西部泰力,20230912,0.0
430560.NQ,西部泰力,20230911,0.0
430560.NQ,西部泰力,20230910,0.0
430560.NQ,西部泰力,20230909,0.0
430560.NQ,西部泰力,20230908,0.0
430560.NQ,西部泰力,20230907,0.0
430560.NQ,西部泰力,20230906,0.0
430560.NQ,西部泰力,20230905,0.0
430560.NQ,西部泰力,20230904,0.0
430560.NQ,西部泰力,20230903,0.0
430560.NQ,西部泰力,20230902,0.0
430560.NQ,西部泰力,20230901,0.0
430560.NQ,西部泰力,20230831,0.0
430560.NQ,西部泰力,20230830,0.0
430560.NQ,西部泰力,20230829,0.0
430560.NQ,西部泰力,20230828,0.0
430560.NQ,西部泰力,20230827,0.0
430560.NQ,西部泰力,20230826,0.0
430560.NQ,西部泰力,20230825,0.0
430560.NQ,西部泰力,20230824,0.0
430560.NQ,西部泰力,20230823,0.0
430560.NQ,西部泰力,20230822,0.0
430560.NQ,西部泰力,20230821,0.0
430560.NQ,西部泰力,20230820,0.0
430560.NQ,西部泰力,20230819,0.0
430560.NQ,西部泰力,20230818,0.0
430560.NQ,西部泰力,20230817,0.0
430560.NQ,西部泰力,20230816,0.0
430560.NQ,西部泰力,20230815,0.0
430560.NQ,西部泰力,20230814,0.0
430560.NQ,西部泰力,20230813,0.0
430560.NQ,西部泰力,20230812,0.0
430560.NQ,西部泰力,20230811,0.0
430560.NQ,西部泰力,20230810,0.0
430560.NQ,西部泰力,20230809,0.0
430560.NQ,西部泰力,20230808,0.0
430560.NQ,西部泰力,20230807,0.0
430560.NQ,西部泰力,20230806,0.0
430560.NQ,西部泰力,20230805,0.0
430560.NQ,西部泰力,20230804,0.0
430560.NQ,西部泰力,20230803,0.0
430560.NQ,西部泰力,20230802,0.0
430560.NQ,西部泰力,20230801,0.0
430560.NQ,西部泰力,20230731,0.0
430560.NQ,西部泰力,20230730,0.0
430560.NQ,西部泰力,20230729,0.0
430560.NQ,西部泰力,20230728,0.0
430560.NQ,西部泰力,20230727,0.0
430560.NQ,西部泰力,20230726,0.0
430560.NQ,西部泰力,20230725,0.0
430560.NQ,西部泰力,20230724,0.0
430560.NQ,西部泰力,20230723,0.0
430560.NQ,西部泰力,20230722,0.0
430560.NQ,西部泰力,20230721,0.0
430560.NQ,西部泰力,20230720,0.0
430560.NQ,西部泰力,20230719,0.0
430560.NQ,西部泰力,20230718,0.0
430560.NQ,西部泰力,20230717,0.0
430560.NQ,西部泰力,20230716,0.0
430560.NQ,西部泰力,20230715,0.0
430560.NQ,西部泰力,20230714,0.0
430560.NQ,西部泰力,20230713,0.0
430560.NQ,西部泰力,20230712,0.0
430560.NQ,西部泰力,20230711,0.0
430560.NQ,西部泰力,20230710,0.0
430560.NQ,西部泰力,20230709,0.0
430560.NQ,西部泰力,20230708,0.0
430560.NQ,西部泰力,20230707,0.0
430560.NQ,西部泰力,20230706,0.0
430560.NQ,西部泰力,20230705,0.0
430560.NQ,西部泰力,20230704,0.0
430560.NQ,西部泰力,20230703,0.0
430560.NQ,西部泰力,20230702,0.0
430560.NQ,西部泰力,20230701,0.0
430560.NQ,西部泰力,20230630,0.0
430560.NQ,西部泰力,20230629,0.0
430560.NQ,西部泰力,20230628,0.0
430560.NQ,西部泰力,20230627,0.0
430560.NQ,西部泰力,20230626,0.0
430560.NQ,西部泰力,20230625,0.0
430560.NQ,西部泰力,20230624,0.0
430560.NQ,西部泰力,20230623,0.0
430560.NQ,西部泰力,20230622,0.0
430560.NQ,西部泰力,20230621,0.0
430560.NQ,西部泰力,20230620,0.0
430560.NQ,西部泰力,20230619,0.0
430560.NQ,西部泰力,20230618,0.0
430560.NQ,西部泰力,20230617,0.0
430560.NQ,西部泰力,20230616,0.0
430560.NQ,西部泰力,20230615,0.0
430560.NQ,西部泰力,20230614,0.0
430560.NQ,西部泰力,20230613,0.0
430560.NQ,西部泰力,20230612,0.0
430560.NQ,西部泰力,20230611,0.0
430560.NQ,西部泰力,20230610,0.0
430560.NQ,西部泰力,20230609,0.0
430560.NQ,西部泰力,20230608,0.0
430560.NQ,西部泰力,20230607,0.0
430560.NQ,西部泰力,20230606,0.0
430560.NQ,西部泰力,20230605,0.0
430560.NQ,西部泰力,20230604,0.0
430560.NQ,西部泰力,20230603,0.0
430560.NQ,西部泰力,20230602,0.0
430560.NQ,西部泰力,20230601,0.0
430560.NQ,西部泰力,20230531,0.0
430560.NQ,西部泰力,20230530,0.0
430560.NQ,西部泰力,20230529,0.0
430560.NQ,西部泰力,20230528,0.0
430560.NQ,西部泰力,20230527,0.0
430560.NQ,西部泰力,20230526,0.0
430560.NQ,西部泰力,20230525,0.0
430560.NQ,西部泰力,20230524,0.0
430560.NQ,西部泰力,20230523,0.0
430560.NQ,西部泰力,20230522,0.0
430560.NQ,西部泰力,20230521,0.0
430560.NQ,西部泰力,20230520,0.0
430560.NQ,西部泰力,20230519,0.0
430560.NQ,西部泰力,20230518,0.0
430560.NQ,西部泰力,20230517,0.0
430560.NQ,西部泰力,20230516,0.0
430560.NQ,西部泰力,20230515,0.0
430560.NQ,西部泰力,20230514,0.0
430560.NQ,西部泰力,20230513,0.0
430560.NQ,西部泰力,20230512,0.0
430560.NQ,西部泰力,20230511,0.0
430560.NQ,西部泰力,20230510,0.0
430560.NQ,西部泰力,20230509,0.0
430560.NQ,西部泰力,20230508,0.0
430560.NQ,西部泰力,20230507,0.0
430560.NQ,西部泰力,20230506,0.0
430560.NQ,西部泰力,20230505,0.0
430560.NQ,西部泰力,20230504,0.0
430560.NQ,西部泰力,20230503,0.0
430560.NQ,西部泰力,20230502,0.0
430560.NQ,西部泰力,20230501,0.0
430560.NQ,西部泰力,20230430,0.0
430560.NQ,西部泰力,20230429,0.0
430560.NQ,西部泰力,20230428,0.0
430560.NQ,西部泰力,20230427,0.0
430560.NQ,西部泰力,20230426,0.0
430560.NQ,西部泰力,20230425,0.0
430560.NQ,西部泰力,20230424,0.0
430560.NQ,西部泰力,20230423,0.0
430560.NQ,西部泰力,20230422,0.0
430560.NQ,西部泰力,20230421,0.0
430560.NQ,西部泰力,20230420,0.0
430560.NQ,西部泰力,20230419,0.0
430560.NQ,西部泰力,20230418,0.0
430560.NQ,西部泰力,20230417,0.0
430560.NQ,西部泰力,20230416,0.0
430560.NQ,西部泰力,20230415,0.0
430560.NQ,西部泰力,20230414,0.0
430560.NQ,西部泰力,20230413,0.0
430560.NQ,西部泰力,20230412,0.0
430560.NQ,西部泰力,20230411,0.0
430560.NQ,西部泰力,20230410,0.0
430560.NQ,西部泰力,20230409,0.0
430560.NQ,西部泰力,20230408,0.0
430560.NQ,西部泰力,20230407,0.0
430560.NQ,西部泰力,20230406,0.0
430560.NQ,西部泰力,20230405,0.0
430560.NQ,西部泰力,20230404,0.0
430560.NQ,西部泰力,20230403,0.0
430560.NQ,西部泰力,20230402,0.0
430560.NQ,西部泰力,20230401,0.0
430560.NQ,西部泰力,20230331,0.0
430560.NQ,西部泰力,20230330,0.0
430560.NQ,西部泰力,20230329,0.0
430560.NQ,西部泰力,20230328,0.0
430560.NQ,西部泰力,20230327,0.0
430560.NQ,西部泰力,20230326,0.0
430560.NQ,西部泰力,20230325,0.0
430560.NQ,西部泰力,20230324,0.0
430560.NQ,西部泰力,20230323,0.0
430560.NQ,西部泰力,20230322,0.0
430560.NQ,西部泰力,20230321,0.0
430560.NQ,西部泰力,20230320,0.0
430560.NQ,西部泰力,20230319,0.0
430560.NQ,西部泰力,20230318,0.0
430560.NQ,西部泰力,20230317,0.0
430560.NQ,西部泰力,20230316,0.0
430560.NQ,西部泰力,20230315,0.0
430560.NQ,西部泰力,20230314,0.0
430560.NQ,西部泰力,20230313,0.0
430560.NQ,西部泰力,20230312,0.0
430560.NQ,西部泰力,20230311,0.0
430560.NQ,西部泰力,20230310,0.0
430560.NQ,西部泰力,20230309,0.0
430560.NQ,西部泰力,20230308,0.0
430560.NQ,西部泰力,20230307,0.0
430560.NQ,西部泰力,20230306,0.0
430560.NQ,西部泰力,20230305,0.0
430560.NQ,西部泰力,20230304,0.0
430560.NQ,西部泰力,20230303,0.0
430560.NQ,西部泰力,20230302,0.0
430560.NQ,西部泰力,20230301,0.0
430560.NQ,西部泰力,20230228,0.0
430560.NQ,西部泰力,20230227,0.0
430560.NQ,西部泰力,20230226,0.0
430560.NQ,西部泰力,20230225,0.0
430560.NQ,西部泰力,20230224,0.0
430560.NQ,西部泰力,20230223,0.0
430560.NQ,西部泰力,20230222,0.0
430560.NQ,西部泰力,20230221,0.0
430560.NQ,西部泰力,20230220,0.0
430560.NQ,西部泰力,20230219,0.0
430560.NQ,西部泰力,20230218,0.0
430560.NQ,西部泰力,20230217,0.0
430560.NQ,西部泰力,20230216,0.0
430560.NQ,西部泰力,20230215,0.0
430560.NQ,西部泰力,20230214,0.0
430560.NQ,西部泰力,20230213,0.0
430560.NQ,西部泰力,20230212,0.0
430560.NQ,西部泰力,20230211,0.0
430560.NQ,西部泰力,20230210,0.0
430560.NQ,西部泰力,20230209,0.0
430560.NQ,西部泰力,20230208,0.0
430560.NQ,西部泰力,20230207,0.0
430560.NQ,西部泰力,20230206,0.0
430560.NQ,西部泰力,20230205,0.0
430560.NQ,西部泰力,20230204,0.0
430560.NQ,西部泰力,20230203,0.0
430560.NQ,西部泰力,20230202,0.0
430560.NQ,西部泰力,20230201,0.0
430560.NQ,西部泰力,20230131,0.0
430560.NQ,西部泰力,20230130,0.0
430560.NQ,西部泰力,20230129,0.0
430560.NQ,西部泰力,20230128,0.0
430560.NQ,西部泰力,20230127,0.0
430560.NQ,西部泰力,20230126,0.0
430560.NQ,西部泰力,20230125,0.0
430560.NQ,西部泰力,20230124,0.0
430560.NQ,西部泰力,20230123,0.0
430560.NQ,西部泰力,20230122,0.0
430560.NQ,西部泰力,20230121,0.0
430560.NQ,西部泰力,20230120,0.0
430560.NQ,西部泰力,20230119,0.0
430560.NQ,西部泰力,20230118,0.0
430560.NQ,西部泰力,20230117,0.0
430560.NQ,西部泰力,20230116,0.0
430560.NQ,西部泰力,20230115,0.0
430560.NQ,西部泰力,20230114,0.0
430560.NQ,西部泰力,20230113,0.0
430560.NQ,西部泰力,20230112,0.0
430560.NQ,西部泰力,20230111,0.0
430560.NQ,西部泰力,20230110,0.0
430560.NQ,西部泰力,20230109,0.0
430560.NQ,西部泰力,20230108,0.0
430560.NQ,西部泰力,20230107,0.0
430560.NQ,西部泰力,20230106,0.0
430560.NQ,西部泰力,20230105,0.0
430560.NQ,西部泰力,20230104,0.0
430560.NQ,西部泰力,20230103,0.0
430560.NQ,西部泰力,20230102,0.0
430560.NQ,西部泰力,20230101,0.0
430560.NQ,西部泰力,20221231,0.0
430560.NQ,西部泰力,20221230,0.0
430560.NQ,西部泰力,20221229,0.0
430560.NQ,西部泰力,20221228,0.0
430560.NQ,西部泰力,20221227,0.0
430560.NQ,西部泰力,20221226,0.0
430560.NQ,西部泰力,20221225,0.0
430560.NQ,西部泰力,20221224,0.0
430560.NQ,西部泰力,20221223,0.0
430560.NQ,西部泰力,20221222,0.0
430560.NQ,西部泰力,20221221,0.0
430560.NQ,西部泰力,20221220,0.0
430560.NQ,西部泰力,20221219,0.0
430560.NQ,西部泰力,20221218,0.0
430560.NQ,西部泰力,20221217,0.0
430560.NQ,西部泰力,20221216,0.0
430560.NQ,西部泰力,20221215,0.0
430560.NQ,西部泰力,20221214,0.0
430560.NQ,西部泰力,20221213,0.0
430560.NQ,西部泰力,20221212,0.0
430560.NQ,西部泰力,20221211,0.0
430560.NQ,西部泰力,20221210,0.0
430560.NQ,西部泰力,20221209,0.0
430560.NQ,西部泰力,20221208,0.0
430560.NQ,西部泰力,20221207,0.0
430560.NQ,西部泰力,20221206,0.0
430560.NQ,西部泰力,20221205,0.0
430560.NQ,西部泰力,20221204,0.0
430560.NQ,西部泰力,20221203,0.0
430560.NQ,西部泰力,20221202,0.0
430560.NQ,西部泰力,20221201,0.0
430560.NQ,西部泰力,20221130,0.0
430560.NQ,西部泰力,20221129,0.0
430560.NQ,西部泰力,20221128,0.0
430560.NQ,西部泰力,20221127,0.0
430560.NQ,西部泰力,20221126,0.0
430560.NQ,西部泰力,20221125,0.0
430560.NQ,西部泰力,20221124,0.0
430560.NQ,西部泰力,20221123,0.0
430560.NQ,西部泰力,20221122,0.0
430560.NQ,西部泰力,20221121,0.0
430560.NQ,西部泰力,20221120,0.0
430560.NQ,西部泰力,20221119,0.0
430560.NQ,西部泰力,20221118,0.0
430560.NQ,西部泰力,20221117,0.0
430560.NQ,西部泰力,20221116,0.0
430560.NQ,西部泰力,20221115,0.0
430560.NQ,西部泰力,20221114,0.0
430560.NQ,西部泰力,20221113,0.0
430560.NQ,西部泰力,20221112,0.0
430560.NQ,西部泰力,20221111,0.0
430560.NQ,西部泰力,20221110,0.0
430560.NQ,西部泰力,20221109,0.0
430560.NQ,西部泰力,20221108,0.0
430560.NQ,西部泰力,20221107,0.0
430560.NQ,西部泰力,20221106,0.0
430560.NQ,西部泰力,20221105,0.0
430560.NQ,西部泰力,20221104,0.0
430560.NQ,西部泰力,20221103,0.0
430560.NQ,西部泰力,20221102,0.0
430560.NQ,西部泰力,20221101,0.0
430560.NQ,西部泰力,20221031,0.0
430560.NQ,西部泰力,20221030,0.0
430560.NQ,西部泰力,20221029,0.0
430560.NQ,西部泰力,20221028,0.0
430560.NQ,西部泰力,20221027,0.0
430560.NQ,西部泰力,20221026,0.0
430560.NQ,西部泰力,20221025,0.0
430560.NQ,西部泰力,20221024,0.0
430560.NQ,西部泰力,20221023,0.0
430560.NQ,西部泰力,20221022,0.0
430560.NQ,西部泰力,20221021,0.0
430560.NQ,西部泰力,20221020,0.0
430560.NQ,西部泰力,20221019,0.0
430560.NQ,西部泰力,20221018,0.0
430560.NQ,西部泰力,20221017,0.0
430560.NQ,西部泰力,20221016,0.0
430560.NQ,西部泰力,20221015,0.0
430560.NQ,西部泰力,20221014,0.0
430560.NQ,西部泰力,20221013,0.0
430560.NQ,西部泰力,20221012,0.0
430560.NQ,西部泰力,20221011,0.0
430560.NQ,西部泰力,20221010,0.0
430560.NQ,西部泰力,20221009,0.0
430560.NQ,西部泰力,20221008,0.0
430560.NQ,西部泰力,20221007,0.0
430560.NQ,西部泰力,20221006,0.0
430560.NQ,西部泰力,20221005,0.0
430560.NQ,西部泰力,20221004,0.0
430560.NQ,西部泰力,20221003,0.0
430560.NQ,西部泰力,20221002,0.0
430560.NQ,西部泰力,20221001,0.0
430560.NQ,西部泰力,20220930,-47.398843930636
430560.NQ,西部泰力,20220929,-47.398843930636
430560.NQ,西部泰力,20220928,-47.398843930636
430560.NQ,西部泰力,20220927,-47.398843930636
430560.NQ,西部泰力,20220926,-47.398843930636
430560.NQ,西部泰力,20220925,-47.398843930636
430560.NQ,西部泰力,20220924,-47.398843930636
430560.NQ,西部泰力,20220923,-47.398843930636
430560.NQ,西部泰力,20220922,-47.398843930636
430560.NQ,西部泰力,20220921,-47.398843930636
430560.NQ,西部泰力,20220920,-47.398843930636
430560.NQ,西部泰力,20220919,-47.398843930636
430560.NQ,西部泰力,20220918,-47.398843930636
430560.NQ,西部泰力,20220917,-47.398843930636
430560.NQ,西部泰力,20220916,-47.398843930636
430560.NQ,西部泰力,20220915,-47.398843930636
430560.NQ,西部泰力,20220914,-47.398843930636
430560.NQ,西部泰力,20220913,-47.398843930636
430560.NQ,西部泰力,20220912,-47.398843930636
430560.NQ,西部泰力,20220911,-47.398843930636
430560.NQ,西部泰力,20220910,-47.398843930636
430560.NQ,西部泰力,20220909,-47.398843930636
430560.NQ,西部泰力,20220908,-47.398843930636
430560.NQ,西部泰力,20220907,-47.398843930636
430560.NQ,西部泰力,20220906,-47.398843930636
430560.NQ,西部泰力,20220905,-47.398843930636
430560.NQ,西部泰力,20220904,-47.398843930636
430560.NQ,西部泰力,20220903,-47.398843930636
430560.NQ,西部泰力,20220902,-47.398843930636
430560.NQ,西部泰力,20220901,-47.398843930636
430560.NQ,西部泰力,20220831,0.0
430560.NQ,西部泰力,20220830,0.0
430560.NQ,西部泰力,20220829,0.0
430560.NQ,西部泰力,20220828,0.0
430560.NQ,西部泰力,20220827,0.0
430560.NQ,西部泰力,20220826,0.0
430560.NQ,西部泰力,20220825,0.0
430560.NQ,西部泰力,20220824,0.0
430560.NQ,西部泰力,20220823,0.0
430560.NQ,西部泰力,20220822,0.0
430560.NQ,西部泰力,20220821,0.0
430560.NQ,西部泰力,20220820,0.0
430560.NQ,西部泰力,20220819,0.0
430560.NQ,西部泰力,20220818,0.0
430560.NQ,西部泰力,20220817,0.0
430560.NQ,西部泰力,20220816,0.0
430560.NQ,西部泰力,20220815,0.0
430560.NQ,西部泰力,20220814,0.0
430560.NQ,西部泰力,20220813,0.0
430560.NQ,西部泰力,20220812,0.0
430560.NQ,西部泰力,20220811,0.0
430560.NQ,西部泰力,20220810,0.0
430560.NQ,西部泰力,20220809,0.0
430560.NQ,西部泰力,20220808,0.0
430560.NQ,西部泰力,20220807,0.0
430560.NQ,西部泰力,20220806,0.0
430560.NQ,西部泰力,20220805,0.0
430560.NQ,西部泰力,20220804,0.0
430560.NQ,西部泰力,20220803,0.0
430560.NQ,西部泰力,20220802,0.0
430560.NQ,西部泰力,20220801,0.0
430560.NQ,西部泰力,20220731,37.301587301587
430560.NQ,西部泰力,20220730,37.301587301587
430560.NQ,西部泰力,20220729,37.301587301587
430560.NQ,西部泰力,20220728,37.301587301587
430560.NQ,西部泰力,20220727,37.301587301587
430560.NQ,西部泰力,20220726,37.301587301587
430560.NQ,西部泰力,20220725,37.301587301587
430560.NQ,西部泰力,20220724,37.301587301587
430560.NQ,西部泰力,20220723,37.301587301587
430560.NQ,西部泰力,20220722,37.301587301587
430560.NQ,西部泰力,20220721,37.301587301587
430560.NQ,西部泰力,20220720,37.301587301587
430560.NQ,西部泰力,20220719,37.301587301587
430560.NQ,西部泰力,20220718,37.301587301587
430560.NQ,西部泰力,20220717,37.301587301587
430560.NQ,西部泰力,20220716,37.301587301587
430560.NQ,西部泰力,20220715,37.301587301587
430560.NQ,西部泰力,20220714,37.301587301587
430560.NQ,西部泰力,20220713,37.301587301587
430560.NQ,西部泰力,20220712,37.301587301587
430560.NQ,西部泰力,20220711,37.301587301587
430560.NQ,西部泰力,20220710,37.301587301587
430560.NQ,西部泰力,20220709,37.301587301587
430560.NQ,西部泰力,20220708,37.301587301587
430560.NQ,西部泰力,20220707,37.301587301587
430560.NQ,西部泰力,20220706,37.301587301587
430560.NQ,西部泰力,20220705,37.301587301587
430560.NQ,西部泰力,20220704,37.301587301587
430560.NQ,西部泰力,20220703,37.301587301587
430560.NQ,西部泰力,20220702,37.301587301587
430560.NQ,西部泰力,20220701,37.301587301587
430560.NQ,西部泰力,20220630,-67.357512953368
430560.NQ,西部泰力,20220629,-67.357512953368
430560.NQ,西部泰力,20220628,-67.357512953368
430560.NQ,西部泰力,20220627,-67.357512953368
430560.NQ,西部泰力,20220626,-67.357512953368
430560.NQ,西部泰力,20220625,-67.357512953368
430560.NQ,西部泰力,20220624,-67.357512953368
430560.NQ,西部泰力,20220623,-67.357512953368
430560.NQ,西部泰力,20220622,-67.357512953368
430560.NQ,西部泰力,20220621,-67.357512953368
430560.NQ,西部泰力,20220620,-67.357512953368
430560.NQ,西部泰力,20220619,-67.357512953368
430560.NQ,西部泰力,20220618,-67.357512953368
430560.NQ,西部泰力,20220617,-67.357512953368
430560.NQ,西部泰力,20220616,-67.357512953368
430560.NQ,西部泰力,20220615,-67.357512953368
430560.NQ,西部泰力,20220614,-67.357512953368
430560.NQ,西部泰力,20220613,-67.357512953368
430560.NQ,西部泰力,20220612,-67.357512953368
430560.NQ,西部泰力,20220611,-67.357512953368
430560.NQ,西部泰力,20220610,-67.357512953368
430560.NQ,西部泰力,20220609,-67.357512953368
430560.NQ,西部泰力,20220608,-67.357512953368
430560.NQ,西部泰力,20220607,-67.357512953368
430560.NQ,西部泰力,20220606,-67.357512953368
430560.NQ,西部泰力,20220605,-67.357512953368
430560.NQ,西部泰力,20220604,-67.357512953368
430560.NQ,西部泰力,20220603,-67.357512953368
430560.NQ,西部泰力,20220602,-67.357512953368
430560.NQ,西部泰力,20220601,-67.357512953368
430560.NQ,西部泰力,20220531,97.948717948718
430560.NQ,西部泰力,20220530,97.948717948718
430560.NQ,西部泰力,20220529,97.948717948718
430560.NQ,西部泰力,20220528,97.948717948718
430560.NQ,西部泰力,20220527,97.948717948718
430560.NQ,西部泰力,20220526,97.948717948718
430560.NQ,西部泰力,20220525,97.948717948718
430560.NQ,西部泰力,20220524,97.948717948718
430560.NQ,西部泰力,20220523,97.948717948718
430560.NQ,西部泰力,20220522,97.948717948718
430560.NQ,西部泰力,20220521,97.948717948718
430560.NQ,西部泰力,20220520,97.948717948718
430560.NQ,西部泰力,20220519,97.948717948718
430560.NQ,西部泰力,20220518,97.948717948718
430560.NQ,西部泰力,20220517,97.948717948718
430560.NQ,西部泰力,20220516,97.948717948718
430560.NQ,西部泰力,20220515,97.948717948718
430560.NQ,西部泰力,20220514,97.948717948718
430560.NQ,西部泰力,20220513,97.948717948718
430560.NQ,西部泰力,20220512,97.948717948718
430560.NQ,西部泰力,20220511,97.948717948718
430560.NQ,西部泰力,20220510,97.948717948718
430560.NQ,西部泰力,20220509,97.948717948718
430560.NQ,西部泰力,20220508,97.948717948718
430560.NQ,西部泰力,20220507,97.948717948718
430560.NQ,西部泰力,20220506,97.948717948718
430560.NQ,西部泰力,20220505,97.948717948718
430560.NQ,西部泰力,20220504,97.948717948718
430560.NQ,西部泰力,20220503,97.948717948718
430560.NQ,西部泰力,20220502,97.948717948718
430560.NQ,西部泰力,20220501,97.948717948718
430560.NQ,西部泰力,20220430,0.0
430560.NQ,西部泰力,20220429,0.0
430560.NQ,西部泰力,20220428,0.0
430560.NQ,西部泰力,20220427,0.0
430560.NQ,西部泰力,20220426,0.0
430560.NQ,西部泰力,20220425,0.0
430560.NQ,西部泰力,20220424,0.0
430560.NQ,西部泰力,20220423,0.0
430560.NQ,西部泰力,20220422,0.0
430560.NQ,西部泰力,20220421,0.0
430560.NQ,西部泰力,20220420,0.0
430560.NQ,西部泰力,20220419,0.0
430560.NQ,西部泰力,20220418,0.0
430560.NQ,西部泰力,20220417,0.0
430560.NQ,西部泰力,20220416,0.0
430560.NQ,西部泰力,20220415,0.0
430560.NQ,西部泰力,20220414,0.0
430560.NQ,西部泰力,20220413,0.0
430560.NQ,西部泰力,20220412,0.0
430560.NQ,西部泰力,20220411,0.0
430560.NQ,西部泰力,20220410,0.0
430560.NQ,西部泰力,20220409,0.0
430560.NQ,西部泰力,20220408,0.0
430560.NQ,西部泰力,20220407,0.0
430560.NQ,西部泰力,20220406,0.0
430560.NQ,西部泰力,20220405,0.0
430560.NQ,西部泰力,20220404,0.0
430560.NQ,西部泰力,20220403,0.0
430560.NQ,西部泰力,20220402,0.0
430560.NQ,西部泰力,20220401,0.0
430560.NQ,西部泰力,20220331,0.0
430560.NQ,西部泰力,20220330,0.0
430560.NQ,西部泰力,20220329,0.0
430560.NQ,西部泰力,20220328,0.0
430560.NQ,西部泰力,20220327,0.0
430560.NQ,西部泰力,20220326,0.0
430560.NQ,西部泰力,20220325,0.0
430560.NQ,西部泰力,20220324,0.0
430560.NQ,西部泰力,20220323,0.0
430560.NQ,西部泰力,20220322,0.0
430560.NQ,西部泰力,20220321,0.0
430560.NQ,西部泰力,20220320,0.0
430560.NQ,西部泰力,20220319,0.0
430560.NQ,西部泰力,20220318,0.0
430560.NQ,西部泰力,20220317,0.0
430560.NQ,西部泰力,20220316,0.0
430560.NQ,西部泰力,20220315,0.0
430560.NQ,西部泰力,20220314,0.0
430560.NQ,西部泰力,20220313,0.0
430560.NQ,西部泰力,20220312,0.0
430560.NQ,西部泰力,20220311,0.0
430560.NQ,西部泰力,20220310,0.0
430560.NQ,西部泰力,20220309,0.0
430560.NQ,西部泰力,20220308,0.0
430560.NQ,西部泰力,20220307,0.0
430560.NQ,西部泰力,20220306,0.0
430560.NQ,西部泰力,20220305,0.0
430560.NQ,西部泰力,20220304,0.0
430560.NQ,西部泰力,20220303,0.0
430560.NQ,西部泰力,20220302,0.0
430560.NQ,西部泰力,20220301,0.0
430560.NQ,西部泰力,20220228,0.0
430560.NQ,西部泰力,20220227,0.0
430560.NQ,西部泰力,20220226,0.0
430560.NQ,西部泰力,20220225,0.0
430560.NQ,西部泰力,20220224,0.0
430560.NQ,西部泰力,20220223,0.0
430560.NQ,西部泰力,20220222,0.0
430560.NQ,西部泰力,20220221,0.0
430560.NQ,西部泰力,20220220,0.0
430560.NQ,西部泰力,20220219,0.0
430560.NQ,西部泰力,20220218,0.0
430560.NQ,西部泰力,20220217,0.0
430560.NQ,西部泰力,20220216,0.0
430560.NQ,西部泰力,20220215,0.0
430560.NQ,西部泰力,20220214,0.0
430560.NQ,西部泰力,20220213,0.0
430560.NQ,西部泰力,20220212,0.0
430560.NQ,西部泰力,20220211,0.0
430560.NQ,西部泰力,20220210,0.0
430560.NQ,西部泰力,20220209,0.0
430560.NQ,西部泰力,20220208,0.0
430560.NQ,西部泰力,20220207,0.0
430560.NQ,西部泰力,20220206,0.0
430560.NQ,西部泰力,20220205,0.0
430560.NQ,西部泰力,20220204,0.0
430560.NQ,西部泰力,20220203,0.0
430560.NQ,西部泰力,20220202,0.0
430560.NQ,西部泰力,20220201,0.0
430560.NQ,西部泰力,20220131,0.0
430560.NQ,西部泰力,20220130,0.0
430560.NQ,西部泰力,20220129,0.0
430560.NQ,西部泰力,20220128,0.0
430560.NQ,西部泰力,20220127,0.0
430560.NQ,西部泰力,20220126,0.0
430560.NQ,西部泰力,20220125,0.0
430560.NQ,西部泰力,20220124,0.0
430560.NQ,西部泰力,20220123,0.0
430560.NQ,西部泰力,20220122,0.0
430560.NQ,西部泰力,20220121,0.0
430560.NQ,西部泰力,20220120,0.0
430560.NQ,西部泰力,20220119,0.0
430560.NQ,西部泰力,20220118,0.0
430560.NQ,西部泰力,20220117,0.0
430560.NQ,西部泰力,20220116,0.0
430560.NQ,西部泰力,20220115,0.0
430560.NQ,西部泰力,20220114,0.0
430560.NQ,西部泰力,20220113,0.0
430560.NQ,西部泰力,20220112,0.0
430560.NQ,西部泰力,20220111,0.0
430560.NQ,西部泰力,20220110,0.0
430560.NQ,西部泰力,20220109,0.0
430560.NQ,西部泰力,20220108,0.0
430560.NQ,西部泰力,20220107,0.0
430560.NQ,西部泰力,20220106,0.0
430560.NQ,西部泰力,20220105,0.0
430560.NQ,西部泰力,20220104,0.0
430560.NQ,西部泰力,20220103,0.0
430560.NQ,西部泰力,20220102,0.0
430560.NQ,西部泰力,20220101,0.0
430560.NQ,西部泰力,20211231,0.0
430560.NQ,西部泰力,20211230,0.0
430560.NQ,西部泰力,20211229,0.0
430560.NQ,西部泰力,20211228,0.0
430560.NQ,西部泰力,20211227,0.0
430560.NQ,西部泰力,20211226,0.0
430560.NQ,西部泰力,20211225,0.0
430560.NQ,西部泰力,20211224,0.0
430560.NQ,西部泰力,20211223,0.0
430560.NQ,西部泰力,20211222,0.0
430560.NQ,西部泰力,20211221,0.0
430560.NQ,西部泰力,20211220,0.0
430560.NQ,西部泰力,20211219,0.0
430560.NQ,西部泰力,20211218,0.0
430560.NQ,西部泰力,20211217,0.0
430560.NQ,西部泰力,20211216,0.0
430560.NQ,西部泰力,20211215,0.0
430560.NQ,西部泰力,20211214,0.0
430560.NQ,西部泰力,20211213,0.0
430560.NQ,西部泰力,20211212,0.0
430560.NQ,西部泰力,20211211,0.0
430560.NQ,西部泰力,20211210,0.0
430560.NQ,西部泰力,20211209,0.0
430560.NQ,西部泰力,20211208,0.0
430560.NQ,西部泰力,20211207,0.0
430560.NQ,西部泰力,20211206,0.0
430560.NQ,西部泰力,20211205,0.0
430560.NQ,西部泰力,20211204,0.0
430560.NQ,西部泰力,20211203,0.0
430560.NQ,西部泰力,20211202,0.0
430560.NQ,西部泰力,20211201,0.0
430560.NQ,西部泰力,20211130,-2.5
430560.NQ,西部泰力,20211129,-2.5
430560.NQ,西部泰力,20211128,-2.5
430560.NQ,西部泰力,20211127,-2.5
430560.NQ,西部泰力,20211126,-2.5
430560.NQ,西部泰力,20211125,-2.5
430560.NQ,西部泰力,20211124,-2.5
430560.NQ,西部泰力,20211123,-2.5
430560.NQ,西部泰力,20211122,-2.5
430560.NQ,西部泰力,20211121,-2.5
430560.NQ,西部泰力,20211120,-2.5
430560.NQ,西部泰力,20211119,-2.5
430560.NQ,西部泰力,20211118,-2.5
430560.NQ,西部泰力,20211117,-2.5
430560.NQ,西部泰力,20211116,-2.5
430560.NQ,西部泰力,20211115,-2.5
430560.NQ,西部泰力,20211114,-2.5
430560.NQ,西部泰力,20211113,-2.5
430560.NQ,西部泰力,20211112,-2.5
430560.NQ,西部泰力,20211111,-2.5
430560.NQ,西部泰力,20211110,-2.5
430560.NQ,西部泰力,20211109,-2.5
430560.NQ,西部泰力,20211108,-2.5
430560.NQ,西部泰力,20211107,-2.5
430560.NQ,西部泰力,20211106,-2.5
430560.NQ,西部泰力,20211105,-2.5
430560.NQ,西部泰力,20211104,-2.5
430560.NQ,西部泰力,20211103,-2.5
430560.NQ,西部泰力,20211102,-2.5
430560.NQ,西部泰力,20211101,-2.5
430560.NQ,西部泰力,20211031,10.497237569061
430560.NQ,西部泰力,20211030,10.497237569061
430560.NQ,西部泰力,20211029,10.497237569061
430560.NQ,西部泰力,20211028,10.497237569061
430560.NQ,西部泰力,20211027,10.497237569061
430560.NQ,西部泰力,20211026,10.497237569061
430560.NQ,西部泰力,20211025,10.497237569061
430560.NQ,西部泰力,20211024,10.497237569061
430560.NQ,西部泰力,20211023,10.497237569061
430560.NQ,西部泰力,20211022,10.497237569061
430560.NQ,西部泰力,20211021,10.497237569061
430560.NQ,西部泰力,20211020,10.497237569061
430560.NQ,西部泰力,20211019,10.497237569061
430560.NQ,西部泰力,20211018,10.497237569061
430560.NQ,西部泰力,20211017,10.497237569061
430560.NQ,西部泰力,20211016,10.497237569061
430560.NQ,西部泰力,20211015,10.497237569061
430560.NQ,西部泰力,20211014,10.497237569061
430560.NQ,西部泰力,20211013,10.497237569061
430560.NQ,西部泰力,20211012,10.497237569061
430560.NQ,西部泰力,20211011,10.497237569061
430560.NQ,西部泰力,20211010,10.497237569061
430560.NQ,西部泰力,20211009,10.497237569061
430560.NQ,西部泰力,20211008,10.497237569061
430560.NQ,西部泰力,20211007,10.497237569061
430560.NQ,西部泰力,20211006,10.497237569061
430560.NQ,西部泰力,20211005,10.497237569061
430560.NQ,西部泰力,20211004,10.497237569061
430560.NQ,西部泰力,20211003,10.497237569061
430560.NQ,西部泰力,20211002,10.497237569061
430560.NQ,西部泰力,20211001,10.497237569061
430560.NQ,西部泰力,20210930,126.25
430560.NQ,西部泰力,20210929,126.25
430560.NQ,西部泰力,20210928,126.25
430560.NQ,西部泰力,20210927,126.25
430560.NQ,西部泰力,20210926,126.25
430560.NQ,西部泰力,20210925,126.25
430560.NQ,西部泰力,20210924,126.25
430560.NQ,西部泰力,20210923,126.25
430560.NQ,西部泰力,20210922,126.25
430560.NQ,西部泰力,20210921,126.25
430560.NQ,西部泰力,20210920,126.25
430560.NQ,西部泰力,20210919,126.25
430560.NQ,西部泰力,20210918,126.25
430560.NQ,西部泰力,20210917,126.25
430560.NQ,西部泰力,20210916,126.25
430560.NQ,西部泰力,20210915,126.25
430560.NQ,西部泰力,20210914,126.25
430560.NQ,西部泰力,20210913,126.25
430560.NQ,西部泰力,20210912,126.25
430560.NQ,西部泰力,20210911,126.25
430560.NQ,西部泰力,20210910,126.25
430560.NQ,西部泰力,20210909,126.25
430560.NQ,西部泰力,20210908,126.25
430560.NQ,西部泰力,20210907,126.25
430560.NQ,西部泰力,20210906,126.25
430560.NQ,西部泰力,20210905,126.25
430560.NQ,西部泰力,20210904,126.25
430560.NQ,西部泰力,20210903,126.25
430560.NQ,西部泰力,20210902,126.25
430560.NQ,西部泰力,20210901,126.25
430560.NQ,西部泰力,20210831,0.0
430560.NQ,西部泰力,20210830,0.0
430560.NQ,西部泰力,20210829,0.0
430560.NQ,西部泰力,20210828,0.0
430560.NQ,西部泰力,20210827,0.0
430560.NQ,西部泰力,20210826,0.0
430560.NQ,西部泰力,20210825,0.0
430560.NQ,西部泰力,20210824,0.0
430560.NQ,西部泰力,20210823,0.0
430560.NQ,西部泰力,20210822,0.0
430560.NQ,西部泰力,20210821,0.0
430560.NQ,西部泰力,20210820,0.0
430560.NQ,西部泰力,20210819,0.0
430560.NQ,西部泰力,20210818,0.0
430560.NQ,西部泰力,20210817,0.0
430560.NQ,西部泰力,20210816,0.0
430560.NQ,西部泰力,20210815,0.0
430560.NQ,西部泰力,20210814,0.0
430560.NQ,西部泰力,20210813,0.0
430560.NQ,西部泰力,20210812,0.0
430560.NQ,西部泰力,20210811,0.0
430560.NQ,西部泰力,20210810,0.0
430560.NQ,西部泰力,20210809,0.0
430560.NQ,西部泰力,20210808,0.0
430560.NQ,西部泰力,20210807,0.0
430560.NQ,西部泰力,20210806,0.0
430560.NQ,西部泰力,20210805,0.0
430560.NQ,西部泰力,20210804,0.0
430560.NQ,西部泰力,20210803,0.0
430560.NQ,西部泰力,20210802,0.0
430560.NQ,西部泰力,20210801,0.0
430560.NQ,西部泰力,20210731,0.0
430560.NQ,西部泰力,20210730,0.0
430560.NQ,西部泰力,20210729,0.0
430560.NQ,西部泰力,20210728,0.0
430560.NQ,西部泰力,20210727,0.0
430560.NQ,西部泰力,20210726,0.0
430560.NQ,西部泰力,20210725,0.0
430560.NQ,西部泰力,20210724,0.0
430560.NQ,西部泰力,20210723,0.0
430560.NQ,西部泰力,20210722,0.0
430560.NQ,西部泰力,20210721,0.0
430560.NQ,西部泰力,20210720,0.0
430560.NQ,西部泰力,20210719,0.0
430560.NQ,西部泰力,20210718,0.0
430560.NQ,西部泰力,20210717,0.0
430560.NQ,西部泰力,20210716,0.0
430560.NQ,西部泰力,20210715,0.0
430560.NQ,西部泰力,20210714,0.0
430560.NQ,西部泰力,20210713,0.0
430560.NQ,西部泰力,20210712,0.0
430560.NQ,西部泰力,20210711,0.0
430560.NQ,西部泰力,20210710,0.0
430560.NQ,西部泰力,20210709,0.0
430560.NQ,西部泰力,20210708,0.0
430560.NQ,西部泰力,20210707,0.0
430560.NQ,西部泰力,20210706,0.0
430560.NQ,西部泰力,20210705,0.0
430560.NQ,西部泰力,20210704,0.0
430560.NQ,西部泰力,20210703,0.0
430560.NQ,西部泰力,20210702,0.0
430560.NQ,西部泰力,20210701,0.0
430560.NQ,西部泰力,20210630,0.0
430560.NQ,西部泰力,20210629,0.0
430560.NQ,西部泰力,20210628,0.0
430560.NQ,西部泰力,20210627,0.0
430560.NQ,西部泰力,20210626,0.0
430560.NQ,西部泰力,20210625,0.0
430560.NQ,西部泰力,20210624,0.0
430560.NQ,西部泰力,20210623,0.0
430560.NQ,西部泰力,20210622,0.0
430560.NQ,西部泰力,20210621,0.0
430560.NQ,西部泰力,20210620,0.0
430560.NQ,西部泰力,20210619,0.0
430560.NQ,西部泰力,20210618,0.0
430560.NQ,西部泰力,20210617,0.0
430560.NQ,西部泰力,20210616,0.0
430560.NQ,西部泰力,20210615,0.0
430560.NQ,西部泰力,20210614,0.0
430560.NQ,西部泰力,20210613,0.0
430560.NQ,西部泰力,20210612,0.0
430560.NQ,西部泰力,20210611,0.0
430560.NQ,西部泰力,20210610,0.0
430560.NQ,西部泰力,20210609,0.0
430560.NQ,西部泰力,20210608,0.0
430560.NQ,西部泰力,20210607,0.0
430560.NQ,西部泰力,20210606,0.0
430560.NQ,西部泰力,20210605,0.0
430560.NQ,西部泰力,20210604,0.0
430560.NQ,西部泰力,20210603,0.0
430560.NQ,西部泰力,20210602,0.0
430560.NQ,西部泰力,20210601,0.0
430560.NQ,西部泰力,20210531,0.0
430560.NQ,西部泰力,20210530,0.0
430560.NQ,西部泰力,20210529,0.0
430560.NQ,西部泰力,20210528,0.0
430560.NQ,西部泰力,20210527,0.0
430560.NQ,西部泰力,20210526,0.0
430560.NQ,西部泰力,20210525,0.0
430560.NQ,西部泰力,20210524,0.0
430560.NQ,西部泰力,20210523,0.0
430560.NQ,西部泰力,20210522,0.0
430560.NQ,西部泰力,20210521,0.0
430560.NQ,西部泰力,20210520,0.0
430560.NQ,西部泰力,20210519,0.0
430560.NQ,西部泰力,20210518,0.0
430560.NQ,西部泰力,20210517,0.0
430560.NQ,西部泰力,20210516,0.0
430560.NQ,西部泰力,20210515,0.0
430560.NQ,西部泰力,20210514,0.0
430560.NQ,西部泰力,20210513,0.0
430560.NQ,西部泰力,20210512,0.0
430560.NQ,西部泰力,20210511,0.0
430560.NQ,西部泰力,20210510,0.0
430560.NQ,西部泰力,20210509,0.0
430560.NQ,西部泰力,20210508,0.0
430560.NQ,西部泰力,20210507,0.0
430560.NQ,西部泰力,20210506,0.0
430560.NQ,西部泰力,20210505,0.0
430560.NQ,西部泰力,20210504,0.0
430560.NQ,西部泰力,20210503,0.0
430560.NQ,西部泰力,20210502,0.0
430560.NQ,西部泰力,20210501,0.0
430560.NQ,西部泰力,20210430,0.0
430560.NQ,西部泰力,20210429,0.0
430560.NQ,西部泰力,20210428,0.0
430560.NQ,西部泰力,20210427,0.0
430560.NQ,西部泰力,20210426,0.0
430560.NQ,西部泰力,20210425,0.0
430560.NQ,西部泰力,20210424,0.0
430560.NQ,西部泰力,20210423,0.0
430560.NQ,西部泰力,20210422,0.0
430560.NQ,西部泰力,20210421,0.0
430560.NQ,西部泰力,20210420,0.0
430560.NQ,西部泰力,20210419,0.0
430560.NQ,西部泰力,20210418,0.0
430560.NQ,西部泰力,20210417,0.0
430560.NQ,西部泰力,20210416,0.0
430560.NQ,西部泰力,20210415,0.0
430560.NQ,西部泰力,20210414,0.0
430560.NQ,西部泰力,20210413,0.0
430560.NQ,西部泰力,20210412,0.0
430560.NQ,西部泰力,20210411,0.0
430560.NQ,西部泰力,20210410,0.0
430560.NQ,西部泰力,20210409,0.0
430560.NQ,西部泰力,20210408,0.0
430560.NQ,西部泰力,20210407,0.0
430560.NQ,西部泰力,20210406,0.0
430560.NQ,西部泰力,20210405,0.0
430560.NQ,西部泰力,20210404,0.0
430560.NQ,西部泰力,20210403,0.0
430560.NQ,西部泰力,20210402,0.0
430560.NQ,西部泰力,20210401,0.0
430560.NQ,西部泰力,20210331,0.0
430560.NQ,西部泰力,20210330,0.0
430560.NQ,西部泰力,20210329,0.0
430560.NQ,西部泰力,20210328,0.0
430560.NQ,西部泰力,20210327,0.0
430560.NQ,西部泰力,20210326,0.0
430560.NQ,西部泰力,20210325,0.0
430560.NQ,西部泰力,20210324,0.0
430560.NQ,西部泰力,20210323,0.0
430560.NQ,西部泰力,20210322,0.0
430560.NQ,西部泰力,20210321,0.0
430560.NQ,西部泰力,20210320,0.0
430560.NQ,西部泰力,20210319,0.0
430560.NQ,西部泰力,20210318,0.0
430560.NQ,西部泰力,20210317,0.0
430560.NQ,西部泰力,20210316,0.0
430560.NQ,西部泰力,20210315,0.0
430560.NQ,西部泰力,20210314,0.0
430560.NQ,西部泰力,20210313,0.0
430560.NQ,西部泰力,20210312,0.0
430560.NQ,西部泰力,20210311,0.0
430560.NQ,西部泰力,20210310,0.0
430560.NQ,西部泰力,20210309,0.0
430560.NQ,西部泰力,20210308,0.0
430560.NQ,西部泰力,20210307,0.0
430560.NQ,西部泰力,20210306,0.0
430560.NQ,西部泰力,20210305,0.0
430560.NQ,西部泰力,20210304,0.0
430560.NQ,西部泰力,20210303,0.0
430560.NQ,西部泰力,20210302,0.0
430560.NQ,西部泰力,20210301,0.0
430560.NQ,西部泰力,20210228,60.0
430560.NQ,西部泰力,20210227,60.0
430560.NQ,西部泰力,20210226,60.0
430560.NQ,西部泰力,20210225,60.0
430560.NQ,西部泰力,20210224,60.0
430560.NQ,西部泰力,20210223,60.0
430560.NQ,西部泰力,20210222,60.0
430560.NQ,西部泰力,20210221,60.0
430560.NQ,西部泰力,20210220,60.0
430560.NQ,西部泰力,20210219,60.0
430560.NQ,西部泰力,20210218,60.0
430560.NQ,西部泰力,20210217,60.0
430560.NQ,西部泰力,20210216,60.0
430560.NQ,西部泰力,20210215,60.0
430560.NQ,西部泰力,20210214,60.0
430560.NQ,西部泰力,20210213,60.0
430560.NQ,西部泰力,20210212,60.0
430560.NQ,西部泰力,20210211,60.0
430560.NQ,西部泰力,20210210,60.0
430560.NQ,西部泰力,20210209,60.0
430560.NQ,西部泰力,20210208,60.0
430560.NQ,西部泰力,20210207,60.0
430560.NQ,西部泰力,20210206,60.0
430560.NQ,西部泰力,20210205,60.0
430560.NQ,西部泰力,20210204,60.0
430560.NQ,西部泰力,20210203,60.0
430560.NQ,西部泰力,20210202,60.0
430560.NQ,西部泰力,20210201,60.0
430560.NQ,西部泰力,20210131,-41.176470588235
430560.NQ,西部泰力,20210130,-41.176470588235
430560.NQ,西部泰力,20210129,-41.176470588235
430560.NQ,西部泰力,20210128,-41.176470588235
430560.NQ,西部泰力,20210127,-41.176470588235
430560.NQ,西部泰力,20210126,-41.176470588235
430560.NQ,西部泰力,20210125,-41.176470588235
430560.NQ,西部泰力,20210124,-41.176470588235
430560.NQ,西部泰力,20210123,-41.176470588235
430560.NQ,西部泰力,20210122,-41.176470588235
430560.NQ,西部泰力,20210121,-41.176470588235
430560.NQ,西部泰力,20210120,-41.176470588235
430560.NQ,西部泰力,20210119,-41.176470588235
430560.NQ,西部泰力,20210118,-41.176470588235
430560.NQ,西部泰力,20210117,-41.176470588235
430560.NQ,西部泰力,20210116,-41.176470588235
430560.NQ,西部泰力,20210115,-41.176470588235
430560.NQ,西部泰力,20210114,-41.176470588235
430560.NQ,西部泰力,20210113,-41.176470588235
430560.NQ,西部泰力,20210112,-41.176470588235
430560.NQ,西部泰力,20210111,-41.176470588235
430560.NQ,西部泰力,20210110,-41.176470588235
430560.NQ,西部泰力,20210109,-41.176470588235
430560.NQ,西部泰力,20210108,-41.176470588235
430560.NQ,西部泰力,20210107,-41.176470588235
430560.NQ,西部泰力,20210106,-41.176470588235
430560.NQ,西部泰力,20210105,-41.176470588235
430560.NQ,西部泰力,20210104,-41.176470588235
430560.NQ,西部泰力,20210103,-41.176470588235
430560.NQ,西部泰力,20210102,-41.176470588235
430560.NQ,西部泰力,20210101,-41.176470588235
430560.NQ,西部泰力,20201231,-5.5555555555556
430560.NQ,西部泰力,20201230,-5.5555555555556
430560.NQ,西部泰力,20201229,-5.5555555555556
430560.NQ,西部泰力,20201228,-5.5555555555556
430560.NQ,西部泰力,20201227,-5.5555555555556
430560.NQ,西部泰力,20201226,-5.5555555555556
430560.NQ,西部泰力,20201225,-5.5555555555556
430560.NQ,西部泰力,20201224,-5.5555555555556
430560.NQ,西部泰力,20201223,-5.5555555555556
430560.NQ,西部泰力,20201222,-5.5555555555556
430560.NQ,西部泰力,20201221,-5.5555555555556
430560.NQ,西部泰力,20201220,-5.5555555555556
430560.NQ,西部泰力,20201219,-5.5555555555556
430560.NQ,西部泰力,20201218,-5.5555555555556
430560.NQ,西部泰力,20201217,-5.5555555555556
430560.NQ,西部泰力,20201216,-5.5555555555556
430560.NQ,西部泰力,20201215,-5.5555555555556
430560.NQ,西部泰力,20201214,-5.5555555555556
430560.NQ,西部泰力,20201213,-5.5555555555556
430560.NQ,西部泰力,20201212,-5.5555555555556
430560.NQ,西部泰力,20201211,-5.5555555555556
430560.NQ,西部泰力,20201210,-5.5555555555556
430560.NQ,西部泰力,20201209,-5.5555555555556
430560.NQ,西部泰力,20201208,-5.5555555555556
430560.NQ,西部泰力,20201207,-5.5555555555556
430560.NQ,西部泰力,20201206,-5.5555555555556
430560.NQ,西部泰力,20201205,-5.5555555555556
430560.NQ,西部泰力,20201204,-5.5555555555556
430560.NQ,西部泰力,20201203,-5.5555555555556
430560.NQ,西部泰力,20201202,-5.5555555555556
430560.NQ,西部泰力,20201201,-5.5555555555556
430560.NQ,西部泰力,20201130,12.5
430560.NQ,西部泰力,20201129,12.5
430560.NQ,西部泰力,20201128,12.5
430560.NQ,西部泰力,20201127,12.5
430560.NQ,西部泰力,20201126,12.5
430560.NQ,西部泰力,20201125,12.5
430560.NQ,西部泰力,20201124,12.5
430560.NQ,西部泰力,20201123,12.5
430560.NQ,西部泰力,20201122,12.5
430560.NQ,西部泰力,20201121,12.5
430560.NQ,西部泰力,20201120,12.5
430560.NQ,西部泰力,20201119,12.5
430560.NQ,西部泰力,20201118,12.5
430560.NQ,西部泰力,20201117,12.5
430560.NQ,西部泰力,20201116,12.5
430560.NQ,西部泰力,20201115,12.5
430560.NQ,西部泰力,20201114,12.5
430560.NQ,西部泰力,20201113,12.5
430560.NQ,西部泰力,20201112,12.5
430560.NQ,西部泰力,20201111,12.5
430560.NQ,西部泰力,20201110,12.5
430560.NQ,西部泰力,20201109,12.5
430560.NQ,西部泰力,20201108,12.5
430560.NQ,西部泰力,20201107,12.5
430560.NQ,西部泰力,20201106,12.5
430560.NQ,西部泰力,20201105,12.5
430560.NQ,西部泰力,20201104,12.5
430560.NQ,西部泰力,20201103,12.5
430560.NQ,西部泰力,20201102,12.5
430560.NQ,西部泰力,20201101,12.5
430560.NQ,西部泰力,20201031,-20.0
430560.NQ,西部泰力,20201030,-20.0
430560.NQ,西部泰力,20201029,-20.0
430560.NQ,西部泰力,20201028,-20.0
430560.NQ,西部泰力,20201027,-20.0
430560.NQ,西部泰力,20201026,-20.0
430560.NQ,西部泰力,20201025,-20.0
430560.NQ,西部泰力,20201024,-20.0
430560.NQ,西部泰力,20201023,-20.0
430560.NQ,西部泰力,20201022,-20.0
430560.NQ,西部泰力,20201021,-20.0
430560.NQ,西部泰力,20201020,-20.0
430560.NQ,西部泰力,20201019,-20.0
430560.NQ,西部泰力,20201018,-20.0
430560.NQ,西部泰力,20201017,-20.0
430560.NQ,西部泰力,20201016,-20.0
430560.NQ,西部泰力,20201015,-20.0
430560.NQ,西部泰力,20201014,-20.0
430560.NQ,西部泰力,20201013,-20.0
430560.NQ,西部泰力,20201012,-20.0
430560.NQ,西部泰力,20201011,-20.0
430560.NQ,西部泰力,20201010,-20.0
430560.NQ,西部泰力,20201009,-20.0
430560.NQ,西部泰力,20201008,-20.0
430560.NQ,西部泰力,20201007,-20.0
430560.NQ,西部泰力,20201006,-20.0
430560.NQ,西部泰力,20201005,-20.0
430560.NQ,西部泰力,20201004,-20.0
430560.NQ,西部泰力,20201003,-20.0
430560.NQ,西部泰力,20201002,-20.0
430560.NQ,西部泰力,20201001,-20.0
430560.NQ,西部泰力,20200930,0.0
430560.NQ,西部泰力,20200929,0.0
430560.NQ,西部泰力,20200928,0.0
430560.NQ,西部泰力,20200927,0.0
430560.NQ,西部泰力,20200926,0.0
430560.NQ,西部泰力,20200925,0.0
430560.NQ,西部泰力,20200924,0.0
430560.NQ,西部泰力,20200923,0.0
430560.NQ,西部泰力,20200922,0.0
430560.NQ,西部泰力,20200921,0.0
430560.NQ,西部泰力,20200920,0.0
430560.NQ,西部泰力,20200919,0.0
430560.NQ,西部泰力,20200918,0.0
430560.NQ,西部泰力,20200917,0.0
430560.NQ,西部泰力,20200916,0.0
430560.NQ,西部泰力,20200915,0.0
430560.NQ,西部泰力,20200914,0.0
430560.NQ,西部泰力,20200913,0.0
430560.NQ,西部泰力,20200912,0.0
430560.NQ,西部泰力,20200911,0.0
430560.NQ,西部泰力,20200910,0.0
430560.NQ,西部泰力,20200909,0.0
430560.NQ,西部泰力,20200908,0.0
430560.NQ,西部泰力,20200907,0.0
430560.NQ,西部泰力,20200906,0.0
430560.NQ,西部泰力,20200905,0.0
430560.NQ,西部泰力,20200904,0.0
430560.NQ,西部泰力,20200903,0.0
430560.NQ,西部泰力,20200902,0.0
430560.NQ,西部泰力,20200901,0.0
430560.NQ,西部泰力,20200831,0.0
430560.NQ,西部泰力,20200830,0.0
430560.NQ,西部泰力,20200829,0.0
430560.NQ,西部泰力,20200828,0.0
430560.NQ,西部泰力,20200827,0.0
430560.NQ,西部泰力,20200826,0.0
430560.NQ,西部泰力,20200825,0.0
430560.NQ,西部泰力,20200824,0.0
430560.NQ,西部泰力,20200823,0.0
430560.NQ,西部泰力,20200822,0.0
430560.NQ,西部泰力,20200821,0.0
430560.NQ,西部泰力,20200820,0.0
430560.NQ,西部泰力,20200819,0.0
430560.NQ,西部泰力,20200818,0.0
430560.NQ,西部泰力,20200817,0.0
430560.NQ,西部泰力,20200816,0.0
430560.NQ,西部泰力,20200815,0.0
430560.NQ,西部泰力,20200814,0.0
430560.NQ,西部泰力,20200813,0.0
430560.NQ,西部泰力,20200812,0.0
430560.NQ,西部泰力,20200811,0.0
430560.NQ,西部泰力,20200810,0.0
430560.NQ,西部泰力,20200809,0.0
430560.NQ,西部泰力,20200808,0.0
430560.NQ,西部泰力,20200807,0.0
430560.NQ,西部泰力,20200806,0.0
430560.NQ,西部泰力,20200805,0.0
430560.NQ,西部泰力,20200804,0.0
430560.NQ,西部泰力,20200803,0.0
430560.NQ,西部泰力,20200802,0.0
430560.NQ,西部泰力,20200801,0.0
430560.NQ,西部泰力,20200731,0.0
430560.NQ,西部泰力,20200730,0.0
430560.NQ,西部泰力,20200729,0.0
430560.NQ,西部泰力,20200728,0.0
430560.NQ,西部泰力,20200727,0.0
430560.NQ,西部泰力,20200726,0.0
430560.NQ,西部泰力,20200725,0.0
430560.NQ,西部泰力,20200724,0.0
430560.NQ,西部泰力,20200723,0.0
430560.NQ,西部泰力,20200722,0.0
430560.NQ,西部泰力,20200721,0.0
430560.NQ,西部泰力,20200720,0.0
430560.NQ,西部泰力,20200719,0.0
430560.NQ,西部泰力,20200718,0.0
430560.NQ,西部泰力,20200717,0.0
430560.NQ,西部泰力,20200716,0.0
430560.NQ,西部泰力,20200715,0.0
430560.NQ,西部泰力,20200714,0.0
430560.NQ,西部泰力,20200713,0.0
430560.NQ,西部泰力,20200712,0.0
430560.NQ,西部泰力,20200711,0.0
430560.NQ,西部泰力,20200710,0.0
430560.NQ,西部泰力,20200709,0.0
430560.NQ,西部泰力,20200708,0.0
430560.NQ,西部泰力,20200707,0.0
430560.NQ,西部泰力,20200706,0.0
430560.NQ,西部泰力,20200705,0.0
430560.NQ,西部泰力,20200704,0.0
430560.NQ,西部泰力,20200703,0.0
430560.NQ,西部泰力,20200702,0.0
430560.NQ,西部泰力,20200701,0.0
430560.NQ,西部泰力,20200630,0.0
430560.NQ,西部泰力,20200629,0.0
430560.NQ,西部泰力,20200628,0.0
430560.NQ,西部泰力,20200627,0.0
430560.NQ,西部泰力,20200626,0.0
430560.NQ,西部泰力,20200625,0.0
430560.NQ,西部泰力,20200624,0.0
430560.NQ,西部泰力,20200623,0.0
430560.NQ,西部泰力,20200622,0.0
430560.NQ,西部泰力,20200621,0.0
430560.NQ,西部泰力,20200620,0.0
430560.NQ,西部泰力,20200619,0.0
430560.NQ,西部泰力,20200618,0.0
430560.NQ,西部泰力,20200617,0.0
430560.NQ,西部泰力,20200616,0.0
430560.NQ,西部泰力,20200615,0.0
430560.NQ,西部泰力,20200614,0.0
430560.NQ,西部泰力,20200613,0.0
430560.NQ,西部泰力,20200612,0.0
430560.NQ,西部泰力,20200611,0.0
430560.NQ,西部泰力,20200610,0.0
430560.NQ,西部泰力,20200609,0.0
430560.NQ,西部泰力,20200608,0.0
430560.NQ,西部泰力,20200607,0.0
430560.NQ,西部泰力,20200606,0.0
430560.NQ,西部泰力,20200605,0.0
430560.NQ,西部泰力,20200604,0.0
430560.NQ,西部泰力,20200603,0.0
430560.NQ,西部泰力,20200602,0.0
430560.NQ,西部泰力,20200601,0.0
430560.NQ,西部泰力,20200531,0.0
430560.NQ,西部泰力,20200530,0.0
430560.NQ,西部泰力,20200529,0.0
430560.NQ,西部泰力,20200528,0.0
430560.NQ,西部泰力,20200527,0.0
430560.NQ,西部泰力,20200526,0.0
430560.NQ,西部泰力,20200525,0.0
430560.NQ,西部泰力,20200524,0.0
430560.NQ,西部泰力,20200523,0.0
430560.NQ,西部泰力,20200522,0.0
430560.NQ,西部泰力,20200521,0.0
430560.NQ,西部泰力,20200520,0.0
430560.NQ,西部泰力,20200519,0.0
430560.NQ,西部泰力,20200518,0.0
430560.NQ,西部泰力,20200517,0.0
430560.NQ,西部泰力,20200516,0.0
430560.NQ,西部泰力,20200515,0.0
430560.NQ,西部泰力,20200514,0.0
430560.NQ,西部泰力,20200513,0.0
430560.NQ,西部泰力,20200512,0.0
430560.NQ,西部泰力,20200511,0.0
430560.NQ,西部泰力,20200510,0.0
430560.NQ,西部泰力,20200509,0.0
430560.NQ,西部泰力,20200508,0.0
430560.NQ,西部泰力,20200507,0.0
430560.NQ,西部泰力,20200506,0.0
430560.NQ,西部泰力,20200505,0.0
430560.NQ,西部泰力,20200504,0.0
430560.NQ,西部泰力,20200503,0.0
430560.NQ,西部泰力,20200502,0.0
430560.NQ,西部泰力,20200501,0.0
430560.NQ,西部泰力,20200430,0.0
430560.NQ,西部泰力,20200429,0.0
430560.NQ,西部泰力,20200428,0.0
430560.NQ,西部泰力,20200427,0.0
430560.NQ,西部泰力,20200426,0.0
430560.NQ,西部泰力,20200425,0.0
430560.NQ,西部泰力,20200424,0.0
430560.NQ,西部泰力,20200423,0.0
430560.NQ,西部泰力,20200422,0.0
430560.NQ,西部泰力,20200421,0.0
430560.NQ,西部泰力,20200420,0.0
430560.NQ,西部泰力,20200419,0.0
430560.NQ,西部泰力,20200418,0.0
430560.NQ,西部泰力,20200417,0.0
430560.NQ,西部泰力,20200416,0.0
430560.NQ,西部泰力,20200415,0.0
430560.NQ,西部泰力,20200414,0.0
430560.NQ,西部泰力,20200413,0.0
430560.NQ,西部泰力,20200412,0.0
430560.NQ,西部泰力,20200411,0.0
430560.NQ,西部泰力,20200410,0.0
430560.NQ,西部泰力,20200409,0.0
430560.NQ,西部泰力,20200408,0.0
430560.NQ,西部泰力,20200407,0.0
430560.NQ,西部泰力,20200406,0.0
430560.NQ,西部泰力,20200405,0.0
430560.NQ,西部泰力,20200404,0.0
430560.NQ,西部泰力,20200403,0.0
430560.NQ,西部泰力,20200402,0.0
430560.NQ,西部泰力,20200401,0.0
430560.NQ,西部泰力,20200331,0.0
430560.NQ,西部泰力,20200330,0.0
430560.NQ,西部泰力,20200329,0.0
430560.NQ,西部泰力,20200328,0.0
430560.NQ,西部泰力,20200327,0.0
430560.NQ,西部泰力,20200326,0.0
430560.NQ,西部泰力,20200325,0.0
430560.NQ,西部泰力,20200324,0.0
430560.NQ,西部泰力,20200323,0.0
430560.NQ,西部泰力,20200322,0.0
430560.NQ,西部泰力,20200321,0.0
430560.NQ,西部泰力,20200320,0.0
430560.NQ,西部泰力,20200319,0.0
430560.NQ,西部泰力,20200318,0.0
430560.NQ,西部泰力,20200317,0.0
430560.NQ,西部泰力,20200316,0.0
430560.NQ,西部泰力,20200315,0.0
430560.NQ,西部泰力,20200314,0.0
430560.NQ,西部泰力,20200313,0.0
430560.NQ,西部泰力,20200312,0.0
430560.NQ,西部泰力,20200311,0.0
430560.NQ,西部泰力,20200310,0.0
430560.NQ,西部泰力,20200309,0.0
430560.NQ,西部泰力,20200308,0.0
430560.NQ,西部泰力,20200307,0.0
430560.NQ,西部泰力,20200306,0.0
430560.NQ,西部泰力,20200305,0.0
430560.NQ,西部泰力,20200304,0.0
430560.NQ,西部泰力,20200303,0.0
430560.NQ,西部泰力,20200302,0.0
430560.NQ,西部泰力,20200301,0.0
430560.NQ,西部泰力,20200229,17.647058823529
430560.NQ,西部泰力,20200228,17.647058823529
430560.NQ,西部泰力,20200227,17.647058823529
430560.NQ,西部泰力,20200226,17.647058823529
430560.NQ,西部泰力,20200225,17.647058823529
430560.NQ,西部泰力,20200224,17.647058823529
430560.NQ,西部泰力,20200223,17.647058823529
430560.NQ,西部泰力,20200222,17.647058823529
430560.NQ,西部泰力,20200221,17.647058823529
430560.NQ,西部泰力,20200220,17.647058823529
430560.NQ,西部泰力,20200219,17.647058823529
430560.NQ,西部泰力,20200218,17.647058823529
430560.NQ,西部泰力,20200217,17.647058823529
430560.NQ,西部泰力,20200216,17.647058823529
430560.NQ,西部泰力,20200215,17.647058823529
430560.NQ,西部泰力,20200214,17.647058823529
430560.NQ,西部泰力,20200213,17.647058823529
430560.NQ,西部泰力,20200212,17.647058823529
430560.NQ,西部泰力,20200211,17.647058823529
430560.NQ,西部泰力,20200210,17.647058823529
430560.NQ,西部泰力,20200209,17.647058823529
430560.NQ,西部泰力,20200208,17.647058823529
430560.NQ,西部泰力,20200207,17.647058823529
430560.NQ,西部泰力,20200206,17.647058823529
430560.NQ,西部泰力,20200205,17.647058823529
430560.NQ,西部泰力,20200204,17.647058823529
430560.NQ,西部泰力,20200203,17.647058823529
430560.NQ,西部泰力,20200202,17.647058823529
430560.NQ,西部泰力,20200201,17.647058823529
430560.NQ,西部泰力,20200131,0.0
430560.NQ,西部泰力,20200130,0.0
430560.NQ,西部泰力,20200129,0.0
430560.NQ,西部泰力,20200128,0.0
430560.NQ,西部泰力,20200127,0.0
430560.NQ,西部泰力,20200126,0.0
430560.NQ,西部泰力,20200125,0.0
430560.NQ,西部泰力,20200124,0.0
430560.NQ,西部泰力,20200123,0.0
430560.NQ,西部泰力,20200122,0.0
430560.NQ,西部泰力,20200121,0.0
430560.NQ,西部泰力,20200120,0.0
430560.NQ,西部泰力,20200119,0.0
430560.NQ,西部泰力,20200118,0.0
430560.NQ,西部泰力,20200117,0.0
430560.NQ,西部泰力,20200116,0.0
430560.NQ,西部泰力,20200115,0.0
430560.NQ,西部泰力,20200114,0.0
430560.NQ,西部泰力,20200113,0.0
430560.NQ,西部泰力,20200112,0.0
430560.NQ,西部泰力,20200111,0.0
430560.NQ,西部泰力,20200110,0.0
430560.NQ,西部泰力,20200109,0.0
430560.NQ,西部泰力,20200108,0.0
430560.NQ,西部泰力,20200107,0.0
430560.NQ,西部泰力,20200106,0.0
430560.NQ,西部泰力,20200105,0.0
430560.NQ,西部泰力,20200104,0.0
430560.NQ,西部泰力,20200103,0.0
430560.NQ,西部泰力,20200102,0.0
430560.NQ,西部泰力,20200101,0.0
430560.NQ,西部泰力,20191231,30.769230769231
430560.NQ,西部泰力,20191230,30.769230769231
430560.NQ,西部泰力,20191229,30.769230769231
430560.NQ,西部泰力,20191228,30.769230769231
430560.NQ,西部泰力,20191227,30.769230769231
430560.NQ,西部泰力,20191226,30.769230769231
430560.NQ,西部泰力,20191225,30.769230769231
430560.NQ,西部泰力,20191224,30.769230769231
430560.NQ,西部泰力,20191223,30.769230769231
430560.NQ,西部泰力,20191222,30.769230769231
430560.NQ,西部泰力,20191221,30.769230769231
430560.NQ,西部泰力,20191220,30.769230769231
430560.NQ,西部泰力,20191219,30.769230769231
430560.NQ,西部泰力,20191218,30.769230769231
430560.NQ,西部泰力,20191217,30.769230769231
430560.NQ,西部泰力,20191216,30.769230769231
430560.NQ,西部泰力,20191215,30.769230769231
430560.NQ,西部泰力,20191214,30.769230769231
430560.NQ,西部泰力,20191213,30.769230769231
430560.NQ,西部泰力,20191212,30.769230769231
430560.NQ,西部泰力,20191211,30.769230769231
430560.NQ,西部泰力,20191210,30.769230769231
430560.NQ,西部泰力,20191209,30.769230769231
430560.NQ,西部泰力,20191208,30.769230769231
430560.NQ,西部泰力,20191207,30.769230769231
430560.NQ,西部泰力,20191206,30.769230769231
430560.NQ,西部泰力,20191205,30.769230769231
430560.NQ,西部泰力,20191204,30.769230769231
430560.NQ,西部泰力,20191203,30.769230769231
430560.NQ,西部泰力,20191202,30.769230769231
430560.NQ,西部泰力,20191201,30.769230769231
430560.NQ,西部泰力,20191130,-26.966292134831
430560.NQ,西部泰力,20191129,-26.966292134831
430560.NQ,西部泰力,20191128,-26.966292134831
430560.NQ,西部泰力,20191127,-26.966292134831
430560.NQ,西部泰力,20191126,-26.966292134831
430560.NQ,西部泰力,20191125,-26.966292134831
430560.NQ,西部泰力,20191124,-26.966292134831
430560.NQ,西部泰力,20191123,-26.966292134831
430560.NQ,西部泰力,20191122,-26.966292134831
430560.NQ,西部泰力,20191121,-26.966292134831
430560.NQ,西部泰力,20191120,-26.966292134831
430560.NQ,西部泰力,20191119,-26.966292134831
430560.NQ,西部泰力,20191118,-26.966292134831
430560.NQ,西部泰力,20191117,-26.966292134831
430560.NQ,西部泰力,20191116,-26.966292134831
430560.NQ,西部泰力,20191115,-26.966292134831
430560.NQ,西部泰力,20191114,-26.966292134831
430560.NQ,西部泰力,20191113,-26.966292134831
430560.NQ,西部泰力,20191112,-26.966292134831
430560.NQ,西部泰力,20191111,-26.966292134831
430560.NQ,西部泰力,20191110,-26.966292134831
430560.NQ,西部泰力,20191109,-26.966292134831
430560.NQ,西部泰力,20191108,-26.966292134831
430560.NQ,西部泰力,20191107,-26.966292134831
430560.NQ,西部泰力,20191106,-26.966292134831
430560.NQ,西部泰力,20191105,-26.966292134831
430560.NQ,西部泰力,20191104,-26.966292134831
430560.NQ,西部泰力,20191103,-26.966292134831
430560.NQ,西部泰力,20191102,-26.966292134831
430560.NQ,西部泰力,20191101,-26.966292134831
430560.NQ,西部泰力,20191031,0.0
430560.NQ,西部泰力,20191030,0.0
430560.NQ,西部泰力,20191029,0.0
430560.NQ,西部泰力,20191028,0.0
430560.NQ,西部泰力,20191027,0.0
430560.NQ,西部泰力,20191026,0.0
430560.NQ,西部泰力,20191025,0.0
430560.NQ,西部泰力,20191024,0.0
430560.NQ,西部泰力,20191023,0.0
430560.NQ,西部泰力,20191022,0.0
430560.NQ,西部泰力,20191021,0.0
430560.NQ,西部泰力,20191020,0.0
430560.NQ,西部泰力,20191019,0.0
430560.NQ,西部泰力,20191018,0.0
430560.NQ,西部泰力,20191017,0.0
430560.NQ,西部泰力,20191016,0.0
430560.NQ,西部泰力,20191015,0.0
430560.NQ,西部泰力,20191014,0.0
430560.NQ,西部泰力,20191013,0.0
430560.NQ,西部泰力,20191012,0.0
430560.NQ,西部泰力,20191011,0.0
430560.NQ,西部泰力,20191010,0.0
430560.NQ,西部泰力,20191009,0.0
430560.NQ,西部泰力,20191008,0.0
430560.NQ,西部泰力,20191007,0.0
430560.NQ,西部泰力,20191006,0.0
430560.NQ,西部泰力,20191005,0.0
430560.NQ,西部泰力,20191004,0.0
430560.NQ,西部泰力,20191003,0.0
430560.NQ,西部泰力,20191002,0.0
430560.NQ,西部泰力,20191001,0.0
430560.NQ,西部泰力,20190930,0.0
430560.NQ,西部泰力,20190929,0.0
430560.NQ,西部泰力,20190928,0.0
430560.NQ,西部泰力,20190927,0.0
430560.NQ,西部泰力,20190926,0.0
430560.NQ,西部泰力,20190925,0.0
430560.NQ,西部泰力,20190924,0.0
430560.NQ,西部泰力,20190923,0.0
430560.NQ,西部泰力,20190922,0.0
430560.NQ,西部泰力,20190921,0.0
430560.NQ,西部泰力,20190920,0.0
430560.NQ,西部泰力,20190919,0.0
430560.NQ,西部泰力,20190918,0.0
430560.NQ,西部泰力,20190917,0.0
430560.NQ,西部泰力,20190916,0.0
430560.NQ,西部泰力,20190915,0.0
430560.NQ,西部泰力,20190914,0.0
430560.NQ,西部泰力,20190913,0.0
430560.NQ,西部泰力,20190912,0.0
430560.NQ,西部泰力,20190911,0.0
430560.NQ,西部泰力,20190910,0.0
430560.NQ,西部泰力,20190909,0.0
430560.NQ,西部泰力,20190908,0.0
430560.NQ,西部泰力,20190907,0.0
430560.NQ,西部泰力,20190906,0.0
430560.NQ,西部泰力,20190905,0.0
430560.NQ,西部泰力,20190904,0.0
430560.NQ,西部泰力,20190903,0.0
430560.NQ,西部泰力,20190902,0.0
430560.NQ,西部泰力,20190901,0.0
430560.NQ,西部泰力,20190831,0.0
430560.NQ,西部泰力,20190830,0.0
430560.NQ,西部泰力,20190829,0.0
430560.NQ,西部泰力,20190828,0.0
430560.NQ,西部泰力,20190827,0.0
430560.NQ,西部泰力,20190826,0.0
430560.NQ,西部泰力,20190825,0.0
430560.NQ,西部泰力,20190824,0.0
430560.NQ,西部泰力,20190823,0.0
430560.NQ,西部泰力,20190822,0.0
430560.NQ,西部泰力,20190821,0.0
430560.NQ,西部泰力,20190820,0.0
430560.NQ,西部泰力,20190819,0.0
430560.NQ,西部泰力,20190818,0.0
430560.NQ,西部泰力,20190817,0.0
430560.NQ,西部泰力,20190816,0.0
430560.NQ,西部泰力,20190815,0.0
430560.NQ,西部泰力,20190814,0.0
430560.NQ,西部泰力,20190813,0.0
430560.NQ,西部泰力,20190812,0.0
430560.NQ,西部泰力,20190811,0.0
430560.NQ,西部泰力,20190810,0.0
430560.NQ,西部泰力,20190809,0.0
430560.NQ,西部泰力,20190808,0.0
430560.NQ,西部泰力,20190807,0.0
430560.NQ,西部泰力,20190806,0.0
430560.NQ,西部泰力,20190805,0.0
430560.NQ,西部泰力,20190804,0.0
430560.NQ,西部泰力,20190803,0.0
430560.NQ,西部泰力,20190802,0.0
430560.NQ,西部泰力,20190801,0.0
430560.NQ,西部泰力,20190731,0.0
430560.NQ,西部泰力,20190730,0.0
430560.NQ,西部泰力,20190729,0.0
430560.NQ,西部泰力,20190728,0.0
430560.NQ,西部泰力,20190727,0.0
430560.NQ,西部泰力,20190726,0.0
430560.NQ,西部泰力,20190725,0.0
430560.NQ,西部泰力,20190724,0.0
430560.NQ,西部泰力,20190723,0.0
430560.NQ,西部泰力,20190722,0.0
430560.NQ,西部泰力,20190721,0.0
430560.NQ,西部泰力,20190720,0.0
430560.NQ,西部泰力,20190719,0.0
430560.NQ,西部泰力,20190718,0.0
430560.NQ,西部泰力,20190717,0.0
430560.NQ,西部泰力,20190716,0.0
430560.NQ,西部泰力,20190715,0.0
430560.NQ,西部泰力,20190714,0.0
430560.NQ,西部泰力,20190713,0.0
430560.NQ,西部泰力,20190712,0.0
430560.NQ,西部泰力,20190711,0.0
430560.NQ,西部泰力,20190710,0.0
430560.NQ,西部泰力,20190709,0.0
430560.NQ,西部泰力,20190708,0.0
430560.NQ,西部泰力,20190707,0.0
430560.NQ,西部泰力,20190706,0.0
430560.NQ,西部泰力,20190705,0.0
430560.NQ,西部泰力,20190704,0.0
430560.NQ,西部泰力,20190703,0.0
430560.NQ,西部泰力,20190702,0.0
430560.NQ,西部泰力,20190701,0.0
430560.NQ,西部泰力,20190630,-2.1978021978022
430560.NQ,西部泰力,20190629,-2.1978021978022
430560.NQ,西部泰力,20190628,-2.1978021978022
430560.NQ,西部泰力,20190627,-2.1978021978022
430560.NQ,西部泰力,20190626,-2.1978021978022
430560.NQ,西部泰力,20190625,-2.1978021978022
430560.NQ,西部泰力,20190624,-2.1978021978022
430560.NQ,西部泰力,20190623,-2.1978021978022
430560.NQ,西部泰力,20190622,-2.1978021978022
430560.NQ,西部泰力,20190621,-2.1978021978022
430560.NQ,西部泰力,20190620,-2.1978021978022
430560.NQ,西部泰力,20190619,-2.1978021978022
430560.NQ,西部泰力,20190618,-2.1978021978022
430560.NQ,西部泰力,20190617,-2.1978021978022
430560.NQ,西部泰力,20190616,-2.1978021978022
430560.NQ,西部泰力,20190615,-2.1978021978022
430560.NQ,西部泰力,20190614,-2.1978021978022
430560.NQ,西部泰力,20190613,-2.1978021978022
430560.NQ,西部泰力,20190612,-2.1978021978022
430560.NQ,西部泰力,20190611,-2.1978021978022
430560.NQ,西部泰力,20190610,-2.1978021978022
430560.NQ,西部泰力,20190609,-2.1978021978022
430560.NQ,西部泰力,20190608,-2.1978021978022
430560.NQ,西部泰力,20190607,-2.1978021978022
430560.NQ,西部泰力,20190606,-2.1978021978022
430560.NQ,西部泰力,20190605,-2.1978021978022
430560.NQ,西部泰力,20190604,-2.1978021978022
430560.NQ,西部泰力,20190603,-2.1978021978022
430560.NQ,西部泰力,20190602,-2.1978021978022
430560.NQ,西部泰力,20190601,-2.1978021978022
430560.NQ,西部泰力,20190531,0.0
430560.NQ,西部泰力,20190530,0.0
430560.NQ,西部泰力,20190529,0.0
430560.NQ,西部泰力,20190528,0.0
430560.NQ,西部泰力,20190527,0.0
430560.NQ,西部泰力,20190526,0.0
430560.NQ,西部泰力,20190525,0.0
430560.NQ,西部泰力,20190524,0.0
430560.NQ,西部泰力,20190523,0.0
430560.NQ,西部泰力,20190522,0.0
430560.NQ,西部泰力,20190521,0.0
430560.NQ,西部泰力,20190520,0.0
430560.NQ,西部泰力,20190519,0.0
430560.NQ,西部泰力,20190518,0.0
430560.NQ,西部泰力,20190517,0.0
430560.NQ,西部泰力,20190516,0.0
430560.NQ,西部泰力,20190515,0.0
430560.NQ,西部泰力,20190514,0.0
430560.NQ,西部泰力,20190513,0.0
430560.NQ,西部泰力,20190512,0.0
430560.NQ,西部泰力,20190511,0.0
430560.NQ,西部泰力,20190510,0.0
430560.NQ,西部泰力,20190509,0.0
430560.NQ,西部泰力,20190508,0.0
430560.NQ,西部泰力,20190507,0.0
430560.NQ,西部泰力,20190506,0.0
430560.NQ,西部泰力,20190505,0.0
430560.NQ,西部泰力,20190504,0.0
430560.NQ,西部泰力,20190503,0.0
430560.NQ,西部泰力,20190502,0.0
430560.NQ,西部泰力,20190501,0.0
430560.NQ,西部泰力,20190430,0.0
430560.NQ,西部泰力,20190429,0.0
430560.NQ,西部泰力,20190428,0.0
430560.NQ,西部泰力,20190427,0.0
430560.NQ,西部泰力,20190426,0.0
430560.NQ,西部泰力,20190425,0.0
430560.NQ,西部泰力,20190424,0.0
430560.NQ,西部泰力,20190423,0.0
430560.NQ,西部泰力,20190422,0.0
430560.NQ,西部泰力,20190421,0.0
430560.NQ,西部泰力,20190420,0.0
430560.NQ,西部泰力,20190419,0.0
430560.NQ,西部泰力,20190418,0.0
430560.NQ,西部泰力,20190417,0.0
430560.NQ,西部泰力,20190416,0.0
430560.NQ,西部泰力,20190415,0.0
430560.NQ,西部泰力,20190414,0.0
430560.NQ,西部泰力,20190413,0.0
430560.NQ,西部泰力,20190412,0.0
430560.NQ,西部泰力,20190411,0.0
430560.NQ,西部泰力,20190410,0.0
430560.NQ,西部泰力,20190409,0.0
430560.NQ,西部泰力,20190408,0.0
430560.NQ,西部泰力,20190407,0.0
430560.NQ,西部泰力,20190406,0.0
430560.NQ,西部泰力,20190405,0.0
430560.NQ,西部泰力,20190404,0.0
430560.NQ,西部泰力,20190403,0.0
430560.NQ,西部泰力,20190402,0.0
430560.NQ,西部泰力,20190401,0.0
430560.NQ,西部泰力,20190331,-38.513513513514
430560.NQ,西部泰力,20190330,-38.513513513514
430560.NQ,西部泰力,20190329,-38.513513513514
430560.NQ,西部泰力,20190328,-38.513513513514
430560.NQ,西部泰力,20190327,-38.513513513514
430560.NQ,西部泰力,20190326,-38.513513513514
430560.NQ,西部泰力,20190325,-38.513513513514
430560.NQ,西部泰力,20190324,-38.513513513514
430560.NQ,西部泰力,20190323,-38.513513513514
430560.NQ,西部泰力,20190322,-38.513513513514
430560.NQ,西部泰力,20190321,-38.513513513514
430560.NQ,西部泰力,20190320,-38.513513513514
430560.NQ,西部泰力,20190319,-38.513513513514
430560.NQ,西部泰力,20190318,-38.513513513514
430560.NQ,西部泰力,20190317,-38.513513513514
430560.NQ,西部泰力,20190316,-38.513513513514
430560.NQ,西部泰力,20190315,-38.513513513514
430560.NQ,西部泰力,20190314,-38.513513513514
430560.NQ,西部泰力,20190313,-38.513513513514
430560.NQ,西部泰力,20190312,-38.513513513514
430560.NQ,西部泰力,20190311,-38.513513513514
430560.NQ,西部泰力,20190310,-38.513513513514
430560.NQ,西部泰力,20190309,-38.513513513514
430560.NQ,西部泰力,20190308,-38.513513513514
430560.NQ,西部泰力,20190307,-38.513513513514
430560.NQ,西部泰力,20190306,-38.513513513514
430560.NQ,西部泰力,20190305,-38.513513513514
430560.NQ,西部泰力,20190304,-38.513513513514
430560.NQ,西部泰力,20190303,-38.513513513514
430560.NQ,西部泰力,20190302,-38.513513513514
430560.NQ,西部泰力,20190301,-38.513513513514
430560.NQ,西部泰力,20190228,-16.38418079096
430560.NQ,西部泰力,20190227,-16.38418079096
430560.NQ,西部泰力,20190226,-16.38418079096
430560.NQ,西部泰力,20190225,-16.38418079096
430560.NQ,西部泰力,20190224,-16.38418079096
430560.NQ,西部泰力,20190223,-16.38418079096
430560.NQ,西部泰力,20190222,-16.38418079096
430560.NQ,西部泰力,20190221,-16.38418079096
430560.NQ,西部泰力,20190220,-16.38418079096
430560.NQ,西部泰力,20190219,-16.38418079096
430560.NQ,西部泰力,20190218,-16.38418079096
430560.NQ,西部泰力,20190217,-16.38418079096
430560.NQ,西部泰力,20190216,-16.38418079096
430560.NQ,西部泰力,20190215,-16.38418079096
430560.NQ,西部泰力,20190214,-16.38418079096
430560.NQ,西部泰力,20190213,-16.38418079096
430560.NQ,西部泰力,20190212,-16.38418079096
430560.NQ,西部泰力,20190211,-16.38418079096
430560.NQ,西部泰力,20190210,-16.38418079096
430560.NQ,西部泰力,20190209,-16.38418079096
430560.NQ,西部泰力,20190208,-16.38418079096
430560.NQ,西部泰力,20190207,-16.38418079096
430560.NQ,西部泰力,20190206,-16.38418079096
430560.NQ,西部泰力,20190205,-16.38418079096
430560.NQ,西部泰力,20190204,-16.38418079096
430560.NQ,西部泰力,20190203,-16.38418079096
430560.NQ,西部泰力,20190202,-16.38418079096
430560.NQ,西部泰力,20190201,-16.38418079096
430560.NQ,西部泰力,20190131,0.56818181818182
430560.NQ,西部泰力,20190130,0.56818181818182
430560.NQ,西部泰力,20190129,0.56818181818182
430560.NQ,西部泰力,20190128,0.56818181818182
430560.NQ,西部泰力,20190127,0.56818181818182
430560.NQ,西部泰力,20190126,0.56818181818182
430560.NQ,西部泰力,20190125,0.56818181818182
430560.NQ,西部泰力,20190124,0.56818181818182
430560.NQ,西部泰力,20190123,0.56818181818182
430560.NQ,西部泰力,20190122,0.56818181818182
430560.NQ,西部泰力,20190121,0.56818181818182
430560.NQ,西部泰力,20190120,0.56818181818182
430560.NQ,西部泰力,20190119,0.56818181818182
430560.NQ,西部泰力,20190118,0.56818181818182
430560.NQ,西部泰力,20190117,0.56818181818182
430560.NQ,西部泰力,20190116,0.56818181818182
430560.NQ,西部泰力,20190115,0.56818181818182
430560.NQ,西部泰力,20190114,0.56818181818182
430560.NQ,西部泰力,20190113,0.56818181818182
430560.NQ,西部泰力,20190112,0.56818181818182
430560.NQ,西部泰力,20190111,0.56818181818182
430560.NQ,西部泰力,20190110,0.56818181818182
430560.NQ,西部泰力,20190109,0.56818181818182
430560.NQ,西部泰力,20190108,0.56818181818182
430560.NQ,西部泰力,20190107,0.56818181818182
430560.NQ,西部泰力,20190106,0.56818181818182
430560.NQ,西部泰力,20190105,0.56818181818182
430560.NQ,西部泰力,20190104,0.56818181818182
430560.NQ,西部泰力,20190103,0.56818181818182
430560.NQ,西部泰力,20190102,0.56818181818182
430560.NQ,西部泰力,20190101,0.56818181818182
430560.NQ,西部泰力,20181231,0.0
430560.NQ,西部泰力,20181230,0.0
430560.NQ,西部泰力,20181229,0.0
430560.NQ,西部泰力,20181228,0.0
430560.NQ,西部泰力,20181227,0.0
430560.NQ,西部泰力,20181226,0.0
430560.NQ,西部泰力,20181225,0.0
430560.NQ,西部泰力,20181224,0.0
430560.NQ,西部泰力,20181223,0.0
430560.NQ,西部泰力,20181222,0.0
430560.NQ,西部泰力,20181221,0.0
430560.NQ,西部泰力,20181220,0.0
430560.NQ,西部泰力,20181219,0.0
430560.NQ,西部泰力,20181218,0.0
430560.NQ,西部泰力,20181217,0.0
430560.NQ,西部泰力,20181216,0.0
430560.NQ,西部泰力,20181215,0.0
430560.NQ,西部泰力,20181214,0.0
430560.NQ,西部泰力,20181213,0.0
430560.NQ,西部泰力,20181212,0.0
430560.NQ,西部泰力,20181211,0.0
430560.NQ,西部泰力,20181210,0.0
430560.NQ,西部泰力,20181209,0.0
430560.NQ,西部泰力,20181208,0.0
430560.NQ,西部泰力,20181207,0.0
430560.NQ,西部泰力,20181206,0.0
430560.NQ,西部泰力,20181205,0.0
430560.NQ,西部泰力,20181204,0.0
430560.NQ,西部泰力,20181203,0.0
430560.NQ,西部泰力,20181202,0.0
430560.NQ,西部泰力,20181201,0.0
430560.NQ,西部泰力,20181130,0.0
430560.NQ,西部泰力,20181129,0.0
430560.NQ,西部泰力,20181128,0.0
430560.NQ,西部泰力,20181127,0.0
430560.NQ,西部泰力,20181126,0.0
430560.NQ,西部泰力,20181125,0.0
430560.NQ,西部泰力,20181124,0.0
430560.NQ,西部泰力,20181123,0.0
430560.NQ,西部泰力,20181122,0.0
430560.NQ,西部泰力,20181121,0.0
430560.NQ,西部泰力,20181120,0.0
430560.NQ,西部泰力,20181119,0.0
430560.NQ,西部泰力,20181118,0.0
430560.NQ,西部泰力,20181117,0.0
430560.NQ,西部泰力,20181116,0.0
430560.NQ,西部泰力,20181115,0.0
430560.NQ,西部泰力,20181114,0.0
430560.NQ,西部泰力,20181113,0.0
430560.NQ,西部泰力,20181112,0.0
430560.NQ,西部泰力,20181111,0.0
430560.NQ,西部泰力,20181110,0.0
430560.NQ,西部泰力,20181109,0.0
430560.NQ,西部泰力,20181108,0.0
430560.NQ,西部泰力,20181107,0.0
430560.NQ,西部泰力,20181106,0.0
430560.NQ,西部泰力,20181105,0.0
430560.NQ,西部泰力,20181104,0.0
430560.NQ,西部泰力,20181103,0.0
430560.NQ,西部泰力,20181102,0.0
430560.NQ,西部泰力,20181101,0.0
430560.NQ,西部泰力,20181031,0.0
430560.NQ,西部泰力,20181030,0.0
430560.NQ,西部泰力,20181029,0.0
430560.NQ,西部泰力,20181028,0.0
430560.NQ,西部泰力,20181027,0.0
430560.NQ,西部泰力,20181026,0.0
430560.NQ,西部泰力,20181025,0.0
430560.NQ,西部泰力,20181024,0.0
430560.NQ,西部泰力,20181023,0.0
430560.NQ,西部泰力,20181022,0.0
430560.NQ,西部泰力,20181021,0.0
430560.NQ,西部泰力,20181020,0.0
430560.NQ,西部泰力,20181019,0.0
430560.NQ,西部泰力,20181018,0.0
430560.NQ,西部泰力,20181017,0.0
430560.NQ,西部泰力,20181016,0.0
430560.NQ,西部泰力,20181015,0.0
430560.NQ,西部泰力,20181014,0.0
430560.NQ,西部泰力,20181013,0.0
430560.NQ,西部泰力,20181012,0.0
430560.NQ,西部泰力,20181011,0.0
430560.NQ,西部泰力,20181010,0.0
430560.NQ,西部泰力,20181009,0.0
430560.NQ,西部泰力,20181008,0.0
430560.NQ,西部泰力,20181007,0.0
430560.NQ,西部泰力,20181006,0.0
430560.NQ,西部泰力,20181005,0.0
430560.NQ,西部泰力,20181004,0.0
430560.NQ,西部泰力,20181003,0.0
430560.NQ,西部泰力,20181002,0.0
430560.NQ,西部泰力,20181001,0.0
430560.NQ,西部泰力,20180930,-33.333333333333
430560.NQ,西部泰力,20180929,-33.333333333333
430560.NQ,西部泰力,20180928,-33.333333333333
430560.NQ,西部泰力,20180927,-33.333333333333
430560.NQ,西部泰力,20180926,-33.333333333333
430560.NQ,西部泰力,20180925,-33.333333333333
430560.NQ,西部泰力,20180924,-33.333333333333
430560.NQ,西部泰力,20180923,-33.333333333333
430560.NQ,西部泰力,20180922,-33.333333333333
430560.NQ,西部泰力,20180921,-33.333333333333
430560.NQ,西部泰力,20180920,-33.333333333333
430560.NQ,西部泰力,20180919,-33.333333333333
430560.NQ,西部泰力,20180918,-33.333333333333
430560.NQ,西部泰力,20180917,-33.333333333333
430560.NQ,西部泰力,20180916,-33.333333333333
430560.NQ,西部泰力,20180915,-33.333333333333
430560.NQ,西部泰力,20180914,-33.333333333333
430560.NQ,西部泰力,20180913,-33.333333333333
430560.NQ,西部泰力,20180912,-33.333333333333
430560.NQ,西部泰力,20180911,-33.333333333333
430560.NQ,西部泰力,20180910,-33.333333333333
430560.NQ,西部泰力,20180909,-33.333333333333
430560.NQ,西部泰力,20180908,-33.333333333333
430560.NQ,西部泰力,20180907,-33.333333333333
430560.NQ,西部泰力,20180906,-33.333333333333
430560.NQ,西部泰力,20180905,-33.333333333333
430560.NQ,西部泰力,20180904,-33.333333333333
430560.NQ,西部泰力,20180903,-33.333333333333
430560.NQ,西部泰力,20180902,-33.333333333333
430560.NQ,西部泰力,20180901,-33.333333333333
430560.NQ,西部泰力,20180831,0.0
430560.NQ,西部泰力,20180830,0.0
430560.NQ,西部泰力,20180829,0.0
430560.NQ,西部泰力,20180828,0.0
430560.NQ,西部泰力,20180827,0.0
430560.NQ,西部泰力,20180826,0.0
430560.NQ,西部泰力,20180825,0.0
430560.NQ,西部泰力,20180824,0.0
430560.NQ,西部泰力,20180823,0.0
430560.NQ,西部泰力,20180822,0.0
430560.NQ,西部泰力,20180821,0.0
430560.NQ,西部泰力,20180820,0.0
430560.NQ,西部泰力,20180819,0.0
430560.NQ,西部泰力,20180818,0.0
430560.NQ,西部泰力,20180817,0.0
430560.NQ,西部泰力,20180816,0.0
430560.NQ,西部泰力,20180815,0.0
430560.NQ,西部泰力,20180814,0.0
430560.NQ,西部泰力,20180813,0.0
430560.NQ,西部泰力,20180812,0.0
430560.NQ,西部泰力,20180811,0.0
430560.NQ,西部泰力,20180810,0.0
430560.NQ,西部泰力,20180809,0.0
430560.NQ,西部泰力,20180808,0.0
430560.NQ,西部泰力,20180807,0.0
430560.NQ,西部泰力,20180806,0.0
430560.NQ,西部泰力,20180805,0.0
430560.NQ,西部泰力,20180804,0.0
430560.NQ,西部泰力,20180803,0.0
430560.NQ,西部泰力,20180802,0.0
430560.NQ,西部泰力,20180801,0.0
430560.NQ,西部泰力,20180731,0.0
430560.NQ,西部泰力,20180730,0.0
430560.NQ,西部泰力,20180729,0.0
430560.NQ,西部泰力,20180728,0.0
430560.NQ,西部泰力,20180727,0.0
430560.NQ,西部泰力,20180726,0.0
430560.NQ,西部泰力,20180725,0.0
430560.NQ,西部泰力,20180724,0.0
430560.NQ,西部泰力,20180723,0.0
430560.NQ,西部泰力,20180722,0.0
430560.NQ,西部泰力,20180721,0.0
430560.NQ,西部泰力,20180720,0.0
430560.NQ,西部泰力,20180719,0.0
430560.NQ,西部泰力,20180718,0.0
430560.NQ,西部泰力,20180717,0.0
430560.NQ,西部泰力,20180716,0.0
430560.NQ,西部泰力,20180715,0.0
430560.NQ,西部泰力,20180714,0.0
430560.NQ,西部泰力,20180713,0.0
430560.NQ,西部泰力,20180712,0.0
430560.NQ,西部泰力,20180711,0.0
430560.NQ,西部泰力,20180710,0.0
430560.NQ,西部泰力,20180709,0.0
430560.NQ,西部泰力,20180708,0.0
430560.NQ,西部泰力,20180707,0.0
430560.NQ,西部泰力,20180706,0.0
430560.NQ,西部泰力,20180705,0.0
430560.NQ,西部泰力,20180704,0.0
430560.NQ,西部泰力,20180703,0.0
430560.NQ,西部泰力,20180702,0.0
430560.NQ,西部泰力,20180701,0.0
430560.NQ,西部泰力,20180630,-2.2222222222222
430560.NQ,西部泰力,20180629,-2.2222222222222
430560.NQ,西部泰力,20180628,-2.2222222222222
430560.NQ,西部泰力,20180627,-2.2222222222222
430560.NQ,西部泰力,20180626,-2.2222222222222
430560.NQ,西部泰力,20180625,-2.2222222222222
430560.NQ,西部泰力,20180624,-2.2222222222222
430560.NQ,西部泰力,20180623,-2.2222222222222
430560.NQ,西部泰力,20180622,-2.2222222222222
430560.NQ,西部泰力,20180621,-2.2222222222222
430560.NQ,西部泰力,20180620,-2.2222222222222
430560.NQ,西部泰力,20180619,-2.2222222222222
430560.NQ,西部泰力,20180618,-2.2222222222222
430560.NQ,西部泰力,20180617,-2.2222222222222
430560.NQ,西部泰力,20180616,-2.2222222222222
430560.NQ,西部泰力,20180615,-2.2222222222222
430560.NQ,西部泰力,20180614,-2.2222222222222
430560.NQ,西部泰力,20180613,-2.2222222222222
430560.NQ,西部泰力,20180612,-2.2222222222222
430560.NQ,西部泰力,20180611,-2.2222222222222
430560.NQ,西部泰力,20180610,-2.2222222222222
430560.NQ,西部泰力,20180609,-2.2222222222222
430560.NQ,西部泰力,20180608,-2.2222222222222
430560.NQ,西部泰力,20180607,-2.2222222222222
430560.NQ,西部泰力,20180606,-2.2222222222222
430560.NQ,西部泰力,20180605,-2.2222222222222
430560.NQ,西部泰力,20180604,-2.2222222222222
430560.NQ,西部泰力,20180603,-2.2222222222222
430560.NQ,西部泰力,20180602,-2.2222222222222
430560.NQ,西部泰力,20180601,-2.2222222222222
430560.NQ,西部泰力,20180531,-6.5743944636678
430560.NQ,西部泰力,20180530,-6.5743944636678
430560.NQ,西部泰力,20180529,-6.5743944636678
430560.NQ,西部泰力,20180528,-6.5743944636678
430560.NQ,西部泰力,20180527,-6.5743944636678
430560.NQ,西部泰力,20180526,-6.5743944636678
430560.NQ,西部泰力,20180525,-6.5743944636678
430560.NQ,西部泰力,20180524,-6.5743944636678
430560.NQ,西部泰力,20180523,-6.5743944636678
430560.NQ,西部泰力,20180522,-6.5743944636678
430560.NQ,西部泰力,20180521,-6.5743944636678
430560.NQ,西部泰力,20180520,-6.5743944636678
430560.NQ,西部泰力,20180519,-6.5743944636678
430560.NQ,西部泰力,20180518,-6.5743944636678
430560.NQ,西部泰力,20180517,-6.5743944636678
430560.NQ,西部泰力,20180516,-6.5743944636678
430560.NQ,西部泰力,20180515,-6.5743944636678
430560.NQ,西部泰力,20180514,-6.5743944636678
430560.NQ,西部泰力,20180513,-6.5743944636678
430560.NQ,西部泰力,20180512,-6.5743944636678
430560.NQ,西部泰力,20180511,-6.5743944636678
430560.NQ,西部泰力,20180510,-6.5743944636678
430560.NQ,西部泰力,20180509,-6.5743944636678
430560.NQ,西部泰力,20180508,-6.5743944636678
430560.NQ,西部泰力,20180507,-6.5743944636678
430560.NQ,西部泰力,20180506,-6.5743944636678
430560.NQ,西部泰力,20180505,-6.5743944636678
430560.NQ,西部泰力,20180504,-6.5743944636678
430560.NQ,西部泰力,20180503,-6.5743944636678
430560.NQ,西部泰力,20180502,-6.5743944636678
430560.NQ,西部泰力,20180501,-6.5743944636678
430560.NQ,西部泰力,20180430,0.0
430560.NQ,西部泰力,20180429,0.0
430560.NQ,西部泰力,20180428,0.0
430560.NQ,西部泰力,20180427,0.0
430560.NQ,西部泰力,20180426,0.0
430560.NQ,西部泰力,20180425,0.0
430560.NQ,西部泰力,20180424,0.0
430560.NQ,西部泰力,20180423,0.0
430560.NQ,西部泰力,20180422,0.0
430560.NQ,西部泰力,20180421,0.0
430560.NQ,西部泰力,20180420,0.0
430560.NQ,西部泰力,20180419,0.0
430560.NQ,西部泰力,20180418,0.0
430560.NQ,西部泰力,20180417,0.0
430560.NQ,西部泰力,20180416,0.0
430560.NQ,西部泰力,20180415,0.0
430560.NQ,西部泰力,20180414,0.0
430560.NQ,西部泰力,20180413,0.0
430560.NQ,西部泰力,20180412,0.0
430560.NQ,西部泰力,20180411,0.0
430560.NQ,西部泰力,20180410,0.0
430560.NQ,西部泰力,20180409,0.0
430560.NQ,西部泰力,20180408,0.0
430560.NQ,西部泰力,20180407,0.0
430560.NQ,西部泰力,20180406,0.0
430560.NQ,西部泰力,20180405,0.0
430560.NQ,西部泰力,20180404,0.0
430560.NQ,西部泰力,20180403,0.0
430560.NQ,西部泰力,20180402,0.0
430560.NQ,西部泰力,20180401,0.0
430560.NQ,西部泰力,20180331,0.0
430560.NQ,西部泰力,20180330,0.0
430560.NQ,西部泰力,20180329,0.0
430560.NQ,西部泰力,20180328,0.0
430560.NQ,西部泰力,20180327,0.0
430560.NQ,西部泰力,20180326,0.0
430560.NQ,西部泰力,20180325,0.0
430560.NQ,西部泰力,20180324,0.0
430560.NQ,西部泰力,20180323,0.0
430560.NQ,西部泰力,20180322,0.0
430560.NQ,西部泰力,20180321,0.0
430560.NQ,西部泰力,20180320,0.0
430560.NQ,西部泰力,20180319,0.0
430560.NQ,西部泰力,20180318,0.0
430560.NQ,西部泰力,20180317,0.0
430560.NQ,西部泰力,20180316,0.0
430560.NQ,西部泰力,20180315,0.0
430560.NQ,西部泰力,20180314,0.0
430560.NQ,西部泰力,20180313,0.0
430560.NQ,西部泰力,20180312,0.0
430560.NQ,西部泰力,20180311,0.0
430560.NQ,西部泰力,20180310,0.0
430560.NQ,西部泰力,20180309,0.0
430560.NQ,西部泰力,20180308,0.0
430560.NQ,西部泰力,20180307,0.0
430560.NQ,西部泰力,20180306,0.0
430560.NQ,西部泰力,20180305,0.0
430560.NQ,西部泰力,20180304,0.0
430560.NQ,西部泰力,20180303,0.0
430560.NQ,西部泰力,20180302,0.0
430560.NQ,西部泰力,20180301,0.0
430560.NQ,西部泰力,20180228,0.0
430560.NQ,西部泰力,20180227,0.0
430560.NQ,西部泰力,20180226,0.0
430560.NQ,西部泰力,20180225,0.0
430560.NQ,西部泰力,20180224,0.0
430560.NQ,西部泰力,20180223,0.0
430560.NQ,西部泰力,20180222,0.0
430560.NQ,西部泰力,20180221,0.0
430560.NQ,西部泰力,20180220,0.0
430560.NQ,西部泰力,20180219,0.0
430560.NQ,西部泰力,20180218,0.0
430560.NQ,西部泰力,20180217,0.0
430560.NQ,西部泰力,20180216,0.0
430560.NQ,西部泰力,20180215,0.0
430560.NQ,西部泰力,20180214,0.0
430560.NQ,西部泰力,20180213,0.0
430560.NQ,西部泰力,20180212,0.0
430560.NQ,西部泰力,20180211,0.0
430560.NQ,西部泰力,20180210,0.0
430560.NQ,西部泰力,20180209,0.0
430560.NQ,西部泰力,20180208,0.0
430560.NQ,西部泰力,20180207,0.0
430560.NQ,西部泰力,20180206,0.0
430560.NQ,西部泰力,20180205,0.0
430560.NQ,西部泰力,20180204,0.0
430560.NQ,西部泰力,20180203,0.0
430560.NQ,西部泰力,20180202,0.0
430560.NQ,西部泰力,20180201,0.0
430560.NQ,西部泰力,20180131,1.0489510489511
430560.NQ,西部泰力,20180130,1.0489510489511
430560.NQ,西部泰力,20180129,1.0489510489511
430560.NQ,西部泰力,20180128,1.0489510489511
430560.NQ,西部泰力,20180127,1.0489510489511
430560.NQ,西部泰力,20180126,1.0489510489511
430560.NQ,西部泰力,20180125,1.0489510489511
430560.NQ,西部泰力,20180124,1.0489510489511
430560.NQ,西部泰力,20180123,1.0489510489511
430560.NQ,西部泰力,20180122,1.0489510489511
430560.NQ,西部泰力,20180121,1.0489510489511
430560.NQ,西部泰力,20180120,1.0489510489511
430560.NQ,西部泰力,20180119,1.0489510489511
430560.NQ,西部泰力,20180118,1.0489510489511
430560.NQ,西部泰力,20180117,1.0489510489511
430560.NQ,西部泰力,20180116,1.0489510489511
430560.NQ,西部泰力,20180115,1.0489510489511
430560.NQ,西部泰力,20180114,1.0489510489511
430560.NQ,西部泰力,20180113,1.0489510489511
430560.NQ,西部泰力,20180112,1.0489510489511
430560.NQ,西部泰力,20180111,1.0489510489511
430560.NQ,西部泰力,20180110,1.0489510489511
430560.NQ,西部泰力,20180109,1.0489510489511
430560.NQ,西部泰力,20180108,1.0489510489511
430560.NQ,西部泰力,20180107,1.0489510489511
430560.NQ,西部泰力,20180106,1.0489510489511
430560.NQ,西部泰力,20180105,1.0489510489511
430560.NQ,西部泰力,20180104,1.0489510489511
430560.NQ,西部泰力,20180103,1.0489510489511
430560.NQ,西部泰力,20180102,1.0489510489511
430560.NQ,西部泰力,20180101,1.0489510489511
430560.NQ,西部泰力,20171231,-1.3793103448276
430560.NQ,西部泰力,20171230,-1.3793103448276
430560.NQ,西部泰力,20171229,-1.3793103448276
430560.NQ,西部泰力,20171228,-1.3793103448276
430560.NQ,西部泰力,20171227,-1.3793103448276
430560.NQ,西部泰力,20171226,-1.3793103448276
430560.NQ,西部泰力,20171225,-1.3793103448276
430560.NQ,西部泰力,20171224,-1.3793103448276
430560.NQ,西部泰力,20171223,-1.3793103448276
430560.NQ,西部泰力,20171222,-1.3793103448276
430560.NQ,西部泰力,20171221,-1.3793103448276
430560.NQ,西部泰力,20171220,-1.3793103448276
430560.NQ,西部泰力,20171219,-1.3793103448276
430560.NQ,西部泰力,20171218,-1.3793103448276
430560.NQ,西部泰力,20171217,-1.3793103448276
430560.NQ,西部泰力,20171216,-1.3793103448276
430560.NQ,西部泰力,20171215,-1.3793103448276
430560.NQ,西部泰力,20171214,-1.3793103448276
430560.NQ,西部泰力,20171213,-1.3793103448276
430560.NQ,西部泰力,20171212,-1.3793103448276
430560.NQ,西部泰力,20171211,-1.3793103448276
430560.NQ,西部泰力,20171210,-1.3793103448276
430560.NQ,西部泰力,20171209,-1.3793103448276
430560.NQ,西部泰力,20171208,-1.3793103448276
430560.NQ,西部泰力,20171207,-1.3793103448276
430560.NQ,西部泰力,20171206,-1.3793103448276
430560.NQ,西部泰力,20171205,-1.3793103448276
430560.NQ,西部泰力,20171204,-1.3793103448276
430560.NQ,西部泰力,20171203,-1.3793103448276
430560.NQ,西部泰力,20171202,-1.3793103448276
430560.NQ,西部泰力,20171201,-1.3793103448276
430560.NQ,西部泰力,20171130,-19.444444444444
430560.NQ,西部泰力,20171129,-19.444444444444
430560.NQ,西部泰力,20171128,-19.444444444444
430560.NQ,西部泰力,20171127,-19.444444444444
430560.NQ,西部泰力,20171126,-19.444444444444
430560.NQ,西部泰力,20171125,-19.444444444444
430560.NQ,西部泰力,20171124,-19.444444444444
430560.NQ,西部泰力,20171123,-19.444444444444
430560.NQ,西部泰力,20171122,-19.444444444444
430560.NQ,西部泰力,20171121,-19.444444444444
430560.NQ,西部泰力,20171120,-19.444444444444
430560.NQ,西部泰力,20171119,-19.444444444444
430560.NQ,西部泰力,20171118,-19.444444444444
430560.NQ,西部泰力,20171117,-19.444444444444
430560.NQ,西部泰力,20171116,-19.444444444444
430560.NQ,西部泰力,20171115,-19.444444444444
430560.NQ,西部泰力,20171114,-19.444444444444
430560.NQ,西部泰力,20171113,-19.444444444444
430560.NQ,西部泰力,20171112,-19.444444444444
430560.NQ,西部泰力,20171111,-19.444444444444
430560.NQ,西部泰力,20171110,-19.444444444444
430560.NQ,西部泰力,20171109,-19.444444444444
430560.NQ,西部泰力,20171108,-19.444444444444
430560.NQ,西部泰力,20171107,-19.444444444444
430560.NQ,西部泰力,20171106,-19.444444444444
430560.NQ,西部泰力,20171105,-19.444444444444
430560.NQ,西部泰力,20171104,-19.444444444444
430560.NQ,西部泰力,20171103,-19.444444444444
430560.NQ,西部泰力,20171102,-19.444444444444
430560.NQ,西部泰力,20171101,-19.444444444444
430560.NQ,西部泰力,20171031,0.0
430560.NQ,西部泰力,20171030,0.0
430560.NQ,西部泰力,20171029,0.0
430560.NQ,西部泰力,20171028,0.0
430560.NQ,西部泰力,20171027,0.0
430560.NQ,西部泰力,20171026,0.0
430560.NQ,西部泰力,20171025,0.0
430560.NQ,西部泰力,20171024,0.0
430560.NQ,西部泰力,20171023,0.0
430560.NQ,西部泰力,20171022,0.0
430560.NQ,西部泰力,20171021,0.0
430560.NQ,西部泰力,20171020,0.0
430560.NQ,西部泰力,20171019,0.0
430560.NQ,西部泰力,20171018,0.0
430560.NQ,西部泰力,20171017,0.0
430560.NQ,西部泰力,20171016,0.0
430560.NQ,西部泰力,20171015,0.0
430560.NQ,西部泰力,20171014,0.0
430560.NQ,西部泰力,20171013,0.0
430560.NQ,西部泰力,20171012,0.0
430560.NQ,西部泰力,20171011,0.0
430560.NQ,西部泰力,20171010,0.0
430560.NQ,西部泰力,20171009,0.0
430560.NQ,西部泰力,20171008,0.0
430560.NQ,西部泰力,20171007,0.0
430560.NQ,西部泰力,20171006,0.0
430560.NQ,西部泰力,20171005,0.0
430560.NQ,西部泰力,20171004,0.0
430560.NQ,西部泰力,20171003,0.0
430560.NQ,西部泰力,20171002,0.0
430560.NQ,西部泰力,20171001,0.0
430560.NQ,西部泰力,20170930,0.0
430560.NQ,西部泰力,20170929,0.0
430560.NQ,西部泰力,20170928,0.0
430560.NQ,西部泰力,20170927,0.0
430560.NQ,西部泰力,20170926,0.0
430560.NQ,西部泰力,20170925,0.0
430560.NQ,西部泰力,20170924,0.0
430560.NQ,西部泰力,20170923,0.0
430560.NQ,西部泰力,20170922,0.0
430560.NQ,西部泰力,20170921,0.0
430560.NQ,西部泰力,20170920,0.0
430560.NQ,西部泰力,20170919,0.0
430560.NQ,西部泰力,20170918,0.0
430560.NQ,西部泰力,20170917,0.0
430560.NQ,西部泰力,20170916,0.0
430560.NQ,西部泰力,20170915,0.0
430560.NQ,西部泰力,20170914,0.0
430560.NQ,西部泰力,20170913,0.0
430560.NQ,西部泰力,20170912,0.0
430560.NQ,西部泰力,20170911,0.0
430560.NQ,西部泰力,20170910,0.0
430560.NQ,西部泰力,20170909,0.0
430560.NQ,西部泰力,20170908,0.0
430560.NQ,西部泰力,20170907,0.0
430560.NQ,西部泰力,20170906,0.0
430560.NQ,西部泰力,20170905,0.0
430560.NQ,西部泰力,20170904,0.0
430560.NQ,西部泰力,20170903,0.0
430560.NQ,西部泰力,20170902,0.0
430560.NQ,西部泰力,20170901,0.0
430560.NQ,西部泰力,20170831,0.0
430560.NQ,西部泰力,20170830,0.0
430560.NQ,西部泰力,20170829,0.0
430560.NQ,西部泰力,20170828,0.0
430560.NQ,西部泰力,20170827,0.0
430560.NQ,西部泰力,20170826,0.0
430560.NQ,西部泰力,20170825,0.0
430560.NQ,西部泰力,20170824,0.0
430560.NQ,西部泰力,20170823,0.0
430560.NQ,西部泰力,20170822,0.0
430560.NQ,西部泰力,20170821,0.0
430560.NQ,西部泰力,20170820,0.0
430560.NQ,西部泰力,20170819,0.0
430560.NQ,西部泰力,20170818,0.0
430560.NQ,西部泰力,20170817,0.0
430560.NQ,西部泰力,20170816,0.0
430560.NQ,西部泰力,20170815,0.0
430560.NQ,西部泰力,20170814,0.0
430560.NQ,西部泰力,20170813,0.0
430560.NQ,西部泰力,20170812,0.0
430560.NQ,西部泰力,20170811,0.0
430560.NQ,西部泰力,20170810,0.0
430560.NQ,西部泰力,20170809,0.0
430560.NQ,西部泰力,20170808,0.0
430560.NQ,西部泰力,20170807,0.0
430560.NQ,西部泰力,20170806,0.0
430560.NQ,西部泰力,20170805,0.0
430560.NQ,西部泰力,20170804,0.0
430560.NQ,西部泰力,20170803,0.0
430560.NQ,西部泰力,20170802,0.0
430560.NQ,西部泰力,20170801,0.0
430560.NQ,西部泰力,20170731,-22.74678111588
430560.NQ,西部泰力,20170730,-22.74678111588
430560.NQ,西部泰力,20170729,-22.74678111588
430560.NQ,西部泰力,20170728,-22.74678111588
430560.NQ,西部泰力,20170727,-22.74678111588
430560.NQ,西部泰力,20170726,-22.74678111588
430560.NQ,西部泰力,20170725,-22.74678111588
430560.NQ,西部泰力,20170724,-22.74678111588
430560.NQ,西部泰力,20170723,-22.74678111588
430560.NQ,西部泰力,20170722,-22.74678111588
430560.NQ,西部泰力,20170721,-22.74678111588
430560.NQ,西部泰力,20170720,-22.74678111588
430560.NQ,西部泰力,20170719,-22.74678111588
430560.NQ,西部泰力,20170718,-22.74678111588
430560.NQ,西部泰力,20170717,-22.74678111588
430560.NQ,西部泰力,20170716,-22.74678111588
430560.NQ,西部泰力,20170715,-22.74678111588
430560.NQ,西部泰力,20170714,-22.74678111588
430560.NQ,西部泰力,20170713,-22.74678111588
430560.NQ,西部泰力,20170712,-22.74678111588
430560.NQ,西部泰力,20170711,-22.74678111588
430560.NQ,西部泰力,20170710,-22.74678111588
430560.NQ,西部泰力,20170709,-22.74678111588
430560.NQ,西部泰力,20170708,-22.74678111588
430560.NQ,西部泰力,20170707,-22.74678111588
430560.NQ,西部泰力,20170706,-22.74678111588
430560.NQ,西部泰力,20170705,-22.74678111588
430560.NQ,西部泰力,20170704,-22.74678111588
430560.NQ,西部泰力,20170703,-22.74678111588
430560.NQ,西部泰力,20170702,-22.74678111588
430560.NQ,西部泰力,20170701,-22.74678111588
430560.NQ,西部泰力,20170630,-1.8947368421053
430560.NQ,西部泰力,20170629,-1.8947368421053
430560.NQ,西部泰力,20170628,-1.8947368421053
430560.NQ,西部泰力,20170627,-1.8947368421053
430560.NQ,西部泰力,20170626,-1.8947368421053
430560.NQ,西部泰力,20170625,-1.8947368421053
430560.NQ,西部泰力,20170624,-1.8947368421053
430560.NQ,西部泰力,20170623,-1.8947368421053
430560.NQ,西部泰力,20170622,-1.8947368421053
430560.NQ,西部泰力,20170621,-1.8947368421053
430560.NQ,西部泰力,20170620,-1.8947368421053
430560.NQ,西部泰力,20170619,-1.8947368421053
430560.NQ,西部泰力,20170618,-1.8947368421053
430560.NQ,西部泰力,20170617,-1.8947368421053
430560.NQ,西部泰力,20170616,-1.8947368421053
430560.NQ,西部泰力,20170615,-1.8947368421053
430560.NQ,西部泰力,20170614,-1.8947368421053
430560.NQ,西部泰力,20170613,-1.8947368421053
430560.NQ,西部泰力,20170612,-1.8947368421053
430560.NQ,西部泰力,20170611,-1.8947368421053
430560.NQ,西部泰力,20170610,-1.8947368421053
430560.NQ,西部泰力,20170609,-1.8947368421053
430560.NQ,西部泰力,20170608,-1.8947368421053
430560.NQ,西部泰力,20170607,-1.8947368421053
430560.NQ,西部泰力,20170606,-1.8947368421053
430560.NQ,西部泰力,20170605,-1.8947368421053
430560.NQ,西部泰力,20170604,-1.8947368421053
430560.NQ,西部泰力,20170603,-1.8947368421053
430560.NQ,西部泰力,20170602,-1.8947368421053
430560.NQ,西部泰力,20170601,-1.8947368421053
430560.NQ,西部泰力,20170531,-4.040404040404
430560.NQ,西部泰力,20170530,-4.040404040404
430560.NQ,西部泰力,20170529,-4.040404040404
430560.NQ,西部泰力,20170528,-4.040404040404
430560.NQ,西部泰力,20170527,-4.040404040404
430560.NQ,西部泰力,20170526,-4.040404040404
430560.NQ,西部泰力,20170525,-4.040404040404
430560.NQ,西部泰力,20170524,-4.040404040404
430560.NQ,西部泰力,20170523,-4.040404040404
430560.NQ,西部泰力,20170522,-4.040404040404
430560.NQ,西部泰力,20170521,-4.040404040404
430560.NQ,西部泰力,20170520,-4.040404040404
430560.NQ,西部泰力,20170519,-4.040404040404
430560.NQ,西部泰力,20170518,-4.040404040404
430560.NQ,西部泰力,20170517,-4.040404040404
430560.NQ,西部泰力,20170516,-4.040404040404
430560.NQ,西部泰力,20170515,-4.040404040404
430560.NQ,西部泰力,20170514,-4.040404040404
430560.NQ,西部泰力,20170513,-4.040404040404
430560.NQ,西部泰力,20170512,-4.040404040404
430560.NQ,西部泰力,20170511,-4.040404040404
430560.NQ,西部泰力,20170510,-4.040404040404
430560.NQ,西部泰力,20170509,-4.040404040404
430560.NQ,西部泰力,20170508,-4.040404040404
430560.NQ,西部泰力,20170507,-4.040404040404
430560.NQ,西部泰力,20170506,-4.040404040404
430560.NQ,西部泰力,20170505,-4.040404040404
430560.NQ,西部泰力,20170504,-4.040404040404
430560.NQ,西部泰力,20170503,-4.040404040404
430560.NQ,西部泰力,20170502,-4.040404040404
430560.NQ,西部泰力,20170501,-4.040404040404
430560.NQ,西部泰力,20170430,-3.1311154598826
430560.NQ,西部泰力,20170429,-3.1311154598826
430560.NQ,西部泰力,20170428,-3.1311154598826
430560.NQ,西部泰力,20170427,-3.1311154598826
430560.NQ,西部泰力,20170426,-3.1311154598826
430560.NQ,西部泰力,20170425,-3.1311154598826
430560.NQ,西部泰力,20170424,-3.1311154598826
430560.NQ,西部泰力,20170423,-3.1311154598826
430560.NQ,西部泰力,20170422,-3.1311154598826
430560.NQ,西部泰力,20170421,-3.1311154598826
430560.NQ,西部泰力,20170420,-3.1311154598826
430560.NQ,西部泰力,20170419,-3.1311154598826
430560.NQ,西部泰力,20170418,-3.1311154598826
430560.NQ,西部泰力,20170417,-3.1311154598826
430560.NQ,西部泰力,20170416,-3.1311154598826
430560.NQ,西部泰力,20170415,-3.1311154598826
430560.NQ,西部泰力,20170414,-3.1311154598826
430560.NQ,西部泰力,20170413,-3.1311154598826
430560.NQ,西部泰力,20170412,-3.1311154598826
430560.NQ,西部泰力,20170411,-3.1311154598826
430560.NQ,西部泰力,20170410,-3.1311154598826
430560.NQ,西部泰力,20170409,-3.1311154598826
430560.NQ,西部泰力,20170408,-3.1311154598826
430560.NQ,西部泰力,20170407,-3.1311154598826
430560.NQ,西部泰力,20170406,-3.1311154598826
430560.NQ,西部泰力,20170405,-3.1311154598826
430560.NQ,西部泰力,20170404,-3.1311154598826
430560.NQ,西部泰力,20170403,-3.1311154598826
430560.NQ,西部泰力,20170402,-3.1311154598826
430560.NQ,西部泰力,20170401,-3.1311154598826
430560.NQ,西部泰力,20170331,15.610859728507
430560.NQ,西部泰力,20170330,15.610859728507
430560.NQ,西部泰力,20170329,15.610859728507
430560.NQ,西部泰力,20170328,15.610859728507
430560.NQ,西部泰力,20170327,15.610859728507
430560.NQ,西部泰力,20170326,15.610859728507
430560.NQ,西部泰力,20170325,15.610859728507
430560.NQ,西部泰力,20170324,15.610859728507
430560.NQ,西部泰力,20170323,15.610859728507
430560.NQ,西部泰力,20170322,15.610859728507
430560.NQ,西部泰力,20170321,15.610859728507
430560.NQ,西部泰力,20170320,15.610859728507
430560.NQ,西部泰力,20170319,15.610859728507
430560.NQ,西部泰力,20170318,15.610859728507
430560.NQ,西部泰力,20170317,15.610859728507
430560.NQ,西部泰力,20170316,15.610859728507
430560.NQ,西部泰力,20170315,15.610859728507
430560.NQ,西部泰力,20170314,15.610859728507
430560.NQ,西部泰力,20170313,15.610859728507
430560.NQ,西部泰力,20170312,15.610859728507
430560.NQ,西部泰力,20170311,15.610859728507
430560.NQ,西部泰力,20170310,15.610859728507
430560.NQ,西部泰力,20170309,15.610859728507
430560.NQ,西部泰力,20170308,15.610859728507
430560.NQ,西部泰力,20170307,15.610859728507
430560.NQ,西部泰力,20170306,15.610859728507
430560.NQ,西部泰力,20170305,15.610859728507
430560.NQ,西部泰力,20170304,15.610859728507
430560.NQ,西部泰力,20170303,15.610859728507
430560.NQ,西部泰力,20170302,15.610859728507
430560.NQ,西部泰力,20170301,15.610859728507
430560.NQ,西部泰力,20170228,0.0
430560.NQ,西部泰力,20170227,0.0
430560.NQ,西部泰力,20170226,0.0
430560.NQ,西部泰力,20170225,0.0
430560.NQ,西部泰力,20170224,0.0
430560.NQ,西部泰力,20170223,0.0
430560.NQ,西部泰力,20170222,0.0
430560.NQ,西部泰力,20170221,0.0
430560.NQ,西部泰力,20170220,0.0
430560.NQ,西部泰力,20170219,0.0
430560.NQ,西部泰力,20170218,0.0
430560.NQ,西部泰力,20170217,0.0
430560.NQ,西部泰力,20170216,0.0
430560.NQ,西部泰力,20170215,0.0
430560.NQ,西部泰力,20170214,0.0
430560.NQ,西部泰力,20170213,0.0
430560.NQ,西部泰力,20170212,0.0
430560.NQ,西部泰力,20170211,0.0
430560.NQ,西部泰力,20170210,0.0
430560.NQ,西部泰力,20170209,0.0
430560.NQ,西部泰力,20170208,0.0
430560.NQ,西部泰力,20170207,0.0
430560.NQ,西部泰力,20170206,0.0
430560.NQ,西部泰力,20170205,0.0
430560.NQ,西部泰力,20170204,0.0
430560.NQ,西部泰力,20170203,0.0
430560.NQ,西部泰力,20170202,0.0
430560.NQ,西部泰力,20170201,0.0
430560.NQ,西部泰力,20170131,-3.9130434782609
430560.NQ,西部泰力,20170130,-3.9130434782609
430560.NQ,西部泰力,20170129,-3.9130434782609
430560.NQ,西部泰力,20170128,-3.9130434782609
430560.NQ,西部泰力,20170127,-3.9130434782609
430560.NQ,西部泰力,20170126,-3.9130434782609
430560.NQ,西部泰力,20170125,-3.9130434782609
430560.NQ,西部泰力,20170124,-3.9130434782609
430560.NQ,西部泰力,20170123,-3.9130434782609
430560.NQ,西部泰力,20170122,-3.9130434782609
430560.NQ,西部泰力,20170121,-3.9130434782609
430560.NQ,西部泰力,20170120,-3.9130434782609
430560.NQ,西部泰力,20170119,-3.9130434782609
430560.NQ,西部泰力,20170118,-3.9130434782609
430560.NQ,西部泰力,20170117,-3.9130434782609
430560.NQ,西部泰力,20170116,-3.9130434782609
430560.NQ,西部泰力,20170115,-3.9130434782609
430560.NQ,西部泰力,20170114,-3.9130434782609
430560.NQ,西部泰力,20170113,-3.9130434782609
430560.NQ,西部泰力,20170112,-3.9130434782609
430560.NQ,西部泰力,20170111,-3.9130434782609
430560.NQ,西部泰力,20170110,-3.9130434782609
430560.NQ,西部泰力,20170109,-3.9130434782609
430560.NQ,西部泰力,20170108,-3.9130434782609
430560.NQ,西部泰力,20170107,-3.9130434782609
430560.NQ,西部泰力,20170106,-3.9130434782609
430560.NQ,西部泰力,20170105,-3.9130434782609
430560.NQ,西部泰力,20170104,-3.9130434782609
430560.NQ,西部泰力,20170103,-3.9130434782609
430560.NQ,西部泰力,20170102,-3.9130434782609
430560.NQ,西部泰力,20170101,-3.9130434782609
430560.NQ,西部泰力,20161231,21.693121693122
430560.NQ,西部泰力,20161230,21.693121693122
430560.NQ,西部泰力,20161229,21.693121693122
430560.NQ,西部泰力,20161228,21.693121693122
430560.NQ,西部泰力,20161227,21.693121693122
430560.NQ,西部泰力,20161226,21.693121693122
430560.NQ,西部泰力,20161225,21.693121693122
430560.NQ,西部泰力,20161224,21.693121693122
430560.NQ,西部泰力,20161223,21.693121693122
430560.NQ,西部泰力,20161222,21.693121693122
430560.NQ,西部泰力,20161221,21.693121693122
430560.NQ,西部泰力,20161220,21.693121693122
430560.NQ,西部泰力,20161219,21.693121693122
430560.NQ,西部泰力,20161218,21.693121693122
430560.NQ,西部泰力,20161217,21.693121693122
430560.NQ,西部泰力,20161216,21.693121693122
430560.NQ,西部泰力,20161215,21.693121693122
430560.NQ,西部泰力,20161214,21.693121693122
430560.NQ,西部泰力,20161213,21.693121693122
430560.NQ,西部泰力,20161212,21.693121693122
430560.NQ,西部泰力,20161211,21.693121693122
430560.NQ,西部泰力,20161210,21.693121693122
430560.NQ,西部泰力,20161209,21.693121693122
430560.NQ,西部泰力,20161208,21.693121693122
430560.NQ,西部泰力,20161207,21.693121693122
430560.NQ,西部泰力,20161206,21.693121693122
430560.NQ,西部泰力,20161205,21.693121693122
430560.NQ,西部泰力,20161204,21.693121693122
430560.NQ,西部泰力,20161203,21.693121693122
430560.NQ,西部泰力,20161202,21.693121693122
430560.NQ,西部泰力,20161201,21.693121693122
430560.NQ,西部泰力,20161130,-33.684210526316
430560.NQ,西部泰力,20161129,-33.684210526316
430560.NQ,西部泰力,20161128,-33.684210526316
430560.NQ,西部泰力,20161127,-33.684210526316
430560.NQ,西部泰力,20161126,-33.684210526316
430560.NQ,西部泰力,20161125,-33.684210526316
430560.NQ,西部泰力,20161124,-33.684210526316
430560.NQ,西部泰力,20161123,-33.684210526316
430560.NQ,西部泰力,20161122,-33.684210526316
430560.NQ,西部泰力,20161121,-33.684210526316
430560.NQ,西部泰力,20161120,-33.684210526316
430560.NQ,西部泰力,20161119,-33.684210526316
430560.NQ,西部泰力,20161118,-33.684210526316
430560.NQ,西部泰力,20161117,-33.684210526316
430560.NQ,西部泰力,20161116,-33.684210526316
430560.NQ,西部泰力,20161115,-33.684210526316
430560.NQ,西部泰力,20161114,-33.684210526316
430560.NQ,西部泰力,20161113,-33.684210526316
430560.NQ,西部泰力,20161112,-33.684210526316
430560.NQ,西部泰力,20161111,-33.684210526316
430560.NQ,西部泰力,20161110,-33.684210526316
430560.NQ,西部泰力,20161109,-33.684210526316
430560.NQ,西部泰力,20161108,-33.684210526316
430560.NQ,西部泰力,20161107,-33.684210526316
430560.NQ,西部泰力,20161106,-33.684210526316
430560.NQ,西部泰力,20161105,-33.684210526316
430560.NQ,西部泰力,20161104,-33.684210526316
430560.NQ,西部泰力,20161103,-33.684210526316
430560.NQ,西部泰力,20161102,-33.684210526316
430560.NQ,西部泰力,20161101,-33.684210526316
430560.NQ,西部泰力,20161031,0.0
430560.NQ,西部泰力,20161030,0.0
430560.NQ,西部泰力,20161029,0.0
430560.NQ,西部泰力,20161028,0.0
430560.NQ,西部泰力,20161027,0.0
430560.NQ,西部泰力,20161026,0.0
430560.NQ,西部泰力,20161025,0.0
430560.NQ,西部泰力,20161024,0.0
430560.NQ,西部泰力,20161023,0.0
430560.NQ,西部泰力,20161022,0.0
430560.NQ,西部泰力,20161021,0.0
430560.NQ,西部泰力,20161020,0.0
430560.NQ,西部泰力,20161019,0.0
430560.NQ,西部泰力,20161018,0.0
430560.NQ,西部泰力,20161017,0.0
430560.NQ,西部泰力,20161016,0.0
430560.NQ,西部泰力,20161015,0.0
430560.NQ,西部泰力,20161014,0.0
430560.NQ,西部泰力,20161013,0.0
430560.NQ,西部泰力,20161012,0.0
430560.NQ,西部泰力,20161011,0.0
430560.NQ,西部泰力,20161010,0.0
430560.NQ,西部泰力,20161009,0.0
430560.NQ,西部泰力,20161008,0.0
430560.NQ,西部泰力,20161007,0.0
430560.NQ,西部泰力,20161006,0.0
430560.NQ,西部泰力,20161005,0.0
430560.NQ,西部泰力,20161004,0.0
430560.NQ,西部泰力,20161003,0.0
430560.NQ,西部泰力,20161002,0.0
430560.NQ,西部泰力,20161001,0.0
430560.NQ,西部泰力,20160930,-14.285714285714
430560.NQ,西部泰力,20160929,-14.285714285714
430560.NQ,西部泰力,20160928,-14.285714285714
430560.NQ,西部泰力,20160927,-14.285714285714
430560.NQ,西部泰力,20160926,-14.285714285714
430560.NQ,西部泰力,20160925,-14.285714285714
430560.NQ,西部泰力,20160924,-14.285714285714
430560.NQ,西部泰力,20160923,-14.285714285714
430560.NQ,西部泰力,20160922,-14.285714285714
430560.NQ,西部泰力,20160921,-14.285714285714
430560.NQ,西部泰力,20160920,-14.285714285714
430560.NQ,西部泰力,20160919,-14.285714285714
430560.NQ,西部泰力,20160918,-14.285714285714
430560.NQ,西部泰力,20160917,-14.285714285714
430560.NQ,西部泰力,20160916,-14.285714285714
430560.NQ,西部泰力,20160915,-14.285714285714
430560.NQ,西部泰力,20160914,-14.285714285714
430560.NQ,西部泰力,20160913,-14.285714285714
430560.NQ,西部泰力,20160912,-14.285714285714
430560.NQ,西部泰力,20160911,-14.285714285714
430560.NQ,西部泰力,20160910,-14.285714285714
430560.NQ,西部泰力,20160909,-14.285714285714
430560.NQ,西部泰力,20160908,-14.285714285714
430560.NQ,西部泰力,20160907,-14.285714285714
430560.NQ,西部泰力,20160906,-14.285714285714
430560.NQ,西部泰力,20160905,-14.285714285714
430560.NQ,西部泰力,20160904,-14.285714285714
430560.NQ,西部泰力,20160903,-14.285714285714
430560.NQ,西部泰力,20160902,-14.285714285714
430560.NQ,西部泰力,20160901,-14.285714285714
430560.NQ,西部泰力,20160831,-8.1491712707182
430560.NQ,西部泰力,20160830,-8.1491712707182
430560.NQ,西部泰力,20160829,-8.1491712707182
430560.NQ,西部泰力,20160828,-8.1491712707182
430560.NQ,西部泰力,20160827,-8.1491712707182
430560.NQ,西部泰力,20160826,-8.1491712707182
430560.NQ,西部泰力,20160825,-8.1491712707182
430560.NQ,西部泰力,20160824,-8.1491712707182
430560.NQ,西部泰力,20160823,-8.1491712707182
430560.NQ,西部泰力,20160822,-8.1491712707182
430560.NQ,西部泰力,20160821,-8.1491712707182
430560.NQ,西部泰力,20160820,-8.1491712707182
430560.NQ,西部泰力,20160819,-8.1491712707182
430560.NQ,西部泰力,20160818,-8.1491712707182
430560.NQ,西部泰力,20160817,-8.1491712707182
430560.NQ,西部泰力,20160816,-8.1491712707182
430560.NQ,西部泰力,20160815,-8.1491712707182
430560.NQ,西部泰力,20160814,-8.1491712707182
430560.NQ,西部泰力,20160813,-8.1491712707182
430560.NQ,西部泰力,20160812,-8.1491712707182
430560.NQ,西部泰力,20160811,-8.1491712707182
430560.NQ,西部泰力,20160810,-8.1491712707182
430560.NQ,西部泰力,20160809,-8.1491712707182
430560.NQ,西部泰力,20160808,-8.1491712707182
430560.NQ,西部泰力,20160807,-8.1491712707182
430560.NQ,西部泰力,20160806,-8.1491712707182
430560.NQ,西部泰力,20160805,-8.1491712707182
430560.NQ,西部泰力,20160804,-8.1491712707182
430560.NQ,西部泰力,20160803,-8.1491712707182
430560.NQ,西部泰力,20160802,-8.1491712707182
430560.NQ,西部泰力,20160801,-8.1491712707182
430560.NQ,西部泰力,20160731,14.738510301109
430560.NQ,西部泰力,20160730,14.738510301109
430560.NQ,西部泰力,20160729,14.738510301109
430560.NQ,西部泰力,20160728,14.738510301109
430560.NQ,西部泰力,20160727,14.738510301109
430560.NQ,西部泰力,20160726,14.738510301109
430560.NQ,西部泰力,20160725,14.738510301109
430560.NQ,西部泰力,20160724,14.738510301109
430560.NQ,西部泰力,20160723,14.738510301109
430560.NQ,西部泰力,20160722,14.738510301109
430560.NQ,西部泰力,20160721,14.738510301109
430560.NQ,西部泰力,20160720,14.738510301109
430560.NQ,西部泰力,20160719,14.738510301109
430560.NQ,西部泰力,20160718,14.738510301109
430560.NQ,西部泰力,20160717,14.738510301109
430560.NQ,西部泰力,20160716,14.738510301109
430560.NQ,西部泰力,20160715,14.738510301109
430560.NQ,西部泰力,20160714,14.738510301109
430560.NQ,西部泰力,20160713,14.738510301109
430560.NQ,西部泰力,20160712,14.738510301109
430560.NQ,西部泰力,20160711,14.738510301109
430560.NQ,西部泰力,20160710,14.738510301109
430560.NQ,西部泰力,20160709,14.738510301109
430560.NQ,西部泰力,20160708,14.738510301109
430560.NQ,西部泰力,20160707,14.738510301109
430560.NQ,西部泰力,20160706,14.738510301109
430560.NQ,西部泰力,20160705,14.738510301109
430560.NQ,西部泰力,20160704,14.738510301109
430560.NQ,西部泰力,20160703,14.738510301109
430560.NQ,西部泰力,20160702,14.738510301109
430560.NQ,西部泰力,20160701,14.738510301109
430560.NQ,西部泰力,20160630,6.2289562289562
430560.NQ,西部泰力,20160629,6.2289562289562
430560.NQ,西部泰力,20160628,6.2289562289562
430560.NQ,西部泰力,20160627,6.2289562289562
430560.NQ,西部泰力,20160626,6.2289562289562
430560.NQ,西部泰力,20160625,6.2289562289562
430560.NQ,西部泰力,20160624,6.2289562289562
430560.NQ,西部泰力,20160623,6.2289562289562
430560.NQ,西部泰力,20160622,6.2289562289562
430560.NQ,西部泰力,20160621,6.2289562289562
430560.NQ,西部泰力,20160620,6.2289562289562
430560.NQ,西部泰力,20160619,6.2289562289562
430560.NQ,西部泰力,20160618,6.2289562289562
430560.NQ,西部泰力,20160617,6.2289562289562
430560.NQ,西部泰力,20160616,6.2289562289562
430560.NQ,西部泰力,20160615,6.2289562289562
430560.NQ,西部泰力,20160614,6.2289562289562
430560.NQ,西部泰力,20160613,6.2289562289562
430560.NQ,西部泰力,20160612,6.2289562289562
430560.NQ,西部泰力,20160611,6.2289562289562
430560.NQ,西部泰力,20160610,6.2289562289562
430560.NQ,西部泰力,20160609,6.2289562289562
430560.NQ,西部泰力,20160608,6.2289562289562
430560.NQ,西部泰力,20160607,6.2289562289562
430560.NQ,西部泰力,20160606,6.2289562289562
430560.NQ,西部泰力,20160605,6.2289562289562
430560.NQ,西部泰力,20160604,6.2289562289562
430560.NQ,西部泰力,20160603,6.2289562289562
430560.NQ,西部泰力,20160602,6.2289562289562
430560.NQ,西部泰力,20160601,6.2289562289562
430560.NQ,西部泰力,20160531,-5.4140127388535
430560.NQ,西部泰力,20160530,-5.4140127388535
430560.NQ,西部泰力,20160529,-5.4140127388535
430560.NQ,西部泰力,20160528,-5.4140127388535
430560.NQ,西部泰力,20160527,-5.4140127388535
430560.NQ,西部泰力,20160526,-5.4140127388535
430560.NQ,西部泰力,20160525,-5.4140127388535
430560.NQ,西部泰力,20160524,-5.4140127388535
430560.NQ,西部泰力,20160523,-5.4140127388535
430560.NQ,西部泰力,20160522,-5.4140127388535
430560.NQ,西部泰力,20160521,-5.4140127388535
430560.NQ,西部泰力,20160520,-5.4140127388535
430560.NQ,西部泰力,20160519,-5.4140127388535
430560.NQ,西部泰力,20160518,-5.4140127388535
430560.NQ,西部泰力,20160517,-5.4140127388535
430560.NQ,西部泰力,20160516,-5.4140127388535
430560.NQ,西部泰力,20160515,-5.4140127388535
430560.NQ,西部泰力,20160514,-5.4140127388535
430560.NQ,西部泰力,20160513,-5.4140127388535
430560.NQ,西部泰力,20160512,-5.4140127388535
430560.NQ,西部泰力,20160511,-5.4140127388535
430560.NQ,西部泰力,20160510,-5.4140127388535
430560.NQ,西部泰力,20160509,-5.4140127388535
430560.NQ,西部泰力,20160508,-5.4140127388535
430560.NQ,西部泰力,20160507,-5.4140127388535
430560.NQ,西部泰力,20160506,-5.4140127388535
430560.NQ,西部泰力,20160505,-5.4140127388535
430560.NQ,西部泰力,20160504,-5.4140127388535
430560.NQ,西部泰力,20160503,-5.4140127388535
430560.NQ,西部泰力,20160502,-5.4140127388535
430560.NQ,西部泰力,20160501,-5.4140127388535
430560.NQ,西部泰力,20160430,3.801652892562
430560.NQ,西部泰力,20160429,3.801652892562
430560.NQ,西部泰力,20160428,3.801652892562
430560.NQ,西部泰力,20160427,3.801652892562
430560.NQ,西部泰力,20160426,3.801652892562
430560.NQ,西部泰力,20160425,3.801652892562
430560.NQ,西部泰力,20160424,3.801652892562
430560.NQ,西部泰力,20160423,3.801652892562
430560.NQ,西部泰力,20160422,3.801652892562
430560.NQ,西部泰力,20160421,3.801652892562
430560.NQ,西部泰力,20160420,3.801652892562
430560.NQ,西部泰力,20160419,3.801652892562
430560.NQ,西部泰力,20160418,3.801652892562
430560.NQ,西部泰力,20160417,3.801652892562
430560.NQ,西部泰力,20160416,3.801652892562
430560.NQ,西部泰力,20160415,3.801652892562
430560.NQ,西部泰力,20160414,3.801652892562
430560.NQ,西部泰力,20160413,3.801652892562
430560.NQ,西部泰力,20160412,3.801652892562
430560.NQ,西部泰力,20160411,3.801652892562
430560.NQ,西部泰力,20160410,3.801652892562
430560.NQ,西部泰力,20160409,3.801652892562
430560.NQ,西部泰力,20160408,3.801652892562
430560.NQ,西部泰力,20160407,3.801652892562
430560.NQ,西部泰力,20160406,3.801652892562
430560.NQ,西部泰力,20160405,3.801652892562
430560.NQ,西部泰力,20160404,3.801652892562
430560.NQ,西部泰力,20160403,3.801652892562
430560.NQ,西部泰力,20160402,3.801652892562
430560.NQ,西部泰力,20160401,3.801652892562
430560.NQ,西部泰力,20160331,0.0
430560.NQ,西部泰力,20160330,0.0
430560.NQ,西部泰力,20160329,0.0
430560.NQ,西部泰力,20160328,0.0
430560.NQ,西部泰力,20160327,0.0
430560.NQ,西部泰力,20160326,0.0
430560.NQ,西部泰力,20160325,0.0
430560.NQ,西部泰力,20160324,0.0
430560.NQ,西部泰力,20160323,0.0
430560.NQ,西部泰力,20160322,0.0
430560.NQ,西部泰力,20160321,0.0
430560.NQ,西部泰力,20160320,0.0
430560.NQ,西部泰力,20160319,0.0
430560.NQ,西部泰力,20160318,0.0
430560.NQ,西部泰力,20160317,0.0
430560.NQ,西部泰力,20160316,0.0
430560.NQ,西部泰力,20160315,0.0
430560.NQ,西部泰力,20160314,0.0
430560.NQ,西部泰力,20160313,0.0
430560.NQ,西部泰力,20160312,0.0
430560.NQ,西部泰力,20160311,0.0
430560.NQ,西部泰力,20160310,0.0
430560.NQ,西部泰力,20160309,0.0
430560.NQ,西部泰力,20160308,0.0
430560.NQ,西部泰力,20160307,0.0
430560.NQ,西部泰力,20160306,0.0
430560.NQ,西部泰力,20160305,0.0
430560.NQ,西部泰力,20160304,0.0
430560.NQ,西部泰力,20160303,0.0
430560.NQ,西部泰力,20160302,0.0
430560.NQ,西部泰力,20160301,0.0
430560.NQ,西部泰力,20160229,-2.4193548387097
430560.NQ,西部泰力,20160228,-2.4193548387097
430560.NQ,西部泰力,20160227,-2.4193548387097
430560.NQ,西部泰力,20160226,-2.4193548387097
430560.NQ,西部泰力,20160225,-2.4193548387097
430560.NQ,西部泰力,20160224,-2.4193548387097
430560.NQ,西部泰力,20160223,-2.4193548387097
430560.NQ,西部泰力,20160222,-2.4193548387097
430560.NQ,西部泰力,20160221,-2.4193548387097
430560.NQ,西部泰力,20160220,-2.4193548387097
430560.NQ,西部泰力,20160219,-2.4193548387097
430560.NQ,西部泰力,20160218,-2.4193548387097
430560.NQ,西部泰力,20160217,-2.4193548387097
430560.NQ,西部泰力,20160216,-2.4193548387097
430560.NQ,西部泰力,20160215,-2.4193548387097
430560.NQ,西部泰力,20160214,-2.4193548387097
430560.NQ,西部泰力,20160213,-2.4193548387097
430560.NQ,西部泰力,20160212,-2.4193548387097
430560.NQ,西部泰力,20160211,-2.4193548387097
430560.NQ,西部泰力,20160210,-2.4193548387097
430560.NQ,西部泰力,20160209,-2.4193548387097
430560.NQ,西部泰力,20160208,-2.4193548387097
430560.NQ,西部泰力,20160207,-2.4193548387097
430560.NQ,西部泰力,20160206,-2.4193548387097
430560.NQ,西部泰力,20160205,-2.4193548387097
430560.NQ,西部泰力,20160204,-2.4193548387097
430560.NQ,西部泰力,20160203,-2.4193548387097
430560.NQ,西部泰力,20160202,-2.4193548387097
430560.NQ,西部泰力,20160201,-2.4193548387097
430560.NQ,西部泰力,20160131,-22.5
430560.NQ,西部泰力,20160130,-22.5
430560.NQ,西部泰力,20160129,-22.5
430560.NQ,西部泰力,20160128,-22.5
430560.NQ,西部泰力,20160127,-22.5
430560.NQ,西部泰力,20160126,-22.5
430560.NQ,西部泰力,20160125,-22.5
430560.NQ,西部泰力,20160124,-22.5
430560.NQ,西部泰力,20160123,-22.5
430560.NQ,西部泰力,20160122,-22.5
430560.NQ,西部泰力,20160121,-22.5
430560.NQ,西部泰力,20160120,-22.5
430560.NQ,西部泰力,20160119,-22.5
430560.NQ,西部泰力,20160118,-22.5
430560.NQ,西部泰力,20160117,-22.5
430560.NQ,西部泰力,20160116,-22.5
430560.NQ,西部泰力,20160115,-22.5
430560.NQ,西部泰力,20160114,-22.5
430560.NQ,西部泰力,20160113,-22.5
430560.NQ,西部泰力,20160112,-22.5
430560.NQ,西部泰力,20160111,-22.5
430560.NQ,西部泰力,20160110,-22.5
430560.NQ,西部泰力,20160109,-22.5
430560.NQ,西部泰力,20160108,-22.5
430560.NQ,西部泰力,20160107,-22.5
430560.NQ,西部泰力,20160106,-22.5
430560.NQ,西部泰力,20160105,-22.5
430560.NQ,西部泰力,20160104,-22.5
430560.NQ,西部泰力,20160103,-22.5
430560.NQ,西部泰力,20160102,-22.5
430560.NQ,西部泰力,20160101,-22.5
430560.NQ,西部泰力,20151231,35.135135135135
430560.NQ,西部泰力,20151230,35.135135135135
430560.NQ,西部泰力,20151229,35.135135135135
430560.NQ,西部泰力,20151228,35.135135135135
430560.NQ,西部泰力,20151227,35.135135135135
430560.NQ,西部泰力,20151226,35.135135135135
430560.NQ,西部泰力,20151225,35.135135135135
430560.NQ,西部泰力,20151224,35.135135135135
430560.NQ,西部泰力,20151223,35.135135135135
430560.NQ,西部泰力,20151222,35.135135135135
430560.NQ,西部泰力,20151221,35.135135135135
430560.NQ,西部泰力,20151220,35.135135135135
430560.NQ,西部泰力,20151219,35.135135135135
430560.NQ,西部泰力,20151218,35.135135135135
430560.NQ,西部泰力,20151217,35.135135135135
430560.NQ,西部泰力,20151216,35.135135135135
430560.NQ,西部泰力,20151215,35.135135135135
430560.NQ,西部泰力,20151214,35.135135135135
430560.NQ,西部泰力,20151213,35.135135135135
430560.NQ,西部泰力,20151212,35.135135135135
430560.NQ,西部泰力,20151211,35.135135135135
430560.NQ,西部泰力,20151210,35.135135135135
430560.NQ,西部泰力,20151209,35.135135135135
430560.NQ,西部泰力,20151208,35.135135135135
430560.NQ,西部泰力,20151207,35.135135135135
430560.NQ,西部泰力,20151206,35.135135135135
430560.NQ,西部泰力,20151205,35.135135135135
430560.NQ,西部泰力,20151204,35.135135135135
430560.NQ,西部泰力,20151203,35.135135135135
430560.NQ,西部泰力,20151202,35.135135135135
430560.NQ,西部泰力,20151201,35.135135135135
430560.NQ,西部泰力,20151130,48.0
430560.NQ,西部泰力,20151129,48.0
430560.NQ,西部泰力,20151128,48.0
430560.NQ,西部泰力,20151127,48.0
430560.NQ,西部泰力,20151126,48.0
430560.NQ,西部泰力,20151125,48.0
430560.NQ,西部泰力,20151124,48.0
430560.NQ,西部泰力,20151123,48.0
430560.NQ,西部泰力,20151122,48.0
430560.NQ,西部泰力,20151121,48.0
430560.NQ,西部泰力,20151120,48.0
430560.NQ,西部泰力,20151119,48.0
430560.NQ,西部泰力,20151118,48.0
430560.NQ,西部泰力,20151117,48.0
430560.NQ,西部泰力,20151116,48.0
430560.NQ,西部泰力,20151115,48.0
430560.NQ,西部泰力,20151114,48.0
430560.NQ,西部泰力,20151113,48.0
430560.NQ,西部泰力,20151112,48.0
430560.NQ,西部泰力,20151111,48.0
430560.NQ,西部泰力,20151110,48.0
430560.NQ,西部泰力,20151109,48.0
430560.NQ,西部泰力,20151108,48.0
430560.NQ,西部泰力,20151107,48.0
430560.NQ,西部泰力,20151106,48.0
430560.NQ,西部泰力,20151105,48.0
430560.NQ,西部泰力,20151104,48.0
430560.NQ,西部泰力,20151103,48.0
430560.NQ,西部泰力,20151102,48.0
430560.NQ,西部泰力,20151101,48.0
430560.NQ,西部泰力,20151031,-1.7199017199017
430560.NQ,西部泰力,20151030,-1.7199017199017
430560.NQ,西部泰力,20151029,-1.7199017199017
430560.NQ,西部泰力,20151028,-1.7199017199017
430560.NQ,西部泰力,20151027,-1.7199017199017
430560.NQ,西部泰力,20151026,-1.7199017199017
430560.NQ,西部泰力,20151025,-1.7199017199017
430560.NQ,西部泰力,20151024,-1.7199017199017
430560.NQ,西部泰力,20151023,-1.7199017199017
430560.NQ,西部泰力,20151022,-1.7199017199017
430560.NQ,西部泰力,20151021,-1.7199017199017
430560.NQ,西部泰力,20151020,-1.7199017199017
430560.NQ,西部泰力,20151019,-1.7199017199017
430560.NQ,西部泰力,20151018,-1.7199017199017
430560.NQ,西部泰力,20151017,-1.7199017199017
430560.NQ,西部泰力,20151016,-1.7199017199017
430560.NQ,西部泰力,20151015,-1.7199017199017
430560.NQ,西部泰力,20151014,-1.7199017199017
430560.NQ,西部泰力,20151013,-1.7199017199017
430560.NQ,西部泰力,20151012,-1.7199017199017
430560.NQ,西部泰力,20151011,-1.7199017199017
430560.NQ,西部泰力,20151010,-1.7199017199017
430560.NQ,西部泰力,20151009,-1.7199017199017
430560.NQ,西部泰力,20151008,-1.7199017199017
430560.NQ,西部泰力,20151007,-1.7199017199017
430560.NQ,西部泰力,20151006,-1.7199017199017
430560.NQ,西部泰力,20151005,-1.7199017199017
430560.NQ,西部泰力,20151004,-1.7199017199017
430560.NQ,西部泰力,20151003,-1.7199017199017
430560.NQ,西部泰力,20151002,-1.7199017199017
430560.NQ,西部泰力,20151001,-1.7199017199017
430560.NQ,西部泰力,20150930,-49.753086419753
430560.NQ,西部泰力,20150929,-49.753086419753
430560.NQ,西部泰力,20150928,-49.753086419753
430560.NQ,西部泰力,20150927,-49.753086419753
430560.NQ,西部泰力,20150926,-49.753086419753
430560.NQ,西部泰力,20150925,-49.753086419753
430560.NQ,西部泰力,20150924,-49.753086419753
430560.NQ,西部泰力,20150923,-49.753086419753
430560.NQ,西部泰力,20150922,-49.753086419753
430560.NQ,西部泰力,20150921,-49.753086419753
430560.NQ,西部泰力,20150920,-49.753086419753
430560.NQ,西部泰力,20150919,-49.753086419753
430560.NQ,西部泰力,20150918,-49.753086419753
430560.NQ,西部泰力,20150917,-49.753086419753
430560.NQ,西部泰力,20150916,-49.753086419753
430560.NQ,西部泰力,20150915,-49.753086419753
430560.NQ,西部泰力,20150914,-49.753086419753
430560.NQ,西部泰力,20150913,-49.753086419753
430560.NQ,西部泰力,20150912,-49.753086419753
430560.NQ,西部泰力,20150911,-49.753086419753
430560.NQ,西部泰力,20150910,-49.753086419753
430560.NQ,西部泰力,20150909,-49.753086419753
430560.NQ,西部泰力,20150908,-49.753086419753
430560.NQ,西部泰力,20150907,-49.753086419753
430560.NQ,西部泰力,20150906,-49.753086419753
430560.NQ,西部泰力,20150905,-49.753086419753
430560.NQ,西部泰力,20150904,-49.753086419753
430560.NQ,西部泰力,20150903,-49.753086419753
430560.NQ,西部泰力,20150902,-49.753086419753
430560.NQ,西部泰力,20150901,-49.753086419753
430560.NQ,西部泰力,20150831,0.0
430560.NQ,西部泰力,20150830,0.0
430560.NQ,西部泰力,20150829,0.0
430560.NQ,西部泰力,20150828,0.0
430560.NQ,西部泰力,20150827,0.0
430560.NQ,西部泰力,20150826,0.0
430560.NQ,西部泰力,20150825,0.0
430560.NQ,西部泰力,20150824,0.0
430560.NQ,西部泰力,20150823,0.0
430560.NQ,西部泰力,20150822,0.0
430560.NQ,西部泰力,20150821,0.0
430560.NQ,西部泰力,20150820,0.0
430560.NQ,西部泰力,20150819,0.0
430560.NQ,西部泰力,20150818,0.0
430560.NQ,西部泰力,20150817,0.0
430560.NQ,西部泰力,20150816,0.0
430560.NQ,西部泰力,20150815,0.0
430560.NQ,西部泰力,20150814,0.0
430560.NQ,西部泰力,20150813,0.0
430560.NQ,西部泰力,20150812,0.0
430560.NQ,西部泰力,20150811,0.0
430560.NQ,西部泰力,20150810,0.0
430560.NQ,西部泰力,20150809,0.0
430560.NQ,西部泰力,20150808,0.0
430560.NQ,西部泰力,20150807,0.0
430560.NQ,西部泰力,20150806,0.0
430560.NQ,西部泰力,20150805,0.0
430560.NQ,西部泰力,20150804,0.0
430560.NQ,西部泰力,20150803,0.0
430560.NQ,西部泰力,20150802,0.0
430560.NQ,西部泰力,20150801,0.0
430560.NQ,西部泰力,20150731,0.0
430560.NQ,西部泰力,20150730,0.0
430560.NQ,西部泰力,20150729,0.0
430560.NQ,西部泰力,20150728,0.0
430560.NQ,西部泰力,20150727,0.0
430560.NQ,西部泰力,20150726,0.0
430560.NQ,西部泰力,20150725,0.0
430560.NQ,西部泰力,20150724,0.0
430560.NQ,西部泰力,20150723,0.0
430560.NQ,西部泰力,20150722,0.0
430560.NQ,西部泰力,20150721,0.0
430560.NQ,西部泰力,20150720,0.0
430560.NQ,西部泰力,20150719,0.0
430560.NQ,西部泰力,20150718,0.0
430560.NQ,西部泰力,20150717,0.0
430560.NQ,西部泰力,20150716,0.0
430560.NQ,西部泰力,20150715,0.0
430560.NQ,西部泰力,20150714,0.0
430560.NQ,西部泰力,20150713,0.0
430560.NQ,西部泰力,20150712,0.0
430560.NQ,西部泰力,20150711,0.0
430560.NQ,西部泰力,20150710,0.0
430560.NQ,西部泰力,20150709,0.0
430560.NQ,西部泰力,20150708,0.0
430560.NQ,西部泰力,20150707,0.0
430560.NQ,西部泰力,20150706,0.0
430560.NQ,西部泰力,20150705,0.0
430560.NQ,西部泰力,20150704,0.0
430560.NQ,西部泰力,20150703,0.0
430560.NQ,西部泰力,20150702,0.0
430560.NQ,西部泰力,20150701,0.0
430560.NQ,西部泰力,20150630,-57.368421052632
430560.NQ,西部泰力,20150629,-57.368421052632
430560.NQ,西部泰力,20150628,-57.368421052632
430560.NQ,西部泰力,20150627,-57.368421052632
430560.NQ,西部泰力,20150626,-57.368421052632
430560.NQ,西部泰力,20150625,-57.368421052632
430560.NQ,西部泰力,20150624,-57.368421052632
430560.NQ,西部泰力,20150623,-57.368421052632
430560.NQ,西部泰力,20150622,-57.368421052632
430560.NQ,西部泰力,20150621,-57.368421052632
430560.NQ,西部泰力,20150620,-57.368421052632
430560.NQ,西部泰力,20150619,-57.368421052632
430560.NQ,西部泰力,20150618,-57.368421052632
430560.NQ,西部泰力,20150617,-57.368421052632
430560.NQ,西部泰力,20150616,-57.368421052632
430560.NQ,西部泰力,20150615,-57.368421052632
430560.NQ,西部泰力,20150614,-57.368421052632
430560.NQ,西部泰力,20150613,-57.368421052632
430560.NQ,西部泰力,20150612,-57.368421052632
430560.NQ,西部泰力,20150611,-57.368421052632
430560.NQ,西部泰力,20150610,-57.368421052632
430560.NQ,西部泰力,20150609,-57.368421052632
430560.NQ,西部泰力,20150608,-57.368421052632
430560.NQ,西部泰力,20150607,-57.368421052632
430560.NQ,西部泰力,20150606,-57.368421052632
430560.NQ,西部泰力,20150605,-57.368421052632
430560.NQ,西部泰力,20150604,-57.368421052632
430560.NQ,西部泰力,20150603,-57.368421052632
430560.NQ,西部泰力,20150602,-57.368421052632
430560.NQ,西部泰力,20150601,-57.368421052632
430560.NQ,西部泰力,20150531,0.0
430560.NQ,西部泰力,20150530,0.0
430560.NQ,西部泰力,20150529,0.0
430560.NQ,西部泰力,20150528,0.0
430560.NQ,西部泰力,20150527,0.0
430560.NQ,西部泰力,20150526,0.0
430560.NQ,西部泰力,20150525,0.0
430560.NQ,西部泰力,20150524,0.0
430560.NQ,西部泰力,20150523,0.0
430560.NQ,西部泰力,20150522,0.0
430560.NQ,西部泰力,20150521,0.0
430560.NQ,西部泰力,20150520,0.0
430560.NQ,西部泰力,20150519,0.0
430560.NQ,西部泰力,20150518,0.0
430560.NQ,西部泰力,20150517,0.0
430560.NQ,西部泰力,20150516,0.0
430560.NQ,西部泰力,20150515,0.0
430560.NQ,西部泰力,20150514,0.0
430560.NQ,西部泰力,20150513,0.0
430560.NQ,西部泰力,20150512,0.0
430560.NQ,西部泰力,20150511,0.0
430560.NQ,西部泰力,20150510,0.0
430560.NQ,西部泰力,20150509,0.0
430560.NQ,西部泰力,20150508,0.0
430560.NQ,西部泰力,20150507,0.0
430560.NQ,西部泰力,20150506,0.0
430560.NQ,西部泰力,20150505,0.0
430560.NQ,西部泰力,20150504,0.0
430560.NQ,西部泰力,20150503,0.0
430560.NQ,西部泰力,20150502,0.0
430560.NQ,西部泰力,20150501,0.0
430560.NQ,西部泰力,20150430,164.25591098748
430560.NQ,西部泰力,20150429,164.25591098748
430560.NQ,西部泰力,20150428,164.25591098748
430560.NQ,西部泰力,20150427,164.25591098748
430560.NQ,西部泰力,20150426,164.25591098748
430560.NQ,西部泰力,20150425,164.25591098748
430560.NQ,西部泰力,20150424,164.25591098748
430560.NQ,西部泰力,20150423,164.25591098748
430560.NQ,西部泰力,20150422,164.25591098748
430560.NQ,西部泰力,20150421,164.25591098748
430560.NQ,西部泰力,20150420,164.25591098748
430560.NQ,西部泰力,20150419,164.25591098748
430560.NQ,西部泰力,20150418,164.25591098748
430560.NQ,西部泰力,20150417,164.25591098748
430560.NQ,西部泰力,20150416,164.25591098748
430560.NQ,西部泰力,20150415,164.25591098748
430560.NQ,西部泰力,20150414,164.25591098748
430560.NQ,西部泰力,20150413,164.25591098748
430560.NQ,西部泰力,20150412,164.25591098748
430560.NQ,西部泰力,20150411,164.25591098748
430560.NQ,西部泰力,20150410,164.25591098748
430560.NQ,西部泰力,20150409,164.25591098748
430560.NQ,西部泰力,20150408,164.25591098748
430560.NQ,西部泰力,20150407,164.25591098748
430560.NQ,西部泰力,20150406,164.25591098748
430560.NQ,西部泰力,20150405,164.25591098748
430560.NQ,西部泰力,20150404,164.25591098748
430560.NQ,西部泰力,20150403,164.25591098748
430560.NQ,西部泰力,20150402,164.25591098748
430560.NQ,西部泰力,20150401,164.25591098748
430560.NQ,西部泰力,20150331,0.0
430560.NQ,西部泰力,20150330,0.0
430560.NQ,西部泰力,20150329,0.0
430560.NQ,西部泰力,20150328,0.0
430560.NQ,西部泰力,20150327,0.0
430560.NQ,西部泰力,20150326,0.0
430560.NQ,西部泰力,20150325,0.0
430560.NQ,西部泰力,20150324,0.0
430560.NQ,西部泰力,20150323,0.0
430560.NQ,西部泰力,20150322,0.0
430560.NQ,西部泰力,20150321,0.0
430560.NQ,西部泰力,20150320,0.0
430560.NQ,西部泰力,20150319,0.0
430560.NQ,西部泰力,20150318,0.0
430560.NQ,西部泰力,20150317,0.0
430560.NQ,西部泰力,20150316,0.0
430560.NQ,西部泰力,20150315,0.0
430560.NQ,西部泰力,20150314,0.0
430560.NQ,西部泰力,20150313,0.0
430560.NQ,西部泰力,20150312,0.0
430560.NQ,西部泰力,20150311,0.0
430560.NQ,西部泰力,20150310,0.0
430560.NQ,西部泰力,20150309,0.0
430560.NQ,西部泰力,20150308,0.0
430560.NQ,西部泰力,20150307,0.0
430560.NQ,西部泰力,20150306,0.0
430560.NQ,西部泰力,20150305,0.0
430560.NQ,西部泰力,20150304,0.0
430560.NQ,西部泰力,20150303,0.0
430560.NQ,西部泰力,20150302,0.0
430560.NQ,西部泰力,20150301,0.0
430560.NQ,西部泰力,20150228,
430560.NQ,西部泰力,20150227,
430560.NQ,西部泰力,20150226,
430560.NQ,西部泰力,20150225,
430560.NQ,西部泰力,20150224,
430560.NQ,西部泰力,20150223,
430560.NQ,西部泰力,20150222,
430560.NQ,西部泰力,20150221,
430560.NQ,西部泰力,20150220,
430560.NQ,西部泰力,20150219,
430560.NQ,西部泰力,20150218,
430560.NQ,西部泰力,20150217,
430560.NQ,西部泰力,20150216,
430560.NQ,西部泰力,20150215,
430560.NQ,西部泰力,20150214,
430560.NQ,西部泰力,20150213,
430560.NQ,西部泰力,20150212,
430560.NQ,西部泰力,20150211,
430560.NQ,西部泰力,20150210,
430560.NQ,西部泰力,20150209,
430560.NQ,西部泰力,20150208,
430560.NQ,西部泰力,20150207,
430560.NQ,西部泰力,20150206,
430560.NQ,西部泰力,20150205,
430560.NQ,西部泰力,20150204,
430560.NQ,西部泰力,20150203,
430560.NQ,西部泰力,20150202,
430560.NQ,西部泰力,20150201,
430560.NQ,西部泰力,20150131,
430560.NQ,西部泰力,20150130,
430560.NQ,西部泰力,20150129,
430560.NQ,西部泰力,20150128,
430560.NQ,西部泰力,20150127,
430560.NQ,西部泰力,20150126,
430560.NQ,西部泰力,20150125,
430560.NQ,西部泰力,20150124,
430560.NQ,西部泰力,20150123,
430560.NQ,西部泰力,20150122,
430560.NQ,西部泰力,20150121,
430560.NQ,西部泰力,20150120,
430560.NQ,西部泰力,20150119,
430560.NQ,西部泰力,20150118,
430560.NQ,西部泰力,20150117,
430560.NQ,西部泰力,20150116,
430560.NQ,西部泰力,20150115,
430560.NQ,西部泰力,20150114,
430560.NQ,西部泰力,20150113,
430560.NQ,西部泰力,20150112,
430560.NQ,西部泰力,20150111,
430560.NQ,西部泰力,20150110,
430560.NQ,西部泰力,20150109,
430560.NQ,西部泰力,20150108,
430560.NQ,西部泰力,20150107,
430560.NQ,西部泰力,20150106,
430560.NQ,西部泰力,20150105,
430560.NQ,西部泰力,20150104,
430560.NQ,西部泰力,20150103,
430560.NQ,西部泰力,20150102,
430560.NQ,西部泰力,20150101,
430560.NQ,西部泰力,20141231,
430560.NQ,西部泰力,20141230,
430560.NQ,西部泰力,20141229,
430560.NQ,西部泰力,20141228,
430560.NQ,西部泰力,20141227,
430560.NQ,西部泰力,20141226,
430560.NQ,西部泰力,20141225,
430560.NQ,西部泰力,20141224,
430560.NQ,西部泰力,20141223,
430560.NQ,西部泰力,20141222,
430560.NQ,西部泰力,20141221,
430560.NQ,西部泰力,20141220,
430560.NQ,西部泰力,20141219,
430560.NQ,西部泰力,20141218,
430560.NQ,西部泰力,20141217,
430560.NQ,西部泰力,20141216,
430560.NQ,西部泰力,20141215,
430560.NQ,西部泰力,20141214,
430560.NQ,西部泰力,20141213,
430560.NQ,西部泰力,20141212,
430560.NQ,西部泰力,20141211,
430560.NQ,西部泰力,20141210,
430560.NQ,西部泰力,20141209,
430560.NQ,西部泰力,20141208,
430560.NQ,西部泰力,20141207,
430560.NQ,西部泰力,20141206,
430560.NQ,西部泰力,20141205,
430560.NQ,西部泰力,20141204,
430560.NQ,西部泰力,20141203,
430560.NQ,西部泰力,20141202,
430560.NQ,西部泰力,20141201,
430560.NQ,西部泰力,20141130,
430560.NQ,西部泰力,20141129,
430560.NQ,西部泰力,20141128,
430560.NQ,西部泰力,20141127,
430560.NQ,西部泰力,20141126,
430560.NQ,西部泰力,20141125,
430560.NQ,西部泰力,20141124,
430560.NQ,西部泰力,20141123,
430560.NQ,西部泰力,20141122,
430560.NQ,西部泰力,20141121,
430560.NQ,西部泰力,20141120,
430560.NQ,西部泰力,20141119,
430560.NQ,西部泰力,20141118,
430560.NQ,西部泰力,20141117,
430560.NQ,西部泰力,20141116,
430560.NQ,西部泰力,20141115,
430560.NQ,西部泰力,20141114,
430560.NQ,西部泰力,20141113,
430560.NQ,西部泰力,20141112,
430560.NQ,西部泰力,20141111,
430560.NQ,西部泰力,20141110,
430560.NQ,西部泰力,20141109,
430560.NQ,西部泰力,20141108,
430560.NQ,西部泰力,20141107,
430560.NQ,西部泰力,20141106,
430560.NQ,西部泰力,20141105,
430560.NQ,西部泰力,20141104,
430560.NQ,西部泰力,20141103,
430560.NQ,西部泰力,20141102,
430560.NQ,西部泰力,20141101,
430560.NQ,西部泰力,20141031,
430560.NQ,西部泰力,20141030,
430560.NQ,西部泰力,20141029,
430560.NQ,西部泰力,20141028,
430560.NQ,西部泰力,20141027,
430560.NQ,西部泰力,20141026,
430560.NQ,西部泰力,20141025,
430560.NQ,西部泰力,20141024,
430560.NQ,西部泰力,20141023,
430560.NQ,西部泰力,20141022,
430560.NQ,西部泰力,20141021,
430560.NQ,西部泰力,20141020,
430560.NQ,西部泰力,20141019,
430560.NQ,西部泰力,20141018,
430560.NQ,西部泰力,20141017,
430560.NQ,西部泰力,20141016,
430560.NQ,西部泰力,20141015,
430560.NQ,西部泰力,20141014,
430560.NQ,西部泰力,20141013,
430560.NQ,西部泰力,20141012,
430560.NQ,西部泰力,20141011,
430560.NQ,西部泰力,20141010,
430560.NQ,西部泰力,20141009,
430560.NQ,西部泰力,20141008,
430560.NQ,西部泰力,20141007,
430560.NQ,西部泰力,20141006,
430560.NQ,西部泰力,20141005,
430560.NQ,西部泰力,20141004,
430560.NQ,西部泰力,20141003,
430560.NQ,西部泰力,20141002,
430560.NQ,西部泰力,20141001,
430560.NQ,西部泰力,20140930,
430560.NQ,西部泰力,20140929,
430560.NQ,西部泰力,20140928,
430560.NQ,西部泰力,20140927,
430560.NQ,西部泰力,20140926,
430560.NQ,西部泰力,20140925,
430560.NQ,西部泰力,20140924,
430560.NQ,西部泰力,20140923,
430560.NQ,西部泰力,20140922,
430560.NQ,西部泰力,20140921,
430560.NQ,西部泰力,20140920,
430560.NQ,西部泰力,20140919,
430560.NQ,西部泰力,20140918,
430560.NQ,西部泰力,20140917,
430560.NQ,西部泰力,20140916,
430560.NQ,西部泰力,20140915,
430560.NQ,西部泰力,20140914,
430560.NQ,西部泰力,20140913,
430560.NQ,西部泰力,20140912,
430560.NQ,西部泰力,20140911,
430560.NQ,西部泰力,20140910,
430560.NQ,西部泰力,20140909,
430560.NQ,西部泰力,20140908,
430560.NQ,西部泰力,20140907,
430560.NQ,西部泰力,20140906,
430560.NQ,西部泰力,20140905,
430560.NQ,西部泰力,20140904,
430560.NQ,西部泰力,20140903,
430560.NQ,西部泰力,20140902,
430560.NQ,西部泰力,20140901,
430560.NQ,西部泰力,20140831,
430560.NQ,西部泰力,20140830,
430560.NQ,西部泰力,20140829,
430560.NQ,西部泰力,20140828,
430560.NQ,西部泰力,20140827,
430560.NQ,西部泰力,20140826,
430560.NQ,西部泰力,20140825,
430560.NQ,西部泰力,20140824,
430560.NQ,西部泰力,20140823,
430560.NQ,西部泰力,20140822,
430560.NQ,西部泰力,20140821,
430560.NQ,西部泰力,20140820,
430560.NQ,西部泰力,20140819,
430560.NQ,西部泰力,20140818,
430560.NQ,西部泰力,20140817,
430560.NQ,西部泰力,20140816,
430560.NQ,西部泰力,20140815,
430560.NQ,西部泰力,20140814,
430560.NQ,西部泰力,20140813,
430560.NQ,西部泰力,20140812,
430560.NQ,西部泰力,20140811,
430560.NQ,西部泰力,20140810,
430560.NQ,西部泰力,20140809,
430560.NQ,西部泰力,20140808,
430560.NQ,西部泰力,20140807,
430560.NQ,西部泰力,20140806,
430560.NQ,西部泰力,20140805,
430560.NQ,西部泰力,20140804,
430560.NQ,西部泰力,20140803,
430560.NQ,西部泰力,20140802,
430560.NQ,西部泰力,20140801,
430560.NQ,西部泰力,20140731,
430560.NQ,西部泰力,20140730,
430560.NQ,西部泰力,20140729,
430560.NQ,西部泰力,20140728,
430560.NQ,西部泰力,20140727,
430560.NQ,西部泰力,20140726,
430560.NQ,西部泰力,20140725,
430560.NQ,西部泰力,20140724,
430560.NQ,西部泰力,20140723,
430560.NQ,西部泰力,20140722,
430560.NQ,西部泰力,20140721,
430560.NQ,西部泰力,20140720,
430560.NQ,西部泰力,20140719,
430560.NQ,西部泰力,20140718,
430560.NQ,西部泰力,20140717,
430560.NQ,西部泰力,20140716,
430560.NQ,西部泰力,20140715,
430560.NQ,西部泰力,20140714,
430560.NQ,西部泰力,20140713,
430560.NQ,西部泰力,20140712,
430560.NQ,西部泰力,20140711,
430560.NQ,西部泰力,20140710,
430560.NQ,西部泰力,20140709,
430560.NQ,西部泰力,20140708,
430560.NQ,西部泰力,20140707,
430560.NQ,西部泰力,20140706,
430560.NQ,西部泰力,20140705,
430560.NQ,西部泰力,20140704,
430560.NQ,西部泰力,20140703,
430560.NQ,西部泰力,20140702,
430560.NQ,西部泰力,20140701,
430560.NQ,西部泰力,20140630,
430560.NQ,西部泰力,20140629,
430560.NQ,西部泰力,20140628,
430560.NQ,西部泰力,20140627,
430560.NQ,西部泰力,20140626,
430560.NQ,西部泰力,20140625,
430560.NQ,西部泰力,20140624,
430560.NQ,西部泰力,20140623,
430560.NQ,西部泰力,20140622,
430560.NQ,西部泰力,20140621,
430560.NQ,西部泰力,20140620,
430560.NQ,西部泰力,20140619,
430560.NQ,西部泰力,20140618,
430560.NQ,西部泰力,20140617,
430560.NQ,西部泰力,20140616,
430560.NQ,西部泰力,20140615,
430560.NQ,西部泰力,20140614,
430560.NQ,西部泰力,20140613,
430560.NQ,西部泰力,20140612,
430560.NQ,西部泰力,20140611,
430560.NQ,西部泰力,20140610,
430560.NQ,西部泰力,20140609,
430560.NQ,西部泰力,20140608,
430560.NQ,西部泰力,20140607,
430560.NQ,西部泰力,20140606,
430560.NQ,西部泰力,20140605,
430560.NQ,西部泰力,20140604,
430560.NQ,西部泰力,20140603,
430560.NQ,西部泰力,20140602,
430560.NQ,西部泰力,20140601,
430560.NQ,西部泰力,20140531,
430560.NQ,西部泰力,20140530,
430560.NQ,西部泰力,20140529,
430560.NQ,西部泰力,20140528,
430560.NQ,西部泰力,20140527,
430560.NQ,西部泰力,20140526,
430560.NQ,西部泰力,20140525,
430560.NQ,西部泰力,20140524,
430560.NQ,西部泰力,20140523,
430560.NQ,西部泰力,20140522,
430560.NQ,西部泰力,20140521,
430560.NQ,西部泰力,20140520,
430560.NQ,西部泰力,20140519,
430560.NQ,西部泰力,20140518,
430560.NQ,西部泰力,20140517,
430560.NQ,西部泰力,20140516,
430560.NQ,西部泰力,20140515,
430560.NQ,西部泰力,20140514,
430560.NQ,西部泰力,20140513,
430560.NQ,西部泰力,20140512,
430560.NQ,西部泰力,20140511,
430560.NQ,西部泰力,20140510,
430560.NQ,西部泰力,20140509,
430560.NQ,西部泰力,20140508,
430560.NQ,西部泰力,20140507,
430560.NQ,西部泰力,20140506,
430560.NQ,西部泰力,20140505,
430560.NQ,西部泰力,20140504,
430560.NQ,西部泰力,20140503,
430560.NQ,西部泰力,20140502,
430560.NQ,西部泰力,20140501,
430560.NQ,西部泰力,20140430,0.0
430560.NQ,西部泰力,20140429,0.0
430560.NQ,西部泰力,20140428,0.0
430560.NQ,西部泰力,20140427,0.0
430560.NQ,西部泰力,20140426,0.0
430560.NQ,西部泰力,20140425,0.0
430560.NQ,西部泰力,20140424,0.0
430560.NQ,西部泰力,20140423,0.0
430560.NQ,西部泰力,20140422,0.0
430560.NQ,西部泰力,20140421,0.0
430560.NQ,西部泰力,20140420,0.0
430560.NQ,西部泰力,20140419,0.0
430560.NQ,西部泰力,20140418,0.0
430560.NQ,西部泰力,20140417,0.0
430560.NQ,西部泰力,20140416,0.0
430560.NQ,西部泰力,20140415,0.0
430560.NQ,西部泰力,20140414,0.0
430560.NQ,西部泰力,20140413,0.0
430560.NQ,西部泰力,20140412,0.0
430560.NQ,西部泰力,20140411,0.0
430560.NQ,西部泰力,20140410,0.0
430560.NQ,西部泰力,20140409,0.0
430560.NQ,西部泰力,20140408,0.0
430560.NQ,西部泰力,20140407,0.0
430560.NQ,西部泰力,20140406,0.0
430560.NQ,西部泰力,20140405,0.0
430560.NQ,西部泰力,20140404,0.0
430560.NQ,西部泰力,20140403,0.0
430560.NQ,西部泰力,20140402,0.0
430560.NQ,西部泰力,20140401,0.0
430560.NQ,西部泰力,20140331,0.0
430560.NQ,西部泰力,20140330,0.0
430560.NQ,西部泰力,20140329,0.0
430560.NQ,西部泰力,20140328,0.0
430560.NQ,西部泰力,20140327,0.0
430560.NQ,西部泰力,20140326,0.0
430560.NQ,西部泰力,20140325,0.0
430560.NQ,西部泰力,20140324,0.0
430560.NQ,西部泰力,20140323,0.0
430560.NQ,西部泰力,20140322,0.0
430560.NQ,西部泰力,20140321,0.0
430560.NQ,西部泰力,20140320,0.0
430560.NQ,西部泰力,20140319,0.0
430560.NQ,西部泰力,20140318,0.0
430560.NQ,西部泰力,20140317,0.0
430560.NQ,西部泰力,20140316,0.0
430560.NQ,西部泰力,20140315,0.0
430560.NQ,西部泰力,20140314,0.0
430560.NQ,西部泰力,20140313,0.0
430560.NQ,西部泰力,20140312,0.0
430560.NQ,西部泰力,20140311,0.0
430560.NQ,西部泰力,20140310,0.0
430560.NQ,西部泰力,20140309,0.0
430560.NQ,西部泰力,20140308,0.0
430560.NQ,西部泰力,20140307,0.0
430560.NQ,西部泰力,20140306,0.0
430560.NQ,西部泰力,20140305,0.0
430560.NQ,西部泰力,20140304,0.0
430560.NQ,西部泰力,20140303,0.0
430560.NQ,西部泰力,20140302,0.0
430560.NQ,西部泰力,20140301,0.0
430560.NQ,西部泰力,20140228,0.0
430560.NQ,西部泰力,20140227,0.0
430560.NQ,西部泰力,20140226,0.0
430560.NQ,西部泰力,20140225,0.0
430560.NQ,西部泰力,20140224,0.0
430560.NQ,西部泰力,20140223,0.0
430560.NQ,西部泰力,20140222,0.0
430560.NQ,西部泰力,20140221,0.0
430560.NQ,西部泰力,20140220,0.0
430560.NQ,西部泰力,20140219,0.0
430560.NQ,西部泰力,20140218,0.0
430560.NQ,西部泰力,20140217,0.0
430560.NQ,西部泰力,20140216,0.0
430560.NQ,西部泰力,20140215,0.0
430560.NQ,西部泰力,20140214,0.0
430560.NQ,西部泰力,20140213,0.0
430560.NQ,西部泰力,20140212,0.0
430560.NQ,西部泰力,20140211,0.0
430560.NQ,西部泰力,20140210,0.0
430560.NQ,西部泰力,20140209,0.0
430560.NQ,西部泰力,20140208,0.0
430560.NQ,西部泰力,20140207,0.0
430560.NQ,西部泰力,20140206,0.0
430560.NQ,西部泰力,20140205,0.0
430560.NQ,西部泰力,20140204,0.0
430560.NQ,西部泰力,20140203,0.0
430560.NQ,西部泰力,20140202,0.0
430560.NQ,西部泰力,20140201,0.0
430560.NQ,西部泰力,20140131,0.0
430560.NQ,西部泰力,20140130,0.0
430560.NQ,西部泰力,20140129,0.0
430560.NQ,西部泰力,20140128,0.0
430560.NQ,西部泰力,20140127,0.0
430560.NQ,西部泰力,20140126,0.0
430560.NQ,西部泰力,20140125,0.0
430560.NQ,西部泰力,20140124,0.0
430560.NQ,西部泰力,20140123,0.0
430560.NQ,西部泰力,20140122,0.0
430560.NQ,西部泰力,20140121,0.0
430560.NQ,西部泰力,20140120,0.0
430560.NQ,西部泰力,20140119,0.0
430560.NQ,西部泰力,20140118,0.0
430560.NQ,西部泰力,20140117,0.0
430560.NQ,西部泰力,20140116,0.0
430560.NQ,西部泰力,20140115,0.0
430560.NQ,西部泰力,20140114,0.0
430560.NQ,西部泰力,20140113,0.0
430560.NQ,西部泰力,20140112,0.0
430560.NQ,西部泰力,20140111,0.0
430560.NQ,西部泰力,20140110,0.0
430560.NQ,西部泰力,20140109,0.0
430560.NQ,西部泰力,20140108,0.0
430560.NQ,西部泰力,20140107,0.0
430560.NQ,西部泰力,20140106,0.0
430560.NQ,西部泰力,20140105,0.0
430560.NQ,西部泰力,20140104,0.0
430560.NQ,西部泰力,20140103,0.0
430560.NQ,西部泰力,20140102,0.0
430560.NQ,西部泰力,20140101,0.0
430560.NQ,西部泰力,20131231,
430560.NQ,西部泰力,20131230,
430560.NQ,西部泰力,20131229,
430560.NQ,西部泰力,20131228,
430560.NQ,西部泰力,20131227,
430560.NQ,西部泰力,20131226,
430560.NQ,西部泰力,20131225,
430560.NQ,西部泰力,20131224,
430560.NQ,西部泰力,20131223,
430560.NQ,西部泰力,20131222,
430560.NQ,西部泰力,20131221,
430560.NQ,西部泰力,20131220,
430560.NQ,西部泰力,20131219,
430560.NQ,西部泰力,20131218,
430560.NQ,西部泰力,20131217,
430560.NQ,西部泰力,20131216,
430560.NQ,西部泰力,20131215,
430560.NQ,西部泰力,20131214,
430560.NQ,西部泰力,20131213,
430560.NQ,西部泰力,20131212,
430560.NQ,西部泰力,20131211,
430560.NQ,西部泰力,20131210,
430560.NQ,西部泰力,20131209,
430560.NQ,西部泰力,20131208,
430560.NQ,西部泰力,20131207,
430560.NQ,西部泰力,20131206,
430560.NQ,西部泰力,20131205,
430560.NQ,西部泰力,20131204,
430560.NQ,西部泰力,20131203,
430560.NQ,西部泰力,20131202,
430560.NQ,西部泰力,20131201,
430560.NQ,西部泰力,20131130,
430560.NQ,西部泰力,20131129,
430560.NQ,西部泰力,20131128,
430560.NQ,西部泰力,20131127,
430560.NQ,西部泰力,20131126,
430560.NQ,西部泰力,20131125,
430560.NQ,西部泰力,20131124,
430560.NQ,西部泰力,20131123,
430560.NQ,西部泰力,20131122,
430560.NQ,西部泰力,20131121,
430560.NQ,西部泰力,20131120,
430560.NQ,西部泰力,20131119,
430560.NQ,西部泰力,20131118,
430560.NQ,西部泰力,20131117,
430560.NQ,西部泰力,20131116,
430560.NQ,西部泰力,20131115,
430560.NQ,西部泰力,20131114,
430560.NQ,西部泰力,20131113,
430560.NQ,西部泰力,20131112,
430560.NQ,西部泰力,20131111,
430560.NQ,西部泰力,20131110,
430560.NQ,西部泰力,20131109,
430560.NQ,西部泰力,20131108,
430560.NQ,西部泰力,20131107,
430560.NQ,西部泰力,20131106,
430560.NQ,西部泰力,20131105,
430560.NQ,西部泰力,20131104,
430560.NQ,西部泰力,20131103,
430560.NQ,西部泰力,20131102,
430560.NQ,西部泰力,20131101,
430560.NQ,西部泰力,20131031,
430560.NQ,西部泰力,20131030,
430560.NQ,西部泰力,20131029,
430560.NQ,西部泰力,20131028,
430560.NQ,西部泰力,20131027,
430560.NQ,西部泰力,20131026,
430560.NQ,西部泰力,20131025,
430560.NQ,西部泰力,20131024,
430560.NQ,西部泰力,20131023,
430560.NQ,西部泰力,20131022,
430560.NQ,西部泰力,20131021,
430560.NQ,西部泰力,20131020,
430560.NQ,西部泰力,20131019,
430560.NQ,西部泰力,20131018,
430560.NQ,西部泰力,20131017,
430560.NQ,西部泰力,20131016,
430560.NQ,西部泰力,20131015,
430560.NQ,西部泰力,20131014,
430560.NQ,西部泰力,20131013,
430560.NQ,西部泰力,20131012,
430560.NQ,西部泰力,20131011,
430560.NQ,西部泰力,20131010,
430560.NQ,西部泰力,20131009,
430560.NQ,西部泰力,20131008,
430560.NQ,西部泰力,20131007,
430560.NQ,西部泰力,20131006,
430560.NQ,西部泰力,20131005,
430560.NQ,西部泰力,20131004,
430560.NQ,西部泰力,20131003,
430560.NQ,西部泰力,20131002,
430560.NQ,西部泰力,20131001,
430560.NQ,西部泰力,20130930,
430560.NQ,西部泰力,20130929,
430560.NQ,西部泰力,20130928,
430560.NQ,西部泰力,20130927,
430560.NQ,西部泰力,20130926,
430560.NQ,西部泰力,20130925,
430560.NQ,西部泰力,20130924,
430560.NQ,西部泰力,20130923,
430560.NQ,西部泰力,20130922,
430560.NQ,西部泰力,20130921,
430560.NQ,西部泰力,20130920,
430560.NQ,西部泰力,20130919,
430560.NQ,西部泰力,20130918,
430560.NQ,西部泰力,20130917,
430560.NQ,西部泰力,20130916,
430560.NQ,西部泰力,20130915,
430560.NQ,西部泰力,20130914,
430560.NQ,西部泰力,20130913,
430560.NQ,西部泰力,20130912,
430560.NQ,西部泰力,20130911,
430560.NQ,西部泰力,20130910,
430560.NQ,西部泰力,20130909,
430560.NQ,西部泰力,20130908,
430560.NQ,西部泰力,20130907,
430560.NQ,西部泰力,20130906,
430560.NQ,西部泰力,20130905,
430560.NQ,西部泰力,20130904,
430560.NQ,西部泰力,20130903,
430560.NQ,西部泰力,20130902,
430560.NQ,西部泰力,20130901,
430560.NQ,西部泰力,20130831,
430560.NQ,西部泰力,20130830,
430560.NQ,西部泰力,20130829,
430560.NQ,西部泰力,20130828,
430560.NQ,西部泰力,20130827,
430560.NQ,西部泰力,20130826,
430560.NQ,西部泰力,20130825,
430560.NQ,西部泰力,20130824,
430560.NQ,西部泰力,20130823,
430560.NQ,西部泰力,20130822,
430560.NQ,西部泰力,20130821,
430560.NQ,西部泰力,20130820,
430560.NQ,西部泰力,20130819,
430560.NQ,西部泰力,20130818,
430560.NQ,西部泰力,20130817,
430560.NQ,西部泰力,20130816,
430560.NQ,西部泰力,20130815,
430560.NQ,西部泰力,20130814,
430560.NQ,西部泰力,20130813,
430560.NQ,西部泰力,20130812,
430560.NQ,西部泰力,20130811,
430560.NQ,西部泰力,20130810,
430560.NQ,西部泰力,20130809,
430560.NQ,西部泰力,20130808,
430560.NQ,西部泰力,20130807,
430560.NQ,西部泰力,20130806,
430560.NQ,西部泰力,20130805,
430560.NQ,西部泰力,20130804,
430560.NQ,西部泰力,20130803,
430560.NQ,西部泰力,20130802,
430560.NQ,西部泰力,20130801,
430560.NQ,西部泰力,20130731,
430560.NQ,西部泰力,20130730,
430560.NQ,西部泰力,20130729,
430560.NQ,西部泰力,20130728,
430560.NQ,西部泰力,20130727,
430560.NQ,西部泰力,20130726,
430560.NQ,西部泰力,20130725,
430560.NQ,西部泰力,20130724,
430560.NQ,西部泰力,20130723,
430560.NQ,西部泰力,20130722,
430560.NQ,西部泰力,20130721,
430560.NQ,西部泰力,20130720,
430560.NQ,西部泰力,20130719,
430560.NQ,西部泰力,20130718,
430560.NQ,西部泰力,20130717,
430560.NQ,西部泰力,20130716,
430560.NQ,西部泰力,20130715,
430560.NQ,西部泰力,20130714,
430560.NQ,西部泰力,20130713,
430560.NQ,西部泰力,20130712,
430560.NQ,西部泰力,20130711,
430560.NQ,西部泰力,20130710,
430560.NQ,西部泰力,20130709,
430560.NQ,西部泰力,20130708,
430560.NQ,西部泰力,20130707,
430560.NQ,西部泰力,20130706,
430560.NQ,西部泰力,20130705,
430560.NQ,西部泰力,20130704,
430560.NQ,西部泰力,20130703,
430560.NQ,西部泰力,20130702,
430560.NQ,西部泰力,20130701,
430560.NQ,西部泰力,20130630,
430560.NQ,西部泰力,20130629,
430560.NQ,西部泰力,20130628,
430560.NQ,西部泰力,20130627,
430560.NQ,西部泰力,20130626,
430560.NQ,西部泰力,20130625,
430560.NQ,西部泰力,20130624,
430560.NQ,西部泰力,20130623,
430560.NQ,西部泰力,20130622,
430560.NQ,西部泰力,20130621,
430560.NQ,西部泰力,20130620,
430560.NQ,西部泰力,20130619,
430560.NQ,西部泰力,20130618,
430560.NQ,西部泰力,20130617,
430560.NQ,西部泰力,20130616,
430560.NQ,西部泰力,20130615,
430560.NQ,西部泰力,20130614,
430560.NQ,西部泰力,20130613,
430560.NQ,西部泰力,20130612,
430560.NQ,西部泰力,20130611,
430560.NQ,西部泰力,20130610,
430560.NQ,西部泰力,20130609,
430560.NQ,西部泰力,20130608,
430560.NQ,西部泰力,20130607,
430560.NQ,西部泰力,20130606,
430560.NQ,西部泰力,20130605,
430560.NQ,西部泰力,20130604,
430560.NQ,西部泰力,20130603,
430560.NQ,西部泰力,20130602,
430560.NQ,西部泰力,20130601,
430560.NQ,西部泰力,20130531,
430560.NQ,西部泰力,20130530,
430560.NQ,西部泰力,20130529,
430560.NQ,西部泰力,20130528,
430560.NQ,西部泰力,20130527,
430560.NQ,西部泰力,20130526,
430560.NQ,西部泰力,20130525,
430560.NQ,西部泰力,20130524,
430560.NQ,西部泰力,20130523,
430560.NQ,西部泰力,20130522,
430560.NQ,西部泰力,20130521,
430560.NQ,西部泰力,20130520,
430560.NQ,西部泰力,20130519,
430560.NQ,西部泰力,20130518,
430560.NQ,西部泰力,20130517,
430560.NQ,西部泰力,20130516,
430560.NQ,西部泰力,20130515,
430560.NQ,西部泰力,20130514,
430560.NQ,西部泰力,20130513,
430560.NQ,西部泰力,20130512,
430560.NQ,西部泰力,20130511,
430560.NQ,西部泰力,20130510,
430560.NQ,西部泰力,20130509,
430560.NQ,西部泰力,20130508,
430560.NQ,西部泰力,20130507,
430560.NQ,西部泰力,20130506,
430560.NQ,西部泰力,20130505,
430560.NQ,西部泰力,20130504,
430560.NQ,西部泰力,20130503,
430560.NQ,西部泰力,20130502,
430560.NQ,西部泰力,20130501,
430560.NQ,西部泰力,20130430,
430560.NQ,西部泰力,20130429,
430560.NQ,西部泰力,20130428,
430560.NQ,西部泰力,20130427,
430560.NQ,西部泰力,20130426,
430560.NQ,西部泰力,20130425,
430560.NQ,西部泰力,20130424,
430560.NQ,西部泰力,20130423,
430560.NQ,西部泰力,20130422,
430560.NQ,西部泰力,20130421,
430560.NQ,西部泰力,20130420,
430560.NQ,西部泰力,20130419,
430560.NQ,西部泰力,20130418,
430560.NQ,西部泰力,20130417,
430560.NQ,西部泰力,20130416,
430560.NQ,西部泰力,20130415,
430560.NQ,西部泰力,20130414,
430560.NQ,西部泰力,20130413,
430560.NQ,西部泰力,20130412,
430560.NQ,西部泰力,20130411,
430560.NQ,西部泰力,20130410,
430560.NQ,西部泰力,20130409,
430560.NQ,西部泰力,20130408,
430560.NQ,西部泰力,20130407,
430560.NQ,西部泰力,20130406,
430560.NQ,西部泰力,20130405,
430560.NQ,西部泰力,20130404,
430560.NQ,西部泰力,20130403,
430560.NQ,西部泰力,20130402,
430560.NQ,西部泰力,20130401,
430560.NQ,西部泰力,20130331,
430560.NQ,西部泰力,20130330,
430560.NQ,西部泰力,20130329,
430560.NQ,西部泰力,20130328,
430560.NQ,西部泰力,20130327,
430560.NQ,西部泰力,20130326,
430560.NQ,西部泰力,20130325,
430560.NQ,西部泰力,20130324,
430560.NQ,西部泰力,20130323,
430560.NQ,西部泰力,20130322,
430560.NQ,西部泰力,20130321,
430560.NQ,西部泰力,20130320,
430560.NQ,西部泰力,20130319,
430560.NQ,西部泰力,20130318,
430560.NQ,西部泰力,20130317,
430560.NQ,西部泰力,20130316,
430560.NQ,西部泰力,20130315,
430560.NQ,西部泰力,20130314,
430560.NQ,西部泰力,20130313,
430560.NQ,西部泰力,20130312,
430560.NQ,西部泰力,20130311,
430560.NQ,西部泰力,20130310,
430560.NQ,西部泰力,20130309,
430560.NQ,西部泰力,20130308,
430560.NQ,西部泰力,20130307,
430560.NQ,西部泰力,20130306,
430560.NQ,西部泰力,20130305,
430560.NQ,西部泰力,20130304,
430560.NQ,西部泰力,20130303,
430560.NQ,西部泰力,20130302,
430560.NQ,西部泰力,20130301,
430560.NQ,西部泰力,20130228,
430560.NQ,西部泰力,20130227,
430560.NQ,西部泰力,20130226,
430560.NQ,西部泰力,20130225,
430560.NQ,西部泰力,20130224,
430560.NQ,西部泰力,20130223,
430560.NQ,西部泰力,20130222,
430560.NQ,西部泰力,20130221,
430560.NQ,西部泰力,20130220,
430560.NQ,西部泰力,20130219,
430560.NQ,西部泰力,20130218,
430560.NQ,西部泰力,20130217,
430560.NQ,西部泰力,20130216,
430560.NQ,西部泰力,20130215,
430560.NQ,西部泰力,20130214,
430560.NQ,西部泰力,20130213,
430560.NQ,西部泰力,20130212,
430560.NQ,西部泰力,20130211,
430560.NQ,西部泰力,20130210,
430560.NQ,西部泰力,20130209,
430560.NQ,西部泰力,20130208,
430560.NQ,西部泰力,20130207,
430560.NQ,西部泰力,20130206,
430560.NQ,西部泰力,20130205,
430560.NQ,西部泰力,20130204,
430560.NQ,西部泰力,20130203,
430560.NQ,西部泰力,20130202,
430560.NQ,西部泰力,20130201,
430560.NQ,西部泰力,20130131,
430560.NQ,西部泰力,20130130,
430560.NQ,西部泰力,20130129,
430560.NQ,西部泰力,20130128,
430560.NQ,西部泰力,20130127,
430560.NQ,西部泰力,20130126,
430560.NQ,西部泰力,20130125,
430560.NQ,西部泰力,20130124,
430560.NQ,西部泰力,20130123,
430560.NQ,西部泰力,20130122,
430560.NQ,西部泰力,20130121,
430560.NQ,西部泰力,20130120,
430560.NQ,西部泰力,20130119,
430560.NQ,西部泰力,20130118,
430560.NQ,西部泰力,20130117,
430560.NQ,西部泰力,20130116,
430560.NQ,西部泰力,20130115,
430560.NQ,西部泰力,20130114,
430560.NQ,西部泰力,20130113,
430560.NQ,西部泰力,20130112,
430560.NQ,西部泰力,20130111,
430560.NQ,西部泰力,20130110,
430560.NQ,西部泰力,20130109,
430560.NQ,西部泰力,20130108,
430560.NQ,西部泰力,20130107,
430560.NQ,西部泰力,20130106,
430560.NQ,西部泰力,20130105,
430560.NQ,西部泰力,20130104,
430560.NQ,西部泰力,20130103,
430560.NQ,西部泰力,20130102,
430560.NQ,西部泰力,20130101,
430560.NQ,西部泰力,20121231,
430560.NQ,西部泰力,20121230,
430560.NQ,西部泰力,20121229,
430560.NQ,西部泰力,20121228,
430560.NQ,西部泰力,20121227,
430560.NQ,西部泰力,20121226,
430560.NQ,西部泰力,20121225,
430560.NQ,西部泰力,20121224,
430560.NQ,西部泰力,20121223,
430560.NQ,西部泰力,20121222,
430560.NQ,西部泰力,20121221,
430560.NQ,西部泰力,20121220,
430560.NQ,西部泰力,20121219,
430560.NQ,西部泰力,20121218,
430560.NQ,西部泰力,20121217,
430560.NQ,西部泰力,20121216,
430560.NQ,西部泰力,20121215,
430560.NQ,西部泰力,20121214,
430560.NQ,西部泰力,20121213,
430560.NQ,西部泰力,20121212,
430560.NQ,西部泰力,20121211,
430560.NQ,西部泰力,20121210,
430560.NQ,西部泰力,20121209,
430560.NQ,西部泰力,20121208,
430560.NQ,西部泰力,20121207,
430560.NQ,西部泰力,20121206,
430560.NQ,西部泰力,20121205,
430560.NQ,西部泰力,20121204,
430560.NQ,西部泰力,20121203,
430560.NQ,西部泰力,20121202,
430560.NQ,西部泰力,20121201,
430560.NQ,西部泰力,20121130,
430560.NQ,西部泰力,20121129,
430560.NQ,西部泰力,20121128,
430560.NQ,西部泰力,20121127,
430560.NQ,西部泰力,20121126,
430560.NQ,西部泰力,20121125,
430560.NQ,西部泰力,20121124,
430560.NQ,西部泰力,20121123,
430560.NQ,西部泰力,20121122,
430560.NQ,西部泰力,20121121,
430560.NQ,西部泰力,20121120,
430560.NQ,西部泰力,20121119,
430560.NQ,西部泰力,20121118,
430560.NQ,西部泰力,20121117,
430560.NQ,西部泰力,20121116,
430560.NQ,西部泰力,20121115,
430560.NQ,西部泰力,20121114,
430560.NQ,西部泰力,20121113,
430560.NQ,西部泰力,20121112,
430560.NQ,西部泰力,20121111,
430560.NQ,西部泰力,20121110,
430560.NQ,西部泰力,20121109,
430560.NQ,西部泰力,20121108,
430560.NQ,西部泰力,20121107,
430560.NQ,西部泰力,20121106,
430560.NQ,西部泰力,20121105,
430560.NQ,西部泰力,20121104,
430560.NQ,西部泰力,20121103,
430560.NQ,西部泰力,20121102,
430560.NQ,西部泰力,20121101,
430560.NQ,西部泰力,20121031,
430560.NQ,西部泰力,20121030,
430560.NQ,西部泰力,20121029,
430560.NQ,西部泰力,20121028,
430560.NQ,西部泰力,20121027,
430560.NQ,西部泰力,20121026,
430560.NQ,西部泰力,20121025,
430560.NQ,西部泰力,20121024,
430560.NQ,西部泰力,20121023,
430560.NQ,西部泰力,20121022,
430560.NQ,西部泰力,20121021,
430560.NQ,西部泰力,20121020,
430560.NQ,西部泰力,20121019,
430560.NQ,西部泰力,20121018,
430560.NQ,西部泰力,20121017,
430560.NQ,西部泰力,20121016,
430560.NQ,西部泰力,20121015,
430560.NQ,西部泰力,20121014,
430560.NQ,西部泰力,20121013,
430560.NQ,西部泰力,20121012,
430560.NQ,西部泰力,20121011,
430560.NQ,西部泰力,20121010,
430560.NQ,西部泰力,20121009,
430560.NQ,西部泰力,20121008,
430560.NQ,西部泰力,20121007,
430560.NQ,西部泰力,20121006,
430560.NQ,西部泰力,20121005,
430560.NQ,西部泰力,20121004,
430560.NQ,西部泰力,20121003,
430560.NQ,西部泰力,20121002,
430560.NQ,西部泰力,20121001,
430560.NQ,西部泰力,20120930,
430560.NQ,西部泰力,20120929,
430560.NQ,西部泰力,20120928,
430560.NQ,西部泰力,20120927,
430560.NQ,西部泰力,20120926,
430560.NQ,西部泰力,20120925,
430560.NQ,西部泰力,20120924,
430560.NQ,西部泰力,20120923,
430560.NQ,西部泰力,20120922,
430560.NQ,西部泰力,20120921,
430560.NQ,西部泰力,20120920,
430560.NQ,西部泰力,20120919,
430560.NQ,西部泰力,20120918,
430560.NQ,西部泰力,20120917,
430560.NQ,西部泰力,20120916,
430560.NQ,西部泰力,20120915,
430560.NQ,西部泰力,20120914,
430560.NQ,西部泰力,20120913,
430560.NQ,西部泰力,20120912,
430560.NQ,西部泰力,20120911,
430560.NQ,西部泰力,20120910,
430560.NQ,西部泰力,20120909,
430560.NQ,西部泰力,20120908,
430560.NQ,西部泰力,20120907,
430560.NQ,西部泰力,20120906,
430560.NQ,西部泰力,20120905,
430560.NQ,西部泰力,20120904,
430560.NQ,西部泰力,20120903,
430560.NQ,西部泰力,20120902,
430560.NQ,西部泰力,20120901,
430560.NQ,西部泰力,20120831,
430560.NQ,西部泰力,20120830,
430560.NQ,西部泰力,20120829,
430560.NQ,西部泰力,20120828,
430560.NQ,西部泰力,20120827,
430560.NQ,西部泰力,20120826,
430560.NQ,西部泰力,20120825,
430560.NQ,西部泰力,20120824,
430560.NQ,西部泰力,20120823,
430560.NQ,西部泰力,20120822,
430560.NQ,西部泰力,20120821,
430560.NQ,西部泰力,20120820,
430560.NQ,西部泰力,20120819,
430560.NQ,西部泰力,20120818,
430560.NQ,西部泰力,20120817,
430560.NQ,西部泰力,20120816,
430560.NQ,西部泰力,20120815,
430560.NQ,西部泰力,20120814,
430560.NQ,西部泰力,20120813,
430560.NQ,西部泰力,20120812,
430560.NQ,西部泰力,20120811,
430560.NQ,西部泰力,20120810,
430560.NQ,西部泰力,20120809,
430560.NQ,西部泰力,20120808,
430560.NQ,西部泰力,20120807,
430560.NQ,西部泰力,20120806,
430560.NQ,西部泰力,20120805,
430560.NQ,西部泰力,20120804,
430560.NQ,西部泰力,20120803,
430560.NQ,西部泰力,20120802,
430560.NQ,西部泰力,20120801,
430560.NQ,西部泰力,20120731,
430560.NQ,西部泰力,20120730,
430560.NQ,西部泰力,20120729,
430560.NQ,西部泰力,20120728,
430560.NQ,西部泰力,20120727,
430560.NQ,西部泰力,20120726,
430560.NQ,西部泰力,20120725,
430560.NQ,西部泰力,20120724,
430560.NQ,西部泰力,20120723,
430560.NQ,西部泰力,20120722,
430560.NQ,西部泰力,20120721,
430560.NQ,西部泰力,20120720,
430560.NQ,西部泰力,20120719,
430560.NQ,西部泰力,20120718,
430560.NQ,西部泰力,20120717,
430560.NQ,西部泰力,20120716,
430560.NQ,西部泰力,20120715,
430560.NQ,西部泰力,20120714,
430560.NQ,西部泰力,20120713,
430560.NQ,西部泰力,20120712,
430560.NQ,西部泰力,20120711,
430560.NQ,西部泰力,20120710,
430560.NQ,西部泰力,20120709,
430560.NQ,西部泰力,20120708,
430560.NQ,西部泰力,20120707,
430560.NQ,西部泰力,20120706,
430560.NQ,西部泰力,20120705,
430560.NQ,西部泰力,20120704,
430560.NQ,西部泰力,20120703,
430560.NQ,西部泰力,20120702,
430560.NQ,西部泰力,20120701,
430560.NQ,西部泰力,20120630,
430560.NQ,西部泰力,20120629,
430560.NQ,西部泰力,20120628,
430560.NQ,西部泰力,20120627,
430560.NQ,西部泰力,20120626,
430560.NQ,西部泰力,20120625,
430560.NQ,西部泰力,20120624,
430560.NQ,西部泰力,20120623,
430560.NQ,西部泰力,20120622,
430560.NQ,西部泰力,20120621,
430560.NQ,西部泰力,20120620,
430560.NQ,西部泰力,20120619,
430560.NQ,西部泰力,20120618,
430560.NQ,西部泰力,20120617,
430560.NQ,西部泰力,20120616,
430560.NQ,西部泰力,20120615,
430560.NQ,西部泰力,20120614,
430560.NQ,西部泰力,20120613,
430560.NQ,西部泰力,20120612,
430560.NQ,西部泰力,20120611,
430560.NQ,西部泰力,20120610,
430560.NQ,西部泰力,20120609,
430560.NQ,西部泰力,20120608,
430560.NQ,西部泰力,20120607,
430560.NQ,西部泰力,20120606,
430560.NQ,西部泰力,20120605,
430560.NQ,西部泰力,20120604,
430560.NQ,西部泰力,20120603,
430560.NQ,西部泰力,20120602,
430560.NQ,西部泰力,20120601,
430560.NQ,西部泰力,20120531,
430560.NQ,西部泰力,20120530,
430560.NQ,西部泰力,20120529,
430560.NQ,西部泰力,20120528,
430560.NQ,西部泰力,20120527,
430560.NQ,西部泰力,20120526,
430560.NQ,西部泰力,20120525,
430560.NQ,西部泰力,20120524,
430560.NQ,西部泰力,20120523,
430560.NQ,西部泰力,20120522,
430560.NQ,西部泰力,20120521,
430560.NQ,西部泰力,20120520,
430560.NQ,西部泰力,20120519,
430560.NQ,西部泰力,20120518,
430560.NQ,西部泰力,20120517,
430560.NQ,西部泰力,20120516,
430560.NQ,西部泰力,20120515,
430560.NQ,西部泰力,20120514,
430560.NQ,西部泰力,20120513,
430560.NQ,西部泰力,20120512,
430560.NQ,西部泰力,20120511,
430560.NQ,西部泰力,20120510,
430560.NQ,西部泰力,20120509,
430560.NQ,西部泰力,20120508,
430560.NQ,西部泰力,20120507,
430560.NQ,西部泰力,20120506,
430560.NQ,西部泰力,20120505,
430560.NQ,西部泰力,20120504,
430560.NQ,西部泰力,20120503,
430560.NQ,西部泰力,20120502,
430560.NQ,西部泰力,20120501,
430560.NQ,西部泰力,20120430,
430560.NQ,西部泰力,20120429,
430560.NQ,西部泰力,20120428,
430560.NQ,西部泰力,20120427,
430560.NQ,西部泰力,20120426,
430560.NQ,西部泰力,20120425,
430560.NQ,西部泰力,20120424,
430560.NQ,西部泰力,20120423,
430560.NQ,西部泰力,20120422,
430560.NQ,西部泰力,20120421,
430560.NQ,西部泰力,20120420,
430560.NQ,西部泰力,20120419,
430560.NQ,西部泰力,20120418,
430560.NQ,西部泰力,20120417,
430560.NQ,西部泰力,20120416,
430560.NQ,西部泰力,20120415,
430560.NQ,西部泰力,20120414,
430560.NQ,西部泰力,20120413,
430560.NQ,西部泰力,20120412,
430560.NQ,西部泰力,20120411,
430560.NQ,西部泰力,20120410,
430560.NQ,西部泰力,20120409,
430560.NQ,西部泰力,20120408,
430560.NQ,西部泰力,20120407,
430560.NQ,西部泰力,20120406,
430560.NQ,西部泰力,20120405,
430560.NQ,西部泰力,20120404,
430560.NQ,西部泰力,20120403,
430560.NQ,西部泰力,20120402,
430560.NQ,西部泰力,20120401,
430560.NQ,西部泰力,20120331,
430560.NQ,西部泰力,20120330,
430560.NQ,西部泰力,20120329,
430560.NQ,西部泰力,20120328,
430560.NQ,西部泰力,20120327,
430560.NQ,西部泰力,20120326,
430560.NQ,西部泰力,20120325,
430560.NQ,西部泰力,20120324,
430560.NQ,西部泰力,20120323,
430560.NQ,西部泰力,20120322,
430560.NQ,西部泰力,20120321,
430560.NQ,西部泰力,20120320,
430560.NQ,西部泰力,20120319,
430560.NQ,西部泰力,20120318,
430560.NQ,西部泰力,20120317,
430560.NQ,西部泰力,20120316,
430560.NQ,西部泰力,20120315,
430560.NQ,西部泰力,20120314,
430560.NQ,西部泰力,20120313,
430560.NQ,西部泰力,20120312,
430560.NQ,西部泰力,20120311,
430560.NQ,西部泰力,20120310,
430560.NQ,西部泰力,20120309,
430560.NQ,西部泰力,20120308,
430560.NQ,西部泰力,20120307,
430560.NQ,西部泰力,20120306,
430560.NQ,西部泰力,20120305,
430560.NQ,西部泰力,20120304,
430560.NQ,西部泰力,20120303,
430560.NQ,西部泰力,20120302,
430560.NQ,西部泰力,20120301,
430560.NQ,西部泰力,20120229,
430560.NQ,西部泰力,20120228,
430560.NQ,西部泰力,20120227,
430560.NQ,西部泰力,20120226,
430560.NQ,西部泰力,20120225,
430560.NQ,西部泰力,20120224,
430560.NQ,西部泰力,20120223,
430560.NQ,西部泰力,20120222,
430560.NQ,西部泰力,20120221,
430560.NQ,西部泰力,20120220,
430560.NQ,西部泰力,20120219,
430560.NQ,西部泰力,20120218,
430560.NQ,西部泰力,20120217,
430560.NQ,西部泰力,20120216,
430560.NQ,西部泰力,20120215,
430560.NQ,西部泰力,20120214,
430560.NQ,西部泰力,20120213,
430560.NQ,西部泰力,20120212,
430560.NQ,西部泰力,20120211,
430560.NQ,西部泰力,20120210,
430560.NQ,西部泰力,20120209,
430560.NQ,西部泰力,20120208,
430560.NQ,西部泰力,20120207,
430560.NQ,西部泰力,20120206,
430560.NQ,西部泰力,20120205,
430560.NQ,西部泰力,20120204,
430560.NQ,西部泰力,20120203,
430560.NQ,西部泰力,20120202,
430560.NQ,西部泰力,20120201,
430560.NQ,西部泰力,20120131,
430560.NQ,西部泰力,20120130,
430560.NQ,西部泰力,20120129,
430560.NQ,西部泰力,20120128,
430560.NQ,西部泰力,20120127,
430560.NQ,西部泰力,20120126,
430560.NQ,西部泰力,20120125,
430560.NQ,西部泰力,20120124,
430560.NQ,西部泰力,20120123,
430560.NQ,西部泰力,20120122,
430560.NQ,西部泰力,20120121,
430560.NQ,西部泰力,20120120,
430560.NQ,西部泰力,20120119,
430560.NQ,西部泰力,20120118,
430560.NQ,西部泰力,20120117,
430560.NQ,西部泰力,20120116,
430560.NQ,西部泰力,20120115,
430560.NQ,西部泰力,20120114,
430560.NQ,西部泰力,20120113,
430560.NQ,西部泰力,20120112,
430560.NQ,西部泰力,20120111,
430560.NQ,西部泰力,20120110,
430560.NQ,西部泰力,20120109,
430560.NQ,西部泰力,20120108,
430560.NQ,西部泰力,20120107,
430560.NQ,西部泰力,20120106,
430560.NQ,西部泰力,20120105,
430560.NQ,西部泰力,20120104,
430560.NQ,西部泰力,20120103,
430560.NQ,西部泰力,20120102,
430560.NQ,西部泰力,20120101,
430560.NQ,西部泰力,20111231,
430560.NQ,西部泰力,20111230,
430560.NQ,西部泰力,20111229,
430560.NQ,西部泰力,20111228,
430560.NQ,西部泰力,20111227,
430560.NQ,西部泰力,20111226,
430560.NQ,西部泰力,20111225,
430560.NQ,西部泰力,20111224,
430560.NQ,西部泰力,20111223,
430560.NQ,西部泰力,20111222,
430560.NQ,西部泰力,20111221,
430560.NQ,西部泰力,20111220,
430560.NQ,西部泰力,20111219,
430560.NQ,西部泰力,20111218,
430560.NQ,西部泰力,20111217,
430560.NQ,西部泰力,20111216,
430560.NQ,西部泰力,20111215,
430560.NQ,西部泰力,20111214,
430560.NQ,西部泰力,20111213,
430560.NQ,西部泰力,20111212,
430560.NQ,西部泰力,20111211,
430560.NQ,西部泰力,20111210,
430560.NQ,西部泰力,20111209,
430560.NQ,西部泰力,20111208,
430560.NQ,西部泰力,20111207,
430560.NQ,西部泰力,20111206,
430560.NQ,西部泰力,20111205,
430560.NQ,西部泰力,20111204,
430560.NQ,西部泰力,20111203,
430560.NQ,西部泰力,20111202,
430560.NQ,西部泰力,20111201,
430560.NQ,西部泰力,20111130,
430560.NQ,西部泰力,20111129,
430560.NQ,西部泰力,20111128,
430560.NQ,西部泰力,20111127,
430560.NQ,西部泰力,20111126,
430560.NQ,西部泰力,20111125,
430560.NQ,西部泰力,20111124,
430560.NQ,西部泰力,20111123,
430560.NQ,西部泰力,20111122,
430560.NQ,西部泰力,20111121,
430560.NQ,西部泰力,20111120,
430560.NQ,西部泰力,20111119,
430560.NQ,西部泰力,20111118,
430560.NQ,西部泰力,20111117,
430560.NQ,西部泰力,20111116,
430560.NQ,西部泰力,20111115,
430560.NQ,西部泰力,20111114,
430560.NQ,西部泰力,20111113,
430560.NQ,西部泰力,20111112,
430560.NQ,西部泰力,20111111,
430560.NQ,西部泰力,20111110,
430560.NQ,西部泰力,20111109,
430560.NQ,西部泰力,20111108,
430560.NQ,西部泰力,20111107,
430560.NQ,西部泰力,20111106,
430560.NQ,西部泰力,20111105,
430560.NQ,西部泰力,20111104,
430560.NQ,西部泰力,20111103,
430560.NQ,西部泰力,20111102,
430560.NQ,西部泰力,20111101,
430560.NQ,西部泰力,20111031,
430560.NQ,西部泰力,20111030,
430560.NQ,西部泰力,20111029,
430560.NQ,西部泰力,20111028,
430560.NQ,西部泰力,20111027,
430560.NQ,西部泰力,20111026,
430560.NQ,西部泰力,20111025,
430560.NQ,西部泰力,20111024,
430560.NQ,西部泰力,20111023,
430560.NQ,西部泰力,20111022,
430560.NQ,西部泰力,20111021,
430560.NQ,西部泰力,20111020,
430560.NQ,西部泰力,20111019,
430560.NQ,西部泰力,20111018,
430560.NQ,西部泰力,20111017,
430560.NQ,西部泰力,20111016,
430560.NQ,西部泰力,20111015,
430560.NQ,西部泰力,20111014,
430560.NQ,西部泰力,20111013,
430560.NQ,西部泰力,20111012,
430560.NQ,西部泰力,20111011,
430560.NQ,西部泰力,20111010,
430560.NQ,西部泰力,20111009,
430560.NQ,西部泰力,20111008,
430560.NQ,西部泰力,20111007,
430560.NQ,西部泰力,20111006,
430560.NQ,西部泰力,20111005,
430560.NQ,西部泰力,20111004,
430560.NQ,西部泰力,20111003,
430560.NQ,西部泰力,20111002,
430560.NQ,西部泰力,20111001,
430560.NQ,西部泰力,20110930,
430560.NQ,西部泰力,20110929,
430560.NQ,西部泰力,20110928,
430560.NQ,西部泰力,20110927,
430560.NQ,西部泰力,20110926,
430560.NQ,西部泰力,20110925,
430560.NQ,西部泰力,20110924,
430560.NQ,西部泰力,20110923,
430560.NQ,西部泰力,20110922,
430560.NQ,西部泰力,20110921,
430560.NQ,西部泰力,20110920,
430560.NQ,西部泰力,20110919,
430560.NQ,西部泰力,20110918,
430560.NQ,西部泰力,20110917,
430560.NQ,西部泰力,20110916,
430560.NQ,西部泰力,20110915,
430560.NQ,西部泰力,20110914,
430560.NQ,西部泰力,20110913,
430560.NQ,西部泰力,20110912,
430560.NQ,西部泰力,20110911,
430560.NQ,西部泰力,20110910,
430560.NQ,西部泰力,20110909,
430560.NQ,西部泰力,20110908,
430560.NQ,西部泰力,20110907,
430560.NQ,西部泰力,20110906,
430560.NQ,西部泰力,20110905,
430560.NQ,西部泰力,20110904,
430560.NQ,西部泰力,20110903,
430560.NQ,西部泰力,20110902,
430560.NQ,西部泰力,20110901,
430560.NQ,西部泰力,20110831,
430560.NQ,西部泰力,20110830,
430560.NQ,西部泰力,20110829,
430560.NQ,西部泰力,20110828,
430560.NQ,西部泰力,20110827,
430560.NQ,西部泰力,20110826,
430560.NQ,西部泰力,20110825,
430560.NQ,西部泰力,20110824,
430560.NQ,西部泰力,20110823,
430560.NQ,西部泰力,20110822,
430560.NQ,西部泰力,20110821,
430560.NQ,西部泰力,20110820,
430560.NQ,西部泰力,20110819,
430560.NQ,西部泰力,20110818,
430560.NQ,西部泰力,20110817,
430560.NQ,西部泰力,20110816,
430560.NQ,西部泰力,20110815,
430560.NQ,西部泰力,20110814,
430560.NQ,西部泰力,20110813,
430560.NQ,西部泰力,20110812,
430560.NQ,西部泰力,20110811,
430560.NQ,西部泰力,20110810,
430560.NQ,西部泰力,20110809,
430560.NQ,西部泰力,20110808,
430560.NQ,西部泰力,20110807,
430560.NQ,西部泰力,20110806,
430560.NQ,西部泰力,20110805,
430560.NQ,西部泰力,20110804,
430560.NQ,西部泰力,20110803,
430560.NQ,西部泰力,20110802,
430560.NQ,西部泰力,20110801,
430560.NQ,西部泰力,20110731,
430560.NQ,西部泰力,20110730,
430560.NQ,西部泰力,20110729,
430560.NQ,西部泰力,20110728,
430560.NQ,西部泰力,20110727,
430560.NQ,西部泰力,20110726,
430560.NQ,西部泰力,20110725,
430560.NQ,西部泰力,20110724,
430560.NQ,西部泰力,20110723,
430560.NQ,西部泰力,20110722,
430560.NQ,西部泰力,20110721,
430560.NQ,西部泰力,20110720,
430560.NQ,西部泰力,20110719,
430560.NQ,西部泰力,20110718,
430560.NQ,西部泰力,20110717,
430560.NQ,西部泰力,20110716,
430560.NQ,西部泰力,20110715,
430560.NQ,西部泰力,20110714,
430560.NQ,西部泰力,20110713,
430560.NQ,西部泰力,20110712,
430560.NQ,西部泰力,20110711,
430560.NQ,西部泰力,20110710,
430560.NQ,西部泰力,20110709,
430560.NQ,西部泰力,20110708,
430560.NQ,西部泰力,20110707,
430560.NQ,西部泰力,20110706,
430560.NQ,西部泰力,20110705,
430560.NQ,西部泰力,20110704,
430560.NQ,西部泰力,20110703,
430560.NQ,西部泰力,20110702,
430560.NQ,西部泰力,20110701,
430560.NQ,西部泰力,20110630,
430560.NQ,西部泰力,20110629,
430560.NQ,西部泰力,20110628,
430560.NQ,西部泰力,20110627,
430560.NQ,西部泰力,20110626,
430560.NQ,西部泰力,20110625,
430560.NQ,西部泰力,20110624,
430560.NQ,西部泰力,20110623,
430560.NQ,西部泰力,20110622,
430560.NQ,西部泰力,20110621,
430560.NQ,西部泰力,20110620,
430560.NQ,西部泰力,20110619,
430560.NQ,西部泰力,20110618,
430560.NQ,西部泰力,20110617,
430560.NQ,西部泰力,20110616,
430560.NQ,西部泰力,20110615,
430560.NQ,西部泰力,20110614,
430560.NQ,西部泰力,20110613,
430560.NQ,西部泰力,20110612,
430560.NQ,西部泰力,20110611,
430560.NQ,西部泰力,20110610,
430560.NQ,西部泰力,20110609,
430560.NQ,西部泰力,20110608,
430560.NQ,西部泰力,20110607,
430560.NQ,西部泰力,20110606,
430560.NQ,西部泰力,20110605,
430560.NQ,西部泰力,20110604,
430560.NQ,西部泰力,20110603,
430560.NQ,西部泰力,20110602,
430560.NQ,西部泰力,20110601,
430560.NQ,西部泰力,20110531,
430560.NQ,西部泰力,20110530,
430560.NQ,西部泰力,20110529,
430560.NQ,西部泰力,20110528,
430560.NQ,西部泰力,20110527,
430560.NQ,西部泰力,20110526,
430560.NQ,西部泰力,20110525,
430560.NQ,西部泰力,20110524,
430560.NQ,西部泰力,20110523,
430560.NQ,西部泰力,20110522,
430560.NQ,西部泰力,20110521,
430560.NQ,西部泰力,20110520,
430560.NQ,西部泰力,20110519,
430560.NQ,西部泰力,20110518,
430560.NQ,西部泰力,20110517,
430560.NQ,西部泰力,20110516,
430560.NQ,西部泰力,20110515,
430560.NQ,西部泰力,20110514,
430560.NQ,西部泰力,20110513,
430560.NQ,西部泰力,20110512,
430560.NQ,西部泰力,20110511,
430560.NQ,西部泰力,20110510,
430560.NQ,西部泰力,20110509,
430560.NQ,西部泰力,20110508,
430560.NQ,西部泰力,20110507,
430560.NQ,西部泰力,20110506,
430560.NQ,西部泰力,20110505,
430560.NQ,西部泰力,20110504,
430560.NQ,西部泰力,20110503,
430560.NQ,西部泰力,20110502,
430560.NQ,西部泰力,20110501,
430560.NQ,西部泰力,20110430,
430560.NQ,西部泰力,20110429,
430560.NQ,西部泰力,20110428,
430560.NQ,西部泰力,20110427,
430560.NQ,西部泰力,20110426,
430560.NQ,西部泰力,20110425,
430560.NQ,西部泰力,20110424,
430560.NQ,西部泰力,20110423,
430560.NQ,西部泰力,20110422,
430560.NQ,西部泰力,20110421,
430560.NQ,西部泰力,20110420,
430560.NQ,西部泰力,20110419,
430560.NQ,西部泰力,20110418,
430560.NQ,西部泰力,20110417,
430560.NQ,西部泰力,20110416,
430560.NQ,西部泰力,20110415,
430560.NQ,西部泰力,20110414,
430560.NQ,西部泰力,20110413,
430560.NQ,西部泰力,20110412,
430560.NQ,西部泰力,20110411,
430560.NQ,西部泰力,20110410,
430560.NQ,西部泰力,20110409,
430560.NQ,西部泰力,20110408,
430560.NQ,西部泰力,20110407,
430560.NQ,西部泰力,20110406,
430560.NQ,西部泰力,20110405,
430560.NQ,西部泰力,20110404,
430560.NQ,西部泰力,20110403,
430560.NQ,西部泰力,20110402,
430560.NQ,西部泰力,20110401,
430560.NQ,西部泰力,20110331,
430560.NQ,西部泰力,20110330,
430560.NQ,西部泰力,20110329,
430560.NQ,西部泰力,20110328,
430560.NQ,西部泰力,20110327,
430560.NQ,西部泰力,20110326,
430560.NQ,西部泰力,20110325,
430560.NQ,西部泰力,20110324,
430560.NQ,西部泰力,20110323,
430560.NQ,西部泰力,20110322,
430560.NQ,西部泰力,20110321,
430560.NQ,西部泰力,20110320,
430560.NQ,西部泰力,20110319,
430560.NQ,西部泰力,20110318,
430560.NQ,西部泰力,20110317,
430560.NQ,西部泰力,20110316,
430560.NQ,西部泰力,20110315,
430560.NQ,西部泰力,20110314,
430560.NQ,西部泰力,20110313,
430560.NQ,西部泰力,20110312,
430560.NQ,西部泰力,20110311,
430560.NQ,西部泰力,20110310,
430560.NQ,西部泰力,20110309,
430560.NQ,西部泰力,20110308,
430560.NQ,西部泰力,20110307,
430560.NQ,西部泰力,20110306,
430560.NQ,西部泰力,20110305,
430560.NQ,西部泰力,20110304,
430560.NQ,西部泰力,20110303,
430560.NQ,西部泰力,20110302,
430560.NQ,西部泰力,20110301,
430560.NQ,西部泰力,20110228,
430560.NQ,西部泰力,20110227,
430560.NQ,西部泰力,20110226,
430560.NQ,西部泰力,20110225,
430560.NQ,西部泰力,20110224,
430560.NQ,西部泰力,20110223,
430560.NQ,西部泰力,20110222,
430560.NQ,西部泰力,20110221,
430560.NQ,西部泰力,20110220,
430560.NQ,西部泰力,20110219,
430560.NQ,西部泰力,20110218,
430560.NQ,西部泰力,20110217,
430560.NQ,西部泰力,20110216,
430560.NQ,西部泰力,20110215,
430560.NQ,西部泰力,20110214,
430560.NQ,西部泰力,20110213,
430560.NQ,西部泰力,20110212,
430560.NQ,西部泰力,20110211,
430560.NQ,西部泰力,20110210,
430560.NQ,西部泰力,20110209,
430560.NQ,西部泰力,20110208,
430560.NQ,西部泰力,20110207,
430560.NQ,西部泰力,20110206,
430560.NQ,西部泰力,20110205,
430560.NQ,西部泰力,20110204,
430560.NQ,西部泰力,20110203,
430560.NQ,西部泰力,20110202,
430560.NQ,西部泰力,20110201,
430560.NQ,西部泰力,20110131,
430560.NQ,西部泰力,20110130,
430560.NQ,西部泰力,20110129,
430560.NQ,西部泰力,20110128,
430560.NQ,西部泰力,20110127,
430560.NQ,西部泰力,20110126,
430560.NQ,西部泰力,20110125,
430560.NQ,西部泰力,20110124,
430560.NQ,西部泰力,20110123,
430560.NQ,西部泰力,20110122,
430560.NQ,西部泰力,20110121,
430560.NQ,西部泰力,20110120,
430560.NQ,西部泰力,20110119,
430560.NQ,西部泰力,20110118,
430560.NQ,西部泰力,20110117,
430560.NQ,西部泰力,20110116,
430560.NQ,西部泰力,20110115,
430560.NQ,西部泰力,20110114,
430560.NQ,西部泰力,20110113,
430560.NQ,西部泰力,20110112,
430560.NQ,西部泰力,20110111,
430560.NQ,西部泰力,20110110,
430560.NQ,西部泰力,20110109,
430560.NQ,西部泰力,20110108,
430560.NQ,西部泰力,20110107,
430560.NQ,西部泰力,20110106,
430560.NQ,西部泰力,20110105,
430560.NQ,西部泰力,20110104,
430560.NQ,西部泰力,20110103,
430560.NQ,西部泰力,20110102,
430560.NQ,西部泰力,20110101,
430560.NQ,西部泰力,20101231,
430560.NQ,西部泰力,20101230,
430560.NQ,西部泰力,20101229,
430560.NQ,西部泰力,20101228,
430560.NQ,西部泰力,20101227,
430560.NQ,西部泰力,20101226,
430560.NQ,西部泰力,20101225,
430560.NQ,西部泰力,20101224,
430560.NQ,西部泰力,20101223,
430560.NQ,西部泰力,20101222,
430560.NQ,西部泰力,20101221,
430560.NQ,西部泰力,20101220,
430560.NQ,西部泰力,20101219,
430560.NQ,西部泰力,20101218,
430560.NQ,西部泰力,20101217,
430560.NQ,西部泰力,20101216,
430560.NQ,西部泰力,20101215,
430560.NQ,西部泰力,20101214,
430560.NQ,西部泰力,20101213,
430560.NQ,西部泰力,20101212,
430560.NQ,西部泰力,20101211,
430560.NQ,西部泰力,20101210,
430560.NQ,西部泰力,20101209,
430560.NQ,西部泰力,20101208,
430560.NQ,西部泰力,20101207,
430560.NQ,西部泰力,20101206,
430560.NQ,西部泰力,20101205,
430560.NQ,西部泰力,20101204,
430560.NQ,西部泰力,20101203,
430560.NQ,西部泰力,20101202,
430560.NQ,西部泰力,20101201,
430560.NQ,西部泰力,20101130,
430560.NQ,西部泰力,20101129,
430560.NQ,西部泰力,20101128,
430560.NQ,西部泰力,20101127,
430560.NQ,西部泰力,20101126,
430560.NQ,西部泰力,20101125,
430560.NQ,西部泰力,20101124,
430560.NQ,西部泰力,20101123,
430560.NQ,西部泰力,20101122,
430560.NQ,西部泰力,20101121,
430560.NQ,西部泰力,20101120,
430560.NQ,西部泰力,20101119,
430560.NQ,西部泰力,20101118,
430560.NQ,西部泰力,20101117,
430560.NQ,西部泰力,20101116,
430560.NQ,西部泰力,20101115,
430560.NQ,西部泰力,20101114,
430560.NQ,西部泰力,20101113,
430560.NQ,西部泰力,20101112,
430560.NQ,西部泰力,20101111,
430560.NQ,西部泰力,20101110,
430560.NQ,西部泰力,20101109,
430560.NQ,西部泰力,20101108,
430560.NQ,西部泰力,20101107,
430560.NQ,西部泰力,20101106,
430560.NQ,西部泰力,20101105,
430560.NQ,西部泰力,20101104,
430560.NQ,西部泰力,20101103,
430560.NQ,西部泰力,20101102,
430560.NQ,西部泰力,20101101,
430560.NQ,西部泰力,20101031,
430560.NQ,西部泰力,20101030,
430560.NQ,西部泰力,20101029,
430560.NQ,西部泰力,20101028,
430560.NQ,西部泰力,20101027,
430560.NQ,西部泰力,20101026,
430560.NQ,西部泰力,20101025,
430560.NQ,西部泰力,20101024,
430560.NQ,西部泰力,20101023,
430560.NQ,西部泰力,20101022,
430560.NQ,西部泰力,20101021,
430560.NQ,西部泰力,20101020,
430560.NQ,西部泰力,20101019,
430560.NQ,西部泰力,20101018,
430560.NQ,西部泰力,20101017,
430560.NQ,西部泰力,20101016,
430560.NQ,西部泰力,20101015,
430560.NQ,西部泰力,20101014,
430560.NQ,西部泰力,20101013,
430560.NQ,西部泰力,20101012,
430560.NQ,西部泰力,20101011,
430560.NQ,西部泰力,20101010,
430560.NQ,西部泰力,20101009,
430560.NQ,西部泰力,20101008,
430560.NQ,西部泰力,20101007,
430560.NQ,西部泰力,20101006,
430560.NQ,西部泰力,20101005,
430560.NQ,西部泰力,20101004,
430560.NQ,西部泰力,20101003,
430560.NQ,西部泰力,20101002,
430560.NQ,西部泰力,20101001,
430560.NQ,西部泰力,20100930,
430560.NQ,西部泰力,20100929,
430560.NQ,西部泰力,20100928,
430560.NQ,西部泰力,20100927,
430560.NQ,西部泰力,20100926,
430560.NQ,西部泰力,20100925,
430560.NQ,西部泰力,20100924,
430560.NQ,西部泰力,20100923,
430560.NQ,西部泰力,20100922,
430560.NQ,西部泰力,20100921,
430560.NQ,西部泰力,20100920,
430560.NQ,西部泰力,20100919,
430560.NQ,西部泰力,20100918,
430560.NQ,西部泰力,20100917,
430560.NQ,西部泰力,20100916,
430560.NQ,西部泰力,20100915,
430560.NQ,西部泰力,20100914,
430560.NQ,西部泰力,20100913,
430560.NQ,西部泰力,20100912,
430560.NQ,西部泰力,20100911,
430560.NQ,西部泰力,20100910,
430560.NQ,西部泰力,20100909,
430560.NQ,西部泰力,20100908,
430560.NQ,西部泰力,20100907,
430560.NQ,西部泰力,20100906,
430560.NQ,西部泰力,20100905,
430560.NQ,西部泰力,20100904,
430560.NQ,西部泰力,20100903,
430560.NQ,西部泰力,20100902,
430560.NQ,西部泰力,20100901,
430560.NQ,西部泰力,20100831,
430560.NQ,西部泰力,20100830,
430560.NQ,西部泰力,20100829,
430560.NQ,西部泰力,20100828,
430560.NQ,西部泰力,20100827,
430560.NQ,西部泰力,20100826,
430560.NQ,西部泰力,20100825,
430560.NQ,西部泰力,20100824,
430560.NQ,西部泰力,20100823,
430560.NQ,西部泰力,20100822,
430560.NQ,西部泰力,20100821,
430560.NQ,西部泰力,20100820,
430560.NQ,西部泰力,20100819,
430560.NQ,西部泰力,20100818,
430560.NQ,西部泰力,20100817,
430560.NQ,西部泰力,20100816,
430560.NQ,西部泰力,20100815,
430560.NQ,西部泰力,20100814,
430560.NQ,西部泰力,20100813,
430560.NQ,西部泰力,20100812,
430560.NQ,西部泰力,20100811,
430560.NQ,西部泰力,20100810,
430560.NQ,西部泰力,20100809,
430560.NQ,西部泰力,20100808,
430560.NQ,西部泰力,20100807,
430560.NQ,西部泰力,20100806,
430560.NQ,西部泰力,20100805,
430560.NQ,西部泰力,20100804,
430560.NQ,西部泰力,20100803,
430560.NQ,西部泰力,20100802,
430560.NQ,西部泰力,20100801,
430560.NQ,西部泰力,20100731,
430560.NQ,西部泰力,20100730,
430560.NQ,西部泰力,20100729,
430560.NQ,西部泰力,20100728,
430560.NQ,西部泰力,20100727,
430560.NQ,西部泰力,20100726,
430560.NQ,西部泰力,20100725,
430560.NQ,西部泰力,20100724,
430560.NQ,西部泰力,20100723,
430560.NQ,西部泰力,20100722,
430560.NQ,西部泰力,20100721,
430560.NQ,西部泰力,20100720,
430560.NQ,西部泰力,20100719,
430560.NQ,西部泰力,20100718,
430560.NQ,西部泰力,20100717,
430560.NQ,西部泰力,20100716,
430560.NQ,西部泰力,20100715,
430560.NQ,西部泰力,20100714,
430560.NQ,西部泰力,20100713,
430560.NQ,西部泰力,20100712,
430560.NQ,西部泰力,20100711,
430560.NQ,西部泰力,20100710,
430560.NQ,西部泰力,20100709,
430560.NQ,西部泰力,20100708,
430560.NQ,西部泰力,20100707,
430560.NQ,西部泰力,20100706,
430560.NQ,西部泰力,20100705,
430560.NQ,西部泰力,20100704,
430560.NQ,西部泰力,20100703,
430560.NQ,西部泰力,20100702,
430560.NQ,西部泰力,20100701,
430560.NQ,西部泰力,20100630,
430560.NQ,西部泰力,20100629,
430560.NQ,西部泰力,20100628,
430560.NQ,西部泰力,20100627,
430560.NQ,西部泰力,20100626,
430560.NQ,西部泰力,20100625,
430560.NQ,西部泰力,20100624,
430560.NQ,西部泰力,20100623,
430560.NQ,西部泰力,20100622,
430560.NQ,西部泰力,20100621,
430560.NQ,西部泰力,20100620,
430560.NQ,西部泰力,20100619,
430560.NQ,西部泰力,20100618,
430560.NQ,西部泰力,20100617,
430560.NQ,西部泰力,20100616,
430560.NQ,西部泰力,20100615,
430560.NQ,西部泰力,20100614,
430560.NQ,西部泰力,20100613,
430560.NQ,西部泰力,20100612,
430560.NQ,西部泰力,20100611,
430560.NQ,西部泰力,20100610,
430560.NQ,西部泰力,20100609,
430560.NQ,西部泰力,20100608,
430560.NQ,西部泰力,20100607,
430560.NQ,西部泰力,20100606,
430560.NQ,西部泰力,20100605,
430560.NQ,西部泰力,20100604,
430560.NQ,西部泰力,20100603,
430560.NQ,西部泰力,20100602,
430560.NQ,西部泰力,20100601,
430560.NQ,西部泰力,20100531,
430560.NQ,西部泰力,20100530,
430560.NQ,西部泰力,20100529,
430560.NQ,西部泰力,20100528,
430560.NQ,西部泰力,20100527,
430560.NQ,西部泰力,20100526,
430560.NQ,西部泰力,20100525,
430560.NQ,西部泰力,20100524,
430560.NQ,西部泰力,20100523,
430560.NQ,西部泰力,20100522,
430560.NQ,西部泰力,20100521,
430560.NQ,西部泰力,20100520,
430560.NQ,西部泰力,20100519,
430560.NQ,西部泰力,20100518,
430560.NQ,西部泰力,20100517,
430560.NQ,西部泰力,20100516,
430560.NQ,西部泰力,20100515,
430560.NQ,西部泰力,20100514,
430560.NQ,西部泰力,20100513,
430560.NQ,西部泰力,20100512,
430560.NQ,西部泰力,20100511,
430560.NQ,西部泰力,20100510,
430560.NQ,西部泰力,20100509,
430560.NQ,西部泰力,20100508,
430560.NQ,西部泰力,20100507,
430560.NQ,西部泰力,20100506,
430560.NQ,西部泰力,20100505,
430560.NQ,西部泰力,20100504,
430560.NQ,西部泰力,20100503,
430560.NQ,西部泰力,20100502,
430560.NQ,西部泰力,20100501,
430560.NQ,西部泰力,20100430,
430560.NQ,西部泰力,20100429,
430560.NQ,西部泰力,20100428,
430560.NQ,西部泰力,20100427,
430560.NQ,西部泰力,20100426,
430560.NQ,西部泰力,20100425,
430560.NQ,西部泰力,20100424,
430560.NQ,西部泰力,20100423,
430560.NQ,西部泰力,20100422,
430560.NQ,西部泰力,20100421,
430560.NQ,西部泰力,20100420,
430560.NQ,西部泰力,20100419,
430560.NQ,西部泰力,20100418,
430560.NQ,西部泰力,20100417,
430560.NQ,西部泰力,20100416,
430560.NQ,西部泰力,20100415,
430560.NQ,西部泰力,20100414,
430560.NQ,西部泰力,20100413,
430560.NQ,西部泰力,20100412,
430560.NQ,西部泰力,20100411,
430560.NQ,西部泰力,20100410,
430560.NQ,西部泰力,20100409,
430560.NQ,西部泰力,20100408,
430560.NQ,西部泰力,20100407,
430560.NQ,西部泰力,20100406,
430560.NQ,西部泰力,20100405,
430560.NQ,西部泰力,20100404,
430560.NQ,西部泰力,20100403,
430560.NQ,西部泰力,20100402,
430560.NQ,西部泰力,20100401,
430560.NQ,西部泰力,20100331,
430560.NQ,西部泰力,20100330,
430560.NQ,西部泰力,20100329,
430560.NQ,西部泰力,20100328,
430560.NQ,西部泰力,20100327,
430560.NQ,西部泰力,20100326,
430560.NQ,西部泰力,20100325,
430560.NQ,西部泰力,20100324,
430560.NQ,西部泰力,20100323,
430560.NQ,西部泰力,20100322,
430560.NQ,西部泰力,20100321,
430560.NQ,西部泰力,20100320,
430560.NQ,西部泰力,20100319,
430560.NQ,西部泰力,20100318,
430560.NQ,西部泰力,20100317,
430560.NQ,西部泰力,20100316,
430560.NQ,西部泰力,20100315,
430560.NQ,西部泰力,20100314,
430560.NQ,西部泰力,20100313,
430560.NQ,西部泰力,20100312,
430560.NQ,西部泰力,20100311,
430560.NQ,西部泰力,20100310,
430560.NQ,西部泰力,20100309,
430560.NQ,西部泰力,20100308,
430560.NQ,西部泰力,20100307,
430560.NQ,西部泰力,20100306,
430560.NQ,西部泰力,20100305,
430560.NQ,西部泰力,20100304,
430560.NQ,西部泰力,20100303,
430560.NQ,西部泰力,20100302,
430560.NQ,西部泰力,20100301,
430560.NQ,西部泰力,20100228,
430560.NQ,西部泰力,20100227,
430560.NQ,西部泰力,20100226,
430560.NQ,西部泰力,20100225,
430560.NQ,西部泰力,20100224,
430560.NQ,西部泰力,20100223,
430560.NQ,西部泰力,20100222,
430560.NQ,西部泰力,20100221,
430560.NQ,西部泰力,20100220,
430560.NQ,西部泰力,20100219,
430560.NQ,西部泰力,20100218,
430560.NQ,西部泰力,20100217,
430560.NQ,西部泰力,20100216,
430560.NQ,西部泰力,20100215,
430560.NQ,西部泰力,20100214,
430560.NQ,西部泰力,20100213,
430560.NQ,西部泰力,20100212,
430560.NQ,西部泰力,20100211,
430560.NQ,西部泰力,20100210,
430560.NQ,西部泰力,20100209,
430560.NQ,西部泰力,20100208,
430560.NQ,西部泰力,20100207,
430560.NQ,西部泰力,20100206,
430560.NQ,西部泰力,20100205,
430560.NQ,西部泰力,20100204,
430560.NQ,西部泰力,20100203,
430560.NQ,西部泰力,20100202,
430560.NQ,西部泰力,20100201,
430560.NQ,西部泰力,20100131,
430560.NQ,西部泰力,20100130,
430560.NQ,西部泰力,20100129,
430560.NQ,西部泰力,20100128,
430560.NQ,西部泰力,20100127,
430560.NQ,西部泰力,20100126,
430560.NQ,西部泰力,20100125,
430560.NQ,西部泰力,20100124,
430560.NQ,西部泰力,20100123,
430560.NQ,西部泰力,20100122,
430560.NQ,西部泰力,20100121,
430560.NQ,西部泰力,20100120,
430560.NQ,西部泰力,20100119,
430560.NQ,西部泰力,20100118,
430560.NQ,西部泰力,20100117,
430560.NQ,西部泰力,20100116,
430560.NQ,西部泰力,20100115,
430560.NQ,西部泰力,20100114,
430560.NQ,西部泰力,20100113,
430560.NQ,西部泰力,20100112,
430560.NQ,西部泰力,20100111,
430560.NQ,西部泰力,20100110,
430560.NQ,西部泰力,20100109,
430560.NQ,西部泰力,20100108,
430560.NQ,西部泰力,20100107,
430560.NQ,西部泰力,20100106,
430560.NQ,西部泰力,20100105,
430560.NQ,西部泰力,20100104,
430560.NQ,西部泰力,20100103,
430560.NQ,西部泰力,20100102,
430560.NQ,西部泰力,20100101,
430560.NQ,西部泰力,20091231,
430560.NQ,西部泰力,20091230,
430560.NQ,西部泰力,20091229,
430560.NQ,西部泰力,20091228,
430560.NQ,西部泰力,20091227,
430560.NQ,西部泰力,20091226,
430560.NQ,西部泰力,20091225,
430560.NQ,西部泰力,20091224,
430560.NQ,西部泰力,20091223,
430560.NQ,西部泰力,20091222,
430560.NQ,西部泰力,20091221,
430560.NQ,西部泰力,20091220,
430560.NQ,西部泰力,20091219,
430560.NQ,西部泰力,20091218,
430560.NQ,西部泰力,20091217,
430560.NQ,西部泰力,20091216,
430560.NQ,西部泰力,20091215,
430560.NQ,西部泰力,20091214,
430560.NQ,西部泰力,20091213,
430560.NQ,西部泰力,20091212,
430560.NQ,西部泰力,20091211,
430560.NQ,西部泰力,20091210,
430560.NQ,西部泰力,20091209,
430560.NQ,西部泰力,20091208,
430560.NQ,西部泰力,20091207,
430560.NQ,西部泰力,20091206,
430560.NQ,西部泰力,20091205,
430560.NQ,西部泰力,20091204,
430560.NQ,西部泰力,20091203,
430560.NQ,西部泰力,20091202,
430560.NQ,西部泰力,20091201,
430560.NQ,西部泰力,20091130,
430560.NQ,西部泰力,20091129,
430560.NQ,西部泰力,20091128,
430560.NQ,西部泰力,20091127,
430560.NQ,西部泰力,20091126,
430560.NQ,西部泰力,20091125,
430560.NQ,西部泰力,20091124,
430560.NQ,西部泰力,20091123,
430560.NQ,西部泰力,20091122,
430560.NQ,西部泰力,20091121,
430560.NQ,西部泰力,20091120,
430560.NQ,西部泰力,20091119,
430560.NQ,西部泰力,20091118,
430560.NQ,西部泰力,20091117,
430560.NQ,西部泰力,20091116,
430560.NQ,西部泰力,20091115,
430560.NQ,西部泰力,20091114,
430560.NQ,西部泰力,20091113,
430560.NQ,西部泰力,20091112,
430560.NQ,西部泰力,20091111,
430560.NQ,西部泰力,20091110,
430560.NQ,西部泰力,20091109,
430560.NQ,西部泰力,20091108,
430560.NQ,西部泰力,20091107,
430560.NQ,西部泰力,20091106,
430560.NQ,西部泰力,20091105,
430560.NQ,西部泰力,20091104,
430560.NQ,西部泰力,20091103,
430560.NQ,西部泰力,20091102,
430560.NQ,西部泰力,20091101,
430560.NQ,西部泰力,20091031,
430560.NQ,西部泰力,20091030,
430560.NQ,西部泰力,20091029,
430560.NQ,西部泰力,20091028,
430560.NQ,西部泰力,20091027,
430560.NQ,西部泰力,20091026,
430560.NQ,西部泰力,20091025,
430560.NQ,西部泰力,20091024,
430560.NQ,西部泰力,20091023,
430560.NQ,西部泰力,20091022,
430560.NQ,西部泰力,20091021,
430560.NQ,西部泰力,20091020,
430560.NQ,西部泰力,20091019,
430560.NQ,西部泰力,20091018,
430560.NQ,西部泰力,20091017,
430560.NQ,西部泰力,20091016,
430560.NQ,西部泰力,20091015,
430560.NQ,西部泰力,20091014,
430560.NQ,西部泰力,20091013,
430560.NQ,西部泰力,20091012,
430560.NQ,西部泰力,20091011,
430560.NQ,西部泰力,20091010,
430560.NQ,西部泰力,20091009,
430560.NQ,西部泰力,20091008,
430560.NQ,西部泰力,20091007,
430560.NQ,西部泰力,20091006,
430560.NQ,西部泰力,20091005,
430560.NQ,西部泰力,20091004,
430560.NQ,西部泰力,20091003,
430560.NQ,西部泰力,20091002,
430560.NQ,西部泰力,20091001,
430560.NQ,西部泰力,20090930,
430560.NQ,西部泰力,20090929,
430560.NQ,西部泰力,20090928,
430560.NQ,西部泰力,20090927,
430560.NQ,西部泰力,20090926,
430560.NQ,西部泰力,20090925,
430560.NQ,西部泰力,20090924,
430560.NQ,西部泰力,20090923,
430560.NQ,西部泰力,20090922,
430560.NQ,西部泰力,20090921,
430560.NQ,西部泰力,20090920,
430560.NQ,西部泰力,20090919,
430560.NQ,西部泰力,20090918,
430560.NQ,西部泰力,20090917,
430560.NQ,西部泰力,20090916,
430560.NQ,西部泰力,20090915,
430560.NQ,西部泰力,20090914,
430560.NQ,西部泰力,20090913,
430560.NQ,西部泰力,20090912,
430560.NQ,西部泰力,20090911,
430560.NQ,西部泰力,20090910,
430560.NQ,西部泰力,20090909,
430560.NQ,西部泰力,20090908,
430560.NQ,西部泰力,20090907,
430560.NQ,西部泰力,20090906,
430560.NQ,西部泰力,20090905,
430560.NQ,西部泰力,20090904,
430560.NQ,西部泰力,20090903,
430560.NQ,西部泰力,20090902,
430560.NQ,西部泰力,20090901,
430560.NQ,西部泰力,20090831,
430560.NQ,西部泰力,20090830,
430560.NQ,西部泰力,20090829,
430560.NQ,西部泰力,20090828,
430560.NQ,西部泰力,20090827,
430560.NQ,西部泰力,20090826,
430560.NQ,西部泰力,20090825,
430560.NQ,西部泰力,20090824,
430560.NQ,西部泰力,20090823,
430560.NQ,西部泰力,20090822,
430560.NQ,西部泰力,20090821,
430560.NQ,西部泰力,20090820,
430560.NQ,西部泰力,20090819,
430560.NQ,西部泰力,20090818,
430560.NQ,西部泰力,20090817,
430560.NQ,西部泰力,20090816,
430560.NQ,西部泰力,20090815,
430560.NQ,西部泰力,20090814,
430560.NQ,西部泰力,20090813,
430560.NQ,西部泰力,20090812,
430560.NQ,西部泰力,20090811,
430560.NQ,西部泰力,20090810,
430560.NQ,西部泰力,20090809,
430560.NQ,西部泰力,20090808,
430560.NQ,西部泰力,20090807,
430560.NQ,西部泰力,20090806,
430560.NQ,西部泰力,20090805,
430560.NQ,西部泰力,20090804,
430560.NQ,西部泰力,20090803,
430560.NQ,西部泰力,20090802,
430560.NQ,西部泰力,20090801,
430560.NQ,西部泰力,20090731,
430560.NQ,西部泰力,20090730,
430560.NQ,西部泰力,20090729,
430560.NQ,西部泰力,20090728,
430560.NQ,西部泰力,20090727,
430560.NQ,西部泰力,20090726,
430560.NQ,西部泰力,20090725,
430560.NQ,西部泰力,20090724,
430560.NQ,西部泰力,20090723,
430560.NQ,西部泰力,20090722,
430560.NQ,西部泰力,20090721,
430560.NQ,西部泰力,20090720,
430560.NQ,西部泰力,20090719,
430560.NQ,西部泰力,20090718,
430560.NQ,西部泰力,20090717,
430560.NQ,西部泰力,20090716,
430560.NQ,西部泰力,20090715,
430560.NQ,西部泰力,20090714,
430560.NQ,西部泰力,20090713,
430560.NQ,西部泰力,20090712,
430560.NQ,西部泰力,20090711,
430560.NQ,西部泰力,20090710,
430560.NQ,西部泰力,20090709,
430560.NQ,西部泰力,20090708,
430560.NQ,西部泰力,20090707,
430560.NQ,西部泰力,20090706,
430560.NQ,西部泰力,20090705,
430560.NQ,西部泰力,20090704,
430560.NQ,西部泰力,20090703,
430560.NQ,西部泰力,20090702,
430560.NQ,西部泰力,20090701,
430560.NQ,西部泰力,20090630,
430560.NQ,西部泰力,20090629,
430560.NQ,西部泰力,20090628,
430560.NQ,西部泰力,20090627,
430560.NQ,西部泰力,20090626,
430560.NQ,西部泰力,20090625,
430560.NQ,西部泰力,20090624,
430560.NQ,西部泰力,20090623,
430560.NQ,西部泰力,20090622,
430560.NQ,西部泰力,20090621,
430560.NQ,西部泰力,20090620,
430560.NQ,西部泰力,20090619,
430560.NQ,西部泰力,20090618,
430560.NQ,西部泰力,20090617,
430560.NQ,西部泰力,20090616,
430560.NQ,西部泰力,20090615,
430560.NQ,西部泰力,20090614,
430560.NQ,西部泰力,20090613,
430560.NQ,西部泰力,20090612,
430560.NQ,西部泰力,20090611,
430560.NQ,西部泰力,20090610,
430560.NQ,西部泰力,20090609,
430560.NQ,西部泰力,20090608,
430560.NQ,西部泰力,20090607,
430560.NQ,西部泰力,20090606,
430560.NQ,西部泰力,20090605,
430560.NQ,西部泰力,20090604,
430560.NQ,西部泰力,20090603,
430560.NQ,西部泰力,20090602,
430560.NQ,西部泰力,20090601,
430560.NQ,西部泰力,20090531,
430560.NQ,西部泰力,20090530,
430560.NQ,西部泰力,20090529,
430560.NQ,西部泰力,20090528,
430560.NQ,西部泰力,20090527,
430560.NQ,西部泰力,20090526,
430560.NQ,西部泰力,20090525,
430560.NQ,西部泰力,20090524,
430560.NQ,西部泰力,20090523,
430560.NQ,西部泰力,20090522,
430560.NQ,西部泰力,20090521,
430560.NQ,西部泰力,20090520,
430560.NQ,西部泰力,20090519,
430560.NQ,西部泰力,20090518,
430560.NQ,西部泰力,20090517,
430560.NQ,西部泰力,20090516,
430560.NQ,西部泰力,20090515,
430560.NQ,西部泰力,20090514,
430560.NQ,西部泰力,20090513,
430560.NQ,西部泰力,20090512,
430560.NQ,西部泰力,20090511,
430560.NQ,西部泰力,20090510,
430560.NQ,西部泰力,20090509,
430560.NQ,西部泰力,20090508,
430560.NQ,西部泰力,20090507,
430560.NQ,西部泰力,20090506,
430560.NQ,西部泰力,20090505,
430560.NQ,西部泰力,20090504,
430560.NQ,西部泰力,20090503,
430560.NQ,西部泰力,20090502,
430560.NQ,西部泰力,20090501,
430560.NQ,西部泰力,20090430,
430560.NQ,西部泰力,20090429,
430560.NQ,西部泰力,20090428,
430560.NQ,西部泰力,20090427,
430560.NQ,西部泰力,20090426,
430560.NQ,西部泰力,20090425,
430560.NQ,西部泰力,20090424,
430560.NQ,西部泰力,20090423,
430560.NQ,西部泰力,20090422,
430560.NQ,西部泰力,20090421,
430560.NQ,西部泰力,20090420,
430560.NQ,西部泰力,20090419,
430560.NQ,西部泰力,20090418,
430560.NQ,西部泰力,20090417,
430560.NQ,西部泰力,20090416,
430560.NQ,西部泰力,20090415,
430560.NQ,西部泰力,20090414,
430560.NQ,西部泰力,20090413,
430560.NQ,西部泰力,20090412,
430560.NQ,西部泰力,20090411,
430560.NQ,西部泰力,20090410,
430560.NQ,西部泰力,20090409,
430560.NQ,西部泰力,20090408,
430560.NQ,西部泰力,20090407,
430560.NQ,西部泰力,20090406,
430560.NQ,西部泰力,20090405,
430560.NQ,西部泰力,20090404,
430560.NQ,西部泰力,20090403,
430560.NQ,西部泰力,20090402,
430560.NQ,西部泰力,20090401,
430560.NQ,西部泰力,20090331,
430560.NQ,西部泰力,20090330,
430560.NQ,西部泰力,20090329,
430560.NQ,西部泰力,20090328,
430560.NQ,西部泰力,20090327,
430560.NQ,西部泰力,20090326,
430560.NQ,西部泰力,20090325,
430560.NQ,西部泰力,20090324,
430560.NQ,西部泰力,20090323,
430560.NQ,西部泰力,20090322,
430560.NQ,西部泰力,20090321,
430560.NQ,西部泰力,20090320,
430560.NQ,西部泰力,20090319,
430560.NQ,西部泰力,20090318,
430560.NQ,西部泰力,20090317,
430560.NQ,西部泰力,20090316,
430560.NQ,西部泰力,20090315,
430560.NQ,西部泰力,20090314,
430560.NQ,西部泰力,20090313,
430560.NQ,西部泰力,20090312,
430560.NQ,西部泰力,20090311,
430560.NQ,西部泰力,20090310,
430560.NQ,西部泰力,20090309,
430560.NQ,西部泰力,20090308,
430560.NQ,西部泰力,20090307,
430560.NQ,西部泰力,20090306,
430560.NQ,西部泰力,20090305,
430560.NQ,西部泰力,20090304,
430560.NQ,西部泰力,20090303,
430560.NQ,西部泰力,20090302,
430560.NQ,西部泰力,20090301,
430560.NQ,西部泰力,20090228,
430560.NQ,西部泰力,20090227,
430560.NQ,西部泰力,20090226,
430560.NQ,西部泰力,20090225,
430560.NQ,西部泰力,20090224,
430560.NQ,西部泰力,20090223,
430560.NQ,西部泰力,20090222,
430560.NQ,西部泰力,20090221,
430560.NQ,西部泰力,20090220,
430560.NQ,西部泰力,20090219,
430560.NQ,西部泰力,20090218,
430560.NQ,西部泰力,20090217,
430560.NQ,西部泰力,20090216,
430560.NQ,西部泰力,20090215,
430560.NQ,西部泰力,20090214,
430560.NQ,西部泰力,20090213,
430560.NQ,西部泰力,20090212,
430560.NQ,西部泰力,20090211,
430560.NQ,西部泰力,20090210,
430560.NQ,西部泰力,20090209,
430560.NQ,西部泰力,20090208,
430560.NQ,西部泰力,20090207,
430560.NQ,西部泰力,20090206,
430560.NQ,西部泰力,20090205,
430560.NQ,西部泰力,20090204,
430560.NQ,西部泰力,20090203,
430560.NQ,西部泰力,20090202,
430560.NQ,西部泰力,20090201,
430560.NQ,西部泰力,20090131,
430560.NQ,西部泰力,20090130,
430560.NQ,西部泰力,20090129,
430560.NQ,西部泰力,20090128,
430560.NQ,西部泰力,20090127,
430560.NQ,西部泰力,20090126,
430560.NQ,西部泰力,20090125,
430560.NQ,西部泰力,20090124,
430560.NQ,西部泰力,20090123,
430560.NQ,西部泰力,20090122,
430560.NQ,西部泰力,20090121,
430560.NQ,西部泰力,20090120,
430560.NQ,西部泰力,20090119,
430560.NQ,西部泰力,20090118,
430560.NQ,西部泰力,20090117,
430560.NQ,西部泰力,20090116,
430560.NQ,西部泰力,20090115,
430560.NQ,西部泰力,20090114,
430560.NQ,西部泰力,20090113,
430560.NQ,西部泰力,20090112,
430560.NQ,西部泰力,20090111,
430560.NQ,西部泰力,20090110,
430560.NQ,西部泰力,20090109,
430560.NQ,西部泰力,20090108,
430560.NQ,西部泰力,20090107,
430560.NQ,西部泰力,20090106,
430560.NQ,西部泰力,20090105,
430560.NQ,西部泰力,20090104,
430560.NQ,西部泰力,20090103,
430560.NQ,西部泰力,20090102,
430560.NQ,西部泰力,20090101,
430560.NQ,西部泰力,20081231,
430560.NQ,西部泰力,20081230,
430560.NQ,西部泰力,20081229,
430560.NQ,西部泰力,20081228,
430560.NQ,西部泰力,20081227,
430560.NQ,西部泰力,20081226,
430560.NQ,西部泰力,20081225,
430560.NQ,西部泰力,20081224,
430560.NQ,西部泰力,20081223,
430560.NQ,西部泰力,20081222,
430560.NQ,西部泰力,20081221,
430560.NQ,西部泰力,20081220,
430560.NQ,西部泰力,20081219,
430560.NQ,西部泰力,20081218,
430560.NQ,西部泰力,20081217,
430560.NQ,西部泰力,20081216,
430560.NQ,西部泰力,20081215,
430560.NQ,西部泰力,20081214,
430560.NQ,西部泰力,20081213,
430560.NQ,西部泰力,20081212,
430560.NQ,西部泰力,20081211,
430560.NQ,西部泰力,20081210,
430560.NQ,西部泰力,20081209,
430560.NQ,西部泰力,20081208,
430560.NQ,西部泰力,20081207,
430560.NQ,西部泰力,20081206,
430560.NQ,西部泰力,20081205,
430560.NQ,西部泰力,20081204,
430560.NQ,西部泰力,20081203,
430560.NQ,西部泰力,20081202,
430560.NQ,西部泰力,20081201,
430560.NQ,西部泰力,20081130,
430560.NQ,西部泰力,20081129,
430560.NQ,西部泰力,20081128,
430560.NQ,西部泰力,20081127,
430560.NQ,西部泰力,20081126,
430560.NQ,西部泰力,20081125,
430560.NQ,西部泰力,20081124,
430560.NQ,西部泰力,20081123,
430560.NQ,西部泰力,20081122,
430560.NQ,西部泰力,20081121,
430560.NQ,西部泰力,20081120,
430560.NQ,西部泰力,20081119,
430560.NQ,西部泰力,20081118,
430560.NQ,西部泰力,20081117,
430560.NQ,西部泰力,20081116,
430560.NQ,西部泰力,20081115,
430560.NQ,西部泰力,20081114,
430560.NQ,西部泰力,20081113,
430560.NQ,西部泰力,20081112,
430560.NQ,西部泰力,20081111,
430560.NQ,西部泰力,20081110,
430560.NQ,西部泰力,20081109,
430560.NQ,西部泰力,20081108,
430560.NQ,西部泰力,20081107,
430560.NQ,西部泰力,20081106,
430560.NQ,西部泰力,20081105,
430560.NQ,西部泰力,20081104,
430560.NQ,西部泰力,20081103,
430560.NQ,西部泰力,20081102,
430560.NQ,西部泰力,20081101,
430560.NQ,西部泰力,20081031,
430560.NQ,西部泰力,20081030,
430560.NQ,西部泰力,20081029,
430560.NQ,西部泰力,20081028,
430560.NQ,西部泰力,20081027,
430560.NQ,西部泰力,20081026,
430560.NQ,西部泰力,20081025,
430560.NQ,西部泰力,20081024,
430560.NQ,西部泰力,20081023,
430560.NQ,西部泰力,20081022,
430560.NQ,西部泰力,20081021,
430560.NQ,西部泰力,20081020,
430560.NQ,西部泰力,20081019,
430560.NQ,西部泰力,20081018,
430560.NQ,西部泰力,20081017,
430560.NQ,西部泰力,20081016,
430560.NQ,西部泰力,20081015,
430560.NQ,西部泰力,20081014,
430560.NQ,西部泰力,20081013,
430560.NQ,西部泰力,20081012,
430560.NQ,西部泰力,20081011,
430560.NQ,西部泰力,20081010,
430560.NQ,西部泰力,20081009,
430560.NQ,西部泰力,20081008,
430560.NQ,西部泰力,20081007,
430560.NQ,西部泰力,20081006,
430560.NQ,西部泰力,20081005,
430560.NQ,西部泰力,20081004,
430560.NQ,西部泰力,20081003,
430560.NQ,西部泰力,20081002,
430560.NQ,西部泰力,20081001,
430560.NQ,西部泰力,20080930,
430560.NQ,西部泰力,20080929,
430560.NQ,西部泰力,20080928,
430560.NQ,西部泰力,20080927,
430560.NQ,西部泰力,20080926,
430560.NQ,西部泰力,20080925,
430560.NQ,西部泰力,20080924,
430560.NQ,西部泰力,20080923,
430560.NQ,西部泰力,20080922,
430560.NQ,西部泰力,20080921,
430560.NQ,西部泰力,20080920,
430560.NQ,西部泰力,20080919,
430560.NQ,西部泰力,20080918,
430560.NQ,西部泰力,20080917,
430560.NQ,西部泰力,20080916,
430560.NQ,西部泰力,20080915,
430560.NQ,西部泰力,20080914,
430560.NQ,西部泰力,20080913,
430560.NQ,西部泰力,20080912,
430560.NQ,西部泰力,20080911,
430560.NQ,西部泰力,20080910,
430560.NQ,西部泰力,20080909,
430560.NQ,西部泰力,20080908,
430560.NQ,西部泰力,20080907,
430560.NQ,西部泰力,20080906,
430560.NQ,西部泰力,20080905,
430560.NQ,西部泰力,20080904,
430560.NQ,西部泰力,20080903,
430560.NQ,西部泰力,20080902,
430560.NQ,西部泰力,20080901,
430560.NQ,西部泰力,20080831,
430560.NQ,西部泰力,20080830,
430560.NQ,西部泰力,20080829,
430560.NQ,西部泰力,20080828,
430560.NQ,西部泰力,20080827,
430560.NQ,西部泰力,20080826,
430560.NQ,西部泰力,20080825,
430560.NQ,西部泰力,20080824,
430560.NQ,西部泰力,20080823,
430560.NQ,西部泰力,20080822,
430560.NQ,西部泰力,20080821,
430560.NQ,西部泰力,20080820,
430560.NQ,西部泰力,20080819,
430560.NQ,西部泰力,20080818,
430560.NQ,西部泰力,20080817,
430560.NQ,西部泰力,20080816,
430560.NQ,西部泰力,20080815,
430560.NQ,西部泰力,20080814,
430560.NQ,西部泰力,20080813,
430560.NQ,西部泰力,20080812,
430560.NQ,西部泰力,20080811,
430560.NQ,西部泰力,20080810,
430560.NQ,西部泰力,20080809,
430560.NQ,西部泰力,20080808,
430560.NQ,西部泰力,20080807,
430560.NQ,西部泰力,20080806,
430560.NQ,西部泰力,20080805,
430560.NQ,西部泰力,20080804,
430560.NQ,西部泰力,20080803,
430560.NQ,西部泰力,20080802,
430560.NQ,西部泰力,20080801,
430560.NQ,西部泰力,20080731,
430560.NQ,西部泰力,20080730,
430560.NQ,西部泰力,20080729,
430560.NQ,西部泰力,20080728,
430560.NQ,西部泰力,20080727,
430560.NQ,西部泰力,20080726,
430560.NQ,西部泰力,20080725,
430560.NQ,西部泰力,20080724,
430560.NQ,西部泰力,20080723,
430560.NQ,西部泰力,20080722,
430560.NQ,西部泰力,20080721,
430560.NQ,西部泰力,20080720,
430560.NQ,西部泰力,20080719,
430560.NQ,西部泰力,20080718,
430560.NQ,西部泰力,20080717,
430560.NQ,西部泰力,20080716,
430560.NQ,西部泰力,20080715,
430560.NQ,西部泰力,20080714,
430560.NQ,西部泰力,20080713,
430560.NQ,西部泰力,20080712,
430560.NQ,西部泰力,20080711,
430560.NQ,西部泰力,20080710,
430560.NQ,西部泰力,20080709,
430560.NQ,西部泰力,20080708,
430560.NQ,西部泰力,20080707,
430560.NQ,西部泰力,20080706,
430560.NQ,西部泰力,20080705,
430560.NQ,西部泰力,20080704,
430560.NQ,西部泰力,20080703,
430560.NQ,西部泰力,20080702,
430560.NQ,西部泰力,20080701,
430560.NQ,西部泰力,20080630,
430560.NQ,西部泰力,20080629,
430560.NQ,西部泰力,20080628,
430560.NQ,西部泰力,20080627,
430560.NQ,西部泰力,20080626,
430560.NQ,西部泰力,20080625,
430560.NQ,西部泰力,20080624,
430560.NQ,西部泰力,20080623,
430560.NQ,西部泰力,20080622,
430560.NQ,西部泰力,20080621,
430560.NQ,西部泰力,20080620,
430560.NQ,西部泰力,20080619,
430560.NQ,西部泰力,20080618,
430560.NQ,西部泰力,20080617,
430560.NQ,西部泰力,20080616,
430560.NQ,西部泰力,20080615,
430560.NQ,西部泰力,20080614,
430560.NQ,西部泰力,20080613,
430560.NQ,西部泰力,20080612,
430560.NQ,西部泰力,20080611,
430560.NQ,西部泰力,20080610,
430560.NQ,西部泰力,20080609,
430560.NQ,西部泰力,20080608,
430560.NQ,西部泰力,20080607,
430560.NQ,西部泰力,20080606,
430560.NQ,西部泰力,20080605,
430560.NQ,西部泰力,20080604,
430560.NQ,西部泰力,20080603,
430560.NQ,西部泰力,20080602,
430560.NQ,西部泰力,20080601,
430560.NQ,西部泰力,20080531,
430560.NQ,西部泰力,20080530,
430560.NQ,西部泰力,20080529,
430560.NQ,西部泰力,20080528,
430560.NQ,西部泰力,20080527,
430560.NQ,西部泰力,20080526,
430560.NQ,西部泰力,20080525,
430560.NQ,西部泰力,20080524,
430560.NQ,西部泰力,20080523,
430560.NQ,西部泰力,20080522,
430560.NQ,西部泰力,20080521,
430560.NQ,西部泰力,20080520,
430560.NQ,西部泰力,20080519,
430560.NQ,西部泰力,20080518,
430560.NQ,西部泰力,20080517,
430560.NQ,西部泰力,20080516,
430560.NQ,西部泰力,20080515,
430560.NQ,西部泰力,20080514,
430560.NQ,西部泰力,20080513,
430560.NQ,西部泰力,20080512,
430560.NQ,西部泰力,20080511,
430560.NQ,西部泰力,20080510,
430560.NQ,西部泰力,20080509,
430560.NQ,西部泰力,20080508,
430560.NQ,西部泰力,20080507,
430560.NQ,西部泰力,20080506,
430560.NQ,西部泰力,20080505,
430560.NQ,西部泰力,20080504,
430560.NQ,西部泰力,20080503,
430560.NQ,西部泰力,20080502,
430560.NQ,西部泰力,20080501,
430560.NQ,西部泰力,20080430,
430560.NQ,西部泰力,20080429,
430560.NQ,西部泰力,20080428,
430560.NQ,西部泰力,20080427,
430560.NQ,西部泰力,20080426,
430560.NQ,西部泰力,20080425,
430560.NQ,西部泰力,20080424,
430560.NQ,西部泰力,20080423,
430560.NQ,西部泰力,20080422,
430560.NQ,西部泰力,20080421,
430560.NQ,西部泰力,20080420,
430560.NQ,西部泰力,20080419,
430560.NQ,西部泰力,20080418,
430560.NQ,西部泰力,20080417,
430560.NQ,西部泰力,20080416,
430560.NQ,西部泰力,20080415,
430560.NQ,西部泰力,20080414,
430560.NQ,西部泰力,20080413,
430560.NQ,西部泰力,20080412,
430560.NQ,西部泰力,20080411,
430560.NQ,西部泰力,20080410,
430560.NQ,西部泰力,20080409,
430560.NQ,西部泰力,20080408,
430560.NQ,西部泰力,20080407,
430560.NQ,西部泰力,20080406,
430560.NQ,西部泰力,20080405,
430560.NQ,西部泰力,20080404,
430560.NQ,西部泰力,20080403,
430560.NQ,西部泰力,20080402,
430560.NQ,西部泰力,20080401,
430560.NQ,西部泰力,20080331,
430560.NQ,西部泰力,20080330,
430560.NQ,西部泰力,20080329,
430560.NQ,西部泰力,20080328,
430560.NQ,西部泰力,20080327,
430560.NQ,西部泰力,20080326,
430560.NQ,西部泰力,20080325,
430560.NQ,西部泰力,20080324,
430560.NQ,西部泰力,20080323,
430560.NQ,西部泰力,20080322,
430560.NQ,西部泰力,20080321,
430560.NQ,西部泰力,20080320,
430560.NQ,西部泰力,20080319,
430560.NQ,西部泰力,20080318,
430560.NQ,西部泰力,20080317,
430560.NQ,西部泰力,20080316,
430560.NQ,西部泰力,20080315,
430560.NQ,西部泰力,20080314,
430560.NQ,西部泰力,20080313,
430560.NQ,西部泰力,20080312,
430560.NQ,西部泰力,20080311,
430560.NQ,西部泰力,20080310,
430560.NQ,西部泰力,20080309,
430560.NQ,西部泰力,20080308,
430560.NQ,西部泰力,20080307,
430560.NQ,西部泰力,20080306,
430560.NQ,西部泰力,20080305,
430560.NQ,西部泰力,20080304,
430560.NQ,西部泰力,20080303,
430560.NQ,西部泰力,20080302,
430560.NQ,西部泰力,20080301,
430560.NQ,西部泰力,20080229,
430560.NQ,西部泰力,20080228,
430560.NQ,西部泰力,20080227,
430560.NQ,西部泰力,20080226,
430560.NQ,西部泰力,20080225,
430560.NQ,西部泰力,20080224,
430560.NQ,西部泰力,20080223,
430560.NQ,西部泰力,20080222,
430560.NQ,西部泰力,20080221,
430560.NQ,西部泰力,20080220,
430560.NQ,西部泰力,20080219,
430560.NQ,西部泰力,20080218,
430560.NQ,西部泰力,20080217,
430560.NQ,西部泰力,20080216,
430560.NQ,西部泰力,20080215,
430560.NQ,西部泰力,20080214,
430560.NQ,西部泰力,20080213,
430560.NQ,西部泰力,20080212,
430560.NQ,西部泰力,20080211,
430560.NQ,西部泰力,20080210,
430560.NQ,西部泰力,20080209,
430560.NQ,西部泰力,20080208,
430560.NQ,西部泰力,20080207,
430560.NQ,西部泰力,20080206,
430560.NQ,西部泰力,20080205,
430560.NQ,西部泰力,20080204,
430560.NQ,西部泰力,20080203,
430560.NQ,西部泰力,20080202,
430560.NQ,西部泰力,20080201,
430560.NQ,西部泰力,20080131,
430560.NQ,西部泰力,20080130,
430560.NQ,西部泰力,20080129,
430560.NQ,西部泰力,20080128,
430560.NQ,西部泰力,20080127,
430560.NQ,西部泰力,20080126,
430560.NQ,西部泰力,20080125,
430560.NQ,西部泰力,20080124,
430560.NQ,西部泰力,20080123,
430560.NQ,西部泰力,20080122,
430560.NQ,西部泰力,20080121,
430560.NQ,西部泰力,20080120,
430560.NQ,西部泰力,20080119,
430560.NQ,西部泰力,20080118,
430560.NQ,西部泰力,20080117,
430560.NQ,西部泰力,20080116,
430560.NQ,西部泰力,20080115,
430560.NQ,西部泰力,20080114,
430560.NQ,西部泰力,20080113,
430560.NQ,西部泰力,20080112,
430560.NQ,西部泰力,20080111,
430560.NQ,西部泰力,20080110,
430560.NQ,西部泰力,20080109,
430560.NQ,西部泰力,20080108,
430560.NQ,西部泰力,20080107,
430560.NQ,西部泰力,20080106,
430560.NQ,西部泰力,20080105,
430560.NQ,西部泰力,20080104,
430560.NQ,西部泰力,20080103,
430560.NQ,西部泰力,20080102,
430560.NQ,西部泰力,20080101,
430560.NQ,西部泰力,20071231,
430560.NQ,西部泰力,20071230,
430560.NQ,西部泰力,20071229,
430560.NQ,西部泰力,20071228,
430560.NQ,西部泰力,20071227,
430560.NQ,西部泰力,20071226,
430560.NQ,西部泰力,20071225,
430560.NQ,西部泰力,20071224,
430560.NQ,西部泰力,20071223,
430560.NQ,西部泰力,20071222,
430560.NQ,西部泰力,20071221,
430560.NQ,西部泰力,20071220,
430560.NQ,西部泰力,20071219,
430560.NQ,西部泰力,20071218,
430560.NQ,西部泰力,20071217,
430560.NQ,西部泰力,20071216,
430560.NQ,西部泰力,20071215,
430560.NQ,西部泰力,20071214,
430560.NQ,西部泰力,20071213,
430560.NQ,西部泰力,20071212,
430560.NQ,西部泰力,20071211,
430560.NQ,西部泰力,20071210,
430560.NQ,西部泰力,20071209,
430560.NQ,西部泰力,20071208,
430560.NQ,西部泰力,20071207,
430560.NQ,西部泰力,20071206,
430560.NQ,西部泰力,20071205,
430560.NQ,西部泰力,20071204,
430560.NQ,西部泰力,20071203,
430560.NQ,西部泰力,20071202,
430560.NQ,西部泰力,20071201,
430560.NQ,西部泰力,20071130,
430560.NQ,西部泰力,20071129,
430560.NQ,西部泰力,20071128,
430560.NQ,西部泰力,20071127,
430560.NQ,西部泰力,20071126,
430560.NQ,西部泰力,20071125,
430560.NQ,西部泰力,20071124,
430560.NQ,西部泰力,20071123,
430560.NQ,西部泰力,20071122,
430560.NQ,西部泰力,20071121,
430560.NQ,西部泰力,20071120,
430560.NQ,西部泰力,20071119,
430560.NQ,西部泰力,20071118,
430560.NQ,西部泰力,20071117,
430560.NQ,西部泰力,20071116,
430560.NQ,西部泰力,20071115,
430560.NQ,西部泰力,20071114,
430560.NQ,西部泰力,20071113,
430560.NQ,西部泰力,20071112,
430560.NQ,西部泰力,20071111,
430560.NQ,西部泰力,20071110,
430560.NQ,西部泰力,20071109,
430560.NQ,西部泰力,20071108,
430560.NQ,西部泰力,20071107,
430560.NQ,西部泰力,20071106,
430560.NQ,西部泰力,20071105,
430560.NQ,西部泰力,20071104,
430560.NQ,西部泰力,20071103,
430560.NQ,西部泰力,20071102,
430560.NQ,西部泰力,20071101,
430560.NQ,西部泰力,20071031,
430560.NQ,西部泰力,20071030,
430560.NQ,西部泰力,20071029,
430560.NQ,西部泰力,20071028,
430560.NQ,西部泰力,20071027,
430560.NQ,西部泰力,20071026,
430560.NQ,西部泰力,20071025,
430560.NQ,西部泰力,20071024,
430560.NQ,西部泰力,20071023,
430560.NQ,西部泰力,20071022,
430560.NQ,西部泰力,20071021,
430560.NQ,西部泰力,20071020,
430560.NQ,西部泰力,20071019,
430560.NQ,西部泰力,20071018,
430560.NQ,西部泰力,20071017,
430560.NQ,西部泰力,20071016,
430560.NQ,西部泰力,20071015,
430560.NQ,西部泰力,20071014,
430560.NQ,西部泰力,20071013,
430560.NQ,西部泰力,20071012,
430560.NQ,西部泰力,20071011,
430560.NQ,西部泰力,20071010,
430560.NQ,西部泰力,20071009,
430560.NQ,西部泰力,20071008,
430560.NQ,西部泰力,20071007,
430560.NQ,西部泰力,20071006,
430560.NQ,西部泰力,20071005,
430560.NQ,西部泰力,20071004,
430560.NQ,西部泰力,20071003,
430560.NQ,西部泰力,20071002,
430560.NQ,西部泰力,20071001,
430560.NQ,西部泰力,20070930,
430560.NQ,西部泰力,20070929,
430560.NQ,西部泰力,20070928,
430560.NQ,西部泰力,20070927,
430560.NQ,西部泰力,20070926,
430560.NQ,西部泰力,20070925,
430560.NQ,西部泰力,20070924,
430560.NQ,西部泰力,20070923,
430560.NQ,西部泰力,20070922,
430560.NQ,西部泰力,20070921,
430560.NQ,西部泰力,20070920,
430560.NQ,西部泰力,20070919,
430560.NQ,西部泰力,20070918,
430560.NQ,西部泰力,20070917,
430560.NQ,西部泰力,20070916,
430560.NQ,西部泰力,20070915,
430560.NQ,西部泰力,20070914,
430560.NQ,西部泰力,20070913,
430560.NQ,西部泰力,20070912,
430560.NQ,西部泰力,20070911,
430560.NQ,西部泰力,20070910,
430560.NQ,西部泰力,20070909,
430560.NQ,西部泰力,20070908,
430560.NQ,西部泰力,20070907,
430560.NQ,西部泰力,20070906,
430560.NQ,西部泰力,20070905,
430560.NQ,西部泰力,20070904,
430560.NQ,西部泰力,20070903,
430560.NQ,西部泰力,20070902,
430560.NQ,西部泰力,20070901,
430560.NQ,西部泰力,20070831,
430560.NQ,西部泰力,20070830,
430560.NQ,西部泰力,20070829,
430560.NQ,西部泰力,20070828,
430560.NQ,西部泰力,20070827,
430560.NQ,西部泰力,20070826,
430560.NQ,西部泰力,20070825,
430560.NQ,西部泰力,20070824,
430560.NQ,西部泰力,20070823,
430560.NQ,西部泰力,20070822,
430560.NQ,西部泰力,20070821,
430560.NQ,西部泰力,20070820,
430560.NQ,西部泰力,20070819,
430560.NQ,西部泰力,20070818,
430560.NQ,西部泰力,20070817,
430560.NQ,西部泰力,20070816,
430560.NQ,西部泰力,20070815,
430560.NQ,西部泰力,20070814,
430560.NQ,西部泰力,20070813,
430560.NQ,西部泰力,20070812,
430560.NQ,西部泰力,20070811,
430560.NQ,西部泰力,20070810,
430560.NQ,西部泰力,20070809,
430560.NQ,西部泰力,20070808,
430560.NQ,西部泰力,20070807,
430560.NQ,西部泰力,20070806,
430560.NQ,西部泰力,20070805,
430560.NQ,西部泰力,20070804,
430560.NQ,西部泰力,20070803,
430560.NQ,西部泰力,20070802,
430560.NQ,西部泰力,20070801,
430560.NQ,西部泰力,20070731,
430560.NQ,西部泰力,20070730,
430560.NQ,西部泰力,20070729,
430560.NQ,西部泰力,20070728,
430560.NQ,西部泰力,20070727,
430560.NQ,西部泰力,20070726,
430560.NQ,西部泰力,20070725,
430560.NQ,西部泰力,20070724,
430560.NQ,西部泰力,20070723,
430560.NQ,西部泰力,20070722,
430560.NQ,西部泰力,20070721,
430560.NQ,西部泰力,20070720,
430560.NQ,西部泰力,20070719,
430560.NQ,西部泰力,20070718,
430560.NQ,西部泰力,20070717,
430560.NQ,西部泰力,20070716,
430560.NQ,西部泰力,20070715,
430560.NQ,西部泰力,20070714,
430560.NQ,西部泰力,20070713,
430560.NQ,西部泰力,20070712,
430560.NQ,西部泰力,20070711,
430560.NQ,西部泰力,20070710,
430560.NQ,西部泰力,20070709,
430560.NQ,西部泰力,20070708,
430560.NQ,西部泰力,20070707,
430560.NQ,西部泰力,20070706,
430560.NQ,西部泰力,20070705,
430560.NQ,西部泰力,20070704,
430560.NQ,西部泰力,20070703,
430560.NQ,西部泰力,20070702,
430560.NQ,西部泰力,20070701,
430560.NQ,西部泰力,20070630,
430560.NQ,西部泰力,20070629,
430560.NQ,西部泰力,20070628,
430560.NQ,西部泰力,20070627,
430560.NQ,西部泰力,20070626,
430560.NQ,西部泰力,20070625,
430560.NQ,西部泰力,20070624,
430560.NQ,西部泰力,20070623,
430560.NQ,西部泰力,20070622,
430560.NQ,西部泰力,20070621,
430560.NQ,西部泰力,20070620,
430560.NQ,西部泰力,20070619,
430560.NQ,西部泰力,20070618,
430560.NQ,西部泰力,20070617,
430560.NQ,西部泰力,20070616,
430560.NQ,西部泰力,20070615,
430560.NQ,西部泰力,20070614,
430560.NQ,西部泰力,20070613,
430560.NQ,西部泰力,20070612,
430560.NQ,西部泰力,20070611,
430560.NQ,西部泰力,20070610,
430560.NQ,西部泰力,20070609,
430560.NQ,西部泰力,20070608,
430560.NQ,西部泰力,20070607,
430560.NQ,西部泰力,20070606,
430560.NQ,西部泰力,20070605,
430560.NQ,西部泰力,20070604,
430560.NQ,西部泰力,20070603,
430560.NQ,西部泰力,20070602,
430560.NQ,西部泰力,20070601,
430560.NQ,西部泰力,20070531,
430560.NQ,西部泰力,20070530,
430560.NQ,西部泰力,20070529,
430560.NQ,西部泰力,20070528,
430560.NQ,西部泰力,20070527,
430560.NQ,西部泰力,20070526,
430560.NQ,西部泰力,20070525,
430560.NQ,西部泰力,20070524,
430560.NQ,西部泰力,20070523,
430560.NQ,西部泰力,20070522,
430560.NQ,西部泰力,20070521,
430560.NQ,西部泰力,20070520,
430560.NQ,西部泰力,20070519,
430560.NQ,西部泰力,20070518,
430560.NQ,西部泰力,20070517,
430560.NQ,西部泰力,20070516,
430560.NQ,西部泰力,20070515,
430560.NQ,西部泰力,20070514,
430560.NQ,西部泰力,20070513,
430560.NQ,西部泰力,20070512,
430560.NQ,西部泰力,20070511,
430560.NQ,西部泰力,20070510,
430560.NQ,西部泰力,20070509,
430560.NQ,西部泰力,20070508,
430560.NQ,西部泰力,20070507,
430560.NQ,西部泰力,20070506,
430560.NQ,西部泰力,20070505,
430560.NQ,西部泰力,20070504,
430560.NQ,西部泰力,20070503,
430560.NQ,西部泰力,20070502,
430560.NQ,西部泰力,20070501,
430560.NQ,西部泰力,20070430,
430560.NQ,西部泰力,20070429,
430560.NQ,西部泰力,20070428,
430560.NQ,西部泰力,20070427,
430560.NQ,西部泰力,20070426,
430560.NQ,西部泰力,20070425,
430560.NQ,西部泰力,20070424,
430560.NQ,西部泰力,20070423,
430560.NQ,西部泰力,20070422,
430560.NQ,西部泰力,20070421,
430560.NQ,西部泰力,20070420,
430560.NQ,西部泰力,20070419,
430560.NQ,西部泰力,20070418,
430560.NQ,西部泰力,20070417,
430560.NQ,西部泰力,20070416,
430560.NQ,西部泰力,20070415,
430560.NQ,西部泰力,20070414,
430560.NQ,西部泰力,20070413,
430560.NQ,西部泰力,20070412,
430560.NQ,西部泰力,20070411,
430560.NQ,西部泰力,20070410,
430560.NQ,西部泰力,20070409,
430560.NQ,西部泰力,20070408,
430560.NQ,西部泰力,20070407,
430560.NQ,西部泰力,20070406,
430560.NQ,西部泰力,20070405,
430560.NQ,西部泰力,20070404,
430560.NQ,西部泰力,20070403,
430560.NQ,西部泰力,20070402,
430560.NQ,西部泰力,20070401,
430560.NQ,西部泰力,20070331,
430560.NQ,西部泰力,20070330,
430560.NQ,西部泰力,20070329,
430560.NQ,西部泰力,20070328,
430560.NQ,西部泰力,20070327,
430560.NQ,西部泰力,20070326,
430560.NQ,西部泰力,20070325,
430560.NQ,西部泰力,20070324,
430560.NQ,西部泰力,20070323,
430560.NQ,西部泰力,20070322,
430560.NQ,西部泰力,20070321,
430560.NQ,西部泰力,20070320,
430560.NQ,西部泰力,20070319,
430560.NQ,西部泰力,20070318,
430560.NQ,西部泰力,20070317,
430560.NQ,西部泰力,20070316,
430560.NQ,西部泰力,20070315,
430560.NQ,西部泰力,20070314,
430560.NQ,西部泰力,20070313,
430560.NQ,西部泰力,20070312,
430560.NQ,西部泰力,20070311,
430560.NQ,西部泰力,20070310,
430560.NQ,西部泰力,20070309,
430560.NQ,西部泰力,20070308,
430560.NQ,西部泰力,20070307,
430560.NQ,西部泰力,20070306,
430560.NQ,西部泰力,20070305,
430560.NQ,西部泰力,20070304,
430560.NQ,西部泰力,20070303,
430560.NQ,西部泰力,20070302,
430560.NQ,西部泰力,20070301,
430560.NQ,西部泰力,20070228,
430560.NQ,西部泰力,20070227,
430560.NQ,西部泰力,20070226,
430560.NQ,西部泰力,20070225,
430560.NQ,西部泰力,20070224,
430560.NQ,西部泰力,20070223,
430560.NQ,西部泰力,20070222,
430560.NQ,西部泰力,20070221,
430560.NQ,西部泰力,20070220,
430560.NQ,西部泰力,20070219,
430560.NQ,西部泰力,20070218,
430560.NQ,西部泰力,20070217,
430560.NQ,西部泰力,20070216,
430560.NQ,西部泰力,20070215,
430560.NQ,西部泰力,20070214,
430560.NQ,西部泰力,20070213,
430560.NQ,西部泰力,20070212,
430560.NQ,西部泰力,20070211,
430560.NQ,西部泰力,20070210,
430560.NQ,西部泰力,20070209,
430560.NQ,西部泰力,20070208,
430560.NQ,西部泰力,20070207,
430560.NQ,西部泰力,20070206,
430560.NQ,西部泰力,20070205,
430560.NQ,西部泰力,20070204,
430560.NQ,西部泰力,20070203,
430560.NQ,西部泰力,20070202,
430560.NQ,西部泰力,20070201,
430560.NQ,西部泰力,20070131,
430560.NQ,西部泰力,20070130,
430560.NQ,西部泰力,20070129,
430560.NQ,西部泰力,20070128,
430560.NQ,西部泰力,20070127,
430560.NQ,西部泰力,20070126,
430560.NQ,西部泰力,20070125,
430560.NQ,西部泰力,20070124,
430560.NQ,西部泰力,20070123,
430560.NQ,西部泰力,20070122,
430560.NQ,西部泰力,20070121,
430560.NQ,西部泰力,20070120,
430560.NQ,西部泰力,20070119,
430560.NQ,西部泰力,20070118,
430560.NQ,西部泰力,20070117,
430560.NQ,西部泰力,20070116,
430560.NQ,西部泰力,20070115,
430560.NQ,西部泰力,20070114,
430560.NQ,西部泰力,20070113,
430560.NQ,西部泰力,20070112,
430560.NQ,西部泰力,20070111,
430560.NQ,西部泰力,20070110,
430560.NQ,西部泰力,20070109,
430560.NQ,西部泰力,20070108,
430560.NQ,西部泰力,20070107,
430560.NQ,西部泰力,20070106,
430560.NQ,西部泰力,20070105,
430560.NQ,西部泰力,20070104,
430560.NQ,西部泰力,20070103,
430560.NQ,西部泰力,20070102,
430560.NQ,西部泰力,20070101,
430560.NQ,西部泰力,20061231,
430560.NQ,西部泰力,20061230,
430560.NQ,西部泰力,20061229,
430560.NQ,西部泰力,20061228,
430560.NQ,西部泰力,20061227,
430560.NQ,西部泰力,20061226,
430560.NQ,西部泰力,20061225,
430560.NQ,西部泰力,20061224,
430560.NQ,西部泰力,20061223,
430560.NQ,西部泰力,20061222,
430560.NQ,西部泰力,20061221,
430560.NQ,西部泰力,20061220,
430560.NQ,西部泰力,20061219,
430560.NQ,西部泰力,20061218,
430560.NQ,西部泰力,20061217,
430560.NQ,西部泰力,20061216,
430560.NQ,西部泰力,20061215,
430560.NQ,西部泰力,20061214,
430560.NQ,西部泰力,20061213,
430560.NQ,西部泰力,20061212,
430560.NQ,西部泰力,20061211,
430560.NQ,西部泰力,20061210,
430560.NQ,西部泰力,20061209,
430560.NQ,西部泰力,20061208,
430560.NQ,西部泰力,20061207,
430560.NQ,西部泰力,20061206,
430560.NQ,西部泰力,20061205,
430560.NQ,西部泰力,20061204,
430560.NQ,西部泰力,20061203,
430560.NQ,西部泰力,20061202,
430560.NQ,西部泰力,20061201,
430560.NQ,西部泰力,20061130,
430560.NQ,西部泰力,20061129,
430560.NQ,西部泰力,20061128,
430560.NQ,西部泰力,20061127,
430560.NQ,西部泰力,20061126,
430560.NQ,西部泰力,20061125,
430560.NQ,西部泰力,20061124,
430560.NQ,西部泰力,20061123,
430560.NQ,西部泰力,20061122,
430560.NQ,西部泰力,20061121,
430560.NQ,西部泰力,20061120,
430560.NQ,西部泰力,20061119,
430560.NQ,西部泰力,20061118,
430560.NQ,西部泰力,20061117,
430560.NQ,西部泰力,20061116,
430560.NQ,西部泰力,20061115,
430560.NQ,西部泰力,20061114,
430560.NQ,西部泰力,20061113,
430560.NQ,西部泰力,20061112,
430560.NQ,西部泰力,20061111,
430560.NQ,西部泰力,20061110,
430560.NQ,西部泰力,20061109,
430560.NQ,西部泰力,20061108,
430560.NQ,西部泰力,20061107,
430560.NQ,西部泰力,20061106,
430560.NQ,西部泰力,20061105,
430560.NQ,西部泰力,20061104,
430560.NQ,西部泰力,20061103,
430560.NQ,西部泰力,20061102,
430560.NQ,西部泰力,20061101,
430560.NQ,西部泰力,20061031,
430560.NQ,西部泰力,20061030,
430560.NQ,西部泰力,20061029,
430560.NQ,西部泰力,20061028,
430560.NQ,西部泰力,20061027,
430560.NQ,西部泰力,20061026,
430560.NQ,西部泰力,20061025,
430560.NQ,西部泰力,20061024,
430560.NQ,西部泰力,20061023,
430560.NQ,西部泰力,20061022,
430560.NQ,西部泰力,20061021,
430560.NQ,西部泰力,20061020,
430560.NQ,西部泰力,20061019,
430560.NQ,西部泰力,20061018,
430560.NQ,西部泰力,20061017,
430560.NQ,西部泰力,20061016,
430560.NQ,西部泰力,20061015,
430560.NQ,西部泰力,20061014,
430560.NQ,西部泰力,20061013,
430560.NQ,西部泰力,20061012,
430560.NQ,西部泰力,20061011,
430560.NQ,西部泰力,20061010,
430560.NQ,西部泰力,20061009,
430560.NQ,西部泰力,20061008,
430560.NQ,西部泰力,20061007,
430560.NQ,西部泰力,20061006,
430560.NQ,西部泰力,20061005,
430560.NQ,西部泰力,20061004,
430560.NQ,西部泰力,20061003,
430560.NQ,西部泰力,20061002,
430560.NQ,西部泰力,20061001,
430560.NQ,西部泰力,20060930,
430560.NQ,西部泰力,20060929,
430560.NQ,西部泰力,20060928,
430560.NQ,西部泰力,20060927,
430560.NQ,西部泰力,20060926,
430560.NQ,西部泰力,20060925,
430560.NQ,西部泰力,20060924,
430560.NQ,西部泰力,20060923,
430560.NQ,西部泰力,20060922,
430560.NQ,西部泰力,20060921,
430560.NQ,西部泰力,20060920,
430560.NQ,西部泰力,20060919,
430560.NQ,西部泰力,20060918,
430560.NQ,西部泰力,20060917,
430560.NQ,西部泰力,20060916,
430560.NQ,西部泰力,20060915,
430560.NQ,西部泰力,20060914,
430560.NQ,西部泰力,20060913,
430560.NQ,西部泰力,20060912,
430560.NQ,西部泰力,20060911,
430560.NQ,西部泰力,20060910,
430560.NQ,西部泰力,20060909,
430560.NQ,西部泰力,20060908,
430560.NQ,西部泰力,20060907,
430560.NQ,西部泰力,20060906,
430560.NQ,西部泰力,20060905,
430560.NQ,西部泰力,20060904,
430560.NQ,西部泰力,20060903,
430560.NQ,西部泰力,20060902,
430560.NQ,西部泰力,20060901,
430560.NQ,西部泰力,20060831,
430560.NQ,西部泰力,20060830,
430560.NQ,西部泰力,20060829,
430560.NQ,西部泰力,20060828,
430560.NQ,西部泰力,20060827,
430560.NQ,西部泰力,20060826,
430560.NQ,西部泰力,20060825,
430560.NQ,西部泰力,20060824,
430560.NQ,西部泰力,20060823,
430560.NQ,西部泰力,20060822,
430560.NQ,西部泰力,20060821,
430560.NQ,西部泰力,20060820,
430560.NQ,西部泰力,20060819,
430560.NQ,西部泰力,20060818,
430560.NQ,西部泰力,20060817,
430560.NQ,西部泰力,20060816,
430560.NQ,西部泰力,20060815,
430560.NQ,西部泰力,20060814,
430560.NQ,西部泰力,20060813,
430560.NQ,西部泰力,20060812,
430560.NQ,西部泰力,20060811,
430560.NQ,西部泰力,20060810,
430560.NQ,西部泰力,20060809,
430560.NQ,西部泰力,20060808,
430560.NQ,西部泰力,20060807,
430560.NQ,西部泰力,20060806,
430560.NQ,西部泰力,20060805,
430560.NQ,西部泰力,20060804,
430560.NQ,西部泰力,20060803,
430560.NQ,西部泰力,20060802,
430560.NQ,西部泰力,20060801,
430560.NQ,西部泰力,20060731,
430560.NQ,西部泰力,20060730,
430560.NQ,西部泰力,20060729,
430560.NQ,西部泰力,20060728,
430560.NQ,西部泰力,20060727,
430560.NQ,西部泰力,20060726,
430560.NQ,西部泰力,20060725,
430560.NQ,西部泰力,20060724,
430560.NQ,西部泰力,20060723,
430560.NQ,西部泰力,20060722,
430560.NQ,西部泰力,20060721,
430560.NQ,西部泰力,20060720,
430560.NQ,西部泰力,20060719,
430560.NQ,西部泰力,20060718,
430560.NQ,西部泰力,20060717,
430560.NQ,西部泰力,20060716,
430560.NQ,西部泰力,20060715,
430560.NQ,西部泰力,20060714,
430560.NQ,西部泰力,20060713,
430560.NQ,西部泰力,20060712,
430560.NQ,西部泰力,20060711,
430560.NQ,西部泰力,20060710,
430560.NQ,西部泰力,20060709,
430560.NQ,西部泰力,20060708,
430560.NQ,西部泰力,20060707,
430560.NQ,西部泰力,20060706,
430560.NQ,西部泰力,20060705,
430560.NQ,西部泰力,20060704,
430560.NQ,西部泰力,20060703,
430560.NQ,西部泰力,20060702,
430560.NQ,西部泰力,20060701,
430560.NQ,西部泰力,20060630,
430560.NQ,西部泰力,20060629,
430560.NQ,西部泰力,20060628,
430560.NQ,西部泰力,20060627,
430560.NQ,西部泰力,20060626,
430560.NQ,西部泰力,20060625,
430560.NQ,西部泰力,20060624,
430560.NQ,西部泰力,20060623,
430560.NQ,西部泰力,20060622,
430560.NQ,西部泰力,20060621,
430560.NQ,西部泰力,20060620,
430560.NQ,西部泰力,20060619,
430560.NQ,西部泰力,20060618,
430560.NQ,西部泰力,20060617,
430560.NQ,西部泰力,20060616,
430560.NQ,西部泰力,20060615,
430560.NQ,西部泰力,20060614,
430560.NQ,西部泰力,20060613,
430560.NQ,西部泰力,20060612,
430560.NQ,西部泰力,20060611,
430560.NQ,西部泰力,20060610,
430560.NQ,西部泰力,20060609,
430560.NQ,西部泰力,20060608,
430560.NQ,西部泰力,20060607,
430560.NQ,西部泰力,20060606,
430560.NQ,西部泰力,20060605,
430560.NQ,西部泰力,20060604,
430560.NQ,西部泰力,20060603,
430560.NQ,西部泰力,20060602,
430560.NQ,西部泰力,20060601,
430560.NQ,西部泰力,20060531,
430560.NQ,西部泰力,20060530,
430560.NQ,西部泰力,20060529,
430560.NQ,西部泰力,20060528,
430560.NQ,西部泰力,20060527,
430560.NQ,西部泰力,20060526,
430560.NQ,西部泰力,20060525,
430560.NQ,西部泰力,20060524,
430560.NQ,西部泰力,20060523,
430560.NQ,西部泰力,20060522,
430560.NQ,西部泰力,20060521,
430560.NQ,西部泰力,20060520,
430560.NQ,西部泰力,20060519,
430560.NQ,西部泰力,20060518,
430560.NQ,西部泰力,20060517,
430560.NQ,西部泰力,20060516,
430560.NQ,西部泰力,20060515,
430560.NQ,西部泰力,20060514,
430560.NQ,西部泰力,20060513,
430560.NQ,西部泰力,20060512,
430560.NQ,西部泰力,20060511,
430560.NQ,西部泰力,20060510,
430560.NQ,西部泰力,20060509,
430560.NQ,西部泰力,20060508,
430560.NQ,西部泰力,20060507,
430560.NQ,西部泰力,20060506,
430560.NQ,西部泰力,20060505,
430560.NQ,西部泰力,20060504,
430560.NQ,西部泰力,20060503,
430560.NQ,西部泰力,20060502,
430560.NQ,西部泰力,20060501,
430560.NQ,西部泰力,20060430,
430560.NQ,西部泰力,20060429,
430560.NQ,西部泰力,20060428,
430560.NQ,西部泰力,20060427,
430560.NQ,西部泰力,20060426,
430560.NQ,西部泰力,20060425,
430560.NQ,西部泰力,20060424,
430560.NQ,西部泰力,20060423,
430560.NQ,西部泰力,20060422,
430560.NQ,西部泰力,20060421,
430560.NQ,西部泰力,20060420,
430560.NQ,西部泰力,20060419,
430560.NQ,西部泰力,20060418,
430560.NQ,西部泰力,20060417,
430560.NQ,西部泰力,20060416,
430560.NQ,西部泰力,20060415,
430560.NQ,西部泰力,20060414,
430560.NQ,西部泰力,20060413,
430560.NQ,西部泰力,20060412,
430560.NQ,西部泰力,20060411,
430560.NQ,西部泰力,20060410,
430560.NQ,西部泰力,20060409,
430560.NQ,西部泰力,20060408,
430560.NQ,西部泰力,20060407,
430560.NQ,西部泰力,20060406,
430560.NQ,西部泰力,20060405,
430560.NQ,西部泰力,20060404,
430560.NQ,西部泰力,20060403,
430560.NQ,西部泰力,20060402,
430560.NQ,西部泰力,20060401,
430560.NQ,西部泰力,20060331,
430560.NQ,西部泰力,20060330,
430560.NQ,西部泰力,20060329,
430560.NQ,西部泰力,20060328,
430560.NQ,西部泰力,20060327,
430560.NQ,西部泰力,20060326,
430560.NQ,西部泰力,20060325,
430560.NQ,西部泰力,20060324,
430560.NQ,西部泰力,20060323,
430560.NQ,西部泰力,20060322,
430560.NQ,西部泰力,20060321,
430560.NQ,西部泰力,20060320,
430560.NQ,西部泰力,20060319,
430560.NQ,西部泰力,20060318,
430560.NQ,西部泰力,20060317,
430560.NQ,西部泰力,20060316,
430560.NQ,西部泰力,20060315,
430560.NQ,西部泰力,20060314,
430560.NQ,西部泰力,20060313,
430560.NQ,西部泰力,20060312,
430560.NQ,西部泰力,20060311,
430560.NQ,西部泰力,20060310,
430560.NQ,西部泰力,20060309,
430560.NQ,西部泰力,20060308,
430560.NQ,西部泰力,20060307,
430560.NQ,西部泰力,20060306,
430560.NQ,西部泰力,20060305,
430560.NQ,西部泰力,20060304,
430560.NQ,西部泰力,20060303,
430560.NQ,西部泰力,20060302,
430560.NQ,西部泰力,20060301,
430560.NQ,西部泰力,20060228,
430560.NQ,西部泰力,20060227,
430560.NQ,西部泰力,20060226,
430560.NQ,西部泰力,20060225,
430560.NQ,西部泰力,20060224,
430560.NQ,西部泰力,20060223,
430560.NQ,西部泰力,20060222,
430560.NQ,西部泰力,20060221,
430560.NQ,西部泰力,20060220,
430560.NQ,西部泰力,20060219,
430560.NQ,西部泰力,20060218,
430560.NQ,西部泰力,20060217,
430560.NQ,西部泰力,20060216,
430560.NQ,西部泰力,20060215,
430560.NQ,西部泰力,20060214,
430560.NQ,西部泰力,20060213,
430560.NQ,西部泰力,20060212,
430560.NQ,西部泰力,20060211,
430560.NQ,西部泰力,20060210,
430560.NQ,西部泰力,20060209,
430560.NQ,西部泰力,20060208,
430560.NQ,西部泰力,20060207,
430560.NQ,西部泰力,20060206,
430560.NQ,西部泰力,20060205,
430560.NQ,西部泰力,20060204,
430560.NQ,西部泰力,20060203,
430560.NQ,西部泰力,20060202,
430560.NQ,西部泰力,20060201,
430560.NQ,西部泰力,20060131,
430560.NQ,西部泰力,20060130,
430560.NQ,西部泰力,20060129,
430560.NQ,西部泰力,20060128,
430560.NQ,西部泰力,20060127,
430560.NQ,西部泰力,20060126,
430560.NQ,西部泰力,20060125,
430560.NQ,西部泰力,20060124,
430560.NQ,西部泰力,20060123,
430560.NQ,西部泰力,20060122,
430560.NQ,西部泰力,20060121,
430560.NQ,西部泰力,20060120,
430560.NQ,西部泰力,20060119,
430560.NQ,西部泰力,20060118,
430560.NQ,西部泰力,20060117,
430560.NQ,西部泰力,20060116,
430560.NQ,西部泰力,20060115,
430560.NQ,西部泰力,20060114,
430560.NQ,西部泰力,20060113,
430560.NQ,西部泰力,20060112,
430560.NQ,西部泰力,20060111,
430560.NQ,西部泰力,20060110,
430560.NQ,西部泰力,20060109,
430560.NQ,西部泰力,20060108,
430560.NQ,西部泰力,20060107,
430560.NQ,西部泰力,20060106,
430560.NQ,西部泰力,20060105,
430560.NQ,西部泰力,20060104,
430560.NQ,西部泰力,20060103,
430560.NQ,西部泰力,20060102,
430560.NQ,西部泰力,20060101,
