证券代码,证券简称,日期,月涨跌幅
002181.SZ,粤传媒,20260815,5.1282051282051
002181.SZ,粤传媒,20260814,5.1282051282051
002181.SZ,粤传媒,20260813,5.1282051282051
002181.SZ,粤传媒,20260812,5.1282051282051
002181.SZ,粤传媒,20260811,5.1282051282051
002181.SZ,粤传媒,20260810,5.1282051282051
002181.SZ,粤传媒,20260809,5.1282051282051
002181.SZ,粤传媒,20260808,5.1282051282051
002181.SZ,粤传媒,20260807,5.1282051282051
002181.SZ,粤传媒,20260806,5.1282051282051
002181.SZ,粤传媒,20260805,5.1282051282051
002181.SZ,粤传媒,20260804,5.1282051282051
002181.SZ,粤传媒,20260803,5.1282051282051
002181.SZ,粤传媒,20260802,5.1282051282051
002181.SZ,粤传媒,20260801,5.1282051282051
002181.SZ,粤传媒,20260731,-13.768844221106
002181.SZ,粤传媒,20260730,-13.768844221106
002181.SZ,粤传媒,20260729,-13.768844221106
002181.SZ,粤传媒,20260728,-13.768844221106
002181.SZ,粤传媒,20260727,-13.768844221106
002181.SZ,粤传媒,20260726,-13.768844221106
002181.SZ,粤传媒,20260725,-13.768844221106
002181.SZ,粤传媒,20260724,-13.768844221106
002181.SZ,粤传媒,20260723,-13.768844221106
002181.SZ,粤传媒,20260722,-13.768844221106
002181.SZ,粤传媒,20260721,-13.768844221106
002181.SZ,粤传媒,20260720,-13.768844221106
002181.SZ,粤传媒,20260719,-13.768844221106
002181.SZ,粤传媒,20260718,-13.768844221106
002181.SZ,粤传媒,20260717,-13.768844221106
002181.SZ,粤传媒,20260716,-13.768844221106
002181.SZ,粤传媒,20260715,-13.768844221106
002181.SZ,粤传媒,20260714,-13.768844221106
002181.SZ,粤传媒,20260713,-13.768844221106
002181.SZ,粤传媒,20260712,-13.768844221106
002181.SZ,粤传媒,20260711,-13.768844221106
002181.SZ,粤传媒,20260710,-13.768844221106
002181.SZ,粤传媒,20260709,-13.768844221106
002181.SZ,粤传媒,20260708,-13.768844221106
002181.SZ,粤传媒,20260707,-13.768844221106
002181.SZ,粤传媒,20260706,-13.768844221106
002181.SZ,粤传媒,20260705,-13.768844221106
002181.SZ,粤传媒,20260704,-13.768844221106
002181.SZ,粤传媒,20260703,-13.768844221106
002181.SZ,粤传媒,20260702,-13.768844221106
002181.SZ,粤传媒,20260701,-13.768844221106
002181.SZ,粤传媒,20260630,-39.733494851605
002181.SZ,粤传媒,20260629,-39.733494851605
002181.SZ,粤传媒,20260628,-39.733494851605
002181.SZ,粤传媒,20260627,-39.733494851605
002181.SZ,粤传媒,20260626,-39.733494851605
002181.SZ,粤传媒,20260625,-39.733494851605
002181.SZ,粤传媒,20260624,-39.733494851605
002181.SZ,粤传媒,20260623,-39.733494851605
002181.SZ,粤传媒,20260622,-39.733494851605
002181.SZ,粤传媒,20260621,-39.733494851605
002181.SZ,粤传媒,20260620,-39.733494851605
002181.SZ,粤传媒,20260619,-39.733494851605
002181.SZ,粤传媒,20260618,-39.733494851605
002181.SZ,粤传媒,20260617,-39.733494851605
002181.SZ,粤传媒,20260616,-39.733494851605
002181.SZ,粤传媒,20260615,-39.733494851605
002181.SZ,粤传媒,20260614,-39.733494851605
002181.SZ,粤传媒,20260613,-39.733494851605
002181.SZ,粤传媒,20260612,-39.733494851605
002181.SZ,粤传媒,20260611,-39.733494851605
002181.SZ,粤传媒,20260610,-39.733494851605
002181.SZ,粤传媒,20260609,-39.733494851605
002181.SZ,粤传媒,20260608,-39.733494851605
002181.SZ,粤传媒,20260607,-39.733494851605
002181.SZ,粤传媒,20260606,-39.733494851605
002181.SZ,粤传媒,20260605,-39.733494851605
002181.SZ,粤传媒,20260604,-39.733494851605
002181.SZ,粤传媒,20260603,-39.733494851605
002181.SZ,粤传媒,20260602,-39.733494851605
002181.SZ,粤传媒,20260601,-39.733494851605
002181.SZ,粤传媒,20260531,0.12128562765314
002181.SZ,粤传媒,20260530,0.12128562765314
002181.SZ,粤传媒,20260529,0.12128562765314
002181.SZ,粤传媒,20260528,0.12128562765314
002181.SZ,粤传媒,20260527,0.12128562765314
002181.SZ,粤传媒,20260526,0.12128562765314
002181.SZ,粤传媒,20260525,0.12128562765314
002181.SZ,粤传媒,20260524,0.12128562765314
002181.SZ,粤传媒,20260523,0.12128562765314
002181.SZ,粤传媒,20260522,0.12128562765314
002181.SZ,粤传媒,20260521,0.12128562765314
002181.SZ,粤传媒,20260520,0.12128562765314
002181.SZ,粤传媒,20260519,0.12128562765314
002181.SZ,粤传媒,20260518,0.12128562765314
002181.SZ,粤传媒,20260517,0.12128562765314
002181.SZ,粤传媒,20260516,0.12128562765314
002181.SZ,粤传媒,20260515,0.12128562765314
002181.SZ,粤传媒,20260514,0.12128562765314
002181.SZ,粤传媒,20260513,0.12128562765314
002181.SZ,粤传媒,20260512,0.12128562765314
002181.SZ,粤传媒,20260511,0.12128562765314
002181.SZ,粤传媒,20260510,0.12128562765314
002181.SZ,粤传媒,20260509,0.12128562765314
002181.SZ,粤传媒,20260508,0.12128562765314
002181.SZ,粤传媒,20260507,0.12128562765314
002181.SZ,粤传媒,20260506,0.12128562765314
002181.SZ,粤传媒,20260505,0.12128562765314
002181.SZ,粤传媒,20260504,0.12128562765314
002181.SZ,粤传媒,20260503,0.12128562765314
002181.SZ,粤传媒,20260502,0.12128562765314
002181.SZ,粤传媒,20260501,0.12128562765314
002181.SZ,粤传媒,20260430,34.065040650406
002181.SZ,粤传媒,20260429,34.065040650406
002181.SZ,粤传媒,20260428,34.065040650406
002181.SZ,粤传媒,20260427,34.065040650406
002181.SZ,粤传媒,20260426,34.065040650406
002181.SZ,粤传媒,20260425,34.065040650406
002181.SZ,粤传媒,20260424,34.065040650406
002181.SZ,粤传媒,20260423,34.065040650406
002181.SZ,粤传媒,20260422,34.065040650406
002181.SZ,粤传媒,20260421,34.065040650406
002181.SZ,粤传媒,20260420,34.065040650406
002181.SZ,粤传媒,20260419,34.065040650406
002181.SZ,粤传媒,20260418,34.065040650406
002181.SZ,粤传媒,20260417,34.065040650406
002181.SZ,粤传媒,20260416,34.065040650406
002181.SZ,粤传媒,20260415,34.065040650406
002181.SZ,粤传媒,20260414,34.065040650406
002181.SZ,粤传媒,20260413,34.065040650406
002181.SZ,粤传媒,20260412,34.065040650406
002181.SZ,粤传媒,20260411,34.065040650406
002181.SZ,粤传媒,20260410,34.065040650406
002181.SZ,粤传媒,20260409,34.065040650406
002181.SZ,粤传媒,20260408,34.065040650406
002181.SZ,粤传媒,20260407,34.065040650406
002181.SZ,粤传媒,20260406,34.065040650406
002181.SZ,粤传媒,20260405,34.065040650406
002181.SZ,粤传媒,20260404,34.065040650406
002181.SZ,粤传媒,20260403,34.065040650406
002181.SZ,粤传媒,20260402,34.065040650406
002181.SZ,粤传媒,20260401,34.065040650406
002181.SZ,粤传媒,20260331,15.492957746479
002181.SZ,粤传媒,20260330,15.492957746479
002181.SZ,粤传媒,20260329,15.492957746479
002181.SZ,粤传媒,20260328,15.492957746479
002181.SZ,粤传媒,20260327,15.492957746479
002181.SZ,粤传媒,20260326,15.492957746479
002181.SZ,粤传媒,20260325,15.492957746479
002181.SZ,粤传媒,20260324,15.492957746479
002181.SZ,粤传媒,20260323,15.492957746479
002181.SZ,粤传媒,20260322,15.492957746479
002181.SZ,粤传媒,20260321,15.492957746479
002181.SZ,粤传媒,20260320,15.492957746479
002181.SZ,粤传媒,20260319,15.492957746479
002181.SZ,粤传媒,20260318,15.492957746479
002181.SZ,粤传媒,20260317,15.492957746479
002181.SZ,粤传媒,20260316,15.492957746479
002181.SZ,粤传媒,20260315,15.492957746479
002181.SZ,粤传媒,20260314,15.492957746479
002181.SZ,粤传媒,20260313,15.492957746479
002181.SZ,粤传媒,20260312,15.492957746479
002181.SZ,粤传媒,20260311,15.492957746479
002181.SZ,粤传媒,20260310,15.492957746479
002181.SZ,粤传媒,20260309,15.492957746479
002181.SZ,粤传媒,20260308,15.492957746479
002181.SZ,粤传媒,20260307,15.492957746479
002181.SZ,粤传媒,20260306,15.492957746479
002181.SZ,粤传媒,20260305,15.492957746479
002181.SZ,粤传媒,20260304,15.492957746479
002181.SZ,粤传媒,20260303,15.492957746479
002181.SZ,粤传媒,20260302,15.492957746479
002181.SZ,粤传媒,20260301,15.492957746479
002181.SZ,粤传媒,20260228,-13.20293398533
002181.SZ,粤传媒,20260227,-13.20293398533
002181.SZ,粤传媒,20260226,-13.20293398533
002181.SZ,粤传媒,20260225,-13.20293398533
002181.SZ,粤传媒,20260224,-13.20293398533
002181.SZ,粤传媒,20260223,-13.20293398533
002181.SZ,粤传媒,20260222,-13.20293398533
002181.SZ,粤传媒,20260221,-13.20293398533
002181.SZ,粤传媒,20260220,-13.20293398533
002181.SZ,粤传媒,20260219,-13.20293398533
002181.SZ,粤传媒,20260218,-13.20293398533
002181.SZ,粤传媒,20260217,-13.20293398533
002181.SZ,粤传媒,20260216,-13.20293398533
002181.SZ,粤传媒,20260215,-13.20293398533
002181.SZ,粤传媒,20260214,-13.20293398533
002181.SZ,粤传媒,20260213,-13.20293398533
002181.SZ,粤传媒,20260212,-13.20293398533
002181.SZ,粤传媒,20260211,-13.20293398533
002181.SZ,粤传媒,20260210,-13.20293398533
002181.SZ,粤传媒,20260209,-13.20293398533
002181.SZ,粤传媒,20260208,-13.20293398533
002181.SZ,粤传媒,20260207,-13.20293398533
002181.SZ,粤传媒,20260206,-13.20293398533
002181.SZ,粤传媒,20260205,-13.20293398533
002181.SZ,粤传媒,20260204,-13.20293398533
002181.SZ,粤传媒,20260203,-13.20293398533
002181.SZ,粤传媒,20260202,-13.20293398533
002181.SZ,粤传媒,20260201,-13.20293398533
002181.SZ,粤传媒,20260131,42.343387470998
002181.SZ,粤传媒,20260130,42.343387470998
002181.SZ,粤传媒,20260129,42.343387470998
002181.SZ,粤传媒,20260128,42.343387470998
002181.SZ,粤传媒,20260127,42.343387470998
002181.SZ,粤传媒,20260126,42.343387470998
002181.SZ,粤传媒,20260125,42.343387470998
002181.SZ,粤传媒,20260124,42.343387470998
002181.SZ,粤传媒,20260123,42.343387470998
002181.SZ,粤传媒,20260122,42.343387470998
002181.SZ,粤传媒,20260121,42.343387470998
002181.SZ,粤传媒,20260120,42.343387470998
002181.SZ,粤传媒,20260119,42.343387470998
002181.SZ,粤传媒,20260118,42.343387470998
002181.SZ,粤传媒,20260117,42.343387470998
002181.SZ,粤传媒,20260116,42.343387470998
002181.SZ,粤传媒,20260115,42.343387470998
002181.SZ,粤传媒,20260114,42.343387470998
002181.SZ,粤传媒,20260113,42.343387470998
002181.SZ,粤传媒,20260112,42.343387470998
002181.SZ,粤传媒,20260111,42.343387470998
002181.SZ,粤传媒,20260110,42.343387470998
002181.SZ,粤传媒,20260109,42.343387470998
002181.SZ,粤传媒,20260108,42.343387470998
002181.SZ,粤传媒,20260107,42.343387470998
002181.SZ,粤传媒,20260106,42.343387470998
002181.SZ,粤传媒,20260105,42.343387470998
002181.SZ,粤传媒,20260104,42.343387470998
002181.SZ,粤传媒,20260103,42.343387470998
002181.SZ,粤传媒,20260102,42.343387470998
002181.SZ,粤传媒,20260101,42.343387470998
002181.SZ,粤传媒,20251231,-8.8794926004228
002181.SZ,粤传媒,20251230,-8.8794926004228
002181.SZ,粤传媒,20251229,-8.8794926004228
002181.SZ,粤传媒,20251228,-8.8794926004228
002181.SZ,粤传媒,20251227,-8.8794926004228
002181.SZ,粤传媒,20251226,-8.8794926004228
002181.SZ,粤传媒,20251225,-8.8794926004228
002181.SZ,粤传媒,20251224,-8.8794926004228
002181.SZ,粤传媒,20251223,-8.8794926004228
002181.SZ,粤传媒,20251222,-8.8794926004228
002181.SZ,粤传媒,20251221,-8.8794926004228
002181.SZ,粤传媒,20251220,-8.8794926004228
002181.SZ,粤传媒,20251219,-8.8794926004228
002181.SZ,粤传媒,20251218,-8.8794926004228
002181.SZ,粤传媒,20251217,-8.8794926004228
002181.SZ,粤传媒,20251216,-8.8794926004228
002181.SZ,粤传媒,20251215,-8.8794926004228
002181.SZ,粤传媒,20251214,-8.8794926004228
002181.SZ,粤传媒,20251213,-8.8794926004228
002181.SZ,粤传媒,20251212,-8.8794926004228
002181.SZ,粤传媒,20251211,-8.8794926004228
002181.SZ,粤传媒,20251210,-8.8794926004228
002181.SZ,粤传媒,20251209,-8.8794926004228
002181.SZ,粤传媒,20251208,-8.8794926004228
002181.SZ,粤传媒,20251207,-8.8794926004228
002181.SZ,粤传媒,20251206,-8.8794926004228
002181.SZ,粤传媒,20251205,-8.8794926004228
002181.SZ,粤传媒,20251204,-8.8794926004228
002181.SZ,粤传媒,20251203,-8.8794926004228
002181.SZ,粤传媒,20251202,-8.8794926004228
002181.SZ,粤传媒,20251201,-8.8794926004228
002181.SZ,粤传媒,20251130,-10.246679316888
002181.SZ,粤传媒,20251129,-10.246679316888
002181.SZ,粤传媒,20251128,-10.246679316888
002181.SZ,粤传媒,20251127,-10.246679316888
002181.SZ,粤传媒,20251126,-10.246679316888
002181.SZ,粤传媒,20251125,-10.246679316888
002181.SZ,粤传媒,20251124,-10.246679316888
002181.SZ,粤传媒,20251123,-10.246679316888
002181.SZ,粤传媒,20251122,-10.246679316888
002181.SZ,粤传媒,20251121,-10.246679316888
002181.SZ,粤传媒,20251120,-10.246679316888
002181.SZ,粤传媒,20251119,-10.246679316888
002181.SZ,粤传媒,20251118,-10.246679316888
002181.SZ,粤传媒,20251117,-10.246679316888
002181.SZ,粤传媒,20251116,-10.246679316888
002181.SZ,粤传媒,20251115,-10.246679316888
002181.SZ,粤传媒,20251114,-10.246679316888
002181.SZ,粤传媒,20251113,-10.246679316888
002181.SZ,粤传媒,20251112,-10.246679316888
002181.SZ,粤传媒,20251111,-10.246679316888
002181.SZ,粤传媒,20251110,-10.246679316888
002181.SZ,粤传媒,20251109,-10.246679316888
002181.SZ,粤传媒,20251108,-10.246679316888
002181.SZ,粤传媒,20251107,-10.246679316888
002181.SZ,粤传媒,20251106,-10.246679316888
002181.SZ,粤传媒,20251105,-10.246679316888
002181.SZ,粤传媒,20251104,-10.246679316888
002181.SZ,粤传媒,20251103,-10.246679316888
002181.SZ,粤传媒,20251102,-10.246679316888
002181.SZ,粤传媒,20251101,-10.246679316888
002181.SZ,粤传媒,20251031,30.931677018634
002181.SZ,粤传媒,20251030,30.931677018634
002181.SZ,粤传媒,20251029,30.931677018634
002181.SZ,粤传媒,20251028,30.931677018634
002181.SZ,粤传媒,20251027,30.931677018634
002181.SZ,粤传媒,20251026,30.931677018634
002181.SZ,粤传媒,20251025,30.931677018634
002181.SZ,粤传媒,20251024,30.931677018634
002181.SZ,粤传媒,20251023,30.931677018634
002181.SZ,粤传媒,20251022,30.931677018634
002181.SZ,粤传媒,20251021,30.931677018634
002181.SZ,粤传媒,20251020,30.931677018634
002181.SZ,粤传媒,20251019,30.931677018634
002181.SZ,粤传媒,20251018,30.931677018634
002181.SZ,粤传媒,20251017,30.931677018634
002181.SZ,粤传媒,20251016,30.931677018634
002181.SZ,粤传媒,20251015,30.931677018634
002181.SZ,粤传媒,20251014,30.931677018634
002181.SZ,粤传媒,20251013,30.931677018634
002181.SZ,粤传媒,20251012,30.931677018634
002181.SZ,粤传媒,20251011,30.931677018634
002181.SZ,粤传媒,20251010,30.931677018634
002181.SZ,粤传媒,20251009,30.931677018634
002181.SZ,粤传媒,20251008,30.931677018634
002181.SZ,粤传媒,20251007,30.931677018634
002181.SZ,粤传媒,20251006,30.931677018634
002181.SZ,粤传媒,20251005,30.931677018634
002181.SZ,粤传媒,20251004,30.931677018634
002181.SZ,粤传媒,20251003,30.931677018634
002181.SZ,粤传媒,20251002,30.931677018634
002181.SZ,粤传媒,20251001,30.931677018634
002181.SZ,粤传媒,20250930,11.34163208852
002181.SZ,粤传媒,20250929,11.34163208852
002181.SZ,粤传媒,20250928,11.34163208852
002181.SZ,粤传媒,20250927,11.34163208852
002181.SZ,粤传媒,20250926,11.34163208852
002181.SZ,粤传媒,20250925,11.34163208852
002181.SZ,粤传媒,20250924,11.34163208852
002181.SZ,粤传媒,20250923,11.34163208852
002181.SZ,粤传媒,20250922,11.34163208852
002181.SZ,粤传媒,20250921,11.34163208852
002181.SZ,粤传媒,20250920,11.34163208852
002181.SZ,粤传媒,20250919,11.34163208852
002181.SZ,粤传媒,20250918,11.34163208852
002181.SZ,粤传媒,20250917,11.34163208852
002181.SZ,粤传媒,20250916,11.34163208852
002181.SZ,粤传媒,20250915,11.34163208852
002181.SZ,粤传媒,20250914,11.34163208852
002181.SZ,粤传媒,20250913,11.34163208852
002181.SZ,粤传媒,20250912,11.34163208852
002181.SZ,粤传媒,20250911,11.34163208852
002181.SZ,粤传媒,20250910,11.34163208852
002181.SZ,粤传媒,20250909,11.34163208852
002181.SZ,粤传媒,20250908,11.34163208852
002181.SZ,粤传媒,20250907,11.34163208852
002181.SZ,粤传媒,20250906,11.34163208852
002181.SZ,粤传媒,20250905,11.34163208852
002181.SZ,粤传媒,20250904,11.34163208852
002181.SZ,粤传媒,20250903,11.34163208852
002181.SZ,粤传媒,20250902,11.34163208852
002181.SZ,粤传媒,20250901,11.34163208852
002181.SZ,粤传媒,20250831,-0.95890410958903
002181.SZ,粤传媒,20250830,-0.95890410958903
002181.SZ,粤传媒,20250829,-0.95890410958903
002181.SZ,粤传媒,20250828,-0.95890410958903
002181.SZ,粤传媒,20250827,-0.95890410958903
002181.SZ,粤传媒,20250826,-0.95890410958903
002181.SZ,粤传媒,20250825,-0.95890410958903
002181.SZ,粤传媒,20250824,-0.95890410958903
002181.SZ,粤传媒,20250823,-0.95890410958903
002181.SZ,粤传媒,20250822,-0.95890410958903
002181.SZ,粤传媒,20250821,-0.95890410958903
002181.SZ,粤传媒,20250820,-0.95890410958903
002181.SZ,粤传媒,20250819,-0.95890410958903
002181.SZ,粤传媒,20250818,-0.95890410958903
002181.SZ,粤传媒,20250817,-0.95890410958903
002181.SZ,粤传媒,20250816,-0.95890410958903
002181.SZ,粤传媒,20250815,-0.95890410958903
002181.SZ,粤传媒,20250814,-0.95890410958903
002181.SZ,粤传媒,20250813,-0.95890410958903
002181.SZ,粤传媒,20250812,-0.95890410958903
002181.SZ,粤传媒,20250811,-0.95890410958903
002181.SZ,粤传媒,20250810,-0.95890410958903
002181.SZ,粤传媒,20250809,-0.95890410958903
002181.SZ,粤传媒,20250808,-0.95890410958903
002181.SZ,粤传媒,20250807,-0.95890410958903
002181.SZ,粤传媒,20250806,-0.95890410958903
002181.SZ,粤传媒,20250805,-0.95890410958903
002181.SZ,粤传媒,20250804,-0.95890410958903
002181.SZ,粤传媒,20250803,-0.95890410958903
002181.SZ,粤传媒,20250802,-0.95890410958903
002181.SZ,粤传媒,20250801,-0.95890410958903
002181.SZ,粤传媒,20250731,1.24826629681
002181.SZ,粤传媒,20250730,1.24826629681
002181.SZ,粤传媒,20250729,1.24826629681
002181.SZ,粤传媒,20250728,1.24826629681
002181.SZ,粤传媒,20250727,1.24826629681
002181.SZ,粤传媒,20250726,1.24826629681
002181.SZ,粤传媒,20250725,1.24826629681
002181.SZ,粤传媒,20250724,1.24826629681
002181.SZ,粤传媒,20250723,1.24826629681
002181.SZ,粤传媒,20250722,1.24826629681
002181.SZ,粤传媒,20250721,1.24826629681
002181.SZ,粤传媒,20250720,1.24826629681
002181.SZ,粤传媒,20250719,1.24826629681
002181.SZ,粤传媒,20250718,1.24826629681
002181.SZ,粤传媒,20250717,1.24826629681
002181.SZ,粤传媒,20250716,1.24826629681
002181.SZ,粤传媒,20250715,1.24826629681
002181.SZ,粤传媒,20250714,1.24826629681
002181.SZ,粤传媒,20250713,1.24826629681
002181.SZ,粤传媒,20250712,1.24826629681
002181.SZ,粤传媒,20250711,1.24826629681
002181.SZ,粤传媒,20250710,1.24826629681
002181.SZ,粤传媒,20250709,1.24826629681
002181.SZ,粤传媒,20250708,1.24826629681
002181.SZ,粤传媒,20250707,1.24826629681
002181.SZ,粤传媒,20250706,1.24826629681
002181.SZ,粤传媒,20250705,1.24826629681
002181.SZ,粤传媒,20250704,1.24826629681
002181.SZ,粤传媒,20250703,1.24826629681
002181.SZ,粤传媒,20250702,1.24826629681
002181.SZ,粤传媒,20250701,1.24826629681
002181.SZ,粤传媒,20250630,30.14440433213
002181.SZ,粤传媒,20250629,30.14440433213
002181.SZ,粤传媒,20250628,30.14440433213
002181.SZ,粤传媒,20250627,30.14440433213
002181.SZ,粤传媒,20250626,30.14440433213
002181.SZ,粤传媒,20250625,30.14440433213
002181.SZ,粤传媒,20250624,30.14440433213
002181.SZ,粤传媒,20250623,30.14440433213
002181.SZ,粤传媒,20250622,30.14440433213
002181.SZ,粤传媒,20250621,30.14440433213
002181.SZ,粤传媒,20250620,30.14440433213
002181.SZ,粤传媒,20250619,30.14440433213
002181.SZ,粤传媒,20250618,30.14440433213
002181.SZ,粤传媒,20250617,30.14440433213
002181.SZ,粤传媒,20250616,30.14440433213
002181.SZ,粤传媒,20250615,30.14440433213
002181.SZ,粤传媒,20250614,30.14440433213
002181.SZ,粤传媒,20250613,30.14440433213
002181.SZ,粤传媒,20250612,30.14440433213
002181.SZ,粤传媒,20250611,30.14440433213
002181.SZ,粤传媒,20250610,30.14440433213
002181.SZ,粤传媒,20250609,30.14440433213
002181.SZ,粤传媒,20250608,30.14440433213
002181.SZ,粤传媒,20250607,30.14440433213
002181.SZ,粤传媒,20250606,30.14440433213
002181.SZ,粤传媒,20250605,30.14440433213
002181.SZ,粤传媒,20250604,30.14440433213
002181.SZ,粤传媒,20250603,30.14440433213
002181.SZ,粤传媒,20250602,30.14440433213
002181.SZ,粤传媒,20250601,30.14440433213
002181.SZ,粤传媒,20250531,1.0948905109489
002181.SZ,粤传媒,20250530,1.0948905109489
002181.SZ,粤传媒,20250529,1.0948905109489
002181.SZ,粤传媒,20250528,1.0948905109489
002181.SZ,粤传媒,20250527,1.0948905109489
002181.SZ,粤传媒,20250526,1.0948905109489
002181.SZ,粤传媒,20250525,1.0948905109489
002181.SZ,粤传媒,20250524,1.0948905109489
002181.SZ,粤传媒,20250523,1.0948905109489
002181.SZ,粤传媒,20250522,1.0948905109489
002181.SZ,粤传媒,20250521,1.0948905109489
002181.SZ,粤传媒,20250520,1.0948905109489
002181.SZ,粤传媒,20250519,1.0948905109489
002181.SZ,粤传媒,20250518,1.0948905109489
002181.SZ,粤传媒,20250517,1.0948905109489
002181.SZ,粤传媒,20250516,1.0948905109489
002181.SZ,粤传媒,20250515,1.0948905109489
002181.SZ,粤传媒,20250514,1.0948905109489
002181.SZ,粤传媒,20250513,1.0948905109489
002181.SZ,粤传媒,20250512,1.0948905109489
002181.SZ,粤传媒,20250511,1.0948905109489
002181.SZ,粤传媒,20250510,1.0948905109489
002181.SZ,粤传媒,20250509,1.0948905109489
002181.SZ,粤传媒,20250508,1.0948905109489
002181.SZ,粤传媒,20250507,1.0948905109489
002181.SZ,粤传媒,20250506,1.0948905109489
002181.SZ,粤传媒,20250505,1.0948905109489
002181.SZ,粤传媒,20250504,1.0948905109489
002181.SZ,粤传媒,20250503,1.0948905109489
002181.SZ,粤传媒,20250502,1.0948905109489
002181.SZ,粤传媒,20250501,1.0948905109489
002181.SZ,粤传媒,20250430,2.621722846442
002181.SZ,粤传媒,20250429,2.621722846442
002181.SZ,粤传媒,20250428,2.621722846442
002181.SZ,粤传媒,20250427,2.621722846442
002181.SZ,粤传媒,20250426,2.621722846442
002181.SZ,粤传媒,20250425,2.621722846442
002181.SZ,粤传媒,20250424,2.621722846442
002181.SZ,粤传媒,20250423,2.621722846442
002181.SZ,粤传媒,20250422,2.621722846442
002181.SZ,粤传媒,20250421,2.621722846442
002181.SZ,粤传媒,20250420,2.621722846442
002181.SZ,粤传媒,20250419,2.621722846442
002181.SZ,粤传媒,20250418,2.621722846442
002181.SZ,粤传媒,20250417,2.621722846442
002181.SZ,粤传媒,20250416,2.621722846442
002181.SZ,粤传媒,20250415,2.621722846442
002181.SZ,粤传媒,20250414,2.621722846442
002181.SZ,粤传媒,20250413,2.621722846442
002181.SZ,粤传媒,20250412,2.621722846442
002181.SZ,粤传媒,20250411,2.621722846442
002181.SZ,粤传媒,20250410,2.621722846442
002181.SZ,粤传媒,20250409,2.621722846442
002181.SZ,粤传媒,20250408,2.621722846442
002181.SZ,粤传媒,20250407,2.621722846442
002181.SZ,粤传媒,20250406,2.621722846442
002181.SZ,粤传媒,20250405,2.621722846442
002181.SZ,粤传媒,20250404,2.621722846442
002181.SZ,粤传媒,20250403,2.621722846442
002181.SZ,粤传媒,20250402,2.621722846442
002181.SZ,粤传媒,20250401,2.621722846442
002181.SZ,粤传媒,20250331,-3.6101083032491
002181.SZ,粤传媒,20250330,-3.6101083032491
002181.SZ,粤传媒,20250329,-3.6101083032491
002181.SZ,粤传媒,20250328,-3.6101083032491
002181.SZ,粤传媒,20250327,-3.6101083032491
002181.SZ,粤传媒,20250326,-3.6101083032491
002181.SZ,粤传媒,20250325,-3.6101083032491
002181.SZ,粤传媒,20250324,-3.6101083032491
002181.SZ,粤传媒,20250323,-3.6101083032491
002181.SZ,粤传媒,20250322,-3.6101083032491
002181.SZ,粤传媒,20250321,-3.6101083032491
002181.SZ,粤传媒,20250320,-3.6101083032491
002181.SZ,粤传媒,20250319,-3.6101083032491
002181.SZ,粤传媒,20250318,-3.6101083032491
002181.SZ,粤传媒,20250317,-3.6101083032491
002181.SZ,粤传媒,20250316,-3.6101083032491
002181.SZ,粤传媒,20250315,-3.6101083032491
002181.SZ,粤传媒,20250314,-3.6101083032491
002181.SZ,粤传媒,20250313,-3.6101083032491
002181.SZ,粤传媒,20250312,-3.6101083032491
002181.SZ,粤传媒,20250311,-3.6101083032491
002181.SZ,粤传媒,20250310,-3.6101083032491
002181.SZ,粤传媒,20250309,-3.6101083032491
002181.SZ,粤传媒,20250308,-3.6101083032491
002181.SZ,粤传媒,20250307,-3.6101083032491
002181.SZ,粤传媒,20250306,-3.6101083032491
002181.SZ,粤传媒,20250305,-3.6101083032491
002181.SZ,粤传媒,20250304,-3.6101083032491
002181.SZ,粤传媒,20250303,-3.6101083032491
002181.SZ,粤传媒,20250302,-3.6101083032491
002181.SZ,粤传媒,20250301,-3.6101083032491
002181.SZ,粤传媒,20250228,4.331450094162
002181.SZ,粤传媒,20250227,4.331450094162
002181.SZ,粤传媒,20250226,4.331450094162
002181.SZ,粤传媒,20250225,4.331450094162
002181.SZ,粤传媒,20250224,4.331450094162
002181.SZ,粤传媒,20250223,4.331450094162
002181.SZ,粤传媒,20250222,4.331450094162
002181.SZ,粤传媒,20250221,4.331450094162
002181.SZ,粤传媒,20250220,4.331450094162
002181.SZ,粤传媒,20250219,4.331450094162
002181.SZ,粤传媒,20250218,4.331450094162
002181.SZ,粤传媒,20250217,4.331450094162
002181.SZ,粤传媒,20250216,4.331450094162
002181.SZ,粤传媒,20250215,4.331450094162
002181.SZ,粤传媒,20250214,4.331450094162
002181.SZ,粤传媒,20250213,4.331450094162
002181.SZ,粤传媒,20250212,4.331450094162
002181.SZ,粤传媒,20250211,4.331450094162
002181.SZ,粤传媒,20250210,4.331450094162
002181.SZ,粤传媒,20250209,4.331450094162
002181.SZ,粤传媒,20250208,4.331450094162
002181.SZ,粤传媒,20250207,4.331450094162
002181.SZ,粤传媒,20250206,4.331450094162
002181.SZ,粤传媒,20250205,4.331450094162
002181.SZ,粤传媒,20250204,4.331450094162
002181.SZ,粤传媒,20250203,4.331450094162
002181.SZ,粤传媒,20250202,4.331450094162
002181.SZ,粤传媒,20250201,4.331450094162
002181.SZ,粤传媒,20250131,-5.3475935828877
002181.SZ,粤传媒,20250130,-5.3475935828877
002181.SZ,粤传媒,20250129,-5.3475935828877
002181.SZ,粤传媒,20250128,-5.3475935828877
002181.SZ,粤传媒,20250127,-5.3475935828877
002181.SZ,粤传媒,20250126,-5.3475935828877
002181.SZ,粤传媒,20250125,-5.3475935828877
002181.SZ,粤传媒,20250124,-5.3475935828877
002181.SZ,粤传媒,20250123,-5.3475935828877
002181.SZ,粤传媒,20250122,-5.3475935828877
002181.SZ,粤传媒,20250121,-5.3475935828877
002181.SZ,粤传媒,20250120,-5.3475935828877
002181.SZ,粤传媒,20250119,-5.3475935828877
002181.SZ,粤传媒,20250118,-5.3475935828877
002181.SZ,粤传媒,20250117,-5.3475935828877
002181.SZ,粤传媒,20250116,-5.3475935828877
002181.SZ,粤传媒,20250115,-5.3475935828877
002181.SZ,粤传媒,20250114,-5.3475935828877
002181.SZ,粤传媒,20250113,-5.3475935828877
002181.SZ,粤传媒,20250112,-5.3475935828877
002181.SZ,粤传媒,20250111,-5.3475935828877
002181.SZ,粤传媒,20250110,-5.3475935828877
002181.SZ,粤传媒,20250109,-5.3475935828877
002181.SZ,粤传媒,20250108,-5.3475935828877
002181.SZ,粤传媒,20250107,-5.3475935828877
002181.SZ,粤传媒,20250106,-5.3475935828877
002181.SZ,粤传媒,20250105,-5.3475935828877
002181.SZ,粤传媒,20250104,-5.3475935828877
002181.SZ,粤传媒,20250103,-5.3475935828877
002181.SZ,粤传媒,20250102,-5.3475935828877
002181.SZ,粤传媒,20250101,-5.3475935828877
002181.SZ,粤传媒,20241231,17.857142857143
002181.SZ,粤传媒,20241230,17.857142857143
002181.SZ,粤传媒,20241229,17.857142857143
002181.SZ,粤传媒,20241228,17.857142857143
002181.SZ,粤传媒,20241227,17.857142857143
002181.SZ,粤传媒,20241226,17.857142857143
002181.SZ,粤传媒,20241225,17.857142857143
002181.SZ,粤传媒,20241224,17.857142857143
002181.SZ,粤传媒,20241223,17.857142857143
002181.SZ,粤传媒,20241222,17.857142857143
002181.SZ,粤传媒,20241221,17.857142857143
002181.SZ,粤传媒,20241220,17.857142857143
002181.SZ,粤传媒,20241219,17.857142857143
002181.SZ,粤传媒,20241218,17.857142857143
002181.SZ,粤传媒,20241217,17.857142857143
002181.SZ,粤传媒,20241216,17.857142857143
002181.SZ,粤传媒,20241215,17.857142857143
002181.SZ,粤传媒,20241214,17.857142857143
002181.SZ,粤传媒,20241213,17.857142857143
002181.SZ,粤传媒,20241212,17.857142857143
002181.SZ,粤传媒,20241211,17.857142857143
002181.SZ,粤传媒,20241210,17.857142857143
002181.SZ,粤传媒,20241209,17.857142857143
002181.SZ,粤传媒,20241208,17.857142857143
002181.SZ,粤传媒,20241207,17.857142857143
002181.SZ,粤传媒,20241206,17.857142857143
002181.SZ,粤传媒,20241205,17.857142857143
002181.SZ,粤传媒,20241204,17.857142857143
002181.SZ,粤传媒,20241203,17.857142857143
002181.SZ,粤传媒,20241202,17.857142857143
002181.SZ,粤传媒,20241201,17.857142857143
002181.SZ,粤传媒,20241130,8.675799086758
002181.SZ,粤传媒,20241129,8.675799086758
002181.SZ,粤传媒,20241128,8.675799086758
002181.SZ,粤传媒,20241127,8.675799086758
002181.SZ,粤传媒,20241126,8.675799086758
002181.SZ,粤传媒,20241125,8.675799086758
002181.SZ,粤传媒,20241124,8.675799086758
002181.SZ,粤传媒,20241123,8.675799086758
002181.SZ,粤传媒,20241122,8.675799086758
002181.SZ,粤传媒,20241121,8.675799086758
002181.SZ,粤传媒,20241120,8.675799086758
002181.SZ,粤传媒,20241119,8.675799086758
002181.SZ,粤传媒,20241118,8.675799086758
002181.SZ,粤传媒,20241117,8.675799086758
002181.SZ,粤传媒,20241116,8.675799086758
002181.SZ,粤传媒,20241115,8.675799086758
002181.SZ,粤传媒,20241114,8.675799086758
002181.SZ,粤传媒,20241113,8.675799086758
002181.SZ,粤传媒,20241112,8.675799086758
002181.SZ,粤传媒,20241111,8.675799086758
002181.SZ,粤传媒,20241110,8.675799086758
002181.SZ,粤传媒,20241109,8.675799086758
002181.SZ,粤传媒,20241108,8.675799086758
002181.SZ,粤传媒,20241107,8.675799086758
002181.SZ,粤传媒,20241106,8.675799086758
002181.SZ,粤传媒,20241105,8.675799086758
002181.SZ,粤传媒,20241104,8.675799086758
002181.SZ,粤传媒,20241103,8.675799086758
002181.SZ,粤传媒,20241102,8.675799086758
002181.SZ,粤传媒,20241101,8.675799086758
002181.SZ,粤传媒,20241031,10.606060606061
002181.SZ,粤传媒,20241030,10.606060606061
002181.SZ,粤传媒,20241029,10.606060606061
002181.SZ,粤传媒,20241028,10.606060606061
002181.SZ,粤传媒,20241027,10.606060606061
002181.SZ,粤传媒,20241026,10.606060606061
002181.SZ,粤传媒,20241025,10.606060606061
002181.SZ,粤传媒,20241024,10.606060606061
002181.SZ,粤传媒,20241023,10.606060606061
002181.SZ,粤传媒,20241022,10.606060606061
002181.SZ,粤传媒,20241021,10.606060606061
002181.SZ,粤传媒,20241020,10.606060606061
002181.SZ,粤传媒,20241019,10.606060606061
002181.SZ,粤传媒,20241018,10.606060606061
002181.SZ,粤传媒,20241017,10.606060606061
002181.SZ,粤传媒,20241016,10.606060606061
002181.SZ,粤传媒,20241015,10.606060606061
002181.SZ,粤传媒,20241014,10.606060606061
002181.SZ,粤传媒,20241013,10.606060606061
002181.SZ,粤传媒,20241012,10.606060606061
002181.SZ,粤传媒,20241011,10.606060606061
002181.SZ,粤传媒,20241010,10.606060606061
002181.SZ,粤传媒,20241009,10.606060606061
002181.SZ,粤传媒,20241008,10.606060606061
002181.SZ,粤传媒,20241007,10.606060606061
002181.SZ,粤传媒,20241006,10.606060606061
002181.SZ,粤传媒,20241005,10.606060606061
002181.SZ,粤传媒,20241004,10.606060606061
002181.SZ,粤传媒,20241003,10.606060606061
002181.SZ,粤传媒,20241002,10.606060606061
002181.SZ,粤传媒,20241001,10.606060606061
002181.SZ,粤传媒,20240930,23.364485981308
002181.SZ,粤传媒,20240929,23.364485981308
002181.SZ,粤传媒,20240928,23.364485981308
002181.SZ,粤传媒,20240927,23.364485981308
002181.SZ,粤传媒,20240926,23.364485981308
002181.SZ,粤传媒,20240925,23.364485981308
002181.SZ,粤传媒,20240924,23.364485981308
002181.SZ,粤传媒,20240923,23.364485981308
002181.SZ,粤传媒,20240922,23.364485981308
002181.SZ,粤传媒,20240921,23.364485981308
002181.SZ,粤传媒,20240920,23.364485981308
002181.SZ,粤传媒,20240919,23.364485981308
002181.SZ,粤传媒,20240918,23.364485981308
002181.SZ,粤传媒,20240917,23.364485981308
002181.SZ,粤传媒,20240916,23.364485981308
002181.SZ,粤传媒,20240915,23.364485981308
002181.SZ,粤传媒,20240914,23.364485981308
002181.SZ,粤传媒,20240913,23.364485981308
002181.SZ,粤传媒,20240912,23.364485981308
002181.SZ,粤传媒,20240911,23.364485981308
002181.SZ,粤传媒,20240910,23.364485981308
002181.SZ,粤传媒,20240909,23.364485981308
002181.SZ,粤传媒,20240908,23.364485981308
002181.SZ,粤传媒,20240907,23.364485981308
002181.SZ,粤传媒,20240906,23.364485981308
002181.SZ,粤传媒,20240905,23.364485981308
002181.SZ,粤传媒,20240904,23.364485981308
002181.SZ,粤传媒,20240903,23.364485981308
002181.SZ,粤传媒,20240902,23.364485981308
002181.SZ,粤传媒,20240901,23.364485981308
002181.SZ,粤传媒,20240831,-2.1341463414634
002181.SZ,粤传媒,20240830,-2.1341463414634
002181.SZ,粤传媒,20240829,-2.1341463414634
002181.SZ,粤传媒,20240828,-2.1341463414634
002181.SZ,粤传媒,20240827,-2.1341463414634
002181.SZ,粤传媒,20240826,-2.1341463414634
002181.SZ,粤传媒,20240825,-2.1341463414634
002181.SZ,粤传媒,20240824,-2.1341463414634
002181.SZ,粤传媒,20240823,-2.1341463414634
002181.SZ,粤传媒,20240822,-2.1341463414634
002181.SZ,粤传媒,20240821,-2.1341463414634
002181.SZ,粤传媒,20240820,-2.1341463414634
002181.SZ,粤传媒,20240819,-2.1341463414634
002181.SZ,粤传媒,20240818,-2.1341463414634
002181.SZ,粤传媒,20240817,-2.1341463414634
002181.SZ,粤传媒,20240816,-2.1341463414634
002181.SZ,粤传媒,20240815,-2.1341463414634
002181.SZ,粤传媒,20240814,-2.1341463414634
002181.SZ,粤传媒,20240813,-2.1341463414634
002181.SZ,粤传媒,20240812,-2.1341463414634
002181.SZ,粤传媒,20240811,-2.1341463414634
002181.SZ,粤传媒,20240810,-2.1341463414634
002181.SZ,粤传媒,20240809,-2.1341463414634
002181.SZ,粤传媒,20240808,-2.1341463414634
002181.SZ,粤传媒,20240807,-2.1341463414634
002181.SZ,粤传媒,20240806,-2.1341463414634
002181.SZ,粤传媒,20240805,-2.1341463414634
002181.SZ,粤传媒,20240804,-2.1341463414634
002181.SZ,粤传媒,20240803,-2.1341463414634
002181.SZ,粤传媒,20240802,-2.1341463414634
002181.SZ,粤传媒,20240801,-2.1341463414634
002181.SZ,粤传媒,20240731,1.5479876160991
002181.SZ,粤传媒,20240730,1.5479876160991
002181.SZ,粤传媒,20240729,1.5479876160991
002181.SZ,粤传媒,20240728,1.5479876160991
002181.SZ,粤传媒,20240727,1.5479876160991
002181.SZ,粤传媒,20240726,1.5479876160991
002181.SZ,粤传媒,20240725,1.5479876160991
002181.SZ,粤传媒,20240724,1.5479876160991
002181.SZ,粤传媒,20240723,1.5479876160991
002181.SZ,粤传媒,20240722,1.5479876160991
002181.SZ,粤传媒,20240721,1.5479876160991
002181.SZ,粤传媒,20240720,1.5479876160991
002181.SZ,粤传媒,20240719,1.5479876160991
002181.SZ,粤传媒,20240718,1.5479876160991
002181.SZ,粤传媒,20240717,1.5479876160991
002181.SZ,粤传媒,20240716,1.5479876160991
002181.SZ,粤传媒,20240715,1.5479876160991
002181.SZ,粤传媒,20240714,1.5479876160991
002181.SZ,粤传媒,20240713,1.5479876160991
002181.SZ,粤传媒,20240712,1.5479876160991
002181.SZ,粤传媒,20240711,1.5479876160991
002181.SZ,粤传媒,20240710,1.5479876160991
002181.SZ,粤传媒,20240709,1.5479876160991
002181.SZ,粤传媒,20240708,1.5479876160991
002181.SZ,粤传媒,20240707,1.5479876160991
002181.SZ,粤传媒,20240706,1.5479876160991
002181.SZ,粤传媒,20240705,1.5479876160991
002181.SZ,粤传媒,20240704,1.5479876160991
002181.SZ,粤传媒,20240703,1.5479876160991
002181.SZ,粤传媒,20240702,1.5479876160991
002181.SZ,粤传媒,20240701,1.5479876160991
002181.SZ,粤传媒,20240630,-14.550264550265
002181.SZ,粤传媒,20240629,-14.550264550265
002181.SZ,粤传媒,20240628,-14.550264550265
002181.SZ,粤传媒,20240627,-14.550264550265
002181.SZ,粤传媒,20240626,-14.550264550265
002181.SZ,粤传媒,20240625,-14.550264550265
002181.SZ,粤传媒,20240624,-14.550264550265
002181.SZ,粤传媒,20240623,-14.550264550265
002181.SZ,粤传媒,20240622,-14.550264550265
002181.SZ,粤传媒,20240621,-14.550264550265
002181.SZ,粤传媒,20240620,-14.550264550265
002181.SZ,粤传媒,20240619,-14.550264550265
002181.SZ,粤传媒,20240618,-14.550264550265
002181.SZ,粤传媒,20240617,-14.550264550265
002181.SZ,粤传媒,20240616,-14.550264550265
002181.SZ,粤传媒,20240615,-14.550264550265
002181.SZ,粤传媒,20240614,-14.550264550265
002181.SZ,粤传媒,20240613,-14.550264550265
002181.SZ,粤传媒,20240612,-14.550264550265
002181.SZ,粤传媒,20240611,-14.550264550265
002181.SZ,粤传媒,20240610,-14.550264550265
002181.SZ,粤传媒,20240609,-14.550264550265
002181.SZ,粤传媒,20240608,-14.550264550265
002181.SZ,粤传媒,20240607,-14.550264550265
002181.SZ,粤传媒,20240606,-14.550264550265
002181.SZ,粤传媒,20240605,-14.550264550265
002181.SZ,粤传媒,20240604,-14.550264550265
002181.SZ,粤传媒,20240603,-14.550264550265
002181.SZ,粤传媒,20240602,-14.550264550265
002181.SZ,粤传媒,20240601,-14.550264550265
002181.SZ,粤传媒,20240531,-6.6666666666667
002181.SZ,粤传媒,20240530,-6.6666666666667
002181.SZ,粤传媒,20240529,-6.6666666666667
002181.SZ,粤传媒,20240528,-6.6666666666667
002181.SZ,粤传媒,20240527,-6.6666666666667
002181.SZ,粤传媒,20240526,-6.6666666666667
002181.SZ,粤传媒,20240525,-6.6666666666667
002181.SZ,粤传媒,20240524,-6.6666666666667
002181.SZ,粤传媒,20240523,-6.6666666666667
002181.SZ,粤传媒,20240522,-6.6666666666667
002181.SZ,粤传媒,20240521,-6.6666666666667
002181.SZ,粤传媒,20240520,-6.6666666666667
002181.SZ,粤传媒,20240519,-6.6666666666667
002181.SZ,粤传媒,20240518,-6.6666666666667
002181.SZ,粤传媒,20240517,-6.6666666666667
002181.SZ,粤传媒,20240516,-6.6666666666667
002181.SZ,粤传媒,20240515,-6.6666666666667
002181.SZ,粤传媒,20240514,-6.6666666666667
002181.SZ,粤传媒,20240513,-6.6666666666667
002181.SZ,粤传媒,20240512,-6.6666666666667
002181.SZ,粤传媒,20240511,-6.6666666666667
002181.SZ,粤传媒,20240510,-6.6666666666667
002181.SZ,粤传媒,20240509,-6.6666666666667
002181.SZ,粤传媒,20240508,-6.6666666666667
002181.SZ,粤传媒,20240507,-6.6666666666667
002181.SZ,粤传媒,20240506,-6.6666666666667
002181.SZ,粤传媒,20240505,-6.6666666666667
002181.SZ,粤传媒,20240504,-6.6666666666667
002181.SZ,粤传媒,20240503,-6.6666666666667
002181.SZ,粤传媒,20240502,-6.6666666666667
002181.SZ,粤传媒,20240501,-6.6666666666667
002181.SZ,粤传媒,20240430,-6.6820276497696
002181.SZ,粤传媒,20240429,-6.6820276497696
002181.SZ,粤传媒,20240428,-6.6820276497696
002181.SZ,粤传媒,20240427,-6.6820276497696
002181.SZ,粤传媒,20240426,-6.6820276497696
002181.SZ,粤传媒,20240425,-6.6820276497696
002181.SZ,粤传媒,20240424,-6.6820276497696
002181.SZ,粤传媒,20240423,-6.6820276497696
002181.SZ,粤传媒,20240422,-6.6820276497696
002181.SZ,粤传媒,20240421,-6.6820276497696
002181.SZ,粤传媒,20240420,-6.6820276497696
002181.SZ,粤传媒,20240419,-6.6820276497696
002181.SZ,粤传媒,20240418,-6.6820276497696
002181.SZ,粤传媒,20240417,-6.6820276497696
002181.SZ,粤传媒,20240416,-6.6820276497696
002181.SZ,粤传媒,20240415,-6.6820276497696
002181.SZ,粤传媒,20240414,-6.6820276497696
002181.SZ,粤传媒,20240413,-6.6820276497696
002181.SZ,粤传媒,20240412,-6.6820276497696
002181.SZ,粤传媒,20240411,-6.6820276497696
002181.SZ,粤传媒,20240410,-6.6820276497696
002181.SZ,粤传媒,20240409,-6.6820276497696
002181.SZ,粤传媒,20240408,-6.6820276497696
002181.SZ,粤传媒,20240407,-6.6820276497696
002181.SZ,粤传媒,20240406,-6.6820276497696
002181.SZ,粤传媒,20240405,-6.6820276497696
002181.SZ,粤传媒,20240404,-6.6820276497696
002181.SZ,粤传媒,20240403,-6.6820276497696
002181.SZ,粤传媒,20240402,-6.6820276497696
002181.SZ,粤传媒,20240401,-6.6820276497696
002181.SZ,粤传媒,20240331,3.5799522673031
002181.SZ,粤传媒,20240330,3.5799522673031
002181.SZ,粤传媒,20240329,3.5799522673031
002181.SZ,粤传媒,20240328,3.5799522673031
002181.SZ,粤传媒,20240327,3.5799522673031
002181.SZ,粤传媒,20240326,3.5799522673031
002181.SZ,粤传媒,20240325,3.5799522673031
002181.SZ,粤传媒,20240324,3.5799522673031
002181.SZ,粤传媒,20240323,3.5799522673031
002181.SZ,粤传媒,20240322,3.5799522673031
002181.SZ,粤传媒,20240321,3.5799522673031
002181.SZ,粤传媒,20240320,3.5799522673031
002181.SZ,粤传媒,20240319,3.5799522673031
002181.SZ,粤传媒,20240318,3.5799522673031
002181.SZ,粤传媒,20240317,3.5799522673031
002181.SZ,粤传媒,20240316,3.5799522673031
002181.SZ,粤传媒,20240315,3.5799522673031
002181.SZ,粤传媒,20240314,3.5799522673031
002181.SZ,粤传媒,20240313,3.5799522673031
002181.SZ,粤传媒,20240312,3.5799522673031
002181.SZ,粤传媒,20240311,3.5799522673031
002181.SZ,粤传媒,20240310,3.5799522673031
002181.SZ,粤传媒,20240309,3.5799522673031
002181.SZ,粤传媒,20240308,3.5799522673031
002181.SZ,粤传媒,20240307,3.5799522673031
002181.SZ,粤传媒,20240306,3.5799522673031
002181.SZ,粤传媒,20240305,3.5799522673031
002181.SZ,粤传媒,20240304,3.5799522673031
002181.SZ,粤传媒,20240303,3.5799522673031
002181.SZ,粤传媒,20240302,3.5799522673031
002181.SZ,粤传媒,20240301,3.5799522673031
002181.SZ,粤传媒,20240229,-1.8735362997658
002181.SZ,粤传媒,20240228,-1.8735362997658
002181.SZ,粤传媒,20240227,-1.8735362997658
002181.SZ,粤传媒,20240226,-1.8735362997658
002181.SZ,粤传媒,20240225,-1.8735362997658
002181.SZ,粤传媒,20240224,-1.8735362997658
002181.SZ,粤传媒,20240223,-1.8735362997658
002181.SZ,粤传媒,20240222,-1.8735362997658
002181.SZ,粤传媒,20240221,-1.8735362997658
002181.SZ,粤传媒,20240220,-1.8735362997658
002181.SZ,粤传媒,20240219,-1.8735362997658
002181.SZ,粤传媒,20240218,-1.8735362997658
002181.SZ,粤传媒,20240217,-1.8735362997658
002181.SZ,粤传媒,20240216,-1.8735362997658
002181.SZ,粤传媒,20240215,-1.8735362997658
002181.SZ,粤传媒,20240214,-1.8735362997658
002181.SZ,粤传媒,20240213,-1.8735362997658
002181.SZ,粤传媒,20240212,-1.8735362997658
002181.SZ,粤传媒,20240211,-1.8735362997658
002181.SZ,粤传媒,20240210,-1.8735362997658
002181.SZ,粤传媒,20240209,-1.8735362997658
002181.SZ,粤传媒,20240208,-1.8735362997658
002181.SZ,粤传媒,20240207,-1.8735362997658
002181.SZ,粤传媒,20240206,-1.8735362997658
002181.SZ,粤传媒,20240205,-1.8735362997658
002181.SZ,粤传媒,20240204,-1.8735362997658
002181.SZ,粤传媒,20240203,-1.8735362997658
002181.SZ,粤传媒,20240202,-1.8735362997658
002181.SZ,粤传媒,20240201,-1.8735362997658
002181.SZ,粤传媒,20240131,-7.1739130434783
002181.SZ,粤传媒,20240130,-7.1739130434783
002181.SZ,粤传媒,20240129,-7.1739130434783
002181.SZ,粤传媒,20240128,-7.1739130434783
002181.SZ,粤传媒,20240127,-7.1739130434783
002181.SZ,粤传媒,20240126,-7.1739130434783
002181.SZ,粤传媒,20240125,-7.1739130434783
002181.SZ,粤传媒,20240124,-7.1739130434783
002181.SZ,粤传媒,20240123,-7.1739130434783
002181.SZ,粤传媒,20240122,-7.1739130434783
002181.SZ,粤传媒,20240121,-7.1739130434783
002181.SZ,粤传媒,20240120,-7.1739130434783
002181.SZ,粤传媒,20240119,-7.1739130434783
002181.SZ,粤传媒,20240118,-7.1739130434783
002181.SZ,粤传媒,20240117,-7.1739130434783
002181.SZ,粤传媒,20240116,-7.1739130434783
002181.SZ,粤传媒,20240115,-7.1739130434783
002181.SZ,粤传媒,20240114,-7.1739130434783
002181.SZ,粤传媒,20240113,-7.1739130434783
002181.SZ,粤传媒,20240112,-7.1739130434783
002181.SZ,粤传媒,20240111,-7.1739130434783
002181.SZ,粤传媒,20240110,-7.1739130434783
002181.SZ,粤传媒,20240109,-7.1739130434783
002181.SZ,粤传媒,20240108,-7.1739130434783
002181.SZ,粤传媒,20240107,-7.1739130434783
002181.SZ,粤传媒,20240106,-7.1739130434783
002181.SZ,粤传媒,20240105,-7.1739130434783
002181.SZ,粤传媒,20240104,-7.1739130434783
002181.SZ,粤传媒,20240103,-7.1739130434783
002181.SZ,粤传媒,20240102,-7.1739130434783
002181.SZ,粤传媒,20240101,-7.1739130434783
002181.SZ,粤传媒,20231231,-12.045889101338
002181.SZ,粤传媒,20231230,-12.045889101338
002181.SZ,粤传媒,20231229,-12.045889101338
002181.SZ,粤传媒,20231228,-12.045889101338
002181.SZ,粤传媒,20231227,-12.045889101338
002181.SZ,粤传媒,20231226,-12.045889101338
002181.SZ,粤传媒,20231225,-12.045889101338
002181.SZ,粤传媒,20231224,-12.045889101338
002181.SZ,粤传媒,20231223,-12.045889101338
002181.SZ,粤传媒,20231222,-12.045889101338
002181.SZ,粤传媒,20231221,-12.045889101338
002181.SZ,粤传媒,20231220,-12.045889101338
002181.SZ,粤传媒,20231219,-12.045889101338
002181.SZ,粤传媒,20231218,-12.045889101338
002181.SZ,粤传媒,20231217,-12.045889101338
002181.SZ,粤传媒,20231216,-12.045889101338
002181.SZ,粤传媒,20231215,-12.045889101338
002181.SZ,粤传媒,20231214,-12.045889101338
002181.SZ,粤传媒,20231213,-12.045889101338
002181.SZ,粤传媒,20231212,-12.045889101338
002181.SZ,粤传媒,20231211,-12.045889101338
002181.SZ,粤传媒,20231210,-12.045889101338
002181.SZ,粤传媒,20231209,-12.045889101338
002181.SZ,粤传媒,20231208,-12.045889101338
002181.SZ,粤传媒,20231207,-12.045889101338
002181.SZ,粤传媒,20231206,-12.045889101338
002181.SZ,粤传媒,20231205,-12.045889101338
002181.SZ,粤传媒,20231204,-12.045889101338
002181.SZ,粤传媒,20231203,-12.045889101338
002181.SZ,粤传媒,20231202,-12.045889101338
002181.SZ,粤传媒,20231201,-12.045889101338
002181.SZ,粤传媒,20231130,17.264573991031
002181.SZ,粤传媒,20231129,17.264573991031
002181.SZ,粤传媒,20231128,17.264573991031
002181.SZ,粤传媒,20231127,17.264573991031
002181.SZ,粤传媒,20231126,17.264573991031
002181.SZ,粤传媒,20231125,17.264573991031
002181.SZ,粤传媒,20231124,17.264573991031
002181.SZ,粤传媒,20231123,17.264573991031
002181.SZ,粤传媒,20231122,17.264573991031
002181.SZ,粤传媒,20231121,17.264573991031
002181.SZ,粤传媒,20231120,17.264573991031
002181.SZ,粤传媒,20231119,17.264573991031
002181.SZ,粤传媒,20231118,17.264573991031
002181.SZ,粤传媒,20231117,17.264573991031
002181.SZ,粤传媒,20231116,17.264573991031
002181.SZ,粤传媒,20231115,17.264573991031
002181.SZ,粤传媒,20231114,17.264573991031
002181.SZ,粤传媒,20231113,17.264573991031
002181.SZ,粤传媒,20231112,17.264573991031
002181.SZ,粤传媒,20231111,17.264573991031
002181.SZ,粤传媒,20231110,17.264573991031
002181.SZ,粤传媒,20231109,17.264573991031
002181.SZ,粤传媒,20231108,17.264573991031
002181.SZ,粤传媒,20231107,17.264573991031
002181.SZ,粤传媒,20231106,17.264573991031
002181.SZ,粤传媒,20231105,17.264573991031
002181.SZ,粤传媒,20231104,17.264573991031
002181.SZ,粤传媒,20231103,17.264573991031
002181.SZ,粤传媒,20231102,17.264573991031
002181.SZ,粤传媒,20231101,17.264573991031
002181.SZ,粤传媒,20231031,-3.0434782608696
002181.SZ,粤传媒,20231030,-3.0434782608696
002181.SZ,粤传媒,20231029,-3.0434782608696
002181.SZ,粤传媒,20231028,-3.0434782608696
002181.SZ,粤传媒,20231027,-3.0434782608696
002181.SZ,粤传媒,20231026,-3.0434782608696
002181.SZ,粤传媒,20231025,-3.0434782608696
002181.SZ,粤传媒,20231024,-3.0434782608696
002181.SZ,粤传媒,20231023,-3.0434782608696
002181.SZ,粤传媒,20231022,-3.0434782608696
002181.SZ,粤传媒,20231021,-3.0434782608696
002181.SZ,粤传媒,20231020,-3.0434782608696
002181.SZ,粤传媒,20231019,-3.0434782608696
002181.SZ,粤传媒,20231018,-3.0434782608696
002181.SZ,粤传媒,20231017,-3.0434782608696
002181.SZ,粤传媒,20231016,-3.0434782608696
002181.SZ,粤传媒,20231015,-3.0434782608696
002181.SZ,粤传媒,20231014,-3.0434782608696
002181.SZ,粤传媒,20231013,-3.0434782608696
002181.SZ,粤传媒,20231012,-3.0434782608696
002181.SZ,粤传媒,20231011,-3.0434782608696
002181.SZ,粤传媒,20231010,-3.0434782608696
002181.SZ,粤传媒,20231009,-3.0434782608696
002181.SZ,粤传媒,20231008,-3.0434782608696
002181.SZ,粤传媒,20231007,-3.0434782608696
002181.SZ,粤传媒,20231006,-3.0434782608696
002181.SZ,粤传媒,20231005,-3.0434782608696
002181.SZ,粤传媒,20231004,-3.0434782608696
002181.SZ,粤传媒,20231003,-3.0434782608696
002181.SZ,粤传媒,20231002,-3.0434782608696
002181.SZ,粤传媒,20231001,-3.0434782608696
002181.SZ,粤传媒,20230930,-7.0707070707071
002181.SZ,粤传媒,20230929,-7.0707070707071
002181.SZ,粤传媒,20230928,-7.0707070707071
002181.SZ,粤传媒,20230927,-7.0707070707071
002181.SZ,粤传媒,20230926,-7.0707070707071
002181.SZ,粤传媒,20230925,-7.0707070707071
002181.SZ,粤传媒,20230924,-7.0707070707071
002181.SZ,粤传媒,20230923,-7.0707070707071
002181.SZ,粤传媒,20230922,-7.0707070707071
002181.SZ,粤传媒,20230921,-7.0707070707071
002181.SZ,粤传媒,20230920,-7.0707070707071
002181.SZ,粤传媒,20230919,-7.0707070707071
002181.SZ,粤传媒,20230918,-7.0707070707071
002181.SZ,粤传媒,20230917,-7.0707070707071
002181.SZ,粤传媒,20230916,-7.0707070707071
002181.SZ,粤传媒,20230915,-7.0707070707071
002181.SZ,粤传媒,20230914,-7.0707070707071
002181.SZ,粤传媒,20230913,-7.0707070707071
002181.SZ,粤传媒,20230912,-7.0707070707071
002181.SZ,粤传媒,20230911,-7.0707070707071
002181.SZ,粤传媒,20230910,-7.0707070707071
002181.SZ,粤传媒,20230909,-7.0707070707071
002181.SZ,粤传媒,20230908,-7.0707070707071
002181.SZ,粤传媒,20230907,-7.0707070707071
002181.SZ,粤传媒,20230906,-7.0707070707071
002181.SZ,粤传媒,20230905,-7.0707070707071
002181.SZ,粤传媒,20230904,-7.0707070707071
002181.SZ,粤传媒,20230903,-7.0707070707071
002181.SZ,粤传媒,20230902,-7.0707070707071
002181.SZ,粤传媒,20230901,-7.0707070707071
002181.SZ,粤传媒,20230831,-0.80160320641283
002181.SZ,粤传媒,20230830,-0.80160320641283
002181.SZ,粤传媒,20230829,-0.80160320641283
002181.SZ,粤传媒,20230828,-0.80160320641283
002181.SZ,粤传媒,20230827,-0.80160320641283
002181.SZ,粤传媒,20230826,-0.80160320641283
002181.SZ,粤传媒,20230825,-0.80160320641283
002181.SZ,粤传媒,20230824,-0.80160320641283
002181.SZ,粤传媒,20230823,-0.80160320641283
002181.SZ,粤传媒,20230822,-0.80160320641283
002181.SZ,粤传媒,20230821,-0.80160320641283
002181.SZ,粤传媒,20230820,-0.80160320641283
002181.SZ,粤传媒,20230819,-0.80160320641283
002181.SZ,粤传媒,20230818,-0.80160320641283
002181.SZ,粤传媒,20230817,-0.80160320641283
002181.SZ,粤传媒,20230816,-0.80160320641283
002181.SZ,粤传媒,20230815,-0.80160320641283
002181.SZ,粤传媒,20230814,-0.80160320641283
002181.SZ,粤传媒,20230813,-0.80160320641283
002181.SZ,粤传媒,20230812,-0.80160320641283
002181.SZ,粤传媒,20230811,-0.80160320641283
002181.SZ,粤传媒,20230810,-0.80160320641283
002181.SZ,粤传媒,20230809,-0.80160320641283
002181.SZ,粤传媒,20230808,-0.80160320641283
002181.SZ,粤传媒,20230807,-0.80160320641283
002181.SZ,粤传媒,20230806,-0.80160320641283
002181.SZ,粤传媒,20230805,-0.80160320641283
002181.SZ,粤传媒,20230804,-0.80160320641283
002181.SZ,粤传媒,20230803,-0.80160320641283
002181.SZ,粤传媒,20230802,-0.80160320641283
002181.SZ,粤传媒,20230801,-0.80160320641283
002181.SZ,粤传媒,20230731,1.0121457489879
002181.SZ,粤传媒,20230730,1.0121457489879
002181.SZ,粤传媒,20230729,1.0121457489879
002181.SZ,粤传媒,20230728,1.0121457489879
002181.SZ,粤传媒,20230727,1.0121457489879
002181.SZ,粤传媒,20230726,1.0121457489879
002181.SZ,粤传媒,20230725,1.0121457489879
002181.SZ,粤传媒,20230724,1.0121457489879
002181.SZ,粤传媒,20230723,1.0121457489879
002181.SZ,粤传媒,20230722,1.0121457489879
002181.SZ,粤传媒,20230721,1.0121457489879
002181.SZ,粤传媒,20230720,1.0121457489879
002181.SZ,粤传媒,20230719,1.0121457489879
002181.SZ,粤传媒,20230718,1.0121457489879
002181.SZ,粤传媒,20230717,1.0121457489879
002181.SZ,粤传媒,20230716,1.0121457489879
002181.SZ,粤传媒,20230715,1.0121457489879
002181.SZ,粤传媒,20230714,1.0121457489879
002181.SZ,粤传媒,20230713,1.0121457489879
002181.SZ,粤传媒,20230712,1.0121457489879
002181.SZ,粤传媒,20230711,1.0121457489879
002181.SZ,粤传媒,20230710,1.0121457489879
002181.SZ,粤传媒,20230709,1.0121457489879
002181.SZ,粤传媒,20230708,1.0121457489879
002181.SZ,粤传媒,20230707,1.0121457489879
002181.SZ,粤传媒,20230706,1.0121457489879
002181.SZ,粤传媒,20230705,1.0121457489879
002181.SZ,粤传媒,20230704,1.0121457489879
002181.SZ,粤传媒,20230703,1.0121457489879
002181.SZ,粤传媒,20230702,1.0121457489879
002181.SZ,粤传媒,20230701,1.0121457489879
002181.SZ,粤传媒,20230630,-7.4906367041198
002181.SZ,粤传媒,20230629,-7.4906367041198
002181.SZ,粤传媒,20230628,-7.4906367041198
002181.SZ,粤传媒,20230627,-7.4906367041198
002181.SZ,粤传媒,20230626,-7.4906367041198
002181.SZ,粤传媒,20230625,-7.4906367041198
002181.SZ,粤传媒,20230624,-7.4906367041198
002181.SZ,粤传媒,20230623,-7.4906367041198
002181.SZ,粤传媒,20230622,-7.4906367041198
002181.SZ,粤传媒,20230621,-7.4906367041198
002181.SZ,粤传媒,20230620,-7.4906367041198
002181.SZ,粤传媒,20230619,-7.4906367041198
002181.SZ,粤传媒,20230618,-7.4906367041198
002181.SZ,粤传媒,20230617,-7.4906367041198
002181.SZ,粤传媒,20230616,-7.4906367041198
002181.SZ,粤传媒,20230615,-7.4906367041198
002181.SZ,粤传媒,20230614,-7.4906367041198
002181.SZ,粤传媒,20230613,-7.4906367041198
002181.SZ,粤传媒,20230612,-7.4906367041198
002181.SZ,粤传媒,20230611,-7.4906367041198
002181.SZ,粤传媒,20230610,-7.4906367041198
002181.SZ,粤传媒,20230609,-7.4906367041198
002181.SZ,粤传媒,20230608,-7.4906367041198
002181.SZ,粤传媒,20230607,-7.4906367041198
002181.SZ,粤传媒,20230606,-7.4906367041198
002181.SZ,粤传媒,20230605,-7.4906367041198
002181.SZ,粤传媒,20230604,-7.4906367041198
002181.SZ,粤传媒,20230603,-7.4906367041198
002181.SZ,粤传媒,20230602,-7.4906367041198
002181.SZ,粤传媒,20230601,-7.4906367041198
002181.SZ,粤传媒,20230531,-19.940029985007
002181.SZ,粤传媒,20230530,-19.940029985007
002181.SZ,粤传媒,20230529,-19.940029985007
002181.SZ,粤传媒,20230528,-19.940029985007
002181.SZ,粤传媒,20230527,-19.940029985007
002181.SZ,粤传媒,20230526,-19.940029985007
002181.SZ,粤传媒,20230525,-19.940029985007
002181.SZ,粤传媒,20230524,-19.940029985007
002181.SZ,粤传媒,20230523,-19.940029985007
002181.SZ,粤传媒,20230522,-19.940029985007
002181.SZ,粤传媒,20230521,-19.940029985007
002181.SZ,粤传媒,20230520,-19.940029985007
002181.SZ,粤传媒,20230519,-19.940029985007
002181.SZ,粤传媒,20230518,-19.940029985007
002181.SZ,粤传媒,20230517,-19.940029985007
002181.SZ,粤传媒,20230516,-19.940029985007
002181.SZ,粤传媒,20230515,-19.940029985007
002181.SZ,粤传媒,20230514,-19.940029985007
002181.SZ,粤传媒,20230513,-19.940029985007
002181.SZ,粤传媒,20230512,-19.940029985007
002181.SZ,粤传媒,20230511,-19.940029985007
002181.SZ,粤传媒,20230510,-19.940029985007
002181.SZ,粤传媒,20230509,-19.940029985007
002181.SZ,粤传媒,20230508,-19.940029985007
002181.SZ,粤传媒,20230507,-19.940029985007
002181.SZ,粤传媒,20230506,-19.940029985007
002181.SZ,粤传媒,20230505,-19.940029985007
002181.SZ,粤传媒,20230504,-19.940029985007
002181.SZ,粤传媒,20230503,-19.940029985007
002181.SZ,粤传媒,20230502,-19.940029985007
002181.SZ,粤传媒,20230501,-19.940029985007
002181.SZ,粤传媒,20230430,15.798611111111
002181.SZ,粤传媒,20230429,15.798611111111
002181.SZ,粤传媒,20230428,15.798611111111
002181.SZ,粤传媒,20230427,15.798611111111
002181.SZ,粤传媒,20230426,15.798611111111
002181.SZ,粤传媒,20230425,15.798611111111
002181.SZ,粤传媒,20230424,15.798611111111
002181.SZ,粤传媒,20230423,15.798611111111
002181.SZ,粤传媒,20230422,15.798611111111
002181.SZ,粤传媒,20230421,15.798611111111
002181.SZ,粤传媒,20230420,15.798611111111
002181.SZ,粤传媒,20230419,15.798611111111
002181.SZ,粤传媒,20230418,15.798611111111
002181.SZ,粤传媒,20230417,15.798611111111
002181.SZ,粤传媒,20230416,15.798611111111
002181.SZ,粤传媒,20230415,15.798611111111
002181.SZ,粤传媒,20230414,15.798611111111
002181.SZ,粤传媒,20230413,15.798611111111
002181.SZ,粤传媒,20230412,15.798611111111
002181.SZ,粤传媒,20230411,15.798611111111
002181.SZ,粤传媒,20230410,15.798611111111
002181.SZ,粤传媒,20230409,15.798611111111
002181.SZ,粤传媒,20230408,15.798611111111
002181.SZ,粤传媒,20230407,15.798611111111
002181.SZ,粤传媒,20230406,15.798611111111
002181.SZ,粤传媒,20230405,15.798611111111
002181.SZ,粤传媒,20230404,15.798611111111
002181.SZ,粤传媒,20230403,15.798611111111
002181.SZ,粤传媒,20230402,15.798611111111
002181.SZ,粤传媒,20230401,15.798611111111
002181.SZ,粤传媒,20230331,6.6666666666667
002181.SZ,粤传媒,20230330,6.6666666666667
002181.SZ,粤传媒,20230329,6.6666666666667
002181.SZ,粤传媒,20230328,6.6666666666667
002181.SZ,粤传媒,20230327,6.6666666666667
002181.SZ,粤传媒,20230326,6.6666666666667
002181.SZ,粤传媒,20230325,6.6666666666667
002181.SZ,粤传媒,20230324,6.6666666666667
002181.SZ,粤传媒,20230323,6.6666666666667
002181.SZ,粤传媒,20230322,6.6666666666667
002181.SZ,粤传媒,20230321,6.6666666666667
002181.SZ,粤传媒,20230320,6.6666666666667
002181.SZ,粤传媒,20230319,6.6666666666667
002181.SZ,粤传媒,20230318,6.6666666666667
002181.SZ,粤传媒,20230317,6.6666666666667
002181.SZ,粤传媒,20230316,6.6666666666667
002181.SZ,粤传媒,20230315,6.6666666666667
002181.SZ,粤传媒,20230314,6.6666666666667
002181.SZ,粤传媒,20230313,6.6666666666667
002181.SZ,粤传媒,20230312,6.6666666666667
002181.SZ,粤传媒,20230311,6.6666666666667
002181.SZ,粤传媒,20230310,6.6666666666667
002181.SZ,粤传媒,20230309,6.6666666666667
002181.SZ,粤传媒,20230308,6.6666666666667
002181.SZ,粤传媒,20230307,6.6666666666667
002181.SZ,粤传媒,20230306,6.6666666666667
002181.SZ,粤传媒,20230305,6.6666666666667
002181.SZ,粤传媒,20230304,6.6666666666667
002181.SZ,粤传媒,20230303,6.6666666666667
002181.SZ,粤传媒,20230302,6.6666666666667
002181.SZ,粤传媒,20230301,6.6666666666667
002181.SZ,粤传媒,20230228,1.313320825516
002181.SZ,粤传媒,20230227,1.313320825516
002181.SZ,粤传媒,20230226,1.313320825516
002181.SZ,粤传媒,20230225,1.313320825516
002181.SZ,粤传媒,20230224,1.313320825516
002181.SZ,粤传媒,20230223,1.313320825516
002181.SZ,粤传媒,20230222,1.313320825516
002181.SZ,粤传媒,20230221,1.313320825516
002181.SZ,粤传媒,20230220,1.313320825516
002181.SZ,粤传媒,20230219,1.313320825516
002181.SZ,粤传媒,20230218,1.313320825516
002181.SZ,粤传媒,20230217,1.313320825516
002181.SZ,粤传媒,20230216,1.313320825516
002181.SZ,粤传媒,20230215,1.313320825516
002181.SZ,粤传媒,20230214,1.313320825516
002181.SZ,粤传媒,20230213,1.313320825516
002181.SZ,粤传媒,20230212,1.313320825516
002181.SZ,粤传媒,20230211,1.313320825516
002181.SZ,粤传媒,20230210,1.313320825516
002181.SZ,粤传媒,20230209,1.313320825516
002181.SZ,粤传媒,20230208,1.313320825516
002181.SZ,粤传媒,20230207,1.313320825516
002181.SZ,粤传媒,20230206,1.313320825516
002181.SZ,粤传媒,20230205,1.313320825516
002181.SZ,粤传媒,20230204,1.313320825516
002181.SZ,粤传媒,20230203,1.313320825516
002181.SZ,粤传媒,20230202,1.313320825516
002181.SZ,粤传媒,20230201,1.313320825516
002181.SZ,粤传媒,20230131,-2.3809523809524
002181.SZ,粤传媒,20230130,-2.3809523809524
002181.SZ,粤传媒,20230129,-2.3809523809524
002181.SZ,粤传媒,20230128,-2.3809523809524
002181.SZ,粤传媒,20230127,-2.3809523809524
002181.SZ,粤传媒,20230126,-2.3809523809524
002181.SZ,粤传媒,20230125,-2.3809523809524
002181.SZ,粤传媒,20230124,-2.3809523809524
002181.SZ,粤传媒,20230123,-2.3809523809524
002181.SZ,粤传媒,20230122,-2.3809523809524
002181.SZ,粤传媒,20230121,-2.3809523809524
002181.SZ,粤传媒,20230120,-2.3809523809524
002181.SZ,粤传媒,20230119,-2.3809523809524
002181.SZ,粤传媒,20230118,-2.3809523809524
002181.SZ,粤传媒,20230117,-2.3809523809524
002181.SZ,粤传媒,20230116,-2.3809523809524
002181.SZ,粤传媒,20230115,-2.3809523809524
002181.SZ,粤传媒,20230114,-2.3809523809524
002181.SZ,粤传媒,20230113,-2.3809523809524
002181.SZ,粤传媒,20230112,-2.3809523809524
002181.SZ,粤传媒,20230111,-2.3809523809524
002181.SZ,粤传媒,20230110,-2.3809523809524
002181.SZ,粤传媒,20230109,-2.3809523809524
002181.SZ,粤传媒,20230108,-2.3809523809524
002181.SZ,粤传媒,20230107,-2.3809523809524
002181.SZ,粤传媒,20230106,-2.3809523809524
002181.SZ,粤传媒,20230105,-2.3809523809524
002181.SZ,粤传媒,20230104,-2.3809523809524
002181.SZ,粤传媒,20230103,-2.3809523809524
002181.SZ,粤传媒,20230102,-2.3809523809524
002181.SZ,粤传媒,20230101,-2.3809523809524
002181.SZ,粤传媒,20221231,-23.955431754875
002181.SZ,粤传媒,20221230,-23.955431754875
002181.SZ,粤传媒,20221229,-23.955431754875
002181.SZ,粤传媒,20221228,-23.955431754875
002181.SZ,粤传媒,20221227,-23.955431754875
002181.SZ,粤传媒,20221226,-23.955431754875
002181.SZ,粤传媒,20221225,-23.955431754875
002181.SZ,粤传媒,20221224,-23.955431754875
002181.SZ,粤传媒,20221223,-23.955431754875
002181.SZ,粤传媒,20221222,-23.955431754875
002181.SZ,粤传媒,20221221,-23.955431754875
002181.SZ,粤传媒,20221220,-23.955431754875
002181.SZ,粤传媒,20221219,-23.955431754875
002181.SZ,粤传媒,20221218,-23.955431754875
002181.SZ,粤传媒,20221217,-23.955431754875
002181.SZ,粤传媒,20221216,-23.955431754875
002181.SZ,粤传媒,20221215,-23.955431754875
002181.SZ,粤传媒,20221214,-23.955431754875
002181.SZ,粤传媒,20221213,-23.955431754875
002181.SZ,粤传媒,20221212,-23.955431754875
002181.SZ,粤传媒,20221211,-23.955431754875
002181.SZ,粤传媒,20221210,-23.955431754875
002181.SZ,粤传媒,20221209,-23.955431754875
002181.SZ,粤传媒,20221208,-23.955431754875
002181.SZ,粤传媒,20221207,-23.955431754875
002181.SZ,粤传媒,20221206,-23.955431754875
002181.SZ,粤传媒,20221205,-23.955431754875
002181.SZ,粤传媒,20221204,-23.955431754875
002181.SZ,粤传媒,20221203,-23.955431754875
002181.SZ,粤传媒,20221202,-23.955431754875
002181.SZ,粤传媒,20221201,-23.955431754875
002181.SZ,粤传媒,20221130,87.467362924282
002181.SZ,粤传媒,20221129,87.467362924282
002181.SZ,粤传媒,20221128,87.467362924282
002181.SZ,粤传媒,20221127,87.467362924282
002181.SZ,粤传媒,20221126,87.467362924282
002181.SZ,粤传媒,20221125,87.467362924282
002181.SZ,粤传媒,20221124,87.467362924282
002181.SZ,粤传媒,20221123,87.467362924282
002181.SZ,粤传媒,20221122,87.467362924282
002181.SZ,粤传媒,20221121,87.467362924282
002181.SZ,粤传媒,20221120,87.467362924282
002181.SZ,粤传媒,20221119,87.467362924282
002181.SZ,粤传媒,20221118,87.467362924282
002181.SZ,粤传媒,20221117,87.467362924282
002181.SZ,粤传媒,20221116,87.467362924282
002181.SZ,粤传媒,20221115,87.467362924282
002181.SZ,粤传媒,20221114,87.467362924282
002181.SZ,粤传媒,20221113,87.467362924282
002181.SZ,粤传媒,20221112,87.467362924282
002181.SZ,粤传媒,20221111,87.467362924282
002181.SZ,粤传媒,20221110,87.467362924282
002181.SZ,粤传媒,20221109,87.467362924282
002181.SZ,粤传媒,20221108,87.467362924282
002181.SZ,粤传媒,20221107,87.467362924282
002181.SZ,粤传媒,20221106,87.467362924282
002181.SZ,粤传媒,20221105,87.467362924282
002181.SZ,粤传媒,20221104,87.467362924282
002181.SZ,粤传媒,20221103,87.467362924282
002181.SZ,粤传媒,20221102,87.467362924282
002181.SZ,粤传媒,20221101,87.467362924282
002181.SZ,粤传媒,20221031,1.3227513227513
002181.SZ,粤传媒,20221030,1.3227513227513
002181.SZ,粤传媒,20221029,1.3227513227513
002181.SZ,粤传媒,20221028,1.3227513227513
002181.SZ,粤传媒,20221027,1.3227513227513
002181.SZ,粤传媒,20221026,1.3227513227513
002181.SZ,粤传媒,20221025,1.3227513227513
002181.SZ,粤传媒,20221024,1.3227513227513
002181.SZ,粤传媒,20221023,1.3227513227513
002181.SZ,粤传媒,20221022,1.3227513227513
002181.SZ,粤传媒,20221021,1.3227513227513
002181.SZ,粤传媒,20221020,1.3227513227513
002181.SZ,粤传媒,20221019,1.3227513227513
002181.SZ,粤传媒,20221018,1.3227513227513
002181.SZ,粤传媒,20221017,1.3227513227513
002181.SZ,粤传媒,20221016,1.3227513227513
002181.SZ,粤传媒,20221015,1.3227513227513
002181.SZ,粤传媒,20221014,1.3227513227513
002181.SZ,粤传媒,20221013,1.3227513227513
002181.SZ,粤传媒,20221012,1.3227513227513
002181.SZ,粤传媒,20221011,1.3227513227513
002181.SZ,粤传媒,20221010,1.3227513227513
002181.SZ,粤传媒,20221009,1.3227513227513
002181.SZ,粤传媒,20221008,1.3227513227513
002181.SZ,粤传媒,20221007,1.3227513227513
002181.SZ,粤传媒,20221006,1.3227513227513
002181.SZ,粤传媒,20221005,1.3227513227513
002181.SZ,粤传媒,20221004,1.3227513227513
002181.SZ,粤传媒,20221003,1.3227513227513
002181.SZ,粤传媒,20221002,1.3227513227513
002181.SZ,粤传媒,20221001,1.3227513227513
002181.SZ,粤传媒,20220930,-23.326572008114
002181.SZ,粤传媒,20220929,-23.326572008114
002181.SZ,粤传媒,20220928,-23.326572008114
002181.SZ,粤传媒,20220927,-23.326572008114
002181.SZ,粤传媒,20220926,-23.326572008114
002181.SZ,粤传媒,20220925,-23.326572008114
002181.SZ,粤传媒,20220924,-23.326572008114
002181.SZ,粤传媒,20220923,-23.326572008114
002181.SZ,粤传媒,20220922,-23.326572008114
002181.SZ,粤传媒,20220921,-23.326572008114
002181.SZ,粤传媒,20220920,-23.326572008114
002181.SZ,粤传媒,20220919,-23.326572008114
002181.SZ,粤传媒,20220918,-23.326572008114
002181.SZ,粤传媒,20220917,-23.326572008114
002181.SZ,粤传媒,20220916,-23.326572008114
002181.SZ,粤传媒,20220915,-23.326572008114
002181.SZ,粤传媒,20220914,-23.326572008114
002181.SZ,粤传媒,20220913,-23.326572008114
002181.SZ,粤传媒,20220912,-23.326572008114
002181.SZ,粤传媒,20220911,-23.326572008114
002181.SZ,粤传媒,20220910,-23.326572008114
002181.SZ,粤传媒,20220909,-23.326572008114
002181.SZ,粤传媒,20220908,-23.326572008114
002181.SZ,粤传媒,20220907,-23.326572008114
002181.SZ,粤传媒,20220906,-23.326572008114
002181.SZ,粤传媒,20220905,-23.326572008114
002181.SZ,粤传媒,20220904,-23.326572008114
002181.SZ,粤传媒,20220903,-23.326572008114
002181.SZ,粤传媒,20220902,-23.326572008114
002181.SZ,粤传媒,20220901,-23.326572008114
002181.SZ,粤传媒,20220831,13.856812933025
002181.SZ,粤传媒,20220830,13.856812933025
002181.SZ,粤传媒,20220829,13.856812933025
002181.SZ,粤传媒,20220828,13.856812933025
002181.SZ,粤传媒,20220827,13.856812933025
002181.SZ,粤传媒,20220826,13.856812933025
002181.SZ,粤传媒,20220825,13.856812933025
002181.SZ,粤传媒,20220824,13.856812933025
002181.SZ,粤传媒,20220823,13.856812933025
002181.SZ,粤传媒,20220822,13.856812933025
002181.SZ,粤传媒,20220821,13.856812933025
002181.SZ,粤传媒,20220820,13.856812933025
002181.SZ,粤传媒,20220819,13.856812933025
002181.SZ,粤传媒,20220818,13.856812933025
002181.SZ,粤传媒,20220817,13.856812933025
002181.SZ,粤传媒,20220816,13.856812933025
002181.SZ,粤传媒,20220815,13.856812933025
002181.SZ,粤传媒,20220814,13.856812933025
002181.SZ,粤传媒,20220813,13.856812933025
002181.SZ,粤传媒,20220812,13.856812933025
002181.SZ,粤传媒,20220811,13.856812933025
002181.SZ,粤传媒,20220810,13.856812933025
002181.SZ,粤传媒,20220809,13.856812933025
002181.SZ,粤传媒,20220808,13.856812933025
002181.SZ,粤传媒,20220807,13.856812933025
002181.SZ,粤传媒,20220806,13.856812933025
002181.SZ,粤传媒,20220805,13.856812933025
002181.SZ,粤传媒,20220804,13.856812933025
002181.SZ,粤传媒,20220803,13.856812933025
002181.SZ,粤传媒,20220802,13.856812933025
002181.SZ,粤传媒,20220801,13.856812933025
002181.SZ,粤传媒,20220731,-1.1415525114155
002181.SZ,粤传媒,20220730,-1.1415525114155
002181.SZ,粤传媒,20220729,-1.1415525114155
002181.SZ,粤传媒,20220728,-1.1415525114155
002181.SZ,粤传媒,20220727,-1.1415525114155
002181.SZ,粤传媒,20220726,-1.1415525114155
002181.SZ,粤传媒,20220725,-1.1415525114155
002181.SZ,粤传媒,20220724,-1.1415525114155
002181.SZ,粤传媒,20220723,-1.1415525114155
002181.SZ,粤传媒,20220722,-1.1415525114155
002181.SZ,粤传媒,20220721,-1.1415525114155
002181.SZ,粤传媒,20220720,-1.1415525114155
002181.SZ,粤传媒,20220719,-1.1415525114155
002181.SZ,粤传媒,20220718,-1.1415525114155
002181.SZ,粤传媒,20220717,-1.1415525114155
002181.SZ,粤传媒,20220716,-1.1415525114155
002181.SZ,粤传媒,20220715,-1.1415525114155
002181.SZ,粤传媒,20220714,-1.1415525114155
002181.SZ,粤传媒,20220713,-1.1415525114155
002181.SZ,粤传媒,20220712,-1.1415525114155
002181.SZ,粤传媒,20220711,-1.1415525114155
002181.SZ,粤传媒,20220710,-1.1415525114155
002181.SZ,粤传媒,20220709,-1.1415525114155
002181.SZ,粤传媒,20220708,-1.1415525114155
002181.SZ,粤传媒,20220707,-1.1415525114155
002181.SZ,粤传媒,20220706,-1.1415525114155
002181.SZ,粤传媒,20220705,-1.1415525114155
002181.SZ,粤传媒,20220704,-1.1415525114155
002181.SZ,粤传媒,20220703,-1.1415525114155
002181.SZ,粤传媒,20220702,-1.1415525114155
002181.SZ,粤传媒,20220701,-1.1415525114155
002181.SZ,粤传媒,20220630,-21.223021582734
002181.SZ,粤传媒,20220629,-21.223021582734
002181.SZ,粤传媒,20220628,-21.223021582734
002181.SZ,粤传媒,20220627,-21.223021582734
002181.SZ,粤传媒,20220626,-21.223021582734
002181.SZ,粤传媒,20220625,-21.223021582734
002181.SZ,粤传媒,20220624,-21.223021582734
002181.SZ,粤传媒,20220623,-21.223021582734
002181.SZ,粤传媒,20220622,-21.223021582734
002181.SZ,粤传媒,20220621,-21.223021582734
002181.SZ,粤传媒,20220620,-21.223021582734
002181.SZ,粤传媒,20220619,-21.223021582734
002181.SZ,粤传媒,20220618,-21.223021582734
002181.SZ,粤传媒,20220617,-21.223021582734
002181.SZ,粤传媒,20220616,-21.223021582734
002181.SZ,粤传媒,20220615,-21.223021582734
002181.SZ,粤传媒,20220614,-21.223021582734
002181.SZ,粤传媒,20220613,-21.223021582734
002181.SZ,粤传媒,20220612,-21.223021582734
002181.SZ,粤传媒,20220611,-21.223021582734
002181.SZ,粤传媒,20220610,-21.223021582734
002181.SZ,粤传媒,20220609,-21.223021582734
002181.SZ,粤传媒,20220608,-21.223021582734
002181.SZ,粤传媒,20220607,-21.223021582734
002181.SZ,粤传媒,20220606,-21.223021582734
002181.SZ,粤传媒,20220605,-21.223021582734
002181.SZ,粤传媒,20220604,-21.223021582734
002181.SZ,粤传媒,20220603,-21.223021582734
002181.SZ,粤传媒,20220602,-21.223021582734
002181.SZ,粤传媒,20220601,-21.223021582734
002181.SZ,粤传媒,20220531,56.179775280899
002181.SZ,粤传媒,20220530,56.179775280899
002181.SZ,粤传媒,20220529,56.179775280899
002181.SZ,粤传媒,20220528,56.179775280899
002181.SZ,粤传媒,20220527,56.179775280899
002181.SZ,粤传媒,20220526,56.179775280899
002181.SZ,粤传媒,20220525,56.179775280899
002181.SZ,粤传媒,20220524,56.179775280899
002181.SZ,粤传媒,20220523,56.179775280899
002181.SZ,粤传媒,20220522,56.179775280899
002181.SZ,粤传媒,20220521,56.179775280899
002181.SZ,粤传媒,20220520,56.179775280899
002181.SZ,粤传媒,20220519,56.179775280899
002181.SZ,粤传媒,20220518,56.179775280899
002181.SZ,粤传媒,20220517,56.179775280899
002181.SZ,粤传媒,20220516,56.179775280899
002181.SZ,粤传媒,20220515,56.179775280899
002181.SZ,粤传媒,20220514,56.179775280899
002181.SZ,粤传媒,20220513,56.179775280899
002181.SZ,粤传媒,20220512,56.179775280899
002181.SZ,粤传媒,20220511,56.179775280899
002181.SZ,粤传媒,20220510,56.179775280899
002181.SZ,粤传媒,20220509,56.179775280899
002181.SZ,粤传媒,20220508,56.179775280899
002181.SZ,粤传媒,20220507,56.179775280899
002181.SZ,粤传媒,20220506,56.179775280899
002181.SZ,粤传媒,20220505,56.179775280899
002181.SZ,粤传媒,20220504,56.179775280899
002181.SZ,粤传媒,20220503,56.179775280899
002181.SZ,粤传媒,20220502,56.179775280899
002181.SZ,粤传媒,20220501,56.179775280899
002181.SZ,粤传媒,20220430,-13.38199513382
002181.SZ,粤传媒,20220429,-13.38199513382
002181.SZ,粤传媒,20220428,-13.38199513382
002181.SZ,粤传媒,20220427,-13.38199513382
002181.SZ,粤传媒,20220426,-13.38199513382
002181.SZ,粤传媒,20220425,-13.38199513382
002181.SZ,粤传媒,20220424,-13.38199513382
002181.SZ,粤传媒,20220423,-13.38199513382
002181.SZ,粤传媒,20220422,-13.38199513382
002181.SZ,粤传媒,20220421,-13.38199513382
002181.SZ,粤传媒,20220420,-13.38199513382
002181.SZ,粤传媒,20220419,-13.38199513382
002181.SZ,粤传媒,20220418,-13.38199513382
002181.SZ,粤传媒,20220417,-13.38199513382
002181.SZ,粤传媒,20220416,-13.38199513382
002181.SZ,粤传媒,20220415,-13.38199513382
002181.SZ,粤传媒,20220414,-13.38199513382
002181.SZ,粤传媒,20220413,-13.38199513382
002181.SZ,粤传媒,20220412,-13.38199513382
002181.SZ,粤传媒,20220411,-13.38199513382
002181.SZ,粤传媒,20220410,-13.38199513382
002181.SZ,粤传媒,20220409,-13.38199513382
002181.SZ,粤传媒,20220408,-13.38199513382
002181.SZ,粤传媒,20220407,-13.38199513382
002181.SZ,粤传媒,20220406,-13.38199513382
002181.SZ,粤传媒,20220405,-13.38199513382
002181.SZ,粤传媒,20220404,-13.38199513382
002181.SZ,粤传媒,20220403,-13.38199513382
002181.SZ,粤传媒,20220402,-13.38199513382
002181.SZ,粤传媒,20220401,-13.38199513382
002181.SZ,粤传媒,20220331,-3.5211267605634
002181.SZ,粤传媒,20220330,-3.5211267605634
002181.SZ,粤传媒,20220329,-3.5211267605634
002181.SZ,粤传媒,20220328,-3.5211267605634
002181.SZ,粤传媒,20220327,-3.5211267605634
002181.SZ,粤传媒,20220326,-3.5211267605634
002181.SZ,粤传媒,20220325,-3.5211267605634
002181.SZ,粤传媒,20220324,-3.5211267605634
002181.SZ,粤传媒,20220323,-3.5211267605634
002181.SZ,粤传媒,20220322,-3.5211267605634
002181.SZ,粤传媒,20220321,-3.5211267605634
002181.SZ,粤传媒,20220320,-3.5211267605634
002181.SZ,粤传媒,20220319,-3.5211267605634
002181.SZ,粤传媒,20220318,-3.5211267605634
002181.SZ,粤传媒,20220317,-3.5211267605634
002181.SZ,粤传媒,20220316,-3.5211267605634
002181.SZ,粤传媒,20220315,-3.5211267605634
002181.SZ,粤传媒,20220314,-3.5211267605634
002181.SZ,粤传媒,20220313,-3.5211267605634
002181.SZ,粤传媒,20220312,-3.5211267605634
002181.SZ,粤传媒,20220311,-3.5211267605634
002181.SZ,粤传媒,20220310,-3.5211267605634
002181.SZ,粤传媒,20220309,-3.5211267605634
002181.SZ,粤传媒,20220308,-3.5211267605634
002181.SZ,粤传媒,20220307,-3.5211267605634
002181.SZ,粤传媒,20220306,-3.5211267605634
002181.SZ,粤传媒,20220305,-3.5211267605634
002181.SZ,粤传媒,20220304,-3.5211267605634
002181.SZ,粤传媒,20220303,-3.5211267605634
002181.SZ,粤传媒,20220302,-3.5211267605634
002181.SZ,粤传媒,20220301,-3.5211267605634
002181.SZ,粤传媒,20220228,1.9138755980861
002181.SZ,粤传媒,20220227,1.9138755980861
002181.SZ,粤传媒,20220226,1.9138755980861
002181.SZ,粤传媒,20220225,1.9138755980861
002181.SZ,粤传媒,20220224,1.9138755980861
002181.SZ,粤传媒,20220223,1.9138755980861
002181.SZ,粤传媒,20220222,1.9138755980861
002181.SZ,粤传媒,20220221,1.9138755980861
002181.SZ,粤传媒,20220220,1.9138755980861
002181.SZ,粤传媒,20220219,1.9138755980861
002181.SZ,粤传媒,20220218,1.9138755980861
002181.SZ,粤传媒,20220217,1.9138755980861
002181.SZ,粤传媒,20220216,1.9138755980861
002181.SZ,粤传媒,20220215,1.9138755980861
002181.SZ,粤传媒,20220214,1.9138755980861
002181.SZ,粤传媒,20220213,1.9138755980861
002181.SZ,粤传媒,20220212,1.9138755980861
002181.SZ,粤传媒,20220211,1.9138755980861
002181.SZ,粤传媒,20220210,1.9138755980861
002181.SZ,粤传媒,20220209,1.9138755980861
002181.SZ,粤传媒,20220208,1.9138755980861
002181.SZ,粤传媒,20220207,1.9138755980861
002181.SZ,粤传媒,20220206,1.9138755980861
002181.SZ,粤传媒,20220205,1.9138755980861
002181.SZ,粤传媒,20220204,1.9138755980861
002181.SZ,粤传媒,20220203,1.9138755980861
002181.SZ,粤传媒,20220202,1.9138755980861
002181.SZ,粤传媒,20220201,1.9138755980861
002181.SZ,粤传媒,20220131,-8.1318681318681
002181.SZ,粤传媒,20220130,-8.1318681318681
002181.SZ,粤传媒,20220129,-8.1318681318681
002181.SZ,粤传媒,20220128,-8.1318681318681
002181.SZ,粤传媒,20220127,-8.1318681318681
002181.SZ,粤传媒,20220126,-8.1318681318681
002181.SZ,粤传媒,20220125,-8.1318681318681
002181.SZ,粤传媒,20220124,-8.1318681318681
002181.SZ,粤传媒,20220123,-8.1318681318681
002181.SZ,粤传媒,20220122,-8.1318681318681
002181.SZ,粤传媒,20220121,-8.1318681318681
002181.SZ,粤传媒,20220120,-8.1318681318681
002181.SZ,粤传媒,20220119,-8.1318681318681
002181.SZ,粤传媒,20220118,-8.1318681318681
002181.SZ,粤传媒,20220117,-8.1318681318681
002181.SZ,粤传媒,20220116,-8.1318681318681
002181.SZ,粤传媒,20220115,-8.1318681318681
002181.SZ,粤传媒,20220114,-8.1318681318681
002181.SZ,粤传媒,20220113,-8.1318681318681
002181.SZ,粤传媒,20220112,-8.1318681318681
002181.SZ,粤传媒,20220111,-8.1318681318681
002181.SZ,粤传媒,20220110,-8.1318681318681
002181.SZ,粤传媒,20220109,-8.1318681318681
002181.SZ,粤传媒,20220108,-8.1318681318681
002181.SZ,粤传媒,20220107,-8.1318681318681
002181.SZ,粤传媒,20220106,-8.1318681318681
002181.SZ,粤传媒,20220105,-8.1318681318681
002181.SZ,粤传媒,20220104,-8.1318681318681
002181.SZ,粤传媒,20220103,-8.1318681318681
002181.SZ,粤传媒,20220102,-8.1318681318681
002181.SZ,粤传媒,20220101,-8.1318681318681
002181.SZ,粤传媒,20211231,13.75
002181.SZ,粤传媒,20211230,13.75
002181.SZ,粤传媒,20211229,13.75
002181.SZ,粤传媒,20211228,13.75
002181.SZ,粤传媒,20211227,13.75
002181.SZ,粤传媒,20211226,13.75
002181.SZ,粤传媒,20211225,13.75
002181.SZ,粤传媒,20211224,13.75
002181.SZ,粤传媒,20211223,13.75
002181.SZ,粤传媒,20211222,13.75
002181.SZ,粤传媒,20211221,13.75
002181.SZ,粤传媒,20211220,13.75
002181.SZ,粤传媒,20211219,13.75
002181.SZ,粤传媒,20211218,13.75
002181.SZ,粤传媒,20211217,13.75
002181.SZ,粤传媒,20211216,13.75
002181.SZ,粤传媒,20211215,13.75
002181.SZ,粤传媒,20211214,13.75
002181.SZ,粤传媒,20211213,13.75
002181.SZ,粤传媒,20211212,13.75
002181.SZ,粤传媒,20211211,13.75
002181.SZ,粤传媒,20211210,13.75
002181.SZ,粤传媒,20211209,13.75
002181.SZ,粤传媒,20211208,13.75
002181.SZ,粤传媒,20211207,13.75
002181.SZ,粤传媒,20211206,13.75
002181.SZ,粤传媒,20211205,13.75
002181.SZ,粤传媒,20211204,13.75
002181.SZ,粤传媒,20211203,13.75
002181.SZ,粤传媒,20211202,13.75
002181.SZ,粤传媒,20211201,13.75
002181.SZ,粤传媒,20211130,2.0408163265306
002181.SZ,粤传媒,20211129,2.0408163265306
002181.SZ,粤传媒,20211128,2.0408163265306
002181.SZ,粤传媒,20211127,2.0408163265306
002181.SZ,粤传媒,20211126,2.0408163265306
002181.SZ,粤传媒,20211125,2.0408163265306
002181.SZ,粤传媒,20211124,2.0408163265306
002181.SZ,粤传媒,20211123,2.0408163265306
002181.SZ,粤传媒,20211122,2.0408163265306
002181.SZ,粤传媒,20211121,2.0408163265306
002181.SZ,粤传媒,20211120,2.0408163265306
002181.SZ,粤传媒,20211119,2.0408163265306
002181.SZ,粤传媒,20211118,2.0408163265306
002181.SZ,粤传媒,20211117,2.0408163265306
002181.SZ,粤传媒,20211116,2.0408163265306
002181.SZ,粤传媒,20211115,2.0408163265306
002181.SZ,粤传媒,20211114,2.0408163265306
002181.SZ,粤传媒,20211113,2.0408163265306
002181.SZ,粤传媒,20211112,2.0408163265306
002181.SZ,粤传媒,20211111,2.0408163265306
002181.SZ,粤传媒,20211110,2.0408163265306
002181.SZ,粤传媒,20211109,2.0408163265306
002181.SZ,粤传媒,20211108,2.0408163265306
002181.SZ,粤传媒,20211107,2.0408163265306
002181.SZ,粤传媒,20211106,2.0408163265306
002181.SZ,粤传媒,20211105,2.0408163265306
002181.SZ,粤传媒,20211104,2.0408163265306
002181.SZ,粤传媒,20211103,2.0408163265306
002181.SZ,粤传媒,20211102,2.0408163265306
002181.SZ,粤传媒,20211101,2.0408163265306
002181.SZ,粤传媒,20211031,-2.7295285359802
002181.SZ,粤传媒,20211030,-2.7295285359802
002181.SZ,粤传媒,20211029,-2.7295285359802
002181.SZ,粤传媒,20211028,-2.7295285359802
002181.SZ,粤传媒,20211027,-2.7295285359802
002181.SZ,粤传媒,20211026,-2.7295285359802
002181.SZ,粤传媒,20211025,-2.7295285359802
002181.SZ,粤传媒,20211024,-2.7295285359802
002181.SZ,粤传媒,20211023,-2.7295285359802
002181.SZ,粤传媒,20211022,-2.7295285359802
002181.SZ,粤传媒,20211021,-2.7295285359802
002181.SZ,粤传媒,20211020,-2.7295285359802
002181.SZ,粤传媒,20211019,-2.7295285359802
002181.SZ,粤传媒,20211018,-2.7295285359802
002181.SZ,粤传媒,20211017,-2.7295285359802
002181.SZ,粤传媒,20211016,-2.7295285359802
002181.SZ,粤传媒,20211015,-2.7295285359802
002181.SZ,粤传媒,20211014,-2.7295285359802
002181.SZ,粤传媒,20211013,-2.7295285359802
002181.SZ,粤传媒,20211012,-2.7295285359802
002181.SZ,粤传媒,20211011,-2.7295285359802
002181.SZ,粤传媒,20211010,-2.7295285359802
002181.SZ,粤传媒,20211009,-2.7295285359802
002181.SZ,粤传媒,20211008,-2.7295285359802
002181.SZ,粤传媒,20211007,-2.7295285359802
002181.SZ,粤传媒,20211006,-2.7295285359802
002181.SZ,粤传媒,20211005,-2.7295285359802
002181.SZ,粤传媒,20211004,-2.7295285359802
002181.SZ,粤传媒,20211003,-2.7295285359802
002181.SZ,粤传媒,20211002,-2.7295285359802
002181.SZ,粤传媒,20211001,-2.7295285359802
002181.SZ,粤传媒,20210930,-2.6570048309179
002181.SZ,粤传媒,20210929,-2.6570048309179
002181.SZ,粤传媒,20210928,-2.6570048309179
002181.SZ,粤传媒,20210927,-2.6570048309179
002181.SZ,粤传媒,20210926,-2.6570048309179
002181.SZ,粤传媒,20210925,-2.6570048309179
002181.SZ,粤传媒,20210924,-2.6570048309179
002181.SZ,粤传媒,20210923,-2.6570048309179
002181.SZ,粤传媒,20210922,-2.6570048309179
002181.SZ,粤传媒,20210921,-2.6570048309179
002181.SZ,粤传媒,20210920,-2.6570048309179
002181.SZ,粤传媒,20210919,-2.6570048309179
002181.SZ,粤传媒,20210918,-2.6570048309179
002181.SZ,粤传媒,20210917,-2.6570048309179
002181.SZ,粤传媒,20210916,-2.6570048309179
002181.SZ,粤传媒,20210915,-2.6570048309179
002181.SZ,粤传媒,20210914,-2.6570048309179
002181.SZ,粤传媒,20210913,-2.6570048309179
002181.SZ,粤传媒,20210912,-2.6570048309179
002181.SZ,粤传媒,20210911,-2.6570048309179
002181.SZ,粤传媒,20210910,-2.6570048309179
002181.SZ,粤传媒,20210909,-2.6570048309179
002181.SZ,粤传媒,20210908,-2.6570048309179
002181.SZ,粤传媒,20210907,-2.6570048309179
002181.SZ,粤传媒,20210906,-2.6570048309179
002181.SZ,粤传媒,20210905,-2.6570048309179
002181.SZ,粤传媒,20210904,-2.6570048309179
002181.SZ,粤传媒,20210903,-2.6570048309179
002181.SZ,粤传媒,20210902,-2.6570048309179
002181.SZ,粤传媒,20210901,-2.6570048309179
002181.SZ,粤传媒,20210831,2.4752475247525
002181.SZ,粤传媒,20210830,2.4752475247525
002181.SZ,粤传媒,20210829,2.4752475247525
002181.SZ,粤传媒,20210828,2.4752475247525
002181.SZ,粤传媒,20210827,2.4752475247525
002181.SZ,粤传媒,20210826,2.4752475247525
002181.SZ,粤传媒,20210825,2.4752475247525
002181.SZ,粤传媒,20210824,2.4752475247525
002181.SZ,粤传媒,20210823,2.4752475247525
002181.SZ,粤传媒,20210822,2.4752475247525
002181.SZ,粤传媒,20210821,2.4752475247525
002181.SZ,粤传媒,20210820,2.4752475247525
002181.SZ,粤传媒,20210819,2.4752475247525
002181.SZ,粤传媒,20210818,2.4752475247525
002181.SZ,粤传媒,20210817,2.4752475247525
002181.SZ,粤传媒,20210816,2.4752475247525
002181.SZ,粤传媒,20210815,2.4752475247525
002181.SZ,粤传媒,20210814,2.4752475247525
002181.SZ,粤传媒,20210813,2.4752475247525
002181.SZ,粤传媒,20210812,2.4752475247525
002181.SZ,粤传媒,20210811,2.4752475247525
002181.SZ,粤传媒,20210810,2.4752475247525
002181.SZ,粤传媒,20210809,2.4752475247525
002181.SZ,粤传媒,20210808,2.4752475247525
002181.SZ,粤传媒,20210807,2.4752475247525
002181.SZ,粤传媒,20210806,2.4752475247525
002181.SZ,粤传媒,20210805,2.4752475247525
002181.SZ,粤传媒,20210804,2.4752475247525
002181.SZ,粤传媒,20210803,2.4752475247525
002181.SZ,粤传媒,20210802,2.4752475247525
002181.SZ,粤传媒,20210801,2.4752475247525
002181.SZ,粤传媒,20210731,-5.607476635514
002181.SZ,粤传媒,20210730,-5.607476635514
002181.SZ,粤传媒,20210729,-5.607476635514
002181.SZ,粤传媒,20210728,-5.607476635514
002181.SZ,粤传媒,20210727,-5.607476635514
002181.SZ,粤传媒,20210726,-5.607476635514
002181.SZ,粤传媒,20210725,-5.607476635514
002181.SZ,粤传媒,20210724,-5.607476635514
002181.SZ,粤传媒,20210723,-5.607476635514
002181.SZ,粤传媒,20210722,-5.607476635514
002181.SZ,粤传媒,20210721,-5.607476635514
002181.SZ,粤传媒,20210720,-5.607476635514
002181.SZ,粤传媒,20210719,-5.607476635514
002181.SZ,粤传媒,20210718,-5.607476635514
002181.SZ,粤传媒,20210717,-5.607476635514
002181.SZ,粤传媒,20210716,-5.607476635514
002181.SZ,粤传媒,20210715,-5.607476635514
002181.SZ,粤传媒,20210714,-5.607476635514
002181.SZ,粤传媒,20210713,-5.607476635514
002181.SZ,粤传媒,20210712,-5.607476635514
002181.SZ,粤传媒,20210711,-5.607476635514
002181.SZ,粤传媒,20210710,-5.607476635514
002181.SZ,粤传媒,20210709,-5.607476635514
002181.SZ,粤传媒,20210708,-5.607476635514
002181.SZ,粤传媒,20210707,-5.607476635514
002181.SZ,粤传媒,20210706,-5.607476635514
002181.SZ,粤传媒,20210705,-5.607476635514
002181.SZ,粤传媒,20210704,-5.607476635514
002181.SZ,粤传媒,20210703,-5.607476635514
002181.SZ,粤传媒,20210702,-5.607476635514
002181.SZ,粤传媒,20210701,-5.607476635514
002181.SZ,粤传媒,20210630,-5.09977827051
002181.SZ,粤传媒,20210629,-5.09977827051
002181.SZ,粤传媒,20210628,-5.09977827051
002181.SZ,粤传媒,20210627,-5.09977827051
002181.SZ,粤传媒,20210626,-5.09977827051
002181.SZ,粤传媒,20210625,-5.09977827051
002181.SZ,粤传媒,20210624,-5.09977827051
002181.SZ,粤传媒,20210623,-5.09977827051
002181.SZ,粤传媒,20210622,-5.09977827051
002181.SZ,粤传媒,20210621,-5.09977827051
002181.SZ,粤传媒,20210620,-5.09977827051
002181.SZ,粤传媒,20210619,-5.09977827051
002181.SZ,粤传媒,20210618,-5.09977827051
002181.SZ,粤传媒,20210617,-5.09977827051
002181.SZ,粤传媒,20210616,-5.09977827051
002181.SZ,粤传媒,20210615,-5.09977827051
002181.SZ,粤传媒,20210614,-5.09977827051
002181.SZ,粤传媒,20210613,-5.09977827051
002181.SZ,粤传媒,20210612,-5.09977827051
002181.SZ,粤传媒,20210611,-5.09977827051
002181.SZ,粤传媒,20210610,-5.09977827051
002181.SZ,粤传媒,20210609,-5.09977827051
002181.SZ,粤传媒,20210608,-5.09977827051
002181.SZ,粤传媒,20210607,-5.09977827051
002181.SZ,粤传媒,20210606,-5.09977827051
002181.SZ,粤传媒,20210605,-5.09977827051
002181.SZ,粤传媒,20210604,-5.09977827051
002181.SZ,粤传媒,20210603,-5.09977827051
002181.SZ,粤传媒,20210602,-5.09977827051
002181.SZ,粤传媒,20210601,-5.09977827051
002181.SZ,粤传媒,20210531,6.6193853427896
002181.SZ,粤传媒,20210530,6.6193853427896
002181.SZ,粤传媒,20210529,6.6193853427896
002181.SZ,粤传媒,20210528,6.6193853427896
002181.SZ,粤传媒,20210527,6.6193853427896
002181.SZ,粤传媒,20210526,6.6193853427896
002181.SZ,粤传媒,20210525,6.6193853427896
002181.SZ,粤传媒,20210524,6.6193853427896
002181.SZ,粤传媒,20210523,6.6193853427896
002181.SZ,粤传媒,20210522,6.6193853427896
002181.SZ,粤传媒,20210521,6.6193853427896
002181.SZ,粤传媒,20210520,6.6193853427896
002181.SZ,粤传媒,20210519,6.6193853427896
002181.SZ,粤传媒,20210518,6.6193853427896
002181.SZ,粤传媒,20210517,6.6193853427896
002181.SZ,粤传媒,20210516,6.6193853427896
002181.SZ,粤传媒,20210515,6.6193853427896
002181.SZ,粤传媒,20210514,6.6193853427896
002181.SZ,粤传媒,20210513,6.6193853427896
002181.SZ,粤传媒,20210512,6.6193853427896
002181.SZ,粤传媒,20210511,6.6193853427896
002181.SZ,粤传媒,20210510,6.6193853427896
002181.SZ,粤传媒,20210509,6.6193853427896
002181.SZ,粤传媒,20210508,6.6193853427896
002181.SZ,粤传媒,20210507,6.6193853427896
002181.SZ,粤传媒,20210506,6.6193853427896
002181.SZ,粤传媒,20210505,6.6193853427896
002181.SZ,粤传媒,20210504,6.6193853427896
002181.SZ,粤传媒,20210503,6.6193853427896
002181.SZ,粤传媒,20210502,6.6193853427896
002181.SZ,粤传媒,20210501,6.6193853427896
002181.SZ,粤传媒,20210430,0.71428571428572
002181.SZ,粤传媒,20210429,0.71428571428572
002181.SZ,粤传媒,20210428,0.71428571428572
002181.SZ,粤传媒,20210427,0.71428571428572
002181.SZ,粤传媒,20210426,0.71428571428572
002181.SZ,粤传媒,20210425,0.71428571428572
002181.SZ,粤传媒,20210424,0.71428571428572
002181.SZ,粤传媒,20210423,0.71428571428572
002181.SZ,粤传媒,20210422,0.71428571428572
002181.SZ,粤传媒,20210421,0.71428571428572
002181.SZ,粤传媒,20210420,0.71428571428572
002181.SZ,粤传媒,20210419,0.71428571428572
002181.SZ,粤传媒,20210418,0.71428571428572
002181.SZ,粤传媒,20210417,0.71428571428572
002181.SZ,粤传媒,20210416,0.71428571428572
002181.SZ,粤传媒,20210415,0.71428571428572
002181.SZ,粤传媒,20210414,0.71428571428572
002181.SZ,粤传媒,20210413,0.71428571428572
002181.SZ,粤传媒,20210412,0.71428571428572
002181.SZ,粤传媒,20210411,0.71428571428572
002181.SZ,粤传媒,20210410,0.71428571428572
002181.SZ,粤传媒,20210409,0.71428571428572
002181.SZ,粤传媒,20210408,0.71428571428572
002181.SZ,粤传媒,20210407,0.71428571428572
002181.SZ,粤传媒,20210406,0.71428571428572
002181.SZ,粤传媒,20210405,0.71428571428572
002181.SZ,粤传媒,20210404,0.71428571428572
002181.SZ,粤传媒,20210403,0.71428571428572
002181.SZ,粤传媒,20210402,0.71428571428572
002181.SZ,粤传媒,20210401,0.71428571428572
002181.SZ,粤传媒,20210331,0.47846889952154
002181.SZ,粤传媒,20210330,0.47846889952154
002181.SZ,粤传媒,20210329,0.47846889952154
002181.SZ,粤传媒,20210328,0.47846889952154
002181.SZ,粤传媒,20210327,0.47846889952154
002181.SZ,粤传媒,20210326,0.47846889952154
002181.SZ,粤传媒,20210325,0.47846889952154
002181.SZ,粤传媒,20210324,0.47846889952154
002181.SZ,粤传媒,20210323,0.47846889952154
002181.SZ,粤传媒,20210322,0.47846889952154
002181.SZ,粤传媒,20210321,0.47846889952154
002181.SZ,粤传媒,20210320,0.47846889952154
002181.SZ,粤传媒,20210319,0.47846889952154
002181.SZ,粤传媒,20210318,0.47846889952154
002181.SZ,粤传媒,20210317,0.47846889952154
002181.SZ,粤传媒,20210316,0.47846889952154
002181.SZ,粤传媒,20210315,0.47846889952154
002181.SZ,粤传媒,20210314,0.47846889952154
002181.SZ,粤传媒,20210313,0.47846889952154
002181.SZ,粤传媒,20210312,0.47846889952154
002181.SZ,粤传媒,20210311,0.47846889952154
002181.SZ,粤传媒,20210310,0.47846889952154
002181.SZ,粤传媒,20210309,0.47846889952154
002181.SZ,粤传媒,20210308,0.47846889952154
002181.SZ,粤传媒,20210307,0.47846889952154
002181.SZ,粤传媒,20210306,0.47846889952154
002181.SZ,粤传媒,20210305,0.47846889952154
002181.SZ,粤传媒,20210304,0.47846889952154
002181.SZ,粤传媒,20210303,0.47846889952154
002181.SZ,粤传媒,20210302,0.47846889952154
002181.SZ,粤传媒,20210301,0.47846889952154
002181.SZ,粤传媒,20210228,-3.4642032332564
002181.SZ,粤传媒,20210227,-3.4642032332564
002181.SZ,粤传媒,20210226,-3.4642032332564
002181.SZ,粤传媒,20210225,-3.4642032332564
002181.SZ,粤传媒,20210224,-3.4642032332564
002181.SZ,粤传媒,20210223,-3.4642032332564
002181.SZ,粤传媒,20210222,-3.4642032332564
002181.SZ,粤传媒,20210221,-3.4642032332564
002181.SZ,粤传媒,20210220,-3.4642032332564
002181.SZ,粤传媒,20210219,-3.4642032332564
002181.SZ,粤传媒,20210218,-3.4642032332564
002181.SZ,粤传媒,20210217,-3.4642032332564
002181.SZ,粤传媒,20210216,-3.4642032332564
002181.SZ,粤传媒,20210215,-3.4642032332564
002181.SZ,粤传媒,20210214,-3.4642032332564
002181.SZ,粤传媒,20210213,-3.4642032332564
002181.SZ,粤传媒,20210212,-3.4642032332564
002181.SZ,粤传媒,20210211,-3.4642032332564
002181.SZ,粤传媒,20210210,-3.4642032332564
002181.SZ,粤传媒,20210209,-3.4642032332564
002181.SZ,粤传媒,20210208,-3.4642032332564
002181.SZ,粤传媒,20210207,-3.4642032332564
002181.SZ,粤传媒,20210206,-3.4642032332564
002181.SZ,粤传媒,20210205,-3.4642032332564
002181.SZ,粤传媒,20210204,-3.4642032332564
002181.SZ,粤传媒,20210203,-3.4642032332564
002181.SZ,粤传媒,20210202,-3.4642032332564
002181.SZ,粤传媒,20210201,-3.4642032332564
002181.SZ,粤传媒,20210131,-0.23041474654377
002181.SZ,粤传媒,20210130,-0.23041474654377
002181.SZ,粤传媒,20210129,-0.23041474654377
002181.SZ,粤传媒,20210128,-0.23041474654377
002181.SZ,粤传媒,20210127,-0.23041474654377
002181.SZ,粤传媒,20210126,-0.23041474654377
002181.SZ,粤传媒,20210125,-0.23041474654377
002181.SZ,粤传媒,20210124,-0.23041474654377
002181.SZ,粤传媒,20210123,-0.23041474654377
002181.SZ,粤传媒,20210122,-0.23041474654377
002181.SZ,粤传媒,20210121,-0.23041474654377
002181.SZ,粤传媒,20210120,-0.23041474654377
002181.SZ,粤传媒,20210119,-0.23041474654377
002181.SZ,粤传媒,20210118,-0.23041474654377
002181.SZ,粤传媒,20210117,-0.23041474654377
002181.SZ,粤传媒,20210116,-0.23041474654377
002181.SZ,粤传媒,20210115,-0.23041474654377
002181.SZ,粤传媒,20210114,-0.23041474654377
002181.SZ,粤传媒,20210113,-0.23041474654377
002181.SZ,粤传媒,20210112,-0.23041474654377
002181.SZ,粤传媒,20210111,-0.23041474654377
002181.SZ,粤传媒,20210110,-0.23041474654377
002181.SZ,粤传媒,20210109,-0.23041474654377
002181.SZ,粤传媒,20210108,-0.23041474654377
002181.SZ,粤传媒,20210107,-0.23041474654377
002181.SZ,粤传媒,20210106,-0.23041474654377
002181.SZ,粤传媒,20210105,-0.23041474654377
002181.SZ,粤传媒,20210104,-0.23041474654377
002181.SZ,粤传媒,20210103,-0.23041474654377
002181.SZ,粤传媒,20210102,-0.23041474654377
002181.SZ,粤传媒,20210101,-0.23041474654377
002181.SZ,粤传媒,20201231,-12.5
002181.SZ,粤传媒,20201230,-12.5
002181.SZ,粤传媒,20201229,-12.5
002181.SZ,粤传媒,20201228,-12.5
002181.SZ,粤传媒,20201227,-12.5
002181.SZ,粤传媒,20201226,-12.5
002181.SZ,粤传媒,20201225,-12.5
002181.SZ,粤传媒,20201224,-12.5
002181.SZ,粤传媒,20201223,-12.5
002181.SZ,粤传媒,20201222,-12.5
002181.SZ,粤传媒,20201221,-12.5
002181.SZ,粤传媒,20201220,-12.5
002181.SZ,粤传媒,20201219,-12.5
002181.SZ,粤传媒,20201218,-12.5
002181.SZ,粤传媒,20201217,-12.5
002181.SZ,粤传媒,20201216,-12.5
002181.SZ,粤传媒,20201215,-12.5
002181.SZ,粤传媒,20201214,-12.5
002181.SZ,粤传媒,20201213,-12.5
002181.SZ,粤传媒,20201212,-12.5
002181.SZ,粤传媒,20201211,-12.5
002181.SZ,粤传媒,20201210,-12.5
002181.SZ,粤传媒,20201209,-12.5
002181.SZ,粤传媒,20201208,-12.5
002181.SZ,粤传媒,20201207,-12.5
002181.SZ,粤传媒,20201206,-12.5
002181.SZ,粤传媒,20201205,-12.5
002181.SZ,粤传媒,20201204,-12.5
002181.SZ,粤传媒,20201203,-12.5
002181.SZ,粤传媒,20201202,-12.5
002181.SZ,粤传媒,20201201,-12.5
002181.SZ,粤传媒,20201130,4.4210526315789
002181.SZ,粤传媒,20201129,4.4210526315789
002181.SZ,粤传媒,20201128,4.4210526315789
002181.SZ,粤传媒,20201127,4.4210526315789
002181.SZ,粤传媒,20201126,4.4210526315789
002181.SZ,粤传媒,20201125,4.4210526315789
002181.SZ,粤传媒,20201124,4.4210526315789
002181.SZ,粤传媒,20201123,4.4210526315789
002181.SZ,粤传媒,20201122,4.4210526315789
002181.SZ,粤传媒,20201121,4.4210526315789
002181.SZ,粤传媒,20201120,4.4210526315789
002181.SZ,粤传媒,20201119,4.4210526315789
002181.SZ,粤传媒,20201118,4.4210526315789
002181.SZ,粤传媒,20201117,4.4210526315789
002181.SZ,粤传媒,20201116,4.4210526315789
002181.SZ,粤传媒,20201115,4.4210526315789
002181.SZ,粤传媒,20201114,4.4210526315789
002181.SZ,粤传媒,20201113,4.4210526315789
002181.SZ,粤传媒,20201112,4.4210526315789
002181.SZ,粤传媒,20201111,4.4210526315789
002181.SZ,粤传媒,20201110,4.4210526315789
002181.SZ,粤传媒,20201109,4.4210526315789
002181.SZ,粤传媒,20201108,4.4210526315789
002181.SZ,粤传媒,20201107,4.4210526315789
002181.SZ,粤传媒,20201106,4.4210526315789
002181.SZ,粤传媒,20201105,4.4210526315789
002181.SZ,粤传媒,20201104,4.4210526315789
002181.SZ,粤传媒,20201103,4.4210526315789
002181.SZ,粤传媒,20201102,4.4210526315789
002181.SZ,粤传媒,20201101,4.4210526315789
002181.SZ,粤传媒,20201031,4.625550660793
002181.SZ,粤传媒,20201030,4.625550660793
002181.SZ,粤传媒,20201029,4.625550660793
002181.SZ,粤传媒,20201028,4.625550660793
002181.SZ,粤传媒,20201027,4.625550660793
002181.SZ,粤传媒,20201026,4.625550660793
002181.SZ,粤传媒,20201025,4.625550660793
002181.SZ,粤传媒,20201024,4.625550660793
002181.SZ,粤传媒,20201023,4.625550660793
002181.SZ,粤传媒,20201022,4.625550660793
002181.SZ,粤传媒,20201021,4.625550660793
002181.SZ,粤传媒,20201020,4.625550660793
002181.SZ,粤传媒,20201019,4.625550660793
002181.SZ,粤传媒,20201018,4.625550660793
002181.SZ,粤传媒,20201017,4.625550660793
002181.SZ,粤传媒,20201016,4.625550660793
002181.SZ,粤传媒,20201015,4.625550660793
002181.SZ,粤传媒,20201014,4.625550660793
002181.SZ,粤传媒,20201013,4.625550660793
002181.SZ,粤传媒,20201012,4.625550660793
002181.SZ,粤传媒,20201011,4.625550660793
002181.SZ,粤传媒,20201010,4.625550660793
002181.SZ,粤传媒,20201009,4.625550660793
002181.SZ,粤传媒,20201008,4.625550660793
002181.SZ,粤传媒,20201007,4.625550660793
002181.SZ,粤传媒,20201006,4.625550660793
002181.SZ,粤传媒,20201005,4.625550660793
002181.SZ,粤传媒,20201004,4.625550660793
002181.SZ,粤传媒,20201003,4.625550660793
002181.SZ,粤传媒,20201002,4.625550660793
002181.SZ,粤传媒,20201001,4.625550660793
002181.SZ,粤传媒,20200930,-12.185686653772
002181.SZ,粤传媒,20200929,-12.185686653772
002181.SZ,粤传媒,20200928,-12.185686653772
002181.SZ,粤传媒,20200927,-12.185686653772
002181.SZ,粤传媒,20200926,-12.185686653772
002181.SZ,粤传媒,20200925,-12.185686653772
002181.SZ,粤传媒,20200924,-12.185686653772
002181.SZ,粤传媒,20200923,-12.185686653772
002181.SZ,粤传媒,20200922,-12.185686653772
002181.SZ,粤传媒,20200921,-12.185686653772
002181.SZ,粤传媒,20200920,-12.185686653772
002181.SZ,粤传媒,20200919,-12.185686653772
002181.SZ,粤传媒,20200918,-12.185686653772
002181.SZ,粤传媒,20200917,-12.185686653772
002181.SZ,粤传媒,20200916,-12.185686653772
002181.SZ,粤传媒,20200915,-12.185686653772
002181.SZ,粤传媒,20200914,-12.185686653772
002181.SZ,粤传媒,20200913,-12.185686653772
002181.SZ,粤传媒,20200912,-12.185686653772
002181.SZ,粤传媒,20200911,-12.185686653772
002181.SZ,粤传媒,20200910,-12.185686653772
002181.SZ,粤传媒,20200909,-12.185686653772
002181.SZ,粤传媒,20200908,-12.185686653772
002181.SZ,粤传媒,20200907,-12.185686653772
002181.SZ,粤传媒,20200906,-12.185686653772
002181.SZ,粤传媒,20200905,-12.185686653772
002181.SZ,粤传媒,20200904,-12.185686653772
002181.SZ,粤传媒,20200903,-12.185686653772
002181.SZ,粤传媒,20200902,-12.185686653772
002181.SZ,粤传媒,20200901,-12.185686653772
002181.SZ,粤传媒,20200831,0.58365758754864
002181.SZ,粤传媒,20200830,0.58365758754864
002181.SZ,粤传媒,20200829,0.58365758754864
002181.SZ,粤传媒,20200828,0.58365758754864
002181.SZ,粤传媒,20200827,0.58365758754864
002181.SZ,粤传媒,20200826,0.58365758754864
002181.SZ,粤传媒,20200825,0.58365758754864
002181.SZ,粤传媒,20200824,0.58365758754864
002181.SZ,粤传媒,20200823,0.58365758754864
002181.SZ,粤传媒,20200822,0.58365758754864
002181.SZ,粤传媒,20200821,0.58365758754864
002181.SZ,粤传媒,20200820,0.58365758754864
002181.SZ,粤传媒,20200819,0.58365758754864
002181.SZ,粤传媒,20200818,0.58365758754864
002181.SZ,粤传媒,20200817,0.58365758754864
002181.SZ,粤传媒,20200816,0.58365758754864
002181.SZ,粤传媒,20200815,0.58365758754864
002181.SZ,粤传媒,20200814,0.58365758754864
002181.SZ,粤传媒,20200813,0.58365758754864
002181.SZ,粤传媒,20200812,0.58365758754864
002181.SZ,粤传媒,20200811,0.58365758754864
002181.SZ,粤传媒,20200810,0.58365758754864
002181.SZ,粤传媒,20200809,0.58365758754864
002181.SZ,粤传媒,20200808,0.58365758754864
002181.SZ,粤传媒,20200807,0.58365758754864
002181.SZ,粤传媒,20200806,0.58365758754864
002181.SZ,粤传媒,20200805,0.58365758754864
002181.SZ,粤传媒,20200804,0.58365758754864
002181.SZ,粤传媒,20200803,0.58365758754864
002181.SZ,粤传媒,20200802,0.58365758754864
002181.SZ,粤传媒,20200801,0.58365758754864
002181.SZ,粤传媒,20200731,3.420523138833
002181.SZ,粤传媒,20200730,3.420523138833
002181.SZ,粤传媒,20200729,3.420523138833
002181.SZ,粤传媒,20200728,3.420523138833
002181.SZ,粤传媒,20200727,3.420523138833
002181.SZ,粤传媒,20200726,3.420523138833
002181.SZ,粤传媒,20200725,3.420523138833
002181.SZ,粤传媒,20200724,3.420523138833
002181.SZ,粤传媒,20200723,3.420523138833
002181.SZ,粤传媒,20200722,3.420523138833
002181.SZ,粤传媒,20200721,3.420523138833
002181.SZ,粤传媒,20200720,3.420523138833
002181.SZ,粤传媒,20200719,3.420523138833
002181.SZ,粤传媒,20200718,3.420523138833
002181.SZ,粤传媒,20200717,3.420523138833
002181.SZ,粤传媒,20200716,3.420523138833
002181.SZ,粤传媒,20200715,3.420523138833
002181.SZ,粤传媒,20200714,3.420523138833
002181.SZ,粤传媒,20200713,3.420523138833
002181.SZ,粤传媒,20200712,3.420523138833
002181.SZ,粤传媒,20200711,3.420523138833
002181.SZ,粤传媒,20200710,3.420523138833
002181.SZ,粤传媒,20200709,3.420523138833
002181.SZ,粤传媒,20200708,3.420523138833
002181.SZ,粤传媒,20200707,3.420523138833
002181.SZ,粤传媒,20200706,3.420523138833
002181.SZ,粤传媒,20200705,3.420523138833
002181.SZ,粤传媒,20200704,3.420523138833
002181.SZ,粤传媒,20200703,3.420523138833
002181.SZ,粤传媒,20200702,3.420523138833
002181.SZ,粤传媒,20200701,3.420523138833
002181.SZ,粤传媒,20200630,4.8523206751055
002181.SZ,粤传媒,20200629,4.8523206751055
002181.SZ,粤传媒,20200628,4.8523206751055
002181.SZ,粤传媒,20200627,4.8523206751055
002181.SZ,粤传媒,20200626,4.8523206751055
002181.SZ,粤传媒,20200625,4.8523206751055
002181.SZ,粤传媒,20200624,4.8523206751055
002181.SZ,粤传媒,20200623,4.8523206751055
002181.SZ,粤传媒,20200622,4.8523206751055
002181.SZ,粤传媒,20200621,4.8523206751055
002181.SZ,粤传媒,20200620,4.8523206751055
002181.SZ,粤传媒,20200619,4.8523206751055
002181.SZ,粤传媒,20200618,4.8523206751055
002181.SZ,粤传媒,20200617,4.8523206751055
002181.SZ,粤传媒,20200616,4.8523206751055
002181.SZ,粤传媒,20200615,4.8523206751055
002181.SZ,粤传媒,20200614,4.8523206751055
002181.SZ,粤传媒,20200613,4.8523206751055
002181.SZ,粤传媒,20200612,4.8523206751055
002181.SZ,粤传媒,20200611,4.8523206751055
002181.SZ,粤传媒,20200610,4.8523206751055
002181.SZ,粤传媒,20200609,4.8523206751055
002181.SZ,粤传媒,20200608,4.8523206751055
002181.SZ,粤传媒,20200607,4.8523206751055
002181.SZ,粤传媒,20200606,4.8523206751055
002181.SZ,粤传媒,20200605,4.8523206751055
002181.SZ,粤传媒,20200604,4.8523206751055
002181.SZ,粤传媒,20200603,4.8523206751055
002181.SZ,粤传媒,20200602,4.8523206751055
002181.SZ,粤传媒,20200601,4.8523206751055
002181.SZ,粤传媒,20200531,4.4052863436123
002181.SZ,粤传媒,20200530,4.4052863436123
002181.SZ,粤传媒,20200529,4.4052863436123
002181.SZ,粤传媒,20200528,4.4052863436123
002181.SZ,粤传媒,20200527,4.4052863436123
002181.SZ,粤传媒,20200526,4.4052863436123
002181.SZ,粤传媒,20200525,4.4052863436123
002181.SZ,粤传媒,20200524,4.4052863436123
002181.SZ,粤传媒,20200523,4.4052863436123
002181.SZ,粤传媒,20200522,4.4052863436123
002181.SZ,粤传媒,20200521,4.4052863436123
002181.SZ,粤传媒,20200520,4.4052863436123
002181.SZ,粤传媒,20200519,4.4052863436123
002181.SZ,粤传媒,20200518,4.4052863436123
002181.SZ,粤传媒,20200517,4.4052863436123
002181.SZ,粤传媒,20200516,4.4052863436123
002181.SZ,粤传媒,20200515,4.4052863436123
002181.SZ,粤传媒,20200514,4.4052863436123
002181.SZ,粤传媒,20200513,4.4052863436123
002181.SZ,粤传媒,20200512,4.4052863436123
002181.SZ,粤传媒,20200511,4.4052863436123
002181.SZ,粤传媒,20200510,4.4052863436123
002181.SZ,粤传媒,20200509,4.4052863436123
002181.SZ,粤传媒,20200508,4.4052863436123
002181.SZ,粤传媒,20200507,4.4052863436123
002181.SZ,粤传媒,20200506,4.4052863436123
002181.SZ,粤传媒,20200505,4.4052863436123
002181.SZ,粤传媒,20200504,4.4052863436123
002181.SZ,粤传媒,20200503,4.4052863436123
002181.SZ,粤传媒,20200502,4.4052863436123
002181.SZ,粤传媒,20200501,4.4052863436123
002181.SZ,粤传媒,20200430,2.0224719101124
002181.SZ,粤传媒,20200429,2.0224719101124
002181.SZ,粤传媒,20200428,2.0224719101124
002181.SZ,粤传媒,20200427,2.0224719101124
002181.SZ,粤传媒,20200426,2.0224719101124
002181.SZ,粤传媒,20200425,2.0224719101124
002181.SZ,粤传媒,20200424,2.0224719101124
002181.SZ,粤传媒,20200423,2.0224719101124
002181.SZ,粤传媒,20200422,2.0224719101124
002181.SZ,粤传媒,20200421,2.0224719101124
002181.SZ,粤传媒,20200420,2.0224719101124
002181.SZ,粤传媒,20200419,2.0224719101124
002181.SZ,粤传媒,20200418,2.0224719101124
002181.SZ,粤传媒,20200417,2.0224719101124
002181.SZ,粤传媒,20200416,2.0224719101124
002181.SZ,粤传媒,20200415,2.0224719101124
002181.SZ,粤传媒,20200414,2.0224719101124
002181.SZ,粤传媒,20200413,2.0224719101124
002181.SZ,粤传媒,20200412,2.0224719101124
002181.SZ,粤传媒,20200411,2.0224719101124
002181.SZ,粤传媒,20200410,2.0224719101124
002181.SZ,粤传媒,20200409,2.0224719101124
002181.SZ,粤传媒,20200408,2.0224719101124
002181.SZ,粤传媒,20200407,2.0224719101124
002181.SZ,粤传媒,20200406,2.0224719101124
002181.SZ,粤传媒,20200405,2.0224719101124
002181.SZ,粤传媒,20200404,2.0224719101124
002181.SZ,粤传媒,20200403,2.0224719101124
002181.SZ,粤传媒,20200402,2.0224719101124
002181.SZ,粤传媒,20200401,2.0224719101124
002181.SZ,粤传媒,20200331,-11.706349206349
002181.SZ,粤传媒,20200330,-11.706349206349
002181.SZ,粤传媒,20200329,-11.706349206349
002181.SZ,粤传媒,20200328,-11.706349206349
002181.SZ,粤传媒,20200327,-11.706349206349
002181.SZ,粤传媒,20200326,-11.706349206349
002181.SZ,粤传媒,20200325,-11.706349206349
002181.SZ,粤传媒,20200324,-11.706349206349
002181.SZ,粤传媒,20200323,-11.706349206349
002181.SZ,粤传媒,20200322,-11.706349206349
002181.SZ,粤传媒,20200321,-11.706349206349
002181.SZ,粤传媒,20200320,-11.706349206349
002181.SZ,粤传媒,20200319,-11.706349206349
002181.SZ,粤传媒,20200318,-11.706349206349
002181.SZ,粤传媒,20200317,-11.706349206349
002181.SZ,粤传媒,20200316,-11.706349206349
002181.SZ,粤传媒,20200315,-11.706349206349
002181.SZ,粤传媒,20200314,-11.706349206349
002181.SZ,粤传媒,20200313,-11.706349206349
002181.SZ,粤传媒,20200312,-11.706349206349
002181.SZ,粤传媒,20200311,-11.706349206349
002181.SZ,粤传媒,20200310,-11.706349206349
002181.SZ,粤传媒,20200309,-11.706349206349
002181.SZ,粤传媒,20200308,-11.706349206349
002181.SZ,粤传媒,20200307,-11.706349206349
002181.SZ,粤传媒,20200306,-11.706349206349
002181.SZ,粤传媒,20200305,-11.706349206349
002181.SZ,粤传媒,20200304,-11.706349206349
002181.SZ,粤传媒,20200303,-11.706349206349
002181.SZ,粤传媒,20200302,-11.706349206349
002181.SZ,粤传媒,20200301,-11.706349206349
002181.SZ,粤传媒,20200229,-8.1967213114754
002181.SZ,粤传媒,20200228,-8.1967213114754
002181.SZ,粤传媒,20200227,-8.1967213114754
002181.SZ,粤传媒,20200226,-8.1967213114754
002181.SZ,粤传媒,20200225,-8.1967213114754
002181.SZ,粤传媒,20200224,-8.1967213114754
002181.SZ,粤传媒,20200223,-8.1967213114754
002181.SZ,粤传媒,20200222,-8.1967213114754
002181.SZ,粤传媒,20200221,-8.1967213114754
002181.SZ,粤传媒,20200220,-8.1967213114754
002181.SZ,粤传媒,20200219,-8.1967213114754
002181.SZ,粤传媒,20200218,-8.1967213114754
002181.SZ,粤传媒,20200217,-8.1967213114754
002181.SZ,粤传媒,20200216,-8.1967213114754
002181.SZ,粤传媒,20200215,-8.1967213114754
002181.SZ,粤传媒,20200214,-8.1967213114754
002181.SZ,粤传媒,20200213,-8.1967213114754
002181.SZ,粤传媒,20200212,-8.1967213114754
002181.SZ,粤传媒,20200211,-8.1967213114754
002181.SZ,粤传媒,20200210,-8.1967213114754
002181.SZ,粤传媒,20200209,-8.1967213114754
002181.SZ,粤传媒,20200208,-8.1967213114754
002181.SZ,粤传媒,20200207,-8.1967213114754
002181.SZ,粤传媒,20200206,-8.1967213114754
002181.SZ,粤传媒,20200205,-8.1967213114754
002181.SZ,粤传媒,20200204,-8.1967213114754
002181.SZ,粤传媒,20200203,-8.1967213114754
002181.SZ,粤传媒,20200202,-8.1967213114754
002181.SZ,粤传媒,20200201,-8.1967213114754
002181.SZ,粤传媒,20200131,-2.3131672597865
002181.SZ,粤传媒,20200130,-2.3131672597865
002181.SZ,粤传媒,20200129,-2.3131672597865
002181.SZ,粤传媒,20200128,-2.3131672597865
002181.SZ,粤传媒,20200127,-2.3131672597865
002181.SZ,粤传媒,20200126,-2.3131672597865
002181.SZ,粤传媒,20200125,-2.3131672597865
002181.SZ,粤传媒,20200124,-2.3131672597865
002181.SZ,粤传媒,20200123,-2.3131672597865
002181.SZ,粤传媒,20200122,-2.3131672597865
002181.SZ,粤传媒,20200121,-2.3131672597865
002181.SZ,粤传媒,20200120,-2.3131672597865
002181.SZ,粤传媒,20200119,-2.3131672597865
002181.SZ,粤传媒,20200118,-2.3131672597865
002181.SZ,粤传媒,20200117,-2.3131672597865
002181.SZ,粤传媒,20200116,-2.3131672597865
002181.SZ,粤传媒,20200115,-2.3131672597865
002181.SZ,粤传媒,20200114,-2.3131672597865
002181.SZ,粤传媒,20200113,-2.3131672597865
002181.SZ,粤传媒,20200112,-2.3131672597865
002181.SZ,粤传媒,20200111,-2.3131672597865
002181.SZ,粤传媒,20200110,-2.3131672597865
002181.SZ,粤传媒,20200109,-2.3131672597865
002181.SZ,粤传媒,20200108,-2.3131672597865
002181.SZ,粤传媒,20200107,-2.3131672597865
002181.SZ,粤传媒,20200106,-2.3131672597865
002181.SZ,粤传媒,20200105,-2.3131672597865
002181.SZ,粤传媒,20200104,-2.3131672597865
002181.SZ,粤传媒,20200103,-2.3131672597865
002181.SZ,粤传媒,20200102,-2.3131672597865
002181.SZ,粤传媒,20200101,-2.3131672597865
002181.SZ,粤传媒,20191231,20.08547008547
002181.SZ,粤传媒,20191230,20.08547008547
002181.SZ,粤传媒,20191229,20.08547008547
002181.SZ,粤传媒,20191228,20.08547008547
002181.SZ,粤传媒,20191227,20.08547008547
002181.SZ,粤传媒,20191226,20.08547008547
002181.SZ,粤传媒,20191225,20.08547008547
002181.SZ,粤传媒,20191224,20.08547008547
002181.SZ,粤传媒,20191223,20.08547008547
002181.SZ,粤传媒,20191222,20.08547008547
002181.SZ,粤传媒,20191221,20.08547008547
002181.SZ,粤传媒,20191220,20.08547008547
002181.SZ,粤传媒,20191219,20.08547008547
002181.SZ,粤传媒,20191218,20.08547008547
002181.SZ,粤传媒,20191217,20.08547008547
002181.SZ,粤传媒,20191216,20.08547008547
002181.SZ,粤传媒,20191215,20.08547008547
002181.SZ,粤传媒,20191214,20.08547008547
002181.SZ,粤传媒,20191213,20.08547008547
002181.SZ,粤传媒,20191212,20.08547008547
002181.SZ,粤传媒,20191211,20.08547008547
002181.SZ,粤传媒,20191210,20.08547008547
002181.SZ,粤传媒,20191209,20.08547008547
002181.SZ,粤传媒,20191208,20.08547008547
002181.SZ,粤传媒,20191207,20.08547008547
002181.SZ,粤传媒,20191206,20.08547008547
002181.SZ,粤传媒,20191205,20.08547008547
002181.SZ,粤传媒,20191204,20.08547008547
002181.SZ,粤传媒,20191203,20.08547008547
002181.SZ,粤传媒,20191202,20.08547008547
002181.SZ,粤传媒,20191201,20.08547008547
002181.SZ,粤传媒,20191130,-7.1428571428571
002181.SZ,粤传媒,20191129,-7.1428571428571
002181.SZ,粤传媒,20191128,-7.1428571428571
002181.SZ,粤传媒,20191127,-7.1428571428571
002181.SZ,粤传媒,20191126,-7.1428571428571
002181.SZ,粤传媒,20191125,-7.1428571428571
002181.SZ,粤传媒,20191124,-7.1428571428571
002181.SZ,粤传媒,20191123,-7.1428571428571
002181.SZ,粤传媒,20191122,-7.1428571428571
002181.SZ,粤传媒,20191121,-7.1428571428571
002181.SZ,粤传媒,20191120,-7.1428571428571
002181.SZ,粤传媒,20191119,-7.1428571428571
002181.SZ,粤传媒,20191118,-7.1428571428571
002181.SZ,粤传媒,20191117,-7.1428571428571
002181.SZ,粤传媒,20191116,-7.1428571428571
002181.SZ,粤传媒,20191115,-7.1428571428571
002181.SZ,粤传媒,20191114,-7.1428571428571
002181.SZ,粤传媒,20191113,-7.1428571428571
002181.SZ,粤传媒,20191112,-7.1428571428571
002181.SZ,粤传媒,20191111,-7.1428571428571
002181.SZ,粤传媒,20191110,-7.1428571428571
002181.SZ,粤传媒,20191109,-7.1428571428571
002181.SZ,粤传媒,20191108,-7.1428571428571
002181.SZ,粤传媒,20191107,-7.1428571428571
002181.SZ,粤传媒,20191106,-7.1428571428571
002181.SZ,粤传媒,20191105,-7.1428571428571
002181.SZ,粤传媒,20191104,-7.1428571428571
002181.SZ,粤传媒,20191103,-7.1428571428571
002181.SZ,粤传媒,20191102,-7.1428571428571
002181.SZ,粤传媒,20191101,-7.1428571428571
002181.SZ,粤传媒,20191031,19.431279620853
002181.SZ,粤传媒,20191030,19.431279620853
002181.SZ,粤传媒,20191029,19.431279620853
002181.SZ,粤传媒,20191028,19.431279620853
002181.SZ,粤传媒,20191027,19.431279620853
002181.SZ,粤传媒,20191026,19.431279620853
002181.SZ,粤传媒,20191025,19.431279620853
002181.SZ,粤传媒,20191024,19.431279620853
002181.SZ,粤传媒,20191023,19.431279620853
002181.SZ,粤传媒,20191022,19.431279620853
002181.SZ,粤传媒,20191021,19.431279620853
002181.SZ,粤传媒,20191020,19.431279620853
002181.SZ,粤传媒,20191019,19.431279620853
002181.SZ,粤传媒,20191018,19.431279620853
002181.SZ,粤传媒,20191017,19.431279620853
002181.SZ,粤传媒,20191016,19.431279620853
002181.SZ,粤传媒,20191015,19.431279620853
002181.SZ,粤传媒,20191014,19.431279620853
002181.SZ,粤传媒,20191013,19.431279620853
002181.SZ,粤传媒,20191012,19.431279620853
002181.SZ,粤传媒,20191011,19.431279620853
002181.SZ,粤传媒,20191010,19.431279620853
002181.SZ,粤传媒,20191009,19.431279620853
002181.SZ,粤传媒,20191008,19.431279620853
002181.SZ,粤传媒,20191007,19.431279620853
002181.SZ,粤传媒,20191006,19.431279620853
002181.SZ,粤传媒,20191005,19.431279620853
002181.SZ,粤传媒,20191004,19.431279620853
002181.SZ,粤传媒,20191003,19.431279620853
002181.SZ,粤传媒,20191002,19.431279620853
002181.SZ,粤传媒,20191001,19.431279620853
002181.SZ,粤传媒,20190930,-4.3083900226757
002181.SZ,粤传媒,20190929,-4.3083900226757
002181.SZ,粤传媒,20190928,-4.3083900226757
002181.SZ,粤传媒,20190927,-4.3083900226757
002181.SZ,粤传媒,20190926,-4.3083900226757
002181.SZ,粤传媒,20190925,-4.3083900226757
002181.SZ,粤传媒,20190924,-4.3083900226757
002181.SZ,粤传媒,20190923,-4.3083900226757
002181.SZ,粤传媒,20190922,-4.3083900226757
002181.SZ,粤传媒,20190921,-4.3083900226757
002181.SZ,粤传媒,20190920,-4.3083900226757
002181.SZ,粤传媒,20190919,-4.3083900226757
002181.SZ,粤传媒,20190918,-4.3083900226757
002181.SZ,粤传媒,20190917,-4.3083900226757
002181.SZ,粤传媒,20190916,-4.3083900226757
002181.SZ,粤传媒,20190915,-4.3083900226757
002181.SZ,粤传媒,20190914,-4.3083900226757
002181.SZ,粤传媒,20190913,-4.3083900226757
002181.SZ,粤传媒,20190912,-4.3083900226757
002181.SZ,粤传媒,20190911,-4.3083900226757
002181.SZ,粤传媒,20190910,-4.3083900226757
002181.SZ,粤传媒,20190909,-4.3083900226757
002181.SZ,粤传媒,20190908,-4.3083900226757
002181.SZ,粤传媒,20190907,-4.3083900226757
002181.SZ,粤传媒,20190906,-4.3083900226757
002181.SZ,粤传媒,20190905,-4.3083900226757
002181.SZ,粤传媒,20190904,-4.3083900226757
002181.SZ,粤传媒,20190903,-4.3083900226757
002181.SZ,粤传媒,20190902,-4.3083900226757
002181.SZ,粤传媒,20190901,-4.3083900226757
002181.SZ,粤传媒,20190831,-1.1210762331839
002181.SZ,粤传媒,20190830,-1.1210762331839
002181.SZ,粤传媒,20190829,-1.1210762331839
002181.SZ,粤传媒,20190828,-1.1210762331839
002181.SZ,粤传媒,20190827,-1.1210762331839
002181.SZ,粤传媒,20190826,-1.1210762331839
002181.SZ,粤传媒,20190825,-1.1210762331839
002181.SZ,粤传媒,20190824,-1.1210762331839
002181.SZ,粤传媒,20190823,-1.1210762331839
002181.SZ,粤传媒,20190822,-1.1210762331839
002181.SZ,粤传媒,20190821,-1.1210762331839
002181.SZ,粤传媒,20190820,-1.1210762331839
002181.SZ,粤传媒,20190819,-1.1210762331839
002181.SZ,粤传媒,20190818,-1.1210762331839
002181.SZ,粤传媒,20190817,-1.1210762331839
002181.SZ,粤传媒,20190816,-1.1210762331839
002181.SZ,粤传媒,20190815,-1.1210762331839
002181.SZ,粤传媒,20190814,-1.1210762331839
002181.SZ,粤传媒,20190813,-1.1210762331839
002181.SZ,粤传媒,20190812,-1.1210762331839
002181.SZ,粤传媒,20190811,-1.1210762331839
002181.SZ,粤传媒,20190810,-1.1210762331839
002181.SZ,粤传媒,20190809,-1.1210762331839
002181.SZ,粤传媒,20190808,-1.1210762331839
002181.SZ,粤传媒,20190807,-1.1210762331839
002181.SZ,粤传媒,20190806,-1.1210762331839
002181.SZ,粤传媒,20190805,-1.1210762331839
002181.SZ,粤传媒,20190804,-1.1210762331839
002181.SZ,粤传媒,20190803,-1.1210762331839
002181.SZ,粤传媒,20190802,-1.1210762331839
002181.SZ,粤传媒,20190801,-1.1210762331839
002181.SZ,粤传媒,20190731,-6.4989517819706
002181.SZ,粤传媒,20190730,-6.4989517819706
002181.SZ,粤传媒,20190729,-6.4989517819706
002181.SZ,粤传媒,20190728,-6.4989517819706
002181.SZ,粤传媒,20190727,-6.4989517819706
002181.SZ,粤传媒,20190726,-6.4989517819706
002181.SZ,粤传媒,20190725,-6.4989517819706
002181.SZ,粤传媒,20190724,-6.4989517819706
002181.SZ,粤传媒,20190723,-6.4989517819706
002181.SZ,粤传媒,20190722,-6.4989517819706
002181.SZ,粤传媒,20190721,-6.4989517819706
002181.SZ,粤传媒,20190720,-6.4989517819706
002181.SZ,粤传媒,20190719,-6.4989517819706
002181.SZ,粤传媒,20190718,-6.4989517819706
002181.SZ,粤传媒,20190717,-6.4989517819706
002181.SZ,粤传媒,20190716,-6.4989517819706
002181.SZ,粤传媒,20190715,-6.4989517819706
002181.SZ,粤传媒,20190714,-6.4989517819706
002181.SZ,粤传媒,20190713,-6.4989517819706
002181.SZ,粤传媒,20190712,-6.4989517819706
002181.SZ,粤传媒,20190711,-6.4989517819706
002181.SZ,粤传媒,20190710,-6.4989517819706
002181.SZ,粤传媒,20190709,-6.4989517819706
002181.SZ,粤传媒,20190708,-6.4989517819706
002181.SZ,粤传媒,20190707,-6.4989517819706
002181.SZ,粤传媒,20190706,-6.4989517819706
002181.SZ,粤传媒,20190705,-6.4989517819706
002181.SZ,粤传媒,20190704,-6.4989517819706
002181.SZ,粤传媒,20190703,-6.4989517819706
002181.SZ,粤传媒,20190702,-6.4989517819706
002181.SZ,粤传媒,20190701,-6.4989517819706
002181.SZ,粤传媒,20190630,-4.4088176352706
002181.SZ,粤传媒,20190629,-4.4088176352706
002181.SZ,粤传媒,20190628,-4.4088176352706
002181.SZ,粤传媒,20190627,-4.4088176352706
002181.SZ,粤传媒,20190626,-4.4088176352706
002181.SZ,粤传媒,20190625,-4.4088176352706
002181.SZ,粤传媒,20190624,-4.4088176352706
002181.SZ,粤传媒,20190623,-4.4088176352706
002181.SZ,粤传媒,20190622,-4.4088176352706
002181.SZ,粤传媒,20190621,-4.4088176352706
002181.SZ,粤传媒,20190620,-4.4088176352706
002181.SZ,粤传媒,20190619,-4.4088176352706
002181.SZ,粤传媒,20190618,-4.4088176352706
002181.SZ,粤传媒,20190617,-4.4088176352706
002181.SZ,粤传媒,20190616,-4.4088176352706
002181.SZ,粤传媒,20190615,-4.4088176352706
002181.SZ,粤传媒,20190614,-4.4088176352706
002181.SZ,粤传媒,20190613,-4.4088176352706
002181.SZ,粤传媒,20190612,-4.4088176352706
002181.SZ,粤传媒,20190611,-4.4088176352706
002181.SZ,粤传媒,20190610,-4.4088176352706
002181.SZ,粤传媒,20190609,-4.4088176352706
002181.SZ,粤传媒,20190608,-4.4088176352706
002181.SZ,粤传媒,20190607,-4.4088176352706
002181.SZ,粤传媒,20190606,-4.4088176352706
002181.SZ,粤传媒,20190605,-4.4088176352706
002181.SZ,粤传媒,20190604,-4.4088176352706
002181.SZ,粤传媒,20190603,-4.4088176352706
002181.SZ,粤传媒,20190602,-4.4088176352706
002181.SZ,粤传媒,20190601,-4.4088176352706
002181.SZ,粤传媒,20190531,-3.4816247582205
002181.SZ,粤传媒,20190530,-3.4816247582205
002181.SZ,粤传媒,20190529,-3.4816247582205
002181.SZ,粤传媒,20190528,-3.4816247582205
002181.SZ,粤传媒,20190527,-3.4816247582205
002181.SZ,粤传媒,20190526,-3.4816247582205
002181.SZ,粤传媒,20190525,-3.4816247582205
002181.SZ,粤传媒,20190524,-3.4816247582205
002181.SZ,粤传媒,20190523,-3.4816247582205
002181.SZ,粤传媒,20190522,-3.4816247582205
002181.SZ,粤传媒,20190521,-3.4816247582205
002181.SZ,粤传媒,20190520,-3.4816247582205
002181.SZ,粤传媒,20190519,-3.4816247582205
002181.SZ,粤传媒,20190518,-3.4816247582205
002181.SZ,粤传媒,20190517,-3.4816247582205
002181.SZ,粤传媒,20190516,-3.4816247582205
002181.SZ,粤传媒,20190515,-3.4816247582205
002181.SZ,粤传媒,20190514,-3.4816247582205
002181.SZ,粤传媒,20190513,-3.4816247582205
002181.SZ,粤传媒,20190512,-3.4816247582205
002181.SZ,粤传媒,20190511,-3.4816247582205
002181.SZ,粤传媒,20190510,-3.4816247582205
002181.SZ,粤传媒,20190509,-3.4816247582205
002181.SZ,粤传媒,20190508,-3.4816247582205
002181.SZ,粤传媒,20190507,-3.4816247582205
002181.SZ,粤传媒,20190506,-3.4816247582205
002181.SZ,粤传媒,20190505,-3.4816247582205
002181.SZ,粤传媒,20190504,-3.4816247582205
002181.SZ,粤传媒,20190503,-3.4816247582205
002181.SZ,粤传媒,20190502,-3.4816247582205
002181.SZ,粤传媒,20190501,-3.4816247582205
002181.SZ,粤传媒,20190430,-18.196202531646
002181.SZ,粤传媒,20190429,-18.196202531646
002181.SZ,粤传媒,20190428,-18.196202531646
002181.SZ,粤传媒,20190427,-18.196202531646
002181.SZ,粤传媒,20190426,-18.196202531646
002181.SZ,粤传媒,20190425,-18.196202531646
002181.SZ,粤传媒,20190424,-18.196202531646
002181.SZ,粤传媒,20190423,-18.196202531646
002181.SZ,粤传媒,20190422,-18.196202531646
002181.SZ,粤传媒,20190421,-18.196202531646
002181.SZ,粤传媒,20190420,-18.196202531646
002181.SZ,粤传媒,20190419,-18.196202531646
002181.SZ,粤传媒,20190418,-18.196202531646
002181.SZ,粤传媒,20190417,-18.196202531646
002181.SZ,粤传媒,20190416,-18.196202531646
002181.SZ,粤传媒,20190415,-18.196202531646
002181.SZ,粤传媒,20190414,-18.196202531646
002181.SZ,粤传媒,20190413,-18.196202531646
002181.SZ,粤传媒,20190412,-18.196202531646
002181.SZ,粤传媒,20190411,-18.196202531646
002181.SZ,粤传媒,20190410,-18.196202531646
002181.SZ,粤传媒,20190409,-18.196202531646
002181.SZ,粤传媒,20190408,-18.196202531646
002181.SZ,粤传媒,20190407,-18.196202531646
002181.SZ,粤传媒,20190406,-18.196202531646
002181.SZ,粤传媒,20190405,-18.196202531646
002181.SZ,粤传媒,20190404,-18.196202531646
002181.SZ,粤传媒,20190403,-18.196202531646
002181.SZ,粤传媒,20190402,-18.196202531646
002181.SZ,粤传媒,20190401,-18.196202531646
002181.SZ,粤传媒,20190331,26.907630522088
002181.SZ,粤传媒,20190330,26.907630522088
002181.SZ,粤传媒,20190329,26.907630522088
002181.SZ,粤传媒,20190328,26.907630522088
002181.SZ,粤传媒,20190327,26.907630522088
002181.SZ,粤传媒,20190326,26.907630522088
002181.SZ,粤传媒,20190325,26.907630522088
002181.SZ,粤传媒,20190324,26.907630522088
002181.SZ,粤传媒,20190323,26.907630522088
002181.SZ,粤传媒,20190322,26.907630522088
002181.SZ,粤传媒,20190321,26.907630522088
002181.SZ,粤传媒,20190320,26.907630522088
002181.SZ,粤传媒,20190319,26.907630522088
002181.SZ,粤传媒,20190318,26.907630522088
002181.SZ,粤传媒,20190317,26.907630522088
002181.SZ,粤传媒,20190316,26.907630522088
002181.SZ,粤传媒,20190315,26.907630522088
002181.SZ,粤传媒,20190314,26.907630522088
002181.SZ,粤传媒,20190313,26.907630522088
002181.SZ,粤传媒,20190312,26.907630522088
002181.SZ,粤传媒,20190311,26.907630522088
002181.SZ,粤传媒,20190310,26.907630522088
002181.SZ,粤传媒,20190309,26.907630522088
002181.SZ,粤传媒,20190308,26.907630522088
002181.SZ,粤传媒,20190307,26.907630522088
002181.SZ,粤传媒,20190306,26.907630522088
002181.SZ,粤传媒,20190305,26.907630522088
002181.SZ,粤传媒,20190304,26.907630522088
002181.SZ,粤传媒,20190303,26.907630522088
002181.SZ,粤传媒,20190302,26.907630522088
002181.SZ,粤传媒,20190301,26.907630522088
002181.SZ,粤传媒,20190228,28.350515463918
002181.SZ,粤传媒,20190227,28.350515463918
002181.SZ,粤传媒,20190226,28.350515463918
002181.SZ,粤传媒,20190225,28.350515463918
002181.SZ,粤传媒,20190224,28.350515463918
002181.SZ,粤传媒,20190223,28.350515463918
002181.SZ,粤传媒,20190222,28.350515463918
002181.SZ,粤传媒,20190221,28.350515463918
002181.SZ,粤传媒,20190220,28.350515463918
002181.SZ,粤传媒,20190219,28.350515463918
002181.SZ,粤传媒,20190218,28.350515463918
002181.SZ,粤传媒,20190217,28.350515463918
002181.SZ,粤传媒,20190216,28.350515463918
002181.SZ,粤传媒,20190215,28.350515463918
002181.SZ,粤传媒,20190214,28.350515463918
002181.SZ,粤传媒,20190213,28.350515463918
002181.SZ,粤传媒,20190212,28.350515463918
002181.SZ,粤传媒,20190211,28.350515463918
002181.SZ,粤传媒,20190210,28.350515463918
002181.SZ,粤传媒,20190209,28.350515463918
002181.SZ,粤传媒,20190208,28.350515463918
002181.SZ,粤传媒,20190207,28.350515463918
002181.SZ,粤传媒,20190206,28.350515463918
002181.SZ,粤传媒,20190205,28.350515463918
002181.SZ,粤传媒,20190204,28.350515463918
002181.SZ,粤传媒,20190203,28.350515463918
002181.SZ,粤传媒,20190202,28.350515463918
002181.SZ,粤传媒,20190201,28.350515463918
002181.SZ,粤传媒,20190131,7.4792243767313
002181.SZ,粤传媒,20190130,7.4792243767313
002181.SZ,粤传媒,20190129,7.4792243767313
002181.SZ,粤传媒,20190128,7.4792243767313
002181.SZ,粤传媒,20190127,7.4792243767313
002181.SZ,粤传媒,20190126,7.4792243767313
002181.SZ,粤传媒,20190125,7.4792243767313
002181.SZ,粤传媒,20190124,7.4792243767313
002181.SZ,粤传媒,20190123,7.4792243767313
002181.SZ,粤传媒,20190122,7.4792243767313
002181.SZ,粤传媒,20190121,7.4792243767313
002181.SZ,粤传媒,20190120,7.4792243767313
002181.SZ,粤传媒,20190119,7.4792243767313
002181.SZ,粤传媒,20190118,7.4792243767313
002181.SZ,粤传媒,20190117,7.4792243767313
002181.SZ,粤传媒,20190116,7.4792243767313
002181.SZ,粤传媒,20190115,7.4792243767313
002181.SZ,粤传媒,20190114,7.4792243767313
002181.SZ,粤传媒,20190113,7.4792243767313
002181.SZ,粤传媒,20190112,7.4792243767313
002181.SZ,粤传媒,20190111,7.4792243767313
002181.SZ,粤传媒,20190110,7.4792243767313
002181.SZ,粤传媒,20190109,7.4792243767313
002181.SZ,粤传媒,20190108,7.4792243767313
002181.SZ,粤传媒,20190107,7.4792243767313
002181.SZ,粤传媒,20190106,7.4792243767313
002181.SZ,粤传媒,20190105,7.4792243767313
002181.SZ,粤传媒,20190104,7.4792243767313
002181.SZ,粤传媒,20190103,7.4792243767313
002181.SZ,粤传媒,20190102,7.4792243767313
002181.SZ,粤传媒,20190101,7.4792243767313
002181.SZ,粤传媒,20181231,-6.71834625323
002181.SZ,粤传媒,20181230,-6.71834625323
002181.SZ,粤传媒,20181229,-6.71834625323
002181.SZ,粤传媒,20181228,-6.71834625323
002181.SZ,粤传媒,20181227,-6.71834625323
002181.SZ,粤传媒,20181226,-6.71834625323
002181.SZ,粤传媒,20181225,-6.71834625323
002181.SZ,粤传媒,20181224,-6.71834625323
002181.SZ,粤传媒,20181223,-6.71834625323
002181.SZ,粤传媒,20181222,-6.71834625323
002181.SZ,粤传媒,20181221,-6.71834625323
002181.SZ,粤传媒,20181220,-6.71834625323
002181.SZ,粤传媒,20181219,-6.71834625323
002181.SZ,粤传媒,20181218,-6.71834625323
002181.SZ,粤传媒,20181217,-6.71834625323
002181.SZ,粤传媒,20181216,-6.71834625323
002181.SZ,粤传媒,20181215,-6.71834625323
002181.SZ,粤传媒,20181214,-6.71834625323
002181.SZ,粤传媒,20181213,-6.71834625323
002181.SZ,粤传媒,20181212,-6.71834625323
002181.SZ,粤传媒,20181211,-6.71834625323
002181.SZ,粤传媒,20181210,-6.71834625323
002181.SZ,粤传媒,20181209,-6.71834625323
002181.SZ,粤传媒,20181208,-6.71834625323
002181.SZ,粤传媒,20181207,-6.71834625323
002181.SZ,粤传媒,20181206,-6.71834625323
002181.SZ,粤传媒,20181205,-6.71834625323
002181.SZ,粤传媒,20181204,-6.71834625323
002181.SZ,粤传媒,20181203,-6.71834625323
002181.SZ,粤传媒,20181202,-6.71834625323
002181.SZ,粤传媒,20181201,-6.71834625323
002181.SZ,粤传媒,20181130,22.857142857143
002181.SZ,粤传媒,20181129,22.857142857143
002181.SZ,粤传媒,20181128,22.857142857143
002181.SZ,粤传媒,20181127,22.857142857143
002181.SZ,粤传媒,20181126,22.857142857143
002181.SZ,粤传媒,20181125,22.857142857143
002181.SZ,粤传媒,20181124,22.857142857143
002181.SZ,粤传媒,20181123,22.857142857143
002181.SZ,粤传媒,20181122,22.857142857143
002181.SZ,粤传媒,20181121,22.857142857143
002181.SZ,粤传媒,20181120,22.857142857143
002181.SZ,粤传媒,20181119,22.857142857143
002181.SZ,粤传媒,20181118,22.857142857143
002181.SZ,粤传媒,20181117,22.857142857143
002181.SZ,粤传媒,20181116,22.857142857143
002181.SZ,粤传媒,20181115,22.857142857143
002181.SZ,粤传媒,20181114,22.857142857143
002181.SZ,粤传媒,20181113,22.857142857143
002181.SZ,粤传媒,20181112,22.857142857143
002181.SZ,粤传媒,20181111,22.857142857143
002181.SZ,粤传媒,20181110,22.857142857143
002181.SZ,粤传媒,20181109,22.857142857143
002181.SZ,粤传媒,20181108,22.857142857143
002181.SZ,粤传媒,20181107,22.857142857143
002181.SZ,粤传媒,20181106,22.857142857143
002181.SZ,粤传媒,20181105,22.857142857143
002181.SZ,粤传媒,20181104,22.857142857143
002181.SZ,粤传媒,20181103,22.857142857143
002181.SZ,粤传媒,20181102,22.857142857143
002181.SZ,粤传媒,20181101,22.857142857143
002181.SZ,粤传媒,20181031,-14.1689373297
002181.SZ,粤传媒,20181030,-14.1689373297
002181.SZ,粤传媒,20181029,-14.1689373297
002181.SZ,粤传媒,20181028,-14.1689373297
002181.SZ,粤传媒,20181027,-14.1689373297
002181.SZ,粤传媒,20181026,-14.1689373297
002181.SZ,粤传媒,20181025,-14.1689373297
002181.SZ,粤传媒,20181024,-14.1689373297
002181.SZ,粤传媒,20181023,-14.1689373297
002181.SZ,粤传媒,20181022,-14.1689373297
002181.SZ,粤传媒,20181021,-14.1689373297
002181.SZ,粤传媒,20181020,-14.1689373297
002181.SZ,粤传媒,20181019,-14.1689373297
002181.SZ,粤传媒,20181018,-14.1689373297
002181.SZ,粤传媒,20181017,-14.1689373297
002181.SZ,粤传媒,20181016,-14.1689373297
002181.SZ,粤传媒,20181015,-14.1689373297
002181.SZ,粤传媒,20181014,-14.1689373297
002181.SZ,粤传媒,20181013,-14.1689373297
002181.SZ,粤传媒,20181012,-14.1689373297
002181.SZ,粤传媒,20181011,-14.1689373297
002181.SZ,粤传媒,20181010,-14.1689373297
002181.SZ,粤传媒,20181009,-14.1689373297
002181.SZ,粤传媒,20181008,-14.1689373297
002181.SZ,粤传媒,20181007,-14.1689373297
002181.SZ,粤传媒,20181006,-14.1689373297
002181.SZ,粤传媒,20181005,-14.1689373297
002181.SZ,粤传媒,20181004,-14.1689373297
002181.SZ,粤传媒,20181003,-14.1689373297
002181.SZ,粤传媒,20181002,-14.1689373297
002181.SZ,粤传媒,20181001,-14.1689373297
002181.SZ,粤传媒,20180930,-0.81081081081082
002181.SZ,粤传媒,20180929,-0.81081081081082
002181.SZ,粤传媒,20180928,-0.81081081081082
002181.SZ,粤传媒,20180927,-0.81081081081082
002181.SZ,粤传媒,20180926,-0.81081081081082
002181.SZ,粤传媒,20180925,-0.81081081081082
002181.SZ,粤传媒,20180924,-0.81081081081082
002181.SZ,粤传媒,20180923,-0.81081081081082
002181.SZ,粤传媒,20180922,-0.81081081081082
002181.SZ,粤传媒,20180921,-0.81081081081082
002181.SZ,粤传媒,20180920,-0.81081081081082
002181.SZ,粤传媒,20180919,-0.81081081081082
002181.SZ,粤传媒,20180918,-0.81081081081082
002181.SZ,粤传媒,20180917,-0.81081081081082
002181.SZ,粤传媒,20180916,-0.81081081081082
002181.SZ,粤传媒,20180915,-0.81081081081082
002181.SZ,粤传媒,20180914,-0.81081081081082
002181.SZ,粤传媒,20180913,-0.81081081081082
002181.SZ,粤传媒,20180912,-0.81081081081082
002181.SZ,粤传媒,20180911,-0.81081081081082
002181.SZ,粤传媒,20180910,-0.81081081081082
002181.SZ,粤传媒,20180909,-0.81081081081082
002181.SZ,粤传媒,20180908,-0.81081081081082
002181.SZ,粤传媒,20180907,-0.81081081081082
002181.SZ,粤传媒,20180906,-0.81081081081082
002181.SZ,粤传媒,20180905,-0.81081081081082
002181.SZ,粤传媒,20180904,-0.81081081081082
002181.SZ,粤传媒,20180903,-0.81081081081082
002181.SZ,粤传媒,20180902,-0.81081081081082
002181.SZ,粤传媒,20180901,-0.81081081081082
002181.SZ,粤传媒,20180831,-11.483253588517
002181.SZ,粤传媒,20180830,-11.483253588517
002181.SZ,粤传媒,20180829,-11.483253588517
002181.SZ,粤传媒,20180828,-11.483253588517
002181.SZ,粤传媒,20180827,-11.483253588517
002181.SZ,粤传媒,20180826,-11.483253588517
002181.SZ,粤传媒,20180825,-11.483253588517
002181.SZ,粤传媒,20180824,-11.483253588517
002181.SZ,粤传媒,20180823,-11.483253588517
002181.SZ,粤传媒,20180822,-11.483253588517
002181.SZ,粤传媒,20180821,-11.483253588517
002181.SZ,粤传媒,20180820,-11.483253588517
002181.SZ,粤传媒,20180819,-11.483253588517
002181.SZ,粤传媒,20180818,-11.483253588517
002181.SZ,粤传媒,20180817,-11.483253588517
002181.SZ,粤传媒,20180816,-11.483253588517
002181.SZ,粤传媒,20180815,-11.483253588517
002181.SZ,粤传媒,20180814,-11.483253588517
002181.SZ,粤传媒,20180813,-11.483253588517
002181.SZ,粤传媒,20180812,-11.483253588517
002181.SZ,粤传媒,20180811,-11.483253588517
002181.SZ,粤传媒,20180810,-11.483253588517
002181.SZ,粤传媒,20180809,-11.483253588517
002181.SZ,粤传媒,20180808,-11.483253588517
002181.SZ,粤传媒,20180807,-11.483253588517
002181.SZ,粤传媒,20180806,-11.483253588517
002181.SZ,粤传媒,20180805,-11.483253588517
002181.SZ,粤传媒,20180804,-11.483253588517
002181.SZ,粤传媒,20180803,-11.483253588517
002181.SZ,粤传媒,20180802,-11.483253588517
002181.SZ,粤传媒,20180801,-11.483253588517
002181.SZ,粤传媒,20180731,1.7031630170316
002181.SZ,粤传媒,20180730,1.7031630170316
002181.SZ,粤传媒,20180729,1.7031630170316
002181.SZ,粤传媒,20180728,1.7031630170316
002181.SZ,粤传媒,20180727,1.7031630170316
002181.SZ,粤传媒,20180726,1.7031630170316
002181.SZ,粤传媒,20180725,1.7031630170316
002181.SZ,粤传媒,20180724,1.7031630170316
002181.SZ,粤传媒,20180723,1.7031630170316
002181.SZ,粤传媒,20180722,1.7031630170316
002181.SZ,粤传媒,20180721,1.7031630170316
002181.SZ,粤传媒,20180720,1.7031630170316
002181.SZ,粤传媒,20180719,1.7031630170316
002181.SZ,粤传媒,20180718,1.7031630170316
002181.SZ,粤传媒,20180717,1.7031630170316
002181.SZ,粤传媒,20180716,1.7031630170316
002181.SZ,粤传媒,20180715,1.7031630170316
002181.SZ,粤传媒,20180714,1.7031630170316
002181.SZ,粤传媒,20180713,1.7031630170316
002181.SZ,粤传媒,20180712,1.7031630170316
002181.SZ,粤传媒,20180711,1.7031630170316
002181.SZ,粤传媒,20180710,1.7031630170316
002181.SZ,粤传媒,20180709,1.7031630170316
002181.SZ,粤传媒,20180708,1.7031630170316
002181.SZ,粤传媒,20180707,1.7031630170316
002181.SZ,粤传媒,20180706,1.7031630170316
002181.SZ,粤传媒,20180705,1.7031630170316
002181.SZ,粤传媒,20180704,1.7031630170316
002181.SZ,粤传媒,20180703,1.7031630170316
002181.SZ,粤传媒,20180702,1.7031630170316
002181.SZ,粤传媒,20180701,1.7031630170316
002181.SZ,粤传媒,20180630,-23.033707865169
002181.SZ,粤传媒,20180629,-23.033707865169
002181.SZ,粤传媒,20180628,-23.033707865169
002181.SZ,粤传媒,20180627,-23.033707865169
002181.SZ,粤传媒,20180626,-23.033707865169
002181.SZ,粤传媒,20180625,-23.033707865169
002181.SZ,粤传媒,20180624,-23.033707865169
002181.SZ,粤传媒,20180623,-23.033707865169
002181.SZ,粤传媒,20180622,-23.033707865169
002181.SZ,粤传媒,20180621,-23.033707865169
002181.SZ,粤传媒,20180620,-23.033707865169
002181.SZ,粤传媒,20180619,-23.033707865169
002181.SZ,粤传媒,20180618,-23.033707865169
002181.SZ,粤传媒,20180617,-23.033707865169
002181.SZ,粤传媒,20180616,-23.033707865169
002181.SZ,粤传媒,20180615,-23.033707865169
002181.SZ,粤传媒,20180614,-23.033707865169
002181.SZ,粤传媒,20180613,-23.033707865169
002181.SZ,粤传媒,20180612,-23.033707865169
002181.SZ,粤传媒,20180611,-23.033707865169
002181.SZ,粤传媒,20180610,-23.033707865169
002181.SZ,粤传媒,20180609,-23.033707865169
002181.SZ,粤传媒,20180608,-23.033707865169
002181.SZ,粤传媒,20180607,-23.033707865169
002181.SZ,粤传媒,20180606,-23.033707865169
002181.SZ,粤传媒,20180605,-23.033707865169
002181.SZ,粤传媒,20180604,-23.033707865169
002181.SZ,粤传媒,20180603,-23.033707865169
002181.SZ,粤传媒,20180602,-23.033707865169
002181.SZ,粤传媒,20180601,-23.033707865169
002181.SZ,粤传媒,20180531,-10.402684563758
002181.SZ,粤传媒,20180530,-10.402684563758
002181.SZ,粤传媒,20180529,-10.402684563758
002181.SZ,粤传媒,20180528,-10.402684563758
002181.SZ,粤传媒,20180527,-10.402684563758
002181.SZ,粤传媒,20180526,-10.402684563758
002181.SZ,粤传媒,20180525,-10.402684563758
002181.SZ,粤传媒,20180524,-10.402684563758
002181.SZ,粤传媒,20180523,-10.402684563758
002181.SZ,粤传媒,20180522,-10.402684563758
002181.SZ,粤传媒,20180521,-10.402684563758
002181.SZ,粤传媒,20180520,-10.402684563758
002181.SZ,粤传媒,20180519,-10.402684563758
002181.SZ,粤传媒,20180518,-10.402684563758
002181.SZ,粤传媒,20180517,-10.402684563758
002181.SZ,粤传媒,20180516,-10.402684563758
002181.SZ,粤传媒,20180515,-10.402684563758
002181.SZ,粤传媒,20180514,-10.402684563758
002181.SZ,粤传媒,20180513,-10.402684563758
002181.SZ,粤传媒,20180512,-10.402684563758
002181.SZ,粤传媒,20180511,-10.402684563758
002181.SZ,粤传媒,20180510,-10.402684563758
002181.SZ,粤传媒,20180509,-10.402684563758
002181.SZ,粤传媒,20180508,-10.402684563758
002181.SZ,粤传媒,20180507,-10.402684563758
002181.SZ,粤传媒,20180506,-10.402684563758
002181.SZ,粤传媒,20180505,-10.402684563758
002181.SZ,粤传媒,20180504,-10.402684563758
002181.SZ,粤传媒,20180503,-10.402684563758
002181.SZ,粤传媒,20180502,-10.402684563758
002181.SZ,粤传媒,20180501,-10.402684563758
002181.SZ,粤传媒,20180430,36.073059360731
002181.SZ,粤传媒,20180429,36.073059360731
002181.SZ,粤传媒,20180428,36.073059360731
002181.SZ,粤传媒,20180427,36.073059360731
002181.SZ,粤传媒,20180426,36.073059360731
002181.SZ,粤传媒,20180425,36.073059360731
002181.SZ,粤传媒,20180424,36.073059360731
002181.SZ,粤传媒,20180423,36.073059360731
002181.SZ,粤传媒,20180422,36.073059360731
002181.SZ,粤传媒,20180421,36.073059360731
002181.SZ,粤传媒,20180420,36.073059360731
002181.SZ,粤传媒,20180419,36.073059360731
002181.SZ,粤传媒,20180418,36.073059360731
002181.SZ,粤传媒,20180417,36.073059360731
002181.SZ,粤传媒,20180416,36.073059360731
002181.SZ,粤传媒,20180415,36.073059360731
002181.SZ,粤传媒,20180414,36.073059360731
002181.SZ,粤传媒,20180413,36.073059360731
002181.SZ,粤传媒,20180412,36.073059360731
002181.SZ,粤传媒,20180411,36.073059360731
002181.SZ,粤传媒,20180410,36.073059360731
002181.SZ,粤传媒,20180409,36.073059360731
002181.SZ,粤传媒,20180408,36.073059360731
002181.SZ,粤传媒,20180407,36.073059360731
002181.SZ,粤传媒,20180406,36.073059360731
002181.SZ,粤传媒,20180405,36.073059360731
002181.SZ,粤传媒,20180404,36.073059360731
002181.SZ,粤传媒,20180403,36.073059360731
002181.SZ,粤传媒,20180402,36.073059360731
002181.SZ,粤传媒,20180401,36.073059360731
002181.SZ,粤传媒,20180331,1.1547344110854
002181.SZ,粤传媒,20180330,1.1547344110854
002181.SZ,粤传媒,20180329,1.1547344110854
002181.SZ,粤传媒,20180328,1.1547344110854
002181.SZ,粤传媒,20180327,1.1547344110854
002181.SZ,粤传媒,20180326,1.1547344110854
002181.SZ,粤传媒,20180325,1.1547344110854
002181.SZ,粤传媒,20180324,1.1547344110854
002181.SZ,粤传媒,20180323,1.1547344110854
002181.SZ,粤传媒,20180322,1.1547344110854
002181.SZ,粤传媒,20180321,1.1547344110854
002181.SZ,粤传媒,20180320,1.1547344110854
002181.SZ,粤传媒,20180319,1.1547344110854
002181.SZ,粤传媒,20180318,1.1547344110854
002181.SZ,粤传媒,20180317,1.1547344110854
002181.SZ,粤传媒,20180316,1.1547344110854
002181.SZ,粤传媒,20180315,1.1547344110854
002181.SZ,粤传媒,20180314,1.1547344110854
002181.SZ,粤传媒,20180313,1.1547344110854
002181.SZ,粤传媒,20180312,1.1547344110854
002181.SZ,粤传媒,20180311,1.1547344110854
002181.SZ,粤传媒,20180310,1.1547344110854
002181.SZ,粤传媒,20180309,1.1547344110854
002181.SZ,粤传媒,20180308,1.1547344110854
002181.SZ,粤传媒,20180307,1.1547344110854
002181.SZ,粤传媒,20180306,1.1547344110854
002181.SZ,粤传媒,20180305,1.1547344110854
002181.SZ,粤传媒,20180304,1.1547344110854
002181.SZ,粤传媒,20180303,1.1547344110854
002181.SZ,粤传媒,20180302,1.1547344110854
002181.SZ,粤传媒,20180301,1.1547344110854
002181.SZ,粤传媒,20180228,-9.97920997921
002181.SZ,粤传媒,20180227,-9.97920997921
002181.SZ,粤传媒,20180226,-9.97920997921
002181.SZ,粤传媒,20180225,-9.97920997921
002181.SZ,粤传媒,20180224,-9.97920997921
002181.SZ,粤传媒,20180223,-9.97920997921
002181.SZ,粤传媒,20180222,-9.97920997921
002181.SZ,粤传媒,20180221,-9.97920997921
002181.SZ,粤传媒,20180220,-9.97920997921
002181.SZ,粤传媒,20180219,-9.97920997921
002181.SZ,粤传媒,20180218,-9.97920997921
002181.SZ,粤传媒,20180217,-9.97920997921
002181.SZ,粤传媒,20180216,-9.97920997921
002181.SZ,粤传媒,20180215,-9.97920997921
002181.SZ,粤传媒,20180214,-9.97920997921
002181.SZ,粤传媒,20180213,-9.97920997921
002181.SZ,粤传媒,20180212,-9.97920997921
002181.SZ,粤传媒,20180211,-9.97920997921
002181.SZ,粤传媒,20180210,-9.97920997921
002181.SZ,粤传媒,20180209,-9.97920997921
002181.SZ,粤传媒,20180208,-9.97920997921
002181.SZ,粤传媒,20180207,-9.97920997921
002181.SZ,粤传媒,20180206,-9.97920997921
002181.SZ,粤传媒,20180205,-9.97920997921
002181.SZ,粤传媒,20180204,-9.97920997921
002181.SZ,粤传媒,20180203,-9.97920997921
002181.SZ,粤传媒,20180202,-9.97920997921
002181.SZ,粤传媒,20180201,-9.97920997921
002181.SZ,粤传媒,20180131,-1.4344262295082
002181.SZ,粤传媒,20180130,-1.4344262295082
002181.SZ,粤传媒,20180129,-1.4344262295082
002181.SZ,粤传媒,20180128,-1.4344262295082
002181.SZ,粤传媒,20180127,-1.4344262295082
002181.SZ,粤传媒,20180126,-1.4344262295082
002181.SZ,粤传媒,20180125,-1.4344262295082
002181.SZ,粤传媒,20180124,-1.4344262295082
002181.SZ,粤传媒,20180123,-1.4344262295082
002181.SZ,粤传媒,20180122,-1.4344262295082
002181.SZ,粤传媒,20180121,-1.4344262295082
002181.SZ,粤传媒,20180120,-1.4344262295082
002181.SZ,粤传媒,20180119,-1.4344262295082
002181.SZ,粤传媒,20180118,-1.4344262295082
002181.SZ,粤传媒,20180117,-1.4344262295082
002181.SZ,粤传媒,20180116,-1.4344262295082
002181.SZ,粤传媒,20180115,-1.4344262295082
002181.SZ,粤传媒,20180114,-1.4344262295082
002181.SZ,粤传媒,20180113,-1.4344262295082
002181.SZ,粤传媒,20180112,-1.4344262295082
002181.SZ,粤传媒,20180111,-1.4344262295082
002181.SZ,粤传媒,20180110,-1.4344262295082
002181.SZ,粤传媒,20180109,-1.4344262295082
002181.SZ,粤传媒,20180108,-1.4344262295082
002181.SZ,粤传媒,20180107,-1.4344262295082
002181.SZ,粤传媒,20180106,-1.4344262295082
002181.SZ,粤传媒,20180105,-1.4344262295082
002181.SZ,粤传媒,20180104,-1.4344262295082
002181.SZ,粤传媒,20180103,-1.4344262295082
002181.SZ,粤传媒,20180102,-1.4344262295082
002181.SZ,粤传媒,20180101,-1.4344262295082
002181.SZ,粤传媒,20171231,1.4553014553015
002181.SZ,粤传媒,20171230,1.4553014553015
002181.SZ,粤传媒,20171229,1.4553014553015
002181.SZ,粤传媒,20171228,1.4553014553015
002181.SZ,粤传媒,20171227,1.4553014553015
002181.SZ,粤传媒,20171226,1.4553014553015
002181.SZ,粤传媒,20171225,1.4553014553015
002181.SZ,粤传媒,20171224,1.4553014553015
002181.SZ,粤传媒,20171223,1.4553014553015
002181.SZ,粤传媒,20171222,1.4553014553015
002181.SZ,粤传媒,20171221,1.4553014553015
002181.SZ,粤传媒,20171220,1.4553014553015
002181.SZ,粤传媒,20171219,1.4553014553015
002181.SZ,粤传媒,20171218,1.4553014553015
002181.SZ,粤传媒,20171217,1.4553014553015
002181.SZ,粤传媒,20171216,1.4553014553015
002181.SZ,粤传媒,20171215,1.4553014553015
002181.SZ,粤传媒,20171214,1.4553014553015
002181.SZ,粤传媒,20171213,1.4553014553015
002181.SZ,粤传媒,20171212,1.4553014553015
002181.SZ,粤传媒,20171211,1.4553014553015
002181.SZ,粤传媒,20171210,1.4553014553015
002181.SZ,粤传媒,20171209,1.4553014553015
002181.SZ,粤传媒,20171208,1.4553014553015
002181.SZ,粤传媒,20171207,1.4553014553015
002181.SZ,粤传媒,20171206,1.4553014553015
002181.SZ,粤传媒,20171205,1.4553014553015
002181.SZ,粤传媒,20171204,1.4553014553015
002181.SZ,粤传媒,20171203,1.4553014553015
002181.SZ,粤传媒,20171202,1.4553014553015
002181.SZ,粤传媒,20171201,1.4553014553015
002181.SZ,粤传媒,20171130,-12.065813528336
002181.SZ,粤传媒,20171129,-12.065813528336
002181.SZ,粤传媒,20171128,-12.065813528336
002181.SZ,粤传媒,20171127,-12.065813528336
002181.SZ,粤传媒,20171126,-12.065813528336
002181.SZ,粤传媒,20171125,-12.065813528336
002181.SZ,粤传媒,20171124,-12.065813528336
002181.SZ,粤传媒,20171123,-12.065813528336
002181.SZ,粤传媒,20171122,-12.065813528336
002181.SZ,粤传媒,20171121,-12.065813528336
002181.SZ,粤传媒,20171120,-12.065813528336
002181.SZ,粤传媒,20171119,-12.065813528336
002181.SZ,粤传媒,20171118,-12.065813528336
002181.SZ,粤传媒,20171117,-12.065813528336
002181.SZ,粤传媒,20171116,-12.065813528336
002181.SZ,粤传媒,20171115,-12.065813528336
002181.SZ,粤传媒,20171114,-12.065813528336
002181.SZ,粤传媒,20171113,-12.065813528336
002181.SZ,粤传媒,20171112,-12.065813528336
002181.SZ,粤传媒,20171111,-12.065813528336
002181.SZ,粤传媒,20171110,-12.065813528336
002181.SZ,粤传媒,20171109,-12.065813528336
002181.SZ,粤传媒,20171108,-12.065813528336
002181.SZ,粤传媒,20171107,-12.065813528336
002181.SZ,粤传媒,20171106,-12.065813528336
002181.SZ,粤传媒,20171105,-12.065813528336
002181.SZ,粤传媒,20171104,-12.065813528336
002181.SZ,粤传媒,20171103,-12.065813528336
002181.SZ,粤传媒,20171102,-12.065813528336
002181.SZ,粤传媒,20171101,-12.065813528336
002181.SZ,粤传媒,20171031,-0.18248175182483
002181.SZ,粤传媒,20171030,-0.18248175182483
002181.SZ,粤传媒,20171029,-0.18248175182483
002181.SZ,粤传媒,20171028,-0.18248175182483
002181.SZ,粤传媒,20171027,-0.18248175182483
002181.SZ,粤传媒,20171026,-0.18248175182483
002181.SZ,粤传媒,20171025,-0.18248175182483
002181.SZ,粤传媒,20171024,-0.18248175182483
002181.SZ,粤传媒,20171023,-0.18248175182483
002181.SZ,粤传媒,20171022,-0.18248175182483
002181.SZ,粤传媒,20171021,-0.18248175182483
002181.SZ,粤传媒,20171020,-0.18248175182483
002181.SZ,粤传媒,20171019,-0.18248175182483
002181.SZ,粤传媒,20171018,-0.18248175182483
002181.SZ,粤传媒,20171017,-0.18248175182483
002181.SZ,粤传媒,20171016,-0.18248175182483
002181.SZ,粤传媒,20171015,-0.18248175182483
002181.SZ,粤传媒,20171014,-0.18248175182483
002181.SZ,粤传媒,20171013,-0.18248175182483
002181.SZ,粤传媒,20171012,-0.18248175182483
002181.SZ,粤传媒,20171011,-0.18248175182483
002181.SZ,粤传媒,20171010,-0.18248175182483
002181.SZ,粤传媒,20171009,-0.18248175182483
002181.SZ,粤传媒,20171008,-0.18248175182483
002181.SZ,粤传媒,20171007,-0.18248175182483
002181.SZ,粤传媒,20171006,-0.18248175182483
002181.SZ,粤传媒,20171005,-0.18248175182483
002181.SZ,粤传媒,20171004,-0.18248175182483
002181.SZ,粤传媒,20171003,-0.18248175182483
002181.SZ,粤传媒,20171002,-0.18248175182483
002181.SZ,粤传媒,20171001,-0.18248175182483
002181.SZ,粤传媒,20170930,-1.9677996422182
002181.SZ,粤传媒,20170929,-1.9677996422182
002181.SZ,粤传媒,20170928,-1.9677996422182
002181.SZ,粤传媒,20170927,-1.9677996422182
002181.SZ,粤传媒,20170926,-1.9677996422182
002181.SZ,粤传媒,20170925,-1.9677996422182
002181.SZ,粤传媒,20170924,-1.9677996422182
002181.SZ,粤传媒,20170923,-1.9677996422182
002181.SZ,粤传媒,20170922,-1.9677996422182
002181.SZ,粤传媒,20170921,-1.9677996422182
002181.SZ,粤传媒,20170920,-1.9677996422182
002181.SZ,粤传媒,20170919,-1.9677996422182
002181.SZ,粤传媒,20170918,-1.9677996422182
002181.SZ,粤传媒,20170917,-1.9677996422182
002181.SZ,粤传媒,20170916,-1.9677996422182
002181.SZ,粤传媒,20170915,-1.9677996422182
002181.SZ,粤传媒,20170914,-1.9677996422182
002181.SZ,粤传媒,20170913,-1.9677996422182
002181.SZ,粤传媒,20170912,-1.9677996422182
002181.SZ,粤传媒,20170911,-1.9677996422182
002181.SZ,粤传媒,20170910,-1.9677996422182
002181.SZ,粤传媒,20170909,-1.9677996422182
002181.SZ,粤传媒,20170908,-1.9677996422182
002181.SZ,粤传媒,20170907,-1.9677996422182
002181.SZ,粤传媒,20170906,-1.9677996422182
002181.SZ,粤传媒,20170905,-1.9677996422182
002181.SZ,粤传媒,20170904,-1.9677996422182
002181.SZ,粤传媒,20170903,-1.9677996422182
002181.SZ,粤传媒,20170902,-1.9677996422182
002181.SZ,粤传媒,20170901,-1.9677996422182
002181.SZ,粤传媒,20170831,6.4761904761905
002181.SZ,粤传媒,20170830,6.4761904761905
002181.SZ,粤传媒,20170829,6.4761904761905
002181.SZ,粤传媒,20170828,6.4761904761905
002181.SZ,粤传媒,20170827,6.4761904761905
002181.SZ,粤传媒,20170826,6.4761904761905
002181.SZ,粤传媒,20170825,6.4761904761905
002181.SZ,粤传媒,20170824,6.4761904761905
002181.SZ,粤传媒,20170823,6.4761904761905
002181.SZ,粤传媒,20170822,6.4761904761905
002181.SZ,粤传媒,20170821,6.4761904761905
002181.SZ,粤传媒,20170820,6.4761904761905
002181.SZ,粤传媒,20170819,6.4761904761905
002181.SZ,粤传媒,20170818,6.4761904761905
002181.SZ,粤传媒,20170817,6.4761904761905
002181.SZ,粤传媒,20170816,6.4761904761905
002181.SZ,粤传媒,20170815,6.4761904761905
002181.SZ,粤传媒,20170814,6.4761904761905
002181.SZ,粤传媒,20170813,6.4761904761905
002181.SZ,粤传媒,20170812,6.4761904761905
002181.SZ,粤传媒,20170811,6.4761904761905
002181.SZ,粤传媒,20170810,6.4761904761905
002181.SZ,粤传媒,20170809,6.4761904761905
002181.SZ,粤传媒,20170808,6.4761904761905
002181.SZ,粤传媒,20170807,6.4761904761905
002181.SZ,粤传媒,20170806,6.4761904761905
002181.SZ,粤传媒,20170805,6.4761904761905
002181.SZ,粤传媒,20170804,6.4761904761905
002181.SZ,粤传媒,20170803,6.4761904761905
002181.SZ,粤传媒,20170802,6.4761904761905
002181.SZ,粤传媒,20170801,6.4761904761905
002181.SZ,粤传媒,20170731,-2.9574861367837
002181.SZ,粤传媒,20170730,-2.9574861367837
002181.SZ,粤传媒,20170729,-2.9574861367837
002181.SZ,粤传媒,20170728,-2.9574861367837
002181.SZ,粤传媒,20170727,-2.9574861367837
002181.SZ,粤传媒,20170726,-2.9574861367837
002181.SZ,粤传媒,20170725,-2.9574861367837
002181.SZ,粤传媒,20170724,-2.9574861367837
002181.SZ,粤传媒,20170723,-2.9574861367837
002181.SZ,粤传媒,20170722,-2.9574861367837
002181.SZ,粤传媒,20170721,-2.9574861367837
002181.SZ,粤传媒,20170720,-2.9574861367837
002181.SZ,粤传媒,20170719,-2.9574861367837
002181.SZ,粤传媒,20170718,-2.9574861367837
002181.SZ,粤传媒,20170717,-2.9574861367837
002181.SZ,粤传媒,20170716,-2.9574861367837
002181.SZ,粤传媒,20170715,-2.9574861367837
002181.SZ,粤传媒,20170714,-2.9574861367837
002181.SZ,粤传媒,20170713,-2.9574861367837
002181.SZ,粤传媒,20170712,-2.9574861367837
002181.SZ,粤传媒,20170711,-2.9574861367837
002181.SZ,粤传媒,20170710,-2.9574861367837
002181.SZ,粤传媒,20170709,-2.9574861367837
002181.SZ,粤传媒,20170708,-2.9574861367837
002181.SZ,粤传媒,20170707,-2.9574861367837
002181.SZ,粤传媒,20170706,-2.9574861367837
002181.SZ,粤传媒,20170705,-2.9574861367837
002181.SZ,粤传媒,20170704,-2.9574861367837
002181.SZ,粤传媒,20170703,-2.9574861367837
002181.SZ,粤传媒,20170702,-2.9574861367837
002181.SZ,粤传媒,20170701,-2.9574861367837
002181.SZ,粤传媒,20170630,2.6565464895636
002181.SZ,粤传媒,20170629,2.6565464895636
002181.SZ,粤传媒,20170628,2.6565464895636
002181.SZ,粤传媒,20170627,2.6565464895636
002181.SZ,粤传媒,20170626,2.6565464895636
002181.SZ,粤传媒,20170625,2.6565464895636
002181.SZ,粤传媒,20170624,2.6565464895636
002181.SZ,粤传媒,20170623,2.6565464895636
002181.SZ,粤传媒,20170622,2.6565464895636
002181.SZ,粤传媒,20170621,2.6565464895636
002181.SZ,粤传媒,20170620,2.6565464895636
002181.SZ,粤传媒,20170619,2.6565464895636
002181.SZ,粤传媒,20170618,2.6565464895636
002181.SZ,粤传媒,20170617,2.6565464895636
002181.SZ,粤传媒,20170616,2.6565464895636
002181.SZ,粤传媒,20170615,2.6565464895636
002181.SZ,粤传媒,20170614,2.6565464895636
002181.SZ,粤传媒,20170613,2.6565464895636
002181.SZ,粤传媒,20170612,2.6565464895636
002181.SZ,粤传媒,20170611,2.6565464895636
002181.SZ,粤传媒,20170610,2.6565464895636
002181.SZ,粤传媒,20170609,2.6565464895636
002181.SZ,粤传媒,20170608,2.6565464895636
002181.SZ,粤传媒,20170607,2.6565464895636
002181.SZ,粤传媒,20170606,2.6565464895636
002181.SZ,粤传媒,20170605,2.6565464895636
002181.SZ,粤传媒,20170604,2.6565464895636
002181.SZ,粤传媒,20170603,2.6565464895636
002181.SZ,粤传媒,20170602,2.6565464895636
002181.SZ,粤传媒,20170601,2.6565464895636
002181.SZ,粤传媒,20170531,-20.151515151515
002181.SZ,粤传媒,20170530,-20.151515151515
002181.SZ,粤传媒,20170529,-20.151515151515
002181.SZ,粤传媒,20170528,-20.151515151515
002181.SZ,粤传媒,20170527,-20.151515151515
002181.SZ,粤传媒,20170526,-20.151515151515
002181.SZ,粤传媒,20170525,-20.151515151515
002181.SZ,粤传媒,20170524,-20.151515151515
002181.SZ,粤传媒,20170523,-20.151515151515
002181.SZ,粤传媒,20170522,-20.151515151515
002181.SZ,粤传媒,20170521,-20.151515151515
002181.SZ,粤传媒,20170520,-20.151515151515
002181.SZ,粤传媒,20170519,-20.151515151515
002181.SZ,粤传媒,20170518,-20.151515151515
002181.SZ,粤传媒,20170517,-20.151515151515
002181.SZ,粤传媒,20170516,-20.151515151515
002181.SZ,粤传媒,20170515,-20.151515151515
002181.SZ,粤传媒,20170514,-20.151515151515
002181.SZ,粤传媒,20170513,-20.151515151515
002181.SZ,粤传媒,20170512,-20.151515151515
002181.SZ,粤传媒,20170511,-20.151515151515
002181.SZ,粤传媒,20170510,-20.151515151515
002181.SZ,粤传媒,20170509,-20.151515151515
002181.SZ,粤传媒,20170508,-20.151515151515
002181.SZ,粤传媒,20170507,-20.151515151515
002181.SZ,粤传媒,20170506,-20.151515151515
002181.SZ,粤传媒,20170505,-20.151515151515
002181.SZ,粤传媒,20170504,-20.151515151515
002181.SZ,粤传媒,20170503,-20.151515151515
002181.SZ,粤传媒,20170502,-20.151515151515
002181.SZ,粤传媒,20170501,-20.151515151515
002181.SZ,粤传媒,20170430,-9.5890410958904
002181.SZ,粤传媒,20170429,-9.5890410958904
002181.SZ,粤传媒,20170428,-9.5890410958904
002181.SZ,粤传媒,20170427,-9.5890410958904
002181.SZ,粤传媒,20170426,-9.5890410958904
002181.SZ,粤传媒,20170425,-9.5890410958904
002181.SZ,粤传媒,20170424,-9.5890410958904
002181.SZ,粤传媒,20170423,-9.5890410958904
002181.SZ,粤传媒,20170422,-9.5890410958904
002181.SZ,粤传媒,20170421,-9.5890410958904
002181.SZ,粤传媒,20170420,-9.5890410958904
002181.SZ,粤传媒,20170419,-9.5890410958904
002181.SZ,粤传媒,20170418,-9.5890410958904
002181.SZ,粤传媒,20170417,-9.5890410958904
002181.SZ,粤传媒,20170416,-9.5890410958904
002181.SZ,粤传媒,20170415,-9.5890410958904
002181.SZ,粤传媒,20170414,-9.5890410958904
002181.SZ,粤传媒,20170413,-9.5890410958904
002181.SZ,粤传媒,20170412,-9.5890410958904
002181.SZ,粤传媒,20170411,-9.5890410958904
002181.SZ,粤传媒,20170410,-9.5890410958904
002181.SZ,粤传媒,20170409,-9.5890410958904
002181.SZ,粤传媒,20170408,-9.5890410958904
002181.SZ,粤传媒,20170407,-9.5890410958904
002181.SZ,粤传媒,20170406,-9.5890410958904
002181.SZ,粤传媒,20170405,-9.5890410958904
002181.SZ,粤传媒,20170404,-9.5890410958904
002181.SZ,粤传媒,20170403,-9.5890410958904
002181.SZ,粤传媒,20170402,-9.5890410958904
002181.SZ,粤传媒,20170401,-9.5890410958904
002181.SZ,粤传媒,20170331,0.41265474552958
002181.SZ,粤传媒,20170330,0.41265474552958
002181.SZ,粤传媒,20170329,0.41265474552958
002181.SZ,粤传媒,20170328,0.41265474552958
002181.SZ,粤传媒,20170327,0.41265474552958
002181.SZ,粤传媒,20170326,0.41265474552958
002181.SZ,粤传媒,20170325,0.41265474552958
002181.SZ,粤传媒,20170324,0.41265474552958
002181.SZ,粤传媒,20170323,0.41265474552958
002181.SZ,粤传媒,20170322,0.41265474552958
002181.SZ,粤传媒,20170321,0.41265474552958
002181.SZ,粤传媒,20170320,0.41265474552958
002181.SZ,粤传媒,20170319,0.41265474552958
002181.SZ,粤传媒,20170318,0.41265474552958
002181.SZ,粤传媒,20170317,0.41265474552958
002181.SZ,粤传媒,20170316,0.41265474552958
002181.SZ,粤传媒,20170315,0.41265474552958
002181.SZ,粤传媒,20170314,0.41265474552958
002181.SZ,粤传媒,20170313,0.41265474552958
002181.SZ,粤传媒,20170312,0.41265474552958
002181.SZ,粤传媒,20170311,0.41265474552958
002181.SZ,粤传媒,20170310,0.41265474552958
002181.SZ,粤传媒,20170309,0.41265474552958
002181.SZ,粤传媒,20170308,0.41265474552958
002181.SZ,粤传媒,20170307,0.41265474552958
002181.SZ,粤传媒,20170306,0.41265474552958
002181.SZ,粤传媒,20170305,0.41265474552958
002181.SZ,粤传媒,20170304,0.41265474552958
002181.SZ,粤传媒,20170303,0.41265474552958
002181.SZ,粤传媒,20170302,0.41265474552958
002181.SZ,粤传媒,20170301,0.41265474552958
002181.SZ,粤传媒,20170228,5.9766763848396
002181.SZ,粤传媒,20170227,5.9766763848396
002181.SZ,粤传媒,20170226,5.9766763848396
002181.SZ,粤传媒,20170225,5.9766763848396
002181.SZ,粤传媒,20170224,5.9766763848396
002181.SZ,粤传媒,20170223,5.9766763848396
002181.SZ,粤传媒,20170222,5.9766763848396
002181.SZ,粤传媒,20170221,5.9766763848396
002181.SZ,粤传媒,20170220,5.9766763848396
002181.SZ,粤传媒,20170219,5.9766763848396
002181.SZ,粤传媒,20170218,5.9766763848396
002181.SZ,粤传媒,20170217,5.9766763848396
002181.SZ,粤传媒,20170216,5.9766763848396
002181.SZ,粤传媒,20170215,5.9766763848396
002181.SZ,粤传媒,20170214,5.9766763848396
002181.SZ,粤传媒,20170213,5.9766763848396
002181.SZ,粤传媒,20170212,5.9766763848396
002181.SZ,粤传媒,20170211,5.9766763848396
002181.SZ,粤传媒,20170210,5.9766763848396
002181.SZ,粤传媒,20170209,5.9766763848396
002181.SZ,粤传媒,20170208,5.9766763848396
002181.SZ,粤传媒,20170207,5.9766763848396
002181.SZ,粤传媒,20170206,5.9766763848396
002181.SZ,粤传媒,20170205,5.9766763848396
002181.SZ,粤传媒,20170204,5.9766763848396
002181.SZ,粤传媒,20170203,5.9766763848396
002181.SZ,粤传媒,20170202,5.9766763848396
002181.SZ,粤传媒,20170201,5.9766763848396
002181.SZ,粤传媒,20170131,-12.944162436548
002181.SZ,粤传媒,20170130,-12.944162436548
002181.SZ,粤传媒,20170129,-12.944162436548
002181.SZ,粤传媒,20170128,-12.944162436548
002181.SZ,粤传媒,20170127,-12.944162436548
002181.SZ,粤传媒,20170126,-12.944162436548
002181.SZ,粤传媒,20170125,-12.944162436548
002181.SZ,粤传媒,20170124,-12.944162436548
002181.SZ,粤传媒,20170123,-12.944162436548
002181.SZ,粤传媒,20170122,-12.944162436548
002181.SZ,粤传媒,20170121,-12.944162436548
002181.SZ,粤传媒,20170120,-12.944162436548
002181.SZ,粤传媒,20170119,-12.944162436548
002181.SZ,粤传媒,20170118,-12.944162436548
002181.SZ,粤传媒,20170117,-12.944162436548
002181.SZ,粤传媒,20170116,-12.944162436548
002181.SZ,粤传媒,20170115,-12.944162436548
002181.SZ,粤传媒,20170114,-12.944162436548
002181.SZ,粤传媒,20170113,-12.944162436548
002181.SZ,粤传媒,20170112,-12.944162436548
002181.SZ,粤传媒,20170111,-12.944162436548
002181.SZ,粤传媒,20170110,-12.944162436548
002181.SZ,粤传媒,20170109,-12.944162436548
002181.SZ,粤传媒,20170108,-12.944162436548
002181.SZ,粤传媒,20170107,-12.944162436548
002181.SZ,粤传媒,20170106,-12.944162436548
002181.SZ,粤传媒,20170105,-12.944162436548
002181.SZ,粤传媒,20170104,-12.944162436548
002181.SZ,粤传媒,20170103,-12.944162436548
002181.SZ,粤传媒,20170102,-12.944162436548
002181.SZ,粤传媒,20170101,-12.944162436548
002181.SZ,粤传媒,20161231,2.3376623376623
002181.SZ,粤传媒,20161230,2.3376623376623
002181.SZ,粤传媒,20161229,2.3376623376623
002181.SZ,粤传媒,20161228,2.3376623376623
002181.SZ,粤传媒,20161227,2.3376623376623
002181.SZ,粤传媒,20161226,2.3376623376623
002181.SZ,粤传媒,20161225,2.3376623376623
002181.SZ,粤传媒,20161224,2.3376623376623
002181.SZ,粤传媒,20161223,2.3376623376623
002181.SZ,粤传媒,20161222,2.3376623376623
002181.SZ,粤传媒,20161221,2.3376623376623
002181.SZ,粤传媒,20161220,2.3376623376623
002181.SZ,粤传媒,20161219,2.3376623376623
002181.SZ,粤传媒,20161218,2.3376623376623
002181.SZ,粤传媒,20161217,2.3376623376623
002181.SZ,粤传媒,20161216,2.3376623376623
002181.SZ,粤传媒,20161215,2.3376623376623
002181.SZ,粤传媒,20161214,2.3376623376623
002181.SZ,粤传媒,20161213,2.3376623376623
002181.SZ,粤传媒,20161212,2.3376623376623
002181.SZ,粤传媒,20161211,2.3376623376623
002181.SZ,粤传媒,20161210,2.3376623376623
002181.SZ,粤传媒,20161209,2.3376623376623
002181.SZ,粤传媒,20161208,2.3376623376623
002181.SZ,粤传媒,20161207,2.3376623376623
002181.SZ,粤传媒,20161206,2.3376623376623
002181.SZ,粤传媒,20161205,2.3376623376623
002181.SZ,粤传媒,20161204,2.3376623376623
002181.SZ,粤传媒,20161203,2.3376623376623
002181.SZ,粤传媒,20161202,2.3376623376623
002181.SZ,粤传媒,20161201,2.3376623376623
002181.SZ,粤传媒,20161130,0.52219321148825
002181.SZ,粤传媒,20161129,0.52219321148825
002181.SZ,粤传媒,20161128,0.52219321148825
002181.SZ,粤传媒,20161127,0.52219321148825
002181.SZ,粤传媒,20161126,0.52219321148825
002181.SZ,粤传媒,20161125,0.52219321148825
002181.SZ,粤传媒,20161124,0.52219321148825
002181.SZ,粤传媒,20161123,0.52219321148825
002181.SZ,粤传媒,20161122,0.52219321148825
002181.SZ,粤传媒,20161121,0.52219321148825
002181.SZ,粤传媒,20161120,0.52219321148825
002181.SZ,粤传媒,20161119,0.52219321148825
002181.SZ,粤传媒,20161118,0.52219321148825
002181.SZ,粤传媒,20161117,0.52219321148825
002181.SZ,粤传媒,20161116,0.52219321148825
002181.SZ,粤传媒,20161115,0.52219321148825
002181.SZ,粤传媒,20161114,0.52219321148825
002181.SZ,粤传媒,20161113,0.52219321148825
002181.SZ,粤传媒,20161112,0.52219321148825
002181.SZ,粤传媒,20161111,0.52219321148825
002181.SZ,粤传媒,20161110,0.52219321148825
002181.SZ,粤传媒,20161109,0.52219321148825
002181.SZ,粤传媒,20161108,0.52219321148825
002181.SZ,粤传媒,20161107,0.52219321148825
002181.SZ,粤传媒,20161106,0.52219321148825
002181.SZ,粤传媒,20161105,0.52219321148825
002181.SZ,粤传媒,20161104,0.52219321148825
002181.SZ,粤传媒,20161103,0.52219321148825
002181.SZ,粤传媒,20161102,0.52219321148825
002181.SZ,粤传媒,20161101,0.52219321148825
002181.SZ,粤传媒,20161031,-5.5487053020962
002181.SZ,粤传媒,20161030,-5.5487053020962
002181.SZ,粤传媒,20161029,-5.5487053020962
002181.SZ,粤传媒,20161028,-5.5487053020962
002181.SZ,粤传媒,20161027,-5.5487053020962
002181.SZ,粤传媒,20161026,-5.5487053020962
002181.SZ,粤传媒,20161025,-5.5487053020962
002181.SZ,粤传媒,20161024,-5.5487053020962
002181.SZ,粤传媒,20161023,-5.5487053020962
002181.SZ,粤传媒,20161022,-5.5487053020962
002181.SZ,粤传媒,20161021,-5.5487053020962
002181.SZ,粤传媒,20161020,-5.5487053020962
002181.SZ,粤传媒,20161019,-5.5487053020962
002181.SZ,粤传媒,20161018,-5.5487053020962
002181.SZ,粤传媒,20161017,-5.5487053020962
002181.SZ,粤传媒,20161016,-5.5487053020962
002181.SZ,粤传媒,20161015,-5.5487053020962
002181.SZ,粤传媒,20161014,-5.5487053020962
002181.SZ,粤传媒,20161013,-5.5487053020962
002181.SZ,粤传媒,20161012,-5.5487053020962
002181.SZ,粤传媒,20161011,-5.5487053020962
002181.SZ,粤传媒,20161010,-5.5487053020962
002181.SZ,粤传媒,20161009,-5.5487053020962
002181.SZ,粤传媒,20161008,-5.5487053020962
002181.SZ,粤传媒,20161007,-5.5487053020962
002181.SZ,粤传媒,20161006,-5.5487053020962
002181.SZ,粤传媒,20161005,-5.5487053020962
002181.SZ,粤传媒,20161004,-5.5487053020962
002181.SZ,粤传媒,20161003,-5.5487053020962
002181.SZ,粤传媒,20161002,-5.5487053020962
002181.SZ,粤传媒,20161001,-5.5487053020962
002181.SZ,粤传媒,20160930,0.0
002181.SZ,粤传媒,20160929,0.0
002181.SZ,粤传媒,20160928,0.0
002181.SZ,粤传媒,20160927,0.0
002181.SZ,粤传媒,20160926,0.0
002181.SZ,粤传媒,20160925,0.0
002181.SZ,粤传媒,20160924,0.0
002181.SZ,粤传媒,20160923,0.0
002181.SZ,粤传媒,20160922,0.0
002181.SZ,粤传媒,20160921,0.0
002181.SZ,粤传媒,20160920,0.0
002181.SZ,粤传媒,20160919,0.0
002181.SZ,粤传媒,20160918,0.0
002181.SZ,粤传媒,20160917,0.0
002181.SZ,粤传媒,20160916,0.0
002181.SZ,粤传媒,20160915,0.0
002181.SZ,粤传媒,20160914,0.0
002181.SZ,粤传媒,20160913,0.0
002181.SZ,粤传媒,20160912,0.0
002181.SZ,粤传媒,20160911,0.0
002181.SZ,粤传媒,20160910,0.0
002181.SZ,粤传媒,20160909,0.0
002181.SZ,粤传媒,20160908,0.0
002181.SZ,粤传媒,20160907,0.0
002181.SZ,粤传媒,20160906,0.0
002181.SZ,粤传媒,20160905,0.0
002181.SZ,粤传媒,20160904,0.0
002181.SZ,粤传媒,20160903,0.0
002181.SZ,粤传媒,20160902,0.0
002181.SZ,粤传媒,20160901,0.0
002181.SZ,粤传媒,20160831,-0.36855036855038
002181.SZ,粤传媒,20160830,-0.36855036855038
002181.SZ,粤传媒,20160829,-0.36855036855038
002181.SZ,粤传媒,20160828,-0.36855036855038
002181.SZ,粤传媒,20160827,-0.36855036855038
002181.SZ,粤传媒,20160826,-0.36855036855038
002181.SZ,粤传媒,20160825,-0.36855036855038
002181.SZ,粤传媒,20160824,-0.36855036855038
002181.SZ,粤传媒,20160823,-0.36855036855038
002181.SZ,粤传媒,20160822,-0.36855036855038
002181.SZ,粤传媒,20160821,-0.36855036855038
002181.SZ,粤传媒,20160820,-0.36855036855038
002181.SZ,粤传媒,20160819,-0.36855036855038
002181.SZ,粤传媒,20160818,-0.36855036855038
002181.SZ,粤传媒,20160817,-0.36855036855038
002181.SZ,粤传媒,20160816,-0.36855036855038
002181.SZ,粤传媒,20160815,-0.36855036855038
002181.SZ,粤传媒,20160814,-0.36855036855038
002181.SZ,粤传媒,20160813,-0.36855036855038
002181.SZ,粤传媒,20160812,-0.36855036855038
002181.SZ,粤传媒,20160811,-0.36855036855038
002181.SZ,粤传媒,20160810,-0.36855036855038
002181.SZ,粤传媒,20160809,-0.36855036855038
002181.SZ,粤传媒,20160808,-0.36855036855038
002181.SZ,粤传媒,20160807,-0.36855036855038
002181.SZ,粤传媒,20160806,-0.36855036855038
002181.SZ,粤传媒,20160805,-0.36855036855038
002181.SZ,粤传媒,20160804,-0.36855036855038
002181.SZ,粤传媒,20160803,-0.36855036855038
002181.SZ,粤传媒,20160802,-0.36855036855038
002181.SZ,粤传媒,20160801,-0.36855036855038
002181.SZ,粤传媒,20160731,-0.85261875761267
002181.SZ,粤传媒,20160730,-0.85261875761267
002181.SZ,粤传媒,20160729,-0.85261875761267
002181.SZ,粤传媒,20160728,-0.85261875761267
002181.SZ,粤传媒,20160727,-0.85261875761267
002181.SZ,粤传媒,20160726,-0.85261875761267
002181.SZ,粤传媒,20160725,-0.85261875761267
002181.SZ,粤传媒,20160724,-0.85261875761267
002181.SZ,粤传媒,20160723,-0.85261875761267
002181.SZ,粤传媒,20160722,-0.85261875761267
002181.SZ,粤传媒,20160721,-0.85261875761267
002181.SZ,粤传媒,20160720,-0.85261875761267
002181.SZ,粤传媒,20160719,-0.85261875761267
002181.SZ,粤传媒,20160718,-0.85261875761267
002181.SZ,粤传媒,20160717,-0.85261875761267
002181.SZ,粤传媒,20160716,-0.85261875761267
002181.SZ,粤传媒,20160715,-0.85261875761267
002181.SZ,粤传媒,20160714,-0.85261875761267
002181.SZ,粤传媒,20160713,-0.85261875761267
002181.SZ,粤传媒,20160712,-0.85261875761267
002181.SZ,粤传媒,20160711,-0.85261875761267
002181.SZ,粤传媒,20160710,-0.85261875761267
002181.SZ,粤传媒,20160709,-0.85261875761267
002181.SZ,粤传媒,20160708,-0.85261875761267
002181.SZ,粤传媒,20160707,-0.85261875761267
002181.SZ,粤传媒,20160706,-0.85261875761267
002181.SZ,粤传媒,20160705,-0.85261875761267
002181.SZ,粤传媒,20160704,-0.85261875761267
002181.SZ,粤传媒,20160703,-0.85261875761267
002181.SZ,粤传媒,20160702,-0.85261875761267
002181.SZ,粤传媒,20160701,-0.85261875761267
002181.SZ,粤传媒,20160630,-6.2785388127854
002181.SZ,粤传媒,20160629,-6.2785388127854
002181.SZ,粤传媒,20160628,-6.2785388127854
002181.SZ,粤传媒,20160627,-6.2785388127854
002181.SZ,粤传媒,20160626,-6.2785388127854
002181.SZ,粤传媒,20160625,-6.2785388127854
002181.SZ,粤传媒,20160624,-6.2785388127854
002181.SZ,粤传媒,20160623,-6.2785388127854
002181.SZ,粤传媒,20160622,-6.2785388127854
002181.SZ,粤传媒,20160621,-6.2785388127854
002181.SZ,粤传媒,20160620,-6.2785388127854
002181.SZ,粤传媒,20160619,-6.2785388127854
002181.SZ,粤传媒,20160618,-6.2785388127854
002181.SZ,粤传媒,20160617,-6.2785388127854
002181.SZ,粤传媒,20160616,-6.2785388127854
002181.SZ,粤传媒,20160615,-6.2785388127854
002181.SZ,粤传媒,20160614,-6.2785388127854
002181.SZ,粤传媒,20160613,-6.2785388127854
002181.SZ,粤传媒,20160612,-6.2785388127854
002181.SZ,粤传媒,20160611,-6.2785388127854
002181.SZ,粤传媒,20160610,-6.2785388127854
002181.SZ,粤传媒,20160609,-6.2785388127854
002181.SZ,粤传媒,20160608,-6.2785388127854
002181.SZ,粤传媒,20160607,-6.2785388127854
002181.SZ,粤传媒,20160606,-6.2785388127854
002181.SZ,粤传媒,20160605,-6.2785388127854
002181.SZ,粤传媒,20160604,-6.2785388127854
002181.SZ,粤传媒,20160603,-6.2785388127854
002181.SZ,粤传媒,20160602,-6.2785388127854
002181.SZ,粤传媒,20160601,-6.2785388127854
002181.SZ,粤传媒,20160531,0.92165898617512
002181.SZ,粤传媒,20160530,0.92165898617512
002181.SZ,粤传媒,20160529,0.92165898617512
002181.SZ,粤传媒,20160528,0.92165898617512
002181.SZ,粤传媒,20160527,0.92165898617512
002181.SZ,粤传媒,20160526,0.92165898617512
002181.SZ,粤传媒,20160525,0.92165898617512
002181.SZ,粤传媒,20160524,0.92165898617512
002181.SZ,粤传媒,20160523,0.92165898617512
002181.SZ,粤传媒,20160522,0.92165898617512
002181.SZ,粤传媒,20160521,0.92165898617512
002181.SZ,粤传媒,20160520,0.92165898617512
002181.SZ,粤传媒,20160519,0.92165898617512
002181.SZ,粤传媒,20160518,0.92165898617512
002181.SZ,粤传媒,20160517,0.92165898617512
002181.SZ,粤传媒,20160516,0.92165898617512
002181.SZ,粤传媒,20160515,0.92165898617512
002181.SZ,粤传媒,20160514,0.92165898617512
002181.SZ,粤传媒,20160513,0.92165898617512
002181.SZ,粤传媒,20160512,0.92165898617512
002181.SZ,粤传媒,20160511,0.92165898617512
002181.SZ,粤传媒,20160510,0.92165898617512
002181.SZ,粤传媒,20160509,0.92165898617512
002181.SZ,粤传媒,20160508,0.92165898617512
002181.SZ,粤传媒,20160507,0.92165898617512
002181.SZ,粤传媒,20160506,0.92165898617512
002181.SZ,粤传媒,20160505,0.92165898617512
002181.SZ,粤传媒,20160504,0.92165898617512
002181.SZ,粤传媒,20160503,0.92165898617512
002181.SZ,粤传媒,20160502,0.92165898617512
002181.SZ,粤传媒,20160501,0.92165898617512
002181.SZ,粤传媒,20160430,-9.5833333333333
002181.SZ,粤传媒,20160429,-9.5833333333333
002181.SZ,粤传媒,20160428,-9.5833333333333
002181.SZ,粤传媒,20160427,-9.5833333333333
002181.SZ,粤传媒,20160426,-9.5833333333333
002181.SZ,粤传媒,20160425,-9.5833333333333
002181.SZ,粤传媒,20160424,-9.5833333333333
002181.SZ,粤传媒,20160423,-9.5833333333333
002181.SZ,粤传媒,20160422,-9.5833333333333
002181.SZ,粤传媒,20160421,-9.5833333333333
002181.SZ,粤传媒,20160420,-9.5833333333333
002181.SZ,粤传媒,20160419,-9.5833333333333
002181.SZ,粤传媒,20160418,-9.5833333333333
002181.SZ,粤传媒,20160417,-9.5833333333333
002181.SZ,粤传媒,20160416,-9.5833333333333
002181.SZ,粤传媒,20160415,-9.5833333333333
002181.SZ,粤传媒,20160414,-9.5833333333333
002181.SZ,粤传媒,20160413,-9.5833333333333
002181.SZ,粤传媒,20160412,-9.5833333333333
002181.SZ,粤传媒,20160411,-9.5833333333333
002181.SZ,粤传媒,20160410,-9.5833333333333
002181.SZ,粤传媒,20160409,-9.5833333333333
002181.SZ,粤传媒,20160408,-9.5833333333333
002181.SZ,粤传媒,20160407,-9.5833333333333
002181.SZ,粤传媒,20160406,-9.5833333333333
002181.SZ,粤传媒,20160405,-9.5833333333333
002181.SZ,粤传媒,20160404,-9.5833333333333
002181.SZ,粤传媒,20160403,-9.5833333333333
002181.SZ,粤传媒,20160402,-9.5833333333333
002181.SZ,粤传媒,20160401,-9.5833333333333
002181.SZ,粤传媒,20160331,21.827411167513
002181.SZ,粤传媒,20160330,21.827411167513
002181.SZ,粤传媒,20160329,21.827411167513
002181.SZ,粤传媒,20160328,21.827411167513
002181.SZ,粤传媒,20160327,21.827411167513
002181.SZ,粤传媒,20160326,21.827411167513
002181.SZ,粤传媒,20160325,21.827411167513
002181.SZ,粤传媒,20160324,21.827411167513
002181.SZ,粤传媒,20160323,21.827411167513
002181.SZ,粤传媒,20160322,21.827411167513
002181.SZ,粤传媒,20160321,21.827411167513
002181.SZ,粤传媒,20160320,21.827411167513
002181.SZ,粤传媒,20160319,21.827411167513
002181.SZ,粤传媒,20160318,21.827411167513
002181.SZ,粤传媒,20160317,21.827411167513
002181.SZ,粤传媒,20160316,21.827411167513
002181.SZ,粤传媒,20160315,21.827411167513
002181.SZ,粤传媒,20160314,21.827411167513
002181.SZ,粤传媒,20160313,21.827411167513
002181.SZ,粤传媒,20160312,21.827411167513
002181.SZ,粤传媒,20160311,21.827411167513
002181.SZ,粤传媒,20160310,21.827411167513
002181.SZ,粤传媒,20160309,21.827411167513
002181.SZ,粤传媒,20160308,21.827411167513
002181.SZ,粤传媒,20160307,21.827411167513
002181.SZ,粤传媒,20160306,21.827411167513
002181.SZ,粤传媒,20160305,21.827411167513
002181.SZ,粤传媒,20160304,21.827411167513
002181.SZ,粤传媒,20160303,21.827411167513
002181.SZ,粤传媒,20160302,21.827411167513
002181.SZ,粤传媒,20160301,21.827411167513
002181.SZ,粤传媒,20160229,-10.352673492605
002181.SZ,粤传媒,20160228,-10.352673492605
002181.SZ,粤传媒,20160227,-10.352673492605
002181.SZ,粤传媒,20160226,-10.352673492605
002181.SZ,粤传媒,20160225,-10.352673492605
002181.SZ,粤传媒,20160224,-10.352673492605
002181.SZ,粤传媒,20160223,-10.352673492605
002181.SZ,粤传媒,20160222,-10.352673492605
002181.SZ,粤传媒,20160221,-10.352673492605
002181.SZ,粤传媒,20160220,-10.352673492605
002181.SZ,粤传媒,20160219,-10.352673492605
002181.SZ,粤传媒,20160218,-10.352673492605
002181.SZ,粤传媒,20160217,-10.352673492605
002181.SZ,粤传媒,20160216,-10.352673492605
002181.SZ,粤传媒,20160215,-10.352673492605
002181.SZ,粤传媒,20160214,-10.352673492605
002181.SZ,粤传媒,20160213,-10.352673492605
002181.SZ,粤传媒,20160212,-10.352673492605
002181.SZ,粤传媒,20160211,-10.352673492605
002181.SZ,粤传媒,20160210,-10.352673492605
002181.SZ,粤传媒,20160209,-10.352673492605
002181.SZ,粤传媒,20160208,-10.352673492605
002181.SZ,粤传媒,20160207,-10.352673492605
002181.SZ,粤传媒,20160206,-10.352673492605
002181.SZ,粤传媒,20160205,-10.352673492605
002181.SZ,粤传媒,20160204,-10.352673492605
002181.SZ,粤传媒,20160203,-10.352673492605
002181.SZ,粤传媒,20160202,-10.352673492605
002181.SZ,粤传媒,20160201,-10.352673492605
002181.SZ,粤传媒,20160131,-44.542586750789
002181.SZ,粤传媒,20160130,-44.542586750789
002181.SZ,粤传媒,20160129,-44.542586750789
002181.SZ,粤传媒,20160128,-44.542586750789
002181.SZ,粤传媒,20160127,-44.542586750789
002181.SZ,粤传媒,20160126,-44.542586750789
002181.SZ,粤传媒,20160125,-44.542586750789
002181.SZ,粤传媒,20160124,-44.542586750789
002181.SZ,粤传媒,20160123,-44.542586750789
002181.SZ,粤传媒,20160122,-44.542586750789
002181.SZ,粤传媒,20160121,-44.542586750789
002181.SZ,粤传媒,20160120,-44.542586750789
002181.SZ,粤传媒,20160119,-44.542586750789
002181.SZ,粤传媒,20160118,-44.542586750789
002181.SZ,粤传媒,20160117,-44.542586750789
002181.SZ,粤传媒,20160116,-44.542586750789
002181.SZ,粤传媒,20160115,-44.542586750789
002181.SZ,粤传媒,20160114,-44.542586750789
002181.SZ,粤传媒,20160113,-44.542586750789
002181.SZ,粤传媒,20160112,-44.542586750789
002181.SZ,粤传媒,20160111,-44.542586750789
002181.SZ,粤传媒,20160110,-44.542586750789
002181.SZ,粤传媒,20160109,-44.542586750789
002181.SZ,粤传媒,20160108,-44.542586750789
002181.SZ,粤传媒,20160107,-44.542586750789
002181.SZ,粤传媒,20160106,-44.542586750789
002181.SZ,粤传媒,20160105,-44.542586750789
002181.SZ,粤传媒,20160104,-44.542586750789
002181.SZ,粤传媒,20160103,-44.542586750789
002181.SZ,粤传媒,20160102,-44.542586750789
002181.SZ,粤传媒,20160101,-44.542586750789
002181.SZ,粤传媒,20151231,17.494440326168
002181.SZ,粤传媒,20151230,17.494440326168
002181.SZ,粤传媒,20151229,17.494440326168
002181.SZ,粤传媒,20151228,17.494440326168
002181.SZ,粤传媒,20151227,17.494440326168
002181.SZ,粤传媒,20151226,17.494440326168
002181.SZ,粤传媒,20151225,17.494440326168
002181.SZ,粤传媒,20151224,17.494440326168
002181.SZ,粤传媒,20151223,17.494440326168
002181.SZ,粤传媒,20151222,17.494440326168
002181.SZ,粤传媒,20151221,17.494440326168
002181.SZ,粤传媒,20151220,17.494440326168
002181.SZ,粤传媒,20151219,17.494440326168
002181.SZ,粤传媒,20151218,17.494440326168
002181.SZ,粤传媒,20151217,17.494440326168
002181.SZ,粤传媒,20151216,17.494440326168
002181.SZ,粤传媒,20151215,17.494440326168
002181.SZ,粤传媒,20151214,17.494440326168
002181.SZ,粤传媒,20151213,17.494440326168
002181.SZ,粤传媒,20151212,17.494440326168
002181.SZ,粤传媒,20151211,17.494440326168
002181.SZ,粤传媒,20151210,17.494440326168
002181.SZ,粤传媒,20151209,17.494440326168
002181.SZ,粤传媒,20151208,17.494440326168
002181.SZ,粤传媒,20151207,17.494440326168
002181.SZ,粤传媒,20151206,17.494440326168
002181.SZ,粤传媒,20151205,17.494440326168
002181.SZ,粤传媒,20151204,17.494440326168
002181.SZ,粤传媒,20151203,17.494440326168
002181.SZ,粤传媒,20151202,17.494440326168
002181.SZ,粤传媒,20151201,17.494440326168
002181.SZ,粤传媒,20151130,10.9375
002181.SZ,粤传媒,20151129,10.9375
002181.SZ,粤传媒,20151128,10.9375
002181.SZ,粤传媒,20151127,10.9375
002181.SZ,粤传媒,20151126,10.9375
002181.SZ,粤传媒,20151125,10.9375
002181.SZ,粤传媒,20151124,10.9375
002181.SZ,粤传媒,20151123,10.9375
002181.SZ,粤传媒,20151122,10.9375
002181.SZ,粤传媒,20151121,10.9375
002181.SZ,粤传媒,20151120,10.9375
002181.SZ,粤传媒,20151119,10.9375
002181.SZ,粤传媒,20151118,10.9375
002181.SZ,粤传媒,20151117,10.9375
002181.SZ,粤传媒,20151116,10.9375
002181.SZ,粤传媒,20151115,10.9375
002181.SZ,粤传媒,20151114,10.9375
002181.SZ,粤传媒,20151113,10.9375
002181.SZ,粤传媒,20151112,10.9375
002181.SZ,粤传媒,20151111,10.9375
002181.SZ,粤传媒,20151110,10.9375
002181.SZ,粤传媒,20151109,10.9375
002181.SZ,粤传媒,20151108,10.9375
002181.SZ,粤传媒,20151107,10.9375
002181.SZ,粤传媒,20151106,10.9375
002181.SZ,粤传媒,20151105,10.9375
002181.SZ,粤传媒,20151104,10.9375
002181.SZ,粤传媒,20151103,10.9375
002181.SZ,粤传媒,20151102,10.9375
002181.SZ,粤传媒,20151101,10.9375
002181.SZ,粤传媒,20151031,48.292682926829
002181.SZ,粤传媒,20151030,48.292682926829
002181.SZ,粤传媒,20151029,48.292682926829
002181.SZ,粤传媒,20151028,48.292682926829
002181.SZ,粤传媒,20151027,48.292682926829
002181.SZ,粤传媒,20151026,48.292682926829
002181.SZ,粤传媒,20151025,48.292682926829
002181.SZ,粤传媒,20151024,48.292682926829
002181.SZ,粤传媒,20151023,48.292682926829
002181.SZ,粤传媒,20151022,48.292682926829
002181.SZ,粤传媒,20151021,48.292682926829
002181.SZ,粤传媒,20151020,48.292682926829
002181.SZ,粤传媒,20151019,48.292682926829
002181.SZ,粤传媒,20151018,48.292682926829
002181.SZ,粤传媒,20151017,48.292682926829
002181.SZ,粤传媒,20151016,48.292682926829
002181.SZ,粤传媒,20151015,48.292682926829
002181.SZ,粤传媒,20151014,48.292682926829
002181.SZ,粤传媒,20151013,48.292682926829
002181.SZ,粤传媒,20151012,48.292682926829
002181.SZ,粤传媒,20151011,48.292682926829
002181.SZ,粤传媒,20151010,48.292682926829
002181.SZ,粤传媒,20151009,48.292682926829
002181.SZ,粤传媒,20151008,48.292682926829
002181.SZ,粤传媒,20151007,48.292682926829
002181.SZ,粤传媒,20151006,48.292682926829
002181.SZ,粤传媒,20151005,48.292682926829
002181.SZ,粤传媒,20151004,48.292682926829
002181.SZ,粤传媒,20151003,48.292682926829
002181.SZ,粤传媒,20151002,48.292682926829
002181.SZ,粤传媒,20151001,48.292682926829
002181.SZ,粤传媒,20150930,-8.3798882681564
002181.SZ,粤传媒,20150929,-8.3798882681564
002181.SZ,粤传媒,20150928,-8.3798882681564
002181.SZ,粤传媒,20150927,-8.3798882681564
002181.SZ,粤传媒,20150926,-8.3798882681564
002181.SZ,粤传媒,20150925,-8.3798882681564
002181.SZ,粤传媒,20150924,-8.3798882681564
002181.SZ,粤传媒,20150923,-8.3798882681564
002181.SZ,粤传媒,20150922,-8.3798882681564
002181.SZ,粤传媒,20150921,-8.3798882681564
002181.SZ,粤传媒,20150920,-8.3798882681564
002181.SZ,粤传媒,20150919,-8.3798882681564
002181.SZ,粤传媒,20150918,-8.3798882681564
002181.SZ,粤传媒,20150917,-8.3798882681564
002181.SZ,粤传媒,20150916,-8.3798882681564
002181.SZ,粤传媒,20150915,-8.3798882681564
002181.SZ,粤传媒,20150914,-8.3798882681564
002181.SZ,粤传媒,20150913,-8.3798882681564
002181.SZ,粤传媒,20150912,-8.3798882681564
002181.SZ,粤传媒,20150911,-8.3798882681564
002181.SZ,粤传媒,20150910,-8.3798882681564
002181.SZ,粤传媒,20150909,-8.3798882681564
002181.SZ,粤传媒,20150908,-8.3798882681564
002181.SZ,粤传媒,20150907,-8.3798882681564
002181.SZ,粤传媒,20150906,-8.3798882681564
002181.SZ,粤传媒,20150905,-8.3798882681564
002181.SZ,粤传媒,20150904,-8.3798882681564
002181.SZ,粤传媒,20150903,-8.3798882681564
002181.SZ,粤传媒,20150902,-8.3798882681564
002181.SZ,粤传媒,20150901,-8.3798882681564
002181.SZ,粤传媒,20150831,-21.834061135371
002181.SZ,粤传媒,20150830,-21.834061135371
002181.SZ,粤传媒,20150829,-21.834061135371
002181.SZ,粤传媒,20150828,-21.834061135371
002181.SZ,粤传媒,20150827,-21.834061135371
002181.SZ,粤传媒,20150826,-21.834061135371
002181.SZ,粤传媒,20150825,-21.834061135371
002181.SZ,粤传媒,20150824,-21.834061135371
002181.SZ,粤传媒,20150823,-21.834061135371
002181.SZ,粤传媒,20150822,-21.834061135371
002181.SZ,粤传媒,20150821,-21.834061135371
002181.SZ,粤传媒,20150820,-21.834061135371
002181.SZ,粤传媒,20150819,-21.834061135371
002181.SZ,粤传媒,20150818,-21.834061135371
002181.SZ,粤传媒,20150817,-21.834061135371
002181.SZ,粤传媒,20150816,-21.834061135371
002181.SZ,粤传媒,20150815,-21.834061135371
002181.SZ,粤传媒,20150814,-21.834061135371
002181.SZ,粤传媒,20150813,-21.834061135371
002181.SZ,粤传媒,20150812,-21.834061135371
002181.SZ,粤传媒,20150811,-21.834061135371
002181.SZ,粤传媒,20150810,-21.834061135371
002181.SZ,粤传媒,20150809,-21.834061135371
002181.SZ,粤传媒,20150808,-21.834061135371
002181.SZ,粤传媒,20150807,-21.834061135371
002181.SZ,粤传媒,20150806,-21.834061135371
002181.SZ,粤传媒,20150805,-21.834061135371
002181.SZ,粤传媒,20150804,-21.834061135371
002181.SZ,粤传媒,20150803,-21.834061135371
002181.SZ,粤传媒,20150802,-21.834061135371
002181.SZ,粤传媒,20150801,-21.834061135371
002181.SZ,粤传媒,20150731,-22.108843537415
002181.SZ,粤传媒,20150730,-22.108843537415
002181.SZ,粤传媒,20150729,-22.108843537415
002181.SZ,粤传媒,20150728,-22.108843537415
002181.SZ,粤传媒,20150727,-22.108843537415
002181.SZ,粤传媒,20150726,-22.108843537415
002181.SZ,粤传媒,20150725,-22.108843537415
002181.SZ,粤传媒,20150724,-22.108843537415
002181.SZ,粤传媒,20150723,-22.108843537415
002181.SZ,粤传媒,20150722,-22.108843537415
002181.SZ,粤传媒,20150721,-22.108843537415
002181.SZ,粤传媒,20150720,-22.108843537415
002181.SZ,粤传媒,20150719,-22.108843537415
002181.SZ,粤传媒,20150718,-22.108843537415
002181.SZ,粤传媒,20150717,-22.108843537415
002181.SZ,粤传媒,20150716,-22.108843537415
002181.SZ,粤传媒,20150715,-22.108843537415
002181.SZ,粤传媒,20150714,-22.108843537415
002181.SZ,粤传媒,20150713,-22.108843537415
002181.SZ,粤传媒,20150712,-22.108843537415
002181.SZ,粤传媒,20150711,-22.108843537415
002181.SZ,粤传媒,20150710,-22.108843537415
002181.SZ,粤传媒,20150709,-22.108843537415
002181.SZ,粤传媒,20150708,-22.108843537415
002181.SZ,粤传媒,20150707,-22.108843537415
002181.SZ,粤传媒,20150706,-22.108843537415
002181.SZ,粤传媒,20150705,-22.108843537415
002181.SZ,粤传媒,20150704,-22.108843537415
002181.SZ,粤传媒,20150703,-22.108843537415
002181.SZ,粤传媒,20150702,-22.108843537415
002181.SZ,粤传媒,20150701,-22.108843537415
002181.SZ,粤传媒,20150630,-40.701895925777
002181.SZ,粤传媒,20150629,-40.701895925777
002181.SZ,粤传媒,20150628,-40.701895925777
002181.SZ,粤传媒,20150627,-40.701895925777
002181.SZ,粤传媒,20150626,-40.701895925777
002181.SZ,粤传媒,20150625,-40.701895925777
002181.SZ,粤传媒,20150624,-40.701895925777
002181.SZ,粤传媒,20150623,-40.701895925777
002181.SZ,粤传媒,20150622,-40.701895925777
002181.SZ,粤传媒,20150621,-40.701895925777
002181.SZ,粤传媒,20150620,-40.701895925777
002181.SZ,粤传媒,20150619,-40.701895925777
002181.SZ,粤传媒,20150618,-40.701895925777
002181.SZ,粤传媒,20150617,-40.701895925777
002181.SZ,粤传媒,20150616,-40.701895925777
002181.SZ,粤传媒,20150615,-40.701895925777
002181.SZ,粤传媒,20150614,-40.701895925777
002181.SZ,粤传媒,20150613,-40.701895925777
002181.SZ,粤传媒,20150612,-40.701895925777
002181.SZ,粤传媒,20150611,-40.701895925777
002181.SZ,粤传媒,20150610,-40.701895925777
002181.SZ,粤传媒,20150609,-40.701895925777
002181.SZ,粤传媒,20150608,-40.701895925777
002181.SZ,粤传媒,20150607,-40.701895925777
002181.SZ,粤传媒,20150606,-40.701895925777
002181.SZ,粤传媒,20150605,-40.701895925777
002181.SZ,粤传媒,20150604,-40.701895925777
002181.SZ,粤传媒,20150603,-40.701895925777
002181.SZ,粤传媒,20150602,-40.701895925777
002181.SZ,粤传媒,20150601,-40.701895925777
002181.SZ,粤传媒,20150531,7.6422058184976
002181.SZ,粤传媒,20150530,7.6422058184976
002181.SZ,粤传媒,20150529,7.6422058184976
002181.SZ,粤传媒,20150528,7.6422058184976
002181.SZ,粤传媒,20150527,7.6422058184976
002181.SZ,粤传媒,20150526,7.6422058184976
002181.SZ,粤传媒,20150525,7.6422058184976
002181.SZ,粤传媒,20150524,7.6422058184976
002181.SZ,粤传媒,20150523,7.6422058184976
002181.SZ,粤传媒,20150522,7.6422058184976
002181.SZ,粤传媒,20150521,7.6422058184976
002181.SZ,粤传媒,20150520,7.6422058184976
002181.SZ,粤传媒,20150519,7.6422058184976
002181.SZ,粤传媒,20150518,7.6422058184976
002181.SZ,粤传媒,20150517,7.6422058184976
002181.SZ,粤传媒,20150516,7.6422058184976
002181.SZ,粤传媒,20150515,7.6422058184976
002181.SZ,粤传媒,20150514,7.6422058184976
002181.SZ,粤传媒,20150513,7.6422058184976
002181.SZ,粤传媒,20150512,7.6422058184976
002181.SZ,粤传媒,20150511,7.6422058184976
002181.SZ,粤传媒,20150510,7.6422058184976
002181.SZ,粤传媒,20150509,7.6422058184976
002181.SZ,粤传媒,20150508,7.6422058184976
002181.SZ,粤传媒,20150507,7.6422058184976
002181.SZ,粤传媒,20150506,7.6422058184976
002181.SZ,粤传媒,20150505,7.6422058184976
002181.SZ,粤传媒,20150504,7.6422058184976
002181.SZ,粤传媒,20150503,7.6422058184976
002181.SZ,粤传媒,20150502,7.6422058184976
002181.SZ,粤传媒,20150501,7.6422058184976
002181.SZ,粤传媒,20150430,12.561094819159
002181.SZ,粤传媒,20150429,12.561094819159
002181.SZ,粤传媒,20150428,12.561094819159
002181.SZ,粤传媒,20150427,12.561094819159
002181.SZ,粤传媒,20150426,12.561094819159
002181.SZ,粤传媒,20150425,12.561094819159
002181.SZ,粤传媒,20150424,12.561094819159
002181.SZ,粤传媒,20150423,12.561094819159
002181.SZ,粤传媒,20150422,12.561094819159
002181.SZ,粤传媒,20150421,12.561094819159
002181.SZ,粤传媒,20150420,12.561094819159
002181.SZ,粤传媒,20150419,12.561094819159
002181.SZ,粤传媒,20150418,12.561094819159
002181.SZ,粤传媒,20150417,12.561094819159
002181.SZ,粤传媒,20150416,12.561094819159
002181.SZ,粤传媒,20150415,12.561094819159
002181.SZ,粤传媒,20150414,12.561094819159
002181.SZ,粤传媒,20150413,12.561094819159
002181.SZ,粤传媒,20150412,12.561094819159
002181.SZ,粤传媒,20150411,12.561094819159
002181.SZ,粤传媒,20150410,12.561094819159
002181.SZ,粤传媒,20150409,12.561094819159
002181.SZ,粤传媒,20150408,12.561094819159
002181.SZ,粤传媒,20150407,12.561094819159
002181.SZ,粤传媒,20150406,12.561094819159
002181.SZ,粤传媒,20150405,12.561094819159
002181.SZ,粤传媒,20150404,12.561094819159
002181.SZ,粤传媒,20150403,12.561094819159
002181.SZ,粤传媒,20150402,12.561094819159
002181.SZ,粤传媒,20150401,12.561094819159
002181.SZ,粤传媒,20150331,13.793103448276
002181.SZ,粤传媒,20150330,13.793103448276
002181.SZ,粤传媒,20150329,13.793103448276
002181.SZ,粤传媒,20150328,13.793103448276
002181.SZ,粤传媒,20150327,13.793103448276
002181.SZ,粤传媒,20150326,13.793103448276
002181.SZ,粤传媒,20150325,13.793103448276
002181.SZ,粤传媒,20150324,13.793103448276
002181.SZ,粤传媒,20150323,13.793103448276
002181.SZ,粤传媒,20150322,13.793103448276
002181.SZ,粤传媒,20150321,13.793103448276
002181.SZ,粤传媒,20150320,13.793103448276
002181.SZ,粤传媒,20150319,13.793103448276
002181.SZ,粤传媒,20150318,13.793103448276
002181.SZ,粤传媒,20150317,13.793103448276
002181.SZ,粤传媒,20150316,13.793103448276
002181.SZ,粤传媒,20150315,13.793103448276
002181.SZ,粤传媒,20150314,13.793103448276
002181.SZ,粤传媒,20150313,13.793103448276
002181.SZ,粤传媒,20150312,13.793103448276
002181.SZ,粤传媒,20150311,13.793103448276
002181.SZ,粤传媒,20150310,13.793103448276
002181.SZ,粤传媒,20150309,13.793103448276
002181.SZ,粤传媒,20150308,13.793103448276
002181.SZ,粤传媒,20150307,13.793103448276
002181.SZ,粤传媒,20150306,13.793103448276
002181.SZ,粤传媒,20150305,13.793103448276
002181.SZ,粤传媒,20150304,13.793103448276
002181.SZ,粤传媒,20150303,13.793103448276
002181.SZ,粤传媒,20150302,13.793103448276
002181.SZ,粤传媒,20150301,13.793103448276
002181.SZ,粤传媒,20150228,7.7937649880096
002181.SZ,粤传媒,20150227,7.7937649880096
002181.SZ,粤传媒,20150226,7.7937649880096
002181.SZ,粤传媒,20150225,7.7937649880096
002181.SZ,粤传媒,20150224,7.7937649880096
002181.SZ,粤传媒,20150223,7.7937649880096
002181.SZ,粤传媒,20150222,7.7937649880096
002181.SZ,粤传媒,20150221,7.7937649880096
002181.SZ,粤传媒,20150220,7.7937649880096
002181.SZ,粤传媒,20150219,7.7937649880096
002181.SZ,粤传媒,20150218,7.7937649880096
002181.SZ,粤传媒,20150217,7.7937649880096
002181.SZ,粤传媒,20150216,7.7937649880096
002181.SZ,粤传媒,20150215,7.7937649880096
002181.SZ,粤传媒,20150214,7.7937649880096
002181.SZ,粤传媒,20150213,7.7937649880096
002181.SZ,粤传媒,20150212,7.7937649880096
002181.SZ,粤传媒,20150211,7.7937649880096
002181.SZ,粤传媒,20150210,7.7937649880096
002181.SZ,粤传媒,20150209,7.7937649880096
002181.SZ,粤传媒,20150208,7.7937649880096
002181.SZ,粤传媒,20150207,7.7937649880096
002181.SZ,粤传媒,20150206,7.7937649880096
002181.SZ,粤传媒,20150205,7.7937649880096
002181.SZ,粤传媒,20150204,7.7937649880096
002181.SZ,粤传媒,20150203,7.7937649880096
002181.SZ,粤传媒,20150202,7.7937649880096
002181.SZ,粤传媒,20150201,7.7937649880096
002181.SZ,粤传媒,20150131,8.59375
002181.SZ,粤传媒,20150130,8.59375
002181.SZ,粤传媒,20150129,8.59375
002181.SZ,粤传媒,20150128,8.59375
002181.SZ,粤传媒,20150127,8.59375
002181.SZ,粤传媒,20150126,8.59375
002181.SZ,粤传媒,20150125,8.59375
002181.SZ,粤传媒,20150124,8.59375
002181.SZ,粤传媒,20150123,8.59375
002181.SZ,粤传媒,20150122,8.59375
002181.SZ,粤传媒,20150121,8.59375
002181.SZ,粤传媒,20150120,8.59375
002181.SZ,粤传媒,20150119,8.59375
002181.SZ,粤传媒,20150118,8.59375
002181.SZ,粤传媒,20150117,8.59375
002181.SZ,粤传媒,20150116,8.59375
002181.SZ,粤传媒,20150115,8.59375
002181.SZ,粤传媒,20150114,8.59375
002181.SZ,粤传媒,20150113,8.59375
002181.SZ,粤传媒,20150112,8.59375
002181.SZ,粤传媒,20150111,8.59375
002181.SZ,粤传媒,20150110,8.59375
002181.SZ,粤传媒,20150109,8.59375
002181.SZ,粤传媒,20150108,8.59375
002181.SZ,粤传媒,20150107,8.59375
002181.SZ,粤传媒,20150106,8.59375
002181.SZ,粤传媒,20150105,8.59375
002181.SZ,粤传媒,20150104,8.59375
002181.SZ,粤传媒,20150103,8.59375
002181.SZ,粤传媒,20150102,8.59375
002181.SZ,粤传媒,20150101,8.59375
002181.SZ,粤传媒,20141231,-9.6470588235294
002181.SZ,粤传媒,20141230,-9.6470588235294
002181.SZ,粤传媒,20141229,-9.6470588235294
002181.SZ,粤传媒,20141228,-9.6470588235294
002181.SZ,粤传媒,20141227,-9.6470588235294
002181.SZ,粤传媒,20141226,-9.6470588235294
002181.SZ,粤传媒,20141225,-9.6470588235294
002181.SZ,粤传媒,20141224,-9.6470588235294
002181.SZ,粤传媒,20141223,-9.6470588235294
002181.SZ,粤传媒,20141222,-9.6470588235294
002181.SZ,粤传媒,20141221,-9.6470588235294
002181.SZ,粤传媒,20141220,-9.6470588235294
002181.SZ,粤传媒,20141219,-9.6470588235294
002181.SZ,粤传媒,20141218,-9.6470588235294
002181.SZ,粤传媒,20141217,-9.6470588235294
002181.SZ,粤传媒,20141216,-9.6470588235294
002181.SZ,粤传媒,20141215,-9.6470588235294
002181.SZ,粤传媒,20141214,-9.6470588235294
002181.SZ,粤传媒,20141213,-9.6470588235294
002181.SZ,粤传媒,20141212,-9.6470588235294
002181.SZ,粤传媒,20141211,-9.6470588235294
002181.SZ,粤传媒,20141210,-9.6470588235294
002181.SZ,粤传媒,20141209,-9.6470588235294
002181.SZ,粤传媒,20141208,-9.6470588235294
002181.SZ,粤传媒,20141207,-9.6470588235294
002181.SZ,粤传媒,20141206,-9.6470588235294
002181.SZ,粤传媒,20141205,-9.6470588235294
002181.SZ,粤传媒,20141204,-9.6470588235294
002181.SZ,粤传媒,20141203,-9.6470588235294
002181.SZ,粤传媒,20141202,-9.6470588235294
002181.SZ,粤传媒,20141201,-9.6470588235294
002181.SZ,粤传媒,20141130,-5.2924791086351
002181.SZ,粤传媒,20141129,-5.2924791086351
002181.SZ,粤传媒,20141128,-5.2924791086351
002181.SZ,粤传媒,20141127,-5.2924791086351
002181.SZ,粤传媒,20141126,-5.2924791086351
002181.SZ,粤传媒,20141125,-5.2924791086351
002181.SZ,粤传媒,20141124,-5.2924791086351
002181.SZ,粤传媒,20141123,-5.2924791086351
002181.SZ,粤传媒,20141122,-5.2924791086351
002181.SZ,粤传媒,20141121,-5.2924791086351
002181.SZ,粤传媒,20141120,-5.2924791086351
002181.SZ,粤传媒,20141119,-5.2924791086351
002181.SZ,粤传媒,20141118,-5.2924791086351
002181.SZ,粤传媒,20141117,-5.2924791086351
002181.SZ,粤传媒,20141116,-5.2924791086351
002181.SZ,粤传媒,20141115,-5.2924791086351
002181.SZ,粤传媒,20141114,-5.2924791086351
002181.SZ,粤传媒,20141113,-5.2924791086351
002181.SZ,粤传媒,20141112,-5.2924791086351
002181.SZ,粤传媒,20141111,-5.2924791086351
002181.SZ,粤传媒,20141110,-5.2924791086351
002181.SZ,粤传媒,20141109,-5.2924791086351
002181.SZ,粤传媒,20141108,-5.2924791086351
002181.SZ,粤传媒,20141107,-5.2924791086351
002181.SZ,粤传媒,20141106,-5.2924791086351
002181.SZ,粤传媒,20141105,-5.2924791086351
002181.SZ,粤传媒,20141104,-5.2924791086351
002181.SZ,粤传媒,20141103,-5.2924791086351
002181.SZ,粤传媒,20141102,-5.2924791086351
002181.SZ,粤传媒,20141101,-5.2924791086351
002181.SZ,粤传媒,20141031,-5.2770448548813
002181.SZ,粤传媒,20141030,-5.2770448548813
002181.SZ,粤传媒,20141029,-5.2770448548813
002181.SZ,粤传媒,20141028,-5.2770448548813
002181.SZ,粤传媒,20141027,-5.2770448548813
002181.SZ,粤传媒,20141026,-5.2770448548813
002181.SZ,粤传媒,20141025,-5.2770448548813
002181.SZ,粤传媒,20141024,-5.2770448548813
002181.SZ,粤传媒,20141023,-5.2770448548813
002181.SZ,粤传媒,20141022,-5.2770448548813
002181.SZ,粤传媒,20141021,-5.2770448548813
002181.SZ,粤传媒,20141020,-5.2770448548813
002181.SZ,粤传媒,20141019,-5.2770448548813
002181.SZ,粤传媒,20141018,-5.2770448548813
002181.SZ,粤传媒,20141017,-5.2770448548813
002181.SZ,粤传媒,20141016,-5.2770448548813
002181.SZ,粤传媒,20141015,-5.2770448548813
002181.SZ,粤传媒,20141014,-5.2770448548813
002181.SZ,粤传媒,20141013,-5.2770448548813
002181.SZ,粤传媒,20141012,-5.2770448548813
002181.SZ,粤传媒,20141011,-5.2770448548813
002181.SZ,粤传媒,20141010,-5.2770448548813
002181.SZ,粤传媒,20141009,-5.2770448548813
002181.SZ,粤传媒,20141008,-5.2770448548813
002181.SZ,粤传媒,20141007,-5.2770448548813
002181.SZ,粤传媒,20141006,-5.2770448548813
002181.SZ,粤传媒,20141005,-5.2770448548813
002181.SZ,粤传媒,20141004,-5.2770448548813
002181.SZ,粤传媒,20141003,-5.2770448548813
002181.SZ,粤传媒,20141002,-5.2770448548813
002181.SZ,粤传媒,20141001,-5.2770448548813
002181.SZ,粤传媒,20140930,3.6652078774617
002181.SZ,粤传媒,20140929,3.6652078774617
002181.SZ,粤传媒,20140928,3.6652078774617
002181.SZ,粤传媒,20140927,3.6652078774617
002181.SZ,粤传媒,20140926,3.6652078774617
002181.SZ,粤传媒,20140925,3.6652078774617
002181.SZ,粤传媒,20140924,3.6652078774617
002181.SZ,粤传媒,20140923,3.6652078774617
002181.SZ,粤传媒,20140922,3.6652078774617
002181.SZ,粤传媒,20140921,3.6652078774617
002181.SZ,粤传媒,20140920,3.6652078774617
002181.SZ,粤传媒,20140919,3.6652078774617
002181.SZ,粤传媒,20140918,3.6652078774617
002181.SZ,粤传媒,20140917,3.6652078774617
002181.SZ,粤传媒,20140916,3.6652078774617
002181.SZ,粤传媒,20140915,3.6652078774617
002181.SZ,粤传媒,20140914,3.6652078774617
002181.SZ,粤传媒,20140913,3.6652078774617
002181.SZ,粤传媒,20140912,3.6652078774617
002181.SZ,粤传媒,20140911,3.6652078774617
002181.SZ,粤传媒,20140910,3.6652078774617
002181.SZ,粤传媒,20140909,3.6652078774617
002181.SZ,粤传媒,20140908,3.6652078774617
002181.SZ,粤传媒,20140907,3.6652078774617
002181.SZ,粤传媒,20140906,3.6652078774617
002181.SZ,粤传媒,20140905,3.6652078774617
002181.SZ,粤传媒,20140904,3.6652078774617
002181.SZ,粤传媒,20140903,3.6652078774617
002181.SZ,粤传媒,20140902,3.6652078774617
002181.SZ,粤传媒,20140901,3.6652078774617
002181.SZ,粤传媒,20140831,22.274247491639
002181.SZ,粤传媒,20140830,22.274247491639
002181.SZ,粤传媒,20140829,22.274247491639
002181.SZ,粤传媒,20140828,22.274247491639
002181.SZ,粤传媒,20140827,22.274247491639
002181.SZ,粤传媒,20140826,22.274247491639
002181.SZ,粤传媒,20140825,22.274247491639
002181.SZ,粤传媒,20140824,22.274247491639
002181.SZ,粤传媒,20140823,22.274247491639
002181.SZ,粤传媒,20140822,22.274247491639
002181.SZ,粤传媒,20140821,22.274247491639
002181.SZ,粤传媒,20140820,22.274247491639
002181.SZ,粤传媒,20140819,22.274247491639
002181.SZ,粤传媒,20140818,22.274247491639
002181.SZ,粤传媒,20140817,22.274247491639
002181.SZ,粤传媒,20140816,22.274247491639
002181.SZ,粤传媒,20140815,22.274247491639
002181.SZ,粤传媒,20140814,22.274247491639
002181.SZ,粤传媒,20140813,22.274247491639
002181.SZ,粤传媒,20140812,22.274247491639
002181.SZ,粤传媒,20140811,22.274247491639
002181.SZ,粤传媒,20140810,22.274247491639
002181.SZ,粤传媒,20140809,22.274247491639
002181.SZ,粤传媒,20140808,22.274247491639
002181.SZ,粤传媒,20140807,22.274247491639
002181.SZ,粤传媒,20140806,22.274247491639
002181.SZ,粤传媒,20140805,22.274247491639
002181.SZ,粤传媒,20140804,22.274247491639
002181.SZ,粤传媒,20140803,22.274247491639
002181.SZ,粤传媒,20140802,22.274247491639
002181.SZ,粤传媒,20140801,22.274247491639
002181.SZ,粤传媒,20140731,-5.379746835443
002181.SZ,粤传媒,20140730,-5.379746835443
002181.SZ,粤传媒,20140729,-5.379746835443
002181.SZ,粤传媒,20140728,-5.379746835443
002181.SZ,粤传媒,20140727,-5.379746835443
002181.SZ,粤传媒,20140726,-5.379746835443
002181.SZ,粤传媒,20140725,-5.379746835443
002181.SZ,粤传媒,20140724,-5.379746835443
002181.SZ,粤传媒,20140723,-5.379746835443
002181.SZ,粤传媒,20140722,-5.379746835443
002181.SZ,粤传媒,20140721,-5.379746835443
002181.SZ,粤传媒,20140720,-5.379746835443
002181.SZ,粤传媒,20140719,-5.379746835443
002181.SZ,粤传媒,20140718,-5.379746835443
002181.SZ,粤传媒,20140717,-5.379746835443
002181.SZ,粤传媒,20140716,-5.379746835443
002181.SZ,粤传媒,20140715,-5.379746835443
002181.SZ,粤传媒,20140714,-5.379746835443
002181.SZ,粤传媒,20140713,-5.379746835443
002181.SZ,粤传媒,20140712,-5.379746835443
002181.SZ,粤传媒,20140711,-5.379746835443
002181.SZ,粤传媒,20140710,-5.379746835443
002181.SZ,粤传媒,20140709,-5.379746835443
002181.SZ,粤传媒,20140708,-5.379746835443
002181.SZ,粤传媒,20140707,-5.379746835443
002181.SZ,粤传媒,20140706,-5.379746835443
002181.SZ,粤传媒,20140705,-5.379746835443
002181.SZ,粤传媒,20140704,-5.379746835443
002181.SZ,粤传媒,20140703,-5.379746835443
002181.SZ,粤传媒,20140702,-5.379746835443
002181.SZ,粤传媒,20140701,-5.379746835443
002181.SZ,粤传媒,20140630,2.9315960912052
002181.SZ,粤传媒,20140629,2.9315960912052
002181.SZ,粤传媒,20140628,2.9315960912052
002181.SZ,粤传媒,20140627,2.9315960912052
002181.SZ,粤传媒,20140626,2.9315960912052
002181.SZ,粤传媒,20140625,2.9315960912052
002181.SZ,粤传媒,20140624,2.9315960912052
002181.SZ,粤传媒,20140623,2.9315960912052
002181.SZ,粤传媒,20140622,2.9315960912052
002181.SZ,粤传媒,20140621,2.9315960912052
002181.SZ,粤传媒,20140620,2.9315960912052
002181.SZ,粤传媒,20140619,2.9315960912052
002181.SZ,粤传媒,20140618,2.9315960912052
002181.SZ,粤传媒,20140617,2.9315960912052
002181.SZ,粤传媒,20140616,2.9315960912052
002181.SZ,粤传媒,20140615,2.9315960912052
002181.SZ,粤传媒,20140614,2.9315960912052
002181.SZ,粤传媒,20140613,2.9315960912052
002181.SZ,粤传媒,20140612,2.9315960912052
002181.SZ,粤传媒,20140611,2.9315960912052
002181.SZ,粤传媒,20140610,2.9315960912052
002181.SZ,粤传媒,20140609,2.9315960912052
002181.SZ,粤传媒,20140608,2.9315960912052
002181.SZ,粤传媒,20140607,2.9315960912052
002181.SZ,粤传媒,20140606,2.9315960912052
002181.SZ,粤传媒,20140605,2.9315960912052
002181.SZ,粤传媒,20140604,2.9315960912052
002181.SZ,粤传媒,20140603,2.9315960912052
002181.SZ,粤传媒,20140602,2.9315960912052
002181.SZ,粤传媒,20140601,2.9315960912052
002181.SZ,粤传媒,20140531,0.92044707429322
002181.SZ,粤传媒,20140530,0.92044707429322
002181.SZ,粤传媒,20140529,0.92044707429322
002181.SZ,粤传媒,20140528,0.92044707429322
002181.SZ,粤传媒,20140527,0.92044707429322
002181.SZ,粤传媒,20140526,0.92044707429322
002181.SZ,粤传媒,20140525,0.92044707429322
002181.SZ,粤传媒,20140524,0.92044707429322
002181.SZ,粤传媒,20140523,0.92044707429322
002181.SZ,粤传媒,20140522,0.92044707429322
002181.SZ,粤传媒,20140521,0.92044707429322
002181.SZ,粤传媒,20140520,0.92044707429322
002181.SZ,粤传媒,20140519,0.92044707429322
002181.SZ,粤传媒,20140518,0.92044707429322
002181.SZ,粤传媒,20140517,0.92044707429322
002181.SZ,粤传媒,20140516,0.92044707429322
002181.SZ,粤传媒,20140515,0.92044707429322
002181.SZ,粤传媒,20140514,0.92044707429322
002181.SZ,粤传媒,20140513,0.92044707429322
002181.SZ,粤传媒,20140512,0.92044707429322
002181.SZ,粤传媒,20140511,0.92044707429322
002181.SZ,粤传媒,20140510,0.92044707429322
002181.SZ,粤传媒,20140509,0.92044707429322
002181.SZ,粤传媒,20140508,0.92044707429322
002181.SZ,粤传媒,20140507,0.92044707429322
002181.SZ,粤传媒,20140506,0.92044707429322
002181.SZ,粤传媒,20140505,0.92044707429322
002181.SZ,粤传媒,20140504,0.92044707429322
002181.SZ,粤传媒,20140503,0.92044707429322
002181.SZ,粤传媒,20140502,0.92044707429322
002181.SZ,粤传媒,20140501,0.92044707429322
002181.SZ,粤传媒,20140430,1.2649800266312
002181.SZ,粤传媒,20140429,1.2649800266312
002181.SZ,粤传媒,20140428,1.2649800266312
002181.SZ,粤传媒,20140427,1.2649800266312
002181.SZ,粤传媒,20140426,1.2649800266312
002181.SZ,粤传媒,20140425,1.2649800266312
002181.SZ,粤传媒,20140424,1.2649800266312
002181.SZ,粤传媒,20140423,1.2649800266312
002181.SZ,粤传媒,20140422,1.2649800266312
002181.SZ,粤传媒,20140421,1.2649800266312
002181.SZ,粤传媒,20140420,1.2649800266312
002181.SZ,粤传媒,20140419,1.2649800266312
002181.SZ,粤传媒,20140418,1.2649800266312
002181.SZ,粤传媒,20140417,1.2649800266312
002181.SZ,粤传媒,20140416,1.2649800266312
002181.SZ,粤传媒,20140415,1.2649800266312
002181.SZ,粤传媒,20140414,1.2649800266312
002181.SZ,粤传媒,20140413,1.2649800266312
002181.SZ,粤传媒,20140412,1.2649800266312
002181.SZ,粤传媒,20140411,1.2649800266312
002181.SZ,粤传媒,20140410,1.2649800266312
002181.SZ,粤传媒,20140409,1.2649800266312
002181.SZ,粤传媒,20140408,1.2649800266312
002181.SZ,粤传媒,20140407,1.2649800266312
002181.SZ,粤传媒,20140406,1.2649800266312
002181.SZ,粤传媒,20140405,1.2649800266312
002181.SZ,粤传媒,20140404,1.2649800266312
002181.SZ,粤传媒,20140403,1.2649800266312
002181.SZ,粤传媒,20140402,1.2649800266312
002181.SZ,粤传媒,20140401,1.2649800266312
002181.SZ,粤传媒,20140331,-18.810810810811
002181.SZ,粤传媒,20140330,-18.810810810811
002181.SZ,粤传媒,20140329,-18.810810810811
002181.SZ,粤传媒,20140328,-18.810810810811
002181.SZ,粤传媒,20140327,-18.810810810811
002181.SZ,粤传媒,20140326,-18.810810810811
002181.SZ,粤传媒,20140325,-18.810810810811
002181.SZ,粤传媒,20140324,-18.810810810811
002181.SZ,粤传媒,20140323,-18.810810810811
002181.SZ,粤传媒,20140322,-18.810810810811
002181.SZ,粤传媒,20140321,-18.810810810811
002181.SZ,粤传媒,20140320,-18.810810810811
002181.SZ,粤传媒,20140319,-18.810810810811
002181.SZ,粤传媒,20140318,-18.810810810811
002181.SZ,粤传媒,20140317,-18.810810810811
002181.SZ,粤传媒,20140316,-18.810810810811
002181.SZ,粤传媒,20140315,-18.810810810811
002181.SZ,粤传媒,20140314,-18.810810810811
002181.SZ,粤传媒,20140313,-18.810810810811
002181.SZ,粤传媒,20140312,-18.810810810811
002181.SZ,粤传媒,20140311,-18.810810810811
002181.SZ,粤传媒,20140310,-18.810810810811
002181.SZ,粤传媒,20140309,-18.810810810811
002181.SZ,粤传媒,20140308,-18.810810810811
002181.SZ,粤传媒,20140307,-18.810810810811
002181.SZ,粤传媒,20140306,-18.810810810811
002181.SZ,粤传媒,20140305,-18.810810810811
002181.SZ,粤传媒,20140304,-18.810810810811
002181.SZ,粤传媒,20140303,-18.810810810811
002181.SZ,粤传媒,20140302,-18.810810810811
002181.SZ,粤传媒,20140301,-18.810810810811
002181.SZ,粤传媒,20140228,-3.4446764091858
002181.SZ,粤传媒,20140227,-3.4446764091858
002181.SZ,粤传媒,20140226,-3.4446764091858
002181.SZ,粤传媒,20140225,-3.4446764091858
002181.SZ,粤传媒,20140224,-3.4446764091858
002181.SZ,粤传媒,20140223,-3.4446764091858
002181.SZ,粤传媒,20140222,-3.4446764091858
002181.SZ,粤传媒,20140221,-3.4446764091858
002181.SZ,粤传媒,20140220,-3.4446764091858
002181.SZ,粤传媒,20140219,-3.4446764091858
002181.SZ,粤传媒,20140218,-3.4446764091858
002181.SZ,粤传媒,20140217,-3.4446764091858
002181.SZ,粤传媒,20140216,-3.4446764091858
002181.SZ,粤传媒,20140215,-3.4446764091858
002181.SZ,粤传媒,20140214,-3.4446764091858
002181.SZ,粤传媒,20140213,-3.4446764091858
002181.SZ,粤传媒,20140212,-3.4446764091858
002181.SZ,粤传媒,20140211,-3.4446764091858
002181.SZ,粤传媒,20140210,-3.4446764091858
002181.SZ,粤传媒,20140209,-3.4446764091858
002181.SZ,粤传媒,20140208,-3.4446764091858
002181.SZ,粤传媒,20140207,-3.4446764091858
002181.SZ,粤传媒,20140206,-3.4446764091858
002181.SZ,粤传媒,20140205,-3.4446764091858
002181.SZ,粤传媒,20140204,-3.4446764091858
002181.SZ,粤传媒,20140203,-3.4446764091858
002181.SZ,粤传媒,20140202,-3.4446764091858
002181.SZ,粤传媒,20140201,-3.4446764091858
002181.SZ,粤传媒,20140131,80.925401322002
002181.SZ,粤传媒,20140130,80.925401322002
002181.SZ,粤传媒,20140129,80.925401322002
002181.SZ,粤传媒,20140128,80.925401322002
002181.SZ,粤传媒,20140127,80.925401322002
002181.SZ,粤传媒,20140126,80.925401322002
002181.SZ,粤传媒,20140125,80.925401322002
002181.SZ,粤传媒,20140124,80.925401322002
002181.SZ,粤传媒,20140123,80.925401322002
002181.SZ,粤传媒,20140122,80.925401322002
002181.SZ,粤传媒,20140121,80.925401322002
002181.SZ,粤传媒,20140120,80.925401322002
002181.SZ,粤传媒,20140119,80.925401322002
002181.SZ,粤传媒,20140118,80.925401322002
002181.SZ,粤传媒,20140117,80.925401322002
002181.SZ,粤传媒,20140116,80.925401322002
002181.SZ,粤传媒,20140115,80.925401322002
002181.SZ,粤传媒,20140114,80.925401322002
002181.SZ,粤传媒,20140113,80.925401322002
002181.SZ,粤传媒,20140112,80.925401322002
002181.SZ,粤传媒,20140111,80.925401322002
002181.SZ,粤传媒,20140110,80.925401322002
002181.SZ,粤传媒,20140109,80.925401322002
002181.SZ,粤传媒,20140108,80.925401322002
002181.SZ,粤传媒,20140107,80.925401322002
002181.SZ,粤传媒,20140106,80.925401322002
002181.SZ,粤传媒,20140105,80.925401322002
002181.SZ,粤传媒,20140104,80.925401322002
002181.SZ,粤传媒,20140103,80.925401322002
002181.SZ,粤传媒,20140102,80.925401322002
002181.SZ,粤传媒,20140101,80.925401322002
002181.SZ,粤传媒,20131231,-11.454849498328
002181.SZ,粤传媒,20131230,-11.454849498328
002181.SZ,粤传媒,20131229,-11.454849498328
002181.SZ,粤传媒,20131228,-11.454849498328
002181.SZ,粤传媒,20131227,-11.454849498328
002181.SZ,粤传媒,20131226,-11.454849498328
002181.SZ,粤传媒,20131225,-11.454849498328
002181.SZ,粤传媒,20131224,-11.454849498328
002181.SZ,粤传媒,20131223,-11.454849498328
002181.SZ,粤传媒,20131222,-11.454849498328
002181.SZ,粤传媒,20131221,-11.454849498328
002181.SZ,粤传媒,20131220,-11.454849498328
002181.SZ,粤传媒,20131219,-11.454849498328
002181.SZ,粤传媒,20131218,-11.454849498328
002181.SZ,粤传媒,20131217,-11.454849498328
002181.SZ,粤传媒,20131216,-11.454849498328
002181.SZ,粤传媒,20131215,-11.454849498328
002181.SZ,粤传媒,20131214,-11.454849498328
002181.SZ,粤传媒,20131213,-11.454849498328
002181.SZ,粤传媒,20131212,-11.454849498328
002181.SZ,粤传媒,20131211,-11.454849498328
002181.SZ,粤传媒,20131210,-11.454849498328
002181.SZ,粤传媒,20131209,-11.454849498328
002181.SZ,粤传媒,20131208,-11.454849498328
002181.SZ,粤传媒,20131207,-11.454849498328
002181.SZ,粤传媒,20131206,-11.454849498328
002181.SZ,粤传媒,20131205,-11.454849498328
002181.SZ,粤传媒,20131204,-11.454849498328
002181.SZ,粤传媒,20131203,-11.454849498328
002181.SZ,粤传媒,20131202,-11.454849498328
002181.SZ,粤传媒,20131201,-11.454849498328
002181.SZ,粤传媒,20131130,19.480519480519
002181.SZ,粤传媒,20131129,19.480519480519
002181.SZ,粤传媒,20131128,19.480519480519
002181.SZ,粤传媒,20131127,19.480519480519
002181.SZ,粤传媒,20131126,19.480519480519
002181.SZ,粤传媒,20131125,19.480519480519
002181.SZ,粤传媒,20131124,19.480519480519
002181.SZ,粤传媒,20131123,19.480519480519
002181.SZ,粤传媒,20131122,19.480519480519
002181.SZ,粤传媒,20131121,19.480519480519
002181.SZ,粤传媒,20131120,19.480519480519
002181.SZ,粤传媒,20131119,19.480519480519
002181.SZ,粤传媒,20131118,19.480519480519
002181.SZ,粤传媒,20131117,19.480519480519
002181.SZ,粤传媒,20131116,19.480519480519
002181.SZ,粤传媒,20131115,19.480519480519
002181.SZ,粤传媒,20131114,19.480519480519
002181.SZ,粤传媒,20131113,19.480519480519
002181.SZ,粤传媒,20131112,19.480519480519
002181.SZ,粤传媒,20131111,19.480519480519
002181.SZ,粤传媒,20131110,19.480519480519
002181.SZ,粤传媒,20131109,19.480519480519
002181.SZ,粤传媒,20131108,19.480519480519
002181.SZ,粤传媒,20131107,19.480519480519
002181.SZ,粤传媒,20131106,19.480519480519
002181.SZ,粤传媒,20131105,19.480519480519
002181.SZ,粤传媒,20131104,19.480519480519
002181.SZ,粤传媒,20131103,19.480519480519
002181.SZ,粤传媒,20131102,19.480519480519
002181.SZ,粤传媒,20131101,19.480519480519
002181.SZ,粤传媒,20131031,-9.0
002181.SZ,粤传媒,20131030,-9.0
002181.SZ,粤传媒,20131029,-9.0
002181.SZ,粤传媒,20131028,-9.0
002181.SZ,粤传媒,20131027,-9.0
002181.SZ,粤传媒,20131026,-9.0
002181.SZ,粤传媒,20131025,-9.0
002181.SZ,粤传媒,20131024,-9.0
002181.SZ,粤传媒,20131023,-9.0
002181.SZ,粤传媒,20131022,-9.0
002181.SZ,粤传媒,20131021,-9.0
002181.SZ,粤传媒,20131020,-9.0
002181.SZ,粤传媒,20131019,-9.0
002181.SZ,粤传媒,20131018,-9.0
002181.SZ,粤传媒,20131017,-9.0
002181.SZ,粤传媒,20131016,-9.0
002181.SZ,粤传媒,20131015,-9.0
002181.SZ,粤传媒,20131014,-9.0
002181.SZ,粤传媒,20131013,-9.0
002181.SZ,粤传媒,20131012,-9.0
002181.SZ,粤传媒,20131011,-9.0
002181.SZ,粤传媒,20131010,-9.0
002181.SZ,粤传媒,20131009,-9.0
002181.SZ,粤传媒,20131008,-9.0
002181.SZ,粤传媒,20131007,-9.0
002181.SZ,粤传媒,20131006,-9.0
002181.SZ,粤传媒,20131005,-9.0
002181.SZ,粤传媒,20131004,-9.0
002181.SZ,粤传媒,20131003,-9.0
002181.SZ,粤传媒,20131002,-9.0
002181.SZ,粤传媒,20131001,-9.0
002181.SZ,粤传媒,20130930,1.8518518518518
002181.SZ,粤传媒,20130929,1.8518518518518
002181.SZ,粤传媒,20130928,1.8518518518518
002181.SZ,粤传媒,20130927,1.8518518518518
002181.SZ,粤传媒,20130926,1.8518518518518
002181.SZ,粤传媒,20130925,1.8518518518518
002181.SZ,粤传媒,20130924,1.8518518518518
002181.SZ,粤传媒,20130923,1.8518518518518
002181.SZ,粤传媒,20130922,1.8518518518518
002181.SZ,粤传媒,20130921,1.8518518518518
002181.SZ,粤传媒,20130920,1.8518518518518
002181.SZ,粤传媒,20130919,1.8518518518518
002181.SZ,粤传媒,20130918,1.8518518518518
002181.SZ,粤传媒,20130917,1.8518518518518
002181.SZ,粤传媒,20130916,1.8518518518518
002181.SZ,粤传媒,20130915,1.8518518518518
002181.SZ,粤传媒,20130914,1.8518518518518
002181.SZ,粤传媒,20130913,1.8518518518518
002181.SZ,粤传媒,20130912,1.8518518518518
002181.SZ,粤传媒,20130911,1.8518518518518
002181.SZ,粤传媒,20130910,1.8518518518518
002181.SZ,粤传媒,20130909,1.8518518518518
002181.SZ,粤传媒,20130908,1.8518518518518
002181.SZ,粤传媒,20130907,1.8518518518518
002181.SZ,粤传媒,20130906,1.8518518518518
002181.SZ,粤传媒,20130905,1.8518518518518
002181.SZ,粤传媒,20130904,1.8518518518518
002181.SZ,粤传媒,20130903,1.8518518518518
002181.SZ,粤传媒,20130902,1.8518518518518
002181.SZ,粤传媒,20130901,1.8518518518518
002181.SZ,粤传媒,20130831,-3.7433155080214
002181.SZ,粤传媒,20130830,-3.7433155080214
002181.SZ,粤传媒,20130829,-3.7433155080214
002181.SZ,粤传媒,20130828,-3.7433155080214
002181.SZ,粤传媒,20130827,-3.7433155080214
002181.SZ,粤传媒,20130826,-3.7433155080214
002181.SZ,粤传媒,20130825,-3.7433155080214
002181.SZ,粤传媒,20130824,-3.7433155080214
002181.SZ,粤传媒,20130823,-3.7433155080214
002181.SZ,粤传媒,20130822,-3.7433155080214
002181.SZ,粤传媒,20130821,-3.7433155080214
002181.SZ,粤传媒,20130820,-3.7433155080214
002181.SZ,粤传媒,20130819,-3.7433155080214
002181.SZ,粤传媒,20130818,-3.7433155080214
002181.SZ,粤传媒,20130817,-3.7433155080214
002181.SZ,粤传媒,20130816,-3.7433155080214
002181.SZ,粤传媒,20130815,-3.7433155080214
002181.SZ,粤传媒,20130814,-3.7433155080214
002181.SZ,粤传媒,20130813,-3.7433155080214
002181.SZ,粤传媒,20130812,-3.7433155080214
002181.SZ,粤传媒,20130811,-3.7433155080214
002181.SZ,粤传媒,20130810,-3.7433155080214
002181.SZ,粤传媒,20130809,-3.7433155080214
002181.SZ,粤传媒,20130808,-3.7433155080214
002181.SZ,粤传媒,20130807,-3.7433155080214
002181.SZ,粤传媒,20130806,-3.7433155080214
002181.SZ,粤传媒,20130805,-3.7433155080214
002181.SZ,粤传媒,20130804,-3.7433155080214
002181.SZ,粤传媒,20130803,-3.7433155080214
002181.SZ,粤传媒,20130802,-3.7433155080214
002181.SZ,粤传媒,20130801,-3.7433155080214
002181.SZ,粤传媒,20130731,28.965517241379
002181.SZ,粤传媒,20130730,28.965517241379
002181.SZ,粤传媒,20130729,28.965517241379
002181.SZ,粤传媒,20130728,28.965517241379
002181.SZ,粤传媒,20130727,28.965517241379
002181.SZ,粤传媒,20130726,28.965517241379
002181.SZ,粤传媒,20130725,28.965517241379
002181.SZ,粤传媒,20130724,28.965517241379
002181.SZ,粤传媒,20130723,28.965517241379
002181.SZ,粤传媒,20130722,28.965517241379
002181.SZ,粤传媒,20130721,28.965517241379
002181.SZ,粤传媒,20130720,28.965517241379
002181.SZ,粤传媒,20130719,28.965517241379
002181.SZ,粤传媒,20130718,28.965517241379
002181.SZ,粤传媒,20130717,28.965517241379
002181.SZ,粤传媒,20130716,28.965517241379
002181.SZ,粤传媒,20130715,28.965517241379
002181.SZ,粤传媒,20130714,28.965517241379
002181.SZ,粤传媒,20130713,28.965517241379
002181.SZ,粤传媒,20130712,28.965517241379
002181.SZ,粤传媒,20130711,28.965517241379
002181.SZ,粤传媒,20130710,28.965517241379
002181.SZ,粤传媒,20130709,28.965517241379
002181.SZ,粤传媒,20130708,28.965517241379
002181.SZ,粤传媒,20130707,28.965517241379
002181.SZ,粤传媒,20130706,28.965517241379
002181.SZ,粤传媒,20130705,28.965517241379
002181.SZ,粤传媒,20130704,28.965517241379
002181.SZ,粤传媒,20130703,28.965517241379
002181.SZ,粤传媒,20130702,28.965517241379
002181.SZ,粤传媒,20130701,28.965517241379
002181.SZ,粤传媒,20130630,-3.3333333333333
002181.SZ,粤传媒,20130629,-3.3333333333333
002181.SZ,粤传媒,20130628,-3.3333333333333
002181.SZ,粤传媒,20130627,-3.3333333333333
002181.SZ,粤传媒,20130626,-3.3333333333333
002181.SZ,粤传媒,20130625,-3.3333333333333
002181.SZ,粤传媒,20130624,-3.3333333333333
002181.SZ,粤传媒,20130623,-3.3333333333333
002181.SZ,粤传媒,20130622,-3.3333333333333
002181.SZ,粤传媒,20130621,-3.3333333333333
002181.SZ,粤传媒,20130620,-3.3333333333333
002181.SZ,粤传媒,20130619,-3.3333333333333
002181.SZ,粤传媒,20130618,-3.3333333333333
002181.SZ,粤传媒,20130617,-3.3333333333333
002181.SZ,粤传媒,20130616,-3.3333333333333
002181.SZ,粤传媒,20130615,-3.3333333333333
002181.SZ,粤传媒,20130614,-3.3333333333333
002181.SZ,粤传媒,20130613,-3.3333333333333
002181.SZ,粤传媒,20130612,-3.3333333333333
002181.SZ,粤传媒,20130611,-3.3333333333333
002181.SZ,粤传媒,20130610,-3.3333333333333
002181.SZ,粤传媒,20130609,-3.3333333333333
002181.SZ,粤传媒,20130608,-3.3333333333333
002181.SZ,粤传媒,20130607,-3.3333333333333
002181.SZ,粤传媒,20130606,-3.3333333333333
002181.SZ,粤传媒,20130605,-3.3333333333333
002181.SZ,粤传媒,20130604,-3.3333333333333
002181.SZ,粤传媒,20130603,-3.3333333333333
002181.SZ,粤传媒,20130602,-3.3333333333333
002181.SZ,粤传媒,20130601,-3.3333333333333
002181.SZ,粤传媒,20130531,15.830115830116
002181.SZ,粤传媒,20130530,15.830115830116
002181.SZ,粤传媒,20130529,15.830115830116
002181.SZ,粤传媒,20130528,15.830115830116
002181.SZ,粤传媒,20130527,15.830115830116
002181.SZ,粤传媒,20130526,15.830115830116
002181.SZ,粤传媒,20130525,15.830115830116
002181.SZ,粤传媒,20130524,15.830115830116
002181.SZ,粤传媒,20130523,15.830115830116
002181.SZ,粤传媒,20130522,15.830115830116
002181.SZ,粤传媒,20130521,15.830115830116
002181.SZ,粤传媒,20130520,15.830115830116
002181.SZ,粤传媒,20130519,15.830115830116
002181.SZ,粤传媒,20130518,15.830115830116
002181.SZ,粤传媒,20130517,15.830115830116
002181.SZ,粤传媒,20130516,15.830115830116
002181.SZ,粤传媒,20130515,15.830115830116
002181.SZ,粤传媒,20130514,15.830115830116
002181.SZ,粤传媒,20130513,15.830115830116
002181.SZ,粤传媒,20130512,15.830115830116
002181.SZ,粤传媒,20130511,15.830115830116
002181.SZ,粤传媒,20130510,15.830115830116
002181.SZ,粤传媒,20130509,15.830115830116
002181.SZ,粤传媒,20130508,15.830115830116
002181.SZ,粤传媒,20130507,15.830115830116
002181.SZ,粤传媒,20130506,15.830115830116
002181.SZ,粤传媒,20130505,15.830115830116
002181.SZ,粤传媒,20130504,15.830115830116
002181.SZ,粤传媒,20130503,15.830115830116
002181.SZ,粤传媒,20130502,15.830115830116
002181.SZ,粤传媒,20130501,15.830115830116
002181.SZ,粤传媒,20130430,1.4360313315927
002181.SZ,粤传媒,20130429,1.4360313315927
002181.SZ,粤传媒,20130428,1.4360313315927
002181.SZ,粤传媒,20130427,1.4360313315927
002181.SZ,粤传媒,20130426,1.4360313315927
002181.SZ,粤传媒,20130425,1.4360313315927
002181.SZ,粤传媒,20130424,1.4360313315927
002181.SZ,粤传媒,20130423,1.4360313315927
002181.SZ,粤传媒,20130422,1.4360313315927
002181.SZ,粤传媒,20130421,1.4360313315927
002181.SZ,粤传媒,20130420,1.4360313315927
002181.SZ,粤传媒,20130419,1.4360313315927
002181.SZ,粤传媒,20130418,1.4360313315927
002181.SZ,粤传媒,20130417,1.4360313315927
002181.SZ,粤传媒,20130416,1.4360313315927
002181.SZ,粤传媒,20130415,1.4360313315927
002181.SZ,粤传媒,20130414,1.4360313315927
002181.SZ,粤传媒,20130413,1.4360313315927
002181.SZ,粤传媒,20130412,1.4360313315927
002181.SZ,粤传媒,20130411,1.4360313315927
002181.SZ,粤传媒,20130410,1.4360313315927
002181.SZ,粤传媒,20130409,1.4360313315927
002181.SZ,粤传媒,20130408,1.4360313315927
002181.SZ,粤传媒,20130407,1.4360313315927
002181.SZ,粤传媒,20130406,1.4360313315927
002181.SZ,粤传媒,20130405,1.4360313315927
002181.SZ,粤传媒,20130404,1.4360313315927
002181.SZ,粤传媒,20130403,1.4360313315927
002181.SZ,粤传媒,20130402,1.4360313315927
002181.SZ,粤传媒,20130401,1.4360313315927
002181.SZ,粤传媒,20130331,-15.265486725664
002181.SZ,粤传媒,20130330,-15.265486725664
002181.SZ,粤传媒,20130329,-15.265486725664
002181.SZ,粤传媒,20130328,-15.265486725664
002181.SZ,粤传媒,20130327,-15.265486725664
002181.SZ,粤传媒,20130326,-15.265486725664
002181.SZ,粤传媒,20130325,-15.265486725664
002181.SZ,粤传媒,20130324,-15.265486725664
002181.SZ,粤传媒,20130323,-15.265486725664
002181.SZ,粤传媒,20130322,-15.265486725664
002181.SZ,粤传媒,20130321,-15.265486725664
002181.SZ,粤传媒,20130320,-15.265486725664
002181.SZ,粤传媒,20130319,-15.265486725664
002181.SZ,粤传媒,20130318,-15.265486725664
002181.SZ,粤传媒,20130317,-15.265486725664
002181.SZ,粤传媒,20130316,-15.265486725664
002181.SZ,粤传媒,20130315,-15.265486725664
002181.SZ,粤传媒,20130314,-15.265486725664
002181.SZ,粤传媒,20130313,-15.265486725664
002181.SZ,粤传媒,20130312,-15.265486725664
002181.SZ,粤传媒,20130311,-15.265486725664
002181.SZ,粤传媒,20130310,-15.265486725664
002181.SZ,粤传媒,20130309,-15.265486725664
002181.SZ,粤传媒,20130308,-15.265486725664
002181.SZ,粤传媒,20130307,-15.265486725664
002181.SZ,粤传媒,20130306,-15.265486725664
002181.SZ,粤传媒,20130305,-15.265486725664
002181.SZ,粤传媒,20130304,-15.265486725664
002181.SZ,粤传媒,20130303,-15.265486725664
002181.SZ,粤传媒,20130302,-15.265486725664
002181.SZ,粤传媒,20130301,-15.265486725664
002181.SZ,粤传媒,20130228,8.2634730538922
002181.SZ,粤传媒,20130227,8.2634730538922
002181.SZ,粤传媒,20130226,8.2634730538922
002181.SZ,粤传媒,20130225,8.2634730538922
002181.SZ,粤传媒,20130224,8.2634730538922
002181.SZ,粤传媒,20130223,8.2634730538922
002181.SZ,粤传媒,20130222,8.2634730538922
002181.SZ,粤传媒,20130221,8.2634730538922
002181.SZ,粤传媒,20130220,8.2634730538922
002181.SZ,粤传媒,20130219,8.2634730538922
002181.SZ,粤传媒,20130218,8.2634730538922
002181.SZ,粤传媒,20130217,8.2634730538922
002181.SZ,粤传媒,20130216,8.2634730538922
002181.SZ,粤传媒,20130215,8.2634730538922
002181.SZ,粤传媒,20130214,8.2634730538922
002181.SZ,粤传媒,20130213,8.2634730538922
002181.SZ,粤传媒,20130212,8.2634730538922
002181.SZ,粤传媒,20130211,8.2634730538922
002181.SZ,粤传媒,20130210,8.2634730538922
002181.SZ,粤传媒,20130209,8.2634730538922
002181.SZ,粤传媒,20130208,8.2634730538922
002181.SZ,粤传媒,20130207,8.2634730538922
002181.SZ,粤传媒,20130206,8.2634730538922
002181.SZ,粤传媒,20130205,8.2634730538922
002181.SZ,粤传媒,20130204,8.2634730538922
002181.SZ,粤传媒,20130203,8.2634730538922
002181.SZ,粤传媒,20130202,8.2634730538922
002181.SZ,粤传媒,20130201,8.2634730538922
002181.SZ,粤传媒,20130131,-2.7939464493597
002181.SZ,粤传媒,20130130,-2.7939464493597
002181.SZ,粤传媒,20130129,-2.7939464493597
002181.SZ,粤传媒,20130128,-2.7939464493597
002181.SZ,粤传媒,20130127,-2.7939464493597
002181.SZ,粤传媒,20130126,-2.7939464493597
002181.SZ,粤传媒,20130125,-2.7939464493597
002181.SZ,粤传媒,20130124,-2.7939464493597
002181.SZ,粤传媒,20130123,-2.7939464493597
002181.SZ,粤传媒,20130122,-2.7939464493597
002181.SZ,粤传媒,20130121,-2.7939464493597
002181.SZ,粤传媒,20130120,-2.7939464493597
002181.SZ,粤传媒,20130119,-2.7939464493597
002181.SZ,粤传媒,20130118,-2.7939464493597
002181.SZ,粤传媒,20130117,-2.7939464493597
002181.SZ,粤传媒,20130116,-2.7939464493597
002181.SZ,粤传媒,20130115,-2.7939464493597
002181.SZ,粤传媒,20130114,-2.7939464493597
002181.SZ,粤传媒,20130113,-2.7939464493597
002181.SZ,粤传媒,20130112,-2.7939464493597
002181.SZ,粤传媒,20130111,-2.7939464493597
002181.SZ,粤传媒,20130110,-2.7939464493597
002181.SZ,粤传媒,20130109,-2.7939464493597
002181.SZ,粤传媒,20130108,-2.7939464493597
002181.SZ,粤传媒,20130107,-2.7939464493597
002181.SZ,粤传媒,20130106,-2.7939464493597
002181.SZ,粤传媒,20130105,-2.7939464493597
002181.SZ,粤传媒,20130104,-2.7939464493597
002181.SZ,粤传媒,20130103,-2.7939464493597
002181.SZ,粤传媒,20130102,-2.7939464493597
002181.SZ,粤传媒,20130101,-2.7939464493597
002181.SZ,粤传媒,20121231,25.218658892128
002181.SZ,粤传媒,20121230,25.218658892128
002181.SZ,粤传媒,20121229,25.218658892128
002181.SZ,粤传媒,20121228,25.218658892128
002181.SZ,粤传媒,20121227,25.218658892128
002181.SZ,粤传媒,20121226,25.218658892128
002181.SZ,粤传媒,20121225,25.218658892128
002181.SZ,粤传媒,20121224,25.218658892128
002181.SZ,粤传媒,20121223,25.218658892128
002181.SZ,粤传媒,20121222,25.218658892128
002181.SZ,粤传媒,20121221,25.218658892128
002181.SZ,粤传媒,20121220,25.218658892128
002181.SZ,粤传媒,20121219,25.218658892128
002181.SZ,粤传媒,20121218,25.218658892128
002181.SZ,粤传媒,20121217,25.218658892128
002181.SZ,粤传媒,20121216,25.218658892128
002181.SZ,粤传媒,20121215,25.218658892128
002181.SZ,粤传媒,20121214,25.218658892128
002181.SZ,粤传媒,20121213,25.218658892128
002181.SZ,粤传媒,20121212,25.218658892128
002181.SZ,粤传媒,20121211,25.218658892128
002181.SZ,粤传媒,20121210,25.218658892128
002181.SZ,粤传媒,20121209,25.218658892128
002181.SZ,粤传媒,20121208,25.218658892128
002181.SZ,粤传媒,20121207,25.218658892128
002181.SZ,粤传媒,20121206,25.218658892128
002181.SZ,粤传媒,20121205,25.218658892128
002181.SZ,粤传媒,20121204,25.218658892128
002181.SZ,粤传媒,20121203,25.218658892128
002181.SZ,粤传媒,20121202,25.218658892128
002181.SZ,粤传媒,20121201,25.218658892128
002181.SZ,粤传媒,20121130,-17.745803357314
002181.SZ,粤传媒,20121129,-17.745803357314
002181.SZ,粤传媒,20121128,-17.745803357314
002181.SZ,粤传媒,20121127,-17.745803357314
002181.SZ,粤传媒,20121126,-17.745803357314
002181.SZ,粤传媒,20121125,-17.745803357314
002181.SZ,粤传媒,20121124,-17.745803357314
002181.SZ,粤传媒,20121123,-17.745803357314
002181.SZ,粤传媒,20121122,-17.745803357314
002181.SZ,粤传媒,20121121,-17.745803357314
002181.SZ,粤传媒,20121120,-17.745803357314
002181.SZ,粤传媒,20121119,-17.745803357314
002181.SZ,粤传媒,20121118,-17.745803357314
002181.SZ,粤传媒,20121117,-17.745803357314
002181.SZ,粤传媒,20121116,-17.745803357314
002181.SZ,粤传媒,20121115,-17.745803357314
002181.SZ,粤传媒,20121114,-17.745803357314
002181.SZ,粤传媒,20121113,-17.745803357314
002181.SZ,粤传媒,20121112,-17.745803357314
002181.SZ,粤传媒,20121111,-17.745803357314
002181.SZ,粤传媒,20121110,-17.745803357314
002181.SZ,粤传媒,20121109,-17.745803357314
002181.SZ,粤传媒,20121108,-17.745803357314
002181.SZ,粤传媒,20121107,-17.745803357314
002181.SZ,粤传媒,20121106,-17.745803357314
002181.SZ,粤传媒,20121105,-17.745803357314
002181.SZ,粤传媒,20121104,-17.745803357314
002181.SZ,粤传媒,20121103,-17.745803357314
002181.SZ,粤传媒,20121102,-17.745803357314
002181.SZ,粤传媒,20121101,-17.745803357314
002181.SZ,粤传媒,20121031,-4.6857142857143
002181.SZ,粤传媒,20121030,-4.6857142857143
002181.SZ,粤传媒,20121029,-4.6857142857143
002181.SZ,粤传媒,20121028,-4.6857142857143
002181.SZ,粤传媒,20121027,-4.6857142857143
002181.SZ,粤传媒,20121026,-4.6857142857143
002181.SZ,粤传媒,20121025,-4.6857142857143
002181.SZ,粤传媒,20121024,-4.6857142857143
002181.SZ,粤传媒,20121023,-4.6857142857143
002181.SZ,粤传媒,20121022,-4.6857142857143
002181.SZ,粤传媒,20121021,-4.6857142857143
002181.SZ,粤传媒,20121020,-4.6857142857143
002181.SZ,粤传媒,20121019,-4.6857142857143
002181.SZ,粤传媒,20121018,-4.6857142857143
002181.SZ,粤传媒,20121017,-4.6857142857143
002181.SZ,粤传媒,20121016,-4.6857142857143
002181.SZ,粤传媒,20121015,-4.6857142857143
002181.SZ,粤传媒,20121014,-4.6857142857143
002181.SZ,粤传媒,20121013,-4.6857142857143
002181.SZ,粤传媒,20121012,-4.6857142857143
002181.SZ,粤传媒,20121011,-4.6857142857143
002181.SZ,粤传媒,20121010,-4.6857142857143
002181.SZ,粤传媒,20121009,-4.6857142857143
002181.SZ,粤传媒,20121008,-4.6857142857143
002181.SZ,粤传媒,20121007,-4.6857142857143
002181.SZ,粤传媒,20121006,-4.6857142857143
002181.SZ,粤传媒,20121005,-4.6857142857143
002181.SZ,粤传媒,20121004,-4.6857142857143
002181.SZ,粤传媒,20121003,-4.6857142857143
002181.SZ,粤传媒,20121002,-4.6857142857143
002181.SZ,粤传媒,20121001,-4.6857142857143
002181.SZ,粤传媒,20120930,0.11441647597254
002181.SZ,粤传媒,20120929,0.11441647597254
002181.SZ,粤传媒,20120928,0.11441647597254
002181.SZ,粤传媒,20120927,0.11441647597254
002181.SZ,粤传媒,20120926,0.11441647597254
002181.SZ,粤传媒,20120925,0.11441647597254
002181.SZ,粤传媒,20120924,0.11441647597254
002181.SZ,粤传媒,20120923,0.11441647597254
002181.SZ,粤传媒,20120922,0.11441647597254
002181.SZ,粤传媒,20120921,0.11441647597254
002181.SZ,粤传媒,20120920,0.11441647597254
002181.SZ,粤传媒,20120919,0.11441647597254
002181.SZ,粤传媒,20120918,0.11441647597254
002181.SZ,粤传媒,20120917,0.11441647597254
002181.SZ,粤传媒,20120916,0.11441647597254
002181.SZ,粤传媒,20120915,0.11441647597254
002181.SZ,粤传媒,20120914,0.11441647597254
002181.SZ,粤传媒,20120913,0.11441647597254
002181.SZ,粤传媒,20120912,0.11441647597254
002181.SZ,粤传媒,20120911,0.11441647597254
002181.SZ,粤传媒,20120910,0.11441647597254
002181.SZ,粤传媒,20120909,0.11441647597254
002181.SZ,粤传媒,20120908,0.11441647597254
002181.SZ,粤传媒,20120907,0.11441647597254
002181.SZ,粤传媒,20120906,0.11441647597254
002181.SZ,粤传媒,20120905,0.11441647597254
002181.SZ,粤传媒,20120904,0.11441647597254
002181.SZ,粤传媒,20120903,0.11441647597254
002181.SZ,粤传媒,20120902,0.11441647597254
002181.SZ,粤传媒,20120901,0.11441647597254
002181.SZ,粤传媒,20120831,4.1716328963051
002181.SZ,粤传媒,20120830,4.1716328963051
002181.SZ,粤传媒,20120829,4.1716328963051
002181.SZ,粤传媒,20120828,4.1716328963051
002181.SZ,粤传媒,20120827,4.1716328963051
002181.SZ,粤传媒,20120826,4.1716328963051
002181.SZ,粤传媒,20120825,4.1716328963051
002181.SZ,粤传媒,20120824,4.1716328963051
002181.SZ,粤传媒,20120823,4.1716328963051
002181.SZ,粤传媒,20120822,4.1716328963051
002181.SZ,粤传媒,20120821,4.1716328963051
002181.SZ,粤传媒,20120820,4.1716328963051
002181.SZ,粤传媒,20120819,4.1716328963051
002181.SZ,粤传媒,20120818,4.1716328963051
002181.SZ,粤传媒,20120817,4.1716328963051
002181.SZ,粤传媒,20120816,4.1716328963051
002181.SZ,粤传媒,20120815,4.1716328963051
002181.SZ,粤传媒,20120814,4.1716328963051
002181.SZ,粤传媒,20120813,4.1716328963051
002181.SZ,粤传媒,20120812,4.1716328963051
002181.SZ,粤传媒,20120811,4.1716328963051
002181.SZ,粤传媒,20120810,4.1716328963051
002181.SZ,粤传媒,20120809,4.1716328963051
002181.SZ,粤传媒,20120808,4.1716328963051
002181.SZ,粤传媒,20120807,4.1716328963051
002181.SZ,粤传媒,20120806,4.1716328963051
002181.SZ,粤传媒,20120805,4.1716328963051
002181.SZ,粤传媒,20120804,4.1716328963051
002181.SZ,粤传媒,20120803,4.1716328963051
002181.SZ,粤传媒,20120802,4.1716328963051
002181.SZ,粤传媒,20120801,4.1716328963051
002181.SZ,粤传媒,20120731,-11.216931216931
002181.SZ,粤传媒,20120730,-11.216931216931
002181.SZ,粤传媒,20120729,-11.216931216931
002181.SZ,粤传媒,20120728,-11.216931216931
002181.SZ,粤传媒,20120727,-11.216931216931
002181.SZ,粤传媒,20120726,-11.216931216931
002181.SZ,粤传媒,20120725,-11.216931216931
002181.SZ,粤传媒,20120724,-11.216931216931
002181.SZ,粤传媒,20120723,-11.216931216931
002181.SZ,粤传媒,20120722,-11.216931216931
002181.SZ,粤传媒,20120721,-11.216931216931
002181.SZ,粤传媒,20120720,-11.216931216931
002181.SZ,粤传媒,20120719,-11.216931216931
002181.SZ,粤传媒,20120718,-11.216931216931
002181.SZ,粤传媒,20120717,-11.216931216931
002181.SZ,粤传媒,20120716,-11.216931216931
002181.SZ,粤传媒,20120715,-11.216931216931
002181.SZ,粤传媒,20120714,-11.216931216931
002181.SZ,粤传媒,20120713,-11.216931216931
002181.SZ,粤传媒,20120712,-11.216931216931
002181.SZ,粤传媒,20120711,-11.216931216931
002181.SZ,粤传媒,20120710,-11.216931216931
002181.SZ,粤传媒,20120709,-11.216931216931
002181.SZ,粤传媒,20120708,-11.216931216931
002181.SZ,粤传媒,20120707,-11.216931216931
002181.SZ,粤传媒,20120706,-11.216931216931
002181.SZ,粤传媒,20120705,-11.216931216931
002181.SZ,粤传媒,20120704,-11.216931216931
002181.SZ,粤传媒,20120703,-11.216931216931
002181.SZ,粤传媒,20120702,-11.216931216931
002181.SZ,粤传媒,20120701,-11.216931216931
002181.SZ,粤传媒,20120630,-7.8048780487805
002181.SZ,粤传媒,20120629,-7.8048780487805
002181.SZ,粤传媒,20120628,-7.8048780487805
002181.SZ,粤传媒,20120627,-7.8048780487805
002181.SZ,粤传媒,20120626,-7.8048780487805
002181.SZ,粤传媒,20120625,-7.8048780487805
002181.SZ,粤传媒,20120624,-7.8048780487805
002181.SZ,粤传媒,20120623,-7.8048780487805
002181.SZ,粤传媒,20120622,-7.8048780487805
002181.SZ,粤传媒,20120621,-7.8048780487805
002181.SZ,粤传媒,20120620,-7.8048780487805
002181.SZ,粤传媒,20120619,-7.8048780487805
002181.SZ,粤传媒,20120618,-7.8048780487805
002181.SZ,粤传媒,20120617,-7.8048780487805
002181.SZ,粤传媒,20120616,-7.8048780487805
002181.SZ,粤传媒,20120615,-7.8048780487805
002181.SZ,粤传媒,20120614,-7.8048780487805
002181.SZ,粤传媒,20120613,-7.8048780487805
002181.SZ,粤传媒,20120612,-7.8048780487805
002181.SZ,粤传媒,20120611,-7.8048780487805
002181.SZ,粤传媒,20120610,-7.8048780487805
002181.SZ,粤传媒,20120609,-7.8048780487805
002181.SZ,粤传媒,20120608,-7.8048780487805
002181.SZ,粤传媒,20120607,-7.8048780487805
002181.SZ,粤传媒,20120606,-7.8048780487805
002181.SZ,粤传媒,20120605,-7.8048780487805
002181.SZ,粤传媒,20120604,-7.8048780487805
002181.SZ,粤传媒,20120603,-7.8048780487805
002181.SZ,粤传媒,20120602,-7.8048780487805
002181.SZ,粤传媒,20120601,-7.8048780487805
002181.SZ,粤传媒,20120531,-2.2878932316492
002181.SZ,粤传媒,20120530,-2.2878932316492
002181.SZ,粤传媒,20120529,-2.2878932316492
002181.SZ,粤传媒,20120528,-2.2878932316492
002181.SZ,粤传媒,20120527,-2.2878932316492
002181.SZ,粤传媒,20120526,-2.2878932316492
002181.SZ,粤传媒,20120525,-2.2878932316492
002181.SZ,粤传媒,20120524,-2.2878932316492
002181.SZ,粤传媒,20120523,-2.2878932316492
002181.SZ,粤传媒,20120522,-2.2878932316492
002181.SZ,粤传媒,20120521,-2.2878932316492
002181.SZ,粤传媒,20120520,-2.2878932316492
002181.SZ,粤传媒,20120519,-2.2878932316492
002181.SZ,粤传媒,20120518,-2.2878932316492
002181.SZ,粤传媒,20120517,-2.2878932316492
002181.SZ,粤传媒,20120516,-2.2878932316492
002181.SZ,粤传媒,20120515,-2.2878932316492
002181.SZ,粤传媒,20120514,-2.2878932316492
002181.SZ,粤传媒,20120513,-2.2878932316492
002181.SZ,粤传媒,20120512,-2.2878932316492
002181.SZ,粤传媒,20120511,-2.2878932316492
002181.SZ,粤传媒,20120510,-2.2878932316492
002181.SZ,粤传媒,20120509,-2.2878932316492
002181.SZ,粤传媒,20120508,-2.2878932316492
002181.SZ,粤传媒,20120507,-2.2878932316492
002181.SZ,粤传媒,20120506,-2.2878932316492
002181.SZ,粤传媒,20120505,-2.2878932316492
002181.SZ,粤传媒,20120504,-2.2878932316492
002181.SZ,粤传媒,20120503,-2.2878932316492
002181.SZ,粤传媒,20120502,-2.2878932316492
002181.SZ,粤传媒,20120501,-2.2878932316492
002181.SZ,粤传媒,20120430,3.0451866404715
002181.SZ,粤传媒,20120429,3.0451866404715
002181.SZ,粤传媒,20120428,3.0451866404715
002181.SZ,粤传媒,20120427,3.0451866404715
002181.SZ,粤传媒,20120426,3.0451866404715
002181.SZ,粤传媒,20120425,3.0451866404715
002181.SZ,粤传媒,20120424,3.0451866404715
002181.SZ,粤传媒,20120423,3.0451866404715
002181.SZ,粤传媒,20120422,3.0451866404715
002181.SZ,粤传媒,20120421,3.0451866404715
002181.SZ,粤传媒,20120420,3.0451866404715
002181.SZ,粤传媒,20120419,3.0451866404715
002181.SZ,粤传媒,20120418,3.0451866404715
002181.SZ,粤传媒,20120417,3.0451866404715
002181.SZ,粤传媒,20120416,3.0451866404715
002181.SZ,粤传媒,20120415,3.0451866404715
002181.SZ,粤传媒,20120414,3.0451866404715
002181.SZ,粤传媒,20120413,3.0451866404715
002181.SZ,粤传媒,20120412,3.0451866404715
002181.SZ,粤传媒,20120411,3.0451866404715
002181.SZ,粤传媒,20120410,3.0451866404715
002181.SZ,粤传媒,20120409,3.0451866404715
002181.SZ,粤传媒,20120408,3.0451866404715
002181.SZ,粤传媒,20120407,3.0451866404715
002181.SZ,粤传媒,20120406,3.0451866404715
002181.SZ,粤传媒,20120405,3.0451866404715
002181.SZ,粤传媒,20120404,3.0451866404715
002181.SZ,粤传媒,20120403,3.0451866404715
002181.SZ,粤传媒,20120402,3.0451866404715
002181.SZ,粤传媒,20120401,3.0451866404715
002181.SZ,粤传媒,20120331,-11.708586296618
002181.SZ,粤传媒,20120330,-11.708586296618
002181.SZ,粤传媒,20120329,-11.708586296618
002181.SZ,粤传媒,20120328,-11.708586296618
002181.SZ,粤传媒,20120327,-11.708586296618
002181.SZ,粤传媒,20120326,-11.708586296618
002181.SZ,粤传媒,20120325,-11.708586296618
002181.SZ,粤传媒,20120324,-11.708586296618
002181.SZ,粤传媒,20120323,-11.708586296618
002181.SZ,粤传媒,20120322,-11.708586296618
002181.SZ,粤传媒,20120321,-11.708586296618
002181.SZ,粤传媒,20120320,-11.708586296618
002181.SZ,粤传媒,20120319,-11.708586296618
002181.SZ,粤传媒,20120318,-11.708586296618
002181.SZ,粤传媒,20120317,-11.708586296618
002181.SZ,粤传媒,20120316,-11.708586296618
002181.SZ,粤传媒,20120315,-11.708586296618
002181.SZ,粤传媒,20120314,-11.708586296618
002181.SZ,粤传媒,20120313,-11.708586296618
002181.SZ,粤传媒,20120312,-11.708586296618
002181.SZ,粤传媒,20120311,-11.708586296618
002181.SZ,粤传媒,20120310,-11.708586296618
002181.SZ,粤传媒,20120309,-11.708586296618
002181.SZ,粤传媒,20120308,-11.708586296618
002181.SZ,粤传媒,20120307,-11.708586296618
002181.SZ,粤传媒,20120306,-11.708586296618
002181.SZ,粤传媒,20120305,-11.708586296618
002181.SZ,粤传媒,20120304,-11.708586296618
002181.SZ,粤传媒,20120303,-11.708586296618
002181.SZ,粤传媒,20120302,-11.708586296618
002181.SZ,粤传媒,20120301,-11.708586296618
002181.SZ,粤传媒,20120229,9.6007604562738
002181.SZ,粤传媒,20120228,9.6007604562738
002181.SZ,粤传媒,20120227,9.6007604562738
002181.SZ,粤传媒,20120226,9.6007604562738
002181.SZ,粤传媒,20120225,9.6007604562738
002181.SZ,粤传媒,20120224,9.6007604562738
002181.SZ,粤传媒,20120223,9.6007604562738
002181.SZ,粤传媒,20120222,9.6007604562738
002181.SZ,粤传媒,20120221,9.6007604562738
002181.SZ,粤传媒,20120220,9.6007604562738
002181.SZ,粤传媒,20120219,9.6007604562738
002181.SZ,粤传媒,20120218,9.6007604562738
002181.SZ,粤传媒,20120217,9.6007604562738
002181.SZ,粤传媒,20120216,9.6007604562738
002181.SZ,粤传媒,20120215,9.6007604562738
002181.SZ,粤传媒,20120214,9.6007604562738
002181.SZ,粤传媒,20120213,9.6007604562738
002181.SZ,粤传媒,20120212,9.6007604562738
002181.SZ,粤传媒,20120211,9.6007604562738
002181.SZ,粤传媒,20120210,9.6007604562738
002181.SZ,粤传媒,20120209,9.6007604562738
002181.SZ,粤传媒,20120208,9.6007604562738
002181.SZ,粤传媒,20120207,9.6007604562738
002181.SZ,粤传媒,20120206,9.6007604562738
002181.SZ,粤传媒,20120205,9.6007604562738
002181.SZ,粤传媒,20120204,9.6007604562738
002181.SZ,粤传媒,20120203,9.6007604562738
002181.SZ,粤传媒,20120202,9.6007604562738
002181.SZ,粤传媒,20120201,9.6007604562738
002181.SZ,粤传媒,20120131,-3.7511436413541
002181.SZ,粤传媒,20120130,-3.7511436413541
002181.SZ,粤传媒,20120129,-3.7511436413541
002181.SZ,粤传媒,20120128,-3.7511436413541
002181.SZ,粤传媒,20120127,-3.7511436413541
002181.SZ,粤传媒,20120126,-3.7511436413541
002181.SZ,粤传媒,20120125,-3.7511436413541
002181.SZ,粤传媒,20120124,-3.7511436413541
002181.SZ,粤传媒,20120123,-3.7511436413541
002181.SZ,粤传媒,20120122,-3.7511436413541
002181.SZ,粤传媒,20120121,-3.7511436413541
002181.SZ,粤传媒,20120120,-3.7511436413541
002181.SZ,粤传媒,20120119,-3.7511436413541
002181.SZ,粤传媒,20120118,-3.7511436413541
002181.SZ,粤传媒,20120117,-3.7511436413541
002181.SZ,粤传媒,20120116,-3.7511436413541
002181.SZ,粤传媒,20120115,-3.7511436413541
002181.SZ,粤传媒,20120114,-3.7511436413541
002181.SZ,粤传媒,20120113,-3.7511436413541
002181.SZ,粤传媒,20120112,-3.7511436413541
002181.SZ,粤传媒,20120111,-3.7511436413541
002181.SZ,粤传媒,20120110,-3.7511436413541
002181.SZ,粤传媒,20120109,-3.7511436413541
002181.SZ,粤传媒,20120108,-3.7511436413541
002181.SZ,粤传媒,20120107,-3.7511436413541
002181.SZ,粤传媒,20120106,-3.7511436413541
002181.SZ,粤传媒,20120105,-3.7511436413541
002181.SZ,粤传媒,20120104,-3.7511436413541
002181.SZ,粤传媒,20120103,-3.7511436413541
002181.SZ,粤传媒,20120102,-3.7511436413541
002181.SZ,粤传媒,20120101,-3.7511436413541
002181.SZ,粤传媒,20111231,-7.4513124470788
002181.SZ,粤传媒,20111230,-7.4513124470788
002181.SZ,粤传媒,20111229,-7.4513124470788
002181.SZ,粤传媒,20111228,-7.4513124470788
002181.SZ,粤传媒,20111227,-7.4513124470788
002181.SZ,粤传媒,20111226,-7.4513124470788
002181.SZ,粤传媒,20111225,-7.4513124470788
002181.SZ,粤传媒,20111224,-7.4513124470788
002181.SZ,粤传媒,20111223,-7.4513124470788
002181.SZ,粤传媒,20111222,-7.4513124470788
002181.SZ,粤传媒,20111221,-7.4513124470788
002181.SZ,粤传媒,20111220,-7.4513124470788
002181.SZ,粤传媒,20111219,-7.4513124470788
002181.SZ,粤传媒,20111218,-7.4513124470788
002181.SZ,粤传媒,20111217,-7.4513124470788
002181.SZ,粤传媒,20111216,-7.4513124470788
002181.SZ,粤传媒,20111215,-7.4513124470788
002181.SZ,粤传媒,20111214,-7.4513124470788
002181.SZ,粤传媒,20111213,-7.4513124470788
002181.SZ,粤传媒,20111212,-7.4513124470788
002181.SZ,粤传媒,20111211,-7.4513124470788
002181.SZ,粤传媒,20111210,-7.4513124470788
002181.SZ,粤传媒,20111209,-7.4513124470788
002181.SZ,粤传媒,20111208,-7.4513124470788
002181.SZ,粤传媒,20111207,-7.4513124470788
002181.SZ,粤传媒,20111206,-7.4513124470788
002181.SZ,粤传媒,20111205,-7.4513124470788
002181.SZ,粤传媒,20111204,-7.4513124470788
002181.SZ,粤传媒,20111203,-7.4513124470788
002181.SZ,粤传媒,20111202,-7.4513124470788
002181.SZ,粤传媒,20111201,-7.4513124470788
002181.SZ,粤传媒,20111130,-7.2998430141287
002181.SZ,粤传媒,20111129,-7.2998430141287
002181.SZ,粤传媒,20111128,-7.2998430141287
002181.SZ,粤传媒,20111127,-7.2998430141287
002181.SZ,粤传媒,20111126,-7.2998430141287
002181.SZ,粤传媒,20111125,-7.2998430141287
002181.SZ,粤传媒,20111124,-7.2998430141287
002181.SZ,粤传媒,20111123,-7.2998430141287
002181.SZ,粤传媒,20111122,-7.2998430141287
002181.SZ,粤传媒,20111121,-7.2998430141287
002181.SZ,粤传媒,20111120,-7.2998430141287
002181.SZ,粤传媒,20111119,-7.2998430141287
002181.SZ,粤传媒,20111118,-7.2998430141287
002181.SZ,粤传媒,20111117,-7.2998430141287
002181.SZ,粤传媒,20111116,-7.2998430141287
002181.SZ,粤传媒,20111115,-7.2998430141287
002181.SZ,粤传媒,20111114,-7.2998430141287
002181.SZ,粤传媒,20111113,-7.2998430141287
002181.SZ,粤传媒,20111112,-7.2998430141287
002181.SZ,粤传媒,20111111,-7.2998430141287
002181.SZ,粤传媒,20111110,-7.2998430141287
002181.SZ,粤传媒,20111109,-7.2998430141287
002181.SZ,粤传媒,20111108,-7.2998430141287
002181.SZ,粤传媒,20111107,-7.2998430141287
002181.SZ,粤传媒,20111106,-7.2998430141287
002181.SZ,粤传媒,20111105,-7.2998430141287
002181.SZ,粤传媒,20111104,-7.2998430141287
002181.SZ,粤传媒,20111103,-7.2998430141287
002181.SZ,粤传媒,20111102,-7.2998430141287
002181.SZ,粤传媒,20111101,-7.2998430141287
002181.SZ,粤传媒,20111031,21.102661596958
002181.SZ,粤传媒,20111030,21.102661596958
002181.SZ,粤传媒,20111029,21.102661596958
002181.SZ,粤传媒,20111028,21.102661596958
002181.SZ,粤传媒,20111027,21.102661596958
002181.SZ,粤传媒,20111026,21.102661596958
002181.SZ,粤传媒,20111025,21.102661596958
002181.SZ,粤传媒,20111024,21.102661596958
002181.SZ,粤传媒,20111023,21.102661596958
002181.SZ,粤传媒,20111022,21.102661596958
002181.SZ,粤传媒,20111021,21.102661596958
002181.SZ,粤传媒,20111020,21.102661596958
002181.SZ,粤传媒,20111019,21.102661596958
002181.SZ,粤传媒,20111018,21.102661596958
002181.SZ,粤传媒,20111017,21.102661596958
002181.SZ,粤传媒,20111016,21.102661596958
002181.SZ,粤传媒,20111015,21.102661596958
002181.SZ,粤传媒,20111014,21.102661596958
002181.SZ,粤传媒,20111013,21.102661596958
002181.SZ,粤传媒,20111012,21.102661596958
002181.SZ,粤传媒,20111011,21.102661596958
002181.SZ,粤传媒,20111010,21.102661596958
002181.SZ,粤传媒,20111009,21.102661596958
002181.SZ,粤传媒,20111008,21.102661596958
002181.SZ,粤传媒,20111007,21.102661596958
002181.SZ,粤传媒,20111006,21.102661596958
002181.SZ,粤传媒,20111005,21.102661596958
002181.SZ,粤传媒,20111004,21.102661596958
002181.SZ,粤传媒,20111003,21.102661596958
002181.SZ,粤传媒,20111002,21.102661596958
002181.SZ,粤传媒,20111001,21.102661596958
002181.SZ,粤传媒,20110930,7.3469387755102
002181.SZ,粤传媒,20110929,7.3469387755102
002181.SZ,粤传媒,20110928,7.3469387755102
002181.SZ,粤传媒,20110927,7.3469387755102
002181.SZ,粤传媒,20110926,7.3469387755102
002181.SZ,粤传媒,20110925,7.3469387755102
002181.SZ,粤传媒,20110924,7.3469387755102
002181.SZ,粤传媒,20110923,7.3469387755102
002181.SZ,粤传媒,20110922,7.3469387755102
002181.SZ,粤传媒,20110921,7.3469387755102
002181.SZ,粤传媒,20110920,7.3469387755102
002181.SZ,粤传媒,20110919,7.3469387755102
002181.SZ,粤传媒,20110918,7.3469387755102
002181.SZ,粤传媒,20110917,7.3469387755102
002181.SZ,粤传媒,20110916,7.3469387755102
002181.SZ,粤传媒,20110915,7.3469387755102
002181.SZ,粤传媒,20110914,7.3469387755102
002181.SZ,粤传媒,20110913,7.3469387755102
002181.SZ,粤传媒,20110912,7.3469387755102
002181.SZ,粤传媒,20110911,7.3469387755102
002181.SZ,粤传媒,20110910,7.3469387755102
002181.SZ,粤传媒,20110909,7.3469387755102
002181.SZ,粤传媒,20110908,7.3469387755102
002181.SZ,粤传媒,20110907,7.3469387755102
002181.SZ,粤传媒,20110906,7.3469387755102
002181.SZ,粤传媒,20110905,7.3469387755102
002181.SZ,粤传媒,20110904,7.3469387755102
002181.SZ,粤传媒,20110903,7.3469387755102
002181.SZ,粤传媒,20110902,7.3469387755102
002181.SZ,粤传媒,20110901,7.3469387755102
002181.SZ,粤传媒,20110831,-11.552346570397
002181.SZ,粤传媒,20110830,-11.552346570397
002181.SZ,粤传媒,20110829,-11.552346570397
002181.SZ,粤传媒,20110828,-11.552346570397
002181.SZ,粤传媒,20110827,-11.552346570397
002181.SZ,粤传媒,20110826,-11.552346570397
002181.SZ,粤传媒,20110825,-11.552346570397
002181.SZ,粤传媒,20110824,-11.552346570397
002181.SZ,粤传媒,20110823,-11.552346570397
002181.SZ,粤传媒,20110822,-11.552346570397
002181.SZ,粤传媒,20110821,-11.552346570397
002181.SZ,粤传媒,20110820,-11.552346570397
002181.SZ,粤传媒,20110819,-11.552346570397
002181.SZ,粤传媒,20110818,-11.552346570397
002181.SZ,粤传媒,20110817,-11.552346570397
002181.SZ,粤传媒,20110816,-11.552346570397
002181.SZ,粤传媒,20110815,-11.552346570397
002181.SZ,粤传媒,20110814,-11.552346570397
002181.SZ,粤传媒,20110813,-11.552346570397
002181.SZ,粤传媒,20110812,-11.552346570397
002181.SZ,粤传媒,20110811,-11.552346570397
002181.SZ,粤传媒,20110810,-11.552346570397
002181.SZ,粤传媒,20110809,-11.552346570397
002181.SZ,粤传媒,20110808,-11.552346570397
002181.SZ,粤传媒,20110807,-11.552346570397
002181.SZ,粤传媒,20110806,-11.552346570397
002181.SZ,粤传媒,20110805,-11.552346570397
002181.SZ,粤传媒,20110804,-11.552346570397
002181.SZ,粤传媒,20110803,-11.552346570397
002181.SZ,粤传媒,20110802,-11.552346570397
002181.SZ,粤传媒,20110801,-11.552346570397
002181.SZ,粤传媒,20110731,2.8783658310121
002181.SZ,粤传媒,20110730,2.8783658310121
002181.SZ,粤传媒,20110729,2.8783658310121
002181.SZ,粤传媒,20110728,2.8783658310121
002181.SZ,粤传媒,20110727,2.8783658310121
002181.SZ,粤传媒,20110726,2.8783658310121
002181.SZ,粤传媒,20110725,2.8783658310121
002181.SZ,粤传媒,20110724,2.8783658310121
002181.SZ,粤传媒,20110723,2.8783658310121
002181.SZ,粤传媒,20110722,2.8783658310121
002181.SZ,粤传媒,20110721,2.8783658310121
002181.SZ,粤传媒,20110720,2.8783658310121
002181.SZ,粤传媒,20110719,2.8783658310121
002181.SZ,粤传媒,20110718,2.8783658310121
002181.SZ,粤传媒,20110717,2.8783658310121
002181.SZ,粤传媒,20110716,2.8783658310121
002181.SZ,粤传媒,20110715,2.8783658310121
002181.SZ,粤传媒,20110714,2.8783658310121
002181.SZ,粤传媒,20110713,2.8783658310121
002181.SZ,粤传媒,20110712,2.8783658310121
002181.SZ,粤传媒,20110711,2.8783658310121
002181.SZ,粤传媒,20110710,2.8783658310121
002181.SZ,粤传媒,20110709,2.8783658310121
002181.SZ,粤传媒,20110708,2.8783658310121
002181.SZ,粤传媒,20110707,2.8783658310121
002181.SZ,粤传媒,20110706,2.8783658310121
002181.SZ,粤传媒,20110705,2.8783658310121
002181.SZ,粤传媒,20110704,2.8783658310121
002181.SZ,粤传媒,20110703,2.8783658310121
002181.SZ,粤传媒,20110702,2.8783658310121
002181.SZ,粤传媒,20110701,2.8783658310121
002181.SZ,粤传媒,20110630,-3.1474820143885
002181.SZ,粤传媒,20110629,-3.1474820143885
002181.SZ,粤传媒,20110628,-3.1474820143885
002181.SZ,粤传媒,20110627,-3.1474820143885
002181.SZ,粤传媒,20110626,-3.1474820143885
002181.SZ,粤传媒,20110625,-3.1474820143885
002181.SZ,粤传媒,20110624,-3.1474820143885
002181.SZ,粤传媒,20110623,-3.1474820143885
002181.SZ,粤传媒,20110622,-3.1474820143885
002181.SZ,粤传媒,20110621,-3.1474820143885
002181.SZ,粤传媒,20110620,-3.1474820143885
002181.SZ,粤传媒,20110619,-3.1474820143885
002181.SZ,粤传媒,20110618,-3.1474820143885
002181.SZ,粤传媒,20110617,-3.1474820143885
002181.SZ,粤传媒,20110616,-3.1474820143885
002181.SZ,粤传媒,20110615,-3.1474820143885
002181.SZ,粤传媒,20110614,-3.1474820143885
002181.SZ,粤传媒,20110613,-3.1474820143885
002181.SZ,粤传媒,20110612,-3.1474820143885
002181.SZ,粤传媒,20110611,-3.1474820143885
002181.SZ,粤传媒,20110610,-3.1474820143885
002181.SZ,粤传媒,20110609,-3.1474820143885
002181.SZ,粤传媒,20110608,-3.1474820143885
002181.SZ,粤传媒,20110607,-3.1474820143885
002181.SZ,粤传媒,20110606,-3.1474820143885
002181.SZ,粤传媒,20110605,-3.1474820143885
002181.SZ,粤传媒,20110604,-3.1474820143885
002181.SZ,粤传媒,20110603,-3.1474820143885
002181.SZ,粤传媒,20110602,-3.1474820143885
002181.SZ,粤传媒,20110601,-3.1474820143885
002181.SZ,粤传媒,20110531,-7.1010860484545
002181.SZ,粤传媒,20110530,-7.1010860484545
002181.SZ,粤传媒,20110529,-7.1010860484545
002181.SZ,粤传媒,20110528,-7.1010860484545
002181.SZ,粤传媒,20110527,-7.1010860484545
002181.SZ,粤传媒,20110526,-7.1010860484545
002181.SZ,粤传媒,20110525,-7.1010860484545
002181.SZ,粤传媒,20110524,-7.1010860484545
002181.SZ,粤传媒,20110523,-7.1010860484545
002181.SZ,粤传媒,20110522,-7.1010860484545
002181.SZ,粤传媒,20110521,-7.1010860484545
002181.SZ,粤传媒,20110520,-7.1010860484545
002181.SZ,粤传媒,20110519,-7.1010860484545
002181.SZ,粤传媒,20110518,-7.1010860484545
002181.SZ,粤传媒,20110517,-7.1010860484545
002181.SZ,粤传媒,20110516,-7.1010860484545
002181.SZ,粤传媒,20110515,-7.1010860484545
002181.SZ,粤传媒,20110514,-7.1010860484545
002181.SZ,粤传媒,20110513,-7.1010860484545
002181.SZ,粤传媒,20110512,-7.1010860484545
002181.SZ,粤传媒,20110511,-7.1010860484545
002181.SZ,粤传媒,20110510,-7.1010860484545
002181.SZ,粤传媒,20110509,-7.1010860484545
002181.SZ,粤传媒,20110508,-7.1010860484545
002181.SZ,粤传媒,20110507,-7.1010860484545
002181.SZ,粤传媒,20110506,-7.1010860484545
002181.SZ,粤传媒,20110505,-7.1010860484545
002181.SZ,粤传媒,20110504,-7.1010860484545
002181.SZ,粤传媒,20110503,-7.1010860484545
002181.SZ,粤传媒,20110502,-7.1010860484545
002181.SZ,粤传媒,20110501,-7.1010860484545
002181.SZ,粤传媒,20110430,-1.0743801652892
002181.SZ,粤传媒,20110429,-1.0743801652892
002181.SZ,粤传媒,20110428,-1.0743801652892
002181.SZ,粤传媒,20110427,-1.0743801652892
002181.SZ,粤传媒,20110426,-1.0743801652892
002181.SZ,粤传媒,20110425,-1.0743801652892
002181.SZ,粤传媒,20110424,-1.0743801652892
002181.SZ,粤传媒,20110423,-1.0743801652892
002181.SZ,粤传媒,20110422,-1.0743801652892
002181.SZ,粤传媒,20110421,-1.0743801652892
002181.SZ,粤传媒,20110420,-1.0743801652892
002181.SZ,粤传媒,20110419,-1.0743801652892
002181.SZ,粤传媒,20110418,-1.0743801652892
002181.SZ,粤传媒,20110417,-1.0743801652892
002181.SZ,粤传媒,20110416,-1.0743801652892
002181.SZ,粤传媒,20110415,-1.0743801652892
002181.SZ,粤传媒,20110414,-1.0743801652892
002181.SZ,粤传媒,20110413,-1.0743801652892
002181.SZ,粤传媒,20110412,-1.0743801652892
002181.SZ,粤传媒,20110411,-1.0743801652892
002181.SZ,粤传媒,20110410,-1.0743801652892
002181.SZ,粤传媒,20110409,-1.0743801652892
002181.SZ,粤传媒,20110408,-1.0743801652892
002181.SZ,粤传媒,20110407,-1.0743801652892
002181.SZ,粤传媒,20110406,-1.0743801652892
002181.SZ,粤传媒,20110405,-1.0743801652892
002181.SZ,粤传媒,20110404,-1.0743801652892
002181.SZ,粤传媒,20110403,-1.0743801652892
002181.SZ,粤传媒,20110402,-1.0743801652892
002181.SZ,粤传媒,20110401,-1.0743801652892
002181.SZ,粤传媒,20110331,-5.982905982906
002181.SZ,粤传媒,20110330,-5.982905982906
002181.SZ,粤传媒,20110329,-5.982905982906
002181.SZ,粤传媒,20110328,-5.982905982906
002181.SZ,粤传媒,20110327,-5.982905982906
002181.SZ,粤传媒,20110326,-5.982905982906
002181.SZ,粤传媒,20110325,-5.982905982906
002181.SZ,粤传媒,20110324,-5.982905982906
002181.SZ,粤传媒,20110323,-5.982905982906
002181.SZ,粤传媒,20110322,-5.982905982906
002181.SZ,粤传媒,20110321,-5.982905982906
002181.SZ,粤传媒,20110320,-5.982905982906
002181.SZ,粤传媒,20110319,-5.982905982906
002181.SZ,粤传媒,20110318,-5.982905982906
002181.SZ,粤传媒,20110317,-5.982905982906
002181.SZ,粤传媒,20110316,-5.982905982906
002181.SZ,粤传媒,20110315,-5.982905982906
002181.SZ,粤传媒,20110314,-5.982905982906
002181.SZ,粤传媒,20110313,-5.982905982906
002181.SZ,粤传媒,20110312,-5.982905982906
002181.SZ,粤传媒,20110311,-5.982905982906
002181.SZ,粤传媒,20110310,-5.982905982906
002181.SZ,粤传媒,20110309,-5.982905982906
002181.SZ,粤传媒,20110308,-5.982905982906
002181.SZ,粤传媒,20110307,-5.982905982906
002181.SZ,粤传媒,20110306,-5.982905982906
002181.SZ,粤传媒,20110305,-5.982905982906
002181.SZ,粤传媒,20110304,-5.982905982906
002181.SZ,粤传媒,20110303,-5.982905982906
002181.SZ,粤传媒,20110302,-5.982905982906
002181.SZ,粤传媒,20110301,-5.982905982906
002181.SZ,粤传媒,20110228,6.3636363636364
002181.SZ,粤传媒,20110227,6.3636363636364
002181.SZ,粤传媒,20110226,6.3636363636364
002181.SZ,粤传媒,20110225,6.3636363636364
002181.SZ,粤传媒,20110224,6.3636363636364
002181.SZ,粤传媒,20110223,6.3636363636364
002181.SZ,粤传媒,20110222,6.3636363636364
002181.SZ,粤传媒,20110221,6.3636363636364
002181.SZ,粤传媒,20110220,6.3636363636364
002181.SZ,粤传媒,20110219,6.3636363636364
002181.SZ,粤传媒,20110218,6.3636363636364
002181.SZ,粤传媒,20110217,6.3636363636364
002181.SZ,粤传媒,20110216,6.3636363636364
002181.SZ,粤传媒,20110215,6.3636363636364
002181.SZ,粤传媒,20110214,6.3636363636364
002181.SZ,粤传媒,20110213,6.3636363636364
002181.SZ,粤传媒,20110212,6.3636363636364
002181.SZ,粤传媒,20110211,6.3636363636364
002181.SZ,粤传媒,20110210,6.3636363636364
002181.SZ,粤传媒,20110209,6.3636363636364
002181.SZ,粤传媒,20110208,6.3636363636364
002181.SZ,粤传媒,20110207,6.3636363636364
002181.SZ,粤传媒,20110206,6.3636363636364
002181.SZ,粤传媒,20110205,6.3636363636364
002181.SZ,粤传媒,20110204,6.3636363636364
002181.SZ,粤传媒,20110203,6.3636363636364
002181.SZ,粤传媒,20110202,6.3636363636364
002181.SZ,粤传媒,20110201,6.3636363636364
002181.SZ,粤传媒,20110131,-6.7796610169492
002181.SZ,粤传媒,20110130,-6.7796610169492
002181.SZ,粤传媒,20110129,-6.7796610169492
002181.SZ,粤传媒,20110128,-6.7796610169492
002181.SZ,粤传媒,20110127,-6.7796610169492
002181.SZ,粤传媒,20110126,-6.7796610169492
002181.SZ,粤传媒,20110125,-6.7796610169492
002181.SZ,粤传媒,20110124,-6.7796610169492
002181.SZ,粤传媒,20110123,-6.7796610169492
002181.SZ,粤传媒,20110122,-6.7796610169492
002181.SZ,粤传媒,20110121,-6.7796610169492
002181.SZ,粤传媒,20110120,-6.7796610169492
002181.SZ,粤传媒,20110119,-6.7796610169492
002181.SZ,粤传媒,20110118,-6.7796610169492
002181.SZ,粤传媒,20110117,-6.7796610169492
002181.SZ,粤传媒,20110116,-6.7796610169492
002181.SZ,粤传媒,20110115,-6.7796610169492
002181.SZ,粤传媒,20110114,-6.7796610169492
002181.SZ,粤传媒,20110113,-6.7796610169492
002181.SZ,粤传媒,20110112,-6.7796610169492
002181.SZ,粤传媒,20110111,-6.7796610169492
002181.SZ,粤传媒,20110110,-6.7796610169492
002181.SZ,粤传媒,20110109,-6.7796610169492
002181.SZ,粤传媒,20110108,-6.7796610169492
002181.SZ,粤传媒,20110107,-6.7796610169492
002181.SZ,粤传媒,20110106,-6.7796610169492
002181.SZ,粤传媒,20110105,-6.7796610169492
002181.SZ,粤传媒,20110104,-6.7796610169492
002181.SZ,粤传媒,20110103,-6.7796610169492
002181.SZ,粤传媒,20110102,-6.7796610169492
002181.SZ,粤传媒,20110101,-6.7796610169492
002181.SZ,粤传媒,20101231,-13.235294117647
002181.SZ,粤传媒,20101230,-13.235294117647
002181.SZ,粤传媒,20101229,-13.235294117647
002181.SZ,粤传媒,20101228,-13.235294117647
002181.SZ,粤传媒,20101227,-13.235294117647
002181.SZ,粤传媒,20101226,-13.235294117647
002181.SZ,粤传媒,20101225,-13.235294117647
002181.SZ,粤传媒,20101224,-13.235294117647
002181.SZ,粤传媒,20101223,-13.235294117647
002181.SZ,粤传媒,20101222,-13.235294117647
002181.SZ,粤传媒,20101221,-13.235294117647
002181.SZ,粤传媒,20101220,-13.235294117647
002181.SZ,粤传媒,20101219,-13.235294117647
002181.SZ,粤传媒,20101218,-13.235294117647
002181.SZ,粤传媒,20101217,-13.235294117647
002181.SZ,粤传媒,20101216,-13.235294117647
002181.SZ,粤传媒,20101215,-13.235294117647
002181.SZ,粤传媒,20101214,-13.235294117647
002181.SZ,粤传媒,20101213,-13.235294117647
002181.SZ,粤传媒,20101212,-13.235294117647
002181.SZ,粤传媒,20101211,-13.235294117647
002181.SZ,粤传媒,20101210,-13.235294117647
002181.SZ,粤传媒,20101209,-13.235294117647
002181.SZ,粤传媒,20101208,-13.235294117647
002181.SZ,粤传媒,20101207,-13.235294117647
002181.SZ,粤传媒,20101206,-13.235294117647
002181.SZ,粤传媒,20101205,-13.235294117647
002181.SZ,粤传媒,20101204,-13.235294117647
002181.SZ,粤传媒,20101203,-13.235294117647
002181.SZ,粤传媒,20101202,-13.235294117647
002181.SZ,粤传媒,20101201,-13.235294117647
002181.SZ,粤传媒,20101130,-5.1363348129359
002181.SZ,粤传媒,20101129,-5.1363348129359
002181.SZ,粤传媒,20101128,-5.1363348129359
002181.SZ,粤传媒,20101127,-5.1363348129359
002181.SZ,粤传媒,20101126,-5.1363348129359
002181.SZ,粤传媒,20101125,-5.1363348129359
002181.SZ,粤传媒,20101124,-5.1363348129359
002181.SZ,粤传媒,20101123,-5.1363348129359
002181.SZ,粤传媒,20101122,-5.1363348129359
002181.SZ,粤传媒,20101121,-5.1363348129359
002181.SZ,粤传媒,20101120,-5.1363348129359
002181.SZ,粤传媒,20101119,-5.1363348129359
002181.SZ,粤传媒,20101118,-5.1363348129359
002181.SZ,粤传媒,20101117,-5.1363348129359
002181.SZ,粤传媒,20101116,-5.1363348129359
002181.SZ,粤传媒,20101115,-5.1363348129359
002181.SZ,粤传媒,20101114,-5.1363348129359
002181.SZ,粤传媒,20101113,-5.1363348129359
002181.SZ,粤传媒,20101112,-5.1363348129359
002181.SZ,粤传媒,20101111,-5.1363348129359
002181.SZ,粤传媒,20101110,-5.1363348129359
002181.SZ,粤传媒,20101109,-5.1363348129359
002181.SZ,粤传媒,20101108,-5.1363348129359
002181.SZ,粤传媒,20101107,-5.1363348129359
002181.SZ,粤传媒,20101106,-5.1363348129359
002181.SZ,粤传媒,20101105,-5.1363348129359
002181.SZ,粤传媒,20101104,-5.1363348129359
002181.SZ,粤传媒,20101103,-5.1363348129359
002181.SZ,粤传媒,20101102,-5.1363348129359
002181.SZ,粤传媒,20101101,-5.1363348129359
002181.SZ,粤传媒,20101031,4.4370860927152
002181.SZ,粤传媒,20101030,4.4370860927152
002181.SZ,粤传媒,20101029,4.4370860927152
002181.SZ,粤传媒,20101028,4.4370860927152
002181.SZ,粤传媒,20101027,4.4370860927152
002181.SZ,粤传媒,20101026,4.4370860927152
002181.SZ,粤传媒,20101025,4.4370860927152
002181.SZ,粤传媒,20101024,4.4370860927152
002181.SZ,粤传媒,20101023,4.4370860927152
002181.SZ,粤传媒,20101022,4.4370860927152
002181.SZ,粤传媒,20101021,4.4370860927152
002181.SZ,粤传媒,20101020,4.4370860927152
002181.SZ,粤传媒,20101019,4.4370860927152
002181.SZ,粤传媒,20101018,4.4370860927152
002181.SZ,粤传媒,20101017,4.4370860927152
002181.SZ,粤传媒,20101016,4.4370860927152
002181.SZ,粤传媒,20101015,4.4370860927152
002181.SZ,粤传媒,20101014,4.4370860927152
002181.SZ,粤传媒,20101013,4.4370860927152
002181.SZ,粤传媒,20101012,4.4370860927152
002181.SZ,粤传媒,20101011,4.4370860927152
002181.SZ,粤传媒,20101010,4.4370860927152
002181.SZ,粤传媒,20101009,4.4370860927152
002181.SZ,粤传媒,20101008,4.4370860927152
002181.SZ,粤传媒,20101007,4.4370860927152
002181.SZ,粤传媒,20101006,4.4370860927152
002181.SZ,粤传媒,20101005,4.4370860927152
002181.SZ,粤传媒,20101004,4.4370860927152
002181.SZ,粤传媒,20101003,4.4370860927152
002181.SZ,粤传媒,20101002,4.4370860927152
002181.SZ,粤传媒,20101001,4.4370860927152
002181.SZ,粤传媒,20100930,-6.0360920970753
002181.SZ,粤传媒,20100929,-6.0360920970753
002181.SZ,粤传媒,20100928,-6.0360920970753
002181.SZ,粤传媒,20100927,-6.0360920970753
002181.SZ,粤传媒,20100926,-6.0360920970753
002181.SZ,粤传媒,20100925,-6.0360920970753
002181.SZ,粤传媒,20100924,-6.0360920970753
002181.SZ,粤传媒,20100923,-6.0360920970753
002181.SZ,粤传媒,20100922,-6.0360920970753
002181.SZ,粤传媒,20100921,-6.0360920970753
002181.SZ,粤传媒,20100920,-6.0360920970753
002181.SZ,粤传媒,20100919,-6.0360920970753
002181.SZ,粤传媒,20100918,-6.0360920970753
002181.SZ,粤传媒,20100917,-6.0360920970753
002181.SZ,粤传媒,20100916,-6.0360920970753
002181.SZ,粤传媒,20100915,-6.0360920970753
002181.SZ,粤传媒,20100914,-6.0360920970753
002181.SZ,粤传媒,20100913,-6.0360920970753
002181.SZ,粤传媒,20100912,-6.0360920970753
002181.SZ,粤传媒,20100911,-6.0360920970753
002181.SZ,粤传媒,20100910,-6.0360920970753
002181.SZ,粤传媒,20100909,-6.0360920970753
002181.SZ,粤传媒,20100908,-6.0360920970753
002181.SZ,粤传媒,20100907,-6.0360920970753
002181.SZ,粤传媒,20100906,-6.0360920970753
002181.SZ,粤传媒,20100905,-6.0360920970753
002181.SZ,粤传媒,20100904,-6.0360920970753
002181.SZ,粤传媒,20100903,-6.0360920970753
002181.SZ,粤传媒,20100902,-6.0360920970753
002181.SZ,粤传媒,20100901,-6.0360920970753
002181.SZ,粤传媒,20100831,53.486150907354
002181.SZ,粤传媒,20100830,53.486150907354
002181.SZ,粤传媒,20100829,53.486150907354
002181.SZ,粤传媒,20100828,53.486150907354
002181.SZ,粤传媒,20100827,53.486150907354
002181.SZ,粤传媒,20100826,53.486150907354
002181.SZ,粤传媒,20100825,53.486150907354
002181.SZ,粤传媒,20100824,53.486150907354
002181.SZ,粤传媒,20100823,53.486150907354
002181.SZ,粤传媒,20100822,53.486150907354
002181.SZ,粤传媒,20100821,53.486150907354
002181.SZ,粤传媒,20100820,53.486150907354
002181.SZ,粤传媒,20100819,53.486150907354
002181.SZ,粤传媒,20100818,53.486150907354
002181.SZ,粤传媒,20100817,53.486150907354
002181.SZ,粤传媒,20100816,53.486150907354
002181.SZ,粤传媒,20100815,53.486150907354
002181.SZ,粤传媒,20100814,53.486150907354
002181.SZ,粤传媒,20100813,53.486150907354
002181.SZ,粤传媒,20100812,53.486150907354
002181.SZ,粤传媒,20100811,53.486150907354
002181.SZ,粤传媒,20100810,53.486150907354
002181.SZ,粤传媒,20100809,53.486150907354
002181.SZ,粤传媒,20100808,53.486150907354
002181.SZ,粤传媒,20100807,53.486150907354
002181.SZ,粤传媒,20100806,53.486150907354
002181.SZ,粤传媒,20100805,53.486150907354
002181.SZ,粤传媒,20100804,53.486150907354
002181.SZ,粤传媒,20100803,53.486150907354
002181.SZ,粤传媒,20100802,53.486150907354
002181.SZ,粤传媒,20100801,53.486150907354
002181.SZ,粤传媒,20100731,0.0
002181.SZ,粤传媒,20100730,0.0
002181.SZ,粤传媒,20100729,0.0
002181.SZ,粤传媒,20100728,0.0
002181.SZ,粤传媒,20100727,0.0
002181.SZ,粤传媒,20100726,0.0
002181.SZ,粤传媒,20100725,0.0
002181.SZ,粤传媒,20100724,0.0
002181.SZ,粤传媒,20100723,0.0
002181.SZ,粤传媒,20100722,0.0
002181.SZ,粤传媒,20100721,0.0
002181.SZ,粤传媒,20100720,0.0
002181.SZ,粤传媒,20100719,0.0
002181.SZ,粤传媒,20100718,0.0
002181.SZ,粤传媒,20100717,0.0
002181.SZ,粤传媒,20100716,0.0
002181.SZ,粤传媒,20100715,0.0
002181.SZ,粤传媒,20100714,0.0
002181.SZ,粤传媒,20100713,0.0
002181.SZ,粤传媒,20100712,0.0
002181.SZ,粤传媒,20100711,0.0
002181.SZ,粤传媒,20100710,0.0
002181.SZ,粤传媒,20100709,0.0
002181.SZ,粤传媒,20100708,0.0
002181.SZ,粤传媒,20100707,0.0
002181.SZ,粤传媒,20100706,0.0
002181.SZ,粤传媒,20100705,0.0
002181.SZ,粤传媒,20100704,0.0
002181.SZ,粤传媒,20100703,0.0
002181.SZ,粤传媒,20100702,0.0
002181.SZ,粤传媒,20100701,0.0
002181.SZ,粤传媒,20100630,-0.1906577693041
002181.SZ,粤传媒,20100629,-0.1906577693041
002181.SZ,粤传媒,20100628,-0.1906577693041
002181.SZ,粤传媒,20100627,-0.1906577693041
002181.SZ,粤传媒,20100626,-0.1906577693041
002181.SZ,粤传媒,20100625,-0.1906577693041
002181.SZ,粤传媒,20100624,-0.1906577693041
002181.SZ,粤传媒,20100623,-0.1906577693041
002181.SZ,粤传媒,20100622,-0.1906577693041
002181.SZ,粤传媒,20100621,-0.1906577693041
002181.SZ,粤传媒,20100620,-0.1906577693041
002181.SZ,粤传媒,20100619,-0.1906577693041
002181.SZ,粤传媒,20100618,-0.1906577693041
002181.SZ,粤传媒,20100617,-0.1906577693041
002181.SZ,粤传媒,20100616,-0.1906577693041
002181.SZ,粤传媒,20100615,-0.1906577693041
002181.SZ,粤传媒,20100614,-0.1906577693041
002181.SZ,粤传媒,20100613,-0.1906577693041
002181.SZ,粤传媒,20100612,-0.1906577693041
002181.SZ,粤传媒,20100611,-0.1906577693041
002181.SZ,粤传媒,20100610,-0.1906577693041
002181.SZ,粤传媒,20100609,-0.1906577693041
002181.SZ,粤传媒,20100608,-0.1906577693041
002181.SZ,粤传媒,20100607,-0.1906577693041
002181.SZ,粤传媒,20100606,-0.1906577693041
002181.SZ,粤传媒,20100605,-0.1906577693041
002181.SZ,粤传媒,20100604,-0.1906577693041
002181.SZ,粤传媒,20100603,-0.1906577693041
002181.SZ,粤传媒,20100602,-0.1906577693041
002181.SZ,粤传媒,20100601,-0.1906577693041
002181.SZ,粤传媒,20100531,-9.412780656304
002181.SZ,粤传媒,20100530,-9.412780656304
002181.SZ,粤传媒,20100529,-9.412780656304
002181.SZ,粤传媒,20100528,-9.412780656304
002181.SZ,粤传媒,20100527,-9.412780656304
002181.SZ,粤传媒,20100526,-9.412780656304
002181.SZ,粤传媒,20100525,-9.412780656304
002181.SZ,粤传媒,20100524,-9.412780656304
002181.SZ,粤传媒,20100523,-9.412780656304
002181.SZ,粤传媒,20100522,-9.412780656304
002181.SZ,粤传媒,20100521,-9.412780656304
002181.SZ,粤传媒,20100520,-9.412780656304
002181.SZ,粤传媒,20100519,-9.412780656304
002181.SZ,粤传媒,20100518,-9.412780656304
002181.SZ,粤传媒,20100517,-9.412780656304
002181.SZ,粤传媒,20100516,-9.412780656304
002181.SZ,粤传媒,20100515,-9.412780656304
002181.SZ,粤传媒,20100514,-9.412780656304
002181.SZ,粤传媒,20100513,-9.412780656304
002181.SZ,粤传媒,20100512,-9.412780656304
002181.SZ,粤传媒,20100511,-9.412780656304
002181.SZ,粤传媒,20100510,-9.412780656304
002181.SZ,粤传媒,20100509,-9.412780656304
002181.SZ,粤传媒,20100508,-9.412780656304
002181.SZ,粤传媒,20100507,-9.412780656304
002181.SZ,粤传媒,20100506,-9.412780656304
002181.SZ,粤传媒,20100505,-9.412780656304
002181.SZ,粤传媒,20100504,-9.412780656304
002181.SZ,粤传媒,20100503,-9.412780656304
002181.SZ,粤传媒,20100502,-9.412780656304
002181.SZ,粤传媒,20100501,-9.412780656304
002181.SZ,粤传媒,20100430,-4.9261083743842
002181.SZ,粤传媒,20100429,-4.9261083743842
002181.SZ,粤传媒,20100428,-4.9261083743842
002181.SZ,粤传媒,20100427,-4.9261083743842
002181.SZ,粤传媒,20100426,-4.9261083743842
002181.SZ,粤传媒,20100425,-4.9261083743842
002181.SZ,粤传媒,20100424,-4.9261083743842
002181.SZ,粤传媒,20100423,-4.9261083743842
002181.SZ,粤传媒,20100422,-4.9261083743842
002181.SZ,粤传媒,20100421,-4.9261083743842
002181.SZ,粤传媒,20100420,-4.9261083743842
002181.SZ,粤传媒,20100419,-4.9261083743842
002181.SZ,粤传媒,20100418,-4.9261083743842
002181.SZ,粤传媒,20100417,-4.9261083743842
002181.SZ,粤传媒,20100416,-4.9261083743842
002181.SZ,粤传媒,20100415,-4.9261083743842
002181.SZ,粤传媒,20100414,-4.9261083743842
002181.SZ,粤传媒,20100413,-4.9261083743842
002181.SZ,粤传媒,20100412,-4.9261083743842
002181.SZ,粤传媒,20100411,-4.9261083743842
002181.SZ,粤传媒,20100410,-4.9261083743842
002181.SZ,粤传媒,20100409,-4.9261083743842
002181.SZ,粤传媒,20100408,-4.9261083743842
002181.SZ,粤传媒,20100407,-4.9261083743842
002181.SZ,粤传媒,20100406,-4.9261083743842
002181.SZ,粤传媒,20100405,-4.9261083743842
002181.SZ,粤传媒,20100404,-4.9261083743842
002181.SZ,粤传媒,20100403,-4.9261083743842
002181.SZ,粤传媒,20100402,-4.9261083743842
002181.SZ,粤传媒,20100401,-4.9261083743842
002181.SZ,粤传媒,20100331,1.3311148086522
002181.SZ,粤传媒,20100330,1.3311148086522
002181.SZ,粤传媒,20100329,1.3311148086522
002181.SZ,粤传媒,20100328,1.3311148086522
002181.SZ,粤传媒,20100327,1.3311148086522
002181.SZ,粤传媒,20100326,1.3311148086522
002181.SZ,粤传媒,20100325,1.3311148086522
002181.SZ,粤传媒,20100324,1.3311148086522
002181.SZ,粤传媒,20100323,1.3311148086522
002181.SZ,粤传媒,20100322,1.3311148086522
002181.SZ,粤传媒,20100321,1.3311148086522
002181.SZ,粤传媒,20100320,1.3311148086522
002181.SZ,粤传媒,20100319,1.3311148086522
002181.SZ,粤传媒,20100318,1.3311148086522
002181.SZ,粤传媒,20100317,1.3311148086522
002181.SZ,粤传媒,20100316,1.3311148086522
002181.SZ,粤传媒,20100315,1.3311148086522
002181.SZ,粤传媒,20100314,1.3311148086522
002181.SZ,粤传媒,20100313,1.3311148086522
002181.SZ,粤传媒,20100312,1.3311148086522
002181.SZ,粤传媒,20100311,1.3311148086522
002181.SZ,粤传媒,20100310,1.3311148086522
002181.SZ,粤传媒,20100309,1.3311148086522
002181.SZ,粤传媒,20100308,1.3311148086522
002181.SZ,粤传媒,20100307,1.3311148086522
002181.SZ,粤传媒,20100306,1.3311148086522
002181.SZ,粤传媒,20100305,1.3311148086522
002181.SZ,粤传媒,20100304,1.3311148086522
002181.SZ,粤传媒,20100303,1.3311148086522
002181.SZ,粤传媒,20100302,1.3311148086522
002181.SZ,粤传媒,20100301,1.3311148086522
002181.SZ,粤传媒,20100228,15.023923444976
002181.SZ,粤传媒,20100227,15.023923444976
002181.SZ,粤传媒,20100226,15.023923444976
002181.SZ,粤传媒,20100225,15.023923444976
002181.SZ,粤传媒,20100224,15.023923444976
002181.SZ,粤传媒,20100223,15.023923444976
002181.SZ,粤传媒,20100222,15.023923444976
002181.SZ,粤传媒,20100221,15.023923444976
002181.SZ,粤传媒,20100220,15.023923444976
002181.SZ,粤传媒,20100219,15.023923444976
002181.SZ,粤传媒,20100218,15.023923444976
002181.SZ,粤传媒,20100217,15.023923444976
002181.SZ,粤传媒,20100216,15.023923444976
002181.SZ,粤传媒,20100215,15.023923444976
002181.SZ,粤传媒,20100214,15.023923444976
002181.SZ,粤传媒,20100213,15.023923444976
002181.SZ,粤传媒,20100212,15.023923444976
002181.SZ,粤传媒,20100211,15.023923444976
002181.SZ,粤传媒,20100210,15.023923444976
002181.SZ,粤传媒,20100209,15.023923444976
002181.SZ,粤传媒,20100208,15.023923444976
002181.SZ,粤传媒,20100207,15.023923444976
002181.SZ,粤传媒,20100206,15.023923444976
002181.SZ,粤传媒,20100205,15.023923444976
002181.SZ,粤传媒,20100204,15.023923444976
002181.SZ,粤传媒,20100203,15.023923444976
002181.SZ,粤传媒,20100202,15.023923444976
002181.SZ,粤传媒,20100201,15.023923444976
002181.SZ,粤传媒,20100131,4.6046046046046
002181.SZ,粤传媒,20100130,4.6046046046046
002181.SZ,粤传媒,20100129,4.6046046046046
002181.SZ,粤传媒,20100128,4.6046046046046
002181.SZ,粤传媒,20100127,4.6046046046046
002181.SZ,粤传媒,20100126,4.6046046046046
002181.SZ,粤传媒,20100125,4.6046046046046
002181.SZ,粤传媒,20100124,4.6046046046046
002181.SZ,粤传媒,20100123,4.6046046046046
002181.SZ,粤传媒,20100122,4.6046046046046
002181.SZ,粤传媒,20100121,4.6046046046046
002181.SZ,粤传媒,20100120,4.6046046046046
002181.SZ,粤传媒,20100119,4.6046046046046
002181.SZ,粤传媒,20100118,4.6046046046046
002181.SZ,粤传媒,20100117,4.6046046046046
002181.SZ,粤传媒,20100116,4.6046046046046
002181.SZ,粤传媒,20100115,4.6046046046046
002181.SZ,粤传媒,20100114,4.6046046046046
002181.SZ,粤传媒,20100113,4.6046046046046
002181.SZ,粤传媒,20100112,4.6046046046046
002181.SZ,粤传媒,20100111,4.6046046046046
002181.SZ,粤传媒,20100110,4.6046046046046
002181.SZ,粤传媒,20100109,4.6046046046046
002181.SZ,粤传媒,20100108,4.6046046046046
002181.SZ,粤传媒,20100107,4.6046046046046
002181.SZ,粤传媒,20100106,4.6046046046046
002181.SZ,粤传媒,20100105,4.6046046046046
002181.SZ,粤传媒,20100104,4.6046046046046
002181.SZ,粤传媒,20100103,4.6046046046046
002181.SZ,粤传媒,20100102,4.6046046046046
002181.SZ,粤传媒,20100101,4.6046046046046
002181.SZ,粤传媒,20091231,-6.6355140186916
002181.SZ,粤传媒,20091230,-6.6355140186916
002181.SZ,粤传媒,20091229,-6.6355140186916
002181.SZ,粤传媒,20091228,-6.6355140186916
002181.SZ,粤传媒,20091227,-6.6355140186916
002181.SZ,粤传媒,20091226,-6.6355140186916
002181.SZ,粤传媒,20091225,-6.6355140186916
002181.SZ,粤传媒,20091224,-6.6355140186916
002181.SZ,粤传媒,20091223,-6.6355140186916
002181.SZ,粤传媒,20091222,-6.6355140186916
002181.SZ,粤传媒,20091221,-6.6355140186916
002181.SZ,粤传媒,20091220,-6.6355140186916
002181.SZ,粤传媒,20091219,-6.6355140186916
002181.SZ,粤传媒,20091218,-6.6355140186916
002181.SZ,粤传媒,20091217,-6.6355140186916
002181.SZ,粤传媒,20091216,-6.6355140186916
002181.SZ,粤传媒,20091215,-6.6355140186916
002181.SZ,粤传媒,20091214,-6.6355140186916
002181.SZ,粤传媒,20091213,-6.6355140186916
002181.SZ,粤传媒,20091212,-6.6355140186916
002181.SZ,粤传媒,20091211,-6.6355140186916
002181.SZ,粤传媒,20091210,-6.6355140186916
002181.SZ,粤传媒,20091209,-6.6355140186916
002181.SZ,粤传媒,20091208,-6.6355140186916
002181.SZ,粤传媒,20091207,-6.6355140186916
002181.SZ,粤传媒,20091206,-6.6355140186916
002181.SZ,粤传媒,20091205,-6.6355140186916
002181.SZ,粤传媒,20091204,-6.6355140186916
002181.SZ,粤传媒,20091203,-6.6355140186916
002181.SZ,粤传媒,20091202,-6.6355140186916
002181.SZ,粤传媒,20091201,-6.6355140186916
002181.SZ,粤传媒,20091130,5.1080550098232
002181.SZ,粤传媒,20091129,5.1080550098232
002181.SZ,粤传媒,20091128,5.1080550098232
002181.SZ,粤传媒,20091127,5.1080550098232
002181.SZ,粤传媒,20091126,5.1080550098232
002181.SZ,粤传媒,20091125,5.1080550098232
002181.SZ,粤传媒,20091124,5.1080550098232
002181.SZ,粤传媒,20091123,5.1080550098232
002181.SZ,粤传媒,20091122,5.1080550098232
002181.SZ,粤传媒,20091121,5.1080550098232
002181.SZ,粤传媒,20091120,5.1080550098232
002181.SZ,粤传媒,20091119,5.1080550098232
002181.SZ,粤传媒,20091118,5.1080550098232
002181.SZ,粤传媒,20091117,5.1080550098232
002181.SZ,粤传媒,20091116,5.1080550098232
002181.SZ,粤传媒,20091115,5.1080550098232
002181.SZ,粤传媒,20091114,5.1080550098232
002181.SZ,粤传媒,20091113,5.1080550098232
002181.SZ,粤传媒,20091112,5.1080550098232
002181.SZ,粤传媒,20091111,5.1080550098232
002181.SZ,粤传媒,20091110,5.1080550098232
002181.SZ,粤传媒,20091109,5.1080550098232
002181.SZ,粤传媒,20091108,5.1080550098232
002181.SZ,粤传媒,20091107,5.1080550098232
002181.SZ,粤传媒,20091106,5.1080550098232
002181.SZ,粤传媒,20091105,5.1080550098232
002181.SZ,粤传媒,20091104,5.1080550098232
002181.SZ,粤传媒,20091103,5.1080550098232
002181.SZ,粤传媒,20091102,5.1080550098232
002181.SZ,粤传媒,20091101,5.1080550098232
002181.SZ,粤传媒,20091031,12.362030905077
002181.SZ,粤传媒,20091030,12.362030905077
002181.SZ,粤传媒,20091029,12.362030905077
002181.SZ,粤传媒,20091028,12.362030905077
002181.SZ,粤传媒,20091027,12.362030905077
002181.SZ,粤传媒,20091026,12.362030905077
002181.SZ,粤传媒,20091025,12.362030905077
002181.SZ,粤传媒,20091024,12.362030905077
002181.SZ,粤传媒,20091023,12.362030905077
002181.SZ,粤传媒,20091022,12.362030905077
002181.SZ,粤传媒,20091021,12.362030905077
002181.SZ,粤传媒,20091020,12.362030905077
002181.SZ,粤传媒,20091019,12.362030905077
002181.SZ,粤传媒,20091018,12.362030905077
002181.SZ,粤传媒,20091017,12.362030905077
002181.SZ,粤传媒,20091016,12.362030905077
002181.SZ,粤传媒,20091015,12.362030905077
002181.SZ,粤传媒,20091014,12.362030905077
002181.SZ,粤传媒,20091013,12.362030905077
002181.SZ,粤传媒,20091012,12.362030905077
002181.SZ,粤传媒,20091011,12.362030905077
002181.SZ,粤传媒,20091010,12.362030905077
002181.SZ,粤传媒,20091009,12.362030905077
002181.SZ,粤传媒,20091008,12.362030905077
002181.SZ,粤传媒,20091007,12.362030905077
002181.SZ,粤传媒,20091006,12.362030905077
002181.SZ,粤传媒,20091005,12.362030905077
002181.SZ,粤传媒,20091004,12.362030905077
002181.SZ,粤传媒,20091003,12.362030905077
002181.SZ,粤传媒,20091002,12.362030905077
002181.SZ,粤传媒,20091001,12.362030905077
002181.SZ,粤传媒,20090930,1.7977528089888
002181.SZ,粤传媒,20090929,1.7977528089888
002181.SZ,粤传媒,20090928,1.7977528089888
002181.SZ,粤传媒,20090927,1.7977528089888
002181.SZ,粤传媒,20090926,1.7977528089888
002181.SZ,粤传媒,20090925,1.7977528089888
002181.SZ,粤传媒,20090924,1.7977528089888
002181.SZ,粤传媒,20090923,1.7977528089888
002181.SZ,粤传媒,20090922,1.7977528089888
002181.SZ,粤传媒,20090921,1.7977528089888
002181.SZ,粤传媒,20090920,1.7977528089888
002181.SZ,粤传媒,20090919,1.7977528089888
002181.SZ,粤传媒,20090918,1.7977528089888
002181.SZ,粤传媒,20090917,1.7977528089888
002181.SZ,粤传媒,20090916,1.7977528089888
002181.SZ,粤传媒,20090915,1.7977528089888
002181.SZ,粤传媒,20090914,1.7977528089888
002181.SZ,粤传媒,20090913,1.7977528089888
002181.SZ,粤传媒,20090912,1.7977528089888
002181.SZ,粤传媒,20090911,1.7977528089888
002181.SZ,粤传媒,20090910,1.7977528089888
002181.SZ,粤传媒,20090909,1.7977528089888
002181.SZ,粤传媒,20090908,1.7977528089888
002181.SZ,粤传媒,20090907,1.7977528089888
002181.SZ,粤传媒,20090906,1.7977528089888
002181.SZ,粤传媒,20090905,1.7977528089888
002181.SZ,粤传媒,20090904,1.7977528089888
002181.SZ,粤传媒,20090903,1.7977528089888
002181.SZ,粤传媒,20090902,1.7977528089888
002181.SZ,粤传媒,20090901,1.7977528089888
002181.SZ,粤传媒,20090831,-21.861281826163
002181.SZ,粤传媒,20090830,-21.861281826163
002181.SZ,粤传媒,20090829,-21.861281826163
002181.SZ,粤传媒,20090828,-21.861281826163
002181.SZ,粤传媒,20090827,-21.861281826163
002181.SZ,粤传媒,20090826,-21.861281826163
002181.SZ,粤传媒,20090825,-21.861281826163
002181.SZ,粤传媒,20090824,-21.861281826163
002181.SZ,粤传媒,20090823,-21.861281826163
002181.SZ,粤传媒,20090822,-21.861281826163
002181.SZ,粤传媒,20090821,-21.861281826163
002181.SZ,粤传媒,20090820,-21.861281826163
002181.SZ,粤传媒,20090819,-21.861281826163
002181.SZ,粤传媒,20090818,-21.861281826163
002181.SZ,粤传媒,20090817,-21.861281826163
002181.SZ,粤传媒,20090816,-21.861281826163
002181.SZ,粤传媒,20090815,-21.861281826163
002181.SZ,粤传媒,20090814,-21.861281826163
002181.SZ,粤传媒,20090813,-21.861281826163
002181.SZ,粤传媒,20090812,-21.861281826163
002181.SZ,粤传媒,20090811,-21.861281826163
002181.SZ,粤传媒,20090810,-21.861281826163
002181.SZ,粤传媒,20090809,-21.861281826163
002181.SZ,粤传媒,20090808,-21.861281826163
002181.SZ,粤传媒,20090807,-21.861281826163
002181.SZ,粤传媒,20090806,-21.861281826163
002181.SZ,粤传媒,20090805,-21.861281826163
002181.SZ,粤传媒,20090804,-21.861281826163
002181.SZ,粤传媒,20090803,-21.861281826163
002181.SZ,粤传媒,20090802,-21.861281826163
002181.SZ,粤传媒,20090801,-21.861281826163
002181.SZ,粤传媒,20090731,11.88605108055
002181.SZ,粤传媒,20090730,11.88605108055
002181.SZ,粤传媒,20090729,11.88605108055
002181.SZ,粤传媒,20090728,11.88605108055
002181.SZ,粤传媒,20090727,11.88605108055
002181.SZ,粤传媒,20090726,11.88605108055
002181.SZ,粤传媒,20090725,11.88605108055
002181.SZ,粤传媒,20090724,11.88605108055
002181.SZ,粤传媒,20090723,11.88605108055
002181.SZ,粤传媒,20090722,11.88605108055
002181.SZ,粤传媒,20090721,11.88605108055
002181.SZ,粤传媒,20090720,11.88605108055
002181.SZ,粤传媒,20090719,11.88605108055
002181.SZ,粤传媒,20090718,11.88605108055
002181.SZ,粤传媒,20090717,11.88605108055
002181.SZ,粤传媒,20090716,11.88605108055
002181.SZ,粤传媒,20090715,11.88605108055
002181.SZ,粤传媒,20090714,11.88605108055
002181.SZ,粤传媒,20090713,11.88605108055
002181.SZ,粤传媒,20090712,11.88605108055
002181.SZ,粤传媒,20090711,11.88605108055
002181.SZ,粤传媒,20090710,11.88605108055
002181.SZ,粤传媒,20090709,11.88605108055
002181.SZ,粤传媒,20090708,11.88605108055
002181.SZ,粤传媒,20090707,11.88605108055
002181.SZ,粤传媒,20090706,11.88605108055
002181.SZ,粤传媒,20090705,11.88605108055
002181.SZ,粤传媒,20090704,11.88605108055
002181.SZ,粤传媒,20090703,11.88605108055
002181.SZ,粤传媒,20090702,11.88605108055
002181.SZ,粤传媒,20090701,11.88605108055
002181.SZ,粤传媒,20090630,12.985571587125
002181.SZ,粤传媒,20090629,12.985571587125
002181.SZ,粤传媒,20090628,12.985571587125
002181.SZ,粤传媒,20090627,12.985571587125
002181.SZ,粤传媒,20090626,12.985571587125
002181.SZ,粤传媒,20090625,12.985571587125
002181.SZ,粤传媒,20090624,12.985571587125
002181.SZ,粤传媒,20090623,12.985571587125
002181.SZ,粤传媒,20090622,12.985571587125
002181.SZ,粤传媒,20090621,12.985571587125
002181.SZ,粤传媒,20090620,12.985571587125
002181.SZ,粤传媒,20090619,12.985571587125
002181.SZ,粤传媒,20090618,12.985571587125
002181.SZ,粤传媒,20090617,12.985571587125
002181.SZ,粤传媒,20090616,12.985571587125
002181.SZ,粤传媒,20090615,12.985571587125
002181.SZ,粤传媒,20090614,12.985571587125
002181.SZ,粤传媒,20090613,12.985571587125
002181.SZ,粤传媒,20090612,12.985571587125
002181.SZ,粤传媒,20090611,12.985571587125
002181.SZ,粤传媒,20090610,12.985571587125
002181.SZ,粤传媒,20090609,12.985571587125
002181.SZ,粤传媒,20090608,12.985571587125
002181.SZ,粤传媒,20090607,12.985571587125
002181.SZ,粤传媒,20090606,12.985571587125
002181.SZ,粤传媒,20090605,12.985571587125
002181.SZ,粤传媒,20090604,12.985571587125
002181.SZ,粤传媒,20090603,12.985571587125
002181.SZ,粤传媒,20090602,12.985571587125
002181.SZ,粤传媒,20090601,12.985571587125
002181.SZ,粤传媒,20090531,5.8754406580494
002181.SZ,粤传媒,20090530,5.8754406580494
002181.SZ,粤传媒,20090529,5.8754406580494
002181.SZ,粤传媒,20090528,5.8754406580494
002181.SZ,粤传媒,20090527,5.8754406580494
002181.SZ,粤传媒,20090526,5.8754406580494
002181.SZ,粤传媒,20090525,5.8754406580494
002181.SZ,粤传媒,20090524,5.8754406580494
002181.SZ,粤传媒,20090523,5.8754406580494
002181.SZ,粤传媒,20090522,5.8754406580494
002181.SZ,粤传媒,20090521,5.8754406580494
002181.SZ,粤传媒,20090520,5.8754406580494
002181.SZ,粤传媒,20090519,5.8754406580494
002181.SZ,粤传媒,20090518,5.8754406580494
002181.SZ,粤传媒,20090517,5.8754406580494
002181.SZ,粤传媒,20090516,5.8754406580494
002181.SZ,粤传媒,20090515,5.8754406580494
002181.SZ,粤传媒,20090514,5.8754406580494
002181.SZ,粤传媒,20090513,5.8754406580494
002181.SZ,粤传媒,20090512,5.8754406580494
002181.SZ,粤传媒,20090511,5.8754406580494
002181.SZ,粤传媒,20090510,5.8754406580494
002181.SZ,粤传媒,20090509,5.8754406580494
002181.SZ,粤传媒,20090508,5.8754406580494
002181.SZ,粤传媒,20090507,5.8754406580494
002181.SZ,粤传媒,20090506,5.8754406580494
002181.SZ,粤传媒,20090505,5.8754406580494
002181.SZ,粤传媒,20090504,5.8754406580494
002181.SZ,粤传媒,20090503,5.8754406580494
002181.SZ,粤传媒,20090502,5.8754406580494
002181.SZ,粤传媒,20090501,5.8754406580494
002181.SZ,粤传媒,20090430,13.770053475936
002181.SZ,粤传媒,20090429,13.770053475936
002181.SZ,粤传媒,20090428,13.770053475936
002181.SZ,粤传媒,20090427,13.770053475936
002181.SZ,粤传媒,20090426,13.770053475936
002181.SZ,粤传媒,20090425,13.770053475936
002181.SZ,粤传媒,20090424,13.770053475936
002181.SZ,粤传媒,20090423,13.770053475936
002181.SZ,粤传媒,20090422,13.770053475936
002181.SZ,粤传媒,20090421,13.770053475936
002181.SZ,粤传媒,20090420,13.770053475936
002181.SZ,粤传媒,20090419,13.770053475936
002181.SZ,粤传媒,20090418,13.770053475936
002181.SZ,粤传媒,20090417,13.770053475936
002181.SZ,粤传媒,20090416,13.770053475936
002181.SZ,粤传媒,20090415,13.770053475936
002181.SZ,粤传媒,20090414,13.770053475936
002181.SZ,粤传媒,20090413,13.770053475936
002181.SZ,粤传媒,20090412,13.770053475936
002181.SZ,粤传媒,20090411,13.770053475936
002181.SZ,粤传媒,20090410,13.770053475936
002181.SZ,粤传媒,20090409,13.770053475936
002181.SZ,粤传媒,20090408,13.770053475936
002181.SZ,粤传媒,20090407,13.770053475936
002181.SZ,粤传媒,20090406,13.770053475936
002181.SZ,粤传媒,20090405,13.770053475936
002181.SZ,粤传媒,20090404,13.770053475936
002181.SZ,粤传媒,20090403,13.770053475936
002181.SZ,粤传媒,20090402,13.770053475936
002181.SZ,粤传媒,20090401,13.770053475936
002181.SZ,粤传媒,20090331,19.68
002181.SZ,粤传媒,20090330,19.68
002181.SZ,粤传媒,20090329,19.68
002181.SZ,粤传媒,20090328,19.68
002181.SZ,粤传媒,20090327,19.68
002181.SZ,粤传媒,20090326,19.68
002181.SZ,粤传媒,20090325,19.68
002181.SZ,粤传媒,20090324,19.68
002181.SZ,粤传媒,20090323,19.68
002181.SZ,粤传媒,20090322,19.68
002181.SZ,粤传媒,20090321,19.68
002181.SZ,粤传媒,20090320,19.68
002181.SZ,粤传媒,20090319,19.68
002181.SZ,粤传媒,20090318,19.68
002181.SZ,粤传媒,20090317,19.68
002181.SZ,粤传媒,20090316,19.68
002181.SZ,粤传媒,20090315,19.68
002181.SZ,粤传媒,20090314,19.68
002181.SZ,粤传媒,20090313,19.68
002181.SZ,粤传媒,20090312,19.68
002181.SZ,粤传媒,20090311,19.68
002181.SZ,粤传媒,20090310,19.68
002181.SZ,粤传媒,20090309,19.68
002181.SZ,粤传媒,20090308,19.68
002181.SZ,粤传媒,20090307,19.68
002181.SZ,粤传媒,20090306,19.68
002181.SZ,粤传媒,20090305,19.68
002181.SZ,粤传媒,20090304,19.68
002181.SZ,粤传媒,20090303,19.68
002181.SZ,粤传媒,20090302,19.68
002181.SZ,粤传媒,20090301,19.68
002181.SZ,粤传媒,20090228,0.96930533117932
002181.SZ,粤传媒,20090227,0.96930533117932
002181.SZ,粤传媒,20090226,0.96930533117932
002181.SZ,粤传媒,20090225,0.96930533117932
002181.SZ,粤传媒,20090224,0.96930533117932
002181.SZ,粤传媒,20090223,0.96930533117932
002181.SZ,粤传媒,20090222,0.96930533117932
002181.SZ,粤传媒,20090221,0.96930533117932
002181.SZ,粤传媒,20090220,0.96930533117932
002181.SZ,粤传媒,20090219,0.96930533117932
002181.SZ,粤传媒,20090218,0.96930533117932
002181.SZ,粤传媒,20090217,0.96930533117932
002181.SZ,粤传媒,20090216,0.96930533117932
002181.SZ,粤传媒,20090215,0.96930533117932
002181.SZ,粤传媒,20090214,0.96930533117932
002181.SZ,粤传媒,20090213,0.96930533117932
002181.SZ,粤传媒,20090212,0.96930533117932
002181.SZ,粤传媒,20090211,0.96930533117932
002181.SZ,粤传媒,20090210,0.96930533117932
002181.SZ,粤传媒,20090209,0.96930533117932
002181.SZ,粤传媒,20090208,0.96930533117932
002181.SZ,粤传媒,20090207,0.96930533117932
002181.SZ,粤传媒,20090206,0.96930533117932
002181.SZ,粤传媒,20090205,0.96930533117932
002181.SZ,粤传媒,20090204,0.96930533117932
002181.SZ,粤传媒,20090203,0.96930533117932
002181.SZ,粤传媒,20090202,0.96930533117932
002181.SZ,粤传媒,20090201,0.96930533117932
002181.SZ,粤传媒,20090131,9.9467140319716
002181.SZ,粤传媒,20090130,9.9467140319716
002181.SZ,粤传媒,20090129,9.9467140319716
002181.SZ,粤传媒,20090128,9.9467140319716
002181.SZ,粤传媒,20090127,9.9467140319716
002181.SZ,粤传媒,20090126,9.9467140319716
002181.SZ,粤传媒,20090125,9.9467140319716
002181.SZ,粤传媒,20090124,9.9467140319716
002181.SZ,粤传媒,20090123,9.9467140319716
002181.SZ,粤传媒,20090122,9.9467140319716
002181.SZ,粤传媒,20090121,9.9467140319716
002181.SZ,粤传媒,20090120,9.9467140319716
002181.SZ,粤传媒,20090119,9.9467140319716
002181.SZ,粤传媒,20090118,9.9467140319716
002181.SZ,粤传媒,20090117,9.9467140319716
002181.SZ,粤传媒,20090116,9.9467140319716
002181.SZ,粤传媒,20090115,9.9467140319716
002181.SZ,粤传媒,20090114,9.9467140319716
002181.SZ,粤传媒,20090113,9.9467140319716
002181.SZ,粤传媒,20090112,9.9467140319716
002181.SZ,粤传媒,20090111,9.9467140319716
002181.SZ,粤传媒,20090110,9.9467140319716
002181.SZ,粤传媒,20090109,9.9467140319716
002181.SZ,粤传媒,20090108,9.9467140319716
002181.SZ,粤传媒,20090107,9.9467140319716
002181.SZ,粤传媒,20090106,9.9467140319716
002181.SZ,粤传媒,20090105,9.9467140319716
002181.SZ,粤传媒,20090104,9.9467140319716
002181.SZ,粤传媒,20090103,9.9467140319716
002181.SZ,粤传媒,20090102,9.9467140319716
002181.SZ,粤传媒,20090101,9.9467140319716
002181.SZ,粤传媒,20081231,32.470588235294
002181.SZ,粤传媒,20081230,32.470588235294
002181.SZ,粤传媒,20081229,32.470588235294
002181.SZ,粤传媒,20081228,32.470588235294
002181.SZ,粤传媒,20081227,32.470588235294
002181.SZ,粤传媒,20081226,32.470588235294
002181.SZ,粤传媒,20081225,32.470588235294
002181.SZ,粤传媒,20081224,32.470588235294
002181.SZ,粤传媒,20081223,32.470588235294
002181.SZ,粤传媒,20081222,32.470588235294
002181.SZ,粤传媒,20081221,32.470588235294
002181.SZ,粤传媒,20081220,32.470588235294
002181.SZ,粤传媒,20081219,32.470588235294
002181.SZ,粤传媒,20081218,32.470588235294
002181.SZ,粤传媒,20081217,32.470588235294
002181.SZ,粤传媒,20081216,32.470588235294
002181.SZ,粤传媒,20081215,32.470588235294
002181.SZ,粤传媒,20081214,32.470588235294
002181.SZ,粤传媒,20081213,32.470588235294
002181.SZ,粤传媒,20081212,32.470588235294
002181.SZ,粤传媒,20081211,32.470588235294
002181.SZ,粤传媒,20081210,32.470588235294
002181.SZ,粤传媒,20081209,32.470588235294
002181.SZ,粤传媒,20081208,32.470588235294
002181.SZ,粤传媒,20081207,32.470588235294
002181.SZ,粤传媒,20081206,32.470588235294
002181.SZ,粤传媒,20081205,32.470588235294
002181.SZ,粤传媒,20081204,32.470588235294
002181.SZ,粤传媒,20081203,32.470588235294
002181.SZ,粤传媒,20081202,32.470588235294
002181.SZ,粤传媒,20081201,32.470588235294
002181.SZ,粤传媒,20081130,9.5360824742268
002181.SZ,粤传媒,20081129,9.5360824742268
002181.SZ,粤传媒,20081128,9.5360824742268
002181.SZ,粤传媒,20081127,9.5360824742268
002181.SZ,粤传媒,20081126,9.5360824742268
002181.SZ,粤传媒,20081125,9.5360824742268
002181.SZ,粤传媒,20081124,9.5360824742268
002181.SZ,粤传媒,20081123,9.5360824742268
002181.SZ,粤传媒,20081122,9.5360824742268
002181.SZ,粤传媒,20081121,9.5360824742268
002181.SZ,粤传媒,20081120,9.5360824742268
002181.SZ,粤传媒,20081119,9.5360824742268
002181.SZ,粤传媒,20081118,9.5360824742268
002181.SZ,粤传媒,20081117,9.5360824742268
002181.SZ,粤传媒,20081116,9.5360824742268
002181.SZ,粤传媒,20081115,9.5360824742268
002181.SZ,粤传媒,20081114,9.5360824742268
002181.SZ,粤传媒,20081113,9.5360824742268
002181.SZ,粤传媒,20081112,9.5360824742268
002181.SZ,粤传媒,20081111,9.5360824742268
002181.SZ,粤传媒,20081110,9.5360824742268
002181.SZ,粤传媒,20081109,9.5360824742268
002181.SZ,粤传媒,20081108,9.5360824742268
002181.SZ,粤传媒,20081107,9.5360824742268
002181.SZ,粤传媒,20081106,9.5360824742268
002181.SZ,粤传媒,20081105,9.5360824742268
002181.SZ,粤传媒,20081104,9.5360824742268
002181.SZ,粤传媒,20081103,9.5360824742268
002181.SZ,粤传媒,20081102,9.5360824742268
002181.SZ,粤传媒,20081101,9.5360824742268
002181.SZ,粤传媒,20081031,-30.215827338129
002181.SZ,粤传媒,20081030,-30.215827338129
002181.SZ,粤传媒,20081029,-30.215827338129
002181.SZ,粤传媒,20081028,-30.215827338129
002181.SZ,粤传媒,20081027,-30.215827338129
002181.SZ,粤传媒,20081026,-30.215827338129
002181.SZ,粤传媒,20081025,-30.215827338129
002181.SZ,粤传媒,20081024,-30.215827338129
002181.SZ,粤传媒,20081023,-30.215827338129
002181.SZ,粤传媒,20081022,-30.215827338129
002181.SZ,粤传媒,20081021,-30.215827338129
002181.SZ,粤传媒,20081020,-30.215827338129
002181.SZ,粤传媒,20081019,-30.215827338129
002181.SZ,粤传媒,20081018,-30.215827338129
002181.SZ,粤传媒,20081017,-30.215827338129
002181.SZ,粤传媒,20081016,-30.215827338129
002181.SZ,粤传媒,20081015,-30.215827338129
002181.SZ,粤传媒,20081014,-30.215827338129
002181.SZ,粤传媒,20081013,-30.215827338129
002181.SZ,粤传媒,20081012,-30.215827338129
002181.SZ,粤传媒,20081011,-30.215827338129
002181.SZ,粤传媒,20081010,-30.215827338129
002181.SZ,粤传媒,20081009,-30.215827338129
002181.SZ,粤传媒,20081008,-30.215827338129
002181.SZ,粤传媒,20081007,-30.215827338129
002181.SZ,粤传媒,20081006,-30.215827338129
002181.SZ,粤传媒,20081005,-30.215827338129
002181.SZ,粤传媒,20081004,-30.215827338129
002181.SZ,粤传媒,20081003,-30.215827338129
002181.SZ,粤传媒,20081002,-30.215827338129
002181.SZ,粤传媒,20081001,-30.215827338129
002181.SZ,粤传媒,20080930,-37.52808988764
002181.SZ,粤传媒,20080929,-37.52808988764
002181.SZ,粤传媒,20080928,-37.52808988764
002181.SZ,粤传媒,20080927,-37.52808988764
002181.SZ,粤传媒,20080926,-37.52808988764
002181.SZ,粤传媒,20080925,-37.52808988764
002181.SZ,粤传媒,20080924,-37.52808988764
002181.SZ,粤传媒,20080923,-37.52808988764
002181.SZ,粤传媒,20080922,-37.52808988764
002181.SZ,粤传媒,20080921,-37.52808988764
002181.SZ,粤传媒,20080920,-37.52808988764
002181.SZ,粤传媒,20080919,-37.52808988764
002181.SZ,粤传媒,20080918,-37.52808988764
002181.SZ,粤传媒,20080917,-37.52808988764
002181.SZ,粤传媒,20080916,-37.52808988764
002181.SZ,粤传媒,20080915,-37.52808988764
002181.SZ,粤传媒,20080914,-37.52808988764
002181.SZ,粤传媒,20080913,-37.52808988764
002181.SZ,粤传媒,20080912,-37.52808988764
002181.SZ,粤传媒,20080911,-37.52808988764
002181.SZ,粤传媒,20080910,-37.52808988764
002181.SZ,粤传媒,20080909,-37.52808988764
002181.SZ,粤传媒,20080908,-37.52808988764
002181.SZ,粤传媒,20080907,-37.52808988764
002181.SZ,粤传媒,20080906,-37.52808988764
002181.SZ,粤传媒,20080905,-37.52808988764
002181.SZ,粤传媒,20080904,-37.52808988764
002181.SZ,粤传媒,20080903,-37.52808988764
002181.SZ,粤传媒,20080902,-37.52808988764
002181.SZ,粤传媒,20080901,-37.52808988764
002181.SZ,粤传媒,20080831,-9.6446700507614
002181.SZ,粤传媒,20080830,-9.6446700507614
002181.SZ,粤传媒,20080829,-9.6446700507614
002181.SZ,粤传媒,20080828,-9.6446700507614
002181.SZ,粤传媒,20080827,-9.6446700507614
002181.SZ,粤传媒,20080826,-9.6446700507614
002181.SZ,粤传媒,20080825,-9.6446700507614
002181.SZ,粤传媒,20080824,-9.6446700507614
002181.SZ,粤传媒,20080823,-9.6446700507614
002181.SZ,粤传媒,20080822,-9.6446700507614
002181.SZ,粤传媒,20080821,-9.6446700507614
002181.SZ,粤传媒,20080820,-9.6446700507614
002181.SZ,粤传媒,20080819,-9.6446700507614
002181.SZ,粤传媒,20080818,-9.6446700507614
002181.SZ,粤传媒,20080817,-9.6446700507614
002181.SZ,粤传媒,20080816,-9.6446700507614
002181.SZ,粤传媒,20080815,-9.6446700507614
002181.SZ,粤传媒,20080814,-9.6446700507614
002181.SZ,粤传媒,20080813,-9.6446700507614
002181.SZ,粤传媒,20080812,-9.6446700507614
002181.SZ,粤传媒,20080811,-9.6446700507614
002181.SZ,粤传媒,20080810,-9.6446700507614
002181.SZ,粤传媒,20080809,-9.6446700507614
002181.SZ,粤传媒,20080808,-9.6446700507614
002181.SZ,粤传媒,20080807,-9.6446700507614
002181.SZ,粤传媒,20080806,-9.6446700507614
002181.SZ,粤传媒,20080805,-9.6446700507614
002181.SZ,粤传媒,20080804,-9.6446700507614
002181.SZ,粤传媒,20080803,-9.6446700507614
002181.SZ,粤传媒,20080802,-9.6446700507614
002181.SZ,粤传媒,20080801,-9.6446700507614
002181.SZ,粤传媒,20080731,16.983372921615
002181.SZ,粤传媒,20080730,16.983372921615
002181.SZ,粤传媒,20080729,16.983372921615
002181.SZ,粤传媒,20080728,16.983372921615
002181.SZ,粤传媒,20080727,16.983372921615
002181.SZ,粤传媒,20080726,16.983372921615
002181.SZ,粤传媒,20080725,16.983372921615
002181.SZ,粤传媒,20080724,16.983372921615
002181.SZ,粤传媒,20080723,16.983372921615
002181.SZ,粤传媒,20080722,16.983372921615
002181.SZ,粤传媒,20080721,16.983372921615
002181.SZ,粤传媒,20080720,16.983372921615
002181.SZ,粤传媒,20080719,16.983372921615
002181.SZ,粤传媒,20080718,16.983372921615
002181.SZ,粤传媒,20080717,16.983372921615
002181.SZ,粤传媒,20080716,16.983372921615
002181.SZ,粤传媒,20080715,16.983372921615
002181.SZ,粤传媒,20080714,16.983372921615
002181.SZ,粤传媒,20080713,16.983372921615
002181.SZ,粤传媒,20080712,16.983372921615
002181.SZ,粤传媒,20080711,16.983372921615
002181.SZ,粤传媒,20080710,16.983372921615
002181.SZ,粤传媒,20080709,16.983372921615
002181.SZ,粤传媒,20080708,16.983372921615
002181.SZ,粤传媒,20080707,16.983372921615
002181.SZ,粤传媒,20080706,16.983372921615
002181.SZ,粤传媒,20080705,16.983372921615
002181.SZ,粤传媒,20080704,16.983372921615
002181.SZ,粤传媒,20080703,16.983372921615
002181.SZ,粤传媒,20080702,16.983372921615
002181.SZ,粤传媒,20080701,16.983372921615
002181.SZ,粤传媒,20080630,-30.699588477366
002181.SZ,粤传媒,20080629,-30.699588477366
002181.SZ,粤传媒,20080628,-30.699588477366
002181.SZ,粤传媒,20080627,-30.699588477366
002181.SZ,粤传媒,20080626,-30.699588477366
002181.SZ,粤传媒,20080625,-30.699588477366
002181.SZ,粤传媒,20080624,-30.699588477366
002181.SZ,粤传媒,20080623,-30.699588477366
002181.SZ,粤传媒,20080622,-30.699588477366
002181.SZ,粤传媒,20080621,-30.699588477366
002181.SZ,粤传媒,20080620,-30.699588477366
002181.SZ,粤传媒,20080619,-30.699588477366
002181.SZ,粤传媒,20080618,-30.699588477366
002181.SZ,粤传媒,20080617,-30.699588477366
002181.SZ,粤传媒,20080616,-30.699588477366
002181.SZ,粤传媒,20080615,-30.699588477366
002181.SZ,粤传媒,20080614,-30.699588477366
002181.SZ,粤传媒,20080613,-30.699588477366
002181.SZ,粤传媒,20080612,-30.699588477366
002181.SZ,粤传媒,20080611,-30.699588477366
002181.SZ,粤传媒,20080610,-30.699588477366
002181.SZ,粤传媒,20080609,-30.699588477366
002181.SZ,粤传媒,20080608,-30.699588477366
002181.SZ,粤传媒,20080607,-30.699588477366
002181.SZ,粤传媒,20080606,-30.699588477366
002181.SZ,粤传媒,20080605,-30.699588477366
002181.SZ,粤传媒,20080604,-30.699588477366
002181.SZ,粤传媒,20080603,-30.699588477366
002181.SZ,粤传媒,20080602,-30.699588477366
002181.SZ,粤传媒,20080601,-30.699588477366
002181.SZ,粤传媒,20080531,-9.3283582089552
002181.SZ,粤传媒,20080530,-9.3283582089552
002181.SZ,粤传媒,20080529,-9.3283582089552
002181.SZ,粤传媒,20080528,-9.3283582089552
002181.SZ,粤传媒,20080527,-9.3283582089552
002181.SZ,粤传媒,20080526,-9.3283582089552
002181.SZ,粤传媒,20080525,-9.3283582089552
002181.SZ,粤传媒,20080524,-9.3283582089552
002181.SZ,粤传媒,20080523,-9.3283582089552
002181.SZ,粤传媒,20080522,-9.3283582089552
002181.SZ,粤传媒,20080521,-9.3283582089552
002181.SZ,粤传媒,20080520,-9.3283582089552
002181.SZ,粤传媒,20080519,-9.3283582089552
002181.SZ,粤传媒,20080518,-9.3283582089552
002181.SZ,粤传媒,20080517,-9.3283582089552
002181.SZ,粤传媒,20080516,-9.3283582089552
002181.SZ,粤传媒,20080515,-9.3283582089552
002181.SZ,粤传媒,20080514,-9.3283582089552
002181.SZ,粤传媒,20080513,-9.3283582089552
002181.SZ,粤传媒,20080512,-9.3283582089552
002181.SZ,粤传媒,20080511,-9.3283582089552
002181.SZ,粤传媒,20080510,-9.3283582089552
002181.SZ,粤传媒,20080509,-9.3283582089552
002181.SZ,粤传媒,20080508,-9.3283582089552
002181.SZ,粤传媒,20080507,-9.3283582089552
002181.SZ,粤传媒,20080506,-9.3283582089552
002181.SZ,粤传媒,20080505,-9.3283582089552
002181.SZ,粤传媒,20080504,-9.3283582089552
002181.SZ,粤传媒,20080503,-9.3283582089552
002181.SZ,粤传媒,20080502,-9.3283582089552
002181.SZ,粤传媒,20080501,-9.3283582089552
002181.SZ,粤传媒,20080430,-19.51951951952
002181.SZ,粤传媒,20080429,-19.51951951952
002181.SZ,粤传媒,20080428,-19.51951951952
002181.SZ,粤传媒,20080427,-19.51951951952
002181.SZ,粤传媒,20080426,-19.51951951952
002181.SZ,粤传媒,20080425,-19.51951951952
002181.SZ,粤传媒,20080424,-19.51951951952
002181.SZ,粤传媒,20080423,-19.51951951952
002181.SZ,粤传媒,20080422,-19.51951951952
002181.SZ,粤传媒,20080421,-19.51951951952
002181.SZ,粤传媒,20080420,-19.51951951952
002181.SZ,粤传媒,20080419,-19.51951951952
002181.SZ,粤传媒,20080418,-19.51951951952
002181.SZ,粤传媒,20080417,-19.51951951952
002181.SZ,粤传媒,20080416,-19.51951951952
002181.SZ,粤传媒,20080415,-19.51951951952
002181.SZ,粤传媒,20080414,-19.51951951952
002181.SZ,粤传媒,20080413,-19.51951951952
002181.SZ,粤传媒,20080412,-19.51951951952
002181.SZ,粤传媒,20080411,-19.51951951952
002181.SZ,粤传媒,20080410,-19.51951951952
002181.SZ,粤传媒,20080409,-19.51951951952
002181.SZ,粤传媒,20080408,-19.51951951952
002181.SZ,粤传媒,20080407,-19.51951951952
002181.SZ,粤传媒,20080406,-19.51951951952
002181.SZ,粤传媒,20080405,-19.51951951952
002181.SZ,粤传媒,20080404,-19.51951951952
002181.SZ,粤传媒,20080403,-19.51951951952
002181.SZ,粤传媒,20080402,-19.51951951952
002181.SZ,粤传媒,20080401,-19.51951951952
002181.SZ,粤传媒,20080331,-33.105664925673
002181.SZ,粤传媒,20080330,-33.105664925673
002181.SZ,粤传媒,20080329,-33.105664925673
002181.SZ,粤传媒,20080328,-33.105664925673
002181.SZ,粤传媒,20080327,-33.105664925673
002181.SZ,粤传媒,20080326,-33.105664925673
002181.SZ,粤传媒,20080325,-33.105664925673
002181.SZ,粤传媒,20080324,-33.105664925673
002181.SZ,粤传媒,20080323,-33.105664925673
002181.SZ,粤传媒,20080322,-33.105664925673
002181.SZ,粤传媒,20080321,-33.105664925673
002181.SZ,粤传媒,20080320,-33.105664925673
002181.SZ,粤传媒,20080319,-33.105664925673
002181.SZ,粤传媒,20080318,-33.105664925673
002181.SZ,粤传媒,20080317,-33.105664925673
002181.SZ,粤传媒,20080316,-33.105664925673
002181.SZ,粤传媒,20080315,-33.105664925673
002181.SZ,粤传媒,20080314,-33.105664925673
002181.SZ,粤传媒,20080313,-33.105664925673
002181.SZ,粤传媒,20080312,-33.105664925673
002181.SZ,粤传媒,20080311,-33.105664925673
002181.SZ,粤传媒,20080310,-33.105664925673
002181.SZ,粤传媒,20080309,-33.105664925673
002181.SZ,粤传媒,20080308,-33.105664925673
002181.SZ,粤传媒,20080307,-33.105664925673
002181.SZ,粤传媒,20080306,-33.105664925673
002181.SZ,粤传媒,20080305,-33.105664925673
002181.SZ,粤传媒,20080304,-33.105664925673
002181.SZ,粤传媒,20080303,-33.105664925673
002181.SZ,粤传媒,20080302,-33.105664925673
002181.SZ,粤传媒,20080301,-33.105664925673
002181.SZ,粤传媒,20080229,11.116071428571
002181.SZ,粤传媒,20080228,11.116071428571
002181.SZ,粤传媒,20080227,11.116071428571
002181.SZ,粤传媒,20080226,11.116071428571
002181.SZ,粤传媒,20080225,11.116071428571
002181.SZ,粤传媒,20080224,11.116071428571
002181.SZ,粤传媒,20080223,11.116071428571
002181.SZ,粤传媒,20080222,11.116071428571
002181.SZ,粤传媒,20080221,11.116071428571
002181.SZ,粤传媒,20080220,11.116071428571
002181.SZ,粤传媒,20080219,11.116071428571
002181.SZ,粤传媒,20080218,11.116071428571
002181.SZ,粤传媒,20080217,11.116071428571
002181.SZ,粤传媒,20080216,11.116071428571
002181.SZ,粤传媒,20080215,11.116071428571
002181.SZ,粤传媒,20080214,11.116071428571
002181.SZ,粤传媒,20080213,11.116071428571
002181.SZ,粤传媒,20080212,11.116071428571
002181.SZ,粤传媒,20080211,11.116071428571
002181.SZ,粤传媒,20080210,11.116071428571
002181.SZ,粤传媒,20080209,11.116071428571
002181.SZ,粤传媒,20080208,11.116071428571
002181.SZ,粤传媒,20080207,11.116071428571
002181.SZ,粤传媒,20080206,11.116071428571
002181.SZ,粤传媒,20080205,11.116071428571
002181.SZ,粤传媒,20080204,11.116071428571
002181.SZ,粤传媒,20080203,11.116071428571
002181.SZ,粤传媒,20080202,11.116071428571
002181.SZ,粤传媒,20080201,11.116071428571
002181.SZ,粤传媒,20080131,-16.041979010495
002181.SZ,粤传媒,20080130,-16.041979010495
002181.SZ,粤传媒,20080129,-16.041979010495
002181.SZ,粤传媒,20080128,-16.041979010495
002181.SZ,粤传媒,20080127,-16.041979010495
002181.SZ,粤传媒,20080126,-16.041979010495
002181.SZ,粤传媒,20080125,-16.041979010495
002181.SZ,粤传媒,20080124,-16.041979010495
002181.SZ,粤传媒,20080123,-16.041979010495
002181.SZ,粤传媒,20080122,-16.041979010495
002181.SZ,粤传媒,20080121,-16.041979010495
002181.SZ,粤传媒,20080120,-16.041979010495
002181.SZ,粤传媒,20080119,-16.041979010495
002181.SZ,粤传媒,20080118,-16.041979010495
002181.SZ,粤传媒,20080117,-16.041979010495
002181.SZ,粤传媒,20080116,-16.041979010495
002181.SZ,粤传媒,20080115,-16.041979010495
002181.SZ,粤传媒,20080114,-16.041979010495
002181.SZ,粤传媒,20080113,-16.041979010495
002181.SZ,粤传媒,20080112,-16.041979010495
002181.SZ,粤传媒,20080111,-16.041979010495
002181.SZ,粤传媒,20080110,-16.041979010495
002181.SZ,粤传媒,20080109,-16.041979010495
002181.SZ,粤传媒,20080108,-16.041979010495
002181.SZ,粤传媒,20080107,-16.041979010495
002181.SZ,粤传媒,20080106,-16.041979010495
002181.SZ,粤传媒,20080105,-16.041979010495
002181.SZ,粤传媒,20080104,-16.041979010495
002181.SZ,粤传媒,20080103,-16.041979010495
002181.SZ,粤传媒,20080102,-16.041979010495
002181.SZ,粤传媒,20080101,-16.041979010495
002181.SZ,粤传媒,20071231,24.672897196262
002181.SZ,粤传媒,20071230,24.672897196262
002181.SZ,粤传媒,20071229,24.672897196262
002181.SZ,粤传媒,20071228,24.672897196262
002181.SZ,粤传媒,20071227,24.672897196262
002181.SZ,粤传媒,20071226,24.672897196262
002181.SZ,粤传媒,20071225,24.672897196262
002181.SZ,粤传媒,20071224,24.672897196262
002181.SZ,粤传媒,20071223,24.672897196262
002181.SZ,粤传媒,20071222,24.672897196262
002181.SZ,粤传媒,20071221,24.672897196262
002181.SZ,粤传媒,20071220,24.672897196262
002181.SZ,粤传媒,20071219,24.672897196262
002181.SZ,粤传媒,20071218,24.672897196262
002181.SZ,粤传媒,20071217,24.672897196262
002181.SZ,粤传媒,20071216,24.672897196262
002181.SZ,粤传媒,20071215,24.672897196262
002181.SZ,粤传媒,20071214,24.672897196262
002181.SZ,粤传媒,20071213,24.672897196262
002181.SZ,粤传媒,20071212,24.672897196262
002181.SZ,粤传媒,20071211,24.672897196262
002181.SZ,粤传媒,20071210,24.672897196262
002181.SZ,粤传媒,20071209,24.672897196262
002181.SZ,粤传媒,20071208,24.672897196262
002181.SZ,粤传媒,20071207,24.672897196262
002181.SZ,粤传媒,20071206,24.672897196262
002181.SZ,粤传媒,20071205,24.672897196262
002181.SZ,粤传媒,20071204,24.672897196262
002181.SZ,粤传媒,20071203,24.672897196262
002181.SZ,粤传媒,20071202,24.672897196262
002181.SZ,粤传媒,20071201,24.672897196262
002181.SZ,粤传媒,20071130,185.71428571429
002181.SZ,粤传媒,20071129,185.71428571429
002181.SZ,粤传媒,20071128,185.71428571429
002181.SZ,粤传媒,20071127,185.71428571429
002181.SZ,粤传媒,20071126,185.71428571429
002181.SZ,粤传媒,20071125,185.71428571429
002181.SZ,粤传媒,20071124,185.71428571429
002181.SZ,粤传媒,20071123,185.71428571429
002181.SZ,粤传媒,20071122,185.71428571429
002181.SZ,粤传媒,20071121,185.71428571429
002181.SZ,粤传媒,20071120,185.71428571429
002181.SZ,粤传媒,20071119,185.71428571429
002181.SZ,粤传媒,20071118,185.71428571429
002181.SZ,粤传媒,20071117,185.71428571429
002181.SZ,粤传媒,20071116,185.71428571429
002181.SZ,粤传媒,20071115,185.71428571429
002181.SZ,粤传媒,20071114,185.71428571429
002181.SZ,粤传媒,20071113,185.71428571429
002181.SZ,粤传媒,20071112,185.71428571429
002181.SZ,粤传媒,20071111,185.71428571429
002181.SZ,粤传媒,20071110,185.71428571429
002181.SZ,粤传媒,20071109,185.71428571429
002181.SZ,粤传媒,20071108,185.71428571429
002181.SZ,粤传媒,20071107,185.71428571429
002181.SZ,粤传媒,20071106,185.71428571429
002181.SZ,粤传媒,20071105,185.71428571429
002181.SZ,粤传媒,20071104,185.71428571429
002181.SZ,粤传媒,20071103,185.71428571429
002181.SZ,粤传媒,20071102,185.71428571429
002181.SZ,粤传媒,20071101,185.71428571429
002181.SZ,粤传媒,20071031,
002181.SZ,粤传媒,20071030,
002181.SZ,粤传媒,20071029,
002181.SZ,粤传媒,20071028,
002181.SZ,粤传媒,20071027,
002181.SZ,粤传媒,20071026,
002181.SZ,粤传媒,20071025,
002181.SZ,粤传媒,20071024,
002181.SZ,粤传媒,20071023,
002181.SZ,粤传媒,20071022,
002181.SZ,粤传媒,20071021,
002181.SZ,粤传媒,20071020,
002181.SZ,粤传媒,20071019,
002181.SZ,粤传媒,20071018,
002181.SZ,粤传媒,20071017,
002181.SZ,粤传媒,20071016,
002181.SZ,粤传媒,20071015,
002181.SZ,粤传媒,20071014,
002181.SZ,粤传媒,20071013,
002181.SZ,粤传媒,20071012,
002181.SZ,粤传媒,20071011,
002181.SZ,粤传媒,20071010,
002181.SZ,粤传媒,20071009,
002181.SZ,粤传媒,20071008,
002181.SZ,粤传媒,20071007,
002181.SZ,粤传媒,20071006,
002181.SZ,粤传媒,20071005,
002181.SZ,粤传媒,20071004,
002181.SZ,粤传媒,20071003,
002181.SZ,粤传媒,20071002,
002181.SZ,粤传媒,20071001,
002181.SZ,粤传媒,20070930,
002181.SZ,粤传媒,20070929,
002181.SZ,粤传媒,20070928,
002181.SZ,粤传媒,20070927,
002181.SZ,粤传媒,20070926,
002181.SZ,粤传媒,20070925,
002181.SZ,粤传媒,20070924,
002181.SZ,粤传媒,20070923,
002181.SZ,粤传媒,20070922,
002181.SZ,粤传媒,20070921,
002181.SZ,粤传媒,20070920,
002181.SZ,粤传媒,20070919,
002181.SZ,粤传媒,20070918,
002181.SZ,粤传媒,20070917,
002181.SZ,粤传媒,20070916,
002181.SZ,粤传媒,20070915,
002181.SZ,粤传媒,20070914,
002181.SZ,粤传媒,20070913,
002181.SZ,粤传媒,20070912,
002181.SZ,粤传媒,20070911,
002181.SZ,粤传媒,20070910,
002181.SZ,粤传媒,20070909,
002181.SZ,粤传媒,20070908,
002181.SZ,粤传媒,20070907,
002181.SZ,粤传媒,20070906,
002181.SZ,粤传媒,20070905,
002181.SZ,粤传媒,20070904,
002181.SZ,粤传媒,20070903,
002181.SZ,粤传媒,20070902,
002181.SZ,粤传媒,20070901,
002181.SZ,粤传媒,20070831,
002181.SZ,粤传媒,20070830,
002181.SZ,粤传媒,20070829,
002181.SZ,粤传媒,20070828,
002181.SZ,粤传媒,20070827,
002181.SZ,粤传媒,20070826,
002181.SZ,粤传媒,20070825,
002181.SZ,粤传媒,20070824,
002181.SZ,粤传媒,20070823,
002181.SZ,粤传媒,20070822,
002181.SZ,粤传媒,20070821,
002181.SZ,粤传媒,20070820,
002181.SZ,粤传媒,20070819,
002181.SZ,粤传媒,20070818,
002181.SZ,粤传媒,20070817,
002181.SZ,粤传媒,20070816,
002181.SZ,粤传媒,20070815,
002181.SZ,粤传媒,20070814,
002181.SZ,粤传媒,20070813,
002181.SZ,粤传媒,20070812,
002181.SZ,粤传媒,20070811,
002181.SZ,粤传媒,20070810,
002181.SZ,粤传媒,20070809,
002181.SZ,粤传媒,20070808,
002181.SZ,粤传媒,20070807,
002181.SZ,粤传媒,20070806,
002181.SZ,粤传媒,20070805,
002181.SZ,粤传媒,20070804,
002181.SZ,粤传媒,20070803,
002181.SZ,粤传媒,20070802,
002181.SZ,粤传媒,20070801,
002181.SZ,粤传媒,20070731,
002181.SZ,粤传媒,20070730,
002181.SZ,粤传媒,20070729,
002181.SZ,粤传媒,20070728,
002181.SZ,粤传媒,20070727,
002181.SZ,粤传媒,20070726,
002181.SZ,粤传媒,20070725,
002181.SZ,粤传媒,20070724,
002181.SZ,粤传媒,20070723,
002181.SZ,粤传媒,20070722,
002181.SZ,粤传媒,20070721,
002181.SZ,粤传媒,20070720,
002181.SZ,粤传媒,20070719,
002181.SZ,粤传媒,20070718,
002181.SZ,粤传媒,20070717,
002181.SZ,粤传媒,20070716,
002181.SZ,粤传媒,20070715,
002181.SZ,粤传媒,20070714,
002181.SZ,粤传媒,20070713,
002181.SZ,粤传媒,20070712,
002181.SZ,粤传媒,20070711,
002181.SZ,粤传媒,20070710,
002181.SZ,粤传媒,20070709,
002181.SZ,粤传媒,20070708,
002181.SZ,粤传媒,20070707,
002181.SZ,粤传媒,20070706,
002181.SZ,粤传媒,20070705,
002181.SZ,粤传媒,20070704,
002181.SZ,粤传媒,20070703,
002181.SZ,粤传媒,20070702,
002181.SZ,粤传媒,20070701,
002181.SZ,粤传媒,20070630,
002181.SZ,粤传媒,20070629,
002181.SZ,粤传媒,20070628,
002181.SZ,粤传媒,20070627,
002181.SZ,粤传媒,20070626,
002181.SZ,粤传媒,20070625,
002181.SZ,粤传媒,20070624,
002181.SZ,粤传媒,20070623,
002181.SZ,粤传媒,20070622,
002181.SZ,粤传媒,20070621,
002181.SZ,粤传媒,20070620,
002181.SZ,粤传媒,20070619,
002181.SZ,粤传媒,20070618,
002181.SZ,粤传媒,20070617,
002181.SZ,粤传媒,20070616,
002181.SZ,粤传媒,20070615,
002181.SZ,粤传媒,20070614,
002181.SZ,粤传媒,20070613,
002181.SZ,粤传媒,20070612,
002181.SZ,粤传媒,20070611,
002181.SZ,粤传媒,20070610,
002181.SZ,粤传媒,20070609,
002181.SZ,粤传媒,20070608,
002181.SZ,粤传媒,20070607,
002181.SZ,粤传媒,20070606,
002181.SZ,粤传媒,20070605,
002181.SZ,粤传媒,20070604,
002181.SZ,粤传媒,20070603,
002181.SZ,粤传媒,20070602,
002181.SZ,粤传媒,20070601,
002181.SZ,粤传媒,20070531,
002181.SZ,粤传媒,20070530,
002181.SZ,粤传媒,20070529,
002181.SZ,粤传媒,20070528,
002181.SZ,粤传媒,20070527,
002181.SZ,粤传媒,20070526,
002181.SZ,粤传媒,20070525,
002181.SZ,粤传媒,20070524,
002181.SZ,粤传媒,20070523,
002181.SZ,粤传媒,20070522,
002181.SZ,粤传媒,20070521,
002181.SZ,粤传媒,20070520,
002181.SZ,粤传媒,20070519,
002181.SZ,粤传媒,20070518,
002181.SZ,粤传媒,20070517,
002181.SZ,粤传媒,20070516,
002181.SZ,粤传媒,20070515,
002181.SZ,粤传媒,20070514,
002181.SZ,粤传媒,20070513,
002181.SZ,粤传媒,20070512,
002181.SZ,粤传媒,20070511,
002181.SZ,粤传媒,20070510,
002181.SZ,粤传媒,20070509,
002181.SZ,粤传媒,20070508,
002181.SZ,粤传媒,20070507,
002181.SZ,粤传媒,20070506,
002181.SZ,粤传媒,20070505,
002181.SZ,粤传媒,20070504,
002181.SZ,粤传媒,20070503,
002181.SZ,粤传媒,20070502,
002181.SZ,粤传媒,20070501,
002181.SZ,粤传媒,20070430,
002181.SZ,粤传媒,20070429,
002181.SZ,粤传媒,20070428,
002181.SZ,粤传媒,20070427,
002181.SZ,粤传媒,20070426,
002181.SZ,粤传媒,20070425,
002181.SZ,粤传媒,20070424,
002181.SZ,粤传媒,20070423,
002181.SZ,粤传媒,20070422,
002181.SZ,粤传媒,20070421,
002181.SZ,粤传媒,20070420,
002181.SZ,粤传媒,20070419,
002181.SZ,粤传媒,20070418,
002181.SZ,粤传媒,20070417,
002181.SZ,粤传媒,20070416,
002181.SZ,粤传媒,20070415,
002181.SZ,粤传媒,20070414,
002181.SZ,粤传媒,20070413,
002181.SZ,粤传媒,20070412,
002181.SZ,粤传媒,20070411,
002181.SZ,粤传媒,20070410,
002181.SZ,粤传媒,20070409,
002181.SZ,粤传媒,20070408,
002181.SZ,粤传媒,20070407,
002181.SZ,粤传媒,20070406,
002181.SZ,粤传媒,20070405,
002181.SZ,粤传媒,20070404,
002181.SZ,粤传媒,20070403,
002181.SZ,粤传媒,20070402,
002181.SZ,粤传媒,20070401,
002181.SZ,粤传媒,20070331,
002181.SZ,粤传媒,20070330,
002181.SZ,粤传媒,20070329,
002181.SZ,粤传媒,20070328,
002181.SZ,粤传媒,20070327,
002181.SZ,粤传媒,20070326,
002181.SZ,粤传媒,20070325,
002181.SZ,粤传媒,20070324,
002181.SZ,粤传媒,20070323,
002181.SZ,粤传媒,20070322,
002181.SZ,粤传媒,20070321,
002181.SZ,粤传媒,20070320,
002181.SZ,粤传媒,20070319,
002181.SZ,粤传媒,20070318,
002181.SZ,粤传媒,20070317,
002181.SZ,粤传媒,20070316,
002181.SZ,粤传媒,20070315,
002181.SZ,粤传媒,20070314,
002181.SZ,粤传媒,20070313,
002181.SZ,粤传媒,20070312,
002181.SZ,粤传媒,20070311,
002181.SZ,粤传媒,20070310,
002181.SZ,粤传媒,20070309,
002181.SZ,粤传媒,20070308,
002181.SZ,粤传媒,20070307,
002181.SZ,粤传媒,20070306,
002181.SZ,粤传媒,20070305,
002181.SZ,粤传媒,20070304,
002181.SZ,粤传媒,20070303,
002181.SZ,粤传媒,20070302,
002181.SZ,粤传媒,20070301,
002181.SZ,粤传媒,20070228,
002181.SZ,粤传媒,20070227,
002181.SZ,粤传媒,20070226,
002181.SZ,粤传媒,20070225,
002181.SZ,粤传媒,20070224,
002181.SZ,粤传媒,20070223,
002181.SZ,粤传媒,20070222,
002181.SZ,粤传媒,20070221,
002181.SZ,粤传媒,20070220,
002181.SZ,粤传媒,20070219,
002181.SZ,粤传媒,20070218,
002181.SZ,粤传媒,20070217,
002181.SZ,粤传媒,20070216,
002181.SZ,粤传媒,20070215,
002181.SZ,粤传媒,20070214,
002181.SZ,粤传媒,20070213,
002181.SZ,粤传媒,20070212,
002181.SZ,粤传媒,20070211,
002181.SZ,粤传媒,20070210,
002181.SZ,粤传媒,20070209,
002181.SZ,粤传媒,20070208,
002181.SZ,粤传媒,20070207,
002181.SZ,粤传媒,20070206,
002181.SZ,粤传媒,20070205,
002181.SZ,粤传媒,20070204,
002181.SZ,粤传媒,20070203,
002181.SZ,粤传媒,20070202,
002181.SZ,粤传媒,20070201,
002181.SZ,粤传媒,20070131,
002181.SZ,粤传媒,20070130,
002181.SZ,粤传媒,20070129,
002181.SZ,粤传媒,20070128,
002181.SZ,粤传媒,20070127,
002181.SZ,粤传媒,20070126,
002181.SZ,粤传媒,20070125,
002181.SZ,粤传媒,20070124,
002181.SZ,粤传媒,20070123,
002181.SZ,粤传媒,20070122,
002181.SZ,粤传媒,20070121,
002181.SZ,粤传媒,20070120,
002181.SZ,粤传媒,20070119,
002181.SZ,粤传媒,20070118,
002181.SZ,粤传媒,20070117,
002181.SZ,粤传媒,20070116,
002181.SZ,粤传媒,20070115,
002181.SZ,粤传媒,20070114,
002181.SZ,粤传媒,20070113,
002181.SZ,粤传媒,20070112,
002181.SZ,粤传媒,20070111,
002181.SZ,粤传媒,20070110,
002181.SZ,粤传媒,20070109,
002181.SZ,粤传媒,20070108,
002181.SZ,粤传媒,20070107,
002181.SZ,粤传媒,20070106,
002181.SZ,粤传媒,20070105,
002181.SZ,粤传媒,20070104,
002181.SZ,粤传媒,20070103,
002181.SZ,粤传媒,20070102,
002181.SZ,粤传媒,20070101,
002181.SZ,粤传媒,20061231,
002181.SZ,粤传媒,20061230,
002181.SZ,粤传媒,20061229,
002181.SZ,粤传媒,20061228,
002181.SZ,粤传媒,20061227,
002181.SZ,粤传媒,20061226,
002181.SZ,粤传媒,20061225,
002181.SZ,粤传媒,20061224,
002181.SZ,粤传媒,20061223,
002181.SZ,粤传媒,20061222,
002181.SZ,粤传媒,20061221,
002181.SZ,粤传媒,20061220,
002181.SZ,粤传媒,20061219,
002181.SZ,粤传媒,20061218,
002181.SZ,粤传媒,20061217,
002181.SZ,粤传媒,20061216,
002181.SZ,粤传媒,20061215,
002181.SZ,粤传媒,20061214,
002181.SZ,粤传媒,20061213,
002181.SZ,粤传媒,20061212,
002181.SZ,粤传媒,20061211,
002181.SZ,粤传媒,20061210,
002181.SZ,粤传媒,20061209,
002181.SZ,粤传媒,20061208,
002181.SZ,粤传媒,20061207,
002181.SZ,粤传媒,20061206,
002181.SZ,粤传媒,20061205,
002181.SZ,粤传媒,20061204,
002181.SZ,粤传媒,20061203,
002181.SZ,粤传媒,20061202,
002181.SZ,粤传媒,20061201,
002181.SZ,粤传媒,20061130,
002181.SZ,粤传媒,20061129,
002181.SZ,粤传媒,20061128,
002181.SZ,粤传媒,20061127,
002181.SZ,粤传媒,20061126,
002181.SZ,粤传媒,20061125,
002181.SZ,粤传媒,20061124,
002181.SZ,粤传媒,20061123,
002181.SZ,粤传媒,20061122,
002181.SZ,粤传媒,20061121,
002181.SZ,粤传媒,20061120,
002181.SZ,粤传媒,20061119,
002181.SZ,粤传媒,20061118,
002181.SZ,粤传媒,20061117,
002181.SZ,粤传媒,20061116,
002181.SZ,粤传媒,20061115,
002181.SZ,粤传媒,20061114,
002181.SZ,粤传媒,20061113,
002181.SZ,粤传媒,20061112,
002181.SZ,粤传媒,20061111,
002181.SZ,粤传媒,20061110,
002181.SZ,粤传媒,20061109,
002181.SZ,粤传媒,20061108,
002181.SZ,粤传媒,20061107,
002181.SZ,粤传媒,20061106,
002181.SZ,粤传媒,20061105,
002181.SZ,粤传媒,20061104,
002181.SZ,粤传媒,20061103,
002181.SZ,粤传媒,20061102,
002181.SZ,粤传媒,20061101,
002181.SZ,粤传媒,20061031,
002181.SZ,粤传媒,20061030,
002181.SZ,粤传媒,20061029,
002181.SZ,粤传媒,20061028,
002181.SZ,粤传媒,20061027,
002181.SZ,粤传媒,20061026,
002181.SZ,粤传媒,20061025,
002181.SZ,粤传媒,20061024,
002181.SZ,粤传媒,20061023,
002181.SZ,粤传媒,20061022,
002181.SZ,粤传媒,20061021,
002181.SZ,粤传媒,20061020,
002181.SZ,粤传媒,20061019,
002181.SZ,粤传媒,20061018,
002181.SZ,粤传媒,20061017,
002181.SZ,粤传媒,20061016,
002181.SZ,粤传媒,20061015,
002181.SZ,粤传媒,20061014,
002181.SZ,粤传媒,20061013,
002181.SZ,粤传媒,20061012,
002181.SZ,粤传媒,20061011,
002181.SZ,粤传媒,20061010,
002181.SZ,粤传媒,20061009,
002181.SZ,粤传媒,20061008,
002181.SZ,粤传媒,20061007,
002181.SZ,粤传媒,20061006,
002181.SZ,粤传媒,20061005,
002181.SZ,粤传媒,20061004,
002181.SZ,粤传媒,20061003,
002181.SZ,粤传媒,20061002,
002181.SZ,粤传媒,20061001,
002181.SZ,粤传媒,20060930,
002181.SZ,粤传媒,20060929,
002181.SZ,粤传媒,20060928,
002181.SZ,粤传媒,20060927,
002181.SZ,粤传媒,20060926,
002181.SZ,粤传媒,20060925,
002181.SZ,粤传媒,20060924,
002181.SZ,粤传媒,20060923,
002181.SZ,粤传媒,20060922,
002181.SZ,粤传媒,20060921,
002181.SZ,粤传媒,20060920,
002181.SZ,粤传媒,20060919,
002181.SZ,粤传媒,20060918,
002181.SZ,粤传媒,20060917,
002181.SZ,粤传媒,20060916,
002181.SZ,粤传媒,20060915,
002181.SZ,粤传媒,20060914,
002181.SZ,粤传媒,20060913,
002181.SZ,粤传媒,20060912,
002181.SZ,粤传媒,20060911,
002181.SZ,粤传媒,20060910,
002181.SZ,粤传媒,20060909,
002181.SZ,粤传媒,20060908,
002181.SZ,粤传媒,20060907,
002181.SZ,粤传媒,20060906,
002181.SZ,粤传媒,20060905,
002181.SZ,粤传媒,20060904,
002181.SZ,粤传媒,20060903,
002181.SZ,粤传媒,20060902,
002181.SZ,粤传媒,20060901,
002181.SZ,粤传媒,20060831,
002181.SZ,粤传媒,20060830,
002181.SZ,粤传媒,20060829,
002181.SZ,粤传媒,20060828,
002181.SZ,粤传媒,20060827,
002181.SZ,粤传媒,20060826,
002181.SZ,粤传媒,20060825,
002181.SZ,粤传媒,20060824,
002181.SZ,粤传媒,20060823,
002181.SZ,粤传媒,20060822,
002181.SZ,粤传媒,20060821,
002181.SZ,粤传媒,20060820,
002181.SZ,粤传媒,20060819,
002181.SZ,粤传媒,20060818,
002181.SZ,粤传媒,20060817,
002181.SZ,粤传媒,20060816,
002181.SZ,粤传媒,20060815,
002181.SZ,粤传媒,20060814,
002181.SZ,粤传媒,20060813,
002181.SZ,粤传媒,20060812,
002181.SZ,粤传媒,20060811,
002181.SZ,粤传媒,20060810,
002181.SZ,粤传媒,20060809,
002181.SZ,粤传媒,20060808,
002181.SZ,粤传媒,20060807,
002181.SZ,粤传媒,20060806,
002181.SZ,粤传媒,20060805,
002181.SZ,粤传媒,20060804,
002181.SZ,粤传媒,20060803,
002181.SZ,粤传媒,20060802,
002181.SZ,粤传媒,20060801,
002181.SZ,粤传媒,20060731,
002181.SZ,粤传媒,20060730,
002181.SZ,粤传媒,20060729,
002181.SZ,粤传媒,20060728,
002181.SZ,粤传媒,20060727,
002181.SZ,粤传媒,20060726,
002181.SZ,粤传媒,20060725,
002181.SZ,粤传媒,20060724,
002181.SZ,粤传媒,20060723,
002181.SZ,粤传媒,20060722,
002181.SZ,粤传媒,20060721,
002181.SZ,粤传媒,20060720,
002181.SZ,粤传媒,20060719,
002181.SZ,粤传媒,20060718,
002181.SZ,粤传媒,20060717,
002181.SZ,粤传媒,20060716,
002181.SZ,粤传媒,20060715,
002181.SZ,粤传媒,20060714,
002181.SZ,粤传媒,20060713,
002181.SZ,粤传媒,20060712,
002181.SZ,粤传媒,20060711,
002181.SZ,粤传媒,20060710,
002181.SZ,粤传媒,20060709,
002181.SZ,粤传媒,20060708,
002181.SZ,粤传媒,20060707,
002181.SZ,粤传媒,20060706,
002181.SZ,粤传媒,20060705,
002181.SZ,粤传媒,20060704,
002181.SZ,粤传媒,20060703,
002181.SZ,粤传媒,20060702,
002181.SZ,粤传媒,20060701,
002181.SZ,粤传媒,20060630,
002181.SZ,粤传媒,20060629,
002181.SZ,粤传媒,20060628,
002181.SZ,粤传媒,20060627,
002181.SZ,粤传媒,20060626,
002181.SZ,粤传媒,20060625,
002181.SZ,粤传媒,20060624,
002181.SZ,粤传媒,20060623,
002181.SZ,粤传媒,20060622,
002181.SZ,粤传媒,20060621,
002181.SZ,粤传媒,20060620,
002181.SZ,粤传媒,20060619,
002181.SZ,粤传媒,20060618,
002181.SZ,粤传媒,20060617,
002181.SZ,粤传媒,20060616,
002181.SZ,粤传媒,20060615,
002181.SZ,粤传媒,20060614,
002181.SZ,粤传媒,20060613,
002181.SZ,粤传媒,20060612,
002181.SZ,粤传媒,20060611,
002181.SZ,粤传媒,20060610,
002181.SZ,粤传媒,20060609,
002181.SZ,粤传媒,20060608,
002181.SZ,粤传媒,20060607,
002181.SZ,粤传媒,20060606,
002181.SZ,粤传媒,20060605,
002181.SZ,粤传媒,20060604,
002181.SZ,粤传媒,20060603,
002181.SZ,粤传媒,20060602,
002181.SZ,粤传媒,20060601,
002181.SZ,粤传媒,20060531,
002181.SZ,粤传媒,20060530,
002181.SZ,粤传媒,20060529,
002181.SZ,粤传媒,20060528,
002181.SZ,粤传媒,20060527,
002181.SZ,粤传媒,20060526,
002181.SZ,粤传媒,20060525,
002181.SZ,粤传媒,20060524,
002181.SZ,粤传媒,20060523,
002181.SZ,粤传媒,20060522,
002181.SZ,粤传媒,20060521,
002181.SZ,粤传媒,20060520,
002181.SZ,粤传媒,20060519,
002181.SZ,粤传媒,20060518,
002181.SZ,粤传媒,20060517,
002181.SZ,粤传媒,20060516,
002181.SZ,粤传媒,20060515,
002181.SZ,粤传媒,20060514,
002181.SZ,粤传媒,20060513,
002181.SZ,粤传媒,20060512,
002181.SZ,粤传媒,20060511,
002181.SZ,粤传媒,20060510,
002181.SZ,粤传媒,20060509,
002181.SZ,粤传媒,20060508,
002181.SZ,粤传媒,20060507,
002181.SZ,粤传媒,20060506,
002181.SZ,粤传媒,20060505,
002181.SZ,粤传媒,20060504,
002181.SZ,粤传媒,20060503,
002181.SZ,粤传媒,20060502,
002181.SZ,粤传媒,20060501,
002181.SZ,粤传媒,20060430,
002181.SZ,粤传媒,20060429,
002181.SZ,粤传媒,20060428,
002181.SZ,粤传媒,20060427,
002181.SZ,粤传媒,20060426,
002181.SZ,粤传媒,20060425,
002181.SZ,粤传媒,20060424,
002181.SZ,粤传媒,20060423,
002181.SZ,粤传媒,20060422,
002181.SZ,粤传媒,20060421,
002181.SZ,粤传媒,20060420,
002181.SZ,粤传媒,20060419,
002181.SZ,粤传媒,20060418,
002181.SZ,粤传媒,20060417,
002181.SZ,粤传媒,20060416,
002181.SZ,粤传媒,20060415,
002181.SZ,粤传媒,20060414,
002181.SZ,粤传媒,20060413,
002181.SZ,粤传媒,20060412,
002181.SZ,粤传媒,20060411,
002181.SZ,粤传媒,20060410,
002181.SZ,粤传媒,20060409,
002181.SZ,粤传媒,20060408,
002181.SZ,粤传媒,20060407,
002181.SZ,粤传媒,20060406,
002181.SZ,粤传媒,20060405,
002181.SZ,粤传媒,20060404,
002181.SZ,粤传媒,20060403,
002181.SZ,粤传媒,20060402,
002181.SZ,粤传媒,20060401,
002181.SZ,粤传媒,20060331,
002181.SZ,粤传媒,20060330,
002181.SZ,粤传媒,20060329,
002181.SZ,粤传媒,20060328,
002181.SZ,粤传媒,20060327,
002181.SZ,粤传媒,20060326,
002181.SZ,粤传媒,20060325,
002181.SZ,粤传媒,20060324,
002181.SZ,粤传媒,20060323,
002181.SZ,粤传媒,20060322,
002181.SZ,粤传媒,20060321,
002181.SZ,粤传媒,20060320,
002181.SZ,粤传媒,20060319,
002181.SZ,粤传媒,20060318,
002181.SZ,粤传媒,20060317,
002181.SZ,粤传媒,20060316,
002181.SZ,粤传媒,20060315,
002181.SZ,粤传媒,20060314,
002181.SZ,粤传媒,20060313,
002181.SZ,粤传媒,20060312,
002181.SZ,粤传媒,20060311,
002181.SZ,粤传媒,20060310,
002181.SZ,粤传媒,20060309,
002181.SZ,粤传媒,20060308,
002181.SZ,粤传媒,20060307,
002181.SZ,粤传媒,20060306,
002181.SZ,粤传媒,20060305,
002181.SZ,粤传媒,20060304,
002181.SZ,粤传媒,20060303,
002181.SZ,粤传媒,20060302,
002181.SZ,粤传媒,20060301,
002181.SZ,粤传媒,20060228,
002181.SZ,粤传媒,20060227,
002181.SZ,粤传媒,20060226,
002181.SZ,粤传媒,20060225,
002181.SZ,粤传媒,20060224,
002181.SZ,粤传媒,20060223,
002181.SZ,粤传媒,20060222,
002181.SZ,粤传媒,20060221,
002181.SZ,粤传媒,20060220,
002181.SZ,粤传媒,20060219,
002181.SZ,粤传媒,20060218,
002181.SZ,粤传媒,20060217,
002181.SZ,粤传媒,20060216,
002181.SZ,粤传媒,20060215,
002181.SZ,粤传媒,20060214,
002181.SZ,粤传媒,20060213,
002181.SZ,粤传媒,20060212,
002181.SZ,粤传媒,20060211,
002181.SZ,粤传媒,20060210,
002181.SZ,粤传媒,20060209,
002181.SZ,粤传媒,20060208,
002181.SZ,粤传媒,20060207,
002181.SZ,粤传媒,20060206,
002181.SZ,粤传媒,20060205,
002181.SZ,粤传媒,20060204,
002181.SZ,粤传媒,20060203,
002181.SZ,粤传媒,20060202,
002181.SZ,粤传媒,20060201,
002181.SZ,粤传媒,20060131,
002181.SZ,粤传媒,20060130,
002181.SZ,粤传媒,20060129,
002181.SZ,粤传媒,20060128,
002181.SZ,粤传媒,20060127,
002181.SZ,粤传媒,20060126,
002181.SZ,粤传媒,20060125,
002181.SZ,粤传媒,20060124,
002181.SZ,粤传媒,20060123,
002181.SZ,粤传媒,20060122,
002181.SZ,粤传媒,20060121,
002181.SZ,粤传媒,20060120,
002181.SZ,粤传媒,20060119,
002181.SZ,粤传媒,20060118,
002181.SZ,粤传媒,20060117,
002181.SZ,粤传媒,20060116,
002181.SZ,粤传媒,20060115,
002181.SZ,粤传媒,20060114,
002181.SZ,粤传媒,20060113,
002181.SZ,粤传媒,20060112,
002181.SZ,粤传媒,20060111,
002181.SZ,粤传媒,20060110,
002181.SZ,粤传媒,20060109,
002181.SZ,粤传媒,20060108,
002181.SZ,粤传媒,20060107,
002181.SZ,粤传媒,20060106,
002181.SZ,粤传媒,20060105,
002181.SZ,粤传媒,20060104,
002181.SZ,粤传媒,20060103,
002181.SZ,粤传媒,20060102,
002181.SZ,粤传媒,20060101,
