证券代码,证券简称,日期,月涨跌幅
601766.SH,中国中车,20260831,-4.5454545454545
601766.SH,中国中车,20260830,-4.5454545454545
601766.SH,中国中车,20260829,-4.5454545454545
601766.SH,中国中车,20260828,-4.5454545454545
601766.SH,中国中车,20260827,-4.5454545454545
601766.SH,中国中车,20260826,-4.5454545454545
601766.SH,中国中车,20260825,-4.5454545454545
601766.SH,中国中车,20260824,-4.5454545454545
601766.SH,中国中车,20260823,-4.5454545454545
601766.SH,中国中车,20260822,-4.5454545454545
601766.SH,中国中车,20260821,-4.5454545454545
601766.SH,中国中车,20260820,-4.5454545454545
601766.SH,中国中车,20260819,-4.5454545454545
601766.SH,中国中车,20260818,-4.5454545454545
601766.SH,中国中车,20260817,-4.5454545454545
601766.SH,中国中车,20260816,-4.5454545454545
601766.SH,中国中车,20260815,-4.5454545454545
601766.SH,中国中车,20260814,-4.5454545454545
601766.SH,中国中车,20260813,-4.5454545454545
601766.SH,中国中车,20260812,-4.5454545454545
601766.SH,中国中车,20260811,-4.5454545454545
601766.SH,中国中车,20260810,-4.5454545454545
601766.SH,中国中车,20260809,-4.5454545454545
601766.SH,中国中车,20260808,-4.5454545454545
601766.SH,中国中车,20260807,-4.5454545454545
601766.SH,中国中车,20260806,-4.5454545454545
601766.SH,中国中车,20260805,-4.5454545454545
601766.SH,中国中车,20260804,-4.5454545454545
601766.SH,中国中车,20260803,-4.5454545454545
601766.SH,中国中车,20260802,-4.5454545454545
601766.SH,中国中车,20260801,-4.5454545454545
601766.SH,中国中车,20260731,18.461538461538
601766.SH,中国中车,20260730,18.461538461538
601766.SH,中国中车,20260729,18.461538461538
601766.SH,中国中车,20260728,18.461538461538
601766.SH,中国中车,20260727,18.461538461538
601766.SH,中国中车,20260726,18.461538461538
601766.SH,中国中车,20260725,18.461538461538
601766.SH,中国中车,20260724,18.461538461538
601766.SH,中国中车,20260723,18.461538461538
601766.SH,中国中车,20260722,18.461538461538
601766.SH,中国中车,20260721,18.461538461538
601766.SH,中国中车,20260720,18.461538461538
601766.SH,中国中车,20260719,18.461538461538
601766.SH,中国中车,20260718,18.461538461538
601766.SH,中国中车,20260717,18.461538461538
601766.SH,中国中车,20260716,18.461538461538
601766.SH,中国中车,20260715,18.461538461538
601766.SH,中国中车,20260714,18.461538461538
601766.SH,中国中车,20260713,18.461538461538
601766.SH,中国中车,20260712,18.461538461538
601766.SH,中国中车,20260711,18.461538461538
601766.SH,中国中车,20260710,18.461538461538
601766.SH,中国中车,20260709,18.461538461538
601766.SH,中国中车,20260708,18.461538461538
601766.SH,中国中车,20260707,18.461538461538
601766.SH,中国中车,20260706,18.461538461538
601766.SH,中国中车,20260705,18.461538461538
601766.SH,中国中车,20260704,18.461538461538
601766.SH,中国中车,20260703,18.461538461538
601766.SH,中国中车,20260702,18.461538461538
601766.SH,中国中车,20260701,18.461538461538
601766.SH,中国中车,20260630,-9.8786828422877
601766.SH,中国中车,20260629,-9.8786828422877
601766.SH,中国中车,20260628,-9.8786828422877
601766.SH,中国中车,20260627,-9.8786828422877
601766.SH,中国中车,20260626,-9.8786828422877
601766.SH,中国中车,20260625,-9.8786828422877
601766.SH,中国中车,20260624,-9.8786828422877
601766.SH,中国中车,20260623,-9.8786828422877
601766.SH,中国中车,20260622,-9.8786828422877
601766.SH,中国中车,20260621,-9.8786828422877
601766.SH,中国中车,20260620,-9.8786828422877
601766.SH,中国中车,20260619,-9.8786828422877
601766.SH,中国中车,20260618,-9.8786828422877
601766.SH,中国中车,20260617,-9.8786828422877
601766.SH,中国中车,20260616,-9.8786828422877
601766.SH,中国中车,20260615,-9.8786828422877
601766.SH,中国中车,20260614,-9.8786828422877
601766.SH,中国中车,20260613,-9.8786828422877
601766.SH,中国中车,20260612,-9.8786828422877
601766.SH,中国中车,20260611,-9.8786828422877
601766.SH,中国中车,20260610,-9.8786828422877
601766.SH,中国中车,20260609,-9.8786828422877
601766.SH,中国中车,20260608,-9.8786828422877
601766.SH,中国中车,20260607,-9.8786828422877
601766.SH,中国中车,20260606,-9.8786828422877
601766.SH,中国中车,20260605,-9.8786828422877
601766.SH,中国中车,20260604,-9.8786828422877
601766.SH,中国中车,20260603,-9.8786828422877
601766.SH,中国中车,20260602,-9.8786828422877
601766.SH,中国中车,20260601,-9.8786828422877
601766.SH,中国中车,20260531,-3.3500837520938
601766.SH,中国中车,20260530,-3.3500837520938
601766.SH,中国中车,20260529,-3.3500837520938
601766.SH,中国中车,20260528,-3.3500837520938
601766.SH,中国中车,20260527,-3.3500837520938
601766.SH,中国中车,20260526,-3.3500837520938
601766.SH,中国中车,20260525,-3.3500837520938
601766.SH,中国中车,20260524,-3.3500837520938
601766.SH,中国中车,20260523,-3.3500837520938
601766.SH,中国中车,20260522,-3.3500837520938
601766.SH,中国中车,20260521,-3.3500837520938
601766.SH,中国中车,20260520,-3.3500837520938
601766.SH,中国中车,20260519,-3.3500837520938
601766.SH,中国中车,20260518,-3.3500837520938
601766.SH,中国中车,20260517,-3.3500837520938
601766.SH,中国中车,20260516,-3.3500837520938
601766.SH,中国中车,20260515,-3.3500837520938
601766.SH,中国中车,20260514,-3.3500837520938
601766.SH,中国中车,20260513,-3.3500837520938
601766.SH,中国中车,20260512,-3.3500837520938
601766.SH,中国中车,20260511,-3.3500837520938
601766.SH,中国中车,20260510,-3.3500837520938
601766.SH,中国中车,20260509,-3.3500837520938
601766.SH,中国中车,20260508,-3.3500837520938
601766.SH,中国中车,20260507,-3.3500837520938
601766.SH,中国中车,20260506,-3.3500837520938
601766.SH,中国中车,20260505,-3.3500837520938
601766.SH,中国中车,20260504,-3.3500837520938
601766.SH,中国中车,20260503,-3.3500837520938
601766.SH,中国中车,20260502,-3.3500837520938
601766.SH,中国中车,20260501,-3.3500837520938
601766.SH,中国中车,20260430,-5.8359621451104
601766.SH,中国中车,20260429,-5.8359621451104
601766.SH,中国中车,20260428,-5.8359621451104
601766.SH,中国中车,20260427,-5.8359621451104
601766.SH,中国中车,20260426,-5.8359621451104
601766.SH,中国中车,20260425,-5.8359621451104
601766.SH,中国中车,20260424,-5.8359621451104
601766.SH,中国中车,20260423,-5.8359621451104
601766.SH,中国中车,20260422,-5.8359621451104
601766.SH,中国中车,20260421,-5.8359621451104
601766.SH,中国中车,20260420,-5.8359621451104
601766.SH,中国中车,20260419,-5.8359621451104
601766.SH,中国中车,20260418,-5.8359621451104
601766.SH,中国中车,20260417,-5.8359621451104
601766.SH,中国中车,20260416,-5.8359621451104
601766.SH,中国中车,20260415,-5.8359621451104
601766.SH,中国中车,20260414,-5.8359621451104
601766.SH,中国中车,20260413,-5.8359621451104
601766.SH,中国中车,20260412,-5.8359621451104
601766.SH,中国中车,20260411,-5.8359621451104
601766.SH,中国中车,20260410,-5.8359621451104
601766.SH,中国中车,20260409,-5.8359621451104
601766.SH,中国中车,20260408,-5.8359621451104
601766.SH,中国中车,20260407,-5.8359621451104
601766.SH,中国中车,20260406,-5.8359621451104
601766.SH,中国中车,20260405,-5.8359621451104
601766.SH,中国中车,20260404,-5.8359621451104
601766.SH,中国中车,20260403,-5.8359621451104
601766.SH,中国中车,20260402,-5.8359621451104
601766.SH,中国中车,20260401,-5.8359621451104
601766.SH,中国中车,20260331,0.79491255961844
601766.SH,中国中车,20260330,0.79491255961844
601766.SH,中国中车,20260329,0.79491255961844
601766.SH,中国中车,20260328,0.79491255961844
601766.SH,中国中车,20260327,0.79491255961844
601766.SH,中国中车,20260326,0.79491255961844
601766.SH,中国中车,20260325,0.79491255961844
601766.SH,中国中车,20260324,0.79491255961844
601766.SH,中国中车,20260323,0.79491255961844
601766.SH,中国中车,20260322,0.79491255961844
601766.SH,中国中车,20260321,0.79491255961844
601766.SH,中国中车,20260320,0.79491255961844
601766.SH,中国中车,20260319,0.79491255961844
601766.SH,中国中车,20260318,0.79491255961844
601766.SH,中国中车,20260317,0.79491255961844
601766.SH,中国中车,20260316,0.79491255961844
601766.SH,中国中车,20260315,0.79491255961844
601766.SH,中国中车,20260314,0.79491255961844
601766.SH,中国中车,20260313,0.79491255961844
601766.SH,中国中车,20260312,0.79491255961844
601766.SH,中国中车,20260311,0.79491255961844
601766.SH,中国中车,20260310,0.79491255961844
601766.SH,中国中车,20260309,0.79491255961844
601766.SH,中国中车,20260308,0.79491255961844
601766.SH,中国中车,20260307,0.79491255961844
601766.SH,中国中车,20260306,0.79491255961844
601766.SH,中国中车,20260305,0.79491255961844
601766.SH,中国中车,20260304,0.79491255961844
601766.SH,中国中车,20260303,0.79491255961844
601766.SH,中国中车,20260302,0.79491255961844
601766.SH,中国中车,20260301,0.79491255961844
601766.SH,中国中车,20260228,-0.31695721077654
601766.SH,中国中车,20260227,-0.31695721077654
601766.SH,中国中车,20260226,-0.31695721077654
601766.SH,中国中车,20260225,-0.31695721077654
601766.SH,中国中车,20260224,-0.31695721077654
601766.SH,中国中车,20260223,-0.31695721077654
601766.SH,中国中车,20260222,-0.31695721077654
601766.SH,中国中车,20260221,-0.31695721077654
601766.SH,中国中车,20260220,-0.31695721077654
601766.SH,中国中车,20260219,-0.31695721077654
601766.SH,中国中车,20260218,-0.31695721077654
601766.SH,中国中车,20260217,-0.31695721077654
601766.SH,中国中车,20260216,-0.31695721077654
601766.SH,中国中车,20260215,-0.31695721077654
601766.SH,中国中车,20260214,-0.31695721077654
601766.SH,中国中车,20260213,-0.31695721077654
601766.SH,中国中车,20260212,-0.31695721077654
601766.SH,中国中车,20260211,-0.31695721077654
601766.SH,中国中车,20260210,-0.31695721077654
601766.SH,中国中车,20260209,-0.31695721077654
601766.SH,中国中车,20260208,-0.31695721077654
601766.SH,中国中车,20260207,-0.31695721077654
601766.SH,中国中车,20260206,-0.31695721077654
601766.SH,中国中车,20260205,-0.31695721077654
601766.SH,中国中车,20260204,-0.31695721077654
601766.SH,中国中车,20260203,-0.31695721077654
601766.SH,中国中车,20260202,-0.31695721077654
601766.SH,中国中车,20260201,-0.31695721077654
601766.SH,中国中车,20260131,-7.4780058651026
601766.SH,中国中车,20260130,-7.4780058651026
601766.SH,中国中车,20260129,-7.4780058651026
601766.SH,中国中车,20260128,-7.4780058651026
601766.SH,中国中车,20260127,-7.4780058651026
601766.SH,中国中车,20260126,-7.4780058651026
601766.SH,中国中车,20260125,-7.4780058651026
601766.SH,中国中车,20260124,-7.4780058651026
601766.SH,中国中车,20260123,-7.4780058651026
601766.SH,中国中车,20260122,-7.4780058651026
601766.SH,中国中车,20260121,-7.4780058651026
601766.SH,中国中车,20260120,-7.4780058651026
601766.SH,中国中车,20260119,-7.4780058651026
601766.SH,中国中车,20260118,-7.4780058651026
601766.SH,中国中车,20260117,-7.4780058651026
601766.SH,中国中车,20260116,-7.4780058651026
601766.SH,中国中车,20260115,-7.4780058651026
601766.SH,中国中车,20260114,-7.4780058651026
601766.SH,中国中车,20260113,-7.4780058651026
601766.SH,中国中车,20260112,-7.4780058651026
601766.SH,中国中车,20260111,-7.4780058651026
601766.SH,中国中车,20260110,-7.4780058651026
601766.SH,中国中车,20260109,-7.4780058651026
601766.SH,中国中车,20260108,-7.4780058651026
601766.SH,中国中车,20260107,-7.4780058651026
601766.SH,中国中车,20260106,-7.4780058651026
601766.SH,中国中车,20260105,-7.4780058651026
601766.SH,中国中车,20260104,-7.4780058651026
601766.SH,中国中车,20260103,-7.4780058651026
601766.SH,中国中车,20260102,-7.4780058651026
601766.SH,中国中车,20260101,-7.4780058651026
601766.SH,中国中车,20251231,-6.1898211829436
601766.SH,中国中车,20251230,-6.1898211829436
601766.SH,中国中车,20251229,-6.1898211829436
601766.SH,中国中车,20251228,-6.1898211829436
601766.SH,中国中车,20251227,-6.1898211829436
601766.SH,中国中车,20251226,-6.1898211829436
601766.SH,中国中车,20251225,-6.1898211829436
601766.SH,中国中车,20251224,-6.1898211829436
601766.SH,中国中车,20251223,-6.1898211829436
601766.SH,中国中车,20251222,-6.1898211829436
601766.SH,中国中车,20251221,-6.1898211829436
601766.SH,中国中车,20251220,-6.1898211829436
601766.SH,中国中车,20251219,-6.1898211829436
601766.SH,中国中车,20251218,-6.1898211829436
601766.SH,中国中车,20251217,-6.1898211829436
601766.SH,中国中车,20251216,-6.1898211829436
601766.SH,中国中车,20251215,-6.1898211829436
601766.SH,中国中车,20251214,-6.1898211829436
601766.SH,中国中车,20251213,-6.1898211829436
601766.SH,中国中车,20251212,-6.1898211829436
601766.SH,中国中车,20251211,-6.1898211829436
601766.SH,中国中车,20251210,-6.1898211829436
601766.SH,中国中车,20251209,-6.1898211829436
601766.SH,中国中车,20251208,-6.1898211829436
601766.SH,中国中车,20251207,-6.1898211829436
601766.SH,中国中车,20251206,-6.1898211829436
601766.SH,中国中车,20251205,-6.1898211829436
601766.SH,中国中车,20251204,-6.1898211829436
601766.SH,中国中车,20251203,-6.1898211829436
601766.SH,中国中车,20251202,-6.1898211829436
601766.SH,中国中车,20251201,-6.1898211829436
601766.SH,中国中车,20251130,-5.2151238591917
601766.SH,中国中车,20251129,-5.2151238591917
601766.SH,中国中车,20251128,-5.2151238591917
601766.SH,中国中车,20251127,-5.2151238591917
601766.SH,中国中车,20251126,-5.2151238591917
601766.SH,中国中车,20251125,-5.2151238591917
601766.SH,中国中车,20251124,-5.2151238591917
601766.SH,中国中车,20251123,-5.2151238591917
601766.SH,中国中车,20251122,-5.2151238591917
601766.SH,中国中车,20251121,-5.2151238591917
601766.SH,中国中车,20251120,-5.2151238591917
601766.SH,中国中车,20251119,-5.2151238591917
601766.SH,中国中车,20251118,-5.2151238591917
601766.SH,中国中车,20251117,-5.2151238591917
601766.SH,中国中车,20251116,-5.2151238591917
601766.SH,中国中车,20251115,-5.2151238591917
601766.SH,中国中车,20251114,-5.2151238591917
601766.SH,中国中车,20251113,-5.2151238591917
601766.SH,中国中车,20251112,-5.2151238591917
601766.SH,中国中车,20251111,-5.2151238591917
601766.SH,中国中车,20251110,-5.2151238591917
601766.SH,中国中车,20251109,-5.2151238591917
601766.SH,中国中车,20251108,-5.2151238591917
601766.SH,中国中车,20251107,-5.2151238591917
601766.SH,中国中车,20251106,-5.2151238591917
601766.SH,中国中车,20251105,-5.2151238591917
601766.SH,中国中车,20251104,-5.2151238591917
601766.SH,中国中车,20251103,-5.2151238591917
601766.SH,中国中车,20251102,-5.2151238591917
601766.SH,中国中车,20251101,-5.2151238591917
601766.SH,中国中车,20251031,2.6773761713521
601766.SH,中国中车,20251030,2.6773761713521
601766.SH,中国中车,20251029,2.6773761713521
601766.SH,中国中车,20251028,2.6773761713521
601766.SH,中国中车,20251027,2.6773761713521
601766.SH,中国中车,20251026,2.6773761713521
601766.SH,中国中车,20251025,2.6773761713521
601766.SH,中国中车,20251024,2.6773761713521
601766.SH,中国中车,20251023,2.6773761713521
601766.SH,中国中车,20251022,2.6773761713521
601766.SH,中国中车,20251021,2.6773761713521
601766.SH,中国中车,20251020,2.6773761713521
601766.SH,中国中车,20251019,2.6773761713521
601766.SH,中国中车,20251018,2.6773761713521
601766.SH,中国中车,20251017,2.6773761713521
601766.SH,中国中车,20251016,2.6773761713521
601766.SH,中国中车,20251015,2.6773761713521
601766.SH,中国中车,20251014,2.6773761713521
601766.SH,中国中车,20251013,2.6773761713521
601766.SH,中国中车,20251012,2.6773761713521
601766.SH,中国中车,20251011,2.6773761713521
601766.SH,中国中车,20251010,2.6773761713521
601766.SH,中国中车,20251009,2.6773761713521
601766.SH,中国中车,20251008,2.6773761713521
601766.SH,中国中车,20251007,2.6773761713521
601766.SH,中国中车,20251006,2.6773761713521
601766.SH,中国中车,20251005,2.6773761713521
601766.SH,中国中车,20251004,2.6773761713521
601766.SH,中国中车,20251003,2.6773761713521
601766.SH,中国中车,20251002,2.6773761713521
601766.SH,中国中车,20251001,2.6773761713521
601766.SH,中国中车,20250930,-2.6075619295958
601766.SH,中国中车,20250929,-2.6075619295958
601766.SH,中国中车,20250928,-2.6075619295958
601766.SH,中国中车,20250927,-2.6075619295958
601766.SH,中国中车,20250926,-2.6075619295958
601766.SH,中国中车,20250925,-2.6075619295958
601766.SH,中国中车,20250924,-2.6075619295958
601766.SH,中国中车,20250923,-2.6075619295958
601766.SH,中国中车,20250922,-2.6075619295958
601766.SH,中国中车,20250921,-2.6075619295958
601766.SH,中国中车,20250920,-2.6075619295958
601766.SH,中国中车,20250919,-2.6075619295958
601766.SH,中国中车,20250918,-2.6075619295958
601766.SH,中国中车,20250917,-2.6075619295958
601766.SH,中国中车,20250916,-2.6075619295958
601766.SH,中国中车,20250915,-2.6075619295958
601766.SH,中国中车,20250914,-2.6075619295958
601766.SH,中国中车,20250913,-2.6075619295958
601766.SH,中国中车,20250912,-2.6075619295958
601766.SH,中国中车,20250911,-2.6075619295958
601766.SH,中国中车,20250910,-2.6075619295958
601766.SH,中国中车,20250909,-2.6075619295958
601766.SH,中国中车,20250908,-2.6075619295958
601766.SH,中国中车,20250907,-2.6075619295958
601766.SH,中国中车,20250906,-2.6075619295958
601766.SH,中国中车,20250905,-2.6075619295958
601766.SH,中国中车,20250904,-2.6075619295958
601766.SH,中国中车,20250903,-2.6075619295958
601766.SH,中国中车,20250902,-2.6075619295958
601766.SH,中国中车,20250901,-2.6075619295958
601766.SH,中国中车,20250831,3.7889039242219
601766.SH,中国中车,20250830,3.7889039242219
601766.SH,中国中车,20250829,3.7889039242219
601766.SH,中国中车,20250828,3.7889039242219
601766.SH,中国中车,20250827,3.7889039242219
601766.SH,中国中车,20250826,3.7889039242219
601766.SH,中国中车,20250825,3.7889039242219
601766.SH,中国中车,20250824,3.7889039242219
601766.SH,中国中车,20250823,3.7889039242219
601766.SH,中国中车,20250822,3.7889039242219
601766.SH,中国中车,20250821,3.7889039242219
601766.SH,中国中车,20250820,3.7889039242219
601766.SH,中国中车,20250819,3.7889039242219
601766.SH,中国中车,20250818,3.7889039242219
601766.SH,中国中车,20250817,3.7889039242219
601766.SH,中国中车,20250816,3.7889039242219
601766.SH,中国中车,20250815,3.7889039242219
601766.SH,中国中车,20250814,3.7889039242219
601766.SH,中国中车,20250813,3.7889039242219
601766.SH,中国中车,20250812,3.7889039242219
601766.SH,中国中车,20250811,3.7889039242219
601766.SH,中国中车,20250810,3.7889039242219
601766.SH,中国中车,20250809,3.7889039242219
601766.SH,中国中车,20250808,3.7889039242219
601766.SH,中国中车,20250807,3.7889039242219
601766.SH,中国中车,20250806,3.7889039242219
601766.SH,中国中车,20250805,3.7889039242219
601766.SH,中国中车,20250804,3.7889039242219
601766.SH,中国中车,20250803,3.7889039242219
601766.SH,中国中车,20250802,3.7889039242219
601766.SH,中国中车,20250801,3.7889039242219
601766.SH,中国中车,20250731,4.9715909090909
601766.SH,中国中车,20250730,4.9715909090909
601766.SH,中国中车,20250729,4.9715909090909
601766.SH,中国中车,20250728,4.9715909090909
601766.SH,中国中车,20250727,4.9715909090909
601766.SH,中国中车,20250726,4.9715909090909
601766.SH,中国中车,20250725,4.9715909090909
601766.SH,中国中车,20250724,4.9715909090909
601766.SH,中国中车,20250723,4.9715909090909
601766.SH,中国中车,20250722,4.9715909090909
601766.SH,中国中车,20250721,4.9715909090909
601766.SH,中国中车,20250720,4.9715909090909
601766.SH,中国中车,20250719,4.9715909090909
601766.SH,中国中车,20250718,4.9715909090909
601766.SH,中国中车,20250717,4.9715909090909
601766.SH,中国中车,20250716,4.9715909090909
601766.SH,中国中车,20250715,4.9715909090909
601766.SH,中国中车,20250714,4.9715909090909
601766.SH,中国中车,20250713,4.9715909090909
601766.SH,中国中车,20250712,4.9715909090909
601766.SH,中国中车,20250711,4.9715909090909
601766.SH,中国中车,20250710,4.9715909090909
601766.SH,中国中车,20250709,4.9715909090909
601766.SH,中国中车,20250708,4.9715909090909
601766.SH,中国中车,20250707,4.9715909090909
601766.SH,中国中车,20250706,4.9715909090909
601766.SH,中国中车,20250705,4.9715909090909
601766.SH,中国中车,20250704,4.9715909090909
601766.SH,中国中车,20250703,4.9715909090909
601766.SH,中国中车,20250702,4.9715909090909
601766.SH,中国中车,20250701,4.9715909090909
601766.SH,中国中车,20250630,-2.2222222222222
601766.SH,中国中车,20250629,-2.2222222222222
601766.SH,中国中车,20250628,-2.2222222222222
601766.SH,中国中车,20250627,-2.2222222222222
601766.SH,中国中车,20250626,-2.2222222222222
601766.SH,中国中车,20250625,-2.2222222222222
601766.SH,中国中车,20250624,-2.2222222222222
601766.SH,中国中车,20250623,-2.2222222222222
601766.SH,中国中车,20250622,-2.2222222222222
601766.SH,中国中车,20250621,-2.2222222222222
601766.SH,中国中车,20250620,-2.2222222222222
601766.SH,中国中车,20250619,-2.2222222222222
601766.SH,中国中车,20250618,-2.2222222222222
601766.SH,中国中车,20250617,-2.2222222222222
601766.SH,中国中车,20250616,-2.2222222222222
601766.SH,中国中车,20250615,-2.2222222222222
601766.SH,中国中车,20250614,-2.2222222222222
601766.SH,中国中车,20250613,-2.2222222222222
601766.SH,中国中车,20250612,-2.2222222222222
601766.SH,中国中车,20250611,-2.2222222222222
601766.SH,中国中车,20250610,-2.2222222222222
601766.SH,中国中车,20250609,-2.2222222222222
601766.SH,中国中车,20250608,-2.2222222222222
601766.SH,中国中车,20250607,-2.2222222222222
601766.SH,中国中车,20250606,-2.2222222222222
601766.SH,中国中车,20250605,-2.2222222222222
601766.SH,中国中车,20250604,-2.2222222222222
601766.SH,中国中车,20250603,-2.2222222222222
601766.SH,中国中车,20250602,-2.2222222222222
601766.SH,中国中车,20250601,-2.2222222222222
601766.SH,中国中车,20250531,2.5641025641026
601766.SH,中国中车,20250530,2.5641025641026
601766.SH,中国中车,20250529,2.5641025641026
601766.SH,中国中车,20250528,2.5641025641026
601766.SH,中国中车,20250527,2.5641025641026
601766.SH,中国中车,20250526,2.5641025641026
601766.SH,中国中车,20250525,2.5641025641026
601766.SH,中国中车,20250524,2.5641025641026
601766.SH,中国中车,20250523,2.5641025641026
601766.SH,中国中车,20250522,2.5641025641026
601766.SH,中国中车,20250521,2.5641025641026
601766.SH,中国中车,20250520,2.5641025641026
601766.SH,中国中车,20250519,2.5641025641026
601766.SH,中国中车,20250518,2.5641025641026
601766.SH,中国中车,20250517,2.5641025641026
601766.SH,中国中车,20250516,2.5641025641026
601766.SH,中国中车,20250515,2.5641025641026
601766.SH,中国中车,20250514,2.5641025641026
601766.SH,中国中车,20250513,2.5641025641026
601766.SH,中国中车,20250512,2.5641025641026
601766.SH,中国中车,20250511,2.5641025641026
601766.SH,中国中车,20250510,2.5641025641026
601766.SH,中国中车,20250509,2.5641025641026
601766.SH,中国中车,20250508,2.5641025641026
601766.SH,中国中车,20250507,2.5641025641026
601766.SH,中国中车,20250506,2.5641025641026
601766.SH,中国中车,20250505,2.5641025641026
601766.SH,中国中车,20250504,2.5641025641026
601766.SH,中国中车,20250503,2.5641025641026
601766.SH,中国中车,20250502,2.5641025641026
601766.SH,中国中车,20250501,2.5641025641026
601766.SH,中国中车,20250430,-0.56657223796034
601766.SH,中国中车,20250429,-0.56657223796034
601766.SH,中国中车,20250428,-0.56657223796034
601766.SH,中国中车,20250427,-0.56657223796034
601766.SH,中国中车,20250426,-0.56657223796034
601766.SH,中国中车,20250425,-0.56657223796034
601766.SH,中国中车,20250424,-0.56657223796034
601766.SH,中国中车,20250423,-0.56657223796034
601766.SH,中国中车,20250422,-0.56657223796034
601766.SH,中国中车,20250421,-0.56657223796034
601766.SH,中国中车,20250420,-0.56657223796034
601766.SH,中国中车,20250419,-0.56657223796034
601766.SH,中国中车,20250418,-0.56657223796034
601766.SH,中国中车,20250417,-0.56657223796034
601766.SH,中国中车,20250416,-0.56657223796034
601766.SH,中国中车,20250415,-0.56657223796034
601766.SH,中国中车,20250414,-0.56657223796034
601766.SH,中国中车,20250413,-0.56657223796034
601766.SH,中国中车,20250412,-0.56657223796034
601766.SH,中国中车,20250411,-0.56657223796034
601766.SH,中国中车,20250410,-0.56657223796034
601766.SH,中国中车,20250409,-0.56657223796034
601766.SH,中国中车,20250408,-0.56657223796034
601766.SH,中国中车,20250407,-0.56657223796034
601766.SH,中国中车,20250406,-0.56657223796034
601766.SH,中国中车,20250405,-0.56657223796034
601766.SH,中国中车,20250404,-0.56657223796034
601766.SH,中国中车,20250403,-0.56657223796034
601766.SH,中国中车,20250402,-0.56657223796034
601766.SH,中国中车,20250401,-0.56657223796034
601766.SH,中国中车,20250331,-5.6149732620321
601766.SH,中国中车,20250330,-5.6149732620321
601766.SH,中国中车,20250329,-5.6149732620321
601766.SH,中国中车,20250328,-5.6149732620321
601766.SH,中国中车,20250327,-5.6149732620321
601766.SH,中国中车,20250326,-5.6149732620321
601766.SH,中国中车,20250325,-5.6149732620321
601766.SH,中国中车,20250324,-5.6149732620321
601766.SH,中国中车,20250323,-5.6149732620321
601766.SH,中国中车,20250322,-5.6149732620321
601766.SH,中国中车,20250321,-5.6149732620321
601766.SH,中国中车,20250320,-5.6149732620321
601766.SH,中国中车,20250319,-5.6149732620321
601766.SH,中国中车,20250318,-5.6149732620321
601766.SH,中国中车,20250317,-5.6149732620321
601766.SH,中国中车,20250316,-5.6149732620321
601766.SH,中国中车,20250315,-5.6149732620321
601766.SH,中国中车,20250314,-5.6149732620321
601766.SH,中国中车,20250313,-5.6149732620321
601766.SH,中国中车,20250312,-5.6149732620321
601766.SH,中国中车,20250311,-5.6149732620321
601766.SH,中国中车,20250310,-5.6149732620321
601766.SH,中国中车,20250309,-5.6149732620321
601766.SH,中国中车,20250308,-5.6149732620321
601766.SH,中国中车,20250307,-5.6149732620321
601766.SH,中国中车,20250306,-5.6149732620321
601766.SH,中国中车,20250305,-5.6149732620321
601766.SH,中国中车,20250304,-5.6149732620321
601766.SH,中国中车,20250303,-5.6149732620321
601766.SH,中国中车,20250302,-5.6149732620321
601766.SH,中国中车,20250301,-5.6149732620321
601766.SH,中国中车,20250228,0.53763440860215
601766.SH,中国中车,20250227,0.53763440860215
601766.SH,中国中车,20250226,0.53763440860215
601766.SH,中国中车,20250225,0.53763440860215
601766.SH,中国中车,20250224,0.53763440860215
601766.SH,中国中车,20250223,0.53763440860215
601766.SH,中国中车,20250222,0.53763440860215
601766.SH,中国中车,20250221,0.53763440860215
601766.SH,中国中车,20250220,0.53763440860215
601766.SH,中国中车,20250219,0.53763440860215
601766.SH,中国中车,20250218,0.53763440860215
601766.SH,中国中车,20250217,0.53763440860215
601766.SH,中国中车,20250216,0.53763440860215
601766.SH,中国中车,20250215,0.53763440860215
601766.SH,中国中车,20250214,0.53763440860215
601766.SH,中国中车,20250213,0.53763440860215
601766.SH,中国中车,20250212,0.53763440860215
601766.SH,中国中车,20250211,0.53763440860215
601766.SH,中国中车,20250210,0.53763440860215
601766.SH,中国中车,20250209,0.53763440860215
601766.SH,中国中车,20250208,0.53763440860215
601766.SH,中国中车,20250207,0.53763440860215
601766.SH,中国中车,20250206,0.53763440860215
601766.SH,中国中车,20250205,0.53763440860215
601766.SH,中国中车,20250204,0.53763440860215
601766.SH,中国中车,20250203,0.53763440860215
601766.SH,中国中车,20250202,0.53763440860215
601766.SH,中国中车,20250201,0.53763440860215
601766.SH,中国中车,20250131,-11.217183770883
601766.SH,中国中车,20250130,-11.217183770883
601766.SH,中国中车,20250129,-11.217183770883
601766.SH,中国中车,20250128,-11.217183770883
601766.SH,中国中车,20250127,-11.217183770883
601766.SH,中国中车,20250126,-11.217183770883
601766.SH,中国中车,20250125,-11.217183770883
601766.SH,中国中车,20250124,-11.217183770883
601766.SH,中国中车,20250123,-11.217183770883
601766.SH,中国中车,20250122,-11.217183770883
601766.SH,中国中车,20250121,-11.217183770883
601766.SH,中国中车,20250120,-11.217183770883
601766.SH,中国中车,20250119,-11.217183770883
601766.SH,中国中车,20250118,-11.217183770883
601766.SH,中国中车,20250117,-11.217183770883
601766.SH,中国中车,20250116,-11.217183770883
601766.SH,中国中车,20250115,-11.217183770883
601766.SH,中国中车,20250114,-11.217183770883
601766.SH,中国中车,20250113,-11.217183770883
601766.SH,中国中车,20250112,-11.217183770883
601766.SH,中国中车,20250111,-11.217183770883
601766.SH,中国中车,20250110,-11.217183770883
601766.SH,中国中车,20250109,-11.217183770883
601766.SH,中国中车,20250108,-11.217183770883
601766.SH,中国中车,20250107,-11.217183770883
601766.SH,中国中车,20250106,-11.217183770883
601766.SH,中国中车,20250105,-11.217183770883
601766.SH,中国中车,20250104,-11.217183770883
601766.SH,中国中车,20250103,-11.217183770883
601766.SH,中国中车,20250102,-11.217183770883
601766.SH,中国中车,20250101,-11.217183770883
601766.SH,中国中车,20241231,5.6746532156368
601766.SH,中国中车,20241230,5.6746532156368
601766.SH,中国中车,20241229,5.6746532156368
601766.SH,中国中车,20241228,5.6746532156368
601766.SH,中国中车,20241227,5.6746532156368
601766.SH,中国中车,20241226,5.6746532156368
601766.SH,中国中车,20241225,5.6746532156368
601766.SH,中国中车,20241224,5.6746532156368
601766.SH,中国中车,20241223,5.6746532156368
601766.SH,中国中车,20241222,5.6746532156368
601766.SH,中国中车,20241221,5.6746532156368
601766.SH,中国中车,20241220,5.6746532156368
601766.SH,中国中车,20241219,5.6746532156368
601766.SH,中国中车,20241218,5.6746532156368
601766.SH,中国中车,20241217,5.6746532156368
601766.SH,中国中车,20241216,5.6746532156368
601766.SH,中国中车,20241215,5.6746532156368
601766.SH,中国中车,20241214,5.6746532156368
601766.SH,中国中车,20241213,5.6746532156368
601766.SH,中国中车,20241212,5.6746532156368
601766.SH,中国中车,20241211,5.6746532156368
601766.SH,中国中车,20241210,5.6746532156368
601766.SH,中国中车,20241209,5.6746532156368
601766.SH,中国中车,20241208,5.6746532156368
601766.SH,中国中车,20241207,5.6746532156368
601766.SH,中国中车,20241206,5.6746532156368
601766.SH,中国中车,20241205,5.6746532156368
601766.SH,中国中车,20241204,5.6746532156368
601766.SH,中国中车,20241203,5.6746532156368
601766.SH,中国中车,20241202,5.6746532156368
601766.SH,中国中车,20241201,5.6746532156368
601766.SH,中国中车,20241130,-4.6875
601766.SH,中国中车,20241129,-4.6875
601766.SH,中国中车,20241128,-4.6875
601766.SH,中国中车,20241127,-4.6875
601766.SH,中国中车,20241126,-4.6875
601766.SH,中国中车,20241125,-4.6875
601766.SH,中国中车,20241124,-4.6875
601766.SH,中国中车,20241123,-4.6875
601766.SH,中国中车,20241122,-4.6875
601766.SH,中国中车,20241121,-4.6875
601766.SH,中国中车,20241120,-4.6875
601766.SH,中国中车,20241119,-4.6875
601766.SH,中国中车,20241118,-4.6875
601766.SH,中国中车,20241117,-4.6875
601766.SH,中国中车,20241116,-4.6875
601766.SH,中国中车,20241115,-4.6875
601766.SH,中国中车,20241114,-4.6875
601766.SH,中国中车,20241113,-4.6875
601766.SH,中国中车,20241112,-4.6875
601766.SH,中国中车,20241111,-4.6875
601766.SH,中国中车,20241110,-4.6875
601766.SH,中国中车,20241109,-4.6875
601766.SH,中国中车,20241108,-4.6875
601766.SH,中国中车,20241107,-4.6875
601766.SH,中国中车,20241106,-4.6875
601766.SH,中国中车,20241105,-4.6875
601766.SH,中国中车,20241104,-4.6875
601766.SH,中国中车,20241103,-4.6875
601766.SH,中国中车,20241102,-4.6875
601766.SH,中国中车,20241101,-4.6875
601766.SH,中国中车,20241031,1.8359853121175
601766.SH,中国中车,20241030,1.8359853121175
601766.SH,中国中车,20241029,1.8359853121175
601766.SH,中国中车,20241028,1.8359853121175
601766.SH,中国中车,20241027,1.8359853121175
601766.SH,中国中车,20241026,1.8359853121175
601766.SH,中国中车,20241025,1.8359853121175
601766.SH,中国中车,20241024,1.8359853121175
601766.SH,中国中车,20241023,1.8359853121175
601766.SH,中国中车,20241022,1.8359853121175
601766.SH,中国中车,20241021,1.8359853121175
601766.SH,中国中车,20241020,1.8359853121175
601766.SH,中国中车,20241019,1.8359853121175
601766.SH,中国中车,20241018,1.8359853121175
601766.SH,中国中车,20241017,1.8359853121175
601766.SH,中国中车,20241016,1.8359853121175
601766.SH,中国中车,20241015,1.8359853121175
601766.SH,中国中车,20241014,1.8359853121175
601766.SH,中国中车,20241013,1.8359853121175
601766.SH,中国中车,20241012,1.8359853121175
601766.SH,中国中车,20241011,1.8359853121175
601766.SH,中国中车,20241010,1.8359853121175
601766.SH,中国中车,20241009,1.8359853121175
601766.SH,中国中车,20241008,1.8359853121175
601766.SH,中国中车,20241007,1.8359853121175
601766.SH,中国中车,20241006,1.8359853121175
601766.SH,中国中车,20241005,1.8359853121175
601766.SH,中国中车,20241004,1.8359853121175
601766.SH,中国中车,20241003,1.8359853121175
601766.SH,中国中车,20241002,1.8359853121175
601766.SH,中国中车,20241001,1.8359853121175
601766.SH,中国中车,20240930,14.425770308123
601766.SH,中国中车,20240929,14.425770308123
601766.SH,中国中车,20240928,14.425770308123
601766.SH,中国中车,20240927,14.425770308123
601766.SH,中国中车,20240926,14.425770308123
601766.SH,中国中车,20240925,14.425770308123
601766.SH,中国中车,20240924,14.425770308123
601766.SH,中国中车,20240923,14.425770308123
601766.SH,中国中车,20240922,14.425770308123
601766.SH,中国中车,20240921,14.425770308123
601766.SH,中国中车,20240920,14.425770308123
601766.SH,中国中车,20240919,14.425770308123
601766.SH,中国中车,20240918,14.425770308123
601766.SH,中国中车,20240917,14.425770308123
601766.SH,中国中车,20240916,14.425770308123
601766.SH,中国中车,20240915,14.425770308123
601766.SH,中国中车,20240914,14.425770308123
601766.SH,中国中车,20240913,14.425770308123
601766.SH,中国中车,20240912,14.425770308123
601766.SH,中国中车,20240911,14.425770308123
601766.SH,中国中车,20240910,14.425770308123
601766.SH,中国中车,20240909,14.425770308123
601766.SH,中国中车,20240908,14.425770308123
601766.SH,中国中车,20240907,14.425770308123
601766.SH,中国中车,20240906,14.425770308123
601766.SH,中国中车,20240905,14.425770308123
601766.SH,中国中车,20240904,14.425770308123
601766.SH,中国中车,20240903,14.425770308123
601766.SH,中国中车,20240902,14.425770308123
601766.SH,中国中车,20240901,14.425770308123
601766.SH,中国中车,20240831,-6.4220183486239
601766.SH,中国中车,20240830,-6.4220183486239
601766.SH,中国中车,20240829,-6.4220183486239
601766.SH,中国中车,20240828,-6.4220183486239
601766.SH,中国中车,20240827,-6.4220183486239
601766.SH,中国中车,20240826,-6.4220183486239
601766.SH,中国中车,20240825,-6.4220183486239
601766.SH,中国中车,20240824,-6.4220183486239
601766.SH,中国中车,20240823,-6.4220183486239
601766.SH,中国中车,20240822,-6.4220183486239
601766.SH,中国中车,20240821,-6.4220183486239
601766.SH,中国中车,20240820,-6.4220183486239
601766.SH,中国中车,20240819,-6.4220183486239
601766.SH,中国中车,20240818,-6.4220183486239
601766.SH,中国中车,20240817,-6.4220183486239
601766.SH,中国中车,20240816,-6.4220183486239
601766.SH,中国中车,20240815,-6.4220183486239
601766.SH,中国中车,20240814,-6.4220183486239
601766.SH,中国中车,20240813,-6.4220183486239
601766.SH,中国中车,20240812,-6.4220183486239
601766.SH,中国中车,20240811,-6.4220183486239
601766.SH,中国中车,20240810,-6.4220183486239
601766.SH,中国中车,20240809,-6.4220183486239
601766.SH,中国中车,20240808,-6.4220183486239
601766.SH,中国中车,20240807,-6.4220183486239
601766.SH,中国中车,20240806,-6.4220183486239
601766.SH,中国中车,20240805,-6.4220183486239
601766.SH,中国中车,20240804,-6.4220183486239
601766.SH,中国中车,20240803,-6.4220183486239
601766.SH,中国中车,20240802,-6.4220183486239
601766.SH,中国中车,20240801,-6.4220183486239
601766.SH,中国中车,20240731,1.5978695073236
601766.SH,中国中车,20240730,1.5978695073236
601766.SH,中国中车,20240729,1.5978695073236
601766.SH,中国中车,20240728,1.5978695073236
601766.SH,中国中车,20240727,1.5978695073236
601766.SH,中国中车,20240726,1.5978695073236
601766.SH,中国中车,20240725,1.5978695073236
601766.SH,中国中车,20240724,1.5978695073236
601766.SH,中国中车,20240723,1.5978695073236
601766.SH,中国中车,20240722,1.5978695073236
601766.SH,中国中车,20240721,1.5978695073236
601766.SH,中国中车,20240720,1.5978695073236
601766.SH,中国中车,20240719,1.5978695073236
601766.SH,中国中车,20240718,1.5978695073236
601766.SH,中国中车,20240717,1.5978695073236
601766.SH,中国中车,20240716,1.5978695073236
601766.SH,中国中车,20240715,1.5978695073236
601766.SH,中国中车,20240714,1.5978695073236
601766.SH,中国中车,20240713,1.5978695073236
601766.SH,中国中车,20240712,1.5978695073236
601766.SH,中国中车,20240711,1.5978695073236
601766.SH,中国中车,20240710,1.5978695073236
601766.SH,中国中车,20240709,1.5978695073236
601766.SH,中国中车,20240708,1.5978695073236
601766.SH,中国中车,20240707,1.5978695073236
601766.SH,中国中车,20240706,1.5978695073236
601766.SH,中国中车,20240705,1.5978695073236
601766.SH,中国中车,20240704,1.5978695073236
601766.SH,中国中车,20240703,1.5978695073236
601766.SH,中国中车,20240702,1.5978695073236
601766.SH,中国中车,20240701,1.5978695073236
601766.SH,中国中车,20240630,7.7474892395983
601766.SH,中国中车,20240629,7.7474892395983
601766.SH,中国中车,20240628,7.7474892395983
601766.SH,中国中车,20240627,7.7474892395983
601766.SH,中国中车,20240626,7.7474892395983
601766.SH,中国中车,20240625,7.7474892395983
601766.SH,中国中车,20240624,7.7474892395983
601766.SH,中国中车,20240623,7.7474892395983
601766.SH,中国中车,20240622,7.7474892395983
601766.SH,中国中车,20240621,7.7474892395983
601766.SH,中国中车,20240620,7.7474892395983
601766.SH,中国中车,20240619,7.7474892395983
601766.SH,中国中车,20240618,7.7474892395983
601766.SH,中国中车,20240617,7.7474892395983
601766.SH,中国中车,20240616,7.7474892395983
601766.SH,中国中车,20240615,7.7474892395983
601766.SH,中国中车,20240614,7.7474892395983
601766.SH,中国中车,20240613,7.7474892395983
601766.SH,中国中车,20240612,7.7474892395983
601766.SH,中国中车,20240611,7.7474892395983
601766.SH,中国中车,20240610,7.7474892395983
601766.SH,中国中车,20240609,7.7474892395983
601766.SH,中国中车,20240608,7.7474892395983
601766.SH,中国中车,20240607,7.7474892395983
601766.SH,中国中车,20240606,7.7474892395983
601766.SH,中国中车,20240605,7.7474892395983
601766.SH,中国中车,20240604,7.7474892395983
601766.SH,中国中车,20240603,7.7474892395983
601766.SH,中国中车,20240602,7.7474892395983
601766.SH,中国中车,20240601,7.7474892395983
601766.SH,中国中车,20240531,-0.28612303290416
601766.SH,中国中车,20240530,-0.28612303290416
601766.SH,中国中车,20240529,-0.28612303290416
601766.SH,中国中车,20240528,-0.28612303290416
601766.SH,中国中车,20240527,-0.28612303290416
601766.SH,中国中车,20240526,-0.28612303290416
601766.SH,中国中车,20240525,-0.28612303290416
601766.SH,中国中车,20240524,-0.28612303290416
601766.SH,中国中车,20240523,-0.28612303290416
601766.SH,中国中车,20240522,-0.28612303290416
601766.SH,中国中车,20240521,-0.28612303290416
601766.SH,中国中车,20240520,-0.28612303290416
601766.SH,中国中车,20240519,-0.28612303290416
601766.SH,中国中车,20240518,-0.28612303290416
601766.SH,中国中车,20240517,-0.28612303290416
601766.SH,中国中车,20240516,-0.28612303290416
601766.SH,中国中车,20240515,-0.28612303290416
601766.SH,中国中车,20240514,-0.28612303290416
601766.SH,中国中车,20240513,-0.28612303290416
601766.SH,中国中车,20240512,-0.28612303290416
601766.SH,中国中车,20240511,-0.28612303290416
601766.SH,中国中车,20240510,-0.28612303290416
601766.SH,中国中车,20240509,-0.28612303290416
601766.SH,中国中车,20240508,-0.28612303290416
601766.SH,中国中车,20240507,-0.28612303290416
601766.SH,中国中车,20240506,-0.28612303290416
601766.SH,中国中车,20240505,-0.28612303290416
601766.SH,中国中车,20240504,-0.28612303290416
601766.SH,中国中车,20240503,-0.28612303290416
601766.SH,中国中车,20240502,-0.28612303290416
601766.SH,中国中车,20240501,-0.28612303290416
601766.SH,中国中车,20240430,2.4926686217009
601766.SH,中国中车,20240429,2.4926686217009
601766.SH,中国中车,20240428,2.4926686217009
601766.SH,中国中车,20240427,2.4926686217009
601766.SH,中国中车,20240426,2.4926686217009
601766.SH,中国中车,20240425,2.4926686217009
601766.SH,中国中车,20240424,2.4926686217009
601766.SH,中国中车,20240423,2.4926686217009
601766.SH,中国中车,20240422,2.4926686217009
601766.SH,中国中车,20240421,2.4926686217009
601766.SH,中国中车,20240420,2.4926686217009
601766.SH,中国中车,20240419,2.4926686217009
601766.SH,中国中车,20240418,2.4926686217009
601766.SH,中国中车,20240417,2.4926686217009
601766.SH,中国中车,20240416,2.4926686217009
601766.SH,中国中车,20240415,2.4926686217009
601766.SH,中国中车,20240414,2.4926686217009
601766.SH,中国中车,20240413,2.4926686217009
601766.SH,中国中车,20240412,2.4926686217009
601766.SH,中国中车,20240411,2.4926686217009
601766.SH,中国中车,20240410,2.4926686217009
601766.SH,中国中车,20240409,2.4926686217009
601766.SH,中国中车,20240408,2.4926686217009
601766.SH,中国中车,20240407,2.4926686217009
601766.SH,中国中车,20240406,2.4926686217009
601766.SH,中国中车,20240405,2.4926686217009
601766.SH,中国中车,20240404,2.4926686217009
601766.SH,中国中车,20240403,2.4926686217009
601766.SH,中国中车,20240402,2.4926686217009
601766.SH,中国中车,20240401,2.4926686217009
601766.SH,中国中车,20240331,6.8965517241379
601766.SH,中国中车,20240330,6.8965517241379
601766.SH,中国中车,20240329,6.8965517241379
601766.SH,中国中车,20240328,6.8965517241379
601766.SH,中国中车,20240327,6.8965517241379
601766.SH,中国中车,20240326,6.8965517241379
601766.SH,中国中车,20240325,6.8965517241379
601766.SH,中国中车,20240324,6.8965517241379
601766.SH,中国中车,20240323,6.8965517241379
601766.SH,中国中车,20240322,6.8965517241379
601766.SH,中国中车,20240321,6.8965517241379
601766.SH,中国中车,20240320,6.8965517241379
601766.SH,中国中车,20240319,6.8965517241379
601766.SH,中国中车,20240318,6.8965517241379
601766.SH,中国中车,20240317,6.8965517241379
601766.SH,中国中车,20240316,6.8965517241379
601766.SH,中国中车,20240315,6.8965517241379
601766.SH,中国中车,20240314,6.8965517241379
601766.SH,中国中车,20240313,6.8965517241379
601766.SH,中国中车,20240312,6.8965517241379
601766.SH,中国中车,20240311,6.8965517241379
601766.SH,中国中车,20240310,6.8965517241379
601766.SH,中国中车,20240309,6.8965517241379
601766.SH,中国中车,20240308,6.8965517241379
601766.SH,中国中车,20240307,6.8965517241379
601766.SH,中国中车,20240306,6.8965517241379
601766.SH,中国中车,20240305,6.8965517241379
601766.SH,中国中车,20240304,6.8965517241379
601766.SH,中国中车,20240303,6.8965517241379
601766.SH,中国中车,20240302,6.8965517241379
601766.SH,中国中车,20240301,6.8965517241379
601766.SH,中国中车,20240229,12.126537785589
601766.SH,中国中车,20240228,12.126537785589
601766.SH,中国中车,20240227,12.126537785589
601766.SH,中国中车,20240226,12.126537785589
601766.SH,中国中车,20240225,12.126537785589
601766.SH,中国中车,20240224,12.126537785589
601766.SH,中国中车,20240223,12.126537785589
601766.SH,中国中车,20240222,12.126537785589
601766.SH,中国中车,20240221,12.126537785589
601766.SH,中国中车,20240220,12.126537785589
601766.SH,中国中车,20240219,12.126537785589
601766.SH,中国中车,20240218,12.126537785589
601766.SH,中国中车,20240217,12.126537785589
601766.SH,中国中车,20240216,12.126537785589
601766.SH,中国中车,20240215,12.126537785589
601766.SH,中国中车,20240214,12.126537785589
601766.SH,中国中车,20240213,12.126537785589
601766.SH,中国中车,20240212,12.126537785589
601766.SH,中国中车,20240211,12.126537785589
601766.SH,中国中车,20240210,12.126537785589
601766.SH,中国中车,20240209,12.126537785589
601766.SH,中国中车,20240208,12.126537785589
601766.SH,中国中车,20240207,12.126537785589
601766.SH,中国中车,20240206,12.126537785589
601766.SH,中国中车,20240205,12.126537785589
601766.SH,中国中车,20240204,12.126537785589
601766.SH,中国中车,20240203,12.126537785589
601766.SH,中国中车,20240202,12.126537785589
601766.SH,中国中车,20240201,12.126537785589
601766.SH,中国中车,20240131,8.1749049429658
601766.SH,中国中车,20240130,8.1749049429658
601766.SH,中国中车,20240129,8.1749049429658
601766.SH,中国中车,20240128,8.1749049429658
601766.SH,中国中车,20240127,8.1749049429658
601766.SH,中国中车,20240126,8.1749049429658
601766.SH,中国中车,20240125,8.1749049429658
601766.SH,中国中车,20240124,8.1749049429658
601766.SH,中国中车,20240123,8.1749049429658
601766.SH,中国中车,20240122,8.1749049429658
601766.SH,中国中车,20240121,8.1749049429658
601766.SH,中国中车,20240120,8.1749049429658
601766.SH,中国中车,20240119,8.1749049429658
601766.SH,中国中车,20240118,8.1749049429658
601766.SH,中国中车,20240117,8.1749049429658
601766.SH,中国中车,20240116,8.1749049429658
601766.SH,中国中车,20240115,8.1749049429658
601766.SH,中国中车,20240114,8.1749049429658
601766.SH,中国中车,20240113,8.1749049429658
601766.SH,中国中车,20240112,8.1749049429658
601766.SH,中国中车,20240111,8.1749049429658
601766.SH,中国中车,20240110,8.1749049429658
601766.SH,中国中车,20240109,8.1749049429658
601766.SH,中国中车,20240108,8.1749049429658
601766.SH,中国中车,20240107,8.1749049429658
601766.SH,中国中车,20240106,8.1749049429658
601766.SH,中国中车,20240105,8.1749049429658
601766.SH,中国中车,20240104,8.1749049429658
601766.SH,中国中车,20240103,8.1749049429658
601766.SH,中国中车,20240102,8.1749049429658
601766.SH,中国中车,20240101,8.1749049429658
601766.SH,中国中车,20231231,1.1538461538461
601766.SH,中国中车,20231230,1.1538461538461
601766.SH,中国中车,20231229,1.1538461538461
601766.SH,中国中车,20231228,1.1538461538461
601766.SH,中国中车,20231227,1.1538461538461
601766.SH,中国中车,20231226,1.1538461538461
601766.SH,中国中车,20231225,1.1538461538461
601766.SH,中国中车,20231224,1.1538461538461
601766.SH,中国中车,20231223,1.1538461538461
601766.SH,中国中车,20231222,1.1538461538461
601766.SH,中国中车,20231221,1.1538461538461
601766.SH,中国中车,20231220,1.1538461538461
601766.SH,中国中车,20231219,1.1538461538461
601766.SH,中国中车,20231218,1.1538461538461
601766.SH,中国中车,20231217,1.1538461538461
601766.SH,中国中车,20231216,1.1538461538461
601766.SH,中国中车,20231215,1.1538461538461
601766.SH,中国中车,20231214,1.1538461538461
601766.SH,中国中车,20231213,1.1538461538461
601766.SH,中国中车,20231212,1.1538461538461
601766.SH,中国中车,20231211,1.1538461538461
601766.SH,中国中车,20231210,1.1538461538461
601766.SH,中国中车,20231209,1.1538461538461
601766.SH,中国中车,20231208,1.1538461538461
601766.SH,中国中车,20231207,1.1538461538461
601766.SH,中国中车,20231206,1.1538461538461
601766.SH,中国中车,20231205,1.1538461538461
601766.SH,中国中车,20231204,1.1538461538461
601766.SH,中国中车,20231203,1.1538461538461
601766.SH,中国中车,20231202,1.1538461538461
601766.SH,中国中车,20231201,1.1538461538461
601766.SH,中国中车,20231130,-2.6217228464419
601766.SH,中国中车,20231129,-2.6217228464419
601766.SH,中国中车,20231128,-2.6217228464419
601766.SH,中国中车,20231127,-2.6217228464419
601766.SH,中国中车,20231126,-2.6217228464419
601766.SH,中国中车,20231125,-2.6217228464419
601766.SH,中国中车,20231124,-2.6217228464419
601766.SH,中国中车,20231123,-2.6217228464419
601766.SH,中国中车,20231122,-2.6217228464419
601766.SH,中国中车,20231121,-2.6217228464419
601766.SH,中国中车,20231120,-2.6217228464419
601766.SH,中国中车,20231119,-2.6217228464419
601766.SH,中国中车,20231118,-2.6217228464419
601766.SH,中国中车,20231117,-2.6217228464419
601766.SH,中国中车,20231116,-2.6217228464419
601766.SH,中国中车,20231115,-2.6217228464419
601766.SH,中国中车,20231114,-2.6217228464419
601766.SH,中国中车,20231113,-2.6217228464419
601766.SH,中国中车,20231112,-2.6217228464419
601766.SH,中国中车,20231111,-2.6217228464419
601766.SH,中国中车,20231110,-2.6217228464419
601766.SH,中国中车,20231109,-2.6217228464419
601766.SH,中国中车,20231108,-2.6217228464419
601766.SH,中国中车,20231107,-2.6217228464419
601766.SH,中国中车,20231106,-2.6217228464419
601766.SH,中国中车,20231105,-2.6217228464419
601766.SH,中国中车,20231104,-2.6217228464419
601766.SH,中国中车,20231103,-2.6217228464419
601766.SH,中国中车,20231102,-2.6217228464419
601766.SH,中国中车,20231101,-2.6217228464419
601766.SH,中国中车,20231031,-8.5616438356164
601766.SH,中国中车,20231030,-8.5616438356164
601766.SH,中国中车,20231029,-8.5616438356164
601766.SH,中国中车,20231028,-8.5616438356164
601766.SH,中国中车,20231027,-8.5616438356164
601766.SH,中国中车,20231026,-8.5616438356164
601766.SH,中国中车,20231025,-8.5616438356164
601766.SH,中国中车,20231024,-8.5616438356164
601766.SH,中国中车,20231023,-8.5616438356164
601766.SH,中国中车,20231022,-8.5616438356164
601766.SH,中国中车,20231021,-8.5616438356164
601766.SH,中国中车,20231020,-8.5616438356164
601766.SH,中国中车,20231019,-8.5616438356164
601766.SH,中国中车,20231018,-8.5616438356164
601766.SH,中国中车,20231017,-8.5616438356164
601766.SH,中国中车,20231016,-8.5616438356164
601766.SH,中国中车,20231015,-8.5616438356164
601766.SH,中国中车,20231014,-8.5616438356164
601766.SH,中国中车,20231013,-8.5616438356164
601766.SH,中国中车,20231012,-8.5616438356164
601766.SH,中国中车,20231011,-8.5616438356164
601766.SH,中国中车,20231010,-8.5616438356164
601766.SH,中国中车,20231009,-8.5616438356164
601766.SH,中国中车,20231008,-8.5616438356164
601766.SH,中国中车,20231007,-8.5616438356164
601766.SH,中国中车,20231006,-8.5616438356164
601766.SH,中国中车,20231005,-8.5616438356164
601766.SH,中国中车,20231004,-8.5616438356164
601766.SH,中国中车,20231003,-8.5616438356164
601766.SH,中国中车,20231002,-8.5616438356164
601766.SH,中国中车,20231001,-8.5616438356164
601766.SH,中国中车,20230930,-1.6835016835017
601766.SH,中国中车,20230929,-1.6835016835017
601766.SH,中国中车,20230928,-1.6835016835017
601766.SH,中国中车,20230927,-1.6835016835017
601766.SH,中国中车,20230926,-1.6835016835017
601766.SH,中国中车,20230925,-1.6835016835017
601766.SH,中国中车,20230924,-1.6835016835017
601766.SH,中国中车,20230923,-1.6835016835017
601766.SH,中国中车,20230922,-1.6835016835017
601766.SH,中国中车,20230921,-1.6835016835017
601766.SH,中国中车,20230920,-1.6835016835017
601766.SH,中国中车,20230919,-1.6835016835017
601766.SH,中国中车,20230918,-1.6835016835017
601766.SH,中国中车,20230917,-1.6835016835017
601766.SH,中国中车,20230916,-1.6835016835017
601766.SH,中国中车,20230915,-1.6835016835017
601766.SH,中国中车,20230914,-1.6835016835017
601766.SH,中国中车,20230913,-1.6835016835017
601766.SH,中国中车,20230912,-1.6835016835017
601766.SH,中国中车,20230911,-1.6835016835017
601766.SH,中国中车,20230910,-1.6835016835017
601766.SH,中国中车,20230909,-1.6835016835017
601766.SH,中国中车,20230908,-1.6835016835017
601766.SH,中国中车,20230907,-1.6835016835017
601766.SH,中国中车,20230906,-1.6835016835017
601766.SH,中国中车,20230905,-1.6835016835017
601766.SH,中国中车,20230904,-1.6835016835017
601766.SH,中国中车,20230903,-1.6835016835017
601766.SH,中国中车,20230902,-1.6835016835017
601766.SH,中国中车,20230901,-1.6835016835017
601766.SH,中国中车,20230831,-11.475409836066
601766.SH,中国中车,20230830,-11.475409836066
601766.SH,中国中车,20230829,-11.475409836066
601766.SH,中国中车,20230828,-11.475409836066
601766.SH,中国中车,20230827,-11.475409836066
601766.SH,中国中车,20230826,-11.475409836066
601766.SH,中国中车,20230825,-11.475409836066
601766.SH,中国中车,20230824,-11.475409836066
601766.SH,中国中车,20230823,-11.475409836066
601766.SH,中国中车,20230822,-11.475409836066
601766.SH,中国中车,20230821,-11.475409836066
601766.SH,中国中车,20230820,-11.475409836066
601766.SH,中国中车,20230819,-11.475409836066
601766.SH,中国中车,20230818,-11.475409836066
601766.SH,中国中车,20230817,-11.475409836066
601766.SH,中国中车,20230816,-11.475409836066
601766.SH,中国中车,20230815,-11.475409836066
601766.SH,中国中车,20230814,-11.475409836066
601766.SH,中国中车,20230813,-11.475409836066
601766.SH,中国中车,20230812,-11.475409836066
601766.SH,中国中车,20230811,-11.475409836066
601766.SH,中国中车,20230810,-11.475409836066
601766.SH,中国中车,20230809,-11.475409836066
601766.SH,中国中车,20230808,-11.475409836066
601766.SH,中国中车,20230807,-11.475409836066
601766.SH,中国中车,20230806,-11.475409836066
601766.SH,中国中车,20230805,-11.475409836066
601766.SH,中国中车,20230804,-11.475409836066
601766.SH,中国中车,20230803,-11.475409836066
601766.SH,中国中车,20230802,-11.475409836066
601766.SH,中国中车,20230801,-11.475409836066
601766.SH,中国中车,20230731,3.2307692307692
601766.SH,中国中车,20230730,3.2307692307692
601766.SH,中国中车,20230729,3.2307692307692
601766.SH,中国中车,20230728,3.2307692307692
601766.SH,中国中车,20230727,3.2307692307692
601766.SH,中国中车,20230726,3.2307692307692
601766.SH,中国中车,20230725,3.2307692307692
601766.SH,中国中车,20230724,3.2307692307692
601766.SH,中国中车,20230723,3.2307692307692
601766.SH,中国中车,20230722,3.2307692307692
601766.SH,中国中车,20230721,3.2307692307692
601766.SH,中国中车,20230720,3.2307692307692
601766.SH,中国中车,20230719,3.2307692307692
601766.SH,中国中车,20230718,3.2307692307692
601766.SH,中国中车,20230717,3.2307692307692
601766.SH,中国中车,20230716,3.2307692307692
601766.SH,中国中车,20230715,3.2307692307692
601766.SH,中国中车,20230714,3.2307692307692
601766.SH,中国中车,20230713,3.2307692307692
601766.SH,中国中车,20230712,3.2307692307692
601766.SH,中国中车,20230711,3.2307692307692
601766.SH,中国中车,20230710,3.2307692307692
601766.SH,中国中车,20230709,3.2307692307692
601766.SH,中国中车,20230708,3.2307692307692
601766.SH,中国中车,20230707,3.2307692307692
601766.SH,中国中车,20230706,3.2307692307692
601766.SH,中国中车,20230705,3.2307692307692
601766.SH,中国中车,20230704,3.2307692307692
601766.SH,中国中车,20230703,3.2307692307692
601766.SH,中国中车,20230702,3.2307692307692
601766.SH,中国中车,20230701,3.2307692307692
601766.SH,中国中车,20230630,-7.6704545454545
601766.SH,中国中车,20230629,-7.6704545454545
601766.SH,中国中车,20230628,-7.6704545454545
601766.SH,中国中车,20230627,-7.6704545454545
601766.SH,中国中车,20230626,-7.6704545454545
601766.SH,中国中车,20230625,-7.6704545454545
601766.SH,中国中车,20230624,-7.6704545454545
601766.SH,中国中车,20230623,-7.6704545454545
601766.SH,中国中车,20230622,-7.6704545454545
601766.SH,中国中车,20230621,-7.6704545454545
601766.SH,中国中车,20230620,-7.6704545454545
601766.SH,中国中车,20230619,-7.6704545454545
601766.SH,中国中车,20230618,-7.6704545454545
601766.SH,中国中车,20230617,-7.6704545454545
601766.SH,中国中车,20230616,-7.6704545454545
601766.SH,中国中车,20230615,-7.6704545454545
601766.SH,中国中车,20230614,-7.6704545454545
601766.SH,中国中车,20230613,-7.6704545454545
601766.SH,中国中车,20230612,-7.6704545454545
601766.SH,中国中车,20230611,-7.6704545454545
601766.SH,中国中车,20230610,-7.6704545454545
601766.SH,中国中车,20230609,-7.6704545454545
601766.SH,中国中车,20230608,-7.6704545454545
601766.SH,中国中车,20230607,-7.6704545454545
601766.SH,中国中车,20230606,-7.6704545454545
601766.SH,中国中车,20230605,-7.6704545454545
601766.SH,中国中车,20230604,-7.6704545454545
601766.SH,中国中车,20230603,-7.6704545454545
601766.SH,中国中车,20230602,-7.6704545454545
601766.SH,中国中车,20230601,-7.6704545454545
601766.SH,中国中车,20230531,0.71530758226037
601766.SH,中国中车,20230530,0.71530758226037
601766.SH,中国中车,20230529,0.71530758226037
601766.SH,中国中车,20230528,0.71530758226037
601766.SH,中国中车,20230527,0.71530758226037
601766.SH,中国中车,20230526,0.71530758226037
601766.SH,中国中车,20230525,0.71530758226037
601766.SH,中国中车,20230524,0.71530758226037
601766.SH,中国中车,20230523,0.71530758226037
601766.SH,中国中车,20230522,0.71530758226037
601766.SH,中国中车,20230521,0.71530758226037
601766.SH,中国中车,20230520,0.71530758226037
601766.SH,中国中车,20230519,0.71530758226037
601766.SH,中国中车,20230518,0.71530758226037
601766.SH,中国中车,20230517,0.71530758226037
601766.SH,中国中车,20230516,0.71530758226037
601766.SH,中国中车,20230515,0.71530758226037
601766.SH,中国中车,20230514,0.71530758226037
601766.SH,中国中车,20230513,0.71530758226037
601766.SH,中国中车,20230512,0.71530758226037
601766.SH,中国中车,20230511,0.71530758226037
601766.SH,中国中车,20230510,0.71530758226037
601766.SH,中国中车,20230509,0.71530758226037
601766.SH,中国中车,20230508,0.71530758226037
601766.SH,中国中车,20230507,0.71530758226037
601766.SH,中国中车,20230506,0.71530758226037
601766.SH,中国中车,20230505,0.71530758226037
601766.SH,中国中车,20230504,0.71530758226037
601766.SH,中国中车,20230503,0.71530758226037
601766.SH,中国中车,20230502,0.71530758226037
601766.SH,中国中车,20230501,0.71530758226037
601766.SH,中国中车,20230430,14.21568627451
601766.SH,中国中车,20230429,14.21568627451
601766.SH,中国中车,20230428,14.21568627451
601766.SH,中国中车,20230427,14.21568627451
601766.SH,中国中车,20230426,14.21568627451
601766.SH,中国中车,20230425,14.21568627451
601766.SH,中国中车,20230424,14.21568627451
601766.SH,中国中车,20230423,14.21568627451
601766.SH,中国中车,20230422,14.21568627451
601766.SH,中国中车,20230421,14.21568627451
601766.SH,中国中车,20230420,14.21568627451
601766.SH,中国中车,20230419,14.21568627451
601766.SH,中国中车,20230418,14.21568627451
601766.SH,中国中车,20230417,14.21568627451
601766.SH,中国中车,20230416,14.21568627451
601766.SH,中国中车,20230415,14.21568627451
601766.SH,中国中车,20230414,14.21568627451
601766.SH,中国中车,20230413,14.21568627451
601766.SH,中国中车,20230412,14.21568627451
601766.SH,中国中车,20230411,14.21568627451
601766.SH,中国中车,20230410,14.21568627451
601766.SH,中国中车,20230409,14.21568627451
601766.SH,中国中车,20230408,14.21568627451
601766.SH,中国中车,20230407,14.21568627451
601766.SH,中国中车,20230406,14.21568627451
601766.SH,中国中车,20230405,14.21568627451
601766.SH,中国中车,20230404,14.21568627451
601766.SH,中国中车,20230403,14.21568627451
601766.SH,中国中车,20230402,14.21568627451
601766.SH,中国中车,20230401,14.21568627451
601766.SH,中国中车,20230331,7.3684210526316
601766.SH,中国中车,20230330,7.3684210526316
601766.SH,中国中车,20230329,7.3684210526316
601766.SH,中国中车,20230328,7.3684210526316
601766.SH,中国中车,20230327,7.3684210526316
601766.SH,中国中车,20230326,7.3684210526316
601766.SH,中国中车,20230325,7.3684210526316
601766.SH,中国中车,20230324,7.3684210526316
601766.SH,中国中车,20230323,7.3684210526316
601766.SH,中国中车,20230322,7.3684210526316
601766.SH,中国中车,20230321,7.3684210526316
601766.SH,中国中车,20230320,7.3684210526316
601766.SH,中国中车,20230319,7.3684210526316
601766.SH,中国中车,20230318,7.3684210526316
601766.SH,中国中车,20230317,7.3684210526316
601766.SH,中国中车,20230316,7.3684210526316
601766.SH,中国中车,20230315,7.3684210526316
601766.SH,中国中车,20230314,7.3684210526316
601766.SH,中国中车,20230313,7.3684210526316
601766.SH,中国中车,20230312,7.3684210526316
601766.SH,中国中车,20230311,7.3684210526316
601766.SH,中国中车,20230310,7.3684210526316
601766.SH,中国中车,20230309,7.3684210526316
601766.SH,中国中车,20230308,7.3684210526316
601766.SH,中国中车,20230307,7.3684210526316
601766.SH,中国中车,20230306,7.3684210526316
601766.SH,中国中车,20230305,7.3684210526316
601766.SH,中国中车,20230304,7.3684210526316
601766.SH,中国中车,20230303,7.3684210526316
601766.SH,中国中车,20230302,7.3684210526316
601766.SH,中国中车,20230301,7.3684210526316
601766.SH,中国中车,20230228,6.5420560747664
601766.SH,中国中车,20230227,6.5420560747664
601766.SH,中国中车,20230226,6.5420560747664
601766.SH,中国中车,20230225,6.5420560747664
601766.SH,中国中车,20230224,6.5420560747664
601766.SH,中国中车,20230223,6.5420560747664
601766.SH,中国中车,20230222,6.5420560747664
601766.SH,中国中车,20230221,6.5420560747664
601766.SH,中国中车,20230220,6.5420560747664
601766.SH,中国中车,20230219,6.5420560747664
601766.SH,中国中车,20230218,6.5420560747664
601766.SH,中国中车,20230217,6.5420560747664
601766.SH,中国中车,20230216,6.5420560747664
601766.SH,中国中车,20230215,6.5420560747664
601766.SH,中国中车,20230214,6.5420560747664
601766.SH,中国中车,20230213,6.5420560747664
601766.SH,中国中车,20230212,6.5420560747664
601766.SH,中国中车,20230211,6.5420560747664
601766.SH,中国中车,20230210,6.5420560747664
601766.SH,中国中车,20230209,6.5420560747664
601766.SH,中国中车,20230208,6.5420560747664
601766.SH,中国中车,20230207,6.5420560747664
601766.SH,中国中车,20230206,6.5420560747664
601766.SH,中国中车,20230205,6.5420560747664
601766.SH,中国中车,20230204,6.5420560747664
601766.SH,中国中车,20230203,6.5420560747664
601766.SH,中国中车,20230202,6.5420560747664
601766.SH,中国中车,20230201,6.5420560747664
601766.SH,中国中车,20230131,4.6966731898239
601766.SH,中国中车,20230130,4.6966731898239
601766.SH,中国中车,20230129,4.6966731898239
601766.SH,中国中车,20230128,4.6966731898239
601766.SH,中国中车,20230127,4.6966731898239
601766.SH,中国中车,20230126,4.6966731898239
601766.SH,中国中车,20230125,4.6966731898239
601766.SH,中国中车,20230124,4.6966731898239
601766.SH,中国中车,20230123,4.6966731898239
601766.SH,中国中车,20230122,4.6966731898239
601766.SH,中国中车,20230121,4.6966731898239
601766.SH,中国中车,20230120,4.6966731898239
601766.SH,中国中车,20230119,4.6966731898239
601766.SH,中国中车,20230118,4.6966731898239
601766.SH,中国中车,20230117,4.6966731898239
601766.SH,中国中车,20230116,4.6966731898239
601766.SH,中国中车,20230115,4.6966731898239
601766.SH,中国中车,20230114,4.6966731898239
601766.SH,中国中车,20230113,4.6966731898239
601766.SH,中国中车,20230112,4.6966731898239
601766.SH,中国中车,20230111,4.6966731898239
601766.SH,中国中车,20230110,4.6966731898239
601766.SH,中国中车,20230109,4.6966731898239
601766.SH,中国中车,20230108,4.6966731898239
601766.SH,中国中车,20230107,4.6966731898239
601766.SH,中国中车,20230106,4.6966731898239
601766.SH,中国中车,20230105,4.6966731898239
601766.SH,中国中车,20230104,4.6966731898239
601766.SH,中国中车,20230103,4.6966731898239
601766.SH,中国中车,20230102,4.6966731898239
601766.SH,中国中车,20230101,4.6966731898239
601766.SH,中国中车,20221231,-4.6641791044776
601766.SH,中国中车,20221230,-4.6641791044776
601766.SH,中国中车,20221229,-4.6641791044776
601766.SH,中国中车,20221228,-4.6641791044776
601766.SH,中国中车,20221227,-4.6641791044776
601766.SH,中国中车,20221226,-4.6641791044776
601766.SH,中国中车,20221225,-4.6641791044776
601766.SH,中国中车,20221224,-4.6641791044776
601766.SH,中国中车,20221223,-4.6641791044776
601766.SH,中国中车,20221222,-4.6641791044776
601766.SH,中国中车,20221221,-4.6641791044776
601766.SH,中国中车,20221220,-4.6641791044776
601766.SH,中国中车,20221219,-4.6641791044776
601766.SH,中国中车,20221218,-4.6641791044776
601766.SH,中国中车,20221217,-4.6641791044776
601766.SH,中国中车,20221216,-4.6641791044776
601766.SH,中国中车,20221215,-4.6641791044776
601766.SH,中国中车,20221214,-4.6641791044776
601766.SH,中国中车,20221213,-4.6641791044776
601766.SH,中国中车,20221212,-4.6641791044776
601766.SH,中国中车,20221211,-4.6641791044776
601766.SH,中国中车,20221210,-4.6641791044776
601766.SH,中国中车,20221209,-4.6641791044776
601766.SH,中国中车,20221208,-4.6641791044776
601766.SH,中国中车,20221207,-4.6641791044776
601766.SH,中国中车,20221206,-4.6641791044776
601766.SH,中国中车,20221205,-4.6641791044776
601766.SH,中国中车,20221204,-4.6641791044776
601766.SH,中国中车,20221203,-4.6641791044776
601766.SH,中国中车,20221202,-4.6641791044776
601766.SH,中国中车,20221201,-4.6641791044776
601766.SH,中国中车,20221130,12.842105263158
601766.SH,中国中车,20221129,12.842105263158
601766.SH,中国中车,20221128,12.842105263158
601766.SH,中国中车,20221127,12.842105263158
601766.SH,中国中车,20221126,12.842105263158
601766.SH,中国中车,20221125,12.842105263158
601766.SH,中国中车,20221124,12.842105263158
601766.SH,中国中车,20221123,12.842105263158
601766.SH,中国中车,20221122,12.842105263158
601766.SH,中国中车,20221121,12.842105263158
601766.SH,中国中车,20221120,12.842105263158
601766.SH,中国中车,20221119,12.842105263158
601766.SH,中国中车,20221118,12.842105263158
601766.SH,中国中车,20221117,12.842105263158
601766.SH,中国中车,20221116,12.842105263158
601766.SH,中国中车,20221115,12.842105263158
601766.SH,中国中车,20221114,12.842105263158
601766.SH,中国中车,20221113,12.842105263158
601766.SH,中国中车,20221112,12.842105263158
601766.SH,中国中车,20221111,12.842105263158
601766.SH,中国中车,20221110,12.842105263158
601766.SH,中国中车,20221109,12.842105263158
601766.SH,中国中车,20221108,12.842105263158
601766.SH,中国中车,20221107,12.842105263158
601766.SH,中国中车,20221106,12.842105263158
601766.SH,中国中车,20221105,12.842105263158
601766.SH,中国中车,20221104,12.842105263158
601766.SH,中国中车,20221103,12.842105263158
601766.SH,中国中车,20221102,12.842105263158
601766.SH,中国中车,20221101,12.842105263158
601766.SH,中国中车,20221031,1.2793176972281
601766.SH,中国中车,20221030,1.2793176972281
601766.SH,中国中车,20221029,1.2793176972281
601766.SH,中国中车,20221028,1.2793176972281
601766.SH,中国中车,20221027,1.2793176972281
601766.SH,中国中车,20221026,1.2793176972281
601766.SH,中国中车,20221025,1.2793176972281
601766.SH,中国中车,20221024,1.2793176972281
601766.SH,中国中车,20221023,1.2793176972281
601766.SH,中国中车,20221022,1.2793176972281
601766.SH,中国中车,20221021,1.2793176972281
601766.SH,中国中车,20221020,1.2793176972281
601766.SH,中国中车,20221019,1.2793176972281
601766.SH,中国中车,20221018,1.2793176972281
601766.SH,中国中车,20221017,1.2793176972281
601766.SH,中国中车,20221016,1.2793176972281
601766.SH,中国中车,20221015,1.2793176972281
601766.SH,中国中车,20221014,1.2793176972281
601766.SH,中国中车,20221013,1.2793176972281
601766.SH,中国中车,20221012,1.2793176972281
601766.SH,中国中车,20221011,1.2793176972281
601766.SH,中国中车,20221010,1.2793176972281
601766.SH,中国中车,20221009,1.2793176972281
601766.SH,中国中车,20221008,1.2793176972281
601766.SH,中国中车,20221007,1.2793176972281
601766.SH,中国中车,20221006,1.2793176972281
601766.SH,中国中车,20221005,1.2793176972281
601766.SH,中国中车,20221004,1.2793176972281
601766.SH,中国中车,20221003,1.2793176972281
601766.SH,中国中车,20221002,1.2793176972281
601766.SH,中国中车,20221001,1.2793176972281
601766.SH,中国中车,20220930,-6.3872255489022
601766.SH,中国中车,20220929,-6.3872255489022
601766.SH,中国中车,20220928,-6.3872255489022
601766.SH,中国中车,20220927,-6.3872255489022
601766.SH,中国中车,20220926,-6.3872255489022
601766.SH,中国中车,20220925,-6.3872255489022
601766.SH,中国中车,20220924,-6.3872255489022
601766.SH,中国中车,20220923,-6.3872255489022
601766.SH,中国中车,20220922,-6.3872255489022
601766.SH,中国中车,20220921,-6.3872255489022
601766.SH,中国中车,20220920,-6.3872255489022
601766.SH,中国中车,20220919,-6.3872255489022
601766.SH,中国中车,20220918,-6.3872255489022
601766.SH,中国中车,20220917,-6.3872255489022
601766.SH,中国中车,20220916,-6.3872255489022
601766.SH,中国中车,20220915,-6.3872255489022
601766.SH,中国中车,20220914,-6.3872255489022
601766.SH,中国中车,20220913,-6.3872255489022
601766.SH,中国中车,20220912,-6.3872255489022
601766.SH,中国中车,20220911,-6.3872255489022
601766.SH,中国中车,20220910,-6.3872255489022
601766.SH,中国中车,20220909,-6.3872255489022
601766.SH,中国中车,20220908,-6.3872255489022
601766.SH,中国中车,20220907,-6.3872255489022
601766.SH,中国中车,20220906,-6.3872255489022
601766.SH,中国中车,20220905,-6.3872255489022
601766.SH,中国中车,20220904,-6.3872255489022
601766.SH,中国中车,20220903,-6.3872255489022
601766.SH,中国中车,20220902,-6.3872255489022
601766.SH,中国中车,20220901,-6.3872255489022
601766.SH,中国中车,20220831,-2.7184466019418
601766.SH,中国中车,20220830,-2.7184466019418
601766.SH,中国中车,20220829,-2.7184466019418
601766.SH,中国中车,20220828,-2.7184466019418
601766.SH,中国中车,20220827,-2.7184466019418
601766.SH,中国中车,20220826,-2.7184466019418
601766.SH,中国中车,20220825,-2.7184466019418
601766.SH,中国中车,20220824,-2.7184466019418
601766.SH,中国中车,20220823,-2.7184466019418
601766.SH,中国中车,20220822,-2.7184466019418
601766.SH,中国中车,20220821,-2.7184466019418
601766.SH,中国中车,20220820,-2.7184466019418
601766.SH,中国中车,20220819,-2.7184466019418
601766.SH,中国中车,20220818,-2.7184466019418
601766.SH,中国中车,20220817,-2.7184466019418
601766.SH,中国中车,20220816,-2.7184466019418
601766.SH,中国中车,20220815,-2.7184466019418
601766.SH,中国中车,20220814,-2.7184466019418
601766.SH,中国中车,20220813,-2.7184466019418
601766.SH,中国中车,20220812,-2.7184466019418
601766.SH,中国中车,20220811,-2.7184466019418
601766.SH,中国中车,20220810,-2.7184466019418
601766.SH,中国中车,20220809,-2.7184466019418
601766.SH,中国中车,20220808,-2.7184466019418
601766.SH,中国中车,20220807,-2.7184466019418
601766.SH,中国中车,20220806,-2.7184466019418
601766.SH,中国中车,20220805,-2.7184466019418
601766.SH,中国中车,20220804,-2.7184466019418
601766.SH,中国中车,20220803,-2.7184466019418
601766.SH,中国中车,20220802,-2.7184466019418
601766.SH,中国中车,20220801,-2.7184466019418
601766.SH,中国中车,20220731,-0.96153846153846
601766.SH,中国中车,20220730,-0.96153846153846
601766.SH,中国中车,20220729,-0.96153846153846
601766.SH,中国中车,20220728,-0.96153846153846
601766.SH,中国中车,20220727,-0.96153846153846
601766.SH,中国中车,20220726,-0.96153846153846
601766.SH,中国中车,20220725,-0.96153846153846
601766.SH,中国中车,20220724,-0.96153846153846
601766.SH,中国中车,20220723,-0.96153846153846
601766.SH,中国中车,20220722,-0.96153846153846
601766.SH,中国中车,20220721,-0.96153846153846
601766.SH,中国中车,20220720,-0.96153846153846
601766.SH,中国中车,20220719,-0.96153846153846
601766.SH,中国中车,20220718,-0.96153846153846
601766.SH,中国中车,20220717,-0.96153846153846
601766.SH,中国中车,20220716,-0.96153846153846
601766.SH,中国中车,20220715,-0.96153846153846
601766.SH,中国中车,20220714,-0.96153846153846
601766.SH,中国中车,20220713,-0.96153846153846
601766.SH,中国中车,20220712,-0.96153846153846
601766.SH,中国中车,20220711,-0.96153846153846
601766.SH,中国中车,20220710,-0.96153846153846
601766.SH,中国中车,20220709,-0.96153846153846
601766.SH,中国中车,20220708,-0.96153846153846
601766.SH,中国中车,20220707,-0.96153846153846
601766.SH,中国中车,20220706,-0.96153846153846
601766.SH,中国中车,20220705,-0.96153846153846
601766.SH,中国中车,20220704,-0.96153846153846
601766.SH,中国中车,20220703,-0.96153846153846
601766.SH,中国中车,20220702,-0.96153846153846
601766.SH,中国中车,20220701,-0.96153846153846
601766.SH,中国中车,20220630,2.7667984189723
601766.SH,中国中车,20220629,2.7667984189723
601766.SH,中国中车,20220628,2.7667984189723
601766.SH,中国中车,20220627,2.7667984189723
601766.SH,中国中车,20220626,2.7667984189723
601766.SH,中国中车,20220625,2.7667984189723
601766.SH,中国中车,20220624,2.7667984189723
601766.SH,中国中车,20220623,2.7667984189723
601766.SH,中国中车,20220622,2.7667984189723
601766.SH,中国中车,20220621,2.7667984189723
601766.SH,中国中车,20220620,2.7667984189723
601766.SH,中国中车,20220619,2.7667984189723
601766.SH,中国中车,20220618,2.7667984189723
601766.SH,中国中车,20220617,2.7667984189723
601766.SH,中国中车,20220616,2.7667984189723
601766.SH,中国中车,20220615,2.7667984189723
601766.SH,中国中车,20220614,2.7667984189723
601766.SH,中国中车,20220613,2.7667984189723
601766.SH,中国中车,20220612,2.7667984189723
601766.SH,中国中车,20220611,2.7667984189723
601766.SH,中国中车,20220610,2.7667984189723
601766.SH,中国中车,20220609,2.7667984189723
601766.SH,中国中车,20220608,2.7667984189723
601766.SH,中国中车,20220607,2.7667984189723
601766.SH,中国中车,20220606,2.7667984189723
601766.SH,中国中车,20220605,2.7667984189723
601766.SH,中国中车,20220604,2.7667984189723
601766.SH,中国中车,20220603,2.7667984189723
601766.SH,中国中车,20220602,2.7667984189723
601766.SH,中国中车,20220601,2.7667984189723
601766.SH,中国中车,20220531,0.19801980198019
601766.SH,中国中车,20220530,0.19801980198019
601766.SH,中国中车,20220529,0.19801980198019
601766.SH,中国中车,20220528,0.19801980198019
601766.SH,中国中车,20220527,0.19801980198019
601766.SH,中国中车,20220526,0.19801980198019
601766.SH,中国中车,20220525,0.19801980198019
601766.SH,中国中车,20220524,0.19801980198019
601766.SH,中国中车,20220523,0.19801980198019
601766.SH,中国中车,20220522,0.19801980198019
601766.SH,中国中车,20220521,0.19801980198019
601766.SH,中国中车,20220520,0.19801980198019
601766.SH,中国中车,20220519,0.19801980198019
601766.SH,中国中车,20220518,0.19801980198019
601766.SH,中国中车,20220517,0.19801980198019
601766.SH,中国中车,20220516,0.19801980198019
601766.SH,中国中车,20220515,0.19801980198019
601766.SH,中国中车,20220514,0.19801980198019
601766.SH,中国中车,20220513,0.19801980198019
601766.SH,中国中车,20220512,0.19801980198019
601766.SH,中国中车,20220511,0.19801980198019
601766.SH,中国中车,20220510,0.19801980198019
601766.SH,中国中车,20220509,0.19801980198019
601766.SH,中国中车,20220508,0.19801980198019
601766.SH,中国中车,20220507,0.19801980198019
601766.SH,中国中车,20220506,0.19801980198019
601766.SH,中国中车,20220505,0.19801980198019
601766.SH,中国中车,20220504,0.19801980198019
601766.SH,中国中车,20220503,0.19801980198019
601766.SH,中国中车,20220502,0.19801980198019
601766.SH,中国中车,20220501,0.19801980198019
601766.SH,中国中车,20220430,-6.4814814814815
601766.SH,中国中车,20220429,-6.4814814814815
601766.SH,中国中车,20220428,-6.4814814814815
601766.SH,中国中车,20220427,-6.4814814814815
601766.SH,中国中车,20220426,-6.4814814814815
601766.SH,中国中车,20220425,-6.4814814814815
601766.SH,中国中车,20220424,-6.4814814814815
601766.SH,中国中车,20220423,-6.4814814814815
601766.SH,中国中车,20220422,-6.4814814814815
601766.SH,中国中车,20220421,-6.4814814814815
601766.SH,中国中车,20220420,-6.4814814814815
601766.SH,中国中车,20220419,-6.4814814814815
601766.SH,中国中车,20220418,-6.4814814814815
601766.SH,中国中车,20220417,-6.4814814814815
601766.SH,中国中车,20220416,-6.4814814814815
601766.SH,中国中车,20220415,-6.4814814814815
601766.SH,中国中车,20220414,-6.4814814814815
601766.SH,中国中车,20220413,-6.4814814814815
601766.SH,中国中车,20220412,-6.4814814814815
601766.SH,中国中车,20220411,-6.4814814814815
601766.SH,中国中车,20220410,-6.4814814814815
601766.SH,中国中车,20220409,-6.4814814814815
601766.SH,中国中车,20220408,-6.4814814814815
601766.SH,中国中车,20220407,-6.4814814814815
601766.SH,中国中车,20220406,-6.4814814814815
601766.SH,中国中车,20220405,-6.4814814814815
601766.SH,中国中车,20220404,-6.4814814814815
601766.SH,中国中车,20220403,-6.4814814814815
601766.SH,中国中车,20220402,-6.4814814814815
601766.SH,中国中车,20220401,-6.4814814814815
601766.SH,中国中车,20220331,-6.7357512953368
601766.SH,中国中车,20220330,-6.7357512953368
601766.SH,中国中车,20220329,-6.7357512953368
601766.SH,中国中车,20220328,-6.7357512953368
601766.SH,中国中车,20220327,-6.7357512953368
601766.SH,中国中车,20220326,-6.7357512953368
601766.SH,中国中车,20220325,-6.7357512953368
601766.SH,中国中车,20220324,-6.7357512953368
601766.SH,中国中车,20220323,-6.7357512953368
601766.SH,中国中车,20220322,-6.7357512953368
601766.SH,中国中车,20220321,-6.7357512953368
601766.SH,中国中车,20220320,-6.7357512953368
601766.SH,中国中车,20220319,-6.7357512953368
601766.SH,中国中车,20220318,-6.7357512953368
601766.SH,中国中车,20220317,-6.7357512953368
601766.SH,中国中车,20220316,-6.7357512953368
601766.SH,中国中车,20220315,-6.7357512953368
601766.SH,中国中车,20220314,-6.7357512953368
601766.SH,中国中车,20220313,-6.7357512953368
601766.SH,中国中车,20220312,-6.7357512953368
601766.SH,中国中车,20220311,-6.7357512953368
601766.SH,中国中车,20220310,-6.7357512953368
601766.SH,中国中车,20220309,-6.7357512953368
601766.SH,中国中车,20220308,-6.7357512953368
601766.SH,中国中车,20220307,-6.7357512953368
601766.SH,中国中车,20220306,-6.7357512953368
601766.SH,中国中车,20220305,-6.7357512953368
601766.SH,中国中车,20220304,-6.7357512953368
601766.SH,中国中车,20220303,-6.7357512953368
601766.SH,中国中车,20220302,-6.7357512953368
601766.SH,中国中车,20220301,-6.7357512953368
601766.SH,中国中车,20220228,-0.51546391752578
601766.SH,中国中车,20220227,-0.51546391752578
601766.SH,中国中车,20220226,-0.51546391752578
601766.SH,中国中车,20220225,-0.51546391752578
601766.SH,中国中车,20220224,-0.51546391752578
601766.SH,中国中车,20220223,-0.51546391752578
601766.SH,中国中车,20220222,-0.51546391752578
601766.SH,中国中车,20220221,-0.51546391752578
601766.SH,中国中车,20220220,-0.51546391752578
601766.SH,中国中车,20220219,-0.51546391752578
601766.SH,中国中车,20220218,-0.51546391752578
601766.SH,中国中车,20220217,-0.51546391752578
601766.SH,中国中车,20220216,-0.51546391752578
601766.SH,中国中车,20220215,-0.51546391752578
601766.SH,中国中车,20220214,-0.51546391752578
601766.SH,中国中车,20220213,-0.51546391752578
601766.SH,中国中车,20220212,-0.51546391752578
601766.SH,中国中车,20220211,-0.51546391752578
601766.SH,中国中车,20220210,-0.51546391752578
601766.SH,中国中车,20220209,-0.51546391752578
601766.SH,中国中车,20220208,-0.51546391752578
601766.SH,中国中车,20220207,-0.51546391752578
601766.SH,中国中车,20220206,-0.51546391752578
601766.SH,中国中车,20220205,-0.51546391752578
601766.SH,中国中车,20220204,-0.51546391752578
601766.SH,中国中车,20220203,-0.51546391752578
601766.SH,中国中车,20220202,-0.51546391752578
601766.SH,中国中车,20220201,-0.51546391752578
601766.SH,中国中车,20220131,-4.4334975369458
601766.SH,中国中车,20220130,-4.4334975369458
601766.SH,中国中车,20220129,-4.4334975369458
601766.SH,中国中车,20220128,-4.4334975369458
601766.SH,中国中车,20220127,-4.4334975369458
601766.SH,中国中车,20220126,-4.4334975369458
601766.SH,中国中车,20220125,-4.4334975369458
601766.SH,中国中车,20220124,-4.4334975369458
601766.SH,中国中车,20220123,-4.4334975369458
601766.SH,中国中车,20220122,-4.4334975369458
601766.SH,中国中车,20220121,-4.4334975369458
601766.SH,中国中车,20220120,-4.4334975369458
601766.SH,中国中车,20220119,-4.4334975369458
601766.SH,中国中车,20220118,-4.4334975369458
601766.SH,中国中车,20220117,-4.4334975369458
601766.SH,中国中车,20220116,-4.4334975369458
601766.SH,中国中车,20220115,-4.4334975369458
601766.SH,中国中车,20220114,-4.4334975369458
601766.SH,中国中车,20220113,-4.4334975369458
601766.SH,中国中车,20220112,-4.4334975369458
601766.SH,中国中车,20220111,-4.4334975369458
601766.SH,中国中车,20220110,-4.4334975369458
601766.SH,中国中车,20220109,-4.4334975369458
601766.SH,中国中车,20220108,-4.4334975369458
601766.SH,中国中车,20220107,-4.4334975369458
601766.SH,中国中车,20220106,-4.4334975369458
601766.SH,中国中车,20220105,-4.4334975369458
601766.SH,中国中车,20220104,-4.4334975369458
601766.SH,中国中车,20220103,-4.4334975369458
601766.SH,中国中车,20220102,-4.4334975369458
601766.SH,中国中车,20220101,-4.4334975369458
601766.SH,中国中车,20211231,0.0
601766.SH,中国中车,20211230,0.0
601766.SH,中国中车,20211229,0.0
601766.SH,中国中车,20211228,0.0
601766.SH,中国中车,20211227,0.0
601766.SH,中国中车,20211226,0.0
601766.SH,中国中车,20211225,0.0
601766.SH,中国中车,20211224,0.0
601766.SH,中国中车,20211223,0.0
601766.SH,中国中车,20211222,0.0
601766.SH,中国中车,20211221,0.0
601766.SH,中国中车,20211220,0.0
601766.SH,中国中车,20211219,0.0
601766.SH,中国中车,20211218,0.0
601766.SH,中国中车,20211217,0.0
601766.SH,中国中车,20211216,0.0
601766.SH,中国中车,20211215,0.0
601766.SH,中国中车,20211214,0.0
601766.SH,中国中车,20211213,0.0
601766.SH,中国中车,20211212,0.0
601766.SH,中国中车,20211211,0.0
601766.SH,中国中车,20211210,0.0
601766.SH,中国中车,20211209,0.0
601766.SH,中国中车,20211208,0.0
601766.SH,中国中车,20211207,0.0
601766.SH,中国中车,20211206,0.0
601766.SH,中国中车,20211205,0.0
601766.SH,中国中车,20211204,0.0
601766.SH,中国中车,20211203,0.0
601766.SH,中国中车,20211202,0.0
601766.SH,中国中车,20211201,0.0
601766.SH,中国中车,20211130,2.5252525252525
601766.SH,中国中车,20211129,2.5252525252525
601766.SH,中国中车,20211128,2.5252525252525
601766.SH,中国中车,20211127,2.5252525252525
601766.SH,中国中车,20211126,2.5252525252525
601766.SH,中国中车,20211125,2.5252525252525
601766.SH,中国中车,20211124,2.5252525252525
601766.SH,中国中车,20211123,2.5252525252525
601766.SH,中国中车,20211122,2.5252525252525
601766.SH,中国中车,20211121,2.5252525252525
601766.SH,中国中车,20211120,2.5252525252525
601766.SH,中国中车,20211119,2.5252525252525
601766.SH,中国中车,20211118,2.5252525252525
601766.SH,中国中车,20211117,2.5252525252525
601766.SH,中国中车,20211116,2.5252525252525
601766.SH,中国中车,20211115,2.5252525252525
601766.SH,中国中车,20211114,2.5252525252525
601766.SH,中国中车,20211113,2.5252525252525
601766.SH,中国中车,20211112,2.5252525252525
601766.SH,中国中车,20211111,2.5252525252525
601766.SH,中国中车,20211110,2.5252525252525
601766.SH,中国中车,20211109,2.5252525252525
601766.SH,中国中车,20211108,2.5252525252525
601766.SH,中国中车,20211107,2.5252525252525
601766.SH,中国中车,20211106,2.5252525252525
601766.SH,中国中车,20211105,2.5252525252525
601766.SH,中国中车,20211104,2.5252525252525
601766.SH,中国中车,20211103,2.5252525252525
601766.SH,中国中车,20211102,2.5252525252525
601766.SH,中国中车,20211101,2.5252525252525
601766.SH,中国中车,20211031,-4.3478260869565
601766.SH,中国中车,20211030,-4.3478260869565
601766.SH,中国中车,20211029,-4.3478260869565
601766.SH,中国中车,20211028,-4.3478260869565
601766.SH,中国中车,20211027,-4.3478260869565
601766.SH,中国中车,20211026,-4.3478260869565
601766.SH,中国中车,20211025,-4.3478260869565
601766.SH,中国中车,20211024,-4.3478260869565
601766.SH,中国中车,20211023,-4.3478260869565
601766.SH,中国中车,20211022,-4.3478260869565
601766.SH,中国中车,20211021,-4.3478260869565
601766.SH,中国中车,20211020,-4.3478260869565
601766.SH,中国中车,20211019,-4.3478260869565
601766.SH,中国中车,20211018,-4.3478260869565
601766.SH,中国中车,20211017,-4.3478260869565
601766.SH,中国中车,20211016,-4.3478260869565
601766.SH,中国中车,20211015,-4.3478260869565
601766.SH,中国中车,20211014,-4.3478260869565
601766.SH,中国中车,20211013,-4.3478260869565
601766.SH,中国中车,20211012,-4.3478260869565
601766.SH,中国中车,20211011,-4.3478260869565
601766.SH,中国中车,20211010,-4.3478260869565
601766.SH,中国中车,20211009,-4.3478260869565
601766.SH,中国中车,20211008,-4.3478260869565
601766.SH,中国中车,20211007,-4.3478260869565
601766.SH,中国中车,20211006,-4.3478260869565
601766.SH,中国中车,20211005,-4.3478260869565
601766.SH,中国中车,20211004,-4.3478260869565
601766.SH,中国中车,20211003,-4.3478260869565
601766.SH,中国中车,20211002,-4.3478260869565
601766.SH,中国中车,20211001,-4.3478260869565
601766.SH,中国中车,20210930,-8.0
601766.SH,中国中车,20210929,-8.0
601766.SH,中国中车,20210928,-8.0
601766.SH,中国中车,20210927,-8.0
601766.SH,中国中车,20210926,-8.0
601766.SH,中国中车,20210925,-8.0
601766.SH,中国中车,20210924,-8.0
601766.SH,中国中车,20210923,-8.0
601766.SH,中国中车,20210922,-8.0
601766.SH,中国中车,20210921,-8.0
601766.SH,中国中车,20210920,-8.0
601766.SH,中国中车,20210919,-8.0
601766.SH,中国中车,20210918,-8.0
601766.SH,中国中车,20210917,-8.0
601766.SH,中国中车,20210916,-8.0
601766.SH,中国中车,20210915,-8.0
601766.SH,中国中车,20210914,-8.0
601766.SH,中国中车,20210913,-8.0
601766.SH,中国中车,20210912,-8.0
601766.SH,中国中车,20210911,-8.0
601766.SH,中国中车,20210910,-8.0
601766.SH,中国中车,20210909,-8.0
601766.SH,中国中车,20210908,-8.0
601766.SH,中国中车,20210907,-8.0
601766.SH,中国中车,20210906,-8.0
601766.SH,中国中车,20210905,-8.0
601766.SH,中国中车,20210904,-8.0
601766.SH,中国中车,20210903,-8.0
601766.SH,中国中车,20210902,-8.0
601766.SH,中国中车,20210901,-8.0
601766.SH,中国中车,20210831,15.18771331058
601766.SH,中国中车,20210830,15.18771331058
601766.SH,中国中车,20210829,15.18771331058
601766.SH,中国中车,20210828,15.18771331058
601766.SH,中国中车,20210827,15.18771331058
601766.SH,中国中车,20210826,15.18771331058
601766.SH,中国中车,20210825,15.18771331058
601766.SH,中国中车,20210824,15.18771331058
601766.SH,中国中车,20210823,15.18771331058
601766.SH,中国中车,20210822,15.18771331058
601766.SH,中国中车,20210821,15.18771331058
601766.SH,中国中车,20210820,15.18771331058
601766.SH,中国中车,20210819,15.18771331058
601766.SH,中国中车,20210818,15.18771331058
601766.SH,中国中车,20210817,15.18771331058
601766.SH,中国中车,20210816,15.18771331058
601766.SH,中国中车,20210815,15.18771331058
601766.SH,中国中车,20210814,15.18771331058
601766.SH,中国中车,20210813,15.18771331058
601766.SH,中国中车,20210812,15.18771331058
601766.SH,中国中车,20210811,15.18771331058
601766.SH,中国中车,20210810,15.18771331058
601766.SH,中国中车,20210809,15.18771331058
601766.SH,中国中车,20210808,15.18771331058
601766.SH,中国中车,20210807,15.18771331058
601766.SH,中国中车,20210806,15.18771331058
601766.SH,中国中车,20210805,15.18771331058
601766.SH,中国中车,20210804,15.18771331058
601766.SH,中国中车,20210803,15.18771331058
601766.SH,中国中车,20210802,15.18771331058
601766.SH,中国中车,20210801,15.18771331058
601766.SH,中国中车,20210731,-3.6184210526316
601766.SH,中国中车,20210730,-3.6184210526316
601766.SH,中国中车,20210729,-3.6184210526316
601766.SH,中国中车,20210728,-3.6184210526316
601766.SH,中国中车,20210727,-3.6184210526316
601766.SH,中国中车,20210726,-3.6184210526316
601766.SH,中国中车,20210725,-3.6184210526316
601766.SH,中国中车,20210724,-3.6184210526316
601766.SH,中国中车,20210723,-3.6184210526316
601766.SH,中国中车,20210722,-3.6184210526316
601766.SH,中国中车,20210721,-3.6184210526316
601766.SH,中国中车,20210720,-3.6184210526316
601766.SH,中国中车,20210719,-3.6184210526316
601766.SH,中国中车,20210718,-3.6184210526316
601766.SH,中国中车,20210717,-3.6184210526316
601766.SH,中国中车,20210716,-3.6184210526316
601766.SH,中国中车,20210715,-3.6184210526316
601766.SH,中国中车,20210714,-3.6184210526316
601766.SH,中国中车,20210713,-3.6184210526316
601766.SH,中国中车,20210712,-3.6184210526316
601766.SH,中国中车,20210711,-3.6184210526316
601766.SH,中国中车,20210710,-3.6184210526316
601766.SH,中国中车,20210709,-3.6184210526316
601766.SH,中国中车,20210708,-3.6184210526316
601766.SH,中国中车,20210707,-3.6184210526316
601766.SH,中国中车,20210706,-3.6184210526316
601766.SH,中国中车,20210705,-3.6184210526316
601766.SH,中国中车,20210704,-3.6184210526316
601766.SH,中国中车,20210703,-3.6184210526316
601766.SH,中国中车,20210702,-3.6184210526316
601766.SH,中国中车,20210701,-3.6184210526316
601766.SH,中国中车,20210630,0.49586776859505
601766.SH,中国中车,20210629,0.49586776859505
601766.SH,中国中车,20210628,0.49586776859505
601766.SH,中国中车,20210627,0.49586776859505
601766.SH,中国中车,20210626,0.49586776859505
601766.SH,中国中车,20210625,0.49586776859505
601766.SH,中国中车,20210624,0.49586776859505
601766.SH,中国中车,20210623,0.49586776859505
601766.SH,中国中车,20210622,0.49586776859505
601766.SH,中国中车,20210621,0.49586776859505
601766.SH,中国中车,20210620,0.49586776859505
601766.SH,中国中车,20210619,0.49586776859505
601766.SH,中国中车,20210618,0.49586776859505
601766.SH,中国中车,20210617,0.49586776859505
601766.SH,中国中车,20210616,0.49586776859505
601766.SH,中国中车,20210615,0.49586776859505
601766.SH,中国中车,20210614,0.49586776859505
601766.SH,中国中车,20210613,0.49586776859505
601766.SH,中国中车,20210612,0.49586776859505
601766.SH,中国中车,20210611,0.49586776859505
601766.SH,中国中车,20210610,0.49586776859505
601766.SH,中国中车,20210609,0.49586776859505
601766.SH,中国中车,20210608,0.49586776859505
601766.SH,中国中车,20210607,0.49586776859505
601766.SH,中国中车,20210606,0.49586776859505
601766.SH,中国中车,20210605,0.49586776859505
601766.SH,中国中车,20210604,0.49586776859505
601766.SH,中国中车,20210603,0.49586776859505
601766.SH,中国中车,20210602,0.49586776859505
601766.SH,中国中车,20210601,0.49586776859505
601766.SH,中国中车,20210531,1.3400335008375
601766.SH,中国中车,20210530,1.3400335008375
601766.SH,中国中车,20210529,1.3400335008375
601766.SH,中国中车,20210528,1.3400335008375
601766.SH,中国中车,20210527,1.3400335008375
601766.SH,中国中车,20210526,1.3400335008375
601766.SH,中国中车,20210525,1.3400335008375
601766.SH,中国中车,20210524,1.3400335008375
601766.SH,中国中车,20210523,1.3400335008375
601766.SH,中国中车,20210522,1.3400335008375
601766.SH,中国中车,20210521,1.3400335008375
601766.SH,中国中车,20210520,1.3400335008375
601766.SH,中国中车,20210519,1.3400335008375
601766.SH,中国中车,20210518,1.3400335008375
601766.SH,中国中车,20210517,1.3400335008375
601766.SH,中国中车,20210516,1.3400335008375
601766.SH,中国中车,20210515,1.3400335008375
601766.SH,中国中车,20210514,1.3400335008375
601766.SH,中国中车,20210513,1.3400335008375
601766.SH,中国中车,20210512,1.3400335008375
601766.SH,中国中车,20210511,1.3400335008375
601766.SH,中国中车,20210510,1.3400335008375
601766.SH,中国中车,20210509,1.3400335008375
601766.SH,中国中车,20210508,1.3400335008375
601766.SH,中国中车,20210507,1.3400335008375
601766.SH,中国中车,20210506,1.3400335008375
601766.SH,中国中车,20210505,1.3400335008375
601766.SH,中国中车,20210504,1.3400335008375
601766.SH,中国中车,20210503,1.3400335008375
601766.SH,中国中车,20210502,1.3400335008375
601766.SH,中国中车,20210501,1.3400335008375
601766.SH,中国中车,20210430,-7.0093457943925
601766.SH,中国中车,20210429,-7.0093457943925
601766.SH,中国中车,20210428,-7.0093457943925
601766.SH,中国中车,20210427,-7.0093457943925
601766.SH,中国中车,20210426,-7.0093457943925
601766.SH,中国中车,20210425,-7.0093457943925
601766.SH,中国中车,20210424,-7.0093457943925
601766.SH,中国中车,20210423,-7.0093457943925
601766.SH,中国中车,20210422,-7.0093457943925
601766.SH,中国中车,20210421,-7.0093457943925
601766.SH,中国中车,20210420,-7.0093457943925
601766.SH,中国中车,20210419,-7.0093457943925
601766.SH,中国中车,20210418,-7.0093457943925
601766.SH,中国中车,20210417,-7.0093457943925
601766.SH,中国中车,20210416,-7.0093457943925
601766.SH,中国中车,20210415,-7.0093457943925
601766.SH,中国中车,20210414,-7.0093457943925
601766.SH,中国中车,20210413,-7.0093457943925
601766.SH,中国中车,20210412,-7.0093457943925
601766.SH,中国中车,20210411,-7.0093457943925
601766.SH,中国中车,20210410,-7.0093457943925
601766.SH,中国中车,20210409,-7.0093457943925
601766.SH,中国中车,20210408,-7.0093457943925
601766.SH,中国中车,20210407,-7.0093457943925
601766.SH,中国中车,20210406,-7.0093457943925
601766.SH,中国中车,20210405,-7.0093457943925
601766.SH,中国中车,20210404,-7.0093457943925
601766.SH,中国中车,20210403,-7.0093457943925
601766.SH,中国中车,20210402,-7.0093457943925
601766.SH,中国中车,20210401,-7.0093457943925
601766.SH,中国中车,20210331,-6.4139941690962
601766.SH,中国中车,20210330,-6.4139941690962
601766.SH,中国中车,20210329,-6.4139941690962
601766.SH,中国中车,20210328,-6.4139941690962
601766.SH,中国中车,20210327,-6.4139941690962
601766.SH,中国中车,20210326,-6.4139941690962
601766.SH,中国中车,20210325,-6.4139941690962
601766.SH,中国中车,20210324,-6.4139941690962
601766.SH,中国中车,20210323,-6.4139941690962
601766.SH,中国中车,20210322,-6.4139941690962
601766.SH,中国中车,20210321,-6.4139941690962
601766.SH,中国中车,20210320,-6.4139941690962
601766.SH,中国中车,20210319,-6.4139941690962
601766.SH,中国中车,20210318,-6.4139941690962
601766.SH,中国中车,20210317,-6.4139941690962
601766.SH,中国中车,20210316,-6.4139941690962
601766.SH,中国中车,20210315,-6.4139941690962
601766.SH,中国中车,20210314,-6.4139941690962
601766.SH,中国中车,20210313,-6.4139941690962
601766.SH,中国中车,20210312,-6.4139941690962
601766.SH,中国中车,20210311,-6.4139941690962
601766.SH,中国中车,20210310,-6.4139941690962
601766.SH,中国中车,20210309,-6.4139941690962
601766.SH,中国中车,20210308,-6.4139941690962
601766.SH,中国中车,20210307,-6.4139941690962
601766.SH,中国中车,20210306,-6.4139941690962
601766.SH,中国中车,20210305,-6.4139941690962
601766.SH,中国中车,20210304,-6.4139941690962
601766.SH,中国中车,20210303,-6.4139941690962
601766.SH,中国中车,20210302,-6.4139941690962
601766.SH,中国中车,20210301,-6.4139941690962
601766.SH,中国中车,20210228,9.76
601766.SH,中国中车,20210227,9.76
601766.SH,中国中车,20210226,9.76
601766.SH,中国中车,20210225,9.76
601766.SH,中国中车,20210224,9.76
601766.SH,中国中车,20210223,9.76
601766.SH,中国中车,20210222,9.76
601766.SH,中国中车,20210221,9.76
601766.SH,中国中车,20210220,9.76
601766.SH,中国中车,20210219,9.76
601766.SH,中国中车,20210218,9.76
601766.SH,中国中车,20210217,9.76
601766.SH,中国中车,20210216,9.76
601766.SH,中国中车,20210215,9.76
601766.SH,中国中车,20210214,9.76
601766.SH,中国中车,20210213,9.76
601766.SH,中国中车,20210212,9.76
601766.SH,中国中车,20210211,9.76
601766.SH,中国中车,20210210,9.76
601766.SH,中国中车,20210209,9.76
601766.SH,中国中车,20210208,9.76
601766.SH,中国中车,20210207,9.76
601766.SH,中国中车,20210206,9.76
601766.SH,中国中车,20210205,9.76
601766.SH,中国中车,20210204,9.76
601766.SH,中国中车,20210203,9.76
601766.SH,中国中车,20210202,9.76
601766.SH,中国中车,20210201,9.76
601766.SH,中国中车,20210131,17.702448210923
601766.SH,中国中车,20210130,17.702448210923
601766.SH,中国中车,20210129,17.702448210923
601766.SH,中国中车,20210128,17.702448210923
601766.SH,中国中车,20210127,17.702448210923
601766.SH,中国中车,20210126,17.702448210923
601766.SH,中国中车,20210125,17.702448210923
601766.SH,中国中车,20210124,17.702448210923
601766.SH,中国中车,20210123,17.702448210923
601766.SH,中国中车,20210122,17.702448210923
601766.SH,中国中车,20210121,17.702448210923
601766.SH,中国中车,20210120,17.702448210923
601766.SH,中国中车,20210119,17.702448210923
601766.SH,中国中车,20210118,17.702448210923
601766.SH,中国中车,20210117,17.702448210923
601766.SH,中国中车,20210116,17.702448210923
601766.SH,中国中车,20210115,17.702448210923
601766.SH,中国中车,20210114,17.702448210923
601766.SH,中国中车,20210113,17.702448210923
601766.SH,中国中车,20210112,17.702448210923
601766.SH,中国中车,20210111,17.702448210923
601766.SH,中国中车,20210110,17.702448210923
601766.SH,中国中车,20210109,17.702448210923
601766.SH,中国中车,20210108,17.702448210923
601766.SH,中国中车,20210107,17.702448210923
601766.SH,中国中车,20210106,17.702448210923
601766.SH,中国中车,20210105,17.702448210923
601766.SH,中国中车,20210104,17.702448210923
601766.SH,中国中车,20210103,17.702448210923
601766.SH,中国中车,20210102,17.702448210923
601766.SH,中国中车,20210101,17.702448210923
601766.SH,中国中车,20201231,-6.1837455830389
601766.SH,中国中车,20201230,-6.1837455830389
601766.SH,中国中车,20201229,-6.1837455830389
601766.SH,中国中车,20201228,-6.1837455830389
601766.SH,中国中车,20201227,-6.1837455830389
601766.SH,中国中车,20201226,-6.1837455830389
601766.SH,中国中车,20201225,-6.1837455830389
601766.SH,中国中车,20201224,-6.1837455830389
601766.SH,中国中车,20201223,-6.1837455830389
601766.SH,中国中车,20201222,-6.1837455830389
601766.SH,中国中车,20201221,-6.1837455830389
601766.SH,中国中车,20201220,-6.1837455830389
601766.SH,中国中车,20201219,-6.1837455830389
601766.SH,中国中车,20201218,-6.1837455830389
601766.SH,中国中车,20201217,-6.1837455830389
601766.SH,中国中车,20201216,-6.1837455830389
601766.SH,中国中车,20201215,-6.1837455830389
601766.SH,中国中车,20201214,-6.1837455830389
601766.SH,中国中车,20201213,-6.1837455830389
601766.SH,中国中车,20201212,-6.1837455830389
601766.SH,中国中车,20201211,-6.1837455830389
601766.SH,中国中车,20201210,-6.1837455830389
601766.SH,中国中车,20201209,-6.1837455830389
601766.SH,中国中车,20201208,-6.1837455830389
601766.SH,中国中车,20201207,-6.1837455830389
601766.SH,中国中车,20201206,-6.1837455830389
601766.SH,中国中车,20201205,-6.1837455830389
601766.SH,中国中车,20201204,-6.1837455830389
601766.SH,中国中车,20201203,-6.1837455830389
601766.SH,中国中车,20201202,-6.1837455830389
601766.SH,中国中车,20201201,-6.1837455830389
601766.SH,中国中车,20201130,5.0092764378479
601766.SH,中国中车,20201129,5.0092764378479
601766.SH,中国中车,20201128,5.0092764378479
601766.SH,中国中车,20201127,5.0092764378479
601766.SH,中国中车,20201126,5.0092764378479
601766.SH,中国中车,20201125,5.0092764378479
601766.SH,中国中车,20201124,5.0092764378479
601766.SH,中国中车,20201123,5.0092764378479
601766.SH,中国中车,20201122,5.0092764378479
601766.SH,中国中车,20201121,5.0092764378479
601766.SH,中国中车,20201120,5.0092764378479
601766.SH,中国中车,20201119,5.0092764378479
601766.SH,中国中车,20201118,5.0092764378479
601766.SH,中国中车,20201117,5.0092764378479
601766.SH,中国中车,20201116,5.0092764378479
601766.SH,中国中车,20201115,5.0092764378479
601766.SH,中国中车,20201114,5.0092764378479
601766.SH,中国中车,20201113,5.0092764378479
601766.SH,中国中车,20201112,5.0092764378479
601766.SH,中国中车,20201111,5.0092764378479
601766.SH,中国中车,20201110,5.0092764378479
601766.SH,中国中车,20201109,5.0092764378479
601766.SH,中国中车,20201108,5.0092764378479
601766.SH,中国中车,20201107,5.0092764378479
601766.SH,中国中车,20201106,5.0092764378479
601766.SH,中国中车,20201105,5.0092764378479
601766.SH,中国中车,20201104,5.0092764378479
601766.SH,中国中车,20201103,5.0092764378479
601766.SH,中国中车,20201102,5.0092764378479
601766.SH,中国中车,20201101,5.0092764378479
601766.SH,中国中车,20201031,-1.8214936247723
601766.SH,中国中车,20201030,-1.8214936247723
601766.SH,中国中车,20201029,-1.8214936247723
601766.SH,中国中车,20201028,-1.8214936247723
601766.SH,中国中车,20201027,-1.8214936247723
601766.SH,中国中车,20201026,-1.8214936247723
601766.SH,中国中车,20201025,-1.8214936247723
601766.SH,中国中车,20201024,-1.8214936247723
601766.SH,中国中车,20201023,-1.8214936247723
601766.SH,中国中车,20201022,-1.8214936247723
601766.SH,中国中车,20201021,-1.8214936247723
601766.SH,中国中车,20201020,-1.8214936247723
601766.SH,中国中车,20201019,-1.8214936247723
601766.SH,中国中车,20201018,-1.8214936247723
601766.SH,中国中车,20201017,-1.8214936247723
601766.SH,中国中车,20201016,-1.8214936247723
601766.SH,中国中车,20201015,-1.8214936247723
601766.SH,中国中车,20201014,-1.8214936247723
601766.SH,中国中车,20201013,-1.8214936247723
601766.SH,中国中车,20201012,-1.8214936247723
601766.SH,中国中车,20201011,-1.8214936247723
601766.SH,中国中车,20201010,-1.8214936247723
601766.SH,中国中车,20201009,-1.8214936247723
601766.SH,中国中车,20201008,-1.8214936247723
601766.SH,中国中车,20201007,-1.8214936247723
601766.SH,中国中车,20201006,-1.8214936247723
601766.SH,中国中车,20201005,-1.8214936247723
601766.SH,中国中车,20201004,-1.8214936247723
601766.SH,中国中车,20201003,-1.8214936247723
601766.SH,中国中车,20201002,-1.8214936247723
601766.SH,中国中车,20201001,-1.8214936247723
601766.SH,中国中车,20200930,-6.3139931740614
601766.SH,中国中车,20200929,-6.3139931740614
601766.SH,中国中车,20200928,-6.3139931740614
601766.SH,中国中车,20200927,-6.3139931740614
601766.SH,中国中车,20200926,-6.3139931740614
601766.SH,中国中车,20200925,-6.3139931740614
601766.SH,中国中车,20200924,-6.3139931740614
601766.SH,中国中车,20200923,-6.3139931740614
601766.SH,中国中车,20200922,-6.3139931740614
601766.SH,中国中车,20200921,-6.3139931740614
601766.SH,中国中车,20200920,-6.3139931740614
601766.SH,中国中车,20200919,-6.3139931740614
601766.SH,中国中车,20200918,-6.3139931740614
601766.SH,中国中车,20200917,-6.3139931740614
601766.SH,中国中车,20200916,-6.3139931740614
601766.SH,中国中车,20200915,-6.3139931740614
601766.SH,中国中车,20200914,-6.3139931740614
601766.SH,中国中车,20200913,-6.3139931740614
601766.SH,中国中车,20200912,-6.3139931740614
601766.SH,中国中车,20200911,-6.3139931740614
601766.SH,中国中车,20200910,-6.3139931740614
601766.SH,中国中车,20200909,-6.3139931740614
601766.SH,中国中车,20200908,-6.3139931740614
601766.SH,中国中车,20200907,-6.3139931740614
601766.SH,中国中车,20200906,-6.3139931740614
601766.SH,中国中车,20200905,-6.3139931740614
601766.SH,中国中车,20200904,-6.3139931740614
601766.SH,中国中车,20200903,-6.3139931740614
601766.SH,中国中车,20200902,-6.3139931740614
601766.SH,中国中车,20200901,-6.3139931740614
601766.SH,中国中车,20200831,0.34246575342467
601766.SH,中国中车,20200830,0.34246575342467
601766.SH,中国中车,20200829,0.34246575342467
601766.SH,中国中车,20200828,0.34246575342467
601766.SH,中国中车,20200827,0.34246575342467
601766.SH,中国中车,20200826,0.34246575342467
601766.SH,中国中车,20200825,0.34246575342467
601766.SH,中国中车,20200824,0.34246575342467
601766.SH,中国中车,20200823,0.34246575342467
601766.SH,中国中车,20200822,0.34246575342467
601766.SH,中国中车,20200821,0.34246575342467
601766.SH,中国中车,20200820,0.34246575342467
601766.SH,中国中车,20200819,0.34246575342467
601766.SH,中国中车,20200818,0.34246575342467
601766.SH,中国中车,20200817,0.34246575342467
601766.SH,中国中车,20200816,0.34246575342467
601766.SH,中国中车,20200815,0.34246575342467
601766.SH,中国中车,20200814,0.34246575342467
601766.SH,中国中车,20200813,0.34246575342467
601766.SH,中国中车,20200812,0.34246575342467
601766.SH,中国中车,20200811,0.34246575342467
601766.SH,中国中车,20200810,0.34246575342467
601766.SH,中国中车,20200809,0.34246575342467
601766.SH,中国中车,20200808,0.34246575342467
601766.SH,中国中车,20200807,0.34246575342467
601766.SH,中国中车,20200806,0.34246575342467
601766.SH,中国中车,20200805,0.34246575342467
601766.SH,中国中车,20200804,0.34246575342467
601766.SH,中国中车,20200803,0.34246575342467
601766.SH,中国中车,20200802,0.34246575342467
601766.SH,中国中车,20200801,0.34246575342467
601766.SH,中国中车,20200731,4.8473967684021
601766.SH,中国中车,20200730,4.8473967684021
601766.SH,中国中车,20200729,4.8473967684021
601766.SH,中国中车,20200728,4.8473967684021
601766.SH,中国中车,20200727,4.8473967684021
601766.SH,中国中车,20200726,4.8473967684021
601766.SH,中国中车,20200725,4.8473967684021
601766.SH,中国中车,20200724,4.8473967684021
601766.SH,中国中车,20200723,4.8473967684021
601766.SH,中国中车,20200722,4.8473967684021
601766.SH,中国中车,20200721,4.8473967684021
601766.SH,中国中车,20200720,4.8473967684021
601766.SH,中国中车,20200719,4.8473967684021
601766.SH,中国中车,20200718,4.8473967684021
601766.SH,中国中车,20200717,4.8473967684021
601766.SH,中国中车,20200716,4.8473967684021
601766.SH,中国中车,20200715,4.8473967684021
601766.SH,中国中车,20200714,4.8473967684021
601766.SH,中国中车,20200713,4.8473967684021
601766.SH,中国中车,20200712,4.8473967684021
601766.SH,中国中车,20200711,4.8473967684021
601766.SH,中国中车,20200710,4.8473967684021
601766.SH,中国中车,20200709,4.8473967684021
601766.SH,中国中车,20200708,4.8473967684021
601766.SH,中国中车,20200707,4.8473967684021
601766.SH,中国中车,20200706,4.8473967684021
601766.SH,中国中车,20200705,4.8473967684021
601766.SH,中国中车,20200704,4.8473967684021
601766.SH,中国中车,20200703,4.8473967684021
601766.SH,中国中车,20200702,4.8473967684021
601766.SH,中国中车,20200701,4.8473967684021
601766.SH,中国中车,20200630,-4.6232876712329
601766.SH,中国中车,20200629,-4.6232876712329
601766.SH,中国中车,20200628,-4.6232876712329
601766.SH,中国中车,20200627,-4.6232876712329
601766.SH,中国中车,20200626,-4.6232876712329
601766.SH,中国中车,20200625,-4.6232876712329
601766.SH,中国中车,20200624,-4.6232876712329
601766.SH,中国中车,20200623,-4.6232876712329
601766.SH,中国中车,20200622,-4.6232876712329
601766.SH,中国中车,20200621,-4.6232876712329
601766.SH,中国中车,20200620,-4.6232876712329
601766.SH,中国中车,20200619,-4.6232876712329
601766.SH,中国中车,20200618,-4.6232876712329
601766.SH,中国中车,20200617,-4.6232876712329
601766.SH,中国中车,20200616,-4.6232876712329
601766.SH,中国中车,20200615,-4.6232876712329
601766.SH,中国中车,20200614,-4.6232876712329
601766.SH,中国中车,20200613,-4.6232876712329
601766.SH,中国中车,20200612,-4.6232876712329
601766.SH,中国中车,20200611,-4.6232876712329
601766.SH,中国中车,20200610,-4.6232876712329
601766.SH,中国中车,20200609,-4.6232876712329
601766.SH,中国中车,20200608,-4.6232876712329
601766.SH,中国中车,20200607,-4.6232876712329
601766.SH,中国中车,20200606,-4.6232876712329
601766.SH,中国中车,20200605,-4.6232876712329
601766.SH,中国中车,20200604,-4.6232876712329
601766.SH,中国中车,20200603,-4.6232876712329
601766.SH,中国中车,20200602,-4.6232876712329
601766.SH,中国中车,20200601,-4.6232876712329
601766.SH,中国中车,20200531,-5.6542810985461
601766.SH,中国中车,20200530,-5.6542810985461
601766.SH,中国中车,20200529,-5.6542810985461
601766.SH,中国中车,20200528,-5.6542810985461
601766.SH,中国中车,20200527,-5.6542810985461
601766.SH,中国中车,20200526,-5.6542810985461
601766.SH,中国中车,20200525,-5.6542810985461
601766.SH,中国中车,20200524,-5.6542810985461
601766.SH,中国中车,20200523,-5.6542810985461
601766.SH,中国中车,20200522,-5.6542810985461
601766.SH,中国中车,20200521,-5.6542810985461
601766.SH,中国中车,20200520,-5.6542810985461
601766.SH,中国中车,20200519,-5.6542810985461
601766.SH,中国中车,20200518,-5.6542810985461
601766.SH,中国中车,20200517,-5.6542810985461
601766.SH,中国中车,20200516,-5.6542810985461
601766.SH,中国中车,20200515,-5.6542810985461
601766.SH,中国中车,20200514,-5.6542810985461
601766.SH,中国中车,20200513,-5.6542810985461
601766.SH,中国中车,20200512,-5.6542810985461
601766.SH,中国中车,20200511,-5.6542810985461
601766.SH,中国中车,20200510,-5.6542810985461
601766.SH,中国中车,20200509,-5.6542810985461
601766.SH,中国中车,20200508,-5.6542810985461
601766.SH,中国中车,20200507,-5.6542810985461
601766.SH,中国中车,20200506,-5.6542810985461
601766.SH,中国中车,20200505,-5.6542810985461
601766.SH,中国中车,20200504,-5.6542810985461
601766.SH,中国中车,20200503,-5.6542810985461
601766.SH,中国中车,20200502,-5.6542810985461
601766.SH,中国中车,20200501,-5.6542810985461
601766.SH,中国中车,20200430,-5.640243902439
601766.SH,中国中车,20200429,-5.640243902439
601766.SH,中国中车,20200428,-5.640243902439
601766.SH,中国中车,20200427,-5.640243902439
601766.SH,中国中车,20200426,-5.640243902439
601766.SH,中国中车,20200425,-5.640243902439
601766.SH,中国中车,20200424,-5.640243902439
601766.SH,中国中车,20200423,-5.640243902439
601766.SH,中国中车,20200422,-5.640243902439
601766.SH,中国中车,20200421,-5.640243902439
601766.SH,中国中车,20200420,-5.640243902439
601766.SH,中国中车,20200419,-5.640243902439
601766.SH,中国中车,20200418,-5.640243902439
601766.SH,中国中车,20200417,-5.640243902439
601766.SH,中国中车,20200416,-5.640243902439
601766.SH,中国中车,20200415,-5.640243902439
601766.SH,中国中车,20200414,-5.640243902439
601766.SH,中国中车,20200413,-5.640243902439
601766.SH,中国中车,20200412,-5.640243902439
601766.SH,中国中车,20200411,-5.640243902439
601766.SH,中国中车,20200410,-5.640243902439
601766.SH,中国中车,20200409,-5.640243902439
601766.SH,中国中车,20200408,-5.640243902439
601766.SH,中国中车,20200407,-5.640243902439
601766.SH,中国中车,20200406,-5.640243902439
601766.SH,中国中车,20200405,-5.640243902439
601766.SH,中国中车,20200404,-5.640243902439
601766.SH,中国中车,20200403,-5.640243902439
601766.SH,中国中车,20200402,-5.640243902439
601766.SH,中国中车,20200401,-5.640243902439
601766.SH,中国中车,20200331,2.5
601766.SH,中国中车,20200330,2.5
601766.SH,中国中车,20200329,2.5
601766.SH,中国中车,20200328,2.5
601766.SH,中国中车,20200327,2.5
601766.SH,中国中车,20200326,2.5
601766.SH,中国中车,20200325,2.5
601766.SH,中国中车,20200324,2.5
601766.SH,中国中车,20200323,2.5
601766.SH,中国中车,20200322,2.5
601766.SH,中国中车,20200321,2.5
601766.SH,中国中车,20200320,2.5
601766.SH,中国中车,20200319,2.5
601766.SH,中国中车,20200318,2.5
601766.SH,中国中车,20200317,2.5
601766.SH,中国中车,20200316,2.5
601766.SH,中国中车,20200315,2.5
601766.SH,中国中车,20200314,2.5
601766.SH,中国中车,20200313,2.5
601766.SH,中国中车,20200312,2.5
601766.SH,中国中车,20200311,2.5
601766.SH,中国中车,20200310,2.5
601766.SH,中国中车,20200309,2.5
601766.SH,中国中车,20200308,2.5
601766.SH,中国中车,20200307,2.5
601766.SH,中国中车,20200306,2.5
601766.SH,中国中车,20200305,2.5
601766.SH,中国中车,20200304,2.5
601766.SH,中国中车,20200303,2.5
601766.SH,中国中车,20200302,2.5
601766.SH,中国中车,20200301,2.5
601766.SH,中国中车,20200229,-5.3254437869822
601766.SH,中国中车,20200228,-5.3254437869822
601766.SH,中国中车,20200227,-5.3254437869822
601766.SH,中国中车,20200226,-5.3254437869822
601766.SH,中国中车,20200225,-5.3254437869822
601766.SH,中国中车,20200224,-5.3254437869822
601766.SH,中国中车,20200223,-5.3254437869822
601766.SH,中国中车,20200222,-5.3254437869822
601766.SH,中国中车,20200221,-5.3254437869822
601766.SH,中国中车,20200220,-5.3254437869822
601766.SH,中国中车,20200219,-5.3254437869822
601766.SH,中国中车,20200218,-5.3254437869822
601766.SH,中国中车,20200217,-5.3254437869822
601766.SH,中国中车,20200216,-5.3254437869822
601766.SH,中国中车,20200215,-5.3254437869822
601766.SH,中国中车,20200214,-5.3254437869822
601766.SH,中国中车,20200213,-5.3254437869822
601766.SH,中国中车,20200212,-5.3254437869822
601766.SH,中国中车,20200211,-5.3254437869822
601766.SH,中国中车,20200210,-5.3254437869822
601766.SH,中国中车,20200209,-5.3254437869822
601766.SH,中国中车,20200208,-5.3254437869822
601766.SH,中国中车,20200207,-5.3254437869822
601766.SH,中国中车,20200206,-5.3254437869822
601766.SH,中国中车,20200205,-5.3254437869822
601766.SH,中国中车,20200204,-5.3254437869822
601766.SH,中国中车,20200203,-5.3254437869822
601766.SH,中国中车,20200202,-5.3254437869822
601766.SH,中国中车,20200201,-5.3254437869822
601766.SH,中国中车,20200131,-5.3221288515406
601766.SH,中国中车,20200130,-5.3221288515406
601766.SH,中国中车,20200129,-5.3221288515406
601766.SH,中国中车,20200128,-5.3221288515406
601766.SH,中国中车,20200127,-5.3221288515406
601766.SH,中国中车,20200126,-5.3221288515406
601766.SH,中国中车,20200125,-5.3221288515406
601766.SH,中国中车,20200124,-5.3221288515406
601766.SH,中国中车,20200123,-5.3221288515406
601766.SH,中国中车,20200122,-5.3221288515406
601766.SH,中国中车,20200121,-5.3221288515406
601766.SH,中国中车,20200120,-5.3221288515406
601766.SH,中国中车,20200119,-5.3221288515406
601766.SH,中国中车,20200118,-5.3221288515406
601766.SH,中国中车,20200117,-5.3221288515406
601766.SH,中国中车,20200116,-5.3221288515406
601766.SH,中国中车,20200115,-5.3221288515406
601766.SH,中国中车,20200114,-5.3221288515406
601766.SH,中国中车,20200113,-5.3221288515406
601766.SH,中国中车,20200112,-5.3221288515406
601766.SH,中国中车,20200111,-5.3221288515406
601766.SH,中国中车,20200110,-5.3221288515406
601766.SH,中国中车,20200109,-5.3221288515406
601766.SH,中国中车,20200108,-5.3221288515406
601766.SH,中国中车,20200107,-5.3221288515406
601766.SH,中国中车,20200106,-5.3221288515406
601766.SH,中国中车,20200105,-5.3221288515406
601766.SH,中国中车,20200104,-5.3221288515406
601766.SH,中国中车,20200103,-5.3221288515406
601766.SH,中国中车,20200102,-5.3221288515406
601766.SH,中国中车,20200101,-5.3221288515406
601766.SH,中国中车,20191231,2.4390243902439
601766.SH,中国中车,20191230,2.4390243902439
601766.SH,中国中车,20191229,2.4390243902439
601766.SH,中国中车,20191228,2.4390243902439
601766.SH,中国中车,20191227,2.4390243902439
601766.SH,中国中车,20191226,2.4390243902439
601766.SH,中国中车,20191225,2.4390243902439
601766.SH,中国中车,20191224,2.4390243902439
601766.SH,中国中车,20191223,2.4390243902439
601766.SH,中国中车,20191222,2.4390243902439
601766.SH,中国中车,20191221,2.4390243902439
601766.SH,中国中车,20191220,2.4390243902439
601766.SH,中国中车,20191219,2.4390243902439
601766.SH,中国中车,20191218,2.4390243902439
601766.SH,中国中车,20191217,2.4390243902439
601766.SH,中国中车,20191216,2.4390243902439
601766.SH,中国中车,20191215,2.4390243902439
601766.SH,中国中车,20191214,2.4390243902439
601766.SH,中国中车,20191213,2.4390243902439
601766.SH,中国中车,20191212,2.4390243902439
601766.SH,中国中车,20191211,2.4390243902439
601766.SH,中国中车,20191210,2.4390243902439
601766.SH,中国中车,20191209,2.4390243902439
601766.SH,中国中车,20191208,2.4390243902439
601766.SH,中国中车,20191207,2.4390243902439
601766.SH,中国中车,20191206,2.4390243902439
601766.SH,中国中车,20191205,2.4390243902439
601766.SH,中国中车,20191204,2.4390243902439
601766.SH,中国中车,20191203,2.4390243902439
601766.SH,中国中车,20191202,2.4390243902439
601766.SH,中国中车,20191201,2.4390243902439
601766.SH,中国中车,20191130,-3.1944444444445
601766.SH,中国中车,20191129,-3.1944444444445
601766.SH,中国中车,20191128,-3.1944444444445
601766.SH,中国中车,20191127,-3.1944444444445
601766.SH,中国中车,20191126,-3.1944444444445
601766.SH,中国中车,20191125,-3.1944444444445
601766.SH,中国中车,20191124,-3.1944444444445
601766.SH,中国中车,20191123,-3.1944444444445
601766.SH,中国中车,20191122,-3.1944444444445
601766.SH,中国中车,20191121,-3.1944444444445
601766.SH,中国中车,20191120,-3.1944444444445
601766.SH,中国中车,20191119,-3.1944444444445
601766.SH,中国中车,20191118,-3.1944444444445
601766.SH,中国中车,20191117,-3.1944444444445
601766.SH,中国中车,20191116,-3.1944444444445
601766.SH,中国中车,20191115,-3.1944444444445
601766.SH,中国中车,20191114,-3.1944444444445
601766.SH,中国中车,20191113,-3.1944444444445
601766.SH,中国中车,20191112,-3.1944444444445
601766.SH,中国中车,20191111,-3.1944444444445
601766.SH,中国中车,20191110,-3.1944444444445
601766.SH,中国中车,20191109,-3.1944444444445
601766.SH,中国中车,20191108,-3.1944444444445
601766.SH,中国中车,20191107,-3.1944444444445
601766.SH,中国中车,20191106,-3.1944444444445
601766.SH,中国中车,20191105,-3.1944444444445
601766.SH,中国中车,20191104,-3.1944444444445
601766.SH,中国中车,20191103,-3.1944444444445
601766.SH,中国中车,20191102,-3.1944444444445
601766.SH,中国中车,20191101,-3.1944444444445
601766.SH,中国中车,20191031,-1.6393442622951
601766.SH,中国中车,20191030,-1.6393442622951
601766.SH,中国中车,20191029,-1.6393442622951
601766.SH,中国中车,20191028,-1.6393442622951
601766.SH,中国中车,20191027,-1.6393442622951
601766.SH,中国中车,20191026,-1.6393442622951
601766.SH,中国中车,20191025,-1.6393442622951
601766.SH,中国中车,20191024,-1.6393442622951
601766.SH,中国中车,20191023,-1.6393442622951
601766.SH,中国中车,20191022,-1.6393442622951
601766.SH,中国中车,20191021,-1.6393442622951
601766.SH,中国中车,20191020,-1.6393442622951
601766.SH,中国中车,20191019,-1.6393442622951
601766.SH,中国中车,20191018,-1.6393442622951
601766.SH,中国中车,20191017,-1.6393442622951
601766.SH,中国中车,20191016,-1.6393442622951
601766.SH,中国中车,20191015,-1.6393442622951
601766.SH,中国中车,20191014,-1.6393442622951
601766.SH,中国中车,20191013,-1.6393442622951
601766.SH,中国中车,20191012,-1.6393442622951
601766.SH,中国中车,20191011,-1.6393442622951
601766.SH,中国中车,20191010,-1.6393442622951
601766.SH,中国中车,20191009,-1.6393442622951
601766.SH,中国中车,20191008,-1.6393442622951
601766.SH,中国中车,20191007,-1.6393442622951
601766.SH,中国中车,20191006,-1.6393442622951
601766.SH,中国中车,20191005,-1.6393442622951
601766.SH,中国中车,20191004,-1.6393442622951
601766.SH,中国中车,20191003,-1.6393442622951
601766.SH,中国中车,20191002,-1.6393442622951
601766.SH,中国中车,20191001,-1.6393442622951
601766.SH,中国中车,20190930,0.54945054945055
601766.SH,中国中车,20190929,0.54945054945055
601766.SH,中国中车,20190928,0.54945054945055
601766.SH,中国中车,20190927,0.54945054945055
601766.SH,中国中车,20190926,0.54945054945055
601766.SH,中国中车,20190925,0.54945054945055
601766.SH,中国中车,20190924,0.54945054945055
601766.SH,中国中车,20190923,0.54945054945055
601766.SH,中国中车,20190922,0.54945054945055
601766.SH,中国中车,20190921,0.54945054945055
601766.SH,中国中车,20190920,0.54945054945055
601766.SH,中国中车,20190919,0.54945054945055
601766.SH,中国中车,20190918,0.54945054945055
601766.SH,中国中车,20190917,0.54945054945055
601766.SH,中国中车,20190916,0.54945054945055
601766.SH,中国中车,20190915,0.54945054945055
601766.SH,中国中车,20190914,0.54945054945055
601766.SH,中国中车,20190913,0.54945054945055
601766.SH,中国中车,20190912,0.54945054945055
601766.SH,中国中车,20190911,0.54945054945055
601766.SH,中国中车,20190910,0.54945054945055
601766.SH,中国中车,20190909,0.54945054945055
601766.SH,中国中车,20190908,0.54945054945055
601766.SH,中国中车,20190907,0.54945054945055
601766.SH,中国中车,20190906,0.54945054945055
601766.SH,中国中车,20190905,0.54945054945055
601766.SH,中国中车,20190904,0.54945054945055
601766.SH,中国中车,20190903,0.54945054945055
601766.SH,中国中车,20190902,0.54945054945055
601766.SH,中国中车,20190901,0.54945054945055
601766.SH,中国中车,20190831,-7.6142131979695
601766.SH,中国中车,20190830,-7.6142131979695
601766.SH,中国中车,20190829,-7.6142131979695
601766.SH,中国中车,20190828,-7.6142131979695
601766.SH,中国中车,20190827,-7.6142131979695
601766.SH,中国中车,20190826,-7.6142131979695
601766.SH,中国中车,20190825,-7.6142131979695
601766.SH,中国中车,20190824,-7.6142131979695
601766.SH,中国中车,20190823,-7.6142131979695
601766.SH,中国中车,20190822,-7.6142131979695
601766.SH,中国中车,20190821,-7.6142131979695
601766.SH,中国中车,20190820,-7.6142131979695
601766.SH,中国中车,20190819,-7.6142131979695
601766.SH,中国中车,20190818,-7.6142131979695
601766.SH,中国中车,20190817,-7.6142131979695
601766.SH,中国中车,20190816,-7.6142131979695
601766.SH,中国中车,20190815,-7.6142131979695
601766.SH,中国中车,20190814,-7.6142131979695
601766.SH,中国中车,20190813,-7.6142131979695
601766.SH,中国中车,20190812,-7.6142131979695
601766.SH,中国中车,20190811,-7.6142131979695
601766.SH,中国中车,20190810,-7.6142131979695
601766.SH,中国中车,20190809,-7.6142131979695
601766.SH,中国中车,20190808,-7.6142131979695
601766.SH,中国中车,20190807,-7.6142131979695
601766.SH,中国中车,20190806,-7.6142131979695
601766.SH,中国中车,20190805,-7.6142131979695
601766.SH,中国中车,20190804,-7.6142131979695
601766.SH,中国中车,20190803,-7.6142131979695
601766.SH,中国中车,20190802,-7.6142131979695
601766.SH,中国中车,20190801,-7.6142131979695
601766.SH,中国中车,20190731,-2.5957972805933
601766.SH,中国中车,20190730,-2.5957972805933
601766.SH,中国中车,20190729,-2.5957972805933
601766.SH,中国中车,20190728,-2.5957972805933
601766.SH,中国中车,20190727,-2.5957972805933
601766.SH,中国中车,20190726,-2.5957972805933
601766.SH,中国中车,20190725,-2.5957972805933
601766.SH,中国中车,20190724,-2.5957972805933
601766.SH,中国中车,20190723,-2.5957972805933
601766.SH,中国中车,20190722,-2.5957972805933
601766.SH,中国中车,20190721,-2.5957972805933
601766.SH,中国中车,20190720,-2.5957972805933
601766.SH,中国中车,20190719,-2.5957972805933
601766.SH,中国中车,20190718,-2.5957972805933
601766.SH,中国中车,20190717,-2.5957972805933
601766.SH,中国中车,20190716,-2.5957972805933
601766.SH,中国中车,20190715,-2.5957972805933
601766.SH,中国中车,20190714,-2.5957972805933
601766.SH,中国中车,20190713,-2.5957972805933
601766.SH,中国中车,20190712,-2.5957972805933
601766.SH,中国中车,20190711,-2.5957972805933
601766.SH,中国中车,20190710,-2.5957972805933
601766.SH,中国中车,20190709,-2.5957972805933
601766.SH,中国中车,20190708,-2.5957972805933
601766.SH,中国中车,20190707,-2.5957972805933
601766.SH,中国中车,20190706,-2.5957972805933
601766.SH,中国中车,20190705,-2.5957972805933
601766.SH,中国中车,20190704,-2.5957972805933
601766.SH,中国中车,20190703,-2.5957972805933
601766.SH,中国中车,20190702,-2.5957972805933
601766.SH,中国中车,20190701,-2.5957972805933
601766.SH,中国中车,20190630,2.275600505689
601766.SH,中国中车,20190629,2.275600505689
601766.SH,中国中车,20190628,2.275600505689
601766.SH,中国中车,20190627,2.275600505689
601766.SH,中国中车,20190626,2.275600505689
601766.SH,中国中车,20190625,2.275600505689
601766.SH,中国中车,20190624,2.275600505689
601766.SH,中国中车,20190623,2.275600505689
601766.SH,中国中车,20190622,2.275600505689
601766.SH,中国中车,20190621,2.275600505689
601766.SH,中国中车,20190620,2.275600505689
601766.SH,中国中车,20190619,2.275600505689
601766.SH,中国中车,20190618,2.275600505689
601766.SH,中国中车,20190617,2.275600505689
601766.SH,中国中车,20190616,2.275600505689
601766.SH,中国中车,20190615,2.275600505689
601766.SH,中国中车,20190614,2.275600505689
601766.SH,中国中车,20190613,2.275600505689
601766.SH,中国中车,20190612,2.275600505689
601766.SH,中国中车,20190611,2.275600505689
601766.SH,中国中车,20190610,2.275600505689
601766.SH,中国中车,20190609,2.275600505689
601766.SH,中国中车,20190608,2.275600505689
601766.SH,中国中车,20190607,2.275600505689
601766.SH,中国中车,20190606,2.275600505689
601766.SH,中国中车,20190605,2.275600505689
601766.SH,中国中车,20190604,2.275600505689
601766.SH,中国中车,20190603,2.275600505689
601766.SH,中国中车,20190602,2.275600505689
601766.SH,中国中车,20190601,2.275600505689
601766.SH,中国中车,20190531,-8.4490740740741
601766.SH,中国中车,20190530,-8.4490740740741
601766.SH,中国中车,20190529,-8.4490740740741
601766.SH,中国中车,20190528,-8.4490740740741
601766.SH,中国中车,20190527,-8.4490740740741
601766.SH,中国中车,20190526,-8.4490740740741
601766.SH,中国中车,20190525,-8.4490740740741
601766.SH,中国中车,20190524,-8.4490740740741
601766.SH,中国中车,20190523,-8.4490740740741
601766.SH,中国中车,20190522,-8.4490740740741
601766.SH,中国中车,20190521,-8.4490740740741
601766.SH,中国中车,20190520,-8.4490740740741
601766.SH,中国中车,20190519,-8.4490740740741
601766.SH,中国中车,20190518,-8.4490740740741
601766.SH,中国中车,20190517,-8.4490740740741
601766.SH,中国中车,20190516,-8.4490740740741
601766.SH,中国中车,20190515,-8.4490740740741
601766.SH,中国中车,20190514,-8.4490740740741
601766.SH,中国中车,20190513,-8.4490740740741
601766.SH,中国中车,20190512,-8.4490740740741
601766.SH,中国中车,20190511,-8.4490740740741
601766.SH,中国中车,20190510,-8.4490740740741
601766.SH,中国中车,20190509,-8.4490740740741
601766.SH,中国中车,20190508,-8.4490740740741
601766.SH,中国中车,20190507,-8.4490740740741
601766.SH,中国中车,20190506,-8.4490740740741
601766.SH,中国中车,20190505,-8.4490740740741
601766.SH,中国中车,20190504,-8.4490740740741
601766.SH,中国中车,20190503,-8.4490740740741
601766.SH,中国中车,20190502,-8.4490740740741
601766.SH,中国中车,20190501,-8.4490740740741
601766.SH,中国中车,20190430,-5.054945054945
601766.SH,中国中车,20190429,-5.054945054945
601766.SH,中国中车,20190428,-5.054945054945
601766.SH,中国中车,20190427,-5.054945054945
601766.SH,中国中车,20190426,-5.054945054945
601766.SH,中国中车,20190425,-5.054945054945
601766.SH,中国中车,20190424,-5.054945054945
601766.SH,中国中车,20190423,-5.054945054945
601766.SH,中国中车,20190422,-5.054945054945
601766.SH,中国中车,20190421,-5.054945054945
601766.SH,中国中车,20190420,-5.054945054945
601766.SH,中国中车,20190419,-5.054945054945
601766.SH,中国中车,20190418,-5.054945054945
601766.SH,中国中车,20190417,-5.054945054945
601766.SH,中国中车,20190416,-5.054945054945
601766.SH,中国中车,20190415,-5.054945054945
601766.SH,中国中车,20190414,-5.054945054945
601766.SH,中国中车,20190413,-5.054945054945
601766.SH,中国中车,20190412,-5.054945054945
601766.SH,中国中车,20190411,-5.054945054945
601766.SH,中国中车,20190410,-5.054945054945
601766.SH,中国中车,20190409,-5.054945054945
601766.SH,中国中车,20190408,-5.054945054945
601766.SH,中国中车,20190407,-5.054945054945
601766.SH,中国中车,20190406,-5.054945054945
601766.SH,中国中车,20190405,-5.054945054945
601766.SH,中国中车,20190404,-5.054945054945
601766.SH,中国中车,20190403,-5.054945054945
601766.SH,中国中车,20190402,-5.054945054945
601766.SH,中国中车,20190401,-5.054945054945
601766.SH,中国中车,20190331,-3.8054968287527
601766.SH,中国中车,20190330,-3.8054968287527
601766.SH,中国中车,20190329,-3.8054968287527
601766.SH,中国中车,20190328,-3.8054968287527
601766.SH,中国中车,20190327,-3.8054968287527
601766.SH,中国中车,20190326,-3.8054968287527
601766.SH,中国中车,20190325,-3.8054968287527
601766.SH,中国中车,20190324,-3.8054968287527
601766.SH,中国中车,20190323,-3.8054968287527
601766.SH,中国中车,20190322,-3.8054968287527
601766.SH,中国中车,20190321,-3.8054968287527
601766.SH,中国中车,20190320,-3.8054968287527
601766.SH,中国中车,20190319,-3.8054968287527
601766.SH,中国中车,20190318,-3.8054968287527
601766.SH,中国中车,20190317,-3.8054968287527
601766.SH,中国中车,20190316,-3.8054968287527
601766.SH,中国中车,20190315,-3.8054968287527
601766.SH,中国中车,20190314,-3.8054968287527
601766.SH,中国中车,20190313,-3.8054968287527
601766.SH,中国中车,20190312,-3.8054968287527
601766.SH,中国中车,20190311,-3.8054968287527
601766.SH,中国中车,20190310,-3.8054968287527
601766.SH,中国中车,20190309,-3.8054968287527
601766.SH,中国中车,20190308,-3.8054968287527
601766.SH,中国中车,20190307,-3.8054968287527
601766.SH,中国中车,20190306,-3.8054968287527
601766.SH,中国中车,20190305,-3.8054968287527
601766.SH,中国中车,20190304,-3.8054968287527
601766.SH,中国中车,20190303,-3.8054968287527
601766.SH,中国中车,20190302,-3.8054968287527
601766.SH,中国中车,20190301,-3.8054968287527
601766.SH,中国中车,20190228,10.772833723653
601766.SH,中国中车,20190227,10.772833723653
601766.SH,中国中车,20190226,10.772833723653
601766.SH,中国中车,20190225,10.772833723653
601766.SH,中国中车,20190224,10.772833723653
601766.SH,中国中车,20190223,10.772833723653
601766.SH,中国中车,20190222,10.772833723653
601766.SH,中国中车,20190221,10.772833723653
601766.SH,中国中车,20190220,10.772833723653
601766.SH,中国中车,20190219,10.772833723653
601766.SH,中国中车,20190218,10.772833723653
601766.SH,中国中车,20190217,10.772833723653
601766.SH,中国中车,20190216,10.772833723653
601766.SH,中国中车,20190215,10.772833723653
601766.SH,中国中车,20190214,10.772833723653
601766.SH,中国中车,20190213,10.772833723653
601766.SH,中国中车,20190212,10.772833723653
601766.SH,中国中车,20190211,10.772833723653
601766.SH,中国中车,20190210,10.772833723653
601766.SH,中国中车,20190209,10.772833723653
601766.SH,中国中车,20190208,10.772833723653
601766.SH,中国中车,20190207,10.772833723653
601766.SH,中国中车,20190206,10.772833723653
601766.SH,中国中车,20190205,10.772833723653
601766.SH,中国中车,20190204,10.772833723653
601766.SH,中国中车,20190203,10.772833723653
601766.SH,中国中车,20190202,10.772833723653
601766.SH,中国中车,20190201,10.772833723653
601766.SH,中国中车,20190131,-5.3215077605322
601766.SH,中国中车,20190130,-5.3215077605322
601766.SH,中国中车,20190129,-5.3215077605322
601766.SH,中国中车,20190128,-5.3215077605322
601766.SH,中国中车,20190127,-5.3215077605322
601766.SH,中国中车,20190126,-5.3215077605322
601766.SH,中国中车,20190125,-5.3215077605322
601766.SH,中国中车,20190124,-5.3215077605322
601766.SH,中国中车,20190123,-5.3215077605322
601766.SH,中国中车,20190122,-5.3215077605322
601766.SH,中国中车,20190121,-5.3215077605322
601766.SH,中国中车,20190120,-5.3215077605322
601766.SH,中国中车,20190119,-5.3215077605322
601766.SH,中国中车,20190118,-5.3215077605322
601766.SH,中国中车,20190117,-5.3215077605322
601766.SH,中国中车,20190116,-5.3215077605322
601766.SH,中国中车,20190115,-5.3215077605322
601766.SH,中国中车,20190114,-5.3215077605322
601766.SH,中国中车,20190113,-5.3215077605322
601766.SH,中国中车,20190112,-5.3215077605322
601766.SH,中国中车,20190111,-5.3215077605322
601766.SH,中国中车,20190110,-5.3215077605322
601766.SH,中国中车,20190109,-5.3215077605322
601766.SH,中国中车,20190108,-5.3215077605322
601766.SH,中国中车,20190107,-5.3215077605322
601766.SH,中国中车,20190106,-5.3215077605322
601766.SH,中国中车,20190105,-5.3215077605322
601766.SH,中国中车,20190104,-5.3215077605322
601766.SH,中国中车,20190103,-5.3215077605322
601766.SH,中国中车,20190102,-5.3215077605322
601766.SH,中国中车,20190101,-5.3215077605322
601766.SH,中国中车,20181231,3.3218785796105
601766.SH,中国中车,20181230,3.3218785796105
601766.SH,中国中车,20181229,3.3218785796105
601766.SH,中国中车,20181228,3.3218785796105
601766.SH,中国中车,20181227,3.3218785796105
601766.SH,中国中车,20181226,3.3218785796105
601766.SH,中国中车,20181225,3.3218785796105
601766.SH,中国中车,20181224,3.3218785796105
601766.SH,中国中车,20181223,3.3218785796105
601766.SH,中国中车,20181222,3.3218785796105
601766.SH,中国中车,20181221,3.3218785796105
601766.SH,中国中车,20181220,3.3218785796105
601766.SH,中国中车,20181219,3.3218785796105
601766.SH,中国中车,20181218,3.3218785796105
601766.SH,中国中车,20181217,3.3218785796105
601766.SH,中国中车,20181216,3.3218785796105
601766.SH,中国中车,20181215,3.3218785796105
601766.SH,中国中车,20181214,3.3218785796105
601766.SH,中国中车,20181213,3.3218785796105
601766.SH,中国中车,20181212,3.3218785796105
601766.SH,中国中车,20181211,3.3218785796105
601766.SH,中国中车,20181210,3.3218785796105
601766.SH,中国中车,20181209,3.3218785796105
601766.SH,中国中车,20181208,3.3218785796105
601766.SH,中国中车,20181207,3.3218785796105
601766.SH,中国中车,20181206,3.3218785796105
601766.SH,中国中车,20181205,3.3218785796105
601766.SH,中国中车,20181204,3.3218785796105
601766.SH,中国中车,20181203,3.3218785796105
601766.SH,中国中车,20181202,3.3218785796105
601766.SH,中国中车,20181201,3.3218785796105
601766.SH,中国中车,20181130,2.9481132075472
601766.SH,中国中车,20181129,2.9481132075472
601766.SH,中国中车,20181128,2.9481132075472
601766.SH,中国中车,20181127,2.9481132075472
601766.SH,中国中车,20181126,2.9481132075472
601766.SH,中国中车,20181125,2.9481132075472
601766.SH,中国中车,20181124,2.9481132075472
601766.SH,中国中车,20181123,2.9481132075472
601766.SH,中国中车,20181122,2.9481132075472
601766.SH,中国中车,20181121,2.9481132075472
601766.SH,中国中车,20181120,2.9481132075472
601766.SH,中国中车,20181119,2.9481132075472
601766.SH,中国中车,20181118,2.9481132075472
601766.SH,中国中车,20181117,2.9481132075472
601766.SH,中国中车,20181116,2.9481132075472
601766.SH,中国中车,20181115,2.9481132075472
601766.SH,中国中车,20181114,2.9481132075472
601766.SH,中国中车,20181113,2.9481132075472
601766.SH,中国中车,20181112,2.9481132075472
601766.SH,中国中车,20181111,2.9481132075472
601766.SH,中国中车,20181110,2.9481132075472
601766.SH,中国中车,20181109,2.9481132075472
601766.SH,中国中车,20181108,2.9481132075472
601766.SH,中国中车,20181107,2.9481132075472
601766.SH,中国中车,20181106,2.9481132075472
601766.SH,中国中车,20181105,2.9481132075472
601766.SH,中国中车,20181104,2.9481132075472
601766.SH,中国中车,20181103,2.9481132075472
601766.SH,中国中车,20181102,2.9481132075472
601766.SH,中国中车,20181101,2.9481132075472
601766.SH,中国中车,20181031,-1.8518518518519
601766.SH,中国中车,20181030,-1.8518518518519
601766.SH,中国中车,20181029,-1.8518518518519
601766.SH,中国中车,20181028,-1.8518518518519
601766.SH,中国中车,20181027,-1.8518518518519
601766.SH,中国中车,20181026,-1.8518518518519
601766.SH,中国中车,20181025,-1.8518518518519
601766.SH,中国中车,20181024,-1.8518518518519
601766.SH,中国中车,20181023,-1.8518518518519
601766.SH,中国中车,20181022,-1.8518518518519
601766.SH,中国中车,20181021,-1.8518518518519
601766.SH,中国中车,20181020,-1.8518518518519
601766.SH,中国中车,20181019,-1.8518518518519
601766.SH,中国中车,20181018,-1.8518518518519
601766.SH,中国中车,20181017,-1.8518518518519
601766.SH,中国中车,20181016,-1.8518518518519
601766.SH,中国中车,20181015,-1.8518518518519
601766.SH,中国中车,20181014,-1.8518518518519
601766.SH,中国中车,20181013,-1.8518518518519
601766.SH,中国中车,20181012,-1.8518518518519
601766.SH,中国中车,20181011,-1.8518518518519
601766.SH,中国中车,20181010,-1.8518518518519
601766.SH,中国中车,20181009,-1.8518518518519
601766.SH,中国中车,20181008,-1.8518518518519
601766.SH,中国中车,20181007,-1.8518518518519
601766.SH,中国中车,20181006,-1.8518518518519
601766.SH,中国中车,20181005,-1.8518518518519
601766.SH,中国中车,20181004,-1.8518518518519
601766.SH,中国中车,20181003,-1.8518518518519
601766.SH,中国中车,20181002,-1.8518518518519
601766.SH,中国中车,20181001,-1.8518518518519
601766.SH,中国中车,20180930,5.4945054945055
601766.SH,中国中车,20180929,5.4945054945055
601766.SH,中国中车,20180928,5.4945054945055
601766.SH,中国中车,20180927,5.4945054945055
601766.SH,中国中车,20180926,5.4945054945055
601766.SH,中国中车,20180925,5.4945054945055
601766.SH,中国中车,20180924,5.4945054945055
601766.SH,中国中车,20180923,5.4945054945055
601766.SH,中国中车,20180922,5.4945054945055
601766.SH,中国中车,20180921,5.4945054945055
601766.SH,中国中车,20180920,5.4945054945055
601766.SH,中国中车,20180919,5.4945054945055
601766.SH,中国中车,20180918,5.4945054945055
601766.SH,中国中车,20180917,5.4945054945055
601766.SH,中国中车,20180916,5.4945054945055
601766.SH,中国中车,20180915,5.4945054945055
601766.SH,中国中车,20180914,5.4945054945055
601766.SH,中国中车,20180913,5.4945054945055
601766.SH,中国中车,20180912,5.4945054945055
601766.SH,中国中车,20180911,5.4945054945055
601766.SH,中国中车,20180910,5.4945054945055
601766.SH,中国中车,20180909,5.4945054945055
601766.SH,中国中车,20180908,5.4945054945055
601766.SH,中国中车,20180907,5.4945054945055
601766.SH,中国中车,20180906,5.4945054945055
601766.SH,中国中车,20180905,5.4945054945055
601766.SH,中国中车,20180904,5.4945054945055
601766.SH,中国中车,20180903,5.4945054945055
601766.SH,中国中车,20180902,5.4945054945055
601766.SH,中国中车,20180901,5.4945054945055
601766.SH,中国中车,20180831,-2.3837902264601
601766.SH,中国中车,20180830,-2.3837902264601
601766.SH,中国中车,20180829,-2.3837902264601
601766.SH,中国中车,20180828,-2.3837902264601
601766.SH,中国中车,20180827,-2.3837902264601
601766.SH,中国中车,20180826,-2.3837902264601
601766.SH,中国中车,20180825,-2.3837902264601
601766.SH,中国中车,20180824,-2.3837902264601
601766.SH,中国中车,20180823,-2.3837902264601
601766.SH,中国中车,20180822,-2.3837902264601
601766.SH,中国中车,20180821,-2.3837902264601
601766.SH,中国中车,20180820,-2.3837902264601
601766.SH,中国中车,20180819,-2.3837902264601
601766.SH,中国中车,20180818,-2.3837902264601
601766.SH,中国中车,20180817,-2.3837902264601
601766.SH,中国中车,20180816,-2.3837902264601
601766.SH,中国中车,20180815,-2.3837902264601
601766.SH,中国中车,20180814,-2.3837902264601
601766.SH,中国中车,20180813,-2.3837902264601
601766.SH,中国中车,20180812,-2.3837902264601
601766.SH,中国中车,20180811,-2.3837902264601
601766.SH,中国中车,20180810,-2.3837902264601
601766.SH,中国中车,20180809,-2.3837902264601
601766.SH,中国中车,20180808,-2.3837902264601
601766.SH,中国中车,20180807,-2.3837902264601
601766.SH,中国中车,20180806,-2.3837902264601
601766.SH,中国中车,20180805,-2.3837902264601
601766.SH,中国中车,20180804,-2.3837902264601
601766.SH,中国中车,20180803,-2.3837902264601
601766.SH,中国中车,20180802,-2.3837902264601
601766.SH,中国中车,20180801,-2.3837902264601
601766.SH,中国中车,20180731,8.961038961039
601766.SH,中国中车,20180730,8.961038961039
601766.SH,中国中车,20180729,8.961038961039
601766.SH,中国中车,20180728,8.961038961039
601766.SH,中国中车,20180727,8.961038961039
601766.SH,中国中车,20180726,8.961038961039
601766.SH,中国中车,20180725,8.961038961039
601766.SH,中国中车,20180724,8.961038961039
601766.SH,中国中车,20180723,8.961038961039
601766.SH,中国中车,20180722,8.961038961039
601766.SH,中国中车,20180721,8.961038961039
601766.SH,中国中车,20180720,8.961038961039
601766.SH,中国中车,20180719,8.961038961039
601766.SH,中国中车,20180718,8.961038961039
601766.SH,中国中车,20180717,8.961038961039
601766.SH,中国中车,20180716,8.961038961039
601766.SH,中国中车,20180715,8.961038961039
601766.SH,中国中车,20180714,8.961038961039
601766.SH,中国中车,20180713,8.961038961039
601766.SH,中国中车,20180712,8.961038961039
601766.SH,中国中车,20180711,8.961038961039
601766.SH,中国中车,20180710,8.961038961039
601766.SH,中国中车,20180709,8.961038961039
601766.SH,中国中车,20180708,8.961038961039
601766.SH,中国中车,20180707,8.961038961039
601766.SH,中国中车,20180706,8.961038961039
601766.SH,中国中车,20180705,8.961038961039
601766.SH,中国中车,20180704,8.961038961039
601766.SH,中国中车,20180703,8.961038961039
601766.SH,中国中车,20180702,8.961038961039
601766.SH,中国中车,20180701,8.961038961039
601766.SH,中国中车,20180630,-15.938864628821
601766.SH,中国中车,20180629,-15.938864628821
601766.SH,中国中车,20180628,-15.938864628821
601766.SH,中国中车,20180627,-15.938864628821
601766.SH,中国中车,20180626,-15.938864628821
601766.SH,中国中车,20180625,-15.938864628821
601766.SH,中国中车,20180624,-15.938864628821
601766.SH,中国中车,20180623,-15.938864628821
601766.SH,中国中车,20180622,-15.938864628821
601766.SH,中国中车,20180621,-15.938864628821
601766.SH,中国中车,20180620,-15.938864628821
601766.SH,中国中车,20180619,-15.938864628821
601766.SH,中国中车,20180618,-15.938864628821
601766.SH,中国中车,20180617,-15.938864628821
601766.SH,中国中车,20180616,-15.938864628821
601766.SH,中国中车,20180615,-15.938864628821
601766.SH,中国中车,20180614,-15.938864628821
601766.SH,中国中车,20180613,-15.938864628821
601766.SH,中国中车,20180612,-15.938864628821
601766.SH,中国中车,20180611,-15.938864628821
601766.SH,中国中车,20180610,-15.938864628821
601766.SH,中国中车,20180609,-15.938864628821
601766.SH,中国中车,20180608,-15.938864628821
601766.SH,中国中车,20180607,-15.938864628821
601766.SH,中国中车,20180606,-15.938864628821
601766.SH,中国中车,20180605,-15.938864628821
601766.SH,中国中车,20180604,-15.938864628821
601766.SH,中国中车,20180603,-15.938864628821
601766.SH,中国中车,20180602,-15.938864628821
601766.SH,中国中车,20180601,-15.938864628821
601766.SH,中国中车,20180531,-5.2740434332989
601766.SH,中国中车,20180530,-5.2740434332989
601766.SH,中国中车,20180529,-5.2740434332989
601766.SH,中国中车,20180528,-5.2740434332989
601766.SH,中国中车,20180527,-5.2740434332989
601766.SH,中国中车,20180526,-5.2740434332989
601766.SH,中国中车,20180525,-5.2740434332989
601766.SH,中国中车,20180524,-5.2740434332989
601766.SH,中国中车,20180523,-5.2740434332989
601766.SH,中国中车,20180522,-5.2740434332989
601766.SH,中国中车,20180521,-5.2740434332989
601766.SH,中国中车,20180520,-5.2740434332989
601766.SH,中国中车,20180519,-5.2740434332989
601766.SH,中国中车,20180518,-5.2740434332989
601766.SH,中国中车,20180517,-5.2740434332989
601766.SH,中国中车,20180516,-5.2740434332989
601766.SH,中国中车,20180515,-5.2740434332989
601766.SH,中国中车,20180514,-5.2740434332989
601766.SH,中国中车,20180513,-5.2740434332989
601766.SH,中国中车,20180512,-5.2740434332989
601766.SH,中国中车,20180511,-5.2740434332989
601766.SH,中国中车,20180510,-5.2740434332989
601766.SH,中国中车,20180509,-5.2740434332989
601766.SH,中国中车,20180508,-5.2740434332989
601766.SH,中国中车,20180507,-5.2740434332989
601766.SH,中国中车,20180506,-5.2740434332989
601766.SH,中国中车,20180505,-5.2740434332989
601766.SH,中国中车,20180504,-5.2740434332989
601766.SH,中国中车,20180503,-5.2740434332989
601766.SH,中国中车,20180502,-5.2740434332989
601766.SH,中国中车,20180501,-5.2740434332989
601766.SH,中国中车,20180430,-3.7810945273632
601766.SH,中国中车,20180429,-3.7810945273632
601766.SH,中国中车,20180428,-3.7810945273632
601766.SH,中国中车,20180427,-3.7810945273632
601766.SH,中国中车,20180426,-3.7810945273632
601766.SH,中国中车,20180425,-3.7810945273632
601766.SH,中国中车,20180424,-3.7810945273632
601766.SH,中国中车,20180423,-3.7810945273632
601766.SH,中国中车,20180422,-3.7810945273632
601766.SH,中国中车,20180421,-3.7810945273632
601766.SH,中国中车,20180420,-3.7810945273632
601766.SH,中国中车,20180419,-3.7810945273632
601766.SH,中国中车,20180418,-3.7810945273632
601766.SH,中国中车,20180417,-3.7810945273632
601766.SH,中国中车,20180416,-3.7810945273632
601766.SH,中国中车,20180415,-3.7810945273632
601766.SH,中国中车,20180414,-3.7810945273632
601766.SH,中国中车,20180413,-3.7810945273632
601766.SH,中国中车,20180412,-3.7810945273632
601766.SH,中国中车,20180411,-3.7810945273632
601766.SH,中国中车,20180410,-3.7810945273632
601766.SH,中国中车,20180409,-3.7810945273632
601766.SH,中国中车,20180408,-3.7810945273632
601766.SH,中国中车,20180407,-3.7810945273632
601766.SH,中国中车,20180406,-3.7810945273632
601766.SH,中国中车,20180405,-3.7810945273632
601766.SH,中国中车,20180404,-3.7810945273632
601766.SH,中国中车,20180403,-3.7810945273632
601766.SH,中国中车,20180402,-3.7810945273632
601766.SH,中国中车,20180401,-3.7810945273632
601766.SH,中国中车,20180331,-3.8277511961722
601766.SH,中国中车,20180330,-3.8277511961722
601766.SH,中国中车,20180329,-3.8277511961722
601766.SH,中国中车,20180328,-3.8277511961722
601766.SH,中国中车,20180327,-3.8277511961722
601766.SH,中国中车,20180326,-3.8277511961722
601766.SH,中国中车,20180325,-3.8277511961722
601766.SH,中国中车,20180324,-3.8277511961722
601766.SH,中国中车,20180323,-3.8277511961722
601766.SH,中国中车,20180322,-3.8277511961722
601766.SH,中国中车,20180321,-3.8277511961722
601766.SH,中国中车,20180320,-3.8277511961722
601766.SH,中国中车,20180319,-3.8277511961722
601766.SH,中国中车,20180318,-3.8277511961722
601766.SH,中国中车,20180317,-3.8277511961722
601766.SH,中国中车,20180316,-3.8277511961722
601766.SH,中国中车,20180315,-3.8277511961722
601766.SH,中国中车,20180314,-3.8277511961722
601766.SH,中国中车,20180313,-3.8277511961722
601766.SH,中国中车,20180312,-3.8277511961722
601766.SH,中国中车,20180311,-3.8277511961722
601766.SH,中国中车,20180310,-3.8277511961722
601766.SH,中国中车,20180309,-3.8277511961722
601766.SH,中国中车,20180308,-3.8277511961722
601766.SH,中国中车,20180307,-3.8277511961722
601766.SH,中国中车,20180306,-3.8277511961722
601766.SH,中国中车,20180305,-3.8277511961722
601766.SH,中国中车,20180304,-3.8277511961722
601766.SH,中国中车,20180303,-3.8277511961722
601766.SH,中国中车,20180302,-3.8277511961722
601766.SH,中国中车,20180301,-3.8277511961722
601766.SH,中国中车,20180228,-8.1722319859403
601766.SH,中国中车,20180227,-8.1722319859403
601766.SH,中国中车,20180226,-8.1722319859403
601766.SH,中国中车,20180225,-8.1722319859403
601766.SH,中国中车,20180224,-8.1722319859403
601766.SH,中国中车,20180223,-8.1722319859403
601766.SH,中国中车,20180222,-8.1722319859403
601766.SH,中国中车,20180221,-8.1722319859403
601766.SH,中国中车,20180220,-8.1722319859403
601766.SH,中国中车,20180219,-8.1722319859403
601766.SH,中国中车,20180218,-8.1722319859403
601766.SH,中国中车,20180217,-8.1722319859403
601766.SH,中国中车,20180216,-8.1722319859403
601766.SH,中国中车,20180215,-8.1722319859403
601766.SH,中国中车,20180214,-8.1722319859403
601766.SH,中国中车,20180213,-8.1722319859403
601766.SH,中国中车,20180212,-8.1722319859403
601766.SH,中国中车,20180211,-8.1722319859403
601766.SH,中国中车,20180210,-8.1722319859403
601766.SH,中国中车,20180209,-8.1722319859403
601766.SH,中国中车,20180208,-8.1722319859403
601766.SH,中国中车,20180207,-8.1722319859403
601766.SH,中国中车,20180206,-8.1722319859403
601766.SH,中国中车,20180205,-8.1722319859403
601766.SH,中国中车,20180204,-8.1722319859403
601766.SH,中国中车,20180203,-8.1722319859403
601766.SH,中国中车,20180202,-8.1722319859403
601766.SH,中国中车,20180201,-8.1722319859403
601766.SH,中国中车,20180131,-6.0280759702725
601766.SH,中国中车,20180130,-6.0280759702725
601766.SH,中国中车,20180129,-6.0280759702725
601766.SH,中国中车,20180128,-6.0280759702725
601766.SH,中国中车,20180127,-6.0280759702725
601766.SH,中国中车,20180126,-6.0280759702725
601766.SH,中国中车,20180125,-6.0280759702725
601766.SH,中国中车,20180124,-6.0280759702725
601766.SH,中国中车,20180123,-6.0280759702725
601766.SH,中国中车,20180122,-6.0280759702725
601766.SH,中国中车,20180121,-6.0280759702725
601766.SH,中国中车,20180120,-6.0280759702725
601766.SH,中国中车,20180119,-6.0280759702725
601766.SH,中国中车,20180118,-6.0280759702725
601766.SH,中国中车,20180117,-6.0280759702725
601766.SH,中国中车,20180116,-6.0280759702725
601766.SH,中国中车,20180115,-6.0280759702725
601766.SH,中国中车,20180114,-6.0280759702725
601766.SH,中国中车,20180113,-6.0280759702725
601766.SH,中国中车,20180112,-6.0280759702725
601766.SH,中国中车,20180111,-6.0280759702725
601766.SH,中国中车,20180110,-6.0280759702725
601766.SH,中国中车,20180109,-6.0280759702725
601766.SH,中国中车,20180108,-6.0280759702725
601766.SH,中国中车,20180107,-6.0280759702725
601766.SH,中国中车,20180106,-6.0280759702725
601766.SH,中国中车,20180105,-6.0280759702725
601766.SH,中国中车,20180104,-6.0280759702725
601766.SH,中国中车,20180103,-6.0280759702725
601766.SH,中国中车,20180102,-6.0280759702725
601766.SH,中国中车,20180101,-6.0280759702725
601766.SH,中国中车,20171231,4.3965517241379
601766.SH,中国中车,20171230,4.3965517241379
601766.SH,中国中车,20171229,4.3965517241379
601766.SH,中国中车,20171228,4.3965517241379
601766.SH,中国中车,20171227,4.3965517241379
601766.SH,中国中车,20171226,4.3965517241379
601766.SH,中国中车,20171225,4.3965517241379
601766.SH,中国中车,20171224,4.3965517241379
601766.SH,中国中车,20171223,4.3965517241379
601766.SH,中国中车,20171222,4.3965517241379
601766.SH,中国中车,20171221,4.3965517241379
601766.SH,中国中车,20171220,4.3965517241379
601766.SH,中国中车,20171219,4.3965517241379
601766.SH,中国中车,20171218,4.3965517241379
601766.SH,中国中车,20171217,4.3965517241379
601766.SH,中国中车,20171216,4.3965517241379
601766.SH,中国中车,20171215,4.3965517241379
601766.SH,中国中车,20171214,4.3965517241379
601766.SH,中国中车,20171213,4.3965517241379
601766.SH,中国中车,20171212,4.3965517241379
601766.SH,中国中车,20171211,4.3965517241379
601766.SH,中国中车,20171210,4.3965517241379
601766.SH,中国中车,20171209,4.3965517241379
601766.SH,中国中车,20171208,4.3965517241379
601766.SH,中国中车,20171207,4.3965517241379
601766.SH,中国中车,20171206,4.3965517241379
601766.SH,中国中车,20171205,4.3965517241379
601766.SH,中国中车,20171204,4.3965517241379
601766.SH,中国中车,20171203,4.3965517241379
601766.SH,中国中车,20171202,4.3965517241379
601766.SH,中国中车,20171201,4.3965517241379
601766.SH,中国中车,20171130,1.3100436681223
601766.SH,中国中车,20171129,1.3100436681223
601766.SH,中国中车,20171128,1.3100436681223
601766.SH,中国中车,20171127,1.3100436681223
601766.SH,中国中车,20171126,1.3100436681223
601766.SH,中国中车,20171125,1.3100436681223
601766.SH,中国中车,20171124,1.3100436681223
601766.SH,中国中车,20171123,1.3100436681223
601766.SH,中国中车,20171122,1.3100436681223
601766.SH,中国中车,20171121,1.3100436681223
601766.SH,中国中车,20171120,1.3100436681223
601766.SH,中国中车,20171119,1.3100436681223
601766.SH,中国中车,20171118,1.3100436681223
601766.SH,中国中车,20171117,1.3100436681223
601766.SH,中国中车,20171116,1.3100436681223
601766.SH,中国中车,20171115,1.3100436681223
601766.SH,中国中车,20171114,1.3100436681223
601766.SH,中国中车,20171113,1.3100436681223
601766.SH,中国中车,20171112,1.3100436681223
601766.SH,中国中车,20171111,1.3100436681223
601766.SH,中国中车,20171110,1.3100436681223
601766.SH,中国中车,20171109,1.3100436681223
601766.SH,中国中车,20171108,1.3100436681223
601766.SH,中国中车,20171107,1.3100436681223
601766.SH,中国中车,20171106,1.3100436681223
601766.SH,中国中车,20171105,1.3100436681223
601766.SH,中国中车,20171104,1.3100436681223
601766.SH,中国中车,20171103,1.3100436681223
601766.SH,中国中车,20171102,1.3100436681223
601766.SH,中国中车,20171101,1.3100436681223
601766.SH,中国中车,20171031,17.677286742035
601766.SH,中国中车,20171030,17.677286742035
601766.SH,中国中车,20171029,17.677286742035
601766.SH,中国中车,20171028,17.677286742035
601766.SH,中国中车,20171027,17.677286742035
601766.SH,中国中车,20171026,17.677286742035
601766.SH,中国中车,20171025,17.677286742035
601766.SH,中国中车,20171024,17.677286742035
601766.SH,中国中车,20171023,17.677286742035
601766.SH,中国中车,20171022,17.677286742035
601766.SH,中国中车,20171021,17.677286742035
601766.SH,中国中车,20171020,17.677286742035
601766.SH,中国中车,20171019,17.677286742035
601766.SH,中国中车,20171018,17.677286742035
601766.SH,中国中车,20171017,17.677286742035
601766.SH,中国中车,20171016,17.677286742035
601766.SH,中国中车,20171015,17.677286742035
601766.SH,中国中车,20171014,17.677286742035
601766.SH,中国中车,20171013,17.677286742035
601766.SH,中国中车,20171012,17.677286742035
601766.SH,中国中车,20171011,17.677286742035
601766.SH,中国中车,20171010,17.677286742035
601766.SH,中国中车,20171009,17.677286742035
601766.SH,中国中车,20171008,17.677286742035
601766.SH,中国中车,20171007,17.677286742035
601766.SH,中国中车,20171006,17.677286742035
601766.SH,中国中车,20171005,17.677286742035
601766.SH,中国中车,20171004,17.677286742035
601766.SH,中国中车,20171003,17.677286742035
601766.SH,中国中车,20171002,17.677286742035
601766.SH,中国中车,20171001,17.677286742035
601766.SH,中国中车,20170930,-2.112676056338
601766.SH,中国中车,20170929,-2.112676056338
601766.SH,中国中车,20170928,-2.112676056338
601766.SH,中国中车,20170927,-2.112676056338
601766.SH,中国中车,20170926,-2.112676056338
601766.SH,中国中车,20170925,-2.112676056338
601766.SH,中国中车,20170924,-2.112676056338
601766.SH,中国中车,20170923,-2.112676056338
601766.SH,中国中车,20170922,-2.112676056338
601766.SH,中国中车,20170921,-2.112676056338
601766.SH,中国中车,20170920,-2.112676056338
601766.SH,中国中车,20170919,-2.112676056338
601766.SH,中国中车,20170918,-2.112676056338
601766.SH,中国中车,20170917,-2.112676056338
601766.SH,中国中车,20170916,-2.112676056338
601766.SH,中国中车,20170915,-2.112676056338
601766.SH,中国中车,20170914,-2.112676056338
601766.SH,中国中车,20170913,-2.112676056338
601766.SH,中国中车,20170912,-2.112676056338
601766.SH,中国中车,20170911,-2.112676056338
601766.SH,中国中车,20170910,-2.112676056338
601766.SH,中国中车,20170909,-2.112676056338
601766.SH,中国中车,20170908,-2.112676056338
601766.SH,中国中车,20170907,-2.112676056338
601766.SH,中国中车,20170906,-2.112676056338
601766.SH,中国中车,20170905,-2.112676056338
601766.SH,中国中车,20170904,-2.112676056338
601766.SH,中国中车,20170903,-2.112676056338
601766.SH,中国中车,20170902,-2.112676056338
601766.SH,中国中车,20170901,-2.112676056338
601766.SH,中国中车,20170831,-1.3888888888889
601766.SH,中国中车,20170830,-1.3888888888889
601766.SH,中国中车,20170829,-1.3888888888889
601766.SH,中国中车,20170828,-1.3888888888889
601766.SH,中国中车,20170827,-1.3888888888889
601766.SH,中国中车,20170826,-1.3888888888889
601766.SH,中国中车,20170825,-1.3888888888889
601766.SH,中国中车,20170824,-1.3888888888889
601766.SH,中国中车,20170823,-1.3888888888889
601766.SH,中国中车,20170822,-1.3888888888889
601766.SH,中国中车,20170821,-1.3888888888889
601766.SH,中国中车,20170820,-1.3888888888889
601766.SH,中国中车,20170819,-1.3888888888889
601766.SH,中国中车,20170818,-1.3888888888889
601766.SH,中国中车,20170817,-1.3888888888889
601766.SH,中国中车,20170816,-1.3888888888889
601766.SH,中国中车,20170815,-1.3888888888889
601766.SH,中国中车,20170814,-1.3888888888889
601766.SH,中国中车,20170813,-1.3888888888889
601766.SH,中国中车,20170812,-1.3888888888889
601766.SH,中国中车,20170811,-1.3888888888889
601766.SH,中国中车,20170810,-1.3888888888889
601766.SH,中国中车,20170809,-1.3888888888889
601766.SH,中国中车,20170808,-1.3888888888889
601766.SH,中国中车,20170807,-1.3888888888889
601766.SH,中国中车,20170806,-1.3888888888889
601766.SH,中国中车,20170805,-1.3888888888889
601766.SH,中国中车,20170804,-1.3888888888889
601766.SH,中国中车,20170803,-1.3888888888889
601766.SH,中国中车,20170802,-1.3888888888889
601766.SH,中国中车,20170801,-1.3888888888889
601766.SH,中国中车,20170731,-0.39525691699604
601766.SH,中国中车,20170730,-0.39525691699604
601766.SH,中国中车,20170729,-0.39525691699604
601766.SH,中国中车,20170728,-0.39525691699604
601766.SH,中国中车,20170727,-0.39525691699604
601766.SH,中国中车,20170726,-0.39525691699604
601766.SH,中国中车,20170725,-0.39525691699604
601766.SH,中国中车,20170724,-0.39525691699604
601766.SH,中国中车,20170723,-0.39525691699604
601766.SH,中国中车,20170722,-0.39525691699604
601766.SH,中国中车,20170721,-0.39525691699604
601766.SH,中国中车,20170720,-0.39525691699604
601766.SH,中国中车,20170719,-0.39525691699604
601766.SH,中国中车,20170718,-0.39525691699604
601766.SH,中国中车,20170717,-0.39525691699604
601766.SH,中国中车,20170716,-0.39525691699604
601766.SH,中国中车,20170715,-0.39525691699604
601766.SH,中国中车,20170714,-0.39525691699604
601766.SH,中国中车,20170713,-0.39525691699604
601766.SH,中国中车,20170712,-0.39525691699604
601766.SH,中国中车,20170711,-0.39525691699604
601766.SH,中国中车,20170710,-0.39525691699604
601766.SH,中国中车,20170709,-0.39525691699604
601766.SH,中国中车,20170708,-0.39525691699604
601766.SH,中国中车,20170707,-0.39525691699604
601766.SH,中国中车,20170706,-0.39525691699604
601766.SH,中国中车,20170705,-0.39525691699604
601766.SH,中国中车,20170704,-0.39525691699604
601766.SH,中国中车,20170703,-0.39525691699604
601766.SH,中国中车,20170702,-0.39525691699604
601766.SH,中国中车,20170701,-0.39525691699604
601766.SH,中国中车,20170630,-0.098716683119463
601766.SH,中国中车,20170629,-0.098716683119463
601766.SH,中国中车,20170628,-0.098716683119463
601766.SH,中国中车,20170627,-0.098716683119463
601766.SH,中国中车,20170626,-0.098716683119463
601766.SH,中国中车,20170625,-0.098716683119463
601766.SH,中国中车,20170624,-0.098716683119463
601766.SH,中国中车,20170623,-0.098716683119463
601766.SH,中国中车,20170622,-0.098716683119463
601766.SH,中国中车,20170621,-0.098716683119463
601766.SH,中国中车,20170620,-0.098716683119463
601766.SH,中国中车,20170619,-0.098716683119463
601766.SH,中国中车,20170618,-0.098716683119463
601766.SH,中国中车,20170617,-0.098716683119463
601766.SH,中国中车,20170616,-0.098716683119463
601766.SH,中国中车,20170615,-0.098716683119463
601766.SH,中国中车,20170614,-0.098716683119463
601766.SH,中国中车,20170613,-0.098716683119463
601766.SH,中国中车,20170612,-0.098716683119463
601766.SH,中国中车,20170611,-0.098716683119463
601766.SH,中国中车,20170610,-0.098716683119463
601766.SH,中国中车,20170609,-0.098716683119463
601766.SH,中国中车,20170608,-0.098716683119463
601766.SH,中国中车,20170607,-0.098716683119463
601766.SH,中国中车,20170606,-0.098716683119463
601766.SH,中国中车,20170605,-0.098716683119463
601766.SH,中国中车,20170604,-0.098716683119463
601766.SH,中国中车,20170603,-0.098716683119463
601766.SH,中国中车,20170602,-0.098716683119463
601766.SH,中国中车,20170601,-0.098716683119463
601766.SH,中国中车,20170531,0.29702970297031
601766.SH,中国中车,20170530,0.29702970297031
601766.SH,中国中车,20170529,0.29702970297031
601766.SH,中国中车,20170528,0.29702970297031
601766.SH,中国中车,20170527,0.29702970297031
601766.SH,中国中车,20170526,0.29702970297031
601766.SH,中国中车,20170525,0.29702970297031
601766.SH,中国中车,20170524,0.29702970297031
601766.SH,中国中车,20170523,0.29702970297031
601766.SH,中国中车,20170522,0.29702970297031
601766.SH,中国中车,20170521,0.29702970297031
601766.SH,中国中车,20170520,0.29702970297031
601766.SH,中国中车,20170519,0.29702970297031
601766.SH,中国中车,20170518,0.29702970297031
601766.SH,中国中车,20170517,0.29702970297031
601766.SH,中国中车,20170516,0.29702970297031
601766.SH,中国中车,20170515,0.29702970297031
601766.SH,中国中车,20170514,0.29702970297031
601766.SH,中国中车,20170513,0.29702970297031
601766.SH,中国中车,20170512,0.29702970297031
601766.SH,中国中车,20170511,0.29702970297031
601766.SH,中国中车,20170510,0.29702970297031
601766.SH,中国中车,20170509,0.29702970297031
601766.SH,中国中车,20170508,0.29702970297031
601766.SH,中国中车,20170507,0.29702970297031
601766.SH,中国中车,20170506,0.29702970297031
601766.SH,中国中车,20170505,0.29702970297031
601766.SH,中国中车,20170504,0.29702970297031
601766.SH,中国中车,20170503,0.29702970297031
601766.SH,中国中车,20170502,0.29702970297031
601766.SH,中国中车,20170501,0.29702970297031
601766.SH,中国中车,20170430,-1.3671875
601766.SH,中国中车,20170429,-1.3671875
601766.SH,中国中车,20170428,-1.3671875
601766.SH,中国中车,20170427,-1.3671875
601766.SH,中国中车,20170426,-1.3671875
601766.SH,中国中车,20170425,-1.3671875
601766.SH,中国中车,20170424,-1.3671875
601766.SH,中国中车,20170423,-1.3671875
601766.SH,中国中车,20170422,-1.3671875
601766.SH,中国中车,20170421,-1.3671875
601766.SH,中国中车,20170420,-1.3671875
601766.SH,中国中车,20170419,-1.3671875
601766.SH,中国中车,20170418,-1.3671875
601766.SH,中国中车,20170417,-1.3671875
601766.SH,中国中车,20170416,-1.3671875
601766.SH,中国中车,20170415,-1.3671875
601766.SH,中国中车,20170414,-1.3671875
601766.SH,中国中车,20170413,-1.3671875
601766.SH,中国中车,20170412,-1.3671875
601766.SH,中国中车,20170411,-1.3671875
601766.SH,中国中车,20170410,-1.3671875
601766.SH,中国中车,20170409,-1.3671875
601766.SH,中国中车,20170408,-1.3671875
601766.SH,中国中车,20170407,-1.3671875
601766.SH,中国中车,20170406,-1.3671875
601766.SH,中国中车,20170405,-1.3671875
601766.SH,中国中车,20170404,-1.3671875
601766.SH,中国中车,20170403,-1.3671875
601766.SH,中国中车,20170402,-1.3671875
601766.SH,中国中车,20170401,-1.3671875
601766.SH,中国中车,20170331,-0.77519379844961
601766.SH,中国中车,20170330,-0.77519379844961
601766.SH,中国中车,20170329,-0.77519379844961
601766.SH,中国中车,20170328,-0.77519379844961
601766.SH,中国中车,20170327,-0.77519379844961
601766.SH,中国中车,20170326,-0.77519379844961
601766.SH,中国中车,20170325,-0.77519379844961
601766.SH,中国中车,20170324,-0.77519379844961
601766.SH,中国中车,20170323,-0.77519379844961
601766.SH,中国中车,20170322,-0.77519379844961
601766.SH,中国中车,20170321,-0.77519379844961
601766.SH,中国中车,20170320,-0.77519379844961
601766.SH,中国中车,20170319,-0.77519379844961
601766.SH,中国中车,20170318,-0.77519379844961
601766.SH,中国中车,20170317,-0.77519379844961
601766.SH,中国中车,20170316,-0.77519379844961
601766.SH,中国中车,20170315,-0.77519379844961
601766.SH,中国中车,20170314,-0.77519379844961
601766.SH,中国中车,20170313,-0.77519379844961
601766.SH,中国中车,20170312,-0.77519379844961
601766.SH,中国中车,20170311,-0.77519379844961
601766.SH,中国中车,20170310,-0.77519379844961
601766.SH,中国中车,20170309,-0.77519379844961
601766.SH,中国中车,20170308,-0.77519379844961
601766.SH,中国中车,20170307,-0.77519379844961
601766.SH,中国中车,20170306,-0.77519379844961
601766.SH,中国中车,20170305,-0.77519379844961
601766.SH,中国中车,20170304,-0.77519379844961
601766.SH,中国中车,20170303,-0.77519379844961
601766.SH,中国中车,20170302,-0.77519379844961
601766.SH,中国中车,20170301,-0.77519379844961
601766.SH,中国中车,20170228,3.2
601766.SH,中国中车,20170227,3.2
601766.SH,中国中车,20170226,3.2
601766.SH,中国中车,20170225,3.2
601766.SH,中国中车,20170224,3.2
601766.SH,中国中车,20170223,3.2
601766.SH,中国中车,20170222,3.2
601766.SH,中国中车,20170221,3.2
601766.SH,中国中车,20170220,3.2
601766.SH,中国中车,20170219,3.2
601766.SH,中国中车,20170218,3.2
601766.SH,中国中车,20170217,3.2
601766.SH,中国中车,20170216,3.2
601766.SH,中国中车,20170215,3.2
601766.SH,中国中车,20170214,3.2
601766.SH,中国中车,20170213,3.2
601766.SH,中国中车,20170212,3.2
601766.SH,中国中车,20170211,3.2
601766.SH,中国中车,20170210,3.2
601766.SH,中国中车,20170209,3.2
601766.SH,中国中车,20170208,3.2
601766.SH,中国中车,20170207,3.2
601766.SH,中国中车,20170206,3.2
601766.SH,中国中车,20170205,3.2
601766.SH,中国中车,20170204,3.2
601766.SH,中国中车,20170203,3.2
601766.SH,中国中车,20170202,3.2
601766.SH,中国中车,20170201,3.2
601766.SH,中国中车,20170131,2.3541453428864
601766.SH,中国中车,20170130,2.3541453428864
601766.SH,中国中车,20170129,2.3541453428864
601766.SH,中国中车,20170128,2.3541453428864
601766.SH,中国中车,20170127,2.3541453428864
601766.SH,中国中车,20170126,2.3541453428864
601766.SH,中国中车,20170125,2.3541453428864
601766.SH,中国中车,20170124,2.3541453428864
601766.SH,中国中车,20170123,2.3541453428864
601766.SH,中国中车,20170122,2.3541453428864
601766.SH,中国中车,20170121,2.3541453428864
601766.SH,中国中车,20170120,2.3541453428864
601766.SH,中国中车,20170119,2.3541453428864
601766.SH,中国中车,20170118,2.3541453428864
601766.SH,中国中车,20170117,2.3541453428864
601766.SH,中国中车,20170116,2.3541453428864
601766.SH,中国中车,20170115,2.3541453428864
601766.SH,中国中车,20170114,2.3541453428864
601766.SH,中国中车,20170113,2.3541453428864
601766.SH,中国中车,20170112,2.3541453428864
601766.SH,中国中车,20170111,2.3541453428864
601766.SH,中国中车,20170110,2.3541453428864
601766.SH,中国中车,20170109,2.3541453428864
601766.SH,中国中车,20170108,2.3541453428864
601766.SH,中国中车,20170107,2.3541453428864
601766.SH,中国中车,20170106,2.3541453428864
601766.SH,中国中车,20170105,2.3541453428864
601766.SH,中国中车,20170104,2.3541453428864
601766.SH,中国中车,20170103,2.3541453428864
601766.SH,中国中车,20170102,2.3541453428864
601766.SH,中国中车,20170101,2.3541453428864
601766.SH,中国中车,20161231,-18.447412353923
601766.SH,中国中车,20161230,-18.447412353923
601766.SH,中国中车,20161229,-18.447412353923
601766.SH,中国中车,20161228,-18.447412353923
601766.SH,中国中车,20161227,-18.447412353923
601766.SH,中国中车,20161226,-18.447412353923
601766.SH,中国中车,20161225,-18.447412353923
601766.SH,中国中车,20161224,-18.447412353923
601766.SH,中国中车,20161223,-18.447412353923
601766.SH,中国中车,20161222,-18.447412353923
601766.SH,中国中车,20161221,-18.447412353923
601766.SH,中国中车,20161220,-18.447412353923
601766.SH,中国中车,20161219,-18.447412353923
601766.SH,中国中车,20161218,-18.447412353923
601766.SH,中国中车,20161217,-18.447412353923
601766.SH,中国中车,20161216,-18.447412353923
601766.SH,中国中车,20161215,-18.447412353923
601766.SH,中国中车,20161214,-18.447412353923
601766.SH,中国中车,20161213,-18.447412353923
601766.SH,中国中车,20161212,-18.447412353923
601766.SH,中国中车,20161211,-18.447412353923
601766.SH,中国中车,20161210,-18.447412353923
601766.SH,中国中车,20161209,-18.447412353923
601766.SH,中国中车,20161208,-18.447412353923
601766.SH,中国中车,20161207,-18.447412353923
601766.SH,中国中车,20161206,-18.447412353923
601766.SH,中国中车,20161205,-18.447412353923
601766.SH,中国中车,20161204,-18.447412353923
601766.SH,中国中车,20161203,-18.447412353923
601766.SH,中国中车,20161202,-18.447412353923
601766.SH,中国中车,20161201,-18.447412353923
601766.SH,中国中车,20161130,28.540772532189
601766.SH,中国中车,20161129,28.540772532189
601766.SH,中国中车,20161128,28.540772532189
601766.SH,中国中车,20161127,28.540772532189
601766.SH,中国中车,20161126,28.540772532189
601766.SH,中国中车,20161125,28.540772532189
601766.SH,中国中车,20161124,28.540772532189
601766.SH,中国中车,20161123,28.540772532189
601766.SH,中国中车,20161122,28.540772532189
601766.SH,中国中车,20161121,28.540772532189
601766.SH,中国中车,20161120,28.540772532189
601766.SH,中国中车,20161119,28.540772532189
601766.SH,中国中车,20161118,28.540772532189
601766.SH,中国中车,20161117,28.540772532189
601766.SH,中国中车,20161116,28.540772532189
601766.SH,中国中车,20161115,28.540772532189
601766.SH,中国中车,20161114,28.540772532189
601766.SH,中国中车,20161113,28.540772532189
601766.SH,中国中车,20161112,28.540772532189
601766.SH,中国中车,20161111,28.540772532189
601766.SH,中国中车,20161110,28.540772532189
601766.SH,中国中车,20161109,28.540772532189
601766.SH,中国中车,20161108,28.540772532189
601766.SH,中国中车,20161107,28.540772532189
601766.SH,中国中车,20161106,28.540772532189
601766.SH,中国中车,20161105,28.540772532189
601766.SH,中国中车,20161104,28.540772532189
601766.SH,中国中车,20161103,28.540772532189
601766.SH,中国中车,20161102,28.540772532189
601766.SH,中国中车,20161101,28.540772532189
601766.SH,中国中车,20161031,4.0178571428571
601766.SH,中国中车,20161030,4.0178571428571
601766.SH,中国中车,20161029,4.0178571428571
601766.SH,中国中车,20161028,4.0178571428571
601766.SH,中国中车,20161027,4.0178571428571
601766.SH,中国中车,20161026,4.0178571428571
601766.SH,中国中车,20161025,4.0178571428571
601766.SH,中国中车,20161024,4.0178571428571
601766.SH,中国中车,20161023,4.0178571428571
601766.SH,中国中车,20161022,4.0178571428571
601766.SH,中国中车,20161021,4.0178571428571
601766.SH,中国中车,20161020,4.0178571428571
601766.SH,中国中车,20161019,4.0178571428571
601766.SH,中国中车,20161018,4.0178571428571
601766.SH,中国中车,20161017,4.0178571428571
601766.SH,中国中车,20161016,4.0178571428571
601766.SH,中国中车,20161015,4.0178571428571
601766.SH,中国中车,20161014,4.0178571428571
601766.SH,中国中车,20161013,4.0178571428571
601766.SH,中国中车,20161012,4.0178571428571
601766.SH,中国中车,20161011,4.0178571428571
601766.SH,中国中车,20161010,4.0178571428571
601766.SH,中国中车,20161009,4.0178571428571
601766.SH,中国中车,20161008,4.0178571428571
601766.SH,中国中车,20161007,4.0178571428571
601766.SH,中国中车,20161006,4.0178571428571
601766.SH,中国中车,20161005,4.0178571428571
601766.SH,中国中车,20161004,4.0178571428571
601766.SH,中国中车,20161003,4.0178571428571
601766.SH,中国中车,20161002,4.0178571428571
601766.SH,中国中车,20161001,4.0178571428571
601766.SH,中国中车,20160930,-3.7593984962406
601766.SH,中国中车,20160929,-3.7593984962406
601766.SH,中国中车,20160928,-3.7593984962406
601766.SH,中国中车,20160927,-3.7593984962406
601766.SH,中国中车,20160926,-3.7593984962406
601766.SH,中国中车,20160925,-3.7593984962406
601766.SH,中国中车,20160924,-3.7593984962406
601766.SH,中国中车,20160923,-3.7593984962406
601766.SH,中国中车,20160922,-3.7593984962406
601766.SH,中国中车,20160921,-3.7593984962406
601766.SH,中国中车,20160920,-3.7593984962406
601766.SH,中国中车,20160919,-3.7593984962406
601766.SH,中国中车,20160918,-3.7593984962406
601766.SH,中国中车,20160917,-3.7593984962406
601766.SH,中国中车,20160916,-3.7593984962406
601766.SH,中国中车,20160915,-3.7593984962406
601766.SH,中国中车,20160914,-3.7593984962406
601766.SH,中国中车,20160913,-3.7593984962406
601766.SH,中国中车,20160912,-3.7593984962406
601766.SH,中国中车,20160911,-3.7593984962406
601766.SH,中国中车,20160910,-3.7593984962406
601766.SH,中国中车,20160909,-3.7593984962406
601766.SH,中国中车,20160908,-3.7593984962406
601766.SH,中国中车,20160907,-3.7593984962406
601766.SH,中国中车,20160906,-3.7593984962406
601766.SH,中国中车,20160905,-3.7593984962406
601766.SH,中国中车,20160904,-3.7593984962406
601766.SH,中国中车,20160903,-3.7593984962406
601766.SH,中国中车,20160902,-3.7593984962406
601766.SH,中国中车,20160901,-3.7593984962406
601766.SH,中国中车,20160831,3.1007751937985
601766.SH,中国中车,20160830,3.1007751937985
601766.SH,中国中车,20160829,3.1007751937985
601766.SH,中国中车,20160828,3.1007751937985
601766.SH,中国中车,20160827,3.1007751937985
601766.SH,中国中车,20160826,3.1007751937985
601766.SH,中国中车,20160825,3.1007751937985
601766.SH,中国中车,20160824,3.1007751937985
601766.SH,中国中车,20160823,3.1007751937985
601766.SH,中国中车,20160822,3.1007751937985
601766.SH,中国中车,20160821,3.1007751937985
601766.SH,中国中车,20160820,3.1007751937985
601766.SH,中国中车,20160819,3.1007751937985
601766.SH,中国中车,20160818,3.1007751937985
601766.SH,中国中车,20160817,3.1007751937985
601766.SH,中国中车,20160816,3.1007751937985
601766.SH,中国中车,20160815,3.1007751937985
601766.SH,中国中车,20160814,3.1007751937985
601766.SH,中国中车,20160813,3.1007751937985
601766.SH,中国中车,20160812,3.1007751937985
601766.SH,中国中车,20160811,3.1007751937985
601766.SH,中国中车,20160810,3.1007751937985
601766.SH,中国中车,20160809,3.1007751937985
601766.SH,中国中车,20160808,3.1007751937985
601766.SH,中国中车,20160807,3.1007751937985
601766.SH,中国中车,20160806,3.1007751937985
601766.SH,中国中车,20160805,3.1007751937985
601766.SH,中国中车,20160804,3.1007751937985
601766.SH,中国中车,20160803,3.1007751937985
601766.SH,中国中车,20160802,3.1007751937985
601766.SH,中国中车,20160801,3.1007751937985
601766.SH,中国中车,20160731,-1.5267175572519
601766.SH,中国中车,20160730,-1.5267175572519
601766.SH,中国中车,20160729,-1.5267175572519
601766.SH,中国中车,20160728,-1.5267175572519
601766.SH,中国中车,20160727,-1.5267175572519
601766.SH,中国中车,20160726,-1.5267175572519
601766.SH,中国中车,20160725,-1.5267175572519
601766.SH,中国中车,20160724,-1.5267175572519
601766.SH,中国中车,20160723,-1.5267175572519
601766.SH,中国中车,20160722,-1.5267175572519
601766.SH,中国中车,20160721,-1.5267175572519
601766.SH,中国中车,20160720,-1.5267175572519
601766.SH,中国中车,20160719,-1.5267175572519
601766.SH,中国中车,20160718,-1.5267175572519
601766.SH,中国中车,20160717,-1.5267175572519
601766.SH,中国中车,20160716,-1.5267175572519
601766.SH,中国中车,20160715,-1.5267175572519
601766.SH,中国中车,20160714,-1.5267175572519
601766.SH,中国中车,20160713,-1.5267175572519
601766.SH,中国中车,20160712,-1.5267175572519
601766.SH,中国中车,20160711,-1.5267175572519
601766.SH,中国中车,20160710,-1.5267175572519
601766.SH,中国中车,20160709,-1.5267175572519
601766.SH,中国中车,20160708,-1.5267175572519
601766.SH,中国中车,20160707,-1.5267175572519
601766.SH,中国中车,20160706,-1.5267175572519
601766.SH,中国中车,20160705,-1.5267175572519
601766.SH,中国中车,20160704,-1.5267175572519
601766.SH,中国中车,20160703,-1.5267175572519
601766.SH,中国中车,20160702,-1.5267175572519
601766.SH,中国中车,20160701,-1.5267175572519
601766.SH,中国中车,20160630,-5.4639175257732
601766.SH,中国中车,20160629,-5.4639175257732
601766.SH,中国中车,20160628,-5.4639175257732
601766.SH,中国中车,20160627,-5.4639175257732
601766.SH,中国中车,20160626,-5.4639175257732
601766.SH,中国中车,20160625,-5.4639175257732
601766.SH,中国中车,20160624,-5.4639175257732
601766.SH,中国中车,20160623,-5.4639175257732
601766.SH,中国中车,20160622,-5.4639175257732
601766.SH,中国中车,20160621,-5.4639175257732
601766.SH,中国中车,20160620,-5.4639175257732
601766.SH,中国中车,20160619,-5.4639175257732
601766.SH,中国中车,20160618,-5.4639175257732
601766.SH,中国中车,20160617,-5.4639175257732
601766.SH,中国中车,20160616,-5.4639175257732
601766.SH,中国中车,20160615,-5.4639175257732
601766.SH,中国中车,20160614,-5.4639175257732
601766.SH,中国中车,20160613,-5.4639175257732
601766.SH,中国中车,20160612,-5.4639175257732
601766.SH,中国中车,20160611,-5.4639175257732
601766.SH,中国中车,20160610,-5.4639175257732
601766.SH,中国中车,20160609,-5.4639175257732
601766.SH,中国中车,20160608,-5.4639175257732
601766.SH,中国中车,20160607,-5.4639175257732
601766.SH,中国中车,20160606,-5.4639175257732
601766.SH,中国中车,20160605,-5.4639175257732
601766.SH,中国中车,20160604,-5.4639175257732
601766.SH,中国中车,20160603,-5.4639175257732
601766.SH,中国中车,20160602,-5.4639175257732
601766.SH,中国中车,20160601,-5.4639175257732
601766.SH,中国中车,20160531,2.6455026455026
601766.SH,中国中车,20160530,2.6455026455026
601766.SH,中国中车,20160529,2.6455026455026
601766.SH,中国中车,20160528,2.6455026455026
601766.SH,中国中车,20160527,2.6455026455026
601766.SH,中国中车,20160526,2.6455026455026
601766.SH,中国中车,20160525,2.6455026455026
601766.SH,中国中车,20160524,2.6455026455026
601766.SH,中国中车,20160523,2.6455026455026
601766.SH,中国中车,20160522,2.6455026455026
601766.SH,中国中车,20160521,2.6455026455026
601766.SH,中国中车,20160520,2.6455026455026
601766.SH,中国中车,20160519,2.6455026455026
601766.SH,中国中车,20160518,2.6455026455026
601766.SH,中国中车,20160517,2.6455026455026
601766.SH,中国中车,20160516,2.6455026455026
601766.SH,中国中车,20160515,2.6455026455026
601766.SH,中国中车,20160514,2.6455026455026
601766.SH,中国中车,20160513,2.6455026455026
601766.SH,中国中车,20160512,2.6455026455026
601766.SH,中国中车,20160511,2.6455026455026
601766.SH,中国中车,20160510,2.6455026455026
601766.SH,中国中车,20160509,2.6455026455026
601766.SH,中国中车,20160508,2.6455026455026
601766.SH,中国中车,20160507,2.6455026455026
601766.SH,中国中车,20160506,2.6455026455026
601766.SH,中国中车,20160505,2.6455026455026
601766.SH,中国中车,20160504,2.6455026455026
601766.SH,中国中车,20160503,2.6455026455026
601766.SH,中国中车,20160502,2.6455026455026
601766.SH,中国中车,20160501,2.6455026455026
601766.SH,中国中车,20160430,-7.71484375
601766.SH,中国中车,20160429,-7.71484375
601766.SH,中国中车,20160428,-7.71484375
601766.SH,中国中车,20160427,-7.71484375
601766.SH,中国中车,20160426,-7.71484375
601766.SH,中国中车,20160425,-7.71484375
601766.SH,中国中车,20160424,-7.71484375
601766.SH,中国中车,20160423,-7.71484375
601766.SH,中国中车,20160422,-7.71484375
601766.SH,中国中车,20160421,-7.71484375
601766.SH,中国中车,20160420,-7.71484375
601766.SH,中国中车,20160419,-7.71484375
601766.SH,中国中车,20160418,-7.71484375
601766.SH,中国中车,20160417,-7.71484375
601766.SH,中国中车,20160416,-7.71484375
601766.SH,中国中车,20160415,-7.71484375
601766.SH,中国中车,20160414,-7.71484375
601766.SH,中国中车,20160413,-7.71484375
601766.SH,中国中车,20160412,-7.71484375
601766.SH,中国中车,20160411,-7.71484375
601766.SH,中国中车,20160410,-7.71484375
601766.SH,中国中车,20160409,-7.71484375
601766.SH,中国中车,20160408,-7.71484375
601766.SH,中国中车,20160407,-7.71484375
601766.SH,中国中车,20160406,-7.71484375
601766.SH,中国中车,20160405,-7.71484375
601766.SH,中国中车,20160404,-7.71484375
601766.SH,中国中车,20160403,-7.71484375
601766.SH,中国中车,20160402,-7.71484375
601766.SH,中国中车,20160401,-7.71484375
601766.SH,中国中车,20160331,9.7534833869239
601766.SH,中国中车,20160330,9.7534833869239
601766.SH,中国中车,20160329,9.7534833869239
601766.SH,中国中车,20160328,9.7534833869239
601766.SH,中国中车,20160327,9.7534833869239
601766.SH,中国中车,20160326,9.7534833869239
601766.SH,中国中车,20160325,9.7534833869239
601766.SH,中国中车,20160324,9.7534833869239
601766.SH,中国中车,20160323,9.7534833869239
601766.SH,中国中车,20160322,9.7534833869239
601766.SH,中国中车,20160321,9.7534833869239
601766.SH,中国中车,20160320,9.7534833869239
601766.SH,中国中车,20160319,9.7534833869239
601766.SH,中国中车,20160318,9.7534833869239
601766.SH,中国中车,20160317,9.7534833869239
601766.SH,中国中车,20160316,9.7534833869239
601766.SH,中国中车,20160315,9.7534833869239
601766.SH,中国中车,20160314,9.7534833869239
601766.SH,中国中车,20160313,9.7534833869239
601766.SH,中国中车,20160312,9.7534833869239
601766.SH,中国中车,20160311,9.7534833869239
601766.SH,中国中车,20160310,9.7534833869239
601766.SH,中国中车,20160309,9.7534833869239
601766.SH,中国中车,20160308,9.7534833869239
601766.SH,中国中车,20160307,9.7534833869239
601766.SH,中国中车,20160306,9.7534833869239
601766.SH,中国中车,20160305,9.7534833869239
601766.SH,中国中车,20160304,9.7534833869239
601766.SH,中国中车,20160303,9.7534833869239
601766.SH,中国中车,20160302,9.7534833869239
601766.SH,中国中车,20160301,9.7534833869239
601766.SH,中国中车,20160229,-5.9475806451613
601766.SH,中国中车,20160228,-5.9475806451613
601766.SH,中国中车,20160227,-5.9475806451613
601766.SH,中国中车,20160226,-5.9475806451613
601766.SH,中国中车,20160225,-5.9475806451613
601766.SH,中国中车,20160224,-5.9475806451613
601766.SH,中国中车,20160223,-5.9475806451613
601766.SH,中国中车,20160222,-5.9475806451613
601766.SH,中国中车,20160221,-5.9475806451613
601766.SH,中国中车,20160220,-5.9475806451613
601766.SH,中国中车,20160219,-5.9475806451613
601766.SH,中国中车,20160218,-5.9475806451613
601766.SH,中国中车,20160217,-5.9475806451613
601766.SH,中国中车,20160216,-5.9475806451613
601766.SH,中国中车,20160215,-5.9475806451613
601766.SH,中国中车,20160214,-5.9475806451613
601766.SH,中国中车,20160213,-5.9475806451613
601766.SH,中国中车,20160212,-5.9475806451613
601766.SH,中国中车,20160211,-5.9475806451613
601766.SH,中国中车,20160210,-5.9475806451613
601766.SH,中国中车,20160209,-5.9475806451613
601766.SH,中国中车,20160208,-5.9475806451613
601766.SH,中国中车,20160207,-5.9475806451613
601766.SH,中国中车,20160206,-5.9475806451613
601766.SH,中国中车,20160205,-5.9475806451613
601766.SH,中国中车,20160204,-5.9475806451613
601766.SH,中国中车,20160203,-5.9475806451613
601766.SH,中国中车,20160202,-5.9475806451613
601766.SH,中国中车,20160201,-5.9475806451613
601766.SH,中国中车,20160131,-22.801556420233
601766.SH,中国中车,20160130,-22.801556420233
601766.SH,中国中车,20160129,-22.801556420233
601766.SH,中国中车,20160128,-22.801556420233
601766.SH,中国中车,20160127,-22.801556420233
601766.SH,中国中车,20160126,-22.801556420233
601766.SH,中国中车,20160125,-22.801556420233
601766.SH,中国中车,20160124,-22.801556420233
601766.SH,中国中车,20160123,-22.801556420233
601766.SH,中国中车,20160122,-22.801556420233
601766.SH,中国中车,20160121,-22.801556420233
601766.SH,中国中车,20160120,-22.801556420233
601766.SH,中国中车,20160119,-22.801556420233
601766.SH,中国中车,20160118,-22.801556420233
601766.SH,中国中车,20160117,-22.801556420233
601766.SH,中国中车,20160116,-22.801556420233
601766.SH,中国中车,20160115,-22.801556420233
601766.SH,中国中车,20160114,-22.801556420233
601766.SH,中国中车,20160113,-22.801556420233
601766.SH,中国中车,20160112,-22.801556420233
601766.SH,中国中车,20160111,-22.801556420233
601766.SH,中国中车,20160110,-22.801556420233
601766.SH,中国中车,20160109,-22.801556420233
601766.SH,中国中车,20160108,-22.801556420233
601766.SH,中国中车,20160107,-22.801556420233
601766.SH,中国中车,20160106,-22.801556420233
601766.SH,中国中车,20160105,-22.801556420233
601766.SH,中国中车,20160104,-22.801556420233
601766.SH,中国中车,20160103,-22.801556420233
601766.SH,中国中车,20160102,-22.801556420233
601766.SH,中国中车,20160101,-22.801556420233
601766.SH,中国中车,20151231,-2.6515151515151
601766.SH,中国中车,20151230,-2.6515151515151
601766.SH,中国中车,20151229,-2.6515151515151
601766.SH,中国中车,20151228,-2.6515151515151
601766.SH,中国中车,20151227,-2.6515151515151
601766.SH,中国中车,20151226,-2.6515151515151
601766.SH,中国中车,20151225,-2.6515151515151
601766.SH,中国中车,20151224,-2.6515151515151
601766.SH,中国中车,20151223,-2.6515151515151
601766.SH,中国中车,20151222,-2.6515151515151
601766.SH,中国中车,20151221,-2.6515151515151
601766.SH,中国中车,20151220,-2.6515151515151
601766.SH,中国中车,20151219,-2.6515151515151
601766.SH,中国中车,20151218,-2.6515151515151
601766.SH,中国中车,20151217,-2.6515151515151
601766.SH,中国中车,20151216,-2.6515151515151
601766.SH,中国中车,20151215,-2.6515151515151
601766.SH,中国中车,20151214,-2.6515151515151
601766.SH,中国中车,20151213,-2.6515151515151
601766.SH,中国中车,20151212,-2.6515151515151
601766.SH,中国中车,20151211,-2.6515151515151
601766.SH,中国中车,20151210,-2.6515151515151
601766.SH,中国中车,20151209,-2.6515151515151
601766.SH,中国中车,20151208,-2.6515151515151
601766.SH,中国中车,20151207,-2.6515151515151
601766.SH,中国中车,20151206,-2.6515151515151
601766.SH,中国中车,20151205,-2.6515151515151
601766.SH,中国中车,20151204,-2.6515151515151
601766.SH,中国中车,20151203,-2.6515151515151
601766.SH,中国中车,20151202,-2.6515151515151
601766.SH,中国中车,20151201,-2.6515151515151
601766.SH,中国中车,20151130,-4.7619047619048
601766.SH,中国中车,20151129,-4.7619047619048
601766.SH,中国中车,20151128,-4.7619047619048
601766.SH,中国中车,20151127,-4.7619047619048
601766.SH,中国中车,20151126,-4.7619047619048
601766.SH,中国中车,20151125,-4.7619047619048
601766.SH,中国中车,20151124,-4.7619047619048
601766.SH,中国中车,20151123,-4.7619047619048
601766.SH,中国中车,20151122,-4.7619047619048
601766.SH,中国中车,20151121,-4.7619047619048
601766.SH,中国中车,20151120,-4.7619047619048
601766.SH,中国中车,20151119,-4.7619047619048
601766.SH,中国中车,20151118,-4.7619047619048
601766.SH,中国中车,20151117,-4.7619047619048
601766.SH,中国中车,20151116,-4.7619047619048
601766.SH,中国中车,20151115,-4.7619047619048
601766.SH,中国中车,20151114,-4.7619047619048
601766.SH,中国中车,20151113,-4.7619047619048
601766.SH,中国中车,20151112,-4.7619047619048
601766.SH,中国中车,20151111,-4.7619047619048
601766.SH,中国中车,20151110,-4.7619047619048
601766.SH,中国中车,20151109,-4.7619047619048
601766.SH,中国中车,20151108,-4.7619047619048
601766.SH,中国中车,20151107,-4.7619047619048
601766.SH,中国中车,20151106,-4.7619047619048
601766.SH,中国中车,20151105,-4.7619047619048
601766.SH,中国中车,20151104,-4.7619047619048
601766.SH,中国中车,20151103,-4.7619047619048
601766.SH,中国中车,20151102,-4.7619047619048
601766.SH,中国中车,20151101,-4.7619047619048
601766.SH,中国中车,20151031,6.8619892058597
601766.SH,中国中车,20151030,6.8619892058597
601766.SH,中国中车,20151029,6.8619892058597
601766.SH,中国中车,20151028,6.8619892058597
601766.SH,中国中车,20151027,6.8619892058597
601766.SH,中国中车,20151026,6.8619892058597
601766.SH,中国中车,20151025,6.8619892058597
601766.SH,中国中车,20151024,6.8619892058597
601766.SH,中国中车,20151023,6.8619892058597
601766.SH,中国中车,20151022,6.8619892058597
601766.SH,中国中车,20151021,6.8619892058597
601766.SH,中国中车,20151020,6.8619892058597
601766.SH,中国中车,20151019,6.8619892058597
601766.SH,中国中车,20151018,6.8619892058597
601766.SH,中国中车,20151017,6.8619892058597
601766.SH,中国中车,20151016,6.8619892058597
601766.SH,中国中车,20151015,6.8619892058597
601766.SH,中国中车,20151014,6.8619892058597
601766.SH,中国中车,20151013,6.8619892058597
601766.SH,中国中车,20151012,6.8619892058597
601766.SH,中国中车,20151011,6.8619892058597
601766.SH,中国中车,20151010,6.8619892058597
601766.SH,中国中车,20151009,6.8619892058597
601766.SH,中国中车,20151008,6.8619892058597
601766.SH,中国中车,20151007,6.8619892058597
601766.SH,中国中车,20151006,6.8619892058597
601766.SH,中国中车,20151005,6.8619892058597
601766.SH,中国中车,20151004,6.8619892058597
601766.SH,中国中车,20151003,6.8619892058597
601766.SH,中国中车,20151002,6.8619892058597
601766.SH,中国中车,20151001,6.8619892058597
601766.SH,中国中车,20150930,-2.4812030075188
601766.SH,中国中车,20150929,-2.4812030075188
601766.SH,中国中车,20150928,-2.4812030075188
601766.SH,中国中车,20150927,-2.4812030075188
601766.SH,中国中车,20150926,-2.4812030075188
601766.SH,中国中车,20150925,-2.4812030075188
601766.SH,中国中车,20150924,-2.4812030075188
601766.SH,中国中车,20150923,-2.4812030075188
601766.SH,中国中车,20150922,-2.4812030075188
601766.SH,中国中车,20150921,-2.4812030075188
601766.SH,中国中车,20150920,-2.4812030075188
601766.SH,中国中车,20150919,-2.4812030075188
601766.SH,中国中车,20150918,-2.4812030075188
601766.SH,中国中车,20150917,-2.4812030075188
601766.SH,中国中车,20150916,-2.4812030075188
601766.SH,中国中车,20150915,-2.4812030075188
601766.SH,中国中车,20150914,-2.4812030075188
601766.SH,中国中车,20150913,-2.4812030075188
601766.SH,中国中车,20150912,-2.4812030075188
601766.SH,中国中车,20150911,-2.4812030075188
601766.SH,中国中车,20150910,-2.4812030075188
601766.SH,中国中车,20150909,-2.4812030075188
601766.SH,中国中车,20150908,-2.4812030075188
601766.SH,中国中车,20150907,-2.4812030075188
601766.SH,中国中车,20150906,-2.4812030075188
601766.SH,中国中车,20150905,-2.4812030075188
601766.SH,中国中车,20150904,-2.4812030075188
601766.SH,中国中车,20150903,-2.4812030075188
601766.SH,中国中车,20150902,-2.4812030075188
601766.SH,中国中车,20150901,-2.4812030075188
601766.SH,中国中车,20150831,-13.524057217165
601766.SH,中国中车,20150830,-13.524057217165
601766.SH,中国中车,20150829,-13.524057217165
601766.SH,中国中车,20150828,-13.524057217165
601766.SH,中国中车,20150827,-13.524057217165
601766.SH,中国中车,20150826,-13.524057217165
601766.SH,中国中车,20150825,-13.524057217165
601766.SH,中国中车,20150824,-13.524057217165
601766.SH,中国中车,20150823,-13.524057217165
601766.SH,中国中车,20150822,-13.524057217165
601766.SH,中国中车,20150821,-13.524057217165
601766.SH,中国中车,20150820,-13.524057217165
601766.SH,中国中车,20150819,-13.524057217165
601766.SH,中国中车,20150818,-13.524057217165
601766.SH,中国中车,20150817,-13.524057217165
601766.SH,中国中车,20150816,-13.524057217165
601766.SH,中国中车,20150815,-13.524057217165
601766.SH,中国中车,20150814,-13.524057217165
601766.SH,中国中车,20150813,-13.524057217165
601766.SH,中国中车,20150812,-13.524057217165
601766.SH,中国中车,20150811,-13.524057217165
601766.SH,中国中车,20150810,-13.524057217165
601766.SH,中国中车,20150809,-13.524057217165
601766.SH,中国中车,20150808,-13.524057217165
601766.SH,中国中车,20150807,-13.524057217165
601766.SH,中国中车,20150806,-13.524057217165
601766.SH,中国中车,20150805,-13.524057217165
601766.SH,中国中车,20150804,-13.524057217165
601766.SH,中国中车,20150803,-13.524057217165
601766.SH,中国中车,20150802,-13.524057217165
601766.SH,中国中车,20150801,-13.524057217165
601766.SH,中国中车,20150731,-16.230936819172
601766.SH,中国中车,20150730,-16.230936819172
601766.SH,中国中车,20150729,-16.230936819172
601766.SH,中国中车,20150728,-16.230936819172
601766.SH,中国中车,20150727,-16.230936819172
601766.SH,中国中车,20150726,-16.230936819172
601766.SH,中国中车,20150725,-16.230936819172
601766.SH,中国中车,20150724,-16.230936819172
601766.SH,中国中车,20150723,-16.230936819172
601766.SH,中国中车,20150722,-16.230936819172
601766.SH,中国中车,20150721,-16.230936819172
601766.SH,中国中车,20150720,-16.230936819172
601766.SH,中国中车,20150719,-16.230936819172
601766.SH,中国中车,20150718,-16.230936819172
601766.SH,中国中车,20150717,-16.230936819172
601766.SH,中国中车,20150716,-16.230936819172
601766.SH,中国中车,20150715,-16.230936819172
601766.SH,中国中车,20150714,-16.230936819172
601766.SH,中国中车,20150713,-16.230936819172
601766.SH,中国中车,20150712,-16.230936819172
601766.SH,中国中车,20150711,-16.230936819172
601766.SH,中国中车,20150710,-16.230936819172
601766.SH,中国中车,20150709,-16.230936819172
601766.SH,中国中车,20150708,-16.230936819172
601766.SH,中国中车,20150707,-16.230936819172
601766.SH,中国中车,20150706,-16.230936819172
601766.SH,中国中车,20150705,-16.230936819172
601766.SH,中国中车,20150704,-16.230936819172
601766.SH,中国中车,20150703,-16.230936819172
601766.SH,中国中车,20150702,-16.230936819172
601766.SH,中国中车,20150701,-16.230936819172
601766.SH,中国中车,20150630,-37.657045840407
601766.SH,中国中车,20150629,-37.657045840407
601766.SH,中国中车,20150628,-37.657045840407
601766.SH,中国中车,20150627,-37.657045840407
601766.SH,中国中车,20150626,-37.657045840407
601766.SH,中国中车,20150625,-37.657045840407
601766.SH,中国中车,20150624,-37.657045840407
601766.SH,中国中车,20150623,-37.657045840407
601766.SH,中国中车,20150622,-37.657045840407
601766.SH,中国中车,20150621,-37.657045840407
601766.SH,中国中车,20150620,-37.657045840407
601766.SH,中国中车,20150619,-37.657045840407
601766.SH,中国中车,20150618,-37.657045840407
601766.SH,中国中车,20150617,-37.657045840407
601766.SH,中国中车,20150616,-37.657045840407
601766.SH,中国中车,20150615,-37.657045840407
601766.SH,中国中车,20150614,-37.657045840407
601766.SH,中国中车,20150613,-37.657045840407
601766.SH,中国中车,20150612,-37.657045840407
601766.SH,中国中车,20150611,-37.657045840407
601766.SH,中国中车,20150610,-37.657045840407
601766.SH,中国中车,20150609,-37.657045840407
601766.SH,中国中车,20150608,-37.657045840407
601766.SH,中国中车,20150607,-37.657045840407
601766.SH,中国中车,20150606,-37.657045840407
601766.SH,中国中车,20150605,-37.657045840407
601766.SH,中国中车,20150604,-37.657045840407
601766.SH,中国中车,20150603,-37.657045840407
601766.SH,中国中车,20150602,-37.657045840407
601766.SH,中国中车,20150601,-37.657045840407
601766.SH,中国中车,20150531,-7.0977917981073
601766.SH,中国中车,20150530,-7.0977917981073
601766.SH,中国中车,20150529,-7.0977917981073
601766.SH,中国中车,20150528,-7.0977917981073
601766.SH,中国中车,20150527,-7.0977917981073
601766.SH,中国中车,20150526,-7.0977917981073
601766.SH,中国中车,20150525,-7.0977917981073
601766.SH,中国中车,20150524,-7.0977917981073
601766.SH,中国中车,20150523,-7.0977917981073
601766.SH,中国中车,20150522,-7.0977917981073
601766.SH,中国中车,20150521,-7.0977917981073
601766.SH,中国中车,20150520,-7.0977917981073
601766.SH,中国中车,20150519,-7.0977917981073
601766.SH,中国中车,20150518,-7.0977917981073
601766.SH,中国中车,20150517,-7.0977917981073
601766.SH,中国中车,20150516,-7.0977917981073
601766.SH,中国中车,20150515,-7.0977917981073
601766.SH,中国中车,20150514,-7.0977917981073
601766.SH,中国中车,20150513,-7.0977917981073
601766.SH,中国中车,20150512,-7.0977917981073
601766.SH,中国中车,20150511,-7.0977917981073
601766.SH,中国中车,20150510,-7.0977917981073
601766.SH,中国中车,20150509,-7.0977917981073
601766.SH,中国中车,20150508,-7.0977917981073
601766.SH,中国中车,20150507,-7.0977917981073
601766.SH,中国中车,20150506,-7.0977917981073
601766.SH,中国中车,20150505,-7.0977917981073
601766.SH,中国中车,20150504,-7.0977917981073
601766.SH,中国中车,20150503,-7.0977917981073
601766.SH,中国中车,20150502,-7.0977917981073
601766.SH,中国中车,20150501,-7.0977917981073
601766.SH,中国中车,20150430,86.580341377281
601766.SH,中国中车,20150429,86.580341377281
601766.SH,中国中车,20150428,86.580341377281
601766.SH,中国中车,20150427,86.580341377281
601766.SH,中国中车,20150426,86.580341377281
601766.SH,中国中车,20150425,86.580341377281
601766.SH,中国中车,20150424,86.580341377281
601766.SH,中国中车,20150423,86.580341377281
601766.SH,中国中车,20150422,86.580341377281
601766.SH,中国中车,20150421,86.580341377281
601766.SH,中国中车,20150420,86.580341377281
601766.SH,中国中车,20150419,86.580341377281
601766.SH,中国中车,20150418,86.580341377281
601766.SH,中国中车,20150417,86.580341377281
601766.SH,中国中车,20150416,86.580341377281
601766.SH,中国中车,20150415,86.580341377281
601766.SH,中国中车,20150414,86.580341377281
601766.SH,中国中车,20150413,86.580341377281
601766.SH,中国中车,20150412,86.580341377281
601766.SH,中国中车,20150411,86.580341377281
601766.SH,中国中车,20150410,86.580341377281
601766.SH,中国中车,20150409,86.580341377281
601766.SH,中国中车,20150408,86.580341377281
601766.SH,中国中车,20150407,86.580341377281
601766.SH,中国中车,20150406,86.580341377281
601766.SH,中国中车,20150405,86.580341377281
601766.SH,中国中车,20150404,86.580341377281
601766.SH,中国中车,20150403,86.580341377281
601766.SH,中国中车,20150402,86.580341377281
601766.SH,中国中车,20150401,86.580341377281
601766.SH,中国中车,20150331,40.181518151815
601766.SH,中国中车,20150330,40.181518151815
601766.SH,中国中车,20150329,40.181518151815
601766.SH,中国中车,20150328,40.181518151815
601766.SH,中国中车,20150327,40.181518151815
601766.SH,中国中车,20150326,40.181518151815
601766.SH,中国中车,20150325,40.181518151815
601766.SH,中国中车,20150324,40.181518151815
601766.SH,中国中车,20150323,40.181518151815
601766.SH,中国中车,20150322,40.181518151815
601766.SH,中国中车,20150321,40.181518151815
601766.SH,中国中车,20150320,40.181518151815
601766.SH,中国中车,20150319,40.181518151815
601766.SH,中国中车,20150318,40.181518151815
601766.SH,中国中车,20150317,40.181518151815
601766.SH,中国中车,20150316,40.181518151815
601766.SH,中国中车,20150315,40.181518151815
601766.SH,中国中车,20150314,40.181518151815
601766.SH,中国中车,20150313,40.181518151815
601766.SH,中国中车,20150312,40.181518151815
601766.SH,中国中车,20150311,40.181518151815
601766.SH,中国中车,20150310,40.181518151815
601766.SH,中国中车,20150309,40.181518151815
601766.SH,中国中车,20150308,40.181518151815
601766.SH,中国中车,20150307,40.181518151815
601766.SH,中国中车,20150306,40.181518151815
601766.SH,中国中车,20150305,40.181518151815
601766.SH,中国中车,20150304,40.181518151815
601766.SH,中国中车,20150303,40.181518151815
601766.SH,中国中车,20150302,40.181518151815
601766.SH,中国中车,20150301,40.181518151815
601766.SH,中国中车,20150228,-3.5031847133758
601766.SH,中国中车,20150227,-3.5031847133758
601766.SH,中国中车,20150226,-3.5031847133758
601766.SH,中国中车,20150225,-3.5031847133758
601766.SH,中国中车,20150224,-3.5031847133758
601766.SH,中国中车,20150223,-3.5031847133758
601766.SH,中国中车,20150222,-3.5031847133758
601766.SH,中国中车,20150221,-3.5031847133758
601766.SH,中国中车,20150220,-3.5031847133758
601766.SH,中国中车,20150219,-3.5031847133758
601766.SH,中国中车,20150218,-3.5031847133758
601766.SH,中国中车,20150217,-3.5031847133758
601766.SH,中国中车,20150216,-3.5031847133758
601766.SH,中国中车,20150215,-3.5031847133758
601766.SH,中国中车,20150214,-3.5031847133758
601766.SH,中国中车,20150213,-3.5031847133758
601766.SH,中国中车,20150212,-3.5031847133758
601766.SH,中国中车,20150211,-3.5031847133758
601766.SH,中国中车,20150210,-3.5031847133758
601766.SH,中国中车,20150209,-3.5031847133758
601766.SH,中国中车,20150208,-3.5031847133758
601766.SH,中国中车,20150207,-3.5031847133758
601766.SH,中国中车,20150206,-3.5031847133758
601766.SH,中国中车,20150205,-3.5031847133758
601766.SH,中国中车,20150204,-3.5031847133758
601766.SH,中国中车,20150203,-3.5031847133758
601766.SH,中国中车,20150202,-3.5031847133758
601766.SH,中国中车,20150201,-3.5031847133758
601766.SH,中国中车,20150131,96.865203761755
601766.SH,中国中车,20150130,96.865203761755
601766.SH,中国中车,20150129,96.865203761755
601766.SH,中国中车,20150128,96.865203761755
601766.SH,中国中车,20150127,96.865203761755
601766.SH,中国中车,20150126,96.865203761755
601766.SH,中国中车,20150125,96.865203761755
601766.SH,中国中车,20150124,96.865203761755
601766.SH,中国中车,20150123,96.865203761755
601766.SH,中国中车,20150122,96.865203761755
601766.SH,中国中车,20150121,96.865203761755
601766.SH,中国中车,20150120,96.865203761755
601766.SH,中国中车,20150119,96.865203761755
601766.SH,中国中车,20150118,96.865203761755
601766.SH,中国中车,20150117,96.865203761755
601766.SH,中国中车,20150116,96.865203761755
601766.SH,中国中车,20150115,96.865203761755
601766.SH,中国中车,20150114,96.865203761755
601766.SH,中国中车,20150113,96.865203761755
601766.SH,中国中车,20150112,96.865203761755
601766.SH,中国中车,20150111,96.865203761755
601766.SH,中国中车,20150110,96.865203761755
601766.SH,中国中车,20150109,96.865203761755
601766.SH,中国中车,20150108,96.865203761755
601766.SH,中国中车,20150107,96.865203761755
601766.SH,中国中车,20150106,96.865203761755
601766.SH,中国中车,20150105,96.865203761755
601766.SH,中国中车,20150104,96.865203761755
601766.SH,中国中车,20150103,96.865203761755
601766.SH,中国中车,20150102,96.865203761755
601766.SH,中国中车,20150101,96.865203761755
601766.SH,中国中车,20141231,10.0
601766.SH,中国中车,20141230,10.0
601766.SH,中国中车,20141229,10.0
601766.SH,中国中车,20141228,10.0
601766.SH,中国中车,20141227,10.0
601766.SH,中国中车,20141226,10.0
601766.SH,中国中车,20141225,10.0
601766.SH,中国中车,20141224,10.0
601766.SH,中国中车,20141223,10.0
601766.SH,中国中车,20141222,10.0
601766.SH,中国中车,20141221,10.0
601766.SH,中国中车,20141220,10.0
601766.SH,中国中车,20141219,10.0
601766.SH,中国中车,20141218,10.0
601766.SH,中国中车,20141217,10.0
601766.SH,中国中车,20141216,10.0
601766.SH,中国中车,20141215,10.0
601766.SH,中国中车,20141214,10.0
601766.SH,中国中车,20141213,10.0
601766.SH,中国中车,20141212,10.0
601766.SH,中国中车,20141211,10.0
601766.SH,中国中车,20141210,10.0
601766.SH,中国中车,20141209,10.0
601766.SH,中国中车,20141208,10.0
601766.SH,中国中车,20141207,10.0
601766.SH,中国中车,20141206,10.0
601766.SH,中国中车,20141205,10.0
601766.SH,中国中车,20141204,10.0
601766.SH,中国中车,20141203,10.0
601766.SH,中国中车,20141202,10.0
601766.SH,中国中车,20141201,10.0
601766.SH,中国中车,20141130,0.0
601766.SH,中国中车,20141129,0.0
601766.SH,中国中车,20141128,0.0
601766.SH,中国中车,20141127,0.0
601766.SH,中国中车,20141126,0.0
601766.SH,中国中车,20141125,0.0
601766.SH,中国中车,20141124,0.0
601766.SH,中国中车,20141123,0.0
601766.SH,中国中车,20141122,0.0
601766.SH,中国中车,20141121,0.0
601766.SH,中国中车,20141120,0.0
601766.SH,中国中车,20141119,0.0
601766.SH,中国中车,20141118,0.0
601766.SH,中国中车,20141117,0.0
601766.SH,中国中车,20141116,0.0
601766.SH,中国中车,20141115,0.0
601766.SH,中国中车,20141114,0.0
601766.SH,中国中车,20141113,0.0
601766.SH,中国中车,20141112,0.0
601766.SH,中国中车,20141111,0.0
601766.SH,中国中车,20141110,0.0
601766.SH,中国中车,20141109,0.0
601766.SH,中国中车,20141108,0.0
601766.SH,中国中车,20141107,0.0
601766.SH,中国中车,20141106,0.0
601766.SH,中国中车,20141105,0.0
601766.SH,中国中车,20141104,0.0
601766.SH,中国中车,20141103,0.0
601766.SH,中国中车,20141102,0.0
601766.SH,中国中车,20141101,0.0
601766.SH,中国中车,20141031,10.266159695817
601766.SH,中国中车,20141030,10.266159695817
601766.SH,中国中车,20141029,10.266159695817
601766.SH,中国中车,20141028,10.266159695817
601766.SH,中国中车,20141027,10.266159695817
601766.SH,中国中车,20141026,10.266159695817
601766.SH,中国中车,20141025,10.266159695817
601766.SH,中国中车,20141024,10.266159695817
601766.SH,中国中车,20141023,10.266159695817
601766.SH,中国中车,20141022,10.266159695817
601766.SH,中国中车,20141021,10.266159695817
601766.SH,中国中车,20141020,10.266159695817
601766.SH,中国中车,20141019,10.266159695817
601766.SH,中国中车,20141018,10.266159695817
601766.SH,中国中车,20141017,10.266159695817
601766.SH,中国中车,20141016,10.266159695817
601766.SH,中国中车,20141015,10.266159695817
601766.SH,中国中车,20141014,10.266159695817
601766.SH,中国中车,20141013,10.266159695817
601766.SH,中国中车,20141012,10.266159695817
601766.SH,中国中车,20141011,10.266159695817
601766.SH,中国中车,20141010,10.266159695817
601766.SH,中国中车,20141009,10.266159695817
601766.SH,中国中车,20141008,10.266159695817
601766.SH,中国中车,20141007,10.266159695817
601766.SH,中国中车,20141006,10.266159695817
601766.SH,中国中车,20141005,10.266159695817
601766.SH,中国中车,20141004,10.266159695817
601766.SH,中国中车,20141003,10.266159695817
601766.SH,中国中车,20141002,10.266159695817
601766.SH,中国中车,20141001,10.266159695817
601766.SH,中国中车,20140930,2.734375
601766.SH,中国中车,20140929,2.734375
601766.SH,中国中车,20140928,2.734375
601766.SH,中国中车,20140927,2.734375
601766.SH,中国中车,20140926,2.734375
601766.SH,中国中车,20140925,2.734375
601766.SH,中国中车,20140924,2.734375
601766.SH,中国中车,20140923,2.734375
601766.SH,中国中车,20140922,2.734375
601766.SH,中国中车,20140921,2.734375
601766.SH,中国中车,20140920,2.734375
601766.SH,中国中车,20140919,2.734375
601766.SH,中国中车,20140918,2.734375
601766.SH,中国中车,20140917,2.734375
601766.SH,中国中车,20140916,2.734375
601766.SH,中国中车,20140915,2.734375
601766.SH,中国中车,20140914,2.734375
601766.SH,中国中车,20140913,2.734375
601766.SH,中国中车,20140912,2.734375
601766.SH,中国中车,20140911,2.734375
601766.SH,中国中车,20140910,2.734375
601766.SH,中国中车,20140909,2.734375
601766.SH,中国中车,20140908,2.734375
601766.SH,中国中车,20140907,2.734375
601766.SH,中国中车,20140906,2.734375
601766.SH,中国中车,20140905,2.734375
601766.SH,中国中车,20140904,2.734375
601766.SH,中国中车,20140903,2.734375
601766.SH,中国中车,20140902,2.734375
601766.SH,中国中车,20140901,2.734375
601766.SH,中国中车,20140831,-1.3487475915222
601766.SH,中国中车,20140830,-1.3487475915222
601766.SH,中国中车,20140829,-1.3487475915222
601766.SH,中国中车,20140828,-1.3487475915222
601766.SH,中国中车,20140827,-1.3487475915222
601766.SH,中国中车,20140826,-1.3487475915222
601766.SH,中国中车,20140825,-1.3487475915222
601766.SH,中国中车,20140824,-1.3487475915222
601766.SH,中国中车,20140823,-1.3487475915222
601766.SH,中国中车,20140822,-1.3487475915222
601766.SH,中国中车,20140821,-1.3487475915222
601766.SH,中国中车,20140820,-1.3487475915222
601766.SH,中国中车,20140819,-1.3487475915222
601766.SH,中国中车,20140818,-1.3487475915222
601766.SH,中国中车,20140817,-1.3487475915222
601766.SH,中国中车,20140816,-1.3487475915222
601766.SH,中国中车,20140815,-1.3487475915222
601766.SH,中国中车,20140814,-1.3487475915222
601766.SH,中国中车,20140813,-1.3487475915222
601766.SH,中国中车,20140812,-1.3487475915222
601766.SH,中国中车,20140811,-1.3487475915222
601766.SH,中国中车,20140810,-1.3487475915222
601766.SH,中国中车,20140809,-1.3487475915222
601766.SH,中国中车,20140808,-1.3487475915222
601766.SH,中国中车,20140807,-1.3487475915222
601766.SH,中国中车,20140806,-1.3487475915222
601766.SH,中国中车,20140805,-1.3487475915222
601766.SH,中国中车,20140804,-1.3487475915222
601766.SH,中国中车,20140803,-1.3487475915222
601766.SH,中国中车,20140802,-1.3487475915222
601766.SH,中国中车,20140801,-1.3487475915222
601766.SH,中国中车,20140731,15.333333333333
601766.SH,中国中车,20140730,15.333333333333
601766.SH,中国中车,20140729,15.333333333333
601766.SH,中国中车,20140728,15.333333333333
601766.SH,中国中车,20140727,15.333333333333
601766.SH,中国中车,20140726,15.333333333333
601766.SH,中国中车,20140725,15.333333333333
601766.SH,中国中车,20140724,15.333333333333
601766.SH,中国中车,20140723,15.333333333333
601766.SH,中国中车,20140722,15.333333333333
601766.SH,中国中车,20140721,15.333333333333
601766.SH,中国中车,20140720,15.333333333333
601766.SH,中国中车,20140719,15.333333333333
601766.SH,中国中车,20140718,15.333333333333
601766.SH,中国中车,20140717,15.333333333333
601766.SH,中国中车,20140716,15.333333333333
601766.SH,中国中车,20140715,15.333333333333
601766.SH,中国中车,20140714,15.333333333333
601766.SH,中国中车,20140713,15.333333333333
601766.SH,中国中车,20140712,15.333333333333
601766.SH,中国中车,20140711,15.333333333333
601766.SH,中国中车,20140710,15.333333333333
601766.SH,中国中车,20140709,15.333333333333
601766.SH,中国中车,20140708,15.333333333333
601766.SH,中国中车,20140707,15.333333333333
601766.SH,中国中车,20140706,15.333333333333
601766.SH,中国中车,20140705,15.333333333333
601766.SH,中国中车,20140704,15.333333333333
601766.SH,中国中车,20140703,15.333333333333
601766.SH,中国中车,20140702,15.333333333333
601766.SH,中国中车,20140701,15.333333333333
601766.SH,中国中车,20140630,6.6350710900474
601766.SH,中国中车,20140629,6.6350710900474
601766.SH,中国中车,20140628,6.6350710900474
601766.SH,中国中车,20140627,6.6350710900474
601766.SH,中国中车,20140626,6.6350710900474
601766.SH,中国中车,20140625,6.6350710900474
601766.SH,中国中车,20140624,6.6350710900474
601766.SH,中国中车,20140623,6.6350710900474
601766.SH,中国中车,20140622,6.6350710900474
601766.SH,中国中车,20140621,6.6350710900474
601766.SH,中国中车,20140620,6.6350710900474
601766.SH,中国中车,20140619,6.6350710900474
601766.SH,中国中车,20140618,6.6350710900474
601766.SH,中国中车,20140617,6.6350710900474
601766.SH,中国中车,20140616,6.6350710900474
601766.SH,中国中车,20140615,6.6350710900474
601766.SH,中国中车,20140614,6.6350710900474
601766.SH,中国中车,20140613,6.6350710900474
601766.SH,中国中车,20140612,6.6350710900474
601766.SH,中国中车,20140611,6.6350710900474
601766.SH,中国中车,20140610,6.6350710900474
601766.SH,中国中车,20140609,6.6350710900474
601766.SH,中国中车,20140608,6.6350710900474
601766.SH,中国中车,20140607,6.6350710900474
601766.SH,中国中车,20140606,6.6350710900474
601766.SH,中国中车,20140605,6.6350710900474
601766.SH,中国中车,20140604,6.6350710900474
601766.SH,中国中车,20140603,6.6350710900474
601766.SH,中国中车,20140602,6.6350710900474
601766.SH,中国中车,20140601,6.6350710900474
601766.SH,中国中车,20140531,-0.93896713615024
601766.SH,中国中车,20140530,-0.93896713615024
601766.SH,中国中车,20140529,-0.93896713615024
601766.SH,中国中车,20140528,-0.93896713615024
601766.SH,中国中车,20140527,-0.93896713615024
601766.SH,中国中车,20140526,-0.93896713615024
601766.SH,中国中车,20140525,-0.93896713615024
601766.SH,中国中车,20140524,-0.93896713615024
601766.SH,中国中车,20140523,-0.93896713615024
601766.SH,中国中车,20140522,-0.93896713615024
601766.SH,中国中车,20140521,-0.93896713615024
601766.SH,中国中车,20140520,-0.93896713615024
601766.SH,中国中车,20140519,-0.93896713615024
601766.SH,中国中车,20140518,-0.93896713615024
601766.SH,中国中车,20140517,-0.93896713615024
601766.SH,中国中车,20140516,-0.93896713615024
601766.SH,中国中车,20140515,-0.93896713615024
601766.SH,中国中车,20140514,-0.93896713615024
601766.SH,中国中车,20140513,-0.93896713615024
601766.SH,中国中车,20140512,-0.93896713615024
601766.SH,中国中车,20140511,-0.93896713615024
601766.SH,中国中车,20140510,-0.93896713615024
601766.SH,中国中车,20140509,-0.93896713615024
601766.SH,中国中车,20140508,-0.93896713615024
601766.SH,中国中车,20140507,-0.93896713615024
601766.SH,中国中车,20140506,-0.93896713615024
601766.SH,中国中车,20140505,-0.93896713615024
601766.SH,中国中车,20140504,-0.93896713615024
601766.SH,中国中车,20140503,-0.93896713615024
601766.SH,中国中车,20140502,-0.93896713615024
601766.SH,中国中车,20140501,-0.93896713615024
601766.SH,中国中车,20140430,-5.5432372505543
601766.SH,中国中车,20140429,-5.5432372505543
601766.SH,中国中车,20140428,-5.5432372505543
601766.SH,中国中车,20140427,-5.5432372505543
601766.SH,中国中车,20140426,-5.5432372505543
601766.SH,中国中车,20140425,-5.5432372505543
601766.SH,中国中车,20140424,-5.5432372505543
601766.SH,中国中车,20140423,-5.5432372505543
601766.SH,中国中车,20140422,-5.5432372505543
601766.SH,中国中车,20140421,-5.5432372505543
601766.SH,中国中车,20140420,-5.5432372505543
601766.SH,中国中车,20140419,-5.5432372505543
601766.SH,中国中车,20140418,-5.5432372505543
601766.SH,中国中车,20140417,-5.5432372505543
601766.SH,中国中车,20140416,-5.5432372505543
601766.SH,中国中车,20140415,-5.5432372505543
601766.SH,中国中车,20140414,-5.5432372505543
601766.SH,中国中车,20140413,-5.5432372505543
601766.SH,中国中车,20140412,-5.5432372505543
601766.SH,中国中车,20140411,-5.5432372505543
601766.SH,中国中车,20140410,-5.5432372505543
601766.SH,中国中车,20140409,-5.5432372505543
601766.SH,中国中车,20140408,-5.5432372505543
601766.SH,中国中车,20140407,-5.5432372505543
601766.SH,中国中车,20140406,-5.5432372505543
601766.SH,中国中车,20140405,-5.5432372505543
601766.SH,中国中车,20140404,-5.5432372505543
601766.SH,中国中车,20140403,-5.5432372505543
601766.SH,中国中车,20140402,-5.5432372505543
601766.SH,中国中车,20140401,-5.5432372505543
601766.SH,中国中车,20140331,8.1534772182254
601766.SH,中国中车,20140330,8.1534772182254
601766.SH,中国中车,20140329,8.1534772182254
601766.SH,中国中车,20140328,8.1534772182254
601766.SH,中国中车,20140327,8.1534772182254
601766.SH,中国中车,20140326,8.1534772182254
601766.SH,中国中车,20140325,8.1534772182254
601766.SH,中国中车,20140324,8.1534772182254
601766.SH,中国中车,20140323,8.1534772182254
601766.SH,中国中车,20140322,8.1534772182254
601766.SH,中国中车,20140321,8.1534772182254
601766.SH,中国中车,20140320,8.1534772182254
601766.SH,中国中车,20140319,8.1534772182254
601766.SH,中国中车,20140318,8.1534772182254
601766.SH,中国中车,20140317,8.1534772182254
601766.SH,中国中车,20140316,8.1534772182254
601766.SH,中国中车,20140315,8.1534772182254
601766.SH,中国中车,20140314,8.1534772182254
601766.SH,中国中车,20140313,8.1534772182254
601766.SH,中国中车,20140312,8.1534772182254
601766.SH,中国中车,20140311,8.1534772182254
601766.SH,中国中车,20140310,8.1534772182254
601766.SH,中国中车,20140309,8.1534772182254
601766.SH,中国中车,20140308,8.1534772182254
601766.SH,中国中车,20140307,8.1534772182254
601766.SH,中国中车,20140306,8.1534772182254
601766.SH,中国中车,20140305,8.1534772182254
601766.SH,中国中车,20140304,8.1534772182254
601766.SH,中国中车,20140303,8.1534772182254
601766.SH,中国中车,20140302,8.1534772182254
601766.SH,中国中车,20140301,8.1534772182254
601766.SH,中国中车,20140228,-1.6509433962264
601766.SH,中国中车,20140227,-1.6509433962264
601766.SH,中国中车,20140226,-1.6509433962264
601766.SH,中国中车,20140225,-1.6509433962264
601766.SH,中国中车,20140224,-1.6509433962264
601766.SH,中国中车,20140223,-1.6509433962264
601766.SH,中国中车,20140222,-1.6509433962264
601766.SH,中国中车,20140221,-1.6509433962264
601766.SH,中国中车,20140220,-1.6509433962264
601766.SH,中国中车,20140219,-1.6509433962264
601766.SH,中国中车,20140218,-1.6509433962264
601766.SH,中国中车,20140217,-1.6509433962264
601766.SH,中国中车,20140216,-1.6509433962264
601766.SH,中国中车,20140215,-1.6509433962264
601766.SH,中国中车,20140214,-1.6509433962264
601766.SH,中国中车,20140213,-1.6509433962264
601766.SH,中国中车,20140212,-1.6509433962264
601766.SH,中国中车,20140211,-1.6509433962264
601766.SH,中国中车,20140210,-1.6509433962264
601766.SH,中国中车,20140209,-1.6509433962264
601766.SH,中国中车,20140208,-1.6509433962264
601766.SH,中国中车,20140207,-1.6509433962264
601766.SH,中国中车,20140206,-1.6509433962264
601766.SH,中国中车,20140205,-1.6509433962264
601766.SH,中国中车,20140204,-1.6509433962264
601766.SH,中国中车,20140203,-1.6509433962264
601766.SH,中国中车,20140202,-1.6509433962264
601766.SH,中国中车,20140201,-1.6509433962264
601766.SH,中国中车,20140131,-15.369261477046
601766.SH,中国中车,20140130,-15.369261477046
601766.SH,中国中车,20140129,-15.369261477046
601766.SH,中国中车,20140128,-15.369261477046
601766.SH,中国中车,20140127,-15.369261477046
601766.SH,中国中车,20140126,-15.369261477046
601766.SH,中国中车,20140125,-15.369261477046
601766.SH,中国中车,20140124,-15.369261477046
601766.SH,中国中车,20140123,-15.369261477046
601766.SH,中国中车,20140122,-15.369261477046
601766.SH,中国中车,20140121,-15.369261477046
601766.SH,中国中车,20140120,-15.369261477046
601766.SH,中国中车,20140119,-15.369261477046
601766.SH,中国中车,20140118,-15.369261477046
601766.SH,中国中车,20140117,-15.369261477046
601766.SH,中国中车,20140116,-15.369261477046
601766.SH,中国中车,20140115,-15.369261477046
601766.SH,中国中车,20140114,-15.369261477046
601766.SH,中国中车,20140113,-15.369261477046
601766.SH,中国中车,20140112,-15.369261477046
601766.SH,中国中车,20140111,-15.369261477046
601766.SH,中国中车,20140110,-15.369261477046
601766.SH,中国中车,20140109,-15.369261477046
601766.SH,中国中车,20140108,-15.369261477046
601766.SH,中国中车,20140107,-15.369261477046
601766.SH,中国中车,20140106,-15.369261477046
601766.SH,中国中车,20140105,-15.369261477046
601766.SH,中国中车,20140104,-15.369261477046
601766.SH,中国中车,20140103,-15.369261477046
601766.SH,中国中车,20140102,-15.369261477046
601766.SH,中国中车,20140101,-15.369261477046
601766.SH,中国中车,20131231,-8.2417582417582
601766.SH,中国中车,20131230,-8.2417582417582
601766.SH,中国中车,20131229,-8.2417582417582
601766.SH,中国中车,20131228,-8.2417582417582
601766.SH,中国中车,20131227,-8.2417582417582
601766.SH,中国中车,20131226,-8.2417582417582
601766.SH,中国中车,20131225,-8.2417582417582
601766.SH,中国中车,20131224,-8.2417582417582
601766.SH,中国中车,20131223,-8.2417582417582
601766.SH,中国中车,20131222,-8.2417582417582
601766.SH,中国中车,20131221,-8.2417582417582
601766.SH,中国中车,20131220,-8.2417582417582
601766.SH,中国中车,20131219,-8.2417582417582
601766.SH,中国中车,20131218,-8.2417582417582
601766.SH,中国中车,20131217,-8.2417582417582
601766.SH,中国中车,20131216,-8.2417582417582
601766.SH,中国中车,20131215,-8.2417582417582
601766.SH,中国中车,20131214,-8.2417582417582
601766.SH,中国中车,20131213,-8.2417582417582
601766.SH,中国中车,20131212,-8.2417582417582
601766.SH,中国中车,20131211,-8.2417582417582
601766.SH,中国中车,20131210,-8.2417582417582
601766.SH,中国中车,20131209,-8.2417582417582
601766.SH,中国中车,20131208,-8.2417582417582
601766.SH,中国中车,20131207,-8.2417582417582
601766.SH,中国中车,20131206,-8.2417582417582
601766.SH,中国中车,20131205,-8.2417582417582
601766.SH,中国中车,20131204,-8.2417582417582
601766.SH,中国中车,20131203,-8.2417582417582
601766.SH,中国中车,20131202,-8.2417582417582
601766.SH,中国中车,20131201,-8.2417582417582
601766.SH,中国中车,20131130,12.11498973306
601766.SH,中国中车,20131129,12.11498973306
601766.SH,中国中车,20131128,12.11498973306
601766.SH,中国中车,20131127,12.11498973306
601766.SH,中国中车,20131126,12.11498973306
601766.SH,中国中车,20131125,12.11498973306
601766.SH,中国中车,20131124,12.11498973306
601766.SH,中国中车,20131123,12.11498973306
601766.SH,中国中车,20131122,12.11498973306
601766.SH,中国中车,20131121,12.11498973306
601766.SH,中国中车,20131120,12.11498973306
601766.SH,中国中车,20131119,12.11498973306
601766.SH,中国中车,20131118,12.11498973306
601766.SH,中国中车,20131117,12.11498973306
601766.SH,中国中车,20131116,12.11498973306
601766.SH,中国中车,20131115,12.11498973306
601766.SH,中国中车,20131114,12.11498973306
601766.SH,中国中车,20131113,12.11498973306
601766.SH,中国中车,20131112,12.11498973306
601766.SH,中国中车,20131111,12.11498973306
601766.SH,中国中车,20131110,12.11498973306
601766.SH,中国中车,20131109,12.11498973306
601766.SH,中国中车,20131108,12.11498973306
601766.SH,中国中车,20131107,12.11498973306
601766.SH,中国中车,20131106,12.11498973306
601766.SH,中国中车,20131105,12.11498973306
601766.SH,中国中车,20131104,12.11498973306
601766.SH,中国中车,20131103,12.11498973306
601766.SH,中国中车,20131102,12.11498973306
601766.SH,中国中车,20131101,12.11498973306
601766.SH,中国中车,20131031,24.552429667519
601766.SH,中国中车,20131030,24.552429667519
601766.SH,中国中车,20131029,24.552429667519
601766.SH,中国中车,20131028,24.552429667519
601766.SH,中国中车,20131027,24.552429667519
601766.SH,中国中车,20131026,24.552429667519
601766.SH,中国中车,20131025,24.552429667519
601766.SH,中国中车,20131024,24.552429667519
601766.SH,中国中车,20131023,24.552429667519
601766.SH,中国中车,20131022,24.552429667519
601766.SH,中国中车,20131021,24.552429667519
601766.SH,中国中车,20131020,24.552429667519
601766.SH,中国中车,20131019,24.552429667519
601766.SH,中国中车,20131018,24.552429667519
601766.SH,中国中车,20131017,24.552429667519
601766.SH,中国中车,20131016,24.552429667519
601766.SH,中国中车,20131015,24.552429667519
601766.SH,中国中车,20131014,24.552429667519
601766.SH,中国中车,20131013,24.552429667519
601766.SH,中国中车,20131012,24.552429667519
601766.SH,中国中车,20131011,24.552429667519
601766.SH,中国中车,20131010,24.552429667519
601766.SH,中国中车,20131009,24.552429667519
601766.SH,中国中车,20131008,24.552429667519
601766.SH,中国中车,20131007,24.552429667519
601766.SH,中国中车,20131006,24.552429667519
601766.SH,中国中车,20131005,24.552429667519
601766.SH,中国中车,20131004,24.552429667519
601766.SH,中国中车,20131003,24.552429667519
601766.SH,中国中车,20131002,24.552429667519
601766.SH,中国中车,20131001,24.552429667519
601766.SH,中国中车,20130930,-2.25
601766.SH,中国中车,20130929,-2.25
601766.SH,中国中车,20130928,-2.25
601766.SH,中国中车,20130927,-2.25
601766.SH,中国中车,20130926,-2.25
601766.SH,中国中车,20130925,-2.25
601766.SH,中国中车,20130924,-2.25
601766.SH,中国中车,20130923,-2.25
601766.SH,中国中车,20130922,-2.25
601766.SH,中国中车,20130921,-2.25
601766.SH,中国中车,20130920,-2.25
601766.SH,中国中车,20130919,-2.25
601766.SH,中国中车,20130918,-2.25
601766.SH,中国中车,20130917,-2.25
601766.SH,中国中车,20130916,-2.25
601766.SH,中国中车,20130915,-2.25
601766.SH,中国中车,20130914,-2.25
601766.SH,中国中车,20130913,-2.25
601766.SH,中国中车,20130912,-2.25
601766.SH,中国中车,20130911,-2.25
601766.SH,中国中车,20130910,-2.25
601766.SH,中国中车,20130909,-2.25
601766.SH,中国中车,20130908,-2.25
601766.SH,中国中车,20130907,-2.25
601766.SH,中国中车,20130906,-2.25
601766.SH,中国中车,20130905,-2.25
601766.SH,中国中车,20130904,-2.25
601766.SH,中国中车,20130903,-2.25
601766.SH,中国中车,20130902,-2.25
601766.SH,中国中车,20130901,-2.25
601766.SH,中国中车,20130831,-0.24937655860349
601766.SH,中国中车,20130830,-0.24937655860349
601766.SH,中国中车,20130829,-0.24937655860349
601766.SH,中国中车,20130828,-0.24937655860349
601766.SH,中国中车,20130827,-0.24937655860349
601766.SH,中国中车,20130826,-0.24937655860349
601766.SH,中国中车,20130825,-0.24937655860349
601766.SH,中国中车,20130824,-0.24937655860349
601766.SH,中国中车,20130823,-0.24937655860349
601766.SH,中国中车,20130822,-0.24937655860349
601766.SH,中国中车,20130821,-0.24937655860349
601766.SH,中国中车,20130820,-0.24937655860349
601766.SH,中国中车,20130819,-0.24937655860349
601766.SH,中国中车,20130818,-0.24937655860349
601766.SH,中国中车,20130817,-0.24937655860349
601766.SH,中国中车,20130816,-0.24937655860349
601766.SH,中国中车,20130815,-0.24937655860349
601766.SH,中国中车,20130814,-0.24937655860349
601766.SH,中国中车,20130813,-0.24937655860349
601766.SH,中国中车,20130812,-0.24937655860349
601766.SH,中国中车,20130811,-0.24937655860349
601766.SH,中国中车,20130810,-0.24937655860349
601766.SH,中国中车,20130809,-0.24937655860349
601766.SH,中国中车,20130808,-0.24937655860349
601766.SH,中国中车,20130807,-0.24937655860349
601766.SH,中国中车,20130806,-0.24937655860349
601766.SH,中国中车,20130805,-0.24937655860349
601766.SH,中国中车,20130804,-0.24937655860349
601766.SH,中国中车,20130803,-0.24937655860349
601766.SH,中国中车,20130802,-0.24937655860349
601766.SH,中国中车,20130801,-0.24937655860349
601766.SH,中国中车,20130731,11.388888888889
601766.SH,中国中车,20130730,11.388888888889
601766.SH,中国中车,20130729,11.388888888889
601766.SH,中国中车,20130728,11.388888888889
601766.SH,中国中车,20130727,11.388888888889
601766.SH,中国中车,20130726,11.388888888889
601766.SH,中国中车,20130725,11.388888888889
601766.SH,中国中车,20130724,11.388888888889
601766.SH,中国中车,20130723,11.388888888889
601766.SH,中国中车,20130722,11.388888888889
601766.SH,中国中车,20130721,11.388888888889
601766.SH,中国中车,20130720,11.388888888889
601766.SH,中国中车,20130719,11.388888888889
601766.SH,中国中车,20130718,11.388888888889
601766.SH,中国中车,20130717,11.388888888889
601766.SH,中国中车,20130716,11.388888888889
601766.SH,中国中车,20130715,11.388888888889
601766.SH,中国中车,20130714,11.388888888889
601766.SH,中国中车,20130713,11.388888888889
601766.SH,中国中车,20130712,11.388888888889
601766.SH,中国中车,20130711,11.388888888889
601766.SH,中国中车,20130710,11.388888888889
601766.SH,中国中车,20130709,11.388888888889
601766.SH,中国中车,20130708,11.388888888889
601766.SH,中国中车,20130707,11.388888888889
601766.SH,中国中车,20130706,11.388888888889
601766.SH,中国中车,20130705,11.388888888889
601766.SH,中国中车,20130704,11.388888888889
601766.SH,中国中车,20130703,11.388888888889
601766.SH,中国中车,20130702,11.388888888889
601766.SH,中国中车,20130701,11.388888888889
601766.SH,中国中车,20130630,-18.181818181818
601766.SH,中国中车,20130629,-18.181818181818
601766.SH,中国中车,20130628,-18.181818181818
601766.SH,中国中车,20130627,-18.181818181818
601766.SH,中国中车,20130626,-18.181818181818
601766.SH,中国中车,20130625,-18.181818181818
601766.SH,中国中车,20130624,-18.181818181818
601766.SH,中国中车,20130623,-18.181818181818
601766.SH,中国中车,20130622,-18.181818181818
601766.SH,中国中车,20130621,-18.181818181818
601766.SH,中国中车,20130620,-18.181818181818
601766.SH,中国中车,20130619,-18.181818181818
601766.SH,中国中车,20130618,-18.181818181818
601766.SH,中国中车,20130617,-18.181818181818
601766.SH,中国中车,20130616,-18.181818181818
601766.SH,中国中车,20130615,-18.181818181818
601766.SH,中国中车,20130614,-18.181818181818
601766.SH,中国中车,20130613,-18.181818181818
601766.SH,中国中车,20130612,-18.181818181818
601766.SH,中国中车,20130611,-18.181818181818
601766.SH,中国中车,20130610,-18.181818181818
601766.SH,中国中车,20130609,-18.181818181818
601766.SH,中国中车,20130608,-18.181818181818
601766.SH,中国中车,20130607,-18.181818181818
601766.SH,中国中车,20130606,-18.181818181818
601766.SH,中国中车,20130605,-18.181818181818
601766.SH,中国中车,20130604,-18.181818181818
601766.SH,中国中车,20130603,-18.181818181818
601766.SH,中国中车,20130602,-18.181818181818
601766.SH,中国中车,20130601,-18.181818181818
601766.SH,中国中车,20130531,10.552763819095
601766.SH,中国中车,20130530,10.552763819095
601766.SH,中国中车,20130529,10.552763819095
601766.SH,中国中车,20130528,10.552763819095
601766.SH,中国中车,20130527,10.552763819095
601766.SH,中国中车,20130526,10.552763819095
601766.SH,中国中车,20130525,10.552763819095
601766.SH,中国中车,20130524,10.552763819095
601766.SH,中国中车,20130523,10.552763819095
601766.SH,中国中车,20130522,10.552763819095
601766.SH,中国中车,20130521,10.552763819095
601766.SH,中国中车,20130520,10.552763819095
601766.SH,中国中车,20130519,10.552763819095
601766.SH,中国中车,20130518,10.552763819095
601766.SH,中国中车,20130517,10.552763819095
601766.SH,中国中车,20130516,10.552763819095
601766.SH,中国中车,20130515,10.552763819095
601766.SH,中国中车,20130514,10.552763819095
601766.SH,中国中车,20130513,10.552763819095
601766.SH,中国中车,20130512,10.552763819095
601766.SH,中国中车,20130511,10.552763819095
601766.SH,中国中车,20130510,10.552763819095
601766.SH,中国中车,20130509,10.552763819095
601766.SH,中国中车,20130508,10.552763819095
601766.SH,中国中车,20130507,10.552763819095
601766.SH,中国中车,20130506,10.552763819095
601766.SH,中国中车,20130505,10.552763819095
601766.SH,中国中车,20130504,10.552763819095
601766.SH,中国中车,20130503,10.552763819095
601766.SH,中国中车,20130502,10.552763819095
601766.SH,中国中车,20130501,10.552763819095
601766.SH,中国中车,20130430,-2.6894865525672
601766.SH,中国中车,20130429,-2.6894865525672
601766.SH,中国中车,20130428,-2.6894865525672
601766.SH,中国中车,20130427,-2.6894865525672
601766.SH,中国中车,20130426,-2.6894865525672
601766.SH,中国中车,20130425,-2.6894865525672
601766.SH,中国中车,20130424,-2.6894865525672
601766.SH,中国中车,20130423,-2.6894865525672
601766.SH,中国中车,20130422,-2.6894865525672
601766.SH,中国中车,20130421,-2.6894865525672
601766.SH,中国中车,20130420,-2.6894865525672
601766.SH,中国中车,20130419,-2.6894865525672
601766.SH,中国中车,20130418,-2.6894865525672
601766.SH,中国中车,20130417,-2.6894865525672
601766.SH,中国中车,20130416,-2.6894865525672
601766.SH,中国中车,20130415,-2.6894865525672
601766.SH,中国中车,20130414,-2.6894865525672
601766.SH,中国中车,20130413,-2.6894865525672
601766.SH,中国中车,20130412,-2.6894865525672
601766.SH,中国中车,20130411,-2.6894865525672
601766.SH,中国中车,20130410,-2.6894865525672
601766.SH,中国中车,20130409,-2.6894865525672
601766.SH,中国中车,20130408,-2.6894865525672
601766.SH,中国中车,20130407,-2.6894865525672
601766.SH,中国中车,20130406,-2.6894865525672
601766.SH,中国中车,20130405,-2.6894865525672
601766.SH,中国中车,20130404,-2.6894865525672
601766.SH,中国中车,20130403,-2.6894865525672
601766.SH,中国中车,20130402,-2.6894865525672
601766.SH,中国中车,20130401,-2.6894865525672
601766.SH,中国中车,20130331,-14.613778705637
601766.SH,中国中车,20130330,-14.613778705637
601766.SH,中国中车,20130329,-14.613778705637
601766.SH,中国中车,20130328,-14.613778705637
601766.SH,中国中车,20130327,-14.613778705637
601766.SH,中国中车,20130326,-14.613778705637
601766.SH,中国中车,20130325,-14.613778705637
601766.SH,中国中车,20130324,-14.613778705637
601766.SH,中国中车,20130323,-14.613778705637
601766.SH,中国中车,20130322,-14.613778705637
601766.SH,中国中车,20130321,-14.613778705637
601766.SH,中国中车,20130320,-14.613778705637
601766.SH,中国中车,20130319,-14.613778705637
601766.SH,中国中车,20130318,-14.613778705637
601766.SH,中国中车,20130317,-14.613778705637
601766.SH,中国中车,20130316,-14.613778705637
601766.SH,中国中车,20130315,-14.613778705637
601766.SH,中国中车,20130314,-14.613778705637
601766.SH,中国中车,20130313,-14.613778705637
601766.SH,中国中车,20130312,-14.613778705637
601766.SH,中国中车,20130311,-14.613778705637
601766.SH,中国中车,20130310,-14.613778705637
601766.SH,中国中车,20130309,-14.613778705637
601766.SH,中国中车,20130308,-14.613778705637
601766.SH,中国中车,20130307,-14.613778705637
601766.SH,中国中车,20130306,-14.613778705637
601766.SH,中国中车,20130305,-14.613778705637
601766.SH,中国中车,20130304,-14.613778705637
601766.SH,中国中车,20130303,-14.613778705637
601766.SH,中国中车,20130302,-14.613778705637
601766.SH,中国中车,20130301,-14.613778705637
601766.SH,中国中车,20130228,-1.2371134020618
601766.SH,中国中车,20130227,-1.2371134020618
601766.SH,中国中车,20130226,-1.2371134020618
601766.SH,中国中车,20130225,-1.2371134020618
601766.SH,中国中车,20130224,-1.2371134020618
601766.SH,中国中车,20130223,-1.2371134020618
601766.SH,中国中车,20130222,-1.2371134020618
601766.SH,中国中车,20130221,-1.2371134020618
601766.SH,中国中车,20130220,-1.2371134020618
601766.SH,中国中车,20130219,-1.2371134020618
601766.SH,中国中车,20130218,-1.2371134020618
601766.SH,中国中车,20130217,-1.2371134020618
601766.SH,中国中车,20130216,-1.2371134020618
601766.SH,中国中车,20130215,-1.2371134020618
601766.SH,中国中车,20130214,-1.2371134020618
601766.SH,中国中车,20130213,-1.2371134020618
601766.SH,中国中车,20130212,-1.2371134020618
601766.SH,中国中车,20130211,-1.2371134020618
601766.SH,中国中车,20130210,-1.2371134020618
601766.SH,中国中车,20130209,-1.2371134020618
601766.SH,中国中车,20130208,-1.2371134020618
601766.SH,中国中车,20130207,-1.2371134020618
601766.SH,中国中车,20130206,-1.2371134020618
601766.SH,中国中车,20130205,-1.2371134020618
601766.SH,中国中车,20130204,-1.2371134020618
601766.SH,中国中车,20130203,-1.2371134020618
601766.SH,中国中车,20130202,-1.2371134020618
601766.SH,中国中车,20130201,-1.2371134020618
601766.SH,中国中车,20130131,-2.2177419354839
601766.SH,中国中车,20130130,-2.2177419354839
601766.SH,中国中车,20130129,-2.2177419354839
601766.SH,中国中车,20130128,-2.2177419354839
601766.SH,中国中车,20130127,-2.2177419354839
601766.SH,中国中车,20130126,-2.2177419354839
601766.SH,中国中车,20130125,-2.2177419354839
601766.SH,中国中车,20130124,-2.2177419354839
601766.SH,中国中车,20130123,-2.2177419354839
601766.SH,中国中车,20130122,-2.2177419354839
601766.SH,中国中车,20130121,-2.2177419354839
601766.SH,中国中车,20130120,-2.2177419354839
601766.SH,中国中车,20130119,-2.2177419354839
601766.SH,中国中车,20130118,-2.2177419354839
601766.SH,中国中车,20130117,-2.2177419354839
601766.SH,中国中车,20130116,-2.2177419354839
601766.SH,中国中车,20130115,-2.2177419354839
601766.SH,中国中车,20130114,-2.2177419354839
601766.SH,中国中车,20130113,-2.2177419354839
601766.SH,中国中车,20130112,-2.2177419354839
601766.SH,中国中车,20130111,-2.2177419354839
601766.SH,中国中车,20130110,-2.2177419354839
601766.SH,中国中车,20130109,-2.2177419354839
601766.SH,中国中车,20130108,-2.2177419354839
601766.SH,中国中车,20130107,-2.2177419354839
601766.SH,中国中车,20130106,-2.2177419354839
601766.SH,中国中车,20130105,-2.2177419354839
601766.SH,中国中车,20130104,-2.2177419354839
601766.SH,中国中车,20130103,-2.2177419354839
601766.SH,中国中车,20130102,-2.2177419354839
601766.SH,中国中车,20130101,-2.2177419354839
601766.SH,中国中车,20121231,3.765690376569
601766.SH,中国中车,20121230,3.765690376569
601766.SH,中国中车,20121229,3.765690376569
601766.SH,中国中车,20121228,3.765690376569
601766.SH,中国中车,20121227,3.765690376569
601766.SH,中国中车,20121226,3.765690376569
601766.SH,中国中车,20121225,3.765690376569
601766.SH,中国中车,20121224,3.765690376569
601766.SH,中国中车,20121223,3.765690376569
601766.SH,中国中车,20121222,3.765690376569
601766.SH,中国中车,20121221,3.765690376569
601766.SH,中国中车,20121220,3.765690376569
601766.SH,中国中车,20121219,3.765690376569
601766.SH,中国中车,20121218,3.765690376569
601766.SH,中国中车,20121217,3.765690376569
601766.SH,中国中车,20121216,3.765690376569
601766.SH,中国中车,20121215,3.765690376569
601766.SH,中国中车,20121214,3.765690376569
601766.SH,中国中车,20121213,3.765690376569
601766.SH,中国中车,20121212,3.765690376569
601766.SH,中国中车,20121211,3.765690376569
601766.SH,中国中车,20121210,3.765690376569
601766.SH,中国中车,20121209,3.765690376569
601766.SH,中国中车,20121208,3.765690376569
601766.SH,中国中车,20121207,3.765690376569
601766.SH,中国中车,20121206,3.765690376569
601766.SH,中国中车,20121205,3.765690376569
601766.SH,中国中车,20121204,3.765690376569
601766.SH,中国中车,20121203,3.765690376569
601766.SH,中国中车,20121202,3.765690376569
601766.SH,中国中车,20121201,3.765690376569
601766.SH,中国中车,20121130,6.9351230425056
601766.SH,中国中车,20121129,6.9351230425056
601766.SH,中国中车,20121128,6.9351230425056
601766.SH,中国中车,20121127,6.9351230425056
601766.SH,中国中车,20121126,6.9351230425056
601766.SH,中国中车,20121125,6.9351230425056
601766.SH,中国中车,20121124,6.9351230425056
601766.SH,中国中车,20121123,6.9351230425056
601766.SH,中国中车,20121122,6.9351230425056
601766.SH,中国中车,20121121,6.9351230425056
601766.SH,中国中车,20121120,6.9351230425056
601766.SH,中国中车,20121119,6.9351230425056
601766.SH,中国中车,20121118,6.9351230425056
601766.SH,中国中车,20121117,6.9351230425056
601766.SH,中国中车,20121116,6.9351230425056
601766.SH,中国中车,20121115,6.9351230425056
601766.SH,中国中车,20121114,6.9351230425056
601766.SH,中国中车,20121113,6.9351230425056
601766.SH,中国中车,20121112,6.9351230425056
601766.SH,中国中车,20121111,6.9351230425056
601766.SH,中国中车,20121110,6.9351230425056
601766.SH,中国中车,20121109,6.9351230425056
601766.SH,中国中车,20121108,6.9351230425056
601766.SH,中国中车,20121107,6.9351230425056
601766.SH,中国中车,20121106,6.9351230425056
601766.SH,中国中车,20121105,6.9351230425056
601766.SH,中国中车,20121104,6.9351230425056
601766.SH,中国中车,20121103,6.9351230425056
601766.SH,中国中车,20121102,6.9351230425056
601766.SH,中国中车,20121101,6.9351230425056
601766.SH,中国中车,20121031,8.7591240875912
601766.SH,中国中车,20121030,8.7591240875912
601766.SH,中国中车,20121029,8.7591240875912
601766.SH,中国中车,20121028,8.7591240875912
601766.SH,中国中车,20121027,8.7591240875912
601766.SH,中国中车,20121026,8.7591240875912
601766.SH,中国中车,20121025,8.7591240875912
601766.SH,中国中车,20121024,8.7591240875912
601766.SH,中国中车,20121023,8.7591240875912
601766.SH,中国中车,20121022,8.7591240875912
601766.SH,中国中车,20121021,8.7591240875912
601766.SH,中国中车,20121020,8.7591240875912
601766.SH,中国中车,20121019,8.7591240875912
601766.SH,中国中车,20121018,8.7591240875912
601766.SH,中国中车,20121017,8.7591240875912
601766.SH,中国中车,20121016,8.7591240875912
601766.SH,中国中车,20121015,8.7591240875912
601766.SH,中国中车,20121014,8.7591240875912
601766.SH,中国中车,20121013,8.7591240875912
601766.SH,中国中车,20121012,8.7591240875912
601766.SH,中国中车,20121011,8.7591240875912
601766.SH,中国中车,20121010,8.7591240875912
601766.SH,中国中车,20121009,8.7591240875912
601766.SH,中国中车,20121008,8.7591240875912
601766.SH,中国中车,20121007,8.7591240875912
601766.SH,中国中车,20121006,8.7591240875912
601766.SH,中国中车,20121005,8.7591240875912
601766.SH,中国中车,20121004,8.7591240875912
601766.SH,中国中车,20121003,8.7591240875912
601766.SH,中国中车,20121002,8.7591240875912
601766.SH,中国中车,20121001,8.7591240875912
601766.SH,中国中车,20120930,3.0075187969925
601766.SH,中国中车,20120929,3.0075187969925
601766.SH,中国中车,20120928,3.0075187969925
601766.SH,中国中车,20120927,3.0075187969925
601766.SH,中国中车,20120926,3.0075187969925
601766.SH,中国中车,20120925,3.0075187969925
601766.SH,中国中车,20120924,3.0075187969925
601766.SH,中国中车,20120923,3.0075187969925
601766.SH,中国中车,20120922,3.0075187969925
601766.SH,中国中车,20120921,3.0075187969925
601766.SH,中国中车,20120920,3.0075187969925
601766.SH,中国中车,20120919,3.0075187969925
601766.SH,中国中车,20120918,3.0075187969925
601766.SH,中国中车,20120917,3.0075187969925
601766.SH,中国中车,20120916,3.0075187969925
601766.SH,中国中车,20120915,3.0075187969925
601766.SH,中国中车,20120914,3.0075187969925
601766.SH,中国中车,20120913,3.0075187969925
601766.SH,中国中车,20120912,3.0075187969925
601766.SH,中国中车,20120911,3.0075187969925
601766.SH,中国中车,20120910,3.0075187969925
601766.SH,中国中车,20120909,3.0075187969925
601766.SH,中国中车,20120908,3.0075187969925
601766.SH,中国中车,20120907,3.0075187969925
601766.SH,中国中车,20120906,3.0075187969925
601766.SH,中国中车,20120905,3.0075187969925
601766.SH,中国中车,20120904,3.0075187969925
601766.SH,中国中车,20120903,3.0075187969925
601766.SH,中国中车,20120902,3.0075187969925
601766.SH,中国中车,20120901,3.0075187969925
601766.SH,中国中车,20120831,-4.3165467625899
601766.SH,中国中车,20120830,-4.3165467625899
601766.SH,中国中车,20120829,-4.3165467625899
601766.SH,中国中车,20120828,-4.3165467625899
601766.SH,中国中车,20120827,-4.3165467625899
601766.SH,中国中车,20120826,-4.3165467625899
601766.SH,中国中车,20120825,-4.3165467625899
601766.SH,中国中车,20120824,-4.3165467625899
601766.SH,中国中车,20120823,-4.3165467625899
601766.SH,中国中车,20120822,-4.3165467625899
601766.SH,中国中车,20120821,-4.3165467625899
601766.SH,中国中车,20120820,-4.3165467625899
601766.SH,中国中车,20120819,-4.3165467625899
601766.SH,中国中车,20120818,-4.3165467625899
601766.SH,中国中车,20120817,-4.3165467625899
601766.SH,中国中车,20120816,-4.3165467625899
601766.SH,中国中车,20120815,-4.3165467625899
601766.SH,中国中车,20120814,-4.3165467625899
601766.SH,中国中车,20120813,-4.3165467625899
601766.SH,中国中车,20120812,-4.3165467625899
601766.SH,中国中车,20120811,-4.3165467625899
601766.SH,中国中车,20120810,-4.3165467625899
601766.SH,中国中车,20120809,-4.3165467625899
601766.SH,中国中车,20120808,-4.3165467625899
601766.SH,中国中车,20120807,-4.3165467625899
601766.SH,中国中车,20120806,-4.3165467625899
601766.SH,中国中车,20120805,-4.3165467625899
601766.SH,中国中车,20120804,-4.3165467625899
601766.SH,中国中车,20120803,-4.3165467625899
601766.SH,中国中车,20120802,-4.3165467625899
601766.SH,中国中车,20120801,-4.3165467625899
601766.SH,中国中车,20120731,-8.5526315789474
601766.SH,中国中车,20120730,-8.5526315789474
601766.SH,中国中车,20120729,-8.5526315789474
601766.SH,中国中车,20120728,-8.5526315789474
601766.SH,中国中车,20120727,-8.5526315789474
601766.SH,中国中车,20120726,-8.5526315789474
601766.SH,中国中车,20120725,-8.5526315789474
601766.SH,中国中车,20120724,-8.5526315789474
601766.SH,中国中车,20120723,-8.5526315789474
601766.SH,中国中车,20120722,-8.5526315789474
601766.SH,中国中车,20120721,-8.5526315789474
601766.SH,中国中车,20120720,-8.5526315789474
601766.SH,中国中车,20120719,-8.5526315789474
601766.SH,中国中车,20120718,-8.5526315789474
601766.SH,中国中车,20120717,-8.5526315789474
601766.SH,中国中车,20120716,-8.5526315789474
601766.SH,中国中车,20120715,-8.5526315789474
601766.SH,中国中车,20120714,-8.5526315789474
601766.SH,中国中车,20120713,-8.5526315789474
601766.SH,中国中车,20120712,-8.5526315789474
601766.SH,中国中车,20120711,-8.5526315789474
601766.SH,中国中车,20120710,-8.5526315789474
601766.SH,中国中车,20120709,-8.5526315789474
601766.SH,中国中车,20120708,-8.5526315789474
601766.SH,中国中车,20120707,-8.5526315789474
601766.SH,中国中车,20120706,-8.5526315789474
601766.SH,中国中车,20120705,-8.5526315789474
601766.SH,中国中车,20120704,-8.5526315789474
601766.SH,中国中车,20120703,-8.5526315789474
601766.SH,中国中车,20120702,-8.5526315789474
601766.SH,中国中车,20120701,-8.5526315789474
601766.SH,中国中车,20120630,-7.5050709939148
601766.SH,中国中车,20120629,-7.5050709939148
601766.SH,中国中车,20120628,-7.5050709939148
601766.SH,中国中车,20120627,-7.5050709939148
601766.SH,中国中车,20120626,-7.5050709939148
601766.SH,中国中车,20120625,-7.5050709939148
601766.SH,中国中车,20120624,-7.5050709939148
601766.SH,中国中车,20120623,-7.5050709939148
601766.SH,中国中车,20120622,-7.5050709939148
601766.SH,中国中车,20120621,-7.5050709939148
601766.SH,中国中车,20120620,-7.5050709939148
601766.SH,中国中车,20120619,-7.5050709939148
601766.SH,中国中车,20120618,-7.5050709939148
601766.SH,中国中车,20120617,-7.5050709939148
601766.SH,中国中车,20120616,-7.5050709939148
601766.SH,中国中车,20120615,-7.5050709939148
601766.SH,中国中车,20120614,-7.5050709939148
601766.SH,中国中车,20120613,-7.5050709939148
601766.SH,中国中车,20120612,-7.5050709939148
601766.SH,中国中车,20120611,-7.5050709939148
601766.SH,中国中车,20120610,-7.5050709939148
601766.SH,中国中车,20120609,-7.5050709939148
601766.SH,中国中车,20120608,-7.5050709939148
601766.SH,中国中车,20120607,-7.5050709939148
601766.SH,中国中车,20120606,-7.5050709939148
601766.SH,中国中车,20120605,-7.5050709939148
601766.SH,中国中车,20120604,-7.5050709939148
601766.SH,中国中车,20120603,-7.5050709939148
601766.SH,中国中车,20120602,-7.5050709939148
601766.SH,中国中车,20120601,-7.5050709939148
601766.SH,中国中车,20120531,-1.792828685259
601766.SH,中国中车,20120530,-1.792828685259
601766.SH,中国中车,20120529,-1.792828685259
601766.SH,中国中车,20120528,-1.792828685259
601766.SH,中国中车,20120527,-1.792828685259
601766.SH,中国中车,20120526,-1.792828685259
601766.SH,中国中车,20120525,-1.792828685259
601766.SH,中国中车,20120524,-1.792828685259
601766.SH,中国中车,20120523,-1.792828685259
601766.SH,中国中车,20120522,-1.792828685259
601766.SH,中国中车,20120521,-1.792828685259
601766.SH,中国中车,20120520,-1.792828685259
601766.SH,中国中车,20120519,-1.792828685259
601766.SH,中国中车,20120518,-1.792828685259
601766.SH,中国中车,20120517,-1.792828685259
601766.SH,中国中车,20120516,-1.792828685259
601766.SH,中国中车,20120515,-1.792828685259
601766.SH,中国中车,20120514,-1.792828685259
601766.SH,中国中车,20120513,-1.792828685259
601766.SH,中国中车,20120512,-1.792828685259
601766.SH,中国中车,20120511,-1.792828685259
601766.SH,中国中车,20120510,-1.792828685259
601766.SH,中国中车,20120509,-1.792828685259
601766.SH,中国中车,20120508,-1.792828685259
601766.SH,中国中车,20120507,-1.792828685259
601766.SH,中国中车,20120506,-1.792828685259
601766.SH,中国中车,20120505,-1.792828685259
601766.SH,中国中车,20120504,-1.792828685259
601766.SH,中国中车,20120503,-1.792828685259
601766.SH,中国中车,20120502,-1.792828685259
601766.SH,中国中车,20120501,-1.792828685259
601766.SH,中国中车,20120430,13.063063063063
601766.SH,中国中车,20120429,13.063063063063
601766.SH,中国中车,20120428,13.063063063063
601766.SH,中国中车,20120427,13.063063063063
601766.SH,中国中车,20120426,13.063063063063
601766.SH,中国中车,20120425,13.063063063063
601766.SH,中国中车,20120424,13.063063063063
601766.SH,中国中车,20120423,13.063063063063
601766.SH,中国中车,20120422,13.063063063063
601766.SH,中国中车,20120421,13.063063063063
601766.SH,中国中车,20120420,13.063063063063
601766.SH,中国中车,20120419,13.063063063063
601766.SH,中国中车,20120418,13.063063063063
601766.SH,中国中车,20120417,13.063063063063
601766.SH,中国中车,20120416,13.063063063063
601766.SH,中国中车,20120415,13.063063063063
601766.SH,中国中车,20120414,13.063063063063
601766.SH,中国中车,20120413,13.063063063063
601766.SH,中国中车,20120412,13.063063063063
601766.SH,中国中车,20120411,13.063063063063
601766.SH,中国中车,20120410,13.063063063063
601766.SH,中国中车,20120409,13.063063063063
601766.SH,中国中车,20120408,13.063063063063
601766.SH,中国中车,20120407,13.063063063063
601766.SH,中国中车,20120406,13.063063063063
601766.SH,中国中车,20120405,13.063063063063
601766.SH,中国中车,20120404,13.063063063063
601766.SH,中国中车,20120403,13.063063063063
601766.SH,中国中车,20120402,13.063063063063
601766.SH,中国中车,20120401,13.063063063063
601766.SH,中国中车,20120331,-9.9391480730223
601766.SH,中国中车,20120330,-9.9391480730223
601766.SH,中国中车,20120329,-9.9391480730223
601766.SH,中国中车,20120328,-9.9391480730223
601766.SH,中国中车,20120327,-9.9391480730223
601766.SH,中国中车,20120326,-9.9391480730223
601766.SH,中国中车,20120325,-9.9391480730223
601766.SH,中国中车,20120324,-9.9391480730223
601766.SH,中国中车,20120323,-9.9391480730223
601766.SH,中国中车,20120322,-9.9391480730223
601766.SH,中国中车,20120321,-9.9391480730223
601766.SH,中国中车,20120320,-9.9391480730223
601766.SH,中国中车,20120319,-9.9391480730223
601766.SH,中国中车,20120318,-9.9391480730223
601766.SH,中国中车,20120317,-9.9391480730223
601766.SH,中国中车,20120316,-9.9391480730223
601766.SH,中国中车,20120315,-9.9391480730223
601766.SH,中国中车,20120314,-9.9391480730223
601766.SH,中国中车,20120313,-9.9391480730223
601766.SH,中国中车,20120312,-9.9391480730223
601766.SH,中国中车,20120311,-9.9391480730223
601766.SH,中国中车,20120310,-9.9391480730223
601766.SH,中国中车,20120309,-9.9391480730223
601766.SH,中国中车,20120308,-9.9391480730223
601766.SH,中国中车,20120307,-9.9391480730223
601766.SH,中国中车,20120306,-9.9391480730223
601766.SH,中国中车,20120305,-9.9391480730223
601766.SH,中国中车,20120304,-9.9391480730223
601766.SH,中国中车,20120303,-9.9391480730223
601766.SH,中国中车,20120302,-9.9391480730223
601766.SH,中国中车,20120301,-9.9391480730223
601766.SH,中国中车,20120229,7.1739130434783
601766.SH,中国中车,20120228,7.1739130434783
601766.SH,中国中车,20120227,7.1739130434783
601766.SH,中国中车,20120226,7.1739130434783
601766.SH,中国中车,20120225,7.1739130434783
601766.SH,中国中车,20120224,7.1739130434783
601766.SH,中国中车,20120223,7.1739130434783
601766.SH,中国中车,20120222,7.1739130434783
601766.SH,中国中车,20120221,7.1739130434783
601766.SH,中国中车,20120220,7.1739130434783
601766.SH,中国中车,20120219,7.1739130434783
601766.SH,中国中车,20120218,7.1739130434783
601766.SH,中国中车,20120217,7.1739130434783
601766.SH,中国中车,20120216,7.1739130434783
601766.SH,中国中车,20120215,7.1739130434783
601766.SH,中国中车,20120214,7.1739130434783
601766.SH,中国中车,20120213,7.1739130434783
601766.SH,中国中车,20120212,7.1739130434783
601766.SH,中国中车,20120211,7.1739130434783
601766.SH,中国中车,20120210,7.1739130434783
601766.SH,中国中车,20120209,7.1739130434783
601766.SH,中国中车,20120208,7.1739130434783
601766.SH,中国中车,20120207,7.1739130434783
601766.SH,中国中车,20120206,7.1739130434783
601766.SH,中国中车,20120205,7.1739130434783
601766.SH,中国中车,20120204,7.1739130434783
601766.SH,中国中车,20120203,7.1739130434783
601766.SH,中国中车,20120202,7.1739130434783
601766.SH,中国中车,20120201,7.1739130434783
601766.SH,中国中车,20120131,6.2355658198614
601766.SH,中国中车,20120130,6.2355658198614
601766.SH,中国中车,20120129,6.2355658198614
601766.SH,中国中车,20120128,6.2355658198614
601766.SH,中国中车,20120127,6.2355658198614
601766.SH,中国中车,20120126,6.2355658198614
601766.SH,中国中车,20120125,6.2355658198614
601766.SH,中国中车,20120124,6.2355658198614
601766.SH,中国中车,20120123,6.2355658198614
601766.SH,中国中车,20120122,6.2355658198614
601766.SH,中国中车,20120121,6.2355658198614
601766.SH,中国中车,20120120,6.2355658198614
601766.SH,中国中车,20120119,6.2355658198614
601766.SH,中国中车,20120118,6.2355658198614
601766.SH,中国中车,20120117,6.2355658198614
601766.SH,中国中车,20120116,6.2355658198614
601766.SH,中国中车,20120115,6.2355658198614
601766.SH,中国中车,20120114,6.2355658198614
601766.SH,中国中车,20120113,6.2355658198614
601766.SH,中国中车,20120112,6.2355658198614
601766.SH,中国中车,20120111,6.2355658198614
601766.SH,中国中车,20120110,6.2355658198614
601766.SH,中国中车,20120109,6.2355658198614
601766.SH,中国中车,20120108,6.2355658198614
601766.SH,中国中车,20120107,6.2355658198614
601766.SH,中国中车,20120106,6.2355658198614
601766.SH,中国中车,20120105,6.2355658198614
601766.SH,中国中车,20120104,6.2355658198614
601766.SH,中国中车,20120103,6.2355658198614
601766.SH,中国中车,20120102,6.2355658198614
601766.SH,中国中车,20120101,6.2355658198614
601766.SH,中国中车,20111231,-14.931237721022
601766.SH,中国中车,20111230,-14.931237721022
601766.SH,中国中车,20111229,-14.931237721022
601766.SH,中国中车,20111228,-14.931237721022
601766.SH,中国中车,20111227,-14.931237721022
601766.SH,中国中车,20111226,-14.931237721022
601766.SH,中国中车,20111225,-14.931237721022
601766.SH,中国中车,20111224,-14.931237721022
601766.SH,中国中车,20111223,-14.931237721022
601766.SH,中国中车,20111222,-14.931237721022
601766.SH,中国中车,20111221,-14.931237721022
601766.SH,中国中车,20111220,-14.931237721022
601766.SH,中国中车,20111219,-14.931237721022
601766.SH,中国中车,20111218,-14.931237721022
601766.SH,中国中车,20111217,-14.931237721022
601766.SH,中国中车,20111216,-14.931237721022
601766.SH,中国中车,20111215,-14.931237721022
601766.SH,中国中车,20111214,-14.931237721022
601766.SH,中国中车,20111213,-14.931237721022
601766.SH,中国中车,20111212,-14.931237721022
601766.SH,中国中车,20111211,-14.931237721022
601766.SH,中国中车,20111210,-14.931237721022
601766.SH,中国中车,20111209,-14.931237721022
601766.SH,中国中车,20111208,-14.931237721022
601766.SH,中国中车,20111207,-14.931237721022
601766.SH,中国中车,20111206,-14.931237721022
601766.SH,中国中车,20111205,-14.931237721022
601766.SH,中国中车,20111204,-14.931237721022
601766.SH,中国中车,20111203,-14.931237721022
601766.SH,中国中车,20111202,-14.931237721022
601766.SH,中国中车,20111201,-14.931237721022
601766.SH,中国中车,20111130,-7.1167883211679
601766.SH,中国中车,20111129,-7.1167883211679
601766.SH,中国中车,20111128,-7.1167883211679
601766.SH,中国中车,20111127,-7.1167883211679
601766.SH,中国中车,20111126,-7.1167883211679
601766.SH,中国中车,20111125,-7.1167883211679
601766.SH,中国中车,20111124,-7.1167883211679
601766.SH,中国中车,20111123,-7.1167883211679
601766.SH,中国中车,20111122,-7.1167883211679
601766.SH,中国中车,20111121,-7.1167883211679
601766.SH,中国中车,20111120,-7.1167883211679
601766.SH,中国中车,20111119,-7.1167883211679
601766.SH,中国中车,20111118,-7.1167883211679
601766.SH,中国中车,20111117,-7.1167883211679
601766.SH,中国中车,20111116,-7.1167883211679
601766.SH,中国中车,20111115,-7.1167883211679
601766.SH,中国中车,20111114,-7.1167883211679
601766.SH,中国中车,20111113,-7.1167883211679
601766.SH,中国中车,20111112,-7.1167883211679
601766.SH,中国中车,20111111,-7.1167883211679
601766.SH,中国中车,20111110,-7.1167883211679
601766.SH,中国中车,20111109,-7.1167883211679
601766.SH,中国中车,20111108,-7.1167883211679
601766.SH,中国中车,20111107,-7.1167883211679
601766.SH,中国中车,20111106,-7.1167883211679
601766.SH,中国中车,20111105,-7.1167883211679
601766.SH,中国中车,20111104,-7.1167883211679
601766.SH,中国中车,20111103,-7.1167883211679
601766.SH,中国中车,20111102,-7.1167883211679
601766.SH,中国中车,20111101,-7.1167883211679
601766.SH,中国中车,20111031,21.507760532151
601766.SH,中国中车,20111030,21.507760532151
601766.SH,中国中车,20111029,21.507760532151
601766.SH,中国中车,20111028,21.507760532151
601766.SH,中国中车,20111027,21.507760532151
601766.SH,中国中车,20111026,21.507760532151
601766.SH,中国中车,20111025,21.507760532151
601766.SH,中国中车,20111024,21.507760532151
601766.SH,中国中车,20111023,21.507760532151
601766.SH,中国中车,20111022,21.507760532151
601766.SH,中国中车,20111021,21.507760532151
601766.SH,中国中车,20111020,21.507760532151
601766.SH,中国中车,20111019,21.507760532151
601766.SH,中国中车,20111018,21.507760532151
601766.SH,中国中车,20111017,21.507760532151
601766.SH,中国中车,20111016,21.507760532151
601766.SH,中国中车,20111015,21.507760532151
601766.SH,中国中车,20111014,21.507760532151
601766.SH,中国中车,20111013,21.507760532151
601766.SH,中国中车,20111012,21.507760532151
601766.SH,中国中车,20111011,21.507760532151
601766.SH,中国中车,20111010,21.507760532151
601766.SH,中国中车,20111009,21.507760532151
601766.SH,中国中车,20111008,21.507760532151
601766.SH,中国中车,20111007,21.507760532151
601766.SH,中国中车,20111006,21.507760532151
601766.SH,中国中车,20111005,21.507760532151
601766.SH,中国中车,20111004,21.507760532151
601766.SH,中国中车,20111003,21.507760532151
601766.SH,中国中车,20111002,21.507760532151
601766.SH,中国中车,20111001,21.507760532151
601766.SH,中国中车,20110930,-11.56862745098
601766.SH,中国中车,20110929,-11.56862745098
601766.SH,中国中车,20110928,-11.56862745098
601766.SH,中国中车,20110927,-11.56862745098
601766.SH,中国中车,20110926,-11.56862745098
601766.SH,中国中车,20110925,-11.56862745098
601766.SH,中国中车,20110924,-11.56862745098
601766.SH,中国中车,20110923,-11.56862745098
601766.SH,中国中车,20110922,-11.56862745098
601766.SH,中国中车,20110921,-11.56862745098
601766.SH,中国中车,20110920,-11.56862745098
601766.SH,中国中车,20110919,-11.56862745098
601766.SH,中国中车,20110918,-11.56862745098
601766.SH,中国中车,20110917,-11.56862745098
601766.SH,中国中车,20110916,-11.56862745098
601766.SH,中国中车,20110915,-11.56862745098
601766.SH,中国中车,20110914,-11.56862745098
601766.SH,中国中车,20110913,-11.56862745098
601766.SH,中国中车,20110912,-11.56862745098
601766.SH,中国中车,20110911,-11.56862745098
601766.SH,中国中车,20110910,-11.56862745098
601766.SH,中国中车,20110909,-11.56862745098
601766.SH,中国中车,20110908,-11.56862745098
601766.SH,中国中车,20110907,-11.56862745098
601766.SH,中国中车,20110906,-11.56862745098
601766.SH,中国中车,20110905,-11.56862745098
601766.SH,中国中车,20110904,-11.56862745098
601766.SH,中国中车,20110903,-11.56862745098
601766.SH,中国中车,20110902,-11.56862745098
601766.SH,中国中车,20110901,-11.56862745098
601766.SH,中国中车,20110831,-12.220309810671
601766.SH,中国中车,20110830,-12.220309810671
601766.SH,中国中车,20110829,-12.220309810671
601766.SH,中国中车,20110828,-12.220309810671
601766.SH,中国中车,20110827,-12.220309810671
601766.SH,中国中车,20110826,-12.220309810671
601766.SH,中国中车,20110825,-12.220309810671
601766.SH,中国中车,20110824,-12.220309810671
601766.SH,中国中车,20110823,-12.220309810671
601766.SH,中国中车,20110822,-12.220309810671
601766.SH,中国中车,20110821,-12.220309810671
601766.SH,中国中车,20110820,-12.220309810671
601766.SH,中国中车,20110819,-12.220309810671
601766.SH,中国中车,20110818,-12.220309810671
601766.SH,中国中车,20110817,-12.220309810671
601766.SH,中国中车,20110816,-12.220309810671
601766.SH,中国中车,20110815,-12.220309810671
601766.SH,中国中车,20110814,-12.220309810671
601766.SH,中国中车,20110813,-12.220309810671
601766.SH,中国中车,20110812,-12.220309810671
601766.SH,中国中车,20110811,-12.220309810671
601766.SH,中国中车,20110810,-12.220309810671
601766.SH,中国中车,20110809,-12.220309810671
601766.SH,中国中车,20110808,-12.220309810671
601766.SH,中国中车,20110807,-12.220309810671
601766.SH,中国中车,20110806,-12.220309810671
601766.SH,中国中车,20110805,-12.220309810671
601766.SH,中国中车,20110804,-12.220309810671
601766.SH,中国中车,20110803,-12.220309810671
601766.SH,中国中车,20110802,-12.220309810671
601766.SH,中国中车,20110801,-12.220309810671
601766.SH,中国中车,20110731,-18.398876404494
601766.SH,中国中车,20110730,-18.398876404494
601766.SH,中国中车,20110729,-18.398876404494
601766.SH,中国中车,20110728,-18.398876404494
601766.SH,中国中车,20110727,-18.398876404494
601766.SH,中国中车,20110726,-18.398876404494
601766.SH,中国中车,20110725,-18.398876404494
601766.SH,中国中车,20110724,-18.398876404494
601766.SH,中国中车,20110723,-18.398876404494
601766.SH,中国中车,20110722,-18.398876404494
601766.SH,中国中车,20110721,-18.398876404494
601766.SH,中国中车,20110720,-18.398876404494
601766.SH,中国中车,20110719,-18.398876404494
601766.SH,中国中车,20110718,-18.398876404494
601766.SH,中国中车,20110717,-18.398876404494
601766.SH,中国中车,20110716,-18.398876404494
601766.SH,中国中车,20110715,-18.398876404494
601766.SH,中国中车,20110714,-18.398876404494
601766.SH,中国中车,20110713,-18.398876404494
601766.SH,中国中车,20110712,-18.398876404494
601766.SH,中国中车,20110711,-18.398876404494
601766.SH,中国中车,20110710,-18.398876404494
601766.SH,中国中车,20110709,-18.398876404494
601766.SH,中国中车,20110708,-18.398876404494
601766.SH,中国中车,20110707,-18.398876404494
601766.SH,中国中车,20110706,-18.398876404494
601766.SH,中国中车,20110705,-18.398876404494
601766.SH,中国中车,20110704,-18.398876404494
601766.SH,中国中车,20110703,-18.398876404494
601766.SH,中国中车,20110702,-18.398876404494
601766.SH,中国中车,20110701,-18.398876404494
601766.SH,中国中车,20110630,7.2289156626506
601766.SH,中国中车,20110629,7.2289156626506
601766.SH,中国中车,20110628,7.2289156626506
601766.SH,中国中车,20110627,7.2289156626506
601766.SH,中国中车,20110626,7.2289156626506
601766.SH,中国中车,20110625,7.2289156626506
601766.SH,中国中车,20110624,7.2289156626506
601766.SH,中国中车,20110623,7.2289156626506
601766.SH,中国中车,20110622,7.2289156626506
601766.SH,中国中车,20110621,7.2289156626506
601766.SH,中国中车,20110620,7.2289156626506
601766.SH,中国中车,20110619,7.2289156626506
601766.SH,中国中车,20110618,7.2289156626506
601766.SH,中国中车,20110617,7.2289156626506
601766.SH,中国中车,20110616,7.2289156626506
601766.SH,中国中车,20110615,7.2289156626506
601766.SH,中国中车,20110614,7.2289156626506
601766.SH,中国中车,20110613,7.2289156626506
601766.SH,中国中车,20110612,7.2289156626506
601766.SH,中国中车,20110611,7.2289156626506
601766.SH,中国中车,20110610,7.2289156626506
601766.SH,中国中车,20110609,7.2289156626506
601766.SH,中国中车,20110608,7.2289156626506
601766.SH,中国中车,20110607,7.2289156626506
601766.SH,中国中车,20110606,7.2289156626506
601766.SH,中国中车,20110605,7.2289156626506
601766.SH,中国中车,20110604,7.2289156626506
601766.SH,中国中车,20110603,7.2289156626506
601766.SH,中国中车,20110602,7.2289156626506
601766.SH,中国中车,20110601,7.2289156626506
601766.SH,中国中车,20110531,-4.1847041847042
601766.SH,中国中车,20110530,-4.1847041847042
601766.SH,中国中车,20110529,-4.1847041847042
601766.SH,中国中车,20110528,-4.1847041847042
601766.SH,中国中车,20110527,-4.1847041847042
601766.SH,中国中车,20110526,-4.1847041847042
601766.SH,中国中车,20110525,-4.1847041847042
601766.SH,中国中车,20110524,-4.1847041847042
601766.SH,中国中车,20110523,-4.1847041847042
601766.SH,中国中车,20110522,-4.1847041847042
601766.SH,中国中车,20110521,-4.1847041847042
601766.SH,中国中车,20110520,-4.1847041847042
601766.SH,中国中车,20110519,-4.1847041847042
601766.SH,中国中车,20110518,-4.1847041847042
601766.SH,中国中车,20110517,-4.1847041847042
601766.SH,中国中车,20110516,-4.1847041847042
601766.SH,中国中车,20110515,-4.1847041847042
601766.SH,中国中车,20110514,-4.1847041847042
601766.SH,中国中车,20110513,-4.1847041847042
601766.SH,中国中车,20110512,-4.1847041847042
601766.SH,中国中车,20110511,-4.1847041847042
601766.SH,中国中车,20110510,-4.1847041847042
601766.SH,中国中车,20110509,-4.1847041847042
601766.SH,中国中车,20110508,-4.1847041847042
601766.SH,中国中车,20110507,-4.1847041847042
601766.SH,中国中车,20110506,-4.1847041847042
601766.SH,中国中车,20110505,-4.1847041847042
601766.SH,中国中车,20110504,-4.1847041847042
601766.SH,中国中车,20110503,-4.1847041847042
601766.SH,中国中车,20110502,-4.1847041847042
601766.SH,中国中车,20110501,-4.1847041847042
601766.SH,中国中车,20110430,-4.016620498615
601766.SH,中国中车,20110429,-4.016620498615
601766.SH,中国中车,20110428,-4.016620498615
601766.SH,中国中车,20110427,-4.016620498615
601766.SH,中国中车,20110426,-4.016620498615
601766.SH,中国中车,20110425,-4.016620498615
601766.SH,中国中车,20110424,-4.016620498615
601766.SH,中国中车,20110423,-4.016620498615
601766.SH,中国中车,20110422,-4.016620498615
601766.SH,中国中车,20110421,-4.016620498615
601766.SH,中国中车,20110420,-4.016620498615
601766.SH,中国中车,20110419,-4.016620498615
601766.SH,中国中车,20110418,-4.016620498615
601766.SH,中国中车,20110417,-4.016620498615
601766.SH,中国中车,20110416,-4.016620498615
601766.SH,中国中车,20110415,-4.016620498615
601766.SH,中国中车,20110414,-4.016620498615
601766.SH,中国中车,20110413,-4.016620498615
601766.SH,中国中车,20110412,-4.016620498615
601766.SH,中国中车,20110411,-4.016620498615
601766.SH,中国中车,20110410,-4.016620498615
601766.SH,中国中车,20110409,-4.016620498615
601766.SH,中国中车,20110408,-4.016620498615
601766.SH,中国中车,20110407,-4.016620498615
601766.SH,中国中车,20110406,-4.016620498615
601766.SH,中国中车,20110405,-4.016620498615
601766.SH,中国中车,20110404,-4.016620498615
601766.SH,中国中车,20110403,-4.016620498615
601766.SH,中国中车,20110402,-4.016620498615
601766.SH,中国中车,20110401,-4.016620498615
601766.SH,中国中车,20110331,-11.519607843137
601766.SH,中国中车,20110330,-11.519607843137
601766.SH,中国中车,20110329,-11.519607843137
601766.SH,中国中车,20110328,-11.519607843137
601766.SH,中国中车,20110327,-11.519607843137
601766.SH,中国中车,20110326,-11.519607843137
601766.SH,中国中车,20110325,-11.519607843137
601766.SH,中国中车,20110324,-11.519607843137
601766.SH,中国中车,20110323,-11.519607843137
601766.SH,中国中车,20110322,-11.519607843137
601766.SH,中国中车,20110321,-11.519607843137
601766.SH,中国中车,20110320,-11.519607843137
601766.SH,中国中车,20110319,-11.519607843137
601766.SH,中国中车,20110318,-11.519607843137
601766.SH,中国中车,20110317,-11.519607843137
601766.SH,中国中车,20110316,-11.519607843137
601766.SH,中国中车,20110315,-11.519607843137
601766.SH,中国中车,20110314,-11.519607843137
601766.SH,中国中车,20110313,-11.519607843137
601766.SH,中国中车,20110312,-11.519607843137
601766.SH,中国中车,20110311,-11.519607843137
601766.SH,中国中车,20110310,-11.519607843137
601766.SH,中国中车,20110309,-11.519607843137
601766.SH,中国中车,20110308,-11.519607843137
601766.SH,中国中车,20110307,-11.519607843137
601766.SH,中国中车,20110306,-11.519607843137
601766.SH,中国中车,20110305,-11.519607843137
601766.SH,中国中车,20110304,-11.519607843137
601766.SH,中国中车,20110303,-11.519607843137
601766.SH,中国中车,20110302,-11.519607843137
601766.SH,中国中车,20110301,-11.519607843137
601766.SH,中国中车,20110228,-10.033076074972
601766.SH,中国中车,20110227,-10.033076074972
601766.SH,中国中车,20110226,-10.033076074972
601766.SH,中国中车,20110225,-10.033076074972
601766.SH,中国中车,20110224,-10.033076074972
601766.SH,中国中车,20110223,-10.033076074972
601766.SH,中国中车,20110222,-10.033076074972
601766.SH,中国中车,20110221,-10.033076074972
601766.SH,中国中车,20110220,-10.033076074972
601766.SH,中国中车,20110219,-10.033076074972
601766.SH,中国中车,20110218,-10.033076074972
601766.SH,中国中车,20110217,-10.033076074972
601766.SH,中国中车,20110216,-10.033076074972
601766.SH,中国中车,20110215,-10.033076074972
601766.SH,中国中车,20110214,-10.033076074972
601766.SH,中国中车,20110213,-10.033076074972
601766.SH,中国中车,20110212,-10.033076074972
601766.SH,中国中车,20110211,-10.033076074972
601766.SH,中国中车,20110210,-10.033076074972
601766.SH,中国中车,20110209,-10.033076074972
601766.SH,中国中车,20110208,-10.033076074972
601766.SH,中国中车,20110207,-10.033076074972
601766.SH,中国中车,20110206,-10.033076074972
601766.SH,中国中车,20110205,-10.033076074972
601766.SH,中国中车,20110204,-10.033076074972
601766.SH,中国中车,20110203,-10.033076074972
601766.SH,中国中车,20110202,-10.033076074972
601766.SH,中国中车,20110201,-10.033076074972
601766.SH,中国中车,20110131,20.132450331126
601766.SH,中国中车,20110130,20.132450331126
601766.SH,中国中车,20110129,20.132450331126
601766.SH,中国中车,20110128,20.132450331126
601766.SH,中国中车,20110127,20.132450331126
601766.SH,中国中车,20110126,20.132450331126
601766.SH,中国中车,20110125,20.132450331126
601766.SH,中国中车,20110124,20.132450331126
601766.SH,中国中车,20110123,20.132450331126
601766.SH,中国中车,20110122,20.132450331126
601766.SH,中国中车,20110121,20.132450331126
601766.SH,中国中车,20110120,20.132450331126
601766.SH,中国中车,20110119,20.132450331126
601766.SH,中国中车,20110118,20.132450331126
601766.SH,中国中车,20110117,20.132450331126
601766.SH,中国中车,20110116,20.132450331126
601766.SH,中国中车,20110115,20.132450331126
601766.SH,中国中车,20110114,20.132450331126
601766.SH,中国中车,20110113,20.132450331126
601766.SH,中国中车,20110112,20.132450331126
601766.SH,中国中车,20110111,20.132450331126
601766.SH,中国中车,20110110,20.132450331126
601766.SH,中国中车,20110109,20.132450331126
601766.SH,中国中车,20110108,20.132450331126
601766.SH,中国中车,20110107,20.132450331126
601766.SH,中国中车,20110106,20.132450331126
601766.SH,中国中车,20110105,20.132450331126
601766.SH,中国中车,20110104,20.132450331126
601766.SH,中国中车,20110103,20.132450331126
601766.SH,中国中车,20110102,20.132450331126
601766.SH,中国中车,20110101,20.132450331126
601766.SH,中国中车,20101231,10.86637298091
601766.SH,中国中车,20101230,10.86637298091
601766.SH,中国中车,20101229,10.86637298091
601766.SH,中国中车,20101228,10.86637298091
601766.SH,中国中车,20101227,10.86637298091
601766.SH,中国中车,20101226,10.86637298091
601766.SH,中国中车,20101225,10.86637298091
601766.SH,中国中车,20101224,10.86637298091
601766.SH,中国中车,20101223,10.86637298091
601766.SH,中国中车,20101222,10.86637298091
601766.SH,中国中车,20101221,10.86637298091
601766.SH,中国中车,20101220,10.86637298091
601766.SH,中国中车,20101219,10.86637298091
601766.SH,中国中车,20101218,10.86637298091
601766.SH,中国中车,20101217,10.86637298091
601766.SH,中国中车,20101216,10.86637298091
601766.SH,中国中车,20101215,10.86637298091
601766.SH,中国中车,20101214,10.86637298091
601766.SH,中国中车,20101213,10.86637298091
601766.SH,中国中车,20101212,10.86637298091
601766.SH,中国中车,20101211,10.86637298091
601766.SH,中国中车,20101210,10.86637298091
601766.SH,中国中车,20101209,10.86637298091
601766.SH,中国中车,20101208,10.86637298091
601766.SH,中国中车,20101207,10.86637298091
601766.SH,中国中车,20101206,10.86637298091
601766.SH,中国中车,20101205,10.86637298091
601766.SH,中国中车,20101204,10.86637298091
601766.SH,中国中车,20101203,10.86637298091
601766.SH,中国中车,20101202,10.86637298091
601766.SH,中国中车,20101201,10.86637298091
601766.SH,中国中车,20101130,13.879598662207
601766.SH,中国中车,20101129,13.879598662207
601766.SH,中国中车,20101128,13.879598662207
601766.SH,中国中车,20101127,13.879598662207
601766.SH,中国中车,20101126,13.879598662207
601766.SH,中国中车,20101125,13.879598662207
601766.SH,中国中车,20101124,13.879598662207
601766.SH,中国中车,20101123,13.879598662207
601766.SH,中国中车,20101122,13.879598662207
601766.SH,中国中车,20101121,13.879598662207
601766.SH,中国中车,20101120,13.879598662207
601766.SH,中国中车,20101119,13.879598662207
601766.SH,中国中车,20101118,13.879598662207
601766.SH,中国中车,20101117,13.879598662207
601766.SH,中国中车,20101116,13.879598662207
601766.SH,中国中车,20101115,13.879598662207
601766.SH,中国中车,20101114,13.879598662207
601766.SH,中国中车,20101113,13.879598662207
601766.SH,中国中车,20101112,13.879598662207
601766.SH,中国中车,20101111,13.879598662207
601766.SH,中国中车,20101110,13.879598662207
601766.SH,中国中车,20101109,13.879598662207
601766.SH,中国中车,20101108,13.879598662207
601766.SH,中国中车,20101107,13.879598662207
601766.SH,中国中车,20101106,13.879598662207
601766.SH,中国中车,20101105,13.879598662207
601766.SH,中国中车,20101104,13.879598662207
601766.SH,中国中车,20101103,13.879598662207
601766.SH,中国中车,20101102,13.879598662207
601766.SH,中国中车,20101101,13.879598662207
601766.SH,中国中车,20101031,4.7285464098074
601766.SH,中国中车,20101030,4.7285464098074
601766.SH,中国中车,20101029,4.7285464098074
601766.SH,中国中车,20101028,4.7285464098074
601766.SH,中国中车,20101027,4.7285464098074
601766.SH,中国中车,20101026,4.7285464098074
601766.SH,中国中车,20101025,4.7285464098074
601766.SH,中国中车,20101024,4.7285464098074
601766.SH,中国中车,20101023,4.7285464098074
601766.SH,中国中车,20101022,4.7285464098074
601766.SH,中国中车,20101021,4.7285464098074
601766.SH,中国中车,20101020,4.7285464098074
601766.SH,中国中车,20101019,4.7285464098074
601766.SH,中国中车,20101018,4.7285464098074
601766.SH,中国中车,20101017,4.7285464098074
601766.SH,中国中车,20101016,4.7285464098074
601766.SH,中国中车,20101015,4.7285464098074
601766.SH,中国中车,20101014,4.7285464098074
601766.SH,中国中车,20101013,4.7285464098074
601766.SH,中国中车,20101012,4.7285464098074
601766.SH,中国中车,20101011,4.7285464098074
601766.SH,中国中车,20101010,4.7285464098074
601766.SH,中国中车,20101009,4.7285464098074
601766.SH,中国中车,20101008,4.7285464098074
601766.SH,中国中车,20101007,4.7285464098074
601766.SH,中国中车,20101006,4.7285464098074
601766.SH,中国中车,20101005,4.7285464098074
601766.SH,中国中车,20101004,4.7285464098074
601766.SH,中国中车,20101003,4.7285464098074
601766.SH,中国中车,20101002,4.7285464098074
601766.SH,中国中车,20101001,4.7285464098074
601766.SH,中国中车,20100930,11.30604288499
601766.SH,中国中车,20100929,11.30604288499
601766.SH,中国中车,20100928,11.30604288499
601766.SH,中国中车,20100927,11.30604288499
601766.SH,中国中车,20100926,11.30604288499
601766.SH,中国中车,20100925,11.30604288499
601766.SH,中国中车,20100924,11.30604288499
601766.SH,中国中车,20100923,11.30604288499
601766.SH,中国中车,20100922,11.30604288499
601766.SH,中国中车,20100921,11.30604288499
601766.SH,中国中车,20100920,11.30604288499
601766.SH,中国中车,20100919,11.30604288499
601766.SH,中国中车,20100918,11.30604288499
601766.SH,中国中车,20100917,11.30604288499
601766.SH,中国中车,20100916,11.30604288499
601766.SH,中国中车,20100915,11.30604288499
601766.SH,中国中车,20100914,11.30604288499
601766.SH,中国中车,20100913,11.30604288499
601766.SH,中国中车,20100912,11.30604288499
601766.SH,中国中车,20100911,11.30604288499
601766.SH,中国中车,20100910,11.30604288499
601766.SH,中国中车,20100909,11.30604288499
601766.SH,中国中车,20100908,11.30604288499
601766.SH,中国中车,20100907,11.30604288499
601766.SH,中国中车,20100906,11.30604288499
601766.SH,中国中车,20100905,11.30604288499
601766.SH,中国中车,20100904,11.30604288499
601766.SH,中国中车,20100903,11.30604288499
601766.SH,中国中车,20100902,11.30604288499
601766.SH,中国中车,20100901,11.30604288499
601766.SH,中国中车,20100831,-5.0
601766.SH,中国中车,20100830,-5.0
601766.SH,中国中车,20100829,-5.0
601766.SH,中国中车,20100828,-5.0
601766.SH,中国中车,20100827,-5.0
601766.SH,中国中车,20100826,-5.0
601766.SH,中国中车,20100825,-5.0
601766.SH,中国中车,20100824,-5.0
601766.SH,中国中车,20100823,-5.0
601766.SH,中国中车,20100822,-5.0
601766.SH,中国中车,20100821,-5.0
601766.SH,中国中车,20100820,-5.0
601766.SH,中国中车,20100819,-5.0
601766.SH,中国中车,20100818,-5.0
601766.SH,中国中车,20100817,-5.0
601766.SH,中国中车,20100816,-5.0
601766.SH,中国中车,20100815,-5.0
601766.SH,中国中车,20100814,-5.0
601766.SH,中国中车,20100813,-5.0
601766.SH,中国中车,20100812,-5.0
601766.SH,中国中车,20100811,-5.0
601766.SH,中国中车,20100810,-5.0
601766.SH,中国中车,20100809,-5.0
601766.SH,中国中车,20100808,-5.0
601766.SH,中国中车,20100807,-5.0
601766.SH,中国中车,20100806,-5.0
601766.SH,中国中车,20100805,-5.0
601766.SH,中国中车,20100804,-5.0
601766.SH,中国中车,20100803,-5.0
601766.SH,中国中车,20100802,-5.0
601766.SH,中国中车,20100801,-5.0
601766.SH,中国中车,20100731,12.033195020747
601766.SH,中国中车,20100730,12.033195020747
601766.SH,中国中车,20100729,12.033195020747
601766.SH,中国中车,20100728,12.033195020747
601766.SH,中国中车,20100727,12.033195020747
601766.SH,中国中车,20100726,12.033195020747
601766.SH,中国中车,20100725,12.033195020747
601766.SH,中国中车,20100724,12.033195020747
601766.SH,中国中车,20100723,12.033195020747
601766.SH,中国中车,20100722,12.033195020747
601766.SH,中国中车,20100721,12.033195020747
601766.SH,中国中车,20100720,12.033195020747
601766.SH,中国中车,20100719,12.033195020747
601766.SH,中国中车,20100718,12.033195020747
601766.SH,中国中车,20100717,12.033195020747
601766.SH,中国中车,20100716,12.033195020747
601766.SH,中国中车,20100715,12.033195020747
601766.SH,中国中车,20100714,12.033195020747
601766.SH,中国中车,20100713,12.033195020747
601766.SH,中国中车,20100712,12.033195020747
601766.SH,中国中车,20100711,12.033195020747
601766.SH,中国中车,20100710,12.033195020747
601766.SH,中国中车,20100709,12.033195020747
601766.SH,中国中车,20100708,12.033195020747
601766.SH,中国中车,20100707,12.033195020747
601766.SH,中国中车,20100706,12.033195020747
601766.SH,中国中车,20100705,12.033195020747
601766.SH,中国中车,20100704,12.033195020747
601766.SH,中国中车,20100703,12.033195020747
601766.SH,中国中车,20100702,12.033195020747
601766.SH,中国中车,20100701,12.033195020747
601766.SH,中国中车,20100630,-3.2128514056225
601766.SH,中国中车,20100629,-3.2128514056225
601766.SH,中国中车,20100628,-3.2128514056225
601766.SH,中国中车,20100627,-3.2128514056225
601766.SH,中国中车,20100626,-3.2128514056225
601766.SH,中国中车,20100625,-3.2128514056225
601766.SH,中国中车,20100624,-3.2128514056225
601766.SH,中国中车,20100623,-3.2128514056225
601766.SH,中国中车,20100622,-3.2128514056225
601766.SH,中国中车,20100621,-3.2128514056225
601766.SH,中国中车,20100620,-3.2128514056225
601766.SH,中国中车,20100619,-3.2128514056225
601766.SH,中国中车,20100618,-3.2128514056225
601766.SH,中国中车,20100617,-3.2128514056225
601766.SH,中国中车,20100616,-3.2128514056225
601766.SH,中国中车,20100615,-3.2128514056225
601766.SH,中国中车,20100614,-3.2128514056225
601766.SH,中国中车,20100613,-3.2128514056225
601766.SH,中国中车,20100612,-3.2128514056225
601766.SH,中国中车,20100611,-3.2128514056225
601766.SH,中国中车,20100610,-3.2128514056225
601766.SH,中国中车,20100609,-3.2128514056225
601766.SH,中国中车,20100608,-3.2128514056225
601766.SH,中国中车,20100607,-3.2128514056225
601766.SH,中国中车,20100606,-3.2128514056225
601766.SH,中国中车,20100605,-3.2128514056225
601766.SH,中国中车,20100604,-3.2128514056225
601766.SH,中国中车,20100603,-3.2128514056225
601766.SH,中国中车,20100602,-3.2128514056225
601766.SH,中国中车,20100601,-3.2128514056225
601766.SH,中国中车,20100531,-6.390977443609
601766.SH,中国中车,20100530,-6.390977443609
601766.SH,中国中车,20100529,-6.390977443609
601766.SH,中国中车,20100528,-6.390977443609
601766.SH,中国中车,20100527,-6.390977443609
601766.SH,中国中车,20100526,-6.390977443609
601766.SH,中国中车,20100525,-6.390977443609
601766.SH,中国中车,20100524,-6.390977443609
601766.SH,中国中车,20100523,-6.390977443609
601766.SH,中国中车,20100522,-6.390977443609
601766.SH,中国中车,20100521,-6.390977443609
601766.SH,中国中车,20100520,-6.390977443609
601766.SH,中国中车,20100519,-6.390977443609
601766.SH,中国中车,20100518,-6.390977443609
601766.SH,中国中车,20100517,-6.390977443609
601766.SH,中国中车,20100516,-6.390977443609
601766.SH,中国中车,20100515,-6.390977443609
601766.SH,中国中车,20100514,-6.390977443609
601766.SH,中国中车,20100513,-6.390977443609
601766.SH,中国中车,20100512,-6.390977443609
601766.SH,中国中车,20100511,-6.390977443609
601766.SH,中国中车,20100510,-6.390977443609
601766.SH,中国中车,20100509,-6.390977443609
601766.SH,中国中车,20100508,-6.390977443609
601766.SH,中国中车,20100507,-6.390977443609
601766.SH,中国中车,20100506,-6.390977443609
601766.SH,中国中车,20100505,-6.390977443609
601766.SH,中国中车,20100504,-6.390977443609
601766.SH,中国中车,20100503,-6.390977443609
601766.SH,中国中车,20100502,-6.390977443609
601766.SH,中国中车,20100501,-6.390977443609
601766.SH,中国中车,20100430,-4.3165467625899
601766.SH,中国中车,20100429,-4.3165467625899
601766.SH,中国中车,20100428,-4.3165467625899
601766.SH,中国中车,20100427,-4.3165467625899
601766.SH,中国中车,20100426,-4.3165467625899
601766.SH,中国中车,20100425,-4.3165467625899
601766.SH,中国中车,20100424,-4.3165467625899
601766.SH,中国中车,20100423,-4.3165467625899
601766.SH,中国中车,20100422,-4.3165467625899
601766.SH,中国中车,20100421,-4.3165467625899
601766.SH,中国中车,20100420,-4.3165467625899
601766.SH,中国中车,20100419,-4.3165467625899
601766.SH,中国中车,20100418,-4.3165467625899
601766.SH,中国中车,20100417,-4.3165467625899
601766.SH,中国中车,20100416,-4.3165467625899
601766.SH,中国中车,20100415,-4.3165467625899
601766.SH,中国中车,20100414,-4.3165467625899
601766.SH,中国中车,20100413,-4.3165467625899
601766.SH,中国中车,20100412,-4.3165467625899
601766.SH,中国中车,20100411,-4.3165467625899
601766.SH,中国中车,20100410,-4.3165467625899
601766.SH,中国中车,20100409,-4.3165467625899
601766.SH,中国中车,20100408,-4.3165467625899
601766.SH,中国中车,20100407,-4.3165467625899
601766.SH,中国中车,20100406,-4.3165467625899
601766.SH,中国中车,20100405,-4.3165467625899
601766.SH,中国中车,20100404,-4.3165467625899
601766.SH,中国中车,20100403,-4.3165467625899
601766.SH,中国中车,20100402,-4.3165467625899
601766.SH,中国中车,20100401,-4.3165467625899
601766.SH,中国中车,20100331,0.0
601766.SH,中国中车,20100330,0.0
601766.SH,中国中车,20100329,0.0
601766.SH,中国中车,20100328,0.0
601766.SH,中国中车,20100327,0.0
601766.SH,中国中车,20100326,0.0
601766.SH,中国中车,20100325,0.0
601766.SH,中国中车,20100324,0.0
601766.SH,中国中车,20100323,0.0
601766.SH,中国中车,20100322,0.0
601766.SH,中国中车,20100321,0.0
601766.SH,中国中车,20100320,0.0
601766.SH,中国中车,20100319,0.0
601766.SH,中国中车,20100318,0.0
601766.SH,中国中车,20100317,0.0
601766.SH,中国中车,20100316,0.0
601766.SH,中国中车,20100315,0.0
601766.SH,中国中车,20100314,0.0
601766.SH,中国中车,20100313,0.0
601766.SH,中国中车,20100312,0.0
601766.SH,中国中车,20100311,0.0
601766.SH,中国中车,20100310,0.0
601766.SH,中国中车,20100309,0.0
601766.SH,中国中车,20100308,0.0
601766.SH,中国中车,20100307,0.0
601766.SH,中国中车,20100306,0.0
601766.SH,中国中车,20100305,0.0
601766.SH,中国中车,20100304,0.0
601766.SH,中国中车,20100303,0.0
601766.SH,中国中车,20100302,0.0
601766.SH,中国中车,20100301,0.0
601766.SH,中国中车,20100228,2.0183486238532
601766.SH,中国中车,20100227,2.0183486238532
601766.SH,中国中车,20100226,2.0183486238532
601766.SH,中国中车,20100225,2.0183486238532
601766.SH,中国中车,20100224,2.0183486238532
601766.SH,中国中车,20100223,2.0183486238532
601766.SH,中国中车,20100222,2.0183486238532
601766.SH,中国中车,20100221,2.0183486238532
601766.SH,中国中车,20100220,2.0183486238532
601766.SH,中国中车,20100219,2.0183486238532
601766.SH,中国中车,20100218,2.0183486238532
601766.SH,中国中车,20100217,2.0183486238532
601766.SH,中国中车,20100216,2.0183486238532
601766.SH,中国中车,20100215,2.0183486238532
601766.SH,中国中车,20100214,2.0183486238532
601766.SH,中国中车,20100213,2.0183486238532
601766.SH,中国中车,20100212,2.0183486238532
601766.SH,中国中车,20100211,2.0183486238532
601766.SH,中国中车,20100210,2.0183486238532
601766.SH,中国中车,20100209,2.0183486238532
601766.SH,中国中车,20100208,2.0183486238532
601766.SH,中国中车,20100207,2.0183486238532
601766.SH,中国中车,20100206,2.0183486238532
601766.SH,中国中车,20100205,2.0183486238532
601766.SH,中国中车,20100204,2.0183486238532
601766.SH,中国中车,20100203,2.0183486238532
601766.SH,中国中车,20100202,2.0183486238532
601766.SH,中国中车,20100201,2.0183486238532
601766.SH,中国中车,20100131,-4.2179261862917
601766.SH,中国中车,20100130,-4.2179261862917
601766.SH,中国中车,20100129,-4.2179261862917
601766.SH,中国中车,20100128,-4.2179261862917
601766.SH,中国中车,20100127,-4.2179261862917
601766.SH,中国中车,20100126,-4.2179261862917
601766.SH,中国中车,20100125,-4.2179261862917
601766.SH,中国中车,20100124,-4.2179261862917
601766.SH,中国中车,20100123,-4.2179261862917
601766.SH,中国中车,20100122,-4.2179261862917
601766.SH,中国中车,20100121,-4.2179261862917
601766.SH,中国中车,20100120,-4.2179261862917
601766.SH,中国中车,20100119,-4.2179261862917
601766.SH,中国中车,20100118,-4.2179261862917
601766.SH,中国中车,20100117,-4.2179261862917
601766.SH,中国中车,20100116,-4.2179261862917
601766.SH,中国中车,20100115,-4.2179261862917
601766.SH,中国中车,20100114,-4.2179261862917
601766.SH,中国中车,20100113,-4.2179261862917
601766.SH,中国中车,20100112,-4.2179261862917
601766.SH,中国中车,20100111,-4.2179261862917
601766.SH,中国中车,20100110,-4.2179261862917
601766.SH,中国中车,20100109,-4.2179261862917
601766.SH,中国中车,20100108,-4.2179261862917
601766.SH,中国中车,20100107,-4.2179261862917
601766.SH,中国中车,20100106,-4.2179261862917
601766.SH,中国中车,20100105,-4.2179261862917
601766.SH,中国中车,20100104,-4.2179261862917
601766.SH,中国中车,20100103,-4.2179261862917
601766.SH,中国中车,20100102,-4.2179261862917
601766.SH,中国中车,20100101,-4.2179261862917
601766.SH,中国中车,20091231,-2.901023890785
601766.SH,中国中车,20091230,-2.901023890785
601766.SH,中国中车,20091229,-2.901023890785
601766.SH,中国中车,20091228,-2.901023890785
601766.SH,中国中车,20091227,-2.901023890785
601766.SH,中国中车,20091226,-2.901023890785
601766.SH,中国中车,20091225,-2.901023890785
601766.SH,中国中车,20091224,-2.901023890785
601766.SH,中国中车,20091223,-2.901023890785
601766.SH,中国中车,20091222,-2.901023890785
601766.SH,中国中车,20091221,-2.901023890785
601766.SH,中国中车,20091220,-2.901023890785
601766.SH,中国中车,20091219,-2.901023890785
601766.SH,中国中车,20091218,-2.901023890785
601766.SH,中国中车,20091217,-2.901023890785
601766.SH,中国中车,20091216,-2.901023890785
601766.SH,中国中车,20091215,-2.901023890785
601766.SH,中国中车,20091214,-2.901023890785
601766.SH,中国中车,20091213,-2.901023890785
601766.SH,中国中车,20091212,-2.901023890785
601766.SH,中国中车,20091211,-2.901023890785
601766.SH,中国中车,20091210,-2.901023890785
601766.SH,中国中车,20091209,-2.901023890785
601766.SH,中国中车,20091208,-2.901023890785
601766.SH,中国中车,20091207,-2.901023890785
601766.SH,中国中车,20091206,-2.901023890785
601766.SH,中国中车,20091205,-2.901023890785
601766.SH,中国中车,20091204,-2.901023890785
601766.SH,中国中车,20091203,-2.901023890785
601766.SH,中国中车,20091202,-2.901023890785
601766.SH,中国中车,20091201,-2.901023890785
601766.SH,中国中车,20091130,27.114967462039
601766.SH,中国中车,20091129,27.114967462039
601766.SH,中国中车,20091128,27.114967462039
601766.SH,中国中车,20091127,27.114967462039
601766.SH,中国中车,20091126,27.114967462039
601766.SH,中国中车,20091125,27.114967462039
601766.SH,中国中车,20091124,27.114967462039
601766.SH,中国中车,20091123,27.114967462039
601766.SH,中国中车,20091122,27.114967462039
601766.SH,中国中车,20091121,27.114967462039
601766.SH,中国中车,20091120,27.114967462039
601766.SH,中国中车,20091119,27.114967462039
601766.SH,中国中车,20091118,27.114967462039
601766.SH,中国中车,20091117,27.114967462039
601766.SH,中国中车,20091116,27.114967462039
601766.SH,中国中车,20091115,27.114967462039
601766.SH,中国中车,20091114,27.114967462039
601766.SH,中国中车,20091113,27.114967462039
601766.SH,中国中车,20091112,27.114967462039
601766.SH,中国中车,20091111,27.114967462039
601766.SH,中国中车,20091110,27.114967462039
601766.SH,中国中车,20091109,27.114967462039
601766.SH,中国中车,20091108,27.114967462039
601766.SH,中国中车,20091107,27.114967462039
601766.SH,中国中车,20091106,27.114967462039
601766.SH,中国中车,20091105,27.114967462039
601766.SH,中国中车,20091104,27.114967462039
601766.SH,中国中车,20091103,27.114967462039
601766.SH,中国中车,20091102,27.114967462039
601766.SH,中国中车,20091101,27.114967462039
601766.SH,中国中车,20091031,1.9911504424779
601766.SH,中国中车,20091030,1.9911504424779
601766.SH,中国中车,20091029,1.9911504424779
601766.SH,中国中车,20091028,1.9911504424779
601766.SH,中国中车,20091027,1.9911504424779
601766.SH,中国中车,20091026,1.9911504424779
601766.SH,中国中车,20091025,1.9911504424779
601766.SH,中国中车,20091024,1.9911504424779
601766.SH,中国中车,20091023,1.9911504424779
601766.SH,中国中车,20091022,1.9911504424779
601766.SH,中国中车,20091021,1.9911504424779
601766.SH,中国中车,20091020,1.9911504424779
601766.SH,中国中车,20091019,1.9911504424779
601766.SH,中国中车,20091018,1.9911504424779
601766.SH,中国中车,20091017,1.9911504424779
601766.SH,中国中车,20091016,1.9911504424779
601766.SH,中国中车,20091015,1.9911504424779
601766.SH,中国中车,20091014,1.9911504424779
601766.SH,中国中车,20091013,1.9911504424779
601766.SH,中国中车,20091012,1.9911504424779
601766.SH,中国中车,20091011,1.9911504424779
601766.SH,中国中车,20091010,1.9911504424779
601766.SH,中国中车,20091009,1.9911504424779
601766.SH,中国中车,20091008,1.9911504424779
601766.SH,中国中车,20091007,1.9911504424779
601766.SH,中国中车,20091006,1.9911504424779
601766.SH,中国中车,20091005,1.9911504424779
601766.SH,中国中车,20091004,1.9911504424779
601766.SH,中国中车,20091003,1.9911504424779
601766.SH,中国中车,20091002,1.9911504424779
601766.SH,中国中车,20091001,1.9911504424779
601766.SH,中国中车,20090930,0.66815144766146
601766.SH,中国中车,20090929,0.66815144766146
601766.SH,中国中车,20090928,0.66815144766146
601766.SH,中国中车,20090927,0.66815144766146
601766.SH,中国中车,20090926,0.66815144766146
601766.SH,中国中车,20090925,0.66815144766146
601766.SH,中国中车,20090924,0.66815144766146
601766.SH,中国中车,20090923,0.66815144766146
601766.SH,中国中车,20090922,0.66815144766146
601766.SH,中国中车,20090921,0.66815144766146
601766.SH,中国中车,20090920,0.66815144766146
601766.SH,中国中车,20090919,0.66815144766146
601766.SH,中国中车,20090918,0.66815144766146
601766.SH,中国中车,20090917,0.66815144766146
601766.SH,中国中车,20090916,0.66815144766146
601766.SH,中国中车,20090915,0.66815144766146
601766.SH,中国中车,20090914,0.66815144766146
601766.SH,中国中车,20090913,0.66815144766146
601766.SH,中国中车,20090912,0.66815144766146
601766.SH,中国中车,20090911,0.66815144766146
601766.SH,中国中车,20090910,0.66815144766146
601766.SH,中国中车,20090909,0.66815144766146
601766.SH,中国中车,20090908,0.66815144766146
601766.SH,中国中车,20090907,0.66815144766146
601766.SH,中国中车,20090906,0.66815144766146
601766.SH,中国中车,20090905,0.66815144766146
601766.SH,中国中车,20090904,0.66815144766146
601766.SH,中国中车,20090903,0.66815144766146
601766.SH,中国中车,20090902,0.66815144766146
601766.SH,中国中车,20090901,0.66815144766146
601766.SH,中国中车,20090831,-19.821428571429
601766.SH,中国中车,20090830,-19.821428571429
601766.SH,中国中车,20090829,-19.821428571429
601766.SH,中国中车,20090828,-19.821428571429
601766.SH,中国中车,20090827,-19.821428571429
601766.SH,中国中车,20090826,-19.821428571429
601766.SH,中国中车,20090825,-19.821428571429
601766.SH,中国中车,20090824,-19.821428571429
601766.SH,中国中车,20090823,-19.821428571429
601766.SH,中国中车,20090822,-19.821428571429
601766.SH,中国中车,20090821,-19.821428571429
601766.SH,中国中车,20090820,-19.821428571429
601766.SH,中国中车,20090819,-19.821428571429
601766.SH,中国中车,20090818,-19.821428571429
601766.SH,中国中车,20090817,-19.821428571429
601766.SH,中国中车,20090816,-19.821428571429
601766.SH,中国中车,20090815,-19.821428571429
601766.SH,中国中车,20090814,-19.821428571429
601766.SH,中国中车,20090813,-19.821428571429
601766.SH,中国中车,20090812,-19.821428571429
601766.SH,中国中车,20090811,-19.821428571429
601766.SH,中国中车,20090810,-19.821428571429
601766.SH,中国中车,20090809,-19.821428571429
601766.SH,中国中车,20090808,-19.821428571429
601766.SH,中国中车,20090807,-19.821428571429
601766.SH,中国中车,20090806,-19.821428571429
601766.SH,中国中车,20090805,-19.821428571429
601766.SH,中国中车,20090804,-19.821428571429
601766.SH,中国中车,20090803,-19.821428571429
601766.SH,中国中车,20090802,-19.821428571429
601766.SH,中国中车,20090801,-19.821428571429
601766.SH,中国中车,20090731,5.8601134215501
601766.SH,中国中车,20090730,5.8601134215501
601766.SH,中国中车,20090729,5.8601134215501
601766.SH,中国中车,20090728,5.8601134215501
601766.SH,中国中车,20090727,5.8601134215501
601766.SH,中国中车,20090726,5.8601134215501
601766.SH,中国中车,20090725,5.8601134215501
601766.SH,中国中车,20090724,5.8601134215501
601766.SH,中国中车,20090723,5.8601134215501
601766.SH,中国中车,20090722,5.8601134215501
601766.SH,中国中车,20090721,5.8601134215501
601766.SH,中国中车,20090720,5.8601134215501
601766.SH,中国中车,20090719,5.8601134215501
601766.SH,中国中车,20090718,5.8601134215501
601766.SH,中国中车,20090717,5.8601134215501
601766.SH,中国中车,20090716,5.8601134215501
601766.SH,中国中车,20090715,5.8601134215501
601766.SH,中国中车,20090714,5.8601134215501
601766.SH,中国中车,20090713,5.8601134215501
601766.SH,中国中车,20090712,5.8601134215501
601766.SH,中国中车,20090711,5.8601134215501
601766.SH,中国中车,20090710,5.8601134215501
601766.SH,中国中车,20090709,5.8601134215501
601766.SH,中国中车,20090708,5.8601134215501
601766.SH,中国中车,20090707,5.8601134215501
601766.SH,中国中车,20090706,5.8601134215501
601766.SH,中国中车,20090705,5.8601134215501
601766.SH,中国中车,20090704,5.8601134215501
601766.SH,中国中车,20090703,5.8601134215501
601766.SH,中国中车,20090702,5.8601134215501
601766.SH,中国中车,20090701,5.8601134215501
601766.SH,中国中车,20090630,15.0
601766.SH,中国中车,20090629,15.0
601766.SH,中国中车,20090628,15.0
601766.SH,中国中车,20090627,15.0
601766.SH,中国中车,20090626,15.0
601766.SH,中国中车,20090625,15.0
601766.SH,中国中车,20090624,15.0
601766.SH,中国中车,20090623,15.0
601766.SH,中国中车,20090622,15.0
601766.SH,中国中车,20090621,15.0
601766.SH,中国中车,20090620,15.0
601766.SH,中国中车,20090619,15.0
601766.SH,中国中车,20090618,15.0
601766.SH,中国中车,20090617,15.0
601766.SH,中国中车,20090616,15.0
601766.SH,中国中车,20090615,15.0
601766.SH,中国中车,20090614,15.0
601766.SH,中国中车,20090613,15.0
601766.SH,中国中车,20090612,15.0
601766.SH,中国中车,20090611,15.0
601766.SH,中国中车,20090610,15.0
601766.SH,中国中车,20090609,15.0
601766.SH,中国中车,20090608,15.0
601766.SH,中国中车,20090607,15.0
601766.SH,中国中车,20090606,15.0
601766.SH,中国中车,20090605,15.0
601766.SH,中国中车,20090604,15.0
601766.SH,中国中车,20090603,15.0
601766.SH,中国中车,20090602,15.0
601766.SH,中国中车,20090601,15.0
601766.SH,中国中车,20090531,4.3083900226757
601766.SH,中国中车,20090530,4.3083900226757
601766.SH,中国中车,20090529,4.3083900226757
601766.SH,中国中车,20090528,4.3083900226757
601766.SH,中国中车,20090527,4.3083900226757
601766.SH,中国中车,20090526,4.3083900226757
601766.SH,中国中车,20090525,4.3083900226757
601766.SH,中国中车,20090524,4.3083900226757
601766.SH,中国中车,20090523,4.3083900226757
601766.SH,中国中车,20090522,4.3083900226757
601766.SH,中国中车,20090521,4.3083900226757
601766.SH,中国中车,20090520,4.3083900226757
601766.SH,中国中车,20090519,4.3083900226757
601766.SH,中国中车,20090518,4.3083900226757
601766.SH,中国中车,20090517,4.3083900226757
601766.SH,中国中车,20090516,4.3083900226757
601766.SH,中国中车,20090515,4.3083900226757
601766.SH,中国中车,20090514,4.3083900226757
601766.SH,中国中车,20090513,4.3083900226757
601766.SH,中国中车,20090512,4.3083900226757
601766.SH,中国中车,20090511,4.3083900226757
601766.SH,中国中车,20090510,4.3083900226757
601766.SH,中国中车,20090509,4.3083900226757
601766.SH,中国中车,20090508,4.3083900226757
601766.SH,中国中车,20090507,4.3083900226757
601766.SH,中国中车,20090506,4.3083900226757
601766.SH,中国中车,20090505,4.3083900226757
601766.SH,中国中车,20090504,4.3083900226757
601766.SH,中国中车,20090503,4.3083900226757
601766.SH,中国中车,20090502,4.3083900226757
601766.SH,中国中车,20090501,4.3083900226757
601766.SH,中国中车,20090430,0.22727272727272
601766.SH,中国中车,20090429,0.22727272727272
601766.SH,中国中车,20090428,0.22727272727272
601766.SH,中国中车,20090427,0.22727272727272
601766.SH,中国中车,20090426,0.22727272727272
601766.SH,中国中车,20090425,0.22727272727272
601766.SH,中国中车,20090424,0.22727272727272
601766.SH,中国中车,20090423,0.22727272727272
601766.SH,中国中车,20090422,0.22727272727272
601766.SH,中国中车,20090421,0.22727272727272
601766.SH,中国中车,20090420,0.22727272727272
601766.SH,中国中车,20090419,0.22727272727272
601766.SH,中国中车,20090418,0.22727272727272
601766.SH,中国中车,20090417,0.22727272727272
601766.SH,中国中车,20090416,0.22727272727272
601766.SH,中国中车,20090415,0.22727272727272
601766.SH,中国中车,20090414,0.22727272727272
601766.SH,中国中车,20090413,0.22727272727272
601766.SH,中国中车,20090412,0.22727272727272
601766.SH,中国中车,20090411,0.22727272727272
601766.SH,中国中车,20090410,0.22727272727272
601766.SH,中国中车,20090409,0.22727272727272
601766.SH,中国中车,20090408,0.22727272727272
601766.SH,中国中车,20090407,0.22727272727272
601766.SH,中国中车,20090406,0.22727272727272
601766.SH,中国中车,20090405,0.22727272727272
601766.SH,中国中车,20090404,0.22727272727272
601766.SH,中国中车,20090403,0.22727272727272
601766.SH,中国中车,20090402,0.22727272727272
601766.SH,中国中车,20090401,0.22727272727272
601766.SH,中国中车,20090331,-0.67720090293452
601766.SH,中国中车,20090330,-0.67720090293452
601766.SH,中国中车,20090329,-0.67720090293452
601766.SH,中国中车,20090328,-0.67720090293452
601766.SH,中国中车,20090327,-0.67720090293452
601766.SH,中国中车,20090326,-0.67720090293452
601766.SH,中国中车,20090325,-0.67720090293452
601766.SH,中国中车,20090324,-0.67720090293452
601766.SH,中国中车,20090323,-0.67720090293452
601766.SH,中国中车,20090322,-0.67720090293452
601766.SH,中国中车,20090321,-0.67720090293452
601766.SH,中国中车,20090320,-0.67720090293452
601766.SH,中国中车,20090319,-0.67720090293452
601766.SH,中国中车,20090318,-0.67720090293452
601766.SH,中国中车,20090317,-0.67720090293452
601766.SH,中国中车,20090316,-0.67720090293452
601766.SH,中国中车,20090315,-0.67720090293452
601766.SH,中国中车,20090314,-0.67720090293452
601766.SH,中国中车,20090313,-0.67720090293452
601766.SH,中国中车,20090312,-0.67720090293452
601766.SH,中国中车,20090311,-0.67720090293452
601766.SH,中国中车,20090310,-0.67720090293452
601766.SH,中国中车,20090309,-0.67720090293452
601766.SH,中国中车,20090308,-0.67720090293452
601766.SH,中国中车,20090307,-0.67720090293452
601766.SH,中国中车,20090306,-0.67720090293452
601766.SH,中国中车,20090305,-0.67720090293452
601766.SH,中国中车,20090304,-0.67720090293452
601766.SH,中国中车,20090303,-0.67720090293452
601766.SH,中国中车,20090302,-0.67720090293452
601766.SH,中国中车,20090301,-0.67720090293452
601766.SH,中国中车,20090228,3.0232558139535
601766.SH,中国中车,20090227,3.0232558139535
601766.SH,中国中车,20090226,3.0232558139535
601766.SH,中国中车,20090225,3.0232558139535
601766.SH,中国中车,20090224,3.0232558139535
601766.SH,中国中车,20090223,3.0232558139535
601766.SH,中国中车,20090222,3.0232558139535
601766.SH,中国中车,20090221,3.0232558139535
601766.SH,中国中车,20090220,3.0232558139535
601766.SH,中国中车,20090219,3.0232558139535
601766.SH,中国中车,20090218,3.0232558139535
601766.SH,中国中车,20090217,3.0232558139535
601766.SH,中国中车,20090216,3.0232558139535
601766.SH,中国中车,20090215,3.0232558139535
601766.SH,中国中车,20090214,3.0232558139535
601766.SH,中国中车,20090213,3.0232558139535
601766.SH,中国中车,20090212,3.0232558139535
601766.SH,中国中车,20090211,3.0232558139535
601766.SH,中国中车,20090210,3.0232558139535
601766.SH,中国中车,20090209,3.0232558139535
601766.SH,中国中车,20090208,3.0232558139535
601766.SH,中国中车,20090207,3.0232558139535
601766.SH,中国中车,20090206,3.0232558139535
601766.SH,中国中车,20090205,3.0232558139535
601766.SH,中国中车,20090204,3.0232558139535
601766.SH,中国中车,20090203,3.0232558139535
601766.SH,中国中车,20090202,3.0232558139535
601766.SH,中国中车,20090201,3.0232558139535
601766.SH,中国中车,20090131,-0.23201856148491
601766.SH,中国中车,20090130,-0.23201856148491
601766.SH,中国中车,20090129,-0.23201856148491
601766.SH,中国中车,20090128,-0.23201856148491
601766.SH,中国中车,20090127,-0.23201856148491
601766.SH,中国中车,20090126,-0.23201856148491
601766.SH,中国中车,20090125,-0.23201856148491
601766.SH,中国中车,20090124,-0.23201856148491
601766.SH,中国中车,20090123,-0.23201856148491
601766.SH,中国中车,20090122,-0.23201856148491
601766.SH,中国中车,20090121,-0.23201856148491
601766.SH,中国中车,20090120,-0.23201856148491
601766.SH,中国中车,20090119,-0.23201856148491
601766.SH,中国中车,20090118,-0.23201856148491
601766.SH,中国中车,20090117,-0.23201856148491
601766.SH,中国中车,20090116,-0.23201856148491
601766.SH,中国中车,20090115,-0.23201856148491
601766.SH,中国中车,20090114,-0.23201856148491
601766.SH,中国中车,20090113,-0.23201856148491
601766.SH,中国中车,20090112,-0.23201856148491
601766.SH,中国中车,20090111,-0.23201856148491
601766.SH,中国中车,20090110,-0.23201856148491
601766.SH,中国中车,20090109,-0.23201856148491
601766.SH,中国中车,20090108,-0.23201856148491
601766.SH,中国中车,20090107,-0.23201856148491
601766.SH,中国中车,20090106,-0.23201856148491
601766.SH,中国中车,20090105,-0.23201856148491
601766.SH,中国中车,20090104,-0.23201856148491
601766.SH,中国中车,20090103,-0.23201856148491
601766.SH,中国中车,20090102,-0.23201856148491
601766.SH,中国中车,20090101,-0.23201856148491
601766.SH,中国中车,20081231,4.3583535108959
601766.SH,中国中车,20081230,4.3583535108959
601766.SH,中国中车,20081229,4.3583535108959
601766.SH,中国中车,20081228,4.3583535108959
601766.SH,中国中车,20081227,4.3583535108959
601766.SH,中国中车,20081226,4.3583535108959
601766.SH,中国中车,20081225,4.3583535108959
601766.SH,中国中车,20081224,4.3583535108959
601766.SH,中国中车,20081223,4.3583535108959
601766.SH,中国中车,20081222,4.3583535108959
601766.SH,中国中车,20081221,4.3583535108959
601766.SH,中国中车,20081220,4.3583535108959
601766.SH,中国中车,20081219,4.3583535108959
601766.SH,中国中车,20081218,4.3583535108959
601766.SH,中国中车,20081217,4.3583535108959
601766.SH,中国中车,20081216,4.3583535108959
601766.SH,中国中车,20081215,4.3583535108959
601766.SH,中国中车,20081214,4.3583535108959
601766.SH,中国中车,20081213,4.3583535108959
601766.SH,中国中车,20081212,4.3583535108959
601766.SH,中国中车,20081211,4.3583535108959
601766.SH,中国中车,20081210,4.3583535108959
601766.SH,中国中车,20081209,4.3583535108959
601766.SH,中国中车,20081208,4.3583535108959
601766.SH,中国中车,20081207,4.3583535108959
601766.SH,中国中车,20081206,4.3583535108959
601766.SH,中国中车,20081205,4.3583535108959
601766.SH,中国中车,20081204,4.3583535108959
601766.SH,中国中车,20081203,4.3583535108959
601766.SH,中国中车,20081202,4.3583535108959
601766.SH,中国中车,20081201,4.3583535108959
601766.SH,中国中车,20081130,18.338108882521
601766.SH,中国中车,20081129,18.338108882521
601766.SH,中国中车,20081128,18.338108882521
601766.SH,中国中车,20081127,18.338108882521
601766.SH,中国中车,20081126,18.338108882521
601766.SH,中国中车,20081125,18.338108882521
601766.SH,中国中车,20081124,18.338108882521
601766.SH,中国中车,20081123,18.338108882521
601766.SH,中国中车,20081122,18.338108882521
601766.SH,中国中车,20081121,18.338108882521
601766.SH,中国中车,20081120,18.338108882521
601766.SH,中国中车,20081119,18.338108882521
601766.SH,中国中车,20081118,18.338108882521
601766.SH,中国中车,20081117,18.338108882521
601766.SH,中国中车,20081116,18.338108882521
601766.SH,中国中车,20081115,18.338108882521
601766.SH,中国中车,20081114,18.338108882521
601766.SH,中国中车,20081113,18.338108882521
601766.SH,中国中车,20081112,18.338108882521
601766.SH,中国中车,20081111,18.338108882521
601766.SH,中国中车,20081110,18.338108882521
601766.SH,中国中车,20081109,18.338108882521
601766.SH,中国中车,20081108,18.338108882521
601766.SH,中国中车,20081107,18.338108882521
601766.SH,中国中车,20081106,18.338108882521
601766.SH,中国中车,20081105,18.338108882521
601766.SH,中国中车,20081104,18.338108882521
601766.SH,中国中车,20081103,18.338108882521
601766.SH,中国中车,20081102,18.338108882521
601766.SH,中国中车,20081101,18.338108882521
601766.SH,中国中车,20081031,-0.28571428571428
601766.SH,中国中车,20081030,-0.28571428571428
601766.SH,中国中车,20081029,-0.28571428571428
601766.SH,中国中车,20081028,-0.28571428571428
601766.SH,中国中车,20081027,-0.28571428571428
601766.SH,中国中车,20081026,-0.28571428571428
601766.SH,中国中车,20081025,-0.28571428571428
601766.SH,中国中车,20081024,-0.28571428571428
601766.SH,中国中车,20081023,-0.28571428571428
601766.SH,中国中车,20081022,-0.28571428571428
601766.SH,中国中车,20081021,-0.28571428571428
601766.SH,中国中车,20081020,-0.28571428571428
601766.SH,中国中车,20081019,-0.28571428571428
601766.SH,中国中车,20081018,-0.28571428571428
601766.SH,中国中车,20081017,-0.28571428571428
601766.SH,中国中车,20081016,-0.28571428571428
601766.SH,中国中车,20081015,-0.28571428571428
601766.SH,中国中车,20081014,-0.28571428571428
601766.SH,中国中车,20081013,-0.28571428571428
601766.SH,中国中车,20081012,-0.28571428571428
601766.SH,中国中车,20081011,-0.28571428571428
601766.SH,中国中车,20081010,-0.28571428571428
601766.SH,中国中车,20081009,-0.28571428571428
601766.SH,中国中车,20081008,-0.28571428571428
601766.SH,中国中车,20081007,-0.28571428571428
601766.SH,中国中车,20081006,-0.28571428571428
601766.SH,中国中车,20081005,-0.28571428571428
601766.SH,中国中车,20081004,-0.28571428571428
601766.SH,中国中车,20081003,-0.28571428571428
601766.SH,中国中车,20081002,-0.28571428571428
601766.SH,中国中车,20081001,-0.28571428571428
601766.SH,中国中车,20080930,2.3391812865497
601766.SH,中国中车,20080929,2.3391812865497
601766.SH,中国中车,20080928,2.3391812865497
601766.SH,中国中车,20080927,2.3391812865497
601766.SH,中国中车,20080926,2.3391812865497
601766.SH,中国中车,20080925,2.3391812865497
601766.SH,中国中车,20080924,2.3391812865497
601766.SH,中国中车,20080923,2.3391812865497
601766.SH,中国中车,20080922,2.3391812865497
601766.SH,中国中车,20080921,2.3391812865497
601766.SH,中国中车,20080920,2.3391812865497
601766.SH,中国中车,20080919,2.3391812865497
601766.SH,中国中车,20080918,2.3391812865497
601766.SH,中国中车,20080917,2.3391812865497
601766.SH,中国中车,20080916,2.3391812865497
601766.SH,中国中车,20080915,2.3391812865497
601766.SH,中国中车,20080914,2.3391812865497
601766.SH,中国中车,20080913,2.3391812865497
601766.SH,中国中车,20080912,2.3391812865497
601766.SH,中国中车,20080911,2.3391812865497
601766.SH,中国中车,20080910,2.3391812865497
601766.SH,中国中车,20080909,2.3391812865497
601766.SH,中国中车,20080908,2.3391812865497
601766.SH,中国中车,20080907,2.3391812865497
601766.SH,中国中车,20080906,2.3391812865497
601766.SH,中国中车,20080905,2.3391812865497
601766.SH,中国中车,20080904,2.3391812865497
601766.SH,中国中车,20080903,2.3391812865497
601766.SH,中国中车,20080902,2.3391812865497
601766.SH,中国中车,20080901,2.3391812865497
601766.SH,中国中车,20080831,56.880733944954
601766.SH,中国中车,20080830,56.880733944954
601766.SH,中国中车,20080829,56.880733944954
601766.SH,中国中车,20080828,56.880733944954
601766.SH,中国中车,20080827,56.880733944954
601766.SH,中国中车,20080826,56.880733944954
601766.SH,中国中车,20080825,56.880733944954
601766.SH,中国中车,20080824,56.880733944954
601766.SH,中国中车,20080823,56.880733944954
601766.SH,中国中车,20080822,56.880733944954
601766.SH,中国中车,20080821,56.880733944954
601766.SH,中国中车,20080820,56.880733944954
601766.SH,中国中车,20080819,56.880733944954
601766.SH,中国中车,20080818,56.880733944954
601766.SH,中国中车,20080817,56.880733944954
601766.SH,中国中车,20080816,56.880733944954
601766.SH,中国中车,20080815,56.880733944954
601766.SH,中国中车,20080814,56.880733944954
601766.SH,中国中车,20080813,56.880733944954
601766.SH,中国中车,20080812,56.880733944954
601766.SH,中国中车,20080811,56.880733944954
601766.SH,中国中车,20080810,56.880733944954
601766.SH,中国中车,20080809,56.880733944954
601766.SH,中国中车,20080808,56.880733944954
601766.SH,中国中车,20080807,56.880733944954
601766.SH,中国中车,20080806,56.880733944954
601766.SH,中国中车,20080805,56.880733944954
601766.SH,中国中车,20080804,56.880733944954
601766.SH,中国中车,20080803,56.880733944954
601766.SH,中国中车,20080802,56.880733944954
601766.SH,中国中车,20080801,56.880733944954
601766.SH,中国中车,20080731,
601766.SH,中国中车,20080730,
601766.SH,中国中车,20080729,
601766.SH,中国中车,20080728,
601766.SH,中国中车,20080727,
601766.SH,中国中车,20080726,
601766.SH,中国中车,20080725,
601766.SH,中国中车,20080724,
601766.SH,中国中车,20080723,
601766.SH,中国中车,20080722,
601766.SH,中国中车,20080721,
601766.SH,中国中车,20080720,
601766.SH,中国中车,20080719,
601766.SH,中国中车,20080718,
601766.SH,中国中车,20080717,
601766.SH,中国中车,20080716,
601766.SH,中国中车,20080715,
601766.SH,中国中车,20080714,
601766.SH,中国中车,20080713,
601766.SH,中国中车,20080712,
601766.SH,中国中车,20080711,
601766.SH,中国中车,20080710,
601766.SH,中国中车,20080709,
601766.SH,中国中车,20080708,
601766.SH,中国中车,20080707,
601766.SH,中国中车,20080706,
601766.SH,中国中车,20080705,
601766.SH,中国中车,20080704,
601766.SH,中国中车,20080703,
601766.SH,中国中车,20080702,
601766.SH,中国中车,20080701,
601766.SH,中国中车,20080630,
601766.SH,中国中车,20080629,
601766.SH,中国中车,20080628,
601766.SH,中国中车,20080627,
601766.SH,中国中车,20080626,
601766.SH,中国中车,20080625,
601766.SH,中国中车,20080624,
601766.SH,中国中车,20080623,
601766.SH,中国中车,20080622,
601766.SH,中国中车,20080621,
601766.SH,中国中车,20080620,
601766.SH,中国中车,20080619,
601766.SH,中国中车,20080618,
601766.SH,中国中车,20080617,
601766.SH,中国中车,20080616,
601766.SH,中国中车,20080615,
601766.SH,中国中车,20080614,
601766.SH,中国中车,20080613,
601766.SH,中国中车,20080612,
601766.SH,中国中车,20080611,
601766.SH,中国中车,20080610,
601766.SH,中国中车,20080609,
601766.SH,中国中车,20080608,
601766.SH,中国中车,20080607,
601766.SH,中国中车,20080606,
601766.SH,中国中车,20080605,
601766.SH,中国中车,20080604,
601766.SH,中国中车,20080603,
601766.SH,中国中车,20080602,
601766.SH,中国中车,20080601,
601766.SH,中国中车,20080531,
601766.SH,中国中车,20080530,
601766.SH,中国中车,20080529,
601766.SH,中国中车,20080528,
601766.SH,中国中车,20080527,
601766.SH,中国中车,20080526,
601766.SH,中国中车,20080525,
601766.SH,中国中车,20080524,
601766.SH,中国中车,20080523,
601766.SH,中国中车,20080522,
601766.SH,中国中车,20080521,
601766.SH,中国中车,20080520,
601766.SH,中国中车,20080519,
601766.SH,中国中车,20080518,
601766.SH,中国中车,20080517,
601766.SH,中国中车,20080516,
601766.SH,中国中车,20080515,
601766.SH,中国中车,20080514,
601766.SH,中国中车,20080513,
601766.SH,中国中车,20080512,
601766.SH,中国中车,20080511,
601766.SH,中国中车,20080510,
601766.SH,中国中车,20080509,
601766.SH,中国中车,20080508,
601766.SH,中国中车,20080507,
601766.SH,中国中车,20080506,
601766.SH,中国中车,20080505,
601766.SH,中国中车,20080504,
601766.SH,中国中车,20080503,
601766.SH,中国中车,20080502,
601766.SH,中国中车,20080501,
601766.SH,中国中车,20080430,
601766.SH,中国中车,20080429,
601766.SH,中国中车,20080428,
601766.SH,中国中车,20080427,
601766.SH,中国中车,20080426,
601766.SH,中国中车,20080425,
601766.SH,中国中车,20080424,
601766.SH,中国中车,20080423,
601766.SH,中国中车,20080422,
601766.SH,中国中车,20080421,
601766.SH,中国中车,20080420,
601766.SH,中国中车,20080419,
601766.SH,中国中车,20080418,
601766.SH,中国中车,20080417,
601766.SH,中国中车,20080416,
601766.SH,中国中车,20080415,
601766.SH,中国中车,20080414,
601766.SH,中国中车,20080413,
601766.SH,中国中车,20080412,
601766.SH,中国中车,20080411,
601766.SH,中国中车,20080410,
601766.SH,中国中车,20080409,
601766.SH,中国中车,20080408,
601766.SH,中国中车,20080407,
601766.SH,中国中车,20080406,
601766.SH,中国中车,20080405,
601766.SH,中国中车,20080404,
601766.SH,中国中车,20080403,
601766.SH,中国中车,20080402,
601766.SH,中国中车,20080401,
601766.SH,中国中车,20080331,
601766.SH,中国中车,20080330,
601766.SH,中国中车,20080329,
601766.SH,中国中车,20080328,
601766.SH,中国中车,20080327,
601766.SH,中国中车,20080326,
601766.SH,中国中车,20080325,
601766.SH,中国中车,20080324,
601766.SH,中国中车,20080323,
601766.SH,中国中车,20080322,
601766.SH,中国中车,20080321,
601766.SH,中国中车,20080320,
601766.SH,中国中车,20080319,
601766.SH,中国中车,20080318,
601766.SH,中国中车,20080317,
601766.SH,中国中车,20080316,
601766.SH,中国中车,20080315,
601766.SH,中国中车,20080314,
601766.SH,中国中车,20080313,
601766.SH,中国中车,20080312,
601766.SH,中国中车,20080311,
601766.SH,中国中车,20080310,
601766.SH,中国中车,20080309,
601766.SH,中国中车,20080308,
601766.SH,中国中车,20080307,
601766.SH,中国中车,20080306,
601766.SH,中国中车,20080305,
601766.SH,中国中车,20080304,
601766.SH,中国中车,20080303,
601766.SH,中国中车,20080302,
601766.SH,中国中车,20080301,
601766.SH,中国中车,20080229,
601766.SH,中国中车,20080228,
601766.SH,中国中车,20080227,
601766.SH,中国中车,20080226,
601766.SH,中国中车,20080225,
601766.SH,中国中车,20080224,
601766.SH,中国中车,20080223,
601766.SH,中国中车,20080222,
601766.SH,中国中车,20080221,
601766.SH,中国中车,20080220,
601766.SH,中国中车,20080219,
601766.SH,中国中车,20080218,
601766.SH,中国中车,20080217,
601766.SH,中国中车,20080216,
601766.SH,中国中车,20080215,
601766.SH,中国中车,20080214,
601766.SH,中国中车,20080213,
601766.SH,中国中车,20080212,
601766.SH,中国中车,20080211,
601766.SH,中国中车,20080210,
601766.SH,中国中车,20080209,
601766.SH,中国中车,20080208,
601766.SH,中国中车,20080207,
601766.SH,中国中车,20080206,
601766.SH,中国中车,20080205,
601766.SH,中国中车,20080204,
601766.SH,中国中车,20080203,
601766.SH,中国中车,20080202,
601766.SH,中国中车,20080201,
601766.SH,中国中车,20080131,
601766.SH,中国中车,20080130,
601766.SH,中国中车,20080129,
601766.SH,中国中车,20080128,
601766.SH,中国中车,20080127,
601766.SH,中国中车,20080126,
601766.SH,中国中车,20080125,
601766.SH,中国中车,20080124,
601766.SH,中国中车,20080123,
601766.SH,中国中车,20080122,
601766.SH,中国中车,20080121,
601766.SH,中国中车,20080120,
601766.SH,中国中车,20080119,
601766.SH,中国中车,20080118,
601766.SH,中国中车,20080117,
601766.SH,中国中车,20080116,
601766.SH,中国中车,20080115,
601766.SH,中国中车,20080114,
601766.SH,中国中车,20080113,
601766.SH,中国中车,20080112,
601766.SH,中国中车,20080111,
601766.SH,中国中车,20080110,
601766.SH,中国中车,20080109,
601766.SH,中国中车,20080108,
601766.SH,中国中车,20080107,
601766.SH,中国中车,20080106,
601766.SH,中国中车,20080105,
601766.SH,中国中车,20080104,
601766.SH,中国中车,20080103,
601766.SH,中国中车,20080102,
601766.SH,中国中车,20080101,
601766.SH,中国中车,20071231,
601766.SH,中国中车,20071230,
601766.SH,中国中车,20071229,
601766.SH,中国中车,20071228,
601766.SH,中国中车,20071227,
601766.SH,中国中车,20071226,
601766.SH,中国中车,20071225,
601766.SH,中国中车,20071224,
601766.SH,中国中车,20071223,
601766.SH,中国中车,20071222,
601766.SH,中国中车,20071221,
601766.SH,中国中车,20071220,
601766.SH,中国中车,20071219,
601766.SH,中国中车,20071218,
601766.SH,中国中车,20071217,
601766.SH,中国中车,20071216,
601766.SH,中国中车,20071215,
601766.SH,中国中车,20071214,
601766.SH,中国中车,20071213,
601766.SH,中国中车,20071212,
601766.SH,中国中车,20071211,
601766.SH,中国中车,20071210,
601766.SH,中国中车,20071209,
601766.SH,中国中车,20071208,
601766.SH,中国中车,20071207,
601766.SH,中国中车,20071206,
601766.SH,中国中车,20071205,
601766.SH,中国中车,20071204,
601766.SH,中国中车,20071203,
601766.SH,中国中车,20071202,
601766.SH,中国中车,20071201,
601766.SH,中国中车,20071130,
601766.SH,中国中车,20071129,
601766.SH,中国中车,20071128,
601766.SH,中国中车,20071127,
601766.SH,中国中车,20071126,
601766.SH,中国中车,20071125,
601766.SH,中国中车,20071124,
601766.SH,中国中车,20071123,
601766.SH,中国中车,20071122,
601766.SH,中国中车,20071121,
601766.SH,中国中车,20071120,
601766.SH,中国中车,20071119,
601766.SH,中国中车,20071118,
601766.SH,中国中车,20071117,
601766.SH,中国中车,20071116,
601766.SH,中国中车,20071115,
601766.SH,中国中车,20071114,
601766.SH,中国中车,20071113,
601766.SH,中国中车,20071112,
601766.SH,中国中车,20071111,
601766.SH,中国中车,20071110,
601766.SH,中国中车,20071109,
601766.SH,中国中车,20071108,
601766.SH,中国中车,20071107,
601766.SH,中国中车,20071106,
601766.SH,中国中车,20071105,
601766.SH,中国中车,20071104,
601766.SH,中国中车,20071103,
601766.SH,中国中车,20071102,
601766.SH,中国中车,20071101,
601766.SH,中国中车,20071031,
601766.SH,中国中车,20071030,
601766.SH,中国中车,20071029,
601766.SH,中国中车,20071028,
601766.SH,中国中车,20071027,
601766.SH,中国中车,20071026,
601766.SH,中国中车,20071025,
601766.SH,中国中车,20071024,
601766.SH,中国中车,20071023,
601766.SH,中国中车,20071022,
601766.SH,中国中车,20071021,
601766.SH,中国中车,20071020,
601766.SH,中国中车,20071019,
601766.SH,中国中车,20071018,
601766.SH,中国中车,20071017,
601766.SH,中国中车,20071016,
601766.SH,中国中车,20071015,
601766.SH,中国中车,20071014,
601766.SH,中国中车,20071013,
601766.SH,中国中车,20071012,
601766.SH,中国中车,20071011,
601766.SH,中国中车,20071010,
601766.SH,中国中车,20071009,
601766.SH,中国中车,20071008,
601766.SH,中国中车,20071007,
601766.SH,中国中车,20071006,
601766.SH,中国中车,20071005,
601766.SH,中国中车,20071004,
601766.SH,中国中车,20071003,
601766.SH,中国中车,20071002,
601766.SH,中国中车,20071001,
601766.SH,中国中车,20070930,
601766.SH,中国中车,20070929,
601766.SH,中国中车,20070928,
601766.SH,中国中车,20070927,
601766.SH,中国中车,20070926,
601766.SH,中国中车,20070925,
601766.SH,中国中车,20070924,
601766.SH,中国中车,20070923,
601766.SH,中国中车,20070922,
601766.SH,中国中车,20070921,
601766.SH,中国中车,20070920,
601766.SH,中国中车,20070919,
601766.SH,中国中车,20070918,
601766.SH,中国中车,20070917,
601766.SH,中国中车,20070916,
601766.SH,中国中车,20070915,
601766.SH,中国中车,20070914,
601766.SH,中国中车,20070913,
601766.SH,中国中车,20070912,
601766.SH,中国中车,20070911,
601766.SH,中国中车,20070910,
601766.SH,中国中车,20070909,
601766.SH,中国中车,20070908,
601766.SH,中国中车,20070907,
601766.SH,中国中车,20070906,
601766.SH,中国中车,20070905,
601766.SH,中国中车,20070904,
601766.SH,中国中车,20070903,
601766.SH,中国中车,20070902,
601766.SH,中国中车,20070901,
601766.SH,中国中车,20070831,
601766.SH,中国中车,20070830,
601766.SH,中国中车,20070829,
601766.SH,中国中车,20070828,
601766.SH,中国中车,20070827,
601766.SH,中国中车,20070826,
601766.SH,中国中车,20070825,
601766.SH,中国中车,20070824,
601766.SH,中国中车,20070823,
601766.SH,中国中车,20070822,
601766.SH,中国中车,20070821,
601766.SH,中国中车,20070820,
601766.SH,中国中车,20070819,
601766.SH,中国中车,20070818,
601766.SH,中国中车,20070817,
601766.SH,中国中车,20070816,
601766.SH,中国中车,20070815,
601766.SH,中国中车,20070814,
601766.SH,中国中车,20070813,
601766.SH,中国中车,20070812,
601766.SH,中国中车,20070811,
601766.SH,中国中车,20070810,
601766.SH,中国中车,20070809,
601766.SH,中国中车,20070808,
601766.SH,中国中车,20070807,
601766.SH,中国中车,20070806,
601766.SH,中国中车,20070805,
601766.SH,中国中车,20070804,
601766.SH,中国中车,20070803,
601766.SH,中国中车,20070802,
601766.SH,中国中车,20070801,
601766.SH,中国中车,20070731,
601766.SH,中国中车,20070730,
601766.SH,中国中车,20070729,
601766.SH,中国中车,20070728,
601766.SH,中国中车,20070727,
601766.SH,中国中车,20070726,
601766.SH,中国中车,20070725,
601766.SH,中国中车,20070724,
601766.SH,中国中车,20070723,
601766.SH,中国中车,20070722,
601766.SH,中国中车,20070721,
601766.SH,中国中车,20070720,
601766.SH,中国中车,20070719,
601766.SH,中国中车,20070718,
601766.SH,中国中车,20070717,
601766.SH,中国中车,20070716,
601766.SH,中国中车,20070715,
601766.SH,中国中车,20070714,
601766.SH,中国中车,20070713,
601766.SH,中国中车,20070712,
601766.SH,中国中车,20070711,
601766.SH,中国中车,20070710,
601766.SH,中国中车,20070709,
601766.SH,中国中车,20070708,
601766.SH,中国中车,20070707,
601766.SH,中国中车,20070706,
601766.SH,中国中车,20070705,
601766.SH,中国中车,20070704,
601766.SH,中国中车,20070703,
601766.SH,中国中车,20070702,
601766.SH,中国中车,20070701,
601766.SH,中国中车,20070630,
601766.SH,中国中车,20070629,
601766.SH,中国中车,20070628,
601766.SH,中国中车,20070627,
601766.SH,中国中车,20070626,
601766.SH,中国中车,20070625,
601766.SH,中国中车,20070624,
601766.SH,中国中车,20070623,
601766.SH,中国中车,20070622,
601766.SH,中国中车,20070621,
601766.SH,中国中车,20070620,
601766.SH,中国中车,20070619,
601766.SH,中国中车,20070618,
601766.SH,中国中车,20070617,
601766.SH,中国中车,20070616,
601766.SH,中国中车,20070615,
601766.SH,中国中车,20070614,
601766.SH,中国中车,20070613,
601766.SH,中国中车,20070612,
601766.SH,中国中车,20070611,
601766.SH,中国中车,20070610,
601766.SH,中国中车,20070609,
601766.SH,中国中车,20070608,
601766.SH,中国中车,20070607,
601766.SH,中国中车,20070606,
601766.SH,中国中车,20070605,
601766.SH,中国中车,20070604,
601766.SH,中国中车,20070603,
601766.SH,中国中车,20070602,
601766.SH,中国中车,20070601,
601766.SH,中国中车,20070531,
601766.SH,中国中车,20070530,
601766.SH,中国中车,20070529,
601766.SH,中国中车,20070528,
601766.SH,中国中车,20070527,
601766.SH,中国中车,20070526,
601766.SH,中国中车,20070525,
601766.SH,中国中车,20070524,
601766.SH,中国中车,20070523,
601766.SH,中国中车,20070522,
601766.SH,中国中车,20070521,
601766.SH,中国中车,20070520,
601766.SH,中国中车,20070519,
601766.SH,中国中车,20070518,
601766.SH,中国中车,20070517,
601766.SH,中国中车,20070516,
601766.SH,中国中车,20070515,
601766.SH,中国中车,20070514,
601766.SH,中国中车,20070513,
601766.SH,中国中车,20070512,
601766.SH,中国中车,20070511,
601766.SH,中国中车,20070510,
601766.SH,中国中车,20070509,
601766.SH,中国中车,20070508,
601766.SH,中国中车,20070507,
601766.SH,中国中车,20070506,
601766.SH,中国中车,20070505,
601766.SH,中国中车,20070504,
601766.SH,中国中车,20070503,
601766.SH,中国中车,20070502,
601766.SH,中国中车,20070501,
601766.SH,中国中车,20070430,
601766.SH,中国中车,20070429,
601766.SH,中国中车,20070428,
601766.SH,中国中车,20070427,
601766.SH,中国中车,20070426,
601766.SH,中国中车,20070425,
601766.SH,中国中车,20070424,
601766.SH,中国中车,20070423,
601766.SH,中国中车,20070422,
601766.SH,中国中车,20070421,
601766.SH,中国中车,20070420,
601766.SH,中国中车,20070419,
601766.SH,中国中车,20070418,
601766.SH,中国中车,20070417,
601766.SH,中国中车,20070416,
601766.SH,中国中车,20070415,
601766.SH,中国中车,20070414,
601766.SH,中国中车,20070413,
601766.SH,中国中车,20070412,
601766.SH,中国中车,20070411,
601766.SH,中国中车,20070410,
601766.SH,中国中车,20070409,
601766.SH,中国中车,20070408,
601766.SH,中国中车,20070407,
601766.SH,中国中车,20070406,
601766.SH,中国中车,20070405,
601766.SH,中国中车,20070404,
601766.SH,中国中车,20070403,
601766.SH,中国中车,20070402,
601766.SH,中国中车,20070401,
601766.SH,中国中车,20070331,
601766.SH,中国中车,20070330,
601766.SH,中国中车,20070329,
601766.SH,中国中车,20070328,
601766.SH,中国中车,20070327,
601766.SH,中国中车,20070326,
601766.SH,中国中车,20070325,
601766.SH,中国中车,20070324,
601766.SH,中国中车,20070323,
601766.SH,中国中车,20070322,
601766.SH,中国中车,20070321,
601766.SH,中国中车,20070320,
601766.SH,中国中车,20070319,
601766.SH,中国中车,20070318,
601766.SH,中国中车,20070317,
601766.SH,中国中车,20070316,
601766.SH,中国中车,20070315,
601766.SH,中国中车,20070314,
601766.SH,中国中车,20070313,
601766.SH,中国中车,20070312,
601766.SH,中国中车,20070311,
601766.SH,中国中车,20070310,
601766.SH,中国中车,20070309,
601766.SH,中国中车,20070308,
601766.SH,中国中车,20070307,
601766.SH,中国中车,20070306,
601766.SH,中国中车,20070305,
601766.SH,中国中车,20070304,
601766.SH,中国中车,20070303,
601766.SH,中国中车,20070302,
601766.SH,中国中车,20070301,
601766.SH,中国中车,20070228,
601766.SH,中国中车,20070227,
601766.SH,中国中车,20070226,
601766.SH,中国中车,20070225,
601766.SH,中国中车,20070224,
601766.SH,中国中车,20070223,
601766.SH,中国中车,20070222,
601766.SH,中国中车,20070221,
601766.SH,中国中车,20070220,
601766.SH,中国中车,20070219,
601766.SH,中国中车,20070218,
601766.SH,中国中车,20070217,
601766.SH,中国中车,20070216,
601766.SH,中国中车,20070215,
601766.SH,中国中车,20070214,
601766.SH,中国中车,20070213,
601766.SH,中国中车,20070212,
601766.SH,中国中车,20070211,
601766.SH,中国中车,20070210,
601766.SH,中国中车,20070209,
601766.SH,中国中车,20070208,
601766.SH,中国中车,20070207,
601766.SH,中国中车,20070206,
601766.SH,中国中车,20070205,
601766.SH,中国中车,20070204,
601766.SH,中国中车,20070203,
601766.SH,中国中车,20070202,
601766.SH,中国中车,20070201,
601766.SH,中国中车,20070131,
601766.SH,中国中车,20070130,
601766.SH,中国中车,20070129,
601766.SH,中国中车,20070128,
601766.SH,中国中车,20070127,
601766.SH,中国中车,20070126,
601766.SH,中国中车,20070125,
601766.SH,中国中车,20070124,
601766.SH,中国中车,20070123,
601766.SH,中国中车,20070122,
601766.SH,中国中车,20070121,
601766.SH,中国中车,20070120,
601766.SH,中国中车,20070119,
601766.SH,中国中车,20070118,
601766.SH,中国中车,20070117,
601766.SH,中国中车,20070116,
601766.SH,中国中车,20070115,
601766.SH,中国中车,20070114,
601766.SH,中国中车,20070113,
601766.SH,中国中车,20070112,
601766.SH,中国中车,20070111,
601766.SH,中国中车,20070110,
601766.SH,中国中车,20070109,
601766.SH,中国中车,20070108,
601766.SH,中国中车,20070107,
601766.SH,中国中车,20070106,
601766.SH,中国中车,20070105,
601766.SH,中国中车,20070104,
601766.SH,中国中车,20070103,
601766.SH,中国中车,20070102,
601766.SH,中国中车,20070101,
601766.SH,中国中车,20061231,
601766.SH,中国中车,20061230,
601766.SH,中国中车,20061229,
601766.SH,中国中车,20061228,
601766.SH,中国中车,20061227,
601766.SH,中国中车,20061226,
601766.SH,中国中车,20061225,
601766.SH,中国中车,20061224,
601766.SH,中国中车,20061223,
601766.SH,中国中车,20061222,
601766.SH,中国中车,20061221,
601766.SH,中国中车,20061220,
601766.SH,中国中车,20061219,
601766.SH,中国中车,20061218,
601766.SH,中国中车,20061217,
601766.SH,中国中车,20061216,
601766.SH,中国中车,20061215,
601766.SH,中国中车,20061214,
601766.SH,中国中车,20061213,
601766.SH,中国中车,20061212,
601766.SH,中国中车,20061211,
601766.SH,中国中车,20061210,
601766.SH,中国中车,20061209,
601766.SH,中国中车,20061208,
601766.SH,中国中车,20061207,
601766.SH,中国中车,20061206,
601766.SH,中国中车,20061205,
601766.SH,中国中车,20061204,
601766.SH,中国中车,20061203,
601766.SH,中国中车,20061202,
601766.SH,中国中车,20061201,
601766.SH,中国中车,20061130,
601766.SH,中国中车,20061129,
601766.SH,中国中车,20061128,
601766.SH,中国中车,20061127,
601766.SH,中国中车,20061126,
601766.SH,中国中车,20061125,
601766.SH,中国中车,20061124,
601766.SH,中国中车,20061123,
601766.SH,中国中车,20061122,
601766.SH,中国中车,20061121,
601766.SH,中国中车,20061120,
601766.SH,中国中车,20061119,
601766.SH,中国中车,20061118,
601766.SH,中国中车,20061117,
601766.SH,中国中车,20061116,
601766.SH,中国中车,20061115,
601766.SH,中国中车,20061114,
601766.SH,中国中车,20061113,
601766.SH,中国中车,20061112,
601766.SH,中国中车,20061111,
601766.SH,中国中车,20061110,
601766.SH,中国中车,20061109,
601766.SH,中国中车,20061108,
601766.SH,中国中车,20061107,
601766.SH,中国中车,20061106,
601766.SH,中国中车,20061105,
601766.SH,中国中车,20061104,
601766.SH,中国中车,20061103,
601766.SH,中国中车,20061102,
601766.SH,中国中车,20061101,
601766.SH,中国中车,20061031,
601766.SH,中国中车,20061030,
601766.SH,中国中车,20061029,
601766.SH,中国中车,20061028,
601766.SH,中国中车,20061027,
601766.SH,中国中车,20061026,
601766.SH,中国中车,20061025,
601766.SH,中国中车,20061024,
601766.SH,中国中车,20061023,
601766.SH,中国中车,20061022,
601766.SH,中国中车,20061021,
601766.SH,中国中车,20061020,
601766.SH,中国中车,20061019,
601766.SH,中国中车,20061018,
601766.SH,中国中车,20061017,
601766.SH,中国中车,20061016,
601766.SH,中国中车,20061015,
601766.SH,中国中车,20061014,
601766.SH,中国中车,20061013,
601766.SH,中国中车,20061012,
601766.SH,中国中车,20061011,
601766.SH,中国中车,20061010,
601766.SH,中国中车,20061009,
601766.SH,中国中车,20061008,
601766.SH,中国中车,20061007,
601766.SH,中国中车,20061006,
601766.SH,中国中车,20061005,
601766.SH,中国中车,20061004,
601766.SH,中国中车,20061003,
601766.SH,中国中车,20061002,
601766.SH,中国中车,20061001,
601766.SH,中国中车,20060930,
601766.SH,中国中车,20060929,
601766.SH,中国中车,20060928,
601766.SH,中国中车,20060927,
601766.SH,中国中车,20060926,
601766.SH,中国中车,20060925,
601766.SH,中国中车,20060924,
601766.SH,中国中车,20060923,
601766.SH,中国中车,20060922,
601766.SH,中国中车,20060921,
601766.SH,中国中车,20060920,
601766.SH,中国中车,20060919,
601766.SH,中国中车,20060918,
601766.SH,中国中车,20060917,
601766.SH,中国中车,20060916,
601766.SH,中国中车,20060915,
601766.SH,中国中车,20060914,
601766.SH,中国中车,20060913,
601766.SH,中国中车,20060912,
601766.SH,中国中车,20060911,
601766.SH,中国中车,20060910,
601766.SH,中国中车,20060909,
601766.SH,中国中车,20060908,
601766.SH,中国中车,20060907,
601766.SH,中国中车,20060906,
601766.SH,中国中车,20060905,
601766.SH,中国中车,20060904,
601766.SH,中国中车,20060903,
601766.SH,中国中车,20060902,
601766.SH,中国中车,20060901,
601766.SH,中国中车,20060831,
601766.SH,中国中车,20060830,
601766.SH,中国中车,20060829,
601766.SH,中国中车,20060828,
601766.SH,中国中车,20060827,
601766.SH,中国中车,20060826,
601766.SH,中国中车,20060825,
601766.SH,中国中车,20060824,
601766.SH,中国中车,20060823,
601766.SH,中国中车,20060822,
601766.SH,中国中车,20060821,
601766.SH,中国中车,20060820,
601766.SH,中国中车,20060819,
601766.SH,中国中车,20060818,
601766.SH,中国中车,20060817,
601766.SH,中国中车,20060816,
601766.SH,中国中车,20060815,
601766.SH,中国中车,20060814,
601766.SH,中国中车,20060813,
601766.SH,中国中车,20060812,
601766.SH,中国中车,20060811,
601766.SH,中国中车,20060810,
601766.SH,中国中车,20060809,
601766.SH,中国中车,20060808,
601766.SH,中国中车,20060807,
601766.SH,中国中车,20060806,
601766.SH,中国中车,20060805,
601766.SH,中国中车,20060804,
601766.SH,中国中车,20060803,
601766.SH,中国中车,20060802,
601766.SH,中国中车,20060801,
601766.SH,中国中车,20060731,
601766.SH,中国中车,20060730,
601766.SH,中国中车,20060729,
601766.SH,中国中车,20060728,
601766.SH,中国中车,20060727,
601766.SH,中国中车,20060726,
601766.SH,中国中车,20060725,
601766.SH,中国中车,20060724,
601766.SH,中国中车,20060723,
601766.SH,中国中车,20060722,
601766.SH,中国中车,20060721,
601766.SH,中国中车,20060720,
601766.SH,中国中车,20060719,
601766.SH,中国中车,20060718,
601766.SH,中国中车,20060717,
601766.SH,中国中车,20060716,
601766.SH,中国中车,20060715,
601766.SH,中国中车,20060714,
601766.SH,中国中车,20060713,
601766.SH,中国中车,20060712,
601766.SH,中国中车,20060711,
601766.SH,中国中车,20060710,
601766.SH,中国中车,20060709,
601766.SH,中国中车,20060708,
601766.SH,中国中车,20060707,
601766.SH,中国中车,20060706,
601766.SH,中国中车,20060705,
601766.SH,中国中车,20060704,
601766.SH,中国中车,20060703,
601766.SH,中国中车,20060702,
601766.SH,中国中车,20060701,
601766.SH,中国中车,20060630,
601766.SH,中国中车,20060629,
601766.SH,中国中车,20060628,
601766.SH,中国中车,20060627,
601766.SH,中国中车,20060626,
601766.SH,中国中车,20060625,
601766.SH,中国中车,20060624,
601766.SH,中国中车,20060623,
601766.SH,中国中车,20060622,
601766.SH,中国中车,20060621,
601766.SH,中国中车,20060620,
601766.SH,中国中车,20060619,
601766.SH,中国中车,20060618,
601766.SH,中国中车,20060617,
601766.SH,中国中车,20060616,
601766.SH,中国中车,20060615,
601766.SH,中国中车,20060614,
601766.SH,中国中车,20060613,
601766.SH,中国中车,20060612,
601766.SH,中国中车,20060611,
601766.SH,中国中车,20060610,
601766.SH,中国中车,20060609,
601766.SH,中国中车,20060608,
601766.SH,中国中车,20060607,
601766.SH,中国中车,20060606,
601766.SH,中国中车,20060605,
601766.SH,中国中车,20060604,
601766.SH,中国中车,20060603,
601766.SH,中国中车,20060602,
601766.SH,中国中车,20060601,
601766.SH,中国中车,20060531,
601766.SH,中国中车,20060530,
601766.SH,中国中车,20060529,
601766.SH,中国中车,20060528,
601766.SH,中国中车,20060527,
601766.SH,中国中车,20060526,
601766.SH,中国中车,20060525,
601766.SH,中国中车,20060524,
601766.SH,中国中车,20060523,
601766.SH,中国中车,20060522,
601766.SH,中国中车,20060521,
601766.SH,中国中车,20060520,
601766.SH,中国中车,20060519,
601766.SH,中国中车,20060518,
601766.SH,中国中车,20060517,
601766.SH,中国中车,20060516,
601766.SH,中国中车,20060515,
601766.SH,中国中车,20060514,
601766.SH,中国中车,20060513,
601766.SH,中国中车,20060512,
601766.SH,中国中车,20060511,
601766.SH,中国中车,20060510,
601766.SH,中国中车,20060509,
601766.SH,中国中车,20060508,
601766.SH,中国中车,20060507,
601766.SH,中国中车,20060506,
601766.SH,中国中车,20060505,
601766.SH,中国中车,20060504,
601766.SH,中国中车,20060503,
601766.SH,中国中车,20060502,
601766.SH,中国中车,20060501,
601766.SH,中国中车,20060430,
601766.SH,中国中车,20060429,
601766.SH,中国中车,20060428,
601766.SH,中国中车,20060427,
601766.SH,中国中车,20060426,
601766.SH,中国中车,20060425,
601766.SH,中国中车,20060424,
601766.SH,中国中车,20060423,
601766.SH,中国中车,20060422,
601766.SH,中国中车,20060421,
601766.SH,中国中车,20060420,
601766.SH,中国中车,20060419,
601766.SH,中国中车,20060418,
601766.SH,中国中车,20060417,
601766.SH,中国中车,20060416,
601766.SH,中国中车,20060415,
601766.SH,中国中车,20060414,
601766.SH,中国中车,20060413,
601766.SH,中国中车,20060412,
601766.SH,中国中车,20060411,
601766.SH,中国中车,20060410,
601766.SH,中国中车,20060409,
601766.SH,中国中车,20060408,
601766.SH,中国中车,20060407,
601766.SH,中国中车,20060406,
601766.SH,中国中车,20060405,
601766.SH,中国中车,20060404,
601766.SH,中国中车,20060403,
601766.SH,中国中车,20060402,
601766.SH,中国中车,20060401,
601766.SH,中国中车,20060331,
601766.SH,中国中车,20060330,
601766.SH,中国中车,20060329,
601766.SH,中国中车,20060328,
601766.SH,中国中车,20060327,
601766.SH,中国中车,20060326,
601766.SH,中国中车,20060325,
601766.SH,中国中车,20060324,
601766.SH,中国中车,20060323,
601766.SH,中国中车,20060322,
601766.SH,中国中车,20060321,
601766.SH,中国中车,20060320,
601766.SH,中国中车,20060319,
601766.SH,中国中车,20060318,
601766.SH,中国中车,20060317,
601766.SH,中国中车,20060316,
601766.SH,中国中车,20060315,
601766.SH,中国中车,20060314,
601766.SH,中国中车,20060313,
601766.SH,中国中车,20060312,
601766.SH,中国中车,20060311,
601766.SH,中国中车,20060310,
601766.SH,中国中车,20060309,
601766.SH,中国中车,20060308,
601766.SH,中国中车,20060307,
601766.SH,中国中车,20060306,
601766.SH,中国中车,20060305,
601766.SH,中国中车,20060304,
601766.SH,中国中车,20060303,
601766.SH,中国中车,20060302,
601766.SH,中国中车,20060301,
601766.SH,中国中车,20060228,
601766.SH,中国中车,20060227,
601766.SH,中国中车,20060226,
601766.SH,中国中车,20060225,
601766.SH,中国中车,20060224,
601766.SH,中国中车,20060223,
601766.SH,中国中车,20060222,
601766.SH,中国中车,20060221,
601766.SH,中国中车,20060220,
601766.SH,中国中车,20060219,
601766.SH,中国中车,20060218,
601766.SH,中国中车,20060217,
601766.SH,中国中车,20060216,
601766.SH,中国中车,20060215,
601766.SH,中国中车,20060214,
601766.SH,中国中车,20060213,
601766.SH,中国中车,20060212,
601766.SH,中国中车,20060211,
601766.SH,中国中车,20060210,
601766.SH,中国中车,20060209,
601766.SH,中国中车,20060208,
601766.SH,中国中车,20060207,
601766.SH,中国中车,20060206,
601766.SH,中国中车,20060205,
601766.SH,中国中车,20060204,
601766.SH,中国中车,20060203,
601766.SH,中国中车,20060202,
601766.SH,中国中车,20060201,
601766.SH,中国中车,20060131,
601766.SH,中国中车,20060130,
601766.SH,中国中车,20060129,
601766.SH,中国中车,20060128,
601766.SH,中国中车,20060127,
601766.SH,中国中车,20060126,
601766.SH,中国中车,20060125,
601766.SH,中国中车,20060124,
601766.SH,中国中车,20060123,
601766.SH,中国中车,20060122,
601766.SH,中国中车,20060121,
601766.SH,中国中车,20060120,
601766.SH,中国中车,20060119,
601766.SH,中国中车,20060118,
601766.SH,中国中车,20060117,
601766.SH,中国中车,20060116,
601766.SH,中国中车,20060115,
601766.SH,中国中车,20060114,
601766.SH,中国中车,20060113,
601766.SH,中国中车,20060112,
601766.SH,中国中车,20060111,
601766.SH,中国中车,20060110,
601766.SH,中国中车,20060109,
601766.SH,中国中车,20060108,
601766.SH,中国中车,20060107,
601766.SH,中国中车,20060106,
601766.SH,中国中车,20060105,
601766.SH,中国中车,20060104,
601766.SH,中国中车,20060103,
601766.SH,中国中车,20060102,
601766.SH,中国中车,20060101,
