证券代码,证券简称,日期,月涨跌幅
600225.SH,退市卓朗,20260831,
600225.SH,退市卓朗,20260830,
600225.SH,退市卓朗,20260829,
600225.SH,退市卓朗,20260828,
600225.SH,退市卓朗,20260827,
600225.SH,退市卓朗,20260826,
600225.SH,退市卓朗,20260825,
600225.SH,退市卓朗,20260824,
600225.SH,退市卓朗,20260823,
600225.SH,退市卓朗,20260822,
600225.SH,退市卓朗,20260821,
600225.SH,退市卓朗,20260820,
600225.SH,退市卓朗,20260819,
600225.SH,退市卓朗,20260818,
600225.SH,退市卓朗,20260817,
600225.SH,退市卓朗,20260816,
600225.SH,退市卓朗,20260815,
600225.SH,退市卓朗,20260814,
600225.SH,退市卓朗,20260813,
600225.SH,退市卓朗,20260812,
600225.SH,退市卓朗,20260811,
600225.SH,退市卓朗,20260810,
600225.SH,退市卓朗,20260809,
600225.SH,退市卓朗,20260808,
600225.SH,退市卓朗,20260807,
600225.SH,退市卓朗,20260806,
600225.SH,退市卓朗,20260805,
600225.SH,退市卓朗,20260804,
600225.SH,退市卓朗,20260803,
600225.SH,退市卓朗,20260802,
600225.SH,退市卓朗,20260801,
600225.SH,退市卓朗,20260731,
600225.SH,退市卓朗,20260730,
600225.SH,退市卓朗,20260729,
600225.SH,退市卓朗,20260728,
600225.SH,退市卓朗,20260727,
600225.SH,退市卓朗,20260726,
600225.SH,退市卓朗,20260725,
600225.SH,退市卓朗,20260724,
600225.SH,退市卓朗,20260723,
600225.SH,退市卓朗,20260722,
600225.SH,退市卓朗,20260721,
600225.SH,退市卓朗,20260720,
600225.SH,退市卓朗,20260719,
600225.SH,退市卓朗,20260718,
600225.SH,退市卓朗,20260717,
600225.SH,退市卓朗,20260716,
600225.SH,退市卓朗,20260715,
600225.SH,退市卓朗,20260714,
600225.SH,退市卓朗,20260713,
600225.SH,退市卓朗,20260712,
600225.SH,退市卓朗,20260711,
600225.SH,退市卓朗,20260710,
600225.SH,退市卓朗,20260709,
600225.SH,退市卓朗,20260708,
600225.SH,退市卓朗,20260707,
600225.SH,退市卓朗,20260706,
600225.SH,退市卓朗,20260705,
600225.SH,退市卓朗,20260704,
600225.SH,退市卓朗,20260703,
600225.SH,退市卓朗,20260702,
600225.SH,退市卓朗,20260701,
600225.SH,退市卓朗,20260630,
600225.SH,退市卓朗,20260629,
600225.SH,退市卓朗,20260628,
600225.SH,退市卓朗,20260627,
600225.SH,退市卓朗,20260626,
600225.SH,退市卓朗,20260625,
600225.SH,退市卓朗,20260624,
600225.SH,退市卓朗,20260623,
600225.SH,退市卓朗,20260622,
600225.SH,退市卓朗,20260621,
600225.SH,退市卓朗,20260620,
600225.SH,退市卓朗,20260619,
600225.SH,退市卓朗,20260618,
600225.SH,退市卓朗,20260617,
600225.SH,退市卓朗,20260616,
600225.SH,退市卓朗,20260615,
600225.SH,退市卓朗,20260614,
600225.SH,退市卓朗,20260613,
600225.SH,退市卓朗,20260612,
600225.SH,退市卓朗,20260611,
600225.SH,退市卓朗,20260610,
600225.SH,退市卓朗,20260609,
600225.SH,退市卓朗,20260608,
600225.SH,退市卓朗,20260607,
600225.SH,退市卓朗,20260606,
600225.SH,退市卓朗,20260605,
600225.SH,退市卓朗,20260604,
600225.SH,退市卓朗,20260603,
600225.SH,退市卓朗,20260602,
600225.SH,退市卓朗,20260601,
600225.SH,退市卓朗,20260531,
600225.SH,退市卓朗,20260530,
600225.SH,退市卓朗,20260529,
600225.SH,退市卓朗,20260528,
600225.SH,退市卓朗,20260527,
600225.SH,退市卓朗,20260526,
600225.SH,退市卓朗,20260525,
600225.SH,退市卓朗,20260524,
600225.SH,退市卓朗,20260523,
600225.SH,退市卓朗,20260522,
600225.SH,退市卓朗,20260521,
600225.SH,退市卓朗,20260520,
600225.SH,退市卓朗,20260519,
600225.SH,退市卓朗,20260518,
600225.SH,退市卓朗,20260517,
600225.SH,退市卓朗,20260516,
600225.SH,退市卓朗,20260515,
600225.SH,退市卓朗,20260514,
600225.SH,退市卓朗,20260513,
600225.SH,退市卓朗,20260512,
600225.SH,退市卓朗,20260511,
600225.SH,退市卓朗,20260510,
600225.SH,退市卓朗,20260509,
600225.SH,退市卓朗,20260508,
600225.SH,退市卓朗,20260507,
600225.SH,退市卓朗,20260506,
600225.SH,退市卓朗,20260505,
600225.SH,退市卓朗,20260504,
600225.SH,退市卓朗,20260503,
600225.SH,退市卓朗,20260502,
600225.SH,退市卓朗,20260501,
600225.SH,退市卓朗,20260430,
600225.SH,退市卓朗,20260429,
600225.SH,退市卓朗,20260428,
600225.SH,退市卓朗,20260427,
600225.SH,退市卓朗,20260426,
600225.SH,退市卓朗,20260425,
600225.SH,退市卓朗,20260424,
600225.SH,退市卓朗,20260423,
600225.SH,退市卓朗,20260422,
600225.SH,退市卓朗,20260421,
600225.SH,退市卓朗,20260420,
600225.SH,退市卓朗,20260419,
600225.SH,退市卓朗,20260418,
600225.SH,退市卓朗,20260417,
600225.SH,退市卓朗,20260416,
600225.SH,退市卓朗,20260415,
600225.SH,退市卓朗,20260414,
600225.SH,退市卓朗,20260413,
600225.SH,退市卓朗,20260412,
600225.SH,退市卓朗,20260411,
600225.SH,退市卓朗,20260410,
600225.SH,退市卓朗,20260409,
600225.SH,退市卓朗,20260408,
600225.SH,退市卓朗,20260407,
600225.SH,退市卓朗,20260406,
600225.SH,退市卓朗,20260405,
600225.SH,退市卓朗,20260404,
600225.SH,退市卓朗,20260403,
600225.SH,退市卓朗,20260402,
600225.SH,退市卓朗,20260401,
600225.SH,退市卓朗,20260331,
600225.SH,退市卓朗,20260330,
600225.SH,退市卓朗,20260329,
600225.SH,退市卓朗,20260328,
600225.SH,退市卓朗,20260327,
600225.SH,退市卓朗,20260326,
600225.SH,退市卓朗,20260325,
600225.SH,退市卓朗,20260324,
600225.SH,退市卓朗,20260323,
600225.SH,退市卓朗,20260322,
600225.SH,退市卓朗,20260321,
600225.SH,退市卓朗,20260320,
600225.SH,退市卓朗,20260319,
600225.SH,退市卓朗,20260318,
600225.SH,退市卓朗,20260317,
600225.SH,退市卓朗,20260316,
600225.SH,退市卓朗,20260315,
600225.SH,退市卓朗,20260314,
600225.SH,退市卓朗,20260313,
600225.SH,退市卓朗,20260312,
600225.SH,退市卓朗,20260311,
600225.SH,退市卓朗,20260310,
600225.SH,退市卓朗,20260309,
600225.SH,退市卓朗,20260308,
600225.SH,退市卓朗,20260307,
600225.SH,退市卓朗,20260306,
600225.SH,退市卓朗,20260305,
600225.SH,退市卓朗,20260304,
600225.SH,退市卓朗,20260303,
600225.SH,退市卓朗,20260302,
600225.SH,退市卓朗,20260301,
600225.SH,退市卓朗,20260228,
600225.SH,退市卓朗,20260227,
600225.SH,退市卓朗,20260226,
600225.SH,退市卓朗,20260225,
600225.SH,退市卓朗,20260224,
600225.SH,退市卓朗,20260223,
600225.SH,退市卓朗,20260222,
600225.SH,退市卓朗,20260221,
600225.SH,退市卓朗,20260220,
600225.SH,退市卓朗,20260219,
600225.SH,退市卓朗,20260218,
600225.SH,退市卓朗,20260217,
600225.SH,退市卓朗,20260216,
600225.SH,退市卓朗,20260215,
600225.SH,退市卓朗,20260214,
600225.SH,退市卓朗,20260213,
600225.SH,退市卓朗,20260212,
600225.SH,退市卓朗,20260211,
600225.SH,退市卓朗,20260210,
600225.SH,退市卓朗,20260209,
600225.SH,退市卓朗,20260208,
600225.SH,退市卓朗,20260207,
600225.SH,退市卓朗,20260206,
600225.SH,退市卓朗,20260205,
600225.SH,退市卓朗,20260204,
600225.SH,退市卓朗,20260203,
600225.SH,退市卓朗,20260202,
600225.SH,退市卓朗,20260201,
600225.SH,退市卓朗,20260131,
600225.SH,退市卓朗,20260130,
600225.SH,退市卓朗,20260129,
600225.SH,退市卓朗,20260128,
600225.SH,退市卓朗,20260127,
600225.SH,退市卓朗,20260126,
600225.SH,退市卓朗,20260125,
600225.SH,退市卓朗,20260124,
600225.SH,退市卓朗,20260123,
600225.SH,退市卓朗,20260122,
600225.SH,退市卓朗,20260121,
600225.SH,退市卓朗,20260120,
600225.SH,退市卓朗,20260119,
600225.SH,退市卓朗,20260118,
600225.SH,退市卓朗,20260117,
600225.SH,退市卓朗,20260116,
600225.SH,退市卓朗,20260115,
600225.SH,退市卓朗,20260114,
600225.SH,退市卓朗,20260113,
600225.SH,退市卓朗,20260112,
600225.SH,退市卓朗,20260111,
600225.SH,退市卓朗,20260110,
600225.SH,退市卓朗,20260109,
600225.SH,退市卓朗,20260108,
600225.SH,退市卓朗,20260107,
600225.SH,退市卓朗,20260106,
600225.SH,退市卓朗,20260105,
600225.SH,退市卓朗,20260104,
600225.SH,退市卓朗,20260103,
600225.SH,退市卓朗,20260102,
600225.SH,退市卓朗,20260101,
600225.SH,退市卓朗,20251231,
600225.SH,退市卓朗,20251230,
600225.SH,退市卓朗,20251229,
600225.SH,退市卓朗,20251228,
600225.SH,退市卓朗,20251227,
600225.SH,退市卓朗,20251226,
600225.SH,退市卓朗,20251225,
600225.SH,退市卓朗,20251224,
600225.SH,退市卓朗,20251223,
600225.SH,退市卓朗,20251222,
600225.SH,退市卓朗,20251221,
600225.SH,退市卓朗,20251220,
600225.SH,退市卓朗,20251219,
600225.SH,退市卓朗,20251218,
600225.SH,退市卓朗,20251217,
600225.SH,退市卓朗,20251216,
600225.SH,退市卓朗,20251215,
600225.SH,退市卓朗,20251214,
600225.SH,退市卓朗,20251213,
600225.SH,退市卓朗,20251212,
600225.SH,退市卓朗,20251211,
600225.SH,退市卓朗,20251210,
600225.SH,退市卓朗,20251209,
600225.SH,退市卓朗,20251208,
600225.SH,退市卓朗,20251207,
600225.SH,退市卓朗,20251206,
600225.SH,退市卓朗,20251205,
600225.SH,退市卓朗,20251204,
600225.SH,退市卓朗,20251203,
600225.SH,退市卓朗,20251202,
600225.SH,退市卓朗,20251201,
600225.SH,退市卓朗,20251130,
600225.SH,退市卓朗,20251129,
600225.SH,退市卓朗,20251128,
600225.SH,退市卓朗,20251127,
600225.SH,退市卓朗,20251126,
600225.SH,退市卓朗,20251125,
600225.SH,退市卓朗,20251124,
600225.SH,退市卓朗,20251123,
600225.SH,退市卓朗,20251122,
600225.SH,退市卓朗,20251121,
600225.SH,退市卓朗,20251120,
600225.SH,退市卓朗,20251119,
600225.SH,退市卓朗,20251118,
600225.SH,退市卓朗,20251117,
600225.SH,退市卓朗,20251116,
600225.SH,退市卓朗,20251115,
600225.SH,退市卓朗,20251114,
600225.SH,退市卓朗,20251113,
600225.SH,退市卓朗,20251112,
600225.SH,退市卓朗,20251111,
600225.SH,退市卓朗,20251110,
600225.SH,退市卓朗,20251109,
600225.SH,退市卓朗,20251108,
600225.SH,退市卓朗,20251107,
600225.SH,退市卓朗,20251106,
600225.SH,退市卓朗,20251105,
600225.SH,退市卓朗,20251104,
600225.SH,退市卓朗,20251103,
600225.SH,退市卓朗,20251102,
600225.SH,退市卓朗,20251101,
600225.SH,退市卓朗,20251031,
600225.SH,退市卓朗,20251030,
600225.SH,退市卓朗,20251029,
600225.SH,退市卓朗,20251028,
600225.SH,退市卓朗,20251027,
600225.SH,退市卓朗,20251026,
600225.SH,退市卓朗,20251025,
600225.SH,退市卓朗,20251024,
600225.SH,退市卓朗,20251023,
600225.SH,退市卓朗,20251022,
600225.SH,退市卓朗,20251021,
600225.SH,退市卓朗,20251020,
600225.SH,退市卓朗,20251019,
600225.SH,退市卓朗,20251018,
600225.SH,退市卓朗,20251017,
600225.SH,退市卓朗,20251016,
600225.SH,退市卓朗,20251015,
600225.SH,退市卓朗,20251014,
600225.SH,退市卓朗,20251013,
600225.SH,退市卓朗,20251012,
600225.SH,退市卓朗,20251011,
600225.SH,退市卓朗,20251010,
600225.SH,退市卓朗,20251009,
600225.SH,退市卓朗,20251008,
600225.SH,退市卓朗,20251007,
600225.SH,退市卓朗,20251006,
600225.SH,退市卓朗,20251005,
600225.SH,退市卓朗,20251004,
600225.SH,退市卓朗,20251003,
600225.SH,退市卓朗,20251002,
600225.SH,退市卓朗,20251001,
600225.SH,退市卓朗,20250930,
600225.SH,退市卓朗,20250929,
600225.SH,退市卓朗,20250928,
600225.SH,退市卓朗,20250927,
600225.SH,退市卓朗,20250926,
600225.SH,退市卓朗,20250925,
600225.SH,退市卓朗,20250924,
600225.SH,退市卓朗,20250923,
600225.SH,退市卓朗,20250922,
600225.SH,退市卓朗,20250921,
600225.SH,退市卓朗,20250920,
600225.SH,退市卓朗,20250919,
600225.SH,退市卓朗,20250918,
600225.SH,退市卓朗,20250917,
600225.SH,退市卓朗,20250916,
600225.SH,退市卓朗,20250915,
600225.SH,退市卓朗,20250914,
600225.SH,退市卓朗,20250913,
600225.SH,退市卓朗,20250912,
600225.SH,退市卓朗,20250911,
600225.SH,退市卓朗,20250910,
600225.SH,退市卓朗,20250909,
600225.SH,退市卓朗,20250908,
600225.SH,退市卓朗,20250907,
600225.SH,退市卓朗,20250906,
600225.SH,退市卓朗,20250905,
600225.SH,退市卓朗,20250904,
600225.SH,退市卓朗,20250903,
600225.SH,退市卓朗,20250902,
600225.SH,退市卓朗,20250901,
600225.SH,退市卓朗,20250831,
600225.SH,退市卓朗,20250830,
600225.SH,退市卓朗,20250829,
600225.SH,退市卓朗,20250828,
600225.SH,退市卓朗,20250827,
600225.SH,退市卓朗,20250826,
600225.SH,退市卓朗,20250825,
600225.SH,退市卓朗,20250824,
600225.SH,退市卓朗,20250823,
600225.SH,退市卓朗,20250822,
600225.SH,退市卓朗,20250821,
600225.SH,退市卓朗,20250820,
600225.SH,退市卓朗,20250819,
600225.SH,退市卓朗,20250818,
600225.SH,退市卓朗,20250817,
600225.SH,退市卓朗,20250816,
600225.SH,退市卓朗,20250815,
600225.SH,退市卓朗,20250814,
600225.SH,退市卓朗,20250813,
600225.SH,退市卓朗,20250812,
600225.SH,退市卓朗,20250811,
600225.SH,退市卓朗,20250810,
600225.SH,退市卓朗,20250809,
600225.SH,退市卓朗,20250808,
600225.SH,退市卓朗,20250807,
600225.SH,退市卓朗,20250806,
600225.SH,退市卓朗,20250805,
600225.SH,退市卓朗,20250804,
600225.SH,退市卓朗,20250803,
600225.SH,退市卓朗,20250802,
600225.SH,退市卓朗,20250801,
600225.SH,退市卓朗,20250731,
600225.SH,退市卓朗,20250730,
600225.SH,退市卓朗,20250729,
600225.SH,退市卓朗,20250728,
600225.SH,退市卓朗,20250727,
600225.SH,退市卓朗,20250726,
600225.SH,退市卓朗,20250725,
600225.SH,退市卓朗,20250724,
600225.SH,退市卓朗,20250723,
600225.SH,退市卓朗,20250722,
600225.SH,退市卓朗,20250721,
600225.SH,退市卓朗,20250720,
600225.SH,退市卓朗,20250719,
600225.SH,退市卓朗,20250718,
600225.SH,退市卓朗,20250717,
600225.SH,退市卓朗,20250716,
600225.SH,退市卓朗,20250715,
600225.SH,退市卓朗,20250714,
600225.SH,退市卓朗,20250713,
600225.SH,退市卓朗,20250712,
600225.SH,退市卓朗,20250711,
600225.SH,退市卓朗,20250710,
600225.SH,退市卓朗,20250709,
600225.SH,退市卓朗,20250708,
600225.SH,退市卓朗,20250707,
600225.SH,退市卓朗,20250706,
600225.SH,退市卓朗,20250705,
600225.SH,退市卓朗,20250704,
600225.SH,退市卓朗,20250703,
600225.SH,退市卓朗,20250702,
600225.SH,退市卓朗,20250701,
600225.SH,退市卓朗,20250630,
600225.SH,退市卓朗,20250629,
600225.SH,退市卓朗,20250628,
600225.SH,退市卓朗,20250627,
600225.SH,退市卓朗,20250626,
600225.SH,退市卓朗,20250625,
600225.SH,退市卓朗,20250624,
600225.SH,退市卓朗,20250623,
600225.SH,退市卓朗,20250622,
600225.SH,退市卓朗,20250621,
600225.SH,退市卓朗,20250620,
600225.SH,退市卓朗,20250619,
600225.SH,退市卓朗,20250618,
600225.SH,退市卓朗,20250617,
600225.SH,退市卓朗,20250616,
600225.SH,退市卓朗,20250615,
600225.SH,退市卓朗,20250614,
600225.SH,退市卓朗,20250613,
600225.SH,退市卓朗,20250612,
600225.SH,退市卓朗,20250611,
600225.SH,退市卓朗,20250610,
600225.SH,退市卓朗,20250609,
600225.SH,退市卓朗,20250608,
600225.SH,退市卓朗,20250607,
600225.SH,退市卓朗,20250606,
600225.SH,退市卓朗,20250605,
600225.SH,退市卓朗,20250604,
600225.SH,退市卓朗,20250603,
600225.SH,退市卓朗,20250602,
600225.SH,退市卓朗,20250601,
600225.SH,退市卓朗,20250531,
600225.SH,退市卓朗,20250530,
600225.SH,退市卓朗,20250529,
600225.SH,退市卓朗,20250528,
600225.SH,退市卓朗,20250527,
600225.SH,退市卓朗,20250526,
600225.SH,退市卓朗,20250525,
600225.SH,退市卓朗,20250524,
600225.SH,退市卓朗,20250523,
600225.SH,退市卓朗,20250522,
600225.SH,退市卓朗,20250521,
600225.SH,退市卓朗,20250520,
600225.SH,退市卓朗,20250519,
600225.SH,退市卓朗,20250518,
600225.SH,退市卓朗,20250517,
600225.SH,退市卓朗,20250516,
600225.SH,退市卓朗,20250515,
600225.SH,退市卓朗,20250514,
600225.SH,退市卓朗,20250513,
600225.SH,退市卓朗,20250512,
600225.SH,退市卓朗,20250511,
600225.SH,退市卓朗,20250510,
600225.SH,退市卓朗,20250509,
600225.SH,退市卓朗,20250508,
600225.SH,退市卓朗,20250507,
600225.SH,退市卓朗,20250506,
600225.SH,退市卓朗,20250505,
600225.SH,退市卓朗,20250504,
600225.SH,退市卓朗,20250503,
600225.SH,退市卓朗,20250502,
600225.SH,退市卓朗,20250501,
600225.SH,退市卓朗,20250430,
600225.SH,退市卓朗,20250429,
600225.SH,退市卓朗,20250428,
600225.SH,退市卓朗,20250427,
600225.SH,退市卓朗,20250426,
600225.SH,退市卓朗,20250425,
600225.SH,退市卓朗,20250424,
600225.SH,退市卓朗,20250423,
600225.SH,退市卓朗,20250422,
600225.SH,退市卓朗,20250421,
600225.SH,退市卓朗,20250420,
600225.SH,退市卓朗,20250419,
600225.SH,退市卓朗,20250418,
600225.SH,退市卓朗,20250417,
600225.SH,退市卓朗,20250416,
600225.SH,退市卓朗,20250415,
600225.SH,退市卓朗,20250414,
600225.SH,退市卓朗,20250413,
600225.SH,退市卓朗,20250412,
600225.SH,退市卓朗,20250411,
600225.SH,退市卓朗,20250410,
600225.SH,退市卓朗,20250409,
600225.SH,退市卓朗,20250408,
600225.SH,退市卓朗,20250407,
600225.SH,退市卓朗,20250406,
600225.SH,退市卓朗,20250405,
600225.SH,退市卓朗,20250404,
600225.SH,退市卓朗,20250403,
600225.SH,退市卓朗,20250402,
600225.SH,退市卓朗,20250401,
600225.SH,退市卓朗,20250331,0.0
600225.SH,退市卓朗,20250330,0.0
600225.SH,退市卓朗,20250329,0.0
600225.SH,退市卓朗,20250328,0.0
600225.SH,退市卓朗,20250327,0.0
600225.SH,退市卓朗,20250326,0.0
600225.SH,退市卓朗,20250325,0.0
600225.SH,退市卓朗,20250324,0.0
600225.SH,退市卓朗,20250323,0.0
600225.SH,退市卓朗,20250322,0.0
600225.SH,退市卓朗,20250321,0.0
600225.SH,退市卓朗,20250320,0.0
600225.SH,退市卓朗,20250319,0.0
600225.SH,退市卓朗,20250318,0.0
600225.SH,退市卓朗,20250317,0.0
600225.SH,退市卓朗,20250316,0.0
600225.SH,退市卓朗,20250315,0.0
600225.SH,退市卓朗,20250314,0.0
600225.SH,退市卓朗,20250313,0.0
600225.SH,退市卓朗,20250312,0.0
600225.SH,退市卓朗,20250311,0.0
600225.SH,退市卓朗,20250310,0.0
600225.SH,退市卓朗,20250309,0.0
600225.SH,退市卓朗,20250308,0.0
600225.SH,退市卓朗,20250307,0.0
600225.SH,退市卓朗,20250306,0.0
600225.SH,退市卓朗,20250305,0.0
600225.SH,退市卓朗,20250304,0.0
600225.SH,退市卓朗,20250303,0.0
600225.SH,退市卓朗,20250302,0.0
600225.SH,退市卓朗,20250301,0.0
600225.SH,退市卓朗,20250228,-76.612903225806
600225.SH,退市卓朗,20250227,-76.612903225806
600225.SH,退市卓朗,20250226,-76.612903225806
600225.SH,退市卓朗,20250225,-76.612903225806
600225.SH,退市卓朗,20250224,-76.612903225806
600225.SH,退市卓朗,20250223,-76.612903225806
600225.SH,退市卓朗,20250222,-76.612903225806
600225.SH,退市卓朗,20250221,-76.612903225806
600225.SH,退市卓朗,20250220,-76.612903225806
600225.SH,退市卓朗,20250219,-76.612903225806
600225.SH,退市卓朗,20250218,-76.612903225806
600225.SH,退市卓朗,20250217,-76.612903225806
600225.SH,退市卓朗,20250216,-76.612903225806
600225.SH,退市卓朗,20250215,-76.612903225806
600225.SH,退市卓朗,20250214,-76.612903225806
600225.SH,退市卓朗,20250213,-76.612903225806
600225.SH,退市卓朗,20250212,-76.612903225806
600225.SH,退市卓朗,20250211,-76.612903225806
600225.SH,退市卓朗,20250210,-76.612903225806
600225.SH,退市卓朗,20250209,-76.612903225806
600225.SH,退市卓朗,20250208,-76.612903225806
600225.SH,退市卓朗,20250207,-76.612903225806
600225.SH,退市卓朗,20250206,-76.612903225806
600225.SH,退市卓朗,20250205,-76.612903225806
600225.SH,退市卓朗,20250204,-76.612903225806
600225.SH,退市卓朗,20250203,-76.612903225806
600225.SH,退市卓朗,20250202,-76.612903225806
600225.SH,退市卓朗,20250201,-76.612903225806
600225.SH,退市卓朗,20250131,0.0
600225.SH,退市卓朗,20250130,0.0
600225.SH,退市卓朗,20250129,0.0
600225.SH,退市卓朗,20250128,0.0
600225.SH,退市卓朗,20250127,0.0
600225.SH,退市卓朗,20250126,0.0
600225.SH,退市卓朗,20250125,0.0
600225.SH,退市卓朗,20250124,0.0
600225.SH,退市卓朗,20250123,0.0
600225.SH,退市卓朗,20250122,0.0
600225.SH,退市卓朗,20250121,0.0
600225.SH,退市卓朗,20250120,0.0
600225.SH,退市卓朗,20250119,0.0
600225.SH,退市卓朗,20250118,0.0
600225.SH,退市卓朗,20250117,0.0
600225.SH,退市卓朗,20250116,0.0
600225.SH,退市卓朗,20250115,0.0
600225.SH,退市卓朗,20250114,0.0
600225.SH,退市卓朗,20250113,0.0
600225.SH,退市卓朗,20250112,0.0
600225.SH,退市卓朗,20250111,0.0
600225.SH,退市卓朗,20250110,0.0
600225.SH,退市卓朗,20250109,0.0
600225.SH,退市卓朗,20250108,0.0
600225.SH,退市卓朗,20250107,0.0
600225.SH,退市卓朗,20250106,0.0
600225.SH,退市卓朗,20250105,0.0
600225.SH,退市卓朗,20250104,0.0
600225.SH,退市卓朗,20250103,0.0
600225.SH,退市卓朗,20250102,0.0
600225.SH,退市卓朗,20250101,0.0
600225.SH,退市卓朗,20241231,14.814814814815
600225.SH,退市卓朗,20241230,14.814814814815
600225.SH,退市卓朗,20241229,14.814814814815
600225.SH,退市卓朗,20241228,14.814814814815
600225.SH,退市卓朗,20241227,14.814814814815
600225.SH,退市卓朗,20241226,14.814814814815
600225.SH,退市卓朗,20241225,14.814814814815
600225.SH,退市卓朗,20241224,14.814814814815
600225.SH,退市卓朗,20241223,14.814814814815
600225.SH,退市卓朗,20241222,14.814814814815
600225.SH,退市卓朗,20241221,14.814814814815
600225.SH,退市卓朗,20241220,14.814814814815
600225.SH,退市卓朗,20241219,14.814814814815
600225.SH,退市卓朗,20241218,14.814814814815
600225.SH,退市卓朗,20241217,14.814814814815
600225.SH,退市卓朗,20241216,14.814814814815
600225.SH,退市卓朗,20241215,14.814814814815
600225.SH,退市卓朗,20241214,14.814814814815
600225.SH,退市卓朗,20241213,14.814814814815
600225.SH,退市卓朗,20241212,14.814814814815
600225.SH,退市卓朗,20241211,14.814814814815
600225.SH,退市卓朗,20241210,14.814814814815
600225.SH,退市卓朗,20241209,14.814814814815
600225.SH,退市卓朗,20241208,14.814814814815
600225.SH,退市卓朗,20241207,14.814814814815
600225.SH,退市卓朗,20241206,14.814814814815
600225.SH,退市卓朗,20241205,14.814814814815
600225.SH,退市卓朗,20241204,14.814814814815
600225.SH,退市卓朗,20241203,14.814814814815
600225.SH,退市卓朗,20241202,14.814814814815
600225.SH,退市卓朗,20241201,14.814814814815
600225.SH,退市卓朗,20241130,-65.930599369085
600225.SH,退市卓朗,20241129,-65.930599369085
600225.SH,退市卓朗,20241128,-65.930599369085
600225.SH,退市卓朗,20241127,-65.930599369085
600225.SH,退市卓朗,20241126,-65.930599369085
600225.SH,退市卓朗,20241125,-65.930599369085
600225.SH,退市卓朗,20241124,-65.930599369085
600225.SH,退市卓朗,20241123,-65.930599369085
600225.SH,退市卓朗,20241122,-65.930599369085
600225.SH,退市卓朗,20241121,-65.930599369085
600225.SH,退市卓朗,20241120,-65.930599369085
600225.SH,退市卓朗,20241119,-65.930599369085
600225.SH,退市卓朗,20241118,-65.930599369085
600225.SH,退市卓朗,20241117,-65.930599369085
600225.SH,退市卓朗,20241116,-65.930599369085
600225.SH,退市卓朗,20241115,-65.930599369085
600225.SH,退市卓朗,20241114,-65.930599369085
600225.SH,退市卓朗,20241113,-65.930599369085
600225.SH,退市卓朗,20241112,-65.930599369085
600225.SH,退市卓朗,20241111,-65.930599369085
600225.SH,退市卓朗,20241110,-65.930599369085
600225.SH,退市卓朗,20241109,-65.930599369085
600225.SH,退市卓朗,20241108,-65.930599369085
600225.SH,退市卓朗,20241107,-65.930599369085
600225.SH,退市卓朗,20241106,-65.930599369085
600225.SH,退市卓朗,20241105,-65.930599369085
600225.SH,退市卓朗,20241104,-65.930599369085
600225.SH,退市卓朗,20241103,-65.930599369085
600225.SH,退市卓朗,20241102,-65.930599369085
600225.SH,退市卓朗,20241101,-65.930599369085
600225.SH,退市卓朗,20241031,32.635983263598
600225.SH,退市卓朗,20241030,32.635983263598
600225.SH,退市卓朗,20241029,32.635983263598
600225.SH,退市卓朗,20241028,32.635983263598
600225.SH,退市卓朗,20241027,32.635983263598
600225.SH,退市卓朗,20241026,32.635983263598
600225.SH,退市卓朗,20241025,32.635983263598
600225.SH,退市卓朗,20241024,32.635983263598
600225.SH,退市卓朗,20241023,32.635983263598
600225.SH,退市卓朗,20241022,32.635983263598
600225.SH,退市卓朗,20241021,32.635983263598
600225.SH,退市卓朗,20241020,32.635983263598
600225.SH,退市卓朗,20241019,32.635983263598
600225.SH,退市卓朗,20241018,32.635983263598
600225.SH,退市卓朗,20241017,32.635983263598
600225.SH,退市卓朗,20241016,32.635983263598
600225.SH,退市卓朗,20241015,32.635983263598
600225.SH,退市卓朗,20241014,32.635983263598
600225.SH,退市卓朗,20241013,32.635983263598
600225.SH,退市卓朗,20241012,32.635983263598
600225.SH,退市卓朗,20241011,32.635983263598
600225.SH,退市卓朗,20241010,32.635983263598
600225.SH,退市卓朗,20241009,32.635983263598
600225.SH,退市卓朗,20241008,32.635983263598
600225.SH,退市卓朗,20241007,32.635983263598
600225.SH,退市卓朗,20241006,32.635983263598
600225.SH,退市卓朗,20241005,32.635983263598
600225.SH,退市卓朗,20241004,32.635983263598
600225.SH,退市卓朗,20241003,32.635983263598
600225.SH,退市卓朗,20241002,32.635983263598
600225.SH,退市卓朗,20241001,32.635983263598
600225.SH,退市卓朗,20240930,55.194805194805
600225.SH,退市卓朗,20240929,55.194805194805
600225.SH,退市卓朗,20240928,55.194805194805
600225.SH,退市卓朗,20240927,55.194805194805
600225.SH,退市卓朗,20240926,55.194805194805
600225.SH,退市卓朗,20240925,55.194805194805
600225.SH,退市卓朗,20240924,55.194805194805
600225.SH,退市卓朗,20240923,55.194805194805
600225.SH,退市卓朗,20240922,55.194805194805
600225.SH,退市卓朗,20240921,55.194805194805
600225.SH,退市卓朗,20240920,55.194805194805
600225.SH,退市卓朗,20240919,55.194805194805
600225.SH,退市卓朗,20240918,55.194805194805
600225.SH,退市卓朗,20240917,55.194805194805
600225.SH,退市卓朗,20240916,55.194805194805
600225.SH,退市卓朗,20240915,55.194805194805
600225.SH,退市卓朗,20240914,55.194805194805
600225.SH,退市卓朗,20240913,55.194805194805
600225.SH,退市卓朗,20240912,55.194805194805
600225.SH,退市卓朗,20240911,55.194805194805
600225.SH,退市卓朗,20240910,55.194805194805
600225.SH,退市卓朗,20240909,55.194805194805
600225.SH,退市卓朗,20240908,55.194805194805
600225.SH,退市卓朗,20240907,55.194805194805
600225.SH,退市卓朗,20240906,55.194805194805
600225.SH,退市卓朗,20240905,55.194805194805
600225.SH,退市卓朗,20240904,55.194805194805
600225.SH,退市卓朗,20240903,55.194805194805
600225.SH,退市卓朗,20240902,55.194805194805
600225.SH,退市卓朗,20240901,55.194805194805
600225.SH,退市卓朗,20240831,-12.994350282486
600225.SH,退市卓朗,20240830,-12.994350282486
600225.SH,退市卓朗,20240829,-12.994350282486
600225.SH,退市卓朗,20240828,-12.994350282486
600225.SH,退市卓朗,20240827,-12.994350282486
600225.SH,退市卓朗,20240826,-12.994350282486
600225.SH,退市卓朗,20240825,-12.994350282486
600225.SH,退市卓朗,20240824,-12.994350282486
600225.SH,退市卓朗,20240823,-12.994350282486
600225.SH,退市卓朗,20240822,-12.994350282486
600225.SH,退市卓朗,20240821,-12.994350282486
600225.SH,退市卓朗,20240820,-12.994350282486
600225.SH,退市卓朗,20240819,-12.994350282486
600225.SH,退市卓朗,20240818,-12.994350282486
600225.SH,退市卓朗,20240817,-12.994350282486
600225.SH,退市卓朗,20240816,-12.994350282486
600225.SH,退市卓朗,20240815,-12.994350282486
600225.SH,退市卓朗,20240814,-12.994350282486
600225.SH,退市卓朗,20240813,-12.994350282486
600225.SH,退市卓朗,20240812,-12.994350282486
600225.SH,退市卓朗,20240811,-12.994350282486
600225.SH,退市卓朗,20240810,-12.994350282486
600225.SH,退市卓朗,20240809,-12.994350282486
600225.SH,退市卓朗,20240808,-12.994350282486
600225.SH,退市卓朗,20240807,-12.994350282486
600225.SH,退市卓朗,20240806,-12.994350282486
600225.SH,退市卓朗,20240805,-12.994350282486
600225.SH,退市卓朗,20240804,-12.994350282486
600225.SH,退市卓朗,20240803,-12.994350282486
600225.SH,退市卓朗,20240802,-12.994350282486
600225.SH,退市卓朗,20240801,-12.994350282486
600225.SH,退市卓朗,20240731,1.7241379310345
600225.SH,退市卓朗,20240730,1.7241379310345
600225.SH,退市卓朗,20240729,1.7241379310345
600225.SH,退市卓朗,20240728,1.7241379310345
600225.SH,退市卓朗,20240727,1.7241379310345
600225.SH,退市卓朗,20240726,1.7241379310345
600225.SH,退市卓朗,20240725,1.7241379310345
600225.SH,退市卓朗,20240724,1.7241379310345
600225.SH,退市卓朗,20240723,1.7241379310345
600225.SH,退市卓朗,20240722,1.7241379310345
600225.SH,退市卓朗,20240721,1.7241379310345
600225.SH,退市卓朗,20240720,1.7241379310345
600225.SH,退市卓朗,20240719,1.7241379310345
600225.SH,退市卓朗,20240718,1.7241379310345
600225.SH,退市卓朗,20240717,1.7241379310345
600225.SH,退市卓朗,20240716,1.7241379310345
600225.SH,退市卓朗,20240715,1.7241379310345
600225.SH,退市卓朗,20240714,1.7241379310345
600225.SH,退市卓朗,20240713,1.7241379310345
600225.SH,退市卓朗,20240712,1.7241379310345
600225.SH,退市卓朗,20240711,1.7241379310345
600225.SH,退市卓朗,20240710,1.7241379310345
600225.SH,退市卓朗,20240709,1.7241379310345
600225.SH,退市卓朗,20240708,1.7241379310345
600225.SH,退市卓朗,20240707,1.7241379310345
600225.SH,退市卓朗,20240706,1.7241379310345
600225.SH,退市卓朗,20240705,1.7241379310345
600225.SH,退市卓朗,20240704,1.7241379310345
600225.SH,退市卓朗,20240703,1.7241379310345
600225.SH,退市卓朗,20240702,1.7241379310345
600225.SH,退市卓朗,20240701,1.7241379310345
600225.SH,退市卓朗,20240630,-21.621621621622
600225.SH,退市卓朗,20240629,-21.621621621622
600225.SH,退市卓朗,20240628,-21.621621621622
600225.SH,退市卓朗,20240627,-21.621621621622
600225.SH,退市卓朗,20240626,-21.621621621622
600225.SH,退市卓朗,20240625,-21.621621621622
600225.SH,退市卓朗,20240624,-21.621621621622
600225.SH,退市卓朗,20240623,-21.621621621622
600225.SH,退市卓朗,20240622,-21.621621621622
600225.SH,退市卓朗,20240621,-21.621621621622
600225.SH,退市卓朗,20240620,-21.621621621622
600225.SH,退市卓朗,20240619,-21.621621621622
600225.SH,退市卓朗,20240618,-21.621621621622
600225.SH,退市卓朗,20240617,-21.621621621622
600225.SH,退市卓朗,20240616,-21.621621621622
600225.SH,退市卓朗,20240615,-21.621621621622
600225.SH,退市卓朗,20240614,-21.621621621622
600225.SH,退市卓朗,20240613,-21.621621621622
600225.SH,退市卓朗,20240612,-21.621621621622
600225.SH,退市卓朗,20240611,-21.621621621622
600225.SH,退市卓朗,20240610,-21.621621621622
600225.SH,退市卓朗,20240609,-21.621621621622
600225.SH,退市卓朗,20240608,-21.621621621622
600225.SH,退市卓朗,20240607,-21.621621621622
600225.SH,退市卓朗,20240606,-21.621621621622
600225.SH,退市卓朗,20240605,-21.621621621622
600225.SH,退市卓朗,20240604,-21.621621621622
600225.SH,退市卓朗,20240603,-21.621621621622
600225.SH,退市卓朗,20240602,-21.621621621622
600225.SH,退市卓朗,20240601,-21.621621621622
600225.SH,退市卓朗,20240531,-17.472118959108
600225.SH,退市卓朗,20240530,-17.472118959108
600225.SH,退市卓朗,20240529,-17.472118959108
600225.SH,退市卓朗,20240528,-17.472118959108
600225.SH,退市卓朗,20240527,-17.472118959108
600225.SH,退市卓朗,20240526,-17.472118959108
600225.SH,退市卓朗,20240525,-17.472118959108
600225.SH,退市卓朗,20240524,-17.472118959108
600225.SH,退市卓朗,20240523,-17.472118959108
600225.SH,退市卓朗,20240522,-17.472118959108
600225.SH,退市卓朗,20240521,-17.472118959108
600225.SH,退市卓朗,20240520,-17.472118959108
600225.SH,退市卓朗,20240519,-17.472118959108
600225.SH,退市卓朗,20240518,-17.472118959108
600225.SH,退市卓朗,20240517,-17.472118959108
600225.SH,退市卓朗,20240516,-17.472118959108
600225.SH,退市卓朗,20240515,-17.472118959108
600225.SH,退市卓朗,20240514,-17.472118959108
600225.SH,退市卓朗,20240513,-17.472118959108
600225.SH,退市卓朗,20240512,-17.472118959108
600225.SH,退市卓朗,20240511,-17.472118959108
600225.SH,退市卓朗,20240510,-17.472118959108
600225.SH,退市卓朗,20240509,-17.472118959108
600225.SH,退市卓朗,20240508,-17.472118959108
600225.SH,退市卓朗,20240507,-17.472118959108
600225.SH,退市卓朗,20240506,-17.472118959108
600225.SH,退市卓朗,20240505,-17.472118959108
600225.SH,退市卓朗,20240504,-17.472118959108
600225.SH,退市卓朗,20240503,-17.472118959108
600225.SH,退市卓朗,20240502,-17.472118959108
600225.SH,退市卓朗,20240501,-17.472118959108
600225.SH,退市卓朗,20240430,-6.9204152249135
600225.SH,退市卓朗,20240429,-6.9204152249135
600225.SH,退市卓朗,20240428,-6.9204152249135
600225.SH,退市卓朗,20240427,-6.9204152249135
600225.SH,退市卓朗,20240426,-6.9204152249135
600225.SH,退市卓朗,20240425,-6.9204152249135
600225.SH,退市卓朗,20240424,-6.9204152249135
600225.SH,退市卓朗,20240423,-6.9204152249135
600225.SH,退市卓朗,20240422,-6.9204152249135
600225.SH,退市卓朗,20240421,-6.9204152249135
600225.SH,退市卓朗,20240420,-6.9204152249135
600225.SH,退市卓朗,20240419,-6.9204152249135
600225.SH,退市卓朗,20240418,-6.9204152249135
600225.SH,退市卓朗,20240417,-6.9204152249135
600225.SH,退市卓朗,20240416,-6.9204152249135
600225.SH,退市卓朗,20240415,-6.9204152249135
600225.SH,退市卓朗,20240414,-6.9204152249135
600225.SH,退市卓朗,20240413,-6.9204152249135
600225.SH,退市卓朗,20240412,-6.9204152249135
600225.SH,退市卓朗,20240411,-6.9204152249135
600225.SH,退市卓朗,20240410,-6.9204152249135
600225.SH,退市卓朗,20240409,-6.9204152249135
600225.SH,退市卓朗,20240408,-6.9204152249135
600225.SH,退市卓朗,20240407,-6.9204152249135
600225.SH,退市卓朗,20240406,-6.9204152249135
600225.SH,退市卓朗,20240405,-6.9204152249135
600225.SH,退市卓朗,20240404,-6.9204152249135
600225.SH,退市卓朗,20240403,-6.9204152249135
600225.SH,退市卓朗,20240402,-6.9204152249135
600225.SH,退市卓朗,20240401,-6.9204152249135
600225.SH,退市卓朗,20240331,-22.311827956989
600225.SH,退市卓朗,20240330,-22.311827956989
600225.SH,退市卓朗,20240329,-22.311827956989
600225.SH,退市卓朗,20240328,-22.311827956989
600225.SH,退市卓朗,20240327,-22.311827956989
600225.SH,退市卓朗,20240326,-22.311827956989
600225.SH,退市卓朗,20240325,-22.311827956989
600225.SH,退市卓朗,20240324,-22.311827956989
600225.SH,退市卓朗,20240323,-22.311827956989
600225.SH,退市卓朗,20240322,-22.311827956989
600225.SH,退市卓朗,20240321,-22.311827956989
600225.SH,退市卓朗,20240320,-22.311827956989
600225.SH,退市卓朗,20240319,-22.311827956989
600225.SH,退市卓朗,20240318,-22.311827956989
600225.SH,退市卓朗,20240317,-22.311827956989
600225.SH,退市卓朗,20240316,-22.311827956989
600225.SH,退市卓朗,20240315,-22.311827956989
600225.SH,退市卓朗,20240314,-22.311827956989
600225.SH,退市卓朗,20240313,-22.311827956989
600225.SH,退市卓朗,20240312,-22.311827956989
600225.SH,退市卓朗,20240311,-22.311827956989
600225.SH,退市卓朗,20240310,-22.311827956989
600225.SH,退市卓朗,20240309,-22.311827956989
600225.SH,退市卓朗,20240308,-22.311827956989
600225.SH,退市卓朗,20240307,-22.311827956989
600225.SH,退市卓朗,20240306,-22.311827956989
600225.SH,退市卓朗,20240305,-22.311827956989
600225.SH,退市卓朗,20240304,-22.311827956989
600225.SH,退市卓朗,20240303,-22.311827956989
600225.SH,退市卓朗,20240302,-22.311827956989
600225.SH,退市卓朗,20240301,-22.311827956989
600225.SH,退市卓朗,20240229,23.58803986711
600225.SH,退市卓朗,20240228,23.58803986711
600225.SH,退市卓朗,20240227,23.58803986711
600225.SH,退市卓朗,20240226,23.58803986711
600225.SH,退市卓朗,20240225,23.58803986711
600225.SH,退市卓朗,20240224,23.58803986711
600225.SH,退市卓朗,20240223,23.58803986711
600225.SH,退市卓朗,20240222,23.58803986711
600225.SH,退市卓朗,20240221,23.58803986711
600225.SH,退市卓朗,20240220,23.58803986711
600225.SH,退市卓朗,20240219,23.58803986711
600225.SH,退市卓朗,20240218,23.58803986711
600225.SH,退市卓朗,20240217,23.58803986711
600225.SH,退市卓朗,20240216,23.58803986711
600225.SH,退市卓朗,20240215,23.58803986711
600225.SH,退市卓朗,20240214,23.58803986711
600225.SH,退市卓朗,20240213,23.58803986711
600225.SH,退市卓朗,20240212,23.58803986711
600225.SH,退市卓朗,20240211,23.58803986711
600225.SH,退市卓朗,20240210,23.58803986711
600225.SH,退市卓朗,20240209,23.58803986711
600225.SH,退市卓朗,20240208,23.58803986711
600225.SH,退市卓朗,20240207,23.58803986711
600225.SH,退市卓朗,20240206,23.58803986711
600225.SH,退市卓朗,20240205,23.58803986711
600225.SH,退市卓朗,20240204,23.58803986711
600225.SH,退市卓朗,20240203,23.58803986711
600225.SH,退市卓朗,20240202,23.58803986711
600225.SH,退市卓朗,20240201,23.58803986711
600225.SH,退市卓朗,20240131,-20.789473684211
600225.SH,退市卓朗,20240130,-20.789473684211
600225.SH,退市卓朗,20240129,-20.789473684211
600225.SH,退市卓朗,20240128,-20.789473684211
600225.SH,退市卓朗,20240127,-20.789473684211
600225.SH,退市卓朗,20240126,-20.789473684211
600225.SH,退市卓朗,20240125,-20.789473684211
600225.SH,退市卓朗,20240124,-20.789473684211
600225.SH,退市卓朗,20240123,-20.789473684211
600225.SH,退市卓朗,20240122,-20.789473684211
600225.SH,退市卓朗,20240121,-20.789473684211
600225.SH,退市卓朗,20240120,-20.789473684211
600225.SH,退市卓朗,20240119,-20.789473684211
600225.SH,退市卓朗,20240118,-20.789473684211
600225.SH,退市卓朗,20240117,-20.789473684211
600225.SH,退市卓朗,20240116,-20.789473684211
600225.SH,退市卓朗,20240115,-20.789473684211
600225.SH,退市卓朗,20240114,-20.789473684211
600225.SH,退市卓朗,20240113,-20.789473684211
600225.SH,退市卓朗,20240112,-20.789473684211
600225.SH,退市卓朗,20240111,-20.789473684211
600225.SH,退市卓朗,20240110,-20.789473684211
600225.SH,退市卓朗,20240109,-20.789473684211
600225.SH,退市卓朗,20240108,-20.789473684211
600225.SH,退市卓朗,20240107,-20.789473684211
600225.SH,退市卓朗,20240106,-20.789473684211
600225.SH,退市卓朗,20240105,-20.789473684211
600225.SH,退市卓朗,20240104,-20.789473684211
600225.SH,退市卓朗,20240103,-20.789473684211
600225.SH,退市卓朗,20240102,-20.789473684211
600225.SH,退市卓朗,20240101,-20.789473684211
600225.SH,退市卓朗,20231231,-10.16548463357
600225.SH,退市卓朗,20231230,-10.16548463357
600225.SH,退市卓朗,20231229,-10.16548463357
600225.SH,退市卓朗,20231228,-10.16548463357
600225.SH,退市卓朗,20231227,-10.16548463357
600225.SH,退市卓朗,20231226,-10.16548463357
600225.SH,退市卓朗,20231225,-10.16548463357
600225.SH,退市卓朗,20231224,-10.16548463357
600225.SH,退市卓朗,20231223,-10.16548463357
600225.SH,退市卓朗,20231222,-10.16548463357
600225.SH,退市卓朗,20231221,-10.16548463357
600225.SH,退市卓朗,20231220,-10.16548463357
600225.SH,退市卓朗,20231219,-10.16548463357
600225.SH,退市卓朗,20231218,-10.16548463357
600225.SH,退市卓朗,20231217,-10.16548463357
600225.SH,退市卓朗,20231216,-10.16548463357
600225.SH,退市卓朗,20231215,-10.16548463357
600225.SH,退市卓朗,20231214,-10.16548463357
600225.SH,退市卓朗,20231213,-10.16548463357
600225.SH,退市卓朗,20231212,-10.16548463357
600225.SH,退市卓朗,20231211,-10.16548463357
600225.SH,退市卓朗,20231210,-10.16548463357
600225.SH,退市卓朗,20231209,-10.16548463357
600225.SH,退市卓朗,20231208,-10.16548463357
600225.SH,退市卓朗,20231207,-10.16548463357
600225.SH,退市卓朗,20231206,-10.16548463357
600225.SH,退市卓朗,20231205,-10.16548463357
600225.SH,退市卓朗,20231204,-10.16548463357
600225.SH,退市卓朗,20231203,-10.16548463357
600225.SH,退市卓朗,20231202,-10.16548463357
600225.SH,退市卓朗,20231201,-10.16548463357
600225.SH,退市卓朗,20231130,0.0
600225.SH,退市卓朗,20231129,0.0
600225.SH,退市卓朗,20231128,0.0
600225.SH,退市卓朗,20231127,0.0
600225.SH,退市卓朗,20231126,0.0
600225.SH,退市卓朗,20231125,0.0
600225.SH,退市卓朗,20231124,0.0
600225.SH,退市卓朗,20231123,0.0
600225.SH,退市卓朗,20231122,0.0
600225.SH,退市卓朗,20231121,0.0
600225.SH,退市卓朗,20231120,0.0
600225.SH,退市卓朗,20231119,0.0
600225.SH,退市卓朗,20231118,0.0
600225.SH,退市卓朗,20231117,0.0
600225.SH,退市卓朗,20231116,0.0
600225.SH,退市卓朗,20231115,0.0
600225.SH,退市卓朗,20231114,0.0
600225.SH,退市卓朗,20231113,0.0
600225.SH,退市卓朗,20231112,0.0
600225.SH,退市卓朗,20231111,0.0
600225.SH,退市卓朗,20231110,0.0
600225.SH,退市卓朗,20231109,0.0
600225.SH,退市卓朗,20231108,0.0
600225.SH,退市卓朗,20231107,0.0
600225.SH,退市卓朗,20231106,0.0
600225.SH,退市卓朗,20231105,0.0
600225.SH,退市卓朗,20231104,0.0
600225.SH,退市卓朗,20231103,0.0
600225.SH,退市卓朗,20231102,0.0
600225.SH,退市卓朗,20231101,0.0
600225.SH,退市卓朗,20231031,-13.849287169043
600225.SH,退市卓朗,20231030,-13.849287169043
600225.SH,退市卓朗,20231029,-13.849287169043
600225.SH,退市卓朗,20231028,-13.849287169043
600225.SH,退市卓朗,20231027,-13.849287169043
600225.SH,退市卓朗,20231026,-13.849287169043
600225.SH,退市卓朗,20231025,-13.849287169043
600225.SH,退市卓朗,20231024,-13.849287169043
600225.SH,退市卓朗,20231023,-13.849287169043
600225.SH,退市卓朗,20231022,-13.849287169043
600225.SH,退市卓朗,20231021,-13.849287169043
600225.SH,退市卓朗,20231020,-13.849287169043
600225.SH,退市卓朗,20231019,-13.849287169043
600225.SH,退市卓朗,20231018,-13.849287169043
600225.SH,退市卓朗,20231017,-13.849287169043
600225.SH,退市卓朗,20231016,-13.849287169043
600225.SH,退市卓朗,20231015,-13.849287169043
600225.SH,退市卓朗,20231014,-13.849287169043
600225.SH,退市卓朗,20231013,-13.849287169043
600225.SH,退市卓朗,20231012,-13.849287169043
600225.SH,退市卓朗,20231011,-13.849287169043
600225.SH,退市卓朗,20231010,-13.849287169043
600225.SH,退市卓朗,20231009,-13.849287169043
600225.SH,退市卓朗,20231008,-13.849287169043
600225.SH,退市卓朗,20231007,-13.849287169043
600225.SH,退市卓朗,20231006,-13.849287169043
600225.SH,退市卓朗,20231005,-13.849287169043
600225.SH,退市卓朗,20231004,-13.849287169043
600225.SH,退市卓朗,20231003,-13.849287169043
600225.SH,退市卓朗,20231002,-13.849287169043
600225.SH,退市卓朗,20231001,-13.849287169043
600225.SH,退市卓朗,20230930,-6.2977099236641
600225.SH,退市卓朗,20230929,-6.2977099236641
600225.SH,退市卓朗,20230928,-6.2977099236641
600225.SH,退市卓朗,20230927,-6.2977099236641
600225.SH,退市卓朗,20230926,-6.2977099236641
600225.SH,退市卓朗,20230925,-6.2977099236641
600225.SH,退市卓朗,20230924,-6.2977099236641
600225.SH,退市卓朗,20230923,-6.2977099236641
600225.SH,退市卓朗,20230922,-6.2977099236641
600225.SH,退市卓朗,20230921,-6.2977099236641
600225.SH,退市卓朗,20230920,-6.2977099236641
600225.SH,退市卓朗,20230919,-6.2977099236641
600225.SH,退市卓朗,20230918,-6.2977099236641
600225.SH,退市卓朗,20230917,-6.2977099236641
600225.SH,退市卓朗,20230916,-6.2977099236641
600225.SH,退市卓朗,20230915,-6.2977099236641
600225.SH,退市卓朗,20230914,-6.2977099236641
600225.SH,退市卓朗,20230913,-6.2977099236641
600225.SH,退市卓朗,20230912,-6.2977099236641
600225.SH,退市卓朗,20230911,-6.2977099236641
600225.SH,退市卓朗,20230910,-6.2977099236641
600225.SH,退市卓朗,20230909,-6.2977099236641
600225.SH,退市卓朗,20230908,-6.2977099236641
600225.SH,退市卓朗,20230907,-6.2977099236641
600225.SH,退市卓朗,20230906,-6.2977099236641
600225.SH,退市卓朗,20230905,-6.2977099236641
600225.SH,退市卓朗,20230904,-6.2977099236641
600225.SH,退市卓朗,20230903,-6.2977099236641
600225.SH,退市卓朗,20230902,-6.2977099236641
600225.SH,退市卓朗,20230901,-6.2977099236641
600225.SH,退市卓朗,20230831,-13.245033112583
600225.SH,退市卓朗,20230830,-13.245033112583
600225.SH,退市卓朗,20230829,-13.245033112583
600225.SH,退市卓朗,20230828,-13.245033112583
600225.SH,退市卓朗,20230827,-13.245033112583
600225.SH,退市卓朗,20230826,-13.245033112583
600225.SH,退市卓朗,20230825,-13.245033112583
600225.SH,退市卓朗,20230824,-13.245033112583
600225.SH,退市卓朗,20230823,-13.245033112583
600225.SH,退市卓朗,20230822,-13.245033112583
600225.SH,退市卓朗,20230821,-13.245033112583
600225.SH,退市卓朗,20230820,-13.245033112583
600225.SH,退市卓朗,20230819,-13.245033112583
600225.SH,退市卓朗,20230818,-13.245033112583
600225.SH,退市卓朗,20230817,-13.245033112583
600225.SH,退市卓朗,20230816,-13.245033112583
600225.SH,退市卓朗,20230815,-13.245033112583
600225.SH,退市卓朗,20230814,-13.245033112583
600225.SH,退市卓朗,20230813,-13.245033112583
600225.SH,退市卓朗,20230812,-13.245033112583
600225.SH,退市卓朗,20230811,-13.245033112583
600225.SH,退市卓朗,20230810,-13.245033112583
600225.SH,退市卓朗,20230809,-13.245033112583
600225.SH,退市卓朗,20230808,-13.245033112583
600225.SH,退市卓朗,20230807,-13.245033112583
600225.SH,退市卓朗,20230806,-13.245033112583
600225.SH,退市卓朗,20230805,-13.245033112583
600225.SH,退市卓朗,20230804,-13.245033112583
600225.SH,退市卓朗,20230803,-13.245033112583
600225.SH,退市卓朗,20230802,-13.245033112583
600225.SH,退市卓朗,20230801,-13.245033112583
600225.SH,退市卓朗,20230731,-1.468189233279
600225.SH,退市卓朗,20230730,-1.468189233279
600225.SH,退市卓朗,20230729,-1.468189233279
600225.SH,退市卓朗,20230728,-1.468189233279
600225.SH,退市卓朗,20230727,-1.468189233279
600225.SH,退市卓朗,20230726,-1.468189233279
600225.SH,退市卓朗,20230725,-1.468189233279
600225.SH,退市卓朗,20230724,-1.468189233279
600225.SH,退市卓朗,20230723,-1.468189233279
600225.SH,退市卓朗,20230722,-1.468189233279
600225.SH,退市卓朗,20230721,-1.468189233279
600225.SH,退市卓朗,20230720,-1.468189233279
600225.SH,退市卓朗,20230719,-1.468189233279
600225.SH,退市卓朗,20230718,-1.468189233279
600225.SH,退市卓朗,20230717,-1.468189233279
600225.SH,退市卓朗,20230716,-1.468189233279
600225.SH,退市卓朗,20230715,-1.468189233279
600225.SH,退市卓朗,20230714,-1.468189233279
600225.SH,退市卓朗,20230713,-1.468189233279
600225.SH,退市卓朗,20230712,-1.468189233279
600225.SH,退市卓朗,20230711,-1.468189233279
600225.SH,退市卓朗,20230710,-1.468189233279
600225.SH,退市卓朗,20230709,-1.468189233279
600225.SH,退市卓朗,20230708,-1.468189233279
600225.SH,退市卓朗,20230707,-1.468189233279
600225.SH,退市卓朗,20230706,-1.468189233279
600225.SH,退市卓朗,20230705,-1.468189233279
600225.SH,退市卓朗,20230704,-1.468189233279
600225.SH,退市卓朗,20230703,-1.468189233279
600225.SH,退市卓朗,20230702,-1.468189233279
600225.SH,退市卓朗,20230701,-1.468189233279
600225.SH,退市卓朗,20230630,33.551198257081
600225.SH,退市卓朗,20230629,33.551198257081
600225.SH,退市卓朗,20230628,33.551198257081
600225.SH,退市卓朗,20230627,33.551198257081
600225.SH,退市卓朗,20230626,33.551198257081
600225.SH,退市卓朗,20230625,33.551198257081
600225.SH,退市卓朗,20230624,33.551198257081
600225.SH,退市卓朗,20230623,33.551198257081
600225.SH,退市卓朗,20230622,33.551198257081
600225.SH,退市卓朗,20230621,33.551198257081
600225.SH,退市卓朗,20230620,33.551198257081
600225.SH,退市卓朗,20230619,33.551198257081
600225.SH,退市卓朗,20230618,33.551198257081
600225.SH,退市卓朗,20230617,33.551198257081
600225.SH,退市卓朗,20230616,33.551198257081
600225.SH,退市卓朗,20230615,33.551198257081
600225.SH,退市卓朗,20230614,33.551198257081
600225.SH,退市卓朗,20230613,33.551198257081
600225.SH,退市卓朗,20230612,33.551198257081
600225.SH,退市卓朗,20230611,33.551198257081
600225.SH,退市卓朗,20230610,33.551198257081
600225.SH,退市卓朗,20230609,33.551198257081
600225.SH,退市卓朗,20230608,33.551198257081
600225.SH,退市卓朗,20230607,33.551198257081
600225.SH,退市卓朗,20230606,33.551198257081
600225.SH,退市卓朗,20230605,33.551198257081
600225.SH,退市卓朗,20230604,33.551198257081
600225.SH,退市卓朗,20230603,33.551198257081
600225.SH,退市卓朗,20230602,33.551198257081
600225.SH,退市卓朗,20230601,33.551198257081
600225.SH,退市卓朗,20230531,4.0816326530612
600225.SH,退市卓朗,20230530,4.0816326530612
600225.SH,退市卓朗,20230529,4.0816326530612
600225.SH,退市卓朗,20230528,4.0816326530612
600225.SH,退市卓朗,20230527,4.0816326530612
600225.SH,退市卓朗,20230526,4.0816326530612
600225.SH,退市卓朗,20230525,4.0816326530612
600225.SH,退市卓朗,20230524,4.0816326530612
600225.SH,退市卓朗,20230523,4.0816326530612
600225.SH,退市卓朗,20230522,4.0816326530612
600225.SH,退市卓朗,20230521,4.0816326530612
600225.SH,退市卓朗,20230520,4.0816326530612
600225.SH,退市卓朗,20230519,4.0816326530612
600225.SH,退市卓朗,20230518,4.0816326530612
600225.SH,退市卓朗,20230517,4.0816326530612
600225.SH,退市卓朗,20230516,4.0816326530612
600225.SH,退市卓朗,20230515,4.0816326530612
600225.SH,退市卓朗,20230514,4.0816326530612
600225.SH,退市卓朗,20230513,4.0816326530612
600225.SH,退市卓朗,20230512,4.0816326530612
600225.SH,退市卓朗,20230511,4.0816326530612
600225.SH,退市卓朗,20230510,4.0816326530612
600225.SH,退市卓朗,20230509,4.0816326530612
600225.SH,退市卓朗,20230508,4.0816326530612
600225.SH,退市卓朗,20230507,4.0816326530612
600225.SH,退市卓朗,20230506,4.0816326530612
600225.SH,退市卓朗,20230505,4.0816326530612
600225.SH,退市卓朗,20230504,4.0816326530612
600225.SH,退市卓朗,20230503,4.0816326530612
600225.SH,退市卓朗,20230502,4.0816326530612
600225.SH,退市卓朗,20230501,4.0816326530612
600225.SH,退市卓朗,20230430,-6.3694267515924
600225.SH,退市卓朗,20230429,-6.3694267515924
600225.SH,退市卓朗,20230428,-6.3694267515924
600225.SH,退市卓朗,20230427,-6.3694267515924
600225.SH,退市卓朗,20230426,-6.3694267515924
600225.SH,退市卓朗,20230425,-6.3694267515924
600225.SH,退市卓朗,20230424,-6.3694267515924
600225.SH,退市卓朗,20230423,-6.3694267515924
600225.SH,退市卓朗,20230422,-6.3694267515924
600225.SH,退市卓朗,20230421,-6.3694267515924
600225.SH,退市卓朗,20230420,-6.3694267515924
600225.SH,退市卓朗,20230419,-6.3694267515924
600225.SH,退市卓朗,20230418,-6.3694267515924
600225.SH,退市卓朗,20230417,-6.3694267515924
600225.SH,退市卓朗,20230416,-6.3694267515924
600225.SH,退市卓朗,20230415,-6.3694267515924
600225.SH,退市卓朗,20230414,-6.3694267515924
600225.SH,退市卓朗,20230413,-6.3694267515924
600225.SH,退市卓朗,20230412,-6.3694267515924
600225.SH,退市卓朗,20230411,-6.3694267515924
600225.SH,退市卓朗,20230410,-6.3694267515924
600225.SH,退市卓朗,20230409,-6.3694267515924
600225.SH,退市卓朗,20230408,-6.3694267515924
600225.SH,退市卓朗,20230407,-6.3694267515924
600225.SH,退市卓朗,20230406,-6.3694267515924
600225.SH,退市卓朗,20230405,-6.3694267515924
600225.SH,退市卓朗,20230404,-6.3694267515924
600225.SH,退市卓朗,20230403,-6.3694267515924
600225.SH,退市卓朗,20230402,-6.3694267515924
600225.SH,退市卓朗,20230401,-6.3694267515924
600225.SH,退市卓朗,20230331,-32.810271041369
600225.SH,退市卓朗,20230330,-32.810271041369
600225.SH,退市卓朗,20230329,-32.810271041369
600225.SH,退市卓朗,20230328,-32.810271041369
600225.SH,退市卓朗,20230327,-32.810271041369
600225.SH,退市卓朗,20230326,-32.810271041369
600225.SH,退市卓朗,20230325,-32.810271041369
600225.SH,退市卓朗,20230324,-32.810271041369
600225.SH,退市卓朗,20230323,-32.810271041369
600225.SH,退市卓朗,20230322,-32.810271041369
600225.SH,退市卓朗,20230321,-32.810271041369
600225.SH,退市卓朗,20230320,-32.810271041369
600225.SH,退市卓朗,20230319,-32.810271041369
600225.SH,退市卓朗,20230318,-32.810271041369
600225.SH,退市卓朗,20230317,-32.810271041369
600225.SH,退市卓朗,20230316,-32.810271041369
600225.SH,退市卓朗,20230315,-32.810271041369
600225.SH,退市卓朗,20230314,-32.810271041369
600225.SH,退市卓朗,20230313,-32.810271041369
600225.SH,退市卓朗,20230312,-32.810271041369
600225.SH,退市卓朗,20230311,-32.810271041369
600225.SH,退市卓朗,20230310,-32.810271041369
600225.SH,退市卓朗,20230309,-32.810271041369
600225.SH,退市卓朗,20230308,-32.810271041369
600225.SH,退市卓朗,20230307,-32.810271041369
600225.SH,退市卓朗,20230306,-32.810271041369
600225.SH,退市卓朗,20230305,-32.810271041369
600225.SH,退市卓朗,20230304,-32.810271041369
600225.SH,退市卓朗,20230303,-32.810271041369
600225.SH,退市卓朗,20230302,-32.810271041369
600225.SH,退市卓朗,20230301,-32.810271041369
600225.SH,退市卓朗,20230228,-3.7087912087912
600225.SH,退市卓朗,20230227,-3.7087912087912
600225.SH,退市卓朗,20230226,-3.7087912087912
600225.SH,退市卓朗,20230225,-3.7087912087912
600225.SH,退市卓朗,20230224,-3.7087912087912
600225.SH,退市卓朗,20230223,-3.7087912087912
600225.SH,退市卓朗,20230222,-3.7087912087912
600225.SH,退市卓朗,20230221,-3.7087912087912
600225.SH,退市卓朗,20230220,-3.7087912087912
600225.SH,退市卓朗,20230219,-3.7087912087912
600225.SH,退市卓朗,20230218,-3.7087912087912
600225.SH,退市卓朗,20230217,-3.7087912087912
600225.SH,退市卓朗,20230216,-3.7087912087912
600225.SH,退市卓朗,20230215,-3.7087912087912
600225.SH,退市卓朗,20230214,-3.7087912087912
600225.SH,退市卓朗,20230213,-3.7087912087912
600225.SH,退市卓朗,20230212,-3.7087912087912
600225.SH,退市卓朗,20230211,-3.7087912087912
600225.SH,退市卓朗,20230210,-3.7087912087912
600225.SH,退市卓朗,20230209,-3.7087912087912
600225.SH,退市卓朗,20230208,-3.7087912087912
600225.SH,退市卓朗,20230207,-3.7087912087912
600225.SH,退市卓朗,20230206,-3.7087912087912
600225.SH,退市卓朗,20230205,-3.7087912087912
600225.SH,退市卓朗,20230204,-3.7087912087912
600225.SH,退市卓朗,20230203,-3.7087912087912
600225.SH,退市卓朗,20230202,-3.7087912087912
600225.SH,退市卓朗,20230201,-3.7087912087912
600225.SH,退市卓朗,20230131,14.285714285714
600225.SH,退市卓朗,20230130,14.285714285714
600225.SH,退市卓朗,20230129,14.285714285714
600225.SH,退市卓朗,20230128,14.285714285714
600225.SH,退市卓朗,20230127,14.285714285714
600225.SH,退市卓朗,20230126,14.285714285714
600225.SH,退市卓朗,20230125,14.285714285714
600225.SH,退市卓朗,20230124,14.285714285714
600225.SH,退市卓朗,20230123,14.285714285714
600225.SH,退市卓朗,20230122,14.285714285714
600225.SH,退市卓朗,20230121,14.285714285714
600225.SH,退市卓朗,20230120,14.285714285714
600225.SH,退市卓朗,20230119,14.285714285714
600225.SH,退市卓朗,20230118,14.285714285714
600225.SH,退市卓朗,20230117,14.285714285714
600225.SH,退市卓朗,20230116,14.285714285714
600225.SH,退市卓朗,20230115,14.285714285714
600225.SH,退市卓朗,20230114,14.285714285714
600225.SH,退市卓朗,20230113,14.285714285714
600225.SH,退市卓朗,20230112,14.285714285714
600225.SH,退市卓朗,20230111,14.285714285714
600225.SH,退市卓朗,20230110,14.285714285714
600225.SH,退市卓朗,20230109,14.285714285714
600225.SH,退市卓朗,20230108,14.285714285714
600225.SH,退市卓朗,20230107,14.285714285714
600225.SH,退市卓朗,20230106,14.285714285714
600225.SH,退市卓朗,20230105,14.285714285714
600225.SH,退市卓朗,20230104,14.285714285714
600225.SH,退市卓朗,20230103,14.285714285714
600225.SH,退市卓朗,20230102,14.285714285714
600225.SH,退市卓朗,20230101,14.285714285714
600225.SH,退市卓朗,20221231,79.943502824859
600225.SH,退市卓朗,20221230,79.943502824859
600225.SH,退市卓朗,20221229,79.943502824859
600225.SH,退市卓朗,20221228,79.943502824859
600225.SH,退市卓朗,20221227,79.943502824859
600225.SH,退市卓朗,20221226,79.943502824859
600225.SH,退市卓朗,20221225,79.943502824859
600225.SH,退市卓朗,20221224,79.943502824859
600225.SH,退市卓朗,20221223,79.943502824859
600225.SH,退市卓朗,20221222,79.943502824859
600225.SH,退市卓朗,20221221,79.943502824859
600225.SH,退市卓朗,20221220,79.943502824859
600225.SH,退市卓朗,20221219,79.943502824859
600225.SH,退市卓朗,20221218,79.943502824859
600225.SH,退市卓朗,20221217,79.943502824859
600225.SH,退市卓朗,20221216,79.943502824859
600225.SH,退市卓朗,20221215,79.943502824859
600225.SH,退市卓朗,20221214,79.943502824859
600225.SH,退市卓朗,20221213,79.943502824859
600225.SH,退市卓朗,20221212,79.943502824859
600225.SH,退市卓朗,20221211,79.943502824859
600225.SH,退市卓朗,20221210,79.943502824859
600225.SH,退市卓朗,20221209,79.943502824859
600225.SH,退市卓朗,20221208,79.943502824859
600225.SH,退市卓朗,20221207,79.943502824859
600225.SH,退市卓朗,20221206,79.943502824859
600225.SH,退市卓朗,20221205,79.943502824859
600225.SH,退市卓朗,20221204,79.943502824859
600225.SH,退市卓朗,20221203,79.943502824859
600225.SH,退市卓朗,20221202,79.943502824859
600225.SH,退市卓朗,20221201,79.943502824859
600225.SH,退市卓朗,20221130,10.971786833856
600225.SH,退市卓朗,20221129,10.971786833856
600225.SH,退市卓朗,20221128,10.971786833856
600225.SH,退市卓朗,20221127,10.971786833856
600225.SH,退市卓朗,20221126,10.971786833856
600225.SH,退市卓朗,20221125,10.971786833856
600225.SH,退市卓朗,20221124,10.971786833856
600225.SH,退市卓朗,20221123,10.971786833856
600225.SH,退市卓朗,20221122,10.971786833856
600225.SH,退市卓朗,20221121,10.971786833856
600225.SH,退市卓朗,20221120,10.971786833856
600225.SH,退市卓朗,20221119,10.971786833856
600225.SH,退市卓朗,20221118,10.971786833856
600225.SH,退市卓朗,20221117,10.971786833856
600225.SH,退市卓朗,20221116,10.971786833856
600225.SH,退市卓朗,20221115,10.971786833856
600225.SH,退市卓朗,20221114,10.971786833856
600225.SH,退市卓朗,20221113,10.971786833856
600225.SH,退市卓朗,20221112,10.971786833856
600225.SH,退市卓朗,20221111,10.971786833856
600225.SH,退市卓朗,20221110,10.971786833856
600225.SH,退市卓朗,20221109,10.971786833856
600225.SH,退市卓朗,20221108,10.971786833856
600225.SH,退市卓朗,20221107,10.971786833856
600225.SH,退市卓朗,20221106,10.971786833856
600225.SH,退市卓朗,20221105,10.971786833856
600225.SH,退市卓朗,20221104,10.971786833856
600225.SH,退市卓朗,20221103,10.971786833856
600225.SH,退市卓朗,20221102,10.971786833856
600225.SH,退市卓朗,20221101,10.971786833856
600225.SH,退市卓朗,20221031,5.2805280528053
600225.SH,退市卓朗,20221030,5.2805280528053
600225.SH,退市卓朗,20221029,5.2805280528053
600225.SH,退市卓朗,20221028,5.2805280528053
600225.SH,退市卓朗,20221027,5.2805280528053
600225.SH,退市卓朗,20221026,5.2805280528053
600225.SH,退市卓朗,20221025,5.2805280528053
600225.SH,退市卓朗,20221024,5.2805280528053
600225.SH,退市卓朗,20221023,5.2805280528053
600225.SH,退市卓朗,20221022,5.2805280528053
600225.SH,退市卓朗,20221021,5.2805280528053
600225.SH,退市卓朗,20221020,5.2805280528053
600225.SH,退市卓朗,20221019,5.2805280528053
600225.SH,退市卓朗,20221018,5.2805280528053
600225.SH,退市卓朗,20221017,5.2805280528053
600225.SH,退市卓朗,20221016,5.2805280528053
600225.SH,退市卓朗,20221015,5.2805280528053
600225.SH,退市卓朗,20221014,5.2805280528053
600225.SH,退市卓朗,20221013,5.2805280528053
600225.SH,退市卓朗,20221012,5.2805280528053
600225.SH,退市卓朗,20221011,5.2805280528053
600225.SH,退市卓朗,20221010,5.2805280528053
600225.SH,退市卓朗,20221009,5.2805280528053
600225.SH,退市卓朗,20221008,5.2805280528053
600225.SH,退市卓朗,20221007,5.2805280528053
600225.SH,退市卓朗,20221006,5.2805280528053
600225.SH,退市卓朗,20221005,5.2805280528053
600225.SH,退市卓朗,20221004,5.2805280528053
600225.SH,退市卓朗,20221003,5.2805280528053
600225.SH,退市卓朗,20221002,5.2805280528053
600225.SH,退市卓朗,20221001,5.2805280528053
600225.SH,退市卓朗,20220930,-11.40350877193
600225.SH,退市卓朗,20220929,-11.40350877193
600225.SH,退市卓朗,20220928,-11.40350877193
600225.SH,退市卓朗,20220927,-11.40350877193
600225.SH,退市卓朗,20220926,-11.40350877193
600225.SH,退市卓朗,20220925,-11.40350877193
600225.SH,退市卓朗,20220924,-11.40350877193
600225.SH,退市卓朗,20220923,-11.40350877193
600225.SH,退市卓朗,20220922,-11.40350877193
600225.SH,退市卓朗,20220921,-11.40350877193
600225.SH,退市卓朗,20220920,-11.40350877193
600225.SH,退市卓朗,20220919,-11.40350877193
600225.SH,退市卓朗,20220918,-11.40350877193
600225.SH,退市卓朗,20220917,-11.40350877193
600225.SH,退市卓朗,20220916,-11.40350877193
600225.SH,退市卓朗,20220915,-11.40350877193
600225.SH,退市卓朗,20220914,-11.40350877193
600225.SH,退市卓朗,20220913,-11.40350877193
600225.SH,退市卓朗,20220912,-11.40350877193
600225.SH,退市卓朗,20220911,-11.40350877193
600225.SH,退市卓朗,20220910,-11.40350877193
600225.SH,退市卓朗,20220909,-11.40350877193
600225.SH,退市卓朗,20220908,-11.40350877193
600225.SH,退市卓朗,20220907,-11.40350877193
600225.SH,退市卓朗,20220906,-11.40350877193
600225.SH,退市卓朗,20220905,-11.40350877193
600225.SH,退市卓朗,20220904,-11.40350877193
600225.SH,退市卓朗,20220903,-11.40350877193
600225.SH,退市卓朗,20220902,-11.40350877193
600225.SH,退市卓朗,20220901,-11.40350877193
600225.SH,退市卓朗,20220831,5.2307692307692
600225.SH,退市卓朗,20220830,5.2307692307692
600225.SH,退市卓朗,20220829,5.2307692307692
600225.SH,退市卓朗,20220828,5.2307692307692
600225.SH,退市卓朗,20220827,5.2307692307692
600225.SH,退市卓朗,20220826,5.2307692307692
600225.SH,退市卓朗,20220825,5.2307692307692
600225.SH,退市卓朗,20220824,5.2307692307692
600225.SH,退市卓朗,20220823,5.2307692307692
600225.SH,退市卓朗,20220822,5.2307692307692
600225.SH,退市卓朗,20220821,5.2307692307692
600225.SH,退市卓朗,20220820,5.2307692307692
600225.SH,退市卓朗,20220819,5.2307692307692
600225.SH,退市卓朗,20220818,5.2307692307692
600225.SH,退市卓朗,20220817,5.2307692307692
600225.SH,退市卓朗,20220816,5.2307692307692
600225.SH,退市卓朗,20220815,5.2307692307692
600225.SH,退市卓朗,20220814,5.2307692307692
600225.SH,退市卓朗,20220813,5.2307692307692
600225.SH,退市卓朗,20220812,5.2307692307692
600225.SH,退市卓朗,20220811,5.2307692307692
600225.SH,退市卓朗,20220810,5.2307692307692
600225.SH,退市卓朗,20220809,5.2307692307692
600225.SH,退市卓朗,20220808,5.2307692307692
600225.SH,退市卓朗,20220807,5.2307692307692
600225.SH,退市卓朗,20220806,5.2307692307692
600225.SH,退市卓朗,20220805,5.2307692307692
600225.SH,退市卓朗,20220804,5.2307692307692
600225.SH,退市卓朗,20220803,5.2307692307692
600225.SH,退市卓朗,20220802,5.2307692307692
600225.SH,退市卓朗,20220801,5.2307692307692
600225.SH,退市卓朗,20220731,8.695652173913
600225.SH,退市卓朗,20220730,8.695652173913
600225.SH,退市卓朗,20220729,8.695652173913
600225.SH,退市卓朗,20220728,8.695652173913
600225.SH,退市卓朗,20220727,8.695652173913
600225.SH,退市卓朗,20220726,8.695652173913
600225.SH,退市卓朗,20220725,8.695652173913
600225.SH,退市卓朗,20220724,8.695652173913
600225.SH,退市卓朗,20220723,8.695652173913
600225.SH,退市卓朗,20220722,8.695652173913
600225.SH,退市卓朗,20220721,8.695652173913
600225.SH,退市卓朗,20220720,8.695652173913
600225.SH,退市卓朗,20220719,8.695652173913
600225.SH,退市卓朗,20220718,8.695652173913
600225.SH,退市卓朗,20220717,8.695652173913
600225.SH,退市卓朗,20220716,8.695652173913
600225.SH,退市卓朗,20220715,8.695652173913
600225.SH,退市卓朗,20220714,8.695652173913
600225.SH,退市卓朗,20220713,8.695652173913
600225.SH,退市卓朗,20220712,8.695652173913
600225.SH,退市卓朗,20220711,8.695652173913
600225.SH,退市卓朗,20220710,8.695652173913
600225.SH,退市卓朗,20220709,8.695652173913
600225.SH,退市卓朗,20220708,8.695652173913
600225.SH,退市卓朗,20220707,8.695652173913
600225.SH,退市卓朗,20220706,8.695652173913
600225.SH,退市卓朗,20220705,8.695652173913
600225.SH,退市卓朗,20220704,8.695652173913
600225.SH,退市卓朗,20220703,8.695652173913
600225.SH,退市卓朗,20220702,8.695652173913
600225.SH,退市卓朗,20220701,8.695652173913
600225.SH,退市卓朗,20220630,-1.6447368421053
600225.SH,退市卓朗,20220629,-1.6447368421053
600225.SH,退市卓朗,20220628,-1.6447368421053
600225.SH,退市卓朗,20220627,-1.6447368421053
600225.SH,退市卓朗,20220626,-1.6447368421053
600225.SH,退市卓朗,20220625,-1.6447368421053
600225.SH,退市卓朗,20220624,-1.6447368421053
600225.SH,退市卓朗,20220623,-1.6447368421053
600225.SH,退市卓朗,20220622,-1.6447368421053
600225.SH,退市卓朗,20220621,-1.6447368421053
600225.SH,退市卓朗,20220620,-1.6447368421053
600225.SH,退市卓朗,20220619,-1.6447368421053
600225.SH,退市卓朗,20220618,-1.6447368421053
600225.SH,退市卓朗,20220617,-1.6447368421053
600225.SH,退市卓朗,20220616,-1.6447368421053
600225.SH,退市卓朗,20220615,-1.6447368421053
600225.SH,退市卓朗,20220614,-1.6447368421053
600225.SH,退市卓朗,20220613,-1.6447368421053
600225.SH,退市卓朗,20220612,-1.6447368421053
600225.SH,退市卓朗,20220611,-1.6447368421053
600225.SH,退市卓朗,20220610,-1.6447368421053
600225.SH,退市卓朗,20220609,-1.6447368421053
600225.SH,退市卓朗,20220608,-1.6447368421053
600225.SH,退市卓朗,20220607,-1.6447368421053
600225.SH,退市卓朗,20220606,-1.6447368421053
600225.SH,退市卓朗,20220605,-1.6447368421053
600225.SH,退市卓朗,20220604,-1.6447368421053
600225.SH,退市卓朗,20220603,-1.6447368421053
600225.SH,退市卓朗,20220602,-1.6447368421053
600225.SH,退市卓朗,20220601,-1.6447368421053
600225.SH,退市卓朗,20220531,6.2937062937063
600225.SH,退市卓朗,20220530,6.2937062937063
600225.SH,退市卓朗,20220529,6.2937062937063
600225.SH,退市卓朗,20220528,6.2937062937063
600225.SH,退市卓朗,20220527,6.2937062937063
600225.SH,退市卓朗,20220526,6.2937062937063
600225.SH,退市卓朗,20220525,6.2937062937063
600225.SH,退市卓朗,20220524,6.2937062937063
600225.SH,退市卓朗,20220523,6.2937062937063
600225.SH,退市卓朗,20220522,6.2937062937063
600225.SH,退市卓朗,20220521,6.2937062937063
600225.SH,退市卓朗,20220520,6.2937062937063
600225.SH,退市卓朗,20220519,6.2937062937063
600225.SH,退市卓朗,20220518,6.2937062937063
600225.SH,退市卓朗,20220517,6.2937062937063
600225.SH,退市卓朗,20220516,6.2937062937063
600225.SH,退市卓朗,20220515,6.2937062937063
600225.SH,退市卓朗,20220514,6.2937062937063
600225.SH,退市卓朗,20220513,6.2937062937063
600225.SH,退市卓朗,20220512,6.2937062937063
600225.SH,退市卓朗,20220511,6.2937062937063
600225.SH,退市卓朗,20220510,6.2937062937063
600225.SH,退市卓朗,20220509,6.2937062937063
600225.SH,退市卓朗,20220508,6.2937062937063
600225.SH,退市卓朗,20220507,6.2937062937063
600225.SH,退市卓朗,20220506,6.2937062937063
600225.SH,退市卓朗,20220505,6.2937062937063
600225.SH,退市卓朗,20220504,6.2937062937063
600225.SH,退市卓朗,20220503,6.2937062937063
600225.SH,退市卓朗,20220502,6.2937062937063
600225.SH,退市卓朗,20220501,6.2937062937063
600225.SH,退市卓朗,20220430,-1.038062283737
600225.SH,退市卓朗,20220429,-1.038062283737
600225.SH,退市卓朗,20220428,-1.038062283737
600225.SH,退市卓朗,20220427,-1.038062283737
600225.SH,退市卓朗,20220426,-1.038062283737
600225.SH,退市卓朗,20220425,-1.038062283737
600225.SH,退市卓朗,20220424,-1.038062283737
600225.SH,退市卓朗,20220423,-1.038062283737
600225.SH,退市卓朗,20220422,-1.038062283737
600225.SH,退市卓朗,20220421,-1.038062283737
600225.SH,退市卓朗,20220420,-1.038062283737
600225.SH,退市卓朗,20220419,-1.038062283737
600225.SH,退市卓朗,20220418,-1.038062283737
600225.SH,退市卓朗,20220417,-1.038062283737
600225.SH,退市卓朗,20220416,-1.038062283737
600225.SH,退市卓朗,20220415,-1.038062283737
600225.SH,退市卓朗,20220414,-1.038062283737
600225.SH,退市卓朗,20220413,-1.038062283737
600225.SH,退市卓朗,20220412,-1.038062283737
600225.SH,退市卓朗,20220411,-1.038062283737
600225.SH,退市卓朗,20220410,-1.038062283737
600225.SH,退市卓朗,20220409,-1.038062283737
600225.SH,退市卓朗,20220408,-1.038062283737
600225.SH,退市卓朗,20220407,-1.038062283737
600225.SH,退市卓朗,20220406,-1.038062283737
600225.SH,退市卓朗,20220405,-1.038062283737
600225.SH,退市卓朗,20220404,-1.038062283737
600225.SH,退市卓朗,20220403,-1.038062283737
600225.SH,退市卓朗,20220402,-1.038062283737
600225.SH,退市卓朗,20220401,-1.038062283737
600225.SH,退市卓朗,20220331,-4.9342105263158
600225.SH,退市卓朗,20220330,-4.9342105263158
600225.SH,退市卓朗,20220329,-4.9342105263158
600225.SH,退市卓朗,20220328,-4.9342105263158
600225.SH,退市卓朗,20220327,-4.9342105263158
600225.SH,退市卓朗,20220326,-4.9342105263158
600225.SH,退市卓朗,20220325,-4.9342105263158
600225.SH,退市卓朗,20220324,-4.9342105263158
600225.SH,退市卓朗,20220323,-4.9342105263158
600225.SH,退市卓朗,20220322,-4.9342105263158
600225.SH,退市卓朗,20220321,-4.9342105263158
600225.SH,退市卓朗,20220320,-4.9342105263158
600225.SH,退市卓朗,20220319,-4.9342105263158
600225.SH,退市卓朗,20220318,-4.9342105263158
600225.SH,退市卓朗,20220317,-4.9342105263158
600225.SH,退市卓朗,20220316,-4.9342105263158
600225.SH,退市卓朗,20220315,-4.9342105263158
600225.SH,退市卓朗,20220314,-4.9342105263158
600225.SH,退市卓朗,20220313,-4.9342105263158
600225.SH,退市卓朗,20220312,-4.9342105263158
600225.SH,退市卓朗,20220311,-4.9342105263158
600225.SH,退市卓朗,20220310,-4.9342105263158
600225.SH,退市卓朗,20220309,-4.9342105263158
600225.SH,退市卓朗,20220308,-4.9342105263158
600225.SH,退市卓朗,20220307,-4.9342105263158
600225.SH,退市卓朗,20220306,-4.9342105263158
600225.SH,退市卓朗,20220305,-4.9342105263158
600225.SH,退市卓朗,20220304,-4.9342105263158
600225.SH,退市卓朗,20220303,-4.9342105263158
600225.SH,退市卓朗,20220302,-4.9342105263158
600225.SH,退市卓朗,20220301,-4.9342105263158
600225.SH,退市卓朗,20220228,-1.9354838709677
600225.SH,退市卓朗,20220227,-1.9354838709677
600225.SH,退市卓朗,20220226,-1.9354838709677
600225.SH,退市卓朗,20220225,-1.9354838709677
600225.SH,退市卓朗,20220224,-1.9354838709677
600225.SH,退市卓朗,20220223,-1.9354838709677
600225.SH,退市卓朗,20220222,-1.9354838709677
600225.SH,退市卓朗,20220221,-1.9354838709677
600225.SH,退市卓朗,20220220,-1.9354838709677
600225.SH,退市卓朗,20220219,-1.9354838709677
600225.SH,退市卓朗,20220218,-1.9354838709677
600225.SH,退市卓朗,20220217,-1.9354838709677
600225.SH,退市卓朗,20220216,-1.9354838709677
600225.SH,退市卓朗,20220215,-1.9354838709677
600225.SH,退市卓朗,20220214,-1.9354838709677
600225.SH,退市卓朗,20220213,-1.9354838709677
600225.SH,退市卓朗,20220212,-1.9354838709677
600225.SH,退市卓朗,20220211,-1.9354838709677
600225.SH,退市卓朗,20220210,-1.9354838709677
600225.SH,退市卓朗,20220209,-1.9354838709677
600225.SH,退市卓朗,20220208,-1.9354838709677
600225.SH,退市卓朗,20220207,-1.9354838709677
600225.SH,退市卓朗,20220206,-1.9354838709677
600225.SH,退市卓朗,20220205,-1.9354838709677
600225.SH,退市卓朗,20220204,-1.9354838709677
600225.SH,退市卓朗,20220203,-1.9354838709677
600225.SH,退市卓朗,20220202,-1.9354838709677
600225.SH,退市卓朗,20220201,-1.9354838709677
600225.SH,退市卓朗,20220131,-1.5873015873016
600225.SH,退市卓朗,20220130,-1.5873015873016
600225.SH,退市卓朗,20220129,-1.5873015873016
600225.SH,退市卓朗,20220128,-1.5873015873016
600225.SH,退市卓朗,20220127,-1.5873015873016
600225.SH,退市卓朗,20220126,-1.5873015873016
600225.SH,退市卓朗,20220125,-1.5873015873016
600225.SH,退市卓朗,20220124,-1.5873015873016
600225.SH,退市卓朗,20220123,-1.5873015873016
600225.SH,退市卓朗,20220122,-1.5873015873016
600225.SH,退市卓朗,20220121,-1.5873015873016
600225.SH,退市卓朗,20220120,-1.5873015873016
600225.SH,退市卓朗,20220119,-1.5873015873016
600225.SH,退市卓朗,20220118,-1.5873015873016
600225.SH,退市卓朗,20220117,-1.5873015873016
600225.SH,退市卓朗,20220116,-1.5873015873016
600225.SH,退市卓朗,20220115,-1.5873015873016
600225.SH,退市卓朗,20220114,-1.5873015873016
600225.SH,退市卓朗,20220113,-1.5873015873016
600225.SH,退市卓朗,20220112,-1.5873015873016
600225.SH,退市卓朗,20220111,-1.5873015873016
600225.SH,退市卓朗,20220110,-1.5873015873016
600225.SH,退市卓朗,20220109,-1.5873015873016
600225.SH,退市卓朗,20220108,-1.5873015873016
600225.SH,退市卓朗,20220107,-1.5873015873016
600225.SH,退市卓朗,20220106,-1.5873015873016
600225.SH,退市卓朗,20220105,-1.5873015873016
600225.SH,退市卓朗,20220104,-1.5873015873016
600225.SH,退市卓朗,20220103,-1.5873015873016
600225.SH,退市卓朗,20220102,-1.5873015873016
600225.SH,退市卓朗,20220101,-1.5873015873016
600225.SH,退市卓朗,20211231,-4.833836858006
600225.SH,退市卓朗,20211230,-4.833836858006
600225.SH,退市卓朗,20211229,-4.833836858006
600225.SH,退市卓朗,20211228,-4.833836858006
600225.SH,退市卓朗,20211227,-4.833836858006
600225.SH,退市卓朗,20211226,-4.833836858006
600225.SH,退市卓朗,20211225,-4.833836858006
600225.SH,退市卓朗,20211224,-4.833836858006
600225.SH,退市卓朗,20211223,-4.833836858006
600225.SH,退市卓朗,20211222,-4.833836858006
600225.SH,退市卓朗,20211221,-4.833836858006
600225.SH,退市卓朗,20211220,-4.833836858006
600225.SH,退市卓朗,20211219,-4.833836858006
600225.SH,退市卓朗,20211218,-4.833836858006
600225.SH,退市卓朗,20211217,-4.833836858006
600225.SH,退市卓朗,20211216,-4.833836858006
600225.SH,退市卓朗,20211215,-4.833836858006
600225.SH,退市卓朗,20211214,-4.833836858006
600225.SH,退市卓朗,20211213,-4.833836858006
600225.SH,退市卓朗,20211212,-4.833836858006
600225.SH,退市卓朗,20211211,-4.833836858006
600225.SH,退市卓朗,20211210,-4.833836858006
600225.SH,退市卓朗,20211209,-4.833836858006
600225.SH,退市卓朗,20211208,-4.833836858006
600225.SH,退市卓朗,20211207,-4.833836858006
600225.SH,退市卓朗,20211206,-4.833836858006
600225.SH,退市卓朗,20211205,-4.833836858006
600225.SH,退市卓朗,20211204,-4.833836858006
600225.SH,退市卓朗,20211203,-4.833836858006
600225.SH,退市卓朗,20211202,-4.833836858006
600225.SH,退市卓朗,20211201,-4.833836858006
600225.SH,退市卓朗,20211130,25.378787878788
600225.SH,退市卓朗,20211129,25.378787878788
600225.SH,退市卓朗,20211128,25.378787878788
600225.SH,退市卓朗,20211127,25.378787878788
600225.SH,退市卓朗,20211126,25.378787878788
600225.SH,退市卓朗,20211125,25.378787878788
600225.SH,退市卓朗,20211124,25.378787878788
600225.SH,退市卓朗,20211123,25.378787878788
600225.SH,退市卓朗,20211122,25.378787878788
600225.SH,退市卓朗,20211121,25.378787878788
600225.SH,退市卓朗,20211120,25.378787878788
600225.SH,退市卓朗,20211119,25.378787878788
600225.SH,退市卓朗,20211118,25.378787878788
600225.SH,退市卓朗,20211117,25.378787878788
600225.SH,退市卓朗,20211116,25.378787878788
600225.SH,退市卓朗,20211115,25.378787878788
600225.SH,退市卓朗,20211114,25.378787878788
600225.SH,退市卓朗,20211113,25.378787878788
600225.SH,退市卓朗,20211112,25.378787878788
600225.SH,退市卓朗,20211111,25.378787878788
600225.SH,退市卓朗,20211110,25.378787878788
600225.SH,退市卓朗,20211109,25.378787878788
600225.SH,退市卓朗,20211108,25.378787878788
600225.SH,退市卓朗,20211107,25.378787878788
600225.SH,退市卓朗,20211106,25.378787878788
600225.SH,退市卓朗,20211105,25.378787878788
600225.SH,退市卓朗,20211104,25.378787878788
600225.SH,退市卓朗,20211103,25.378787878788
600225.SH,退市卓朗,20211102,25.378787878788
600225.SH,退市卓朗,20211101,25.378787878788
600225.SH,退市卓朗,20211031,-8.9655172413793
600225.SH,退市卓朗,20211030,-8.9655172413793
600225.SH,退市卓朗,20211029,-8.9655172413793
600225.SH,退市卓朗,20211028,-8.9655172413793
600225.SH,退市卓朗,20211027,-8.9655172413793
600225.SH,退市卓朗,20211026,-8.9655172413793
600225.SH,退市卓朗,20211025,-8.9655172413793
600225.SH,退市卓朗,20211024,-8.9655172413793
600225.SH,退市卓朗,20211023,-8.9655172413793
600225.SH,退市卓朗,20211022,-8.9655172413793
600225.SH,退市卓朗,20211021,-8.9655172413793
600225.SH,退市卓朗,20211020,-8.9655172413793
600225.SH,退市卓朗,20211019,-8.9655172413793
600225.SH,退市卓朗,20211018,-8.9655172413793
600225.SH,退市卓朗,20211017,-8.9655172413793
600225.SH,退市卓朗,20211016,-8.9655172413793
600225.SH,退市卓朗,20211015,-8.9655172413793
600225.SH,退市卓朗,20211014,-8.9655172413793
600225.SH,退市卓朗,20211013,-8.9655172413793
600225.SH,退市卓朗,20211012,-8.9655172413793
600225.SH,退市卓朗,20211011,-8.9655172413793
600225.SH,退市卓朗,20211010,-8.9655172413793
600225.SH,退市卓朗,20211009,-8.9655172413793
600225.SH,退市卓朗,20211008,-8.9655172413793
600225.SH,退市卓朗,20211007,-8.9655172413793
600225.SH,退市卓朗,20211006,-8.9655172413793
600225.SH,退市卓朗,20211005,-8.9655172413793
600225.SH,退市卓朗,20211004,-8.9655172413793
600225.SH,退市卓朗,20211003,-8.9655172413793
600225.SH,退市卓朗,20211002,-8.9655172413793
600225.SH,退市卓朗,20211001,-8.9655172413793
600225.SH,退市卓朗,20210930,1.7543859649123
600225.SH,退市卓朗,20210929,1.7543859649123
600225.SH,退市卓朗,20210928,1.7543859649123
600225.SH,退市卓朗,20210927,1.7543859649123
600225.SH,退市卓朗,20210926,1.7543859649123
600225.SH,退市卓朗,20210925,1.7543859649123
600225.SH,退市卓朗,20210924,1.7543859649123
600225.SH,退市卓朗,20210923,1.7543859649123
600225.SH,退市卓朗,20210922,1.7543859649123
600225.SH,退市卓朗,20210921,1.7543859649123
600225.SH,退市卓朗,20210920,1.7543859649123
600225.SH,退市卓朗,20210919,1.7543859649123
600225.SH,退市卓朗,20210918,1.7543859649123
600225.SH,退市卓朗,20210917,1.7543859649123
600225.SH,退市卓朗,20210916,1.7543859649123
600225.SH,退市卓朗,20210915,1.7543859649123
600225.SH,退市卓朗,20210914,1.7543859649123
600225.SH,退市卓朗,20210913,1.7543859649123
600225.SH,退市卓朗,20210912,1.7543859649123
600225.SH,退市卓朗,20210911,1.7543859649123
600225.SH,退市卓朗,20210910,1.7543859649123
600225.SH,退市卓朗,20210909,1.7543859649123
600225.SH,退市卓朗,20210908,1.7543859649123
600225.SH,退市卓朗,20210907,1.7543859649123
600225.SH,退市卓朗,20210906,1.7543859649123
600225.SH,退市卓朗,20210905,1.7543859649123
600225.SH,退市卓朗,20210904,1.7543859649123
600225.SH,退市卓朗,20210903,1.7543859649123
600225.SH,退市卓朗,20210902,1.7543859649123
600225.SH,退市卓朗,20210901,1.7543859649123
600225.SH,退市卓朗,20210831,5.9479553903346
600225.SH,退市卓朗,20210830,5.9479553903346
600225.SH,退市卓朗,20210829,5.9479553903346
600225.SH,退市卓朗,20210828,5.9479553903346
600225.SH,退市卓朗,20210827,5.9479553903346
600225.SH,退市卓朗,20210826,5.9479553903346
600225.SH,退市卓朗,20210825,5.9479553903346
600225.SH,退市卓朗,20210824,5.9479553903346
600225.SH,退市卓朗,20210823,5.9479553903346
600225.SH,退市卓朗,20210822,5.9479553903346
600225.SH,退市卓朗,20210821,5.9479553903346
600225.SH,退市卓朗,20210820,5.9479553903346
600225.SH,退市卓朗,20210819,5.9479553903346
600225.SH,退市卓朗,20210818,5.9479553903346
600225.SH,退市卓朗,20210817,5.9479553903346
600225.SH,退市卓朗,20210816,5.9479553903346
600225.SH,退市卓朗,20210815,5.9479553903346
600225.SH,退市卓朗,20210814,5.9479553903346
600225.SH,退市卓朗,20210813,5.9479553903346
600225.SH,退市卓朗,20210812,5.9479553903346
600225.SH,退市卓朗,20210811,5.9479553903346
600225.SH,退市卓朗,20210810,5.9479553903346
600225.SH,退市卓朗,20210809,5.9479553903346
600225.SH,退市卓朗,20210808,5.9479553903346
600225.SH,退市卓朗,20210807,5.9479553903346
600225.SH,退市卓朗,20210806,5.9479553903346
600225.SH,退市卓朗,20210805,5.9479553903346
600225.SH,退市卓朗,20210804,5.9479553903346
600225.SH,退市卓朗,20210803,5.9479553903346
600225.SH,退市卓朗,20210802,5.9479553903346
600225.SH,退市卓朗,20210801,5.9479553903346
600225.SH,退市卓朗,20210731,4.2635658914729
600225.SH,退市卓朗,20210730,4.2635658914729
600225.SH,退市卓朗,20210729,4.2635658914729
600225.SH,退市卓朗,20210728,4.2635658914729
600225.SH,退市卓朗,20210727,4.2635658914729
600225.SH,退市卓朗,20210726,4.2635658914729
600225.SH,退市卓朗,20210725,4.2635658914729
600225.SH,退市卓朗,20210724,4.2635658914729
600225.SH,退市卓朗,20210723,4.2635658914729
600225.SH,退市卓朗,20210722,4.2635658914729
600225.SH,退市卓朗,20210721,4.2635658914729
600225.SH,退市卓朗,20210720,4.2635658914729
600225.SH,退市卓朗,20210719,4.2635658914729
600225.SH,退市卓朗,20210718,4.2635658914729
600225.SH,退市卓朗,20210717,4.2635658914729
600225.SH,退市卓朗,20210716,4.2635658914729
600225.SH,退市卓朗,20210715,4.2635658914729
600225.SH,退市卓朗,20210714,4.2635658914729
600225.SH,退市卓朗,20210713,4.2635658914729
600225.SH,退市卓朗,20210712,4.2635658914729
600225.SH,退市卓朗,20210711,4.2635658914729
600225.SH,退市卓朗,20210710,4.2635658914729
600225.SH,退市卓朗,20210709,4.2635658914729
600225.SH,退市卓朗,20210708,4.2635658914729
600225.SH,退市卓朗,20210707,4.2635658914729
600225.SH,退市卓朗,20210706,4.2635658914729
600225.SH,退市卓朗,20210705,4.2635658914729
600225.SH,退市卓朗,20210704,4.2635658914729
600225.SH,退市卓朗,20210703,4.2635658914729
600225.SH,退市卓朗,20210702,4.2635658914729
600225.SH,退市卓朗,20210701,4.2635658914729
600225.SH,退市卓朗,20210630,35.789473684211
600225.SH,退市卓朗,20210629,35.789473684211
600225.SH,退市卓朗,20210628,35.789473684211
600225.SH,退市卓朗,20210627,35.789473684211
600225.SH,退市卓朗,20210626,35.789473684211
600225.SH,退市卓朗,20210625,35.789473684211
600225.SH,退市卓朗,20210624,35.789473684211
600225.SH,退市卓朗,20210623,35.789473684211
600225.SH,退市卓朗,20210622,35.789473684211
600225.SH,退市卓朗,20210621,35.789473684211
600225.SH,退市卓朗,20210620,35.789473684211
600225.SH,退市卓朗,20210619,35.789473684211
600225.SH,退市卓朗,20210618,35.789473684211
600225.SH,退市卓朗,20210617,35.789473684211
600225.SH,退市卓朗,20210616,35.789473684211
600225.SH,退市卓朗,20210615,35.789473684211
600225.SH,退市卓朗,20210614,35.789473684211
600225.SH,退市卓朗,20210613,35.789473684211
600225.SH,退市卓朗,20210612,35.789473684211
600225.SH,退市卓朗,20210611,35.789473684211
600225.SH,退市卓朗,20210610,35.789473684211
600225.SH,退市卓朗,20210609,35.789473684211
600225.SH,退市卓朗,20210608,35.789473684211
600225.SH,退市卓朗,20210607,35.789473684211
600225.SH,退市卓朗,20210606,35.789473684211
600225.SH,退市卓朗,20210605,35.789473684211
600225.SH,退市卓朗,20210604,35.789473684211
600225.SH,退市卓朗,20210603,35.789473684211
600225.SH,退市卓朗,20210602,35.789473684211
600225.SH,退市卓朗,20210601,35.789473684211
600225.SH,退市卓朗,20210531,9.8265895953757
600225.SH,退市卓朗,20210530,9.8265895953757
600225.SH,退市卓朗,20210529,9.8265895953757
600225.SH,退市卓朗,20210528,9.8265895953757
600225.SH,退市卓朗,20210527,9.8265895953757
600225.SH,退市卓朗,20210526,9.8265895953757
600225.SH,退市卓朗,20210525,9.8265895953757
600225.SH,退市卓朗,20210524,9.8265895953757
600225.SH,退市卓朗,20210523,9.8265895953757
600225.SH,退市卓朗,20210522,9.8265895953757
600225.SH,退市卓朗,20210521,9.8265895953757
600225.SH,退市卓朗,20210520,9.8265895953757
600225.SH,退市卓朗,20210519,9.8265895953757
600225.SH,退市卓朗,20210518,9.8265895953757
600225.SH,退市卓朗,20210517,9.8265895953757
600225.SH,退市卓朗,20210516,9.8265895953757
600225.SH,退市卓朗,20210515,9.8265895953757
600225.SH,退市卓朗,20210514,9.8265895953757
600225.SH,退市卓朗,20210513,9.8265895953757
600225.SH,退市卓朗,20210512,9.8265895953757
600225.SH,退市卓朗,20210511,9.8265895953757
600225.SH,退市卓朗,20210510,9.8265895953757
600225.SH,退市卓朗,20210509,9.8265895953757
600225.SH,退市卓朗,20210508,9.8265895953757
600225.SH,退市卓朗,20210507,9.8265895953757
600225.SH,退市卓朗,20210506,9.8265895953757
600225.SH,退市卓朗,20210505,9.8265895953757
600225.SH,退市卓朗,20210504,9.8265895953757
600225.SH,退市卓朗,20210503,9.8265895953757
600225.SH,退市卓朗,20210502,9.8265895953757
600225.SH,退市卓朗,20210501,9.8265895953757
600225.SH,退市卓朗,20210430,-4.4198895027624
600225.SH,退市卓朗,20210429,-4.4198895027624
600225.SH,退市卓朗,20210428,-4.4198895027624
600225.SH,退市卓朗,20210427,-4.4198895027624
600225.SH,退市卓朗,20210426,-4.4198895027624
600225.SH,退市卓朗,20210425,-4.4198895027624
600225.SH,退市卓朗,20210424,-4.4198895027624
600225.SH,退市卓朗,20210423,-4.4198895027624
600225.SH,退市卓朗,20210422,-4.4198895027624
600225.SH,退市卓朗,20210421,-4.4198895027624
600225.SH,退市卓朗,20210420,-4.4198895027624
600225.SH,退市卓朗,20210419,-4.4198895027624
600225.SH,退市卓朗,20210418,-4.4198895027624
600225.SH,退市卓朗,20210417,-4.4198895027624
600225.SH,退市卓朗,20210416,-4.4198895027624
600225.SH,退市卓朗,20210415,-4.4198895027624
600225.SH,退市卓朗,20210414,-4.4198895027624
600225.SH,退市卓朗,20210413,-4.4198895027624
600225.SH,退市卓朗,20210412,-4.4198895027624
600225.SH,退市卓朗,20210411,-4.4198895027624
600225.SH,退市卓朗,20210410,-4.4198895027624
600225.SH,退市卓朗,20210409,-4.4198895027624
600225.SH,退市卓朗,20210408,-4.4198895027624
600225.SH,退市卓朗,20210407,-4.4198895027624
600225.SH,退市卓朗,20210406,-4.4198895027624
600225.SH,退市卓朗,20210405,-4.4198895027624
600225.SH,退市卓朗,20210404,-4.4198895027624
600225.SH,退市卓朗,20210403,-4.4198895027624
600225.SH,退市卓朗,20210402,-4.4198895027624
600225.SH,退市卓朗,20210401,-4.4198895027624
600225.SH,退市卓朗,20210331,-7.6530612244898
600225.SH,退市卓朗,20210330,-7.6530612244898
600225.SH,退市卓朗,20210329,-7.6530612244898
600225.SH,退市卓朗,20210328,-7.6530612244898
600225.SH,退市卓朗,20210327,-7.6530612244898
600225.SH,退市卓朗,20210326,-7.6530612244898
600225.SH,退市卓朗,20210325,-7.6530612244898
600225.SH,退市卓朗,20210324,-7.6530612244898
600225.SH,退市卓朗,20210323,-7.6530612244898
600225.SH,退市卓朗,20210322,-7.6530612244898
600225.SH,退市卓朗,20210321,-7.6530612244898
600225.SH,退市卓朗,20210320,-7.6530612244898
600225.SH,退市卓朗,20210319,-7.6530612244898
600225.SH,退市卓朗,20210318,-7.6530612244898
600225.SH,退市卓朗,20210317,-7.6530612244898
600225.SH,退市卓朗,20210316,-7.6530612244898
600225.SH,退市卓朗,20210315,-7.6530612244898
600225.SH,退市卓朗,20210314,-7.6530612244898
600225.SH,退市卓朗,20210313,-7.6530612244898
600225.SH,退市卓朗,20210312,-7.6530612244898
600225.SH,退市卓朗,20210311,-7.6530612244898
600225.SH,退市卓朗,20210310,-7.6530612244898
600225.SH,退市卓朗,20210309,-7.6530612244898
600225.SH,退市卓朗,20210308,-7.6530612244898
600225.SH,退市卓朗,20210307,-7.6530612244898
600225.SH,退市卓朗,20210306,-7.6530612244898
600225.SH,退市卓朗,20210305,-7.6530612244898
600225.SH,退市卓朗,20210304,-7.6530612244898
600225.SH,退市卓朗,20210303,-7.6530612244898
600225.SH,退市卓朗,20210302,-7.6530612244898
600225.SH,退市卓朗,20210301,-7.6530612244898
600225.SH,退市卓朗,20210228,58.064516129032
600225.SH,退市卓朗,20210227,58.064516129032
600225.SH,退市卓朗,20210226,58.064516129032
600225.SH,退市卓朗,20210225,58.064516129032
600225.SH,退市卓朗,20210224,58.064516129032
600225.SH,退市卓朗,20210223,58.064516129032
600225.SH,退市卓朗,20210222,58.064516129032
600225.SH,退市卓朗,20210221,58.064516129032
600225.SH,退市卓朗,20210220,58.064516129032
600225.SH,退市卓朗,20210219,58.064516129032
600225.SH,退市卓朗,20210218,58.064516129032
600225.SH,退市卓朗,20210217,58.064516129032
600225.SH,退市卓朗,20210216,58.064516129032
600225.SH,退市卓朗,20210215,58.064516129032
600225.SH,退市卓朗,20210214,58.064516129032
600225.SH,退市卓朗,20210213,58.064516129032
600225.SH,退市卓朗,20210212,58.064516129032
600225.SH,退市卓朗,20210211,58.064516129032
600225.SH,退市卓朗,20210210,58.064516129032
600225.SH,退市卓朗,20210209,58.064516129032
600225.SH,退市卓朗,20210208,58.064516129032
600225.SH,退市卓朗,20210207,58.064516129032
600225.SH,退市卓朗,20210206,58.064516129032
600225.SH,退市卓朗,20210205,58.064516129032
600225.SH,退市卓朗,20210204,58.064516129032
600225.SH,退市卓朗,20210203,58.064516129032
600225.SH,退市卓朗,20210202,58.064516129032
600225.SH,退市卓朗,20210201,58.064516129032
600225.SH,退市卓朗,20210131,-8.8235294117647
600225.SH,退市卓朗,20210130,-8.8235294117647
600225.SH,退市卓朗,20210129,-8.8235294117647
600225.SH,退市卓朗,20210128,-8.8235294117647
600225.SH,退市卓朗,20210127,-8.8235294117647
600225.SH,退市卓朗,20210126,-8.8235294117647
600225.SH,退市卓朗,20210125,-8.8235294117647
600225.SH,退市卓朗,20210124,-8.8235294117647
600225.SH,退市卓朗,20210123,-8.8235294117647
600225.SH,退市卓朗,20210122,-8.8235294117647
600225.SH,退市卓朗,20210121,-8.8235294117647
600225.SH,退市卓朗,20210120,-8.8235294117647
600225.SH,退市卓朗,20210119,-8.8235294117647
600225.SH,退市卓朗,20210118,-8.8235294117647
600225.SH,退市卓朗,20210117,-8.8235294117647
600225.SH,退市卓朗,20210116,-8.8235294117647
600225.SH,退市卓朗,20210115,-8.8235294117647
600225.SH,退市卓朗,20210114,-8.8235294117647
600225.SH,退市卓朗,20210113,-8.8235294117647
600225.SH,退市卓朗,20210112,-8.8235294117647
600225.SH,退市卓朗,20210111,-8.8235294117647
600225.SH,退市卓朗,20210110,-8.8235294117647
600225.SH,退市卓朗,20210109,-8.8235294117647
600225.SH,退市卓朗,20210108,-8.8235294117647
600225.SH,退市卓朗,20210107,-8.8235294117647
600225.SH,退市卓朗,20210106,-8.8235294117647
600225.SH,退市卓朗,20210105,-8.8235294117647
600225.SH,退市卓朗,20210104,-8.8235294117647
600225.SH,退市卓朗,20210103,-8.8235294117647
600225.SH,退市卓朗,20210102,-8.8235294117647
600225.SH,退市卓朗,20210101,-8.8235294117647
600225.SH,退市卓朗,20201231,-23.16384180791
600225.SH,退市卓朗,20201230,-23.16384180791
600225.SH,退市卓朗,20201229,-23.16384180791
600225.SH,退市卓朗,20201228,-23.16384180791
600225.SH,退市卓朗,20201227,-23.16384180791
600225.SH,退市卓朗,20201226,-23.16384180791
600225.SH,退市卓朗,20201225,-23.16384180791
600225.SH,退市卓朗,20201224,-23.16384180791
600225.SH,退市卓朗,20201223,-23.16384180791
600225.SH,退市卓朗,20201222,-23.16384180791
600225.SH,退市卓朗,20201221,-23.16384180791
600225.SH,退市卓朗,20201220,-23.16384180791
600225.SH,退市卓朗,20201219,-23.16384180791
600225.SH,退市卓朗,20201218,-23.16384180791
600225.SH,退市卓朗,20201217,-23.16384180791
600225.SH,退市卓朗,20201216,-23.16384180791
600225.SH,退市卓朗,20201215,-23.16384180791
600225.SH,退市卓朗,20201214,-23.16384180791
600225.SH,退市卓朗,20201213,-23.16384180791
600225.SH,退市卓朗,20201212,-23.16384180791
600225.SH,退市卓朗,20201211,-23.16384180791
600225.SH,退市卓朗,20201210,-23.16384180791
600225.SH,退市卓朗,20201209,-23.16384180791
600225.SH,退市卓朗,20201208,-23.16384180791
600225.SH,退市卓朗,20201207,-23.16384180791
600225.SH,退市卓朗,20201206,-23.16384180791
600225.SH,退市卓朗,20201205,-23.16384180791
600225.SH,退市卓朗,20201204,-23.16384180791
600225.SH,退市卓朗,20201203,-23.16384180791
600225.SH,退市卓朗,20201202,-23.16384180791
600225.SH,退市卓朗,20201201,-23.16384180791
600225.SH,退市卓朗,20201130,9.9378881987578
600225.SH,退市卓朗,20201129,9.9378881987578
600225.SH,退市卓朗,20201128,9.9378881987578
600225.SH,退市卓朗,20201127,9.9378881987578
600225.SH,退市卓朗,20201126,9.9378881987578
600225.SH,退市卓朗,20201125,9.9378881987578
600225.SH,退市卓朗,20201124,9.9378881987578
600225.SH,退市卓朗,20201123,9.9378881987578
600225.SH,退市卓朗,20201122,9.9378881987578
600225.SH,退市卓朗,20201121,9.9378881987578
600225.SH,退市卓朗,20201120,9.9378881987578
600225.SH,退市卓朗,20201119,9.9378881987578
600225.SH,退市卓朗,20201118,9.9378881987578
600225.SH,退市卓朗,20201117,9.9378881987578
600225.SH,退市卓朗,20201116,9.9378881987578
600225.SH,退市卓朗,20201115,9.9378881987578
600225.SH,退市卓朗,20201114,9.9378881987578
600225.SH,退市卓朗,20201113,9.9378881987578
600225.SH,退市卓朗,20201112,9.9378881987578
600225.SH,退市卓朗,20201111,9.9378881987578
600225.SH,退市卓朗,20201110,9.9378881987578
600225.SH,退市卓朗,20201109,9.9378881987578
600225.SH,退市卓朗,20201108,9.9378881987578
600225.SH,退市卓朗,20201107,9.9378881987578
600225.SH,退市卓朗,20201106,9.9378881987578
600225.SH,退市卓朗,20201105,9.9378881987578
600225.SH,退市卓朗,20201104,9.9378881987578
600225.SH,退市卓朗,20201103,9.9378881987578
600225.SH,退市卓朗,20201102,9.9378881987578
600225.SH,退市卓朗,20201101,9.9378881987578
600225.SH,退市卓朗,20201031,-5.8479532163743
600225.SH,退市卓朗,20201030,-5.8479532163743
600225.SH,退市卓朗,20201029,-5.8479532163743
600225.SH,退市卓朗,20201028,-5.8479532163743
600225.SH,退市卓朗,20201027,-5.8479532163743
600225.SH,退市卓朗,20201026,-5.8479532163743
600225.SH,退市卓朗,20201025,-5.8479532163743
600225.SH,退市卓朗,20201024,-5.8479532163743
600225.SH,退市卓朗,20201023,-5.8479532163743
600225.SH,退市卓朗,20201022,-5.8479532163743
600225.SH,退市卓朗,20201021,-5.8479532163743
600225.SH,退市卓朗,20201020,-5.8479532163743
600225.SH,退市卓朗,20201019,-5.8479532163743
600225.SH,退市卓朗,20201018,-5.8479532163743
600225.SH,退市卓朗,20201017,-5.8479532163743
600225.SH,退市卓朗,20201016,-5.8479532163743
600225.SH,退市卓朗,20201015,-5.8479532163743
600225.SH,退市卓朗,20201014,-5.8479532163743
600225.SH,退市卓朗,20201013,-5.8479532163743
600225.SH,退市卓朗,20201012,-5.8479532163743
600225.SH,退市卓朗,20201011,-5.8479532163743
600225.SH,退市卓朗,20201010,-5.8479532163743
600225.SH,退市卓朗,20201009,-5.8479532163743
600225.SH,退市卓朗,20201008,-5.8479532163743
600225.SH,退市卓朗,20201007,-5.8479532163743
600225.SH,退市卓朗,20201006,-5.8479532163743
600225.SH,退市卓朗,20201005,-5.8479532163743
600225.SH,退市卓朗,20201004,-5.8479532163743
600225.SH,退市卓朗,20201003,-5.8479532163743
600225.SH,退市卓朗,20201002,-5.8479532163743
600225.SH,退市卓朗,20201001,-5.8479532163743
600225.SH,退市卓朗,20200930,-9.5238095238095
600225.SH,退市卓朗,20200929,-9.5238095238095
600225.SH,退市卓朗,20200928,-9.5238095238095
600225.SH,退市卓朗,20200927,-9.5238095238095
600225.SH,退市卓朗,20200926,-9.5238095238095
600225.SH,退市卓朗,20200925,-9.5238095238095
600225.SH,退市卓朗,20200924,-9.5238095238095
600225.SH,退市卓朗,20200923,-9.5238095238095
600225.SH,退市卓朗,20200922,-9.5238095238095
600225.SH,退市卓朗,20200921,-9.5238095238095
600225.SH,退市卓朗,20200920,-9.5238095238095
600225.SH,退市卓朗,20200919,-9.5238095238095
600225.SH,退市卓朗,20200918,-9.5238095238095
600225.SH,退市卓朗,20200917,-9.5238095238095
600225.SH,退市卓朗,20200916,-9.5238095238095
600225.SH,退市卓朗,20200915,-9.5238095238095
600225.SH,退市卓朗,20200914,-9.5238095238095
600225.SH,退市卓朗,20200913,-9.5238095238095
600225.SH,退市卓朗,20200912,-9.5238095238095
600225.SH,退市卓朗,20200911,-9.5238095238095
600225.SH,退市卓朗,20200910,-9.5238095238095
600225.SH,退市卓朗,20200909,-9.5238095238095
600225.SH,退市卓朗,20200908,-9.5238095238095
600225.SH,退市卓朗,20200907,-9.5238095238095
600225.SH,退市卓朗,20200906,-9.5238095238095
600225.SH,退市卓朗,20200905,-9.5238095238095
600225.SH,退市卓朗,20200904,-9.5238095238095
600225.SH,退市卓朗,20200903,-9.5238095238095
600225.SH,退市卓朗,20200902,-9.5238095238095
600225.SH,退市卓朗,20200901,-9.5238095238095
600225.SH,退市卓朗,20200831,5.5865921787709
600225.SH,退市卓朗,20200830,5.5865921787709
600225.SH,退市卓朗,20200829,5.5865921787709
600225.SH,退市卓朗,20200828,5.5865921787709
600225.SH,退市卓朗,20200827,5.5865921787709
600225.SH,退市卓朗,20200826,5.5865921787709
600225.SH,退市卓朗,20200825,5.5865921787709
600225.SH,退市卓朗,20200824,5.5865921787709
600225.SH,退市卓朗,20200823,5.5865921787709
600225.SH,退市卓朗,20200822,5.5865921787709
600225.SH,退市卓朗,20200821,5.5865921787709
600225.SH,退市卓朗,20200820,5.5865921787709
600225.SH,退市卓朗,20200819,5.5865921787709
600225.SH,退市卓朗,20200818,5.5865921787709
600225.SH,退市卓朗,20200817,5.5865921787709
600225.SH,退市卓朗,20200816,5.5865921787709
600225.SH,退市卓朗,20200815,5.5865921787709
600225.SH,退市卓朗,20200814,5.5865921787709
600225.SH,退市卓朗,20200813,5.5865921787709
600225.SH,退市卓朗,20200812,5.5865921787709
600225.SH,退市卓朗,20200811,5.5865921787709
600225.SH,退市卓朗,20200810,5.5865921787709
600225.SH,退市卓朗,20200809,5.5865921787709
600225.SH,退市卓朗,20200808,5.5865921787709
600225.SH,退市卓朗,20200807,5.5865921787709
600225.SH,退市卓朗,20200806,5.5865921787709
600225.SH,退市卓朗,20200805,5.5865921787709
600225.SH,退市卓朗,20200804,5.5865921787709
600225.SH,退市卓朗,20200803,5.5865921787709
600225.SH,退市卓朗,20200802,5.5865921787709
600225.SH,退市卓朗,20200801,5.5865921787709
600225.SH,退市卓朗,20200731,-5.7894736842105
600225.SH,退市卓朗,20200730,-5.7894736842105
600225.SH,退市卓朗,20200729,-5.7894736842105
600225.SH,退市卓朗,20200728,-5.7894736842105
600225.SH,退市卓朗,20200727,-5.7894736842105
600225.SH,退市卓朗,20200726,-5.7894736842105
600225.SH,退市卓朗,20200725,-5.7894736842105
600225.SH,退市卓朗,20200724,-5.7894736842105
600225.SH,退市卓朗,20200723,-5.7894736842105
600225.SH,退市卓朗,20200722,-5.7894736842105
600225.SH,退市卓朗,20200721,-5.7894736842105
600225.SH,退市卓朗,20200720,-5.7894736842105
600225.SH,退市卓朗,20200719,-5.7894736842105
600225.SH,退市卓朗,20200718,-5.7894736842105
600225.SH,退市卓朗,20200717,-5.7894736842105
600225.SH,退市卓朗,20200716,-5.7894736842105
600225.SH,退市卓朗,20200715,-5.7894736842105
600225.SH,退市卓朗,20200714,-5.7894736842105
600225.SH,退市卓朗,20200713,-5.7894736842105
600225.SH,退市卓朗,20200712,-5.7894736842105
600225.SH,退市卓朗,20200711,-5.7894736842105
600225.SH,退市卓朗,20200710,-5.7894736842105
600225.SH,退市卓朗,20200709,-5.7894736842105
600225.SH,退市卓朗,20200708,-5.7894736842105
600225.SH,退市卓朗,20200707,-5.7894736842105
600225.SH,退市卓朗,20200706,-5.7894736842105
600225.SH,退市卓朗,20200705,-5.7894736842105
600225.SH,退市卓朗,20200704,-5.7894736842105
600225.SH,退市卓朗,20200703,-5.7894736842105
600225.SH,退市卓朗,20200702,-5.7894736842105
600225.SH,退市卓朗,20200701,-5.7894736842105
600225.SH,退市卓朗,20200630,4.9723756906077
600225.SH,退市卓朗,20200629,4.9723756906077
600225.SH,退市卓朗,20200628,4.9723756906077
600225.SH,退市卓朗,20200627,4.9723756906077
600225.SH,退市卓朗,20200626,4.9723756906077
600225.SH,退市卓朗,20200625,4.9723756906077
600225.SH,退市卓朗,20200624,4.9723756906077
600225.SH,退市卓朗,20200623,4.9723756906077
600225.SH,退市卓朗,20200622,4.9723756906077
600225.SH,退市卓朗,20200621,4.9723756906077
600225.SH,退市卓朗,20200620,4.9723756906077
600225.SH,退市卓朗,20200619,4.9723756906077
600225.SH,退市卓朗,20200618,4.9723756906077
600225.SH,退市卓朗,20200617,4.9723756906077
600225.SH,退市卓朗,20200616,4.9723756906077
600225.SH,退市卓朗,20200615,4.9723756906077
600225.SH,退市卓朗,20200614,4.9723756906077
600225.SH,退市卓朗,20200613,4.9723756906077
600225.SH,退市卓朗,20200612,4.9723756906077
600225.SH,退市卓朗,20200611,4.9723756906077
600225.SH,退市卓朗,20200610,4.9723756906077
600225.SH,退市卓朗,20200609,4.9723756906077
600225.SH,退市卓朗,20200608,4.9723756906077
600225.SH,退市卓朗,20200607,4.9723756906077
600225.SH,退市卓朗,20200606,4.9723756906077
600225.SH,退市卓朗,20200605,4.9723756906077
600225.SH,退市卓朗,20200604,4.9723756906077
600225.SH,退市卓朗,20200603,4.9723756906077
600225.SH,退市卓朗,20200602,4.9723756906077
600225.SH,退市卓朗,20200601,4.9723756906077
600225.SH,退市卓朗,20200531,-17.727272727273
600225.SH,退市卓朗,20200530,-17.727272727273
600225.SH,退市卓朗,20200529,-17.727272727273
600225.SH,退市卓朗,20200528,-17.727272727273
600225.SH,退市卓朗,20200527,-17.727272727273
600225.SH,退市卓朗,20200526,-17.727272727273
600225.SH,退市卓朗,20200525,-17.727272727273
600225.SH,退市卓朗,20200524,-17.727272727273
600225.SH,退市卓朗,20200523,-17.727272727273
600225.SH,退市卓朗,20200522,-17.727272727273
600225.SH,退市卓朗,20200521,-17.727272727273
600225.SH,退市卓朗,20200520,-17.727272727273
600225.SH,退市卓朗,20200519,-17.727272727273
600225.SH,退市卓朗,20200518,-17.727272727273
600225.SH,退市卓朗,20200517,-17.727272727273
600225.SH,退市卓朗,20200516,-17.727272727273
600225.SH,退市卓朗,20200515,-17.727272727273
600225.SH,退市卓朗,20200514,-17.727272727273
600225.SH,退市卓朗,20200513,-17.727272727273
600225.SH,退市卓朗,20200512,-17.727272727273
600225.SH,退市卓朗,20200511,-17.727272727273
600225.SH,退市卓朗,20200510,-17.727272727273
600225.SH,退市卓朗,20200509,-17.727272727273
600225.SH,退市卓朗,20200508,-17.727272727273
600225.SH,退市卓朗,20200507,-17.727272727273
600225.SH,退市卓朗,20200506,-17.727272727273
600225.SH,退市卓朗,20200505,-17.727272727273
600225.SH,退市卓朗,20200504,-17.727272727273
600225.SH,退市卓朗,20200503,-17.727272727273
600225.SH,退市卓朗,20200502,-17.727272727273
600225.SH,退市卓朗,20200501,-17.727272727273
600225.SH,退市卓朗,20200430,-3.0837004405286
600225.SH,退市卓朗,20200429,-3.0837004405286
600225.SH,退市卓朗,20200428,-3.0837004405286
600225.SH,退市卓朗,20200427,-3.0837004405286
600225.SH,退市卓朗,20200426,-3.0837004405286
600225.SH,退市卓朗,20200425,-3.0837004405286
600225.SH,退市卓朗,20200424,-3.0837004405286
600225.SH,退市卓朗,20200423,-3.0837004405286
600225.SH,退市卓朗,20200422,-3.0837004405286
600225.SH,退市卓朗,20200421,-3.0837004405286
600225.SH,退市卓朗,20200420,-3.0837004405286
600225.SH,退市卓朗,20200419,-3.0837004405286
600225.SH,退市卓朗,20200418,-3.0837004405286
600225.SH,退市卓朗,20200417,-3.0837004405286
600225.SH,退市卓朗,20200416,-3.0837004405286
600225.SH,退市卓朗,20200415,-3.0837004405286
600225.SH,退市卓朗,20200414,-3.0837004405286
600225.SH,退市卓朗,20200413,-3.0837004405286
600225.SH,退市卓朗,20200412,-3.0837004405286
600225.SH,退市卓朗,20200411,-3.0837004405286
600225.SH,退市卓朗,20200410,-3.0837004405286
600225.SH,退市卓朗,20200409,-3.0837004405286
600225.SH,退市卓朗,20200408,-3.0837004405286
600225.SH,退市卓朗,20200407,-3.0837004405286
600225.SH,退市卓朗,20200406,-3.0837004405286
600225.SH,退市卓朗,20200405,-3.0837004405286
600225.SH,退市卓朗,20200404,-3.0837004405286
600225.SH,退市卓朗,20200403,-3.0837004405286
600225.SH,退市卓朗,20200402,-3.0837004405286
600225.SH,退市卓朗,20200401,-3.0837004405286
600225.SH,退市卓朗,20200331,-9.5617529880478
600225.SH,退市卓朗,20200330,-9.5617529880478
600225.SH,退市卓朗,20200329,-9.5617529880478
600225.SH,退市卓朗,20200328,-9.5617529880478
600225.SH,退市卓朗,20200327,-9.5617529880478
600225.SH,退市卓朗,20200326,-9.5617529880478
600225.SH,退市卓朗,20200325,-9.5617529880478
600225.SH,退市卓朗,20200324,-9.5617529880478
600225.SH,退市卓朗,20200323,-9.5617529880478
600225.SH,退市卓朗,20200322,-9.5617529880478
600225.SH,退市卓朗,20200321,-9.5617529880478
600225.SH,退市卓朗,20200320,-9.5617529880478
600225.SH,退市卓朗,20200319,-9.5617529880478
600225.SH,退市卓朗,20200318,-9.5617529880478
600225.SH,退市卓朗,20200317,-9.5617529880478
600225.SH,退市卓朗,20200316,-9.5617529880478
600225.SH,退市卓朗,20200315,-9.5617529880478
600225.SH,退市卓朗,20200314,-9.5617529880478
600225.SH,退市卓朗,20200313,-9.5617529880478
600225.SH,退市卓朗,20200312,-9.5617529880478
600225.SH,退市卓朗,20200311,-9.5617529880478
600225.SH,退市卓朗,20200310,-9.5617529880478
600225.SH,退市卓朗,20200309,-9.5617529880478
600225.SH,退市卓朗,20200308,-9.5617529880478
600225.SH,退市卓朗,20200307,-9.5617529880478
600225.SH,退市卓朗,20200306,-9.5617529880478
600225.SH,退市卓朗,20200305,-9.5617529880478
600225.SH,退市卓朗,20200304,-9.5617529880478
600225.SH,退市卓朗,20200303,-9.5617529880478
600225.SH,退市卓朗,20200302,-9.5617529880478
600225.SH,退市卓朗,20200301,-9.5617529880478
600225.SH,退市卓朗,20200229,3.7190082644628
600225.SH,退市卓朗,20200228,3.7190082644628
600225.SH,退市卓朗,20200227,3.7190082644628
600225.SH,退市卓朗,20200226,3.7190082644628
600225.SH,退市卓朗,20200225,3.7190082644628
600225.SH,退市卓朗,20200224,3.7190082644628
600225.SH,退市卓朗,20200223,3.7190082644628
600225.SH,退市卓朗,20200222,3.7190082644628
600225.SH,退市卓朗,20200221,3.7190082644628
600225.SH,退市卓朗,20200220,3.7190082644628
600225.SH,退市卓朗,20200219,3.7190082644628
600225.SH,退市卓朗,20200218,3.7190082644628
600225.SH,退市卓朗,20200217,3.7190082644628
600225.SH,退市卓朗,20200216,3.7190082644628
600225.SH,退市卓朗,20200215,3.7190082644628
600225.SH,退市卓朗,20200214,3.7190082644628
600225.SH,退市卓朗,20200213,3.7190082644628
600225.SH,退市卓朗,20200212,3.7190082644628
600225.SH,退市卓朗,20200211,3.7190082644628
600225.SH,退市卓朗,20200210,3.7190082644628
600225.SH,退市卓朗,20200209,3.7190082644628
600225.SH,退市卓朗,20200208,3.7190082644628
600225.SH,退市卓朗,20200207,3.7190082644628
600225.SH,退市卓朗,20200206,3.7190082644628
600225.SH,退市卓朗,20200205,3.7190082644628
600225.SH,退市卓朗,20200204,3.7190082644628
600225.SH,退市卓朗,20200203,3.7190082644628
600225.SH,退市卓朗,20200202,3.7190082644628
600225.SH,退市卓朗,20200201,3.7190082644628
600225.SH,退市卓朗,20200131,-18.243243243243
600225.SH,退市卓朗,20200130,-18.243243243243
600225.SH,退市卓朗,20200129,-18.243243243243
600225.SH,退市卓朗,20200128,-18.243243243243
600225.SH,退市卓朗,20200127,-18.243243243243
600225.SH,退市卓朗,20200126,-18.243243243243
600225.SH,退市卓朗,20200125,-18.243243243243
600225.SH,退市卓朗,20200124,-18.243243243243
600225.SH,退市卓朗,20200123,-18.243243243243
600225.SH,退市卓朗,20200122,-18.243243243243
600225.SH,退市卓朗,20200121,-18.243243243243
600225.SH,退市卓朗,20200120,-18.243243243243
600225.SH,退市卓朗,20200119,-18.243243243243
600225.SH,退市卓朗,20200118,-18.243243243243
600225.SH,退市卓朗,20200117,-18.243243243243
600225.SH,退市卓朗,20200116,-18.243243243243
600225.SH,退市卓朗,20200115,-18.243243243243
600225.SH,退市卓朗,20200114,-18.243243243243
600225.SH,退市卓朗,20200113,-18.243243243243
600225.SH,退市卓朗,20200112,-18.243243243243
600225.SH,退市卓朗,20200111,-18.243243243243
600225.SH,退市卓朗,20200110,-18.243243243243
600225.SH,退市卓朗,20200109,-18.243243243243
600225.SH,退市卓朗,20200108,-18.243243243243
600225.SH,退市卓朗,20200107,-18.243243243243
600225.SH,退市卓朗,20200106,-18.243243243243
600225.SH,退市卓朗,20200105,-18.243243243243
600225.SH,退市卓朗,20200104,-18.243243243243
600225.SH,退市卓朗,20200103,-18.243243243243
600225.SH,退市卓朗,20200102,-18.243243243243
600225.SH,退市卓朗,20200101,-18.243243243243
600225.SH,退市卓朗,20191231,1.0238907849829
600225.SH,退市卓朗,20191230,1.0238907849829
600225.SH,退市卓朗,20191229,1.0238907849829
600225.SH,退市卓朗,20191228,1.0238907849829
600225.SH,退市卓朗,20191227,1.0238907849829
600225.SH,退市卓朗,20191226,1.0238907849829
600225.SH,退市卓朗,20191225,1.0238907849829
600225.SH,退市卓朗,20191224,1.0238907849829
600225.SH,退市卓朗,20191223,1.0238907849829
600225.SH,退市卓朗,20191222,1.0238907849829
600225.SH,退市卓朗,20191221,1.0238907849829
600225.SH,退市卓朗,20191220,1.0238907849829
600225.SH,退市卓朗,20191219,1.0238907849829
600225.SH,退市卓朗,20191218,1.0238907849829
600225.SH,退市卓朗,20191217,1.0238907849829
600225.SH,退市卓朗,20191216,1.0238907849829
600225.SH,退市卓朗,20191215,1.0238907849829
600225.SH,退市卓朗,20191214,1.0238907849829
600225.SH,退市卓朗,20191213,1.0238907849829
600225.SH,退市卓朗,20191212,1.0238907849829
600225.SH,退市卓朗,20191211,1.0238907849829
600225.SH,退市卓朗,20191210,1.0238907849829
600225.SH,退市卓朗,20191209,1.0238907849829
600225.SH,退市卓朗,20191208,1.0238907849829
600225.SH,退市卓朗,20191207,1.0238907849829
600225.SH,退市卓朗,20191206,1.0238907849829
600225.SH,退市卓朗,20191205,1.0238907849829
600225.SH,退市卓朗,20191204,1.0238907849829
600225.SH,退市卓朗,20191203,1.0238907849829
600225.SH,退市卓朗,20191202,1.0238907849829
600225.SH,退市卓朗,20191201,1.0238907849829
600225.SH,退市卓朗,20191130,-4.2483660130719
600225.SH,退市卓朗,20191129,-4.2483660130719
600225.SH,退市卓朗,20191128,-4.2483660130719
600225.SH,退市卓朗,20191127,-4.2483660130719
600225.SH,退市卓朗,20191126,-4.2483660130719
600225.SH,退市卓朗,20191125,-4.2483660130719
600225.SH,退市卓朗,20191124,-4.2483660130719
600225.SH,退市卓朗,20191123,-4.2483660130719
600225.SH,退市卓朗,20191122,-4.2483660130719
600225.SH,退市卓朗,20191121,-4.2483660130719
600225.SH,退市卓朗,20191120,-4.2483660130719
600225.SH,退市卓朗,20191119,-4.2483660130719
600225.SH,退市卓朗,20191118,-4.2483660130719
600225.SH,退市卓朗,20191117,-4.2483660130719
600225.SH,退市卓朗,20191116,-4.2483660130719
600225.SH,退市卓朗,20191115,-4.2483660130719
600225.SH,退市卓朗,20191114,-4.2483660130719
600225.SH,退市卓朗,20191113,-4.2483660130719
600225.SH,退市卓朗,20191112,-4.2483660130719
600225.SH,退市卓朗,20191111,-4.2483660130719
600225.SH,退市卓朗,20191110,-4.2483660130719
600225.SH,退市卓朗,20191109,-4.2483660130719
600225.SH,退市卓朗,20191108,-4.2483660130719
600225.SH,退市卓朗,20191107,-4.2483660130719
600225.SH,退市卓朗,20191106,-4.2483660130719
600225.SH,退市卓朗,20191105,-4.2483660130719
600225.SH,退市卓朗,20191104,-4.2483660130719
600225.SH,退市卓朗,20191103,-4.2483660130719
600225.SH,退市卓朗,20191102,-4.2483660130719
600225.SH,退市卓朗,20191101,-4.2483660130719
600225.SH,退市卓朗,20191031,-4.9689440993789
600225.SH,退市卓朗,20191030,-4.9689440993789
600225.SH,退市卓朗,20191029,-4.9689440993789
600225.SH,退市卓朗,20191028,-4.9689440993789
600225.SH,退市卓朗,20191027,-4.9689440993789
600225.SH,退市卓朗,20191026,-4.9689440993789
600225.SH,退市卓朗,20191025,-4.9689440993789
600225.SH,退市卓朗,20191024,-4.9689440993789
600225.SH,退市卓朗,20191023,-4.9689440993789
600225.SH,退市卓朗,20191022,-4.9689440993789
600225.SH,退市卓朗,20191021,-4.9689440993789
600225.SH,退市卓朗,20191020,-4.9689440993789
600225.SH,退市卓朗,20191019,-4.9689440993789
600225.SH,退市卓朗,20191018,-4.9689440993789
600225.SH,退市卓朗,20191017,-4.9689440993789
600225.SH,退市卓朗,20191016,-4.9689440993789
600225.SH,退市卓朗,20191015,-4.9689440993789
600225.SH,退市卓朗,20191014,-4.9689440993789
600225.SH,退市卓朗,20191013,-4.9689440993789
600225.SH,退市卓朗,20191012,-4.9689440993789
600225.SH,退市卓朗,20191011,-4.9689440993789
600225.SH,退市卓朗,20191010,-4.9689440993789
600225.SH,退市卓朗,20191009,-4.9689440993789
600225.SH,退市卓朗,20191008,-4.9689440993789
600225.SH,退市卓朗,20191007,-4.9689440993789
600225.SH,退市卓朗,20191006,-4.9689440993789
600225.SH,退市卓朗,20191005,-4.9689440993789
600225.SH,退市卓朗,20191004,-4.9689440993789
600225.SH,退市卓朗,20191003,-4.9689440993789
600225.SH,退市卓朗,20191002,-4.9689440993789
600225.SH,退市卓朗,20191001,-4.9689440993789
600225.SH,退市卓朗,20190930,1.8987341772152
600225.SH,退市卓朗,20190929,1.8987341772152
600225.SH,退市卓朗,20190928,1.8987341772152
600225.SH,退市卓朗,20190927,1.8987341772152
600225.SH,退市卓朗,20190926,1.8987341772152
600225.SH,退市卓朗,20190925,1.8987341772152
600225.SH,退市卓朗,20190924,1.8987341772152
600225.SH,退市卓朗,20190923,1.8987341772152
600225.SH,退市卓朗,20190922,1.8987341772152
600225.SH,退市卓朗,20190921,1.8987341772152
600225.SH,退市卓朗,20190920,1.8987341772152
600225.SH,退市卓朗,20190919,1.8987341772152
600225.SH,退市卓朗,20190918,1.8987341772152
600225.SH,退市卓朗,20190917,1.8987341772152
600225.SH,退市卓朗,20190916,1.8987341772152
600225.SH,退市卓朗,20190915,1.8987341772152
600225.SH,退市卓朗,20190914,1.8987341772152
600225.SH,退市卓朗,20190913,1.8987341772152
600225.SH,退市卓朗,20190912,1.8987341772152
600225.SH,退市卓朗,20190911,1.8987341772152
600225.SH,退市卓朗,20190910,1.8987341772152
600225.SH,退市卓朗,20190909,1.8987341772152
600225.SH,退市卓朗,20190908,1.8987341772152
600225.SH,退市卓朗,20190907,1.8987341772152
600225.SH,退市卓朗,20190906,1.8987341772152
600225.SH,退市卓朗,20190905,1.8987341772152
600225.SH,退市卓朗,20190904,1.8987341772152
600225.SH,退市卓朗,20190903,1.8987341772152
600225.SH,退市卓朗,20190902,1.8987341772152
600225.SH,退市卓朗,20190901,1.8987341772152
600225.SH,退市卓朗,20190831,-3.0674846625767
600225.SH,退市卓朗,20190830,-3.0674846625767
600225.SH,退市卓朗,20190829,-3.0674846625767
600225.SH,退市卓朗,20190828,-3.0674846625767
600225.SH,退市卓朗,20190827,-3.0674846625767
600225.SH,退市卓朗,20190826,-3.0674846625767
600225.SH,退市卓朗,20190825,-3.0674846625767
600225.SH,退市卓朗,20190824,-3.0674846625767
600225.SH,退市卓朗,20190823,-3.0674846625767
600225.SH,退市卓朗,20190822,-3.0674846625767
600225.SH,退市卓朗,20190821,-3.0674846625767
600225.SH,退市卓朗,20190820,-3.0674846625767
600225.SH,退市卓朗,20190819,-3.0674846625767
600225.SH,退市卓朗,20190818,-3.0674846625767
600225.SH,退市卓朗,20190817,-3.0674846625767
600225.SH,退市卓朗,20190816,-3.0674846625767
600225.SH,退市卓朗,20190815,-3.0674846625767
600225.SH,退市卓朗,20190814,-3.0674846625767
600225.SH,退市卓朗,20190813,-3.0674846625767
600225.SH,退市卓朗,20190812,-3.0674846625767
600225.SH,退市卓朗,20190811,-3.0674846625767
600225.SH,退市卓朗,20190810,-3.0674846625767
600225.SH,退市卓朗,20190809,-3.0674846625767
600225.SH,退市卓朗,20190808,-3.0674846625767
600225.SH,退市卓朗,20190807,-3.0674846625767
600225.SH,退市卓朗,20190806,-3.0674846625767
600225.SH,退市卓朗,20190805,-3.0674846625767
600225.SH,退市卓朗,20190804,-3.0674846625767
600225.SH,退市卓朗,20190803,-3.0674846625767
600225.SH,退市卓朗,20190802,-3.0674846625767
600225.SH,退市卓朗,20190801,-3.0674846625767
600225.SH,退市卓朗,20190731,-8.169014084507
600225.SH,退市卓朗,20190730,-8.169014084507
600225.SH,退市卓朗,20190729,-8.169014084507
600225.SH,退市卓朗,20190728,-8.169014084507
600225.SH,退市卓朗,20190727,-8.169014084507
600225.SH,退市卓朗,20190726,-8.169014084507
600225.SH,退市卓朗,20190725,-8.169014084507
600225.SH,退市卓朗,20190724,-8.169014084507
600225.SH,退市卓朗,20190723,-8.169014084507
600225.SH,退市卓朗,20190722,-8.169014084507
600225.SH,退市卓朗,20190721,-8.169014084507
600225.SH,退市卓朗,20190720,-8.169014084507
600225.SH,退市卓朗,20190719,-8.169014084507
600225.SH,退市卓朗,20190718,-8.169014084507
600225.SH,退市卓朗,20190717,-8.169014084507
600225.SH,退市卓朗,20190716,-8.169014084507
600225.SH,退市卓朗,20190715,-8.169014084507
600225.SH,退市卓朗,20190714,-8.169014084507
600225.SH,退市卓朗,20190713,-8.169014084507
600225.SH,退市卓朗,20190712,-8.169014084507
600225.SH,退市卓朗,20190711,-8.169014084507
600225.SH,退市卓朗,20190710,-8.169014084507
600225.SH,退市卓朗,20190709,-8.169014084507
600225.SH,退市卓朗,20190708,-8.169014084507
600225.SH,退市卓朗,20190707,-8.169014084507
600225.SH,退市卓朗,20190706,-8.169014084507
600225.SH,退市卓朗,20190705,-8.169014084507
600225.SH,退市卓朗,20190704,-8.169014084507
600225.SH,退市卓朗,20190703,-8.169014084507
600225.SH,退市卓朗,20190702,-8.169014084507
600225.SH,退市卓朗,20190701,-8.169014084507
600225.SH,退市卓朗,20190630,-5.3333333333333
600225.SH,退市卓朗,20190629,-5.3333333333333
600225.SH,退市卓朗,20190628,-5.3333333333333
600225.SH,退市卓朗,20190627,-5.3333333333333
600225.SH,退市卓朗,20190626,-5.3333333333333
600225.SH,退市卓朗,20190625,-5.3333333333333
600225.SH,退市卓朗,20190624,-5.3333333333333
600225.SH,退市卓朗,20190623,-5.3333333333333
600225.SH,退市卓朗,20190622,-5.3333333333333
600225.SH,退市卓朗,20190621,-5.3333333333333
600225.SH,退市卓朗,20190620,-5.3333333333333
600225.SH,退市卓朗,20190619,-5.3333333333333
600225.SH,退市卓朗,20190618,-5.3333333333333
600225.SH,退市卓朗,20190617,-5.3333333333333
600225.SH,退市卓朗,20190616,-5.3333333333333
600225.SH,退市卓朗,20190615,-5.3333333333333
600225.SH,退市卓朗,20190614,-5.3333333333333
600225.SH,退市卓朗,20190613,-5.3333333333333
600225.SH,退市卓朗,20190612,-5.3333333333333
600225.SH,退市卓朗,20190611,-5.3333333333333
600225.SH,退市卓朗,20190610,-5.3333333333333
600225.SH,退市卓朗,20190609,-5.3333333333333
600225.SH,退市卓朗,20190608,-5.3333333333333
600225.SH,退市卓朗,20190607,-5.3333333333333
600225.SH,退市卓朗,20190606,-5.3333333333333
600225.SH,退市卓朗,20190605,-5.3333333333333
600225.SH,退市卓朗,20190604,-5.3333333333333
600225.SH,退市卓朗,20190603,-5.3333333333333
600225.SH,退市卓朗,20190602,-5.3333333333333
600225.SH,退市卓朗,20190601,-5.3333333333333
600225.SH,退市卓朗,20190531,1.078167115903
600225.SH,退市卓朗,20190530,1.078167115903
600225.SH,退市卓朗,20190529,1.078167115903
600225.SH,退市卓朗,20190528,1.078167115903
600225.SH,退市卓朗,20190527,1.078167115903
600225.SH,退市卓朗,20190526,1.078167115903
600225.SH,退市卓朗,20190525,1.078167115903
600225.SH,退市卓朗,20190524,1.078167115903
600225.SH,退市卓朗,20190523,1.078167115903
600225.SH,退市卓朗,20190522,1.078167115903
600225.SH,退市卓朗,20190521,1.078167115903
600225.SH,退市卓朗,20190520,1.078167115903
600225.SH,退市卓朗,20190519,1.078167115903
600225.SH,退市卓朗,20190518,1.078167115903
600225.SH,退市卓朗,20190517,1.078167115903
600225.SH,退市卓朗,20190516,1.078167115903
600225.SH,退市卓朗,20190515,1.078167115903
600225.SH,退市卓朗,20190514,1.078167115903
600225.SH,退市卓朗,20190513,1.078167115903
600225.SH,退市卓朗,20190512,1.078167115903
600225.SH,退市卓朗,20190511,1.078167115903
600225.SH,退市卓朗,20190510,1.078167115903
600225.SH,退市卓朗,20190509,1.078167115903
600225.SH,退市卓朗,20190508,1.078167115903
600225.SH,退市卓朗,20190507,1.078167115903
600225.SH,退市卓朗,20190506,1.078167115903
600225.SH,退市卓朗,20190505,1.078167115903
600225.SH,退市卓朗,20190504,1.078167115903
600225.SH,退市卓朗,20190503,1.078167115903
600225.SH,退市卓朗,20190502,1.078167115903
600225.SH,退市卓朗,20190501,1.078167115903
600225.SH,退市卓朗,20190430,-11.244019138756
600225.SH,退市卓朗,20190429,-11.244019138756
600225.SH,退市卓朗,20190428,-11.244019138756
600225.SH,退市卓朗,20190427,-11.244019138756
600225.SH,退市卓朗,20190426,-11.244019138756
600225.SH,退市卓朗,20190425,-11.244019138756
600225.SH,退市卓朗,20190424,-11.244019138756
600225.SH,退市卓朗,20190423,-11.244019138756
600225.SH,退市卓朗,20190422,-11.244019138756
600225.SH,退市卓朗,20190421,-11.244019138756
600225.SH,退市卓朗,20190420,-11.244019138756
600225.SH,退市卓朗,20190419,-11.244019138756
600225.SH,退市卓朗,20190418,-11.244019138756
600225.SH,退市卓朗,20190417,-11.244019138756
600225.SH,退市卓朗,20190416,-11.244019138756
600225.SH,退市卓朗,20190415,-11.244019138756
600225.SH,退市卓朗,20190414,-11.244019138756
600225.SH,退市卓朗,20190413,-11.244019138756
600225.SH,退市卓朗,20190412,-11.244019138756
600225.SH,退市卓朗,20190411,-11.244019138756
600225.SH,退市卓朗,20190410,-11.244019138756
600225.SH,退市卓朗,20190409,-11.244019138756
600225.SH,退市卓朗,20190408,-11.244019138756
600225.SH,退市卓朗,20190407,-11.244019138756
600225.SH,退市卓朗,20190406,-11.244019138756
600225.SH,退市卓朗,20190405,-11.244019138756
600225.SH,退市卓朗,20190404,-11.244019138756
600225.SH,退市卓朗,20190403,-11.244019138756
600225.SH,退市卓朗,20190402,-11.244019138756
600225.SH,退市卓朗,20190401,-11.244019138756
600225.SH,退市卓朗,20190331,24.776119402985
600225.SH,退市卓朗,20190330,24.776119402985
600225.SH,退市卓朗,20190329,24.776119402985
600225.SH,退市卓朗,20190328,24.776119402985
600225.SH,退市卓朗,20190327,24.776119402985
600225.SH,退市卓朗,20190326,24.776119402985
600225.SH,退市卓朗,20190325,24.776119402985
600225.SH,退市卓朗,20190324,24.776119402985
600225.SH,退市卓朗,20190323,24.776119402985
600225.SH,退市卓朗,20190322,24.776119402985
600225.SH,退市卓朗,20190321,24.776119402985
600225.SH,退市卓朗,20190320,24.776119402985
600225.SH,退市卓朗,20190319,24.776119402985
600225.SH,退市卓朗,20190318,24.776119402985
600225.SH,退市卓朗,20190317,24.776119402985
600225.SH,退市卓朗,20190316,24.776119402985
600225.SH,退市卓朗,20190315,24.776119402985
600225.SH,退市卓朗,20190314,24.776119402985
600225.SH,退市卓朗,20190313,24.776119402985
600225.SH,退市卓朗,20190312,24.776119402985
600225.SH,退市卓朗,20190311,24.776119402985
600225.SH,退市卓朗,20190310,24.776119402985
600225.SH,退市卓朗,20190309,24.776119402985
600225.SH,退市卓朗,20190308,24.776119402985
600225.SH,退市卓朗,20190307,24.776119402985
600225.SH,退市卓朗,20190306,24.776119402985
600225.SH,退市卓朗,20190305,24.776119402985
600225.SH,退市卓朗,20190304,24.776119402985
600225.SH,退市卓朗,20190303,24.776119402985
600225.SH,退市卓朗,20190302,24.776119402985
600225.SH,退市卓朗,20190301,24.776119402985
600225.SH,退市卓朗,20190228,24.53531598513
600225.SH,退市卓朗,20190227,24.53531598513
600225.SH,退市卓朗,20190226,24.53531598513
600225.SH,退市卓朗,20190225,24.53531598513
600225.SH,退市卓朗,20190224,24.53531598513
600225.SH,退市卓朗,20190223,24.53531598513
600225.SH,退市卓朗,20190222,24.53531598513
600225.SH,退市卓朗,20190221,24.53531598513
600225.SH,退市卓朗,20190220,24.53531598513
600225.SH,退市卓朗,20190219,24.53531598513
600225.SH,退市卓朗,20190218,24.53531598513
600225.SH,退市卓朗,20190217,24.53531598513
600225.SH,退市卓朗,20190216,24.53531598513
600225.SH,退市卓朗,20190215,24.53531598513
600225.SH,退市卓朗,20190214,24.53531598513
600225.SH,退市卓朗,20190213,24.53531598513
600225.SH,退市卓朗,20190212,24.53531598513
600225.SH,退市卓朗,20190211,24.53531598513
600225.SH,退市卓朗,20190210,24.53531598513
600225.SH,退市卓朗,20190209,24.53531598513
600225.SH,退市卓朗,20190208,24.53531598513
600225.SH,退市卓朗,20190207,24.53531598513
600225.SH,退市卓朗,20190206,24.53531598513
600225.SH,退市卓朗,20190205,24.53531598513
600225.SH,退市卓朗,20190204,24.53531598513
600225.SH,退市卓朗,20190203,24.53531598513
600225.SH,退市卓朗,20190202,24.53531598513
600225.SH,退市卓朗,20190201,24.53531598513
600225.SH,退市卓朗,20190131,-21.345029239766
600225.SH,退市卓朗,20190130,-21.345029239766
600225.SH,退市卓朗,20190129,-21.345029239766
600225.SH,退市卓朗,20190128,-21.345029239766
600225.SH,退市卓朗,20190127,-21.345029239766
600225.SH,退市卓朗,20190126,-21.345029239766
600225.SH,退市卓朗,20190125,-21.345029239766
600225.SH,退市卓朗,20190124,-21.345029239766
600225.SH,退市卓朗,20190123,-21.345029239766
600225.SH,退市卓朗,20190122,-21.345029239766
600225.SH,退市卓朗,20190121,-21.345029239766
600225.SH,退市卓朗,20190120,-21.345029239766
600225.SH,退市卓朗,20190119,-21.345029239766
600225.SH,退市卓朗,20190118,-21.345029239766
600225.SH,退市卓朗,20190117,-21.345029239766
600225.SH,退市卓朗,20190116,-21.345029239766
600225.SH,退市卓朗,20190115,-21.345029239766
600225.SH,退市卓朗,20190114,-21.345029239766
600225.SH,退市卓朗,20190113,-21.345029239766
600225.SH,退市卓朗,20190112,-21.345029239766
600225.SH,退市卓朗,20190111,-21.345029239766
600225.SH,退市卓朗,20190110,-21.345029239766
600225.SH,退市卓朗,20190109,-21.345029239766
600225.SH,退市卓朗,20190108,-21.345029239766
600225.SH,退市卓朗,20190107,-21.345029239766
600225.SH,退市卓朗,20190106,-21.345029239766
600225.SH,退市卓朗,20190105,-21.345029239766
600225.SH,退市卓朗,20190104,-21.345029239766
600225.SH,退市卓朗,20190103,-21.345029239766
600225.SH,退市卓朗,20190102,-21.345029239766
600225.SH,退市卓朗,20190101,-21.345029239766
600225.SH,退市卓朗,20181231,-5.0
600225.SH,退市卓朗,20181230,-5.0
600225.SH,退市卓朗,20181229,-5.0
600225.SH,退市卓朗,20181228,-5.0
600225.SH,退市卓朗,20181227,-5.0
600225.SH,退市卓朗,20181226,-5.0
600225.SH,退市卓朗,20181225,-5.0
600225.SH,退市卓朗,20181224,-5.0
600225.SH,退市卓朗,20181223,-5.0
600225.SH,退市卓朗,20181222,-5.0
600225.SH,退市卓朗,20181221,-5.0
600225.SH,退市卓朗,20181220,-5.0
600225.SH,退市卓朗,20181219,-5.0
600225.SH,退市卓朗,20181218,-5.0
600225.SH,退市卓朗,20181217,-5.0
600225.SH,退市卓朗,20181216,-5.0
600225.SH,退市卓朗,20181215,-5.0
600225.SH,退市卓朗,20181214,-5.0
600225.SH,退市卓朗,20181213,-5.0
600225.SH,退市卓朗,20181212,-5.0
600225.SH,退市卓朗,20181211,-5.0
600225.SH,退市卓朗,20181210,-5.0
600225.SH,退市卓朗,20181209,-5.0
600225.SH,退市卓朗,20181208,-5.0
600225.SH,退市卓朗,20181207,-5.0
600225.SH,退市卓朗,20181206,-5.0
600225.SH,退市卓朗,20181205,-5.0
600225.SH,退市卓朗,20181204,-5.0
600225.SH,退市卓朗,20181203,-5.0
600225.SH,退市卓朗,20181202,-5.0
600225.SH,退市卓朗,20181201,-5.0
600225.SH,退市卓朗,20181130,26.760563380282
600225.SH,退市卓朗,20181129,26.760563380282
600225.SH,退市卓朗,20181128,26.760563380282
600225.SH,退市卓朗,20181127,26.760563380282
600225.SH,退市卓朗,20181126,26.760563380282
600225.SH,退市卓朗,20181125,26.760563380282
600225.SH,退市卓朗,20181124,26.760563380282
600225.SH,退市卓朗,20181123,26.760563380282
600225.SH,退市卓朗,20181122,26.760563380282
600225.SH,退市卓朗,20181121,26.760563380282
600225.SH,退市卓朗,20181120,26.760563380282
600225.SH,退市卓朗,20181119,26.760563380282
600225.SH,退市卓朗,20181118,26.760563380282
600225.SH,退市卓朗,20181117,26.760563380282
600225.SH,退市卓朗,20181116,26.760563380282
600225.SH,退市卓朗,20181115,26.760563380282
600225.SH,退市卓朗,20181114,26.760563380282
600225.SH,退市卓朗,20181113,26.760563380282
600225.SH,退市卓朗,20181112,26.760563380282
600225.SH,退市卓朗,20181111,26.760563380282
600225.SH,退市卓朗,20181110,26.760563380282
600225.SH,退市卓朗,20181109,26.760563380282
600225.SH,退市卓朗,20181108,26.760563380282
600225.SH,退市卓朗,20181107,26.760563380282
600225.SH,退市卓朗,20181106,26.760563380282
600225.SH,退市卓朗,20181105,26.760563380282
600225.SH,退市卓朗,20181104,26.760563380282
600225.SH,退市卓朗,20181103,26.760563380282
600225.SH,退市卓朗,20181102,26.760563380282
600225.SH,退市卓朗,20181101,26.760563380282
600225.SH,退市卓朗,20181031,-5.3333333333333
600225.SH,退市卓朗,20181030,-5.3333333333333
600225.SH,退市卓朗,20181029,-5.3333333333333
600225.SH,退市卓朗,20181028,-5.3333333333333
600225.SH,退市卓朗,20181027,-5.3333333333333
600225.SH,退市卓朗,20181026,-5.3333333333333
600225.SH,退市卓朗,20181025,-5.3333333333333
600225.SH,退市卓朗,20181024,-5.3333333333333
600225.SH,退市卓朗,20181023,-5.3333333333333
600225.SH,退市卓朗,20181022,-5.3333333333333
600225.SH,退市卓朗,20181021,-5.3333333333333
600225.SH,退市卓朗,20181020,-5.3333333333333
600225.SH,退市卓朗,20181019,-5.3333333333333
600225.SH,退市卓朗,20181018,-5.3333333333333
600225.SH,退市卓朗,20181017,-5.3333333333333
600225.SH,退市卓朗,20181016,-5.3333333333333
600225.SH,退市卓朗,20181015,-5.3333333333333
600225.SH,退市卓朗,20181014,-5.3333333333333
600225.SH,退市卓朗,20181013,-5.3333333333333
600225.SH,退市卓朗,20181012,-5.3333333333333
600225.SH,退市卓朗,20181011,-5.3333333333333
600225.SH,退市卓朗,20181010,-5.3333333333333
600225.SH,退市卓朗,20181009,-5.3333333333333
600225.SH,退市卓朗,20181008,-5.3333333333333
600225.SH,退市卓朗,20181007,-5.3333333333333
600225.SH,退市卓朗,20181006,-5.3333333333333
600225.SH,退市卓朗,20181005,-5.3333333333333
600225.SH,退市卓朗,20181004,-5.3333333333333
600225.SH,退市卓朗,20181003,-5.3333333333333
600225.SH,退市卓朗,20181002,-5.3333333333333
600225.SH,退市卓朗,20181001,-5.3333333333333
600225.SH,退市卓朗,20180930,-1.3157894736842
600225.SH,退市卓朗,20180929,-1.3157894736842
600225.SH,退市卓朗,20180928,-1.3157894736842
600225.SH,退市卓朗,20180927,-1.3157894736842
600225.SH,退市卓朗,20180926,-1.3157894736842
600225.SH,退市卓朗,20180925,-1.3157894736842
600225.SH,退市卓朗,20180924,-1.3157894736842
600225.SH,退市卓朗,20180923,-1.3157894736842
600225.SH,退市卓朗,20180922,-1.3157894736842
600225.SH,退市卓朗,20180921,-1.3157894736842
600225.SH,退市卓朗,20180920,-1.3157894736842
600225.SH,退市卓朗,20180919,-1.3157894736842
600225.SH,退市卓朗,20180918,-1.3157894736842
600225.SH,退市卓朗,20180917,-1.3157894736842
600225.SH,退市卓朗,20180916,-1.3157894736842
600225.SH,退市卓朗,20180915,-1.3157894736842
600225.SH,退市卓朗,20180914,-1.3157894736842
600225.SH,退市卓朗,20180913,-1.3157894736842
600225.SH,退市卓朗,20180912,-1.3157894736842
600225.SH,退市卓朗,20180911,-1.3157894736842
600225.SH,退市卓朗,20180910,-1.3157894736842
600225.SH,退市卓朗,20180909,-1.3157894736842
600225.SH,退市卓朗,20180908,-1.3157894736842
600225.SH,退市卓朗,20180907,-1.3157894736842
600225.SH,退市卓朗,20180906,-1.3157894736842
600225.SH,退市卓朗,20180905,-1.3157894736842
600225.SH,退市卓朗,20180904,-1.3157894736842
600225.SH,退市卓朗,20180903,-1.3157894736842
600225.SH,退市卓朗,20180902,-1.3157894736842
600225.SH,退市卓朗,20180901,-1.3157894736842
600225.SH,退市卓朗,20180831,-17.615176151762
600225.SH,退市卓朗,20180830,-17.615176151762
600225.SH,退市卓朗,20180829,-17.615176151762
600225.SH,退市卓朗,20180828,-17.615176151762
600225.SH,退市卓朗,20180827,-17.615176151762
600225.SH,退市卓朗,20180826,-17.615176151762
600225.SH,退市卓朗,20180825,-17.615176151762
600225.SH,退市卓朗,20180824,-17.615176151762
600225.SH,退市卓朗,20180823,-17.615176151762
600225.SH,退市卓朗,20180822,-17.615176151762
600225.SH,退市卓朗,20180821,-17.615176151762
600225.SH,退市卓朗,20180820,-17.615176151762
600225.SH,退市卓朗,20180819,-17.615176151762
600225.SH,退市卓朗,20180818,-17.615176151762
600225.SH,退市卓朗,20180817,-17.615176151762
600225.SH,退市卓朗,20180816,-17.615176151762
600225.SH,退市卓朗,20180815,-17.615176151762
600225.SH,退市卓朗,20180814,-17.615176151762
600225.SH,退市卓朗,20180813,-17.615176151762
600225.SH,退市卓朗,20180812,-17.615176151762
600225.SH,退市卓朗,20180811,-17.615176151762
600225.SH,退市卓朗,20180810,-17.615176151762
600225.SH,退市卓朗,20180809,-17.615176151762
600225.SH,退市卓朗,20180808,-17.615176151762
600225.SH,退市卓朗,20180807,-17.615176151762
600225.SH,退市卓朗,20180806,-17.615176151762
600225.SH,退市卓朗,20180805,-17.615176151762
600225.SH,退市卓朗,20180804,-17.615176151762
600225.SH,退市卓朗,20180803,-17.615176151762
600225.SH,退市卓朗,20180802,-17.615176151762
600225.SH,退市卓朗,20180801,-17.615176151762
600225.SH,退市卓朗,20180731,28.571428571429
600225.SH,退市卓朗,20180730,28.571428571429
600225.SH,退市卓朗,20180729,28.571428571429
600225.SH,退市卓朗,20180728,28.571428571429
600225.SH,退市卓朗,20180727,28.571428571429
600225.SH,退市卓朗,20180726,28.571428571429
600225.SH,退市卓朗,20180725,28.571428571429
600225.SH,退市卓朗,20180724,28.571428571429
600225.SH,退市卓朗,20180723,28.571428571429
600225.SH,退市卓朗,20180722,28.571428571429
600225.SH,退市卓朗,20180721,28.571428571429
600225.SH,退市卓朗,20180720,28.571428571429
600225.SH,退市卓朗,20180719,28.571428571429
600225.SH,退市卓朗,20180718,28.571428571429
600225.SH,退市卓朗,20180717,28.571428571429
600225.SH,退市卓朗,20180716,28.571428571429
600225.SH,退市卓朗,20180715,28.571428571429
600225.SH,退市卓朗,20180714,28.571428571429
600225.SH,退市卓朗,20180713,28.571428571429
600225.SH,退市卓朗,20180712,28.571428571429
600225.SH,退市卓朗,20180711,28.571428571429
600225.SH,退市卓朗,20180710,28.571428571429
600225.SH,退市卓朗,20180709,28.571428571429
600225.SH,退市卓朗,20180708,28.571428571429
600225.SH,退市卓朗,20180707,28.571428571429
600225.SH,退市卓朗,20180706,28.571428571429
600225.SH,退市卓朗,20180705,28.571428571429
600225.SH,退市卓朗,20180704,28.571428571429
600225.SH,退市卓朗,20180703,28.571428571429
600225.SH,退市卓朗,20180702,28.571428571429
600225.SH,退市卓朗,20180701,28.571428571429
600225.SH,退市卓朗,20180630,-17.291066282421
600225.SH,退市卓朗,20180629,-17.291066282421
600225.SH,退市卓朗,20180628,-17.291066282421
600225.SH,退市卓朗,20180627,-17.291066282421
600225.SH,退市卓朗,20180626,-17.291066282421
600225.SH,退市卓朗,20180625,-17.291066282421
600225.SH,退市卓朗,20180624,-17.291066282421
600225.SH,退市卓朗,20180623,-17.291066282421
600225.SH,退市卓朗,20180622,-17.291066282421
600225.SH,退市卓朗,20180621,-17.291066282421
600225.SH,退市卓朗,20180620,-17.291066282421
600225.SH,退市卓朗,20180619,-17.291066282421
600225.SH,退市卓朗,20180618,-17.291066282421
600225.SH,退市卓朗,20180617,-17.291066282421
600225.SH,退市卓朗,20180616,-17.291066282421
600225.SH,退市卓朗,20180615,-17.291066282421
600225.SH,退市卓朗,20180614,-17.291066282421
600225.SH,退市卓朗,20180613,-17.291066282421
600225.SH,退市卓朗,20180612,-17.291066282421
600225.SH,退市卓朗,20180611,-17.291066282421
600225.SH,退市卓朗,20180610,-17.291066282421
600225.SH,退市卓朗,20180609,-17.291066282421
600225.SH,退市卓朗,20180608,-17.291066282421
600225.SH,退市卓朗,20180607,-17.291066282421
600225.SH,退市卓朗,20180606,-17.291066282421
600225.SH,退市卓朗,20180605,-17.291066282421
600225.SH,退市卓朗,20180604,-17.291066282421
600225.SH,退市卓朗,20180603,-17.291066282421
600225.SH,退市卓朗,20180602,-17.291066282421
600225.SH,退市卓朗,20180601,-17.291066282421
600225.SH,退市卓朗,20180531,-16.183574879227
600225.SH,退市卓朗,20180530,-16.183574879227
600225.SH,退市卓朗,20180529,-16.183574879227
600225.SH,退市卓朗,20180528,-16.183574879227
600225.SH,退市卓朗,20180527,-16.183574879227
600225.SH,退市卓朗,20180526,-16.183574879227
600225.SH,退市卓朗,20180525,-16.183574879227
600225.SH,退市卓朗,20180524,-16.183574879227
600225.SH,退市卓朗,20180523,-16.183574879227
600225.SH,退市卓朗,20180522,-16.183574879227
600225.SH,退市卓朗,20180521,-16.183574879227
600225.SH,退市卓朗,20180520,-16.183574879227
600225.SH,退市卓朗,20180519,-16.183574879227
600225.SH,退市卓朗,20180518,-16.183574879227
600225.SH,退市卓朗,20180517,-16.183574879227
600225.SH,退市卓朗,20180516,-16.183574879227
600225.SH,退市卓朗,20180515,-16.183574879227
600225.SH,退市卓朗,20180514,-16.183574879227
600225.SH,退市卓朗,20180513,-16.183574879227
600225.SH,退市卓朗,20180512,-16.183574879227
600225.SH,退市卓朗,20180511,-16.183574879227
600225.SH,退市卓朗,20180510,-16.183574879227
600225.SH,退市卓朗,20180509,-16.183574879227
600225.SH,退市卓朗,20180508,-16.183574879227
600225.SH,退市卓朗,20180507,-16.183574879227
600225.SH,退市卓朗,20180506,-16.183574879227
600225.SH,退市卓朗,20180505,-16.183574879227
600225.SH,退市卓朗,20180504,-16.183574879227
600225.SH,退市卓朗,20180503,-16.183574879227
600225.SH,退市卓朗,20180502,-16.183574879227
600225.SH,退市卓朗,20180501,-16.183574879227
600225.SH,退市卓朗,20180430,-1.6627078384798
600225.SH,退市卓朗,20180429,-1.6627078384798
600225.SH,退市卓朗,20180428,-1.6627078384798
600225.SH,退市卓朗,20180427,-1.6627078384798
600225.SH,退市卓朗,20180426,-1.6627078384798
600225.SH,退市卓朗,20180425,-1.6627078384798
600225.SH,退市卓朗,20180424,-1.6627078384798
600225.SH,退市卓朗,20180423,-1.6627078384798
600225.SH,退市卓朗,20180422,-1.6627078384798
600225.SH,退市卓朗,20180421,-1.6627078384798
600225.SH,退市卓朗,20180420,-1.6627078384798
600225.SH,退市卓朗,20180419,-1.6627078384798
600225.SH,退市卓朗,20180418,-1.6627078384798
600225.SH,退市卓朗,20180417,-1.6627078384798
600225.SH,退市卓朗,20180416,-1.6627078384798
600225.SH,退市卓朗,20180415,-1.6627078384798
600225.SH,退市卓朗,20180414,-1.6627078384798
600225.SH,退市卓朗,20180413,-1.6627078384798
600225.SH,退市卓朗,20180412,-1.6627078384798
600225.SH,退市卓朗,20180411,-1.6627078384798
600225.SH,退市卓朗,20180410,-1.6627078384798
600225.SH,退市卓朗,20180409,-1.6627078384798
600225.SH,退市卓朗,20180408,-1.6627078384798
600225.SH,退市卓朗,20180407,-1.6627078384798
600225.SH,退市卓朗,20180406,-1.6627078384798
600225.SH,退市卓朗,20180405,-1.6627078384798
600225.SH,退市卓朗,20180404,-1.6627078384798
600225.SH,退市卓朗,20180403,-1.6627078384798
600225.SH,退市卓朗,20180402,-1.6627078384798
600225.SH,退市卓朗,20180401,-1.6627078384798
600225.SH,退市卓朗,20180331,2.1844660194175
600225.SH,退市卓朗,20180330,2.1844660194175
600225.SH,退市卓朗,20180329,2.1844660194175
600225.SH,退市卓朗,20180328,2.1844660194175
600225.SH,退市卓朗,20180327,2.1844660194175
600225.SH,退市卓朗,20180326,2.1844660194175
600225.SH,退市卓朗,20180325,2.1844660194175
600225.SH,退市卓朗,20180324,2.1844660194175
600225.SH,退市卓朗,20180323,2.1844660194175
600225.SH,退市卓朗,20180322,2.1844660194175
600225.SH,退市卓朗,20180321,2.1844660194175
600225.SH,退市卓朗,20180320,2.1844660194175
600225.SH,退市卓朗,20180319,2.1844660194175
600225.SH,退市卓朗,20180318,2.1844660194175
600225.SH,退市卓朗,20180317,2.1844660194175
600225.SH,退市卓朗,20180316,2.1844660194175
600225.SH,退市卓朗,20180315,2.1844660194175
600225.SH,退市卓朗,20180314,2.1844660194175
600225.SH,退市卓朗,20180313,2.1844660194175
600225.SH,退市卓朗,20180312,2.1844660194175
600225.SH,退市卓朗,20180311,2.1844660194175
600225.SH,退市卓朗,20180310,2.1844660194175
600225.SH,退市卓朗,20180309,2.1844660194175
600225.SH,退市卓朗,20180308,2.1844660194175
600225.SH,退市卓朗,20180307,2.1844660194175
600225.SH,退市卓朗,20180306,2.1844660194175
600225.SH,退市卓朗,20180305,2.1844660194175
600225.SH,退市卓朗,20180304,2.1844660194175
600225.SH,退市卓朗,20180303,2.1844660194175
600225.SH,退市卓朗,20180302,2.1844660194175
600225.SH,退市卓朗,20180301,2.1844660194175
600225.SH,退市卓朗,20180228,-10.822510822511
600225.SH,退市卓朗,20180227,-10.822510822511
600225.SH,退市卓朗,20180226,-10.822510822511
600225.SH,退市卓朗,20180225,-10.822510822511
600225.SH,退市卓朗,20180224,-10.822510822511
600225.SH,退市卓朗,20180223,-10.822510822511
600225.SH,退市卓朗,20180222,-10.822510822511
600225.SH,退市卓朗,20180221,-10.822510822511
600225.SH,退市卓朗,20180220,-10.822510822511
600225.SH,退市卓朗,20180219,-10.822510822511
600225.SH,退市卓朗,20180218,-10.822510822511
600225.SH,退市卓朗,20180217,-10.822510822511
600225.SH,退市卓朗,20180216,-10.822510822511
600225.SH,退市卓朗,20180215,-10.822510822511
600225.SH,退市卓朗,20180214,-10.822510822511
600225.SH,退市卓朗,20180213,-10.822510822511
600225.SH,退市卓朗,20180212,-10.822510822511
600225.SH,退市卓朗,20180211,-10.822510822511
600225.SH,退市卓朗,20180210,-10.822510822511
600225.SH,退市卓朗,20180209,-10.822510822511
600225.SH,退市卓朗,20180208,-10.822510822511
600225.SH,退市卓朗,20180207,-10.822510822511
600225.SH,退市卓朗,20180206,-10.822510822511
600225.SH,退市卓朗,20180205,-10.822510822511
600225.SH,退市卓朗,20180204,-10.822510822511
600225.SH,退市卓朗,20180203,-10.822510822511
600225.SH,退市卓朗,20180202,-10.822510822511
600225.SH,退市卓朗,20180201,-10.822510822511
600225.SH,退市卓朗,20180131,-8.1510934393638
600225.SH,退市卓朗,20180130,-8.1510934393638
600225.SH,退市卓朗,20180129,-8.1510934393638
600225.SH,退市卓朗,20180128,-8.1510934393638
600225.SH,退市卓朗,20180127,-8.1510934393638
600225.SH,退市卓朗,20180126,-8.1510934393638
600225.SH,退市卓朗,20180125,-8.1510934393638
600225.SH,退市卓朗,20180124,-8.1510934393638
600225.SH,退市卓朗,20180123,-8.1510934393638
600225.SH,退市卓朗,20180122,-8.1510934393638
600225.SH,退市卓朗,20180121,-8.1510934393638
600225.SH,退市卓朗,20180120,-8.1510934393638
600225.SH,退市卓朗,20180119,-8.1510934393638
600225.SH,退市卓朗,20180118,-8.1510934393638
600225.SH,退市卓朗,20180117,-8.1510934393638
600225.SH,退市卓朗,20180116,-8.1510934393638
600225.SH,退市卓朗,20180115,-8.1510934393638
600225.SH,退市卓朗,20180114,-8.1510934393638
600225.SH,退市卓朗,20180113,-8.1510934393638
600225.SH,退市卓朗,20180112,-8.1510934393638
600225.SH,退市卓朗,20180111,-8.1510934393638
600225.SH,退市卓朗,20180110,-8.1510934393638
600225.SH,退市卓朗,20180109,-8.1510934393638
600225.SH,退市卓朗,20180108,-8.1510934393638
600225.SH,退市卓朗,20180107,-8.1510934393638
600225.SH,退市卓朗,20180106,-8.1510934393638
600225.SH,退市卓朗,20180105,-8.1510934393638
600225.SH,退市卓朗,20180104,-8.1510934393638
600225.SH,退市卓朗,20180103,-8.1510934393638
600225.SH,退市卓朗,20180102,-8.1510934393638
600225.SH,退市卓朗,20180101,-8.1510934393638
600225.SH,退市卓朗,20171231,0.19920318725101
600225.SH,退市卓朗,20171230,0.19920318725101
600225.SH,退市卓朗,20171229,0.19920318725101
600225.SH,退市卓朗,20171228,0.19920318725101
600225.SH,退市卓朗,20171227,0.19920318725101
600225.SH,退市卓朗,20171226,0.19920318725101
600225.SH,退市卓朗,20171225,0.19920318725101
600225.SH,退市卓朗,20171224,0.19920318725101
600225.SH,退市卓朗,20171223,0.19920318725101
600225.SH,退市卓朗,20171222,0.19920318725101
600225.SH,退市卓朗,20171221,0.19920318725101
600225.SH,退市卓朗,20171220,0.19920318725101
600225.SH,退市卓朗,20171219,0.19920318725101
600225.SH,退市卓朗,20171218,0.19920318725101
600225.SH,退市卓朗,20171217,0.19920318725101
600225.SH,退市卓朗,20171216,0.19920318725101
600225.SH,退市卓朗,20171215,0.19920318725101
600225.SH,退市卓朗,20171214,0.19920318725101
600225.SH,退市卓朗,20171213,0.19920318725101
600225.SH,退市卓朗,20171212,0.19920318725101
600225.SH,退市卓朗,20171211,0.19920318725101
600225.SH,退市卓朗,20171210,0.19920318725101
600225.SH,退市卓朗,20171209,0.19920318725101
600225.SH,退市卓朗,20171208,0.19920318725101
600225.SH,退市卓朗,20171207,0.19920318725101
600225.SH,退市卓朗,20171206,0.19920318725101
600225.SH,退市卓朗,20171205,0.19920318725101
600225.SH,退市卓朗,20171204,0.19920318725101
600225.SH,退市卓朗,20171203,0.19920318725101
600225.SH,退市卓朗,20171202,0.19920318725101
600225.SH,退市卓朗,20171201,0.19920318725101
600225.SH,退市卓朗,20171130,-7.2088724584104
600225.SH,退市卓朗,20171129,-7.2088724584104
600225.SH,退市卓朗,20171128,-7.2088724584104
600225.SH,退市卓朗,20171127,-7.2088724584104
600225.SH,退市卓朗,20171126,-7.2088724584104
600225.SH,退市卓朗,20171125,-7.2088724584104
600225.SH,退市卓朗,20171124,-7.2088724584104
600225.SH,退市卓朗,20171123,-7.2088724584104
600225.SH,退市卓朗,20171122,-7.2088724584104
600225.SH,退市卓朗,20171121,-7.2088724584104
600225.SH,退市卓朗,20171120,-7.2088724584104
600225.SH,退市卓朗,20171119,-7.2088724584104
600225.SH,退市卓朗,20171118,-7.2088724584104
600225.SH,退市卓朗,20171117,-7.2088724584104
600225.SH,退市卓朗,20171116,-7.2088724584104
600225.SH,退市卓朗,20171115,-7.2088724584104
600225.SH,退市卓朗,20171114,-7.2088724584104
600225.SH,退市卓朗,20171113,-7.2088724584104
600225.SH,退市卓朗,20171112,-7.2088724584104
600225.SH,退市卓朗,20171111,-7.2088724584104
600225.SH,退市卓朗,20171110,-7.2088724584104
600225.SH,退市卓朗,20171109,-7.2088724584104
600225.SH,退市卓朗,20171108,-7.2088724584104
600225.SH,退市卓朗,20171107,-7.2088724584104
600225.SH,退市卓朗,20171106,-7.2088724584104
600225.SH,退市卓朗,20171105,-7.2088724584104
600225.SH,退市卓朗,20171104,-7.2088724584104
600225.SH,退市卓朗,20171103,-7.2088724584104
600225.SH,退市卓朗,20171102,-7.2088724584104
600225.SH,退市卓朗,20171101,-7.2088724584104
600225.SH,退市卓朗,20171031,-5.2539404553415
600225.SH,退市卓朗,20171030,-5.2539404553415
600225.SH,退市卓朗,20171029,-5.2539404553415
600225.SH,退市卓朗,20171028,-5.2539404553415
600225.SH,退市卓朗,20171027,-5.2539404553415
600225.SH,退市卓朗,20171026,-5.2539404553415
600225.SH,退市卓朗,20171025,-5.2539404553415
600225.SH,退市卓朗,20171024,-5.2539404553415
600225.SH,退市卓朗,20171023,-5.2539404553415
600225.SH,退市卓朗,20171022,-5.2539404553415
600225.SH,退市卓朗,20171021,-5.2539404553415
600225.SH,退市卓朗,20171020,-5.2539404553415
600225.SH,退市卓朗,20171019,-5.2539404553415
600225.SH,退市卓朗,20171018,-5.2539404553415
600225.SH,退市卓朗,20171017,-5.2539404553415
600225.SH,退市卓朗,20171016,-5.2539404553415
600225.SH,退市卓朗,20171015,-5.2539404553415
600225.SH,退市卓朗,20171014,-5.2539404553415
600225.SH,退市卓朗,20171013,-5.2539404553415
600225.SH,退市卓朗,20171012,-5.2539404553415
600225.SH,退市卓朗,20171011,-5.2539404553415
600225.SH,退市卓朗,20171010,-5.2539404553415
600225.SH,退市卓朗,20171009,-5.2539404553415
600225.SH,退市卓朗,20171008,-5.2539404553415
600225.SH,退市卓朗,20171007,-5.2539404553415
600225.SH,退市卓朗,20171006,-5.2539404553415
600225.SH,退市卓朗,20171005,-5.2539404553415
600225.SH,退市卓朗,20171004,-5.2539404553415
600225.SH,退市卓朗,20171003,-5.2539404553415
600225.SH,退市卓朗,20171002,-5.2539404553415
600225.SH,退市卓朗,20171001,-5.2539404553415
600225.SH,退市卓朗,20170930,-1.3816925734024
600225.SH,退市卓朗,20170929,-1.3816925734024
600225.SH,退市卓朗,20170928,-1.3816925734024
600225.SH,退市卓朗,20170927,-1.3816925734024
600225.SH,退市卓朗,20170926,-1.3816925734024
600225.SH,退市卓朗,20170925,-1.3816925734024
600225.SH,退市卓朗,20170924,-1.3816925734024
600225.SH,退市卓朗,20170923,-1.3816925734024
600225.SH,退市卓朗,20170922,-1.3816925734024
600225.SH,退市卓朗,20170921,-1.3816925734024
600225.SH,退市卓朗,20170920,-1.3816925734024
600225.SH,退市卓朗,20170919,-1.3816925734024
600225.SH,退市卓朗,20170918,-1.3816925734024
600225.SH,退市卓朗,20170917,-1.3816925734024
600225.SH,退市卓朗,20170916,-1.3816925734024
600225.SH,退市卓朗,20170915,-1.3816925734024
600225.SH,退市卓朗,20170914,-1.3816925734024
600225.SH,退市卓朗,20170913,-1.3816925734024
600225.SH,退市卓朗,20170912,-1.3816925734024
600225.SH,退市卓朗,20170911,-1.3816925734024
600225.SH,退市卓朗,20170910,-1.3816925734024
600225.SH,退市卓朗,20170909,-1.3816925734024
600225.SH,退市卓朗,20170908,-1.3816925734024
600225.SH,退市卓朗,20170907,-1.3816925734024
600225.SH,退市卓朗,20170906,-1.3816925734024
600225.SH,退市卓朗,20170905,-1.3816925734024
600225.SH,退市卓朗,20170904,-1.3816925734024
600225.SH,退市卓朗,20170903,-1.3816925734024
600225.SH,退市卓朗,20170902,-1.3816925734024
600225.SH,退市卓朗,20170901,-1.3816925734024
600225.SH,退市卓朗,20170831,-0.34423407917383
600225.SH,退市卓朗,20170830,-0.34423407917383
600225.SH,退市卓朗,20170829,-0.34423407917383
600225.SH,退市卓朗,20170828,-0.34423407917383
600225.SH,退市卓朗,20170827,-0.34423407917383
600225.SH,退市卓朗,20170826,-0.34423407917383
600225.SH,退市卓朗,20170825,-0.34423407917383
600225.SH,退市卓朗,20170824,-0.34423407917383
600225.SH,退市卓朗,20170823,-0.34423407917383
600225.SH,退市卓朗,20170822,-0.34423407917383
600225.SH,退市卓朗,20170821,-0.34423407917383
600225.SH,退市卓朗,20170820,-0.34423407917383
600225.SH,退市卓朗,20170819,-0.34423407917383
600225.SH,退市卓朗,20170818,-0.34423407917383
600225.SH,退市卓朗,20170817,-0.34423407917383
600225.SH,退市卓朗,20170816,-0.34423407917383
600225.SH,退市卓朗,20170815,-0.34423407917383
600225.SH,退市卓朗,20170814,-0.34423407917383
600225.SH,退市卓朗,20170813,-0.34423407917383
600225.SH,退市卓朗,20170812,-0.34423407917383
600225.SH,退市卓朗,20170811,-0.34423407917383
600225.SH,退市卓朗,20170810,-0.34423407917383
600225.SH,退市卓朗,20170809,-0.34423407917383
600225.SH,退市卓朗,20170808,-0.34423407917383
600225.SH,退市卓朗,20170807,-0.34423407917383
600225.SH,退市卓朗,20170806,-0.34423407917383
600225.SH,退市卓朗,20170805,-0.34423407917383
600225.SH,退市卓朗,20170804,-0.34423407917383
600225.SH,退市卓朗,20170803,-0.34423407917383
600225.SH,退市卓朗,20170802,-0.34423407917383
600225.SH,退市卓朗,20170801,-0.34423407917383
600225.SH,退市卓朗,20170731,8.1936685288641
600225.SH,退市卓朗,20170730,8.1936685288641
600225.SH,退市卓朗,20170729,8.1936685288641
600225.SH,退市卓朗,20170728,8.1936685288641
600225.SH,退市卓朗,20170727,8.1936685288641
600225.SH,退市卓朗,20170726,8.1936685288641
600225.SH,退市卓朗,20170725,8.1936685288641
600225.SH,退市卓朗,20170724,8.1936685288641
600225.SH,退市卓朗,20170723,8.1936685288641
600225.SH,退市卓朗,20170722,8.1936685288641
600225.SH,退市卓朗,20170721,8.1936685288641
600225.SH,退市卓朗,20170720,8.1936685288641
600225.SH,退市卓朗,20170719,8.1936685288641
600225.SH,退市卓朗,20170718,8.1936685288641
600225.SH,退市卓朗,20170717,8.1936685288641
600225.SH,退市卓朗,20170716,8.1936685288641
600225.SH,退市卓朗,20170715,8.1936685288641
600225.SH,退市卓朗,20170714,8.1936685288641
600225.SH,退市卓朗,20170713,8.1936685288641
600225.SH,退市卓朗,20170712,8.1936685288641
600225.SH,退市卓朗,20170711,8.1936685288641
600225.SH,退市卓朗,20170710,8.1936685288641
600225.SH,退市卓朗,20170709,8.1936685288641
600225.SH,退市卓朗,20170708,8.1936685288641
600225.SH,退市卓朗,20170707,8.1936685288641
600225.SH,退市卓朗,20170706,8.1936685288641
600225.SH,退市卓朗,20170705,8.1936685288641
600225.SH,退市卓朗,20170704,8.1936685288641
600225.SH,退市卓朗,20170703,8.1936685288641
600225.SH,退市卓朗,20170702,8.1936685288641
600225.SH,退市卓朗,20170701,8.1936685288641
600225.SH,退市卓朗,20170630,1.7045454545455
600225.SH,退市卓朗,20170629,1.7045454545455
600225.SH,退市卓朗,20170628,1.7045454545455
600225.SH,退市卓朗,20170627,1.7045454545455
600225.SH,退市卓朗,20170626,1.7045454545455
600225.SH,退市卓朗,20170625,1.7045454545455
600225.SH,退市卓朗,20170624,1.7045454545455
600225.SH,退市卓朗,20170623,1.7045454545455
600225.SH,退市卓朗,20170622,1.7045454545455
600225.SH,退市卓朗,20170621,1.7045454545455
600225.SH,退市卓朗,20170620,1.7045454545455
600225.SH,退市卓朗,20170619,1.7045454545455
600225.SH,退市卓朗,20170618,1.7045454545455
600225.SH,退市卓朗,20170617,1.7045454545455
600225.SH,退市卓朗,20170616,1.7045454545455
600225.SH,退市卓朗,20170615,1.7045454545455
600225.SH,退市卓朗,20170614,1.7045454545455
600225.SH,退市卓朗,20170613,1.7045454545455
600225.SH,退市卓朗,20170612,1.7045454545455
600225.SH,退市卓朗,20170611,1.7045454545455
600225.SH,退市卓朗,20170610,1.7045454545455
600225.SH,退市卓朗,20170609,1.7045454545455
600225.SH,退市卓朗,20170608,1.7045454545455
600225.SH,退市卓朗,20170607,1.7045454545455
600225.SH,退市卓朗,20170606,1.7045454545455
600225.SH,退市卓朗,20170605,1.7045454545455
600225.SH,退市卓朗,20170604,1.7045454545455
600225.SH,退市卓朗,20170603,1.7045454545455
600225.SH,退市卓朗,20170602,1.7045454545455
600225.SH,退市卓朗,20170601,1.7045454545455
600225.SH,退市卓朗,20170531,-20.481927710843
600225.SH,退市卓朗,20170530,-20.481927710843
600225.SH,退市卓朗,20170529,-20.481927710843
600225.SH,退市卓朗,20170528,-20.481927710843
600225.SH,退市卓朗,20170527,-20.481927710843
600225.SH,退市卓朗,20170526,-20.481927710843
600225.SH,退市卓朗,20170525,-20.481927710843
600225.SH,退市卓朗,20170524,-20.481927710843
600225.SH,退市卓朗,20170523,-20.481927710843
600225.SH,退市卓朗,20170522,-20.481927710843
600225.SH,退市卓朗,20170521,-20.481927710843
600225.SH,退市卓朗,20170520,-20.481927710843
600225.SH,退市卓朗,20170519,-20.481927710843
600225.SH,退市卓朗,20170518,-20.481927710843
600225.SH,退市卓朗,20170517,-20.481927710843
600225.SH,退市卓朗,20170516,-20.481927710843
600225.SH,退市卓朗,20170515,-20.481927710843
600225.SH,退市卓朗,20170514,-20.481927710843
600225.SH,退市卓朗,20170513,-20.481927710843
600225.SH,退市卓朗,20170512,-20.481927710843
600225.SH,退市卓朗,20170511,-20.481927710843
600225.SH,退市卓朗,20170510,-20.481927710843
600225.SH,退市卓朗,20170509,-20.481927710843
600225.SH,退市卓朗,20170508,-20.481927710843
600225.SH,退市卓朗,20170507,-20.481927710843
600225.SH,退市卓朗,20170506,-20.481927710843
600225.SH,退市卓朗,20170505,-20.481927710843
600225.SH,退市卓朗,20170504,-20.481927710843
600225.SH,退市卓朗,20170503,-20.481927710843
600225.SH,退市卓朗,20170502,-20.481927710843
600225.SH,退市卓朗,20170501,-20.481927710843
600225.SH,退市卓朗,20170430,0.0
600225.SH,退市卓朗,20170429,0.0
600225.SH,退市卓朗,20170428,0.0
600225.SH,退市卓朗,20170427,0.0
600225.SH,退市卓朗,20170426,0.0
600225.SH,退市卓朗,20170425,0.0
600225.SH,退市卓朗,20170424,0.0
600225.SH,退市卓朗,20170423,0.0
600225.SH,退市卓朗,20170422,0.0
600225.SH,退市卓朗,20170421,0.0
600225.SH,退市卓朗,20170420,0.0
600225.SH,退市卓朗,20170419,0.0
600225.SH,退市卓朗,20170418,0.0
600225.SH,退市卓朗,20170417,0.0
600225.SH,退市卓朗,20170416,0.0
600225.SH,退市卓朗,20170415,0.0
600225.SH,退市卓朗,20170414,0.0
600225.SH,退市卓朗,20170413,0.0
600225.SH,退市卓朗,20170412,0.0
600225.SH,退市卓朗,20170411,0.0
600225.SH,退市卓朗,20170410,0.0
600225.SH,退市卓朗,20170409,0.0
600225.SH,退市卓朗,20170408,0.0
600225.SH,退市卓朗,20170407,0.0
600225.SH,退市卓朗,20170406,0.0
600225.SH,退市卓朗,20170405,0.0
600225.SH,退市卓朗,20170404,0.0
600225.SH,退市卓朗,20170403,0.0
600225.SH,退市卓朗,20170402,0.0
600225.SH,退市卓朗,20170401,0.0
600225.SH,退市卓朗,20170331,0.0
600225.SH,退市卓朗,20170330,0.0
600225.SH,退市卓朗,20170329,0.0
600225.SH,退市卓朗,20170328,0.0
600225.SH,退市卓朗,20170327,0.0
600225.SH,退市卓朗,20170326,0.0
600225.SH,退市卓朗,20170325,0.0
600225.SH,退市卓朗,20170324,0.0
600225.SH,退市卓朗,20170323,0.0
600225.SH,退市卓朗,20170322,0.0
600225.SH,退市卓朗,20170321,0.0
600225.SH,退市卓朗,20170320,0.0
600225.SH,退市卓朗,20170319,0.0
600225.SH,退市卓朗,20170318,0.0
600225.SH,退市卓朗,20170317,0.0
600225.SH,退市卓朗,20170316,0.0
600225.SH,退市卓朗,20170315,0.0
600225.SH,退市卓朗,20170314,0.0
600225.SH,退市卓朗,20170313,0.0
600225.SH,退市卓朗,20170312,0.0
600225.SH,退市卓朗,20170311,0.0
600225.SH,退市卓朗,20170310,0.0
600225.SH,退市卓朗,20170309,0.0
600225.SH,退市卓朗,20170308,0.0
600225.SH,退市卓朗,20170307,0.0
600225.SH,退市卓朗,20170306,0.0
600225.SH,退市卓朗,20170305,0.0
600225.SH,退市卓朗,20170304,0.0
600225.SH,退市卓朗,20170303,0.0
600225.SH,退市卓朗,20170302,0.0
600225.SH,退市卓朗,20170301,0.0
600225.SH,退市卓朗,20170228,0.0
600225.SH,退市卓朗,20170227,0.0
600225.SH,退市卓朗,20170226,0.0
600225.SH,退市卓朗,20170225,0.0
600225.SH,退市卓朗,20170224,0.0
600225.SH,退市卓朗,20170223,0.0
600225.SH,退市卓朗,20170222,0.0
600225.SH,退市卓朗,20170221,0.0
600225.SH,退市卓朗,20170220,0.0
600225.SH,退市卓朗,20170219,0.0
600225.SH,退市卓朗,20170218,0.0
600225.SH,退市卓朗,20170217,0.0
600225.SH,退市卓朗,20170216,0.0
600225.SH,退市卓朗,20170215,0.0
600225.SH,退市卓朗,20170214,0.0
600225.SH,退市卓朗,20170213,0.0
600225.SH,退市卓朗,20170212,0.0
600225.SH,退市卓朗,20170211,0.0
600225.SH,退市卓朗,20170210,0.0
600225.SH,退市卓朗,20170209,0.0
600225.SH,退市卓朗,20170208,0.0
600225.SH,退市卓朗,20170207,0.0
600225.SH,退市卓朗,20170206,0.0
600225.SH,退市卓朗,20170205,0.0
600225.SH,退市卓朗,20170204,0.0
600225.SH,退市卓朗,20170203,0.0
600225.SH,退市卓朗,20170202,0.0
600225.SH,退市卓朗,20170201,0.0
600225.SH,退市卓朗,20170131,0.0
600225.SH,退市卓朗,20170130,0.0
600225.SH,退市卓朗,20170129,0.0
600225.SH,退市卓朗,20170128,0.0
600225.SH,退市卓朗,20170127,0.0
600225.SH,退市卓朗,20170126,0.0
600225.SH,退市卓朗,20170125,0.0
600225.SH,退市卓朗,20170124,0.0
600225.SH,退市卓朗,20170123,0.0
600225.SH,退市卓朗,20170122,0.0
600225.SH,退市卓朗,20170121,0.0
600225.SH,退市卓朗,20170120,0.0
600225.SH,退市卓朗,20170119,0.0
600225.SH,退市卓朗,20170118,0.0
600225.SH,退市卓朗,20170117,0.0
600225.SH,退市卓朗,20170116,0.0
600225.SH,退市卓朗,20170115,0.0
600225.SH,退市卓朗,20170114,0.0
600225.SH,退市卓朗,20170113,0.0
600225.SH,退市卓朗,20170112,0.0
600225.SH,退市卓朗,20170111,0.0
600225.SH,退市卓朗,20170110,0.0
600225.SH,退市卓朗,20170109,0.0
600225.SH,退市卓朗,20170108,0.0
600225.SH,退市卓朗,20170107,0.0
600225.SH,退市卓朗,20170106,0.0
600225.SH,退市卓朗,20170105,0.0
600225.SH,退市卓朗,20170104,0.0
600225.SH,退市卓朗,20170103,0.0
600225.SH,退市卓朗,20170102,0.0
600225.SH,退市卓朗,20170101,0.0
600225.SH,退市卓朗,20161231,0.0
600225.SH,退市卓朗,20161230,0.0
600225.SH,退市卓朗,20161229,0.0
600225.SH,退市卓朗,20161228,0.0
600225.SH,退市卓朗,20161227,0.0
600225.SH,退市卓朗,20161226,0.0
600225.SH,退市卓朗,20161225,0.0
600225.SH,退市卓朗,20161224,0.0
600225.SH,退市卓朗,20161223,0.0
600225.SH,退市卓朗,20161222,0.0
600225.SH,退市卓朗,20161221,0.0
600225.SH,退市卓朗,20161220,0.0
600225.SH,退市卓朗,20161219,0.0
600225.SH,退市卓朗,20161218,0.0
600225.SH,退市卓朗,20161217,0.0
600225.SH,退市卓朗,20161216,0.0
600225.SH,退市卓朗,20161215,0.0
600225.SH,退市卓朗,20161214,0.0
600225.SH,退市卓朗,20161213,0.0
600225.SH,退市卓朗,20161212,0.0
600225.SH,退市卓朗,20161211,0.0
600225.SH,退市卓朗,20161210,0.0
600225.SH,退市卓朗,20161209,0.0
600225.SH,退市卓朗,20161208,0.0
600225.SH,退市卓朗,20161207,0.0
600225.SH,退市卓朗,20161206,0.0
600225.SH,退市卓朗,20161205,0.0
600225.SH,退市卓朗,20161204,0.0
600225.SH,退市卓朗,20161203,0.0
600225.SH,退市卓朗,20161202,0.0
600225.SH,退市卓朗,20161201,0.0
600225.SH,退市卓朗,20161130,2.4691358024691
600225.SH,退市卓朗,20161129,2.4691358024691
600225.SH,退市卓朗,20161128,2.4691358024691
600225.SH,退市卓朗,20161127,2.4691358024691
600225.SH,退市卓朗,20161126,2.4691358024691
600225.SH,退市卓朗,20161125,2.4691358024691
600225.SH,退市卓朗,20161124,2.4691358024691
600225.SH,退市卓朗,20161123,2.4691358024691
600225.SH,退市卓朗,20161122,2.4691358024691
600225.SH,退市卓朗,20161121,2.4691358024691
600225.SH,退市卓朗,20161120,2.4691358024691
600225.SH,退市卓朗,20161119,2.4691358024691
600225.SH,退市卓朗,20161118,2.4691358024691
600225.SH,退市卓朗,20161117,2.4691358024691
600225.SH,退市卓朗,20161116,2.4691358024691
600225.SH,退市卓朗,20161115,2.4691358024691
600225.SH,退市卓朗,20161114,2.4691358024691
600225.SH,退市卓朗,20161113,2.4691358024691
600225.SH,退市卓朗,20161112,2.4691358024691
600225.SH,退市卓朗,20161111,2.4691358024691
600225.SH,退市卓朗,20161110,2.4691358024691
600225.SH,退市卓朗,20161109,2.4691358024691
600225.SH,退市卓朗,20161108,2.4691358024691
600225.SH,退市卓朗,20161107,2.4691358024691
600225.SH,退市卓朗,20161106,2.4691358024691
600225.SH,退市卓朗,20161105,2.4691358024691
600225.SH,退市卓朗,20161104,2.4691358024691
600225.SH,退市卓朗,20161103,2.4691358024691
600225.SH,退市卓朗,20161102,2.4691358024691
600225.SH,退市卓朗,20161101,2.4691358024691
600225.SH,退市卓朗,20161031,4.5161290322581
600225.SH,退市卓朗,20161030,4.5161290322581
600225.SH,退市卓朗,20161029,4.5161290322581
600225.SH,退市卓朗,20161028,4.5161290322581
600225.SH,退市卓朗,20161027,4.5161290322581
600225.SH,退市卓朗,20161026,4.5161290322581
600225.SH,退市卓朗,20161025,4.5161290322581
600225.SH,退市卓朗,20161024,4.5161290322581
600225.SH,退市卓朗,20161023,4.5161290322581
600225.SH,退市卓朗,20161022,4.5161290322581
600225.SH,退市卓朗,20161021,4.5161290322581
600225.SH,退市卓朗,20161020,4.5161290322581
600225.SH,退市卓朗,20161019,4.5161290322581
600225.SH,退市卓朗,20161018,4.5161290322581
600225.SH,退市卓朗,20161017,4.5161290322581
600225.SH,退市卓朗,20161016,4.5161290322581
600225.SH,退市卓朗,20161015,4.5161290322581
600225.SH,退市卓朗,20161014,4.5161290322581
600225.SH,退市卓朗,20161013,4.5161290322581
600225.SH,退市卓朗,20161012,4.5161290322581
600225.SH,退市卓朗,20161011,4.5161290322581
600225.SH,退市卓朗,20161010,4.5161290322581
600225.SH,退市卓朗,20161009,4.5161290322581
600225.SH,退市卓朗,20161008,4.5161290322581
600225.SH,退市卓朗,20161007,4.5161290322581
600225.SH,退市卓朗,20161006,4.5161290322581
600225.SH,退市卓朗,20161005,4.5161290322581
600225.SH,退市卓朗,20161004,4.5161290322581
600225.SH,退市卓朗,20161003,4.5161290322581
600225.SH,退市卓朗,20161002,4.5161290322581
600225.SH,退市卓朗,20161001,4.5161290322581
600225.SH,退市卓朗,20160930,-4.1731066460587
600225.SH,退市卓朗,20160929,-4.1731066460587
600225.SH,退市卓朗,20160928,-4.1731066460587
600225.SH,退市卓朗,20160927,-4.1731066460587
600225.SH,退市卓朗,20160926,-4.1731066460587
600225.SH,退市卓朗,20160925,-4.1731066460587
600225.SH,退市卓朗,20160924,-4.1731066460587
600225.SH,退市卓朗,20160923,-4.1731066460587
600225.SH,退市卓朗,20160922,-4.1731066460587
600225.SH,退市卓朗,20160921,-4.1731066460587
600225.SH,退市卓朗,20160920,-4.1731066460587
600225.SH,退市卓朗,20160919,-4.1731066460587
600225.SH,退市卓朗,20160918,-4.1731066460587
600225.SH,退市卓朗,20160917,-4.1731066460587
600225.SH,退市卓朗,20160916,-4.1731066460587
600225.SH,退市卓朗,20160915,-4.1731066460587
600225.SH,退市卓朗,20160914,-4.1731066460587
600225.SH,退市卓朗,20160913,-4.1731066460587
600225.SH,退市卓朗,20160912,-4.1731066460587
600225.SH,退市卓朗,20160911,-4.1731066460587
600225.SH,退市卓朗,20160910,-4.1731066460587
600225.SH,退市卓朗,20160909,-4.1731066460587
600225.SH,退市卓朗,20160908,-4.1731066460587
600225.SH,退市卓朗,20160907,-4.1731066460587
600225.SH,退市卓朗,20160906,-4.1731066460587
600225.SH,退市卓朗,20160905,-4.1731066460587
600225.SH,退市卓朗,20160904,-4.1731066460587
600225.SH,退市卓朗,20160903,-4.1731066460587
600225.SH,退市卓朗,20160902,-4.1731066460587
600225.SH,退市卓朗,20160901,-4.1731066460587
600225.SH,退市卓朗,20160831,5.3745928338762
600225.SH,退市卓朗,20160830,5.3745928338762
600225.SH,退市卓朗,20160829,5.3745928338762
600225.SH,退市卓朗,20160828,5.3745928338762
600225.SH,退市卓朗,20160827,5.3745928338762
600225.SH,退市卓朗,20160826,5.3745928338762
600225.SH,退市卓朗,20160825,5.3745928338762
600225.SH,退市卓朗,20160824,5.3745928338762
600225.SH,退市卓朗,20160823,5.3745928338762
600225.SH,退市卓朗,20160822,5.3745928338762
600225.SH,退市卓朗,20160821,5.3745928338762
600225.SH,退市卓朗,20160820,5.3745928338762
600225.SH,退市卓朗,20160819,5.3745928338762
600225.SH,退市卓朗,20160818,5.3745928338762
600225.SH,退市卓朗,20160817,5.3745928338762
600225.SH,退市卓朗,20160816,5.3745928338762
600225.SH,退市卓朗,20160815,5.3745928338762
600225.SH,退市卓朗,20160814,5.3745928338762
600225.SH,退市卓朗,20160813,5.3745928338762
600225.SH,退市卓朗,20160812,5.3745928338762
600225.SH,退市卓朗,20160811,5.3745928338762
600225.SH,退市卓朗,20160810,5.3745928338762
600225.SH,退市卓朗,20160809,5.3745928338762
600225.SH,退市卓朗,20160808,5.3745928338762
600225.SH,退市卓朗,20160807,5.3745928338762
600225.SH,退市卓朗,20160806,5.3745928338762
600225.SH,退市卓朗,20160805,5.3745928338762
600225.SH,退市卓朗,20160804,5.3745928338762
600225.SH,退市卓朗,20160803,5.3745928338762
600225.SH,退市卓朗,20160802,5.3745928338762
600225.SH,退市卓朗,20160801,5.3745928338762
600225.SH,退市卓朗,20160731,2.1630615640599
600225.SH,退市卓朗,20160730,2.1630615640599
600225.SH,退市卓朗,20160729,2.1630615640599
600225.SH,退市卓朗,20160728,2.1630615640599
600225.SH,退市卓朗,20160727,2.1630615640599
600225.SH,退市卓朗,20160726,2.1630615640599
600225.SH,退市卓朗,20160725,2.1630615640599
600225.SH,退市卓朗,20160724,2.1630615640599
600225.SH,退市卓朗,20160723,2.1630615640599
600225.SH,退市卓朗,20160722,2.1630615640599
600225.SH,退市卓朗,20160721,2.1630615640599
600225.SH,退市卓朗,20160720,2.1630615640599
600225.SH,退市卓朗,20160719,2.1630615640599
600225.SH,退市卓朗,20160718,2.1630615640599
600225.SH,退市卓朗,20160717,2.1630615640599
600225.SH,退市卓朗,20160716,2.1630615640599
600225.SH,退市卓朗,20160715,2.1630615640599
600225.SH,退市卓朗,20160714,2.1630615640599
600225.SH,退市卓朗,20160713,2.1630615640599
600225.SH,退市卓朗,20160712,2.1630615640599
600225.SH,退市卓朗,20160711,2.1630615640599
600225.SH,退市卓朗,20160710,2.1630615640599
600225.SH,退市卓朗,20160709,2.1630615640599
600225.SH,退市卓朗,20160708,2.1630615640599
600225.SH,退市卓朗,20160707,2.1630615640599
600225.SH,退市卓朗,20160706,2.1630615640599
600225.SH,退市卓朗,20160705,2.1630615640599
600225.SH,退市卓朗,20160704,2.1630615640599
600225.SH,退市卓朗,20160703,2.1630615640599
600225.SH,退市卓朗,20160702,2.1630615640599
600225.SH,退市卓朗,20160701,2.1630615640599
600225.SH,退市卓朗,20160630,6.5602836879433
600225.SH,退市卓朗,20160629,6.5602836879433
600225.SH,退市卓朗,20160628,6.5602836879433
600225.SH,退市卓朗,20160627,6.5602836879433
600225.SH,退市卓朗,20160626,6.5602836879433
600225.SH,退市卓朗,20160625,6.5602836879433
600225.SH,退市卓朗,20160624,6.5602836879433
600225.SH,退市卓朗,20160623,6.5602836879433
600225.SH,退市卓朗,20160622,6.5602836879433
600225.SH,退市卓朗,20160621,6.5602836879433
600225.SH,退市卓朗,20160620,6.5602836879433
600225.SH,退市卓朗,20160619,6.5602836879433
600225.SH,退市卓朗,20160618,6.5602836879433
600225.SH,退市卓朗,20160617,6.5602836879433
600225.SH,退市卓朗,20160616,6.5602836879433
600225.SH,退市卓朗,20160615,6.5602836879433
600225.SH,退市卓朗,20160614,6.5602836879433
600225.SH,退市卓朗,20160613,6.5602836879433
600225.SH,退市卓朗,20160612,6.5602836879433
600225.SH,退市卓朗,20160611,6.5602836879433
600225.SH,退市卓朗,20160610,6.5602836879433
600225.SH,退市卓朗,20160609,6.5602836879433
600225.SH,退市卓朗,20160608,6.5602836879433
600225.SH,退市卓朗,20160607,6.5602836879433
600225.SH,退市卓朗,20160606,6.5602836879433
600225.SH,退市卓朗,20160605,6.5602836879433
600225.SH,退市卓朗,20160604,6.5602836879433
600225.SH,退市卓朗,20160603,6.5602836879433
600225.SH,退市卓朗,20160602,6.5602836879433
600225.SH,退市卓朗,20160601,6.5602836879433
600225.SH,退市卓朗,20160531,-8.2926829268293
600225.SH,退市卓朗,20160530,-8.2926829268293
600225.SH,退市卓朗,20160529,-8.2926829268293
600225.SH,退市卓朗,20160528,-8.2926829268293
600225.SH,退市卓朗,20160527,-8.2926829268293
600225.SH,退市卓朗,20160526,-8.2926829268293
600225.SH,退市卓朗,20160525,-8.2926829268293
600225.SH,退市卓朗,20160524,-8.2926829268293
600225.SH,退市卓朗,20160523,-8.2926829268293
600225.SH,退市卓朗,20160522,-8.2926829268293
600225.SH,退市卓朗,20160521,-8.2926829268293
600225.SH,退市卓朗,20160520,-8.2926829268293
600225.SH,退市卓朗,20160519,-8.2926829268293
600225.SH,退市卓朗,20160518,-8.2926829268293
600225.SH,退市卓朗,20160517,-8.2926829268293
600225.SH,退市卓朗,20160516,-8.2926829268293
600225.SH,退市卓朗,20160515,-8.2926829268293
600225.SH,退市卓朗,20160514,-8.2926829268293
600225.SH,退市卓朗,20160513,-8.2926829268293
600225.SH,退市卓朗,20160512,-8.2926829268293
600225.SH,退市卓朗,20160511,-8.2926829268293
600225.SH,退市卓朗,20160510,-8.2926829268293
600225.SH,退市卓朗,20160509,-8.2926829268293
600225.SH,退市卓朗,20160508,-8.2926829268293
600225.SH,退市卓朗,20160507,-8.2926829268293
600225.SH,退市卓朗,20160506,-8.2926829268293
600225.SH,退市卓朗,20160505,-8.2926829268293
600225.SH,退市卓朗,20160504,-8.2926829268293
600225.SH,退市卓朗,20160503,-8.2926829268293
600225.SH,退市卓朗,20160502,-8.2926829268293
600225.SH,退市卓朗,20160501,-8.2926829268293
600225.SH,退市卓朗,20160430,9.4306049822064
600225.SH,退市卓朗,20160429,9.4306049822064
600225.SH,退市卓朗,20160428,9.4306049822064
600225.SH,退市卓朗,20160427,9.4306049822064
600225.SH,退市卓朗,20160426,9.4306049822064
600225.SH,退市卓朗,20160425,9.4306049822064
600225.SH,退市卓朗,20160424,9.4306049822064
600225.SH,退市卓朗,20160423,9.4306049822064
600225.SH,退市卓朗,20160422,9.4306049822064
600225.SH,退市卓朗,20160421,9.4306049822064
600225.SH,退市卓朗,20160420,9.4306049822064
600225.SH,退市卓朗,20160419,9.4306049822064
600225.SH,退市卓朗,20160418,9.4306049822064
600225.SH,退市卓朗,20160417,9.4306049822064
600225.SH,退市卓朗,20160416,9.4306049822064
600225.SH,退市卓朗,20160415,9.4306049822064
600225.SH,退市卓朗,20160414,9.4306049822064
600225.SH,退市卓朗,20160413,9.4306049822064
600225.SH,退市卓朗,20160412,9.4306049822064
600225.SH,退市卓朗,20160411,9.4306049822064
600225.SH,退市卓朗,20160410,9.4306049822064
600225.SH,退市卓朗,20160409,9.4306049822064
600225.SH,退市卓朗,20160408,9.4306049822064
600225.SH,退市卓朗,20160407,9.4306049822064
600225.SH,退市卓朗,20160406,9.4306049822064
600225.SH,退市卓朗,20160405,9.4306049822064
600225.SH,退市卓朗,20160404,9.4306049822064
600225.SH,退市卓朗,20160403,9.4306049822064
600225.SH,退市卓朗,20160402,9.4306049822064
600225.SH,退市卓朗,20160401,9.4306049822064
600225.SH,退市卓朗,20160331,15.16393442623
600225.SH,退市卓朗,20160330,15.16393442623
600225.SH,退市卓朗,20160329,15.16393442623
600225.SH,退市卓朗,20160328,15.16393442623
600225.SH,退市卓朗,20160327,15.16393442623
600225.SH,退市卓朗,20160326,15.16393442623
600225.SH,退市卓朗,20160325,15.16393442623
600225.SH,退市卓朗,20160324,15.16393442623
600225.SH,退市卓朗,20160323,15.16393442623
600225.SH,退市卓朗,20160322,15.16393442623
600225.SH,退市卓朗,20160321,15.16393442623
600225.SH,退市卓朗,20160320,15.16393442623
600225.SH,退市卓朗,20160319,15.16393442623
600225.SH,退市卓朗,20160318,15.16393442623
600225.SH,退市卓朗,20160317,15.16393442623
600225.SH,退市卓朗,20160316,15.16393442623
600225.SH,退市卓朗,20160315,15.16393442623
600225.SH,退市卓朗,20160314,15.16393442623
600225.SH,退市卓朗,20160313,15.16393442623
600225.SH,退市卓朗,20160312,15.16393442623
600225.SH,退市卓朗,20160311,15.16393442623
600225.SH,退市卓朗,20160310,15.16393442623
600225.SH,退市卓朗,20160309,15.16393442623
600225.SH,退市卓朗,20160308,15.16393442623
600225.SH,退市卓朗,20160307,15.16393442623
600225.SH,退市卓朗,20160306,15.16393442623
600225.SH,退市卓朗,20160305,15.16393442623
600225.SH,退市卓朗,20160304,15.16393442623
600225.SH,退市卓朗,20160303,15.16393442623
600225.SH,退市卓朗,20160302,15.16393442623
600225.SH,退市卓朗,20160301,15.16393442623
600225.SH,退市卓朗,20160229,-16.438356164384
600225.SH,退市卓朗,20160228,-16.438356164384
600225.SH,退市卓朗,20160227,-16.438356164384
600225.SH,退市卓朗,20160226,-16.438356164384
600225.SH,退市卓朗,20160225,-16.438356164384
600225.SH,退市卓朗,20160224,-16.438356164384
600225.SH,退市卓朗,20160223,-16.438356164384
600225.SH,退市卓朗,20160222,-16.438356164384
600225.SH,退市卓朗,20160221,-16.438356164384
600225.SH,退市卓朗,20160220,-16.438356164384
600225.SH,退市卓朗,20160219,-16.438356164384
600225.SH,退市卓朗,20160218,-16.438356164384
600225.SH,退市卓朗,20160217,-16.438356164384
600225.SH,退市卓朗,20160216,-16.438356164384
600225.SH,退市卓朗,20160215,-16.438356164384
600225.SH,退市卓朗,20160214,-16.438356164384
600225.SH,退市卓朗,20160213,-16.438356164384
600225.SH,退市卓朗,20160212,-16.438356164384
600225.SH,退市卓朗,20160211,-16.438356164384
600225.SH,退市卓朗,20160210,-16.438356164384
600225.SH,退市卓朗,20160209,-16.438356164384
600225.SH,退市卓朗,20160208,-16.438356164384
600225.SH,退市卓朗,20160207,-16.438356164384
600225.SH,退市卓朗,20160206,-16.438356164384
600225.SH,退市卓朗,20160205,-16.438356164384
600225.SH,退市卓朗,20160204,-16.438356164384
600225.SH,退市卓朗,20160203,-16.438356164384
600225.SH,退市卓朗,20160202,-16.438356164384
600225.SH,退市卓朗,20160201,-16.438356164384
600225.SH,退市卓朗,20160131,-30.393325387366
600225.SH,退市卓朗,20160130,-30.393325387366
600225.SH,退市卓朗,20160129,-30.393325387366
600225.SH,退市卓朗,20160128,-30.393325387366
600225.SH,退市卓朗,20160127,-30.393325387366
600225.SH,退市卓朗,20160126,-30.393325387366
600225.SH,退市卓朗,20160125,-30.393325387366
600225.SH,退市卓朗,20160124,-30.393325387366
600225.SH,退市卓朗,20160123,-30.393325387366
600225.SH,退市卓朗,20160122,-30.393325387366
600225.SH,退市卓朗,20160121,-30.393325387366
600225.SH,退市卓朗,20160120,-30.393325387366
600225.SH,退市卓朗,20160119,-30.393325387366
600225.SH,退市卓朗,20160118,-30.393325387366
600225.SH,退市卓朗,20160117,-30.393325387366
600225.SH,退市卓朗,20160116,-30.393325387366
600225.SH,退市卓朗,20160115,-30.393325387366
600225.SH,退市卓朗,20160114,-30.393325387366
600225.SH,退市卓朗,20160113,-30.393325387366
600225.SH,退市卓朗,20160112,-30.393325387366
600225.SH,退市卓朗,20160111,-30.393325387366
600225.SH,退市卓朗,20160110,-30.393325387366
600225.SH,退市卓朗,20160109,-30.393325387366
600225.SH,退市卓朗,20160108,-30.393325387366
600225.SH,退市卓朗,20160107,-30.393325387366
600225.SH,退市卓朗,20160106,-30.393325387366
600225.SH,退市卓朗,20160105,-30.393325387366
600225.SH,退市卓朗,20160104,-30.393325387366
600225.SH,退市卓朗,20160103,-30.393325387366
600225.SH,退市卓朗,20160102,-30.393325387366
600225.SH,退市卓朗,20160101,-30.393325387366
600225.SH,退市卓朗,20151231,23.020527859238
600225.SH,退市卓朗,20151230,23.020527859238
600225.SH,退市卓朗,20151229,23.020527859238
600225.SH,退市卓朗,20151228,23.020527859238
600225.SH,退市卓朗,20151227,23.020527859238
600225.SH,退市卓朗,20151226,23.020527859238
600225.SH,退市卓朗,20151225,23.020527859238
600225.SH,退市卓朗,20151224,23.020527859238
600225.SH,退市卓朗,20151223,23.020527859238
600225.SH,退市卓朗,20151222,23.020527859238
600225.SH,退市卓朗,20151221,23.020527859238
600225.SH,退市卓朗,20151220,23.020527859238
600225.SH,退市卓朗,20151219,23.020527859238
600225.SH,退市卓朗,20151218,23.020527859238
600225.SH,退市卓朗,20151217,23.020527859238
600225.SH,退市卓朗,20151216,23.020527859238
600225.SH,退市卓朗,20151215,23.020527859238
600225.SH,退市卓朗,20151214,23.020527859238
600225.SH,退市卓朗,20151213,23.020527859238
600225.SH,退市卓朗,20151212,23.020527859238
600225.SH,退市卓朗,20151211,23.020527859238
600225.SH,退市卓朗,20151210,23.020527859238
600225.SH,退市卓朗,20151209,23.020527859238
600225.SH,退市卓朗,20151208,23.020527859238
600225.SH,退市卓朗,20151207,23.020527859238
600225.SH,退市卓朗,20151206,23.020527859238
600225.SH,退市卓朗,20151205,23.020527859238
600225.SH,退市卓朗,20151204,23.020527859238
600225.SH,退市卓朗,20151203,23.020527859238
600225.SH,退市卓朗,20151202,23.020527859238
600225.SH,退市卓朗,20151201,23.020527859238
600225.SH,退市卓朗,20151130,0.44182621502209
600225.SH,退市卓朗,20151129,0.44182621502209
600225.SH,退市卓朗,20151128,0.44182621502209
600225.SH,退市卓朗,20151127,0.44182621502209
600225.SH,退市卓朗,20151126,0.44182621502209
600225.SH,退市卓朗,20151125,0.44182621502209
600225.SH,退市卓朗,20151124,0.44182621502209
600225.SH,退市卓朗,20151123,0.44182621502209
600225.SH,退市卓朗,20151122,0.44182621502209
600225.SH,退市卓朗,20151121,0.44182621502209
600225.SH,退市卓朗,20151120,0.44182621502209
600225.SH,退市卓朗,20151119,0.44182621502209
600225.SH,退市卓朗,20151118,0.44182621502209
600225.SH,退市卓朗,20151117,0.44182621502209
600225.SH,退市卓朗,20151116,0.44182621502209
600225.SH,退市卓朗,20151115,0.44182621502209
600225.SH,退市卓朗,20151114,0.44182621502209
600225.SH,退市卓朗,20151113,0.44182621502209
600225.SH,退市卓朗,20151112,0.44182621502209
600225.SH,退市卓朗,20151111,0.44182621502209
600225.SH,退市卓朗,20151110,0.44182621502209
600225.SH,退市卓朗,20151109,0.44182621502209
600225.SH,退市卓朗,20151108,0.44182621502209
600225.SH,退市卓朗,20151107,0.44182621502209
600225.SH,退市卓朗,20151106,0.44182621502209
600225.SH,退市卓朗,20151105,0.44182621502209
600225.SH,退市卓朗,20151104,0.44182621502209
600225.SH,退市卓朗,20151103,0.44182621502209
600225.SH,退市卓朗,20151102,0.44182621502209
600225.SH,退市卓朗,20151101,0.44182621502209
600225.SH,退市卓朗,20151031,29.580152671756
600225.SH,退市卓朗,20151030,29.580152671756
600225.SH,退市卓朗,20151029,29.580152671756
600225.SH,退市卓朗,20151028,29.580152671756
600225.SH,退市卓朗,20151027,29.580152671756
600225.SH,退市卓朗,20151026,29.580152671756
600225.SH,退市卓朗,20151025,29.580152671756
600225.SH,退市卓朗,20151024,29.580152671756
600225.SH,退市卓朗,20151023,29.580152671756
600225.SH,退市卓朗,20151022,29.580152671756
600225.SH,退市卓朗,20151021,29.580152671756
600225.SH,退市卓朗,20151020,29.580152671756
600225.SH,退市卓朗,20151019,29.580152671756
600225.SH,退市卓朗,20151018,29.580152671756
600225.SH,退市卓朗,20151017,29.580152671756
600225.SH,退市卓朗,20151016,29.580152671756
600225.SH,退市卓朗,20151015,29.580152671756
600225.SH,退市卓朗,20151014,29.580152671756
600225.SH,退市卓朗,20151013,29.580152671756
600225.SH,退市卓朗,20151012,29.580152671756
600225.SH,退市卓朗,20151011,29.580152671756
600225.SH,退市卓朗,20151010,29.580152671756
600225.SH,退市卓朗,20151009,29.580152671756
600225.SH,退市卓朗,20151008,29.580152671756
600225.SH,退市卓朗,20151007,29.580152671756
600225.SH,退市卓朗,20151006,29.580152671756
600225.SH,退市卓朗,20151005,29.580152671756
600225.SH,退市卓朗,20151004,29.580152671756
600225.SH,退市卓朗,20151003,29.580152671756
600225.SH,退市卓朗,20151002,29.580152671756
600225.SH,退市卓朗,20151001,29.580152671756
600225.SH,退市卓朗,20150930,-17.088607594937
600225.SH,退市卓朗,20150929,-17.088607594937
600225.SH,退市卓朗,20150928,-17.088607594937
600225.SH,退市卓朗,20150927,-17.088607594937
600225.SH,退市卓朗,20150926,-17.088607594937
600225.SH,退市卓朗,20150925,-17.088607594937
600225.SH,退市卓朗,20150924,-17.088607594937
600225.SH,退市卓朗,20150923,-17.088607594937
600225.SH,退市卓朗,20150922,-17.088607594937
600225.SH,退市卓朗,20150921,-17.088607594937
600225.SH,退市卓朗,20150920,-17.088607594937
600225.SH,退市卓朗,20150919,-17.088607594937
600225.SH,退市卓朗,20150918,-17.088607594937
600225.SH,退市卓朗,20150917,-17.088607594937
600225.SH,退市卓朗,20150916,-17.088607594937
600225.SH,退市卓朗,20150915,-17.088607594937
600225.SH,退市卓朗,20150914,-17.088607594937
600225.SH,退市卓朗,20150913,-17.088607594937
600225.SH,退市卓朗,20150912,-17.088607594937
600225.SH,退市卓朗,20150911,-17.088607594937
600225.SH,退市卓朗,20150910,-17.088607594937
600225.SH,退市卓朗,20150909,-17.088607594937
600225.SH,退市卓朗,20150908,-17.088607594937
600225.SH,退市卓朗,20150907,-17.088607594937
600225.SH,退市卓朗,20150906,-17.088607594937
600225.SH,退市卓朗,20150905,-17.088607594937
600225.SH,退市卓朗,20150904,-17.088607594937
600225.SH,退市卓朗,20150903,-17.088607594937
600225.SH,退市卓朗,20150902,-17.088607594937
600225.SH,退市卓朗,20150901,-17.088607594937
600225.SH,退市卓朗,20150831,-13.305898491084
600225.SH,退市卓朗,20150830,-13.305898491084
600225.SH,退市卓朗,20150829,-13.305898491084
600225.SH,退市卓朗,20150828,-13.305898491084
600225.SH,退市卓朗,20150827,-13.305898491084
600225.SH,退市卓朗,20150826,-13.305898491084
600225.SH,退市卓朗,20150825,-13.305898491084
600225.SH,退市卓朗,20150824,-13.305898491084
600225.SH,退市卓朗,20150823,-13.305898491084
600225.SH,退市卓朗,20150822,-13.305898491084
600225.SH,退市卓朗,20150821,-13.305898491084
600225.SH,退市卓朗,20150820,-13.305898491084
600225.SH,退市卓朗,20150819,-13.305898491084
600225.SH,退市卓朗,20150818,-13.305898491084
600225.SH,退市卓朗,20150817,-13.305898491084
600225.SH,退市卓朗,20150816,-13.305898491084
600225.SH,退市卓朗,20150815,-13.305898491084
600225.SH,退市卓朗,20150814,-13.305898491084
600225.SH,退市卓朗,20150813,-13.305898491084
600225.SH,退市卓朗,20150812,-13.305898491084
600225.SH,退市卓朗,20150811,-13.305898491084
600225.SH,退市卓朗,20150810,-13.305898491084
600225.SH,退市卓朗,20150809,-13.305898491084
600225.SH,退市卓朗,20150808,-13.305898491084
600225.SH,退市卓朗,20150807,-13.305898491084
600225.SH,退市卓朗,20150806,-13.305898491084
600225.SH,退市卓朗,20150805,-13.305898491084
600225.SH,退市卓朗,20150804,-13.305898491084
600225.SH,退市卓朗,20150803,-13.305898491084
600225.SH,退市卓朗,20150802,-13.305898491084
600225.SH,退市卓朗,20150801,-13.305898491084
600225.SH,退市卓朗,20150731,-39.851485148515
600225.SH,退市卓朗,20150730,-39.851485148515
600225.SH,退市卓朗,20150729,-39.851485148515
600225.SH,退市卓朗,20150728,-39.851485148515
600225.SH,退市卓朗,20150727,-39.851485148515
600225.SH,退市卓朗,20150726,-39.851485148515
600225.SH,退市卓朗,20150725,-39.851485148515
600225.SH,退市卓朗,20150724,-39.851485148515
600225.SH,退市卓朗,20150723,-39.851485148515
600225.SH,退市卓朗,20150722,-39.851485148515
600225.SH,退市卓朗,20150721,-39.851485148515
600225.SH,退市卓朗,20150720,-39.851485148515
600225.SH,退市卓朗,20150719,-39.851485148515
600225.SH,退市卓朗,20150718,-39.851485148515
600225.SH,退市卓朗,20150717,-39.851485148515
600225.SH,退市卓朗,20150716,-39.851485148515
600225.SH,退市卓朗,20150715,-39.851485148515
600225.SH,退市卓朗,20150714,-39.851485148515
600225.SH,退市卓朗,20150713,-39.851485148515
600225.SH,退市卓朗,20150712,-39.851485148515
600225.SH,退市卓朗,20150711,-39.851485148515
600225.SH,退市卓朗,20150710,-39.851485148515
600225.SH,退市卓朗,20150709,-39.851485148515
600225.SH,退市卓朗,20150708,-39.851485148515
600225.SH,退市卓朗,20150707,-39.851485148515
600225.SH,退市卓朗,20150706,-39.851485148515
600225.SH,退市卓朗,20150705,-39.851485148515
600225.SH,退市卓朗,20150704,-39.851485148515
600225.SH,退市卓朗,20150703,-39.851485148515
600225.SH,退市卓朗,20150702,-39.851485148515
600225.SH,退市卓朗,20150701,-39.851485148515
600225.SH,退市卓朗,20150630,19.174041297935
600225.SH,退市卓朗,20150629,19.174041297935
600225.SH,退市卓朗,20150628,19.174041297935
600225.SH,退市卓朗,20150627,19.174041297935
600225.SH,退市卓朗,20150626,19.174041297935
600225.SH,退市卓朗,20150625,19.174041297935
600225.SH,退市卓朗,20150624,19.174041297935
600225.SH,退市卓朗,20150623,19.174041297935
600225.SH,退市卓朗,20150622,19.174041297935
600225.SH,退市卓朗,20150621,19.174041297935
600225.SH,退市卓朗,20150620,19.174041297935
600225.SH,退市卓朗,20150619,19.174041297935
600225.SH,退市卓朗,20150618,19.174041297935
600225.SH,退市卓朗,20150617,19.174041297935
600225.SH,退市卓朗,20150616,19.174041297935
600225.SH,退市卓朗,20150615,19.174041297935
600225.SH,退市卓朗,20150614,19.174041297935
600225.SH,退市卓朗,20150613,19.174041297935
600225.SH,退市卓朗,20150612,19.174041297935
600225.SH,退市卓朗,20150611,19.174041297935
600225.SH,退市卓朗,20150610,19.174041297935
600225.SH,退市卓朗,20150609,19.174041297935
600225.SH,退市卓朗,20150608,19.174041297935
600225.SH,退市卓朗,20150607,19.174041297935
600225.SH,退市卓朗,20150606,19.174041297935
600225.SH,退市卓朗,20150605,19.174041297935
600225.SH,退市卓朗,20150604,19.174041297935
600225.SH,退市卓朗,20150603,19.174041297935
600225.SH,退市卓朗,20150602,19.174041297935
600225.SH,退市卓朗,20150601,19.174041297935
600225.SH,退市卓朗,20150531,0.19704433497537
600225.SH,退市卓朗,20150530,0.19704433497537
600225.SH,退市卓朗,20150529,0.19704433497537
600225.SH,退市卓朗,20150528,0.19704433497537
600225.SH,退市卓朗,20150527,0.19704433497537
600225.SH,退市卓朗,20150526,0.19704433497537
600225.SH,退市卓朗,20150525,0.19704433497537
600225.SH,退市卓朗,20150524,0.19704433497537
600225.SH,退市卓朗,20150523,0.19704433497537
600225.SH,退市卓朗,20150522,0.19704433497537
600225.SH,退市卓朗,20150521,0.19704433497537
600225.SH,退市卓朗,20150520,0.19704433497537
600225.SH,退市卓朗,20150519,0.19704433497537
600225.SH,退市卓朗,20150518,0.19704433497537
600225.SH,退市卓朗,20150517,0.19704433497537
600225.SH,退市卓朗,20150516,0.19704433497537
600225.SH,退市卓朗,20150515,0.19704433497537
600225.SH,退市卓朗,20150514,0.19704433497537
600225.SH,退市卓朗,20150513,0.19704433497537
600225.SH,退市卓朗,20150512,0.19704433497537
600225.SH,退市卓朗,20150511,0.19704433497537
600225.SH,退市卓朗,20150510,0.19704433497537
600225.SH,退市卓朗,20150509,0.19704433497537
600225.SH,退市卓朗,20150508,0.19704433497537
600225.SH,退市卓朗,20150507,0.19704433497537
600225.SH,退市卓朗,20150506,0.19704433497537
600225.SH,退市卓朗,20150505,0.19704433497537
600225.SH,退市卓朗,20150504,0.19704433497537
600225.SH,退市卓朗,20150503,0.19704433497537
600225.SH,退市卓朗,20150502,0.19704433497537
600225.SH,退市卓朗,20150501,0.19704433497537
600225.SH,退市卓朗,20150430,16.265750286369
600225.SH,退市卓朗,20150429,16.265750286369
600225.SH,退市卓朗,20150428,16.265750286369
600225.SH,退市卓朗,20150427,16.265750286369
600225.SH,退市卓朗,20150426,16.265750286369
600225.SH,退市卓朗,20150425,16.265750286369
600225.SH,退市卓朗,20150424,16.265750286369
600225.SH,退市卓朗,20150423,16.265750286369
600225.SH,退市卓朗,20150422,16.265750286369
600225.SH,退市卓朗,20150421,16.265750286369
600225.SH,退市卓朗,20150420,16.265750286369
600225.SH,退市卓朗,20150419,16.265750286369
600225.SH,退市卓朗,20150418,16.265750286369
600225.SH,退市卓朗,20150417,16.265750286369
600225.SH,退市卓朗,20150416,16.265750286369
600225.SH,退市卓朗,20150415,16.265750286369
600225.SH,退市卓朗,20150414,16.265750286369
600225.SH,退市卓朗,20150413,16.265750286369
600225.SH,退市卓朗,20150412,16.265750286369
600225.SH,退市卓朗,20150411,16.265750286369
600225.SH,退市卓朗,20150410,16.265750286369
600225.SH,退市卓朗,20150409,16.265750286369
600225.SH,退市卓朗,20150408,16.265750286369
600225.SH,退市卓朗,20150407,16.265750286369
600225.SH,退市卓朗,20150406,16.265750286369
600225.SH,退市卓朗,20150405,16.265750286369
600225.SH,退市卓朗,20150404,16.265750286369
600225.SH,退市卓朗,20150403,16.265750286369
600225.SH,退市卓朗,20150402,16.265750286369
600225.SH,退市卓朗,20150401,16.265750286369
600225.SH,退市卓朗,20150331,8.9887640449438
600225.SH,退市卓朗,20150330,8.9887640449438
600225.SH,退市卓朗,20150329,8.9887640449438
600225.SH,退市卓朗,20150328,8.9887640449438
600225.SH,退市卓朗,20150327,8.9887640449438
600225.SH,退市卓朗,20150326,8.9887640449438
600225.SH,退市卓朗,20150325,8.9887640449438
600225.SH,退市卓朗,20150324,8.9887640449438
600225.SH,退市卓朗,20150323,8.9887640449438
600225.SH,退市卓朗,20150322,8.9887640449438
600225.SH,退市卓朗,20150321,8.9887640449438
600225.SH,退市卓朗,20150320,8.9887640449438
600225.SH,退市卓朗,20150319,8.9887640449438
600225.SH,退市卓朗,20150318,8.9887640449438
600225.SH,退市卓朗,20150317,8.9887640449438
600225.SH,退市卓朗,20150316,8.9887640449438
600225.SH,退市卓朗,20150315,8.9887640449438
600225.SH,退市卓朗,20150314,8.9887640449438
600225.SH,退市卓朗,20150313,8.9887640449438
600225.SH,退市卓朗,20150312,8.9887640449438
600225.SH,退市卓朗,20150311,8.9887640449438
600225.SH,退市卓朗,20150310,8.9887640449438
600225.SH,退市卓朗,20150309,8.9887640449438
600225.SH,退市卓朗,20150308,8.9887640449438
600225.SH,退市卓朗,20150307,8.9887640449438
600225.SH,退市卓朗,20150306,8.9887640449438
600225.SH,退市卓朗,20150305,8.9887640449438
600225.SH,退市卓朗,20150304,8.9887640449438
600225.SH,退市卓朗,20150303,8.9887640449438
600225.SH,退市卓朗,20150302,8.9887640449438
600225.SH,退市卓朗,20150301,8.9887640449438
600225.SH,退市卓朗,20150228,7.6612903225806
600225.SH,退市卓朗,20150227,7.6612903225806
600225.SH,退市卓朗,20150226,7.6612903225806
600225.SH,退市卓朗,20150225,7.6612903225806
600225.SH,退市卓朗,20150224,7.6612903225806
600225.SH,退市卓朗,20150223,7.6612903225806
600225.SH,退市卓朗,20150222,7.6612903225806
600225.SH,退市卓朗,20150221,7.6612903225806
600225.SH,退市卓朗,20150220,7.6612903225806
600225.SH,退市卓朗,20150219,7.6612903225806
600225.SH,退市卓朗,20150218,7.6612903225806
600225.SH,退市卓朗,20150217,7.6612903225806
600225.SH,退市卓朗,20150216,7.6612903225806
600225.SH,退市卓朗,20150215,7.6612903225806
600225.SH,退市卓朗,20150214,7.6612903225806
600225.SH,退市卓朗,20150213,7.6612903225806
600225.SH,退市卓朗,20150212,7.6612903225806
600225.SH,退市卓朗,20150211,7.6612903225806
600225.SH,退市卓朗,20150210,7.6612903225806
600225.SH,退市卓朗,20150209,7.6612903225806
600225.SH,退市卓朗,20150208,7.6612903225806
600225.SH,退市卓朗,20150207,7.6612903225806
600225.SH,退市卓朗,20150206,7.6612903225806
600225.SH,退市卓朗,20150205,7.6612903225806
600225.SH,退市卓朗,20150204,7.6612903225806
600225.SH,退市卓朗,20150203,7.6612903225806
600225.SH,退市卓朗,20150202,7.6612903225806
600225.SH,退市卓朗,20150201,7.6612903225806
600225.SH,退市卓朗,20150131,1.7783857729138
600225.SH,退市卓朗,20150130,1.7783857729138
600225.SH,退市卓朗,20150129,1.7783857729138
600225.SH,退市卓朗,20150128,1.7783857729138
600225.SH,退市卓朗,20150127,1.7783857729138
600225.SH,退市卓朗,20150126,1.7783857729138
600225.SH,退市卓朗,20150125,1.7783857729138
600225.SH,退市卓朗,20150124,1.7783857729138
600225.SH,退市卓朗,20150123,1.7783857729138
600225.SH,退市卓朗,20150122,1.7783857729138
600225.SH,退市卓朗,20150121,1.7783857729138
600225.SH,退市卓朗,20150120,1.7783857729138
600225.SH,退市卓朗,20150119,1.7783857729138
600225.SH,退市卓朗,20150118,1.7783857729138
600225.SH,退市卓朗,20150117,1.7783857729138
600225.SH,退市卓朗,20150116,1.7783857729138
600225.SH,退市卓朗,20150115,1.7783857729138
600225.SH,退市卓朗,20150114,1.7783857729138
600225.SH,退市卓朗,20150113,1.7783857729138
600225.SH,退市卓朗,20150112,1.7783857729138
600225.SH,退市卓朗,20150111,1.7783857729138
600225.SH,退市卓朗,20150110,1.7783857729138
600225.SH,退市卓朗,20150109,1.7783857729138
600225.SH,退市卓朗,20150108,1.7783857729138
600225.SH,退市卓朗,20150107,1.7783857729138
600225.SH,退市卓朗,20150106,1.7783857729138
600225.SH,退市卓朗,20150105,1.7783857729138
600225.SH,退市卓朗,20150104,1.7783857729138
600225.SH,退市卓朗,20150103,1.7783857729138
600225.SH,退市卓朗,20150102,1.7783857729138
600225.SH,退市卓朗,20150101,1.7783857729138
600225.SH,退市卓朗,20141231,-14.101057579318
600225.SH,退市卓朗,20141230,-14.101057579318
600225.SH,退市卓朗,20141229,-14.101057579318
600225.SH,退市卓朗,20141228,-14.101057579318
600225.SH,退市卓朗,20141227,-14.101057579318
600225.SH,退市卓朗,20141226,-14.101057579318
600225.SH,退市卓朗,20141225,-14.101057579318
600225.SH,退市卓朗,20141224,-14.101057579318
600225.SH,退市卓朗,20141223,-14.101057579318
600225.SH,退市卓朗,20141222,-14.101057579318
600225.SH,退市卓朗,20141221,-14.101057579318
600225.SH,退市卓朗,20141220,-14.101057579318
600225.SH,退市卓朗,20141219,-14.101057579318
600225.SH,退市卓朗,20141218,-14.101057579318
600225.SH,退市卓朗,20141217,-14.101057579318
600225.SH,退市卓朗,20141216,-14.101057579318
600225.SH,退市卓朗,20141215,-14.101057579318
600225.SH,退市卓朗,20141214,-14.101057579318
600225.SH,退市卓朗,20141213,-14.101057579318
600225.SH,退市卓朗,20141212,-14.101057579318
600225.SH,退市卓朗,20141211,-14.101057579318
600225.SH,退市卓朗,20141210,-14.101057579318
600225.SH,退市卓朗,20141209,-14.101057579318
600225.SH,退市卓朗,20141208,-14.101057579318
600225.SH,退市卓朗,20141207,-14.101057579318
600225.SH,退市卓朗,20141206,-14.101057579318
600225.SH,退市卓朗,20141205,-14.101057579318
600225.SH,退市卓朗,20141204,-14.101057579318
600225.SH,退市卓朗,20141203,-14.101057579318
600225.SH,退市卓朗,20141202,-14.101057579318
600225.SH,退市卓朗,20141201,-14.101057579318
600225.SH,退市卓朗,20141130,14.535666218035
600225.SH,退市卓朗,20141129,14.535666218035
600225.SH,退市卓朗,20141128,14.535666218035
600225.SH,退市卓朗,20141127,14.535666218035
600225.SH,退市卓朗,20141126,14.535666218035
600225.SH,退市卓朗,20141125,14.535666218035
600225.SH,退市卓朗,20141124,14.535666218035
600225.SH,退市卓朗,20141123,14.535666218035
600225.SH,退市卓朗,20141122,14.535666218035
600225.SH,退市卓朗,20141121,14.535666218035
600225.SH,退市卓朗,20141120,14.535666218035
600225.SH,退市卓朗,20141119,14.535666218035
600225.SH,退市卓朗,20141118,14.535666218035
600225.SH,退市卓朗,20141117,14.535666218035
600225.SH,退市卓朗,20141116,14.535666218035
600225.SH,退市卓朗,20141115,14.535666218035
600225.SH,退市卓朗,20141114,14.535666218035
600225.SH,退市卓朗,20141113,14.535666218035
600225.SH,退市卓朗,20141112,14.535666218035
600225.SH,退市卓朗,20141111,14.535666218035
600225.SH,退市卓朗,20141110,14.535666218035
600225.SH,退市卓朗,20141109,14.535666218035
600225.SH,退市卓朗,20141108,14.535666218035
600225.SH,退市卓朗,20141107,14.535666218035
600225.SH,退市卓朗,20141106,14.535666218035
600225.SH,退市卓朗,20141105,14.535666218035
600225.SH,退市卓朗,20141104,14.535666218035
600225.SH,退市卓朗,20141103,14.535666218035
600225.SH,退市卓朗,20141102,14.535666218035
600225.SH,退市卓朗,20141101,14.535666218035
600225.SH,退市卓朗,20141031,-0.13440860215055
600225.SH,退市卓朗,20141030,-0.13440860215055
600225.SH,退市卓朗,20141029,-0.13440860215055
600225.SH,退市卓朗,20141028,-0.13440860215055
600225.SH,退市卓朗,20141027,-0.13440860215055
600225.SH,退市卓朗,20141026,-0.13440860215055
600225.SH,退市卓朗,20141025,-0.13440860215055
600225.SH,退市卓朗,20141024,-0.13440860215055
600225.SH,退市卓朗,20141023,-0.13440860215055
600225.SH,退市卓朗,20141022,-0.13440860215055
600225.SH,退市卓朗,20141021,-0.13440860215055
600225.SH,退市卓朗,20141020,-0.13440860215055
600225.SH,退市卓朗,20141019,-0.13440860215055
600225.SH,退市卓朗,20141018,-0.13440860215055
600225.SH,退市卓朗,20141017,-0.13440860215055
600225.SH,退市卓朗,20141016,-0.13440860215055
600225.SH,退市卓朗,20141015,-0.13440860215055
600225.SH,退市卓朗,20141014,-0.13440860215055
600225.SH,退市卓朗,20141013,-0.13440860215055
600225.SH,退市卓朗,20141012,-0.13440860215055
600225.SH,退市卓朗,20141011,-0.13440860215055
600225.SH,退市卓朗,20141010,-0.13440860215055
600225.SH,退市卓朗,20141009,-0.13440860215055
600225.SH,退市卓朗,20141008,-0.13440860215055
600225.SH,退市卓朗,20141007,-0.13440860215055
600225.SH,退市卓朗,20141006,-0.13440860215055
600225.SH,退市卓朗,20141005,-0.13440860215055
600225.SH,退市卓朗,20141004,-0.13440860215055
600225.SH,退市卓朗,20141003,-0.13440860215055
600225.SH,退市卓朗,20141002,-0.13440860215055
600225.SH,退市卓朗,20141001,-0.13440860215055
600225.SH,退市卓朗,20140930,13.935681470138
600225.SH,退市卓朗,20140929,13.935681470138
600225.SH,退市卓朗,20140928,13.935681470138
600225.SH,退市卓朗,20140927,13.935681470138
600225.SH,退市卓朗,20140926,13.935681470138
600225.SH,退市卓朗,20140925,13.935681470138
600225.SH,退市卓朗,20140924,13.935681470138
600225.SH,退市卓朗,20140923,13.935681470138
600225.SH,退市卓朗,20140922,13.935681470138
600225.SH,退市卓朗,20140921,13.935681470138
600225.SH,退市卓朗,20140920,13.935681470138
600225.SH,退市卓朗,20140919,13.935681470138
600225.SH,退市卓朗,20140918,13.935681470138
600225.SH,退市卓朗,20140917,13.935681470138
600225.SH,退市卓朗,20140916,13.935681470138
600225.SH,退市卓朗,20140915,13.935681470138
600225.SH,退市卓朗,20140914,13.935681470138
600225.SH,退市卓朗,20140913,13.935681470138
600225.SH,退市卓朗,20140912,13.935681470138
600225.SH,退市卓朗,20140911,13.935681470138
600225.SH,退市卓朗,20140910,13.935681470138
600225.SH,退市卓朗,20140909,13.935681470138
600225.SH,退市卓朗,20140908,13.935681470138
600225.SH,退市卓朗,20140907,13.935681470138
600225.SH,退市卓朗,20140906,13.935681470138
600225.SH,退市卓朗,20140905,13.935681470138
600225.SH,退市卓朗,20140904,13.935681470138
600225.SH,退市卓朗,20140903,13.935681470138
600225.SH,退市卓朗,20140902,13.935681470138
600225.SH,退市卓朗,20140901,13.935681470138
600225.SH,退市卓朗,20140831,0.46153846153847
600225.SH,退市卓朗,20140830,0.46153846153847
600225.SH,退市卓朗,20140829,0.46153846153847
600225.SH,退市卓朗,20140828,0.46153846153847
600225.SH,退市卓朗,20140827,0.46153846153847
600225.SH,退市卓朗,20140826,0.46153846153847
600225.SH,退市卓朗,20140825,0.46153846153847
600225.SH,退市卓朗,20140824,0.46153846153847
600225.SH,退市卓朗,20140823,0.46153846153847
600225.SH,退市卓朗,20140822,0.46153846153847
600225.SH,退市卓朗,20140821,0.46153846153847
600225.SH,退市卓朗,20140820,0.46153846153847
600225.SH,退市卓朗,20140819,0.46153846153847
600225.SH,退市卓朗,20140818,0.46153846153847
600225.SH,退市卓朗,20140817,0.46153846153847
600225.SH,退市卓朗,20140816,0.46153846153847
600225.SH,退市卓朗,20140815,0.46153846153847
600225.SH,退市卓朗,20140814,0.46153846153847
600225.SH,退市卓朗,20140813,0.46153846153847
600225.SH,退市卓朗,20140812,0.46153846153847
600225.SH,退市卓朗,20140811,0.46153846153847
600225.SH,退市卓朗,20140810,0.46153846153847
600225.SH,退市卓朗,20140809,0.46153846153847
600225.SH,退市卓朗,20140808,0.46153846153847
600225.SH,退市卓朗,20140807,0.46153846153847
600225.SH,退市卓朗,20140806,0.46153846153847
600225.SH,退市卓朗,20140805,0.46153846153847
600225.SH,退市卓朗,20140804,0.46153846153847
600225.SH,退市卓朗,20140803,0.46153846153847
600225.SH,退市卓朗,20140802,0.46153846153847
600225.SH,退市卓朗,20140801,0.46153846153847
600225.SH,退市卓朗,20140731,2.8481012658228
600225.SH,退市卓朗,20140730,2.8481012658228
600225.SH,退市卓朗,20140729,2.8481012658228
600225.SH,退市卓朗,20140728,2.8481012658228
600225.SH,退市卓朗,20140727,2.8481012658228
600225.SH,退市卓朗,20140726,2.8481012658228
600225.SH,退市卓朗,20140725,2.8481012658228
600225.SH,退市卓朗,20140724,2.8481012658228
600225.SH,退市卓朗,20140723,2.8481012658228
600225.SH,退市卓朗,20140722,2.8481012658228
600225.SH,退市卓朗,20140721,2.8481012658228
600225.SH,退市卓朗,20140720,2.8481012658228
600225.SH,退市卓朗,20140719,2.8481012658228
600225.SH,退市卓朗,20140718,2.8481012658228
600225.SH,退市卓朗,20140717,2.8481012658228
600225.SH,退市卓朗,20140716,2.8481012658228
600225.SH,退市卓朗,20140715,2.8481012658228
600225.SH,退市卓朗,20140714,2.8481012658228
600225.SH,退市卓朗,20140713,2.8481012658228
600225.SH,退市卓朗,20140712,2.8481012658228
600225.SH,退市卓朗,20140711,2.8481012658228
600225.SH,退市卓朗,20140710,2.8481012658228
600225.SH,退市卓朗,20140709,2.8481012658228
600225.SH,退市卓朗,20140708,2.8481012658228
600225.SH,退市卓朗,20140707,2.8481012658228
600225.SH,退市卓朗,20140706,2.8481012658228
600225.SH,退市卓朗,20140705,2.8481012658228
600225.SH,退市卓朗,20140704,2.8481012658228
600225.SH,退市卓朗,20140703,2.8481012658228
600225.SH,退市卓朗,20140702,2.8481012658228
600225.SH,退市卓朗,20140701,2.8481012658228
600225.SH,退市卓朗,20140630,3.7766830870279
600225.SH,退市卓朗,20140629,3.7766830870279
600225.SH,退市卓朗,20140628,3.7766830870279
600225.SH,退市卓朗,20140627,3.7766830870279
600225.SH,退市卓朗,20140626,3.7766830870279
600225.SH,退市卓朗,20140625,3.7766830870279
600225.SH,退市卓朗,20140624,3.7766830870279
600225.SH,退市卓朗,20140623,3.7766830870279
600225.SH,退市卓朗,20140622,3.7766830870279
600225.SH,退市卓朗,20140621,3.7766830870279
600225.SH,退市卓朗,20140620,3.7766830870279
600225.SH,退市卓朗,20140619,3.7766830870279
600225.SH,退市卓朗,20140618,3.7766830870279
600225.SH,退市卓朗,20140617,3.7766830870279
600225.SH,退市卓朗,20140616,3.7766830870279
600225.SH,退市卓朗,20140615,3.7766830870279
600225.SH,退市卓朗,20140614,3.7766830870279
600225.SH,退市卓朗,20140613,3.7766830870279
600225.SH,退市卓朗,20140612,3.7766830870279
600225.SH,退市卓朗,20140611,3.7766830870279
600225.SH,退市卓朗,20140610,3.7766830870279
600225.SH,退市卓朗,20140609,3.7766830870279
600225.SH,退市卓朗,20140608,3.7766830870279
600225.SH,退市卓朗,20140607,3.7766830870279
600225.SH,退市卓朗,20140606,3.7766830870279
600225.SH,退市卓朗,20140605,3.7766830870279
600225.SH,退市卓朗,20140604,3.7766830870279
600225.SH,退市卓朗,20140603,3.7766830870279
600225.SH,退市卓朗,20140602,3.7766830870279
600225.SH,退市卓朗,20140601,3.7766830870279
600225.SH,退市卓朗,20140531,-2.247191011236
600225.SH,退市卓朗,20140530,-2.247191011236
600225.SH,退市卓朗,20140529,-2.247191011236
600225.SH,退市卓朗,20140528,-2.247191011236
600225.SH,退市卓朗,20140527,-2.247191011236
600225.SH,退市卓朗,20140526,-2.247191011236
600225.SH,退市卓朗,20140525,-2.247191011236
600225.SH,退市卓朗,20140524,-2.247191011236
600225.SH,退市卓朗,20140523,-2.247191011236
600225.SH,退市卓朗,20140522,-2.247191011236
600225.SH,退市卓朗,20140521,-2.247191011236
600225.SH,退市卓朗,20140520,-2.247191011236
600225.SH,退市卓朗,20140519,-2.247191011236
600225.SH,退市卓朗,20140518,-2.247191011236
600225.SH,退市卓朗,20140517,-2.247191011236
600225.SH,退市卓朗,20140516,-2.247191011236
600225.SH,退市卓朗,20140515,-2.247191011236
600225.SH,退市卓朗,20140514,-2.247191011236
600225.SH,退市卓朗,20140513,-2.247191011236
600225.SH,退市卓朗,20140512,-2.247191011236
600225.SH,退市卓朗,20140511,-2.247191011236
600225.SH,退市卓朗,20140510,-2.247191011236
600225.SH,退市卓朗,20140509,-2.247191011236
600225.SH,退市卓朗,20140508,-2.247191011236
600225.SH,退市卓朗,20140507,-2.247191011236
600225.SH,退市卓朗,20140506,-2.247191011236
600225.SH,退市卓朗,20140505,-2.247191011236
600225.SH,退市卓朗,20140504,-2.247191011236
600225.SH,退市卓朗,20140503,-2.247191011236
600225.SH,退市卓朗,20140502,-2.247191011236
600225.SH,退市卓朗,20140501,-2.247191011236
600225.SH,退市卓朗,20140430,-16.150740242261
600225.SH,退市卓朗,20140429,-16.150740242261
600225.SH,退市卓朗,20140428,-16.150740242261
600225.SH,退市卓朗,20140427,-16.150740242261
600225.SH,退市卓朗,20140426,-16.150740242261
600225.SH,退市卓朗,20140425,-16.150740242261
600225.SH,退市卓朗,20140424,-16.150740242261
600225.SH,退市卓朗,20140423,-16.150740242261
600225.SH,退市卓朗,20140422,-16.150740242261
600225.SH,退市卓朗,20140421,-16.150740242261
600225.SH,退市卓朗,20140420,-16.150740242261
600225.SH,退市卓朗,20140419,-16.150740242261
600225.SH,退市卓朗,20140418,-16.150740242261
600225.SH,退市卓朗,20140417,-16.150740242261
600225.SH,退市卓朗,20140416,-16.150740242261
600225.SH,退市卓朗,20140415,-16.150740242261
600225.SH,退市卓朗,20140414,-16.150740242261
600225.SH,退市卓朗,20140413,-16.150740242261
600225.SH,退市卓朗,20140412,-16.150740242261
600225.SH,退市卓朗,20140411,-16.150740242261
600225.SH,退市卓朗,20140410,-16.150740242261
600225.SH,退市卓朗,20140409,-16.150740242261
600225.SH,退市卓朗,20140408,-16.150740242261
600225.SH,退市卓朗,20140407,-16.150740242261
600225.SH,退市卓朗,20140406,-16.150740242261
600225.SH,退市卓朗,20140405,-16.150740242261
600225.SH,退市卓朗,20140404,-16.150740242261
600225.SH,退市卓朗,20140403,-16.150740242261
600225.SH,退市卓朗,20140402,-16.150740242261
600225.SH,退市卓朗,20140401,-16.150740242261
600225.SH,退市卓朗,20140331,-3.3810143042913
600225.SH,退市卓朗,20140330,-3.3810143042913
600225.SH,退市卓朗,20140329,-3.3810143042913
600225.SH,退市卓朗,20140328,-3.3810143042913
600225.SH,退市卓朗,20140327,-3.3810143042913
600225.SH,退市卓朗,20140326,-3.3810143042913
600225.SH,退市卓朗,20140325,-3.3810143042913
600225.SH,退市卓朗,20140324,-3.3810143042913
600225.SH,退市卓朗,20140323,-3.3810143042913
600225.SH,退市卓朗,20140322,-3.3810143042913
600225.SH,退市卓朗,20140321,-3.3810143042913
600225.SH,退市卓朗,20140320,-3.3810143042913
600225.SH,退市卓朗,20140319,-3.3810143042913
600225.SH,退市卓朗,20140318,-3.3810143042913
600225.SH,退市卓朗,20140317,-3.3810143042913
600225.SH,退市卓朗,20140316,-3.3810143042913
600225.SH,退市卓朗,20140315,-3.3810143042913
600225.SH,退市卓朗,20140314,-3.3810143042913
600225.SH,退市卓朗,20140313,-3.3810143042913
600225.SH,退市卓朗,20140312,-3.3810143042913
600225.SH,退市卓朗,20140311,-3.3810143042913
600225.SH,退市卓朗,20140310,-3.3810143042913
600225.SH,退市卓朗,20140309,-3.3810143042913
600225.SH,退市卓朗,20140308,-3.3810143042913
600225.SH,退市卓朗,20140307,-3.3810143042913
600225.SH,退市卓朗,20140306,-3.3810143042913
600225.SH,退市卓朗,20140305,-3.3810143042913
600225.SH,退市卓朗,20140304,-3.3810143042913
600225.SH,退市卓朗,20140303,-3.3810143042913
600225.SH,退市卓朗,20140302,-3.3810143042913
600225.SH,退市卓朗,20140301,-3.3810143042913
600225.SH,退市卓朗,20140228,33.275563258232
600225.SH,退市卓朗,20140227,33.275563258232
600225.SH,退市卓朗,20140226,33.275563258232
600225.SH,退市卓朗,20140225,33.275563258232
600225.SH,退市卓朗,20140224,33.275563258232
600225.SH,退市卓朗,20140223,33.275563258232
600225.SH,退市卓朗,20140222,33.275563258232
600225.SH,退市卓朗,20140221,33.275563258232
600225.SH,退市卓朗,20140220,33.275563258232
600225.SH,退市卓朗,20140219,33.275563258232
600225.SH,退市卓朗,20140218,33.275563258232
600225.SH,退市卓朗,20140217,33.275563258232
600225.SH,退市卓朗,20140216,33.275563258232
600225.SH,退市卓朗,20140215,33.275563258232
600225.SH,退市卓朗,20140214,33.275563258232
600225.SH,退市卓朗,20140213,33.275563258232
600225.SH,退市卓朗,20140212,33.275563258232
600225.SH,退市卓朗,20140211,33.275563258232
600225.SH,退市卓朗,20140210,33.275563258232
600225.SH,退市卓朗,20140209,33.275563258232
600225.SH,退市卓朗,20140208,33.275563258232
600225.SH,退市卓朗,20140207,33.275563258232
600225.SH,退市卓朗,20140206,33.275563258232
600225.SH,退市卓朗,20140205,33.275563258232
600225.SH,退市卓朗,20140204,33.275563258232
600225.SH,退市卓朗,20140203,33.275563258232
600225.SH,退市卓朗,20140202,33.275563258232
600225.SH,退市卓朗,20140201,33.275563258232
600225.SH,退市卓朗,20140131,-22.132253711201
600225.SH,退市卓朗,20140130,-22.132253711201
600225.SH,退市卓朗,20140129,-22.132253711201
600225.SH,退市卓朗,20140128,-22.132253711201
600225.SH,退市卓朗,20140127,-22.132253711201
600225.SH,退市卓朗,20140126,-22.132253711201
600225.SH,退市卓朗,20140125,-22.132253711201
600225.SH,退市卓朗,20140124,-22.132253711201
600225.SH,退市卓朗,20140123,-22.132253711201
600225.SH,退市卓朗,20140122,-22.132253711201
600225.SH,退市卓朗,20140121,-22.132253711201
600225.SH,退市卓朗,20140120,-22.132253711201
600225.SH,退市卓朗,20140119,-22.132253711201
600225.SH,退市卓朗,20140118,-22.132253711201
600225.SH,退市卓朗,20140117,-22.132253711201
600225.SH,退市卓朗,20140116,-22.132253711201
600225.SH,退市卓朗,20140115,-22.132253711201
600225.SH,退市卓朗,20140114,-22.132253711201
600225.SH,退市卓朗,20140113,-22.132253711201
600225.SH,退市卓朗,20140112,-22.132253711201
600225.SH,退市卓朗,20140111,-22.132253711201
600225.SH,退市卓朗,20140110,-22.132253711201
600225.SH,退市卓朗,20140109,-22.132253711201
600225.SH,退市卓朗,20140108,-22.132253711201
600225.SH,退市卓朗,20140107,-22.132253711201
600225.SH,退市卓朗,20140106,-22.132253711201
600225.SH,退市卓朗,20140105,-22.132253711201
600225.SH,退市卓朗,20140104,-22.132253711201
600225.SH,退市卓朗,20140103,-22.132253711201
600225.SH,退市卓朗,20140102,-22.132253711201
600225.SH,退市卓朗,20140101,-22.132253711201
600225.SH,退市卓朗,20131231,9.6153846153846
600225.SH,退市卓朗,20131230,9.6153846153846
600225.SH,退市卓朗,20131229,9.6153846153846
600225.SH,退市卓朗,20131228,9.6153846153846
600225.SH,退市卓朗,20131227,9.6153846153846
600225.SH,退市卓朗,20131226,9.6153846153846
600225.SH,退市卓朗,20131225,9.6153846153846
600225.SH,退市卓朗,20131224,9.6153846153846
600225.SH,退市卓朗,20131223,9.6153846153846
600225.SH,退市卓朗,20131222,9.6153846153846
600225.SH,退市卓朗,20131221,9.6153846153846
600225.SH,退市卓朗,20131220,9.6153846153846
600225.SH,退市卓朗,20131219,9.6153846153846
600225.SH,退市卓朗,20131218,9.6153846153846
600225.SH,退市卓朗,20131217,9.6153846153846
600225.SH,退市卓朗,20131216,9.6153846153846
600225.SH,退市卓朗,20131215,9.6153846153846
600225.SH,退市卓朗,20131214,9.6153846153846
600225.SH,退市卓朗,20131213,9.6153846153846
600225.SH,退市卓朗,20131212,9.6153846153846
600225.SH,退市卓朗,20131211,9.6153846153846
600225.SH,退市卓朗,20131210,9.6153846153846
600225.SH,退市卓朗,20131209,9.6153846153846
600225.SH,退市卓朗,20131208,9.6153846153846
600225.SH,退市卓朗,20131207,9.6153846153846
600225.SH,退市卓朗,20131206,9.6153846153846
600225.SH,退市卓朗,20131205,9.6153846153846
600225.SH,退市卓朗,20131204,9.6153846153846
600225.SH,退市卓朗,20131203,9.6153846153846
600225.SH,退市卓朗,20131202,9.6153846153846
600225.SH,退市卓朗,20131201,9.6153846153846
600225.SH,退市卓朗,20131130,35.470941883768
600225.SH,退市卓朗,20131129,35.470941883768
600225.SH,退市卓朗,20131128,35.470941883768
600225.SH,退市卓朗,20131127,35.470941883768
600225.SH,退市卓朗,20131126,35.470941883768
600225.SH,退市卓朗,20131125,35.470941883768
600225.SH,退市卓朗,20131124,35.470941883768
600225.SH,退市卓朗,20131123,35.470941883768
600225.SH,退市卓朗,20131122,35.470941883768
600225.SH,退市卓朗,20131121,35.470941883768
600225.SH,退市卓朗,20131120,35.470941883768
600225.SH,退市卓朗,20131119,35.470941883768
600225.SH,退市卓朗,20131118,35.470941883768
600225.SH,退市卓朗,20131117,35.470941883768
600225.SH,退市卓朗,20131116,35.470941883768
600225.SH,退市卓朗,20131115,35.470941883768
600225.SH,退市卓朗,20131114,35.470941883768
600225.SH,退市卓朗,20131113,35.470941883768
600225.SH,退市卓朗,20131112,35.470941883768
600225.SH,退市卓朗,20131111,35.470941883768
600225.SH,退市卓朗,20131110,35.470941883768
600225.SH,退市卓朗,20131109,35.470941883768
600225.SH,退市卓朗,20131108,35.470941883768
600225.SH,退市卓朗,20131107,35.470941883768
600225.SH,退市卓朗,20131106,35.470941883768
600225.SH,退市卓朗,20131105,35.470941883768
600225.SH,退市卓朗,20131104,35.470941883768
600225.SH,退市卓朗,20131103,35.470941883768
600225.SH,退市卓朗,20131102,35.470941883768
600225.SH,退市卓朗,20131101,35.470941883768
600225.SH,退市卓朗,20131031,14.712643678161
600225.SH,退市卓朗,20131030,14.712643678161
600225.SH,退市卓朗,20131029,14.712643678161
600225.SH,退市卓朗,20131028,14.712643678161
600225.SH,退市卓朗,20131027,14.712643678161
600225.SH,退市卓朗,20131026,14.712643678161
600225.SH,退市卓朗,20131025,14.712643678161
600225.SH,退市卓朗,20131024,14.712643678161
600225.SH,退市卓朗,20131023,14.712643678161
600225.SH,退市卓朗,20131022,14.712643678161
600225.SH,退市卓朗,20131021,14.712643678161
600225.SH,退市卓朗,20131020,14.712643678161
600225.SH,退市卓朗,20131019,14.712643678161
600225.SH,退市卓朗,20131018,14.712643678161
600225.SH,退市卓朗,20131017,14.712643678161
600225.SH,退市卓朗,20131016,14.712643678161
600225.SH,退市卓朗,20131015,14.712643678161
600225.SH,退市卓朗,20131014,14.712643678161
600225.SH,退市卓朗,20131013,14.712643678161
600225.SH,退市卓朗,20131012,14.712643678161
600225.SH,退市卓朗,20131011,14.712643678161
600225.SH,退市卓朗,20131010,14.712643678161
600225.SH,退市卓朗,20131009,14.712643678161
600225.SH,退市卓朗,20131008,14.712643678161
600225.SH,退市卓朗,20131007,14.712643678161
600225.SH,退市卓朗,20131006,14.712643678161
600225.SH,退市卓朗,20131005,14.712643678161
600225.SH,退市卓朗,20131004,14.712643678161
600225.SH,退市卓朗,20131003,14.712643678161
600225.SH,退市卓朗,20131002,14.712643678161
600225.SH,退市卓朗,20131001,14.712643678161
600225.SH,退市卓朗,20130930,-19.444444444444
600225.SH,退市卓朗,20130929,-19.444444444444
600225.SH,退市卓朗,20130928,-19.444444444444
600225.SH,退市卓朗,20130927,-19.444444444444
600225.SH,退市卓朗,20130926,-19.444444444444
600225.SH,退市卓朗,20130925,-19.444444444444
600225.SH,退市卓朗,20130924,-19.444444444444
600225.SH,退市卓朗,20130923,-19.444444444444
600225.SH,退市卓朗,20130922,-19.444444444444
600225.SH,退市卓朗,20130921,-19.444444444444
600225.SH,退市卓朗,20130920,-19.444444444444
600225.SH,退市卓朗,20130919,-19.444444444444
600225.SH,退市卓朗,20130918,-19.444444444444
600225.SH,退市卓朗,20130917,-19.444444444444
600225.SH,退市卓朗,20130916,-19.444444444444
600225.SH,退市卓朗,20130915,-19.444444444444
600225.SH,退市卓朗,20130914,-19.444444444444
600225.SH,退市卓朗,20130913,-19.444444444444
600225.SH,退市卓朗,20130912,-19.444444444444
600225.SH,退市卓朗,20130911,-19.444444444444
600225.SH,退市卓朗,20130910,-19.444444444444
600225.SH,退市卓朗,20130909,-19.444444444444
600225.SH,退市卓朗,20130908,-19.444444444444
600225.SH,退市卓朗,20130907,-19.444444444444
600225.SH,退市卓朗,20130906,-19.444444444444
600225.SH,退市卓朗,20130905,-19.444444444444
600225.SH,退市卓朗,20130904,-19.444444444444
600225.SH,退市卓朗,20130903,-19.444444444444
600225.SH,退市卓朗,20130902,-19.444444444444
600225.SH,退市卓朗,20130901,-19.444444444444
600225.SH,退市卓朗,20130831,27.058823529412
600225.SH,退市卓朗,20130830,27.058823529412
600225.SH,退市卓朗,20130829,27.058823529412
600225.SH,退市卓朗,20130828,27.058823529412
600225.SH,退市卓朗,20130827,27.058823529412
600225.SH,退市卓朗,20130826,27.058823529412
600225.SH,退市卓朗,20130825,27.058823529412
600225.SH,退市卓朗,20130824,27.058823529412
600225.SH,退市卓朗,20130823,27.058823529412
600225.SH,退市卓朗,20130822,27.058823529412
600225.SH,退市卓朗,20130821,27.058823529412
600225.SH,退市卓朗,20130820,27.058823529412
600225.SH,退市卓朗,20130819,27.058823529412
600225.SH,退市卓朗,20130818,27.058823529412
600225.SH,退市卓朗,20130817,27.058823529412
600225.SH,退市卓朗,20130816,27.058823529412
600225.SH,退市卓朗,20130815,27.058823529412
600225.SH,退市卓朗,20130814,27.058823529412
600225.SH,退市卓朗,20130813,27.058823529412
600225.SH,退市卓朗,20130812,27.058823529412
600225.SH,退市卓朗,20130811,27.058823529412
600225.SH,退市卓朗,20130810,27.058823529412
600225.SH,退市卓朗,20130809,27.058823529412
600225.SH,退市卓朗,20130808,27.058823529412
600225.SH,退市卓朗,20130807,27.058823529412
600225.SH,退市卓朗,20130806,27.058823529412
600225.SH,退市卓朗,20130805,27.058823529412
600225.SH,退市卓朗,20130804,27.058823529412
600225.SH,退市卓朗,20130803,27.058823529412
600225.SH,退市卓朗,20130802,27.058823529412
600225.SH,退市卓朗,20130801,27.058823529412
600225.SH,退市卓朗,20130731,1.4319809069212
600225.SH,退市卓朗,20130730,1.4319809069212
600225.SH,退市卓朗,20130729,1.4319809069212
600225.SH,退市卓朗,20130728,1.4319809069212
600225.SH,退市卓朗,20130727,1.4319809069212
600225.SH,退市卓朗,20130726,1.4319809069212
600225.SH,退市卓朗,20130725,1.4319809069212
600225.SH,退市卓朗,20130724,1.4319809069212
600225.SH,退市卓朗,20130723,1.4319809069212
600225.SH,退市卓朗,20130722,1.4319809069212
600225.SH,退市卓朗,20130721,1.4319809069212
600225.SH,退市卓朗,20130720,1.4319809069212
600225.SH,退市卓朗,20130719,1.4319809069212
600225.SH,退市卓朗,20130718,1.4319809069212
600225.SH,退市卓朗,20130717,1.4319809069212
600225.SH,退市卓朗,20130716,1.4319809069212
600225.SH,退市卓朗,20130715,1.4319809069212
600225.SH,退市卓朗,20130714,1.4319809069212
600225.SH,退市卓朗,20130713,1.4319809069212
600225.SH,退市卓朗,20130712,1.4319809069212
600225.SH,退市卓朗,20130711,1.4319809069212
600225.SH,退市卓朗,20130710,1.4319809069212
600225.SH,退市卓朗,20130709,1.4319809069212
600225.SH,退市卓朗,20130708,1.4319809069212
600225.SH,退市卓朗,20130707,1.4319809069212
600225.SH,退市卓朗,20130706,1.4319809069212
600225.SH,退市卓朗,20130705,1.4319809069212
600225.SH,退市卓朗,20130704,1.4319809069212
600225.SH,退市卓朗,20130703,1.4319809069212
600225.SH,退市卓朗,20130702,1.4319809069212
600225.SH,退市卓朗,20130701,1.4319809069212
600225.SH,退市卓朗,20130630,-9.8924731182796
600225.SH,退市卓朗,20130629,-9.8924731182796
600225.SH,退市卓朗,20130628,-9.8924731182796
600225.SH,退市卓朗,20130627,-9.8924731182796
600225.SH,退市卓朗,20130626,-9.8924731182796
600225.SH,退市卓朗,20130625,-9.8924731182796
600225.SH,退市卓朗,20130624,-9.8924731182796
600225.SH,退市卓朗,20130623,-9.8924731182796
600225.SH,退市卓朗,20130622,-9.8924731182796
600225.SH,退市卓朗,20130621,-9.8924731182796
600225.SH,退市卓朗,20130620,-9.8924731182796
600225.SH,退市卓朗,20130619,-9.8924731182796
600225.SH,退市卓朗,20130618,-9.8924731182796
600225.SH,退市卓朗,20130617,-9.8924731182796
600225.SH,退市卓朗,20130616,-9.8924731182796
600225.SH,退市卓朗,20130615,-9.8924731182796
600225.SH,退市卓朗,20130614,-9.8924731182796
600225.SH,退市卓朗,20130613,-9.8924731182796
600225.SH,退市卓朗,20130612,-9.8924731182796
600225.SH,退市卓朗,20130611,-9.8924731182796
600225.SH,退市卓朗,20130610,-9.8924731182796
600225.SH,退市卓朗,20130609,-9.8924731182796
600225.SH,退市卓朗,20130608,-9.8924731182796
600225.SH,退市卓朗,20130607,-9.8924731182796
600225.SH,退市卓朗,20130606,-9.8924731182796
600225.SH,退市卓朗,20130605,-9.8924731182796
600225.SH,退市卓朗,20130604,-9.8924731182796
600225.SH,退市卓朗,20130603,-9.8924731182796
600225.SH,退市卓朗,20130602,-9.8924731182796
600225.SH,退市卓朗,20130601,-9.8924731182796
600225.SH,退市卓朗,20130531,21.409921671018
600225.SH,退市卓朗,20130530,21.409921671018
600225.SH,退市卓朗,20130529,21.409921671018
600225.SH,退市卓朗,20130528,21.409921671018
600225.SH,退市卓朗,20130527,21.409921671018
600225.SH,退市卓朗,20130526,21.409921671018
600225.SH,退市卓朗,20130525,21.409921671018
600225.SH,退市卓朗,20130524,21.409921671018
600225.SH,退市卓朗,20130523,21.409921671018
600225.SH,退市卓朗,20130522,21.409921671018
600225.SH,退市卓朗,20130521,21.409921671018
600225.SH,退市卓朗,20130520,21.409921671018
600225.SH,退市卓朗,20130519,21.409921671018
600225.SH,退市卓朗,20130518,21.409921671018
600225.SH,退市卓朗,20130517,21.409921671018
600225.SH,退市卓朗,20130516,21.409921671018
600225.SH,退市卓朗,20130515,21.409921671018
600225.SH,退市卓朗,20130514,21.409921671018
600225.SH,退市卓朗,20130513,21.409921671018
600225.SH,退市卓朗,20130512,21.409921671018
600225.SH,退市卓朗,20130511,21.409921671018
600225.SH,退市卓朗,20130510,21.409921671018
600225.SH,退市卓朗,20130509,21.409921671018
600225.SH,退市卓朗,20130508,21.409921671018
600225.SH,退市卓朗,20130507,21.409921671018
600225.SH,退市卓朗,20130506,21.409921671018
600225.SH,退市卓朗,20130505,21.409921671018
600225.SH,退市卓朗,20130504,21.409921671018
600225.SH,退市卓朗,20130503,21.409921671018
600225.SH,退市卓朗,20130502,21.409921671018
600225.SH,退市卓朗,20130501,21.409921671018
600225.SH,退市卓朗,20130430,-6.3569682151589
600225.SH,退市卓朗,20130429,-6.3569682151589
600225.SH,退市卓朗,20130428,-6.3569682151589
600225.SH,退市卓朗,20130427,-6.3569682151589
600225.SH,退市卓朗,20130426,-6.3569682151589
600225.SH,退市卓朗,20130425,-6.3569682151589
600225.SH,退市卓朗,20130424,-6.3569682151589
600225.SH,退市卓朗,20130423,-6.3569682151589
600225.SH,退市卓朗,20130422,-6.3569682151589
600225.SH,退市卓朗,20130421,-6.3569682151589
600225.SH,退市卓朗,20130420,-6.3569682151589
600225.SH,退市卓朗,20130419,-6.3569682151589
600225.SH,退市卓朗,20130418,-6.3569682151589
600225.SH,退市卓朗,20130417,-6.3569682151589
600225.SH,退市卓朗,20130416,-6.3569682151589
600225.SH,退市卓朗,20130415,-6.3569682151589
600225.SH,退市卓朗,20130414,-6.3569682151589
600225.SH,退市卓朗,20130413,-6.3569682151589
600225.SH,退市卓朗,20130412,-6.3569682151589
600225.SH,退市卓朗,20130411,-6.3569682151589
600225.SH,退市卓朗,20130410,-6.3569682151589
600225.SH,退市卓朗,20130409,-6.3569682151589
600225.SH,退市卓朗,20130408,-6.3569682151589
600225.SH,退市卓朗,20130407,-6.3569682151589
600225.SH,退市卓朗,20130406,-6.3569682151589
600225.SH,退市卓朗,20130405,-6.3569682151589
600225.SH,退市卓朗,20130404,-6.3569682151589
600225.SH,退市卓朗,20130403,-6.3569682151589
600225.SH,退市卓朗,20130402,-6.3569682151589
600225.SH,退市卓朗,20130401,-6.3569682151589
600225.SH,退市卓朗,20130331,-7.4660633484163
600225.SH,退市卓朗,20130330,-7.4660633484163
600225.SH,退市卓朗,20130329,-7.4660633484163
600225.SH,退市卓朗,20130328,-7.4660633484163
600225.SH,退市卓朗,20130327,-7.4660633484163
600225.SH,退市卓朗,20130326,-7.4660633484163
600225.SH,退市卓朗,20130325,-7.4660633484163
600225.SH,退市卓朗,20130324,-7.4660633484163
600225.SH,退市卓朗,20130323,-7.4660633484163
600225.SH,退市卓朗,20130322,-7.4660633484163
600225.SH,退市卓朗,20130321,-7.4660633484163
600225.SH,退市卓朗,20130320,-7.4660633484163
600225.SH,退市卓朗,20130319,-7.4660633484163
600225.SH,退市卓朗,20130318,-7.4660633484163
600225.SH,退市卓朗,20130317,-7.4660633484163
600225.SH,退市卓朗,20130316,-7.4660633484163
600225.SH,退市卓朗,20130315,-7.4660633484163
600225.SH,退市卓朗,20130314,-7.4660633484163
600225.SH,退市卓朗,20130313,-7.4660633484163
600225.SH,退市卓朗,20130312,-7.4660633484163
600225.SH,退市卓朗,20130311,-7.4660633484163
600225.SH,退市卓朗,20130310,-7.4660633484163
600225.SH,退市卓朗,20130309,-7.4660633484163
600225.SH,退市卓朗,20130308,-7.4660633484163
600225.SH,退市卓朗,20130307,-7.4660633484163
600225.SH,退市卓朗,20130306,-7.4660633484163
600225.SH,退市卓朗,20130305,-7.4660633484163
600225.SH,退市卓朗,20130304,-7.4660633484163
600225.SH,退市卓朗,20130303,-7.4660633484163
600225.SH,退市卓朗,20130302,-7.4660633484163
600225.SH,退市卓朗,20130301,-7.4660633484163
600225.SH,退市卓朗,20130228,-0.67415730337079
600225.SH,退市卓朗,20130227,-0.67415730337079
600225.SH,退市卓朗,20130226,-0.67415730337079
600225.SH,退市卓朗,20130225,-0.67415730337079
600225.SH,退市卓朗,20130224,-0.67415730337079
600225.SH,退市卓朗,20130223,-0.67415730337079
600225.SH,退市卓朗,20130222,-0.67415730337079
600225.SH,退市卓朗,20130221,-0.67415730337079
600225.SH,退市卓朗,20130220,-0.67415730337079
600225.SH,退市卓朗,20130219,-0.67415730337079
600225.SH,退市卓朗,20130218,-0.67415730337079
600225.SH,退市卓朗,20130217,-0.67415730337079
600225.SH,退市卓朗,20130216,-0.67415730337079
600225.SH,退市卓朗,20130215,-0.67415730337079
600225.SH,退市卓朗,20130214,-0.67415730337079
600225.SH,退市卓朗,20130213,-0.67415730337079
600225.SH,退市卓朗,20130212,-0.67415730337079
600225.SH,退市卓朗,20130211,-0.67415730337079
600225.SH,退市卓朗,20130210,-0.67415730337079
600225.SH,退市卓朗,20130209,-0.67415730337079
600225.SH,退市卓朗,20130208,-0.67415730337079
600225.SH,退市卓朗,20130207,-0.67415730337079
600225.SH,退市卓朗,20130206,-0.67415730337079
600225.SH,退市卓朗,20130205,-0.67415730337079
600225.SH,退市卓朗,20130204,-0.67415730337079
600225.SH,退市卓朗,20130203,-0.67415730337079
600225.SH,退市卓朗,20130202,-0.67415730337079
600225.SH,退市卓朗,20130201,-0.67415730337079
600225.SH,退市卓朗,20130131,-2.8384279475983
600225.SH,退市卓朗,20130130,-2.8384279475983
600225.SH,退市卓朗,20130129,-2.8384279475983
600225.SH,退市卓朗,20130128,-2.8384279475983
600225.SH,退市卓朗,20130127,-2.8384279475983
600225.SH,退市卓朗,20130126,-2.8384279475983
600225.SH,退市卓朗,20130125,-2.8384279475983
600225.SH,退市卓朗,20130124,-2.8384279475983
600225.SH,退市卓朗,20130123,-2.8384279475983
600225.SH,退市卓朗,20130122,-2.8384279475983
600225.SH,退市卓朗,20130121,-2.8384279475983
600225.SH,退市卓朗,20130120,-2.8384279475983
600225.SH,退市卓朗,20130119,-2.8384279475983
600225.SH,退市卓朗,20130118,-2.8384279475983
600225.SH,退市卓朗,20130117,-2.8384279475983
600225.SH,退市卓朗,20130116,-2.8384279475983
600225.SH,退市卓朗,20130115,-2.8384279475983
600225.SH,退市卓朗,20130114,-2.8384279475983
600225.SH,退市卓朗,20130113,-2.8384279475983
600225.SH,退市卓朗,20130112,-2.8384279475983
600225.SH,退市卓朗,20130111,-2.8384279475983
600225.SH,退市卓朗,20130110,-2.8384279475983
600225.SH,退市卓朗,20130109,-2.8384279475983
600225.SH,退市卓朗,20130108,-2.8384279475983
600225.SH,退市卓朗,20130107,-2.8384279475983
600225.SH,退市卓朗,20130106,-2.8384279475983
600225.SH,退市卓朗,20130105,-2.8384279475983
600225.SH,退市卓朗,20130104,-2.8384279475983
600225.SH,退市卓朗,20130103,-2.8384279475983
600225.SH,退市卓朗,20130102,-2.8384279475983
600225.SH,退市卓朗,20130101,-2.8384279475983
600225.SH,退市卓朗,20121231,10.89588377724
600225.SH,退市卓朗,20121230,10.89588377724
600225.SH,退市卓朗,20121229,10.89588377724
600225.SH,退市卓朗,20121228,10.89588377724
600225.SH,退市卓朗,20121227,10.89588377724
600225.SH,退市卓朗,20121226,10.89588377724
600225.SH,退市卓朗,20121225,10.89588377724
600225.SH,退市卓朗,20121224,10.89588377724
600225.SH,退市卓朗,20121223,10.89588377724
600225.SH,退市卓朗,20121222,10.89588377724
600225.SH,退市卓朗,20121221,10.89588377724
600225.SH,退市卓朗,20121220,10.89588377724
600225.SH,退市卓朗,20121219,10.89588377724
600225.SH,退市卓朗,20121218,10.89588377724
600225.SH,退市卓朗,20121217,10.89588377724
600225.SH,退市卓朗,20121216,10.89588377724
600225.SH,退市卓朗,20121215,10.89588377724
600225.SH,退市卓朗,20121214,10.89588377724
600225.SH,退市卓朗,20121213,10.89588377724
600225.SH,退市卓朗,20121212,10.89588377724
600225.SH,退市卓朗,20121211,10.89588377724
600225.SH,退市卓朗,20121210,10.89588377724
600225.SH,退市卓朗,20121209,10.89588377724
600225.SH,退市卓朗,20121208,10.89588377724
600225.SH,退市卓朗,20121207,10.89588377724
600225.SH,退市卓朗,20121206,10.89588377724
600225.SH,退市卓朗,20121205,10.89588377724
600225.SH,退市卓朗,20121204,10.89588377724
600225.SH,退市卓朗,20121203,10.89588377724
600225.SH,退市卓朗,20121202,10.89588377724
600225.SH,退市卓朗,20121201,10.89588377724
600225.SH,退市卓朗,20121130,-8.6283185840708
600225.SH,退市卓朗,20121129,-8.6283185840708
600225.SH,退市卓朗,20121128,-8.6283185840708
600225.SH,退市卓朗,20121127,-8.6283185840708
600225.SH,退市卓朗,20121126,-8.6283185840708
600225.SH,退市卓朗,20121125,-8.6283185840708
600225.SH,退市卓朗,20121124,-8.6283185840708
600225.SH,退市卓朗,20121123,-8.6283185840708
600225.SH,退市卓朗,20121122,-8.6283185840708
600225.SH,退市卓朗,20121121,-8.6283185840708
600225.SH,退市卓朗,20121120,-8.6283185840708
600225.SH,退市卓朗,20121119,-8.6283185840708
600225.SH,退市卓朗,20121118,-8.6283185840708
600225.SH,退市卓朗,20121117,-8.6283185840708
600225.SH,退市卓朗,20121116,-8.6283185840708
600225.SH,退市卓朗,20121115,-8.6283185840708
600225.SH,退市卓朗,20121114,-8.6283185840708
600225.SH,退市卓朗,20121113,-8.6283185840708
600225.SH,退市卓朗,20121112,-8.6283185840708
600225.SH,退市卓朗,20121111,-8.6283185840708
600225.SH,退市卓朗,20121110,-8.6283185840708
600225.SH,退市卓朗,20121109,-8.6283185840708
600225.SH,退市卓朗,20121108,-8.6283185840708
600225.SH,退市卓朗,20121107,-8.6283185840708
600225.SH,退市卓朗,20121106,-8.6283185840708
600225.SH,退市卓朗,20121105,-8.6283185840708
600225.SH,退市卓朗,20121104,-8.6283185840708
600225.SH,退市卓朗,20121103,-8.6283185840708
600225.SH,退市卓朗,20121102,-8.6283185840708
600225.SH,退市卓朗,20121101,-8.6283185840708
600225.SH,退市卓朗,20121031,28.409090909091
600225.SH,退市卓朗,20121030,28.409090909091
600225.SH,退市卓朗,20121029,28.409090909091
600225.SH,退市卓朗,20121028,28.409090909091
600225.SH,退市卓朗,20121027,28.409090909091
600225.SH,退市卓朗,20121026,28.409090909091
600225.SH,退市卓朗,20121025,28.409090909091
600225.SH,退市卓朗,20121024,28.409090909091
600225.SH,退市卓朗,20121023,28.409090909091
600225.SH,退市卓朗,20121022,28.409090909091
600225.SH,退市卓朗,20121021,28.409090909091
600225.SH,退市卓朗,20121020,28.409090909091
600225.SH,退市卓朗,20121019,28.409090909091
600225.SH,退市卓朗,20121018,28.409090909091
600225.SH,退市卓朗,20121017,28.409090909091
600225.SH,退市卓朗,20121016,28.409090909091
600225.SH,退市卓朗,20121015,28.409090909091
600225.SH,退市卓朗,20121014,28.409090909091
600225.SH,退市卓朗,20121013,28.409090909091
600225.SH,退市卓朗,20121012,28.409090909091
600225.SH,退市卓朗,20121011,28.409090909091
600225.SH,退市卓朗,20121010,28.409090909091
600225.SH,退市卓朗,20121009,28.409090909091
600225.SH,退市卓朗,20121008,28.409090909091
600225.SH,退市卓朗,20121007,28.409090909091
600225.SH,退市卓朗,20121006,28.409090909091
600225.SH,退市卓朗,20121005,28.409090909091
600225.SH,退市卓朗,20121004,28.409090909091
600225.SH,退市卓朗,20121003,28.409090909091
600225.SH,退市卓朗,20121002,28.409090909091
600225.SH,退市卓朗,20121001,28.409090909091
600225.SH,退市卓朗,20120930,-12.0
600225.SH,退市卓朗,20120929,-12.0
600225.SH,退市卓朗,20120928,-12.0
600225.SH,退市卓朗,20120927,-12.0
600225.SH,退市卓朗,20120926,-12.0
600225.SH,退市卓朗,20120925,-12.0
600225.SH,退市卓朗,20120924,-12.0
600225.SH,退市卓朗,20120923,-12.0
600225.SH,退市卓朗,20120922,-12.0
600225.SH,退市卓朗,20120921,-12.0
600225.SH,退市卓朗,20120920,-12.0
600225.SH,退市卓朗,20120919,-12.0
600225.SH,退市卓朗,20120918,-12.0
600225.SH,退市卓朗,20120917,-12.0
600225.SH,退市卓朗,20120916,-12.0
600225.SH,退市卓朗,20120915,-12.0
600225.SH,退市卓朗,20120914,-12.0
600225.SH,退市卓朗,20120913,-12.0
600225.SH,退市卓朗,20120912,-12.0
600225.SH,退市卓朗,20120911,-12.0
600225.SH,退市卓朗,20120910,-12.0
600225.SH,退市卓朗,20120909,-12.0
600225.SH,退市卓朗,20120908,-12.0
600225.SH,退市卓朗,20120907,-12.0
600225.SH,退市卓朗,20120906,-12.0
600225.SH,退市卓朗,20120905,-12.0
600225.SH,退市卓朗,20120904,-12.0
600225.SH,退市卓朗,20120903,-12.0
600225.SH,退市卓朗,20120902,-12.0
600225.SH,退市卓朗,20120901,-12.0
600225.SH,退市卓朗,20120831,-2.4390243902439
600225.SH,退市卓朗,20120830,-2.4390243902439
600225.SH,退市卓朗,20120829,-2.4390243902439
600225.SH,退市卓朗,20120828,-2.4390243902439
600225.SH,退市卓朗,20120827,-2.4390243902439
600225.SH,退市卓朗,20120826,-2.4390243902439
600225.SH,退市卓朗,20120825,-2.4390243902439
600225.SH,退市卓朗,20120824,-2.4390243902439
600225.SH,退市卓朗,20120823,-2.4390243902439
600225.SH,退市卓朗,20120822,-2.4390243902439
600225.SH,退市卓朗,20120821,-2.4390243902439
600225.SH,退市卓朗,20120820,-2.4390243902439
600225.SH,退市卓朗,20120819,-2.4390243902439
600225.SH,退市卓朗,20120818,-2.4390243902439
600225.SH,退市卓朗,20120817,-2.4390243902439
600225.SH,退市卓朗,20120816,-2.4390243902439
600225.SH,退市卓朗,20120815,-2.4390243902439
600225.SH,退市卓朗,20120814,-2.4390243902439
600225.SH,退市卓朗,20120813,-2.4390243902439
600225.SH,退市卓朗,20120812,-2.4390243902439
600225.SH,退市卓朗,20120811,-2.4390243902439
600225.SH,退市卓朗,20120810,-2.4390243902439
600225.SH,退市卓朗,20120809,-2.4390243902439
600225.SH,退市卓朗,20120808,-2.4390243902439
600225.SH,退市卓朗,20120807,-2.4390243902439
600225.SH,退市卓朗,20120806,-2.4390243902439
600225.SH,退市卓朗,20120805,-2.4390243902439
600225.SH,退市卓朗,20120804,-2.4390243902439
600225.SH,退市卓朗,20120803,-2.4390243902439
600225.SH,退市卓朗,20120802,-2.4390243902439
600225.SH,退市卓朗,20120801,-2.4390243902439
600225.SH,退市卓朗,20120731,-8.6859688195991
600225.SH,退市卓朗,20120730,-8.6859688195991
600225.SH,退市卓朗,20120729,-8.6859688195991
600225.SH,退市卓朗,20120728,-8.6859688195991
600225.SH,退市卓朗,20120727,-8.6859688195991
600225.SH,退市卓朗,20120726,-8.6859688195991
600225.SH,退市卓朗,20120725,-8.6859688195991
600225.SH,退市卓朗,20120724,-8.6859688195991
600225.SH,退市卓朗,20120723,-8.6859688195991
600225.SH,退市卓朗,20120722,-8.6859688195991
600225.SH,退市卓朗,20120721,-8.6859688195991
600225.SH,退市卓朗,20120720,-8.6859688195991
600225.SH,退市卓朗,20120719,-8.6859688195991
600225.SH,退市卓朗,20120718,-8.6859688195991
600225.SH,退市卓朗,20120717,-8.6859688195991
600225.SH,退市卓朗,20120716,-8.6859688195991
600225.SH,退市卓朗,20120715,-8.6859688195991
600225.SH,退市卓朗,20120714,-8.6859688195991
600225.SH,退市卓朗,20120713,-8.6859688195991
600225.SH,退市卓朗,20120712,-8.6859688195991
600225.SH,退市卓朗,20120711,-8.6859688195991
600225.SH,退市卓朗,20120710,-8.6859688195991
600225.SH,退市卓朗,20120709,-8.6859688195991
600225.SH,退市卓朗,20120708,-8.6859688195991
600225.SH,退市卓朗,20120707,-8.6859688195991
600225.SH,退市卓朗,20120706,-8.6859688195991
600225.SH,退市卓朗,20120705,-8.6859688195991
600225.SH,退市卓朗,20120704,-8.6859688195991
600225.SH,退市卓朗,20120703,-8.6859688195991
600225.SH,退市卓朗,20120702,-8.6859688195991
600225.SH,退市卓朗,20120701,-8.6859688195991
600225.SH,退市卓朗,20120630,-14.638783269962
600225.SH,退市卓朗,20120629,-14.638783269962
600225.SH,退市卓朗,20120628,-14.638783269962
600225.SH,退市卓朗,20120627,-14.638783269962
600225.SH,退市卓朗,20120626,-14.638783269962
600225.SH,退市卓朗,20120625,-14.638783269962
600225.SH,退市卓朗,20120624,-14.638783269962
600225.SH,退市卓朗,20120623,-14.638783269962
600225.SH,退市卓朗,20120622,-14.638783269962
600225.SH,退市卓朗,20120621,-14.638783269962
600225.SH,退市卓朗,20120620,-14.638783269962
600225.SH,退市卓朗,20120619,-14.638783269962
600225.SH,退市卓朗,20120618,-14.638783269962
600225.SH,退市卓朗,20120617,-14.638783269962
600225.SH,退市卓朗,20120616,-14.638783269962
600225.SH,退市卓朗,20120615,-14.638783269962
600225.SH,退市卓朗,20120614,-14.638783269962
600225.SH,退市卓朗,20120613,-14.638783269962
600225.SH,退市卓朗,20120612,-14.638783269962
600225.SH,退市卓朗,20120611,-14.638783269962
600225.SH,退市卓朗,20120610,-14.638783269962
600225.SH,退市卓朗,20120609,-14.638783269962
600225.SH,退市卓朗,20120608,-14.638783269962
600225.SH,退市卓朗,20120607,-14.638783269962
600225.SH,退市卓朗,20120606,-14.638783269962
600225.SH,退市卓朗,20120605,-14.638783269962
600225.SH,退市卓朗,20120604,-14.638783269962
600225.SH,退市卓朗,20120603,-14.638783269962
600225.SH,退市卓朗,20120602,-14.638783269962
600225.SH,退市卓朗,20120601,-14.638783269962
600225.SH,退市卓朗,20120531,0.38167938931297
600225.SH,退市卓朗,20120530,0.38167938931297
600225.SH,退市卓朗,20120529,0.38167938931297
600225.SH,退市卓朗,20120528,0.38167938931297
600225.SH,退市卓朗,20120527,0.38167938931297
600225.SH,退市卓朗,20120526,0.38167938931297
600225.SH,退市卓朗,20120525,0.38167938931297
600225.SH,退市卓朗,20120524,0.38167938931297
600225.SH,退市卓朗,20120523,0.38167938931297
600225.SH,退市卓朗,20120522,0.38167938931297
600225.SH,退市卓朗,20120521,0.38167938931297
600225.SH,退市卓朗,20120520,0.38167938931297
600225.SH,退市卓朗,20120519,0.38167938931297
600225.SH,退市卓朗,20120518,0.38167938931297
600225.SH,退市卓朗,20120517,0.38167938931297
600225.SH,退市卓朗,20120516,0.38167938931297
600225.SH,退市卓朗,20120515,0.38167938931297
600225.SH,退市卓朗,20120514,0.38167938931297
600225.SH,退市卓朗,20120513,0.38167938931297
600225.SH,退市卓朗,20120512,0.38167938931297
600225.SH,退市卓朗,20120511,0.38167938931297
600225.SH,退市卓朗,20120510,0.38167938931297
600225.SH,退市卓朗,20120509,0.38167938931297
600225.SH,退市卓朗,20120508,0.38167938931297
600225.SH,退市卓朗,20120507,0.38167938931297
600225.SH,退市卓朗,20120506,0.38167938931297
600225.SH,退市卓朗,20120505,0.38167938931297
600225.SH,退市卓朗,20120504,0.38167938931297
600225.SH,退市卓朗,20120503,0.38167938931297
600225.SH,退市卓朗,20120502,0.38167938931297
600225.SH,退市卓朗,20120501,0.38167938931297
600225.SH,退市卓朗,20120430,17.488789237668
600225.SH,退市卓朗,20120429,17.488789237668
600225.SH,退市卓朗,20120428,17.488789237668
600225.SH,退市卓朗,20120427,17.488789237668
600225.SH,退市卓朗,20120426,17.488789237668
600225.SH,退市卓朗,20120425,17.488789237668
600225.SH,退市卓朗,20120424,17.488789237668
600225.SH,退市卓朗,20120423,17.488789237668
600225.SH,退市卓朗,20120422,17.488789237668
600225.SH,退市卓朗,20120421,17.488789237668
600225.SH,退市卓朗,20120420,17.488789237668
600225.SH,退市卓朗,20120419,17.488789237668
600225.SH,退市卓朗,20120418,17.488789237668
600225.SH,退市卓朗,20120417,17.488789237668
600225.SH,退市卓朗,20120416,17.488789237668
600225.SH,退市卓朗,20120415,17.488789237668
600225.SH,退市卓朗,20120414,17.488789237668
600225.SH,退市卓朗,20120413,17.488789237668
600225.SH,退市卓朗,20120412,17.488789237668
600225.SH,退市卓朗,20120411,17.488789237668
600225.SH,退市卓朗,20120410,17.488789237668
600225.SH,退市卓朗,20120409,17.488789237668
600225.SH,退市卓朗,20120408,17.488789237668
600225.SH,退市卓朗,20120407,17.488789237668
600225.SH,退市卓朗,20120406,17.488789237668
600225.SH,退市卓朗,20120405,17.488789237668
600225.SH,退市卓朗,20120404,17.488789237668
600225.SH,退市卓朗,20120403,17.488789237668
600225.SH,退市卓朗,20120402,17.488789237668
600225.SH,退市卓朗,20120401,17.488789237668
600225.SH,退市卓朗,20120331,-19.63963963964
600225.SH,退市卓朗,20120330,-19.63963963964
600225.SH,退市卓朗,20120329,-19.63963963964
600225.SH,退市卓朗,20120328,-19.63963963964
600225.SH,退市卓朗,20120327,-19.63963963964
600225.SH,退市卓朗,20120326,-19.63963963964
600225.SH,退市卓朗,20120325,-19.63963963964
600225.SH,退市卓朗,20120324,-19.63963963964
600225.SH,退市卓朗,20120323,-19.63963963964
600225.SH,退市卓朗,20120322,-19.63963963964
600225.SH,退市卓朗,20120321,-19.63963963964
600225.SH,退市卓朗,20120320,-19.63963963964
600225.SH,退市卓朗,20120319,-19.63963963964
600225.SH,退市卓朗,20120318,-19.63963963964
600225.SH,退市卓朗,20120317,-19.63963963964
600225.SH,退市卓朗,20120316,-19.63963963964
600225.SH,退市卓朗,20120315,-19.63963963964
600225.SH,退市卓朗,20120314,-19.63963963964
600225.SH,退市卓朗,20120313,-19.63963963964
600225.SH,退市卓朗,20120312,-19.63963963964
600225.SH,退市卓朗,20120311,-19.63963963964
600225.SH,退市卓朗,20120310,-19.63963963964
600225.SH,退市卓朗,20120309,-19.63963963964
600225.SH,退市卓朗,20120308,-19.63963963964
600225.SH,退市卓朗,20120307,-19.63963963964
600225.SH,退市卓朗,20120306,-19.63963963964
600225.SH,退市卓朗,20120305,-19.63963963964
600225.SH,退市卓朗,20120304,-19.63963963964
600225.SH,退市卓朗,20120303,-19.63963963964
600225.SH,退市卓朗,20120302,-19.63963963964
600225.SH,退市卓朗,20120301,-19.63963963964
600225.SH,退市卓朗,20120229,12.576064908722
600225.SH,退市卓朗,20120228,12.576064908722
600225.SH,退市卓朗,20120227,12.576064908722
600225.SH,退市卓朗,20120226,12.576064908722
600225.SH,退市卓朗,20120225,12.576064908722
600225.SH,退市卓朗,20120224,12.576064908722
600225.SH,退市卓朗,20120223,12.576064908722
600225.SH,退市卓朗,20120222,12.576064908722
600225.SH,退市卓朗,20120221,12.576064908722
600225.SH,退市卓朗,20120220,12.576064908722
600225.SH,退市卓朗,20120219,12.576064908722
600225.SH,退市卓朗,20120218,12.576064908722
600225.SH,退市卓朗,20120217,12.576064908722
600225.SH,退市卓朗,20120216,12.576064908722
600225.SH,退市卓朗,20120215,12.576064908722
600225.SH,退市卓朗,20120214,12.576064908722
600225.SH,退市卓朗,20120213,12.576064908722
600225.SH,退市卓朗,20120212,12.576064908722
600225.SH,退市卓朗,20120211,12.576064908722
600225.SH,退市卓朗,20120210,12.576064908722
600225.SH,退市卓朗,20120209,12.576064908722
600225.SH,退市卓朗,20120208,12.576064908722
600225.SH,退市卓朗,20120207,12.576064908722
600225.SH,退市卓朗,20120206,12.576064908722
600225.SH,退市卓朗,20120205,12.576064908722
600225.SH,退市卓朗,20120204,12.576064908722
600225.SH,退市卓朗,20120203,12.576064908722
600225.SH,退市卓朗,20120202,12.576064908722
600225.SH,退市卓朗,20120201,12.576064908722
600225.SH,退市卓朗,20120131,10.044642857143
600225.SH,退市卓朗,20120130,10.044642857143
600225.SH,退市卓朗,20120129,10.044642857143
600225.SH,退市卓朗,20120128,10.044642857143
600225.SH,退市卓朗,20120127,10.044642857143
600225.SH,退市卓朗,20120126,10.044642857143
600225.SH,退市卓朗,20120125,10.044642857143
600225.SH,退市卓朗,20120124,10.044642857143
600225.SH,退市卓朗,20120123,10.044642857143
600225.SH,退市卓朗,20120122,10.044642857143
600225.SH,退市卓朗,20120121,10.044642857143
600225.SH,退市卓朗,20120120,10.044642857143
600225.SH,退市卓朗,20120119,10.044642857143
600225.SH,退市卓朗,20120118,10.044642857143
600225.SH,退市卓朗,20120117,10.044642857143
600225.SH,退市卓朗,20120116,10.044642857143
600225.SH,退市卓朗,20120115,10.044642857143
600225.SH,退市卓朗,20120114,10.044642857143
600225.SH,退市卓朗,20120113,10.044642857143
600225.SH,退市卓朗,20120112,10.044642857143
600225.SH,退市卓朗,20120111,10.044642857143
600225.SH,退市卓朗,20120110,10.044642857143
600225.SH,退市卓朗,20120109,10.044642857143
600225.SH,退市卓朗,20120108,10.044642857143
600225.SH,退市卓朗,20120107,10.044642857143
600225.SH,退市卓朗,20120106,10.044642857143
600225.SH,退市卓朗,20120105,10.044642857143
600225.SH,退市卓朗,20120104,10.044642857143
600225.SH,退市卓朗,20120103,10.044642857143
600225.SH,退市卓朗,20120102,10.044642857143
600225.SH,退市卓朗,20120101,10.044642857143
600225.SH,退市卓朗,20111231,-23.156089193825
600225.SH,退市卓朗,20111230,-23.156089193825
600225.SH,退市卓朗,20111229,-23.156089193825
600225.SH,退市卓朗,20111228,-23.156089193825
600225.SH,退市卓朗,20111227,-23.156089193825
600225.SH,退市卓朗,20111226,-23.156089193825
600225.SH,退市卓朗,20111225,-23.156089193825
600225.SH,退市卓朗,20111224,-23.156089193825
600225.SH,退市卓朗,20111223,-23.156089193825
600225.SH,退市卓朗,20111222,-23.156089193825
600225.SH,退市卓朗,20111221,-23.156089193825
600225.SH,退市卓朗,20111220,-23.156089193825
600225.SH,退市卓朗,20111219,-23.156089193825
600225.SH,退市卓朗,20111218,-23.156089193825
600225.SH,退市卓朗,20111217,-23.156089193825
600225.SH,退市卓朗,20111216,-23.156089193825
600225.SH,退市卓朗,20111215,-23.156089193825
600225.SH,退市卓朗,20111214,-23.156089193825
600225.SH,退市卓朗,20111213,-23.156089193825
600225.SH,退市卓朗,20111212,-23.156089193825
600225.SH,退市卓朗,20111211,-23.156089193825
600225.SH,退市卓朗,20111210,-23.156089193825
600225.SH,退市卓朗,20111209,-23.156089193825
600225.SH,退市卓朗,20111208,-23.156089193825
600225.SH,退市卓朗,20111207,-23.156089193825
600225.SH,退市卓朗,20111206,-23.156089193825
600225.SH,退市卓朗,20111205,-23.156089193825
600225.SH,退市卓朗,20111204,-23.156089193825
600225.SH,退市卓朗,20111203,-23.156089193825
600225.SH,退市卓朗,20111202,-23.156089193825
600225.SH,退市卓朗,20111201,-23.156089193825
600225.SH,退市卓朗,20111130,-8.0441640378549
600225.SH,退市卓朗,20111129,-8.0441640378549
600225.SH,退市卓朗,20111128,-8.0441640378549
600225.SH,退市卓朗,20111127,-8.0441640378549
600225.SH,退市卓朗,20111126,-8.0441640378549
600225.SH,退市卓朗,20111125,-8.0441640378549
600225.SH,退市卓朗,20111124,-8.0441640378549
600225.SH,退市卓朗,20111123,-8.0441640378549
600225.SH,退市卓朗,20111122,-8.0441640378549
600225.SH,退市卓朗,20111121,-8.0441640378549
600225.SH,退市卓朗,20111120,-8.0441640378549
600225.SH,退市卓朗,20111119,-8.0441640378549
600225.SH,退市卓朗,20111118,-8.0441640378549
600225.SH,退市卓朗,20111117,-8.0441640378549
600225.SH,退市卓朗,20111116,-8.0441640378549
600225.SH,退市卓朗,20111115,-8.0441640378549
600225.SH,退市卓朗,20111114,-8.0441640378549
600225.SH,退市卓朗,20111113,-8.0441640378549
600225.SH,退市卓朗,20111112,-8.0441640378549
600225.SH,退市卓朗,20111111,-8.0441640378549
600225.SH,退市卓朗,20111110,-8.0441640378549
600225.SH,退市卓朗,20111109,-8.0441640378549
600225.SH,退市卓朗,20111108,-8.0441640378549
600225.SH,退市卓朗,20111107,-8.0441640378549
600225.SH,退市卓朗,20111106,-8.0441640378549
600225.SH,退市卓朗,20111105,-8.0441640378549
600225.SH,退市卓朗,20111104,-8.0441640378549
600225.SH,退市卓朗,20111103,-8.0441640378549
600225.SH,退市卓朗,20111102,-8.0441640378549
600225.SH,退市卓朗,20111101,-8.0441640378549
600225.SH,退市卓朗,20111031,9.3103448275862
600225.SH,退市卓朗,20111030,9.3103448275862
600225.SH,退市卓朗,20111029,9.3103448275862
600225.SH,退市卓朗,20111028,9.3103448275862
600225.SH,退市卓朗,20111027,9.3103448275862
600225.SH,退市卓朗,20111026,9.3103448275862
600225.SH,退市卓朗,20111025,9.3103448275862
600225.SH,退市卓朗,20111024,9.3103448275862
600225.SH,退市卓朗,20111023,9.3103448275862
600225.SH,退市卓朗,20111022,9.3103448275862
600225.SH,退市卓朗,20111021,9.3103448275862
600225.SH,退市卓朗,20111020,9.3103448275862
600225.SH,退市卓朗,20111019,9.3103448275862
600225.SH,退市卓朗,20111018,9.3103448275862
600225.SH,退市卓朗,20111017,9.3103448275862
600225.SH,退市卓朗,20111016,9.3103448275862
600225.SH,退市卓朗,20111015,9.3103448275862
600225.SH,退市卓朗,20111014,9.3103448275862
600225.SH,退市卓朗,20111013,9.3103448275862
600225.SH,退市卓朗,20111012,9.3103448275862
600225.SH,退市卓朗,20111011,9.3103448275862
600225.SH,退市卓朗,20111010,9.3103448275862
600225.SH,退市卓朗,20111009,9.3103448275862
600225.SH,退市卓朗,20111008,9.3103448275862
600225.SH,退市卓朗,20111007,9.3103448275862
600225.SH,退市卓朗,20111006,9.3103448275862
600225.SH,退市卓朗,20111005,9.3103448275862
600225.SH,退市卓朗,20111004,9.3103448275862
600225.SH,退市卓朗,20111003,9.3103448275862
600225.SH,退市卓朗,20111002,9.3103448275862
600225.SH,退市卓朗,20111001,9.3103448275862
600225.SH,退市卓朗,20110930,-10.631741140216
600225.SH,退市卓朗,20110929,-10.631741140216
600225.SH,退市卓朗,20110928,-10.631741140216
600225.SH,退市卓朗,20110927,-10.631741140216
600225.SH,退市卓朗,20110926,-10.631741140216
600225.SH,退市卓朗,20110925,-10.631741140216
600225.SH,退市卓朗,20110924,-10.631741140216
600225.SH,退市卓朗,20110923,-10.631741140216
600225.SH,退市卓朗,20110922,-10.631741140216
600225.SH,退市卓朗,20110921,-10.631741140216
600225.SH,退市卓朗,20110920,-10.631741140216
600225.SH,退市卓朗,20110919,-10.631741140216
600225.SH,退市卓朗,20110918,-10.631741140216
600225.SH,退市卓朗,20110917,-10.631741140216
600225.SH,退市卓朗,20110916,-10.631741140216
600225.SH,退市卓朗,20110915,-10.631741140216
600225.SH,退市卓朗,20110914,-10.631741140216
600225.SH,退市卓朗,20110913,-10.631741140216
600225.SH,退市卓朗,20110912,-10.631741140216
600225.SH,退市卓朗,20110911,-10.631741140216
600225.SH,退市卓朗,20110910,-10.631741140216
600225.SH,退市卓朗,20110909,-10.631741140216
600225.SH,退市卓朗,20110908,-10.631741140216
600225.SH,退市卓朗,20110907,-10.631741140216
600225.SH,退市卓朗,20110906,-10.631741140216
600225.SH,退市卓朗,20110905,-10.631741140216
600225.SH,退市卓朗,20110904,-10.631741140216
600225.SH,退市卓朗,20110903,-10.631741140216
600225.SH,退市卓朗,20110902,-10.631741140216
600225.SH,退市卓朗,20110901,-10.631741140216
600225.SH,退市卓朗,20110831,-1.6666666666667
600225.SH,退市卓朗,20110830,-1.6666666666667
600225.SH,退市卓朗,20110829,-1.6666666666667
600225.SH,退市卓朗,20110828,-1.6666666666667
600225.SH,退市卓朗,20110827,-1.6666666666667
600225.SH,退市卓朗,20110826,-1.6666666666667
600225.SH,退市卓朗,20110825,-1.6666666666667
600225.SH,退市卓朗,20110824,-1.6666666666667
600225.SH,退市卓朗,20110823,-1.6666666666667
600225.SH,退市卓朗,20110822,-1.6666666666667
600225.SH,退市卓朗,20110821,-1.6666666666667
600225.SH,退市卓朗,20110820,-1.6666666666667
600225.SH,退市卓朗,20110819,-1.6666666666667
600225.SH,退市卓朗,20110818,-1.6666666666667
600225.SH,退市卓朗,20110817,-1.6666666666667
600225.SH,退市卓朗,20110816,-1.6666666666667
600225.SH,退市卓朗,20110815,-1.6666666666667
600225.SH,退市卓朗,20110814,-1.6666666666667
600225.SH,退市卓朗,20110813,-1.6666666666667
600225.SH,退市卓朗,20110812,-1.6666666666667
600225.SH,退市卓朗,20110811,-1.6666666666667
600225.SH,退市卓朗,20110810,-1.6666666666667
600225.SH,退市卓朗,20110809,-1.6666666666667
600225.SH,退市卓朗,20110808,-1.6666666666667
600225.SH,退市卓朗,20110807,-1.6666666666667
600225.SH,退市卓朗,20110806,-1.6666666666667
600225.SH,退市卓朗,20110805,-1.6666666666667
600225.SH,退市卓朗,20110804,-1.6666666666667
600225.SH,退市卓朗,20110803,-1.6666666666667
600225.SH,退市卓朗,20110802,-1.6666666666667
600225.SH,退市卓朗,20110801,-1.6666666666667
600225.SH,退市卓朗,20110731,-10.204081632653
600225.SH,退市卓朗,20110730,-10.204081632653
600225.SH,退市卓朗,20110729,-10.204081632653
600225.SH,退市卓朗,20110728,-10.204081632653
600225.SH,退市卓朗,20110727,-10.204081632653
600225.SH,退市卓朗,20110726,-10.204081632653
600225.SH,退市卓朗,20110725,-10.204081632653
600225.SH,退市卓朗,20110724,-10.204081632653
600225.SH,退市卓朗,20110723,-10.204081632653
600225.SH,退市卓朗,20110722,-10.204081632653
600225.SH,退市卓朗,20110721,-10.204081632653
600225.SH,退市卓朗,20110720,-10.204081632653
600225.SH,退市卓朗,20110719,-10.204081632653
600225.SH,退市卓朗,20110718,-10.204081632653
600225.SH,退市卓朗,20110717,-10.204081632653
600225.SH,退市卓朗,20110716,-10.204081632653
600225.SH,退市卓朗,20110715,-10.204081632653
600225.SH,退市卓朗,20110714,-10.204081632653
600225.SH,退市卓朗,20110713,-10.204081632653
600225.SH,退市卓朗,20110712,-10.204081632653
600225.SH,退市卓朗,20110711,-10.204081632653
600225.SH,退市卓朗,20110710,-10.204081632653
600225.SH,退市卓朗,20110709,-10.204081632653
600225.SH,退市卓朗,20110708,-10.204081632653
600225.SH,退市卓朗,20110707,-10.204081632653
600225.SH,退市卓朗,20110706,-10.204081632653
600225.SH,退市卓朗,20110705,-10.204081632653
600225.SH,退市卓朗,20110704,-10.204081632653
600225.SH,退市卓朗,20110703,-10.204081632653
600225.SH,退市卓朗,20110702,-10.204081632653
600225.SH,退市卓朗,20110701,-10.204081632653
600225.SH,退市卓朗,20110630,16.29746835443
600225.SH,退市卓朗,20110629,16.29746835443
600225.SH,退市卓朗,20110628,16.29746835443
600225.SH,退市卓朗,20110627,16.29746835443
600225.SH,退市卓朗,20110626,16.29746835443
600225.SH,退市卓朗,20110625,16.29746835443
600225.SH,退市卓朗,20110624,16.29746835443
600225.SH,退市卓朗,20110623,16.29746835443
600225.SH,退市卓朗,20110622,16.29746835443
600225.SH,退市卓朗,20110621,16.29746835443
600225.SH,退市卓朗,20110620,16.29746835443
600225.SH,退市卓朗,20110619,16.29746835443
600225.SH,退市卓朗,20110618,16.29746835443
600225.SH,退市卓朗,20110617,16.29746835443
600225.SH,退市卓朗,20110616,16.29746835443
600225.SH,退市卓朗,20110615,16.29746835443
600225.SH,退市卓朗,20110614,16.29746835443
600225.SH,退市卓朗,20110613,16.29746835443
600225.SH,退市卓朗,20110612,16.29746835443
600225.SH,退市卓朗,20110611,16.29746835443
600225.SH,退市卓朗,20110610,16.29746835443
600225.SH,退市卓朗,20110609,16.29746835443
600225.SH,退市卓朗,20110608,16.29746835443
600225.SH,退市卓朗,20110607,16.29746835443
600225.SH,退市卓朗,20110606,16.29746835443
600225.SH,退市卓朗,20110605,16.29746835443
600225.SH,退市卓朗,20110604,16.29746835443
600225.SH,退市卓朗,20110603,16.29746835443
600225.SH,退市卓朗,20110602,16.29746835443
600225.SH,退市卓朗,20110601,16.29746835443
600225.SH,退市卓朗,20110531,-10.227272727273
600225.SH,退市卓朗,20110530,-10.227272727273
600225.SH,退市卓朗,20110529,-10.227272727273
600225.SH,退市卓朗,20110528,-10.227272727273
600225.SH,退市卓朗,20110527,-10.227272727273
600225.SH,退市卓朗,20110526,-10.227272727273
600225.SH,退市卓朗,20110525,-10.227272727273
600225.SH,退市卓朗,20110524,-10.227272727273
600225.SH,退市卓朗,20110523,-10.227272727273
600225.SH,退市卓朗,20110522,-10.227272727273
600225.SH,退市卓朗,20110521,-10.227272727273
600225.SH,退市卓朗,20110520,-10.227272727273
600225.SH,退市卓朗,20110519,-10.227272727273
600225.SH,退市卓朗,20110518,-10.227272727273
600225.SH,退市卓朗,20110517,-10.227272727273
600225.SH,退市卓朗,20110516,-10.227272727273
600225.SH,退市卓朗,20110515,-10.227272727273
600225.SH,退市卓朗,20110514,-10.227272727273
600225.SH,退市卓朗,20110513,-10.227272727273
600225.SH,退市卓朗,20110512,-10.227272727273
600225.SH,退市卓朗,20110511,-10.227272727273
600225.SH,退市卓朗,20110510,-10.227272727273
600225.SH,退市卓朗,20110509,-10.227272727273
600225.SH,退市卓朗,20110508,-10.227272727273
600225.SH,退市卓朗,20110507,-10.227272727273
600225.SH,退市卓朗,20110506,-10.227272727273
600225.SH,退市卓朗,20110505,-10.227272727273
600225.SH,退市卓朗,20110504,-10.227272727273
600225.SH,退市卓朗,20110503,-10.227272727273
600225.SH,退市卓朗,20110502,-10.227272727273
600225.SH,退市卓朗,20110501,-10.227272727273
600225.SH,退市卓朗,20110430,-9.3951093951094
600225.SH,退市卓朗,20110429,-9.3951093951094
600225.SH,退市卓朗,20110428,-9.3951093951094
600225.SH,退市卓朗,20110427,-9.3951093951094
600225.SH,退市卓朗,20110426,-9.3951093951094
600225.SH,退市卓朗,20110425,-9.3951093951094
600225.SH,退市卓朗,20110424,-9.3951093951094
600225.SH,退市卓朗,20110423,-9.3951093951094
600225.SH,退市卓朗,20110422,-9.3951093951094
600225.SH,退市卓朗,20110421,-9.3951093951094
600225.SH,退市卓朗,20110420,-9.3951093951094
600225.SH,退市卓朗,20110419,-9.3951093951094
600225.SH,退市卓朗,20110418,-9.3951093951094
600225.SH,退市卓朗,20110417,-9.3951093951094
600225.SH,退市卓朗,20110416,-9.3951093951094
600225.SH,退市卓朗,20110415,-9.3951093951094
600225.SH,退市卓朗,20110414,-9.3951093951094
600225.SH,退市卓朗,20110413,-9.3951093951094
600225.SH,退市卓朗,20110412,-9.3951093951094
600225.SH,退市卓朗,20110411,-9.3951093951094
600225.SH,退市卓朗,20110410,-9.3951093951094
600225.SH,退市卓朗,20110409,-9.3951093951094
600225.SH,退市卓朗,20110408,-9.3951093951094
600225.SH,退市卓朗,20110407,-9.3951093951094
600225.SH,退市卓朗,20110406,-9.3951093951094
600225.SH,退市卓朗,20110405,-9.3951093951094
600225.SH,退市卓朗,20110404,-9.3951093951094
600225.SH,退市卓朗,20110403,-9.3951093951094
600225.SH,退市卓朗,20110402,-9.3951093951094
600225.SH,退市卓朗,20110401,-9.3951093951094
600225.SH,退市卓朗,20110331,5.570652173913
600225.SH,退市卓朗,20110330,5.570652173913
600225.SH,退市卓朗,20110329,5.570652173913
600225.SH,退市卓朗,20110328,5.570652173913
600225.SH,退市卓朗,20110327,5.570652173913
600225.SH,退市卓朗,20110326,5.570652173913
600225.SH,退市卓朗,20110325,5.570652173913
600225.SH,退市卓朗,20110324,5.570652173913
600225.SH,退市卓朗,20110323,5.570652173913
600225.SH,退市卓朗,20110322,5.570652173913
600225.SH,退市卓朗,20110321,5.570652173913
600225.SH,退市卓朗,20110320,5.570652173913
600225.SH,退市卓朗,20110319,5.570652173913
600225.SH,退市卓朗,20110318,5.570652173913
600225.SH,退市卓朗,20110317,5.570652173913
600225.SH,退市卓朗,20110316,5.570652173913
600225.SH,退市卓朗,20110315,5.570652173913
600225.SH,退市卓朗,20110314,5.570652173913
600225.SH,退市卓朗,20110313,5.570652173913
600225.SH,退市卓朗,20110312,5.570652173913
600225.SH,退市卓朗,20110311,5.570652173913
600225.SH,退市卓朗,20110310,5.570652173913
600225.SH,退市卓朗,20110309,5.570652173913
600225.SH,退市卓朗,20110308,5.570652173913
600225.SH,退市卓朗,20110307,5.570652173913
600225.SH,退市卓朗,20110306,5.570652173913
600225.SH,退市卓朗,20110305,5.570652173913
600225.SH,退市卓朗,20110304,5.570652173913
600225.SH,退市卓朗,20110303,5.570652173913
600225.SH,退市卓朗,20110302,5.570652173913
600225.SH,退市卓朗,20110301,5.570652173913
600225.SH,退市卓朗,20110228,7.7598828696925
600225.SH,退市卓朗,20110227,7.7598828696925
600225.SH,退市卓朗,20110226,7.7598828696925
600225.SH,退市卓朗,20110225,7.7598828696925
600225.SH,退市卓朗,20110224,7.7598828696925
600225.SH,退市卓朗,20110223,7.7598828696925
600225.SH,退市卓朗,20110222,7.7598828696925
600225.SH,退市卓朗,20110221,7.7598828696925
600225.SH,退市卓朗,20110220,7.7598828696925
600225.SH,退市卓朗,20110219,7.7598828696925
600225.SH,退市卓朗,20110218,7.7598828696925
600225.SH,退市卓朗,20110217,7.7598828696925
600225.SH,退市卓朗,20110216,7.7598828696925
600225.SH,退市卓朗,20110215,7.7598828696925
600225.SH,退市卓朗,20110214,7.7598828696925
600225.SH,退市卓朗,20110213,7.7598828696925
600225.SH,退市卓朗,20110212,7.7598828696925
600225.SH,退市卓朗,20110211,7.7598828696925
600225.SH,退市卓朗,20110210,7.7598828696925
600225.SH,退市卓朗,20110209,7.7598828696925
600225.SH,退市卓朗,20110208,7.7598828696925
600225.SH,退市卓朗,20110207,7.7598828696925
600225.SH,退市卓朗,20110206,7.7598828696925
600225.SH,退市卓朗,20110205,7.7598828696925
600225.SH,退市卓朗,20110204,7.7598828696925
600225.SH,退市卓朗,20110203,7.7598828696925
600225.SH,退市卓朗,20110202,7.7598828696925
600225.SH,退市卓朗,20110201,7.7598828696925
600225.SH,退市卓朗,20110131,-14.195979899497
600225.SH,退市卓朗,20110130,-14.195979899497
600225.SH,退市卓朗,20110129,-14.195979899497
600225.SH,退市卓朗,20110128,-14.195979899497
600225.SH,退市卓朗,20110127,-14.195979899497
600225.SH,退市卓朗,20110126,-14.195979899497
600225.SH,退市卓朗,20110125,-14.195979899497
600225.SH,退市卓朗,20110124,-14.195979899497
600225.SH,退市卓朗,20110123,-14.195979899497
600225.SH,退市卓朗,20110122,-14.195979899497
600225.SH,退市卓朗,20110121,-14.195979899497
600225.SH,退市卓朗,20110120,-14.195979899497
600225.SH,退市卓朗,20110119,-14.195979899497
600225.SH,退市卓朗,20110118,-14.195979899497
600225.SH,退市卓朗,20110117,-14.195979899497
600225.SH,退市卓朗,20110116,-14.195979899497
600225.SH,退市卓朗,20110115,-14.195979899497
600225.SH,退市卓朗,20110114,-14.195979899497
600225.SH,退市卓朗,20110113,-14.195979899497
600225.SH,退市卓朗,20110112,-14.195979899497
600225.SH,退市卓朗,20110111,-14.195979899497
600225.SH,退市卓朗,20110110,-14.195979899497
600225.SH,退市卓朗,20110109,-14.195979899497
600225.SH,退市卓朗,20110108,-14.195979899497
600225.SH,退市卓朗,20110107,-14.195979899497
600225.SH,退市卓朗,20110106,-14.195979899497
600225.SH,退市卓朗,20110105,-14.195979899497
600225.SH,退市卓朗,20110104,-14.195979899497
600225.SH,退市卓朗,20110103,-14.195979899497
600225.SH,退市卓朗,20110102,-14.195979899497
600225.SH,退市卓朗,20110101,-14.195979899497
600225.SH,退市卓朗,20101231,-4.2117930204573
600225.SH,退市卓朗,20101230,-4.2117930204573
600225.SH,退市卓朗,20101229,-4.2117930204573
600225.SH,退市卓朗,20101228,-4.2117930204573
600225.SH,退市卓朗,20101227,-4.2117930204573
600225.SH,退市卓朗,20101226,-4.2117930204573
600225.SH,退市卓朗,20101225,-4.2117930204573
600225.SH,退市卓朗,20101224,-4.2117930204573
600225.SH,退市卓朗,20101223,-4.2117930204573
600225.SH,退市卓朗,20101222,-4.2117930204573
600225.SH,退市卓朗,20101221,-4.2117930204573
600225.SH,退市卓朗,20101220,-4.2117930204573
600225.SH,退市卓朗,20101219,-4.2117930204573
600225.SH,退市卓朗,20101218,-4.2117930204573
600225.SH,退市卓朗,20101217,-4.2117930204573
600225.SH,退市卓朗,20101216,-4.2117930204573
600225.SH,退市卓朗,20101215,-4.2117930204573
600225.SH,退市卓朗,20101214,-4.2117930204573
600225.SH,退市卓朗,20101213,-4.2117930204573
600225.SH,退市卓朗,20101212,-4.2117930204573
600225.SH,退市卓朗,20101211,-4.2117930204573
600225.SH,退市卓朗,20101210,-4.2117930204573
600225.SH,退市卓朗,20101209,-4.2117930204573
600225.SH,退市卓朗,20101208,-4.2117930204573
600225.SH,退市卓朗,20101207,-4.2117930204573
600225.SH,退市卓朗,20101206,-4.2117930204573
600225.SH,退市卓朗,20101205,-4.2117930204573
600225.SH,退市卓朗,20101204,-4.2117930204573
600225.SH,退市卓朗,20101203,-4.2117930204573
600225.SH,退市卓朗,20101202,-4.2117930204573
600225.SH,退市卓朗,20101201,-4.2117930204573
600225.SH,退市卓朗,20101130,-11.407249466951
600225.SH,退市卓朗,20101129,-11.407249466951
600225.SH,退市卓朗,20101128,-11.407249466951
600225.SH,退市卓朗,20101127,-11.407249466951
600225.SH,退市卓朗,20101126,-11.407249466951
600225.SH,退市卓朗,20101125,-11.407249466951
600225.SH,退市卓朗,20101124,-11.407249466951
600225.SH,退市卓朗,20101123,-11.407249466951
600225.SH,退市卓朗,20101122,-11.407249466951
600225.SH,退市卓朗,20101121,-11.407249466951
600225.SH,退市卓朗,20101120,-11.407249466951
600225.SH,退市卓朗,20101119,-11.407249466951
600225.SH,退市卓朗,20101118,-11.407249466951
600225.SH,退市卓朗,20101117,-11.407249466951
600225.SH,退市卓朗,20101116,-11.407249466951
600225.SH,退市卓朗,20101115,-11.407249466951
600225.SH,退市卓朗,20101114,-11.407249466951
600225.SH,退市卓朗,20101113,-11.407249466951
600225.SH,退市卓朗,20101112,-11.407249466951
600225.SH,退市卓朗,20101111,-11.407249466951
600225.SH,退市卓朗,20101110,-11.407249466951
600225.SH,退市卓朗,20101109,-11.407249466951
600225.SH,退市卓朗,20101108,-11.407249466951
600225.SH,退市卓朗,20101107,-11.407249466951
600225.SH,退市卓朗,20101106,-11.407249466951
600225.SH,退市卓朗,20101105,-11.407249466951
600225.SH,退市卓朗,20101104,-11.407249466951
600225.SH,退市卓朗,20101103,-11.407249466951
600225.SH,退市卓朗,20101102,-11.407249466951
600225.SH,退市卓朗,20101101,-11.407249466951
600225.SH,退市卓朗,20101031,-3.6960985626283
600225.SH,退市卓朗,20101030,-3.6960985626283
600225.SH,退市卓朗,20101029,-3.6960985626283
600225.SH,退市卓朗,20101028,-3.6960985626283
600225.SH,退市卓朗,20101027,-3.6960985626283
600225.SH,退市卓朗,20101026,-3.6960985626283
600225.SH,退市卓朗,20101025,-3.6960985626283
600225.SH,退市卓朗,20101024,-3.6960985626283
600225.SH,退市卓朗,20101023,-3.6960985626283
600225.SH,退市卓朗,20101022,-3.6960985626283
600225.SH,退市卓朗,20101021,-3.6960985626283
600225.SH,退市卓朗,20101020,-3.6960985626283
600225.SH,退市卓朗,20101019,-3.6960985626283
600225.SH,退市卓朗,20101018,-3.6960985626283
600225.SH,退市卓朗,20101017,-3.6960985626283
600225.SH,退市卓朗,20101016,-3.6960985626283
600225.SH,退市卓朗,20101015,-3.6960985626283
600225.SH,退市卓朗,20101014,-3.6960985626283
600225.SH,退市卓朗,20101013,-3.6960985626283
600225.SH,退市卓朗,20101012,-3.6960985626283
600225.SH,退市卓朗,20101011,-3.6960985626283
600225.SH,退市卓朗,20101010,-3.6960985626283
600225.SH,退市卓朗,20101009,-3.6960985626283
600225.SH,退市卓朗,20101008,-3.6960985626283
600225.SH,退市卓朗,20101007,-3.6960985626283
600225.SH,退市卓朗,20101006,-3.6960985626283
600225.SH,退市卓朗,20101005,-3.6960985626283
600225.SH,退市卓朗,20101004,-3.6960985626283
600225.SH,退市卓朗,20101003,-3.6960985626283
600225.SH,退市卓朗,20101002,-3.6960985626283
600225.SH,退市卓朗,20101001,-3.6960985626283
600225.SH,退市卓朗,20100930,-14.486391571554
600225.SH,退市卓朗,20100929,-14.486391571554
600225.SH,退市卓朗,20100928,-14.486391571554
600225.SH,退市卓朗,20100927,-14.486391571554
600225.SH,退市卓朗,20100926,-14.486391571554
600225.SH,退市卓朗,20100925,-14.486391571554
600225.SH,退市卓朗,20100924,-14.486391571554
600225.SH,退市卓朗,20100923,-14.486391571554
600225.SH,退市卓朗,20100922,-14.486391571554
600225.SH,退市卓朗,20100921,-14.486391571554
600225.SH,退市卓朗,20100920,-14.486391571554
600225.SH,退市卓朗,20100919,-14.486391571554
600225.SH,退市卓朗,20100918,-14.486391571554
600225.SH,退市卓朗,20100917,-14.486391571554
600225.SH,退市卓朗,20100916,-14.486391571554
600225.SH,退市卓朗,20100915,-14.486391571554
600225.SH,退市卓朗,20100914,-14.486391571554
600225.SH,退市卓朗,20100913,-14.486391571554
600225.SH,退市卓朗,20100912,-14.486391571554
600225.SH,退市卓朗,20100911,-14.486391571554
600225.SH,退市卓朗,20100910,-14.486391571554
600225.SH,退市卓朗,20100909,-14.486391571554
600225.SH,退市卓朗,20100908,-14.486391571554
600225.SH,退市卓朗,20100907,-14.486391571554
600225.SH,退市卓朗,20100906,-14.486391571554
600225.SH,退市卓朗,20100905,-14.486391571554
600225.SH,退市卓朗,20100904,-14.486391571554
600225.SH,退市卓朗,20100903,-14.486391571554
600225.SH,退市卓朗,20100902,-14.486391571554
600225.SH,退市卓朗,20100901,-14.486391571554
600225.SH,退市卓朗,20100831,42.375
600225.SH,退市卓朗,20100830,42.375
600225.SH,退市卓朗,20100829,42.375
600225.SH,退市卓朗,20100828,42.375
600225.SH,退市卓朗,20100827,42.375
600225.SH,退市卓朗,20100826,42.375
600225.SH,退市卓朗,20100825,42.375
600225.SH,退市卓朗,20100824,42.375
600225.SH,退市卓朗,20100823,42.375
600225.SH,退市卓朗,20100822,42.375
600225.SH,退市卓朗,20100821,42.375
600225.SH,退市卓朗,20100820,42.375
600225.SH,退市卓朗,20100819,42.375
600225.SH,退市卓朗,20100818,42.375
600225.SH,退市卓朗,20100817,42.375
600225.SH,退市卓朗,20100816,42.375
600225.SH,退市卓朗,20100815,42.375
600225.SH,退市卓朗,20100814,42.375
600225.SH,退市卓朗,20100813,42.375
600225.SH,退市卓朗,20100812,42.375
600225.SH,退市卓朗,20100811,42.375
600225.SH,退市卓朗,20100810,42.375
600225.SH,退市卓朗,20100809,42.375
600225.SH,退市卓朗,20100808,42.375
600225.SH,退市卓朗,20100807,42.375
600225.SH,退市卓朗,20100806,42.375
600225.SH,退市卓朗,20100805,42.375
600225.SH,退市卓朗,20100804,42.375
600225.SH,退市卓朗,20100803,42.375
600225.SH,退市卓朗,20100802,42.375
600225.SH,退市卓朗,20100801,42.375
600225.SH,退市卓朗,20100731,20.845921450151
600225.SH,退市卓朗,20100730,20.845921450151
600225.SH,退市卓朗,20100729,20.845921450151
600225.SH,退市卓朗,20100728,20.845921450151
600225.SH,退市卓朗,20100727,20.845921450151
600225.SH,退市卓朗,20100726,20.845921450151
600225.SH,退市卓朗,20100725,20.845921450151
600225.SH,退市卓朗,20100724,20.845921450151
600225.SH,退市卓朗,20100723,20.845921450151
600225.SH,退市卓朗,20100722,20.845921450151
600225.SH,退市卓朗,20100721,20.845921450151
600225.SH,退市卓朗,20100720,20.845921450151
600225.SH,退市卓朗,20100719,20.845921450151
600225.SH,退市卓朗,20100718,20.845921450151
600225.SH,退市卓朗,20100717,20.845921450151
600225.SH,退市卓朗,20100716,20.845921450151
600225.SH,退市卓朗,20100715,20.845921450151
600225.SH,退市卓朗,20100714,20.845921450151
600225.SH,退市卓朗,20100713,20.845921450151
600225.SH,退市卓朗,20100712,20.845921450151
600225.SH,退市卓朗,20100711,20.845921450151
600225.SH,退市卓朗,20100710,20.845921450151
600225.SH,退市卓朗,20100709,20.845921450151
600225.SH,退市卓朗,20100708,20.845921450151
600225.SH,退市卓朗,20100707,20.845921450151
600225.SH,退市卓朗,20100706,20.845921450151
600225.SH,退市卓朗,20100705,20.845921450151
600225.SH,退市卓朗,20100704,20.845921450151
600225.SH,退市卓朗,20100703,20.845921450151
600225.SH,退市卓朗,20100702,20.845921450151
600225.SH,退市卓朗,20100701,20.845921450151
600225.SH,退市卓朗,20100630,-8.9408528198074
600225.SH,退市卓朗,20100629,-8.9408528198074
600225.SH,退市卓朗,20100628,-8.9408528198074
600225.SH,退市卓朗,20100627,-8.9408528198074
600225.SH,退市卓朗,20100626,-8.9408528198074
600225.SH,退市卓朗,20100625,-8.9408528198074
600225.SH,退市卓朗,20100624,-8.9408528198074
600225.SH,退市卓朗,20100623,-8.9408528198074
600225.SH,退市卓朗,20100622,-8.9408528198074
600225.SH,退市卓朗,20100621,-8.9408528198074
600225.SH,退市卓朗,20100620,-8.9408528198074
600225.SH,退市卓朗,20100619,-8.9408528198074
600225.SH,退市卓朗,20100618,-8.9408528198074
600225.SH,退市卓朗,20100617,-8.9408528198074
600225.SH,退市卓朗,20100616,-8.9408528198074
600225.SH,退市卓朗,20100615,-8.9408528198074
600225.SH,退市卓朗,20100614,-8.9408528198074
600225.SH,退市卓朗,20100613,-8.9408528198074
600225.SH,退市卓朗,20100612,-8.9408528198074
600225.SH,退市卓朗,20100611,-8.9408528198074
600225.SH,退市卓朗,20100610,-8.9408528198074
600225.SH,退市卓朗,20100609,-8.9408528198074
600225.SH,退市卓朗,20100608,-8.9408528198074
600225.SH,退市卓朗,20100607,-8.9408528198074
600225.SH,退市卓朗,20100606,-8.9408528198074
600225.SH,退市卓朗,20100605,-8.9408528198074
600225.SH,退市卓朗,20100604,-8.9408528198074
600225.SH,退市卓朗,20100603,-8.9408528198074
600225.SH,退市卓朗,20100602,-8.9408528198074
600225.SH,退市卓朗,20100601,-8.9408528198074
600225.SH,退市卓朗,20100531,-6.6752246469833
600225.SH,退市卓朗,20100530,-6.6752246469833
600225.SH,退市卓朗,20100529,-6.6752246469833
600225.SH,退市卓朗,20100528,-6.6752246469833
600225.SH,退市卓朗,20100527,-6.6752246469833
600225.SH,退市卓朗,20100526,-6.6752246469833
600225.SH,退市卓朗,20100525,-6.6752246469833
600225.SH,退市卓朗,20100524,-6.6752246469833
600225.SH,退市卓朗,20100523,-6.6752246469833
600225.SH,退市卓朗,20100522,-6.6752246469833
600225.SH,退市卓朗,20100521,-6.6752246469833
600225.SH,退市卓朗,20100520,-6.6752246469833
600225.SH,退市卓朗,20100519,-6.6752246469833
600225.SH,退市卓朗,20100518,-6.6752246469833
600225.SH,退市卓朗,20100517,-6.6752246469833
600225.SH,退市卓朗,20100516,-6.6752246469833
600225.SH,退市卓朗,20100515,-6.6752246469833
600225.SH,退市卓朗,20100514,-6.6752246469833
600225.SH,退市卓朗,20100513,-6.6752246469833
600225.SH,退市卓朗,20100512,-6.6752246469833
600225.SH,退市卓朗,20100511,-6.6752246469833
600225.SH,退市卓朗,20100510,-6.6752246469833
600225.SH,退市卓朗,20100509,-6.6752246469833
600225.SH,退市卓朗,20100508,-6.6752246469833
600225.SH,退市卓朗,20100507,-6.6752246469833
600225.SH,退市卓朗,20100506,-6.6752246469833
600225.SH,退市卓朗,20100505,-6.6752246469833
600225.SH,退市卓朗,20100504,-6.6752246469833
600225.SH,退市卓朗,20100503,-6.6752246469833
600225.SH,退市卓朗,20100502,-6.6752246469833
600225.SH,退市卓朗,20100501,-6.6752246469833
600225.SH,退市卓朗,20100430,-28.136531365314
600225.SH,退市卓朗,20100429,-28.136531365314
600225.SH,退市卓朗,20100428,-28.136531365314
600225.SH,退市卓朗,20100427,-28.136531365314
600225.SH,退市卓朗,20100426,-28.136531365314
600225.SH,退市卓朗,20100425,-28.136531365314
600225.SH,退市卓朗,20100424,-28.136531365314
600225.SH,退市卓朗,20100423,-28.136531365314
600225.SH,退市卓朗,20100422,-28.136531365314
600225.SH,退市卓朗,20100421,-28.136531365314
600225.SH,退市卓朗,20100420,-28.136531365314
600225.SH,退市卓朗,20100419,-28.136531365314
600225.SH,退市卓朗,20100418,-28.136531365314
600225.SH,退市卓朗,20100417,-28.136531365314
600225.SH,退市卓朗,20100416,-28.136531365314
600225.SH,退市卓朗,20100415,-28.136531365314
600225.SH,退市卓朗,20100414,-28.136531365314
600225.SH,退市卓朗,20100413,-28.136531365314
600225.SH,退市卓朗,20100412,-28.136531365314
600225.SH,退市卓朗,20100411,-28.136531365314
600225.SH,退市卓朗,20100410,-28.136531365314
600225.SH,退市卓朗,20100409,-28.136531365314
600225.SH,退市卓朗,20100408,-28.136531365314
600225.SH,退市卓朗,20100407,-28.136531365314
600225.SH,退市卓朗,20100406,-28.136531365314
600225.SH,退市卓朗,20100405,-28.136531365314
600225.SH,退市卓朗,20100404,-28.136531365314
600225.SH,退市卓朗,20100403,-28.136531365314
600225.SH,退市卓朗,20100402,-28.136531365314
600225.SH,退市卓朗,20100401,-28.136531365314
600225.SH,退市卓朗,20100331,3.8314176245211
600225.SH,退市卓朗,20100330,3.8314176245211
600225.SH,退市卓朗,20100329,3.8314176245211
600225.SH,退市卓朗,20100328,3.8314176245211
600225.SH,退市卓朗,20100327,3.8314176245211
600225.SH,退市卓朗,20100326,3.8314176245211
600225.SH,退市卓朗,20100325,3.8314176245211
600225.SH,退市卓朗,20100324,3.8314176245211
600225.SH,退市卓朗,20100323,3.8314176245211
600225.SH,退市卓朗,20100322,3.8314176245211
600225.SH,退市卓朗,20100321,3.8314176245211
600225.SH,退市卓朗,20100320,3.8314176245211
600225.SH,退市卓朗,20100319,3.8314176245211
600225.SH,退市卓朗,20100318,3.8314176245211
600225.SH,退市卓朗,20100317,3.8314176245211
600225.SH,退市卓朗,20100316,3.8314176245211
600225.SH,退市卓朗,20100315,3.8314176245211
600225.SH,退市卓朗,20100314,3.8314176245211
600225.SH,退市卓朗,20100313,3.8314176245211
600225.SH,退市卓朗,20100312,3.8314176245211
600225.SH,退市卓朗,20100311,3.8314176245211
600225.SH,退市卓朗,20100310,3.8314176245211
600225.SH,退市卓朗,20100309,3.8314176245211
600225.SH,退市卓朗,20100308,3.8314176245211
600225.SH,退市卓朗,20100307,3.8314176245211
600225.SH,退市卓朗,20100306,3.8314176245211
600225.SH,退市卓朗,20100305,3.8314176245211
600225.SH,退市卓朗,20100304,3.8314176245211
600225.SH,退市卓朗,20100303,3.8314176245211
600225.SH,退市卓朗,20100302,3.8314176245211
600225.SH,退市卓朗,20100301,3.8314176245211
600225.SH,退市卓朗,20100228,10.359408033827
600225.SH,退市卓朗,20100227,10.359408033827
600225.SH,退市卓朗,20100226,10.359408033827
600225.SH,退市卓朗,20100225,10.359408033827
600225.SH,退市卓朗,20100224,10.359408033827
600225.SH,退市卓朗,20100223,10.359408033827
600225.SH,退市卓朗,20100222,10.359408033827
600225.SH,退市卓朗,20100221,10.359408033827
600225.SH,退市卓朗,20100220,10.359408033827
600225.SH,退市卓朗,20100219,10.359408033827
600225.SH,退市卓朗,20100218,10.359408033827
600225.SH,退市卓朗,20100217,10.359408033827
600225.SH,退市卓朗,20100216,10.359408033827
600225.SH,退市卓朗,20100215,10.359408033827
600225.SH,退市卓朗,20100214,10.359408033827
600225.SH,退市卓朗,20100213,10.359408033827
600225.SH,退市卓朗,20100212,10.359408033827
600225.SH,退市卓朗,20100211,10.359408033827
600225.SH,退市卓朗,20100210,10.359408033827
600225.SH,退市卓朗,20100209,10.359408033827
600225.SH,退市卓朗,20100208,10.359408033827
600225.SH,退市卓朗,20100207,10.359408033827
600225.SH,退市卓朗,20100206,10.359408033827
600225.SH,退市卓朗,20100205,10.359408033827
600225.SH,退市卓朗,20100204,10.359408033827
600225.SH,退市卓朗,20100203,10.359408033827
600225.SH,退市卓朗,20100202,10.359408033827
600225.SH,退市卓朗,20100201,10.359408033827
600225.SH,退市卓朗,20100131,-14.620938628159
600225.SH,退市卓朗,20100130,-14.620938628159
600225.SH,退市卓朗,20100129,-14.620938628159
600225.SH,退市卓朗,20100128,-14.620938628159
600225.SH,退市卓朗,20100127,-14.620938628159
600225.SH,退市卓朗,20100126,-14.620938628159
600225.SH,退市卓朗,20100125,-14.620938628159
600225.SH,退市卓朗,20100124,-14.620938628159
600225.SH,退市卓朗,20100123,-14.620938628159
600225.SH,退市卓朗,20100122,-14.620938628159
600225.SH,退市卓朗,20100121,-14.620938628159
600225.SH,退市卓朗,20100120,-14.620938628159
600225.SH,退市卓朗,20100119,-14.620938628159
600225.SH,退市卓朗,20100118,-14.620938628159
600225.SH,退市卓朗,20100117,-14.620938628159
600225.SH,退市卓朗,20100116,-14.620938628159
600225.SH,退市卓朗,20100115,-14.620938628159
600225.SH,退市卓朗,20100114,-14.620938628159
600225.SH,退市卓朗,20100113,-14.620938628159
600225.SH,退市卓朗,20100112,-14.620938628159
600225.SH,退市卓朗,20100111,-14.620938628159
600225.SH,退市卓朗,20100110,-14.620938628159
600225.SH,退市卓朗,20100109,-14.620938628159
600225.SH,退市卓朗,20100108,-14.620938628159
600225.SH,退市卓朗,20100107,-14.620938628159
600225.SH,退市卓朗,20100106,-14.620938628159
600225.SH,退市卓朗,20100105,-14.620938628159
600225.SH,退市卓朗,20100104,-14.620938628159
600225.SH,退市卓朗,20100103,-14.620938628159
600225.SH,退市卓朗,20100102,-14.620938628159
600225.SH,退市卓朗,20100101,-14.620938628159
600225.SH,退市卓朗,20091231,-15.74144486692
600225.SH,退市卓朗,20091230,-15.74144486692
600225.SH,退市卓朗,20091229,-15.74144486692
600225.SH,退市卓朗,20091228,-15.74144486692
600225.SH,退市卓朗,20091227,-15.74144486692
600225.SH,退市卓朗,20091226,-15.74144486692
600225.SH,退市卓朗,20091225,-15.74144486692
600225.SH,退市卓朗,20091224,-15.74144486692
600225.SH,退市卓朗,20091223,-15.74144486692
600225.SH,退市卓朗,20091222,-15.74144486692
600225.SH,退市卓朗,20091221,-15.74144486692
600225.SH,退市卓朗,20091220,-15.74144486692
600225.SH,退市卓朗,20091219,-15.74144486692
600225.SH,退市卓朗,20091218,-15.74144486692
600225.SH,退市卓朗,20091217,-15.74144486692
600225.SH,退市卓朗,20091216,-15.74144486692
600225.SH,退市卓朗,20091215,-15.74144486692
600225.SH,退市卓朗,20091214,-15.74144486692
600225.SH,退市卓朗,20091213,-15.74144486692
600225.SH,退市卓朗,20091212,-15.74144486692
600225.SH,退市卓朗,20091211,-15.74144486692
600225.SH,退市卓朗,20091210,-15.74144486692
600225.SH,退市卓朗,20091209,-15.74144486692
600225.SH,退市卓朗,20091208,-15.74144486692
600225.SH,退市卓朗,20091207,-15.74144486692
600225.SH,退市卓朗,20091206,-15.74144486692
600225.SH,退市卓朗,20091205,-15.74144486692
600225.SH,退市卓朗,20091204,-15.74144486692
600225.SH,退市卓朗,20091203,-15.74144486692
600225.SH,退市卓朗,20091202,-15.74144486692
600225.SH,退市卓朗,20091201,-15.74144486692
600225.SH,退市卓朗,20091130,44.346871569704
600225.SH,退市卓朗,20091129,44.346871569704
600225.SH,退市卓朗,20091128,44.346871569704
600225.SH,退市卓朗,20091127,44.346871569704
600225.SH,退市卓朗,20091126,44.346871569704
600225.SH,退市卓朗,20091125,44.346871569704
600225.SH,退市卓朗,20091124,44.346871569704
600225.SH,退市卓朗,20091123,44.346871569704
600225.SH,退市卓朗,20091122,44.346871569704
600225.SH,退市卓朗,20091121,44.346871569704
600225.SH,退市卓朗,20091120,44.346871569704
600225.SH,退市卓朗,20091119,44.346871569704
600225.SH,退市卓朗,20091118,44.346871569704
600225.SH,退市卓朗,20091117,44.346871569704
600225.SH,退市卓朗,20091116,44.346871569704
600225.SH,退市卓朗,20091115,44.346871569704
600225.SH,退市卓朗,20091114,44.346871569704
600225.SH,退市卓朗,20091113,44.346871569704
600225.SH,退市卓朗,20091112,44.346871569704
600225.SH,退市卓朗,20091111,44.346871569704
600225.SH,退市卓朗,20091110,44.346871569704
600225.SH,退市卓朗,20091109,44.346871569704
600225.SH,退市卓朗,20091108,44.346871569704
600225.SH,退市卓朗,20091107,44.346871569704
600225.SH,退市卓朗,20091106,44.346871569704
600225.SH,退市卓朗,20091105,44.346871569704
600225.SH,退市卓朗,20091104,44.346871569704
600225.SH,退市卓朗,20091103,44.346871569704
600225.SH,退市卓朗,20091102,44.346871569704
600225.SH,退市卓朗,20091101,44.346871569704
600225.SH,退市卓朗,20091031,101.10375275938
600225.SH,退市卓朗,20091030,101.10375275938
600225.SH,退市卓朗,20091029,101.10375275938
600225.SH,退市卓朗,20091028,101.10375275938
600225.SH,退市卓朗,20091027,101.10375275938
600225.SH,退市卓朗,20091026,101.10375275938
600225.SH,退市卓朗,20091025,101.10375275938
600225.SH,退市卓朗,20091024,101.10375275938
600225.SH,退市卓朗,20091023,101.10375275938
600225.SH,退市卓朗,20091022,101.10375275938
600225.SH,退市卓朗,20091021,101.10375275938
600225.SH,退市卓朗,20091020,101.10375275938
600225.SH,退市卓朗,20091019,101.10375275938
600225.SH,退市卓朗,20091018,101.10375275938
600225.SH,退市卓朗,20091017,101.10375275938
600225.SH,退市卓朗,20091016,101.10375275938
600225.SH,退市卓朗,20091015,101.10375275938
600225.SH,退市卓朗,20091014,101.10375275938
600225.SH,退市卓朗,20091013,101.10375275938
600225.SH,退市卓朗,20091012,101.10375275938
600225.SH,退市卓朗,20091011,101.10375275938
600225.SH,退市卓朗,20091010,101.10375275938
600225.SH,退市卓朗,20091009,101.10375275938
600225.SH,退市卓朗,20091008,101.10375275938
600225.SH,退市卓朗,20091007,101.10375275938
600225.SH,退市卓朗,20091006,101.10375275938
600225.SH,退市卓朗,20091005,101.10375275938
600225.SH,退市卓朗,20091004,101.10375275938
600225.SH,退市卓朗,20091003,101.10375275938
600225.SH,退市卓朗,20091002,101.10375275938
600225.SH,退市卓朗,20091001,101.10375275938
600225.SH,退市卓朗,20090930,
600225.SH,退市卓朗,20090929,
600225.SH,退市卓朗,20090928,
600225.SH,退市卓朗,20090927,
600225.SH,退市卓朗,20090926,
600225.SH,退市卓朗,20090925,
600225.SH,退市卓朗,20090924,
600225.SH,退市卓朗,20090923,
600225.SH,退市卓朗,20090922,
600225.SH,退市卓朗,20090921,
600225.SH,退市卓朗,20090920,
600225.SH,退市卓朗,20090919,
600225.SH,退市卓朗,20090918,
600225.SH,退市卓朗,20090917,
600225.SH,退市卓朗,20090916,
600225.SH,退市卓朗,20090915,
600225.SH,退市卓朗,20090914,
600225.SH,退市卓朗,20090913,
600225.SH,退市卓朗,20090912,
600225.SH,退市卓朗,20090911,
600225.SH,退市卓朗,20090910,
600225.SH,退市卓朗,20090909,
600225.SH,退市卓朗,20090908,
600225.SH,退市卓朗,20090907,
600225.SH,退市卓朗,20090906,
600225.SH,退市卓朗,20090905,
600225.SH,退市卓朗,20090904,
600225.SH,退市卓朗,20090903,
600225.SH,退市卓朗,20090902,
600225.SH,退市卓朗,20090901,
600225.SH,退市卓朗,20090831,
600225.SH,退市卓朗,20090830,
600225.SH,退市卓朗,20090829,
600225.SH,退市卓朗,20090828,
600225.SH,退市卓朗,20090827,
600225.SH,退市卓朗,20090826,
600225.SH,退市卓朗,20090825,
600225.SH,退市卓朗,20090824,
600225.SH,退市卓朗,20090823,
600225.SH,退市卓朗,20090822,
600225.SH,退市卓朗,20090821,
600225.SH,退市卓朗,20090820,
600225.SH,退市卓朗,20090819,
600225.SH,退市卓朗,20090818,
600225.SH,退市卓朗,20090817,
600225.SH,退市卓朗,20090816,
600225.SH,退市卓朗,20090815,
600225.SH,退市卓朗,20090814,
600225.SH,退市卓朗,20090813,
600225.SH,退市卓朗,20090812,
600225.SH,退市卓朗,20090811,
600225.SH,退市卓朗,20090810,
600225.SH,退市卓朗,20090809,
600225.SH,退市卓朗,20090808,
600225.SH,退市卓朗,20090807,
600225.SH,退市卓朗,20090806,
600225.SH,退市卓朗,20090805,
600225.SH,退市卓朗,20090804,
600225.SH,退市卓朗,20090803,
600225.SH,退市卓朗,20090802,
600225.SH,退市卓朗,20090801,
600225.SH,退市卓朗,20090731,
600225.SH,退市卓朗,20090730,
600225.SH,退市卓朗,20090729,
600225.SH,退市卓朗,20090728,
600225.SH,退市卓朗,20090727,
600225.SH,退市卓朗,20090726,
600225.SH,退市卓朗,20090725,
600225.SH,退市卓朗,20090724,
600225.SH,退市卓朗,20090723,
600225.SH,退市卓朗,20090722,
600225.SH,退市卓朗,20090721,
600225.SH,退市卓朗,20090720,
600225.SH,退市卓朗,20090719,
600225.SH,退市卓朗,20090718,
600225.SH,退市卓朗,20090717,
600225.SH,退市卓朗,20090716,
600225.SH,退市卓朗,20090715,
600225.SH,退市卓朗,20090714,
600225.SH,退市卓朗,20090713,
600225.SH,退市卓朗,20090712,
600225.SH,退市卓朗,20090711,
600225.SH,退市卓朗,20090710,
600225.SH,退市卓朗,20090709,
600225.SH,退市卓朗,20090708,
600225.SH,退市卓朗,20090707,
600225.SH,退市卓朗,20090706,
600225.SH,退市卓朗,20090705,
600225.SH,退市卓朗,20090704,
600225.SH,退市卓朗,20090703,
600225.SH,退市卓朗,20090702,
600225.SH,退市卓朗,20090701,
600225.SH,退市卓朗,20090630,
600225.SH,退市卓朗,20090629,
600225.SH,退市卓朗,20090628,
600225.SH,退市卓朗,20090627,
600225.SH,退市卓朗,20090626,
600225.SH,退市卓朗,20090625,
600225.SH,退市卓朗,20090624,
600225.SH,退市卓朗,20090623,
600225.SH,退市卓朗,20090622,
600225.SH,退市卓朗,20090621,
600225.SH,退市卓朗,20090620,
600225.SH,退市卓朗,20090619,
600225.SH,退市卓朗,20090618,
600225.SH,退市卓朗,20090617,
600225.SH,退市卓朗,20090616,
600225.SH,退市卓朗,20090615,
600225.SH,退市卓朗,20090614,
600225.SH,退市卓朗,20090613,
600225.SH,退市卓朗,20090612,
600225.SH,退市卓朗,20090611,
600225.SH,退市卓朗,20090610,
600225.SH,退市卓朗,20090609,
600225.SH,退市卓朗,20090608,
600225.SH,退市卓朗,20090607,
600225.SH,退市卓朗,20090606,
600225.SH,退市卓朗,20090605,
600225.SH,退市卓朗,20090604,
600225.SH,退市卓朗,20090603,
600225.SH,退市卓朗,20090602,
600225.SH,退市卓朗,20090601,
600225.SH,退市卓朗,20090531,
600225.SH,退市卓朗,20090530,
600225.SH,退市卓朗,20090529,
600225.SH,退市卓朗,20090528,
600225.SH,退市卓朗,20090527,
600225.SH,退市卓朗,20090526,
600225.SH,退市卓朗,20090525,
600225.SH,退市卓朗,20090524,
600225.SH,退市卓朗,20090523,
600225.SH,退市卓朗,20090522,
600225.SH,退市卓朗,20090521,
600225.SH,退市卓朗,20090520,
600225.SH,退市卓朗,20090519,
600225.SH,退市卓朗,20090518,
600225.SH,退市卓朗,20090517,
600225.SH,退市卓朗,20090516,
600225.SH,退市卓朗,20090515,
600225.SH,退市卓朗,20090514,
600225.SH,退市卓朗,20090513,
600225.SH,退市卓朗,20090512,
600225.SH,退市卓朗,20090511,
600225.SH,退市卓朗,20090510,
600225.SH,退市卓朗,20090509,
600225.SH,退市卓朗,20090508,
600225.SH,退市卓朗,20090507,
600225.SH,退市卓朗,20090506,
600225.SH,退市卓朗,20090505,
600225.SH,退市卓朗,20090504,
600225.SH,退市卓朗,20090503,
600225.SH,退市卓朗,20090502,
600225.SH,退市卓朗,20090501,
600225.SH,退市卓朗,20090430,
600225.SH,退市卓朗,20090429,
600225.SH,退市卓朗,20090428,
600225.SH,退市卓朗,20090427,
600225.SH,退市卓朗,20090426,
600225.SH,退市卓朗,20090425,
600225.SH,退市卓朗,20090424,
600225.SH,退市卓朗,20090423,
600225.SH,退市卓朗,20090422,
600225.SH,退市卓朗,20090421,
600225.SH,退市卓朗,20090420,
600225.SH,退市卓朗,20090419,
600225.SH,退市卓朗,20090418,
600225.SH,退市卓朗,20090417,
600225.SH,退市卓朗,20090416,
600225.SH,退市卓朗,20090415,
600225.SH,退市卓朗,20090414,
600225.SH,退市卓朗,20090413,
600225.SH,退市卓朗,20090412,
600225.SH,退市卓朗,20090411,
600225.SH,退市卓朗,20090410,
600225.SH,退市卓朗,20090409,
600225.SH,退市卓朗,20090408,
600225.SH,退市卓朗,20090407,
600225.SH,退市卓朗,20090406,
600225.SH,退市卓朗,20090405,
600225.SH,退市卓朗,20090404,
600225.SH,退市卓朗,20090403,
600225.SH,退市卓朗,20090402,
600225.SH,退市卓朗,20090401,
600225.SH,退市卓朗,20090331,
600225.SH,退市卓朗,20090330,
600225.SH,退市卓朗,20090329,
600225.SH,退市卓朗,20090328,
600225.SH,退市卓朗,20090327,
600225.SH,退市卓朗,20090326,
600225.SH,退市卓朗,20090325,
600225.SH,退市卓朗,20090324,
600225.SH,退市卓朗,20090323,
600225.SH,退市卓朗,20090322,
600225.SH,退市卓朗,20090321,
600225.SH,退市卓朗,20090320,
600225.SH,退市卓朗,20090319,
600225.SH,退市卓朗,20090318,
600225.SH,退市卓朗,20090317,
600225.SH,退市卓朗,20090316,
600225.SH,退市卓朗,20090315,
600225.SH,退市卓朗,20090314,
600225.SH,退市卓朗,20090313,
600225.SH,退市卓朗,20090312,
600225.SH,退市卓朗,20090311,
600225.SH,退市卓朗,20090310,
600225.SH,退市卓朗,20090309,
600225.SH,退市卓朗,20090308,
600225.SH,退市卓朗,20090307,
600225.SH,退市卓朗,20090306,
600225.SH,退市卓朗,20090305,
600225.SH,退市卓朗,20090304,
600225.SH,退市卓朗,20090303,
600225.SH,退市卓朗,20090302,
600225.SH,退市卓朗,20090301,
600225.SH,退市卓朗,20090228,
600225.SH,退市卓朗,20090227,
600225.SH,退市卓朗,20090226,
600225.SH,退市卓朗,20090225,
600225.SH,退市卓朗,20090224,
600225.SH,退市卓朗,20090223,
600225.SH,退市卓朗,20090222,
600225.SH,退市卓朗,20090221,
600225.SH,退市卓朗,20090220,
600225.SH,退市卓朗,20090219,
600225.SH,退市卓朗,20090218,
600225.SH,退市卓朗,20090217,
600225.SH,退市卓朗,20090216,
600225.SH,退市卓朗,20090215,
600225.SH,退市卓朗,20090214,
600225.SH,退市卓朗,20090213,
600225.SH,退市卓朗,20090212,
600225.SH,退市卓朗,20090211,
600225.SH,退市卓朗,20090210,
600225.SH,退市卓朗,20090209,
600225.SH,退市卓朗,20090208,
600225.SH,退市卓朗,20090207,
600225.SH,退市卓朗,20090206,
600225.SH,退市卓朗,20090205,
600225.SH,退市卓朗,20090204,
600225.SH,退市卓朗,20090203,
600225.SH,退市卓朗,20090202,
600225.SH,退市卓朗,20090201,
600225.SH,退市卓朗,20090131,
600225.SH,退市卓朗,20090130,
600225.SH,退市卓朗,20090129,
600225.SH,退市卓朗,20090128,
600225.SH,退市卓朗,20090127,
600225.SH,退市卓朗,20090126,
600225.SH,退市卓朗,20090125,
600225.SH,退市卓朗,20090124,
600225.SH,退市卓朗,20090123,
600225.SH,退市卓朗,20090122,
600225.SH,退市卓朗,20090121,
600225.SH,退市卓朗,20090120,
600225.SH,退市卓朗,20090119,
600225.SH,退市卓朗,20090118,
600225.SH,退市卓朗,20090117,
600225.SH,退市卓朗,20090116,
600225.SH,退市卓朗,20090115,
600225.SH,退市卓朗,20090114,
600225.SH,退市卓朗,20090113,
600225.SH,退市卓朗,20090112,
600225.SH,退市卓朗,20090111,
600225.SH,退市卓朗,20090110,
600225.SH,退市卓朗,20090109,
600225.SH,退市卓朗,20090108,
600225.SH,退市卓朗,20090107,
600225.SH,退市卓朗,20090106,
600225.SH,退市卓朗,20090105,
600225.SH,退市卓朗,20090104,
600225.SH,退市卓朗,20090103,
600225.SH,退市卓朗,20090102,
600225.SH,退市卓朗,20090101,
600225.SH,退市卓朗,20081231,
600225.SH,退市卓朗,20081230,
600225.SH,退市卓朗,20081229,
600225.SH,退市卓朗,20081228,
600225.SH,退市卓朗,20081227,
600225.SH,退市卓朗,20081226,
600225.SH,退市卓朗,20081225,
600225.SH,退市卓朗,20081224,
600225.SH,退市卓朗,20081223,
600225.SH,退市卓朗,20081222,
600225.SH,退市卓朗,20081221,
600225.SH,退市卓朗,20081220,
600225.SH,退市卓朗,20081219,
600225.SH,退市卓朗,20081218,
600225.SH,退市卓朗,20081217,
600225.SH,退市卓朗,20081216,
600225.SH,退市卓朗,20081215,
600225.SH,退市卓朗,20081214,
600225.SH,退市卓朗,20081213,
600225.SH,退市卓朗,20081212,
600225.SH,退市卓朗,20081211,
600225.SH,退市卓朗,20081210,
600225.SH,退市卓朗,20081209,
600225.SH,退市卓朗,20081208,
600225.SH,退市卓朗,20081207,
600225.SH,退市卓朗,20081206,
600225.SH,退市卓朗,20081205,
600225.SH,退市卓朗,20081204,
600225.SH,退市卓朗,20081203,
600225.SH,退市卓朗,20081202,
600225.SH,退市卓朗,20081201,
600225.SH,退市卓朗,20081130,
600225.SH,退市卓朗,20081129,
600225.SH,退市卓朗,20081128,
600225.SH,退市卓朗,20081127,
600225.SH,退市卓朗,20081126,
600225.SH,退市卓朗,20081125,
600225.SH,退市卓朗,20081124,
600225.SH,退市卓朗,20081123,
600225.SH,退市卓朗,20081122,
600225.SH,退市卓朗,20081121,
600225.SH,退市卓朗,20081120,
600225.SH,退市卓朗,20081119,
600225.SH,退市卓朗,20081118,
600225.SH,退市卓朗,20081117,
600225.SH,退市卓朗,20081116,
600225.SH,退市卓朗,20081115,
600225.SH,退市卓朗,20081114,
600225.SH,退市卓朗,20081113,
600225.SH,退市卓朗,20081112,
600225.SH,退市卓朗,20081111,
600225.SH,退市卓朗,20081110,
600225.SH,退市卓朗,20081109,
600225.SH,退市卓朗,20081108,
600225.SH,退市卓朗,20081107,
600225.SH,退市卓朗,20081106,
600225.SH,退市卓朗,20081105,
600225.SH,退市卓朗,20081104,
600225.SH,退市卓朗,20081103,
600225.SH,退市卓朗,20081102,
600225.SH,退市卓朗,20081101,
600225.SH,退市卓朗,20081031,
600225.SH,退市卓朗,20081030,
600225.SH,退市卓朗,20081029,
600225.SH,退市卓朗,20081028,
600225.SH,退市卓朗,20081027,
600225.SH,退市卓朗,20081026,
600225.SH,退市卓朗,20081025,
600225.SH,退市卓朗,20081024,
600225.SH,退市卓朗,20081023,
600225.SH,退市卓朗,20081022,
600225.SH,退市卓朗,20081021,
600225.SH,退市卓朗,20081020,
600225.SH,退市卓朗,20081019,
600225.SH,退市卓朗,20081018,
600225.SH,退市卓朗,20081017,
600225.SH,退市卓朗,20081016,
600225.SH,退市卓朗,20081015,
600225.SH,退市卓朗,20081014,
600225.SH,退市卓朗,20081013,
600225.SH,退市卓朗,20081012,
600225.SH,退市卓朗,20081011,
600225.SH,退市卓朗,20081010,
600225.SH,退市卓朗,20081009,
600225.SH,退市卓朗,20081008,
600225.SH,退市卓朗,20081007,
600225.SH,退市卓朗,20081006,
600225.SH,退市卓朗,20081005,
600225.SH,退市卓朗,20081004,
600225.SH,退市卓朗,20081003,
600225.SH,退市卓朗,20081002,
600225.SH,退市卓朗,20081001,
600225.SH,退市卓朗,20080930,
600225.SH,退市卓朗,20080929,
600225.SH,退市卓朗,20080928,
600225.SH,退市卓朗,20080927,
600225.SH,退市卓朗,20080926,
600225.SH,退市卓朗,20080925,
600225.SH,退市卓朗,20080924,
600225.SH,退市卓朗,20080923,
600225.SH,退市卓朗,20080922,
600225.SH,退市卓朗,20080921,
600225.SH,退市卓朗,20080920,
600225.SH,退市卓朗,20080919,
600225.SH,退市卓朗,20080918,
600225.SH,退市卓朗,20080917,
600225.SH,退市卓朗,20080916,
600225.SH,退市卓朗,20080915,
600225.SH,退市卓朗,20080914,
600225.SH,退市卓朗,20080913,
600225.SH,退市卓朗,20080912,
600225.SH,退市卓朗,20080911,
600225.SH,退市卓朗,20080910,
600225.SH,退市卓朗,20080909,
600225.SH,退市卓朗,20080908,
600225.SH,退市卓朗,20080907,
600225.SH,退市卓朗,20080906,
600225.SH,退市卓朗,20080905,
600225.SH,退市卓朗,20080904,
600225.SH,退市卓朗,20080903,
600225.SH,退市卓朗,20080902,
600225.SH,退市卓朗,20080901,
600225.SH,退市卓朗,20080831,
600225.SH,退市卓朗,20080830,
600225.SH,退市卓朗,20080829,
600225.SH,退市卓朗,20080828,
600225.SH,退市卓朗,20080827,
600225.SH,退市卓朗,20080826,
600225.SH,退市卓朗,20080825,
600225.SH,退市卓朗,20080824,
600225.SH,退市卓朗,20080823,
600225.SH,退市卓朗,20080822,
600225.SH,退市卓朗,20080821,
600225.SH,退市卓朗,20080820,
600225.SH,退市卓朗,20080819,
600225.SH,退市卓朗,20080818,
600225.SH,退市卓朗,20080817,
600225.SH,退市卓朗,20080816,
600225.SH,退市卓朗,20080815,
600225.SH,退市卓朗,20080814,
600225.SH,退市卓朗,20080813,
600225.SH,退市卓朗,20080812,
600225.SH,退市卓朗,20080811,
600225.SH,退市卓朗,20080810,
600225.SH,退市卓朗,20080809,
600225.SH,退市卓朗,20080808,
600225.SH,退市卓朗,20080807,
600225.SH,退市卓朗,20080806,
600225.SH,退市卓朗,20080805,
600225.SH,退市卓朗,20080804,
600225.SH,退市卓朗,20080803,
600225.SH,退市卓朗,20080802,
600225.SH,退市卓朗,20080801,
600225.SH,退市卓朗,20080731,
600225.SH,退市卓朗,20080730,
600225.SH,退市卓朗,20080729,
600225.SH,退市卓朗,20080728,
600225.SH,退市卓朗,20080727,
600225.SH,退市卓朗,20080726,
600225.SH,退市卓朗,20080725,
600225.SH,退市卓朗,20080724,
600225.SH,退市卓朗,20080723,
600225.SH,退市卓朗,20080722,
600225.SH,退市卓朗,20080721,
600225.SH,退市卓朗,20080720,
600225.SH,退市卓朗,20080719,
600225.SH,退市卓朗,20080718,
600225.SH,退市卓朗,20080717,
600225.SH,退市卓朗,20080716,
600225.SH,退市卓朗,20080715,
600225.SH,退市卓朗,20080714,
600225.SH,退市卓朗,20080713,
600225.SH,退市卓朗,20080712,
600225.SH,退市卓朗,20080711,
600225.SH,退市卓朗,20080710,
600225.SH,退市卓朗,20080709,
600225.SH,退市卓朗,20080708,
600225.SH,退市卓朗,20080707,
600225.SH,退市卓朗,20080706,
600225.SH,退市卓朗,20080705,
600225.SH,退市卓朗,20080704,
600225.SH,退市卓朗,20080703,
600225.SH,退市卓朗,20080702,
600225.SH,退市卓朗,20080701,
600225.SH,退市卓朗,20080630,
600225.SH,退市卓朗,20080629,
600225.SH,退市卓朗,20080628,
600225.SH,退市卓朗,20080627,
600225.SH,退市卓朗,20080626,
600225.SH,退市卓朗,20080625,
600225.SH,退市卓朗,20080624,
600225.SH,退市卓朗,20080623,
600225.SH,退市卓朗,20080622,
600225.SH,退市卓朗,20080621,
600225.SH,退市卓朗,20080620,
600225.SH,退市卓朗,20080619,
600225.SH,退市卓朗,20080618,
600225.SH,退市卓朗,20080617,
600225.SH,退市卓朗,20080616,
600225.SH,退市卓朗,20080615,
600225.SH,退市卓朗,20080614,
600225.SH,退市卓朗,20080613,
600225.SH,退市卓朗,20080612,
600225.SH,退市卓朗,20080611,
600225.SH,退市卓朗,20080610,
600225.SH,退市卓朗,20080609,
600225.SH,退市卓朗,20080608,
600225.SH,退市卓朗,20080607,
600225.SH,退市卓朗,20080606,
600225.SH,退市卓朗,20080605,
600225.SH,退市卓朗,20080604,
600225.SH,退市卓朗,20080603,
600225.SH,退市卓朗,20080602,
600225.SH,退市卓朗,20080601,
600225.SH,退市卓朗,20080531,
600225.SH,退市卓朗,20080530,
600225.SH,退市卓朗,20080529,
600225.SH,退市卓朗,20080528,
600225.SH,退市卓朗,20080527,
600225.SH,退市卓朗,20080526,
600225.SH,退市卓朗,20080525,
600225.SH,退市卓朗,20080524,
600225.SH,退市卓朗,20080523,
600225.SH,退市卓朗,20080522,
600225.SH,退市卓朗,20080521,
600225.SH,退市卓朗,20080520,
600225.SH,退市卓朗,20080519,
600225.SH,退市卓朗,20080518,
600225.SH,退市卓朗,20080517,
600225.SH,退市卓朗,20080516,
600225.SH,退市卓朗,20080515,
600225.SH,退市卓朗,20080514,
600225.SH,退市卓朗,20080513,
600225.SH,退市卓朗,20080512,
600225.SH,退市卓朗,20080511,
600225.SH,退市卓朗,20080510,
600225.SH,退市卓朗,20080509,
600225.SH,退市卓朗,20080508,
600225.SH,退市卓朗,20080507,
600225.SH,退市卓朗,20080506,
600225.SH,退市卓朗,20080505,
600225.SH,退市卓朗,20080504,
600225.SH,退市卓朗,20080503,
600225.SH,退市卓朗,20080502,
600225.SH,退市卓朗,20080501,
600225.SH,退市卓朗,20080430,
600225.SH,退市卓朗,20080429,
600225.SH,退市卓朗,20080428,
600225.SH,退市卓朗,20080427,
600225.SH,退市卓朗,20080426,
600225.SH,退市卓朗,20080425,
600225.SH,退市卓朗,20080424,
600225.SH,退市卓朗,20080423,
600225.SH,退市卓朗,20080422,
600225.SH,退市卓朗,20080421,
600225.SH,退市卓朗,20080420,
600225.SH,退市卓朗,20080419,
600225.SH,退市卓朗,20080418,
600225.SH,退市卓朗,20080417,
600225.SH,退市卓朗,20080416,
600225.SH,退市卓朗,20080415,
600225.SH,退市卓朗,20080414,
600225.SH,退市卓朗,20080413,
600225.SH,退市卓朗,20080412,
600225.SH,退市卓朗,20080411,
600225.SH,退市卓朗,20080410,
600225.SH,退市卓朗,20080409,
600225.SH,退市卓朗,20080408,
600225.SH,退市卓朗,20080407,
600225.SH,退市卓朗,20080406,
600225.SH,退市卓朗,20080405,
600225.SH,退市卓朗,20080404,
600225.SH,退市卓朗,20080403,
600225.SH,退市卓朗,20080402,
600225.SH,退市卓朗,20080401,
600225.SH,退市卓朗,20080331,
600225.SH,退市卓朗,20080330,
600225.SH,退市卓朗,20080329,
600225.SH,退市卓朗,20080328,
600225.SH,退市卓朗,20080327,
600225.SH,退市卓朗,20080326,
600225.SH,退市卓朗,20080325,
600225.SH,退市卓朗,20080324,
600225.SH,退市卓朗,20080323,
600225.SH,退市卓朗,20080322,
600225.SH,退市卓朗,20080321,
600225.SH,退市卓朗,20080320,
600225.SH,退市卓朗,20080319,
600225.SH,退市卓朗,20080318,
600225.SH,退市卓朗,20080317,
600225.SH,退市卓朗,20080316,
600225.SH,退市卓朗,20080315,
600225.SH,退市卓朗,20080314,
600225.SH,退市卓朗,20080313,
600225.SH,退市卓朗,20080312,
600225.SH,退市卓朗,20080311,
600225.SH,退市卓朗,20080310,
600225.SH,退市卓朗,20080309,
600225.SH,退市卓朗,20080308,
600225.SH,退市卓朗,20080307,
600225.SH,退市卓朗,20080306,
600225.SH,退市卓朗,20080305,
600225.SH,退市卓朗,20080304,
600225.SH,退市卓朗,20080303,
600225.SH,退市卓朗,20080302,
600225.SH,退市卓朗,20080301,
600225.SH,退市卓朗,20080229,
600225.SH,退市卓朗,20080228,
600225.SH,退市卓朗,20080227,
600225.SH,退市卓朗,20080226,
600225.SH,退市卓朗,20080225,
600225.SH,退市卓朗,20080224,
600225.SH,退市卓朗,20080223,
600225.SH,退市卓朗,20080222,
600225.SH,退市卓朗,20080221,
600225.SH,退市卓朗,20080220,
600225.SH,退市卓朗,20080219,
600225.SH,退市卓朗,20080218,
600225.SH,退市卓朗,20080217,
600225.SH,退市卓朗,20080216,
600225.SH,退市卓朗,20080215,
600225.SH,退市卓朗,20080214,
600225.SH,退市卓朗,20080213,
600225.SH,退市卓朗,20080212,
600225.SH,退市卓朗,20080211,
600225.SH,退市卓朗,20080210,
600225.SH,退市卓朗,20080209,
600225.SH,退市卓朗,20080208,
600225.SH,退市卓朗,20080207,
600225.SH,退市卓朗,20080206,
600225.SH,退市卓朗,20080205,
600225.SH,退市卓朗,20080204,
600225.SH,退市卓朗,20080203,
600225.SH,退市卓朗,20080202,
600225.SH,退市卓朗,20080201,
600225.SH,退市卓朗,20080131,
600225.SH,退市卓朗,20080130,
600225.SH,退市卓朗,20080129,
600225.SH,退市卓朗,20080128,
600225.SH,退市卓朗,20080127,
600225.SH,退市卓朗,20080126,
600225.SH,退市卓朗,20080125,
600225.SH,退市卓朗,20080124,
600225.SH,退市卓朗,20080123,
600225.SH,退市卓朗,20080122,
600225.SH,退市卓朗,20080121,
600225.SH,退市卓朗,20080120,
600225.SH,退市卓朗,20080119,
600225.SH,退市卓朗,20080118,
600225.SH,退市卓朗,20080117,
600225.SH,退市卓朗,20080116,
600225.SH,退市卓朗,20080115,
600225.SH,退市卓朗,20080114,
600225.SH,退市卓朗,20080113,
600225.SH,退市卓朗,20080112,
600225.SH,退市卓朗,20080111,
600225.SH,退市卓朗,20080110,
600225.SH,退市卓朗,20080109,
600225.SH,退市卓朗,20080108,
600225.SH,退市卓朗,20080107,
600225.SH,退市卓朗,20080106,
600225.SH,退市卓朗,20080105,
600225.SH,退市卓朗,20080104,
600225.SH,退市卓朗,20080103,
600225.SH,退市卓朗,20080102,
600225.SH,退市卓朗,20080101,
600225.SH,退市卓朗,20071231,
600225.SH,退市卓朗,20071230,
600225.SH,退市卓朗,20071229,
600225.SH,退市卓朗,20071228,
600225.SH,退市卓朗,20071227,
600225.SH,退市卓朗,20071226,
600225.SH,退市卓朗,20071225,
600225.SH,退市卓朗,20071224,
600225.SH,退市卓朗,20071223,
600225.SH,退市卓朗,20071222,
600225.SH,退市卓朗,20071221,
600225.SH,退市卓朗,20071220,
600225.SH,退市卓朗,20071219,
600225.SH,退市卓朗,20071218,
600225.SH,退市卓朗,20071217,
600225.SH,退市卓朗,20071216,
600225.SH,退市卓朗,20071215,
600225.SH,退市卓朗,20071214,
600225.SH,退市卓朗,20071213,
600225.SH,退市卓朗,20071212,
600225.SH,退市卓朗,20071211,
600225.SH,退市卓朗,20071210,
600225.SH,退市卓朗,20071209,
600225.SH,退市卓朗,20071208,
600225.SH,退市卓朗,20071207,
600225.SH,退市卓朗,20071206,
600225.SH,退市卓朗,20071205,
600225.SH,退市卓朗,20071204,
600225.SH,退市卓朗,20071203,
600225.SH,退市卓朗,20071202,
600225.SH,退市卓朗,20071201,
600225.SH,退市卓朗,20071130,
600225.SH,退市卓朗,20071129,
600225.SH,退市卓朗,20071128,
600225.SH,退市卓朗,20071127,
600225.SH,退市卓朗,20071126,
600225.SH,退市卓朗,20071125,
600225.SH,退市卓朗,20071124,
600225.SH,退市卓朗,20071123,
600225.SH,退市卓朗,20071122,
600225.SH,退市卓朗,20071121,
600225.SH,退市卓朗,20071120,
600225.SH,退市卓朗,20071119,
600225.SH,退市卓朗,20071118,
600225.SH,退市卓朗,20071117,
600225.SH,退市卓朗,20071116,
600225.SH,退市卓朗,20071115,
600225.SH,退市卓朗,20071114,
600225.SH,退市卓朗,20071113,
600225.SH,退市卓朗,20071112,
600225.SH,退市卓朗,20071111,
600225.SH,退市卓朗,20071110,
600225.SH,退市卓朗,20071109,
600225.SH,退市卓朗,20071108,
600225.SH,退市卓朗,20071107,
600225.SH,退市卓朗,20071106,
600225.SH,退市卓朗,20071105,
600225.SH,退市卓朗,20071104,
600225.SH,退市卓朗,20071103,
600225.SH,退市卓朗,20071102,
600225.SH,退市卓朗,20071101,
600225.SH,退市卓朗,20071031,
600225.SH,退市卓朗,20071030,
600225.SH,退市卓朗,20071029,
600225.SH,退市卓朗,20071028,
600225.SH,退市卓朗,20071027,
600225.SH,退市卓朗,20071026,
600225.SH,退市卓朗,20071025,
600225.SH,退市卓朗,20071024,
600225.SH,退市卓朗,20071023,
600225.SH,退市卓朗,20071022,
600225.SH,退市卓朗,20071021,
600225.SH,退市卓朗,20071020,
600225.SH,退市卓朗,20071019,
600225.SH,退市卓朗,20071018,
600225.SH,退市卓朗,20071017,
600225.SH,退市卓朗,20071016,
600225.SH,退市卓朗,20071015,
600225.SH,退市卓朗,20071014,
600225.SH,退市卓朗,20071013,
600225.SH,退市卓朗,20071012,
600225.SH,退市卓朗,20071011,
600225.SH,退市卓朗,20071010,
600225.SH,退市卓朗,20071009,
600225.SH,退市卓朗,20071008,
600225.SH,退市卓朗,20071007,
600225.SH,退市卓朗,20071006,
600225.SH,退市卓朗,20071005,
600225.SH,退市卓朗,20071004,
600225.SH,退市卓朗,20071003,
600225.SH,退市卓朗,20071002,
600225.SH,退市卓朗,20071001,
600225.SH,退市卓朗,20070930,
600225.SH,退市卓朗,20070929,
600225.SH,退市卓朗,20070928,
600225.SH,退市卓朗,20070927,
600225.SH,退市卓朗,20070926,
600225.SH,退市卓朗,20070925,
600225.SH,退市卓朗,20070924,
600225.SH,退市卓朗,20070923,
600225.SH,退市卓朗,20070922,
600225.SH,退市卓朗,20070921,
600225.SH,退市卓朗,20070920,
600225.SH,退市卓朗,20070919,
600225.SH,退市卓朗,20070918,
600225.SH,退市卓朗,20070917,
600225.SH,退市卓朗,20070916,
600225.SH,退市卓朗,20070915,
600225.SH,退市卓朗,20070914,
600225.SH,退市卓朗,20070913,
600225.SH,退市卓朗,20070912,
600225.SH,退市卓朗,20070911,
600225.SH,退市卓朗,20070910,
600225.SH,退市卓朗,20070909,
600225.SH,退市卓朗,20070908,
600225.SH,退市卓朗,20070907,
600225.SH,退市卓朗,20070906,
600225.SH,退市卓朗,20070905,
600225.SH,退市卓朗,20070904,
600225.SH,退市卓朗,20070903,
600225.SH,退市卓朗,20070902,
600225.SH,退市卓朗,20070901,
600225.SH,退市卓朗,20070831,
600225.SH,退市卓朗,20070830,
600225.SH,退市卓朗,20070829,
600225.SH,退市卓朗,20070828,
600225.SH,退市卓朗,20070827,
600225.SH,退市卓朗,20070826,
600225.SH,退市卓朗,20070825,
600225.SH,退市卓朗,20070824,
600225.SH,退市卓朗,20070823,
600225.SH,退市卓朗,20070822,
600225.SH,退市卓朗,20070821,
600225.SH,退市卓朗,20070820,
600225.SH,退市卓朗,20070819,
600225.SH,退市卓朗,20070818,
600225.SH,退市卓朗,20070817,
600225.SH,退市卓朗,20070816,
600225.SH,退市卓朗,20070815,
600225.SH,退市卓朗,20070814,
600225.SH,退市卓朗,20070813,
600225.SH,退市卓朗,20070812,
600225.SH,退市卓朗,20070811,
600225.SH,退市卓朗,20070810,
600225.SH,退市卓朗,20070809,
600225.SH,退市卓朗,20070808,
600225.SH,退市卓朗,20070807,
600225.SH,退市卓朗,20070806,
600225.SH,退市卓朗,20070805,
600225.SH,退市卓朗,20070804,
600225.SH,退市卓朗,20070803,
600225.SH,退市卓朗,20070802,
600225.SH,退市卓朗,20070801,
600225.SH,退市卓朗,20070731,
600225.SH,退市卓朗,20070730,
600225.SH,退市卓朗,20070729,
600225.SH,退市卓朗,20070728,
600225.SH,退市卓朗,20070727,
600225.SH,退市卓朗,20070726,
600225.SH,退市卓朗,20070725,
600225.SH,退市卓朗,20070724,
600225.SH,退市卓朗,20070723,
600225.SH,退市卓朗,20070722,
600225.SH,退市卓朗,20070721,
600225.SH,退市卓朗,20070720,
600225.SH,退市卓朗,20070719,
600225.SH,退市卓朗,20070718,
600225.SH,退市卓朗,20070717,
600225.SH,退市卓朗,20070716,
600225.SH,退市卓朗,20070715,
600225.SH,退市卓朗,20070714,
600225.SH,退市卓朗,20070713,
600225.SH,退市卓朗,20070712,
600225.SH,退市卓朗,20070711,
600225.SH,退市卓朗,20070710,
600225.SH,退市卓朗,20070709,
600225.SH,退市卓朗,20070708,
600225.SH,退市卓朗,20070707,
600225.SH,退市卓朗,20070706,
600225.SH,退市卓朗,20070705,
600225.SH,退市卓朗,20070704,
600225.SH,退市卓朗,20070703,
600225.SH,退市卓朗,20070702,
600225.SH,退市卓朗,20070701,
600225.SH,退市卓朗,20070630,
600225.SH,退市卓朗,20070629,
600225.SH,退市卓朗,20070628,
600225.SH,退市卓朗,20070627,
600225.SH,退市卓朗,20070626,
600225.SH,退市卓朗,20070625,
600225.SH,退市卓朗,20070624,
600225.SH,退市卓朗,20070623,
600225.SH,退市卓朗,20070622,
600225.SH,退市卓朗,20070621,
600225.SH,退市卓朗,20070620,
600225.SH,退市卓朗,20070619,
600225.SH,退市卓朗,20070618,
600225.SH,退市卓朗,20070617,
600225.SH,退市卓朗,20070616,
600225.SH,退市卓朗,20070615,
600225.SH,退市卓朗,20070614,
600225.SH,退市卓朗,20070613,
600225.SH,退市卓朗,20070612,
600225.SH,退市卓朗,20070611,
600225.SH,退市卓朗,20070610,
600225.SH,退市卓朗,20070609,
600225.SH,退市卓朗,20070608,
600225.SH,退市卓朗,20070607,
600225.SH,退市卓朗,20070606,
600225.SH,退市卓朗,20070605,
600225.SH,退市卓朗,20070604,
600225.SH,退市卓朗,20070603,
600225.SH,退市卓朗,20070602,
600225.SH,退市卓朗,20070601,
600225.SH,退市卓朗,20070531,
600225.SH,退市卓朗,20070530,
600225.SH,退市卓朗,20070529,
600225.SH,退市卓朗,20070528,
600225.SH,退市卓朗,20070527,
600225.SH,退市卓朗,20070526,
600225.SH,退市卓朗,20070525,
600225.SH,退市卓朗,20070524,
600225.SH,退市卓朗,20070523,
600225.SH,退市卓朗,20070522,
600225.SH,退市卓朗,20070521,
600225.SH,退市卓朗,20070520,
600225.SH,退市卓朗,20070519,
600225.SH,退市卓朗,20070518,
600225.SH,退市卓朗,20070517,
600225.SH,退市卓朗,20070516,
600225.SH,退市卓朗,20070515,
600225.SH,退市卓朗,20070514,
600225.SH,退市卓朗,20070513,
600225.SH,退市卓朗,20070512,
600225.SH,退市卓朗,20070511,
600225.SH,退市卓朗,20070510,
600225.SH,退市卓朗,20070509,
600225.SH,退市卓朗,20070508,
600225.SH,退市卓朗,20070507,
600225.SH,退市卓朗,20070506,
600225.SH,退市卓朗,20070505,
600225.SH,退市卓朗,20070504,
600225.SH,退市卓朗,20070503,
600225.SH,退市卓朗,20070502,
600225.SH,退市卓朗,20070501,
600225.SH,退市卓朗,20070430,21.890547263682
600225.SH,退市卓朗,20070429,21.890547263682
600225.SH,退市卓朗,20070428,21.890547263682
600225.SH,退市卓朗,20070427,21.890547263682
600225.SH,退市卓朗,20070426,21.890547263682
600225.SH,退市卓朗,20070425,21.890547263682
600225.SH,退市卓朗,20070424,21.890547263682
600225.SH,退市卓朗,20070423,21.890547263682
600225.SH,退市卓朗,20070422,21.890547263682
600225.SH,退市卓朗,20070421,21.890547263682
600225.SH,退市卓朗,20070420,21.890547263682
600225.SH,退市卓朗,20070419,21.890547263682
600225.SH,退市卓朗,20070418,21.890547263682
600225.SH,退市卓朗,20070417,21.890547263682
600225.SH,退市卓朗,20070416,21.890547263682
600225.SH,退市卓朗,20070415,21.890547263682
600225.SH,退市卓朗,20070414,21.890547263682
600225.SH,退市卓朗,20070413,21.890547263682
600225.SH,退市卓朗,20070412,21.890547263682
600225.SH,退市卓朗,20070411,21.890547263682
600225.SH,退市卓朗,20070410,21.890547263682
600225.SH,退市卓朗,20070409,21.890547263682
600225.SH,退市卓朗,20070408,21.890547263682
600225.SH,退市卓朗,20070407,21.890547263682
600225.SH,退市卓朗,20070406,21.890547263682
600225.SH,退市卓朗,20070405,21.890547263682
600225.SH,退市卓朗,20070404,21.890547263682
600225.SH,退市卓朗,20070403,21.890547263682
600225.SH,退市卓朗,20070402,21.890547263682
600225.SH,退市卓朗,20070401,21.890547263682
600225.SH,退市卓朗,20070331,48.888888888889
600225.SH,退市卓朗,20070330,48.888888888889
600225.SH,退市卓朗,20070329,48.888888888889
600225.SH,退市卓朗,20070328,48.888888888889
600225.SH,退市卓朗,20070327,48.888888888889
600225.SH,退市卓朗,20070326,48.888888888889
600225.SH,退市卓朗,20070325,48.888888888889
600225.SH,退市卓朗,20070324,48.888888888889
600225.SH,退市卓朗,20070323,48.888888888889
600225.SH,退市卓朗,20070322,48.888888888889
600225.SH,退市卓朗,20070321,48.888888888889
600225.SH,退市卓朗,20070320,48.888888888889
600225.SH,退市卓朗,20070319,48.888888888889
600225.SH,退市卓朗,20070318,48.888888888889
600225.SH,退市卓朗,20070317,48.888888888889
600225.SH,退市卓朗,20070316,48.888888888889
600225.SH,退市卓朗,20070315,48.888888888889
600225.SH,退市卓朗,20070314,48.888888888889
600225.SH,退市卓朗,20070313,48.888888888889
600225.SH,退市卓朗,20070312,48.888888888889
600225.SH,退市卓朗,20070311,48.888888888889
600225.SH,退市卓朗,20070310,48.888888888889
600225.SH,退市卓朗,20070309,48.888888888889
600225.SH,退市卓朗,20070308,48.888888888889
600225.SH,退市卓朗,20070307,48.888888888889
600225.SH,退市卓朗,20070306,48.888888888889
600225.SH,退市卓朗,20070305,48.888888888889
600225.SH,退市卓朗,20070304,48.888888888889
600225.SH,退市卓朗,20070303,48.888888888889
600225.SH,退市卓朗,20070302,48.888888888889
600225.SH,退市卓朗,20070301,48.888888888889
600225.SH,退市卓朗,20070228,26.168224299065
600225.SH,退市卓朗,20070227,26.168224299065
600225.SH,退市卓朗,20070226,26.168224299065
600225.SH,退市卓朗,20070225,26.168224299065
600225.SH,退市卓朗,20070224,26.168224299065
600225.SH,退市卓朗,20070223,26.168224299065
600225.SH,退市卓朗,20070222,26.168224299065
600225.SH,退市卓朗,20070221,26.168224299065
600225.SH,退市卓朗,20070220,26.168224299065
600225.SH,退市卓朗,20070219,26.168224299065
600225.SH,退市卓朗,20070218,26.168224299065
600225.SH,退市卓朗,20070217,26.168224299065
600225.SH,退市卓朗,20070216,26.168224299065
600225.SH,退市卓朗,20070215,26.168224299065
600225.SH,退市卓朗,20070214,26.168224299065
600225.SH,退市卓朗,20070213,26.168224299065
600225.SH,退市卓朗,20070212,26.168224299065
600225.SH,退市卓朗,20070211,26.168224299065
600225.SH,退市卓朗,20070210,26.168224299065
600225.SH,退市卓朗,20070209,26.168224299065
600225.SH,退市卓朗,20070208,26.168224299065
600225.SH,退市卓朗,20070207,26.168224299065
600225.SH,退市卓朗,20070206,26.168224299065
600225.SH,退市卓朗,20070205,26.168224299065
600225.SH,退市卓朗,20070204,26.168224299065
600225.SH,退市卓朗,20070203,26.168224299065
600225.SH,退市卓朗,20070202,26.168224299065
600225.SH,退市卓朗,20070201,26.168224299065
600225.SH,退市卓朗,20070131,12.631578947368
600225.SH,退市卓朗,20070130,12.631578947368
600225.SH,退市卓朗,20070129,12.631578947368
600225.SH,退市卓朗,20070128,12.631578947368
600225.SH,退市卓朗,20070127,12.631578947368
600225.SH,退市卓朗,20070126,12.631578947368
600225.SH,退市卓朗,20070125,12.631578947368
600225.SH,退市卓朗,20070124,12.631578947368
600225.SH,退市卓朗,20070123,12.631578947368
600225.SH,退市卓朗,20070122,12.631578947368
600225.SH,退市卓朗,20070121,12.631578947368
600225.SH,退市卓朗,20070120,12.631578947368
600225.SH,退市卓朗,20070119,12.631578947368
600225.SH,退市卓朗,20070118,12.631578947368
600225.SH,退市卓朗,20070117,12.631578947368
600225.SH,退市卓朗,20070116,12.631578947368
600225.SH,退市卓朗,20070115,12.631578947368
600225.SH,退市卓朗,20070114,12.631578947368
600225.SH,退市卓朗,20070113,12.631578947368
600225.SH,退市卓朗,20070112,12.631578947368
600225.SH,退市卓朗,20070111,12.631578947368
600225.SH,退市卓朗,20070110,12.631578947368
600225.SH,退市卓朗,20070109,12.631578947368
600225.SH,退市卓朗,20070108,12.631578947368
600225.SH,退市卓朗,20070107,12.631578947368
600225.SH,退市卓朗,20070106,12.631578947368
600225.SH,退市卓朗,20070105,12.631578947368
600225.SH,退市卓朗,20070104,12.631578947368
600225.SH,退市卓朗,20070103,12.631578947368
600225.SH,退市卓朗,20070102,12.631578947368
600225.SH,退市卓朗,20070101,12.631578947368
600225.SH,退市卓朗,20061231,-30.147058823529
600225.SH,退市卓朗,20061230,-30.147058823529
600225.SH,退市卓朗,20061229,-30.147058823529
600225.SH,退市卓朗,20061228,-30.147058823529
600225.SH,退市卓朗,20061227,-30.147058823529
600225.SH,退市卓朗,20061226,-30.147058823529
600225.SH,退市卓朗,20061225,-30.147058823529
600225.SH,退市卓朗,20061224,-30.147058823529
600225.SH,退市卓朗,20061223,-30.147058823529
600225.SH,退市卓朗,20061222,-30.147058823529
600225.SH,退市卓朗,20061221,-30.147058823529
600225.SH,退市卓朗,20061220,-30.147058823529
600225.SH,退市卓朗,20061219,-30.147058823529
600225.SH,退市卓朗,20061218,-30.147058823529
600225.SH,退市卓朗,20061217,-30.147058823529
600225.SH,退市卓朗,20061216,-30.147058823529
600225.SH,退市卓朗,20061215,-30.147058823529
600225.SH,退市卓朗,20061214,-30.147058823529
600225.SH,退市卓朗,20061213,-30.147058823529
600225.SH,退市卓朗,20061212,-30.147058823529
600225.SH,退市卓朗,20061211,-30.147058823529
600225.SH,退市卓朗,20061210,-30.147058823529
600225.SH,退市卓朗,20061209,-30.147058823529
600225.SH,退市卓朗,20061208,-30.147058823529
600225.SH,退市卓朗,20061207,-30.147058823529
600225.SH,退市卓朗,20061206,-30.147058823529
600225.SH,退市卓朗,20061205,-30.147058823529
600225.SH,退市卓朗,20061204,-30.147058823529
600225.SH,退市卓朗,20061203,-30.147058823529
600225.SH,退市卓朗,20061202,-30.147058823529
600225.SH,退市卓朗,20061201,-30.147058823529
600225.SH,退市卓朗,20061130,-4.225352112676
600225.SH,退市卓朗,20061129,-4.225352112676
600225.SH,退市卓朗,20061128,-4.225352112676
600225.SH,退市卓朗,20061127,-4.225352112676
600225.SH,退市卓朗,20061126,-4.225352112676
600225.SH,退市卓朗,20061125,-4.225352112676
600225.SH,退市卓朗,20061124,-4.225352112676
600225.SH,退市卓朗,20061123,-4.225352112676
600225.SH,退市卓朗,20061122,-4.225352112676
600225.SH,退市卓朗,20061121,-4.225352112676
600225.SH,退市卓朗,20061120,-4.225352112676
600225.SH,退市卓朗,20061119,-4.225352112676
600225.SH,退市卓朗,20061118,-4.225352112676
600225.SH,退市卓朗,20061117,-4.225352112676
600225.SH,退市卓朗,20061116,-4.225352112676
600225.SH,退市卓朗,20061115,-4.225352112676
600225.SH,退市卓朗,20061114,-4.225352112676
600225.SH,退市卓朗,20061113,-4.225352112676
600225.SH,退市卓朗,20061112,-4.225352112676
600225.SH,退市卓朗,20061111,-4.225352112676
600225.SH,退市卓朗,20061110,-4.225352112676
600225.SH,退市卓朗,20061109,-4.225352112676
600225.SH,退市卓朗,20061108,-4.225352112676
600225.SH,退市卓朗,20061107,-4.225352112676
600225.SH,退市卓朗,20061106,-4.225352112676
600225.SH,退市卓朗,20061105,-4.225352112676
600225.SH,退市卓朗,20061104,-4.225352112676
600225.SH,退市卓朗,20061103,-4.225352112676
600225.SH,退市卓朗,20061102,-4.225352112676
600225.SH,退市卓朗,20061101,-4.225352112676
600225.SH,退市卓朗,20061031,-10.691823899371
600225.SH,退市卓朗,20061030,-10.691823899371
600225.SH,退市卓朗,20061029,-10.691823899371
600225.SH,退市卓朗,20061028,-10.691823899371
600225.SH,退市卓朗,20061027,-10.691823899371
600225.SH,退市卓朗,20061026,-10.691823899371
600225.SH,退市卓朗,20061025,-10.691823899371
600225.SH,退市卓朗,20061024,-10.691823899371
600225.SH,退市卓朗,20061023,-10.691823899371
600225.SH,退市卓朗,20061022,-10.691823899371
600225.SH,退市卓朗,20061021,-10.691823899371
600225.SH,退市卓朗,20061020,-10.691823899371
600225.SH,退市卓朗,20061019,-10.691823899371
600225.SH,退市卓朗,20061018,-10.691823899371
600225.SH,退市卓朗,20061017,-10.691823899371
600225.SH,退市卓朗,20061016,-10.691823899371
600225.SH,退市卓朗,20061015,-10.691823899371
600225.SH,退市卓朗,20061014,-10.691823899371
600225.SH,退市卓朗,20061013,-10.691823899371
600225.SH,退市卓朗,20061012,-10.691823899371
600225.SH,退市卓朗,20061011,-10.691823899371
600225.SH,退市卓朗,20061010,-10.691823899371
600225.SH,退市卓朗,20061009,-10.691823899371
600225.SH,退市卓朗,20061008,-10.691823899371
600225.SH,退市卓朗,20061007,-10.691823899371
600225.SH,退市卓朗,20061006,-10.691823899371
600225.SH,退市卓朗,20061005,-10.691823899371
600225.SH,退市卓朗,20061004,-10.691823899371
600225.SH,退市卓朗,20061003,-10.691823899371
600225.SH,退市卓朗,20061002,-10.691823899371
600225.SH,退市卓朗,20061001,-10.691823899371
600225.SH,退市卓朗,20060930,22.307692307692
600225.SH,退市卓朗,20060929,22.307692307692
600225.SH,退市卓朗,20060928,22.307692307692
600225.SH,退市卓朗,20060927,22.307692307692
600225.SH,退市卓朗,20060926,22.307692307692
600225.SH,退市卓朗,20060925,22.307692307692
600225.SH,退市卓朗,20060924,22.307692307692
600225.SH,退市卓朗,20060923,22.307692307692
600225.SH,退市卓朗,20060922,22.307692307692
600225.SH,退市卓朗,20060921,22.307692307692
600225.SH,退市卓朗,20060920,22.307692307692
600225.SH,退市卓朗,20060919,22.307692307692
600225.SH,退市卓朗,20060918,22.307692307692
600225.SH,退市卓朗,20060917,22.307692307692
600225.SH,退市卓朗,20060916,22.307692307692
600225.SH,退市卓朗,20060915,22.307692307692
600225.SH,退市卓朗,20060914,22.307692307692
600225.SH,退市卓朗,20060913,22.307692307692
600225.SH,退市卓朗,20060912,22.307692307692
600225.SH,退市卓朗,20060911,22.307692307692
600225.SH,退市卓朗,20060910,22.307692307692
600225.SH,退市卓朗,20060909,22.307692307692
600225.SH,退市卓朗,20060908,22.307692307692
600225.SH,退市卓朗,20060907,22.307692307692
600225.SH,退市卓朗,20060906,22.307692307692
600225.SH,退市卓朗,20060905,22.307692307692
600225.SH,退市卓朗,20060904,22.307692307692
600225.SH,退市卓朗,20060903,22.307692307692
600225.SH,退市卓朗,20060902,22.307692307692
600225.SH,退市卓朗,20060901,22.307692307692
600225.SH,退市卓朗,20060831,2.7667984189723
600225.SH,退市卓朗,20060830,2.7667984189723
600225.SH,退市卓朗,20060829,2.7667984189723
600225.SH,退市卓朗,20060828,2.7667984189723
600225.SH,退市卓朗,20060827,2.7667984189723
600225.SH,退市卓朗,20060826,2.7667984189723
600225.SH,退市卓朗,20060825,2.7667984189723
600225.SH,退市卓朗,20060824,2.7667984189723
600225.SH,退市卓朗,20060823,2.7667984189723
600225.SH,退市卓朗,20060822,2.7667984189723
600225.SH,退市卓朗,20060821,2.7667984189723
600225.SH,退市卓朗,20060820,2.7667984189723
600225.SH,退市卓朗,20060819,2.7667984189723
600225.SH,退市卓朗,20060818,2.7667984189723
600225.SH,退市卓朗,20060817,2.7667984189723
600225.SH,退市卓朗,20060816,2.7667984189723
600225.SH,退市卓朗,20060815,2.7667984189723
600225.SH,退市卓朗,20060814,2.7667984189723
600225.SH,退市卓朗,20060813,2.7667984189723
600225.SH,退市卓朗,20060812,2.7667984189723
600225.SH,退市卓朗,20060811,2.7667984189723
600225.SH,退市卓朗,20060810,2.7667984189723
600225.SH,退市卓朗,20060809,2.7667984189723
600225.SH,退市卓朗,20060808,2.7667984189723
600225.SH,退市卓朗,20060807,2.7667984189723
600225.SH,退市卓朗,20060806,2.7667984189723
600225.SH,退市卓朗,20060805,2.7667984189723
600225.SH,退市卓朗,20060804,2.7667984189723
600225.SH,退市卓朗,20060803,2.7667984189723
600225.SH,退市卓朗,20060802,2.7667984189723
600225.SH,退市卓朗,20060801,2.7667984189723
600225.SH,退市卓朗,20060731,-3.8022813688213
600225.SH,退市卓朗,20060730,-3.8022813688213
600225.SH,退市卓朗,20060729,-3.8022813688213
600225.SH,退市卓朗,20060728,-3.8022813688213
600225.SH,退市卓朗,20060727,-3.8022813688213
600225.SH,退市卓朗,20060726,-3.8022813688213
600225.SH,退市卓朗,20060725,-3.8022813688213
600225.SH,退市卓朗,20060724,-3.8022813688213
600225.SH,退市卓朗,20060723,-3.8022813688213
600225.SH,退市卓朗,20060722,-3.8022813688213
600225.SH,退市卓朗,20060721,-3.8022813688213
600225.SH,退市卓朗,20060720,-3.8022813688213
600225.SH,退市卓朗,20060719,-3.8022813688213
600225.SH,退市卓朗,20060718,-3.8022813688213
600225.SH,退市卓朗,20060717,-3.8022813688213
600225.SH,退市卓朗,20060716,-3.8022813688213
600225.SH,退市卓朗,20060715,-3.8022813688213
600225.SH,退市卓朗,20060714,-3.8022813688213
600225.SH,退市卓朗,20060713,-3.8022813688213
600225.SH,退市卓朗,20060712,-3.8022813688213
600225.SH,退市卓朗,20060711,-3.8022813688213
600225.SH,退市卓朗,20060710,-3.8022813688213
600225.SH,退市卓朗,20060709,-3.8022813688213
600225.SH,退市卓朗,20060708,-3.8022813688213
600225.SH,退市卓朗,20060707,-3.8022813688213
600225.SH,退市卓朗,20060706,-3.8022813688213
600225.SH,退市卓朗,20060705,-3.8022813688213
600225.SH,退市卓朗,20060704,-3.8022813688213
600225.SH,退市卓朗,20060703,-3.8022813688213
600225.SH,退市卓朗,20060702,-3.8022813688213
600225.SH,退市卓朗,20060701,-3.8022813688213
600225.SH,退市卓朗,20060630,-2.2304832713755
600225.SH,退市卓朗,20060629,-2.2304832713755
600225.SH,退市卓朗,20060628,-2.2304832713755
600225.SH,退市卓朗,20060627,-2.2304832713755
600225.SH,退市卓朗,20060626,-2.2304832713755
600225.SH,退市卓朗,20060625,-2.2304832713755
600225.SH,退市卓朗,20060624,-2.2304832713755
600225.SH,退市卓朗,20060623,-2.2304832713755
600225.SH,退市卓朗,20060622,-2.2304832713755
600225.SH,退市卓朗,20060621,-2.2304832713755
600225.SH,退市卓朗,20060620,-2.2304832713755
600225.SH,退市卓朗,20060619,-2.2304832713755
600225.SH,退市卓朗,20060618,-2.2304832713755
600225.SH,退市卓朗,20060617,-2.2304832713755
600225.SH,退市卓朗,20060616,-2.2304832713755
600225.SH,退市卓朗,20060615,-2.2304832713755
600225.SH,退市卓朗,20060614,-2.2304832713755
600225.SH,退市卓朗,20060613,-2.2304832713755
600225.SH,退市卓朗,20060612,-2.2304832713755
600225.SH,退市卓朗,20060611,-2.2304832713755
600225.SH,退市卓朗,20060610,-2.2304832713755
600225.SH,退市卓朗,20060609,-2.2304832713755
600225.SH,退市卓朗,20060608,-2.2304832713755
600225.SH,退市卓朗,20060607,-2.2304832713755
600225.SH,退市卓朗,20060606,-2.2304832713755
600225.SH,退市卓朗,20060605,-2.2304832713755
600225.SH,退市卓朗,20060604,-2.2304832713755
600225.SH,退市卓朗,20060603,-2.2304832713755
600225.SH,退市卓朗,20060602,-2.2304832713755
600225.SH,退市卓朗,20060601,-2.2304832713755
600225.SH,退市卓朗,20060531,54.597701149425
600225.SH,退市卓朗,20060530,54.597701149425
600225.SH,退市卓朗,20060529,54.597701149425
600225.SH,退市卓朗,20060528,54.597701149425
600225.SH,退市卓朗,20060527,54.597701149425
600225.SH,退市卓朗,20060526,54.597701149425
600225.SH,退市卓朗,20060525,54.597701149425
600225.SH,退市卓朗,20060524,54.597701149425
600225.SH,退市卓朗,20060523,54.597701149425
600225.SH,退市卓朗,20060522,54.597701149425
600225.SH,退市卓朗,20060521,54.597701149425
600225.SH,退市卓朗,20060520,54.597701149425
600225.SH,退市卓朗,20060519,54.597701149425
600225.SH,退市卓朗,20060518,54.597701149425
600225.SH,退市卓朗,20060517,54.597701149425
600225.SH,退市卓朗,20060516,54.597701149425
600225.SH,退市卓朗,20060515,54.597701149425
600225.SH,退市卓朗,20060514,54.597701149425
600225.SH,退市卓朗,20060513,54.597701149425
600225.SH,退市卓朗,20060512,54.597701149425
600225.SH,退市卓朗,20060511,54.597701149425
600225.SH,退市卓朗,20060510,54.597701149425
600225.SH,退市卓朗,20060509,54.597701149425
600225.SH,退市卓朗,20060508,54.597701149425
600225.SH,退市卓朗,20060507,54.597701149425
600225.SH,退市卓朗,20060506,54.597701149425
600225.SH,退市卓朗,20060505,54.597701149425
600225.SH,退市卓朗,20060504,54.597701149425
600225.SH,退市卓朗,20060503,54.597701149425
600225.SH,退市卓朗,20060502,54.597701149425
600225.SH,退市卓朗,20060501,54.597701149425
600225.SH,退市卓朗,20060430,-25.957446808511
600225.SH,退市卓朗,20060429,-25.957446808511
600225.SH,退市卓朗,20060428,-25.957446808511
600225.SH,退市卓朗,20060427,-25.957446808511
600225.SH,退市卓朗,20060426,-25.957446808511
600225.SH,退市卓朗,20060425,-25.957446808511
600225.SH,退市卓朗,20060424,-25.957446808511
600225.SH,退市卓朗,20060423,-25.957446808511
600225.SH,退市卓朗,20060422,-25.957446808511
600225.SH,退市卓朗,20060421,-25.957446808511
600225.SH,退市卓朗,20060420,-25.957446808511
600225.SH,退市卓朗,20060419,-25.957446808511
600225.SH,退市卓朗,20060418,-25.957446808511
600225.SH,退市卓朗,20060417,-25.957446808511
600225.SH,退市卓朗,20060416,-25.957446808511
600225.SH,退市卓朗,20060415,-25.957446808511
600225.SH,退市卓朗,20060414,-25.957446808511
600225.SH,退市卓朗,20060413,-25.957446808511
600225.SH,退市卓朗,20060412,-25.957446808511
600225.SH,退市卓朗,20060411,-25.957446808511
600225.SH,退市卓朗,20060410,-25.957446808511
600225.SH,退市卓朗,20060409,-25.957446808511
600225.SH,退市卓朗,20060408,-25.957446808511
600225.SH,退市卓朗,20060407,-25.957446808511
600225.SH,退市卓朗,20060406,-25.957446808511
600225.SH,退市卓朗,20060405,-25.957446808511
600225.SH,退市卓朗,20060404,-25.957446808511
600225.SH,退市卓朗,20060403,-25.957446808511
600225.SH,退市卓朗,20060402,-25.957446808511
600225.SH,退市卓朗,20060401,-25.957446808511
600225.SH,退市卓朗,20060331,-8.9147286821705
600225.SH,退市卓朗,20060330,-8.9147286821705
600225.SH,退市卓朗,20060329,-8.9147286821705
600225.SH,退市卓朗,20060328,-8.9147286821705
600225.SH,退市卓朗,20060327,-8.9147286821705
600225.SH,退市卓朗,20060326,-8.9147286821705
600225.SH,退市卓朗,20060325,-8.9147286821705
600225.SH,退市卓朗,20060324,-8.9147286821705
600225.SH,退市卓朗,20060323,-8.9147286821705
600225.SH,退市卓朗,20060322,-8.9147286821705
600225.SH,退市卓朗,20060321,-8.9147286821705
600225.SH,退市卓朗,20060320,-8.9147286821705
600225.SH,退市卓朗,20060319,-8.9147286821705
600225.SH,退市卓朗,20060318,-8.9147286821705
600225.SH,退市卓朗,20060317,-8.9147286821705
600225.SH,退市卓朗,20060316,-8.9147286821705
600225.SH,退市卓朗,20060315,-8.9147286821705
600225.SH,退市卓朗,20060314,-8.9147286821705
600225.SH,退市卓朗,20060313,-8.9147286821705
600225.SH,退市卓朗,20060312,-8.9147286821705
600225.SH,退市卓朗,20060311,-8.9147286821705
600225.SH,退市卓朗,20060310,-8.9147286821705
600225.SH,退市卓朗,20060309,-8.9147286821705
600225.SH,退市卓朗,20060308,-8.9147286821705
600225.SH,退市卓朗,20060307,-8.9147286821705
600225.SH,退市卓朗,20060306,-8.9147286821705
600225.SH,退市卓朗,20060305,-8.9147286821705
600225.SH,退市卓朗,20060304,-8.9147286821705
600225.SH,退市卓朗,20060303,-8.9147286821705
600225.SH,退市卓朗,20060302,-8.9147286821705
600225.SH,退市卓朗,20060301,-8.9147286821705
600225.SH,退市卓朗,20060228,3.2
600225.SH,退市卓朗,20060227,3.2
600225.SH,退市卓朗,20060226,3.2
600225.SH,退市卓朗,20060225,3.2
600225.SH,退市卓朗,20060224,3.2
600225.SH,退市卓朗,20060223,3.2
600225.SH,退市卓朗,20060222,3.2
600225.SH,退市卓朗,20060221,3.2
600225.SH,退市卓朗,20060220,3.2
600225.SH,退市卓朗,20060219,3.2
600225.SH,退市卓朗,20060218,3.2
600225.SH,退市卓朗,20060217,3.2
600225.SH,退市卓朗,20060216,3.2
600225.SH,退市卓朗,20060215,3.2
600225.SH,退市卓朗,20060214,3.2
600225.SH,退市卓朗,20060213,3.2
600225.SH,退市卓朗,20060212,3.2
600225.SH,退市卓朗,20060211,3.2
600225.SH,退市卓朗,20060210,3.2
600225.SH,退市卓朗,20060209,3.2
600225.SH,退市卓朗,20060208,3.2
600225.SH,退市卓朗,20060207,3.2
600225.SH,退市卓朗,20060206,3.2
600225.SH,退市卓朗,20060205,3.2
600225.SH,退市卓朗,20060204,3.2
600225.SH,退市卓朗,20060203,3.2
600225.SH,退市卓朗,20060202,3.2
600225.SH,退市卓朗,20060201,3.2
600225.SH,退市卓朗,20060131,0.0
600225.SH,退市卓朗,20060130,0.0
600225.SH,退市卓朗,20060129,0.0
600225.SH,退市卓朗,20060128,0.0
600225.SH,退市卓朗,20060127,0.0
600225.SH,退市卓朗,20060126,0.0
600225.SH,退市卓朗,20060125,0.0
600225.SH,退市卓朗,20060124,0.0
600225.SH,退市卓朗,20060123,0.0
600225.SH,退市卓朗,20060122,0.0
600225.SH,退市卓朗,20060121,0.0
600225.SH,退市卓朗,20060120,0.0
600225.SH,退市卓朗,20060119,0.0
600225.SH,退市卓朗,20060118,0.0
600225.SH,退市卓朗,20060117,0.0
600225.SH,退市卓朗,20060116,0.0
600225.SH,退市卓朗,20060115,0.0
600225.SH,退市卓朗,20060114,0.0
600225.SH,退市卓朗,20060113,0.0
600225.SH,退市卓朗,20060112,0.0
600225.SH,退市卓朗,20060111,0.0
600225.SH,退市卓朗,20060110,0.0
600225.SH,退市卓朗,20060109,0.0
600225.SH,退市卓朗,20060108,0.0
600225.SH,退市卓朗,20060107,0.0
600225.SH,退市卓朗,20060106,0.0
600225.SH,退市卓朗,20060105,0.0
600225.SH,退市卓朗,20060104,0.0
600225.SH,退市卓朗,20060103,0.0
600225.SH,退市卓朗,20060102,0.0
600225.SH,退市卓朗,20060101,0.0
