证券代码,证券简称,日期,月涨跌幅
600270.SH,外运发展,20260831,
600270.SH,外运发展,20260830,
600270.SH,外运发展,20260829,
600270.SH,外运发展,20260828,
600270.SH,外运发展,20260827,
600270.SH,外运发展,20260826,
600270.SH,外运发展,20260825,
600270.SH,外运发展,20260824,
600270.SH,外运发展,20260823,
600270.SH,外运发展,20260822,
600270.SH,外运发展,20260821,
600270.SH,外运发展,20260820,
600270.SH,外运发展,20260819,
600270.SH,外运发展,20260818,
600270.SH,外运发展,20260817,
600270.SH,外运发展,20260816,
600270.SH,外运发展,20260815,
600270.SH,外运发展,20260814,
600270.SH,外运发展,20260813,
600270.SH,外运发展,20260812,
600270.SH,外运发展,20260811,
600270.SH,外运发展,20260810,
600270.SH,外运发展,20260809,
600270.SH,外运发展,20260808,
600270.SH,外运发展,20260807,
600270.SH,外运发展,20260806,
600270.SH,外运发展,20260805,
600270.SH,外运发展,20260804,
600270.SH,外运发展,20260803,
600270.SH,外运发展,20260802,
600270.SH,外运发展,20260801,
600270.SH,外运发展,20260731,
600270.SH,外运发展,20260730,
600270.SH,外运发展,20260729,
600270.SH,外运发展,20260728,
600270.SH,外运发展,20260727,
600270.SH,外运发展,20260726,
600270.SH,外运发展,20260725,
600270.SH,外运发展,20260724,
600270.SH,外运发展,20260723,
600270.SH,外运发展,20260722,
600270.SH,外运发展,20260721,
600270.SH,外运发展,20260720,
600270.SH,外运发展,20260719,
600270.SH,外运发展,20260718,
600270.SH,外运发展,20260717,
600270.SH,外运发展,20260716,
600270.SH,外运发展,20260715,
600270.SH,外运发展,20260714,
600270.SH,外运发展,20260713,
600270.SH,外运发展,20260712,
600270.SH,外运发展,20260711,
600270.SH,外运发展,20260710,
600270.SH,外运发展,20260709,
600270.SH,外运发展,20260708,
600270.SH,外运发展,20260707,
600270.SH,外运发展,20260706,
600270.SH,外运发展,20260705,
600270.SH,外运发展,20260704,
600270.SH,外运发展,20260703,
600270.SH,外运发展,20260702,
600270.SH,外运发展,20260701,
600270.SH,外运发展,20260630,
600270.SH,外运发展,20260629,
600270.SH,外运发展,20260628,
600270.SH,外运发展,20260627,
600270.SH,外运发展,20260626,
600270.SH,外运发展,20260625,
600270.SH,外运发展,20260624,
600270.SH,外运发展,20260623,
600270.SH,外运发展,20260622,
600270.SH,外运发展,20260621,
600270.SH,外运发展,20260620,
600270.SH,外运发展,20260619,
600270.SH,外运发展,20260618,
600270.SH,外运发展,20260617,
600270.SH,外运发展,20260616,
600270.SH,外运发展,20260615,
600270.SH,外运发展,20260614,
600270.SH,外运发展,20260613,
600270.SH,外运发展,20260612,
600270.SH,外运发展,20260611,
600270.SH,外运发展,20260610,
600270.SH,外运发展,20260609,
600270.SH,外运发展,20260608,
600270.SH,外运发展,20260607,
600270.SH,外运发展,20260606,
600270.SH,外运发展,20260605,
600270.SH,外运发展,20260604,
600270.SH,外运发展,20260603,
600270.SH,外运发展,20260602,
600270.SH,外运发展,20260601,
600270.SH,外运发展,20260531,
600270.SH,外运发展,20260530,
600270.SH,外运发展,20260529,
600270.SH,外运发展,20260528,
600270.SH,外运发展,20260527,
600270.SH,外运发展,20260526,
600270.SH,外运发展,20260525,
600270.SH,外运发展,20260524,
600270.SH,外运发展,20260523,
600270.SH,外运发展,20260522,
600270.SH,外运发展,20260521,
600270.SH,外运发展,20260520,
600270.SH,外运发展,20260519,
600270.SH,外运发展,20260518,
600270.SH,外运发展,20260517,
600270.SH,外运发展,20260516,
600270.SH,外运发展,20260515,
600270.SH,外运发展,20260514,
600270.SH,外运发展,20260513,
600270.SH,外运发展,20260512,
600270.SH,外运发展,20260511,
600270.SH,外运发展,20260510,
600270.SH,外运发展,20260509,
600270.SH,外运发展,20260508,
600270.SH,外运发展,20260507,
600270.SH,外运发展,20260506,
600270.SH,外运发展,20260505,
600270.SH,外运发展,20260504,
600270.SH,外运发展,20260503,
600270.SH,外运发展,20260502,
600270.SH,外运发展,20260501,
600270.SH,外运发展,20260430,
600270.SH,外运发展,20260429,
600270.SH,外运发展,20260428,
600270.SH,外运发展,20260427,
600270.SH,外运发展,20260426,
600270.SH,外运发展,20260425,
600270.SH,外运发展,20260424,
600270.SH,外运发展,20260423,
600270.SH,外运发展,20260422,
600270.SH,外运发展,20260421,
600270.SH,外运发展,20260420,
600270.SH,外运发展,20260419,
600270.SH,外运发展,20260418,
600270.SH,外运发展,20260417,
600270.SH,外运发展,20260416,
600270.SH,外运发展,20260415,
600270.SH,外运发展,20260414,
600270.SH,外运发展,20260413,
600270.SH,外运发展,20260412,
600270.SH,外运发展,20260411,
600270.SH,外运发展,20260410,
600270.SH,外运发展,20260409,
600270.SH,外运发展,20260408,
600270.SH,外运发展,20260407,
600270.SH,外运发展,20260406,
600270.SH,外运发展,20260405,
600270.SH,外运发展,20260404,
600270.SH,外运发展,20260403,
600270.SH,外运发展,20260402,
600270.SH,外运发展,20260401,
600270.SH,外运发展,20260331,
600270.SH,外运发展,20260330,
600270.SH,外运发展,20260329,
600270.SH,外运发展,20260328,
600270.SH,外运发展,20260327,
600270.SH,外运发展,20260326,
600270.SH,外运发展,20260325,
600270.SH,外运发展,20260324,
600270.SH,外运发展,20260323,
600270.SH,外运发展,20260322,
600270.SH,外运发展,20260321,
600270.SH,外运发展,20260320,
600270.SH,外运发展,20260319,
600270.SH,外运发展,20260318,
600270.SH,外运发展,20260317,
600270.SH,外运发展,20260316,
600270.SH,外运发展,20260315,
600270.SH,外运发展,20260314,
600270.SH,外运发展,20260313,
600270.SH,外运发展,20260312,
600270.SH,外运发展,20260311,
600270.SH,外运发展,20260310,
600270.SH,外运发展,20260309,
600270.SH,外运发展,20260308,
600270.SH,外运发展,20260307,
600270.SH,外运发展,20260306,
600270.SH,外运发展,20260305,
600270.SH,外运发展,20260304,
600270.SH,外运发展,20260303,
600270.SH,外运发展,20260302,
600270.SH,外运发展,20260301,
600270.SH,外运发展,20260228,
600270.SH,外运发展,20260227,
600270.SH,外运发展,20260226,
600270.SH,外运发展,20260225,
600270.SH,外运发展,20260224,
600270.SH,外运发展,20260223,
600270.SH,外运发展,20260222,
600270.SH,外运发展,20260221,
600270.SH,外运发展,20260220,
600270.SH,外运发展,20260219,
600270.SH,外运发展,20260218,
600270.SH,外运发展,20260217,
600270.SH,外运发展,20260216,
600270.SH,外运发展,20260215,
600270.SH,外运发展,20260214,
600270.SH,外运发展,20260213,
600270.SH,外运发展,20260212,
600270.SH,外运发展,20260211,
600270.SH,外运发展,20260210,
600270.SH,外运发展,20260209,
600270.SH,外运发展,20260208,
600270.SH,外运发展,20260207,
600270.SH,外运发展,20260206,
600270.SH,外运发展,20260205,
600270.SH,外运发展,20260204,
600270.SH,外运发展,20260203,
600270.SH,外运发展,20260202,
600270.SH,外运发展,20260201,
600270.SH,外运发展,20260131,
600270.SH,外运发展,20260130,
600270.SH,外运发展,20260129,
600270.SH,外运发展,20260128,
600270.SH,外运发展,20260127,
600270.SH,外运发展,20260126,
600270.SH,外运发展,20260125,
600270.SH,外运发展,20260124,
600270.SH,外运发展,20260123,
600270.SH,外运发展,20260122,
600270.SH,外运发展,20260121,
600270.SH,外运发展,20260120,
600270.SH,外运发展,20260119,
600270.SH,外运发展,20260118,
600270.SH,外运发展,20260117,
600270.SH,外运发展,20260116,
600270.SH,外运发展,20260115,
600270.SH,外运发展,20260114,
600270.SH,外运发展,20260113,
600270.SH,外运发展,20260112,
600270.SH,外运发展,20260111,
600270.SH,外运发展,20260110,
600270.SH,外运发展,20260109,
600270.SH,外运发展,20260108,
600270.SH,外运发展,20260107,
600270.SH,外运发展,20260106,
600270.SH,外运发展,20260105,
600270.SH,外运发展,20260104,
600270.SH,外运发展,20260103,
600270.SH,外运发展,20260102,
600270.SH,外运发展,20260101,
600270.SH,外运发展,20251231,
600270.SH,外运发展,20251230,
600270.SH,外运发展,20251229,
600270.SH,外运发展,20251228,
600270.SH,外运发展,20251227,
600270.SH,外运发展,20251226,
600270.SH,外运发展,20251225,
600270.SH,外运发展,20251224,
600270.SH,外运发展,20251223,
600270.SH,外运发展,20251222,
600270.SH,外运发展,20251221,
600270.SH,外运发展,20251220,
600270.SH,外运发展,20251219,
600270.SH,外运发展,20251218,
600270.SH,外运发展,20251217,
600270.SH,外运发展,20251216,
600270.SH,外运发展,20251215,
600270.SH,外运发展,20251214,
600270.SH,外运发展,20251213,
600270.SH,外运发展,20251212,
600270.SH,外运发展,20251211,
600270.SH,外运发展,20251210,
600270.SH,外运发展,20251209,
600270.SH,外运发展,20251208,
600270.SH,外运发展,20251207,
600270.SH,外运发展,20251206,
600270.SH,外运发展,20251205,
600270.SH,外运发展,20251204,
600270.SH,外运发展,20251203,
600270.SH,外运发展,20251202,
600270.SH,外运发展,20251201,
600270.SH,外运发展,20251130,
600270.SH,外运发展,20251129,
600270.SH,外运发展,20251128,
600270.SH,外运发展,20251127,
600270.SH,外运发展,20251126,
600270.SH,外运发展,20251125,
600270.SH,外运发展,20251124,
600270.SH,外运发展,20251123,
600270.SH,外运发展,20251122,
600270.SH,外运发展,20251121,
600270.SH,外运发展,20251120,
600270.SH,外运发展,20251119,
600270.SH,外运发展,20251118,
600270.SH,外运发展,20251117,
600270.SH,外运发展,20251116,
600270.SH,外运发展,20251115,
600270.SH,外运发展,20251114,
600270.SH,外运发展,20251113,
600270.SH,外运发展,20251112,
600270.SH,外运发展,20251111,
600270.SH,外运发展,20251110,
600270.SH,外运发展,20251109,
600270.SH,外运发展,20251108,
600270.SH,外运发展,20251107,
600270.SH,外运发展,20251106,
600270.SH,外运发展,20251105,
600270.SH,外运发展,20251104,
600270.SH,外运发展,20251103,
600270.SH,外运发展,20251102,
600270.SH,外运发展,20251101,
600270.SH,外运发展,20251031,
600270.SH,外运发展,20251030,
600270.SH,外运发展,20251029,
600270.SH,外运发展,20251028,
600270.SH,外运发展,20251027,
600270.SH,外运发展,20251026,
600270.SH,外运发展,20251025,
600270.SH,外运发展,20251024,
600270.SH,外运发展,20251023,
600270.SH,外运发展,20251022,
600270.SH,外运发展,20251021,
600270.SH,外运发展,20251020,
600270.SH,外运发展,20251019,
600270.SH,外运发展,20251018,
600270.SH,外运发展,20251017,
600270.SH,外运发展,20251016,
600270.SH,外运发展,20251015,
600270.SH,外运发展,20251014,
600270.SH,外运发展,20251013,
600270.SH,外运发展,20251012,
600270.SH,外运发展,20251011,
600270.SH,外运发展,20251010,
600270.SH,外运发展,20251009,
600270.SH,外运发展,20251008,
600270.SH,外运发展,20251007,
600270.SH,外运发展,20251006,
600270.SH,外运发展,20251005,
600270.SH,外运发展,20251004,
600270.SH,外运发展,20251003,
600270.SH,外运发展,20251002,
600270.SH,外运发展,20251001,
600270.SH,外运发展,20250930,
600270.SH,外运发展,20250929,
600270.SH,外运发展,20250928,
600270.SH,外运发展,20250927,
600270.SH,外运发展,20250926,
600270.SH,外运发展,20250925,
600270.SH,外运发展,20250924,
600270.SH,外运发展,20250923,
600270.SH,外运发展,20250922,
600270.SH,外运发展,20250921,
600270.SH,外运发展,20250920,
600270.SH,外运发展,20250919,
600270.SH,外运发展,20250918,
600270.SH,外运发展,20250917,
600270.SH,外运发展,20250916,
600270.SH,外运发展,20250915,
600270.SH,外运发展,20250914,
600270.SH,外运发展,20250913,
600270.SH,外运发展,20250912,
600270.SH,外运发展,20250911,
600270.SH,外运发展,20250910,
600270.SH,外运发展,20250909,
600270.SH,外运发展,20250908,
600270.SH,外运发展,20250907,
600270.SH,外运发展,20250906,
600270.SH,外运发展,20250905,
600270.SH,外运发展,20250904,
600270.SH,外运发展,20250903,
600270.SH,外运发展,20250902,
600270.SH,外运发展,20250901,
600270.SH,外运发展,20250831,
600270.SH,外运发展,20250830,
600270.SH,外运发展,20250829,
600270.SH,外运发展,20250828,
600270.SH,外运发展,20250827,
600270.SH,外运发展,20250826,
600270.SH,外运发展,20250825,
600270.SH,外运发展,20250824,
600270.SH,外运发展,20250823,
600270.SH,外运发展,20250822,
600270.SH,外运发展,20250821,
600270.SH,外运发展,20250820,
600270.SH,外运发展,20250819,
600270.SH,外运发展,20250818,
600270.SH,外运发展,20250817,
600270.SH,外运发展,20250816,
600270.SH,外运发展,20250815,
600270.SH,外运发展,20250814,
600270.SH,外运发展,20250813,
600270.SH,外运发展,20250812,
600270.SH,外运发展,20250811,
600270.SH,外运发展,20250810,
600270.SH,外运发展,20250809,
600270.SH,外运发展,20250808,
600270.SH,外运发展,20250807,
600270.SH,外运发展,20250806,
600270.SH,外运发展,20250805,
600270.SH,外运发展,20250804,
600270.SH,外运发展,20250803,
600270.SH,外运发展,20250802,
600270.SH,外运发展,20250801,
600270.SH,外运发展,20250731,
600270.SH,外运发展,20250730,
600270.SH,外运发展,20250729,
600270.SH,外运发展,20250728,
600270.SH,外运发展,20250727,
600270.SH,外运发展,20250726,
600270.SH,外运发展,20250725,
600270.SH,外运发展,20250724,
600270.SH,外运发展,20250723,
600270.SH,外运发展,20250722,
600270.SH,外运发展,20250721,
600270.SH,外运发展,20250720,
600270.SH,外运发展,20250719,
600270.SH,外运发展,20250718,
600270.SH,外运发展,20250717,
600270.SH,外运发展,20250716,
600270.SH,外运发展,20250715,
600270.SH,外运发展,20250714,
600270.SH,外运发展,20250713,
600270.SH,外运发展,20250712,
600270.SH,外运发展,20250711,
600270.SH,外运发展,20250710,
600270.SH,外运发展,20250709,
600270.SH,外运发展,20250708,
600270.SH,外运发展,20250707,
600270.SH,外运发展,20250706,
600270.SH,外运发展,20250705,
600270.SH,外运发展,20250704,
600270.SH,外运发展,20250703,
600270.SH,外运发展,20250702,
600270.SH,外运发展,20250701,
600270.SH,外运发展,20250630,
600270.SH,外运发展,20250629,
600270.SH,外运发展,20250628,
600270.SH,外运发展,20250627,
600270.SH,外运发展,20250626,
600270.SH,外运发展,20250625,
600270.SH,外运发展,20250624,
600270.SH,外运发展,20250623,
600270.SH,外运发展,20250622,
600270.SH,外运发展,20250621,
600270.SH,外运发展,20250620,
600270.SH,外运发展,20250619,
600270.SH,外运发展,20250618,
600270.SH,外运发展,20250617,
600270.SH,外运发展,20250616,
600270.SH,外运发展,20250615,
600270.SH,外运发展,20250614,
600270.SH,外运发展,20250613,
600270.SH,外运发展,20250612,
600270.SH,外运发展,20250611,
600270.SH,外运发展,20250610,
600270.SH,外运发展,20250609,
600270.SH,外运发展,20250608,
600270.SH,外运发展,20250607,
600270.SH,外运发展,20250606,
600270.SH,外运发展,20250605,
600270.SH,外运发展,20250604,
600270.SH,外运发展,20250603,
600270.SH,外运发展,20250602,
600270.SH,外运发展,20250601,
600270.SH,外运发展,20250531,
600270.SH,外运发展,20250530,
600270.SH,外运发展,20250529,
600270.SH,外运发展,20250528,
600270.SH,外运发展,20250527,
600270.SH,外运发展,20250526,
600270.SH,外运发展,20250525,
600270.SH,外运发展,20250524,
600270.SH,外运发展,20250523,
600270.SH,外运发展,20250522,
600270.SH,外运发展,20250521,
600270.SH,外运发展,20250520,
600270.SH,外运发展,20250519,
600270.SH,外运发展,20250518,
600270.SH,外运发展,20250517,
600270.SH,外运发展,20250516,
600270.SH,外运发展,20250515,
600270.SH,外运发展,20250514,
600270.SH,外运发展,20250513,
600270.SH,外运发展,20250512,
600270.SH,外运发展,20250511,
600270.SH,外运发展,20250510,
600270.SH,外运发展,20250509,
600270.SH,外运发展,20250508,
600270.SH,外运发展,20250507,
600270.SH,外运发展,20250506,
600270.SH,外运发展,20250505,
600270.SH,外运发展,20250504,
600270.SH,外运发展,20250503,
600270.SH,外运发展,20250502,
600270.SH,外运发展,20250501,
600270.SH,外运发展,20250430,
600270.SH,外运发展,20250429,
600270.SH,外运发展,20250428,
600270.SH,外运发展,20250427,
600270.SH,外运发展,20250426,
600270.SH,外运发展,20250425,
600270.SH,外运发展,20250424,
600270.SH,外运发展,20250423,
600270.SH,外运发展,20250422,
600270.SH,外运发展,20250421,
600270.SH,外运发展,20250420,
600270.SH,外运发展,20250419,
600270.SH,外运发展,20250418,
600270.SH,外运发展,20250417,
600270.SH,外运发展,20250416,
600270.SH,外运发展,20250415,
600270.SH,外运发展,20250414,
600270.SH,外运发展,20250413,
600270.SH,外运发展,20250412,
600270.SH,外运发展,20250411,
600270.SH,外运发展,20250410,
600270.SH,外运发展,20250409,
600270.SH,外运发展,20250408,
600270.SH,外运发展,20250407,
600270.SH,外运发展,20250406,
600270.SH,外运发展,20250405,
600270.SH,外运发展,20250404,
600270.SH,外运发展,20250403,
600270.SH,外运发展,20250402,
600270.SH,外运发展,20250401,
600270.SH,外运发展,20250331,
600270.SH,外运发展,20250330,
600270.SH,外运发展,20250329,
600270.SH,外运发展,20250328,
600270.SH,外运发展,20250327,
600270.SH,外运发展,20250326,
600270.SH,外运发展,20250325,
600270.SH,外运发展,20250324,
600270.SH,外运发展,20250323,
600270.SH,外运发展,20250322,
600270.SH,外运发展,20250321,
600270.SH,外运发展,20250320,
600270.SH,外运发展,20250319,
600270.SH,外运发展,20250318,
600270.SH,外运发展,20250317,
600270.SH,外运发展,20250316,
600270.SH,外运发展,20250315,
600270.SH,外运发展,20250314,
600270.SH,外运发展,20250313,
600270.SH,外运发展,20250312,
600270.SH,外运发展,20250311,
600270.SH,外运发展,20250310,
600270.SH,外运发展,20250309,
600270.SH,外运发展,20250308,
600270.SH,外运发展,20250307,
600270.SH,外运发展,20250306,
600270.SH,外运发展,20250305,
600270.SH,外运发展,20250304,
600270.SH,外运发展,20250303,
600270.SH,外运发展,20250302,
600270.SH,外运发展,20250301,
600270.SH,外运发展,20250228,
600270.SH,外运发展,20250227,
600270.SH,外运发展,20250226,
600270.SH,外运发展,20250225,
600270.SH,外运发展,20250224,
600270.SH,外运发展,20250223,
600270.SH,外运发展,20250222,
600270.SH,外运发展,20250221,
600270.SH,外运发展,20250220,
600270.SH,外运发展,20250219,
600270.SH,外运发展,20250218,
600270.SH,外运发展,20250217,
600270.SH,外运发展,20250216,
600270.SH,外运发展,20250215,
600270.SH,外运发展,20250214,
600270.SH,外运发展,20250213,
600270.SH,外运发展,20250212,
600270.SH,外运发展,20250211,
600270.SH,外运发展,20250210,
600270.SH,外运发展,20250209,
600270.SH,外运发展,20250208,
600270.SH,外运发展,20250207,
600270.SH,外运发展,20250206,
600270.SH,外运发展,20250205,
600270.SH,外运发展,20250204,
600270.SH,外运发展,20250203,
600270.SH,外运发展,20250202,
600270.SH,外运发展,20250201,
600270.SH,外运发展,20250131,
600270.SH,外运发展,20250130,
600270.SH,外运发展,20250129,
600270.SH,外运发展,20250128,
600270.SH,外运发展,20250127,
600270.SH,外运发展,20250126,
600270.SH,外运发展,20250125,
600270.SH,外运发展,20250124,
600270.SH,外运发展,20250123,
600270.SH,外运发展,20250122,
600270.SH,外运发展,20250121,
600270.SH,外运发展,20250120,
600270.SH,外运发展,20250119,
600270.SH,外运发展,20250118,
600270.SH,外运发展,20250117,
600270.SH,外运发展,20250116,
600270.SH,外运发展,20250115,
600270.SH,外运发展,20250114,
600270.SH,外运发展,20250113,
600270.SH,外运发展,20250112,
600270.SH,外运发展,20250111,
600270.SH,外运发展,20250110,
600270.SH,外运发展,20250109,
600270.SH,外运发展,20250108,
600270.SH,外运发展,20250107,
600270.SH,外运发展,20250106,
600270.SH,外运发展,20250105,
600270.SH,外运发展,20250104,
600270.SH,外运发展,20250103,
600270.SH,外运发展,20250102,
600270.SH,外运发展,20250101,
600270.SH,外运发展,20241231,
600270.SH,外运发展,20241230,
600270.SH,外运发展,20241229,
600270.SH,外运发展,20241228,
600270.SH,外运发展,20241227,
600270.SH,外运发展,20241226,
600270.SH,外运发展,20241225,
600270.SH,外运发展,20241224,
600270.SH,外运发展,20241223,
600270.SH,外运发展,20241222,
600270.SH,外运发展,20241221,
600270.SH,外运发展,20241220,
600270.SH,外运发展,20241219,
600270.SH,外运发展,20241218,
600270.SH,外运发展,20241217,
600270.SH,外运发展,20241216,
600270.SH,外运发展,20241215,
600270.SH,外运发展,20241214,
600270.SH,外运发展,20241213,
600270.SH,外运发展,20241212,
600270.SH,外运发展,20241211,
600270.SH,外运发展,20241210,
600270.SH,外运发展,20241209,
600270.SH,外运发展,20241208,
600270.SH,外运发展,20241207,
600270.SH,外运发展,20241206,
600270.SH,外运发展,20241205,
600270.SH,外运发展,20241204,
600270.SH,外运发展,20241203,
600270.SH,外运发展,20241202,
600270.SH,外运发展,20241201,
600270.SH,外运发展,20241130,
600270.SH,外运发展,20241129,
600270.SH,外运发展,20241128,
600270.SH,外运发展,20241127,
600270.SH,外运发展,20241126,
600270.SH,外运发展,20241125,
600270.SH,外运发展,20241124,
600270.SH,外运发展,20241123,
600270.SH,外运发展,20241122,
600270.SH,外运发展,20241121,
600270.SH,外运发展,20241120,
600270.SH,外运发展,20241119,
600270.SH,外运发展,20241118,
600270.SH,外运发展,20241117,
600270.SH,外运发展,20241116,
600270.SH,外运发展,20241115,
600270.SH,外运发展,20241114,
600270.SH,外运发展,20241113,
600270.SH,外运发展,20241112,
600270.SH,外运发展,20241111,
600270.SH,外运发展,20241110,
600270.SH,外运发展,20241109,
600270.SH,外运发展,20241108,
600270.SH,外运发展,20241107,
600270.SH,外运发展,20241106,
600270.SH,外运发展,20241105,
600270.SH,外运发展,20241104,
600270.SH,外运发展,20241103,
600270.SH,外运发展,20241102,
600270.SH,外运发展,20241101,
600270.SH,外运发展,20241031,
600270.SH,外运发展,20241030,
600270.SH,外运发展,20241029,
600270.SH,外运发展,20241028,
600270.SH,外运发展,20241027,
600270.SH,外运发展,20241026,
600270.SH,外运发展,20241025,
600270.SH,外运发展,20241024,
600270.SH,外运发展,20241023,
600270.SH,外运发展,20241022,
600270.SH,外运发展,20241021,
600270.SH,外运发展,20241020,
600270.SH,外运发展,20241019,
600270.SH,外运发展,20241018,
600270.SH,外运发展,20241017,
600270.SH,外运发展,20241016,
600270.SH,外运发展,20241015,
600270.SH,外运发展,20241014,
600270.SH,外运发展,20241013,
600270.SH,外运发展,20241012,
600270.SH,外运发展,20241011,
600270.SH,外运发展,20241010,
600270.SH,外运发展,20241009,
600270.SH,外运发展,20241008,
600270.SH,外运发展,20241007,
600270.SH,外运发展,20241006,
600270.SH,外运发展,20241005,
600270.SH,外运发展,20241004,
600270.SH,外运发展,20241003,
600270.SH,外运发展,20241002,
600270.SH,外运发展,20241001,
600270.SH,外运发展,20240930,
600270.SH,外运发展,20240929,
600270.SH,外运发展,20240928,
600270.SH,外运发展,20240927,
600270.SH,外运发展,20240926,
600270.SH,外运发展,20240925,
600270.SH,外运发展,20240924,
600270.SH,外运发展,20240923,
600270.SH,外运发展,20240922,
600270.SH,外运发展,20240921,
600270.SH,外运发展,20240920,
600270.SH,外运发展,20240919,
600270.SH,外运发展,20240918,
600270.SH,外运发展,20240917,
600270.SH,外运发展,20240916,
600270.SH,外运发展,20240915,
600270.SH,外运发展,20240914,
600270.SH,外运发展,20240913,
600270.SH,外运发展,20240912,
600270.SH,外运发展,20240911,
600270.SH,外运发展,20240910,
600270.SH,外运发展,20240909,
600270.SH,外运发展,20240908,
600270.SH,外运发展,20240907,
600270.SH,外运发展,20240906,
600270.SH,外运发展,20240905,
600270.SH,外运发展,20240904,
600270.SH,外运发展,20240903,
600270.SH,外运发展,20240902,
600270.SH,外运发展,20240901,
600270.SH,外运发展,20240831,
600270.SH,外运发展,20240830,
600270.SH,外运发展,20240829,
600270.SH,外运发展,20240828,
600270.SH,外运发展,20240827,
600270.SH,外运发展,20240826,
600270.SH,外运发展,20240825,
600270.SH,外运发展,20240824,
600270.SH,外运发展,20240823,
600270.SH,外运发展,20240822,
600270.SH,外运发展,20240821,
600270.SH,外运发展,20240820,
600270.SH,外运发展,20240819,
600270.SH,外运发展,20240818,
600270.SH,外运发展,20240817,
600270.SH,外运发展,20240816,
600270.SH,外运发展,20240815,
600270.SH,外运发展,20240814,
600270.SH,外运发展,20240813,
600270.SH,外运发展,20240812,
600270.SH,外运发展,20240811,
600270.SH,外运发展,20240810,
600270.SH,外运发展,20240809,
600270.SH,外运发展,20240808,
600270.SH,外运发展,20240807,
600270.SH,外运发展,20240806,
600270.SH,外运发展,20240805,
600270.SH,外运发展,20240804,
600270.SH,外运发展,20240803,
600270.SH,外运发展,20240802,
600270.SH,外运发展,20240801,
600270.SH,外运发展,20240731,
600270.SH,外运发展,20240730,
600270.SH,外运发展,20240729,
600270.SH,外运发展,20240728,
600270.SH,外运发展,20240727,
600270.SH,外运发展,20240726,
600270.SH,外运发展,20240725,
600270.SH,外运发展,20240724,
600270.SH,外运发展,20240723,
600270.SH,外运发展,20240722,
600270.SH,外运发展,20240721,
600270.SH,外运发展,20240720,
600270.SH,外运发展,20240719,
600270.SH,外运发展,20240718,
600270.SH,外运发展,20240717,
600270.SH,外运发展,20240716,
600270.SH,外运发展,20240715,
600270.SH,外运发展,20240714,
600270.SH,外运发展,20240713,
600270.SH,外运发展,20240712,
600270.SH,外运发展,20240711,
600270.SH,外运发展,20240710,
600270.SH,外运发展,20240709,
600270.SH,外运发展,20240708,
600270.SH,外运发展,20240707,
600270.SH,外运发展,20240706,
600270.SH,外运发展,20240705,
600270.SH,外运发展,20240704,
600270.SH,外运发展,20240703,
600270.SH,外运发展,20240702,
600270.SH,外运发展,20240701,
600270.SH,外运发展,20240630,
600270.SH,外运发展,20240629,
600270.SH,外运发展,20240628,
600270.SH,外运发展,20240627,
600270.SH,外运发展,20240626,
600270.SH,外运发展,20240625,
600270.SH,外运发展,20240624,
600270.SH,外运发展,20240623,
600270.SH,外运发展,20240622,
600270.SH,外运发展,20240621,
600270.SH,外运发展,20240620,
600270.SH,外运发展,20240619,
600270.SH,外运发展,20240618,
600270.SH,外运发展,20240617,
600270.SH,外运发展,20240616,
600270.SH,外运发展,20240615,
600270.SH,外运发展,20240614,
600270.SH,外运发展,20240613,
600270.SH,外运发展,20240612,
600270.SH,外运发展,20240611,
600270.SH,外运发展,20240610,
600270.SH,外运发展,20240609,
600270.SH,外运发展,20240608,
600270.SH,外运发展,20240607,
600270.SH,外运发展,20240606,
600270.SH,外运发展,20240605,
600270.SH,外运发展,20240604,
600270.SH,外运发展,20240603,
600270.SH,外运发展,20240602,
600270.SH,外运发展,20240601,
600270.SH,外运发展,20240531,
600270.SH,外运发展,20240530,
600270.SH,外运发展,20240529,
600270.SH,外运发展,20240528,
600270.SH,外运发展,20240527,
600270.SH,外运发展,20240526,
600270.SH,外运发展,20240525,
600270.SH,外运发展,20240524,
600270.SH,外运发展,20240523,
600270.SH,外运发展,20240522,
600270.SH,外运发展,20240521,
600270.SH,外运发展,20240520,
600270.SH,外运发展,20240519,
600270.SH,外运发展,20240518,
600270.SH,外运发展,20240517,
600270.SH,外运发展,20240516,
600270.SH,外运发展,20240515,
600270.SH,外运发展,20240514,
600270.SH,外运发展,20240513,
600270.SH,外运发展,20240512,
600270.SH,外运发展,20240511,
600270.SH,外运发展,20240510,
600270.SH,外运发展,20240509,
600270.SH,外运发展,20240508,
600270.SH,外运发展,20240507,
600270.SH,外运发展,20240506,
600270.SH,外运发展,20240505,
600270.SH,外运发展,20240504,
600270.SH,外运发展,20240503,
600270.SH,外运发展,20240502,
600270.SH,外运发展,20240501,
600270.SH,外运发展,20240430,
600270.SH,外运发展,20240429,
600270.SH,外运发展,20240428,
600270.SH,外运发展,20240427,
600270.SH,外运发展,20240426,
600270.SH,外运发展,20240425,
600270.SH,外运发展,20240424,
600270.SH,外运发展,20240423,
600270.SH,外运发展,20240422,
600270.SH,外运发展,20240421,
600270.SH,外运发展,20240420,
600270.SH,外运发展,20240419,
600270.SH,外运发展,20240418,
600270.SH,外运发展,20240417,
600270.SH,外运发展,20240416,
600270.SH,外运发展,20240415,
600270.SH,外运发展,20240414,
600270.SH,外运发展,20240413,
600270.SH,外运发展,20240412,
600270.SH,外运发展,20240411,
600270.SH,外运发展,20240410,
600270.SH,外运发展,20240409,
600270.SH,外运发展,20240408,
600270.SH,外运发展,20240407,
600270.SH,外运发展,20240406,
600270.SH,外运发展,20240405,
600270.SH,外运发展,20240404,
600270.SH,外运发展,20240403,
600270.SH,外运发展,20240402,
600270.SH,外运发展,20240401,
600270.SH,外运发展,20240331,
600270.SH,外运发展,20240330,
600270.SH,外运发展,20240329,
600270.SH,外运发展,20240328,
600270.SH,外运发展,20240327,
600270.SH,外运发展,20240326,
600270.SH,外运发展,20240325,
600270.SH,外运发展,20240324,
600270.SH,外运发展,20240323,
600270.SH,外运发展,20240322,
600270.SH,外运发展,20240321,
600270.SH,外运发展,20240320,
600270.SH,外运发展,20240319,
600270.SH,外运发展,20240318,
600270.SH,外运发展,20240317,
600270.SH,外运发展,20240316,
600270.SH,外运发展,20240315,
600270.SH,外运发展,20240314,
600270.SH,外运发展,20240313,
600270.SH,外运发展,20240312,
600270.SH,外运发展,20240311,
600270.SH,外运发展,20240310,
600270.SH,外运发展,20240309,
600270.SH,外运发展,20240308,
600270.SH,外运发展,20240307,
600270.SH,外运发展,20240306,
600270.SH,外运发展,20240305,
600270.SH,外运发展,20240304,
600270.SH,外运发展,20240303,
600270.SH,外运发展,20240302,
600270.SH,外运发展,20240301,
600270.SH,外运发展,20240229,
600270.SH,外运发展,20240228,
600270.SH,外运发展,20240227,
600270.SH,外运发展,20240226,
600270.SH,外运发展,20240225,
600270.SH,外运发展,20240224,
600270.SH,外运发展,20240223,
600270.SH,外运发展,20240222,
600270.SH,外运发展,20240221,
600270.SH,外运发展,20240220,
600270.SH,外运发展,20240219,
600270.SH,外运发展,20240218,
600270.SH,外运发展,20240217,
600270.SH,外运发展,20240216,
600270.SH,外运发展,20240215,
600270.SH,外运发展,20240214,
600270.SH,外运发展,20240213,
600270.SH,外运发展,20240212,
600270.SH,外运发展,20240211,
600270.SH,外运发展,20240210,
600270.SH,外运发展,20240209,
600270.SH,外运发展,20240208,
600270.SH,外运发展,20240207,
600270.SH,外运发展,20240206,
600270.SH,外运发展,20240205,
600270.SH,外运发展,20240204,
600270.SH,外运发展,20240203,
600270.SH,外运发展,20240202,
600270.SH,外运发展,20240201,
600270.SH,外运发展,20240131,
600270.SH,外运发展,20240130,
600270.SH,外运发展,20240129,
600270.SH,外运发展,20240128,
600270.SH,外运发展,20240127,
600270.SH,外运发展,20240126,
600270.SH,外运发展,20240125,
600270.SH,外运发展,20240124,
600270.SH,外运发展,20240123,
600270.SH,外运发展,20240122,
600270.SH,外运发展,20240121,
600270.SH,外运发展,20240120,
600270.SH,外运发展,20240119,
600270.SH,外运发展,20240118,
600270.SH,外运发展,20240117,
600270.SH,外运发展,20240116,
600270.SH,外运发展,20240115,
600270.SH,外运发展,20240114,
600270.SH,外运发展,20240113,
600270.SH,外运发展,20240112,
600270.SH,外运发展,20240111,
600270.SH,外运发展,20240110,
600270.SH,外运发展,20240109,
600270.SH,外运发展,20240108,
600270.SH,外运发展,20240107,
600270.SH,外运发展,20240106,
600270.SH,外运发展,20240105,
600270.SH,外运发展,20240104,
600270.SH,外运发展,20240103,
600270.SH,外运发展,20240102,
600270.SH,外运发展,20240101,
600270.SH,外运发展,20231231,
600270.SH,外运发展,20231230,
600270.SH,外运发展,20231229,
600270.SH,外运发展,20231228,
600270.SH,外运发展,20231227,
600270.SH,外运发展,20231226,
600270.SH,外运发展,20231225,
600270.SH,外运发展,20231224,
600270.SH,外运发展,20231223,
600270.SH,外运发展,20231222,
600270.SH,外运发展,20231221,
600270.SH,外运发展,20231220,
600270.SH,外运发展,20231219,
600270.SH,外运发展,20231218,
600270.SH,外运发展,20231217,
600270.SH,外运发展,20231216,
600270.SH,外运发展,20231215,
600270.SH,外运发展,20231214,
600270.SH,外运发展,20231213,
600270.SH,外运发展,20231212,
600270.SH,外运发展,20231211,
600270.SH,外运发展,20231210,
600270.SH,外运发展,20231209,
600270.SH,外运发展,20231208,
600270.SH,外运发展,20231207,
600270.SH,外运发展,20231206,
600270.SH,外运发展,20231205,
600270.SH,外运发展,20231204,
600270.SH,外运发展,20231203,
600270.SH,外运发展,20231202,
600270.SH,外运发展,20231201,
600270.SH,外运发展,20231130,
600270.SH,外运发展,20231129,
600270.SH,外运发展,20231128,
600270.SH,外运发展,20231127,
600270.SH,外运发展,20231126,
600270.SH,外运发展,20231125,
600270.SH,外运发展,20231124,
600270.SH,外运发展,20231123,
600270.SH,外运发展,20231122,
600270.SH,外运发展,20231121,
600270.SH,外运发展,20231120,
600270.SH,外运发展,20231119,
600270.SH,外运发展,20231118,
600270.SH,外运发展,20231117,
600270.SH,外运发展,20231116,
600270.SH,外运发展,20231115,
600270.SH,外运发展,20231114,
600270.SH,外运发展,20231113,
600270.SH,外运发展,20231112,
600270.SH,外运发展,20231111,
600270.SH,外运发展,20231110,
600270.SH,外运发展,20231109,
600270.SH,外运发展,20231108,
600270.SH,外运发展,20231107,
600270.SH,外运发展,20231106,
600270.SH,外运发展,20231105,
600270.SH,外运发展,20231104,
600270.SH,外运发展,20231103,
600270.SH,外运发展,20231102,
600270.SH,外运发展,20231101,
600270.SH,外运发展,20231031,
600270.SH,外运发展,20231030,
600270.SH,外运发展,20231029,
600270.SH,外运发展,20231028,
600270.SH,外运发展,20231027,
600270.SH,外运发展,20231026,
600270.SH,外运发展,20231025,
600270.SH,外运发展,20231024,
600270.SH,外运发展,20231023,
600270.SH,外运发展,20231022,
600270.SH,外运发展,20231021,
600270.SH,外运发展,20231020,
600270.SH,外运发展,20231019,
600270.SH,外运发展,20231018,
600270.SH,外运发展,20231017,
600270.SH,外运发展,20231016,
600270.SH,外运发展,20231015,
600270.SH,外运发展,20231014,
600270.SH,外运发展,20231013,
600270.SH,外运发展,20231012,
600270.SH,外运发展,20231011,
600270.SH,外运发展,20231010,
600270.SH,外运发展,20231009,
600270.SH,外运发展,20231008,
600270.SH,外运发展,20231007,
600270.SH,外运发展,20231006,
600270.SH,外运发展,20231005,
600270.SH,外运发展,20231004,
600270.SH,外运发展,20231003,
600270.SH,外运发展,20231002,
600270.SH,外运发展,20231001,
600270.SH,外运发展,20230930,
600270.SH,外运发展,20230929,
600270.SH,外运发展,20230928,
600270.SH,外运发展,20230927,
600270.SH,外运发展,20230926,
600270.SH,外运发展,20230925,
600270.SH,外运发展,20230924,
600270.SH,外运发展,20230923,
600270.SH,外运发展,20230922,
600270.SH,外运发展,20230921,
600270.SH,外运发展,20230920,
600270.SH,外运发展,20230919,
600270.SH,外运发展,20230918,
600270.SH,外运发展,20230917,
600270.SH,外运发展,20230916,
600270.SH,外运发展,20230915,
600270.SH,外运发展,20230914,
600270.SH,外运发展,20230913,
600270.SH,外运发展,20230912,
600270.SH,外运发展,20230911,
600270.SH,外运发展,20230910,
600270.SH,外运发展,20230909,
600270.SH,外运发展,20230908,
600270.SH,外运发展,20230907,
600270.SH,外运发展,20230906,
600270.SH,外运发展,20230905,
600270.SH,外运发展,20230904,
600270.SH,外运发展,20230903,
600270.SH,外运发展,20230902,
600270.SH,外运发展,20230901,
600270.SH,外运发展,20230831,
600270.SH,外运发展,20230830,
600270.SH,外运发展,20230829,
600270.SH,外运发展,20230828,
600270.SH,外运发展,20230827,
600270.SH,外运发展,20230826,
600270.SH,外运发展,20230825,
600270.SH,外运发展,20230824,
600270.SH,外运发展,20230823,
600270.SH,外运发展,20230822,
600270.SH,外运发展,20230821,
600270.SH,外运发展,20230820,
600270.SH,外运发展,20230819,
600270.SH,外运发展,20230818,
600270.SH,外运发展,20230817,
600270.SH,外运发展,20230816,
600270.SH,外运发展,20230815,
600270.SH,外运发展,20230814,
600270.SH,外运发展,20230813,
600270.SH,外运发展,20230812,
600270.SH,外运发展,20230811,
600270.SH,外运发展,20230810,
600270.SH,外运发展,20230809,
600270.SH,外运发展,20230808,
600270.SH,外运发展,20230807,
600270.SH,外运发展,20230806,
600270.SH,外运发展,20230805,
600270.SH,外运发展,20230804,
600270.SH,外运发展,20230803,
600270.SH,外运发展,20230802,
600270.SH,外运发展,20230801,
600270.SH,外运发展,20230731,
600270.SH,外运发展,20230730,
600270.SH,外运发展,20230729,
600270.SH,外运发展,20230728,
600270.SH,外运发展,20230727,
600270.SH,外运发展,20230726,
600270.SH,外运发展,20230725,
600270.SH,外运发展,20230724,
600270.SH,外运发展,20230723,
600270.SH,外运发展,20230722,
600270.SH,外运发展,20230721,
600270.SH,外运发展,20230720,
600270.SH,外运发展,20230719,
600270.SH,外运发展,20230718,
600270.SH,外运发展,20230717,
600270.SH,外运发展,20230716,
600270.SH,外运发展,20230715,
600270.SH,外运发展,20230714,
600270.SH,外运发展,20230713,
600270.SH,外运发展,20230712,
600270.SH,外运发展,20230711,
600270.SH,外运发展,20230710,
600270.SH,外运发展,20230709,
600270.SH,外运发展,20230708,
600270.SH,外运发展,20230707,
600270.SH,外运发展,20230706,
600270.SH,外运发展,20230705,
600270.SH,外运发展,20230704,
600270.SH,外运发展,20230703,
600270.SH,外运发展,20230702,
600270.SH,外运发展,20230701,
600270.SH,外运发展,20230630,
600270.SH,外运发展,20230629,
600270.SH,外运发展,20230628,
600270.SH,外运发展,20230627,
600270.SH,外运发展,20230626,
600270.SH,外运发展,20230625,
600270.SH,外运发展,20230624,
600270.SH,外运发展,20230623,
600270.SH,外运发展,20230622,
600270.SH,外运发展,20230621,
600270.SH,外运发展,20230620,
600270.SH,外运发展,20230619,
600270.SH,外运发展,20230618,
600270.SH,外运发展,20230617,
600270.SH,外运发展,20230616,
600270.SH,外运发展,20230615,
600270.SH,外运发展,20230614,
600270.SH,外运发展,20230613,
600270.SH,外运发展,20230612,
600270.SH,外运发展,20230611,
600270.SH,外运发展,20230610,
600270.SH,外运发展,20230609,
600270.SH,外运发展,20230608,
600270.SH,外运发展,20230607,
600270.SH,外运发展,20230606,
600270.SH,外运发展,20230605,
600270.SH,外运发展,20230604,
600270.SH,外运发展,20230603,
600270.SH,外运发展,20230602,
600270.SH,外运发展,20230601,
600270.SH,外运发展,20230531,
600270.SH,外运发展,20230530,
600270.SH,外运发展,20230529,
600270.SH,外运发展,20230528,
600270.SH,外运发展,20230527,
600270.SH,外运发展,20230526,
600270.SH,外运发展,20230525,
600270.SH,外运发展,20230524,
600270.SH,外运发展,20230523,
600270.SH,外运发展,20230522,
600270.SH,外运发展,20230521,
600270.SH,外运发展,20230520,
600270.SH,外运发展,20230519,
600270.SH,外运发展,20230518,
600270.SH,外运发展,20230517,
600270.SH,外运发展,20230516,
600270.SH,外运发展,20230515,
600270.SH,外运发展,20230514,
600270.SH,外运发展,20230513,
600270.SH,外运发展,20230512,
600270.SH,外运发展,20230511,
600270.SH,外运发展,20230510,
600270.SH,外运发展,20230509,
600270.SH,外运发展,20230508,
600270.SH,外运发展,20230507,
600270.SH,外运发展,20230506,
600270.SH,外运发展,20230505,
600270.SH,外运发展,20230504,
600270.SH,外运发展,20230503,
600270.SH,外运发展,20230502,
600270.SH,外运发展,20230501,
600270.SH,外运发展,20230430,
600270.SH,外运发展,20230429,
600270.SH,外运发展,20230428,
600270.SH,外运发展,20230427,
600270.SH,外运发展,20230426,
600270.SH,外运发展,20230425,
600270.SH,外运发展,20230424,
600270.SH,外运发展,20230423,
600270.SH,外运发展,20230422,
600270.SH,外运发展,20230421,
600270.SH,外运发展,20230420,
600270.SH,外运发展,20230419,
600270.SH,外运发展,20230418,
600270.SH,外运发展,20230417,
600270.SH,外运发展,20230416,
600270.SH,外运发展,20230415,
600270.SH,外运发展,20230414,
600270.SH,外运发展,20230413,
600270.SH,外运发展,20230412,
600270.SH,外运发展,20230411,
600270.SH,外运发展,20230410,
600270.SH,外运发展,20230409,
600270.SH,外运发展,20230408,
600270.SH,外运发展,20230407,
600270.SH,外运发展,20230406,
600270.SH,外运发展,20230405,
600270.SH,外运发展,20230404,
600270.SH,外运发展,20230403,
600270.SH,外运发展,20230402,
600270.SH,外运发展,20230401,
600270.SH,外运发展,20230331,
600270.SH,外运发展,20230330,
600270.SH,外运发展,20230329,
600270.SH,外运发展,20230328,
600270.SH,外运发展,20230327,
600270.SH,外运发展,20230326,
600270.SH,外运发展,20230325,
600270.SH,外运发展,20230324,
600270.SH,外运发展,20230323,
600270.SH,外运发展,20230322,
600270.SH,外运发展,20230321,
600270.SH,外运发展,20230320,
600270.SH,外运发展,20230319,
600270.SH,外运发展,20230318,
600270.SH,外运发展,20230317,
600270.SH,外运发展,20230316,
600270.SH,外运发展,20230315,
600270.SH,外运发展,20230314,
600270.SH,外运发展,20230313,
600270.SH,外运发展,20230312,
600270.SH,外运发展,20230311,
600270.SH,外运发展,20230310,
600270.SH,外运发展,20230309,
600270.SH,外运发展,20230308,
600270.SH,外运发展,20230307,
600270.SH,外运发展,20230306,
600270.SH,外运发展,20230305,
600270.SH,外运发展,20230304,
600270.SH,外运发展,20230303,
600270.SH,外运发展,20230302,
600270.SH,外运发展,20230301,
600270.SH,外运发展,20230228,
600270.SH,外运发展,20230227,
600270.SH,外运发展,20230226,
600270.SH,外运发展,20230225,
600270.SH,外运发展,20230224,
600270.SH,外运发展,20230223,
600270.SH,外运发展,20230222,
600270.SH,外运发展,20230221,
600270.SH,外运发展,20230220,
600270.SH,外运发展,20230219,
600270.SH,外运发展,20230218,
600270.SH,外运发展,20230217,
600270.SH,外运发展,20230216,
600270.SH,外运发展,20230215,
600270.SH,外运发展,20230214,
600270.SH,外运发展,20230213,
600270.SH,外运发展,20230212,
600270.SH,外运发展,20230211,
600270.SH,外运发展,20230210,
600270.SH,外运发展,20230209,
600270.SH,外运发展,20230208,
600270.SH,外运发展,20230207,
600270.SH,外运发展,20230206,
600270.SH,外运发展,20230205,
600270.SH,外运发展,20230204,
600270.SH,外运发展,20230203,
600270.SH,外运发展,20230202,
600270.SH,外运发展,20230201,
600270.SH,外运发展,20230131,
600270.SH,外运发展,20230130,
600270.SH,外运发展,20230129,
600270.SH,外运发展,20230128,
600270.SH,外运发展,20230127,
600270.SH,外运发展,20230126,
600270.SH,外运发展,20230125,
600270.SH,外运发展,20230124,
600270.SH,外运发展,20230123,
600270.SH,外运发展,20230122,
600270.SH,外运发展,20230121,
600270.SH,外运发展,20230120,
600270.SH,外运发展,20230119,
600270.SH,外运发展,20230118,
600270.SH,外运发展,20230117,
600270.SH,外运发展,20230116,
600270.SH,外运发展,20230115,
600270.SH,外运发展,20230114,
600270.SH,外运发展,20230113,
600270.SH,外运发展,20230112,
600270.SH,外运发展,20230111,
600270.SH,外运发展,20230110,
600270.SH,外运发展,20230109,
600270.SH,外运发展,20230108,
600270.SH,外运发展,20230107,
600270.SH,外运发展,20230106,
600270.SH,外运发展,20230105,
600270.SH,外运发展,20230104,
600270.SH,外运发展,20230103,
600270.SH,外运发展,20230102,
600270.SH,外运发展,20230101,
600270.SH,外运发展,20221231,
600270.SH,外运发展,20221230,
600270.SH,外运发展,20221229,
600270.SH,外运发展,20221228,
600270.SH,外运发展,20221227,
600270.SH,外运发展,20221226,
600270.SH,外运发展,20221225,
600270.SH,外运发展,20221224,
600270.SH,外运发展,20221223,
600270.SH,外运发展,20221222,
600270.SH,外运发展,20221221,
600270.SH,外运发展,20221220,
600270.SH,外运发展,20221219,
600270.SH,外运发展,20221218,
600270.SH,外运发展,20221217,
600270.SH,外运发展,20221216,
600270.SH,外运发展,20221215,
600270.SH,外运发展,20221214,
600270.SH,外运发展,20221213,
600270.SH,外运发展,20221212,
600270.SH,外运发展,20221211,
600270.SH,外运发展,20221210,
600270.SH,外运发展,20221209,
600270.SH,外运发展,20221208,
600270.SH,外运发展,20221207,
600270.SH,外运发展,20221206,
600270.SH,外运发展,20221205,
600270.SH,外运发展,20221204,
600270.SH,外运发展,20221203,
600270.SH,外运发展,20221202,
600270.SH,外运发展,20221201,
600270.SH,外运发展,20221130,
600270.SH,外运发展,20221129,
600270.SH,外运发展,20221128,
600270.SH,外运发展,20221127,
600270.SH,外运发展,20221126,
600270.SH,外运发展,20221125,
600270.SH,外运发展,20221124,
600270.SH,外运发展,20221123,
600270.SH,外运发展,20221122,
600270.SH,外运发展,20221121,
600270.SH,外运发展,20221120,
600270.SH,外运发展,20221119,
600270.SH,外运发展,20221118,
600270.SH,外运发展,20221117,
600270.SH,外运发展,20221116,
600270.SH,外运发展,20221115,
600270.SH,外运发展,20221114,
600270.SH,外运发展,20221113,
600270.SH,外运发展,20221112,
600270.SH,外运发展,20221111,
600270.SH,外运发展,20221110,
600270.SH,外运发展,20221109,
600270.SH,外运发展,20221108,
600270.SH,外运发展,20221107,
600270.SH,外运发展,20221106,
600270.SH,外运发展,20221105,
600270.SH,外运发展,20221104,
600270.SH,外运发展,20221103,
600270.SH,外运发展,20221102,
600270.SH,外运发展,20221101,
600270.SH,外运发展,20221031,
600270.SH,外运发展,20221030,
600270.SH,外运发展,20221029,
600270.SH,外运发展,20221028,
600270.SH,外运发展,20221027,
600270.SH,外运发展,20221026,
600270.SH,外运发展,20221025,
600270.SH,外运发展,20221024,
600270.SH,外运发展,20221023,
600270.SH,外运发展,20221022,
600270.SH,外运发展,20221021,
600270.SH,外运发展,20221020,
600270.SH,外运发展,20221019,
600270.SH,外运发展,20221018,
600270.SH,外运发展,20221017,
600270.SH,外运发展,20221016,
600270.SH,外运发展,20221015,
600270.SH,外运发展,20221014,
600270.SH,外运发展,20221013,
600270.SH,外运发展,20221012,
600270.SH,外运发展,20221011,
600270.SH,外运发展,20221010,
600270.SH,外运发展,20221009,
600270.SH,外运发展,20221008,
600270.SH,外运发展,20221007,
600270.SH,外运发展,20221006,
600270.SH,外运发展,20221005,
600270.SH,外运发展,20221004,
600270.SH,外运发展,20221003,
600270.SH,外运发展,20221002,
600270.SH,外运发展,20221001,
600270.SH,外运发展,20220930,
600270.SH,外运发展,20220929,
600270.SH,外运发展,20220928,
600270.SH,外运发展,20220927,
600270.SH,外运发展,20220926,
600270.SH,外运发展,20220925,
600270.SH,外运发展,20220924,
600270.SH,外运发展,20220923,
600270.SH,外运发展,20220922,
600270.SH,外运发展,20220921,
600270.SH,外运发展,20220920,
600270.SH,外运发展,20220919,
600270.SH,外运发展,20220918,
600270.SH,外运发展,20220917,
600270.SH,外运发展,20220916,
600270.SH,外运发展,20220915,
600270.SH,外运发展,20220914,
600270.SH,外运发展,20220913,
600270.SH,外运发展,20220912,
600270.SH,外运发展,20220911,
600270.SH,外运发展,20220910,
600270.SH,外运发展,20220909,
600270.SH,外运发展,20220908,
600270.SH,外运发展,20220907,
600270.SH,外运发展,20220906,
600270.SH,外运发展,20220905,
600270.SH,外运发展,20220904,
600270.SH,外运发展,20220903,
600270.SH,外运发展,20220902,
600270.SH,外运发展,20220901,
600270.SH,外运发展,20220831,
600270.SH,外运发展,20220830,
600270.SH,外运发展,20220829,
600270.SH,外运发展,20220828,
600270.SH,外运发展,20220827,
600270.SH,外运发展,20220826,
600270.SH,外运发展,20220825,
600270.SH,外运发展,20220824,
600270.SH,外运发展,20220823,
600270.SH,外运发展,20220822,
600270.SH,外运发展,20220821,
600270.SH,外运发展,20220820,
600270.SH,外运发展,20220819,
600270.SH,外运发展,20220818,
600270.SH,外运发展,20220817,
600270.SH,外运发展,20220816,
600270.SH,外运发展,20220815,
600270.SH,外运发展,20220814,
600270.SH,外运发展,20220813,
600270.SH,外运发展,20220812,
600270.SH,外运发展,20220811,
600270.SH,外运发展,20220810,
600270.SH,外运发展,20220809,
600270.SH,外运发展,20220808,
600270.SH,外运发展,20220807,
600270.SH,外运发展,20220806,
600270.SH,外运发展,20220805,
600270.SH,外运发展,20220804,
600270.SH,外运发展,20220803,
600270.SH,外运发展,20220802,
600270.SH,外运发展,20220801,
600270.SH,外运发展,20220731,
600270.SH,外运发展,20220730,
600270.SH,外运发展,20220729,
600270.SH,外运发展,20220728,
600270.SH,外运发展,20220727,
600270.SH,外运发展,20220726,
600270.SH,外运发展,20220725,
600270.SH,外运发展,20220724,
600270.SH,外运发展,20220723,
600270.SH,外运发展,20220722,
600270.SH,外运发展,20220721,
600270.SH,外运发展,20220720,
600270.SH,外运发展,20220719,
600270.SH,外运发展,20220718,
600270.SH,外运发展,20220717,
600270.SH,外运发展,20220716,
600270.SH,外运发展,20220715,
600270.SH,外运发展,20220714,
600270.SH,外运发展,20220713,
600270.SH,外运发展,20220712,
600270.SH,外运发展,20220711,
600270.SH,外运发展,20220710,
600270.SH,外运发展,20220709,
600270.SH,外运发展,20220708,
600270.SH,外运发展,20220707,
600270.SH,外运发展,20220706,
600270.SH,外运发展,20220705,
600270.SH,外运发展,20220704,
600270.SH,外运发展,20220703,
600270.SH,外运发展,20220702,
600270.SH,外运发展,20220701,
600270.SH,外运发展,20220630,
600270.SH,外运发展,20220629,
600270.SH,外运发展,20220628,
600270.SH,外运发展,20220627,
600270.SH,外运发展,20220626,
600270.SH,外运发展,20220625,
600270.SH,外运发展,20220624,
600270.SH,外运发展,20220623,
600270.SH,外运发展,20220622,
600270.SH,外运发展,20220621,
600270.SH,外运发展,20220620,
600270.SH,外运发展,20220619,
600270.SH,外运发展,20220618,
600270.SH,外运发展,20220617,
600270.SH,外运发展,20220616,
600270.SH,外运发展,20220615,
600270.SH,外运发展,20220614,
600270.SH,外运发展,20220613,
600270.SH,外运发展,20220612,
600270.SH,外运发展,20220611,
600270.SH,外运发展,20220610,
600270.SH,外运发展,20220609,
600270.SH,外运发展,20220608,
600270.SH,外运发展,20220607,
600270.SH,外运发展,20220606,
600270.SH,外运发展,20220605,
600270.SH,外运发展,20220604,
600270.SH,外运发展,20220603,
600270.SH,外运发展,20220602,
600270.SH,外运发展,20220601,
600270.SH,外运发展,20220531,
600270.SH,外运发展,20220530,
600270.SH,外运发展,20220529,
600270.SH,外运发展,20220528,
600270.SH,外运发展,20220527,
600270.SH,外运发展,20220526,
600270.SH,外运发展,20220525,
600270.SH,外运发展,20220524,
600270.SH,外运发展,20220523,
600270.SH,外运发展,20220522,
600270.SH,外运发展,20220521,
600270.SH,外运发展,20220520,
600270.SH,外运发展,20220519,
600270.SH,外运发展,20220518,
600270.SH,外运发展,20220517,
600270.SH,外运发展,20220516,
600270.SH,外运发展,20220515,
600270.SH,外运发展,20220514,
600270.SH,外运发展,20220513,
600270.SH,外运发展,20220512,
600270.SH,外运发展,20220511,
600270.SH,外运发展,20220510,
600270.SH,外运发展,20220509,
600270.SH,外运发展,20220508,
600270.SH,外运发展,20220507,
600270.SH,外运发展,20220506,
600270.SH,外运发展,20220505,
600270.SH,外运发展,20220504,
600270.SH,外运发展,20220503,
600270.SH,外运发展,20220502,
600270.SH,外运发展,20220501,
600270.SH,外运发展,20220430,
600270.SH,外运发展,20220429,
600270.SH,外运发展,20220428,
600270.SH,外运发展,20220427,
600270.SH,外运发展,20220426,
600270.SH,外运发展,20220425,
600270.SH,外运发展,20220424,
600270.SH,外运发展,20220423,
600270.SH,外运发展,20220422,
600270.SH,外运发展,20220421,
600270.SH,外运发展,20220420,
600270.SH,外运发展,20220419,
600270.SH,外运发展,20220418,
600270.SH,外运发展,20220417,
600270.SH,外运发展,20220416,
600270.SH,外运发展,20220415,
600270.SH,外运发展,20220414,
600270.SH,外运发展,20220413,
600270.SH,外运发展,20220412,
600270.SH,外运发展,20220411,
600270.SH,外运发展,20220410,
600270.SH,外运发展,20220409,
600270.SH,外运发展,20220408,
600270.SH,外运发展,20220407,
600270.SH,外运发展,20220406,
600270.SH,外运发展,20220405,
600270.SH,外运发展,20220404,
600270.SH,外运发展,20220403,
600270.SH,外运发展,20220402,
600270.SH,外运发展,20220401,
600270.SH,外运发展,20220331,
600270.SH,外运发展,20220330,
600270.SH,外运发展,20220329,
600270.SH,外运发展,20220328,
600270.SH,外运发展,20220327,
600270.SH,外运发展,20220326,
600270.SH,外运发展,20220325,
600270.SH,外运发展,20220324,
600270.SH,外运发展,20220323,
600270.SH,外运发展,20220322,
600270.SH,外运发展,20220321,
600270.SH,外运发展,20220320,
600270.SH,外运发展,20220319,
600270.SH,外运发展,20220318,
600270.SH,外运发展,20220317,
600270.SH,外运发展,20220316,
600270.SH,外运发展,20220315,
600270.SH,外运发展,20220314,
600270.SH,外运发展,20220313,
600270.SH,外运发展,20220312,
600270.SH,外运发展,20220311,
600270.SH,外运发展,20220310,
600270.SH,外运发展,20220309,
600270.SH,外运发展,20220308,
600270.SH,外运发展,20220307,
600270.SH,外运发展,20220306,
600270.SH,外运发展,20220305,
600270.SH,外运发展,20220304,
600270.SH,外运发展,20220303,
600270.SH,外运发展,20220302,
600270.SH,外运发展,20220301,
600270.SH,外运发展,20220228,
600270.SH,外运发展,20220227,
600270.SH,外运发展,20220226,
600270.SH,外运发展,20220225,
600270.SH,外运发展,20220224,
600270.SH,外运发展,20220223,
600270.SH,外运发展,20220222,
600270.SH,外运发展,20220221,
600270.SH,外运发展,20220220,
600270.SH,外运发展,20220219,
600270.SH,外运发展,20220218,
600270.SH,外运发展,20220217,
600270.SH,外运发展,20220216,
600270.SH,外运发展,20220215,
600270.SH,外运发展,20220214,
600270.SH,外运发展,20220213,
600270.SH,外运发展,20220212,
600270.SH,外运发展,20220211,
600270.SH,外运发展,20220210,
600270.SH,外运发展,20220209,
600270.SH,外运发展,20220208,
600270.SH,外运发展,20220207,
600270.SH,外运发展,20220206,
600270.SH,外运发展,20220205,
600270.SH,外运发展,20220204,
600270.SH,外运发展,20220203,
600270.SH,外运发展,20220202,
600270.SH,外运发展,20220201,
600270.SH,外运发展,20220131,
600270.SH,外运发展,20220130,
600270.SH,外运发展,20220129,
600270.SH,外运发展,20220128,
600270.SH,外运发展,20220127,
600270.SH,外运发展,20220126,
600270.SH,外运发展,20220125,
600270.SH,外运发展,20220124,
600270.SH,外运发展,20220123,
600270.SH,外运发展,20220122,
600270.SH,外运发展,20220121,
600270.SH,外运发展,20220120,
600270.SH,外运发展,20220119,
600270.SH,外运发展,20220118,
600270.SH,外运发展,20220117,
600270.SH,外运发展,20220116,
600270.SH,外运发展,20220115,
600270.SH,外运发展,20220114,
600270.SH,外运发展,20220113,
600270.SH,外运发展,20220112,
600270.SH,外运发展,20220111,
600270.SH,外运发展,20220110,
600270.SH,外运发展,20220109,
600270.SH,外运发展,20220108,
600270.SH,外运发展,20220107,
600270.SH,外运发展,20220106,
600270.SH,外运发展,20220105,
600270.SH,外运发展,20220104,
600270.SH,外运发展,20220103,
600270.SH,外运发展,20220102,
600270.SH,外运发展,20220101,
600270.SH,外运发展,20211231,
600270.SH,外运发展,20211230,
600270.SH,外运发展,20211229,
600270.SH,外运发展,20211228,
600270.SH,外运发展,20211227,
600270.SH,外运发展,20211226,
600270.SH,外运发展,20211225,
600270.SH,外运发展,20211224,
600270.SH,外运发展,20211223,
600270.SH,外运发展,20211222,
600270.SH,外运发展,20211221,
600270.SH,外运发展,20211220,
600270.SH,外运发展,20211219,
600270.SH,外运发展,20211218,
600270.SH,外运发展,20211217,
600270.SH,外运发展,20211216,
600270.SH,外运发展,20211215,
600270.SH,外运发展,20211214,
600270.SH,外运发展,20211213,
600270.SH,外运发展,20211212,
600270.SH,外运发展,20211211,
600270.SH,外运发展,20211210,
600270.SH,外运发展,20211209,
600270.SH,外运发展,20211208,
600270.SH,外运发展,20211207,
600270.SH,外运发展,20211206,
600270.SH,外运发展,20211205,
600270.SH,外运发展,20211204,
600270.SH,外运发展,20211203,
600270.SH,外运发展,20211202,
600270.SH,外运发展,20211201,
600270.SH,外运发展,20211130,
600270.SH,外运发展,20211129,
600270.SH,外运发展,20211128,
600270.SH,外运发展,20211127,
600270.SH,外运发展,20211126,
600270.SH,外运发展,20211125,
600270.SH,外运发展,20211124,
600270.SH,外运发展,20211123,
600270.SH,外运发展,20211122,
600270.SH,外运发展,20211121,
600270.SH,外运发展,20211120,
600270.SH,外运发展,20211119,
600270.SH,外运发展,20211118,
600270.SH,外运发展,20211117,
600270.SH,外运发展,20211116,
600270.SH,外运发展,20211115,
600270.SH,外运发展,20211114,
600270.SH,外运发展,20211113,
600270.SH,外运发展,20211112,
600270.SH,外运发展,20211111,
600270.SH,外运发展,20211110,
600270.SH,外运发展,20211109,
600270.SH,外运发展,20211108,
600270.SH,外运发展,20211107,
600270.SH,外运发展,20211106,
600270.SH,外运发展,20211105,
600270.SH,外运发展,20211104,
600270.SH,外运发展,20211103,
600270.SH,外运发展,20211102,
600270.SH,外运发展,20211101,
600270.SH,外运发展,20211031,
600270.SH,外运发展,20211030,
600270.SH,外运发展,20211029,
600270.SH,外运发展,20211028,
600270.SH,外运发展,20211027,
600270.SH,外运发展,20211026,
600270.SH,外运发展,20211025,
600270.SH,外运发展,20211024,
600270.SH,外运发展,20211023,
600270.SH,外运发展,20211022,
600270.SH,外运发展,20211021,
600270.SH,外运发展,20211020,
600270.SH,外运发展,20211019,
600270.SH,外运发展,20211018,
600270.SH,外运发展,20211017,
600270.SH,外运发展,20211016,
600270.SH,外运发展,20211015,
600270.SH,外运发展,20211014,
600270.SH,外运发展,20211013,
600270.SH,外运发展,20211012,
600270.SH,外运发展,20211011,
600270.SH,外运发展,20211010,
600270.SH,外运发展,20211009,
600270.SH,外运发展,20211008,
600270.SH,外运发展,20211007,
600270.SH,外运发展,20211006,
600270.SH,外运发展,20211005,
600270.SH,外运发展,20211004,
600270.SH,外运发展,20211003,
600270.SH,外运发展,20211002,
600270.SH,外运发展,20211001,
600270.SH,外运发展,20210930,
600270.SH,外运发展,20210929,
600270.SH,外运发展,20210928,
600270.SH,外运发展,20210927,
600270.SH,外运发展,20210926,
600270.SH,外运发展,20210925,
600270.SH,外运发展,20210924,
600270.SH,外运发展,20210923,
600270.SH,外运发展,20210922,
600270.SH,外运发展,20210921,
600270.SH,外运发展,20210920,
600270.SH,外运发展,20210919,
600270.SH,外运发展,20210918,
600270.SH,外运发展,20210917,
600270.SH,外运发展,20210916,
600270.SH,外运发展,20210915,
600270.SH,外运发展,20210914,
600270.SH,外运发展,20210913,
600270.SH,外运发展,20210912,
600270.SH,外运发展,20210911,
600270.SH,外运发展,20210910,
600270.SH,外运发展,20210909,
600270.SH,外运发展,20210908,
600270.SH,外运发展,20210907,
600270.SH,外运发展,20210906,
600270.SH,外运发展,20210905,
600270.SH,外运发展,20210904,
600270.SH,外运发展,20210903,
600270.SH,外运发展,20210902,
600270.SH,外运发展,20210901,
600270.SH,外运发展,20210831,
600270.SH,外运发展,20210830,
600270.SH,外运发展,20210829,
600270.SH,外运发展,20210828,
600270.SH,外运发展,20210827,
600270.SH,外运发展,20210826,
600270.SH,外运发展,20210825,
600270.SH,外运发展,20210824,
600270.SH,外运发展,20210823,
600270.SH,外运发展,20210822,
600270.SH,外运发展,20210821,
600270.SH,外运发展,20210820,
600270.SH,外运发展,20210819,
600270.SH,外运发展,20210818,
600270.SH,外运发展,20210817,
600270.SH,外运发展,20210816,
600270.SH,外运发展,20210815,
600270.SH,外运发展,20210814,
600270.SH,外运发展,20210813,
600270.SH,外运发展,20210812,
600270.SH,外运发展,20210811,
600270.SH,外运发展,20210810,
600270.SH,外运发展,20210809,
600270.SH,外运发展,20210808,
600270.SH,外运发展,20210807,
600270.SH,外运发展,20210806,
600270.SH,外运发展,20210805,
600270.SH,外运发展,20210804,
600270.SH,外运发展,20210803,
600270.SH,外运发展,20210802,
600270.SH,外运发展,20210801,
600270.SH,外运发展,20210731,
600270.SH,外运发展,20210730,
600270.SH,外运发展,20210729,
600270.SH,外运发展,20210728,
600270.SH,外运发展,20210727,
600270.SH,外运发展,20210726,
600270.SH,外运发展,20210725,
600270.SH,外运发展,20210724,
600270.SH,外运发展,20210723,
600270.SH,外运发展,20210722,
600270.SH,外运发展,20210721,
600270.SH,外运发展,20210720,
600270.SH,外运发展,20210719,
600270.SH,外运发展,20210718,
600270.SH,外运发展,20210717,
600270.SH,外运发展,20210716,
600270.SH,外运发展,20210715,
600270.SH,外运发展,20210714,
600270.SH,外运发展,20210713,
600270.SH,外运发展,20210712,
600270.SH,外运发展,20210711,
600270.SH,外运发展,20210710,
600270.SH,外运发展,20210709,
600270.SH,外运发展,20210708,
600270.SH,外运发展,20210707,
600270.SH,外运发展,20210706,
600270.SH,外运发展,20210705,
600270.SH,外运发展,20210704,
600270.SH,外运发展,20210703,
600270.SH,外运发展,20210702,
600270.SH,外运发展,20210701,
600270.SH,外运发展,20210630,
600270.SH,外运发展,20210629,
600270.SH,外运发展,20210628,
600270.SH,外运发展,20210627,
600270.SH,外运发展,20210626,
600270.SH,外运发展,20210625,
600270.SH,外运发展,20210624,
600270.SH,外运发展,20210623,
600270.SH,外运发展,20210622,
600270.SH,外运发展,20210621,
600270.SH,外运发展,20210620,
600270.SH,外运发展,20210619,
600270.SH,外运发展,20210618,
600270.SH,外运发展,20210617,
600270.SH,外运发展,20210616,
600270.SH,外运发展,20210615,
600270.SH,外运发展,20210614,
600270.SH,外运发展,20210613,
600270.SH,外运发展,20210612,
600270.SH,外运发展,20210611,
600270.SH,外运发展,20210610,
600270.SH,外运发展,20210609,
600270.SH,外运发展,20210608,
600270.SH,外运发展,20210607,
600270.SH,外运发展,20210606,
600270.SH,外运发展,20210605,
600270.SH,外运发展,20210604,
600270.SH,外运发展,20210603,
600270.SH,外运发展,20210602,
600270.SH,外运发展,20210601,
600270.SH,外运发展,20210531,
600270.SH,外运发展,20210530,
600270.SH,外运发展,20210529,
600270.SH,外运发展,20210528,
600270.SH,外运发展,20210527,
600270.SH,外运发展,20210526,
600270.SH,外运发展,20210525,
600270.SH,外运发展,20210524,
600270.SH,外运发展,20210523,
600270.SH,外运发展,20210522,
600270.SH,外运发展,20210521,
600270.SH,外运发展,20210520,
600270.SH,外运发展,20210519,
600270.SH,外运发展,20210518,
600270.SH,外运发展,20210517,
600270.SH,外运发展,20210516,
600270.SH,外运发展,20210515,
600270.SH,外运发展,20210514,
600270.SH,外运发展,20210513,
600270.SH,外运发展,20210512,
600270.SH,外运发展,20210511,
600270.SH,外运发展,20210510,
600270.SH,外运发展,20210509,
600270.SH,外运发展,20210508,
600270.SH,外运发展,20210507,
600270.SH,外运发展,20210506,
600270.SH,外运发展,20210505,
600270.SH,外运发展,20210504,
600270.SH,外运发展,20210503,
600270.SH,外运发展,20210502,
600270.SH,外运发展,20210501,
600270.SH,外运发展,20210430,
600270.SH,外运发展,20210429,
600270.SH,外运发展,20210428,
600270.SH,外运发展,20210427,
600270.SH,外运发展,20210426,
600270.SH,外运发展,20210425,
600270.SH,外运发展,20210424,
600270.SH,外运发展,20210423,
600270.SH,外运发展,20210422,
600270.SH,外运发展,20210421,
600270.SH,外运发展,20210420,
600270.SH,外运发展,20210419,
600270.SH,外运发展,20210418,
600270.SH,外运发展,20210417,
600270.SH,外运发展,20210416,
600270.SH,外运发展,20210415,
600270.SH,外运发展,20210414,
600270.SH,外运发展,20210413,
600270.SH,外运发展,20210412,
600270.SH,外运发展,20210411,
600270.SH,外运发展,20210410,
600270.SH,外运发展,20210409,
600270.SH,外运发展,20210408,
600270.SH,外运发展,20210407,
600270.SH,外运发展,20210406,
600270.SH,外运发展,20210405,
600270.SH,外运发展,20210404,
600270.SH,外运发展,20210403,
600270.SH,外运发展,20210402,
600270.SH,外运发展,20210401,
600270.SH,外运发展,20210331,
600270.SH,外运发展,20210330,
600270.SH,外运发展,20210329,
600270.SH,外运发展,20210328,
600270.SH,外运发展,20210327,
600270.SH,外运发展,20210326,
600270.SH,外运发展,20210325,
600270.SH,外运发展,20210324,
600270.SH,外运发展,20210323,
600270.SH,外运发展,20210322,
600270.SH,外运发展,20210321,
600270.SH,外运发展,20210320,
600270.SH,外运发展,20210319,
600270.SH,外运发展,20210318,
600270.SH,外运发展,20210317,
600270.SH,外运发展,20210316,
600270.SH,外运发展,20210315,
600270.SH,外运发展,20210314,
600270.SH,外运发展,20210313,
600270.SH,外运发展,20210312,
600270.SH,外运发展,20210311,
600270.SH,外运发展,20210310,
600270.SH,外运发展,20210309,
600270.SH,外运发展,20210308,
600270.SH,外运发展,20210307,
600270.SH,外运发展,20210306,
600270.SH,外运发展,20210305,
600270.SH,外运发展,20210304,
600270.SH,外运发展,20210303,
600270.SH,外运发展,20210302,
600270.SH,外运发展,20210301,
600270.SH,外运发展,20210228,
600270.SH,外运发展,20210227,
600270.SH,外运发展,20210226,
600270.SH,外运发展,20210225,
600270.SH,外运发展,20210224,
600270.SH,外运发展,20210223,
600270.SH,外运发展,20210222,
600270.SH,外运发展,20210221,
600270.SH,外运发展,20210220,
600270.SH,外运发展,20210219,
600270.SH,外运发展,20210218,
600270.SH,外运发展,20210217,
600270.SH,外运发展,20210216,
600270.SH,外运发展,20210215,
600270.SH,外运发展,20210214,
600270.SH,外运发展,20210213,
600270.SH,外运发展,20210212,
600270.SH,外运发展,20210211,
600270.SH,外运发展,20210210,
600270.SH,外运发展,20210209,
600270.SH,外运发展,20210208,
600270.SH,外运发展,20210207,
600270.SH,外运发展,20210206,
600270.SH,外运发展,20210205,
600270.SH,外运发展,20210204,
600270.SH,外运发展,20210203,
600270.SH,外运发展,20210202,
600270.SH,外运发展,20210201,
600270.SH,外运发展,20210131,
600270.SH,外运发展,20210130,
600270.SH,外运发展,20210129,
600270.SH,外运发展,20210128,
600270.SH,外运发展,20210127,
600270.SH,外运发展,20210126,
600270.SH,外运发展,20210125,
600270.SH,外运发展,20210124,
600270.SH,外运发展,20210123,
600270.SH,外运发展,20210122,
600270.SH,外运发展,20210121,
600270.SH,外运发展,20210120,
600270.SH,外运发展,20210119,
600270.SH,外运发展,20210118,
600270.SH,外运发展,20210117,
600270.SH,外运发展,20210116,
600270.SH,外运发展,20210115,
600270.SH,外运发展,20210114,
600270.SH,外运发展,20210113,
600270.SH,外运发展,20210112,
600270.SH,外运发展,20210111,
600270.SH,外运发展,20210110,
600270.SH,外运发展,20210109,
600270.SH,外运发展,20210108,
600270.SH,外运发展,20210107,
600270.SH,外运发展,20210106,
600270.SH,外运发展,20210105,
600270.SH,外运发展,20210104,
600270.SH,外运发展,20210103,
600270.SH,外运发展,20210102,
600270.SH,外运发展,20210101,
600270.SH,外运发展,20201231,
600270.SH,外运发展,20201230,
600270.SH,外运发展,20201229,
600270.SH,外运发展,20201228,
600270.SH,外运发展,20201227,
600270.SH,外运发展,20201226,
600270.SH,外运发展,20201225,
600270.SH,外运发展,20201224,
600270.SH,外运发展,20201223,
600270.SH,外运发展,20201222,
600270.SH,外运发展,20201221,
600270.SH,外运发展,20201220,
600270.SH,外运发展,20201219,
600270.SH,外运发展,20201218,
600270.SH,外运发展,20201217,
600270.SH,外运发展,20201216,
600270.SH,外运发展,20201215,
600270.SH,外运发展,20201214,
600270.SH,外运发展,20201213,
600270.SH,外运发展,20201212,
600270.SH,外运发展,20201211,
600270.SH,外运发展,20201210,
600270.SH,外运发展,20201209,
600270.SH,外运发展,20201208,
600270.SH,外运发展,20201207,
600270.SH,外运发展,20201206,
600270.SH,外运发展,20201205,
600270.SH,外运发展,20201204,
600270.SH,外运发展,20201203,
600270.SH,外运发展,20201202,
600270.SH,外运发展,20201201,
600270.SH,外运发展,20201130,
600270.SH,外运发展,20201129,
600270.SH,外运发展,20201128,
600270.SH,外运发展,20201127,
600270.SH,外运发展,20201126,
600270.SH,外运发展,20201125,
600270.SH,外运发展,20201124,
600270.SH,外运发展,20201123,
600270.SH,外运发展,20201122,
600270.SH,外运发展,20201121,
600270.SH,外运发展,20201120,
600270.SH,外运发展,20201119,
600270.SH,外运发展,20201118,
600270.SH,外运发展,20201117,
600270.SH,外运发展,20201116,
600270.SH,外运发展,20201115,
600270.SH,外运发展,20201114,
600270.SH,外运发展,20201113,
600270.SH,外运发展,20201112,
600270.SH,外运发展,20201111,
600270.SH,外运发展,20201110,
600270.SH,外运发展,20201109,
600270.SH,外运发展,20201108,
600270.SH,外运发展,20201107,
600270.SH,外运发展,20201106,
600270.SH,外运发展,20201105,
600270.SH,外运发展,20201104,
600270.SH,外运发展,20201103,
600270.SH,外运发展,20201102,
600270.SH,外运发展,20201101,
600270.SH,外运发展,20201031,
600270.SH,外运发展,20201030,
600270.SH,外运发展,20201029,
600270.SH,外运发展,20201028,
600270.SH,外运发展,20201027,
600270.SH,外运发展,20201026,
600270.SH,外运发展,20201025,
600270.SH,外运发展,20201024,
600270.SH,外运发展,20201023,
600270.SH,外运发展,20201022,
600270.SH,外运发展,20201021,
600270.SH,外运发展,20201020,
600270.SH,外运发展,20201019,
600270.SH,外运发展,20201018,
600270.SH,外运发展,20201017,
600270.SH,外运发展,20201016,
600270.SH,外运发展,20201015,
600270.SH,外运发展,20201014,
600270.SH,外运发展,20201013,
600270.SH,外运发展,20201012,
600270.SH,外运发展,20201011,
600270.SH,外运发展,20201010,
600270.SH,外运发展,20201009,
600270.SH,外运发展,20201008,
600270.SH,外运发展,20201007,
600270.SH,外运发展,20201006,
600270.SH,外运发展,20201005,
600270.SH,外运发展,20201004,
600270.SH,外运发展,20201003,
600270.SH,外运发展,20201002,
600270.SH,外运发展,20201001,
600270.SH,外运发展,20200930,
600270.SH,外运发展,20200929,
600270.SH,外运发展,20200928,
600270.SH,外运发展,20200927,
600270.SH,外运发展,20200926,
600270.SH,外运发展,20200925,
600270.SH,外运发展,20200924,
600270.SH,外运发展,20200923,
600270.SH,外运发展,20200922,
600270.SH,外运发展,20200921,
600270.SH,外运发展,20200920,
600270.SH,外运发展,20200919,
600270.SH,外运发展,20200918,
600270.SH,外运发展,20200917,
600270.SH,外运发展,20200916,
600270.SH,外运发展,20200915,
600270.SH,外运发展,20200914,
600270.SH,外运发展,20200913,
600270.SH,外运发展,20200912,
600270.SH,外运发展,20200911,
600270.SH,外运发展,20200910,
600270.SH,外运发展,20200909,
600270.SH,外运发展,20200908,
600270.SH,外运发展,20200907,
600270.SH,外运发展,20200906,
600270.SH,外运发展,20200905,
600270.SH,外运发展,20200904,
600270.SH,外运发展,20200903,
600270.SH,外运发展,20200902,
600270.SH,外运发展,20200901,
600270.SH,外运发展,20200831,
600270.SH,外运发展,20200830,
600270.SH,外运发展,20200829,
600270.SH,外运发展,20200828,
600270.SH,外运发展,20200827,
600270.SH,外运发展,20200826,
600270.SH,外运发展,20200825,
600270.SH,外运发展,20200824,
600270.SH,外运发展,20200823,
600270.SH,外运发展,20200822,
600270.SH,外运发展,20200821,
600270.SH,外运发展,20200820,
600270.SH,外运发展,20200819,
600270.SH,外运发展,20200818,
600270.SH,外运发展,20200817,
600270.SH,外运发展,20200816,
600270.SH,外运发展,20200815,
600270.SH,外运发展,20200814,
600270.SH,外运发展,20200813,
600270.SH,外运发展,20200812,
600270.SH,外运发展,20200811,
600270.SH,外运发展,20200810,
600270.SH,外运发展,20200809,
600270.SH,外运发展,20200808,
600270.SH,外运发展,20200807,
600270.SH,外运发展,20200806,
600270.SH,外运发展,20200805,
600270.SH,外运发展,20200804,
600270.SH,外运发展,20200803,
600270.SH,外运发展,20200802,
600270.SH,外运发展,20200801,
600270.SH,外运发展,20200731,
600270.SH,外运发展,20200730,
600270.SH,外运发展,20200729,
600270.SH,外运发展,20200728,
600270.SH,外运发展,20200727,
600270.SH,外运发展,20200726,
600270.SH,外运发展,20200725,
600270.SH,外运发展,20200724,
600270.SH,外运发展,20200723,
600270.SH,外运发展,20200722,
600270.SH,外运发展,20200721,
600270.SH,外运发展,20200720,
600270.SH,外运发展,20200719,
600270.SH,外运发展,20200718,
600270.SH,外运发展,20200717,
600270.SH,外运发展,20200716,
600270.SH,外运发展,20200715,
600270.SH,外运发展,20200714,
600270.SH,外运发展,20200713,
600270.SH,外运发展,20200712,
600270.SH,外运发展,20200711,
600270.SH,外运发展,20200710,
600270.SH,外运发展,20200709,
600270.SH,外运发展,20200708,
600270.SH,外运发展,20200707,
600270.SH,外运发展,20200706,
600270.SH,外运发展,20200705,
600270.SH,外运发展,20200704,
600270.SH,外运发展,20200703,
600270.SH,外运发展,20200702,
600270.SH,外运发展,20200701,
600270.SH,外运发展,20200630,
600270.SH,外运发展,20200629,
600270.SH,外运发展,20200628,
600270.SH,外运发展,20200627,
600270.SH,外运发展,20200626,
600270.SH,外运发展,20200625,
600270.SH,外运发展,20200624,
600270.SH,外运发展,20200623,
600270.SH,外运发展,20200622,
600270.SH,外运发展,20200621,
600270.SH,外运发展,20200620,
600270.SH,外运发展,20200619,
600270.SH,外运发展,20200618,
600270.SH,外运发展,20200617,
600270.SH,外运发展,20200616,
600270.SH,外运发展,20200615,
600270.SH,外运发展,20200614,
600270.SH,外运发展,20200613,
600270.SH,外运发展,20200612,
600270.SH,外运发展,20200611,
600270.SH,外运发展,20200610,
600270.SH,外运发展,20200609,
600270.SH,外运发展,20200608,
600270.SH,外运发展,20200607,
600270.SH,外运发展,20200606,
600270.SH,外运发展,20200605,
600270.SH,外运发展,20200604,
600270.SH,外运发展,20200603,
600270.SH,外运发展,20200602,
600270.SH,外运发展,20200601,
600270.SH,外运发展,20200531,
600270.SH,外运发展,20200530,
600270.SH,外运发展,20200529,
600270.SH,外运发展,20200528,
600270.SH,外运发展,20200527,
600270.SH,外运发展,20200526,
600270.SH,外运发展,20200525,
600270.SH,外运发展,20200524,
600270.SH,外运发展,20200523,
600270.SH,外运发展,20200522,
600270.SH,外运发展,20200521,
600270.SH,外运发展,20200520,
600270.SH,外运发展,20200519,
600270.SH,外运发展,20200518,
600270.SH,外运发展,20200517,
600270.SH,外运发展,20200516,
600270.SH,外运发展,20200515,
600270.SH,外运发展,20200514,
600270.SH,外运发展,20200513,
600270.SH,外运发展,20200512,
600270.SH,外运发展,20200511,
600270.SH,外运发展,20200510,
600270.SH,外运发展,20200509,
600270.SH,外运发展,20200508,
600270.SH,外运发展,20200507,
600270.SH,外运发展,20200506,
600270.SH,外运发展,20200505,
600270.SH,外运发展,20200504,
600270.SH,外运发展,20200503,
600270.SH,外运发展,20200502,
600270.SH,外运发展,20200501,
600270.SH,外运发展,20200430,
600270.SH,外运发展,20200429,
600270.SH,外运发展,20200428,
600270.SH,外运发展,20200427,
600270.SH,外运发展,20200426,
600270.SH,外运发展,20200425,
600270.SH,外运发展,20200424,
600270.SH,外运发展,20200423,
600270.SH,外运发展,20200422,
600270.SH,外运发展,20200421,
600270.SH,外运发展,20200420,
600270.SH,外运发展,20200419,
600270.SH,外运发展,20200418,
600270.SH,外运发展,20200417,
600270.SH,外运发展,20200416,
600270.SH,外运发展,20200415,
600270.SH,外运发展,20200414,
600270.SH,外运发展,20200413,
600270.SH,外运发展,20200412,
600270.SH,外运发展,20200411,
600270.SH,外运发展,20200410,
600270.SH,外运发展,20200409,
600270.SH,外运发展,20200408,
600270.SH,外运发展,20200407,
600270.SH,外运发展,20200406,
600270.SH,外运发展,20200405,
600270.SH,外运发展,20200404,
600270.SH,外运发展,20200403,
600270.SH,外运发展,20200402,
600270.SH,外运发展,20200401,
600270.SH,外运发展,20200331,
600270.SH,外运发展,20200330,
600270.SH,外运发展,20200329,
600270.SH,外运发展,20200328,
600270.SH,外运发展,20200327,
600270.SH,外运发展,20200326,
600270.SH,外运发展,20200325,
600270.SH,外运发展,20200324,
600270.SH,外运发展,20200323,
600270.SH,外运发展,20200322,
600270.SH,外运发展,20200321,
600270.SH,外运发展,20200320,
600270.SH,外运发展,20200319,
600270.SH,外运发展,20200318,
600270.SH,外运发展,20200317,
600270.SH,外运发展,20200316,
600270.SH,外运发展,20200315,
600270.SH,外运发展,20200314,
600270.SH,外运发展,20200313,
600270.SH,外运发展,20200312,
600270.SH,外运发展,20200311,
600270.SH,外运发展,20200310,
600270.SH,外运发展,20200309,
600270.SH,外运发展,20200308,
600270.SH,外运发展,20200307,
600270.SH,外运发展,20200306,
600270.SH,外运发展,20200305,
600270.SH,外运发展,20200304,
600270.SH,外运发展,20200303,
600270.SH,外运发展,20200302,
600270.SH,外运发展,20200301,
600270.SH,外运发展,20200229,
600270.SH,外运发展,20200228,
600270.SH,外运发展,20200227,
600270.SH,外运发展,20200226,
600270.SH,外运发展,20200225,
600270.SH,外运发展,20200224,
600270.SH,外运发展,20200223,
600270.SH,外运发展,20200222,
600270.SH,外运发展,20200221,
600270.SH,外运发展,20200220,
600270.SH,外运发展,20200219,
600270.SH,外运发展,20200218,
600270.SH,外运发展,20200217,
600270.SH,外运发展,20200216,
600270.SH,外运发展,20200215,
600270.SH,外运发展,20200214,
600270.SH,外运发展,20200213,
600270.SH,外运发展,20200212,
600270.SH,外运发展,20200211,
600270.SH,外运发展,20200210,
600270.SH,外运发展,20200209,
600270.SH,外运发展,20200208,
600270.SH,外运发展,20200207,
600270.SH,外运发展,20200206,
600270.SH,外运发展,20200205,
600270.SH,外运发展,20200204,
600270.SH,外运发展,20200203,
600270.SH,外运发展,20200202,
600270.SH,外运发展,20200201,
600270.SH,外运发展,20200131,
600270.SH,外运发展,20200130,
600270.SH,外运发展,20200129,
600270.SH,外运发展,20200128,
600270.SH,外运发展,20200127,
600270.SH,外运发展,20200126,
600270.SH,外运发展,20200125,
600270.SH,外运发展,20200124,
600270.SH,外运发展,20200123,
600270.SH,外运发展,20200122,
600270.SH,外运发展,20200121,
600270.SH,外运发展,20200120,
600270.SH,外运发展,20200119,
600270.SH,外运发展,20200118,
600270.SH,外运发展,20200117,
600270.SH,外运发展,20200116,
600270.SH,外运发展,20200115,
600270.SH,外运发展,20200114,
600270.SH,外运发展,20200113,
600270.SH,外运发展,20200112,
600270.SH,外运发展,20200111,
600270.SH,外运发展,20200110,
600270.SH,外运发展,20200109,
600270.SH,外运发展,20200108,
600270.SH,外运发展,20200107,
600270.SH,外运发展,20200106,
600270.SH,外运发展,20200105,
600270.SH,外运发展,20200104,
600270.SH,外运发展,20200103,
600270.SH,外运发展,20200102,
600270.SH,外运发展,20200101,
600270.SH,外运发展,20191231,
600270.SH,外运发展,20191230,
600270.SH,外运发展,20191229,
600270.SH,外运发展,20191228,
600270.SH,外运发展,20191227,
600270.SH,外运发展,20191226,
600270.SH,外运发展,20191225,
600270.SH,外运发展,20191224,
600270.SH,外运发展,20191223,
600270.SH,外运发展,20191222,
600270.SH,外运发展,20191221,
600270.SH,外运发展,20191220,
600270.SH,外运发展,20191219,
600270.SH,外运发展,20191218,
600270.SH,外运发展,20191217,
600270.SH,外运发展,20191216,
600270.SH,外运发展,20191215,
600270.SH,外运发展,20191214,
600270.SH,外运发展,20191213,
600270.SH,外运发展,20191212,
600270.SH,外运发展,20191211,
600270.SH,外运发展,20191210,
600270.SH,外运发展,20191209,
600270.SH,外运发展,20191208,
600270.SH,外运发展,20191207,
600270.SH,外运发展,20191206,
600270.SH,外运发展,20191205,
600270.SH,外运发展,20191204,
600270.SH,外运发展,20191203,
600270.SH,外运发展,20191202,
600270.SH,外运发展,20191201,
600270.SH,外运发展,20191130,
600270.SH,外运发展,20191129,
600270.SH,外运发展,20191128,
600270.SH,外运发展,20191127,
600270.SH,外运发展,20191126,
600270.SH,外运发展,20191125,
600270.SH,外运发展,20191124,
600270.SH,外运发展,20191123,
600270.SH,外运发展,20191122,
600270.SH,外运发展,20191121,
600270.SH,外运发展,20191120,
600270.SH,外运发展,20191119,
600270.SH,外运发展,20191118,
600270.SH,外运发展,20191117,
600270.SH,外运发展,20191116,
600270.SH,外运发展,20191115,
600270.SH,外运发展,20191114,
600270.SH,外运发展,20191113,
600270.SH,外运发展,20191112,
600270.SH,外运发展,20191111,
600270.SH,外运发展,20191110,
600270.SH,外运发展,20191109,
600270.SH,外运发展,20191108,
600270.SH,外运发展,20191107,
600270.SH,外运发展,20191106,
600270.SH,外运发展,20191105,
600270.SH,外运发展,20191104,
600270.SH,外运发展,20191103,
600270.SH,外运发展,20191102,
600270.SH,外运发展,20191101,
600270.SH,外运发展,20191031,
600270.SH,外运发展,20191030,
600270.SH,外运发展,20191029,
600270.SH,外运发展,20191028,
600270.SH,外运发展,20191027,
600270.SH,外运发展,20191026,
600270.SH,外运发展,20191025,
600270.SH,外运发展,20191024,
600270.SH,外运发展,20191023,
600270.SH,外运发展,20191022,
600270.SH,外运发展,20191021,
600270.SH,外运发展,20191020,
600270.SH,外运发展,20191019,
600270.SH,外运发展,20191018,
600270.SH,外运发展,20191017,
600270.SH,外运发展,20191016,
600270.SH,外运发展,20191015,
600270.SH,外运发展,20191014,
600270.SH,外运发展,20191013,
600270.SH,外运发展,20191012,
600270.SH,外运发展,20191011,
600270.SH,外运发展,20191010,
600270.SH,外运发展,20191009,
600270.SH,外运发展,20191008,
600270.SH,外运发展,20191007,
600270.SH,外运发展,20191006,
600270.SH,外运发展,20191005,
600270.SH,外运发展,20191004,
600270.SH,外运发展,20191003,
600270.SH,外运发展,20191002,
600270.SH,外运发展,20191001,
600270.SH,外运发展,20190930,
600270.SH,外运发展,20190929,
600270.SH,外运发展,20190928,
600270.SH,外运发展,20190927,
600270.SH,外运发展,20190926,
600270.SH,外运发展,20190925,
600270.SH,外运发展,20190924,
600270.SH,外运发展,20190923,
600270.SH,外运发展,20190922,
600270.SH,外运发展,20190921,
600270.SH,外运发展,20190920,
600270.SH,外运发展,20190919,
600270.SH,外运发展,20190918,
600270.SH,外运发展,20190917,
600270.SH,外运发展,20190916,
600270.SH,外运发展,20190915,
600270.SH,外运发展,20190914,
600270.SH,外运发展,20190913,
600270.SH,外运发展,20190912,
600270.SH,外运发展,20190911,
600270.SH,外运发展,20190910,
600270.SH,外运发展,20190909,
600270.SH,外运发展,20190908,
600270.SH,外运发展,20190907,
600270.SH,外运发展,20190906,
600270.SH,外运发展,20190905,
600270.SH,外运发展,20190904,
600270.SH,外运发展,20190903,
600270.SH,外运发展,20190902,
600270.SH,外运发展,20190901,
600270.SH,外运发展,20190831,
600270.SH,外运发展,20190830,
600270.SH,外运发展,20190829,
600270.SH,外运发展,20190828,
600270.SH,外运发展,20190827,
600270.SH,外运发展,20190826,
600270.SH,外运发展,20190825,
600270.SH,外运发展,20190824,
600270.SH,外运发展,20190823,
600270.SH,外运发展,20190822,
600270.SH,外运发展,20190821,
600270.SH,外运发展,20190820,
600270.SH,外运发展,20190819,
600270.SH,外运发展,20190818,
600270.SH,外运发展,20190817,
600270.SH,外运发展,20190816,
600270.SH,外运发展,20190815,
600270.SH,外运发展,20190814,
600270.SH,外运发展,20190813,
600270.SH,外运发展,20190812,
600270.SH,外运发展,20190811,
600270.SH,外运发展,20190810,
600270.SH,外运发展,20190809,
600270.SH,外运发展,20190808,
600270.SH,外运发展,20190807,
600270.SH,外运发展,20190806,
600270.SH,外运发展,20190805,
600270.SH,外运发展,20190804,
600270.SH,外运发展,20190803,
600270.SH,外运发展,20190802,
600270.SH,外运发展,20190801,
600270.SH,外运发展,20190731,
600270.SH,外运发展,20190730,
600270.SH,外运发展,20190729,
600270.SH,外运发展,20190728,
600270.SH,外运发展,20190727,
600270.SH,外运发展,20190726,
600270.SH,外运发展,20190725,
600270.SH,外运发展,20190724,
600270.SH,外运发展,20190723,
600270.SH,外运发展,20190722,
600270.SH,外运发展,20190721,
600270.SH,外运发展,20190720,
600270.SH,外运发展,20190719,
600270.SH,外运发展,20190718,
600270.SH,外运发展,20190717,
600270.SH,外运发展,20190716,
600270.SH,外运发展,20190715,
600270.SH,外运发展,20190714,
600270.SH,外运发展,20190713,
600270.SH,外运发展,20190712,
600270.SH,外运发展,20190711,
600270.SH,外运发展,20190710,
600270.SH,外运发展,20190709,
600270.SH,外运发展,20190708,
600270.SH,外运发展,20190707,
600270.SH,外运发展,20190706,
600270.SH,外运发展,20190705,
600270.SH,外运发展,20190704,
600270.SH,外运发展,20190703,
600270.SH,外运发展,20190702,
600270.SH,外运发展,20190701,
600270.SH,外运发展,20190630,
600270.SH,外运发展,20190629,
600270.SH,外运发展,20190628,
600270.SH,外运发展,20190627,
600270.SH,外运发展,20190626,
600270.SH,外运发展,20190625,
600270.SH,外运发展,20190624,
600270.SH,外运发展,20190623,
600270.SH,外运发展,20190622,
600270.SH,外运发展,20190621,
600270.SH,外运发展,20190620,
600270.SH,外运发展,20190619,
600270.SH,外运发展,20190618,
600270.SH,外运发展,20190617,
600270.SH,外运发展,20190616,
600270.SH,外运发展,20190615,
600270.SH,外运发展,20190614,
600270.SH,外运发展,20190613,
600270.SH,外运发展,20190612,
600270.SH,外运发展,20190611,
600270.SH,外运发展,20190610,
600270.SH,外运发展,20190609,
600270.SH,外运发展,20190608,
600270.SH,外运发展,20190607,
600270.SH,外运发展,20190606,
600270.SH,外运发展,20190605,
600270.SH,外运发展,20190604,
600270.SH,外运发展,20190603,
600270.SH,外运发展,20190602,
600270.SH,外运发展,20190601,
600270.SH,外运发展,20190531,
600270.SH,外运发展,20190530,
600270.SH,外运发展,20190529,
600270.SH,外运发展,20190528,
600270.SH,外运发展,20190527,
600270.SH,外运发展,20190526,
600270.SH,外运发展,20190525,
600270.SH,外运发展,20190524,
600270.SH,外运发展,20190523,
600270.SH,外运发展,20190522,
600270.SH,外运发展,20190521,
600270.SH,外运发展,20190520,
600270.SH,外运发展,20190519,
600270.SH,外运发展,20190518,
600270.SH,外运发展,20190517,
600270.SH,外运发展,20190516,
600270.SH,外运发展,20190515,
600270.SH,外运发展,20190514,
600270.SH,外运发展,20190513,
600270.SH,外运发展,20190512,
600270.SH,外运发展,20190511,
600270.SH,外运发展,20190510,
600270.SH,外运发展,20190509,
600270.SH,外运发展,20190508,
600270.SH,外运发展,20190507,
600270.SH,外运发展,20190506,
600270.SH,外运发展,20190505,
600270.SH,外运发展,20190504,
600270.SH,外运发展,20190503,
600270.SH,外运发展,20190502,
600270.SH,外运发展,20190501,
600270.SH,外运发展,20190430,
600270.SH,外运发展,20190429,
600270.SH,外运发展,20190428,
600270.SH,外运发展,20190427,
600270.SH,外运发展,20190426,
600270.SH,外运发展,20190425,
600270.SH,外运发展,20190424,
600270.SH,外运发展,20190423,
600270.SH,外运发展,20190422,
600270.SH,外运发展,20190421,
600270.SH,外运发展,20190420,
600270.SH,外运发展,20190419,
600270.SH,外运发展,20190418,
600270.SH,外运发展,20190417,
600270.SH,外运发展,20190416,
600270.SH,外运发展,20190415,
600270.SH,外运发展,20190414,
600270.SH,外运发展,20190413,
600270.SH,外运发展,20190412,
600270.SH,外运发展,20190411,
600270.SH,外运发展,20190410,
600270.SH,外运发展,20190409,
600270.SH,外运发展,20190408,
600270.SH,外运发展,20190407,
600270.SH,外运发展,20190406,
600270.SH,外运发展,20190405,
600270.SH,外运发展,20190404,
600270.SH,外运发展,20190403,
600270.SH,外运发展,20190402,
600270.SH,外运发展,20190401,
600270.SH,外运发展,20190331,
600270.SH,外运发展,20190330,
600270.SH,外运发展,20190329,
600270.SH,外运发展,20190328,
600270.SH,外运发展,20190327,
600270.SH,外运发展,20190326,
600270.SH,外运发展,20190325,
600270.SH,外运发展,20190324,
600270.SH,外运发展,20190323,
600270.SH,外运发展,20190322,
600270.SH,外运发展,20190321,
600270.SH,外运发展,20190320,
600270.SH,外运发展,20190319,
600270.SH,外运发展,20190318,
600270.SH,外运发展,20190317,
600270.SH,外运发展,20190316,
600270.SH,外运发展,20190315,
600270.SH,外运发展,20190314,
600270.SH,外运发展,20190313,
600270.SH,外运发展,20190312,
600270.SH,外运发展,20190311,
600270.SH,外运发展,20190310,
600270.SH,外运发展,20190309,
600270.SH,外运发展,20190308,
600270.SH,外运发展,20190307,
600270.SH,外运发展,20190306,
600270.SH,外运发展,20190305,
600270.SH,外运发展,20190304,
600270.SH,外运发展,20190303,
600270.SH,外运发展,20190302,
600270.SH,外运发展,20190301,
600270.SH,外运发展,20190228,
600270.SH,外运发展,20190227,
600270.SH,外运发展,20190226,
600270.SH,外运发展,20190225,
600270.SH,外运发展,20190224,
600270.SH,外运发展,20190223,
600270.SH,外运发展,20190222,
600270.SH,外运发展,20190221,
600270.SH,外运发展,20190220,
600270.SH,外运发展,20190219,
600270.SH,外运发展,20190218,
600270.SH,外运发展,20190217,
600270.SH,外运发展,20190216,
600270.SH,外运发展,20190215,
600270.SH,外运发展,20190214,
600270.SH,外运发展,20190213,
600270.SH,外运发展,20190212,
600270.SH,外运发展,20190211,
600270.SH,外运发展,20190210,
600270.SH,外运发展,20190209,
600270.SH,外运发展,20190208,
600270.SH,外运发展,20190207,
600270.SH,外运发展,20190206,
600270.SH,外运发展,20190205,
600270.SH,外运发展,20190204,
600270.SH,外运发展,20190203,
600270.SH,外运发展,20190202,
600270.SH,外运发展,20190201,
600270.SH,外运发展,20190131,0.0
600270.SH,外运发展,20190130,0.0
600270.SH,外运发展,20190129,0.0
600270.SH,外运发展,20190128,0.0
600270.SH,外运发展,20190127,0.0
600270.SH,外运发展,20190126,0.0
600270.SH,外运发展,20190125,0.0
600270.SH,外运发展,20190124,0.0
600270.SH,外运发展,20190123,0.0
600270.SH,外运发展,20190122,0.0
600270.SH,外运发展,20190121,0.0
600270.SH,外运发展,20190120,0.0
600270.SH,外运发展,20190119,0.0
600270.SH,外运发展,20190118,0.0
600270.SH,外运发展,20190117,0.0
600270.SH,外运发展,20190116,0.0
600270.SH,外运发展,20190115,0.0
600270.SH,外运发展,20190114,0.0
600270.SH,外运发展,20190113,0.0
600270.SH,外运发展,20190112,0.0
600270.SH,外运发展,20190111,0.0
600270.SH,外运发展,20190110,0.0
600270.SH,外运发展,20190109,0.0
600270.SH,外运发展,20190108,0.0
600270.SH,外运发展,20190107,0.0
600270.SH,外运发展,20190106,0.0
600270.SH,外运发展,20190105,0.0
600270.SH,外运发展,20190104,0.0
600270.SH,外运发展,20190103,0.0
600270.SH,外运发展,20190102,0.0
600270.SH,外运发展,20190101,0.0
600270.SH,外运发展,20181231,-5.7476425684778
600270.SH,外运发展,20181230,-5.7476425684778
600270.SH,外运发展,20181229,-5.7476425684778
600270.SH,外运发展,20181228,-5.7476425684778
600270.SH,外运发展,20181227,-5.7476425684778
600270.SH,外运发展,20181226,-5.7476425684778
600270.SH,外运发展,20181225,-5.7476425684778
600270.SH,外运发展,20181224,-5.7476425684778
600270.SH,外运发展,20181223,-5.7476425684778
600270.SH,外运发展,20181222,-5.7476425684778
600270.SH,外运发展,20181221,-5.7476425684778
600270.SH,外运发展,20181220,-5.7476425684778
600270.SH,外运发展,20181219,-5.7476425684778
600270.SH,外运发展,20181218,-5.7476425684778
600270.SH,外运发展,20181217,-5.7476425684778
600270.SH,外运发展,20181216,-5.7476425684778
600270.SH,外运发展,20181215,-5.7476425684778
600270.SH,外运发展,20181214,-5.7476425684778
600270.SH,外运发展,20181213,-5.7476425684778
600270.SH,外运发展,20181212,-5.7476425684778
600270.SH,外运发展,20181211,-5.7476425684778
600270.SH,外运发展,20181210,-5.7476425684778
600270.SH,外运发展,20181209,-5.7476425684778
600270.SH,外运发展,20181208,-5.7476425684778
600270.SH,外运发展,20181207,-5.7476425684778
600270.SH,外运发展,20181206,-5.7476425684778
600270.SH,外运发展,20181205,-5.7476425684778
600270.SH,外运发展,20181204,-5.7476425684778
600270.SH,外运发展,20181203,-5.7476425684778
600270.SH,外运发展,20181202,-5.7476425684778
600270.SH,外运发展,20181201,-5.7476425684778
600270.SH,外运发展,20181130,10.084033613445
600270.SH,外运发展,20181129,10.084033613445
600270.SH,外运发展,20181128,10.084033613445
600270.SH,外运发展,20181127,10.084033613445
600270.SH,外运发展,20181126,10.084033613445
600270.SH,外运发展,20181125,10.084033613445
600270.SH,外运发展,20181124,10.084033613445
600270.SH,外运发展,20181123,10.084033613445
600270.SH,外运发展,20181122,10.084033613445
600270.SH,外运发展,20181121,10.084033613445
600270.SH,外运发展,20181120,10.084033613445
600270.SH,外运发展,20181119,10.084033613445
600270.SH,外运发展,20181118,10.084033613445
600270.SH,外运发展,20181117,10.084033613445
600270.SH,外运发展,20181116,10.084033613445
600270.SH,外运发展,20181115,10.084033613445
600270.SH,外运发展,20181114,10.084033613445
600270.SH,外运发展,20181113,10.084033613445
600270.SH,外运发展,20181112,10.084033613445
600270.SH,外运发展,20181111,10.084033613445
600270.SH,外运发展,20181110,10.084033613445
600270.SH,外运发展,20181109,10.084033613445
600270.SH,外运发展,20181108,10.084033613445
600270.SH,外运发展,20181107,10.084033613445
600270.SH,外运发展,20181106,10.084033613445
600270.SH,外运发展,20181105,10.084033613445
600270.SH,外运发展,20181104,10.084033613445
600270.SH,外运发展,20181103,10.084033613445
600270.SH,外运发展,20181102,10.084033613445
600270.SH,外运发展,20181101,10.084033613445
600270.SH,外运发展,20181031,-0.58968058968059
600270.SH,外运发展,20181030,-0.58968058968059
600270.SH,外运发展,20181029,-0.58968058968059
600270.SH,外运发展,20181028,-0.58968058968059
600270.SH,外运发展,20181027,-0.58968058968059
600270.SH,外运发展,20181026,-0.58968058968059
600270.SH,外运发展,20181025,-0.58968058968059
600270.SH,外运发展,20181024,-0.58968058968059
600270.SH,外运发展,20181023,-0.58968058968059
600270.SH,外运发展,20181022,-0.58968058968059
600270.SH,外运发展,20181021,-0.58968058968059
600270.SH,外运发展,20181020,-0.58968058968059
600270.SH,外运发展,20181019,-0.58968058968059
600270.SH,外运发展,20181018,-0.58968058968059
600270.SH,外运发展,20181017,-0.58968058968059
600270.SH,外运发展,20181016,-0.58968058968059
600270.SH,外运发展,20181015,-0.58968058968059
600270.SH,外运发展,20181014,-0.58968058968059
600270.SH,外运发展,20181013,-0.58968058968059
600270.SH,外运发展,20181012,-0.58968058968059
600270.SH,外运发展,20181011,-0.58968058968059
600270.SH,外运发展,20181010,-0.58968058968059
600270.SH,外运发展,20181009,-0.58968058968059
600270.SH,外运发展,20181008,-0.58968058968059
600270.SH,外运发展,20181007,-0.58968058968059
600270.SH,外运发展,20181006,-0.58968058968059
600270.SH,外运发展,20181005,-0.58968058968059
600270.SH,外运发展,20181004,-0.58968058968059
600270.SH,外运发展,20181003,-0.58968058968059
600270.SH,外运发展,20181002,-0.58968058968059
600270.SH,外运发展,20181001,-0.58968058968059
600270.SH,外运发展,20180930,2.0561685055166
600270.SH,外运发展,20180929,2.0561685055166
600270.SH,外运发展,20180928,2.0561685055166
600270.SH,外运发展,20180927,2.0561685055166
600270.SH,外运发展,20180926,2.0561685055166
600270.SH,外运发展,20180925,2.0561685055166
600270.SH,外运发展,20180924,2.0561685055166
600270.SH,外运发展,20180923,2.0561685055166
600270.SH,外运发展,20180922,2.0561685055166
600270.SH,外运发展,20180921,2.0561685055166
600270.SH,外运发展,20180920,2.0561685055166
600270.SH,外运发展,20180919,2.0561685055166
600270.SH,外运发展,20180918,2.0561685055166
600270.SH,外运发展,20180917,2.0561685055166
600270.SH,外运发展,20180916,2.0561685055166
600270.SH,外运发展,20180915,2.0561685055166
600270.SH,外运发展,20180914,2.0561685055166
600270.SH,外运发展,20180913,2.0561685055166
600270.SH,外运发展,20180912,2.0561685055166
600270.SH,外运发展,20180911,2.0561685055166
600270.SH,外运发展,20180910,2.0561685055166
600270.SH,外运发展,20180909,2.0561685055166
600270.SH,外运发展,20180908,2.0561685055166
600270.SH,外运发展,20180907,2.0561685055166
600270.SH,外运发展,20180906,2.0561685055166
600270.SH,外运发展,20180905,2.0561685055166
600270.SH,外运发展,20180904,2.0561685055166
600270.SH,外运发展,20180903,2.0561685055166
600270.SH,外运发展,20180902,2.0561685055166
600270.SH,外运发展,20180901,2.0561685055166
600270.SH,外运发展,20180831,-7.039627039627
600270.SH,外运发展,20180830,-7.039627039627
600270.SH,外运发展,20180829,-7.039627039627
600270.SH,外运发展,20180828,-7.039627039627
600270.SH,外运发展,20180827,-7.039627039627
600270.SH,外运发展,20180826,-7.039627039627
600270.SH,外运发展,20180825,-7.039627039627
600270.SH,外运发展,20180824,-7.039627039627
600270.SH,外运发展,20180823,-7.039627039627
600270.SH,外运发展,20180822,-7.039627039627
600270.SH,外运发展,20180821,-7.039627039627
600270.SH,外运发展,20180820,-7.039627039627
600270.SH,外运发展,20180819,-7.039627039627
600270.SH,外运发展,20180818,-7.039627039627
600270.SH,外运发展,20180817,-7.039627039627
600270.SH,外运发展,20180816,-7.039627039627
600270.SH,外运发展,20180815,-7.039627039627
600270.SH,外运发展,20180814,-7.039627039627
600270.SH,外运发展,20180813,-7.039627039627
600270.SH,外运发展,20180812,-7.039627039627
600270.SH,外运发展,20180811,-7.039627039627
600270.SH,外运发展,20180810,-7.039627039627
600270.SH,外运发展,20180809,-7.039627039627
600270.SH,外运发展,20180808,-7.039627039627
600270.SH,外运发展,20180807,-7.039627039627
600270.SH,外运发展,20180806,-7.039627039627
600270.SH,外运发展,20180805,-7.039627039627
600270.SH,外运发展,20180804,-7.039627039627
600270.SH,外运发展,20180803,-7.039627039627
600270.SH,外运发展,20180802,-7.039627039627
600270.SH,外运发展,20180801,-7.039627039627
600270.SH,外运发展,20180731,2.337786259542
600270.SH,外运发展,20180730,2.337786259542
600270.SH,外运发展,20180729,2.337786259542
600270.SH,外运发展,20180728,2.337786259542
600270.SH,外运发展,20180727,2.337786259542
600270.SH,外运发展,20180726,2.337786259542
600270.SH,外运发展,20180725,2.337786259542
600270.SH,外运发展,20180724,2.337786259542
600270.SH,外运发展,20180723,2.337786259542
600270.SH,外运发展,20180722,2.337786259542
600270.SH,外运发展,20180721,2.337786259542
600270.SH,外运发展,20180720,2.337786259542
600270.SH,外运发展,20180719,2.337786259542
600270.SH,外运发展,20180718,2.337786259542
600270.SH,外运发展,20180717,2.337786259542
600270.SH,外运发展,20180716,2.337786259542
600270.SH,外运发展,20180715,2.337786259542
600270.SH,外运发展,20180714,2.337786259542
600270.SH,外运发展,20180713,2.337786259542
600270.SH,外运发展,20180712,2.337786259542
600270.SH,外运发展,20180711,2.337786259542
600270.SH,外运发展,20180710,2.337786259542
600270.SH,外运发展,20180709,2.337786259542
600270.SH,外运发展,20180708,2.337786259542
600270.SH,外运发展,20180707,2.337786259542
600270.SH,外运发展,20180706,2.337786259542
600270.SH,外运发展,20180705,2.337786259542
600270.SH,外运发展,20180704,2.337786259542
600270.SH,外运发展,20180703,2.337786259542
600270.SH,外运发展,20180702,2.337786259542
600270.SH,外运发展,20180701,2.337786259542
600270.SH,外运发展,20180630,-3.8090867370353
600270.SH,外运发展,20180629,-3.8090867370353
600270.SH,外运发展,20180628,-3.8090867370353
600270.SH,外运发展,20180627,-3.8090867370353
600270.SH,外运发展,20180626,-3.8090867370353
600270.SH,外运发展,20180625,-3.8090867370353
600270.SH,外运发展,20180624,-3.8090867370353
600270.SH,外运发展,20180623,-3.8090867370353
600270.SH,外运发展,20180622,-3.8090867370353
600270.SH,外运发展,20180621,-3.8090867370353
600270.SH,外运发展,20180620,-3.8090867370353
600270.SH,外运发展,20180619,-3.8090867370353
600270.SH,外运发展,20180618,-3.8090867370353
600270.SH,外运发展,20180617,-3.8090867370353
600270.SH,外运发展,20180616,-3.8090867370353
600270.SH,外运发展,20180615,-3.8090867370353
600270.SH,外运发展,20180614,-3.8090867370353
600270.SH,外运发展,20180613,-3.8090867370353
600270.SH,外运发展,20180612,-3.8090867370353
600270.SH,外运发展,20180611,-3.8090867370353
600270.SH,外运发展,20180610,-3.8090867370353
600270.SH,外运发展,20180609,-3.8090867370353
600270.SH,外运发展,20180608,-3.8090867370353
600270.SH,外运发展,20180607,-3.8090867370353
600270.SH,外运发展,20180606,-3.8090867370353
600270.SH,外运发展,20180605,-3.8090867370353
600270.SH,外运发展,20180604,-3.8090867370353
600270.SH,外运发展,20180603,-3.8090867370353
600270.SH,外运发展,20180602,-3.8090867370353
600270.SH,外运发展,20180601,-3.8090867370353
600270.SH,外运发展,20180531,14.865577227201
600270.SH,外运发展,20180530,14.865577227201
600270.SH,外运发展,20180529,14.865577227201
600270.SH,外运发展,20180528,14.865577227201
600270.SH,外运发展,20180527,14.865577227201
600270.SH,外运发展,20180526,14.865577227201
600270.SH,外运发展,20180525,14.865577227201
600270.SH,外运发展,20180524,14.865577227201
600270.SH,外运发展,20180523,14.865577227201
600270.SH,外运发展,20180522,14.865577227201
600270.SH,外运发展,20180521,14.865577227201
600270.SH,外运发展,20180520,14.865577227201
600270.SH,外运发展,20180519,14.865577227201
600270.SH,外运发展,20180518,14.865577227201
600270.SH,外运发展,20180517,14.865577227201
600270.SH,外运发展,20180516,14.865577227201
600270.SH,外运发展,20180515,14.865577227201
600270.SH,外运发展,20180514,14.865577227201
600270.SH,外运发展,20180513,14.865577227201
600270.SH,外运发展,20180512,14.865577227201
600270.SH,外运发展,20180511,14.865577227201
600270.SH,外运发展,20180510,14.865577227201
600270.SH,外运发展,20180509,14.865577227201
600270.SH,外运发展,20180508,14.865577227201
600270.SH,外运发展,20180507,14.865577227201
600270.SH,外运发展,20180506,14.865577227201
600270.SH,外运发展,20180505,14.865577227201
600270.SH,外运发展,20180504,14.865577227201
600270.SH,外运发展,20180503,14.865577227201
600270.SH,外运发展,20180502,14.865577227201
600270.SH,外运发展,20180501,14.865577227201
600270.SH,外运发展,20180430,2.5959978366685
600270.SH,外运发展,20180429,2.5959978366685
600270.SH,外运发展,20180428,2.5959978366685
600270.SH,外运发展,20180427,2.5959978366685
600270.SH,外运发展,20180426,2.5959978366685
600270.SH,外运发展,20180425,2.5959978366685
600270.SH,外运发展,20180424,2.5959978366685
600270.SH,外运发展,20180423,2.5959978366685
600270.SH,外运发展,20180422,2.5959978366685
600270.SH,外运发展,20180421,2.5959978366685
600270.SH,外运发展,20180420,2.5959978366685
600270.SH,外运发展,20180419,2.5959978366685
600270.SH,外运发展,20180418,2.5959978366685
600270.SH,外运发展,20180417,2.5959978366685
600270.SH,外运发展,20180416,2.5959978366685
600270.SH,外运发展,20180415,2.5959978366685
600270.SH,外运发展,20180414,2.5959978366685
600270.SH,外运发展,20180413,2.5959978366685
600270.SH,外运发展,20180412,2.5959978366685
600270.SH,外运发展,20180411,2.5959978366685
600270.SH,外运发展,20180410,2.5959978366685
600270.SH,外运发展,20180409,2.5959978366685
600270.SH,外运发展,20180408,2.5959978366685
600270.SH,外运发展,20180407,2.5959978366685
600270.SH,外运发展,20180406,2.5959978366685
600270.SH,外运发展,20180405,2.5959978366685
600270.SH,外运发展,20180404,2.5959978366685
600270.SH,外运发展,20180403,2.5959978366685
600270.SH,外运发展,20180402,2.5959978366685
600270.SH,外运发展,20180401,2.5959978366685
600270.SH,外运发展,20180331,7.0023148148148
600270.SH,外运发展,20180330,7.0023148148148
600270.SH,外运发展,20180329,7.0023148148148
600270.SH,外运发展,20180328,7.0023148148148
600270.SH,外运发展,20180327,7.0023148148148
600270.SH,外运发展,20180326,7.0023148148148
600270.SH,外运发展,20180325,7.0023148148148
600270.SH,外运发展,20180324,7.0023148148148
600270.SH,外运发展,20180323,7.0023148148148
600270.SH,外运发展,20180322,7.0023148148148
600270.SH,外运发展,20180321,7.0023148148148
600270.SH,外运发展,20180320,7.0023148148148
600270.SH,外运发展,20180319,7.0023148148148
600270.SH,外运发展,20180318,7.0023148148148
600270.SH,外运发展,20180317,7.0023148148148
600270.SH,外运发展,20180316,7.0023148148148
600270.SH,外运发展,20180315,7.0023148148148
600270.SH,外运发展,20180314,7.0023148148148
600270.SH,外运发展,20180313,7.0023148148148
600270.SH,外运发展,20180312,7.0023148148148
600270.SH,外运发展,20180311,7.0023148148148
600270.SH,外运发展,20180310,7.0023148148148
600270.SH,外运发展,20180309,7.0023148148148
600270.SH,外运发展,20180308,7.0023148148148
600270.SH,外运发展,20180307,7.0023148148148
600270.SH,外运发展,20180306,7.0023148148148
600270.SH,外运发展,20180305,7.0023148148148
600270.SH,外运发展,20180304,7.0023148148148
600270.SH,外运发展,20180303,7.0023148148148
600270.SH,外运发展,20180302,7.0023148148148
600270.SH,外运发展,20180301,7.0023148148148
600270.SH,外运发展,20180228,0.0
600270.SH,外运发展,20180227,0.0
600270.SH,外运发展,20180226,0.0
600270.SH,外运发展,20180225,0.0
600270.SH,外运发展,20180224,0.0
600270.SH,外运发展,20180223,0.0
600270.SH,外运发展,20180222,0.0
600270.SH,外运发展,20180221,0.0
600270.SH,外运发展,20180220,0.0
600270.SH,外运发展,20180219,0.0
600270.SH,外运发展,20180218,0.0
600270.SH,外运发展,20180217,0.0
600270.SH,外运发展,20180216,0.0
600270.SH,外运发展,20180215,0.0
600270.SH,外运发展,20180214,0.0
600270.SH,外运发展,20180213,0.0
600270.SH,外运发展,20180212,0.0
600270.SH,外运发展,20180211,0.0
600270.SH,外运发展,20180210,0.0
600270.SH,外运发展,20180209,0.0
600270.SH,外运发展,20180208,0.0
600270.SH,外运发展,20180207,0.0
600270.SH,外运发展,20180206,0.0
600270.SH,外运发展,20180205,0.0
600270.SH,外运发展,20180204,0.0
600270.SH,外运发展,20180203,0.0
600270.SH,外运发展,20180202,0.0
600270.SH,外运发展,20180201,0.0
600270.SH,外运发展,20180131,0.0
600270.SH,外运发展,20180130,0.0
600270.SH,外运发展,20180129,0.0
600270.SH,外运发展,20180128,0.0
600270.SH,外运发展,20180127,0.0
600270.SH,外运发展,20180126,0.0
600270.SH,外运发展,20180125,0.0
600270.SH,外运发展,20180124,0.0
600270.SH,外运发展,20180123,0.0
600270.SH,外运发展,20180122,0.0
600270.SH,外运发展,20180121,0.0
600270.SH,外运发展,20180120,0.0
600270.SH,外运发展,20180119,0.0
600270.SH,外运发展,20180118,0.0
600270.SH,外运发展,20180117,0.0
600270.SH,外运发展,20180116,0.0
600270.SH,外运发展,20180115,0.0
600270.SH,外运发展,20180114,0.0
600270.SH,外运发展,20180113,0.0
600270.SH,外运发展,20180112,0.0
600270.SH,外运发展,20180111,0.0
600270.SH,外运发展,20180110,0.0
600270.SH,外运发展,20180109,0.0
600270.SH,外运发展,20180108,0.0
600270.SH,外运发展,20180107,0.0
600270.SH,外运发展,20180106,0.0
600270.SH,外运发展,20180105,0.0
600270.SH,外运发展,20180104,0.0
600270.SH,外运发展,20180103,0.0
600270.SH,外运发展,20180102,0.0
600270.SH,外运发展,20180101,0.0
600270.SH,外运发展,20171231,1.9469026548673
600270.SH,外运发展,20171230,1.9469026548673
600270.SH,外运发展,20171229,1.9469026548673
600270.SH,外运发展,20171228,1.9469026548673
600270.SH,外运发展,20171227,1.9469026548673
600270.SH,外运发展,20171226,1.9469026548673
600270.SH,外运发展,20171225,1.9469026548673
600270.SH,外运发展,20171224,1.9469026548673
600270.SH,外运发展,20171223,1.9469026548673
600270.SH,外运发展,20171222,1.9469026548673
600270.SH,外运发展,20171221,1.9469026548673
600270.SH,外运发展,20171220,1.9469026548673
600270.SH,外运发展,20171219,1.9469026548673
600270.SH,外运发展,20171218,1.9469026548673
600270.SH,外运发展,20171217,1.9469026548673
600270.SH,外运发展,20171216,1.9469026548673
600270.SH,外运发展,20171215,1.9469026548673
600270.SH,外运发展,20171214,1.9469026548673
600270.SH,外运发展,20171213,1.9469026548673
600270.SH,外运发展,20171212,1.9469026548673
600270.SH,外运发展,20171211,1.9469026548673
600270.SH,外运发展,20171210,1.9469026548673
600270.SH,外运发展,20171209,1.9469026548673
600270.SH,外运发展,20171208,1.9469026548673
600270.SH,外运发展,20171207,1.9469026548673
600270.SH,外运发展,20171206,1.9469026548673
600270.SH,外运发展,20171205,1.9469026548673
600270.SH,外运发展,20171204,1.9469026548673
600270.SH,外运发展,20171203,1.9469026548673
600270.SH,外运发展,20171202,1.9469026548673
600270.SH,外运发展,20171201,1.9469026548673
600270.SH,外运发展,20171130,-12.718846549949
600270.SH,外运发展,20171129,-12.718846549949
600270.SH,外运发展,20171128,-12.718846549949
600270.SH,外运发展,20171127,-12.718846549949
600270.SH,外运发展,20171126,-12.718846549949
600270.SH,外运发展,20171125,-12.718846549949
600270.SH,外运发展,20171124,-12.718846549949
600270.SH,外运发展,20171123,-12.718846549949
600270.SH,外运发展,20171122,-12.718846549949
600270.SH,外运发展,20171121,-12.718846549949
600270.SH,外运发展,20171120,-12.718846549949
600270.SH,外运发展,20171119,-12.718846549949
600270.SH,外运发展,20171118,-12.718846549949
600270.SH,外运发展,20171117,-12.718846549949
600270.SH,外运发展,20171116,-12.718846549949
600270.SH,外运发展,20171115,-12.718846549949
600270.SH,外运发展,20171114,-12.718846549949
600270.SH,外运发展,20171113,-12.718846549949
600270.SH,外运发展,20171112,-12.718846549949
600270.SH,外运发展,20171111,-12.718846549949
600270.SH,外运发展,20171110,-12.718846549949
600270.SH,外运发展,20171109,-12.718846549949
600270.SH,外运发展,20171108,-12.718846549949
600270.SH,外运发展,20171107,-12.718846549949
600270.SH,外运发展,20171106,-12.718846549949
600270.SH,外运发展,20171105,-12.718846549949
600270.SH,外运发展,20171104,-12.718846549949
600270.SH,外运发展,20171103,-12.718846549949
600270.SH,外运发展,20171102,-12.718846549949
600270.SH,外运发展,20171101,-12.718846549949
600270.SH,外运发展,20171031,8.3705357142857
600270.SH,外运发展,20171030,8.3705357142857
600270.SH,外运发展,20171029,8.3705357142857
600270.SH,外运发展,20171028,8.3705357142857
600270.SH,外运发展,20171027,8.3705357142857
600270.SH,外运发展,20171026,8.3705357142857
600270.SH,外运发展,20171025,8.3705357142857
600270.SH,外运发展,20171024,8.3705357142857
600270.SH,外运发展,20171023,8.3705357142857
600270.SH,外运发展,20171022,8.3705357142857
600270.SH,外运发展,20171021,8.3705357142857
600270.SH,外运发展,20171020,8.3705357142857
600270.SH,外运发展,20171019,8.3705357142857
600270.SH,外运发展,20171018,8.3705357142857
600270.SH,外运发展,20171017,8.3705357142857
600270.SH,外运发展,20171016,8.3705357142857
600270.SH,外运发展,20171015,8.3705357142857
600270.SH,外运发展,20171014,8.3705357142857
600270.SH,外运发展,20171013,8.3705357142857
600270.SH,外运发展,20171012,8.3705357142857
600270.SH,外运发展,20171011,8.3705357142857
600270.SH,外运发展,20171010,8.3705357142857
600270.SH,外运发展,20171009,8.3705357142857
600270.SH,外运发展,20171008,8.3705357142857
600270.SH,外运发展,20171007,8.3705357142857
600270.SH,外运发展,20171006,8.3705357142857
600270.SH,外运发展,20171005,8.3705357142857
600270.SH,外运发展,20171004,8.3705357142857
600270.SH,外运发展,20171003,8.3705357142857
600270.SH,外运发展,20171002,8.3705357142857
600270.SH,外运发展,20171001,8.3705357142857
600270.SH,外运发展,20170930,-5.0847457627118
600270.SH,外运发展,20170929,-5.0847457627118
600270.SH,外运发展,20170928,-5.0847457627118
600270.SH,外运发展,20170927,-5.0847457627118
600270.SH,外运发展,20170926,-5.0847457627118
600270.SH,外运发展,20170925,-5.0847457627118
600270.SH,外运发展,20170924,-5.0847457627118
600270.SH,外运发展,20170923,-5.0847457627118
600270.SH,外运发展,20170922,-5.0847457627118
600270.SH,外运发展,20170921,-5.0847457627118
600270.SH,外运发展,20170920,-5.0847457627118
600270.SH,外运发展,20170919,-5.0847457627118
600270.SH,外运发展,20170918,-5.0847457627118
600270.SH,外运发展,20170917,-5.0847457627118
600270.SH,外运发展,20170916,-5.0847457627118
600270.SH,外运发展,20170915,-5.0847457627118
600270.SH,外运发展,20170914,-5.0847457627118
600270.SH,外运发展,20170913,-5.0847457627118
600270.SH,外运发展,20170912,-5.0847457627118
600270.SH,外运发展,20170911,-5.0847457627118
600270.SH,外运发展,20170910,-5.0847457627118
600270.SH,外运发展,20170909,-5.0847457627118
600270.SH,外运发展,20170908,-5.0847457627118
600270.SH,外运发展,20170907,-5.0847457627118
600270.SH,外运发展,20170906,-5.0847457627118
600270.SH,外运发展,20170905,-5.0847457627118
600270.SH,外运发展,20170904,-5.0847457627118
600270.SH,外运发展,20170903,-5.0847457627118
600270.SH,外运发展,20170902,-5.0847457627118
600270.SH,外运发展,20170901,-5.0847457627118
600270.SH,外运发展,20170831,-3.7716615698267
600270.SH,外运发展,20170830,-3.7716615698267
600270.SH,外运发展,20170829,-3.7716615698267
600270.SH,外运发展,20170828,-3.7716615698267
600270.SH,外运发展,20170827,-3.7716615698267
600270.SH,外运发展,20170826,-3.7716615698267
600270.SH,外运发展,20170825,-3.7716615698267
600270.SH,外运发展,20170824,-3.7716615698267
600270.SH,外运发展,20170823,-3.7716615698267
600270.SH,外运发展,20170822,-3.7716615698267
600270.SH,外运发展,20170821,-3.7716615698267
600270.SH,外运发展,20170820,-3.7716615698267
600270.SH,外运发展,20170819,-3.7716615698267
600270.SH,外运发展,20170818,-3.7716615698267
600270.SH,外运发展,20170817,-3.7716615698267
600270.SH,外运发展,20170816,-3.7716615698267
600270.SH,外运发展,20170815,-3.7716615698267
600270.SH,外运发展,20170814,-3.7716615698267
600270.SH,外运发展,20170813,-3.7716615698267
600270.SH,外运发展,20170812,-3.7716615698267
600270.SH,外运发展,20170811,-3.7716615698267
600270.SH,外运发展,20170810,-3.7716615698267
600270.SH,外运发展,20170809,-3.7716615698267
600270.SH,外运发展,20170808,-3.7716615698267
600270.SH,外运发展,20170807,-3.7716615698267
600270.SH,外运发展,20170806,-3.7716615698267
600270.SH,外运发展,20170805,-3.7716615698267
600270.SH,外运发展,20170804,-3.7716615698267
600270.SH,外运发展,20170803,-3.7716615698267
600270.SH,外运发展,20170802,-3.7716615698267
600270.SH,外运发展,20170801,-3.7716615698267
600270.SH,外运发展,20170731,3.6450079239303
600270.SH,外运发展,20170730,3.6450079239303
600270.SH,外运发展,20170729,3.6450079239303
600270.SH,外运发展,20170728,3.6450079239303
600270.SH,外运发展,20170727,3.6450079239303
600270.SH,外运发展,20170726,3.6450079239303
600270.SH,外运发展,20170725,3.6450079239303
600270.SH,外运发展,20170724,3.6450079239303
600270.SH,外运发展,20170723,3.6450079239303
600270.SH,外运发展,20170722,3.6450079239303
600270.SH,外运发展,20170721,3.6450079239303
600270.SH,外运发展,20170720,3.6450079239303
600270.SH,外运发展,20170719,3.6450079239303
600270.SH,外运发展,20170718,3.6450079239303
600270.SH,外运发展,20170717,3.6450079239303
600270.SH,外运发展,20170716,3.6450079239303
600270.SH,外运发展,20170715,3.6450079239303
600270.SH,外运发展,20170714,3.6450079239303
600270.SH,外运发展,20170713,3.6450079239303
600270.SH,外运发展,20170712,3.6450079239303
600270.SH,外运发展,20170711,3.6450079239303
600270.SH,外运发展,20170710,3.6450079239303
600270.SH,外运发展,20170709,3.6450079239303
600270.SH,外运发展,20170708,3.6450079239303
600270.SH,外运发展,20170707,3.6450079239303
600270.SH,外运发展,20170706,3.6450079239303
600270.SH,外运发展,20170705,3.6450079239303
600270.SH,外运发展,20170704,3.6450079239303
600270.SH,外运发展,20170703,3.6450079239303
600270.SH,外运发展,20170702,3.6450079239303
600270.SH,外运发展,20170701,3.6450079239303
600270.SH,外运发展,20170630,10.701754385965
600270.SH,外运发展,20170629,10.701754385965
600270.SH,外运发展,20170628,10.701754385965
600270.SH,外运发展,20170627,10.701754385965
600270.SH,外运发展,20170626,10.701754385965
600270.SH,外运发展,20170625,10.701754385965
600270.SH,外运发展,20170624,10.701754385965
600270.SH,外运发展,20170623,10.701754385965
600270.SH,外运发展,20170622,10.701754385965
600270.SH,外运发展,20170621,10.701754385965
600270.SH,外运发展,20170620,10.701754385965
600270.SH,外运发展,20170619,10.701754385965
600270.SH,外运发展,20170618,10.701754385965
600270.SH,外运发展,20170617,10.701754385965
600270.SH,外运发展,20170616,10.701754385965
600270.SH,外运发展,20170615,10.701754385965
600270.SH,外运发展,20170614,10.701754385965
600270.SH,外运发展,20170613,10.701754385965
600270.SH,外运发展,20170612,10.701754385965
600270.SH,外运发展,20170611,10.701754385965
600270.SH,外运发展,20170610,10.701754385965
600270.SH,外运发展,20170609,10.701754385965
600270.SH,外运发展,20170608,10.701754385965
600270.SH,外运发展,20170607,10.701754385965
600270.SH,外运发展,20170606,10.701754385965
600270.SH,外运发展,20170605,10.701754385965
600270.SH,外运发展,20170604,10.701754385965
600270.SH,外运发展,20170603,10.701754385965
600270.SH,外运发展,20170602,10.701754385965
600270.SH,外运发展,20170601,10.701754385965
600270.SH,外运发展,20170531,-1.1560693641618
600270.SH,外运发展,20170530,-1.1560693641618
600270.SH,外运发展,20170529,-1.1560693641618
600270.SH,外运发展,20170528,-1.1560693641618
600270.SH,外运发展,20170527,-1.1560693641618
600270.SH,外运发展,20170526,-1.1560693641618
600270.SH,外运发展,20170525,-1.1560693641618
600270.SH,外运发展,20170524,-1.1560693641618
600270.SH,外运发展,20170523,-1.1560693641618
600270.SH,外运发展,20170522,-1.1560693641618
600270.SH,外运发展,20170521,-1.1560693641618
600270.SH,外运发展,20170520,-1.1560693641618
600270.SH,外运发展,20170519,-1.1560693641618
600270.SH,外运发展,20170518,-1.1560693641618
600270.SH,外运发展,20170517,-1.1560693641618
600270.SH,外运发展,20170516,-1.1560693641618
600270.SH,外运发展,20170515,-1.1560693641618
600270.SH,外运发展,20170514,-1.1560693641618
600270.SH,外运发展,20170513,-1.1560693641618
600270.SH,外运发展,20170512,-1.1560693641618
600270.SH,外运发展,20170511,-1.1560693641618
600270.SH,外运发展,20170510,-1.1560693641618
600270.SH,外运发展,20170509,-1.1560693641618
600270.SH,外运发展,20170508,-1.1560693641618
600270.SH,外运发展,20170507,-1.1560693641618
600270.SH,外运发展,20170506,-1.1560693641618
600270.SH,外运发展,20170505,-1.1560693641618
600270.SH,外运发展,20170504,-1.1560693641618
600270.SH,外运发展,20170503,-1.1560693641618
600270.SH,外运发展,20170502,-1.1560693641618
600270.SH,外运发展,20170501,-1.1560693641618
600270.SH,外运发展,20170430,-3.7819799777531
600270.SH,外运发展,20170429,-3.7819799777531
600270.SH,外运发展,20170428,-3.7819799777531
600270.SH,外运发展,20170427,-3.7819799777531
600270.SH,外运发展,20170426,-3.7819799777531
600270.SH,外运发展,20170425,-3.7819799777531
600270.SH,外运发展,20170424,-3.7819799777531
600270.SH,外运发展,20170423,-3.7819799777531
600270.SH,外运发展,20170422,-3.7819799777531
600270.SH,外运发展,20170421,-3.7819799777531
600270.SH,外运发展,20170420,-3.7819799777531
600270.SH,外运发展,20170419,-3.7819799777531
600270.SH,外运发展,20170418,-3.7819799777531
600270.SH,外运发展,20170417,-3.7819799777531
600270.SH,外运发展,20170416,-3.7819799777531
600270.SH,外运发展,20170415,-3.7819799777531
600270.SH,外运发展,20170414,-3.7819799777531
600270.SH,外运发展,20170413,-3.7819799777531
600270.SH,外运发展,20170412,-3.7819799777531
600270.SH,外运发展,20170411,-3.7819799777531
600270.SH,外运发展,20170410,-3.7819799777531
600270.SH,外运发展,20170409,-3.7819799777531
600270.SH,外运发展,20170408,-3.7819799777531
600270.SH,外运发展,20170407,-3.7819799777531
600270.SH,外运发展,20170406,-3.7819799777531
600270.SH,外运发展,20170405,-3.7819799777531
600270.SH,外运发展,20170404,-3.7819799777531
600270.SH,外运发展,20170403,-3.7819799777531
600270.SH,外运发展,20170402,-3.7819799777531
600270.SH,外运发展,20170401,-3.7819799777531
600270.SH,外运发展,20170331,-0.11111111111111
600270.SH,外运发展,20170330,-0.11111111111111
600270.SH,外运发展,20170329,-0.11111111111111
600270.SH,外运发展,20170328,-0.11111111111111
600270.SH,外运发展,20170327,-0.11111111111111
600270.SH,外运发展,20170326,-0.11111111111111
600270.SH,外运发展,20170325,-0.11111111111111
600270.SH,外运发展,20170324,-0.11111111111111
600270.SH,外运发展,20170323,-0.11111111111111
600270.SH,外运发展,20170322,-0.11111111111111
600270.SH,外运发展,20170321,-0.11111111111111
600270.SH,外运发展,20170320,-0.11111111111111
600270.SH,外运发展,20170319,-0.11111111111111
600270.SH,外运发展,20170318,-0.11111111111111
600270.SH,外运发展,20170317,-0.11111111111111
600270.SH,外运发展,20170316,-0.11111111111111
600270.SH,外运发展,20170315,-0.11111111111111
600270.SH,外运发展,20170314,-0.11111111111111
600270.SH,外运发展,20170313,-0.11111111111111
600270.SH,外运发展,20170312,-0.11111111111111
600270.SH,外运发展,20170311,-0.11111111111111
600270.SH,外运发展,20170310,-0.11111111111111
600270.SH,外运发展,20170309,-0.11111111111111
600270.SH,外运发展,20170308,-0.11111111111111
600270.SH,外运发展,20170307,-0.11111111111111
600270.SH,外运发展,20170306,-0.11111111111111
600270.SH,外运发展,20170305,-0.11111111111111
600270.SH,外运发展,20170304,-0.11111111111111
600270.SH,外运发展,20170303,-0.11111111111111
600270.SH,外运发展,20170302,-0.11111111111111
600270.SH,外运发展,20170301,-0.11111111111111
600270.SH,外运发展,20170228,8.6300543150272
600270.SH,外运发展,20170227,8.6300543150272
600270.SH,外运发展,20170226,8.6300543150272
600270.SH,外运发展,20170225,8.6300543150272
600270.SH,外运发展,20170224,8.6300543150272
600270.SH,外运发展,20170223,8.6300543150272
600270.SH,外运发展,20170222,8.6300543150272
600270.SH,外运发展,20170221,8.6300543150272
600270.SH,外运发展,20170220,8.6300543150272
600270.SH,外运发展,20170219,8.6300543150272
600270.SH,外运发展,20170218,8.6300543150272
600270.SH,外运发展,20170217,8.6300543150272
600270.SH,外运发展,20170216,8.6300543150272
600270.SH,外运发展,20170215,8.6300543150272
600270.SH,外运发展,20170214,8.6300543150272
600270.SH,外运发展,20170213,8.6300543150272
600270.SH,外运发展,20170212,8.6300543150272
600270.SH,外运发展,20170211,8.6300543150272
600270.SH,外运发展,20170210,8.6300543150272
600270.SH,外运发展,20170209,8.6300543150272
600270.SH,外运发展,20170208,8.6300543150272
600270.SH,外运发展,20170207,8.6300543150272
600270.SH,外运发展,20170206,8.6300543150272
600270.SH,外运发展,20170205,8.6300543150272
600270.SH,外运发展,20170204,8.6300543150272
600270.SH,外运发展,20170203,8.6300543150272
600270.SH,外运发展,20170202,8.6300543150272
600270.SH,外运发展,20170201,8.6300543150272
600270.SH,外运发展,20170131,0.1813784764208
600270.SH,外运发展,20170130,0.1813784764208
600270.SH,外运发展,20170129,0.1813784764208
600270.SH,外运发展,20170128,0.1813784764208
600270.SH,外运发展,20170127,0.1813784764208
600270.SH,外运发展,20170126,0.1813784764208
600270.SH,外运发展,20170125,0.1813784764208
600270.SH,外运发展,20170124,0.1813784764208
600270.SH,外运发展,20170123,0.1813784764208
600270.SH,外运发展,20170122,0.1813784764208
600270.SH,外运发展,20170121,0.1813784764208
600270.SH,外运发展,20170120,0.1813784764208
600270.SH,外运发展,20170119,0.1813784764208
600270.SH,外运发展,20170118,0.1813784764208
600270.SH,外运发展,20170117,0.1813784764208
600270.SH,外运发展,20170116,0.1813784764208
600270.SH,外运发展,20170115,0.1813784764208
600270.SH,外运发展,20170114,0.1813784764208
600270.SH,外运发展,20170113,0.1813784764208
600270.SH,外运发展,20170112,0.1813784764208
600270.SH,外运发展,20170111,0.1813784764208
600270.SH,外运发展,20170110,0.1813784764208
600270.SH,外运发展,20170109,0.1813784764208
600270.SH,外运发展,20170108,0.1813784764208
600270.SH,外运发展,20170107,0.1813784764208
600270.SH,外运发展,20170106,0.1813784764208
600270.SH,外运发展,20170105,0.1813784764208
600270.SH,外运发展,20170104,0.1813784764208
600270.SH,外运发展,20170103,0.1813784764208
600270.SH,外运发展,20170102,0.1813784764208
600270.SH,外运发展,20170101,0.1813784764208
600270.SH,外运发展,20161231,-9.7161572052402
600270.SH,外运发展,20161230,-9.7161572052402
600270.SH,外运发展,20161229,-9.7161572052402
600270.SH,外运发展,20161228,-9.7161572052402
600270.SH,外运发展,20161227,-9.7161572052402
600270.SH,外运发展,20161226,-9.7161572052402
600270.SH,外运发展,20161225,-9.7161572052402
600270.SH,外运发展,20161224,-9.7161572052402
600270.SH,外运发展,20161223,-9.7161572052402
600270.SH,外运发展,20161222,-9.7161572052402
600270.SH,外运发展,20161221,-9.7161572052402
600270.SH,外运发展,20161220,-9.7161572052402
600270.SH,外运发展,20161219,-9.7161572052402
600270.SH,外运发展,20161218,-9.7161572052402
600270.SH,外运发展,20161217,-9.7161572052402
600270.SH,外运发展,20161216,-9.7161572052402
600270.SH,外运发展,20161215,-9.7161572052402
600270.SH,外运发展,20161214,-9.7161572052402
600270.SH,外运发展,20161213,-9.7161572052402
600270.SH,外运发展,20161212,-9.7161572052402
600270.SH,外运发展,20161211,-9.7161572052402
600270.SH,外运发展,20161210,-9.7161572052402
600270.SH,外运发展,20161209,-9.7161572052402
600270.SH,外运发展,20161208,-9.7161572052402
600270.SH,外运发展,20161207,-9.7161572052402
600270.SH,外运发展,20161206,-9.7161572052402
600270.SH,外运发展,20161205,-9.7161572052402
600270.SH,外运发展,20161204,-9.7161572052402
600270.SH,外运发展,20161203,-9.7161572052402
600270.SH,外运发展,20161202,-9.7161572052402
600270.SH,外运发展,20161201,-9.7161572052402
600270.SH,外运发展,20161130,-4.0837696335079
600270.SH,外运发展,20161129,-4.0837696335079
600270.SH,外运发展,20161128,-4.0837696335079
600270.SH,外运发展,20161127,-4.0837696335079
600270.SH,外运发展,20161126,-4.0837696335079
600270.SH,外运发展,20161125,-4.0837696335079
600270.SH,外运发展,20161124,-4.0837696335079
600270.SH,外运发展,20161123,-4.0837696335079
600270.SH,外运发展,20161122,-4.0837696335079
600270.SH,外运发展,20161121,-4.0837696335079
600270.SH,外运发展,20161120,-4.0837696335079
600270.SH,外运发展,20161119,-4.0837696335079
600270.SH,外运发展,20161118,-4.0837696335079
600270.SH,外运发展,20161117,-4.0837696335079
600270.SH,外运发展,20161116,-4.0837696335079
600270.SH,外运发展,20161115,-4.0837696335079
600270.SH,外运发展,20161114,-4.0837696335079
600270.SH,外运发展,20161113,-4.0837696335079
600270.SH,外运发展,20161112,-4.0837696335079
600270.SH,外运发展,20161111,-4.0837696335079
600270.SH,外运发展,20161110,-4.0837696335079
600270.SH,外运发展,20161109,-4.0837696335079
600270.SH,外运发展,20161108,-4.0837696335079
600270.SH,外运发展,20161107,-4.0837696335079
600270.SH,外运发展,20161106,-4.0837696335079
600270.SH,外运发展,20161105,-4.0837696335079
600270.SH,外运发展,20161104,-4.0837696335079
600270.SH,外运发展,20161103,-4.0837696335079
600270.SH,外运发展,20161102,-4.0837696335079
600270.SH,外运发展,20161101,-4.0837696335079
600270.SH,外运发展,20161031,5.466593042518
600270.SH,外运发展,20161030,5.466593042518
600270.SH,外运发展,20161029,5.466593042518
600270.SH,外运发展,20161028,5.466593042518
600270.SH,外运发展,20161027,5.466593042518
600270.SH,外运发展,20161026,5.466593042518
600270.SH,外运发展,20161025,5.466593042518
600270.SH,外运发展,20161024,5.466593042518
600270.SH,外运发展,20161023,5.466593042518
600270.SH,外运发展,20161022,5.466593042518
600270.SH,外运发展,20161021,5.466593042518
600270.SH,外运发展,20161020,5.466593042518
600270.SH,外运发展,20161019,5.466593042518
600270.SH,外运发展,20161018,5.466593042518
600270.SH,外运发展,20161017,5.466593042518
600270.SH,外运发展,20161016,5.466593042518
600270.SH,外运发展,20161015,5.466593042518
600270.SH,外运发展,20161014,5.466593042518
600270.SH,外运发展,20161013,5.466593042518
600270.SH,外运发展,20161012,5.466593042518
600270.SH,外运发展,20161011,5.466593042518
600270.SH,外运发展,20161010,5.466593042518
600270.SH,外运发展,20161009,5.466593042518
600270.SH,外运发展,20161008,5.466593042518
600270.SH,外运发展,20161007,5.466593042518
600270.SH,外运发展,20161006,5.466593042518
600270.SH,外运发展,20161005,5.466593042518
600270.SH,外运发展,20161004,5.466593042518
600270.SH,外运发展,20161003,5.466593042518
600270.SH,外运发展,20161002,5.466593042518
600270.SH,外运发展,20161001,5.466593042518
600270.SH,外运发展,20160930,-0.43980208905993
600270.SH,外运发展,20160929,-0.43980208905993
600270.SH,外运发展,20160928,-0.43980208905993
600270.SH,外运发展,20160927,-0.43980208905993
600270.SH,外运发展,20160926,-0.43980208905993
600270.SH,外运发展,20160925,-0.43980208905993
600270.SH,外运发展,20160924,-0.43980208905993
600270.SH,外运发展,20160923,-0.43980208905993
600270.SH,外运发展,20160922,-0.43980208905993
600270.SH,外运发展,20160921,-0.43980208905993
600270.SH,外运发展,20160920,-0.43980208905993
600270.SH,外运发展,20160919,-0.43980208905993
600270.SH,外运发展,20160918,-0.43980208905993
600270.SH,外运发展,20160917,-0.43980208905993
600270.SH,外运发展,20160916,-0.43980208905993
600270.SH,外运发展,20160915,-0.43980208905993
600270.SH,外运发展,20160914,-0.43980208905993
600270.SH,外运发展,20160913,-0.43980208905993
600270.SH,外运发展,20160912,-0.43980208905993
600270.SH,外运发展,20160911,-0.43980208905993
600270.SH,外运发展,20160910,-0.43980208905993
600270.SH,外运发展,20160909,-0.43980208905993
600270.SH,外运发展,20160908,-0.43980208905993
600270.SH,外运发展,20160907,-0.43980208905993
600270.SH,外运发展,20160906,-0.43980208905993
600270.SH,外运发展,20160905,-0.43980208905993
600270.SH,外运发展,20160904,-0.43980208905993
600270.SH,外运发展,20160903,-0.43980208905993
600270.SH,外运发展,20160902,-0.43980208905993
600270.SH,外运发展,20160901,-0.43980208905993
600270.SH,外运发展,20160831,-1.6756756756757
600270.SH,外运发展,20160830,-1.6756756756757
600270.SH,外运发展,20160829,-1.6756756756757
600270.SH,外运发展,20160828,-1.6756756756757
600270.SH,外运发展,20160827,-1.6756756756757
600270.SH,外运发展,20160826,-1.6756756756757
600270.SH,外运发展,20160825,-1.6756756756757
600270.SH,外运发展,20160824,-1.6756756756757
600270.SH,外运发展,20160823,-1.6756756756757
600270.SH,外运发展,20160822,-1.6756756756757
600270.SH,外运发展,20160821,-1.6756756756757
600270.SH,外运发展,20160820,-1.6756756756757
600270.SH,外运发展,20160819,-1.6756756756757
600270.SH,外运发展,20160818,-1.6756756756757
600270.SH,外运发展,20160817,-1.6756756756757
600270.SH,外运发展,20160816,-1.6756756756757
600270.SH,外运发展,20160815,-1.6756756756757
600270.SH,外运发展,20160814,-1.6756756756757
600270.SH,外运发展,20160813,-1.6756756756757
600270.SH,外运发展,20160812,-1.6756756756757
600270.SH,外运发展,20160811,-1.6756756756757
600270.SH,外运发展,20160810,-1.6756756756757
600270.SH,外运发展,20160809,-1.6756756756757
600270.SH,外运发展,20160808,-1.6756756756757
600270.SH,外运发展,20160807,-1.6756756756757
600270.SH,外运发展,20160806,-1.6756756756757
600270.SH,外运发展,20160805,-1.6756756756757
600270.SH,外运发展,20160804,-1.6756756756757
600270.SH,外运发展,20160803,-1.6756756756757
600270.SH,外运发展,20160802,-1.6756756756757
600270.SH,外运发展,20160801,-1.6756756756757
600270.SH,外运发展,20160731,5.7747284162379
600270.SH,外运发展,20160730,5.7747284162379
600270.SH,外运发展,20160729,5.7747284162379
600270.SH,外运发展,20160728,5.7747284162379
600270.SH,外运发展,20160727,5.7747284162379
600270.SH,外运发展,20160726,5.7747284162379
600270.SH,外运发展,20160725,5.7747284162379
600270.SH,外运发展,20160724,5.7747284162379
600270.SH,外运发展,20160723,5.7747284162379
600270.SH,外运发展,20160722,5.7747284162379
600270.SH,外运发展,20160721,5.7747284162379
600270.SH,外运发展,20160720,5.7747284162379
600270.SH,外运发展,20160719,5.7747284162379
600270.SH,外运发展,20160718,5.7747284162379
600270.SH,外运发展,20160717,5.7747284162379
600270.SH,外运发展,20160716,5.7747284162379
600270.SH,外运发展,20160715,5.7747284162379
600270.SH,外运发展,20160714,5.7747284162379
600270.SH,外运发展,20160713,5.7747284162379
600270.SH,外运发展,20160712,5.7747284162379
600270.SH,外运发展,20160711,5.7747284162379
600270.SH,外运发展,20160710,5.7747284162379
600270.SH,外运发展,20160709,5.7747284162379
600270.SH,外运发展,20160708,5.7747284162379
600270.SH,外运发展,20160707,5.7747284162379
600270.SH,外运发展,20160706,5.7747284162379
600270.SH,外运发展,20160705,5.7747284162379
600270.SH,外运发展,20160704,5.7747284162379
600270.SH,外运发展,20160703,5.7747284162379
600270.SH,外运发展,20160702,5.7747284162379
600270.SH,外运发展,20160701,5.7747284162379
600270.SH,外运发展,20160630,0.80691642651295
600270.SH,外运发展,20160629,0.80691642651295
600270.SH,外运发展,20160628,0.80691642651295
600270.SH,外运发展,20160627,0.80691642651295
600270.SH,外运发展,20160626,0.80691642651295
600270.SH,外运发展,20160625,0.80691642651295
600270.SH,外运发展,20160624,0.80691642651295
600270.SH,外运发展,20160623,0.80691642651295
600270.SH,外运发展,20160622,0.80691642651295
600270.SH,外运发展,20160621,0.80691642651295
600270.SH,外运发展,20160620,0.80691642651295
600270.SH,外运发展,20160619,0.80691642651295
600270.SH,外运发展,20160618,0.80691642651295
600270.SH,外运发展,20160617,0.80691642651295
600270.SH,外运发展,20160616,0.80691642651295
600270.SH,外运发展,20160615,0.80691642651295
600270.SH,外运发展,20160614,0.80691642651295
600270.SH,外运发展,20160613,0.80691642651295
600270.SH,外运发展,20160612,0.80691642651295
600270.SH,外运发展,20160611,0.80691642651295
600270.SH,外运发展,20160610,0.80691642651295
600270.SH,外运发展,20160609,0.80691642651295
600270.SH,外运发展,20160608,0.80691642651295
600270.SH,外运发展,20160607,0.80691642651295
600270.SH,外运发展,20160606,0.80691642651295
600270.SH,外运发展,20160605,0.80691642651295
600270.SH,外运发展,20160604,0.80691642651295
600270.SH,外运发展,20160603,0.80691642651295
600270.SH,外运发展,20160602,0.80691642651295
600270.SH,外运发展,20160601,0.80691642651295
600270.SH,外运发展,20160531,-5.6039173014146
600270.SH,外运发展,20160530,-5.6039173014146
600270.SH,外运发展,20160529,-5.6039173014146
600270.SH,外运发展,20160528,-5.6039173014146
600270.SH,外运发展,20160527,-5.6039173014146
600270.SH,外运发展,20160526,-5.6039173014146
600270.SH,外运发展,20160525,-5.6039173014146
600270.SH,外运发展,20160524,-5.6039173014146
600270.SH,外运发展,20160523,-5.6039173014146
600270.SH,外运发展,20160522,-5.6039173014146
600270.SH,外运发展,20160521,-5.6039173014146
600270.SH,外运发展,20160520,-5.6039173014146
600270.SH,外运发展,20160519,-5.6039173014146
600270.SH,外运发展,20160518,-5.6039173014146
600270.SH,外运发展,20160517,-5.6039173014146
600270.SH,外运发展,20160516,-5.6039173014146
600270.SH,外运发展,20160515,-5.6039173014146
600270.SH,外运发展,20160514,-5.6039173014146
600270.SH,外运发展,20160513,-5.6039173014146
600270.SH,外运发展,20160512,-5.6039173014146
600270.SH,外运发展,20160511,-5.6039173014146
600270.SH,外运发展,20160510,-5.6039173014146
600270.SH,外运发展,20160509,-5.6039173014146
600270.SH,外运发展,20160508,-5.6039173014146
600270.SH,外运发展,20160507,-5.6039173014146
600270.SH,外运发展,20160506,-5.6039173014146
600270.SH,外运发展,20160505,-5.6039173014146
600270.SH,外运发展,20160504,-5.6039173014146
600270.SH,外运发展,20160503,-5.6039173014146
600270.SH,外运发展,20160502,-5.6039173014146
600270.SH,外运发展,20160501,-5.6039173014146
600270.SH,外运发展,20160430,-5.2088705518308
600270.SH,外运发展,20160429,-5.2088705518308
600270.SH,外运发展,20160428,-5.2088705518308
600270.SH,外运发展,20160427,-5.2088705518308
600270.SH,外运发展,20160426,-5.2088705518308
600270.SH,外运发展,20160425,-5.2088705518308
600270.SH,外运发展,20160424,-5.2088705518308
600270.SH,外运发展,20160423,-5.2088705518308
600270.SH,外运发展,20160422,-5.2088705518308
600270.SH,外运发展,20160421,-5.2088705518308
600270.SH,外运发展,20160420,-5.2088705518308
600270.SH,外运发展,20160419,-5.2088705518308
600270.SH,外运发展,20160418,-5.2088705518308
600270.SH,外运发展,20160417,-5.2088705518308
600270.SH,外运发展,20160416,-5.2088705518308
600270.SH,外运发展,20160415,-5.2088705518308
600270.SH,外运发展,20160414,-5.2088705518308
600270.SH,外运发展,20160413,-5.2088705518308
600270.SH,外运发展,20160412,-5.2088705518308
600270.SH,外运发展,20160411,-5.2088705518308
600270.SH,外运发展,20160410,-5.2088705518308
600270.SH,外运发展,20160409,-5.2088705518308
600270.SH,外运发展,20160408,-5.2088705518308
600270.SH,外运发展,20160407,-5.2088705518308
600270.SH,外运发展,20160406,-5.2088705518308
600270.SH,外运发展,20160405,-5.2088705518308
600270.SH,外运发展,20160404,-5.2088705518308
600270.SH,外运发展,20160403,-5.2088705518308
600270.SH,外运发展,20160402,-5.2088705518308
600270.SH,外运发展,20160401,-5.2088705518308
600270.SH,外运发展,20160331,11.244979919679
600270.SH,外运发展,20160330,11.244979919679
600270.SH,外运发展,20160329,11.244979919679
600270.SH,外运发展,20160328,11.244979919679
600270.SH,外运发展,20160327,11.244979919679
600270.SH,外运发展,20160326,11.244979919679
600270.SH,外运发展,20160325,11.244979919679
600270.SH,外运发展,20160324,11.244979919679
600270.SH,外运发展,20160323,11.244979919679
600270.SH,外运发展,20160322,11.244979919679
600270.SH,外运发展,20160321,11.244979919679
600270.SH,外运发展,20160320,11.244979919679
600270.SH,外运发展,20160319,11.244979919679
600270.SH,外运发展,20160318,11.244979919679
600270.SH,外运发展,20160317,11.244979919679
600270.SH,外运发展,20160316,11.244979919679
600270.SH,外运发展,20160315,11.244979919679
600270.SH,外运发展,20160314,11.244979919679
600270.SH,外运发展,20160313,11.244979919679
600270.SH,外运发展,20160312,11.244979919679
600270.SH,外运发展,20160311,11.244979919679
600270.SH,外运发展,20160310,11.244979919679
600270.SH,外运发展,20160309,11.244979919679
600270.SH,外运发展,20160308,11.244979919679
600270.SH,外运发展,20160307,11.244979919679
600270.SH,外运发展,20160306,11.244979919679
600270.SH,外运发展,20160305,11.244979919679
600270.SH,外运发展,20160304,11.244979919679
600270.SH,外运发展,20160303,11.244979919679
600270.SH,外运发展,20160302,11.244979919679
600270.SH,外运发展,20160301,11.244979919679
600270.SH,外运发展,20160229,-2.8428093645485
600270.SH,外运发展,20160228,-2.8428093645485
600270.SH,外运发展,20160227,-2.8428093645485
600270.SH,外运发展,20160226,-2.8428093645485
600270.SH,外运发展,20160225,-2.8428093645485
600270.SH,外运发展,20160224,-2.8428093645485
600270.SH,外运发展,20160223,-2.8428093645485
600270.SH,外运发展,20160222,-2.8428093645485
600270.SH,外运发展,20160221,-2.8428093645485
600270.SH,外运发展,20160220,-2.8428093645485
600270.SH,外运发展,20160219,-2.8428093645485
600270.SH,外运发展,20160218,-2.8428093645485
600270.SH,外运发展,20160217,-2.8428093645485
600270.SH,外运发展,20160216,-2.8428093645485
600270.SH,外运发展,20160215,-2.8428093645485
600270.SH,外运发展,20160214,-2.8428093645485
600270.SH,外运发展,20160213,-2.8428093645485
600270.SH,外运发展,20160212,-2.8428093645485
600270.SH,外运发展,20160211,-2.8428093645485
600270.SH,外运发展,20160210,-2.8428093645485
600270.SH,外运发展,20160209,-2.8428093645485
600270.SH,外运发展,20160208,-2.8428093645485
600270.SH,外运发展,20160207,-2.8428093645485
600270.SH,外运发展,20160206,-2.8428093645485
600270.SH,外运发展,20160205,-2.8428093645485
600270.SH,外运发展,20160204,-2.8428093645485
600270.SH,外运发展,20160203,-2.8428093645485
600270.SH,外运发展,20160202,-2.8428093645485
600270.SH,外运发展,20160201,-2.8428093645485
600270.SH,外运发展,20160131,-33.70288248337
600270.SH,外运发展,20160130,-33.70288248337
600270.SH,外运发展,20160129,-33.70288248337
600270.SH,外运发展,20160128,-33.70288248337
600270.SH,外运发展,20160127,-33.70288248337
600270.SH,外运发展,20160126,-33.70288248337
600270.SH,外运发展,20160125,-33.70288248337
600270.SH,外运发展,20160124,-33.70288248337
600270.SH,外运发展,20160123,-33.70288248337
600270.SH,外运发展,20160122,-33.70288248337
600270.SH,外运发展,20160121,-33.70288248337
600270.SH,外运发展,20160120,-33.70288248337
600270.SH,外运发展,20160119,-33.70288248337
600270.SH,外运发展,20160118,-33.70288248337
600270.SH,外运发展,20160117,-33.70288248337
600270.SH,外运发展,20160116,-33.70288248337
600270.SH,外运发展,20160115,-33.70288248337
600270.SH,外运发展,20160114,-33.70288248337
600270.SH,外运发展,20160113,-33.70288248337
600270.SH,外运发展,20160112,-33.70288248337
600270.SH,外运发展,20160111,-33.70288248337
600270.SH,外运发展,20160110,-33.70288248337
600270.SH,外运发展,20160109,-33.70288248337
600270.SH,外运发展,20160108,-33.70288248337
600270.SH,外运发展,20160107,-33.70288248337
600270.SH,外运发展,20160106,-33.70288248337
600270.SH,外运发展,20160105,-33.70288248337
600270.SH,外运发展,20160104,-33.70288248337
600270.SH,外运发展,20160103,-33.70288248337
600270.SH,外运发展,20160102,-33.70288248337
600270.SH,外运发展,20160101,-33.70288248337
600270.SH,外运发展,20151231,8.6746987951807
600270.SH,外运发展,20151230,8.6746987951807
600270.SH,外运发展,20151229,8.6746987951807
600270.SH,外运发展,20151228,8.6746987951807
600270.SH,外运发展,20151227,8.6746987951807
600270.SH,外运发展,20151226,8.6746987951807
600270.SH,外运发展,20151225,8.6746987951807
600270.SH,外运发展,20151224,8.6746987951807
600270.SH,外运发展,20151223,8.6746987951807
600270.SH,外运发展,20151222,8.6746987951807
600270.SH,外运发展,20151221,8.6746987951807
600270.SH,外运发展,20151220,8.6746987951807
600270.SH,外运发展,20151219,8.6746987951807
600270.SH,外运发展,20151218,8.6746987951807
600270.SH,外运发展,20151217,8.6746987951807
600270.SH,外运发展,20151216,8.6746987951807
600270.SH,外运发展,20151215,8.6746987951807
600270.SH,外运发展,20151214,8.6746987951807
600270.SH,外运发展,20151213,8.6746987951807
600270.SH,外运发展,20151212,8.6746987951807
600270.SH,外运发展,20151211,8.6746987951807
600270.SH,外运发展,20151210,8.6746987951807
600270.SH,外运发展,20151209,8.6746987951807
600270.SH,外运发展,20151208,8.6746987951807
600270.SH,外运发展,20151207,8.6746987951807
600270.SH,外运发展,20151206,8.6746987951807
600270.SH,外运发展,20151205,8.6746987951807
600270.SH,外运发展,20151204,8.6746987951807
600270.SH,外运发展,20151203,8.6746987951807
600270.SH,外运发展,20151202,8.6746987951807
600270.SH,外运发展,20151201,8.6746987951807
600270.SH,外运发展,20151130,-5.5028462998103
600270.SH,外运发展,20151129,-5.5028462998103
600270.SH,外运发展,20151128,-5.5028462998103
600270.SH,外运发展,20151127,-5.5028462998103
600270.SH,外运发展,20151126,-5.5028462998103
600270.SH,外运发展,20151125,-5.5028462998103
600270.SH,外运发展,20151124,-5.5028462998103
600270.SH,外运发展,20151123,-5.5028462998103
600270.SH,外运发展,20151122,-5.5028462998103
600270.SH,外运发展,20151121,-5.5028462998103
600270.SH,外运发展,20151120,-5.5028462998103
600270.SH,外运发展,20151119,-5.5028462998103
600270.SH,外运发展,20151118,-5.5028462998103
600270.SH,外运发展,20151117,-5.5028462998103
600270.SH,外运发展,20151116,-5.5028462998103
600270.SH,外运发展,20151115,-5.5028462998103
600270.SH,外运发展,20151114,-5.5028462998103
600270.SH,外运发展,20151113,-5.5028462998103
600270.SH,外运发展,20151112,-5.5028462998103
600270.SH,外运发展,20151111,-5.5028462998103
600270.SH,外运发展,20151110,-5.5028462998103
600270.SH,外运发展,20151109,-5.5028462998103
600270.SH,外运发展,20151108,-5.5028462998103
600270.SH,外运发展,20151107,-5.5028462998103
600270.SH,外运发展,20151106,-5.5028462998103
600270.SH,外运发展,20151105,-5.5028462998103
600270.SH,外运发展,20151104,-5.5028462998103
600270.SH,外运发展,20151103,-5.5028462998103
600270.SH,外运发展,20151102,-5.5028462998103
600270.SH,外运发展,20151101,-5.5028462998103
600270.SH,外运发展,20151031,33.282751643905
600270.SH,外运发展,20151030,33.282751643905
600270.SH,外运发展,20151029,33.282751643905
600270.SH,外运发展,20151028,33.282751643905
600270.SH,外运发展,20151027,33.282751643905
600270.SH,外运发展,20151026,33.282751643905
600270.SH,外运发展,20151025,33.282751643905
600270.SH,外运发展,20151024,33.282751643905
600270.SH,外运发展,20151023,33.282751643905
600270.SH,外运发展,20151022,33.282751643905
600270.SH,外运发展,20151021,33.282751643905
600270.SH,外运发展,20151020,33.282751643905
600270.SH,外运发展,20151019,33.282751643905
600270.SH,外运发展,20151018,33.282751643905
600270.SH,外运发展,20151017,33.282751643905
600270.SH,外运发展,20151016,33.282751643905
600270.SH,外运发展,20151015,33.282751643905
600270.SH,外运发展,20151014,33.282751643905
600270.SH,外运发展,20151013,33.282751643905
600270.SH,外运发展,20151012,33.282751643905
600270.SH,外运发展,20151011,33.282751643905
600270.SH,外运发展,20151010,33.282751643905
600270.SH,外运发展,20151009,33.282751643905
600270.SH,外运发展,20151008,33.282751643905
600270.SH,外运发展,20151007,33.282751643905
600270.SH,外运发展,20151006,33.282751643905
600270.SH,外运发展,20151005,33.282751643905
600270.SH,外运发展,20151004,33.282751643905
600270.SH,外运发展,20151003,33.282751643905
600270.SH,外运发展,20151002,33.282751643905
600270.SH,外运发展,20151001,33.282751643905
600270.SH,外运发展,20150930,-12.094264117385
600270.SH,外运发展,20150929,-12.094264117385
600270.SH,外运发展,20150928,-12.094264117385
600270.SH,外运发展,20150927,-12.094264117385
600270.SH,外运发展,20150926,-12.094264117385
600270.SH,外运发展,20150925,-12.094264117385
600270.SH,外运发展,20150924,-12.094264117385
600270.SH,外运发展,20150923,-12.094264117385
600270.SH,外运发展,20150922,-12.094264117385
600270.SH,外运发展,20150921,-12.094264117385
600270.SH,外运发展,20150920,-12.094264117385
600270.SH,外运发展,20150919,-12.094264117385
600270.SH,外运发展,20150918,-12.094264117385
600270.SH,外运发展,20150917,-12.094264117385
600270.SH,外运发展,20150916,-12.094264117385
600270.SH,外运发展,20150915,-12.094264117385
600270.SH,外运发展,20150914,-12.094264117385
600270.SH,外运发展,20150913,-12.094264117385
600270.SH,外运发展,20150912,-12.094264117385
600270.SH,外运发展,20150911,-12.094264117385
600270.SH,外运发展,20150910,-12.094264117385
600270.SH,外运发展,20150909,-12.094264117385
600270.SH,外运发展,20150908,-12.094264117385
600270.SH,外运发展,20150907,-12.094264117385
600270.SH,外运发展,20150906,-12.094264117385
600270.SH,外运发展,20150905,-12.094264117385
600270.SH,外运发展,20150904,-12.094264117385
600270.SH,外运发展,20150903,-12.094264117385
600270.SH,外运发展,20150902,-12.094264117385
600270.SH,外运发展,20150901,-12.094264117385
600270.SH,外运发展,20150831,-11.317034700315
600270.SH,外运发展,20150830,-11.317034700315
600270.SH,外运发展,20150829,-11.317034700315
600270.SH,外运发展,20150828,-11.317034700315
600270.SH,外运发展,20150827,-11.317034700315
600270.SH,外运发展,20150826,-11.317034700315
600270.SH,外运发展,20150825,-11.317034700315
600270.SH,外运发展,20150824,-11.317034700315
600270.SH,外运发展,20150823,-11.317034700315
600270.SH,外运发展,20150822,-11.317034700315
600270.SH,外运发展,20150821,-11.317034700315
600270.SH,外运发展,20150820,-11.317034700315
600270.SH,外运发展,20150819,-11.317034700315
600270.SH,外运发展,20150818,-11.317034700315
600270.SH,外运发展,20150817,-11.317034700315
600270.SH,外运发展,20150816,-11.317034700315
600270.SH,外运发展,20150815,-11.317034700315
600270.SH,外运发展,20150814,-11.317034700315
600270.SH,外运发展,20150813,-11.317034700315
600270.SH,外运发展,20150812,-11.317034700315
600270.SH,外运发展,20150811,-11.317034700315
600270.SH,外运发展,20150810,-11.317034700315
600270.SH,外运发展,20150809,-11.317034700315
600270.SH,外运发展,20150808,-11.317034700315
600270.SH,外运发展,20150807,-11.317034700315
600270.SH,外运发展,20150806,-11.317034700315
600270.SH,外运发展,20150805,-11.317034700315
600270.SH,外运发展,20150804,-11.317034700315
600270.SH,外运发展,20150803,-11.317034700315
600270.SH,外运发展,20150802,-11.317034700315
600270.SH,外运发展,20150801,-11.317034700315
600270.SH,外运发展,20150731,-13.031550068587
600270.SH,外运发展,20150730,-13.031550068587
600270.SH,外运发展,20150729,-13.031550068587
600270.SH,外运发展,20150728,-13.031550068587
600270.SH,外运发展,20150727,-13.031550068587
600270.SH,外运发展,20150726,-13.031550068587
600270.SH,外运发展,20150725,-13.031550068587
600270.SH,外运发展,20150724,-13.031550068587
600270.SH,外运发展,20150723,-13.031550068587
600270.SH,外运发展,20150722,-13.031550068587
600270.SH,外运发展,20150721,-13.031550068587
600270.SH,外运发展,20150720,-13.031550068587
600270.SH,外运发展,20150719,-13.031550068587
600270.SH,外运发展,20150718,-13.031550068587
600270.SH,外运发展,20150717,-13.031550068587
600270.SH,外运发展,20150716,-13.031550068587
600270.SH,外运发展,20150715,-13.031550068587
600270.SH,外运发展,20150714,-13.031550068587
600270.SH,外运发展,20150713,-13.031550068587
600270.SH,外运发展,20150712,-13.031550068587
600270.SH,外运发展,20150711,-13.031550068587
600270.SH,外运发展,20150710,-13.031550068587
600270.SH,外运发展,20150709,-13.031550068587
600270.SH,外运发展,20150708,-13.031550068587
600270.SH,外运发展,20150707,-13.031550068587
600270.SH,外运发展,20150706,-13.031550068587
600270.SH,外运发展,20150705,-13.031550068587
600270.SH,外运发展,20150704,-13.031550068587
600270.SH,外运发展,20150703,-13.031550068587
600270.SH,外运发展,20150702,-13.031550068587
600270.SH,外运发展,20150701,-13.031550068587
600270.SH,外运发展,20150630,-1.2195121951219
600270.SH,外运发展,20150629,-1.2195121951219
600270.SH,外运发展,20150628,-1.2195121951219
600270.SH,外运发展,20150627,-1.2195121951219
600270.SH,外运发展,20150626,-1.2195121951219
600270.SH,外运发展,20150625,-1.2195121951219
600270.SH,外运发展,20150624,-1.2195121951219
600270.SH,外运发展,20150623,-1.2195121951219
600270.SH,外运发展,20150622,-1.2195121951219
600270.SH,外运发展,20150621,-1.2195121951219
600270.SH,外运发展,20150620,-1.2195121951219
600270.SH,外运发展,20150619,-1.2195121951219
600270.SH,外运发展,20150618,-1.2195121951219
600270.SH,外运发展,20150617,-1.2195121951219
600270.SH,外运发展,20150616,-1.2195121951219
600270.SH,外运发展,20150615,-1.2195121951219
600270.SH,外运发展,20150614,-1.2195121951219
600270.SH,外运发展,20150613,-1.2195121951219
600270.SH,外运发展,20150612,-1.2195121951219
600270.SH,外运发展,20150611,-1.2195121951219
600270.SH,外运发展,20150610,-1.2195121951219
600270.SH,外运发展,20150609,-1.2195121951219
600270.SH,外运发展,20150608,-1.2195121951219
600270.SH,外运发展,20150607,-1.2195121951219
600270.SH,外运发展,20150606,-1.2195121951219
600270.SH,外运发展,20150605,-1.2195121951219
600270.SH,外运发展,20150604,-1.2195121951219
600270.SH,外运发展,20150603,-1.2195121951219
600270.SH,外运发展,20150602,-1.2195121951219
600270.SH,外运发展,20150601,-1.2195121951219
600270.SH,外运发展,20150531,9.1715976331361
600270.SH,外运发展,20150530,9.1715976331361
600270.SH,外运发展,20150529,9.1715976331361
600270.SH,外运发展,20150528,9.1715976331361
600270.SH,外运发展,20150527,9.1715976331361
600270.SH,外运发展,20150526,9.1715976331361
600270.SH,外运发展,20150525,9.1715976331361
600270.SH,外运发展,20150524,9.1715976331361
600270.SH,外运发展,20150523,9.1715976331361
600270.SH,外运发展,20150522,9.1715976331361
600270.SH,外运发展,20150521,9.1715976331361
600270.SH,外运发展,20150520,9.1715976331361
600270.SH,外运发展,20150519,9.1715976331361
600270.SH,外运发展,20150518,9.1715976331361
600270.SH,外运发展,20150517,9.1715976331361
600270.SH,外运发展,20150516,9.1715976331361
600270.SH,外运发展,20150515,9.1715976331361
600270.SH,外运发展,20150514,9.1715976331361
600270.SH,外运发展,20150513,9.1715976331361
600270.SH,外运发展,20150512,9.1715976331361
600270.SH,外运发展,20150511,9.1715976331361
600270.SH,外运发展,20150510,9.1715976331361
600270.SH,外运发展,20150509,9.1715976331361
600270.SH,外运发展,20150508,9.1715976331361
600270.SH,外运发展,20150507,9.1715976331361
600270.SH,外运发展,20150506,9.1715976331361
600270.SH,外运发展,20150505,9.1715976331361
600270.SH,外运发展,20150504,9.1715976331361
600270.SH,外运发展,20150503,9.1715976331361
600270.SH,外运发展,20150502,9.1715976331361
600270.SH,外运发展,20150501,9.1715976331361
600270.SH,外运发展,20150430,9.518023491292
600270.SH,外运发展,20150429,9.518023491292
600270.SH,外运发展,20150428,9.518023491292
600270.SH,外运发展,20150427,9.518023491292
600270.SH,外运发展,20150426,9.518023491292
600270.SH,外运发展,20150425,9.518023491292
600270.SH,外运发展,20150424,9.518023491292
600270.SH,外运发展,20150423,9.518023491292
600270.SH,外运发展,20150422,9.518023491292
600270.SH,外运发展,20150421,9.518023491292
600270.SH,外运发展,20150420,9.518023491292
600270.SH,外运发展,20150419,9.518023491292
600270.SH,外运发展,20150418,9.518023491292
600270.SH,外运发展,20150417,9.518023491292
600270.SH,外运发展,20150416,9.518023491292
600270.SH,外运发展,20150415,9.518023491292
600270.SH,外运发展,20150414,9.518023491292
600270.SH,外运发展,20150413,9.518023491292
600270.SH,外运发展,20150412,9.518023491292
600270.SH,外运发展,20150411,9.518023491292
600270.SH,外运发展,20150410,9.518023491292
600270.SH,外运发展,20150409,9.518023491292
600270.SH,外运发展,20150408,9.518023491292
600270.SH,外运发展,20150407,9.518023491292
600270.SH,外运发展,20150406,9.518023491292
600270.SH,外运发展,20150405,9.518023491292
600270.SH,外运发展,20150404,9.518023491292
600270.SH,外运发展,20150403,9.518023491292
600270.SH,外运发展,20150402,9.518023491292
600270.SH,外运发展,20150401,9.518023491292
600270.SH,外运发展,20150331,30.152872957301
600270.SH,外运发展,20150330,30.152872957301
600270.SH,外运发展,20150329,30.152872957301
600270.SH,外运发展,20150328,30.152872957301
600270.SH,外运发展,20150327,30.152872957301
600270.SH,外运发展,20150326,30.152872957301
600270.SH,外运发展,20150325,30.152872957301
600270.SH,外运发展,20150324,30.152872957301
600270.SH,外运发展,20150323,30.152872957301
600270.SH,外运发展,20150322,30.152872957301
600270.SH,外运发展,20150321,30.152872957301
600270.SH,外运发展,20150320,30.152872957301
600270.SH,外运发展,20150319,30.152872957301
600270.SH,外运发展,20150318,30.152872957301
600270.SH,外运发展,20150317,30.152872957301
600270.SH,外运发展,20150316,30.152872957301
600270.SH,外运发展,20150315,30.152872957301
600270.SH,外运发展,20150314,30.152872957301
600270.SH,外运发展,20150313,30.152872957301
600270.SH,外运发展,20150312,30.152872957301
600270.SH,外运发展,20150311,30.152872957301
600270.SH,外运发展,20150310,30.152872957301
600270.SH,外运发展,20150309,30.152872957301
600270.SH,外运发展,20150308,30.152872957301
600270.SH,外运发展,20150307,30.152872957301
600270.SH,外运发展,20150306,30.152872957301
600270.SH,外运发展,20150305,30.152872957301
600270.SH,外运发展,20150304,30.152872957301
600270.SH,外运发展,20150303,30.152872957301
600270.SH,外运发展,20150302,30.152872957301
600270.SH,外运发展,20150301,30.152872957301
600270.SH,外运发展,20150228,1.71581769437
600270.SH,外运发展,20150227,1.71581769437
600270.SH,外运发展,20150226,1.71581769437
600270.SH,外运发展,20150225,1.71581769437
600270.SH,外运发展,20150224,1.71581769437
600270.SH,外运发展,20150223,1.71581769437
600270.SH,外运发展,20150222,1.71581769437
600270.SH,外运发展,20150221,1.71581769437
600270.SH,外运发展,20150220,1.71581769437
600270.SH,外运发展,20150219,1.71581769437
600270.SH,外运发展,20150218,1.71581769437
600270.SH,外运发展,20150217,1.71581769437
600270.SH,外运发展,20150216,1.71581769437
600270.SH,外运发展,20150215,1.71581769437
600270.SH,外运发展,20150214,1.71581769437
600270.SH,外运发展,20150213,1.71581769437
600270.SH,外运发展,20150212,1.71581769437
600270.SH,外运发展,20150211,1.71581769437
600270.SH,外运发展,20150210,1.71581769437
600270.SH,外运发展,20150209,1.71581769437
600270.SH,外运发展,20150208,1.71581769437
600270.SH,外运发展,20150207,1.71581769437
600270.SH,外运发展,20150206,1.71581769437
600270.SH,外运发展,20150205,1.71581769437
600270.SH,外运发展,20150204,1.71581769437
600270.SH,外运发展,20150203,1.71581769437
600270.SH,外运发展,20150202,1.71581769437
600270.SH,外运发展,20150201,1.71581769437
600270.SH,外运发展,20150131,14.067278287462
600270.SH,外运发展,20150130,14.067278287462
600270.SH,外运发展,20150129,14.067278287462
600270.SH,外运发展,20150128,14.067278287462
600270.SH,外运发展,20150127,14.067278287462
600270.SH,外运发展,20150126,14.067278287462
600270.SH,外运发展,20150125,14.067278287462
600270.SH,外运发展,20150124,14.067278287462
600270.SH,外运发展,20150123,14.067278287462
600270.SH,外运发展,20150122,14.067278287462
600270.SH,外运发展,20150121,14.067278287462
600270.SH,外运发展,20150120,14.067278287462
600270.SH,外运发展,20150119,14.067278287462
600270.SH,外运发展,20150118,14.067278287462
600270.SH,外运发展,20150117,14.067278287462
600270.SH,外运发展,20150116,14.067278287462
600270.SH,外运发展,20150115,14.067278287462
600270.SH,外运发展,20150114,14.067278287462
600270.SH,外运发展,20150113,14.067278287462
600270.SH,外运发展,20150112,14.067278287462
600270.SH,外运发展,20150111,14.067278287462
600270.SH,外运发展,20150110,14.067278287462
600270.SH,外运发展,20150109,14.067278287462
600270.SH,外运发展,20150108,14.067278287462
600270.SH,外运发展,20150107,14.067278287462
600270.SH,外运发展,20150106,14.067278287462
600270.SH,外运发展,20150105,14.067278287462
600270.SH,外运发展,20150104,14.067278287462
600270.SH,外运发展,20150103,14.067278287462
600270.SH,外运发展,20150102,14.067278287462
600270.SH,外运发展,20150101,14.067278287462
600270.SH,外运发展,20141231,1.4267990074442
600270.SH,外运发展,20141230,1.4267990074442
600270.SH,外运发展,20141229,1.4267990074442
600270.SH,外运发展,20141228,1.4267990074442
600270.SH,外运发展,20141227,1.4267990074442
600270.SH,外运发展,20141226,1.4267990074442
600270.SH,外运发展,20141225,1.4267990074442
600270.SH,外运发展,20141224,1.4267990074442
600270.SH,外运发展,20141223,1.4267990074442
600270.SH,外运发展,20141222,1.4267990074442
600270.SH,外运发展,20141221,1.4267990074442
600270.SH,外运发展,20141220,1.4267990074442
600270.SH,外运发展,20141219,1.4267990074442
600270.SH,外运发展,20141218,1.4267990074442
600270.SH,外运发展,20141217,1.4267990074442
600270.SH,外运发展,20141216,1.4267990074442
600270.SH,外运发展,20141215,1.4267990074442
600270.SH,外运发展,20141214,1.4267990074442
600270.SH,外运发展,20141213,1.4267990074442
600270.SH,外运发展,20141212,1.4267990074442
600270.SH,外运发展,20141211,1.4267990074442
600270.SH,外运发展,20141210,1.4267990074442
600270.SH,外运发展,20141209,1.4267990074442
600270.SH,外运发展,20141208,1.4267990074442
600270.SH,外运发展,20141207,1.4267990074442
600270.SH,外运发展,20141206,1.4267990074442
600270.SH,外运发展,20141205,1.4267990074442
600270.SH,外运发展,20141204,1.4267990074442
600270.SH,外运发展,20141203,1.4267990074442
600270.SH,外运发展,20141202,1.4267990074442
600270.SH,外运发展,20141201,1.4267990074442
600270.SH,外运发展,20141130,-5.0088391278727
600270.SH,外运发展,20141129,-5.0088391278727
600270.SH,外运发展,20141128,-5.0088391278727
600270.SH,外运发展,20141127,-5.0088391278727
600270.SH,外运发展,20141126,-5.0088391278727
600270.SH,外运发展,20141125,-5.0088391278727
600270.SH,外运发展,20141124,-5.0088391278727
600270.SH,外运发展,20141123,-5.0088391278727
600270.SH,外运发展,20141122,-5.0088391278727
600270.SH,外运发展,20141121,-5.0088391278727
600270.SH,外运发展,20141120,-5.0088391278727
600270.SH,外运发展,20141119,-5.0088391278727
600270.SH,外运发展,20141118,-5.0088391278727
600270.SH,外运发展,20141117,-5.0088391278727
600270.SH,外运发展,20141116,-5.0088391278727
600270.SH,外运发展,20141115,-5.0088391278727
600270.SH,外运发展,20141114,-5.0088391278727
600270.SH,外运发展,20141113,-5.0088391278727
600270.SH,外运发展,20141112,-5.0088391278727
600270.SH,外运发展,20141111,-5.0088391278727
600270.SH,外运发展,20141110,-5.0088391278727
600270.SH,外运发展,20141109,-5.0088391278727
600270.SH,外运发展,20141108,-5.0088391278727
600270.SH,外运发展,20141107,-5.0088391278727
600270.SH,外运发展,20141106,-5.0088391278727
600270.SH,外运发展,20141105,-5.0088391278727
600270.SH,外运发展,20141104,-5.0088391278727
600270.SH,外运发展,20141103,-5.0088391278727
600270.SH,外运发展,20141102,-5.0088391278727
600270.SH,外运发展,20141101,-5.0088391278727
600270.SH,外运发展,20141031,6.1952440550688
600270.SH,外运发展,20141030,6.1952440550688
600270.SH,外运发展,20141029,6.1952440550688
600270.SH,外运发展,20141028,6.1952440550688
600270.SH,外运发展,20141027,6.1952440550688
600270.SH,外运发展,20141026,6.1952440550688
600270.SH,外运发展,20141025,6.1952440550688
600270.SH,外运发展,20141024,6.1952440550688
600270.SH,外运发展,20141023,6.1952440550688
600270.SH,外运发展,20141022,6.1952440550688
600270.SH,外运发展,20141021,6.1952440550688
600270.SH,外运发展,20141020,6.1952440550688
600270.SH,外运发展,20141019,6.1952440550688
600270.SH,外运发展,20141018,6.1952440550688
600270.SH,外运发展,20141017,6.1952440550688
600270.SH,外运发展,20141016,6.1952440550688
600270.SH,外运发展,20141015,6.1952440550688
600270.SH,外运发展,20141014,6.1952440550688
600270.SH,外运发展,20141013,6.1952440550688
600270.SH,外运发展,20141012,6.1952440550688
600270.SH,外运发展,20141011,6.1952440550688
600270.SH,外运发展,20141010,6.1952440550688
600270.SH,外运发展,20141009,6.1952440550688
600270.SH,外运发展,20141008,6.1952440550688
600270.SH,外运发展,20141007,6.1952440550688
600270.SH,外运发展,20141006,6.1952440550688
600270.SH,外运发展,20141005,6.1952440550688
600270.SH,外运发展,20141004,6.1952440550688
600270.SH,外运发展,20141003,6.1952440550688
600270.SH,外运发展,20141002,6.1952440550688
600270.SH,外运发展,20141001,6.1952440550688
600270.SH,外运发展,20140930,31.1986863711
600270.SH,外运发展,20140929,31.1986863711
600270.SH,外运发展,20140928,31.1986863711
600270.SH,外运发展,20140927,31.1986863711
600270.SH,外运发展,20140926,31.1986863711
600270.SH,外运发展,20140925,31.1986863711
600270.SH,外运发展,20140924,31.1986863711
600270.SH,外运发展,20140923,31.1986863711
600270.SH,外运发展,20140922,31.1986863711
600270.SH,外运发展,20140921,31.1986863711
600270.SH,外运发展,20140920,31.1986863711
600270.SH,外运发展,20140919,31.1986863711
600270.SH,外运发展,20140918,31.1986863711
600270.SH,外运发展,20140917,31.1986863711
600270.SH,外运发展,20140916,31.1986863711
600270.SH,外运发展,20140915,31.1986863711
600270.SH,外运发展,20140914,31.1986863711
600270.SH,外运发展,20140913,31.1986863711
600270.SH,外运发展,20140912,31.1986863711
600270.SH,外运发展,20140911,31.1986863711
600270.SH,外运发展,20140910,31.1986863711
600270.SH,外运发展,20140909,31.1986863711
600270.SH,外运发展,20140908,31.1986863711
600270.SH,外运发展,20140907,31.1986863711
600270.SH,外运发展,20140906,31.1986863711
600270.SH,外运发展,20140905,31.1986863711
600270.SH,外运发展,20140904,31.1986863711
600270.SH,外运发展,20140903,31.1986863711
600270.SH,外运发展,20140902,31.1986863711
600270.SH,外运发展,20140901,31.1986863711
600270.SH,外运发展,20140831,9.3357271095153
600270.SH,外运发展,20140830,9.3357271095153
600270.SH,外运发展,20140829,9.3357271095153
600270.SH,外运发展,20140828,9.3357271095153
600270.SH,外运发展,20140827,9.3357271095153
600270.SH,外运发展,20140826,9.3357271095153
600270.SH,外运发展,20140825,9.3357271095153
600270.SH,外运发展,20140824,9.3357271095153
600270.SH,外运发展,20140823,9.3357271095153
600270.SH,外运发展,20140822,9.3357271095153
600270.SH,外运发展,20140821,9.3357271095153
600270.SH,外运发展,20140820,9.3357271095153
600270.SH,外运发展,20140819,9.3357271095153
600270.SH,外运发展,20140818,9.3357271095153
600270.SH,外运发展,20140817,9.3357271095153
600270.SH,外运发展,20140816,9.3357271095153
600270.SH,外运发展,20140815,9.3357271095153
600270.SH,外运发展,20140814,9.3357271095153
600270.SH,外运发展,20140813,9.3357271095153
600270.SH,外运发展,20140812,9.3357271095153
600270.SH,外运发展,20140811,9.3357271095153
600270.SH,外运发展,20140810,9.3357271095153
600270.SH,外运发展,20140809,9.3357271095153
600270.SH,外运发展,20140808,9.3357271095153
600270.SH,外运发展,20140807,9.3357271095153
600270.SH,外运发展,20140806,9.3357271095153
600270.SH,外运发展,20140805,9.3357271095153
600270.SH,外运发展,20140804,9.3357271095153
600270.SH,外运发展,20140803,9.3357271095153
600270.SH,外运发展,20140802,9.3357271095153
600270.SH,外运发展,20140801,9.3357271095153
600270.SH,外运发展,20140731,-7.7814569536424
600270.SH,外运发展,20140730,-7.7814569536424
600270.SH,外运发展,20140729,-7.7814569536424
600270.SH,外运发展,20140728,-7.7814569536424
600270.SH,外运发展,20140727,-7.7814569536424
600270.SH,外运发展,20140726,-7.7814569536424
600270.SH,外运发展,20140725,-7.7814569536424
600270.SH,外运发展,20140724,-7.7814569536424
600270.SH,外运发展,20140723,-7.7814569536424
600270.SH,外运发展,20140722,-7.7814569536424
600270.SH,外运发展,20140721,-7.7814569536424
600270.SH,外运发展,20140720,-7.7814569536424
600270.SH,外运发展,20140719,-7.7814569536424
600270.SH,外运发展,20140718,-7.7814569536424
600270.SH,外运发展,20140717,-7.7814569536424
600270.SH,外运发展,20140716,-7.7814569536424
600270.SH,外运发展,20140715,-7.7814569536424
600270.SH,外运发展,20140714,-7.7814569536424
600270.SH,外运发展,20140713,-7.7814569536424
600270.SH,外运发展,20140712,-7.7814569536424
600270.SH,外运发展,20140711,-7.7814569536424
600270.SH,外运发展,20140710,-7.7814569536424
600270.SH,外运发展,20140709,-7.7814569536424
600270.SH,外运发展,20140708,-7.7814569536424
600270.SH,外运发展,20140707,-7.7814569536424
600270.SH,外运发展,20140706,-7.7814569536424
600270.SH,外运发展,20140705,-7.7814569536424
600270.SH,外运发展,20140704,-7.7814569536424
600270.SH,外运发展,20140703,-7.7814569536424
600270.SH,外运发展,20140702,-7.7814569536424
600270.SH,外运发展,20140701,-7.7814569536424
600270.SH,外运发展,20140630,-0.65789473684211
600270.SH,外运发展,20140629,-0.65789473684211
600270.SH,外运发展,20140628,-0.65789473684211
600270.SH,外运发展,20140627,-0.65789473684211
600270.SH,外运发展,20140626,-0.65789473684211
600270.SH,外运发展,20140625,-0.65789473684211
600270.SH,外运发展,20140624,-0.65789473684211
600270.SH,外运发展,20140623,-0.65789473684211
600270.SH,外运发展,20140622,-0.65789473684211
600270.SH,外运发展,20140621,-0.65789473684211
600270.SH,外运发展,20140620,-0.65789473684211
600270.SH,外运发展,20140619,-0.65789473684211
600270.SH,外运发展,20140618,-0.65789473684211
600270.SH,外运发展,20140617,-0.65789473684211
600270.SH,外运发展,20140616,-0.65789473684211
600270.SH,外运发展,20140615,-0.65789473684211
600270.SH,外运发展,20140614,-0.65789473684211
600270.SH,外运发展,20140613,-0.65789473684211
600270.SH,外运发展,20140612,-0.65789473684211
600270.SH,外运发展,20140611,-0.65789473684211
600270.SH,外运发展,20140610,-0.65789473684211
600270.SH,外运发展,20140609,-0.65789473684211
600270.SH,外运发展,20140608,-0.65789473684211
600270.SH,外运发展,20140607,-0.65789473684211
600270.SH,外运发展,20140606,-0.65789473684211
600270.SH,外运发展,20140605,-0.65789473684211
600270.SH,外运发展,20140604,-0.65789473684211
600270.SH,外运发展,20140603,-0.65789473684211
600270.SH,外运发展,20140602,-0.65789473684211
600270.SH,外运发展,20140601,-0.65789473684211
600270.SH,外运发展,20140531,-0.89649551752241
600270.SH,外运发展,20140530,-0.89649551752241
600270.SH,外运发展,20140529,-0.89649551752241
600270.SH,外运发展,20140528,-0.89649551752241
600270.SH,外运发展,20140527,-0.89649551752241
600270.SH,外运发展,20140526,-0.89649551752241
600270.SH,外运发展,20140525,-0.89649551752241
600270.SH,外运发展,20140524,-0.89649551752241
600270.SH,外运发展,20140523,-0.89649551752241
600270.SH,外运发展,20140522,-0.89649551752241
600270.SH,外运发展,20140521,-0.89649551752241
600270.SH,外运发展,20140520,-0.89649551752241
600270.SH,外运发展,20140519,-0.89649551752241
600270.SH,外运发展,20140518,-0.89649551752241
600270.SH,外运发展,20140517,-0.89649551752241
600270.SH,外运发展,20140516,-0.89649551752241
600270.SH,外运发展,20140515,-0.89649551752241
600270.SH,外运发展,20140514,-0.89649551752241
600270.SH,外运发展,20140513,-0.89649551752241
600270.SH,外运发展,20140512,-0.89649551752241
600270.SH,外运发展,20140511,-0.89649551752241
600270.SH,外运发展,20140510,-0.89649551752241
600270.SH,外运发展,20140509,-0.89649551752241
600270.SH,外运发展,20140508,-0.89649551752241
600270.SH,外运发展,20140507,-0.89649551752241
600270.SH,外运发展,20140506,-0.89649551752241
600270.SH,外运发展,20140505,-0.89649551752241
600270.SH,外运发展,20140504,-0.89649551752241
600270.SH,外运发展,20140503,-0.89649551752241
600270.SH,外运发展,20140502,-0.89649551752241
600270.SH,外运发展,20140501,-0.89649551752241
600270.SH,外运发展,20140430,10.044843049327
600270.SH,外运发展,20140429,10.044843049327
600270.SH,外运发展,20140428,10.044843049327
600270.SH,外运发展,20140427,10.044843049327
600270.SH,外运发展,20140426,10.044843049327
600270.SH,外运发展,20140425,10.044843049327
600270.SH,外运发展,20140424,10.044843049327
600270.SH,外运发展,20140423,10.044843049327
600270.SH,外运发展,20140422,10.044843049327
600270.SH,外运发展,20140421,10.044843049327
600270.SH,外运发展,20140420,10.044843049327
600270.SH,外运发展,20140419,10.044843049327
600270.SH,外运发展,20140418,10.044843049327
600270.SH,外运发展,20140417,10.044843049327
600270.SH,外运发展,20140416,10.044843049327
600270.SH,外运发展,20140415,10.044843049327
600270.SH,外运发展,20140414,10.044843049327
600270.SH,外运发展,20140413,10.044843049327
600270.SH,外运发展,20140412,10.044843049327
600270.SH,外运发展,20140411,10.044843049327
600270.SH,外运发展,20140410,10.044843049327
600270.SH,外运发展,20140409,10.044843049327
600270.SH,外运发展,20140408,10.044843049327
600270.SH,外运发展,20140407,10.044843049327
600270.SH,外运发展,20140406,10.044843049327
600270.SH,外运发展,20140405,10.044843049327
600270.SH,外运发展,20140404,10.044843049327
600270.SH,外运发展,20140403,10.044843049327
600270.SH,外运发展,20140402,10.044843049327
600270.SH,外运发展,20140401,10.044843049327
600270.SH,外运发展,20140331,-12.342767295597
600270.SH,外运发展,20140330,-12.342767295597
600270.SH,外运发展,20140329,-12.342767295597
600270.SH,外运发展,20140328,-12.342767295597
600270.SH,外运发展,20140327,-12.342767295597
600270.SH,外运发展,20140326,-12.342767295597
600270.SH,外运发展,20140325,-12.342767295597
600270.SH,外运发展,20140324,-12.342767295597
600270.SH,外运发展,20140323,-12.342767295597
600270.SH,外运发展,20140322,-12.342767295597
600270.SH,外运发展,20140321,-12.342767295597
600270.SH,外运发展,20140320,-12.342767295597
600270.SH,外运发展,20140319,-12.342767295597
600270.SH,外运发展,20140318,-12.342767295597
600270.SH,外运发展,20140317,-12.342767295597
600270.SH,外运发展,20140316,-12.342767295597
600270.SH,外运发展,20140315,-12.342767295597
600270.SH,外运发展,20140314,-12.342767295597
600270.SH,外运发展,20140313,-12.342767295597
600270.SH,外运发展,20140312,-12.342767295597
600270.SH,外运发展,20140311,-12.342767295597
600270.SH,外运发展,20140310,-12.342767295597
600270.SH,外运发展,20140309,-12.342767295597
600270.SH,外运发展,20140308,-12.342767295597
600270.SH,外运发展,20140307,-12.342767295597
600270.SH,外运发展,20140306,-12.342767295597
600270.SH,外运发展,20140305,-12.342767295597
600270.SH,外运发展,20140304,-12.342767295597
600270.SH,外运发展,20140303,-12.342767295597
600270.SH,外运发展,20140302,-12.342767295597
600270.SH,外运发展,20140301,-12.342767295597
600270.SH,外运发展,20140228,30.461538461538
600270.SH,外运发展,20140227,30.461538461538
600270.SH,外运发展,20140226,30.461538461538
600270.SH,外运发展,20140225,30.461538461538
600270.SH,外运发展,20140224,30.461538461538
600270.SH,外运发展,20140223,30.461538461538
600270.SH,外运发展,20140222,30.461538461538
600270.SH,外运发展,20140221,30.461538461538
600270.SH,外运发展,20140220,30.461538461538
600270.SH,外运发展,20140219,30.461538461538
600270.SH,外运发展,20140218,30.461538461538
600270.SH,外运发展,20140217,30.461538461538
600270.SH,外运发展,20140216,30.461538461538
600270.SH,外运发展,20140215,30.461538461538
600270.SH,外运发展,20140214,30.461538461538
600270.SH,外运发展,20140213,30.461538461538
600270.SH,外运发展,20140212,30.461538461538
600270.SH,外运发展,20140211,30.461538461538
600270.SH,外运发展,20140210,30.461538461538
600270.SH,外运发展,20140209,30.461538461538
600270.SH,外运发展,20140208,30.461538461538
600270.SH,外运发展,20140207,30.461538461538
600270.SH,外运发展,20140206,30.461538461538
600270.SH,外运发展,20140205,30.461538461538
600270.SH,外运发展,20140204,30.461538461538
600270.SH,外运发展,20140203,30.461538461538
600270.SH,外运发展,20140202,30.461538461538
600270.SH,外运发展,20140201,30.461538461538
600270.SH,外运发展,20140131,-4.3179587831207
600270.SH,外运发展,20140130,-4.3179587831207
600270.SH,外运发展,20140129,-4.3179587831207
600270.SH,外运发展,20140128,-4.3179587831207
600270.SH,外运发展,20140127,-4.3179587831207
600270.SH,外运发展,20140126,-4.3179587831207
600270.SH,外运发展,20140125,-4.3179587831207
600270.SH,外运发展,20140124,-4.3179587831207
600270.SH,外运发展,20140123,-4.3179587831207
600270.SH,外运发展,20140122,-4.3179587831207
600270.SH,外运发展,20140121,-4.3179587831207
600270.SH,外运发展,20140120,-4.3179587831207
600270.SH,外运发展,20140119,-4.3179587831207
600270.SH,外运发展,20140118,-4.3179587831207
600270.SH,外运发展,20140117,-4.3179587831207
600270.SH,外运发展,20140116,-4.3179587831207
600270.SH,外运发展,20140115,-4.3179587831207
600270.SH,外运发展,20140114,-4.3179587831207
600270.SH,外运发展,20140113,-4.3179587831207
600270.SH,外运发展,20140112,-4.3179587831207
600270.SH,外运发展,20140111,-4.3179587831207
600270.SH,外运发展,20140110,-4.3179587831207
600270.SH,外运发展,20140109,-4.3179587831207
600270.SH,外运发展,20140108,-4.3179587831207
600270.SH,外运发展,20140107,-4.3179587831207
600270.SH,外运发展,20140106,-4.3179587831207
600270.SH,外运发展,20140105,-4.3179587831207
600270.SH,外运发展,20140104,-4.3179587831207
600270.SH,外运发展,20140103,-4.3179587831207
600270.SH,外运发展,20140102,-4.3179587831207
600270.SH,外运发展,20140101,-4.3179587831207
600270.SH,外运发展,20131231,-7.7828054298643
600270.SH,外运发展,20131230,-7.7828054298643
600270.SH,外运发展,20131229,-7.7828054298643
600270.SH,外运发展,20131228,-7.7828054298643
600270.SH,外运发展,20131227,-7.7828054298643
600270.SH,外运发展,20131226,-7.7828054298643
600270.SH,外运发展,20131225,-7.7828054298643
600270.SH,外运发展,20131224,-7.7828054298643
600270.SH,外运发展,20131223,-7.7828054298643
600270.SH,外运发展,20131222,-7.7828054298643
600270.SH,外运发展,20131221,-7.7828054298643
600270.SH,外运发展,20131220,-7.7828054298643
600270.SH,外运发展,20131219,-7.7828054298643
600270.SH,外运发展,20131218,-7.7828054298643
600270.SH,外运发展,20131217,-7.7828054298643
600270.SH,外运发展,20131216,-7.7828054298643
600270.SH,外运发展,20131215,-7.7828054298643
600270.SH,外运发展,20131214,-7.7828054298643
600270.SH,外运发展,20131213,-7.7828054298643
600270.SH,外运发展,20131212,-7.7828054298643
600270.SH,外运发展,20131211,-7.7828054298643
600270.SH,外运发展,20131210,-7.7828054298643
600270.SH,外运发展,20131209,-7.7828054298643
600270.SH,外运发展,20131208,-7.7828054298643
600270.SH,外运发展,20131207,-7.7828054298643
600270.SH,外运发展,20131206,-7.7828054298643
600270.SH,外运发展,20131205,-7.7828054298643
600270.SH,外运发展,20131204,-7.7828054298643
600270.SH,外运发展,20131203,-7.7828054298643
600270.SH,外运发展,20131202,-7.7828054298643
600270.SH,外运发展,20131201,-7.7828054298643
600270.SH,外运发展,20131130,2.6951672862454
600270.SH,外运发展,20131129,2.6951672862454
600270.SH,外运发展,20131128,2.6951672862454
600270.SH,外运发展,20131127,2.6951672862454
600270.SH,外运发展,20131126,2.6951672862454
600270.SH,外运发展,20131125,2.6951672862454
600270.SH,外运发展,20131124,2.6951672862454
600270.SH,外运发展,20131123,2.6951672862454
600270.SH,外运发展,20131122,2.6951672862454
600270.SH,外运发展,20131121,2.6951672862454
600270.SH,外运发展,20131120,2.6951672862454
600270.SH,外运发展,20131119,2.6951672862454
600270.SH,外运发展,20131118,2.6951672862454
600270.SH,外运发展,20131117,2.6951672862454
600270.SH,外运发展,20131116,2.6951672862454
600270.SH,外运发展,20131115,2.6951672862454
600270.SH,外运发展,20131114,2.6951672862454
600270.SH,外运发展,20131113,2.6951672862454
600270.SH,外运发展,20131112,2.6951672862454
600270.SH,外运发展,20131111,2.6951672862454
600270.SH,外运发展,20131110,2.6951672862454
600270.SH,外运发展,20131109,2.6951672862454
600270.SH,外运发展,20131108,2.6951672862454
600270.SH,外运发展,20131107,2.6951672862454
600270.SH,外运发展,20131106,2.6951672862454
600270.SH,外运发展,20131105,2.6951672862454
600270.SH,外运发展,20131104,2.6951672862454
600270.SH,外运发展,20131103,2.6951672862454
600270.SH,外运发展,20131102,2.6951672862454
600270.SH,外运发展,20131101,2.6951672862454
600270.SH,外运发展,20131031,36.895674300254
600270.SH,外运发展,20131030,36.895674300254
600270.SH,外运发展,20131029,36.895674300254
600270.SH,外运发展,20131028,36.895674300254
600270.SH,外运发展,20131027,36.895674300254
600270.SH,外运发展,20131026,36.895674300254
600270.SH,外运发展,20131025,36.895674300254
600270.SH,外运发展,20131024,36.895674300254
600270.SH,外运发展,20131023,36.895674300254
600270.SH,外运发展,20131022,36.895674300254
600270.SH,外运发展,20131021,36.895674300254
600270.SH,外运发展,20131020,36.895674300254
600270.SH,外运发展,20131019,36.895674300254
600270.SH,外运发展,20131018,36.895674300254
600270.SH,外运发展,20131017,36.895674300254
600270.SH,外运发展,20131016,36.895674300254
600270.SH,外运发展,20131015,36.895674300254
600270.SH,外运发展,20131014,36.895674300254
600270.SH,外运发展,20131013,36.895674300254
600270.SH,外运发展,20131012,36.895674300254
600270.SH,外运发展,20131011,36.895674300254
600270.SH,外运发展,20131010,36.895674300254
600270.SH,外运发展,20131009,36.895674300254
600270.SH,外运发展,20131008,36.895674300254
600270.SH,外运发展,20131007,36.895674300254
600270.SH,外运发展,20131006,36.895674300254
600270.SH,外运发展,20131005,36.895674300254
600270.SH,外运发展,20131004,36.895674300254
600270.SH,外运发展,20131003,36.895674300254
600270.SH,外运发展,20131002,36.895674300254
600270.SH,外运发展,20131001,36.895674300254
600270.SH,外运发展,20130930,-12.374581939799
600270.SH,外运发展,20130929,-12.374581939799
600270.SH,外运发展,20130928,-12.374581939799
600270.SH,外运发展,20130927,-12.374581939799
600270.SH,外运发展,20130926,-12.374581939799
600270.SH,外运发展,20130925,-12.374581939799
600270.SH,外运发展,20130924,-12.374581939799
600270.SH,外运发展,20130923,-12.374581939799
600270.SH,外运发展,20130922,-12.374581939799
600270.SH,外运发展,20130921,-12.374581939799
600270.SH,外运发展,20130920,-12.374581939799
600270.SH,外运发展,20130919,-12.374581939799
600270.SH,外运发展,20130918,-12.374581939799
600270.SH,外运发展,20130917,-12.374581939799
600270.SH,外运发展,20130916,-12.374581939799
600270.SH,外运发展,20130915,-12.374581939799
600270.SH,外运发展,20130914,-12.374581939799
600270.SH,外运发展,20130913,-12.374581939799
600270.SH,外运发展,20130912,-12.374581939799
600270.SH,外运发展,20130911,-12.374581939799
600270.SH,外运发展,20130910,-12.374581939799
600270.SH,外运发展,20130909,-12.374581939799
600270.SH,外运发展,20130908,-12.374581939799
600270.SH,外运发展,20130907,-12.374581939799
600270.SH,外运发展,20130906,-12.374581939799
600270.SH,外运发展,20130905,-12.374581939799
600270.SH,外运发展,20130904,-12.374581939799
600270.SH,外运发展,20130903,-12.374581939799
600270.SH,外运发展,20130902,-12.374581939799
600270.SH,外运发展,20130901,-12.374581939799
600270.SH,外运发展,20130831,20.564516129032
600270.SH,外运发展,20130830,20.564516129032
600270.SH,外运发展,20130829,20.564516129032
600270.SH,外运发展,20130828,20.564516129032
600270.SH,外运发展,20130827,20.564516129032
600270.SH,外运发展,20130826,20.564516129032
600270.SH,外运发展,20130825,20.564516129032
600270.SH,外运发展,20130824,20.564516129032
600270.SH,外运发展,20130823,20.564516129032
600270.SH,外运发展,20130822,20.564516129032
600270.SH,外运发展,20130821,20.564516129032
600270.SH,外运发展,20130820,20.564516129032
600270.SH,外运发展,20130819,20.564516129032
600270.SH,外运发展,20130818,20.564516129032
600270.SH,外运发展,20130817,20.564516129032
600270.SH,外运发展,20130816,20.564516129032
600270.SH,外运发展,20130815,20.564516129032
600270.SH,外运发展,20130814,20.564516129032
600270.SH,外运发展,20130813,20.564516129032
600270.SH,外运发展,20130812,20.564516129032
600270.SH,外运发展,20130811,20.564516129032
600270.SH,外运发展,20130810,20.564516129032
600270.SH,外运发展,20130809,20.564516129032
600270.SH,外运发展,20130808,20.564516129032
600270.SH,外运发展,20130807,20.564516129032
600270.SH,外运发展,20130806,20.564516129032
600270.SH,外运发展,20130805,20.564516129032
600270.SH,外运发展,20130804,20.564516129032
600270.SH,外运发展,20130803,20.564516129032
600270.SH,外运发展,20130802,20.564516129032
600270.SH,外运发展,20130801,20.564516129032
600270.SH,外运发展,20130731,11.044776119403
600270.SH,外运发展,20130730,11.044776119403
600270.SH,外运发展,20130729,11.044776119403
600270.SH,外运发展,20130728,11.044776119403
600270.SH,外运发展,20130727,11.044776119403
600270.SH,外运发展,20130726,11.044776119403
600270.SH,外运发展,20130725,11.044776119403
600270.SH,外运发展,20130724,11.044776119403
600270.SH,外运发展,20130723,11.044776119403
600270.SH,外运发展,20130722,11.044776119403
600270.SH,外运发展,20130721,11.044776119403
600270.SH,外运发展,20130720,11.044776119403
600270.SH,外运发展,20130719,11.044776119403
600270.SH,外运发展,20130718,11.044776119403
600270.SH,外运发展,20130717,11.044776119403
600270.SH,外运发展,20130716,11.044776119403
600270.SH,外运发展,20130715,11.044776119403
600270.SH,外运发展,20130714,11.044776119403
600270.SH,外运发展,20130713,11.044776119403
600270.SH,外运发展,20130712,11.044776119403
600270.SH,外运发展,20130711,11.044776119403
600270.SH,外运发展,20130710,11.044776119403
600270.SH,外运发展,20130709,11.044776119403
600270.SH,外运发展,20130708,11.044776119403
600270.SH,外运发展,20130707,11.044776119403
600270.SH,外运发展,20130706,11.044776119403
600270.SH,外运发展,20130705,11.044776119403
600270.SH,外运发展,20130704,11.044776119403
600270.SH,外运发展,20130703,11.044776119403
600270.SH,外运发展,20130702,11.044776119403
600270.SH,外运发展,20130701,11.044776119403
600270.SH,外运发展,20130630,-27.410617551463
600270.SH,外运发展,20130629,-27.410617551463
600270.SH,外运发展,20130628,-27.410617551463
600270.SH,外运发展,20130627,-27.410617551463
600270.SH,外运发展,20130626,-27.410617551463
600270.SH,外运发展,20130625,-27.410617551463
600270.SH,外运发展,20130624,-27.410617551463
600270.SH,外运发展,20130623,-27.410617551463
600270.SH,外运发展,20130622,-27.410617551463
600270.SH,外运发展,20130621,-27.410617551463
600270.SH,外运发展,20130620,-27.410617551463
600270.SH,外运发展,20130619,-27.410617551463
600270.SH,外运发展,20130618,-27.410617551463
600270.SH,外运发展,20130617,-27.410617551463
600270.SH,外运发展,20130616,-27.410617551463
600270.SH,外运发展,20130615,-27.410617551463
600270.SH,外运发展,20130614,-27.410617551463
600270.SH,外运发展,20130613,-27.410617551463
600270.SH,外运发展,20130612,-27.410617551463
600270.SH,外运发展,20130611,-27.410617551463
600270.SH,外运发展,20130610,-27.410617551463
600270.SH,外运发展,20130609,-27.410617551463
600270.SH,外运发展,20130608,-27.410617551463
600270.SH,外运发展,20130607,-27.410617551463
600270.SH,外运发展,20130606,-27.410617551463
600270.SH,外运发展,20130605,-27.410617551463
600270.SH,外运发展,20130604,-27.410617551463
600270.SH,外运发展,20130603,-27.410617551463
600270.SH,外运发展,20130602,-27.410617551463
600270.SH,外运发展,20130601,-27.410617551463
600270.SH,外运发展,20130531,32.614942528736
600270.SH,外运发展,20130530,32.614942528736
600270.SH,外运发展,20130529,32.614942528736
600270.SH,外运发展,20130528,32.614942528736
600270.SH,外运发展,20130527,32.614942528736
600270.SH,外运发展,20130526,32.614942528736
600270.SH,外运发展,20130525,32.614942528736
600270.SH,外运发展,20130524,32.614942528736
600270.SH,外运发展,20130523,32.614942528736
600270.SH,外运发展,20130522,32.614942528736
600270.SH,外运发展,20130521,32.614942528736
600270.SH,外运发展,20130520,32.614942528736
600270.SH,外运发展,20130519,32.614942528736
600270.SH,外运发展,20130518,32.614942528736
600270.SH,外运发展,20130517,32.614942528736
600270.SH,外运发展,20130516,32.614942528736
600270.SH,外运发展,20130515,32.614942528736
600270.SH,外运发展,20130514,32.614942528736
600270.SH,外运发展,20130513,32.614942528736
600270.SH,外运发展,20130512,32.614942528736
600270.SH,外运发展,20130511,32.614942528736
600270.SH,外运发展,20130510,32.614942528736
600270.SH,外运发展,20130509,32.614942528736
600270.SH,外运发展,20130508,32.614942528736
600270.SH,外运发展,20130507,32.614942528736
600270.SH,外运发展,20130506,32.614942528736
600270.SH,外运发展,20130505,32.614942528736
600270.SH,外运发展,20130504,32.614942528736
600270.SH,外运发展,20130503,32.614942528736
600270.SH,外运发展,20130502,32.614942528736
600270.SH,外运发展,20130501,32.614942528736
600270.SH,外运发展,20130430,-6.5771812080537
600270.SH,外运发展,20130429,-6.5771812080537
600270.SH,外运发展,20130428,-6.5771812080537
600270.SH,外运发展,20130427,-6.5771812080537
600270.SH,外运发展,20130426,-6.5771812080537
600270.SH,外运发展,20130425,-6.5771812080537
600270.SH,外运发展,20130424,-6.5771812080537
600270.SH,外运发展,20130423,-6.5771812080537
600270.SH,外运发展,20130422,-6.5771812080537
600270.SH,外运发展,20130421,-6.5771812080537
600270.SH,外运发展,20130420,-6.5771812080537
600270.SH,外运发展,20130419,-6.5771812080537
600270.SH,外运发展,20130418,-6.5771812080537
600270.SH,外运发展,20130417,-6.5771812080537
600270.SH,外运发展,20130416,-6.5771812080537
600270.SH,外运发展,20130415,-6.5771812080537
600270.SH,外运发展,20130414,-6.5771812080537
600270.SH,外运发展,20130413,-6.5771812080537
600270.SH,外运发展,20130412,-6.5771812080537
600270.SH,外运发展,20130411,-6.5771812080537
600270.SH,外运发展,20130410,-6.5771812080537
600270.SH,外运发展,20130409,-6.5771812080537
600270.SH,外运发展,20130408,-6.5771812080537
600270.SH,外运发展,20130407,-6.5771812080537
600270.SH,外运发展,20130406,-6.5771812080537
600270.SH,外运发展,20130405,-6.5771812080537
600270.SH,外运发展,20130404,-6.5771812080537
600270.SH,外运发展,20130403,-6.5771812080537
600270.SH,外运发展,20130402,-6.5771812080537
600270.SH,外运发展,20130401,-6.5771812080537
600270.SH,外运发展,20130331,-1.3245033112583
600270.SH,外运发展,20130330,-1.3245033112583
600270.SH,外运发展,20130329,-1.3245033112583
600270.SH,外运发展,20130328,-1.3245033112583
600270.SH,外运发展,20130327,-1.3245033112583
600270.SH,外运发展,20130326,-1.3245033112583
600270.SH,外运发展,20130325,-1.3245033112583
600270.SH,外运发展,20130324,-1.3245033112583
600270.SH,外运发展,20130323,-1.3245033112583
600270.SH,外运发展,20130322,-1.3245033112583
600270.SH,外运发展,20130321,-1.3245033112583
600270.SH,外运发展,20130320,-1.3245033112583
600270.SH,外运发展,20130319,-1.3245033112583
600270.SH,外运发展,20130318,-1.3245033112583
600270.SH,外运发展,20130317,-1.3245033112583
600270.SH,外运发展,20130316,-1.3245033112583
600270.SH,外运发展,20130315,-1.3245033112583
600270.SH,外运发展,20130314,-1.3245033112583
600270.SH,外运发展,20130313,-1.3245033112583
600270.SH,外运发展,20130312,-1.3245033112583
600270.SH,外运发展,20130311,-1.3245033112583
600270.SH,外运发展,20130310,-1.3245033112583
600270.SH,外运发展,20130309,-1.3245033112583
600270.SH,外运发展,20130308,-1.3245033112583
600270.SH,外运发展,20130307,-1.3245033112583
600270.SH,外运发展,20130306,-1.3245033112583
600270.SH,外运发展,20130305,-1.3245033112583
600270.SH,外运发展,20130304,-1.3245033112583
600270.SH,外运发展,20130303,-1.3245033112583
600270.SH,外运发展,20130302,-1.3245033112583
600270.SH,外运发展,20130301,-1.3245033112583
600270.SH,外运发展,20130228,4.1379310344828
600270.SH,外运发展,20130227,4.1379310344828
600270.SH,外运发展,20130226,4.1379310344828
600270.SH,外运发展,20130225,4.1379310344828
600270.SH,外运发展,20130224,4.1379310344828
600270.SH,外运发展,20130223,4.1379310344828
600270.SH,外运发展,20130222,4.1379310344828
600270.SH,外运发展,20130221,4.1379310344828
600270.SH,外运发展,20130220,4.1379310344828
600270.SH,外运发展,20130219,4.1379310344828
600270.SH,外运发展,20130218,4.1379310344828
600270.SH,外运发展,20130217,4.1379310344828
600270.SH,外运发展,20130216,4.1379310344828
600270.SH,外运发展,20130215,4.1379310344828
600270.SH,外运发展,20130214,4.1379310344828
600270.SH,外运发展,20130213,4.1379310344828
600270.SH,外运发展,20130212,4.1379310344828
600270.SH,外运发展,20130211,4.1379310344828
600270.SH,外运发展,20130210,4.1379310344828
600270.SH,外运发展,20130209,4.1379310344828
600270.SH,外运发展,20130208,4.1379310344828
600270.SH,外运发展,20130207,4.1379310344828
600270.SH,外运发展,20130206,4.1379310344828
600270.SH,外运发展,20130205,4.1379310344828
600270.SH,外运发展,20130204,4.1379310344828
600270.SH,外运发展,20130203,4.1379310344828
600270.SH,外运发展,20130202,4.1379310344828
600270.SH,外运发展,20130201,4.1379310344828
600270.SH,外运发展,20130131,2.2566995768688
600270.SH,外运发展,20130130,2.2566995768688
600270.SH,外运发展,20130129,2.2566995768688
600270.SH,外运发展,20130128,2.2566995768688
600270.SH,外运发展,20130127,2.2566995768688
600270.SH,外运发展,20130126,2.2566995768688
600270.SH,外运发展,20130125,2.2566995768688
600270.SH,外运发展,20130124,2.2566995768688
600270.SH,外运发展,20130123,2.2566995768688
600270.SH,外运发展,20130122,2.2566995768688
600270.SH,外运发展,20130121,2.2566995768688
600270.SH,外运发展,20130120,2.2566995768688
600270.SH,外运发展,20130119,2.2566995768688
600270.SH,外运发展,20130118,2.2566995768688
600270.SH,外运发展,20130117,2.2566995768688
600270.SH,外运发展,20130116,2.2566995768688
600270.SH,外运发展,20130115,2.2566995768688
600270.SH,外运发展,20130114,2.2566995768688
600270.SH,外运发展,20130113,2.2566995768688
600270.SH,外运发展,20130112,2.2566995768688
600270.SH,外运发展,20130111,2.2566995768688
600270.SH,外运发展,20130110,2.2566995768688
600270.SH,外运发展,20130109,2.2566995768688
600270.SH,外运发展,20130108,2.2566995768688
600270.SH,外运发展,20130107,2.2566995768688
600270.SH,外运发展,20130106,2.2566995768688
600270.SH,外运发展,20130105,2.2566995768688
600270.SH,外运发展,20130104,2.2566995768688
600270.SH,外运发展,20130103,2.2566995768688
600270.SH,外运发展,20130102,2.2566995768688
600270.SH,外运发展,20130101,2.2566995768688
600270.SH,外运发展,20121231,17.774086378738
600270.SH,外运发展,20121230,17.774086378738
600270.SH,外运发展,20121229,17.774086378738
600270.SH,外运发展,20121228,17.774086378738
600270.SH,外运发展,20121227,17.774086378738
600270.SH,外运发展,20121226,17.774086378738
600270.SH,外运发展,20121225,17.774086378738
600270.SH,外运发展,20121224,17.774086378738
600270.SH,外运发展,20121223,17.774086378738
600270.SH,外运发展,20121222,17.774086378738
600270.SH,外运发展,20121221,17.774086378738
600270.SH,外运发展,20121220,17.774086378738
600270.SH,外运发展,20121219,17.774086378738
600270.SH,外运发展,20121218,17.774086378738
600270.SH,外运发展,20121217,17.774086378738
600270.SH,外运发展,20121216,17.774086378738
600270.SH,外运发展,20121215,17.774086378738
600270.SH,外运发展,20121214,17.774086378738
600270.SH,外运发展,20121213,17.774086378738
600270.SH,外运发展,20121212,17.774086378738
600270.SH,外运发展,20121211,17.774086378738
600270.SH,外运发展,20121210,17.774086378738
600270.SH,外运发展,20121209,17.774086378738
600270.SH,外运发展,20121208,17.774086378738
600270.SH,外运发展,20121207,17.774086378738
600270.SH,外运发展,20121206,17.774086378738
600270.SH,外运发展,20121205,17.774086378738
600270.SH,外运发展,20121204,17.774086378738
600270.SH,外运发展,20121203,17.774086378738
600270.SH,外运发展,20121202,17.774086378738
600270.SH,外运发展,20121201,17.774086378738
600270.SH,外运发展,20121130,-8.649468892261
600270.SH,外运发展,20121129,-8.649468892261
600270.SH,外运发展,20121128,-8.649468892261
600270.SH,外运发展,20121127,-8.649468892261
600270.SH,外运发展,20121126,-8.649468892261
600270.SH,外运发展,20121125,-8.649468892261
600270.SH,外运发展,20121124,-8.649468892261
600270.SH,外运发展,20121123,-8.649468892261
600270.SH,外运发展,20121122,-8.649468892261
600270.SH,外运发展,20121121,-8.649468892261
600270.SH,外运发展,20121120,-8.649468892261
600270.SH,外运发展,20121119,-8.649468892261
600270.SH,外运发展,20121118,-8.649468892261
600270.SH,外运发展,20121117,-8.649468892261
600270.SH,外运发展,20121116,-8.649468892261
600270.SH,外运发展,20121115,-8.649468892261
600270.SH,外运发展,20121114,-8.649468892261
600270.SH,外运发展,20121113,-8.649468892261
600270.SH,外运发展,20121112,-8.649468892261
600270.SH,外运发展,20121111,-8.649468892261
600270.SH,外运发展,20121110,-8.649468892261
600270.SH,外运发展,20121109,-8.649468892261
600270.SH,外运发展,20121108,-8.649468892261
600270.SH,外运发展,20121107,-8.649468892261
600270.SH,外运发展,20121106,-8.649468892261
600270.SH,外运发展,20121105,-8.649468892261
600270.SH,外运发展,20121104,-8.649468892261
600270.SH,外运发展,20121103,-8.649468892261
600270.SH,外运发展,20121102,-8.649468892261
600270.SH,外运发展,20121101,-8.649468892261
600270.SH,外运发展,20121031,8.5667215815486
600270.SH,外运发展,20121030,8.5667215815486
600270.SH,外运发展,20121029,8.5667215815486
600270.SH,外运发展,20121028,8.5667215815486
600270.SH,外运发展,20121027,8.5667215815486
600270.SH,外运发展,20121026,8.5667215815486
600270.SH,外运发展,20121025,8.5667215815486
600270.SH,外运发展,20121024,8.5667215815486
600270.SH,外运发展,20121023,8.5667215815486
600270.SH,外运发展,20121022,8.5667215815486
600270.SH,外运发展,20121021,8.5667215815486
600270.SH,外运发展,20121020,8.5667215815486
600270.SH,外运发展,20121019,8.5667215815486
600270.SH,外运发展,20121018,8.5667215815486
600270.SH,外运发展,20121017,8.5667215815486
600270.SH,外运发展,20121016,8.5667215815486
600270.SH,外运发展,20121015,8.5667215815486
600270.SH,外运发展,20121014,8.5667215815486
600270.SH,外运发展,20121013,8.5667215815486
600270.SH,外运发展,20121012,8.5667215815486
600270.SH,外运发展,20121011,8.5667215815486
600270.SH,外运发展,20121010,8.5667215815486
600270.SH,外运发展,20121009,8.5667215815486
600270.SH,外运发展,20121008,8.5667215815486
600270.SH,外运发展,20121007,8.5667215815486
600270.SH,外运发展,20121006,8.5667215815486
600270.SH,外运发展,20121005,8.5667215815486
600270.SH,外运发展,20121004,8.5667215815486
600270.SH,外运发展,20121003,8.5667215815486
600270.SH,外运发展,20121002,8.5667215815486
600270.SH,外运发展,20121001,8.5667215815486
600270.SH,外运发展,20120930,-0.49180327868851
600270.SH,外运发展,20120929,-0.49180327868851
600270.SH,外运发展,20120928,-0.49180327868851
600270.SH,外运发展,20120927,-0.49180327868851
600270.SH,外运发展,20120926,-0.49180327868851
600270.SH,外运发展,20120925,-0.49180327868851
600270.SH,外运发展,20120924,-0.49180327868851
600270.SH,外运发展,20120923,-0.49180327868851
600270.SH,外运发展,20120922,-0.49180327868851
600270.SH,外运发展,20120921,-0.49180327868851
600270.SH,外运发展,20120920,-0.49180327868851
600270.SH,外运发展,20120919,-0.49180327868851
600270.SH,外运发展,20120918,-0.49180327868851
600270.SH,外运发展,20120917,-0.49180327868851
600270.SH,外运发展,20120916,-0.49180327868851
600270.SH,外运发展,20120915,-0.49180327868851
600270.SH,外运发展,20120914,-0.49180327868851
600270.SH,外运发展,20120913,-0.49180327868851
600270.SH,外运发展,20120912,-0.49180327868851
600270.SH,外运发展,20120911,-0.49180327868851
600270.SH,外运发展,20120910,-0.49180327868851
600270.SH,外运发展,20120909,-0.49180327868851
600270.SH,外运发展,20120908,-0.49180327868851
600270.SH,外运发展,20120907,-0.49180327868851
600270.SH,外运发展,20120906,-0.49180327868851
600270.SH,外运发展,20120905,-0.49180327868851
600270.SH,外运发展,20120904,-0.49180327868851
600270.SH,外运发展,20120903,-0.49180327868851
600270.SH,外运发展,20120902,-0.49180327868851
600270.SH,外运发展,20120901,-0.49180327868851
600270.SH,外运发展,20120831,-2.8662420382166
600270.SH,外运发展,20120830,-2.8662420382166
600270.SH,外运发展,20120829,-2.8662420382166
600270.SH,外运发展,20120828,-2.8662420382166
600270.SH,外运发展,20120827,-2.8662420382166
600270.SH,外运发展,20120826,-2.8662420382166
600270.SH,外运发展,20120825,-2.8662420382166
600270.SH,外运发展,20120824,-2.8662420382166
600270.SH,外运发展,20120823,-2.8662420382166
600270.SH,外运发展,20120822,-2.8662420382166
600270.SH,外运发展,20120821,-2.8662420382166
600270.SH,外运发展,20120820,-2.8662420382166
600270.SH,外运发展,20120819,-2.8662420382166
600270.SH,外运发展,20120818,-2.8662420382166
600270.SH,外运发展,20120817,-2.8662420382166
600270.SH,外运发展,20120816,-2.8662420382166
600270.SH,外运发展,20120815,-2.8662420382166
600270.SH,外运发展,20120814,-2.8662420382166
600270.SH,外运发展,20120813,-2.8662420382166
600270.SH,外运发展,20120812,-2.8662420382166
600270.SH,外运发展,20120811,-2.8662420382166
600270.SH,外运发展,20120810,-2.8662420382166
600270.SH,外运发展,20120809,-2.8662420382166
600270.SH,外运发展,20120808,-2.8662420382166
600270.SH,外运发展,20120807,-2.8662420382166
600270.SH,外运发展,20120806,-2.8662420382166
600270.SH,外运发展,20120805,-2.8662420382166
600270.SH,外运发展,20120804,-2.8662420382166
600270.SH,外运发展,20120803,-2.8662420382166
600270.SH,外运发展,20120802,-2.8662420382166
600270.SH,外运发展,20120801,-2.8662420382166
600270.SH,外运发展,20120731,-11.797752808989
600270.SH,外运发展,20120730,-11.797752808989
600270.SH,外运发展,20120729,-11.797752808989
600270.SH,外运发展,20120728,-11.797752808989
600270.SH,外运发展,20120727,-11.797752808989
600270.SH,外运发展,20120726,-11.797752808989
600270.SH,外运发展,20120725,-11.797752808989
600270.SH,外运发展,20120724,-11.797752808989
600270.SH,外运发展,20120723,-11.797752808989
600270.SH,外运发展,20120722,-11.797752808989
600270.SH,外运发展,20120721,-11.797752808989
600270.SH,外运发展,20120720,-11.797752808989
600270.SH,外运发展,20120719,-11.797752808989
600270.SH,外运发展,20120718,-11.797752808989
600270.SH,外运发展,20120717,-11.797752808989
600270.SH,外运发展,20120716,-11.797752808989
600270.SH,外运发展,20120715,-11.797752808989
600270.SH,外运发展,20120714,-11.797752808989
600270.SH,外运发展,20120713,-11.797752808989
600270.SH,外运发展,20120712,-11.797752808989
600270.SH,外运发展,20120711,-11.797752808989
600270.SH,外运发展,20120710,-11.797752808989
600270.SH,外运发展,20120709,-11.797752808989
600270.SH,外运发展,20120708,-11.797752808989
600270.SH,外运发展,20120707,-11.797752808989
600270.SH,外运发展,20120706,-11.797752808989
600270.SH,外运发展,20120705,-11.797752808989
600270.SH,外运发展,20120704,-11.797752808989
600270.SH,外运发展,20120703,-11.797752808989
600270.SH,外运发展,20120702,-11.797752808989
600270.SH,外运发展,20120701,-11.797752808989
600270.SH,外运发展,20120630,-12.530712530713
600270.SH,外运发展,20120629,-12.530712530713
600270.SH,外运发展,20120628,-12.530712530713
600270.SH,外运发展,20120627,-12.530712530713
600270.SH,外运发展,20120626,-12.530712530713
600270.SH,外运发展,20120625,-12.530712530713
600270.SH,外运发展,20120624,-12.530712530713
600270.SH,外运发展,20120623,-12.530712530713
600270.SH,外运发展,20120622,-12.530712530713
600270.SH,外运发展,20120621,-12.530712530713
600270.SH,外运发展,20120620,-12.530712530713
600270.SH,外运发展,20120619,-12.530712530713
600270.SH,外运发展,20120618,-12.530712530713
600270.SH,外运发展,20120617,-12.530712530713
600270.SH,外运发展,20120616,-12.530712530713
600270.SH,外运发展,20120615,-12.530712530713
600270.SH,外运发展,20120614,-12.530712530713
600270.SH,外运发展,20120613,-12.530712530713
600270.SH,外运发展,20120612,-12.530712530713
600270.SH,外运发展,20120611,-12.530712530713
600270.SH,外运发展,20120610,-12.530712530713
600270.SH,外运发展,20120609,-12.530712530713
600270.SH,外运发展,20120608,-12.530712530713
600270.SH,外运发展,20120607,-12.530712530713
600270.SH,外运发展,20120606,-12.530712530713
600270.SH,外运发展,20120605,-12.530712530713
600270.SH,外运发展,20120604,-12.530712530713
600270.SH,外运发展,20120603,-12.530712530713
600270.SH,外运发展,20120602,-12.530712530713
600270.SH,外运发展,20120601,-12.530712530713
600270.SH,外运发展,20120531,8.8235294117647
600270.SH,外运发展,20120530,8.8235294117647
600270.SH,外运发展,20120529,8.8235294117647
600270.SH,外运发展,20120528,8.8235294117647
600270.SH,外运发展,20120527,8.8235294117647
600270.SH,外运发展,20120526,8.8235294117647
600270.SH,外运发展,20120525,8.8235294117647
600270.SH,外运发展,20120524,8.8235294117647
600270.SH,外运发展,20120523,8.8235294117647
600270.SH,外运发展,20120522,8.8235294117647
600270.SH,外运发展,20120521,8.8235294117647
600270.SH,外运发展,20120520,8.8235294117647
600270.SH,外运发展,20120519,8.8235294117647
600270.SH,外运发展,20120518,8.8235294117647
600270.SH,外运发展,20120517,8.8235294117647
600270.SH,外运发展,20120516,8.8235294117647
600270.SH,外运发展,20120515,8.8235294117647
600270.SH,外运发展,20120514,8.8235294117647
600270.SH,外运发展,20120513,8.8235294117647
600270.SH,外运发展,20120512,8.8235294117647
600270.SH,外运发展,20120511,8.8235294117647
600270.SH,外运发展,20120510,8.8235294117647
600270.SH,外运发展,20120509,8.8235294117647
600270.SH,外运发展,20120508,8.8235294117647
600270.SH,外运发展,20120507,8.8235294117647
600270.SH,外运发展,20120506,8.8235294117647
600270.SH,外运发展,20120505,8.8235294117647
600270.SH,外运发展,20120504,8.8235294117647
600270.SH,外运发展,20120503,8.8235294117647
600270.SH,外运发展,20120502,8.8235294117647
600270.SH,外运发展,20120501,8.8235294117647
600270.SH,外运发展,20120430,6.8571428571429
600270.SH,外运发展,20120429,6.8571428571429
600270.SH,外运发展,20120428,6.8571428571429
600270.SH,外运发展,20120427,6.8571428571429
600270.SH,外运发展,20120426,6.8571428571429
600270.SH,外运发展,20120425,6.8571428571429
600270.SH,外运发展,20120424,6.8571428571429
600270.SH,外运发展,20120423,6.8571428571429
600270.SH,外运发展,20120422,6.8571428571429
600270.SH,外运发展,20120421,6.8571428571429
600270.SH,外运发展,20120420,6.8571428571429
600270.SH,外运发展,20120419,6.8571428571429
600270.SH,外运发展,20120418,6.8571428571429
600270.SH,外运发展,20120417,6.8571428571429
600270.SH,外运发展,20120416,6.8571428571429
600270.SH,外运发展,20120415,6.8571428571429
600270.SH,外运发展,20120414,6.8571428571429
600270.SH,外运发展,20120413,6.8571428571429
600270.SH,外运发展,20120412,6.8571428571429
600270.SH,外运发展,20120411,6.8571428571429
600270.SH,外运发展,20120410,6.8571428571429
600270.SH,外运发展,20120409,6.8571428571429
600270.SH,外运发展,20120408,6.8571428571429
600270.SH,外运发展,20120407,6.8571428571429
600270.SH,外运发展,20120406,6.8571428571429
600270.SH,外运发展,20120405,6.8571428571429
600270.SH,外运发展,20120404,6.8571428571429
600270.SH,外运发展,20120403,6.8571428571429
600270.SH,外运发展,20120402,6.8571428571429
600270.SH,外运发展,20120401,6.8571428571429
600270.SH,外运发展,20120331,-0.70921985815603
600270.SH,外运发展,20120330,-0.70921985815603
600270.SH,外运发展,20120329,-0.70921985815603
600270.SH,外运发展,20120328,-0.70921985815603
600270.SH,外运发展,20120327,-0.70921985815603
600270.SH,外运发展,20120326,-0.70921985815603
600270.SH,外运发展,20120325,-0.70921985815603
600270.SH,外运发展,20120324,-0.70921985815603
600270.SH,外运发展,20120323,-0.70921985815603
600270.SH,外运发展,20120322,-0.70921985815603
600270.SH,外运发展,20120321,-0.70921985815603
600270.SH,外运发展,20120320,-0.70921985815603
600270.SH,外运发展,20120319,-0.70921985815603
600270.SH,外运发展,20120318,-0.70921985815603
600270.SH,外运发展,20120317,-0.70921985815603
600270.SH,外运发展,20120316,-0.70921985815603
600270.SH,外运发展,20120315,-0.70921985815603
600270.SH,外运发展,20120314,-0.70921985815603
600270.SH,外运发展,20120313,-0.70921985815603
600270.SH,外运发展,20120312,-0.70921985815603
600270.SH,外运发展,20120311,-0.70921985815603
600270.SH,外运发展,20120310,-0.70921985815603
600270.SH,外运发展,20120309,-0.70921985815603
600270.SH,外运发展,20120308,-0.70921985815603
600270.SH,外运发展,20120307,-0.70921985815603
600270.SH,外运发展,20120306,-0.70921985815603
600270.SH,外运发展,20120305,-0.70921985815603
600270.SH,外运发展,20120304,-0.70921985815603
600270.SH,外运发展,20120303,-0.70921985815603
600270.SH,外运发展,20120302,-0.70921985815603
600270.SH,外运发展,20120301,-0.70921985815603
600270.SH,外运发展,20120229,13.526570048309
600270.SH,外运发展,20120228,13.526570048309
600270.SH,外运发展,20120227,13.526570048309
600270.SH,外运发展,20120226,13.526570048309
600270.SH,外运发展,20120225,13.526570048309
600270.SH,外运发展,20120224,13.526570048309
600270.SH,外运发展,20120223,13.526570048309
600270.SH,外运发展,20120222,13.526570048309
600270.SH,外运发展,20120221,13.526570048309
600270.SH,外运发展,20120220,13.526570048309
600270.SH,外运发展,20120219,13.526570048309
600270.SH,外运发展,20120218,13.526570048309
600270.SH,外运发展,20120217,13.526570048309
600270.SH,外运发展,20120216,13.526570048309
600270.SH,外运发展,20120215,13.526570048309
600270.SH,外运发展,20120214,13.526570048309
600270.SH,外运发展,20120213,13.526570048309
600270.SH,外运发展,20120212,13.526570048309
600270.SH,外运发展,20120211,13.526570048309
600270.SH,外运发展,20120210,13.526570048309
600270.SH,外运发展,20120209,13.526570048309
600270.SH,外运发展,20120208,13.526570048309
600270.SH,外运发展,20120207,13.526570048309
600270.SH,外运发展,20120206,13.526570048309
600270.SH,外运发展,20120205,13.526570048309
600270.SH,外运发展,20120204,13.526570048309
600270.SH,外运发展,20120203,13.526570048309
600270.SH,外运发展,20120202,13.526570048309
600270.SH,外运发展,20120201,13.526570048309
600270.SH,外运发展,20120131,5.4329371816638
600270.SH,外运发展,20120130,5.4329371816638
600270.SH,外运发展,20120129,5.4329371816638
600270.SH,外运发展,20120128,5.4329371816638
600270.SH,外运发展,20120127,5.4329371816638
600270.SH,外运发展,20120126,5.4329371816638
600270.SH,外运发展,20120125,5.4329371816638
600270.SH,外运发展,20120124,5.4329371816638
600270.SH,外运发展,20120123,5.4329371816638
600270.SH,外运发展,20120122,5.4329371816638
600270.SH,外运发展,20120121,5.4329371816638
600270.SH,外运发展,20120120,5.4329371816638
600270.SH,外运发展,20120119,5.4329371816638
600270.SH,外运发展,20120118,5.4329371816638
600270.SH,外运发展,20120117,5.4329371816638
600270.SH,外运发展,20120116,5.4329371816638
600270.SH,外运发展,20120115,5.4329371816638
600270.SH,外运发展,20120114,5.4329371816638
600270.SH,外运发展,20120113,5.4329371816638
600270.SH,外运发展,20120112,5.4329371816638
600270.SH,外运发展,20120111,5.4329371816638
600270.SH,外运发展,20120110,5.4329371816638
600270.SH,外运发展,20120109,5.4329371816638
600270.SH,外运发展,20120108,5.4329371816638
600270.SH,外运发展,20120107,5.4329371816638
600270.SH,外运发展,20120106,5.4329371816638
600270.SH,外运发展,20120105,5.4329371816638
600270.SH,外运发展,20120104,5.4329371816638
600270.SH,外运发展,20120103,5.4329371816638
600270.SH,外运发展,20120102,5.4329371816638
600270.SH,外运发展,20120101,5.4329371816638
600270.SH,外运发展,20111231,-8.398133748056
600270.SH,外运发展,20111230,-8.398133748056
600270.SH,外运发展,20111229,-8.398133748056
600270.SH,外运发展,20111228,-8.398133748056
600270.SH,外运发展,20111227,-8.398133748056
600270.SH,外运发展,20111226,-8.398133748056
600270.SH,外运发展,20111225,-8.398133748056
600270.SH,外运发展,20111224,-8.398133748056
600270.SH,外运发展,20111223,-8.398133748056
600270.SH,外运发展,20111222,-8.398133748056
600270.SH,外运发展,20111221,-8.398133748056
600270.SH,外运发展,20111220,-8.398133748056
600270.SH,外运发展,20111219,-8.398133748056
600270.SH,外运发展,20111218,-8.398133748056
600270.SH,外运发展,20111217,-8.398133748056
600270.SH,外运发展,20111216,-8.398133748056
600270.SH,外运发展,20111215,-8.398133748056
600270.SH,外运发展,20111214,-8.398133748056
600270.SH,外运发展,20111213,-8.398133748056
600270.SH,外运发展,20111212,-8.398133748056
600270.SH,外运发展,20111211,-8.398133748056
600270.SH,外运发展,20111210,-8.398133748056
600270.SH,外运发展,20111209,-8.398133748056
600270.SH,外运发展,20111208,-8.398133748056
600270.SH,外运发展,20111207,-8.398133748056
600270.SH,外运发展,20111206,-8.398133748056
600270.SH,外运发展,20111205,-8.398133748056
600270.SH,外运发展,20111204,-8.398133748056
600270.SH,外运发展,20111203,-8.398133748056
600270.SH,外运发展,20111202,-8.398133748056
600270.SH,外运发展,20111201,-8.398133748056
600270.SH,外运发展,20111130,-7.6149425287356
600270.SH,外运发展,20111129,-7.6149425287356
600270.SH,外运发展,20111128,-7.6149425287356
600270.SH,外运发展,20111127,-7.6149425287356
600270.SH,外运发展,20111126,-7.6149425287356
600270.SH,外运发展,20111125,-7.6149425287356
600270.SH,外运发展,20111124,-7.6149425287356
600270.SH,外运发展,20111123,-7.6149425287356
600270.SH,外运发展,20111122,-7.6149425287356
600270.SH,外运发展,20111121,-7.6149425287356
600270.SH,外运发展,20111120,-7.6149425287356
600270.SH,外运发展,20111119,-7.6149425287356
600270.SH,外运发展,20111118,-7.6149425287356
600270.SH,外运发展,20111117,-7.6149425287356
600270.SH,外运发展,20111116,-7.6149425287356
600270.SH,外运发展,20111115,-7.6149425287356
600270.SH,外运发展,20111114,-7.6149425287356
600270.SH,外运发展,20111113,-7.6149425287356
600270.SH,外运发展,20111112,-7.6149425287356
600270.SH,外运发展,20111111,-7.6149425287356
600270.SH,外运发展,20111110,-7.6149425287356
600270.SH,外运发展,20111109,-7.6149425287356
600270.SH,外运发展,20111108,-7.6149425287356
600270.SH,外运发展,20111107,-7.6149425287356
600270.SH,外运发展,20111106,-7.6149425287356
600270.SH,外运发展,20111105,-7.6149425287356
600270.SH,外运发展,20111104,-7.6149425287356
600270.SH,外运发展,20111103,-7.6149425287356
600270.SH,外运发展,20111102,-7.6149425287356
600270.SH,外运发展,20111101,-7.6149425287356
600270.SH,外运发展,20111031,6.2595419847328
600270.SH,外运发展,20111030,6.2595419847328
600270.SH,外运发展,20111029,6.2595419847328
600270.SH,外运发展,20111028,6.2595419847328
600270.SH,外运发展,20111027,6.2595419847328
600270.SH,外运发展,20111026,6.2595419847328
600270.SH,外运发展,20111025,6.2595419847328
600270.SH,外运发展,20111024,6.2595419847328
600270.SH,外运发展,20111023,6.2595419847328
600270.SH,外运发展,20111022,6.2595419847328
600270.SH,外运发展,20111021,6.2595419847328
600270.SH,外运发展,20111020,6.2595419847328
600270.SH,外运发展,20111019,6.2595419847328
600270.SH,外运发展,20111018,6.2595419847328
600270.SH,外运发展,20111017,6.2595419847328
600270.SH,外运发展,20111016,6.2595419847328
600270.SH,外运发展,20111015,6.2595419847328
600270.SH,外运发展,20111014,6.2595419847328
600270.SH,外运发展,20111013,6.2595419847328
600270.SH,外运发展,20111012,6.2595419847328
600270.SH,外运发展,20111011,6.2595419847328
600270.SH,外运发展,20111010,6.2595419847328
600270.SH,外运发展,20111009,6.2595419847328
600270.SH,外运发展,20111008,6.2595419847328
600270.SH,外运发展,20111007,6.2595419847328
600270.SH,外运发展,20111006,6.2595419847328
600270.SH,外运发展,20111005,6.2595419847328
600270.SH,外运发展,20111004,6.2595419847328
600270.SH,外运发展,20111003,6.2595419847328
600270.SH,外运发展,20111002,6.2595419847328
600270.SH,外运发展,20111001,6.2595419847328
600270.SH,外运发展,20110930,-9.4052558782849
600270.SH,外运发展,20110929,-9.4052558782849
600270.SH,外运发展,20110928,-9.4052558782849
600270.SH,外运发展,20110927,-9.4052558782849
600270.SH,外运发展,20110926,-9.4052558782849
600270.SH,外运发展,20110925,-9.4052558782849
600270.SH,外运发展,20110924,-9.4052558782849
600270.SH,外运发展,20110923,-9.4052558782849
600270.SH,外运发展,20110922,-9.4052558782849
600270.SH,外运发展,20110921,-9.4052558782849
600270.SH,外运发展,20110920,-9.4052558782849
600270.SH,外运发展,20110919,-9.4052558782849
600270.SH,外运发展,20110918,-9.4052558782849
600270.SH,外运发展,20110917,-9.4052558782849
600270.SH,外运发展,20110916,-9.4052558782849
600270.SH,外运发展,20110915,-9.4052558782849
600270.SH,外运发展,20110914,-9.4052558782849
600270.SH,外运发展,20110913,-9.4052558782849
600270.SH,外运发展,20110912,-9.4052558782849
600270.SH,外运发展,20110911,-9.4052558782849
600270.SH,外运发展,20110910,-9.4052558782849
600270.SH,外运发展,20110909,-9.4052558782849
600270.SH,外运发展,20110908,-9.4052558782849
600270.SH,外运发展,20110907,-9.4052558782849
600270.SH,外运发展,20110906,-9.4052558782849
600270.SH,外运发展,20110905,-9.4052558782849
600270.SH,外运发展,20110904,-9.4052558782849
600270.SH,外运发展,20110903,-9.4052558782849
600270.SH,外运发展,20110902,-9.4052558782849
600270.SH,外运发展,20110901,-9.4052558782849
600270.SH,外运发展,20110831,-9.2848180677541
600270.SH,外运发展,20110830,-9.2848180677541
600270.SH,外运发展,20110829,-9.2848180677541
600270.SH,外运发展,20110828,-9.2848180677541
600270.SH,外运发展,20110827,-9.2848180677541
600270.SH,外运发展,20110826,-9.2848180677541
600270.SH,外运发展,20110825,-9.2848180677541
600270.SH,外运发展,20110824,-9.2848180677541
600270.SH,外运发展,20110823,-9.2848180677541
600270.SH,外运发展,20110822,-9.2848180677541
600270.SH,外运发展,20110821,-9.2848180677541
600270.SH,外运发展,20110820,-9.2848180677541
600270.SH,外运发展,20110819,-9.2848180677541
600270.SH,外运发展,20110818,-9.2848180677541
600270.SH,外运发展,20110817,-9.2848180677541
600270.SH,外运发展,20110816,-9.2848180677541
600270.SH,外运发展,20110815,-9.2848180677541
600270.SH,外运发展,20110814,-9.2848180677541
600270.SH,外运发展,20110813,-9.2848180677541
600270.SH,外运发展,20110812,-9.2848180677541
600270.SH,外运发展,20110811,-9.2848180677541
600270.SH,外运发展,20110810,-9.2848180677541
600270.SH,外运发展,20110809,-9.2848180677541
600270.SH,外运发展,20110808,-9.2848180677541
600270.SH,外运发展,20110807,-9.2848180677541
600270.SH,外运发展,20110806,-9.2848180677541
600270.SH,外运发展,20110805,-9.2848180677541
600270.SH,外运发展,20110804,-9.2848180677541
600270.SH,外运发展,20110803,-9.2848180677541
600270.SH,外运发展,20110802,-9.2848180677541
600270.SH,外运发展,20110801,-9.2848180677541
600270.SH,外运发展,20110731,-3.860072376357
600270.SH,外运发展,20110730,-3.860072376357
600270.SH,外运发展,20110729,-3.860072376357
600270.SH,外运发展,20110728,-3.860072376357
600270.SH,外运发展,20110727,-3.860072376357
600270.SH,外运发展,20110726,-3.860072376357
600270.SH,外运发展,20110725,-3.860072376357
600270.SH,外运发展,20110724,-3.860072376357
600270.SH,外运发展,20110723,-3.860072376357
600270.SH,外运发展,20110722,-3.860072376357
600270.SH,外运发展,20110721,-3.860072376357
600270.SH,外运发展,20110720,-3.860072376357
600270.SH,外运发展,20110719,-3.860072376357
600270.SH,外运发展,20110718,-3.860072376357
600270.SH,外运发展,20110717,-3.860072376357
600270.SH,外运发展,20110716,-3.860072376357
600270.SH,外运发展,20110715,-3.860072376357
600270.SH,外运发展,20110714,-3.860072376357
600270.SH,外运发展,20110713,-3.860072376357
600270.SH,外运发展,20110712,-3.860072376357
600270.SH,外运发展,20110711,-3.860072376357
600270.SH,外运发展,20110710,-3.860072376357
600270.SH,外运发展,20110709,-3.860072376357
600270.SH,外运发展,20110708,-3.860072376357
600270.SH,外运发展,20110707,-3.860072376357
600270.SH,外运发展,20110706,-3.860072376357
600270.SH,外运发展,20110705,-3.860072376357
600270.SH,外运发展,20110704,-3.860072376357
600270.SH,外运发展,20110703,-3.860072376357
600270.SH,外运发展,20110702,-3.860072376357
600270.SH,外运发展,20110701,-3.860072376357
600270.SH,外运发展,20110630,-1.073985680191
600270.SH,外运发展,20110629,-1.073985680191
600270.SH,外运发展,20110628,-1.073985680191
600270.SH,外运发展,20110627,-1.073985680191
600270.SH,外运发展,20110626,-1.073985680191
600270.SH,外运发展,20110625,-1.073985680191
600270.SH,外运发展,20110624,-1.073985680191
600270.SH,外运发展,20110623,-1.073985680191
600270.SH,外运发展,20110622,-1.073985680191
600270.SH,外运发展,20110621,-1.073985680191
600270.SH,外运发展,20110620,-1.073985680191
600270.SH,外运发展,20110619,-1.073985680191
600270.SH,外运发展,20110618,-1.073985680191
600270.SH,外运发展,20110617,-1.073985680191
600270.SH,外运发展,20110616,-1.073985680191
600270.SH,外运发展,20110615,-1.073985680191
600270.SH,外运发展,20110614,-1.073985680191
600270.SH,外运发展,20110613,-1.073985680191
600270.SH,外运发展,20110612,-1.073985680191
600270.SH,外运发展,20110611,-1.073985680191
600270.SH,外运发展,20110610,-1.073985680191
600270.SH,外运发展,20110609,-1.073985680191
600270.SH,外运发展,20110608,-1.073985680191
600270.SH,外运发展,20110607,-1.073985680191
600270.SH,外运发展,20110606,-1.073985680191
600270.SH,外运发展,20110605,-1.073985680191
600270.SH,外运发展,20110604,-1.073985680191
600270.SH,外运发展,20110603,-1.073985680191
600270.SH,外运发展,20110602,-1.073985680191
600270.SH,外运发展,20110601,-1.073985680191
600270.SH,外运发展,20110531,-15.609264853978
600270.SH,外运发展,20110530,-15.609264853978
600270.SH,外运发展,20110529,-15.609264853978
600270.SH,外运发展,20110528,-15.609264853978
600270.SH,外运发展,20110527,-15.609264853978
600270.SH,外运发展,20110526,-15.609264853978
600270.SH,外运发展,20110525,-15.609264853978
600270.SH,外运发展,20110524,-15.609264853978
600270.SH,外运发展,20110523,-15.609264853978
600270.SH,外运发展,20110522,-15.609264853978
600270.SH,外运发展,20110521,-15.609264853978
600270.SH,外运发展,20110520,-15.609264853978
600270.SH,外运发展,20110519,-15.609264853978
600270.SH,外运发展,20110518,-15.609264853978
600270.SH,外运发展,20110517,-15.609264853978
600270.SH,外运发展,20110516,-15.609264853978
600270.SH,外运发展,20110515,-15.609264853978
600270.SH,外运发展,20110514,-15.609264853978
600270.SH,外运发展,20110513,-15.609264853978
600270.SH,外运发展,20110512,-15.609264853978
600270.SH,外运发展,20110511,-15.609264853978
600270.SH,外运发展,20110510,-15.609264853978
600270.SH,外运发展,20110509,-15.609264853978
600270.SH,外运发展,20110508,-15.609264853978
600270.SH,外运发展,20110507,-15.609264853978
600270.SH,外运发展,20110506,-15.609264853978
600270.SH,外运发展,20110505,-15.609264853978
600270.SH,外运发展,20110504,-15.609264853978
600270.SH,外运发展,20110503,-15.609264853978
600270.SH,外运发展,20110502,-15.609264853978
600270.SH,外运发展,20110501,-15.609264853978
600270.SH,外运发展,20110430,-0.60060060060061
600270.SH,外运发展,20110429,-0.60060060060061
600270.SH,外运发展,20110428,-0.60060060060061
600270.SH,外运发展,20110427,-0.60060060060061
600270.SH,外运发展,20110426,-0.60060060060061
600270.SH,外运发展,20110425,-0.60060060060061
600270.SH,外运发展,20110424,-0.60060060060061
600270.SH,外运发展,20110423,-0.60060060060061
600270.SH,外运发展,20110422,-0.60060060060061
600270.SH,外运发展,20110421,-0.60060060060061
600270.SH,外运发展,20110420,-0.60060060060061
600270.SH,外运发展,20110419,-0.60060060060061
600270.SH,外运发展,20110418,-0.60060060060061
600270.SH,外运发展,20110417,-0.60060060060061
600270.SH,外运发展,20110416,-0.60060060060061
600270.SH,外运发展,20110415,-0.60060060060061
600270.SH,外运发展,20110414,-0.60060060060061
600270.SH,外运发展,20110413,-0.60060060060061
600270.SH,外运发展,20110412,-0.60060060060061
600270.SH,外运发展,20110411,-0.60060060060061
600270.SH,外运发展,20110410,-0.60060060060061
600270.SH,外运发展,20110409,-0.60060060060061
600270.SH,外运发展,20110408,-0.60060060060061
600270.SH,外运发展,20110407,-0.60060060060061
600270.SH,外运发展,20110406,-0.60060060060061
600270.SH,外运发展,20110405,-0.60060060060061
600270.SH,外运发展,20110404,-0.60060060060061
600270.SH,外运发展,20110403,-0.60060060060061
600270.SH,外运发展,20110402,-0.60060060060061
600270.SH,外运发展,20110401,-0.60060060060061
600270.SH,外运发展,20110331,-10.161870503597
600270.SH,外运发展,20110330,-10.161870503597
600270.SH,外运发展,20110329,-10.161870503597
600270.SH,外运发展,20110328,-10.161870503597
600270.SH,外运发展,20110327,-10.161870503597
600270.SH,外运发展,20110326,-10.161870503597
600270.SH,外运发展,20110325,-10.161870503597
600270.SH,外运发展,20110324,-10.161870503597
600270.SH,外运发展,20110323,-10.161870503597
600270.SH,外运发展,20110322,-10.161870503597
600270.SH,外运发展,20110321,-10.161870503597
600270.SH,外运发展,20110320,-10.161870503597
600270.SH,外运发展,20110319,-10.161870503597
600270.SH,外运发展,20110318,-10.161870503597
600270.SH,外运发展,20110317,-10.161870503597
600270.SH,外运发展,20110316,-10.161870503597
600270.SH,外运发展,20110315,-10.161870503597
600270.SH,外运发展,20110314,-10.161870503597
600270.SH,外运发展,20110313,-10.161870503597
600270.SH,外运发展,20110312,-10.161870503597
600270.SH,外运发展,20110311,-10.161870503597
600270.SH,外运发展,20110310,-10.161870503597
600270.SH,外运发展,20110309,-10.161870503597
600270.SH,外运发展,20110308,-10.161870503597
600270.SH,外运发展,20110307,-10.161870503597
600270.SH,外运发展,20110306,-10.161870503597
600270.SH,外运发展,20110305,-10.161870503597
600270.SH,外运发展,20110304,-10.161870503597
600270.SH,外运发展,20110303,-10.161870503597
600270.SH,外运发展,20110302,-10.161870503597
600270.SH,外运发展,20110301,-10.161870503597
600270.SH,外运发展,20110228,23.145071982281
600270.SH,外运发展,20110227,23.145071982281
600270.SH,外运发展,20110226,23.145071982281
600270.SH,外运发展,20110225,23.145071982281
600270.SH,外运发展,20110224,23.145071982281
600270.SH,外运发展,20110223,23.145071982281
600270.SH,外运发展,20110222,23.145071982281
600270.SH,外运发展,20110221,23.145071982281
600270.SH,外运发展,20110220,23.145071982281
600270.SH,外运发展,20110219,23.145071982281
600270.SH,外运发展,20110218,23.145071982281
600270.SH,外运发展,20110217,23.145071982281
600270.SH,外运发展,20110216,23.145071982281
600270.SH,外运发展,20110215,23.145071982281
600270.SH,外运发展,20110214,23.145071982281
600270.SH,外运发展,20110213,23.145071982281
600270.SH,外运发展,20110212,23.145071982281
600270.SH,外运发展,20110211,23.145071982281
600270.SH,外运发展,20110210,23.145071982281
600270.SH,外运发展,20110209,23.145071982281
600270.SH,外运发展,20110208,23.145071982281
600270.SH,外运发展,20110207,23.145071982281
600270.SH,外运发展,20110206,23.145071982281
600270.SH,外运发展,20110205,23.145071982281
600270.SH,外运发展,20110204,23.145071982281
600270.SH,外运发展,20110203,23.145071982281
600270.SH,外运发展,20110202,23.145071982281
600270.SH,外运发展,20110201,23.145071982281
600270.SH,外运发展,20110131,1.9187358916479
600270.SH,外运发展,20110130,1.9187358916479
600270.SH,外运发展,20110129,1.9187358916479
600270.SH,外运发展,20110128,1.9187358916479
600270.SH,外运发展,20110127,1.9187358916479
600270.SH,外运发展,20110126,1.9187358916479
600270.SH,外运发展,20110125,1.9187358916479
600270.SH,外运发展,20110124,1.9187358916479
600270.SH,外运发展,20110123,1.9187358916479
600270.SH,外运发展,20110122,1.9187358916479
600270.SH,外运发展,20110121,1.9187358916479
600270.SH,外运发展,20110120,1.9187358916479
600270.SH,外运发展,20110119,1.9187358916479
600270.SH,外运发展,20110118,1.9187358916479
600270.SH,外运发展,20110117,1.9187358916479
600270.SH,外运发展,20110116,1.9187358916479
600270.SH,外运发展,20110115,1.9187358916479
600270.SH,外运发展,20110114,1.9187358916479
600270.SH,外运发展,20110113,1.9187358916479
600270.SH,外运发展,20110112,1.9187358916479
600270.SH,外运发展,20110111,1.9187358916479
600270.SH,外运发展,20110110,1.9187358916479
600270.SH,外运发展,20110109,1.9187358916479
600270.SH,外运发展,20110108,1.9187358916479
600270.SH,外运发展,20110107,1.9187358916479
600270.SH,外运发展,20110106,1.9187358916479
600270.SH,外运发展,20110105,1.9187358916479
600270.SH,外运发展,20110104,1.9187358916479
600270.SH,外运发展,20110103,1.9187358916479
600270.SH,外运发展,20110102,1.9187358916479
600270.SH,外运发展,20110101,1.9187358916479
600270.SH,外运发展,20101231,-12.363996043521
600270.SH,外运发展,20101230,-12.363996043521
600270.SH,外运发展,20101229,-12.363996043521
600270.SH,外运发展,20101228,-12.363996043521
600270.SH,外运发展,20101227,-12.363996043521
600270.SH,外运发展,20101226,-12.363996043521
600270.SH,外运发展,20101225,-12.363996043521
600270.SH,外运发展,20101224,-12.363996043521
600270.SH,外运发展,20101223,-12.363996043521
600270.SH,外运发展,20101222,-12.363996043521
600270.SH,外运发展,20101221,-12.363996043521
600270.SH,外运发展,20101220,-12.363996043521
600270.SH,外运发展,20101219,-12.363996043521
600270.SH,外运发展,20101218,-12.363996043521
600270.SH,外运发展,20101217,-12.363996043521
600270.SH,外运发展,20101216,-12.363996043521
600270.SH,外运发展,20101215,-12.363996043521
600270.SH,外运发展,20101214,-12.363996043521
600270.SH,外运发展,20101213,-12.363996043521
600270.SH,外运发展,20101212,-12.363996043521
600270.SH,外运发展,20101211,-12.363996043521
600270.SH,外运发展,20101210,-12.363996043521
600270.SH,外运发展,20101209,-12.363996043521
600270.SH,外运发展,20101208,-12.363996043521
600270.SH,外运发展,20101207,-12.363996043521
600270.SH,外运发展,20101206,-12.363996043521
600270.SH,外运发展,20101205,-12.363996043521
600270.SH,外运发展,20101204,-12.363996043521
600270.SH,外运发展,20101203,-12.363996043521
600270.SH,外运发展,20101202,-12.363996043521
600270.SH,外运发展,20101201,-12.363996043521
600270.SH,外运发展,20101130,4.4421487603306
600270.SH,外运发展,20101129,4.4421487603306
600270.SH,外运发展,20101128,4.4421487603306
600270.SH,外运发展,20101127,4.4421487603306
600270.SH,外运发展,20101126,4.4421487603306
600270.SH,外运发展,20101125,4.4421487603306
600270.SH,外运发展,20101124,4.4421487603306
600270.SH,外运发展,20101123,4.4421487603306
600270.SH,外运发展,20101122,4.4421487603306
600270.SH,外运发展,20101121,4.4421487603306
600270.SH,外运发展,20101120,4.4421487603306
600270.SH,外运发展,20101119,4.4421487603306
600270.SH,外运发展,20101118,4.4421487603306
600270.SH,外运发展,20101117,4.4421487603306
600270.SH,外运发展,20101116,4.4421487603306
600270.SH,外运发展,20101115,4.4421487603306
600270.SH,外运发展,20101114,4.4421487603306
600270.SH,外运发展,20101113,4.4421487603306
600270.SH,外运发展,20101112,4.4421487603306
600270.SH,外运发展,20101111,4.4421487603306
600270.SH,外运发展,20101110,4.4421487603306
600270.SH,外运发展,20101109,4.4421487603306
600270.SH,外运发展,20101108,4.4421487603306
600270.SH,外运发展,20101107,4.4421487603306
600270.SH,外运发展,20101106,4.4421487603306
600270.SH,外运发展,20101105,4.4421487603306
600270.SH,外运发展,20101104,4.4421487603306
600270.SH,外运发展,20101103,4.4421487603306
600270.SH,外运发展,20101102,4.4421487603306
600270.SH,外运发展,20101101,4.4421487603306
600270.SH,外运发展,20101031,10.628571428571
600270.SH,外运发展,20101030,10.628571428571
600270.SH,外运发展,20101029,10.628571428571
600270.SH,外运发展,20101028,10.628571428571
600270.SH,外运发展,20101027,10.628571428571
600270.SH,外运发展,20101026,10.628571428571
600270.SH,外运发展,20101025,10.628571428571
600270.SH,外运发展,20101024,10.628571428571
600270.SH,外运发展,20101023,10.628571428571
600270.SH,外运发展,20101022,10.628571428571
600270.SH,外运发展,20101021,10.628571428571
600270.SH,外运发展,20101020,10.628571428571
600270.SH,外运发展,20101019,10.628571428571
600270.SH,外运发展,20101018,10.628571428571
600270.SH,外运发展,20101017,10.628571428571
600270.SH,外运发展,20101016,10.628571428571
600270.SH,外运发展,20101015,10.628571428571
600270.SH,外运发展,20101014,10.628571428571
600270.SH,外运发展,20101013,10.628571428571
600270.SH,外运发展,20101012,10.628571428571
600270.SH,外运发展,20101011,10.628571428571
600270.SH,外运发展,20101010,10.628571428571
600270.SH,外运发展,20101009,10.628571428571
600270.SH,外运发展,20101008,10.628571428571
600270.SH,外运发展,20101007,10.628571428571
600270.SH,外运发展,20101006,10.628571428571
600270.SH,外运发展,20101005,10.628571428571
600270.SH,外运发展,20101004,10.628571428571
600270.SH,外运发展,20101003,10.628571428571
600270.SH,外运发展,20101002,10.628571428571
600270.SH,外运发展,20101001,10.628571428571
600270.SH,外运发展,20100930,-5.4054054054054
600270.SH,外运发展,20100929,-5.4054054054054
600270.SH,外运发展,20100928,-5.4054054054054
600270.SH,外运发展,20100927,-5.4054054054054
600270.SH,外运发展,20100926,-5.4054054054054
600270.SH,外运发展,20100925,-5.4054054054054
600270.SH,外运发展,20100924,-5.4054054054054
600270.SH,外运发展,20100923,-5.4054054054054
600270.SH,外运发展,20100922,-5.4054054054054
600270.SH,外运发展,20100921,-5.4054054054054
600270.SH,外运发展,20100920,-5.4054054054054
600270.SH,外运发展,20100919,-5.4054054054054
600270.SH,外运发展,20100918,-5.4054054054054
600270.SH,外运发展,20100917,-5.4054054054054
600270.SH,外运发展,20100916,-5.4054054054054
600270.SH,外运发展,20100915,-5.4054054054054
600270.SH,外运发展,20100914,-5.4054054054054
600270.SH,外运发展,20100913,-5.4054054054054
600270.SH,外运发展,20100912,-5.4054054054054
600270.SH,外运发展,20100911,-5.4054054054054
600270.SH,外运发展,20100910,-5.4054054054054
600270.SH,外运发展,20100909,-5.4054054054054
600270.SH,外运发展,20100908,-5.4054054054054
600270.SH,外运发展,20100907,-5.4054054054054
600270.SH,外运发展,20100906,-5.4054054054054
600270.SH,外运发展,20100905,-5.4054054054054
600270.SH,外运发展,20100904,-5.4054054054054
600270.SH,外运发展,20100903,-5.4054054054054
600270.SH,外运发展,20100902,-5.4054054054054
600270.SH,外运发展,20100901,-5.4054054054054
600270.SH,外运发展,20100831,13.357843137255
600270.SH,外运发展,20100830,13.357843137255
600270.SH,外运发展,20100829,13.357843137255
600270.SH,外运发展,20100828,13.357843137255
600270.SH,外运发展,20100827,13.357843137255
600270.SH,外运发展,20100826,13.357843137255
600270.SH,外运发展,20100825,13.357843137255
600270.SH,外运发展,20100824,13.357843137255
600270.SH,外运发展,20100823,13.357843137255
600270.SH,外运发展,20100822,13.357843137255
600270.SH,外运发展,20100821,13.357843137255
600270.SH,外运发展,20100820,13.357843137255
600270.SH,外运发展,20100819,13.357843137255
600270.SH,外运发展,20100818,13.357843137255
600270.SH,外运发展,20100817,13.357843137255
600270.SH,外运发展,20100816,13.357843137255
600270.SH,外运发展,20100815,13.357843137255
600270.SH,外运发展,20100814,13.357843137255
600270.SH,外运发展,20100813,13.357843137255
600270.SH,外运发展,20100812,13.357843137255
600270.SH,外运发展,20100811,13.357843137255
600270.SH,外运发展,20100810,13.357843137255
600270.SH,外运发展,20100809,13.357843137255
600270.SH,外运发展,20100808,13.357843137255
600270.SH,外运发展,20100807,13.357843137255
600270.SH,外运发展,20100806,13.357843137255
600270.SH,外运发展,20100805,13.357843137255
600270.SH,外运发展,20100804,13.357843137255
600270.SH,外运发展,20100803,13.357843137255
600270.SH,外运发展,20100802,13.357843137255
600270.SH,外运发展,20100801,13.357843137255
600270.SH,外运发展,20100731,21.791044776119
600270.SH,外运发展,20100730,21.791044776119
600270.SH,外运发展,20100729,21.791044776119
600270.SH,外运发展,20100728,21.791044776119
600270.SH,外运发展,20100727,21.791044776119
600270.SH,外运发展,20100726,21.791044776119
600270.SH,外运发展,20100725,21.791044776119
600270.SH,外运发展,20100724,21.791044776119
600270.SH,外运发展,20100723,21.791044776119
600270.SH,外运发展,20100722,21.791044776119
600270.SH,外运发展,20100721,21.791044776119
600270.SH,外运发展,20100720,21.791044776119
600270.SH,外运发展,20100719,21.791044776119
600270.SH,外运发展,20100718,21.791044776119
600270.SH,外运发展,20100717,21.791044776119
600270.SH,外运发展,20100716,21.791044776119
600270.SH,外运发展,20100715,21.791044776119
600270.SH,外运发展,20100714,21.791044776119
600270.SH,外运发展,20100713,21.791044776119
600270.SH,外运发展,20100712,21.791044776119
600270.SH,外运发展,20100711,21.791044776119
600270.SH,外运发展,20100710,21.791044776119
600270.SH,外运发展,20100709,21.791044776119
600270.SH,外运发展,20100708,21.791044776119
600270.SH,外运发展,20100707,21.791044776119
600270.SH,外运发展,20100706,21.791044776119
600270.SH,外运发展,20100705,21.791044776119
600270.SH,外运发展,20100704,21.791044776119
600270.SH,外运发展,20100703,21.791044776119
600270.SH,外运发展,20100702,21.791044776119
600270.SH,外运发展,20100701,21.791044776119
600270.SH,外运发展,20100630,-15.297092288243
600270.SH,外运发展,20100629,-15.297092288243
600270.SH,外运发展,20100628,-15.297092288243
600270.SH,外运发展,20100627,-15.297092288243
600270.SH,外运发展,20100626,-15.297092288243
600270.SH,外运发展,20100625,-15.297092288243
600270.SH,外运发展,20100624,-15.297092288243
600270.SH,外运发展,20100623,-15.297092288243
600270.SH,外运发展,20100622,-15.297092288243
600270.SH,外运发展,20100621,-15.297092288243
600270.SH,外运发展,20100620,-15.297092288243
600270.SH,外运发展,20100619,-15.297092288243
600270.SH,外运发展,20100618,-15.297092288243
600270.SH,外运发展,20100617,-15.297092288243
600270.SH,外运发展,20100616,-15.297092288243
600270.SH,外运发展,20100615,-15.297092288243
600270.SH,外运发展,20100614,-15.297092288243
600270.SH,外运发展,20100613,-15.297092288243
600270.SH,外运发展,20100612,-15.297092288243
600270.SH,外运发展,20100611,-15.297092288243
600270.SH,外运发展,20100610,-15.297092288243
600270.SH,外运发展,20100609,-15.297092288243
600270.SH,外运发展,20100608,-15.297092288243
600270.SH,外运发展,20100607,-15.297092288243
600270.SH,外运发展,20100606,-15.297092288243
600270.SH,外运发展,20100605,-15.297092288243
600270.SH,外运发展,20100604,-15.297092288243
600270.SH,外运发展,20100603,-15.297092288243
600270.SH,外运发展,20100602,-15.297092288243
600270.SH,外运发展,20100601,-15.297092288243
600270.SH,外运发展,20100531,-8.6605080831409
600270.SH,外运发展,20100530,-8.6605080831409
600270.SH,外运发展,20100529,-8.6605080831409
600270.SH,外运发展,20100528,-8.6605080831409
600270.SH,外运发展,20100527,-8.6605080831409
600270.SH,外运发展,20100526,-8.6605080831409
600270.SH,外运发展,20100525,-8.6605080831409
600270.SH,外运发展,20100524,-8.6605080831409
600270.SH,外运发展,20100523,-8.6605080831409
600270.SH,外运发展,20100522,-8.6605080831409
600270.SH,外运发展,20100521,-8.6605080831409
600270.SH,外运发展,20100520,-8.6605080831409
600270.SH,外运发展,20100519,-8.6605080831409
600270.SH,外运发展,20100518,-8.6605080831409
600270.SH,外运发展,20100517,-8.6605080831409
600270.SH,外运发展,20100516,-8.6605080831409
600270.SH,外运发展,20100515,-8.6605080831409
600270.SH,外运发展,20100514,-8.6605080831409
600270.SH,外运发展,20100513,-8.6605080831409
600270.SH,外运发展,20100512,-8.6605080831409
600270.SH,外运发展,20100511,-8.6605080831409
600270.SH,外运发展,20100510,-8.6605080831409
600270.SH,外运发展,20100509,-8.6605080831409
600270.SH,外运发展,20100508,-8.6605080831409
600270.SH,外运发展,20100507,-8.6605080831409
600270.SH,外运发展,20100506,-8.6605080831409
600270.SH,外运发展,20100505,-8.6605080831409
600270.SH,外运发展,20100504,-8.6605080831409
600270.SH,外运发展,20100503,-8.6605080831409
600270.SH,外运发展,20100502,-8.6605080831409
600270.SH,外运发展,20100501,-8.6605080831409
600270.SH,外运发展,20100430,-13.313313313313
600270.SH,外运发展,20100429,-13.313313313313
600270.SH,外运发展,20100428,-13.313313313313
600270.SH,外运发展,20100427,-13.313313313313
600270.SH,外运发展,20100426,-13.313313313313
600270.SH,外运发展,20100425,-13.313313313313
600270.SH,外运发展,20100424,-13.313313313313
600270.SH,外运发展,20100423,-13.313313313313
600270.SH,外运发展,20100422,-13.313313313313
600270.SH,外运发展,20100421,-13.313313313313
600270.SH,外运发展,20100420,-13.313313313313
600270.SH,外运发展,20100419,-13.313313313313
600270.SH,外运发展,20100418,-13.313313313313
600270.SH,外运发展,20100417,-13.313313313313
600270.SH,外运发展,20100416,-13.313313313313
600270.SH,外运发展,20100415,-13.313313313313
600270.SH,外运发展,20100414,-13.313313313313
600270.SH,外运发展,20100413,-13.313313313313
600270.SH,外运发展,20100412,-13.313313313313
600270.SH,外运发展,20100411,-13.313313313313
600270.SH,外运发展,20100410,-13.313313313313
600270.SH,外运发展,20100409,-13.313313313313
600270.SH,外运发展,20100408,-13.313313313313
600270.SH,外运发展,20100407,-13.313313313313
600270.SH,外运发展,20100406,-13.313313313313
600270.SH,外运发展,20100405,-13.313313313313
600270.SH,外运发展,20100404,-13.313313313313
600270.SH,外运发展,20100403,-13.313313313313
600270.SH,外运发展,20100402,-13.313313313313
600270.SH,外运发展,20100401,-13.313313313313
600270.SH,外运发展,20100331,3.7383177570093
600270.SH,外运发展,20100330,3.7383177570093
600270.SH,外运发展,20100329,3.7383177570093
600270.SH,外运发展,20100328,3.7383177570093
600270.SH,外运发展,20100327,3.7383177570093
600270.SH,外运发展,20100326,3.7383177570093
600270.SH,外运发展,20100325,3.7383177570093
600270.SH,外运发展,20100324,3.7383177570093
600270.SH,外运发展,20100323,3.7383177570093
600270.SH,外运发展,20100322,3.7383177570093
600270.SH,外运发展,20100321,3.7383177570093
600270.SH,外运发展,20100320,3.7383177570093
600270.SH,外运发展,20100319,3.7383177570093
600270.SH,外运发展,20100318,3.7383177570093
600270.SH,外运发展,20100317,3.7383177570093
600270.SH,外运发展,20100316,3.7383177570093
600270.SH,外运发展,20100315,3.7383177570093
600270.SH,外运发展,20100314,3.7383177570093
600270.SH,外运发展,20100313,3.7383177570093
600270.SH,外运发展,20100312,3.7383177570093
600270.SH,外运发展,20100311,3.7383177570093
600270.SH,外运发展,20100310,3.7383177570093
600270.SH,外运发展,20100309,3.7383177570093
600270.SH,外运发展,20100308,3.7383177570093
600270.SH,外运发展,20100307,3.7383177570093
600270.SH,外运发展,20100306,3.7383177570093
600270.SH,外运发展,20100305,3.7383177570093
600270.SH,外运发展,20100304,3.7383177570093
600270.SH,外运发展,20100303,3.7383177570093
600270.SH,外运发展,20100302,3.7383177570093
600270.SH,外运发展,20100301,3.7383177570093
600270.SH,外运发展,20100228,4.9019607843137
600270.SH,外运发展,20100227,4.9019607843137
600270.SH,外运发展,20100226,4.9019607843137
600270.SH,外运发展,20100225,4.9019607843137
600270.SH,外运发展,20100224,4.9019607843137
600270.SH,外运发展,20100223,4.9019607843137
600270.SH,外运发展,20100222,4.9019607843137
600270.SH,外运发展,20100221,4.9019607843137
600270.SH,外运发展,20100220,4.9019607843137
600270.SH,外运发展,20100219,4.9019607843137
600270.SH,外运发展,20100218,4.9019607843137
600270.SH,外运发展,20100217,4.9019607843137
600270.SH,外运发展,20100216,4.9019607843137
600270.SH,外运发展,20100215,4.9019607843137
600270.SH,外运发展,20100214,4.9019607843137
600270.SH,外运发展,20100213,4.9019607843137
600270.SH,外运发展,20100212,4.9019607843137
600270.SH,外运发展,20100211,4.9019607843137
600270.SH,外运发展,20100210,4.9019607843137
600270.SH,外运发展,20100209,4.9019607843137
600270.SH,外运发展,20100208,4.9019607843137
600270.SH,外运发展,20100207,4.9019607843137
600270.SH,外运发展,20100206,4.9019607843137
600270.SH,外运发展,20100205,4.9019607843137
600270.SH,外运发展,20100204,4.9019607843137
600270.SH,外运发展,20100203,4.9019607843137
600270.SH,外运发展,20100202,4.9019607843137
600270.SH,外运发展,20100201,4.9019607843137
600270.SH,外运发展,20100131,4.4368600682594
600270.SH,外运发展,20100130,4.4368600682594
600270.SH,外运发展,20100129,4.4368600682594
600270.SH,外运发展,20100128,4.4368600682594
600270.SH,外运发展,20100127,4.4368600682594
600270.SH,外运发展,20100126,4.4368600682594
600270.SH,外运发展,20100125,4.4368600682594
600270.SH,外运发展,20100124,4.4368600682594
600270.SH,外运发展,20100123,4.4368600682594
600270.SH,外运发展,20100122,4.4368600682594
600270.SH,外运发展,20100121,4.4368600682594
600270.SH,外运发展,20100120,4.4368600682594
600270.SH,外运发展,20100119,4.4368600682594
600270.SH,外运发展,20100118,4.4368600682594
600270.SH,外运发展,20100117,4.4368600682594
600270.SH,外运发展,20100116,4.4368600682594
600270.SH,外运发展,20100115,4.4368600682594
600270.SH,外运发展,20100114,4.4368600682594
600270.SH,外运发展,20100113,4.4368600682594
600270.SH,外运发展,20100112,4.4368600682594
600270.SH,外运发展,20100111,4.4368600682594
600270.SH,外运发展,20100110,4.4368600682594
600270.SH,外运发展,20100109,4.4368600682594
600270.SH,外运发展,20100108,4.4368600682594
600270.SH,外运发展,20100107,4.4368600682594
600270.SH,外运发展,20100106,4.4368600682594
600270.SH,外运发展,20100105,4.4368600682594
600270.SH,外运发展,20100104,4.4368600682594
600270.SH,外运发展,20100103,4.4368600682594
600270.SH,外运发展,20100102,4.4368600682594
600270.SH,外运发展,20100101,4.4368600682594
600270.SH,外运发展,20091231,0.11389521640091
600270.SH,外运发展,20091230,0.11389521640091
600270.SH,外运发展,20091229,0.11389521640091
600270.SH,外运发展,20091228,0.11389521640091
600270.SH,外运发展,20091227,0.11389521640091
600270.SH,外运发展,20091226,0.11389521640091
600270.SH,外运发展,20091225,0.11389521640091
600270.SH,外运发展,20091224,0.11389521640091
600270.SH,外运发展,20091223,0.11389521640091
600270.SH,外运发展,20091222,0.11389521640091
600270.SH,外运发展,20091221,0.11389521640091
600270.SH,外运发展,20091220,0.11389521640091
600270.SH,外运发展,20091219,0.11389521640091
600270.SH,外运发展,20091218,0.11389521640091
600270.SH,外运发展,20091217,0.11389521640091
600270.SH,外运发展,20091216,0.11389521640091
600270.SH,外运发展,20091215,0.11389521640091
600270.SH,外运发展,20091214,0.11389521640091
600270.SH,外运发展,20091213,0.11389521640091
600270.SH,外运发展,20091212,0.11389521640091
600270.SH,外运发展,20091211,0.11389521640091
600270.SH,外运发展,20091210,0.11389521640091
600270.SH,外运发展,20091209,0.11389521640091
600270.SH,外运发展,20091208,0.11389521640091
600270.SH,外运发展,20091207,0.11389521640091
600270.SH,外运发展,20091206,0.11389521640091
600270.SH,外运发展,20091205,0.11389521640091
600270.SH,外运发展,20091204,0.11389521640091
600270.SH,外运发展,20091203,0.11389521640091
600270.SH,外运发展,20091202,0.11389521640091
600270.SH,外运发展,20091201,0.11389521640091
600270.SH,外运发展,20091130,-0.22727272727274
600270.SH,外运发展,20091129,-0.22727272727274
600270.SH,外运发展,20091128,-0.22727272727274
600270.SH,外运发展,20091127,-0.22727272727274
600270.SH,外运发展,20091126,-0.22727272727274
600270.SH,外运发展,20091125,-0.22727272727274
600270.SH,外运发展,20091124,-0.22727272727274
600270.SH,外运发展,20091123,-0.22727272727274
600270.SH,外运发展,20091122,-0.22727272727274
600270.SH,外运发展,20091121,-0.22727272727274
600270.SH,外运发展,20091120,-0.22727272727274
600270.SH,外运发展,20091119,-0.22727272727274
600270.SH,外运发展,20091118,-0.22727272727274
600270.SH,外运发展,20091117,-0.22727272727274
600270.SH,外运发展,20091116,-0.22727272727274
600270.SH,外运发展,20091115,-0.22727272727274
600270.SH,外运发展,20091114,-0.22727272727274
600270.SH,外运发展,20091113,-0.22727272727274
600270.SH,外运发展,20091112,-0.22727272727274
600270.SH,外运发展,20091111,-0.22727272727274
600270.SH,外运发展,20091110,-0.22727272727274
600270.SH,外运发展,20091109,-0.22727272727274
600270.SH,外运发展,20091108,-0.22727272727274
600270.SH,外运发展,20091107,-0.22727272727274
600270.SH,外运发展,20091106,-0.22727272727274
600270.SH,外运发展,20091105,-0.22727272727274
600270.SH,外运发展,20091104,-0.22727272727274
600270.SH,外运发展,20091103,-0.22727272727274
600270.SH,外运发展,20091102,-0.22727272727274
600270.SH,外运发展,20091101,-0.22727272727274
600270.SH,外运发展,20091031,18.120805369128
600270.SH,外运发展,20091030,18.120805369128
600270.SH,外运发展,20091029,18.120805369128
600270.SH,外运发展,20091028,18.120805369128
600270.SH,外运发展,20091027,18.120805369128
600270.SH,外运发展,20091026,18.120805369128
600270.SH,外运发展,20091025,18.120805369128
600270.SH,外运发展,20091024,18.120805369128
600270.SH,外运发展,20091023,18.120805369128
600270.SH,外运发展,20091022,18.120805369128
600270.SH,外运发展,20091021,18.120805369128
600270.SH,外运发展,20091020,18.120805369128
600270.SH,外运发展,20091019,18.120805369128
600270.SH,外运发展,20091018,18.120805369128
600270.SH,外运发展,20091017,18.120805369128
600270.SH,外运发展,20091016,18.120805369128
600270.SH,外运发展,20091015,18.120805369128
600270.SH,外运发展,20091014,18.120805369128
600270.SH,外运发展,20091013,18.120805369128
600270.SH,外运发展,20091012,18.120805369128
600270.SH,外运发展,20091011,18.120805369128
600270.SH,外运发展,20091010,18.120805369128
600270.SH,外运发展,20091009,18.120805369128
600270.SH,外运发展,20091008,18.120805369128
600270.SH,外运发展,20091007,18.120805369128
600270.SH,外运发展,20091006,18.120805369128
600270.SH,外运发展,20091005,18.120805369128
600270.SH,外运发展,20091004,18.120805369128
600270.SH,外运发展,20091003,18.120805369128
600270.SH,外运发展,20091002,18.120805369128
600270.SH,外运发展,20091001,18.120805369128
600270.SH,外运发展,20090930,9.5588235294118
600270.SH,外运发展,20090929,9.5588235294118
600270.SH,外运发展,20090928,9.5588235294118
600270.SH,外运发展,20090927,9.5588235294118
600270.SH,外运发展,20090926,9.5588235294118
600270.SH,外运发展,20090925,9.5588235294118
600270.SH,外运发展,20090924,9.5588235294118
600270.SH,外运发展,20090923,9.5588235294118
600270.SH,外运发展,20090922,9.5588235294118
600270.SH,外运发展,20090921,9.5588235294118
600270.SH,外运发展,20090920,9.5588235294118
600270.SH,外运发展,20090919,9.5588235294118
600270.SH,外运发展,20090918,9.5588235294118
600270.SH,外运发展,20090917,9.5588235294118
600270.SH,外运发展,20090916,9.5588235294118
600270.SH,外运发展,20090915,9.5588235294118
600270.SH,外运发展,20090914,9.5588235294118
600270.SH,外运发展,20090913,9.5588235294118
600270.SH,外运发展,20090912,9.5588235294118
600270.SH,外运发展,20090911,9.5588235294118
600270.SH,外运发展,20090910,9.5588235294118
600270.SH,外运发展,20090909,9.5588235294118
600270.SH,外运发展,20090908,9.5588235294118
600270.SH,外运发展,20090907,9.5588235294118
600270.SH,外运发展,20090906,9.5588235294118
600270.SH,外运发展,20090905,9.5588235294118
600270.SH,外运发展,20090904,9.5588235294118
600270.SH,外运发展,20090903,9.5588235294118
600270.SH,外运发展,20090902,9.5588235294118
600270.SH,外运发展,20090901,9.5588235294118
600270.SH,外运发展,20090831,-22.018348623853
600270.SH,外运发展,20090830,-22.018348623853
600270.SH,外运发展,20090829,-22.018348623853
600270.SH,外运发展,20090828,-22.018348623853
600270.SH,外运发展,20090827,-22.018348623853
600270.SH,外运发展,20090826,-22.018348623853
600270.SH,外运发展,20090825,-22.018348623853
600270.SH,外运发展,20090824,-22.018348623853
600270.SH,外运发展,20090823,-22.018348623853
600270.SH,外运发展,20090822,-22.018348623853
600270.SH,外运发展,20090821,-22.018348623853
600270.SH,外运发展,20090820,-22.018348623853
600270.SH,外运发展,20090819,-22.018348623853
600270.SH,外运发展,20090818,-22.018348623853
600270.SH,外运发展,20090817,-22.018348623853
600270.SH,外运发展,20090816,-22.018348623853
600270.SH,外运发展,20090815,-22.018348623853
600270.SH,外运发展,20090814,-22.018348623853
600270.SH,外运发展,20090813,-22.018348623853
600270.SH,外运发展,20090812,-22.018348623853
600270.SH,外运发展,20090811,-22.018348623853
600270.SH,外运发展,20090810,-22.018348623853
600270.SH,外运发展,20090809,-22.018348623853
600270.SH,外运发展,20090808,-22.018348623853
600270.SH,外运发展,20090807,-22.018348623853
600270.SH,外运发展,20090806,-22.018348623853
600270.SH,外运发展,20090805,-22.018348623853
600270.SH,外运发展,20090804,-22.018348623853
600270.SH,外运发展,20090803,-22.018348623853
600270.SH,外运发展,20090802,-22.018348623853
600270.SH,外运发展,20090801,-22.018348623853
600270.SH,外运发展,20090731,9.0
600270.SH,外运发展,20090730,9.0
600270.SH,外运发展,20090729,9.0
600270.SH,外运发展,20090728,9.0
600270.SH,外运发展,20090727,9.0
600270.SH,外运发展,20090726,9.0
600270.SH,外运发展,20090725,9.0
600270.SH,外运发展,20090724,9.0
600270.SH,外运发展,20090723,9.0
600270.SH,外运发展,20090722,9.0
600270.SH,外运发展,20090721,9.0
600270.SH,外运发展,20090720,9.0
600270.SH,外运发展,20090719,9.0
600270.SH,外运发展,20090718,9.0
600270.SH,外运发展,20090717,9.0
600270.SH,外运发展,20090716,9.0
600270.SH,外运发展,20090715,9.0
600270.SH,外运发展,20090714,9.0
600270.SH,外运发展,20090713,9.0
600270.SH,外运发展,20090712,9.0
600270.SH,外运发展,20090711,9.0
600270.SH,外运发展,20090710,9.0
600270.SH,外运发展,20090709,9.0
600270.SH,外运发展,20090708,9.0
600270.SH,外运发展,20090707,9.0
600270.SH,外运发展,20090706,9.0
600270.SH,外运发展,20090705,9.0
600270.SH,外运发展,20090704,9.0
600270.SH,外运发展,20090703,9.0
600270.SH,外运发展,20090702,9.0
600270.SH,外运发展,20090701,9.0
600270.SH,外运发展,20090630,-2.200488997555
600270.SH,外运发展,20090629,-2.200488997555
600270.SH,外运发展,20090628,-2.200488997555
600270.SH,外运发展,20090627,-2.200488997555
600270.SH,外运发展,20090626,-2.200488997555
600270.SH,外运发展,20090625,-2.200488997555
600270.SH,外运发展,20090624,-2.200488997555
600270.SH,外运发展,20090623,-2.200488997555
600270.SH,外运发展,20090622,-2.200488997555
600270.SH,外运发展,20090621,-2.200488997555
600270.SH,外运发展,20090620,-2.200488997555
600270.SH,外运发展,20090619,-2.200488997555
600270.SH,外运发展,20090618,-2.200488997555
600270.SH,外运发展,20090617,-2.200488997555
600270.SH,外运发展,20090616,-2.200488997555
600270.SH,外运发展,20090615,-2.200488997555
600270.SH,外运发展,20090614,-2.200488997555
600270.SH,外运发展,20090613,-2.200488997555
600270.SH,外运发展,20090612,-2.200488997555
600270.SH,外运发展,20090611,-2.200488997555
600270.SH,外运发展,20090610,-2.200488997555
600270.SH,外运发展,20090609,-2.200488997555
600270.SH,外运发展,20090608,-2.200488997555
600270.SH,外运发展,20090607,-2.200488997555
600270.SH,外运发展,20090606,-2.200488997555
600270.SH,外运发展,20090605,-2.200488997555
600270.SH,外运发展,20090604,-2.200488997555
600270.SH,外运发展,20090603,-2.200488997555
600270.SH,外运发展,20090602,-2.200488997555
600270.SH,外运发展,20090601,-2.200488997555
600270.SH,外运发展,20090531,2.25
600270.SH,外运发展,20090530,2.25
600270.SH,外运发展,20090529,2.25
600270.SH,外运发展,20090528,2.25
600270.SH,外运发展,20090527,2.25
600270.SH,外运发展,20090526,2.25
600270.SH,外运发展,20090525,2.25
600270.SH,外运发展,20090524,2.25
600270.SH,外运发展,20090523,2.25
600270.SH,外运发展,20090522,2.25
600270.SH,外运发展,20090521,2.25
600270.SH,外运发展,20090520,2.25
600270.SH,外运发展,20090519,2.25
600270.SH,外运发展,20090518,2.25
600270.SH,外运发展,20090517,2.25
600270.SH,外运发展,20090516,2.25
600270.SH,外运发展,20090515,2.25
600270.SH,外运发展,20090514,2.25
600270.SH,外运发展,20090513,2.25
600270.SH,外运发展,20090512,2.25
600270.SH,外运发展,20090511,2.25
600270.SH,外运发展,20090510,2.25
600270.SH,外运发展,20090509,2.25
600270.SH,外运发展,20090508,2.25
600270.SH,外运发展,20090507,2.25
600270.SH,外运发展,20090506,2.25
600270.SH,外运发展,20090505,2.25
600270.SH,外运发展,20090504,2.25
600270.SH,外运发展,20090503,2.25
600270.SH,外运发展,20090502,2.25
600270.SH,外运发展,20090501,2.25
600270.SH,外运发展,20090430,-4.6483909415971
600270.SH,外运发展,20090429,-4.6483909415971
600270.SH,外运发展,20090428,-4.6483909415971
600270.SH,外运发展,20090427,-4.6483909415971
600270.SH,外运发展,20090426,-4.6483909415971
600270.SH,外运发展,20090425,-4.6483909415971
600270.SH,外运发展,20090424,-4.6483909415971
600270.SH,外运发展,20090423,-4.6483909415971
600270.SH,外运发展,20090422,-4.6483909415971
600270.SH,外运发展,20090421,-4.6483909415971
600270.SH,外运发展,20090420,-4.6483909415971
600270.SH,外运发展,20090419,-4.6483909415971
600270.SH,外运发展,20090418,-4.6483909415971
600270.SH,外运发展,20090417,-4.6483909415971
600270.SH,外运发展,20090416,-4.6483909415971
600270.SH,外运发展,20090415,-4.6483909415971
600270.SH,外运发展,20090414,-4.6483909415971
600270.SH,外运发展,20090413,-4.6483909415971
600270.SH,外运发展,20090412,-4.6483909415971
600270.SH,外运发展,20090411,-4.6483909415971
600270.SH,外运发展,20090410,-4.6483909415971
600270.SH,外运发展,20090409,-4.6483909415971
600270.SH,外运发展,20090408,-4.6483909415971
600270.SH,外运发展,20090407,-4.6483909415971
600270.SH,外运发展,20090406,-4.6483909415971
600270.SH,外运发展,20090405,-4.6483909415971
600270.SH,外运发展,20090404,-4.6483909415971
600270.SH,外运发展,20090403,-4.6483909415971
600270.SH,外运发展,20090402,-4.6483909415971
600270.SH,外运发展,20090401,-4.6483909415971
600270.SH,外运发展,20090331,17.50700280112
600270.SH,外运发展,20090330,17.50700280112
600270.SH,外运发展,20090329,17.50700280112
600270.SH,外运发展,20090328,17.50700280112
600270.SH,外运发展,20090327,17.50700280112
600270.SH,外运发展,20090326,17.50700280112
600270.SH,外运发展,20090325,17.50700280112
600270.SH,外运发展,20090324,17.50700280112
600270.SH,外运发展,20090323,17.50700280112
600270.SH,外运发展,20090322,17.50700280112
600270.SH,外运发展,20090321,17.50700280112
600270.SH,外运发展,20090320,17.50700280112
600270.SH,外运发展,20090319,17.50700280112
600270.SH,外运发展,20090318,17.50700280112
600270.SH,外运发展,20090317,17.50700280112
600270.SH,外运发展,20090316,17.50700280112
600270.SH,外运发展,20090315,17.50700280112
600270.SH,外运发展,20090314,17.50700280112
600270.SH,外运发展,20090313,17.50700280112
600270.SH,外运发展,20090312,17.50700280112
600270.SH,外运发展,20090311,17.50700280112
600270.SH,外运发展,20090310,17.50700280112
600270.SH,外运发展,20090309,17.50700280112
600270.SH,外运发展,20090308,17.50700280112
600270.SH,外运发展,20090307,17.50700280112
600270.SH,外运发展,20090306,17.50700280112
600270.SH,外运发展,20090305,17.50700280112
600270.SH,外运发展,20090304,17.50700280112
600270.SH,外运发展,20090303,17.50700280112
600270.SH,外运发展,20090302,17.50700280112
600270.SH,外运发展,20090301,17.50700280112
600270.SH,外运发展,20090228,9.5092024539877
600270.SH,外运发展,20090227,9.5092024539877
600270.SH,外运发展,20090226,9.5092024539877
600270.SH,外运发展,20090225,9.5092024539877
600270.SH,外运发展,20090224,9.5092024539877
600270.SH,外运发展,20090223,9.5092024539877
600270.SH,外运发展,20090222,9.5092024539877
600270.SH,外运发展,20090221,9.5092024539877
600270.SH,外运发展,20090220,9.5092024539877
600270.SH,外运发展,20090219,9.5092024539877
600270.SH,外运发展,20090218,9.5092024539877
600270.SH,外运发展,20090217,9.5092024539877
600270.SH,外运发展,20090216,9.5092024539877
600270.SH,外运发展,20090215,9.5092024539877
600270.SH,外运发展,20090214,9.5092024539877
600270.SH,外运发展,20090213,9.5092024539877
600270.SH,外运发展,20090212,9.5092024539877
600270.SH,外运发展,20090211,9.5092024539877
600270.SH,外运发展,20090210,9.5092024539877
600270.SH,外运发展,20090209,9.5092024539877
600270.SH,外运发展,20090208,9.5092024539877
600270.SH,外运发展,20090207,9.5092024539877
600270.SH,外运发展,20090206,9.5092024539877
600270.SH,外运发展,20090205,9.5092024539877
600270.SH,外运发展,20090204,9.5092024539877
600270.SH,外运发展,20090203,9.5092024539877
600270.SH,外运发展,20090202,9.5092024539877
600270.SH,外运发展,20090201,9.5092024539877
600270.SH,外运发展,20090131,10.884353741497
600270.SH,外运发展,20090130,10.884353741497
600270.SH,外运发展,20090129,10.884353741497
600270.SH,外运发展,20090128,10.884353741497
600270.SH,外运发展,20090127,10.884353741497
600270.SH,外运发展,20090126,10.884353741497
600270.SH,外运发展,20090125,10.884353741497
600270.SH,外运发展,20090124,10.884353741497
600270.SH,外运发展,20090123,10.884353741497
600270.SH,外运发展,20090122,10.884353741497
600270.SH,外运发展,20090121,10.884353741497
600270.SH,外运发展,20090120,10.884353741497
600270.SH,外运发展,20090119,10.884353741497
600270.SH,外运发展,20090118,10.884353741497
600270.SH,外运发展,20090117,10.884353741497
600270.SH,外运发展,20090116,10.884353741497
600270.SH,外运发展,20090115,10.884353741497
600270.SH,外运发展,20090114,10.884353741497
600270.SH,外运发展,20090113,10.884353741497
600270.SH,外运发展,20090112,10.884353741497
600270.SH,外运发展,20090111,10.884353741497
600270.SH,外运发展,20090110,10.884353741497
600270.SH,外运发展,20090109,10.884353741497
600270.SH,外运发展,20090108,10.884353741497
600270.SH,外运发展,20090107,10.884353741497
600270.SH,外运发展,20090106,10.884353741497
600270.SH,外运发展,20090105,10.884353741497
600270.SH,外运发展,20090104,10.884353741497
600270.SH,外运发展,20090103,10.884353741497
600270.SH,外运发展,20090102,10.884353741497
600270.SH,外运发展,20090101,10.884353741497
600270.SH,外运发展,20081231,10.31894934334
600270.SH,外运发展,20081230,10.31894934334
600270.SH,外运发展,20081229,10.31894934334
600270.SH,外运发展,20081228,10.31894934334
600270.SH,外运发展,20081227,10.31894934334
600270.SH,外运发展,20081226,10.31894934334
600270.SH,外运发展,20081225,10.31894934334
600270.SH,外运发展,20081224,10.31894934334
600270.SH,外运发展,20081223,10.31894934334
600270.SH,外运发展,20081222,10.31894934334
600270.SH,外运发展,20081221,10.31894934334
600270.SH,外运发展,20081220,10.31894934334
600270.SH,外运发展,20081219,10.31894934334
600270.SH,外运发展,20081218,10.31894934334
600270.SH,外运发展,20081217,10.31894934334
600270.SH,外运发展,20081216,10.31894934334
600270.SH,外运发展,20081215,10.31894934334
600270.SH,外运发展,20081214,10.31894934334
600270.SH,外运发展,20081213,10.31894934334
600270.SH,外运发展,20081212,10.31894934334
600270.SH,外运发展,20081211,10.31894934334
600270.SH,外运发展,20081210,10.31894934334
600270.SH,外运发展,20081209,10.31894934334
600270.SH,外运发展,20081208,10.31894934334
600270.SH,外运发展,20081207,10.31894934334
600270.SH,外运发展,20081206,10.31894934334
600270.SH,外运发展,20081205,10.31894934334
600270.SH,外运发展,20081204,10.31894934334
600270.SH,外运发展,20081203,10.31894934334
600270.SH,外运发展,20081202,10.31894934334
600270.SH,外运发展,20081201,10.31894934334
600270.SH,外运发展,20081130,6.3872255489022
600270.SH,外运发展,20081129,6.3872255489022
600270.SH,外运发展,20081128,6.3872255489022
600270.SH,外运发展,20081127,6.3872255489022
600270.SH,外运发展,20081126,6.3872255489022
600270.SH,外运发展,20081125,6.3872255489022
600270.SH,外运发展,20081124,6.3872255489022
600270.SH,外运发展,20081123,6.3872255489022
600270.SH,外运发展,20081122,6.3872255489022
600270.SH,外运发展,20081121,6.3872255489022
600270.SH,外运发展,20081120,6.3872255489022
600270.SH,外运发展,20081119,6.3872255489022
600270.SH,外运发展,20081118,6.3872255489022
600270.SH,外运发展,20081117,6.3872255489022
600270.SH,外运发展,20081116,6.3872255489022
600270.SH,外运发展,20081115,6.3872255489022
600270.SH,外运发展,20081114,6.3872255489022
600270.SH,外运发展,20081113,6.3872255489022
600270.SH,外运发展,20081112,6.3872255489022
600270.SH,外运发展,20081111,6.3872255489022
600270.SH,外运发展,20081110,6.3872255489022
600270.SH,外运发展,20081109,6.3872255489022
600270.SH,外运发展,20081108,6.3872255489022
600270.SH,外运发展,20081107,6.3872255489022
600270.SH,外运发展,20081106,6.3872255489022
600270.SH,外运发展,20081105,6.3872255489022
600270.SH,外运发展,20081104,6.3872255489022
600270.SH,外运发展,20081103,6.3872255489022
600270.SH,外运发展,20081102,6.3872255489022
600270.SH,外运发展,20081101,6.3872255489022
600270.SH,外运发展,20081031,-30.801104972376
600270.SH,外运发展,20081030,-30.801104972376
600270.SH,外运发展,20081029,-30.801104972376
600270.SH,外运发展,20081028,-30.801104972376
600270.SH,外运发展,20081027,-30.801104972376
600270.SH,外运发展,20081026,-30.801104972376
600270.SH,外运发展,20081025,-30.801104972376
600270.SH,外运发展,20081024,-30.801104972376
600270.SH,外运发展,20081023,-30.801104972376
600270.SH,外运发展,20081022,-30.801104972376
600270.SH,外运发展,20081021,-30.801104972376
600270.SH,外运发展,20081020,-30.801104972376
600270.SH,外运发展,20081019,-30.801104972376
600270.SH,外运发展,20081018,-30.801104972376
600270.SH,外运发展,20081017,-30.801104972376
600270.SH,外运发展,20081016,-30.801104972376
600270.SH,外运发展,20081015,-30.801104972376
600270.SH,外运发展,20081014,-30.801104972376
600270.SH,外运发展,20081013,-30.801104972376
600270.SH,外运发展,20081012,-30.801104972376
600270.SH,外运发展,20081011,-30.801104972376
600270.SH,外运发展,20081010,-30.801104972376
600270.SH,外运发展,20081009,-30.801104972376
600270.SH,外运发展,20081008,-30.801104972376
600270.SH,外运发展,20081007,-30.801104972376
600270.SH,外运发展,20081006,-30.801104972376
600270.SH,外运发展,20081005,-30.801104972376
600270.SH,外运发展,20081004,-30.801104972376
600270.SH,外运发展,20081003,-30.801104972376
600270.SH,外运发展,20081002,-30.801104972376
600270.SH,外运发展,20081001,-30.801104972376
600270.SH,外运发展,20080930,-1.4965986394558
600270.SH,外运发展,20080929,-1.4965986394558
600270.SH,外运发展,20080928,-1.4965986394558
600270.SH,外运发展,20080927,-1.4965986394558
600270.SH,外运发展,20080926,-1.4965986394558
600270.SH,外运发展,20080925,-1.4965986394558
600270.SH,外运发展,20080924,-1.4965986394558
600270.SH,外运发展,20080923,-1.4965986394558
600270.SH,外运发展,20080922,-1.4965986394558
600270.SH,外运发展,20080921,-1.4965986394558
600270.SH,外运发展,20080920,-1.4965986394558
600270.SH,外运发展,20080919,-1.4965986394558
600270.SH,外运发展,20080918,-1.4965986394558
600270.SH,外运发展,20080917,-1.4965986394558
600270.SH,外运发展,20080916,-1.4965986394558
600270.SH,外运发展,20080915,-1.4965986394558
600270.SH,外运发展,20080914,-1.4965986394558
600270.SH,外运发展,20080913,-1.4965986394558
600270.SH,外运发展,20080912,-1.4965986394558
600270.SH,外运发展,20080911,-1.4965986394558
600270.SH,外运发展,20080910,-1.4965986394558
600270.SH,外运发展,20080909,-1.4965986394558
600270.SH,外运发展,20080908,-1.4965986394558
600270.SH,外运发展,20080907,-1.4965986394558
600270.SH,外运发展,20080906,-1.4965986394558
600270.SH,外运发展,20080905,-1.4965986394558
600270.SH,外运发展,20080904,-1.4965986394558
600270.SH,外运发展,20080903,-1.4965986394558
600270.SH,外运发展,20080902,-1.4965986394558
600270.SH,外运发展,20080901,-1.4965986394558
600270.SH,外运发展,20080831,-17.322834645669
600270.SH,外运发展,20080830,-17.322834645669
600270.SH,外运发展,20080829,-17.322834645669
600270.SH,外运发展,20080828,-17.322834645669
600270.SH,外运发展,20080827,-17.322834645669
600270.SH,外运发展,20080826,-17.322834645669
600270.SH,外运发展,20080825,-17.322834645669
600270.SH,外运发展,20080824,-17.322834645669
600270.SH,外运发展,20080823,-17.322834645669
600270.SH,外运发展,20080822,-17.322834645669
600270.SH,外运发展,20080821,-17.322834645669
600270.SH,外运发展,20080820,-17.322834645669
600270.SH,外运发展,20080819,-17.322834645669
600270.SH,外运发展,20080818,-17.322834645669
600270.SH,外运发展,20080817,-17.322834645669
600270.SH,外运发展,20080816,-17.322834645669
600270.SH,外运发展,20080815,-17.322834645669
600270.SH,外运发展,20080814,-17.322834645669
600270.SH,外运发展,20080813,-17.322834645669
600270.SH,外运发展,20080812,-17.322834645669
600270.SH,外运发展,20080811,-17.322834645669
600270.SH,外运发展,20080810,-17.322834645669
600270.SH,外运发展,20080809,-17.322834645669
600270.SH,外运发展,20080808,-17.322834645669
600270.SH,外运发展,20080807,-17.322834645669
600270.SH,外运发展,20080806,-17.322834645669
600270.SH,外运发展,20080805,-17.322834645669
600270.SH,外运发展,20080804,-17.322834645669
600270.SH,外运发展,20080803,-17.322834645669
600270.SH,外运发展,20080802,-17.322834645669
600270.SH,外运发展,20080801,-17.322834645669
600270.SH,外运发展,20080731,12.960609911055
600270.SH,外运发展,20080730,12.960609911055
600270.SH,外运发展,20080729,12.960609911055
600270.SH,外运发展,20080728,12.960609911055
600270.SH,外运发展,20080727,12.960609911055
600270.SH,外运发展,20080726,12.960609911055
600270.SH,外运发展,20080725,12.960609911055
600270.SH,外运发展,20080724,12.960609911055
600270.SH,外运发展,20080723,12.960609911055
600270.SH,外运发展,20080722,12.960609911055
600270.SH,外运发展,20080721,12.960609911055
600270.SH,外运发展,20080720,12.960609911055
600270.SH,外运发展,20080719,12.960609911055
600270.SH,外运发展,20080718,12.960609911055
600270.SH,外运发展,20080717,12.960609911055
600270.SH,外运发展,20080716,12.960609911055
600270.SH,外运发展,20080715,12.960609911055
600270.SH,外运发展,20080714,12.960609911055
600270.SH,外运发展,20080713,12.960609911055
600270.SH,外运发展,20080712,12.960609911055
600270.SH,外运发展,20080711,12.960609911055
600270.SH,外运发展,20080710,12.960609911055
600270.SH,外运发展,20080709,12.960609911055
600270.SH,外运发展,20080708,12.960609911055
600270.SH,外运发展,20080707,12.960609911055
600270.SH,外运发展,20080706,12.960609911055
600270.SH,外运发展,20080705,12.960609911055
600270.SH,外运发展,20080704,12.960609911055
600270.SH,外运发展,20080703,12.960609911055
600270.SH,外运发展,20080702,12.960609911055
600270.SH,外运发展,20080701,12.960609911055
600270.SH,外运发展,20080630,-33.474218089603
600270.SH,外运发展,20080629,-33.474218089603
600270.SH,外运发展,20080628,-33.474218089603
600270.SH,外运发展,20080627,-33.474218089603
600270.SH,外运发展,20080626,-33.474218089603
600270.SH,外运发展,20080625,-33.474218089603
600270.SH,外运发展,20080624,-33.474218089603
600270.SH,外运发展,20080623,-33.474218089603
600270.SH,外运发展,20080622,-33.474218089603
600270.SH,外运发展,20080621,-33.474218089603
600270.SH,外运发展,20080620,-33.474218089603
600270.SH,外运发展,20080619,-33.474218089603
600270.SH,外运发展,20080618,-33.474218089603
600270.SH,外运发展,20080617,-33.474218089603
600270.SH,外运发展,20080616,-33.474218089603
600270.SH,外运发展,20080615,-33.474218089603
600270.SH,外运发展,20080614,-33.474218089603
600270.SH,外运发展,20080613,-33.474218089603
600270.SH,外运发展,20080612,-33.474218089603
600270.SH,外运发展,20080611,-33.474218089603
600270.SH,外运发展,20080610,-33.474218089603
600270.SH,外运发展,20080609,-33.474218089603
600270.SH,外运发展,20080608,-33.474218089603
600270.SH,外运发展,20080607,-33.474218089603
600270.SH,外运发展,20080606,-33.474218089603
600270.SH,外运发展,20080605,-33.474218089603
600270.SH,外运发展,20080604,-33.474218089603
600270.SH,外运发展,20080603,-33.474218089603
600270.SH,外运发展,20080602,-33.474218089603
600270.SH,外运发展,20080601,-33.474218089603
600270.SH,外运发展,20080531,-10.716981132075
600270.SH,外运发展,20080530,-10.716981132075
600270.SH,外运发展,20080529,-10.716981132075
600270.SH,外运发展,20080528,-10.716981132075
600270.SH,外运发展,20080527,-10.716981132075
600270.SH,外运发展,20080526,-10.716981132075
600270.SH,外运发展,20080525,-10.716981132075
600270.SH,外运发展,20080524,-10.716981132075
600270.SH,外运发展,20080523,-10.716981132075
600270.SH,外运发展,20080522,-10.716981132075
600270.SH,外运发展,20080521,-10.716981132075
600270.SH,外运发展,20080520,-10.716981132075
600270.SH,外运发展,20080519,-10.716981132075
600270.SH,外运发展,20080518,-10.716981132075
600270.SH,外运发展,20080517,-10.716981132075
600270.SH,外运发展,20080516,-10.716981132075
600270.SH,外运发展,20080515,-10.716981132075
600270.SH,外运发展,20080514,-10.716981132075
600270.SH,外运发展,20080513,-10.716981132075
600270.SH,外运发展,20080512,-10.716981132075
600270.SH,外运发展,20080511,-10.716981132075
600270.SH,外运发展,20080510,-10.716981132075
600270.SH,外运发展,20080509,-10.716981132075
600270.SH,外运发展,20080508,-10.716981132075
600270.SH,外运发展,20080507,-10.716981132075
600270.SH,外运发展,20080506,-10.716981132075
600270.SH,外运发展,20080505,-10.716981132075
600270.SH,外运发展,20080504,-10.716981132075
600270.SH,外运发展,20080503,-10.716981132075
600270.SH,外运发展,20080502,-10.716981132075
600270.SH,外运发展,20080501,-10.716981132075
600270.SH,外运发展,20080430,-4.8815506101938
600270.SH,外运发展,20080429,-4.8815506101938
600270.SH,外运发展,20080428,-4.8815506101938
600270.SH,外运发展,20080427,-4.8815506101938
600270.SH,外运发展,20080426,-4.8815506101938
600270.SH,外运发展,20080425,-4.8815506101938
600270.SH,外运发展,20080424,-4.8815506101938
600270.SH,外运发展,20080423,-4.8815506101938
600270.SH,外运发展,20080422,-4.8815506101938
600270.SH,外运发展,20080421,-4.8815506101938
600270.SH,外运发展,20080420,-4.8815506101938
600270.SH,外运发展,20080419,-4.8815506101938
600270.SH,外运发展,20080418,-4.8815506101938
600270.SH,外运发展,20080417,-4.8815506101938
600270.SH,外运发展,20080416,-4.8815506101938
600270.SH,外运发展,20080415,-4.8815506101938
600270.SH,外运发展,20080414,-4.8815506101938
600270.SH,外运发展,20080413,-4.8815506101938
600270.SH,外运发展,20080412,-4.8815506101938
600270.SH,外运发展,20080411,-4.8815506101938
600270.SH,外运发展,20080410,-4.8815506101938
600270.SH,外运发展,20080409,-4.8815506101938
600270.SH,外运发展,20080408,-4.8815506101938
600270.SH,外运发展,20080407,-4.8815506101938
600270.SH,外运发展,20080406,-4.8815506101938
600270.SH,外运发展,20080405,-4.8815506101938
600270.SH,外运发展,20080404,-4.8815506101938
600270.SH,外运发展,20080403,-4.8815506101938
600270.SH,外运发展,20080402,-4.8815506101938
600270.SH,外运发展,20080401,-4.8815506101938
600270.SH,外运发展,20080331,-22.654081066074
600270.SH,外运发展,20080330,-22.654081066074
600270.SH,外运发展,20080329,-22.654081066074
600270.SH,外运发展,20080328,-22.654081066074
600270.SH,外运发展,20080327,-22.654081066074
600270.SH,外运发展,20080326,-22.654081066074
600270.SH,外运发展,20080325,-22.654081066074
600270.SH,外运发展,20080324,-22.654081066074
600270.SH,外运发展,20080323,-22.654081066074
600270.SH,外运发展,20080322,-22.654081066074
600270.SH,外运发展,20080321,-22.654081066074
600270.SH,外运发展,20080320,-22.654081066074
600270.SH,外运发展,20080319,-22.654081066074
600270.SH,外运发展,20080318,-22.654081066074
600270.SH,外运发展,20080317,-22.654081066074
600270.SH,外运发展,20080316,-22.654081066074
600270.SH,外运发展,20080315,-22.654081066074
600270.SH,外运发展,20080314,-22.654081066074
600270.SH,外运发展,20080313,-22.654081066074
600270.SH,外运发展,20080312,-22.654081066074
600270.SH,外运发展,20080311,-22.654081066074
600270.SH,外运发展,20080310,-22.654081066074
600270.SH,外运发展,20080309,-22.654081066074
600270.SH,外运发展,20080308,-22.654081066074
600270.SH,外运发展,20080307,-22.654081066074
600270.SH,外运发展,20080306,-22.654081066074
600270.SH,外运发展,20080305,-22.654081066074
600270.SH,外运发展,20080304,-22.654081066074
600270.SH,外运发展,20080303,-22.654081066074
600270.SH,外运发展,20080302,-22.654081066074
600270.SH,外运发展,20080301,-22.654081066074
600270.SH,外运发展,20080229,7.202380952381
600270.SH,外运发展,20080228,7.202380952381
600270.SH,外运发展,20080227,7.202380952381
600270.SH,外运发展,20080226,7.202380952381
600270.SH,外运发展,20080225,7.202380952381
600270.SH,外运发展,20080224,7.202380952381
600270.SH,外运发展,20080223,7.202380952381
600270.SH,外运发展,20080222,7.202380952381
600270.SH,外运发展,20080221,7.202380952381
600270.SH,外运发展,20080220,7.202380952381
600270.SH,外运发展,20080219,7.202380952381
600270.SH,外运发展,20080218,7.202380952381
600270.SH,外运发展,20080217,7.202380952381
600270.SH,外运发展,20080216,7.202380952381
600270.SH,外运发展,20080215,7.202380952381
600270.SH,外运发展,20080214,7.202380952381
600270.SH,外运发展,20080213,7.202380952381
600270.SH,外运发展,20080212,7.202380952381
600270.SH,外运发展,20080211,7.202380952381
600270.SH,外运发展,20080210,7.202380952381
600270.SH,外运发展,20080209,7.202380952381
600270.SH,外运发展,20080208,7.202380952381
600270.SH,外运发展,20080207,7.202380952381
600270.SH,外运发展,20080206,7.202380952381
600270.SH,外运发展,20080205,7.202380952381
600270.SH,外运发展,20080204,7.202380952381
600270.SH,外运发展,20080203,7.202380952381
600270.SH,外运发展,20080202,7.202380952381
600270.SH,外运发展,20080201,7.202380952381
600270.SH,外运发展,20080131,-14.850481500253
600270.SH,外运发展,20080130,-14.850481500253
600270.SH,外运发展,20080129,-14.850481500253
600270.SH,外运发展,20080128,-14.850481500253
600270.SH,外运发展,20080127,-14.850481500253
600270.SH,外运发展,20080126,-14.850481500253
600270.SH,外运发展,20080125,-14.850481500253
600270.SH,外运发展,20080124,-14.850481500253
600270.SH,外运发展,20080123,-14.850481500253
600270.SH,外运发展,20080122,-14.850481500253
600270.SH,外运发展,20080121,-14.850481500253
600270.SH,外运发展,20080120,-14.850481500253
600270.SH,外运发展,20080119,-14.850481500253
600270.SH,外运发展,20080118,-14.850481500253
600270.SH,外运发展,20080117,-14.850481500253
600270.SH,外运发展,20080116,-14.850481500253
600270.SH,外运发展,20080115,-14.850481500253
600270.SH,外运发展,20080114,-14.850481500253
600270.SH,外运发展,20080113,-14.850481500253
600270.SH,外运发展,20080112,-14.850481500253
600270.SH,外运发展,20080111,-14.850481500253
600270.SH,外运发展,20080110,-14.850481500253
600270.SH,外运发展,20080109,-14.850481500253
600270.SH,外运发展,20080108,-14.850481500253
600270.SH,外运发展,20080107,-14.850481500253
600270.SH,外运发展,20080106,-14.850481500253
600270.SH,外运发展,20080105,-14.850481500253
600270.SH,外运发展,20080104,-14.850481500253
600270.SH,外运发展,20080103,-14.850481500253
600270.SH,外运发展,20080102,-14.850481500253
600270.SH,外运发展,20080101,-14.850481500253
600270.SH,外运发展,20071231,17.510422870756
600270.SH,外运发展,20071230,17.510422870756
600270.SH,外运发展,20071229,17.510422870756
600270.SH,外运发展,20071228,17.510422870756
600270.SH,外运发展,20071227,17.510422870756
600270.SH,外运发展,20071226,17.510422870756
600270.SH,外运发展,20071225,17.510422870756
600270.SH,外运发展,20071224,17.510422870756
600270.SH,外运发展,20071223,17.510422870756
600270.SH,外运发展,20071222,17.510422870756
600270.SH,外运发展,20071221,17.510422870756
600270.SH,外运发展,20071220,17.510422870756
600270.SH,外运发展,20071219,17.510422870756
600270.SH,外运发展,20071218,17.510422870756
600270.SH,外运发展,20071217,17.510422870756
600270.SH,外运发展,20071216,17.510422870756
600270.SH,外运发展,20071215,17.510422870756
600270.SH,外运发展,20071214,17.510422870756
600270.SH,外运发展,20071213,17.510422870756
600270.SH,外运发展,20071212,17.510422870756
600270.SH,外运发展,20071211,17.510422870756
600270.SH,外运发展,20071210,17.510422870756
600270.SH,外运发展,20071209,17.510422870756
600270.SH,外运发展,20071208,17.510422870756
600270.SH,外运发展,20071207,17.510422870756
600270.SH,外运发展,20071206,17.510422870756
600270.SH,外运发展,20071205,17.510422870756
600270.SH,外运发展,20071204,17.510422870756
600270.SH,外运发展,20071203,17.510422870756
600270.SH,外运发展,20071202,17.510422870756
600270.SH,外运发展,20071201,17.510422870756
600270.SH,外运发展,20071130,-3.2834101382488
600270.SH,外运发展,20071129,-3.2834101382488
600270.SH,外运发展,20071128,-3.2834101382488
600270.SH,外运发展,20071127,-3.2834101382488
600270.SH,外运发展,20071126,-3.2834101382488
600270.SH,外运发展,20071125,-3.2834101382488
600270.SH,外运发展,20071124,-3.2834101382488
600270.SH,外运发展,20071123,-3.2834101382488
600270.SH,外运发展,20071122,-3.2834101382488
600270.SH,外运发展,20071121,-3.2834101382488
600270.SH,外运发展,20071120,-3.2834101382488
600270.SH,外运发展,20071119,-3.2834101382488
600270.SH,外运发展,20071118,-3.2834101382488
600270.SH,外运发展,20071117,-3.2834101382488
600270.SH,外运发展,20071116,-3.2834101382488
600270.SH,外运发展,20071115,-3.2834101382488
600270.SH,外运发展,20071114,-3.2834101382488
600270.SH,外运发展,20071113,-3.2834101382488
600270.SH,外运发展,20071112,-3.2834101382488
600270.SH,外运发展,20071111,-3.2834101382488
600270.SH,外运发展,20071110,-3.2834101382488
600270.SH,外运发展,20071109,-3.2834101382488
600270.SH,外运发展,20071108,-3.2834101382488
600270.SH,外运发展,20071107,-3.2834101382488
600270.SH,外运发展,20071106,-3.2834101382488
600270.SH,外运发展,20071105,-3.2834101382488
600270.SH,外运发展,20071104,-3.2834101382488
600270.SH,外运发展,20071103,-3.2834101382488
600270.SH,外运发展,20071102,-3.2834101382488
600270.SH,外运发展,20071101,-3.2834101382488
600270.SH,外运发展,20071031,-17.333333333333
600270.SH,外运发展,20071030,-17.333333333333
600270.SH,外运发展,20071029,-17.333333333333
600270.SH,外运发展,20071028,-17.333333333333
600270.SH,外运发展,20071027,-17.333333333333
600270.SH,外运发展,20071026,-17.333333333333
600270.SH,外运发展,20071025,-17.333333333333
600270.SH,外运发展,20071024,-17.333333333333
600270.SH,外运发展,20071023,-17.333333333333
600270.SH,外运发展,20071022,-17.333333333333
600270.SH,外运发展,20071021,-17.333333333333
600270.SH,外运发展,20071020,-17.333333333333
600270.SH,外运发展,20071019,-17.333333333333
600270.SH,外运发展,20071018,-17.333333333333
600270.SH,外运发展,20071017,-17.333333333333
600270.SH,外运发展,20071016,-17.333333333333
600270.SH,外运发展,20071015,-17.333333333333
600270.SH,外运发展,20071014,-17.333333333333
600270.SH,外运发展,20071013,-17.333333333333
600270.SH,外运发展,20071012,-17.333333333333
600270.SH,外运发展,20071011,-17.333333333333
600270.SH,外运发展,20071010,-17.333333333333
600270.SH,外运发展,20071009,-17.333333333333
600270.SH,外运发展,20071008,-17.333333333333
600270.SH,外运发展,20071007,-17.333333333333
600270.SH,外运发展,20071006,-17.333333333333
600270.SH,外运发展,20071005,-17.333333333333
600270.SH,外运发展,20071004,-17.333333333333
600270.SH,外运发展,20071003,-17.333333333333
600270.SH,外运发展,20071002,-17.333333333333
600270.SH,外运发展,20071001,-17.333333333333
600270.SH,外运发展,20070930,17.713004484305
600270.SH,外运发展,20070929,17.713004484305
600270.SH,外运发展,20070928,17.713004484305
600270.SH,外运发展,20070927,17.713004484305
600270.SH,外运发展,20070926,17.713004484305
600270.SH,外运发展,20070925,17.713004484305
600270.SH,外运发展,20070924,17.713004484305
600270.SH,外运发展,20070923,17.713004484305
600270.SH,外运发展,20070922,17.713004484305
600270.SH,外运发展,20070921,17.713004484305
600270.SH,外运发展,20070920,17.713004484305
600270.SH,外运发展,20070919,17.713004484305
600270.SH,外运发展,20070918,17.713004484305
600270.SH,外运发展,20070917,17.713004484305
600270.SH,外运发展,20070916,17.713004484305
600270.SH,外运发展,20070915,17.713004484305
600270.SH,外运发展,20070914,17.713004484305
600270.SH,外运发展,20070913,17.713004484305
600270.SH,外运发展,20070912,17.713004484305
600270.SH,外运发展,20070911,17.713004484305
600270.SH,外运发展,20070910,17.713004484305
600270.SH,外运发展,20070909,17.713004484305
600270.SH,外运发展,20070908,17.713004484305
600270.SH,外运发展,20070907,17.713004484305
600270.SH,外运发展,20070906,17.713004484305
600270.SH,外运发展,20070905,17.713004484305
600270.SH,外运发展,20070904,17.713004484305
600270.SH,外运发展,20070903,17.713004484305
600270.SH,外运发展,20070902,17.713004484305
600270.SH,外运发展,20070901,17.713004484305
600270.SH,外运发展,20070831,16.601307189542
600270.SH,外运发展,20070830,16.601307189542
600270.SH,外运发展,20070829,16.601307189542
600270.SH,外运发展,20070828,16.601307189542
600270.SH,外运发展,20070827,16.601307189542
600270.SH,外运发展,20070826,16.601307189542
600270.SH,外运发展,20070825,16.601307189542
600270.SH,外运发展,20070824,16.601307189542
600270.SH,外运发展,20070823,16.601307189542
600270.SH,外运发展,20070822,16.601307189542
600270.SH,外运发展,20070821,16.601307189542
600270.SH,外运发展,20070820,16.601307189542
600270.SH,外运发展,20070819,16.601307189542
600270.SH,外运发展,20070818,16.601307189542
600270.SH,外运发展,20070817,16.601307189542
600270.SH,外运发展,20070816,16.601307189542
600270.SH,外运发展,20070815,16.601307189542
600270.SH,外运发展,20070814,16.601307189542
600270.SH,外运发展,20070813,16.601307189542
600270.SH,外运发展,20070812,16.601307189542
600270.SH,外运发展,20070811,16.601307189542
600270.SH,外运发展,20070810,16.601307189542
600270.SH,外运发展,20070809,16.601307189542
600270.SH,外运发展,20070808,16.601307189542
600270.SH,外运发展,20070807,16.601307189542
600270.SH,外运发展,20070806,16.601307189542
600270.SH,外运发展,20070805,16.601307189542
600270.SH,外运发展,20070804,16.601307189542
600270.SH,外运发展,20070803,16.601307189542
600270.SH,外运发展,20070802,16.601307189542
600270.SH,外运发展,20070801,16.601307189542
600270.SH,外运发展,20070731,16.97247706422
600270.SH,外运发展,20070730,16.97247706422
600270.SH,外运发展,20070729,16.97247706422
600270.SH,外运发展,20070728,16.97247706422
600270.SH,外运发展,20070727,16.97247706422
600270.SH,外运发展,20070726,16.97247706422
600270.SH,外运发展,20070725,16.97247706422
600270.SH,外运发展,20070724,16.97247706422
600270.SH,外运发展,20070723,16.97247706422
600270.SH,外运发展,20070722,16.97247706422
600270.SH,外运发展,20070721,16.97247706422
600270.SH,外运发展,20070720,16.97247706422
600270.SH,外运发展,20070719,16.97247706422
600270.SH,外运发展,20070718,16.97247706422
600270.SH,外运发展,20070717,16.97247706422
600270.SH,外运发展,20070716,16.97247706422
600270.SH,外运发展,20070715,16.97247706422
600270.SH,外运发展,20070714,16.97247706422
600270.SH,外运发展,20070713,16.97247706422
600270.SH,外运发展,20070712,16.97247706422
600270.SH,外运发展,20070711,16.97247706422
600270.SH,外运发展,20070710,16.97247706422
600270.SH,外运发展,20070709,16.97247706422
600270.SH,外运发展,20070708,16.97247706422
600270.SH,外运发展,20070707,16.97247706422
600270.SH,外运发展,20070706,16.97247706422
600270.SH,外运发展,20070705,16.97247706422
600270.SH,外运发展,20070704,16.97247706422
600270.SH,外运发展,20070703,16.97247706422
600270.SH,外运发展,20070702,16.97247706422
600270.SH,外运发展,20070701,16.97247706422
600270.SH,外运发展,20070630,-22.281639928699
600270.SH,外运发展,20070629,-22.281639928699
600270.SH,外运发展,20070628,-22.281639928699
600270.SH,外运发展,20070627,-22.281639928699
600270.SH,外运发展,20070626,-22.281639928699
600270.SH,外运发展,20070625,-22.281639928699
600270.SH,外运发展,20070624,-22.281639928699
600270.SH,外运发展,20070623,-22.281639928699
600270.SH,外运发展,20070622,-22.281639928699
600270.SH,外运发展,20070621,-22.281639928699
600270.SH,外运发展,20070620,-22.281639928699
600270.SH,外运发展,20070619,-22.281639928699
600270.SH,外运发展,20070618,-22.281639928699
600270.SH,外运发展,20070617,-22.281639928699
600270.SH,外运发展,20070616,-22.281639928699
600270.SH,外运发展,20070615,-22.281639928699
600270.SH,外运发展,20070614,-22.281639928699
600270.SH,外运发展,20070613,-22.281639928699
600270.SH,外运发展,20070612,-22.281639928699
600270.SH,外运发展,20070611,-22.281639928699
600270.SH,外运发展,20070610,-22.281639928699
600270.SH,外运发展,20070609,-22.281639928699
600270.SH,外运发展,20070608,-22.281639928699
600270.SH,外运发展,20070607,-22.281639928699
600270.SH,外运发展,20070606,-22.281639928699
600270.SH,外运发展,20070605,-22.281639928699
600270.SH,外运发展,20070604,-22.281639928699
600270.SH,外运发展,20070603,-22.281639928699
600270.SH,外运发展,20070602,-22.281639928699
600270.SH,外运发展,20070601,-22.281639928699
600270.SH,外运发展,20070531,5.7825267127593
600270.SH,外运发展,20070530,5.7825267127593
600270.SH,外运发展,20070529,5.7825267127593
600270.SH,外运发展,20070528,5.7825267127593
600270.SH,外运发展,20070527,5.7825267127593
600270.SH,外运发展,20070526,5.7825267127593
600270.SH,外运发展,20070525,5.7825267127593
600270.SH,外运发展,20070524,5.7825267127593
600270.SH,外运发展,20070523,5.7825267127593
600270.SH,外运发展,20070522,5.7825267127593
600270.SH,外运发展,20070521,5.7825267127593
600270.SH,外运发展,20070520,5.7825267127593
600270.SH,外运发展,20070519,5.7825267127593
600270.SH,外运发展,20070518,5.7825267127593
600270.SH,外运发展,20070517,5.7825267127593
600270.SH,外运发展,20070516,5.7825267127593
600270.SH,外运发展,20070515,5.7825267127593
600270.SH,外运发展,20070514,5.7825267127593
600270.SH,外运发展,20070513,5.7825267127593
600270.SH,外运发展,20070512,5.7825267127593
600270.SH,外运发展,20070511,5.7825267127593
600270.SH,外运发展,20070510,5.7825267127593
600270.SH,外运发展,20070509,5.7825267127593
600270.SH,外运发展,20070508,5.7825267127593
600270.SH,外运发展,20070507,5.7825267127593
600270.SH,外运发展,20070506,5.7825267127593
600270.SH,外运发展,20070505,5.7825267127593
600270.SH,外运发展,20070504,5.7825267127593
600270.SH,外运发展,20070503,5.7825267127593
600270.SH,外运发展,20070502,5.7825267127593
600270.SH,外运发展,20070501,5.7825267127593
600270.SH,外运发展,20070430,14.378145219267
600270.SH,外运发展,20070429,14.378145219267
600270.SH,外运发展,20070428,14.378145219267
600270.SH,外运发展,20070427,14.378145219267
600270.SH,外运发展,20070426,14.378145219267
600270.SH,外运发展,20070425,14.378145219267
600270.SH,外运发展,20070424,14.378145219267
600270.SH,外运发展,20070423,14.378145219267
600270.SH,外运发展,20070422,14.378145219267
600270.SH,外运发展,20070421,14.378145219267
600270.SH,外运发展,20070420,14.378145219267
600270.SH,外运发展,20070419,14.378145219267
600270.SH,外运发展,20070418,14.378145219267
600270.SH,外运发展,20070417,14.378145219267
600270.SH,外运发展,20070416,14.378145219267
600270.SH,外运发展,20070415,14.378145219267
600270.SH,外运发展,20070414,14.378145219267
600270.SH,外运发展,20070413,14.378145219267
600270.SH,外运发展,20070412,14.378145219267
600270.SH,外运发展,20070411,14.378145219267
600270.SH,外运发展,20070410,14.378145219267
600270.SH,外运发展,20070409,14.378145219267
600270.SH,外运发展,20070408,14.378145219267
600270.SH,外运发展,20070407,14.378145219267
600270.SH,外运发展,20070406,14.378145219267
600270.SH,外运发展,20070405,14.378145219267
600270.SH,外运发展,20070404,14.378145219267
600270.SH,外运发展,20070403,14.378145219267
600270.SH,外运发展,20070402,14.378145219267
600270.SH,外运发展,20070401,14.378145219267
600270.SH,外运发展,20070331,11.547714514836
600270.SH,外运发展,20070330,11.547714514836
600270.SH,外运发展,20070329,11.547714514836
600270.SH,外运发展,20070328,11.547714514836
600270.SH,外运发展,20070327,11.547714514836
600270.SH,外运发展,20070326,11.547714514836
600270.SH,外运发展,20070325,11.547714514836
600270.SH,外运发展,20070324,11.547714514836
600270.SH,外运发展,20070323,11.547714514836
600270.SH,外运发展,20070322,11.547714514836
600270.SH,外运发展,20070321,11.547714514836
600270.SH,外运发展,20070320,11.547714514836
600270.SH,外运发展,20070319,11.547714514836
600270.SH,外运发展,20070318,11.547714514836
600270.SH,外运发展,20070317,11.547714514836
600270.SH,外运发展,20070316,11.547714514836
600270.SH,外运发展,20070315,11.547714514836
600270.SH,外运发展,20070314,11.547714514836
600270.SH,外运发展,20070313,11.547714514836
600270.SH,外运发展,20070312,11.547714514836
600270.SH,外运发展,20070311,11.547714514836
600270.SH,外运发展,20070310,11.547714514836
600270.SH,外运发展,20070309,11.547714514836
600270.SH,外运发展,20070308,11.547714514836
600270.SH,外运发展,20070307,11.547714514836
600270.SH,外运发展,20070306,11.547714514836
600270.SH,外运发展,20070305,11.547714514836
600270.SH,外运发展,20070304,11.547714514836
600270.SH,外运发展,20070303,11.547714514836
600270.SH,外运发展,20070302,11.547714514836
600270.SH,外运发展,20070301,11.547714514836
600270.SH,外运发展,20070228,32.237539766702
600270.SH,外运发展,20070227,32.237539766702
600270.SH,外运发展,20070226,32.237539766702
600270.SH,外运发展,20070225,32.237539766702
600270.SH,外运发展,20070224,32.237539766702
600270.SH,外运发展,20070223,32.237539766702
600270.SH,外运发展,20070222,32.237539766702
600270.SH,外运发展,20070221,32.237539766702
600270.SH,外运发展,20070220,32.237539766702
600270.SH,外运发展,20070219,32.237539766702
600270.SH,外运发展,20070218,32.237539766702
600270.SH,外运发展,20070217,32.237539766702
600270.SH,外运发展,20070216,32.237539766702
600270.SH,外运发展,20070215,32.237539766702
600270.SH,外运发展,20070214,32.237539766702
600270.SH,外运发展,20070213,32.237539766702
600270.SH,外运发展,20070212,32.237539766702
600270.SH,外运发展,20070211,32.237539766702
600270.SH,外运发展,20070210,32.237539766702
600270.SH,外运发展,20070209,32.237539766702
600270.SH,外运发展,20070208,32.237539766702
600270.SH,外运发展,20070207,32.237539766702
600270.SH,外运发展,20070206,32.237539766702
600270.SH,外运发展,20070205,32.237539766702
600270.SH,外运发展,20070204,32.237539766702
600270.SH,外运发展,20070203,32.237539766702
600270.SH,外运发展,20070202,32.237539766702
600270.SH,外运发展,20070201,32.237539766702
600270.SH,外运发展,20070131,20.127388535032
600270.SH,外运发展,20070130,20.127388535032
600270.SH,外运发展,20070129,20.127388535032
600270.SH,外运发展,20070128,20.127388535032
600270.SH,外运发展,20070127,20.127388535032
600270.SH,外运发展,20070126,20.127388535032
600270.SH,外运发展,20070125,20.127388535032
600270.SH,外运发展,20070124,20.127388535032
600270.SH,外运发展,20070123,20.127388535032
600270.SH,外运发展,20070122,20.127388535032
600270.SH,外运发展,20070121,20.127388535032
600270.SH,外运发展,20070120,20.127388535032
600270.SH,外运发展,20070119,20.127388535032
600270.SH,外运发展,20070118,20.127388535032
600270.SH,外运发展,20070117,20.127388535032
600270.SH,外运发展,20070116,20.127388535032
600270.SH,外运发展,20070115,20.127388535032
600270.SH,外运发展,20070114,20.127388535032
600270.SH,外运发展,20070113,20.127388535032
600270.SH,外运发展,20070112,20.127388535032
600270.SH,外运发展,20070111,20.127388535032
600270.SH,外运发展,20070110,20.127388535032
600270.SH,外运发展,20070109,20.127388535032
600270.SH,外运发展,20070108,20.127388535032
600270.SH,外运发展,20070107,20.127388535032
600270.SH,外运发展,20070106,20.127388535032
600270.SH,外运发展,20070105,20.127388535032
600270.SH,外运发展,20070104,20.127388535032
600270.SH,外运发展,20070103,20.127388535032
600270.SH,外运发展,20070102,20.127388535032
600270.SH,外运发展,20070101,20.127388535032
600270.SH,外运发展,20061231,-0.88383838383839
600270.SH,外运发展,20061230,-0.88383838383839
600270.SH,外运发展,20061229,-0.88383838383839
600270.SH,外运发展,20061228,-0.88383838383839
600270.SH,外运发展,20061227,-0.88383838383839
600270.SH,外运发展,20061226,-0.88383838383839
600270.SH,外运发展,20061225,-0.88383838383839
600270.SH,外运发展,20061224,-0.88383838383839
600270.SH,外运发展,20061223,-0.88383838383839
600270.SH,外运发展,20061222,-0.88383838383839
600270.SH,外运发展,20061221,-0.88383838383839
600270.SH,外运发展,20061220,-0.88383838383839
600270.SH,外运发展,20061219,-0.88383838383839
600270.SH,外运发展,20061218,-0.88383838383839
600270.SH,外运发展,20061217,-0.88383838383839
600270.SH,外运发展,20061216,-0.88383838383839
600270.SH,外运发展,20061215,-0.88383838383839
600270.SH,外运发展,20061214,-0.88383838383839
600270.SH,外运发展,20061213,-0.88383838383839
600270.SH,外运发展,20061212,-0.88383838383839
600270.SH,外运发展,20061211,-0.88383838383839
600270.SH,外运发展,20061210,-0.88383838383839
600270.SH,外运发展,20061209,-0.88383838383839
600270.SH,外运发展,20061208,-0.88383838383839
600270.SH,外运发展,20061207,-0.88383838383839
600270.SH,外运发展,20061206,-0.88383838383839
600270.SH,外运发展,20061205,-0.88383838383839
600270.SH,外运发展,20061204,-0.88383838383839
600270.SH,外运发展,20061203,-0.88383838383839
600270.SH,外运发展,20061202,-0.88383838383839
600270.SH,外运发展,20061201,-0.88383838383839
600270.SH,外运发展,20061130,-15.565031982942
600270.SH,外运发展,20061129,-15.565031982942
600270.SH,外运发展,20061128,-15.565031982942
600270.SH,外运发展,20061127,-15.565031982942
600270.SH,外运发展,20061126,-15.565031982942
600270.SH,外运发展,20061125,-15.565031982942
600270.SH,外运发展,20061124,-15.565031982942
600270.SH,外运发展,20061123,-15.565031982942
600270.SH,外运发展,20061122,-15.565031982942
600270.SH,外运发展,20061121,-15.565031982942
600270.SH,外运发展,20061120,-15.565031982942
600270.SH,外运发展,20061119,-15.565031982942
600270.SH,外运发展,20061118,-15.565031982942
600270.SH,外运发展,20061117,-15.565031982942
600270.SH,外运发展,20061116,-15.565031982942
600270.SH,外运发展,20061115,-15.565031982942
600270.SH,外运发展,20061114,-15.565031982942
600270.SH,外运发展,20061113,-15.565031982942
600270.SH,外运发展,20061112,-15.565031982942
600270.SH,外运发展,20061111,-15.565031982942
600270.SH,外运发展,20061110,-15.565031982942
600270.SH,外运发展,20061109,-15.565031982942
600270.SH,外运发展,20061108,-15.565031982942
600270.SH,外运发展,20061107,-15.565031982942
600270.SH,外运发展,20061106,-15.565031982942
600270.SH,外运发展,20061105,-15.565031982942
600270.SH,外运发展,20061104,-15.565031982942
600270.SH,外运发展,20061103,-15.565031982942
600270.SH,外运发展,20061102,-15.565031982942
600270.SH,外运发展,20061101,-15.565031982942
600270.SH,外运发展,20061031,-3.5971223021583
600270.SH,外运发展,20061030,-3.5971223021583
600270.SH,外运发展,20061029,-3.5971223021583
600270.SH,外运发展,20061028,-3.5971223021583
600270.SH,外运发展,20061027,-3.5971223021583
600270.SH,外运发展,20061026,-3.5971223021583
600270.SH,外运发展,20061025,-3.5971223021583
600270.SH,外运发展,20061024,-3.5971223021583
600270.SH,外运发展,20061023,-3.5971223021583
600270.SH,外运发展,20061022,-3.5971223021583
600270.SH,外运发展,20061021,-3.5971223021583
600270.SH,外运发展,20061020,-3.5971223021583
600270.SH,外运发展,20061019,-3.5971223021583
600270.SH,外运发展,20061018,-3.5971223021583
600270.SH,外运发展,20061017,-3.5971223021583
600270.SH,外运发展,20061016,-3.5971223021583
600270.SH,外运发展,20061015,-3.5971223021583
600270.SH,外运发展,20061014,-3.5971223021583
600270.SH,外运发展,20061013,-3.5971223021583
600270.SH,外运发展,20061012,-3.5971223021583
600270.SH,外运发展,20061011,-3.5971223021583
600270.SH,外运发展,20061010,-3.5971223021583
600270.SH,外运发展,20061009,-3.5971223021583
600270.SH,外运发展,20061008,-3.5971223021583
600270.SH,外运发展,20061007,-3.5971223021583
600270.SH,外运发展,20061006,-3.5971223021583
600270.SH,外运发展,20061005,-3.5971223021583
600270.SH,外运发展,20061004,-3.5971223021583
600270.SH,外运发展,20061003,-3.5971223021583
600270.SH,外运发展,20061002,-3.5971223021583
600270.SH,外运发展,20061001,-3.5971223021583
600270.SH,外运发展,20060930,9.9435028248588
600270.SH,外运发展,20060929,9.9435028248588
600270.SH,外运发展,20060928,9.9435028248588
600270.SH,外运发展,20060927,9.9435028248588
600270.SH,外运发展,20060926,9.9435028248588
600270.SH,外运发展,20060925,9.9435028248588
600270.SH,外运发展,20060924,9.9435028248588
600270.SH,外运发展,20060923,9.9435028248588
600270.SH,外运发展,20060922,9.9435028248588
600270.SH,外运发展,20060921,9.9435028248588
600270.SH,外运发展,20060920,9.9435028248588
600270.SH,外运发展,20060919,9.9435028248588
600270.SH,外运发展,20060918,9.9435028248588
600270.SH,外运发展,20060917,9.9435028248588
600270.SH,外运发展,20060916,9.9435028248588
600270.SH,外运发展,20060915,9.9435028248588
600270.SH,外运发展,20060914,9.9435028248588
600270.SH,外运发展,20060913,9.9435028248588
600270.SH,外运发展,20060912,9.9435028248588
600270.SH,外运发展,20060911,9.9435028248588
600270.SH,外运发展,20060910,9.9435028248588
600270.SH,外运发展,20060909,9.9435028248588
600270.SH,外运发展,20060908,9.9435028248588
600270.SH,外运发展,20060907,9.9435028248588
600270.SH,外运发展,20060906,9.9435028248588
600270.SH,外运发展,20060905,9.9435028248588
600270.SH,外运发展,20060904,9.9435028248588
600270.SH,外运发展,20060903,9.9435028248588
600270.SH,外运发展,20060902,9.9435028248588
600270.SH,外运发展,20060901,9.9435028248588
600270.SH,外运发展,20060831,-6.7439409905163
600270.SH,外运发展,20060830,-6.7439409905163
600270.SH,外运发展,20060829,-6.7439409905163
600270.SH,外运发展,20060828,-6.7439409905163
600270.SH,外运发展,20060827,-6.7439409905163
600270.SH,外运发展,20060826,-6.7439409905163
600270.SH,外运发展,20060825,-6.7439409905163
600270.SH,外运发展,20060824,-6.7439409905163
600270.SH,外运发展,20060823,-6.7439409905163
600270.SH,外运发展,20060822,-6.7439409905163
600270.SH,外运发展,20060821,-6.7439409905163
600270.SH,外运发展,20060820,-6.7439409905163
600270.SH,外运发展,20060819,-6.7439409905163
600270.SH,外运发展,20060818,-6.7439409905163
600270.SH,外运发展,20060817,-6.7439409905163
600270.SH,外运发展,20060816,-6.7439409905163
600270.SH,外运发展,20060815,-6.7439409905163
600270.SH,外运发展,20060814,-6.7439409905163
600270.SH,外运发展,20060813,-6.7439409905163
600270.SH,外运发展,20060812,-6.7439409905163
600270.SH,外运发展,20060811,-6.7439409905163
600270.SH,外运发展,20060810,-6.7439409905163
600270.SH,外运发展,20060809,-6.7439409905163
600270.SH,外运发展,20060808,-6.7439409905163
600270.SH,外运发展,20060807,-6.7439409905163
600270.SH,外运发展,20060806,-6.7439409905163
600270.SH,外运发展,20060805,-6.7439409905163
600270.SH,外运发展,20060804,-6.7439409905163
600270.SH,外运发展,20060803,-6.7439409905163
600270.SH,外运发展,20060802,-6.7439409905163
600270.SH,外运发展,20060801,-6.7439409905163
600270.SH,外运发展,20060731,-12.935779816514
600270.SH,外运发展,20060730,-12.935779816514
600270.SH,外运发展,20060729,-12.935779816514
600270.SH,外运发展,20060728,-12.935779816514
600270.SH,外运发展,20060727,-12.935779816514
600270.SH,外运发展,20060726,-12.935779816514
600270.SH,外运发展,20060725,-12.935779816514
600270.SH,外运发展,20060724,-12.935779816514
600270.SH,外运发展,20060723,-12.935779816514
600270.SH,外运发展,20060722,-12.935779816514
600270.SH,外运发展,20060721,-12.935779816514
600270.SH,外运发展,20060720,-12.935779816514
600270.SH,外运发展,20060719,-12.935779816514
600270.SH,外运发展,20060718,-12.935779816514
600270.SH,外运发展,20060717,-12.935779816514
600270.SH,外运发展,20060716,-12.935779816514
600270.SH,外运发展,20060715,-12.935779816514
600270.SH,外运发展,20060714,-12.935779816514
600270.SH,外运发展,20060713,-12.935779816514
600270.SH,外运发展,20060712,-12.935779816514
600270.SH,外运发展,20060711,-12.935779816514
600270.SH,外运发展,20060710,-12.935779816514
600270.SH,外运发展,20060709,-12.935779816514
600270.SH,外运发展,20060708,-12.935779816514
600270.SH,外运发展,20060707,-12.935779816514
600270.SH,外运发展,20060706,-12.935779816514
600270.SH,外运发展,20060705,-12.935779816514
600270.SH,外运发展,20060704,-12.935779816514
600270.SH,外运发展,20060703,-12.935779816514
600270.SH,外运发展,20060702,-12.935779816514
600270.SH,外运发展,20060701,-12.935779816514
600270.SH,外运发展,20060630,-0.8189262966333
600270.SH,外运发展,20060629,-0.8189262966333
600270.SH,外运发展,20060628,-0.8189262966333
600270.SH,外运发展,20060627,-0.8189262966333
600270.SH,外运发展,20060626,-0.8189262966333
600270.SH,外运发展,20060625,-0.8189262966333
600270.SH,外运发展,20060624,-0.8189262966333
600270.SH,外运发展,20060623,-0.8189262966333
600270.SH,外运发展,20060622,-0.8189262966333
600270.SH,外运发展,20060621,-0.8189262966333
600270.SH,外运发展,20060620,-0.8189262966333
600270.SH,外运发展,20060619,-0.8189262966333
600270.SH,外运发展,20060618,-0.8189262966333
600270.SH,外运发展,20060617,-0.8189262966333
600270.SH,外运发展,20060616,-0.8189262966333
600270.SH,外运发展,20060615,-0.8189262966333
600270.SH,外运发展,20060614,-0.8189262966333
600270.SH,外运发展,20060613,-0.8189262966333
600270.SH,外运发展,20060612,-0.8189262966333
600270.SH,外运发展,20060611,-0.8189262966333
600270.SH,外运发展,20060610,-0.8189262966333
600270.SH,外运发展,20060609,-0.8189262966333
600270.SH,外运发展,20060608,-0.8189262966333
600270.SH,外运发展,20060607,-0.8189262966333
600270.SH,外运发展,20060606,-0.8189262966333
600270.SH,外运发展,20060605,-0.8189262966333
600270.SH,外运发展,20060604,-0.8189262966333
600270.SH,外运发展,20060603,-0.8189262966333
600270.SH,外运发展,20060602,-0.8189262966333
600270.SH,外运发展,20060601,-0.8189262966333
600270.SH,外运发展,20060531,17.41452991453
600270.SH,外运发展,20060530,17.41452991453
600270.SH,外运发展,20060529,17.41452991453
600270.SH,外运发展,20060528,17.41452991453
600270.SH,外运发展,20060527,17.41452991453
600270.SH,外运发展,20060526,17.41452991453
600270.SH,外运发展,20060525,17.41452991453
600270.SH,外运发展,20060524,17.41452991453
600270.SH,外运发展,20060523,17.41452991453
600270.SH,外运发展,20060522,17.41452991453
600270.SH,外运发展,20060521,17.41452991453
600270.SH,外运发展,20060520,17.41452991453
600270.SH,外运发展,20060519,17.41452991453
600270.SH,外运发展,20060518,17.41452991453
600270.SH,外运发展,20060517,17.41452991453
600270.SH,外运发展,20060516,17.41452991453
600270.SH,外运发展,20060515,17.41452991453
600270.SH,外运发展,20060514,17.41452991453
600270.SH,外运发展,20060513,17.41452991453
600270.SH,外运发展,20060512,17.41452991453
600270.SH,外运发展,20060511,17.41452991453
600270.SH,外运发展,20060510,17.41452991453
600270.SH,外运发展,20060509,17.41452991453
600270.SH,外运发展,20060508,17.41452991453
600270.SH,外运发展,20060507,17.41452991453
600270.SH,外运发展,20060506,17.41452991453
600270.SH,外运发展,20060505,17.41452991453
600270.SH,外运发展,20060504,17.41452991453
600270.SH,外运发展,20060503,17.41452991453
600270.SH,外运发展,20060502,17.41452991453
600270.SH,外运发展,20060501,17.41452991453
600270.SH,外运发展,20060430,24.633821571238
600270.SH,外运发展,20060429,24.633821571238
600270.SH,外运发展,20060428,24.633821571238
600270.SH,外运发展,20060427,24.633821571238
600270.SH,外运发展,20060426,24.633821571238
600270.SH,外运发展,20060425,24.633821571238
600270.SH,外运发展,20060424,24.633821571238
600270.SH,外运发展,20060423,24.633821571238
600270.SH,外运发展,20060422,24.633821571238
600270.SH,外运发展,20060421,24.633821571238
600270.SH,外运发展,20060420,24.633821571238
600270.SH,外运发展,20060419,24.633821571238
600270.SH,外运发展,20060418,24.633821571238
600270.SH,外运发展,20060417,24.633821571238
600270.SH,外运发展,20060416,24.633821571238
600270.SH,外运发展,20060415,24.633821571238
600270.SH,外运发展,20060414,24.633821571238
600270.SH,外运发展,20060413,24.633821571238
600270.SH,外运发展,20060412,24.633821571238
600270.SH,外运发展,20060411,24.633821571238
600270.SH,外运发展,20060410,24.633821571238
600270.SH,外运发展,20060409,24.633821571238
600270.SH,外运发展,20060408,24.633821571238
600270.SH,外运发展,20060407,24.633821571238
600270.SH,外运发展,20060406,24.633821571238
600270.SH,外运发展,20060405,24.633821571238
600270.SH,外运发展,20060404,24.633821571238
600270.SH,外运发展,20060403,24.633821571238
600270.SH,外运发展,20060402,24.633821571238
600270.SH,外运发展,20060401,24.633821571238
600270.SH,外运发展,20060331,1.3495276653171
600270.SH,外运发展,20060330,1.3495276653171
600270.SH,外运发展,20060329,1.3495276653171
600270.SH,外运发展,20060328,1.3495276653171
600270.SH,外运发展,20060327,1.3495276653171
600270.SH,外运发展,20060326,1.3495276653171
600270.SH,外运发展,20060325,1.3495276653171
600270.SH,外运发展,20060324,1.3495276653171
600270.SH,外运发展,20060323,1.3495276653171
600270.SH,外运发展,20060322,1.3495276653171
600270.SH,外运发展,20060321,1.3495276653171
600270.SH,外运发展,20060320,1.3495276653171
600270.SH,外运发展,20060319,1.3495276653171
600270.SH,外运发展,20060318,1.3495276653171
600270.SH,外运发展,20060317,1.3495276653171
600270.SH,外运发展,20060316,1.3495276653171
600270.SH,外运发展,20060315,1.3495276653171
600270.SH,外运发展,20060314,1.3495276653171
600270.SH,外运发展,20060313,1.3495276653171
600270.SH,外运发展,20060312,1.3495276653171
600270.SH,外运发展,20060311,1.3495276653171
600270.SH,外运发展,20060310,1.3495276653171
600270.SH,外运发展,20060309,1.3495276653171
600270.SH,外运发展,20060308,1.3495276653171
600270.SH,外运发展,20060307,1.3495276653171
600270.SH,外运发展,20060306,1.3495276653171
600270.SH,外运发展,20060305,1.3495276653171
600270.SH,外运发展,20060304,1.3495276653171
600270.SH,外运发展,20060303,1.3495276653171
600270.SH,外运发展,20060302,1.3495276653171
600270.SH,外运发展,20060301,1.3495276653171
600270.SH,外运发展,20060228,-4.0155440414508
600270.SH,外运发展,20060227,-4.0155440414508
600270.SH,外运发展,20060226,-4.0155440414508
600270.SH,外运发展,20060225,-4.0155440414508
600270.SH,外运发展,20060224,-4.0155440414508
600270.SH,外运发展,20060223,-4.0155440414508
600270.SH,外运发展,20060222,-4.0155440414508
600270.SH,外运发展,20060221,-4.0155440414508
600270.SH,外运发展,20060220,-4.0155440414508
600270.SH,外运发展,20060219,-4.0155440414508
600270.SH,外运发展,20060218,-4.0155440414508
600270.SH,外运发展,20060217,-4.0155440414508
600270.SH,外运发展,20060216,-4.0155440414508
600270.SH,外运发展,20060215,-4.0155440414508
600270.SH,外运发展,20060214,-4.0155440414508
600270.SH,外运发展,20060213,-4.0155440414508
600270.SH,外运发展,20060212,-4.0155440414508
600270.SH,外运发展,20060211,-4.0155440414508
600270.SH,外运发展,20060210,-4.0155440414508
600270.SH,外运发展,20060209,-4.0155440414508
600270.SH,外运发展,20060208,-4.0155440414508
600270.SH,外运发展,20060207,-4.0155440414508
600270.SH,外运发展,20060206,-4.0155440414508
600270.SH,外运发展,20060205,-4.0155440414508
600270.SH,外运发展,20060204,-4.0155440414508
600270.SH,外运发展,20060203,-4.0155440414508
600270.SH,外运发展,20060202,-4.0155440414508
600270.SH,外运发展,20060201,-4.0155440414508
600270.SH,外运发展,20060131,0.52083333333333
600270.SH,外运发展,20060130,0.52083333333333
600270.SH,外运发展,20060129,0.52083333333333
600270.SH,外运发展,20060128,0.52083333333333
600270.SH,外运发展,20060127,0.52083333333333
600270.SH,外运发展,20060126,0.52083333333333
600270.SH,外运发展,20060125,0.52083333333333
600270.SH,外运发展,20060124,0.52083333333333
600270.SH,外运发展,20060123,0.52083333333333
600270.SH,外运发展,20060122,0.52083333333333
600270.SH,外运发展,20060121,0.52083333333333
600270.SH,外运发展,20060120,0.52083333333333
600270.SH,外运发展,20060119,0.52083333333333
600270.SH,外运发展,20060118,0.52083333333333
600270.SH,外运发展,20060117,0.52083333333333
600270.SH,外运发展,20060116,0.52083333333333
600270.SH,外运发展,20060115,0.52083333333333
600270.SH,外运发展,20060114,0.52083333333333
600270.SH,外运发展,20060113,0.52083333333333
600270.SH,外运发展,20060112,0.52083333333333
600270.SH,外运发展,20060111,0.52083333333333
600270.SH,外运发展,20060110,0.52083333333333
600270.SH,外运发展,20060109,0.52083333333333
600270.SH,外运发展,20060108,0.52083333333333
600270.SH,外运发展,20060107,0.52083333333333
600270.SH,外运发展,20060106,0.52083333333333
600270.SH,外运发展,20060105,0.52083333333333
600270.SH,外运发展,20060104,0.52083333333333
600270.SH,外运发展,20060103,0.52083333333333
600270.SH,外运发展,20060102,0.52083333333333
600270.SH,外运发展,20060101,0.52083333333333
