证券代码,证券简称,日期,月涨跌幅
603169.SH,兰石重装,20260831,-4.0057224606581
603169.SH,兰石重装,20260830,-4.0057224606581
603169.SH,兰石重装,20260829,-4.0057224606581
603169.SH,兰石重装,20260828,-4.0057224606581
603169.SH,兰石重装,20260827,-4.0057224606581
603169.SH,兰石重装,20260826,-4.0057224606581
603169.SH,兰石重装,20260825,-4.0057224606581
603169.SH,兰石重装,20260824,-4.0057224606581
603169.SH,兰石重装,20260823,-4.0057224606581
603169.SH,兰石重装,20260822,-4.0057224606581
603169.SH,兰石重装,20260821,-4.0057224606581
603169.SH,兰石重装,20260820,-4.0057224606581
603169.SH,兰石重装,20260819,-4.0057224606581
603169.SH,兰石重装,20260818,-4.0057224606581
603169.SH,兰石重装,20260817,-4.0057224606581
603169.SH,兰石重装,20260816,-4.0057224606581
603169.SH,兰石重装,20260815,-4.0057224606581
603169.SH,兰石重装,20260814,-4.0057224606581
603169.SH,兰石重装,20260813,-4.0057224606581
603169.SH,兰石重装,20260812,-4.0057224606581
603169.SH,兰石重装,20260811,-4.0057224606581
603169.SH,兰石重装,20260810,-4.0057224606581
603169.SH,兰石重装,20260809,-4.0057224606581
603169.SH,兰石重装,20260808,-4.0057224606581
603169.SH,兰石重装,20260807,-4.0057224606581
603169.SH,兰石重装,20260806,-4.0057224606581
603169.SH,兰石重装,20260805,-4.0057224606581
603169.SH,兰石重装,20260804,-4.0057224606581
603169.SH,兰石重装,20260803,-4.0057224606581
603169.SH,兰石重装,20260802,-4.0057224606581
603169.SH,兰石重装,20260801,-4.0057224606581
603169.SH,兰石重装,20260731,-1.271186440678
603169.SH,兰石重装,20260730,-1.271186440678
603169.SH,兰石重装,20260729,-1.271186440678
603169.SH,兰石重装,20260728,-1.271186440678
603169.SH,兰石重装,20260727,-1.271186440678
603169.SH,兰石重装,20260726,-1.271186440678
603169.SH,兰石重装,20260725,-1.271186440678
603169.SH,兰石重装,20260724,-1.271186440678
603169.SH,兰石重装,20260723,-1.271186440678
603169.SH,兰石重装,20260722,-1.271186440678
603169.SH,兰石重装,20260721,-1.271186440678
603169.SH,兰石重装,20260720,-1.271186440678
603169.SH,兰石重装,20260719,-1.271186440678
603169.SH,兰石重装,20260718,-1.271186440678
603169.SH,兰石重装,20260717,-1.271186440678
603169.SH,兰石重装,20260716,-1.271186440678
603169.SH,兰石重装,20260715,-1.271186440678
603169.SH,兰石重装,20260714,-1.271186440678
603169.SH,兰石重装,20260713,-1.271186440678
603169.SH,兰石重装,20260712,-1.271186440678
603169.SH,兰石重装,20260711,-1.271186440678
603169.SH,兰石重装,20260710,-1.271186440678
603169.SH,兰石重装,20260709,-1.271186440678
603169.SH,兰石重装,20260708,-1.271186440678
603169.SH,兰石重装,20260707,-1.271186440678
603169.SH,兰石重装,20260706,-1.271186440678
603169.SH,兰石重装,20260705,-1.271186440678
603169.SH,兰石重装,20260704,-1.271186440678
603169.SH,兰石重装,20260703,-1.271186440678
603169.SH,兰石重装,20260702,-1.271186440678
603169.SH,兰石重装,20260701,-1.271186440678
603169.SH,兰石重装,20260630,-9.8089171974522
603169.SH,兰石重装,20260629,-9.8089171974522
603169.SH,兰石重装,20260628,-9.8089171974522
603169.SH,兰石重装,20260627,-9.8089171974522
603169.SH,兰石重装,20260626,-9.8089171974522
603169.SH,兰石重装,20260625,-9.8089171974522
603169.SH,兰石重装,20260624,-9.8089171974522
603169.SH,兰石重装,20260623,-9.8089171974522
603169.SH,兰石重装,20260622,-9.8089171974522
603169.SH,兰石重装,20260621,-9.8089171974522
603169.SH,兰石重装,20260620,-9.8089171974522
603169.SH,兰石重装,20260619,-9.8089171974522
603169.SH,兰石重装,20260618,-9.8089171974522
603169.SH,兰石重装,20260617,-9.8089171974522
603169.SH,兰石重装,20260616,-9.8089171974522
603169.SH,兰石重装,20260615,-9.8089171974522
603169.SH,兰石重装,20260614,-9.8089171974522
603169.SH,兰石重装,20260613,-9.8089171974522
603169.SH,兰石重装,20260612,-9.8089171974522
603169.SH,兰石重装,20260611,-9.8089171974522
603169.SH,兰石重装,20260610,-9.8089171974522
603169.SH,兰石重装,20260609,-9.8089171974522
603169.SH,兰石重装,20260608,-9.8089171974522
603169.SH,兰石重装,20260607,-9.8089171974522
603169.SH,兰石重装,20260606,-9.8089171974522
603169.SH,兰石重装,20260605,-9.8089171974522
603169.SH,兰石重装,20260604,-9.8089171974522
603169.SH,兰石重装,20260603,-9.8089171974522
603169.SH,兰石重装,20260602,-9.8089171974522
603169.SH,兰石重装,20260601,-9.8089171974522
603169.SH,兰石重装,20260531,-6.8801897983393
603169.SH,兰石重装,20260530,-6.8801897983393
603169.SH,兰石重装,20260529,-6.8801897983393
603169.SH,兰石重装,20260528,-6.8801897983393
603169.SH,兰石重装,20260527,-6.8801897983393
603169.SH,兰石重装,20260526,-6.8801897983393
603169.SH,兰石重装,20260525,-6.8801897983393
603169.SH,兰石重装,20260524,-6.8801897983393
603169.SH,兰石重装,20260523,-6.8801897983393
603169.SH,兰石重装,20260522,-6.8801897983393
603169.SH,兰石重装,20260521,-6.8801897983393
603169.SH,兰石重装,20260520,-6.8801897983393
603169.SH,兰石重装,20260519,-6.8801897983393
603169.SH,兰石重装,20260518,-6.8801897983393
603169.SH,兰石重装,20260517,-6.8801897983393
603169.SH,兰石重装,20260516,-6.8801897983393
603169.SH,兰石重装,20260515,-6.8801897983393
603169.SH,兰石重装,20260514,-6.8801897983393
603169.SH,兰石重装,20260513,-6.8801897983393
603169.SH,兰石重装,20260512,-6.8801897983393
603169.SH,兰石重装,20260511,-6.8801897983393
603169.SH,兰石重装,20260510,-6.8801897983393
603169.SH,兰石重装,20260509,-6.8801897983393
603169.SH,兰石重装,20260508,-6.8801897983393
603169.SH,兰石重装,20260507,-6.8801897983393
603169.SH,兰石重装,20260506,-6.8801897983393
603169.SH,兰石重装,20260505,-6.8801897983393
603169.SH,兰石重装,20260504,-6.8801897983393
603169.SH,兰石重装,20260503,-6.8801897983393
603169.SH,兰石重装,20260502,-6.8801897983393
603169.SH,兰石重装,20260501,-6.8801897983393
603169.SH,兰石重装,20260430,-14.848484848485
603169.SH,兰石重装,20260429,-14.848484848485
603169.SH,兰石重装,20260428,-14.848484848485
603169.SH,兰石重装,20260427,-14.848484848485
603169.SH,兰石重装,20260426,-14.848484848485
603169.SH,兰石重装,20260425,-14.848484848485
603169.SH,兰石重装,20260424,-14.848484848485
603169.SH,兰石重装,20260423,-14.848484848485
603169.SH,兰石重装,20260422,-14.848484848485
603169.SH,兰石重装,20260421,-14.848484848485
603169.SH,兰石重装,20260420,-14.848484848485
603169.SH,兰石重装,20260419,-14.848484848485
603169.SH,兰石重装,20260418,-14.848484848485
603169.SH,兰石重装,20260417,-14.848484848485
603169.SH,兰石重装,20260416,-14.848484848485
603169.SH,兰石重装,20260415,-14.848484848485
603169.SH,兰石重装,20260414,-14.848484848485
603169.SH,兰石重装,20260413,-14.848484848485
603169.SH,兰石重装,20260412,-14.848484848485
603169.SH,兰石重装,20260411,-14.848484848485
603169.SH,兰石重装,20260410,-14.848484848485
603169.SH,兰石重装,20260409,-14.848484848485
603169.SH,兰石重装,20260408,-14.848484848485
603169.SH,兰石重装,20260407,-14.848484848485
603169.SH,兰石重装,20260406,-14.848484848485
603169.SH,兰石重装,20260405,-14.848484848485
603169.SH,兰石重装,20260404,-14.848484848485
603169.SH,兰石重装,20260403,-14.848484848485
603169.SH,兰石重装,20260402,-14.848484848485
603169.SH,兰石重装,20260401,-14.848484848485
603169.SH,兰石重装,20260331,-10.244786944696
603169.SH,兰石重装,20260330,-10.244786944696
603169.SH,兰石重装,20260329,-10.244786944696
603169.SH,兰石重装,20260328,-10.244786944696
603169.SH,兰石重装,20260327,-10.244786944696
603169.SH,兰石重装,20260326,-10.244786944696
603169.SH,兰石重装,20260325,-10.244786944696
603169.SH,兰石重装,20260324,-10.244786944696
603169.SH,兰石重装,20260323,-10.244786944696
603169.SH,兰石重装,20260322,-10.244786944696
603169.SH,兰石重装,20260321,-10.244786944696
603169.SH,兰石重装,20260320,-10.244786944696
603169.SH,兰石重装,20260319,-10.244786944696
603169.SH,兰石重装,20260318,-10.244786944696
603169.SH,兰石重装,20260317,-10.244786944696
603169.SH,兰石重装,20260316,-10.244786944696
603169.SH,兰石重装,20260315,-10.244786944696
603169.SH,兰石重装,20260314,-10.244786944696
603169.SH,兰石重装,20260313,-10.244786944696
603169.SH,兰石重装,20260312,-10.244786944696
603169.SH,兰石重装,20260311,-10.244786944696
603169.SH,兰石重装,20260310,-10.244786944696
603169.SH,兰石重装,20260309,-10.244786944696
603169.SH,兰石重装,20260308,-10.244786944696
603169.SH,兰石重装,20260307,-10.244786944696
603169.SH,兰石重装,20260306,-10.244786944696
603169.SH,兰石重装,20260305,-10.244786944696
603169.SH,兰石重装,20260304,-10.244786944696
603169.SH,兰石重装,20260303,-10.244786944696
603169.SH,兰石重装,20260302,-10.244786944696
603169.SH,兰石重装,20260301,-10.244786944696
603169.SH,兰石重装,20260228,5.9558117195005
603169.SH,兰石重装,20260227,5.9558117195005
603169.SH,兰石重装,20260226,5.9558117195005
603169.SH,兰石重装,20260225,5.9558117195005
603169.SH,兰石重装,20260224,5.9558117195005
603169.SH,兰石重装,20260223,5.9558117195005
603169.SH,兰石重装,20260222,5.9558117195005
603169.SH,兰石重装,20260221,5.9558117195005
603169.SH,兰石重装,20260220,5.9558117195005
603169.SH,兰石重装,20260219,5.9558117195005
603169.SH,兰石重装,20260218,5.9558117195005
603169.SH,兰石重装,20260217,5.9558117195005
603169.SH,兰石重装,20260216,5.9558117195005
603169.SH,兰石重装,20260215,5.9558117195005
603169.SH,兰石重装,20260214,5.9558117195005
603169.SH,兰石重装,20260213,5.9558117195005
603169.SH,兰石重装,20260212,5.9558117195005
603169.SH,兰石重装,20260211,5.9558117195005
603169.SH,兰石重装,20260210,5.9558117195005
603169.SH,兰石重装,20260209,5.9558117195005
603169.SH,兰石重装,20260208,5.9558117195005
603169.SH,兰石重装,20260207,5.9558117195005
603169.SH,兰石重装,20260206,5.9558117195005
603169.SH,兰石重装,20260205,5.9558117195005
603169.SH,兰石重装,20260204,5.9558117195005
603169.SH,兰石重装,20260203,5.9558117195005
603169.SH,兰石重装,20260202,5.9558117195005
603169.SH,兰石重装,20260201,5.9558117195005
603169.SH,兰石重装,20260131,-2.3452157598499
603169.SH,兰石重装,20260130,-2.3452157598499
603169.SH,兰石重装,20260129,-2.3452157598499
603169.SH,兰石重装,20260128,-2.3452157598499
603169.SH,兰石重装,20260127,-2.3452157598499
603169.SH,兰石重装,20260126,-2.3452157598499
603169.SH,兰石重装,20260125,-2.3452157598499
603169.SH,兰石重装,20260124,-2.3452157598499
603169.SH,兰石重装,20260123,-2.3452157598499
603169.SH,兰石重装,20260122,-2.3452157598499
603169.SH,兰石重装,20260121,-2.3452157598499
603169.SH,兰石重装,20260120,-2.3452157598499
603169.SH,兰石重装,20260119,-2.3452157598499
603169.SH,兰石重装,20260118,-2.3452157598499
603169.SH,兰石重装,20260117,-2.3452157598499
603169.SH,兰石重装,20260116,-2.3452157598499
603169.SH,兰石重装,20260115,-2.3452157598499
603169.SH,兰石重装,20260114,-2.3452157598499
603169.SH,兰石重装,20260113,-2.3452157598499
603169.SH,兰石重装,20260112,-2.3452157598499
603169.SH,兰石重装,20260111,-2.3452157598499
603169.SH,兰石重装,20260110,-2.3452157598499
603169.SH,兰石重装,20260109,-2.3452157598499
603169.SH,兰石重装,20260108,-2.3452157598499
603169.SH,兰石重装,20260107,-2.3452157598499
603169.SH,兰石重装,20260106,-2.3452157598499
603169.SH,兰石重装,20260105,-2.3452157598499
603169.SH,兰石重装,20260104,-2.3452157598499
603169.SH,兰石重装,20260103,-2.3452157598499
603169.SH,兰石重装,20260102,-2.3452157598499
603169.SH,兰石重装,20260101,-2.3452157598499
603169.SH,兰石重装,20251231,8.664627930683
603169.SH,兰石重装,20251230,8.664627930683
603169.SH,兰石重装,20251229,8.664627930683
603169.SH,兰石重装,20251228,8.664627930683
603169.SH,兰石重装,20251227,8.664627930683
603169.SH,兰石重装,20251226,8.664627930683
603169.SH,兰石重装,20251225,8.664627930683
603169.SH,兰石重装,20251224,8.664627930683
603169.SH,兰石重装,20251223,8.664627930683
603169.SH,兰石重装,20251222,8.664627930683
603169.SH,兰石重装,20251221,8.664627930683
603169.SH,兰石重装,20251220,8.664627930683
603169.SH,兰石重装,20251219,8.664627930683
603169.SH,兰石重装,20251218,8.664627930683
603169.SH,兰石重装,20251217,8.664627930683
603169.SH,兰石重装,20251216,8.664627930683
603169.SH,兰石重装,20251215,8.664627930683
603169.SH,兰石重装,20251214,8.664627930683
603169.SH,兰石重装,20251213,8.664627930683
603169.SH,兰石重装,20251212,8.664627930683
603169.SH,兰石重装,20251211,8.664627930683
603169.SH,兰石重装,20251210,8.664627930683
603169.SH,兰石重装,20251209,8.664627930683
603169.SH,兰石重装,20251208,8.664627930683
603169.SH,兰石重装,20251207,8.664627930683
603169.SH,兰石重装,20251206,8.664627930683
603169.SH,兰石重装,20251205,8.664627930683
603169.SH,兰石重装,20251204,8.664627930683
603169.SH,兰石重装,20251203,8.664627930683
603169.SH,兰石重装,20251202,8.664627930683
603169.SH,兰石重装,20251201,8.664627930683
603169.SH,兰石重装,20251130,12.629161882893
603169.SH,兰石重装,20251129,12.629161882893
603169.SH,兰石重装,20251128,12.629161882893
603169.SH,兰石重装,20251127,12.629161882893
603169.SH,兰石重装,20251126,12.629161882893
603169.SH,兰石重装,20251125,12.629161882893
603169.SH,兰石重装,20251124,12.629161882893
603169.SH,兰石重装,20251123,12.629161882893
603169.SH,兰石重装,20251122,12.629161882893
603169.SH,兰石重装,20251121,12.629161882893
603169.SH,兰石重装,20251120,12.629161882893
603169.SH,兰石重装,20251119,12.629161882893
603169.SH,兰石重装,20251118,12.629161882893
603169.SH,兰石重装,20251117,12.629161882893
603169.SH,兰石重装,20251116,12.629161882893
603169.SH,兰石重装,20251115,12.629161882893
603169.SH,兰石重装,20251114,12.629161882893
603169.SH,兰石重装,20251113,12.629161882893
603169.SH,兰石重装,20251112,12.629161882893
603169.SH,兰石重装,20251111,12.629161882893
603169.SH,兰石重装,20251110,12.629161882893
603169.SH,兰石重装,20251109,12.629161882893
603169.SH,兰石重装,20251108,12.629161882893
603169.SH,兰石重装,20251107,12.629161882893
603169.SH,兰石重装,20251106,12.629161882893
603169.SH,兰石重装,20251105,12.629161882893
603169.SH,兰石重装,20251104,12.629161882893
603169.SH,兰石重装,20251103,12.629161882893
603169.SH,兰石重装,20251102,12.629161882893
603169.SH,兰石重装,20251101,12.629161882893
603169.SH,兰石重装,20251031,7.9306071871128
603169.SH,兰石重装,20251030,7.9306071871128
603169.SH,兰石重装,20251029,7.9306071871128
603169.SH,兰石重装,20251028,7.9306071871128
603169.SH,兰石重装,20251027,7.9306071871128
603169.SH,兰石重装,20251026,7.9306071871128
603169.SH,兰石重装,20251025,7.9306071871128
603169.SH,兰石重装,20251024,7.9306071871128
603169.SH,兰石重装,20251023,7.9306071871128
603169.SH,兰石重装,20251022,7.9306071871128
603169.SH,兰石重装,20251021,7.9306071871128
603169.SH,兰石重装,20251020,7.9306071871128
603169.SH,兰石重装,20251019,7.9306071871128
603169.SH,兰石重装,20251018,7.9306071871128
603169.SH,兰石重装,20251017,7.9306071871128
603169.SH,兰石重装,20251016,7.9306071871128
603169.SH,兰石重装,20251015,7.9306071871128
603169.SH,兰石重装,20251014,7.9306071871128
603169.SH,兰石重装,20251013,7.9306071871128
603169.SH,兰石重装,20251012,7.9306071871128
603169.SH,兰石重装,20251011,7.9306071871128
603169.SH,兰石重装,20251010,7.9306071871128
603169.SH,兰石重装,20251009,7.9306071871128
603169.SH,兰石重装,20251008,7.9306071871128
603169.SH,兰石重装,20251007,7.9306071871128
603169.SH,兰石重装,20251006,7.9306071871128
603169.SH,兰石重装,20251005,7.9306071871128
603169.SH,兰石重装,20251004,7.9306071871128
603169.SH,兰石重装,20251003,7.9306071871128
603169.SH,兰石重装,20251002,7.9306071871128
603169.SH,兰石重装,20251001,7.9306071871128
603169.SH,兰石重装,20250930,0.875
603169.SH,兰石重装,20250929,0.875
603169.SH,兰石重装,20250928,0.875
603169.SH,兰石重装,20250927,0.875
603169.SH,兰石重装,20250926,0.875
603169.SH,兰石重装,20250925,0.875
603169.SH,兰石重装,20250924,0.875
603169.SH,兰石重装,20250923,0.875
603169.SH,兰石重装,20250922,0.875
603169.SH,兰石重装,20250921,0.875
603169.SH,兰石重装,20250920,0.875
603169.SH,兰石重装,20250919,0.875
603169.SH,兰石重装,20250918,0.875
603169.SH,兰石重装,20250917,0.875
603169.SH,兰石重装,20250916,0.875
603169.SH,兰石重装,20250915,0.875
603169.SH,兰石重装,20250914,0.875
603169.SH,兰石重装,20250913,0.875
603169.SH,兰石重装,20250912,0.875
603169.SH,兰石重装,20250911,0.875
603169.SH,兰石重装,20250910,0.875
603169.SH,兰石重装,20250909,0.875
603169.SH,兰石重装,20250908,0.875
603169.SH,兰石重装,20250907,0.875
603169.SH,兰石重装,20250906,0.875
603169.SH,兰石重装,20250905,0.875
603169.SH,兰石重装,20250904,0.875
603169.SH,兰石重装,20250903,0.875
603169.SH,兰石重装,20250902,0.875
603169.SH,兰石重装,20250901,0.875
603169.SH,兰石重装,20250831,3.4928848641656
603169.SH,兰石重装,20250830,3.4928848641656
603169.SH,兰石重装,20250829,3.4928848641656
603169.SH,兰石重装,20250828,3.4928848641656
603169.SH,兰石重装,20250827,3.4928848641656
603169.SH,兰石重装,20250826,3.4928848641656
603169.SH,兰石重装,20250825,3.4928848641656
603169.SH,兰石重装,20250824,3.4928848641656
603169.SH,兰石重装,20250823,3.4928848641656
603169.SH,兰石重装,20250822,3.4928848641656
603169.SH,兰石重装,20250821,3.4928848641656
603169.SH,兰石重装,20250820,3.4928848641656
603169.SH,兰石重装,20250819,3.4928848641656
603169.SH,兰石重装,20250818,3.4928848641656
603169.SH,兰石重装,20250817,3.4928848641656
603169.SH,兰石重装,20250816,3.4928848641656
603169.SH,兰石重装,20250815,3.4928848641656
603169.SH,兰石重装,20250814,3.4928848641656
603169.SH,兰石重装,20250813,3.4928848641656
603169.SH,兰石重装,20250812,3.4928848641656
603169.SH,兰石重装,20250811,3.4928848641656
603169.SH,兰石重装,20250810,3.4928848641656
603169.SH,兰石重装,20250809,3.4928848641656
603169.SH,兰石重装,20250808,3.4928848641656
603169.SH,兰石重装,20250807,3.4928848641656
603169.SH,兰石重装,20250806,3.4928848641656
603169.SH,兰石重装,20250805,3.4928848641656
603169.SH,兰石重装,20250804,3.4928848641656
603169.SH,兰石重装,20250803,3.4928848641656
603169.SH,兰石重装,20250802,3.4928848641656
603169.SH,兰石重装,20250801,3.4928848641656
603169.SH,兰石重装,20250731,-1.9035532994924
603169.SH,兰石重装,20250730,-1.9035532994924
603169.SH,兰石重装,20250729,-1.9035532994924
603169.SH,兰石重装,20250728,-1.9035532994924
603169.SH,兰石重装,20250727,-1.9035532994924
603169.SH,兰石重装,20250726,-1.9035532994924
603169.SH,兰石重装,20250725,-1.9035532994924
603169.SH,兰石重装,20250724,-1.9035532994924
603169.SH,兰石重装,20250723,-1.9035532994924
603169.SH,兰石重装,20250722,-1.9035532994924
603169.SH,兰石重装,20250721,-1.9035532994924
603169.SH,兰石重装,20250720,-1.9035532994924
603169.SH,兰石重装,20250719,-1.9035532994924
603169.SH,兰石重装,20250718,-1.9035532994924
603169.SH,兰石重装,20250717,-1.9035532994924
603169.SH,兰石重装,20250716,-1.9035532994924
603169.SH,兰石重装,20250715,-1.9035532994924
603169.SH,兰石重装,20250714,-1.9035532994924
603169.SH,兰石重装,20250713,-1.9035532994924
603169.SH,兰石重装,20250712,-1.9035532994924
603169.SH,兰石重装,20250711,-1.9035532994924
603169.SH,兰石重装,20250710,-1.9035532994924
603169.SH,兰石重装,20250709,-1.9035532994924
603169.SH,兰石重装,20250708,-1.9035532994924
603169.SH,兰石重装,20250707,-1.9035532994924
603169.SH,兰石重装,20250706,-1.9035532994924
603169.SH,兰石重装,20250705,-1.9035532994924
603169.SH,兰石重装,20250704,-1.9035532994924
603169.SH,兰石重装,20250703,-1.9035532994924
603169.SH,兰石重装,20250702,-1.9035532994924
603169.SH,兰石重装,20250701,-1.9035532994924
603169.SH,兰石重装,20250630,-6.5243179122183
603169.SH,兰石重装,20250629,-6.5243179122183
603169.SH,兰石重装,20250628,-6.5243179122183
603169.SH,兰石重装,20250627,-6.5243179122183
603169.SH,兰石重装,20250626,-6.5243179122183
603169.SH,兰石重装,20250625,-6.5243179122183
603169.SH,兰石重装,20250624,-6.5243179122183
603169.SH,兰石重装,20250623,-6.5243179122183
603169.SH,兰石重装,20250622,-6.5243179122183
603169.SH,兰石重装,20250621,-6.5243179122183
603169.SH,兰石重装,20250620,-6.5243179122183
603169.SH,兰石重装,20250619,-6.5243179122183
603169.SH,兰石重装,20250618,-6.5243179122183
603169.SH,兰石重装,20250617,-6.5243179122183
603169.SH,兰石重装,20250616,-6.5243179122183
603169.SH,兰石重装,20250615,-6.5243179122183
603169.SH,兰石重装,20250614,-6.5243179122183
603169.SH,兰石重装,20250613,-6.5243179122183
603169.SH,兰石重装,20250612,-6.5243179122183
603169.SH,兰石重装,20250611,-6.5243179122183
603169.SH,兰石重装,20250610,-6.5243179122183
603169.SH,兰石重装,20250609,-6.5243179122183
603169.SH,兰石重装,20250608,-6.5243179122183
603169.SH,兰石重装,20250607,-6.5243179122183
603169.SH,兰石重装,20250606,-6.5243179122183
603169.SH,兰石重装,20250605,-6.5243179122183
603169.SH,兰石重装,20250604,-6.5243179122183
603169.SH,兰石重装,20250603,-6.5243179122183
603169.SH,兰石重装,20250602,-6.5243179122183
603169.SH,兰石重装,20250601,-6.5243179122183
603169.SH,兰石重装,20250531,27.149321266968
603169.SH,兰石重装,20250530,27.149321266968
603169.SH,兰石重装,20250529,27.149321266968
603169.SH,兰石重装,20250528,27.149321266968
603169.SH,兰石重装,20250527,27.149321266968
603169.SH,兰石重装,20250526,27.149321266968
603169.SH,兰石重装,20250525,27.149321266968
603169.SH,兰石重装,20250524,27.149321266968
603169.SH,兰石重装,20250523,27.149321266968
603169.SH,兰石重装,20250522,27.149321266968
603169.SH,兰石重装,20250521,27.149321266968
603169.SH,兰石重装,20250520,27.149321266968
603169.SH,兰石重装,20250519,27.149321266968
603169.SH,兰石重装,20250518,27.149321266968
603169.SH,兰石重装,20250517,27.149321266968
603169.SH,兰石重装,20250516,27.149321266968
603169.SH,兰石重装,20250515,27.149321266968
603169.SH,兰石重装,20250514,27.149321266968
603169.SH,兰石重装,20250513,27.149321266968
603169.SH,兰石重装,20250512,27.149321266968
603169.SH,兰石重装,20250511,27.149321266968
603169.SH,兰石重装,20250510,27.149321266968
603169.SH,兰石重装,20250509,27.149321266968
603169.SH,兰石重装,20250508,27.149321266968
603169.SH,兰石重装,20250507,27.149321266968
603169.SH,兰石重装,20250506,27.149321266968
603169.SH,兰石重装,20250505,27.149321266968
603169.SH,兰石重装,20250504,27.149321266968
603169.SH,兰石重装,20250503,27.149321266968
603169.SH,兰石重装,20250502,27.149321266968
603169.SH,兰石重装,20250501,27.149321266968
603169.SH,兰石重装,20250430,-10.405405405405
603169.SH,兰石重装,20250429,-10.405405405405
603169.SH,兰石重装,20250428,-10.405405405405
603169.SH,兰石重装,20250427,-10.405405405405
603169.SH,兰石重装,20250426,-10.405405405405
603169.SH,兰石重装,20250425,-10.405405405405
603169.SH,兰石重装,20250424,-10.405405405405
603169.SH,兰石重装,20250423,-10.405405405405
603169.SH,兰石重装,20250422,-10.405405405405
603169.SH,兰石重装,20250421,-10.405405405405
603169.SH,兰石重装,20250420,-10.405405405405
603169.SH,兰石重装,20250419,-10.405405405405
603169.SH,兰石重装,20250418,-10.405405405405
603169.SH,兰石重装,20250417,-10.405405405405
603169.SH,兰石重装,20250416,-10.405405405405
603169.SH,兰石重装,20250415,-10.405405405405
603169.SH,兰石重装,20250414,-10.405405405405
603169.SH,兰石重装,20250413,-10.405405405405
603169.SH,兰石重装,20250412,-10.405405405405
603169.SH,兰石重装,20250411,-10.405405405405
603169.SH,兰石重装,20250410,-10.405405405405
603169.SH,兰石重装,20250409,-10.405405405405
603169.SH,兰石重装,20250408,-10.405405405405
603169.SH,兰石重装,20250407,-10.405405405405
603169.SH,兰石重装,20250406,-10.405405405405
603169.SH,兰石重装,20250405,-10.405405405405
603169.SH,兰石重装,20250404,-10.405405405405
603169.SH,兰石重装,20250403,-10.405405405405
603169.SH,兰石重装,20250402,-10.405405405405
603169.SH,兰石重装,20250401,-10.405405405405
603169.SH,兰石重装,20250331,37.037037037037
603169.SH,兰石重装,20250330,37.037037037037
603169.SH,兰石重装,20250329,37.037037037037
603169.SH,兰石重装,20250328,37.037037037037
603169.SH,兰石重装,20250327,37.037037037037
603169.SH,兰石重装,20250326,37.037037037037
603169.SH,兰石重装,20250325,37.037037037037
603169.SH,兰石重装,20250324,37.037037037037
603169.SH,兰石重装,20250323,37.037037037037
603169.SH,兰石重装,20250322,37.037037037037
603169.SH,兰石重装,20250321,37.037037037037
603169.SH,兰石重装,20250320,37.037037037037
603169.SH,兰石重装,20250319,37.037037037037
603169.SH,兰石重装,20250318,37.037037037037
603169.SH,兰石重装,20250317,37.037037037037
603169.SH,兰石重装,20250316,37.037037037037
603169.SH,兰石重装,20250315,37.037037037037
603169.SH,兰石重装,20250314,37.037037037037
603169.SH,兰石重装,20250313,37.037037037037
603169.SH,兰石重装,20250312,37.037037037037
603169.SH,兰石重装,20250311,37.037037037037
603169.SH,兰石重装,20250310,37.037037037037
603169.SH,兰石重装,20250309,37.037037037037
603169.SH,兰石重装,20250308,37.037037037037
603169.SH,兰石重装,20250307,37.037037037037
603169.SH,兰石重装,20250306,37.037037037037
603169.SH,兰石重装,20250305,37.037037037037
603169.SH,兰石重装,20250304,37.037037037037
603169.SH,兰石重装,20250303,37.037037037037
603169.SH,兰石重装,20250302,37.037037037037
603169.SH,兰石重装,20250301,37.037037037037
603169.SH,兰石重装,20250228,1.8867924528302
603169.SH,兰石重装,20250227,1.8867924528302
603169.SH,兰石重装,20250226,1.8867924528302
603169.SH,兰石重装,20250225,1.8867924528302
603169.SH,兰石重装,20250224,1.8867924528302
603169.SH,兰石重装,20250223,1.8867924528302
603169.SH,兰石重装,20250222,1.8867924528302
603169.SH,兰石重装,20250221,1.8867924528302
603169.SH,兰石重装,20250220,1.8867924528302
603169.SH,兰石重装,20250219,1.8867924528302
603169.SH,兰石重装,20250218,1.8867924528302
603169.SH,兰石重装,20250217,1.8867924528302
603169.SH,兰石重装,20250216,1.8867924528302
603169.SH,兰石重装,20250215,1.8867924528302
603169.SH,兰石重装,20250214,1.8867924528302
603169.SH,兰石重装,20250213,1.8867924528302
603169.SH,兰石重装,20250212,1.8867924528302
603169.SH,兰石重装,20250211,1.8867924528302
603169.SH,兰石重装,20250210,1.8867924528302
603169.SH,兰石重装,20250209,1.8867924528302
603169.SH,兰石重装,20250208,1.8867924528302
603169.SH,兰石重装,20250207,1.8867924528302
603169.SH,兰石重装,20250206,1.8867924528302
603169.SH,兰石重装,20250205,1.8867924528302
603169.SH,兰石重装,20250204,1.8867924528302
603169.SH,兰石重装,20250203,1.8867924528302
603169.SH,兰石重装,20250202,1.8867924528302
603169.SH,兰石重装,20250201,1.8867924528302
603169.SH,兰石重装,20250131,-2.7522935779817
603169.SH,兰石重装,20250130,-2.7522935779817
603169.SH,兰石重装,20250129,-2.7522935779817
603169.SH,兰石重装,20250128,-2.7522935779817
603169.SH,兰石重装,20250127,-2.7522935779817
603169.SH,兰石重装,20250126,-2.7522935779817
603169.SH,兰石重装,20250125,-2.7522935779817
603169.SH,兰石重装,20250124,-2.7522935779817
603169.SH,兰石重装,20250123,-2.7522935779817
603169.SH,兰石重装,20250122,-2.7522935779817
603169.SH,兰石重装,20250121,-2.7522935779817
603169.SH,兰石重装,20250120,-2.7522935779817
603169.SH,兰石重装,20250119,-2.7522935779817
603169.SH,兰石重装,20250118,-2.7522935779817
603169.SH,兰石重装,20250117,-2.7522935779817
603169.SH,兰石重装,20250116,-2.7522935779817
603169.SH,兰石重装,20250115,-2.7522935779817
603169.SH,兰石重装,20250114,-2.7522935779817
603169.SH,兰石重装,20250113,-2.7522935779817
603169.SH,兰石重装,20250112,-2.7522935779817
603169.SH,兰石重装,20250111,-2.7522935779817
603169.SH,兰石重装,20250110,-2.7522935779817
603169.SH,兰石重装,20250109,-2.7522935779817
603169.SH,兰石重装,20250108,-2.7522935779817
603169.SH,兰石重装,20250107,-2.7522935779817
603169.SH,兰石重装,20250106,-2.7522935779817
603169.SH,兰石重装,20250105,-2.7522935779817
603169.SH,兰石重装,20250104,-2.7522935779817
603169.SH,兰石重装,20250103,-2.7522935779817
603169.SH,兰石重装,20250102,-2.7522935779817
603169.SH,兰石重装,20250101,-2.7522935779817
603169.SH,兰石重装,20241231,-5.3819444444444
603169.SH,兰石重装,20241230,-5.3819444444444
603169.SH,兰石重装,20241229,-5.3819444444444
603169.SH,兰石重装,20241228,-5.3819444444444
603169.SH,兰石重装,20241227,-5.3819444444444
603169.SH,兰石重装,20241226,-5.3819444444444
603169.SH,兰石重装,20241225,-5.3819444444444
603169.SH,兰石重装,20241224,-5.3819444444444
603169.SH,兰石重装,20241223,-5.3819444444444
603169.SH,兰石重装,20241222,-5.3819444444444
603169.SH,兰石重装,20241221,-5.3819444444444
603169.SH,兰石重装,20241220,-5.3819444444444
603169.SH,兰石重装,20241219,-5.3819444444444
603169.SH,兰石重装,20241218,-5.3819444444444
603169.SH,兰石重装,20241217,-5.3819444444444
603169.SH,兰石重装,20241216,-5.3819444444444
603169.SH,兰石重装,20241215,-5.3819444444444
603169.SH,兰石重装,20241214,-5.3819444444444
603169.SH,兰石重装,20241213,-5.3819444444444
603169.SH,兰石重装,20241212,-5.3819444444444
603169.SH,兰石重装,20241211,-5.3819444444444
603169.SH,兰石重装,20241210,-5.3819444444444
603169.SH,兰石重装,20241209,-5.3819444444444
603169.SH,兰石重装,20241208,-5.3819444444444
603169.SH,兰石重装,20241207,-5.3819444444444
603169.SH,兰石重装,20241206,-5.3819444444444
603169.SH,兰石重装,20241205,-5.3819444444444
603169.SH,兰石重装,20241204,-5.3819444444444
603169.SH,兰石重装,20241203,-5.3819444444444
603169.SH,兰石重装,20241202,-5.3819444444444
603169.SH,兰石重装,20241201,-5.3819444444444
603169.SH,兰石重装,20241130,1.9469026548672
603169.SH,兰石重装,20241129,1.9469026548672
603169.SH,兰石重装,20241128,1.9469026548672
603169.SH,兰石重装,20241127,1.9469026548672
603169.SH,兰石重装,20241126,1.9469026548672
603169.SH,兰石重装,20241125,1.9469026548672
603169.SH,兰石重装,20241124,1.9469026548672
603169.SH,兰石重装,20241123,1.9469026548672
603169.SH,兰石重装,20241122,1.9469026548672
603169.SH,兰石重装,20241121,1.9469026548672
603169.SH,兰石重装,20241120,1.9469026548672
603169.SH,兰石重装,20241119,1.9469026548672
603169.SH,兰石重装,20241118,1.9469026548672
603169.SH,兰石重装,20241117,1.9469026548672
603169.SH,兰石重装,20241116,1.9469026548672
603169.SH,兰石重装,20241115,1.9469026548672
603169.SH,兰石重装,20241114,1.9469026548672
603169.SH,兰石重装,20241113,1.9469026548672
603169.SH,兰石重装,20241112,1.9469026548672
603169.SH,兰石重装,20241111,1.9469026548672
603169.SH,兰石重装,20241110,1.9469026548672
603169.SH,兰石重装,20241109,1.9469026548672
603169.SH,兰石重装,20241108,1.9469026548672
603169.SH,兰石重装,20241107,1.9469026548672
603169.SH,兰石重装,20241106,1.9469026548672
603169.SH,兰石重装,20241105,1.9469026548672
603169.SH,兰石重装,20241104,1.9469026548672
603169.SH,兰石重装,20241103,1.9469026548672
603169.SH,兰石重装,20241102,1.9469026548672
603169.SH,兰石重装,20241101,1.9469026548672
603169.SH,兰石重装,20241031,8.2375478927203
603169.SH,兰石重装,20241030,8.2375478927203
603169.SH,兰石重装,20241029,8.2375478927203
603169.SH,兰石重装,20241028,8.2375478927203
603169.SH,兰石重装,20241027,8.2375478927203
603169.SH,兰石重装,20241026,8.2375478927203
603169.SH,兰石重装,20241025,8.2375478927203
603169.SH,兰石重装,20241024,8.2375478927203
603169.SH,兰石重装,20241023,8.2375478927203
603169.SH,兰石重装,20241022,8.2375478927203
603169.SH,兰石重装,20241021,8.2375478927203
603169.SH,兰石重装,20241020,8.2375478927203
603169.SH,兰石重装,20241019,8.2375478927203
603169.SH,兰石重装,20241018,8.2375478927203
603169.SH,兰石重装,20241017,8.2375478927203
603169.SH,兰石重装,20241016,8.2375478927203
603169.SH,兰石重装,20241015,8.2375478927203
603169.SH,兰石重装,20241014,8.2375478927203
603169.SH,兰石重装,20241013,8.2375478927203
603169.SH,兰石重装,20241012,8.2375478927203
603169.SH,兰石重装,20241011,8.2375478927203
603169.SH,兰石重装,20241010,8.2375478927203
603169.SH,兰石重装,20241009,8.2375478927203
603169.SH,兰石重装,20241008,8.2375478927203
603169.SH,兰石重装,20241007,8.2375478927203
603169.SH,兰石重装,20241006,8.2375478927203
603169.SH,兰石重装,20241005,8.2375478927203
603169.SH,兰石重装,20241004,8.2375478927203
603169.SH,兰石重装,20241003,8.2375478927203
603169.SH,兰石重装,20241002,8.2375478927203
603169.SH,兰石重装,20241001,8.2375478927203
603169.SH,兰石重装,20240930,17.303370786517
603169.SH,兰石重装,20240929,17.303370786517
603169.SH,兰石重装,20240928,17.303370786517
603169.SH,兰石重装,20240927,17.303370786517
603169.SH,兰石重装,20240926,17.303370786517
603169.SH,兰石重装,20240925,17.303370786517
603169.SH,兰石重装,20240924,17.303370786517
603169.SH,兰石重装,20240923,17.303370786517
603169.SH,兰石重装,20240922,17.303370786517
603169.SH,兰石重装,20240921,17.303370786517
603169.SH,兰石重装,20240920,17.303370786517
603169.SH,兰石重装,20240919,17.303370786517
603169.SH,兰石重装,20240918,17.303370786517
603169.SH,兰石重装,20240917,17.303370786517
603169.SH,兰石重装,20240916,17.303370786517
603169.SH,兰石重装,20240915,17.303370786517
603169.SH,兰石重装,20240914,17.303370786517
603169.SH,兰石重装,20240913,17.303370786517
603169.SH,兰石重装,20240912,17.303370786517
603169.SH,兰石重装,20240911,17.303370786517
603169.SH,兰石重装,20240910,17.303370786517
603169.SH,兰石重装,20240909,17.303370786517
603169.SH,兰石重装,20240908,17.303370786517
603169.SH,兰石重装,20240907,17.303370786517
603169.SH,兰石重装,20240906,17.303370786517
603169.SH,兰石重装,20240905,17.303370786517
603169.SH,兰石重装,20240904,17.303370786517
603169.SH,兰石重装,20240903,17.303370786517
603169.SH,兰石重装,20240902,17.303370786517
603169.SH,兰石重装,20240901,17.303370786517
603169.SH,兰石重装,20240831,-2.1978021978022
603169.SH,兰石重装,20240830,-2.1978021978022
603169.SH,兰石重装,20240829,-2.1978021978022
603169.SH,兰石重装,20240828,-2.1978021978022
603169.SH,兰石重装,20240827,-2.1978021978022
603169.SH,兰石重装,20240826,-2.1978021978022
603169.SH,兰石重装,20240825,-2.1978021978022
603169.SH,兰石重装,20240824,-2.1978021978022
603169.SH,兰石重装,20240823,-2.1978021978022
603169.SH,兰石重装,20240822,-2.1978021978022
603169.SH,兰石重装,20240821,-2.1978021978022
603169.SH,兰石重装,20240820,-2.1978021978022
603169.SH,兰石重装,20240819,-2.1978021978022
603169.SH,兰石重装,20240818,-2.1978021978022
603169.SH,兰石重装,20240817,-2.1978021978022
603169.SH,兰石重装,20240816,-2.1978021978022
603169.SH,兰石重装,20240815,-2.1978021978022
603169.SH,兰石重装,20240814,-2.1978021978022
603169.SH,兰石重装,20240813,-2.1978021978022
603169.SH,兰石重装,20240812,-2.1978021978022
603169.SH,兰石重装,20240811,-2.1978021978022
603169.SH,兰石重装,20240810,-2.1978021978022
603169.SH,兰石重装,20240809,-2.1978021978022
603169.SH,兰石重装,20240808,-2.1978021978022
603169.SH,兰石重装,20240807,-2.1978021978022
603169.SH,兰石重装,20240806,-2.1978021978022
603169.SH,兰石重装,20240805,-2.1978021978022
603169.SH,兰石重装,20240804,-2.1978021978022
603169.SH,兰石重装,20240803,-2.1978021978022
603169.SH,兰石重装,20240802,-2.1978021978022
603169.SH,兰石重装,20240801,-2.1978021978022
603169.SH,兰石重装,20240731,1.1111111111111
603169.SH,兰石重装,20240730,1.1111111111111
603169.SH,兰石重装,20240729,1.1111111111111
603169.SH,兰石重装,20240728,1.1111111111111
603169.SH,兰石重装,20240727,1.1111111111111
603169.SH,兰石重装,20240726,1.1111111111111
603169.SH,兰石重装,20240725,1.1111111111111
603169.SH,兰石重装,20240724,1.1111111111111
603169.SH,兰石重装,20240723,1.1111111111111
603169.SH,兰石重装,20240722,1.1111111111111
603169.SH,兰石重装,20240721,1.1111111111111
603169.SH,兰石重装,20240720,1.1111111111111
603169.SH,兰石重装,20240719,1.1111111111111
603169.SH,兰石重装,20240718,1.1111111111111
603169.SH,兰石重装,20240717,1.1111111111111
603169.SH,兰石重装,20240716,1.1111111111111
603169.SH,兰石重装,20240715,1.1111111111111
603169.SH,兰石重装,20240714,1.1111111111111
603169.SH,兰石重装,20240713,1.1111111111111
603169.SH,兰石重装,20240712,1.1111111111111
603169.SH,兰石重装,20240711,1.1111111111111
603169.SH,兰石重装,20240710,1.1111111111111
603169.SH,兰石重装,20240709,1.1111111111111
603169.SH,兰石重装,20240708,1.1111111111111
603169.SH,兰石重装,20240707,1.1111111111111
603169.SH,兰石重装,20240706,1.1111111111111
603169.SH,兰石重装,20240705,1.1111111111111
603169.SH,兰石重装,20240704,1.1111111111111
603169.SH,兰石重装,20240703,1.1111111111111
603169.SH,兰石重装,20240702,1.1111111111111
603169.SH,兰石重装,20240701,1.1111111111111
603169.SH,兰石重装,20240630,-11.937377690802
603169.SH,兰石重装,20240629,-11.937377690802
603169.SH,兰石重装,20240628,-11.937377690802
603169.SH,兰石重装,20240627,-11.937377690802
603169.SH,兰石重装,20240626,-11.937377690802
603169.SH,兰石重装,20240625,-11.937377690802
603169.SH,兰石重装,20240624,-11.937377690802
603169.SH,兰石重装,20240623,-11.937377690802
603169.SH,兰石重装,20240622,-11.937377690802
603169.SH,兰石重装,20240621,-11.937377690802
603169.SH,兰石重装,20240620,-11.937377690802
603169.SH,兰石重装,20240619,-11.937377690802
603169.SH,兰石重装,20240618,-11.937377690802
603169.SH,兰石重装,20240617,-11.937377690802
603169.SH,兰石重装,20240616,-11.937377690802
603169.SH,兰石重装,20240615,-11.937377690802
603169.SH,兰石重装,20240614,-11.937377690802
603169.SH,兰石重装,20240613,-11.937377690802
603169.SH,兰石重装,20240612,-11.937377690802
603169.SH,兰石重装,20240611,-11.937377690802
603169.SH,兰石重装,20240610,-11.937377690802
603169.SH,兰石重装,20240609,-11.937377690802
603169.SH,兰石重装,20240608,-11.937377690802
603169.SH,兰石重装,20240607,-11.937377690802
603169.SH,兰石重装,20240606,-11.937377690802
603169.SH,兰石重装,20240605,-11.937377690802
603169.SH,兰石重装,20240604,-11.937377690802
603169.SH,兰石重装,20240603,-11.937377690802
603169.SH,兰石重装,20240602,-11.937377690802
603169.SH,兰石重装,20240601,-11.937377690802
603169.SH,兰石重装,20240531,-3.4026465028355
603169.SH,兰石重装,20240530,-3.4026465028355
603169.SH,兰石重装,20240529,-3.4026465028355
603169.SH,兰石重装,20240528,-3.4026465028355
603169.SH,兰石重装,20240527,-3.4026465028355
603169.SH,兰石重装,20240526,-3.4026465028355
603169.SH,兰石重装,20240525,-3.4026465028355
603169.SH,兰石重装,20240524,-3.4026465028355
603169.SH,兰石重装,20240523,-3.4026465028355
603169.SH,兰石重装,20240522,-3.4026465028355
603169.SH,兰石重装,20240521,-3.4026465028355
603169.SH,兰石重装,20240520,-3.4026465028355
603169.SH,兰石重装,20240519,-3.4026465028355
603169.SH,兰石重装,20240518,-3.4026465028355
603169.SH,兰石重装,20240517,-3.4026465028355
603169.SH,兰石重装,20240516,-3.4026465028355
603169.SH,兰石重装,20240515,-3.4026465028355
603169.SH,兰石重装,20240514,-3.4026465028355
603169.SH,兰石重装,20240513,-3.4026465028355
603169.SH,兰石重装,20240512,-3.4026465028355
603169.SH,兰石重装,20240511,-3.4026465028355
603169.SH,兰石重装,20240510,-3.4026465028355
603169.SH,兰石重装,20240509,-3.4026465028355
603169.SH,兰石重装,20240508,-3.4026465028355
603169.SH,兰石重装,20240507,-3.4026465028355
603169.SH,兰石重装,20240506,-3.4026465028355
603169.SH,兰石重装,20240505,-3.4026465028355
603169.SH,兰石重装,20240504,-3.4026465028355
603169.SH,兰石重装,20240503,-3.4026465028355
603169.SH,兰石重装,20240502,-3.4026465028355
603169.SH,兰石重装,20240501,-3.4026465028355
603169.SH,兰石重装,20240430,-3.8181818181818
603169.SH,兰石重装,20240429,-3.8181818181818
603169.SH,兰石重装,20240428,-3.8181818181818
603169.SH,兰石重装,20240427,-3.8181818181818
603169.SH,兰石重装,20240426,-3.8181818181818
603169.SH,兰石重装,20240425,-3.8181818181818
603169.SH,兰石重装,20240424,-3.8181818181818
603169.SH,兰石重装,20240423,-3.8181818181818
603169.SH,兰石重装,20240422,-3.8181818181818
603169.SH,兰石重装,20240421,-3.8181818181818
603169.SH,兰石重装,20240420,-3.8181818181818
603169.SH,兰石重装,20240419,-3.8181818181818
603169.SH,兰石重装,20240418,-3.8181818181818
603169.SH,兰石重装,20240417,-3.8181818181818
603169.SH,兰石重装,20240416,-3.8181818181818
603169.SH,兰石重装,20240415,-3.8181818181818
603169.SH,兰石重装,20240414,-3.8181818181818
603169.SH,兰石重装,20240413,-3.8181818181818
603169.SH,兰石重装,20240412,-3.8181818181818
603169.SH,兰石重装,20240411,-3.8181818181818
603169.SH,兰石重装,20240410,-3.8181818181818
603169.SH,兰石重装,20240409,-3.8181818181818
603169.SH,兰石重装,20240408,-3.8181818181818
603169.SH,兰石重装,20240407,-3.8181818181818
603169.SH,兰石重装,20240406,-3.8181818181818
603169.SH,兰石重装,20240405,-3.8181818181818
603169.SH,兰石重装,20240404,-3.8181818181818
603169.SH,兰石重装,20240403,-3.8181818181818
603169.SH,兰石重装,20240402,-3.8181818181818
603169.SH,兰石重装,20240401,-3.8181818181818
603169.SH,兰石重装,20240331,-1.4336917562724
603169.SH,兰石重装,20240330,-1.4336917562724
603169.SH,兰石重装,20240329,-1.4336917562724
603169.SH,兰石重装,20240328,-1.4336917562724
603169.SH,兰石重装,20240327,-1.4336917562724
603169.SH,兰石重装,20240326,-1.4336917562724
603169.SH,兰石重装,20240325,-1.4336917562724
603169.SH,兰石重装,20240324,-1.4336917562724
603169.SH,兰石重装,20240323,-1.4336917562724
603169.SH,兰石重装,20240322,-1.4336917562724
603169.SH,兰石重装,20240321,-1.4336917562724
603169.SH,兰石重装,20240320,-1.4336917562724
603169.SH,兰石重装,20240319,-1.4336917562724
603169.SH,兰石重装,20240318,-1.4336917562724
603169.SH,兰石重装,20240317,-1.4336917562724
603169.SH,兰石重装,20240316,-1.4336917562724
603169.SH,兰石重装,20240315,-1.4336917562724
603169.SH,兰石重装,20240314,-1.4336917562724
603169.SH,兰石重装,20240313,-1.4336917562724
603169.SH,兰石重装,20240312,-1.4336917562724
603169.SH,兰石重装,20240311,-1.4336917562724
603169.SH,兰石重装,20240310,-1.4336917562724
603169.SH,兰石重装,20240309,-1.4336917562724
603169.SH,兰石重装,20240308,-1.4336917562724
603169.SH,兰石重装,20240307,-1.4336917562724
603169.SH,兰石重装,20240306,-1.4336917562724
603169.SH,兰石重装,20240305,-1.4336917562724
603169.SH,兰石重装,20240304,-1.4336917562724
603169.SH,兰石重装,20240303,-1.4336917562724
603169.SH,兰石重装,20240302,-1.4336917562724
603169.SH,兰石重装,20240301,-1.4336917562724
603169.SH,兰石重装,20240229,15.767634854772
603169.SH,兰石重装,20240228,15.767634854772
603169.SH,兰石重装,20240227,15.767634854772
603169.SH,兰石重装,20240226,15.767634854772
603169.SH,兰石重装,20240225,15.767634854772
603169.SH,兰石重装,20240224,15.767634854772
603169.SH,兰石重装,20240223,15.767634854772
603169.SH,兰石重装,20240222,15.767634854772
603169.SH,兰石重装,20240221,15.767634854772
603169.SH,兰石重装,20240220,15.767634854772
603169.SH,兰石重装,20240219,15.767634854772
603169.SH,兰石重装,20240218,15.767634854772
603169.SH,兰石重装,20240217,15.767634854772
603169.SH,兰石重装,20240216,15.767634854772
603169.SH,兰石重装,20240215,15.767634854772
603169.SH,兰石重装,20240214,15.767634854772
603169.SH,兰石重装,20240213,15.767634854772
603169.SH,兰石重装,20240212,15.767634854772
603169.SH,兰石重装,20240211,15.767634854772
603169.SH,兰石重装,20240210,15.767634854772
603169.SH,兰石重装,20240209,15.767634854772
603169.SH,兰石重装,20240208,15.767634854772
603169.SH,兰石重装,20240207,15.767634854772
603169.SH,兰石重装,20240206,15.767634854772
603169.SH,兰石重装,20240205,15.767634854772
603169.SH,兰石重装,20240204,15.767634854772
603169.SH,兰石重装,20240203,15.767634854772
603169.SH,兰石重装,20240202,15.767634854772
603169.SH,兰石重装,20240201,15.767634854772
603169.SH,兰石重装,20240131,-21.753246753247
603169.SH,兰石重装,20240130,-21.753246753247
603169.SH,兰石重装,20240129,-21.753246753247
603169.SH,兰石重装,20240128,-21.753246753247
603169.SH,兰石重装,20240127,-21.753246753247
603169.SH,兰石重装,20240126,-21.753246753247
603169.SH,兰石重装,20240125,-21.753246753247
603169.SH,兰石重装,20240124,-21.753246753247
603169.SH,兰石重装,20240123,-21.753246753247
603169.SH,兰石重装,20240122,-21.753246753247
603169.SH,兰石重装,20240121,-21.753246753247
603169.SH,兰石重装,20240120,-21.753246753247
603169.SH,兰石重装,20240119,-21.753246753247
603169.SH,兰石重装,20240118,-21.753246753247
603169.SH,兰石重装,20240117,-21.753246753247
603169.SH,兰石重装,20240116,-21.753246753247
603169.SH,兰石重装,20240115,-21.753246753247
603169.SH,兰石重装,20240114,-21.753246753247
603169.SH,兰石重装,20240113,-21.753246753247
603169.SH,兰石重装,20240112,-21.753246753247
603169.SH,兰石重装,20240111,-21.753246753247
603169.SH,兰石重装,20240110,-21.753246753247
603169.SH,兰石重装,20240109,-21.753246753247
603169.SH,兰石重装,20240108,-21.753246753247
603169.SH,兰石重装,20240107,-21.753246753247
603169.SH,兰石重装,20240106,-21.753246753247
603169.SH,兰石重装,20240105,-21.753246753247
603169.SH,兰石重装,20240104,-21.753246753247
603169.SH,兰石重装,20240103,-21.753246753247
603169.SH,兰石重装,20240102,-21.753246753247
603169.SH,兰石重装,20240101,-21.753246753247
603169.SH,兰石重装,20231231,1.4827018121911
603169.SH,兰石重装,20231230,1.4827018121911
603169.SH,兰石重装,20231229,1.4827018121911
603169.SH,兰石重装,20231228,1.4827018121911
603169.SH,兰石重装,20231227,1.4827018121911
603169.SH,兰石重装,20231226,1.4827018121911
603169.SH,兰石重装,20231225,1.4827018121911
603169.SH,兰石重装,20231224,1.4827018121911
603169.SH,兰石重装,20231223,1.4827018121911
603169.SH,兰石重装,20231222,1.4827018121911
603169.SH,兰石重装,20231221,1.4827018121911
603169.SH,兰石重装,20231220,1.4827018121911
603169.SH,兰石重装,20231219,1.4827018121911
603169.SH,兰石重装,20231218,1.4827018121911
603169.SH,兰石重装,20231217,1.4827018121911
603169.SH,兰石重装,20231216,1.4827018121911
603169.SH,兰石重装,20231215,1.4827018121911
603169.SH,兰石重装,20231214,1.4827018121911
603169.SH,兰石重装,20231213,1.4827018121911
603169.SH,兰石重装,20231212,1.4827018121911
603169.SH,兰石重装,20231211,1.4827018121911
603169.SH,兰石重装,20231210,1.4827018121911
603169.SH,兰石重装,20231209,1.4827018121911
603169.SH,兰石重装,20231208,1.4827018121911
603169.SH,兰石重装,20231207,1.4827018121911
603169.SH,兰石重装,20231206,1.4827018121911
603169.SH,兰石重装,20231205,1.4827018121911
603169.SH,兰石重装,20231204,1.4827018121911
603169.SH,兰石重装,20231203,1.4827018121911
603169.SH,兰石重装,20231202,1.4827018121911
603169.SH,兰石重装,20231201,1.4827018121911
603169.SH,兰石重装,20231130,3.0560271646859
603169.SH,兰石重装,20231129,3.0560271646859
603169.SH,兰石重装,20231128,3.0560271646859
603169.SH,兰石重装,20231127,3.0560271646859
603169.SH,兰石重装,20231126,3.0560271646859
603169.SH,兰石重装,20231125,3.0560271646859
603169.SH,兰石重装,20231124,3.0560271646859
603169.SH,兰石重装,20231123,3.0560271646859
603169.SH,兰石重装,20231122,3.0560271646859
603169.SH,兰石重装,20231121,3.0560271646859
603169.SH,兰石重装,20231120,3.0560271646859
603169.SH,兰石重装,20231119,3.0560271646859
603169.SH,兰石重装,20231118,3.0560271646859
603169.SH,兰石重装,20231117,3.0560271646859
603169.SH,兰石重装,20231116,3.0560271646859
603169.SH,兰石重装,20231115,3.0560271646859
603169.SH,兰石重装,20231114,3.0560271646859
603169.SH,兰石重装,20231113,3.0560271646859
603169.SH,兰石重装,20231112,3.0560271646859
603169.SH,兰石重装,20231111,3.0560271646859
603169.SH,兰石重装,20231110,3.0560271646859
603169.SH,兰石重装,20231109,3.0560271646859
603169.SH,兰石重装,20231108,3.0560271646859
603169.SH,兰石重装,20231107,3.0560271646859
603169.SH,兰石重装,20231106,3.0560271646859
603169.SH,兰石重装,20231105,3.0560271646859
603169.SH,兰石重装,20231104,3.0560271646859
603169.SH,兰石重装,20231103,3.0560271646859
603169.SH,兰石重装,20231102,3.0560271646859
603169.SH,兰石重装,20231101,3.0560271646859
603169.SH,兰石重装,20231031,-9.3846153846154
603169.SH,兰石重装,20231030,-9.3846153846154
603169.SH,兰石重装,20231029,-9.3846153846154
603169.SH,兰石重装,20231028,-9.3846153846154
603169.SH,兰石重装,20231027,-9.3846153846154
603169.SH,兰石重装,20231026,-9.3846153846154
603169.SH,兰石重装,20231025,-9.3846153846154
603169.SH,兰石重装,20231024,-9.3846153846154
603169.SH,兰石重装,20231023,-9.3846153846154
603169.SH,兰石重装,20231022,-9.3846153846154
603169.SH,兰石重装,20231021,-9.3846153846154
603169.SH,兰石重装,20231020,-9.3846153846154
603169.SH,兰石重装,20231019,-9.3846153846154
603169.SH,兰石重装,20231018,-9.3846153846154
603169.SH,兰石重装,20231017,-9.3846153846154
603169.SH,兰石重装,20231016,-9.3846153846154
603169.SH,兰石重装,20231015,-9.3846153846154
603169.SH,兰石重装,20231014,-9.3846153846154
603169.SH,兰石重装,20231013,-9.3846153846154
603169.SH,兰石重装,20231012,-9.3846153846154
603169.SH,兰石重装,20231011,-9.3846153846154
603169.SH,兰石重装,20231010,-9.3846153846154
603169.SH,兰石重装,20231009,-9.3846153846154
603169.SH,兰石重装,20231008,-9.3846153846154
603169.SH,兰石重装,20231007,-9.3846153846154
603169.SH,兰石重装,20231006,-9.3846153846154
603169.SH,兰石重装,20231005,-9.3846153846154
603169.SH,兰石重装,20231004,-9.3846153846154
603169.SH,兰石重装,20231003,-9.3846153846154
603169.SH,兰石重装,20231002,-9.3846153846154
603169.SH,兰石重装,20231001,-9.3846153846154
603169.SH,兰石重装,20230930,-4.4117647058824
603169.SH,兰石重装,20230929,-4.4117647058824
603169.SH,兰石重装,20230928,-4.4117647058824
603169.SH,兰石重装,20230927,-4.4117647058824
603169.SH,兰石重装,20230926,-4.4117647058824
603169.SH,兰石重装,20230925,-4.4117647058824
603169.SH,兰石重装,20230924,-4.4117647058824
603169.SH,兰石重装,20230923,-4.4117647058824
603169.SH,兰石重装,20230922,-4.4117647058824
603169.SH,兰石重装,20230921,-4.4117647058824
603169.SH,兰石重装,20230920,-4.4117647058824
603169.SH,兰石重装,20230919,-4.4117647058824
603169.SH,兰石重装,20230918,-4.4117647058824
603169.SH,兰石重装,20230917,-4.4117647058824
603169.SH,兰石重装,20230916,-4.4117647058824
603169.SH,兰石重装,20230915,-4.4117647058824
603169.SH,兰石重装,20230914,-4.4117647058824
603169.SH,兰石重装,20230913,-4.4117647058824
603169.SH,兰石重装,20230912,-4.4117647058824
603169.SH,兰石重装,20230911,-4.4117647058824
603169.SH,兰石重装,20230910,-4.4117647058824
603169.SH,兰石重装,20230909,-4.4117647058824
603169.SH,兰石重装,20230908,-4.4117647058824
603169.SH,兰石重装,20230907,-4.4117647058824
603169.SH,兰石重装,20230906,-4.4117647058824
603169.SH,兰石重装,20230905,-4.4117647058824
603169.SH,兰石重装,20230904,-4.4117647058824
603169.SH,兰石重装,20230903,-4.4117647058824
603169.SH,兰石重装,20230902,-4.4117647058824
603169.SH,兰石重装,20230901,-4.4117647058824
603169.SH,兰石重装,20230831,-10.290237467018
603169.SH,兰石重装,20230830,-10.290237467018
603169.SH,兰石重装,20230829,-10.290237467018
603169.SH,兰石重装,20230828,-10.290237467018
603169.SH,兰石重装,20230827,-10.290237467018
603169.SH,兰石重装,20230826,-10.290237467018
603169.SH,兰石重装,20230825,-10.290237467018
603169.SH,兰石重装,20230824,-10.290237467018
603169.SH,兰石重装,20230823,-10.290237467018
603169.SH,兰石重装,20230822,-10.290237467018
603169.SH,兰石重装,20230821,-10.290237467018
603169.SH,兰石重装,20230820,-10.290237467018
603169.SH,兰石重装,20230819,-10.290237467018
603169.SH,兰石重装,20230818,-10.290237467018
603169.SH,兰石重装,20230817,-10.290237467018
603169.SH,兰石重装,20230816,-10.290237467018
603169.SH,兰石重装,20230815,-10.290237467018
603169.SH,兰石重装,20230814,-10.290237467018
603169.SH,兰石重装,20230813,-10.290237467018
603169.SH,兰石重装,20230812,-10.290237467018
603169.SH,兰石重装,20230811,-10.290237467018
603169.SH,兰石重装,20230810,-10.290237467018
603169.SH,兰石重装,20230809,-10.290237467018
603169.SH,兰石重装,20230808,-10.290237467018
603169.SH,兰石重装,20230807,-10.290237467018
603169.SH,兰石重装,20230806,-10.290237467018
603169.SH,兰石重装,20230805,-10.290237467018
603169.SH,兰石重装,20230804,-10.290237467018
603169.SH,兰石重装,20230803,-10.290237467018
603169.SH,兰石重装,20230802,-10.290237467018
603169.SH,兰石重装,20230801,-10.290237467018
603169.SH,兰石重装,20230731,1.8817204301075
603169.SH,兰石重装,20230730,1.8817204301075
603169.SH,兰石重装,20230729,1.8817204301075
603169.SH,兰石重装,20230728,1.8817204301075
603169.SH,兰石重装,20230727,1.8817204301075
603169.SH,兰石重装,20230726,1.8817204301075
603169.SH,兰石重装,20230725,1.8817204301075
603169.SH,兰石重装,20230724,1.8817204301075
603169.SH,兰石重装,20230723,1.8817204301075
603169.SH,兰石重装,20230722,1.8817204301075
603169.SH,兰石重装,20230721,1.8817204301075
603169.SH,兰石重装,20230720,1.8817204301075
603169.SH,兰石重装,20230719,1.8817204301075
603169.SH,兰石重装,20230718,1.8817204301075
603169.SH,兰石重装,20230717,1.8817204301075
603169.SH,兰石重装,20230716,1.8817204301075
603169.SH,兰石重装,20230715,1.8817204301075
603169.SH,兰石重装,20230714,1.8817204301075
603169.SH,兰石重装,20230713,1.8817204301075
603169.SH,兰石重装,20230712,1.8817204301075
603169.SH,兰石重装,20230711,1.8817204301075
603169.SH,兰石重装,20230710,1.8817204301075
603169.SH,兰石重装,20230709,1.8817204301075
603169.SH,兰石重装,20230708,1.8817204301075
603169.SH,兰石重装,20230707,1.8817204301075
603169.SH,兰石重装,20230706,1.8817204301075
603169.SH,兰石重装,20230705,1.8817204301075
603169.SH,兰石重装,20230704,1.8817204301075
603169.SH,兰石重装,20230703,1.8817204301075
603169.SH,兰石重装,20230702,1.8817204301075
603169.SH,兰石重装,20230701,1.8817204301075
603169.SH,兰石重装,20230630,15.348837209302
603169.SH,兰石重装,20230629,15.348837209302
603169.SH,兰石重装,20230628,15.348837209302
603169.SH,兰石重装,20230627,15.348837209302
603169.SH,兰石重装,20230626,15.348837209302
603169.SH,兰石重装,20230625,15.348837209302
603169.SH,兰石重装,20230624,15.348837209302
603169.SH,兰石重装,20230623,15.348837209302
603169.SH,兰石重装,20230622,15.348837209302
603169.SH,兰石重装,20230621,15.348837209302
603169.SH,兰石重装,20230620,15.348837209302
603169.SH,兰石重装,20230619,15.348837209302
603169.SH,兰石重装,20230618,15.348837209302
603169.SH,兰石重装,20230617,15.348837209302
603169.SH,兰石重装,20230616,15.348837209302
603169.SH,兰石重装,20230615,15.348837209302
603169.SH,兰石重装,20230614,15.348837209302
603169.SH,兰石重装,20230613,15.348837209302
603169.SH,兰石重装,20230612,15.348837209302
603169.SH,兰石重装,20230611,15.348837209302
603169.SH,兰石重装,20230610,15.348837209302
603169.SH,兰石重装,20230609,15.348837209302
603169.SH,兰石重装,20230608,15.348837209302
603169.SH,兰石重装,20230607,15.348837209302
603169.SH,兰石重装,20230606,15.348837209302
603169.SH,兰石重装,20230605,15.348837209302
603169.SH,兰石重装,20230604,15.348837209302
603169.SH,兰石重装,20230603,15.348837209302
603169.SH,兰石重装,20230602,15.348837209302
603169.SH,兰石重装,20230601,15.348837209302
603169.SH,兰石重装,20230531,-12.837837837838
603169.SH,兰石重装,20230530,-12.837837837838
603169.SH,兰石重装,20230529,-12.837837837838
603169.SH,兰石重装,20230528,-12.837837837838
603169.SH,兰石重装,20230527,-12.837837837838
603169.SH,兰石重装,20230526,-12.837837837838
603169.SH,兰石重装,20230525,-12.837837837838
603169.SH,兰石重装,20230524,-12.837837837838
603169.SH,兰石重装,20230523,-12.837837837838
603169.SH,兰石重装,20230522,-12.837837837838
603169.SH,兰石重装,20230521,-12.837837837838
603169.SH,兰石重装,20230520,-12.837837837838
603169.SH,兰石重装,20230519,-12.837837837838
603169.SH,兰石重装,20230518,-12.837837837838
603169.SH,兰石重装,20230517,-12.837837837838
603169.SH,兰石重装,20230516,-12.837837837838
603169.SH,兰石重装,20230515,-12.837837837838
603169.SH,兰石重装,20230514,-12.837837837838
603169.SH,兰石重装,20230513,-12.837837837838
603169.SH,兰石重装,20230512,-12.837837837838
603169.SH,兰石重装,20230511,-12.837837837838
603169.SH,兰石重装,20230510,-12.837837837838
603169.SH,兰石重装,20230509,-12.837837837838
603169.SH,兰石重装,20230508,-12.837837837838
603169.SH,兰石重装,20230507,-12.837837837838
603169.SH,兰石重装,20230506,-12.837837837838
603169.SH,兰石重装,20230505,-12.837837837838
603169.SH,兰石重装,20230504,-12.837837837838
603169.SH,兰石重装,20230503,-12.837837837838
603169.SH,兰石重装,20230502,-12.837837837838
603169.SH,兰石重装,20230501,-12.837837837838
603169.SH,兰石重装,20230430,-5.7324840764331
603169.SH,兰石重装,20230429,-5.7324840764331
603169.SH,兰石重装,20230428,-5.7324840764331
603169.SH,兰石重装,20230427,-5.7324840764331
603169.SH,兰石重装,20230426,-5.7324840764331
603169.SH,兰石重装,20230425,-5.7324840764331
603169.SH,兰石重装,20230424,-5.7324840764331
603169.SH,兰石重装,20230423,-5.7324840764331
603169.SH,兰石重装,20230422,-5.7324840764331
603169.SH,兰石重装,20230421,-5.7324840764331
603169.SH,兰石重装,20230420,-5.7324840764331
603169.SH,兰石重装,20230419,-5.7324840764331
603169.SH,兰石重装,20230418,-5.7324840764331
603169.SH,兰石重装,20230417,-5.7324840764331
603169.SH,兰石重装,20230416,-5.7324840764331
603169.SH,兰石重装,20230415,-5.7324840764331
603169.SH,兰石重装,20230414,-5.7324840764331
603169.SH,兰石重装,20230413,-5.7324840764331
603169.SH,兰石重装,20230412,-5.7324840764331
603169.SH,兰石重装,20230411,-5.7324840764331
603169.SH,兰石重装,20230410,-5.7324840764331
603169.SH,兰石重装,20230409,-5.7324840764331
603169.SH,兰石重装,20230408,-5.7324840764331
603169.SH,兰石重装,20230407,-5.7324840764331
603169.SH,兰石重装,20230406,-5.7324840764331
603169.SH,兰石重装,20230405,-5.7324840764331
603169.SH,兰石重装,20230404,-5.7324840764331
603169.SH,兰石重装,20230403,-5.7324840764331
603169.SH,兰石重装,20230402,-5.7324840764331
603169.SH,兰石重装,20230401,-5.7324840764331
603169.SH,兰石重装,20230331,14.264919941776
603169.SH,兰石重装,20230330,14.264919941776
603169.SH,兰石重装,20230329,14.264919941776
603169.SH,兰石重装,20230328,14.264919941776
603169.SH,兰石重装,20230327,14.264919941776
603169.SH,兰石重装,20230326,14.264919941776
603169.SH,兰石重装,20230325,14.264919941776
603169.SH,兰石重装,20230324,14.264919941776
603169.SH,兰石重装,20230323,14.264919941776
603169.SH,兰石重装,20230322,14.264919941776
603169.SH,兰石重装,20230321,14.264919941776
603169.SH,兰石重装,20230320,14.264919941776
603169.SH,兰石重装,20230319,14.264919941776
603169.SH,兰石重装,20230318,14.264919941776
603169.SH,兰石重装,20230317,14.264919941776
603169.SH,兰石重装,20230316,14.264919941776
603169.SH,兰石重装,20230315,14.264919941776
603169.SH,兰石重装,20230314,14.264919941776
603169.SH,兰石重装,20230313,14.264919941776
603169.SH,兰石重装,20230312,14.264919941776
603169.SH,兰石重装,20230311,14.264919941776
603169.SH,兰石重装,20230310,14.264919941776
603169.SH,兰石重装,20230309,14.264919941776
603169.SH,兰石重装,20230308,14.264919941776
603169.SH,兰石重装,20230307,14.264919941776
603169.SH,兰石重装,20230306,14.264919941776
603169.SH,兰石重装,20230305,14.264919941776
603169.SH,兰石重装,20230304,14.264919941776
603169.SH,兰石重装,20230303,14.264919941776
603169.SH,兰石重装,20230302,14.264919941776
603169.SH,兰石重装,20230301,14.264919941776
603169.SH,兰石重装,20230228,2.3845007451565
603169.SH,兰石重装,20230227,2.3845007451565
603169.SH,兰石重装,20230226,2.3845007451565
603169.SH,兰石重装,20230225,2.3845007451565
603169.SH,兰石重装,20230224,2.3845007451565
603169.SH,兰石重装,20230223,2.3845007451565
603169.SH,兰石重装,20230222,2.3845007451565
603169.SH,兰石重装,20230221,2.3845007451565
603169.SH,兰石重装,20230220,2.3845007451565
603169.SH,兰石重装,20230219,2.3845007451565
603169.SH,兰石重装,20230218,2.3845007451565
603169.SH,兰石重装,20230217,2.3845007451565
603169.SH,兰石重装,20230216,2.3845007451565
603169.SH,兰石重装,20230215,2.3845007451565
603169.SH,兰石重装,20230214,2.3845007451565
603169.SH,兰石重装,20230213,2.3845007451565
603169.SH,兰石重装,20230212,2.3845007451565
603169.SH,兰石重装,20230211,2.3845007451565
603169.SH,兰石重装,20230210,2.3845007451565
603169.SH,兰石重装,20230209,2.3845007451565
603169.SH,兰石重装,20230208,2.3845007451565
603169.SH,兰石重装,20230207,2.3845007451565
603169.SH,兰石重装,20230206,2.3845007451565
603169.SH,兰石重装,20230205,2.3845007451565
603169.SH,兰石重装,20230204,2.3845007451565
603169.SH,兰石重装,20230203,2.3845007451565
603169.SH,兰石重装,20230202,2.3845007451565
603169.SH,兰石重装,20230201,2.3845007451565
603169.SH,兰石重装,20230131,5.8359621451104
603169.SH,兰石重装,20230130,5.8359621451104
603169.SH,兰石重装,20230129,5.8359621451104
603169.SH,兰石重装,20230128,5.8359621451104
603169.SH,兰石重装,20230127,5.8359621451104
603169.SH,兰石重装,20230126,5.8359621451104
603169.SH,兰石重装,20230125,5.8359621451104
603169.SH,兰石重装,20230124,5.8359621451104
603169.SH,兰石重装,20230123,5.8359621451104
603169.SH,兰石重装,20230122,5.8359621451104
603169.SH,兰石重装,20230121,5.8359621451104
603169.SH,兰石重装,20230120,5.8359621451104
603169.SH,兰石重装,20230119,5.8359621451104
603169.SH,兰石重装,20230118,5.8359621451104
603169.SH,兰石重装,20230117,5.8359621451104
603169.SH,兰石重装,20230116,5.8359621451104
603169.SH,兰石重装,20230115,5.8359621451104
603169.SH,兰石重装,20230114,5.8359621451104
603169.SH,兰石重装,20230113,5.8359621451104
603169.SH,兰石重装,20230112,5.8359621451104
603169.SH,兰石重装,20230111,5.8359621451104
603169.SH,兰石重装,20230110,5.8359621451104
603169.SH,兰石重装,20230109,5.8359621451104
603169.SH,兰石重装,20230108,5.8359621451104
603169.SH,兰石重装,20230107,5.8359621451104
603169.SH,兰石重装,20230106,5.8359621451104
603169.SH,兰石重装,20230105,5.8359621451104
603169.SH,兰石重装,20230104,5.8359621451104
603169.SH,兰石重装,20230103,5.8359621451104
603169.SH,兰石重装,20230102,5.8359621451104
603169.SH,兰石重装,20230101,5.8359621451104
603169.SH,兰石重装,20221231,-8.3815028901734
603169.SH,兰石重装,20221230,-8.3815028901734
603169.SH,兰石重装,20221229,-8.3815028901734
603169.SH,兰石重装,20221228,-8.3815028901734
603169.SH,兰石重装,20221227,-8.3815028901734
603169.SH,兰石重装,20221226,-8.3815028901734
603169.SH,兰石重装,20221225,-8.3815028901734
603169.SH,兰石重装,20221224,-8.3815028901734
603169.SH,兰石重装,20221223,-8.3815028901734
603169.SH,兰石重装,20221222,-8.3815028901734
603169.SH,兰石重装,20221221,-8.3815028901734
603169.SH,兰石重装,20221220,-8.3815028901734
603169.SH,兰石重装,20221219,-8.3815028901734
603169.SH,兰石重装,20221218,-8.3815028901734
603169.SH,兰石重装,20221217,-8.3815028901734
603169.SH,兰石重装,20221216,-8.3815028901734
603169.SH,兰石重装,20221215,-8.3815028901734
603169.SH,兰石重装,20221214,-8.3815028901734
603169.SH,兰石重装,20221213,-8.3815028901734
603169.SH,兰石重装,20221212,-8.3815028901734
603169.SH,兰石重装,20221211,-8.3815028901734
603169.SH,兰石重装,20221210,-8.3815028901734
603169.SH,兰石重装,20221209,-8.3815028901734
603169.SH,兰石重装,20221208,-8.3815028901734
603169.SH,兰石重装,20221207,-8.3815028901734
603169.SH,兰石重装,20221206,-8.3815028901734
603169.SH,兰石重装,20221205,-8.3815028901734
603169.SH,兰石重装,20221204,-8.3815028901734
603169.SH,兰石重装,20221203,-8.3815028901734
603169.SH,兰石重装,20221202,-8.3815028901734
603169.SH,兰石重装,20221201,-8.3815028901734
603169.SH,兰石重装,20221130,11.974110032362
603169.SH,兰石重装,20221129,11.974110032362
603169.SH,兰石重装,20221128,11.974110032362
603169.SH,兰石重装,20221127,11.974110032362
603169.SH,兰石重装,20221126,11.974110032362
603169.SH,兰石重装,20221125,11.974110032362
603169.SH,兰石重装,20221124,11.974110032362
603169.SH,兰石重装,20221123,11.974110032362
603169.SH,兰石重装,20221122,11.974110032362
603169.SH,兰石重装,20221121,11.974110032362
603169.SH,兰石重装,20221120,11.974110032362
603169.SH,兰石重装,20221119,11.974110032362
603169.SH,兰石重装,20221118,11.974110032362
603169.SH,兰石重装,20221117,11.974110032362
603169.SH,兰石重装,20221116,11.974110032362
603169.SH,兰石重装,20221115,11.974110032362
603169.SH,兰石重装,20221114,11.974110032362
603169.SH,兰石重装,20221113,11.974110032362
603169.SH,兰石重装,20221112,11.974110032362
603169.SH,兰石重装,20221111,11.974110032362
603169.SH,兰石重装,20221110,11.974110032362
603169.SH,兰石重装,20221109,11.974110032362
603169.SH,兰石重装,20221108,11.974110032362
603169.SH,兰石重装,20221107,11.974110032362
603169.SH,兰石重装,20221106,11.974110032362
603169.SH,兰石重装,20221105,11.974110032362
603169.SH,兰石重装,20221104,11.974110032362
603169.SH,兰石重装,20221103,11.974110032362
603169.SH,兰石重装,20221102,11.974110032362
603169.SH,兰石重装,20221101,11.974110032362
603169.SH,兰石重装,20221031,-2.6771653543307
603169.SH,兰石重装,20221030,-2.6771653543307
603169.SH,兰石重装,20221029,-2.6771653543307
603169.SH,兰石重装,20221028,-2.6771653543307
603169.SH,兰石重装,20221027,-2.6771653543307
603169.SH,兰石重装,20221026,-2.6771653543307
603169.SH,兰石重装,20221025,-2.6771653543307
603169.SH,兰石重装,20221024,-2.6771653543307
603169.SH,兰石重装,20221023,-2.6771653543307
603169.SH,兰石重装,20221022,-2.6771653543307
603169.SH,兰石重装,20221021,-2.6771653543307
603169.SH,兰石重装,20221020,-2.6771653543307
603169.SH,兰石重装,20221019,-2.6771653543307
603169.SH,兰石重装,20221018,-2.6771653543307
603169.SH,兰石重装,20221017,-2.6771653543307
603169.SH,兰石重装,20221016,-2.6771653543307
603169.SH,兰石重装,20221015,-2.6771653543307
603169.SH,兰石重装,20221014,-2.6771653543307
603169.SH,兰石重装,20221013,-2.6771653543307
603169.SH,兰石重装,20221012,-2.6771653543307
603169.SH,兰石重装,20221011,-2.6771653543307
603169.SH,兰石重装,20221010,-2.6771653543307
603169.SH,兰石重装,20221009,-2.6771653543307
603169.SH,兰石重装,20221008,-2.6771653543307
603169.SH,兰石重装,20221007,-2.6771653543307
603169.SH,兰石重装,20221006,-2.6771653543307
603169.SH,兰石重装,20221005,-2.6771653543307
603169.SH,兰石重装,20221004,-2.6771653543307
603169.SH,兰石重装,20221003,-2.6771653543307
603169.SH,兰石重装,20221002,-2.6771653543307
603169.SH,兰石重装,20221001,-2.6771653543307
603169.SH,兰石重装,20220930,-13.722826086957
603169.SH,兰石重装,20220929,-13.722826086957
603169.SH,兰石重装,20220928,-13.722826086957
603169.SH,兰石重装,20220927,-13.722826086957
603169.SH,兰石重装,20220926,-13.722826086957
603169.SH,兰石重装,20220925,-13.722826086957
603169.SH,兰石重装,20220924,-13.722826086957
603169.SH,兰石重装,20220923,-13.722826086957
603169.SH,兰石重装,20220922,-13.722826086957
603169.SH,兰石重装,20220921,-13.722826086957
603169.SH,兰石重装,20220920,-13.722826086957
603169.SH,兰石重装,20220919,-13.722826086957
603169.SH,兰石重装,20220918,-13.722826086957
603169.SH,兰石重装,20220917,-13.722826086957
603169.SH,兰石重装,20220916,-13.722826086957
603169.SH,兰石重装,20220915,-13.722826086957
603169.SH,兰石重装,20220914,-13.722826086957
603169.SH,兰石重装,20220913,-13.722826086957
603169.SH,兰石重装,20220912,-13.722826086957
603169.SH,兰石重装,20220911,-13.722826086957
603169.SH,兰石重装,20220910,-13.722826086957
603169.SH,兰石重装,20220909,-13.722826086957
603169.SH,兰石重装,20220908,-13.722826086957
603169.SH,兰石重装,20220907,-13.722826086957
603169.SH,兰石重装,20220906,-13.722826086957
603169.SH,兰石重装,20220905,-13.722826086957
603169.SH,兰石重装,20220904,-13.722826086957
603169.SH,兰石重装,20220903,-13.722826086957
603169.SH,兰石重装,20220902,-13.722826086957
603169.SH,兰石重装,20220901,-13.722826086957
603169.SH,兰石重装,20220831,-0.27100271002709
603169.SH,兰石重装,20220830,-0.27100271002709
603169.SH,兰石重装,20220829,-0.27100271002709
603169.SH,兰石重装,20220828,-0.27100271002709
603169.SH,兰石重装,20220827,-0.27100271002709
603169.SH,兰石重装,20220826,-0.27100271002709
603169.SH,兰石重装,20220825,-0.27100271002709
603169.SH,兰石重装,20220824,-0.27100271002709
603169.SH,兰石重装,20220823,-0.27100271002709
603169.SH,兰石重装,20220822,-0.27100271002709
603169.SH,兰石重装,20220821,-0.27100271002709
603169.SH,兰石重装,20220820,-0.27100271002709
603169.SH,兰石重装,20220819,-0.27100271002709
603169.SH,兰石重装,20220818,-0.27100271002709
603169.SH,兰石重装,20220817,-0.27100271002709
603169.SH,兰石重装,20220816,-0.27100271002709
603169.SH,兰石重装,20220815,-0.27100271002709
603169.SH,兰石重装,20220814,-0.27100271002709
603169.SH,兰石重装,20220813,-0.27100271002709
603169.SH,兰石重装,20220812,-0.27100271002709
603169.SH,兰石重装,20220811,-0.27100271002709
603169.SH,兰石重装,20220810,-0.27100271002709
603169.SH,兰石重装,20220809,-0.27100271002709
603169.SH,兰石重装,20220808,-0.27100271002709
603169.SH,兰石重装,20220807,-0.27100271002709
603169.SH,兰石重装,20220806,-0.27100271002709
603169.SH,兰石重装,20220805,-0.27100271002709
603169.SH,兰石重装,20220804,-0.27100271002709
603169.SH,兰石重装,20220803,-0.27100271002709
603169.SH,兰石重装,20220802,-0.27100271002709
603169.SH,兰石重装,20220801,-0.27100271002709
603169.SH,兰石重装,20220731,11.31221719457
603169.SH,兰石重装,20220730,11.31221719457
603169.SH,兰石重装,20220729,11.31221719457
603169.SH,兰石重装,20220728,11.31221719457
603169.SH,兰石重装,20220727,11.31221719457
603169.SH,兰石重装,20220726,11.31221719457
603169.SH,兰石重装,20220725,11.31221719457
603169.SH,兰石重装,20220724,11.31221719457
603169.SH,兰石重装,20220723,11.31221719457
603169.SH,兰石重装,20220722,11.31221719457
603169.SH,兰石重装,20220721,11.31221719457
603169.SH,兰石重装,20220720,11.31221719457
603169.SH,兰石重装,20220719,11.31221719457
603169.SH,兰石重装,20220718,11.31221719457
603169.SH,兰石重装,20220717,11.31221719457
603169.SH,兰石重装,20220716,11.31221719457
603169.SH,兰石重装,20220715,11.31221719457
603169.SH,兰石重装,20220714,11.31221719457
603169.SH,兰石重装,20220713,11.31221719457
603169.SH,兰石重装,20220712,11.31221719457
603169.SH,兰石重装,20220711,11.31221719457
603169.SH,兰石重装,20220710,11.31221719457
603169.SH,兰石重装,20220709,11.31221719457
603169.SH,兰石重装,20220708,11.31221719457
603169.SH,兰石重装,20220707,11.31221719457
603169.SH,兰石重装,20220706,11.31221719457
603169.SH,兰石重装,20220705,11.31221719457
603169.SH,兰石重装,20220704,11.31221719457
603169.SH,兰石重装,20220703,11.31221719457
603169.SH,兰石重装,20220702,11.31221719457
603169.SH,兰石重装,20220701,11.31221719457
603169.SH,兰石重装,20220630,-11.835106382979
603169.SH,兰石重装,20220629,-11.835106382979
603169.SH,兰石重装,20220628,-11.835106382979
603169.SH,兰石重装,20220627,-11.835106382979
603169.SH,兰石重装,20220626,-11.835106382979
603169.SH,兰石重装,20220625,-11.835106382979
603169.SH,兰石重装,20220624,-11.835106382979
603169.SH,兰石重装,20220623,-11.835106382979
603169.SH,兰石重装,20220622,-11.835106382979
603169.SH,兰石重装,20220621,-11.835106382979
603169.SH,兰石重装,20220620,-11.835106382979
603169.SH,兰石重装,20220619,-11.835106382979
603169.SH,兰石重装,20220618,-11.835106382979
603169.SH,兰石重装,20220617,-11.835106382979
603169.SH,兰石重装,20220616,-11.835106382979
603169.SH,兰石重装,20220615,-11.835106382979
603169.SH,兰石重装,20220614,-11.835106382979
603169.SH,兰石重装,20220613,-11.835106382979
603169.SH,兰石重装,20220612,-11.835106382979
603169.SH,兰石重装,20220611,-11.835106382979
603169.SH,兰石重装,20220610,-11.835106382979
603169.SH,兰石重装,20220609,-11.835106382979
603169.SH,兰石重装,20220608,-11.835106382979
603169.SH,兰石重装,20220607,-11.835106382979
603169.SH,兰石重装,20220606,-11.835106382979
603169.SH,兰石重装,20220605,-11.835106382979
603169.SH,兰石重装,20220604,-11.835106382979
603169.SH,兰石重装,20220603,-11.835106382979
603169.SH,兰石重装,20220602,-11.835106382979
603169.SH,兰石重装,20220601,-11.835106382979
603169.SH,兰石重装,20220531,14.459665144597
603169.SH,兰石重装,20220530,14.459665144597
603169.SH,兰石重装,20220529,14.459665144597
603169.SH,兰石重装,20220528,14.459665144597
603169.SH,兰石重装,20220527,14.459665144597
603169.SH,兰石重装,20220526,14.459665144597
603169.SH,兰石重装,20220525,14.459665144597
603169.SH,兰石重装,20220524,14.459665144597
603169.SH,兰石重装,20220523,14.459665144597
603169.SH,兰石重装,20220522,14.459665144597
603169.SH,兰石重装,20220521,14.459665144597
603169.SH,兰石重装,20220520,14.459665144597
603169.SH,兰石重装,20220519,14.459665144597
603169.SH,兰石重装,20220518,14.459665144597
603169.SH,兰石重装,20220517,14.459665144597
603169.SH,兰石重装,20220516,14.459665144597
603169.SH,兰石重装,20220515,14.459665144597
603169.SH,兰石重装,20220514,14.459665144597
603169.SH,兰石重装,20220513,14.459665144597
603169.SH,兰石重装,20220512,14.459665144597
603169.SH,兰石重装,20220511,14.459665144597
603169.SH,兰石重装,20220510,14.459665144597
603169.SH,兰石重装,20220509,14.459665144597
603169.SH,兰石重装,20220508,14.459665144597
603169.SH,兰石重装,20220507,14.459665144597
603169.SH,兰石重装,20220506,14.459665144597
603169.SH,兰石重装,20220505,14.459665144597
603169.SH,兰石重装,20220504,14.459665144597
603169.SH,兰石重装,20220503,14.459665144597
603169.SH,兰石重装,20220502,14.459665144597
603169.SH,兰石重装,20220501,14.459665144597
603169.SH,兰石重装,20220430,-16.730038022814
603169.SH,兰石重装,20220429,-16.730038022814
603169.SH,兰石重装,20220428,-16.730038022814
603169.SH,兰石重装,20220427,-16.730038022814
603169.SH,兰石重装,20220426,-16.730038022814
603169.SH,兰石重装,20220425,-16.730038022814
603169.SH,兰石重装,20220424,-16.730038022814
603169.SH,兰石重装,20220423,-16.730038022814
603169.SH,兰石重装,20220422,-16.730038022814
603169.SH,兰石重装,20220421,-16.730038022814
603169.SH,兰石重装,20220420,-16.730038022814
603169.SH,兰石重装,20220419,-16.730038022814
603169.SH,兰石重装,20220418,-16.730038022814
603169.SH,兰石重装,20220417,-16.730038022814
603169.SH,兰石重装,20220416,-16.730038022814
603169.SH,兰石重装,20220415,-16.730038022814
603169.SH,兰石重装,20220414,-16.730038022814
603169.SH,兰石重装,20220413,-16.730038022814
603169.SH,兰石重装,20220412,-16.730038022814
603169.SH,兰石重装,20220411,-16.730038022814
603169.SH,兰石重装,20220410,-16.730038022814
603169.SH,兰石重装,20220409,-16.730038022814
603169.SH,兰石重装,20220408,-16.730038022814
603169.SH,兰石重装,20220407,-16.730038022814
603169.SH,兰石重装,20220406,-16.730038022814
603169.SH,兰石重装,20220405,-16.730038022814
603169.SH,兰石重装,20220404,-16.730038022814
603169.SH,兰石重装,20220403,-16.730038022814
603169.SH,兰石重装,20220402,-16.730038022814
603169.SH,兰石重装,20220401,-16.730038022814
603169.SH,兰石重装,20220331,-5.0541516245487
603169.SH,兰石重装,20220330,-5.0541516245487
603169.SH,兰石重装,20220329,-5.0541516245487
603169.SH,兰石重装,20220328,-5.0541516245487
603169.SH,兰石重装,20220327,-5.0541516245487
603169.SH,兰石重装,20220326,-5.0541516245487
603169.SH,兰石重装,20220325,-5.0541516245487
603169.SH,兰石重装,20220324,-5.0541516245487
603169.SH,兰石重装,20220323,-5.0541516245487
603169.SH,兰石重装,20220322,-5.0541516245487
603169.SH,兰石重装,20220321,-5.0541516245487
603169.SH,兰石重装,20220320,-5.0541516245487
603169.SH,兰石重装,20220319,-5.0541516245487
603169.SH,兰石重装,20220318,-5.0541516245487
603169.SH,兰石重装,20220317,-5.0541516245487
603169.SH,兰石重装,20220316,-5.0541516245487
603169.SH,兰石重装,20220315,-5.0541516245487
603169.SH,兰石重装,20220314,-5.0541516245487
603169.SH,兰石重装,20220313,-5.0541516245487
603169.SH,兰石重装,20220312,-5.0541516245487
603169.SH,兰石重装,20220311,-5.0541516245487
603169.SH,兰石重装,20220310,-5.0541516245487
603169.SH,兰石重装,20220309,-5.0541516245487
603169.SH,兰石重装,20220308,-5.0541516245487
603169.SH,兰石重装,20220307,-5.0541516245487
603169.SH,兰石重装,20220306,-5.0541516245487
603169.SH,兰石重装,20220305,-5.0541516245487
603169.SH,兰石重装,20220304,-5.0541516245487
603169.SH,兰石重装,20220303,-5.0541516245487
603169.SH,兰石重装,20220302,-5.0541516245487
603169.SH,兰石重装,20220301,-5.0541516245487
603169.SH,兰石重装,20220228,12.297297297297
603169.SH,兰石重装,20220227,12.297297297297
603169.SH,兰石重装,20220226,12.297297297297
603169.SH,兰石重装,20220225,12.297297297297
603169.SH,兰石重装,20220224,12.297297297297
603169.SH,兰石重装,20220223,12.297297297297
603169.SH,兰石重装,20220222,12.297297297297
603169.SH,兰石重装,20220221,12.297297297297
603169.SH,兰石重装,20220220,12.297297297297
603169.SH,兰石重装,20220219,12.297297297297
603169.SH,兰石重装,20220218,12.297297297297
603169.SH,兰石重装,20220217,12.297297297297
603169.SH,兰石重装,20220216,12.297297297297
603169.SH,兰石重装,20220215,12.297297297297
603169.SH,兰石重装,20220214,12.297297297297
603169.SH,兰石重装,20220213,12.297297297297
603169.SH,兰石重装,20220212,12.297297297297
603169.SH,兰石重装,20220211,12.297297297297
603169.SH,兰石重装,20220210,12.297297297297
603169.SH,兰石重装,20220209,12.297297297297
603169.SH,兰石重装,20220208,12.297297297297
603169.SH,兰石重装,20220207,12.297297297297
603169.SH,兰石重装,20220206,12.297297297297
603169.SH,兰石重装,20220205,12.297297297297
603169.SH,兰石重装,20220204,12.297297297297
603169.SH,兰石重装,20220203,12.297297297297
603169.SH,兰石重装,20220202,12.297297297297
603169.SH,兰石重装,20220201,12.297297297297
603169.SH,兰石重装,20220131,-18.770581778266
603169.SH,兰石重装,20220130,-18.770581778266
603169.SH,兰石重装,20220129,-18.770581778266
603169.SH,兰石重装,20220128,-18.770581778266
603169.SH,兰石重装,20220127,-18.770581778266
603169.SH,兰石重装,20220126,-18.770581778266
603169.SH,兰石重装,20220125,-18.770581778266
603169.SH,兰石重装,20220124,-18.770581778266
603169.SH,兰石重装,20220123,-18.770581778266
603169.SH,兰石重装,20220122,-18.770581778266
603169.SH,兰石重装,20220121,-18.770581778266
603169.SH,兰石重装,20220120,-18.770581778266
603169.SH,兰石重装,20220119,-18.770581778266
603169.SH,兰石重装,20220118,-18.770581778266
603169.SH,兰石重装,20220117,-18.770581778266
603169.SH,兰石重装,20220116,-18.770581778266
603169.SH,兰石重装,20220115,-18.770581778266
603169.SH,兰石重装,20220114,-18.770581778266
603169.SH,兰石重装,20220113,-18.770581778266
603169.SH,兰石重装,20220112,-18.770581778266
603169.SH,兰石重装,20220111,-18.770581778266
603169.SH,兰石重装,20220110,-18.770581778266
603169.SH,兰石重装,20220109,-18.770581778266
603169.SH,兰石重装,20220108,-18.770581778266
603169.SH,兰石重装,20220107,-18.770581778266
603169.SH,兰石重装,20220106,-18.770581778266
603169.SH,兰石重装,20220105,-18.770581778266
603169.SH,兰石重装,20220104,-18.770581778266
603169.SH,兰石重装,20220103,-18.770581778266
603169.SH,兰石重装,20220102,-18.770581778266
603169.SH,兰石重装,20220101,-18.770581778266
603169.SH,兰石重装,20211231,42.789968652038
603169.SH,兰石重装,20211230,42.789968652038
603169.SH,兰石重装,20211229,42.789968652038
603169.SH,兰石重装,20211228,42.789968652038
603169.SH,兰石重装,20211227,42.789968652038
603169.SH,兰石重装,20211226,42.789968652038
603169.SH,兰石重装,20211225,42.789968652038
603169.SH,兰石重装,20211224,42.789968652038
603169.SH,兰石重装,20211223,42.789968652038
603169.SH,兰石重装,20211222,42.789968652038
603169.SH,兰石重装,20211221,42.789968652038
603169.SH,兰石重装,20211220,42.789968652038
603169.SH,兰石重装,20211219,42.789968652038
603169.SH,兰石重装,20211218,42.789968652038
603169.SH,兰石重装,20211217,42.789968652038
603169.SH,兰石重装,20211216,42.789968652038
603169.SH,兰石重装,20211215,42.789968652038
603169.SH,兰石重装,20211214,42.789968652038
603169.SH,兰石重装,20211213,42.789968652038
603169.SH,兰石重装,20211212,42.789968652038
603169.SH,兰石重装,20211211,42.789968652038
603169.SH,兰石重装,20211210,42.789968652038
603169.SH,兰石重装,20211209,42.789968652038
603169.SH,兰石重装,20211208,42.789968652038
603169.SH,兰石重装,20211207,42.789968652038
603169.SH,兰石重装,20211206,42.789968652038
603169.SH,兰石重装,20211205,42.789968652038
603169.SH,兰石重装,20211204,42.789968652038
603169.SH,兰石重装,20211203,42.789968652038
603169.SH,兰石重装,20211202,42.789968652038
603169.SH,兰石重装,20211201,42.789968652038
603169.SH,兰石重装,20211130,27.855711422846
603169.SH,兰石重装,20211129,27.855711422846
603169.SH,兰石重装,20211128,27.855711422846
603169.SH,兰石重装,20211127,27.855711422846
603169.SH,兰石重装,20211126,27.855711422846
603169.SH,兰石重装,20211125,27.855711422846
603169.SH,兰石重装,20211124,27.855711422846
603169.SH,兰石重装,20211123,27.855711422846
603169.SH,兰石重装,20211122,27.855711422846
603169.SH,兰石重装,20211121,27.855711422846
603169.SH,兰石重装,20211120,27.855711422846
603169.SH,兰石重装,20211119,27.855711422846
603169.SH,兰石重装,20211118,27.855711422846
603169.SH,兰石重装,20211117,27.855711422846
603169.SH,兰石重装,20211116,27.855711422846
603169.SH,兰石重装,20211115,27.855711422846
603169.SH,兰石重装,20211114,27.855711422846
603169.SH,兰石重装,20211113,27.855711422846
603169.SH,兰石重装,20211112,27.855711422846
603169.SH,兰石重装,20211111,27.855711422846
603169.SH,兰石重装,20211110,27.855711422846
603169.SH,兰石重装,20211109,27.855711422846
603169.SH,兰石重装,20211108,27.855711422846
603169.SH,兰石重装,20211107,27.855711422846
603169.SH,兰石重装,20211106,27.855711422846
603169.SH,兰石重装,20211105,27.855711422846
603169.SH,兰石重装,20211104,27.855711422846
603169.SH,兰石重装,20211103,27.855711422846
603169.SH,兰石重装,20211102,27.855711422846
603169.SH,兰石重装,20211101,27.855711422846
603169.SH,兰石重装,20211031,-9.2727272727273
603169.SH,兰石重装,20211030,-9.2727272727273
603169.SH,兰石重装,20211029,-9.2727272727273
603169.SH,兰石重装,20211028,-9.2727272727273
603169.SH,兰石重装,20211027,-9.2727272727273
603169.SH,兰石重装,20211026,-9.2727272727273
603169.SH,兰石重装,20211025,-9.2727272727273
603169.SH,兰石重装,20211024,-9.2727272727273
603169.SH,兰石重装,20211023,-9.2727272727273
603169.SH,兰石重装,20211022,-9.2727272727273
603169.SH,兰石重装,20211021,-9.2727272727273
603169.SH,兰石重装,20211020,-9.2727272727273
603169.SH,兰石重装,20211019,-9.2727272727273
603169.SH,兰石重装,20211018,-9.2727272727273
603169.SH,兰石重装,20211017,-9.2727272727273
603169.SH,兰石重装,20211016,-9.2727272727273
603169.SH,兰石重装,20211015,-9.2727272727273
603169.SH,兰石重装,20211014,-9.2727272727273
603169.SH,兰石重装,20211013,-9.2727272727273
603169.SH,兰石重装,20211012,-9.2727272727273
603169.SH,兰石重装,20211011,-9.2727272727273
603169.SH,兰石重装,20211010,-9.2727272727273
603169.SH,兰石重装,20211009,-9.2727272727273
603169.SH,兰石重装,20211008,-9.2727272727273
603169.SH,兰石重装,20211007,-9.2727272727273
603169.SH,兰石重装,20211006,-9.2727272727273
603169.SH,兰石重装,20211005,-9.2727272727273
603169.SH,兰石重装,20211004,-9.2727272727273
603169.SH,兰石重装,20211003,-9.2727272727273
603169.SH,兰石重装,20211002,-9.2727272727273
603169.SH,兰石重装,20211001,-9.2727272727273
603169.SH,兰石重装,20210930,-10.858995137763
603169.SH,兰石重装,20210929,-10.858995137763
603169.SH,兰石重装,20210928,-10.858995137763
603169.SH,兰石重装,20210927,-10.858995137763
603169.SH,兰石重装,20210926,-10.858995137763
603169.SH,兰石重装,20210925,-10.858995137763
603169.SH,兰石重装,20210924,-10.858995137763
603169.SH,兰石重装,20210923,-10.858995137763
603169.SH,兰石重装,20210922,-10.858995137763
603169.SH,兰石重装,20210921,-10.858995137763
603169.SH,兰石重装,20210920,-10.858995137763
603169.SH,兰石重装,20210919,-10.858995137763
603169.SH,兰石重装,20210918,-10.858995137763
603169.SH,兰石重装,20210917,-10.858995137763
603169.SH,兰石重装,20210916,-10.858995137763
603169.SH,兰石重装,20210915,-10.858995137763
603169.SH,兰石重装,20210914,-10.858995137763
603169.SH,兰石重装,20210913,-10.858995137763
603169.SH,兰石重装,20210912,-10.858995137763
603169.SH,兰石重装,20210911,-10.858995137763
603169.SH,兰石重装,20210910,-10.858995137763
603169.SH,兰石重装,20210909,-10.858995137763
603169.SH,兰石重装,20210908,-10.858995137763
603169.SH,兰石重装,20210907,-10.858995137763
603169.SH,兰石重装,20210906,-10.858995137763
603169.SH,兰石重装,20210905,-10.858995137763
603169.SH,兰石重装,20210904,-10.858995137763
603169.SH,兰石重装,20210903,-10.858995137763
603169.SH,兰石重装,20210902,-10.858995137763
603169.SH,兰石重装,20210901,-10.858995137763
603169.SH,兰石重装,20210831,25.661914460285
603169.SH,兰石重装,20210830,25.661914460285
603169.SH,兰石重装,20210829,25.661914460285
603169.SH,兰石重装,20210828,25.661914460285
603169.SH,兰石重装,20210827,25.661914460285
603169.SH,兰石重装,20210826,25.661914460285
603169.SH,兰石重装,20210825,25.661914460285
603169.SH,兰石重装,20210824,25.661914460285
603169.SH,兰石重装,20210823,25.661914460285
603169.SH,兰石重装,20210822,25.661914460285
603169.SH,兰石重装,20210821,25.661914460285
603169.SH,兰石重装,20210820,25.661914460285
603169.SH,兰石重装,20210819,25.661914460285
603169.SH,兰石重装,20210818,25.661914460285
603169.SH,兰石重装,20210817,25.661914460285
603169.SH,兰石重装,20210816,25.661914460285
603169.SH,兰石重装,20210815,25.661914460285
603169.SH,兰石重装,20210814,25.661914460285
603169.SH,兰石重装,20210813,25.661914460285
603169.SH,兰石重装,20210812,25.661914460285
603169.SH,兰石重装,20210811,25.661914460285
603169.SH,兰石重装,20210810,25.661914460285
603169.SH,兰石重装,20210809,25.661914460285
603169.SH,兰石重装,20210808,25.661914460285
603169.SH,兰石重装,20210807,25.661914460285
603169.SH,兰石重装,20210806,25.661914460285
603169.SH,兰石重装,20210805,25.661914460285
603169.SH,兰石重装,20210804,25.661914460285
603169.SH,兰石重装,20210803,25.661914460285
603169.SH,兰石重装,20210802,25.661914460285
603169.SH,兰石重装,20210801,25.661914460285
603169.SH,兰石重装,20210731,11.085972850679
603169.SH,兰石重装,20210730,11.085972850679
603169.SH,兰石重装,20210729,11.085972850679
603169.SH,兰石重装,20210728,11.085972850679
603169.SH,兰石重装,20210727,11.085972850679
603169.SH,兰石重装,20210726,11.085972850679
603169.SH,兰石重装,20210725,11.085972850679
603169.SH,兰石重装,20210724,11.085972850679
603169.SH,兰石重装,20210723,11.085972850679
603169.SH,兰石重装,20210722,11.085972850679
603169.SH,兰石重装,20210721,11.085972850679
603169.SH,兰石重装,20210720,11.085972850679
603169.SH,兰石重装,20210719,11.085972850679
603169.SH,兰石重装,20210718,11.085972850679
603169.SH,兰石重装,20210717,11.085972850679
603169.SH,兰石重装,20210716,11.085972850679
603169.SH,兰石重装,20210715,11.085972850679
603169.SH,兰石重装,20210714,11.085972850679
603169.SH,兰石重装,20210713,11.085972850679
603169.SH,兰石重装,20210712,11.085972850679
603169.SH,兰石重装,20210711,11.085972850679
603169.SH,兰石重装,20210710,11.085972850679
603169.SH,兰石重装,20210709,11.085972850679
603169.SH,兰石重装,20210708,11.085972850679
603169.SH,兰石重装,20210707,11.085972850679
603169.SH,兰石重装,20210706,11.085972850679
603169.SH,兰石重装,20210705,11.085972850679
603169.SH,兰石重装,20210704,11.085972850679
603169.SH,兰石重装,20210703,11.085972850679
603169.SH,兰石重装,20210702,11.085972850679
603169.SH,兰石重装,20210701,11.085972850679
603169.SH,兰石重装,20210630,-4.7413793103448
603169.SH,兰石重装,20210629,-4.7413793103448
603169.SH,兰石重装,20210628,-4.7413793103448
603169.SH,兰石重装,20210627,-4.7413793103448
603169.SH,兰石重装,20210626,-4.7413793103448
603169.SH,兰石重装,20210625,-4.7413793103448
603169.SH,兰石重装,20210624,-4.7413793103448
603169.SH,兰石重装,20210623,-4.7413793103448
603169.SH,兰石重装,20210622,-4.7413793103448
603169.SH,兰石重装,20210621,-4.7413793103448
603169.SH,兰石重装,20210620,-4.7413793103448
603169.SH,兰石重装,20210619,-4.7413793103448
603169.SH,兰石重装,20210618,-4.7413793103448
603169.SH,兰石重装,20210617,-4.7413793103448
603169.SH,兰石重装,20210616,-4.7413793103448
603169.SH,兰石重装,20210615,-4.7413793103448
603169.SH,兰石重装,20210614,-4.7413793103448
603169.SH,兰石重装,20210613,-4.7413793103448
603169.SH,兰石重装,20210612,-4.7413793103448
603169.SH,兰石重装,20210611,-4.7413793103448
603169.SH,兰石重装,20210610,-4.7413793103448
603169.SH,兰石重装,20210609,-4.7413793103448
603169.SH,兰石重装,20210608,-4.7413793103448
603169.SH,兰石重装,20210607,-4.7413793103448
603169.SH,兰石重装,20210606,-4.7413793103448
603169.SH,兰石重装,20210605,-4.7413793103448
603169.SH,兰石重装,20210604,-4.7413793103448
603169.SH,兰石重装,20210603,-4.7413793103448
603169.SH,兰石重装,20210602,-4.7413793103448
603169.SH,兰石重装,20210601,-4.7413793103448
603169.SH,兰石重装,20210531,11.270983213429
603169.SH,兰石重装,20210530,11.270983213429
603169.SH,兰石重装,20210529,11.270983213429
603169.SH,兰石重装,20210528,11.270983213429
603169.SH,兰石重装,20210527,11.270983213429
603169.SH,兰石重装,20210526,11.270983213429
603169.SH,兰石重装,20210525,11.270983213429
603169.SH,兰石重装,20210524,11.270983213429
603169.SH,兰石重装,20210523,11.270983213429
603169.SH,兰石重装,20210522,11.270983213429
603169.SH,兰石重装,20210521,11.270983213429
603169.SH,兰石重装,20210520,11.270983213429
603169.SH,兰石重装,20210519,11.270983213429
603169.SH,兰石重装,20210518,11.270983213429
603169.SH,兰石重装,20210517,11.270983213429
603169.SH,兰石重装,20210516,11.270983213429
603169.SH,兰石重装,20210515,11.270983213429
603169.SH,兰石重装,20210514,11.270983213429
603169.SH,兰石重装,20210513,11.270983213429
603169.SH,兰石重装,20210512,11.270983213429
603169.SH,兰石重装,20210511,11.270983213429
603169.SH,兰石重装,20210510,11.270983213429
603169.SH,兰石重装,20210509,11.270983213429
603169.SH,兰石重装,20210508,11.270983213429
603169.SH,兰石重装,20210507,11.270983213429
603169.SH,兰石重装,20210506,11.270983213429
603169.SH,兰石重装,20210505,11.270983213429
603169.SH,兰石重装,20210504,11.270983213429
603169.SH,兰石重装,20210503,11.270983213429
603169.SH,兰石重装,20210502,11.270983213429
603169.SH,兰石重装,20210501,11.270983213429
603169.SH,兰石重装,20210430,-16.432865731463
603169.SH,兰石重装,20210429,-16.432865731463
603169.SH,兰石重装,20210428,-16.432865731463
603169.SH,兰石重装,20210427,-16.432865731463
603169.SH,兰石重装,20210426,-16.432865731463
603169.SH,兰石重装,20210425,-16.432865731463
603169.SH,兰石重装,20210424,-16.432865731463
603169.SH,兰石重装,20210423,-16.432865731463
603169.SH,兰石重装,20210422,-16.432865731463
603169.SH,兰石重装,20210421,-16.432865731463
603169.SH,兰石重装,20210420,-16.432865731463
603169.SH,兰石重装,20210419,-16.432865731463
603169.SH,兰石重装,20210418,-16.432865731463
603169.SH,兰石重装,20210417,-16.432865731463
603169.SH,兰石重装,20210416,-16.432865731463
603169.SH,兰石重装,20210415,-16.432865731463
603169.SH,兰石重装,20210414,-16.432865731463
603169.SH,兰石重装,20210413,-16.432865731463
603169.SH,兰石重装,20210412,-16.432865731463
603169.SH,兰石重装,20210411,-16.432865731463
603169.SH,兰石重装,20210410,-16.432865731463
603169.SH,兰石重装,20210409,-16.432865731463
603169.SH,兰石重装,20210408,-16.432865731463
603169.SH,兰石重装,20210407,-16.432865731463
603169.SH,兰石重装,20210406,-16.432865731463
603169.SH,兰石重装,20210405,-16.432865731463
603169.SH,兰石重装,20210404,-16.432865731463
603169.SH,兰石重装,20210403,-16.432865731463
603169.SH,兰石重装,20210402,-16.432865731463
603169.SH,兰石重装,20210401,-16.432865731463
603169.SH,兰石重装,20210331,35.967302452316
603169.SH,兰石重装,20210330,35.967302452316
603169.SH,兰石重装,20210329,35.967302452316
603169.SH,兰石重装,20210328,35.967302452316
603169.SH,兰石重装,20210327,35.967302452316
603169.SH,兰石重装,20210326,35.967302452316
603169.SH,兰石重装,20210325,35.967302452316
603169.SH,兰石重装,20210324,35.967302452316
603169.SH,兰石重装,20210323,35.967302452316
603169.SH,兰石重装,20210322,35.967302452316
603169.SH,兰石重装,20210321,35.967302452316
603169.SH,兰石重装,20210320,35.967302452316
603169.SH,兰石重装,20210319,35.967302452316
603169.SH,兰石重装,20210318,35.967302452316
603169.SH,兰石重装,20210317,35.967302452316
603169.SH,兰石重装,20210316,35.967302452316
603169.SH,兰石重装,20210315,35.967302452316
603169.SH,兰石重装,20210314,35.967302452316
603169.SH,兰石重装,20210313,35.967302452316
603169.SH,兰石重装,20210312,35.967302452316
603169.SH,兰石重装,20210311,35.967302452316
603169.SH,兰石重装,20210310,35.967302452316
603169.SH,兰石重装,20210309,35.967302452316
603169.SH,兰石重装,20210308,35.967302452316
603169.SH,兰石重装,20210307,35.967302452316
603169.SH,兰石重装,20210306,35.967302452316
603169.SH,兰石重装,20210305,35.967302452316
603169.SH,兰石重装,20210304,35.967302452316
603169.SH,兰石重装,20210303,35.967302452316
603169.SH,兰石重装,20210302,35.967302452316
603169.SH,兰石重装,20210301,35.967302452316
603169.SH,兰石重装,20210228,-7.7889447236181
603169.SH,兰石重装,20210227,-7.7889447236181
603169.SH,兰石重装,20210226,-7.7889447236181
603169.SH,兰石重装,20210225,-7.7889447236181
603169.SH,兰石重装,20210224,-7.7889447236181
603169.SH,兰石重装,20210223,-7.7889447236181
603169.SH,兰石重装,20210222,-7.7889447236181
603169.SH,兰石重装,20210221,-7.7889447236181
603169.SH,兰石重装,20210220,-7.7889447236181
603169.SH,兰石重装,20210219,-7.7889447236181
603169.SH,兰石重装,20210218,-7.7889447236181
603169.SH,兰石重装,20210217,-7.7889447236181
603169.SH,兰石重装,20210216,-7.7889447236181
603169.SH,兰石重装,20210215,-7.7889447236181
603169.SH,兰石重装,20210214,-7.7889447236181
603169.SH,兰石重装,20210213,-7.7889447236181
603169.SH,兰石重装,20210212,-7.7889447236181
603169.SH,兰石重装,20210211,-7.7889447236181
603169.SH,兰石重装,20210210,-7.7889447236181
603169.SH,兰石重装,20210209,-7.7889447236181
603169.SH,兰石重装,20210208,-7.7889447236181
603169.SH,兰石重装,20210207,-7.7889447236181
603169.SH,兰石重装,20210206,-7.7889447236181
603169.SH,兰石重装,20210205,-7.7889447236181
603169.SH,兰石重装,20210204,-7.7889447236181
603169.SH,兰石重装,20210203,-7.7889447236181
603169.SH,兰石重装,20210202,-7.7889447236181
603169.SH,兰石重装,20210201,-7.7889447236181
603169.SH,兰石重装,20210131,-14.408602150538
603169.SH,兰石重装,20210130,-14.408602150538
603169.SH,兰石重装,20210129,-14.408602150538
603169.SH,兰石重装,20210128,-14.408602150538
603169.SH,兰石重装,20210127,-14.408602150538
603169.SH,兰石重装,20210126,-14.408602150538
603169.SH,兰石重装,20210125,-14.408602150538
603169.SH,兰石重装,20210124,-14.408602150538
603169.SH,兰石重装,20210123,-14.408602150538
603169.SH,兰石重装,20210122,-14.408602150538
603169.SH,兰石重装,20210121,-14.408602150538
603169.SH,兰石重装,20210120,-14.408602150538
603169.SH,兰石重装,20210119,-14.408602150538
603169.SH,兰石重装,20210118,-14.408602150538
603169.SH,兰石重装,20210117,-14.408602150538
603169.SH,兰石重装,20210116,-14.408602150538
603169.SH,兰石重装,20210115,-14.408602150538
603169.SH,兰石重装,20210114,-14.408602150538
603169.SH,兰石重装,20210113,-14.408602150538
603169.SH,兰石重装,20210112,-14.408602150538
603169.SH,兰石重装,20210111,-14.408602150538
603169.SH,兰石重装,20210110,-14.408602150538
603169.SH,兰石重装,20210109,-14.408602150538
603169.SH,兰石重装,20210108,-14.408602150538
603169.SH,兰石重装,20210107,-14.408602150538
603169.SH,兰石重装,20210106,-14.408602150538
603169.SH,兰石重装,20210105,-14.408602150538
603169.SH,兰石重装,20210104,-14.408602150538
603169.SH,兰石重装,20210103,-14.408602150538
603169.SH,兰石重装,20210102,-14.408602150538
603169.SH,兰石重装,20210101,-14.408602150538
603169.SH,兰石重装,20201231,3.5634743875278
603169.SH,兰石重装,20201230,3.5634743875278
603169.SH,兰石重装,20201229,3.5634743875278
603169.SH,兰石重装,20201228,3.5634743875278
603169.SH,兰石重装,20201227,3.5634743875278
603169.SH,兰石重装,20201226,3.5634743875278
603169.SH,兰石重装,20201225,3.5634743875278
603169.SH,兰石重装,20201224,3.5634743875278
603169.SH,兰石重装,20201223,3.5634743875278
603169.SH,兰石重装,20201222,3.5634743875278
603169.SH,兰石重装,20201221,3.5634743875278
603169.SH,兰石重装,20201220,3.5634743875278
603169.SH,兰石重装,20201219,3.5634743875278
603169.SH,兰石重装,20201218,3.5634743875278
603169.SH,兰石重装,20201217,3.5634743875278
603169.SH,兰石重装,20201216,3.5634743875278
603169.SH,兰石重装,20201215,3.5634743875278
603169.SH,兰石重装,20201214,3.5634743875278
603169.SH,兰石重装,20201213,3.5634743875278
603169.SH,兰石重装,20201212,3.5634743875278
603169.SH,兰石重装,20201211,3.5634743875278
603169.SH,兰石重装,20201210,3.5634743875278
603169.SH,兰石重装,20201209,3.5634743875278
603169.SH,兰石重装,20201208,3.5634743875278
603169.SH,兰石重装,20201207,3.5634743875278
603169.SH,兰石重装,20201206,3.5634743875278
603169.SH,兰石重装,20201205,3.5634743875278
603169.SH,兰石重装,20201204,3.5634743875278
603169.SH,兰石重装,20201203,3.5634743875278
603169.SH,兰石重装,20201202,3.5634743875278
603169.SH,兰石重装,20201201,3.5634743875278
603169.SH,兰石重装,20201130,3.6951501154734
603169.SH,兰石重装,20201129,3.6951501154734
603169.SH,兰石重装,20201128,3.6951501154734
603169.SH,兰石重装,20201127,3.6951501154734
603169.SH,兰石重装,20201126,3.6951501154734
603169.SH,兰石重装,20201125,3.6951501154734
603169.SH,兰石重装,20201124,3.6951501154734
603169.SH,兰石重装,20201123,3.6951501154734
603169.SH,兰石重装,20201122,3.6951501154734
603169.SH,兰石重装,20201121,3.6951501154734
603169.SH,兰石重装,20201120,3.6951501154734
603169.SH,兰石重装,20201119,3.6951501154734
603169.SH,兰石重装,20201118,3.6951501154734
603169.SH,兰石重装,20201117,3.6951501154734
603169.SH,兰石重装,20201116,3.6951501154734
603169.SH,兰石重装,20201115,3.6951501154734
603169.SH,兰石重装,20201114,3.6951501154734
603169.SH,兰石重装,20201113,3.6951501154734
603169.SH,兰石重装,20201112,3.6951501154734
603169.SH,兰石重装,20201111,3.6951501154734
603169.SH,兰石重装,20201110,3.6951501154734
603169.SH,兰石重装,20201109,3.6951501154734
603169.SH,兰石重装,20201108,3.6951501154734
603169.SH,兰石重装,20201107,3.6951501154734
603169.SH,兰石重装,20201106,3.6951501154734
603169.SH,兰石重装,20201105,3.6951501154734
603169.SH,兰石重装,20201104,3.6951501154734
603169.SH,兰石重装,20201103,3.6951501154734
603169.SH,兰石重装,20201102,3.6951501154734
603169.SH,兰石重装,20201101,3.6951501154734
603169.SH,兰石重装,20201031,-1.1415525114155
603169.SH,兰石重装,20201030,-1.1415525114155
603169.SH,兰石重装,20201029,-1.1415525114155
603169.SH,兰石重装,20201028,-1.1415525114155
603169.SH,兰石重装,20201027,-1.1415525114155
603169.SH,兰石重装,20201026,-1.1415525114155
603169.SH,兰石重装,20201025,-1.1415525114155
603169.SH,兰石重装,20201024,-1.1415525114155
603169.SH,兰石重装,20201023,-1.1415525114155
603169.SH,兰石重装,20201022,-1.1415525114155
603169.SH,兰石重装,20201021,-1.1415525114155
603169.SH,兰石重装,20201020,-1.1415525114155
603169.SH,兰石重装,20201019,-1.1415525114155
603169.SH,兰石重装,20201018,-1.1415525114155
603169.SH,兰石重装,20201017,-1.1415525114155
603169.SH,兰石重装,20201016,-1.1415525114155
603169.SH,兰石重装,20201015,-1.1415525114155
603169.SH,兰石重装,20201014,-1.1415525114155
603169.SH,兰石重装,20201013,-1.1415525114155
603169.SH,兰石重装,20201012,-1.1415525114155
603169.SH,兰石重装,20201011,-1.1415525114155
603169.SH,兰石重装,20201010,-1.1415525114155
603169.SH,兰石重装,20201009,-1.1415525114155
603169.SH,兰石重装,20201008,-1.1415525114155
603169.SH,兰石重装,20201007,-1.1415525114155
603169.SH,兰石重装,20201006,-1.1415525114155
603169.SH,兰石重装,20201005,-1.1415525114155
603169.SH,兰石重装,20201004,-1.1415525114155
603169.SH,兰石重装,20201003,-1.1415525114155
603169.SH,兰石重装,20201002,-1.1415525114155
603169.SH,兰石重装,20201001,-1.1415525114155
603169.SH,兰石重装,20200930,-16.571428571429
603169.SH,兰石重装,20200929,-16.571428571429
603169.SH,兰石重装,20200928,-16.571428571429
603169.SH,兰石重装,20200927,-16.571428571429
603169.SH,兰石重装,20200926,-16.571428571429
603169.SH,兰石重装,20200925,-16.571428571429
603169.SH,兰石重装,20200924,-16.571428571429
603169.SH,兰石重装,20200923,-16.571428571429
603169.SH,兰石重装,20200922,-16.571428571429
603169.SH,兰石重装,20200921,-16.571428571429
603169.SH,兰石重装,20200920,-16.571428571429
603169.SH,兰石重装,20200919,-16.571428571429
603169.SH,兰石重装,20200918,-16.571428571429
603169.SH,兰石重装,20200917,-16.571428571429
603169.SH,兰石重装,20200916,-16.571428571429
603169.SH,兰石重装,20200915,-16.571428571429
603169.SH,兰石重装,20200914,-16.571428571429
603169.SH,兰石重装,20200913,-16.571428571429
603169.SH,兰石重装,20200912,-16.571428571429
603169.SH,兰石重装,20200911,-16.571428571429
603169.SH,兰石重装,20200910,-16.571428571429
603169.SH,兰石重装,20200909,-16.571428571429
603169.SH,兰石重装,20200908,-16.571428571429
603169.SH,兰石重装,20200907,-16.571428571429
603169.SH,兰石重装,20200906,-16.571428571429
603169.SH,兰石重装,20200905,-16.571428571429
603169.SH,兰石重装,20200904,-16.571428571429
603169.SH,兰石重装,20200903,-16.571428571429
603169.SH,兰石重装,20200902,-16.571428571429
603169.SH,兰石重装,20200901,-16.571428571429
603169.SH,兰石重装,20200831,1.7441860465116
603169.SH,兰石重装,20200830,1.7441860465116
603169.SH,兰石重装,20200829,1.7441860465116
603169.SH,兰石重装,20200828,1.7441860465116
603169.SH,兰石重装,20200827,1.7441860465116
603169.SH,兰石重装,20200826,1.7441860465116
603169.SH,兰石重装,20200825,1.7441860465116
603169.SH,兰石重装,20200824,1.7441860465116
603169.SH,兰石重装,20200823,1.7441860465116
603169.SH,兰石重装,20200822,1.7441860465116
603169.SH,兰石重装,20200821,1.7441860465116
603169.SH,兰石重装,20200820,1.7441860465116
603169.SH,兰石重装,20200819,1.7441860465116
603169.SH,兰石重装,20200818,1.7441860465116
603169.SH,兰石重装,20200817,1.7441860465116
603169.SH,兰石重装,20200816,1.7441860465116
603169.SH,兰石重装,20200815,1.7441860465116
603169.SH,兰石重装,20200814,1.7441860465116
603169.SH,兰石重装,20200813,1.7441860465116
603169.SH,兰石重装,20200812,1.7441860465116
603169.SH,兰石重装,20200811,1.7441860465116
603169.SH,兰石重装,20200810,1.7441860465116
603169.SH,兰石重装,20200809,1.7441860465116
603169.SH,兰石重装,20200808,1.7441860465116
603169.SH,兰石重装,20200807,1.7441860465116
603169.SH,兰石重装,20200806,1.7441860465116
603169.SH,兰石重装,20200805,1.7441860465116
603169.SH,兰石重装,20200804,1.7441860465116
603169.SH,兰石重装,20200803,1.7441860465116
603169.SH,兰石重装,20200802,1.7441860465116
603169.SH,兰石重装,20200801,1.7441860465116
603169.SH,兰石重装,20200731,23.444976076555
603169.SH,兰石重装,20200730,23.444976076555
603169.SH,兰石重装,20200729,23.444976076555
603169.SH,兰石重装,20200728,23.444976076555
603169.SH,兰石重装,20200727,23.444976076555
603169.SH,兰石重装,20200726,23.444976076555
603169.SH,兰石重装,20200725,23.444976076555
603169.SH,兰石重装,20200724,23.444976076555
603169.SH,兰石重装,20200723,23.444976076555
603169.SH,兰石重装,20200722,23.444976076555
603169.SH,兰石重装,20200721,23.444976076555
603169.SH,兰石重装,20200720,23.444976076555
603169.SH,兰石重装,20200719,23.444976076555
603169.SH,兰石重装,20200718,23.444976076555
603169.SH,兰石重装,20200717,23.444976076555
603169.SH,兰石重装,20200716,23.444976076555
603169.SH,兰石重装,20200715,23.444976076555
603169.SH,兰石重装,20200714,23.444976076555
603169.SH,兰石重装,20200713,23.444976076555
603169.SH,兰石重装,20200712,23.444976076555
603169.SH,兰石重装,20200711,23.444976076555
603169.SH,兰石重装,20200710,23.444976076555
603169.SH,兰石重装,20200709,23.444976076555
603169.SH,兰石重装,20200708,23.444976076555
603169.SH,兰石重装,20200707,23.444976076555
603169.SH,兰石重装,20200706,23.444976076555
603169.SH,兰石重装,20200705,23.444976076555
603169.SH,兰石重装,20200704,23.444976076555
603169.SH,兰石重装,20200703,23.444976076555
603169.SH,兰石重装,20200702,23.444976076555
603169.SH,兰石重装,20200701,23.444976076555
603169.SH,兰石重装,20200630,0.96618357487923
603169.SH,兰石重装,20200629,0.96618357487923
603169.SH,兰石重装,20200628,0.96618357487923
603169.SH,兰石重装,20200627,0.96618357487923
603169.SH,兰石重装,20200626,0.96618357487923
603169.SH,兰石重装,20200625,0.96618357487923
603169.SH,兰石重装,20200624,0.96618357487923
603169.SH,兰石重装,20200623,0.96618357487923
603169.SH,兰石重装,20200622,0.96618357487923
603169.SH,兰石重装,20200621,0.96618357487923
603169.SH,兰石重装,20200620,0.96618357487923
603169.SH,兰石重装,20200619,0.96618357487923
603169.SH,兰石重装,20200618,0.96618357487923
603169.SH,兰石重装,20200617,0.96618357487923
603169.SH,兰石重装,20200616,0.96618357487923
603169.SH,兰石重装,20200615,0.96618357487923
603169.SH,兰石重装,20200614,0.96618357487923
603169.SH,兰石重装,20200613,0.96618357487923
603169.SH,兰石重装,20200612,0.96618357487923
603169.SH,兰石重装,20200611,0.96618357487923
603169.SH,兰石重装,20200610,0.96618357487923
603169.SH,兰石重装,20200609,0.96618357487923
603169.SH,兰石重装,20200608,0.96618357487923
603169.SH,兰石重装,20200607,0.96618357487923
603169.SH,兰石重装,20200606,0.96618357487923
603169.SH,兰石重装,20200605,0.96618357487923
603169.SH,兰石重装,20200604,0.96618357487923
603169.SH,兰石重装,20200603,0.96618357487923
603169.SH,兰石重装,20200602,0.96618357487923
603169.SH,兰石重装,20200601,0.96618357487923
603169.SH,兰石重装,20200531,-8.8105726872247
603169.SH,兰石重装,20200530,-8.8105726872247
603169.SH,兰石重装,20200529,-8.8105726872247
603169.SH,兰石重装,20200528,-8.8105726872247
603169.SH,兰石重装,20200527,-8.8105726872247
603169.SH,兰石重装,20200526,-8.8105726872247
603169.SH,兰石重装,20200525,-8.8105726872247
603169.SH,兰石重装,20200524,-8.8105726872247
603169.SH,兰石重装,20200523,-8.8105726872247
603169.SH,兰石重装,20200522,-8.8105726872247
603169.SH,兰石重装,20200521,-8.8105726872247
603169.SH,兰石重装,20200520,-8.8105726872247
603169.SH,兰石重装,20200519,-8.8105726872247
603169.SH,兰石重装,20200518,-8.8105726872247
603169.SH,兰石重装,20200517,-8.8105726872247
603169.SH,兰石重装,20200516,-8.8105726872247
603169.SH,兰石重装,20200515,-8.8105726872247
603169.SH,兰石重装,20200514,-8.8105726872247
603169.SH,兰石重装,20200513,-8.8105726872247
603169.SH,兰石重装,20200512,-8.8105726872247
603169.SH,兰石重装,20200511,-8.8105726872247
603169.SH,兰石重装,20200510,-8.8105726872247
603169.SH,兰石重装,20200509,-8.8105726872247
603169.SH,兰石重装,20200508,-8.8105726872247
603169.SH,兰石重装,20200507,-8.8105726872247
603169.SH,兰石重装,20200506,-8.8105726872247
603169.SH,兰石重装,20200505,-8.8105726872247
603169.SH,兰石重装,20200504,-8.8105726872247
603169.SH,兰石重装,20200503,-8.8105726872247
603169.SH,兰石重装,20200502,-8.8105726872247
603169.SH,兰石重装,20200501,-8.8105726872247
603169.SH,兰石重装,20200430,1.5659955257271
603169.SH,兰石重装,20200429,1.5659955257271
603169.SH,兰石重装,20200428,1.5659955257271
603169.SH,兰石重装,20200427,1.5659955257271
603169.SH,兰石重装,20200426,1.5659955257271
603169.SH,兰石重装,20200425,1.5659955257271
603169.SH,兰石重装,20200424,1.5659955257271
603169.SH,兰石重装,20200423,1.5659955257271
603169.SH,兰石重装,20200422,1.5659955257271
603169.SH,兰石重装,20200421,1.5659955257271
603169.SH,兰石重装,20200420,1.5659955257271
603169.SH,兰石重装,20200419,1.5659955257271
603169.SH,兰石重装,20200418,1.5659955257271
603169.SH,兰石重装,20200417,1.5659955257271
603169.SH,兰石重装,20200416,1.5659955257271
603169.SH,兰石重装,20200415,1.5659955257271
603169.SH,兰石重装,20200414,1.5659955257271
603169.SH,兰石重装,20200413,1.5659955257271
603169.SH,兰石重装,20200412,1.5659955257271
603169.SH,兰石重装,20200411,1.5659955257271
603169.SH,兰石重装,20200410,1.5659955257271
603169.SH,兰石重装,20200409,1.5659955257271
603169.SH,兰石重装,20200408,1.5659955257271
603169.SH,兰石重装,20200407,1.5659955257271
603169.SH,兰石重装,20200406,1.5659955257271
603169.SH,兰石重装,20200405,1.5659955257271
603169.SH,兰石重装,20200404,1.5659955257271
603169.SH,兰石重装,20200403,1.5659955257271
603169.SH,兰石重装,20200402,1.5659955257271
603169.SH,兰石重装,20200401,1.5659955257271
603169.SH,兰石重装,20200331,-6.2893081761006
603169.SH,兰石重装,20200330,-6.2893081761006
603169.SH,兰石重装,20200329,-6.2893081761006
603169.SH,兰石重装,20200328,-6.2893081761006
603169.SH,兰石重装,20200327,-6.2893081761006
603169.SH,兰石重装,20200326,-6.2893081761006
603169.SH,兰石重装,20200325,-6.2893081761006
603169.SH,兰石重装,20200324,-6.2893081761006
603169.SH,兰石重装,20200323,-6.2893081761006
603169.SH,兰石重装,20200322,-6.2893081761006
603169.SH,兰石重装,20200321,-6.2893081761006
603169.SH,兰石重装,20200320,-6.2893081761006
603169.SH,兰石重装,20200319,-6.2893081761006
603169.SH,兰石重装,20200318,-6.2893081761006
603169.SH,兰石重装,20200317,-6.2893081761006
603169.SH,兰石重装,20200316,-6.2893081761006
603169.SH,兰石重装,20200315,-6.2893081761006
603169.SH,兰石重装,20200314,-6.2893081761006
603169.SH,兰石重装,20200313,-6.2893081761006
603169.SH,兰石重装,20200312,-6.2893081761006
603169.SH,兰石重装,20200311,-6.2893081761006
603169.SH,兰石重装,20200310,-6.2893081761006
603169.SH,兰石重装,20200309,-6.2893081761006
603169.SH,兰石重装,20200308,-6.2893081761006
603169.SH,兰石重装,20200307,-6.2893081761006
603169.SH,兰石重装,20200306,-6.2893081761006
603169.SH,兰石重装,20200305,-6.2893081761006
603169.SH,兰石重装,20200304,-6.2893081761006
603169.SH,兰石重装,20200303,-6.2893081761006
603169.SH,兰石重装,20200302,-6.2893081761006
603169.SH,兰石重装,20200301,-6.2893081761006
603169.SH,兰石重装,20200229,-10.506566604128
603169.SH,兰石重装,20200228,-10.506566604128
603169.SH,兰石重装,20200227,-10.506566604128
603169.SH,兰石重装,20200226,-10.506566604128
603169.SH,兰石重装,20200225,-10.506566604128
603169.SH,兰石重装,20200224,-10.506566604128
603169.SH,兰石重装,20200223,-10.506566604128
603169.SH,兰石重装,20200222,-10.506566604128
603169.SH,兰石重装,20200221,-10.506566604128
603169.SH,兰石重装,20200220,-10.506566604128
603169.SH,兰石重装,20200219,-10.506566604128
603169.SH,兰石重装,20200218,-10.506566604128
603169.SH,兰石重装,20200217,-10.506566604128
603169.SH,兰石重装,20200216,-10.506566604128
603169.SH,兰石重装,20200215,-10.506566604128
603169.SH,兰石重装,20200214,-10.506566604128
603169.SH,兰石重装,20200213,-10.506566604128
603169.SH,兰石重装,20200212,-10.506566604128
603169.SH,兰石重装,20200211,-10.506566604128
603169.SH,兰石重装,20200210,-10.506566604128
603169.SH,兰石重装,20200209,-10.506566604128
603169.SH,兰石重装,20200208,-10.506566604128
603169.SH,兰石重装,20200207,-10.506566604128
603169.SH,兰石重装,20200206,-10.506566604128
603169.SH,兰石重装,20200205,-10.506566604128
603169.SH,兰石重装,20200204,-10.506566604128
603169.SH,兰石重装,20200203,-10.506566604128
603169.SH,兰石重装,20200202,-10.506566604128
603169.SH,兰石重装,20200201,-10.506566604128
603169.SH,兰石重装,20200131,-8.7328767123288
603169.SH,兰石重装,20200130,-8.7328767123288
603169.SH,兰石重装,20200129,-8.7328767123288
603169.SH,兰石重装,20200128,-8.7328767123288
603169.SH,兰石重装,20200127,-8.7328767123288
603169.SH,兰石重装,20200126,-8.7328767123288
603169.SH,兰石重装,20200125,-8.7328767123288
603169.SH,兰石重装,20200124,-8.7328767123288
603169.SH,兰石重装,20200123,-8.7328767123288
603169.SH,兰石重装,20200122,-8.7328767123288
603169.SH,兰石重装,20200121,-8.7328767123288
603169.SH,兰石重装,20200120,-8.7328767123288
603169.SH,兰石重装,20200119,-8.7328767123288
603169.SH,兰石重装,20200118,-8.7328767123288
603169.SH,兰石重装,20200117,-8.7328767123288
603169.SH,兰石重装,20200116,-8.7328767123288
603169.SH,兰石重装,20200115,-8.7328767123288
603169.SH,兰石重装,20200114,-8.7328767123288
603169.SH,兰石重装,20200113,-8.7328767123288
603169.SH,兰石重装,20200112,-8.7328767123288
603169.SH,兰石重装,20200111,-8.7328767123288
603169.SH,兰石重装,20200110,-8.7328767123288
603169.SH,兰石重装,20200109,-8.7328767123288
603169.SH,兰石重装,20200108,-8.7328767123288
603169.SH,兰石重装,20200107,-8.7328767123288
603169.SH,兰石重装,20200106,-8.7328767123288
603169.SH,兰石重装,20200105,-8.7328767123288
603169.SH,兰石重装,20200104,-8.7328767123288
603169.SH,兰石重装,20200103,-8.7328767123288
603169.SH,兰石重装,20200102,-8.7328767123288
603169.SH,兰石重装,20200101,-8.7328767123288
603169.SH,兰石重装,20191231,3.5460992907801
603169.SH,兰石重装,20191230,3.5460992907801
603169.SH,兰石重装,20191229,3.5460992907801
603169.SH,兰石重装,20191228,3.5460992907801
603169.SH,兰石重装,20191227,3.5460992907801
603169.SH,兰石重装,20191226,3.5460992907801
603169.SH,兰石重装,20191225,3.5460992907801
603169.SH,兰石重装,20191224,3.5460992907801
603169.SH,兰石重装,20191223,3.5460992907801
603169.SH,兰石重装,20191222,3.5460992907801
603169.SH,兰石重装,20191221,3.5460992907801
603169.SH,兰石重装,20191220,3.5460992907801
603169.SH,兰石重装,20191219,3.5460992907801
603169.SH,兰石重装,20191218,3.5460992907801
603169.SH,兰石重装,20191217,3.5460992907801
603169.SH,兰石重装,20191216,3.5460992907801
603169.SH,兰石重装,20191215,3.5460992907801
603169.SH,兰石重装,20191214,3.5460992907801
603169.SH,兰石重装,20191213,3.5460992907801
603169.SH,兰石重装,20191212,3.5460992907801
603169.SH,兰石重装,20191211,3.5460992907801
603169.SH,兰石重装,20191210,3.5460992907801
603169.SH,兰石重装,20191209,3.5460992907801
603169.SH,兰石重装,20191208,3.5460992907801
603169.SH,兰石重装,20191207,3.5460992907801
603169.SH,兰石重装,20191206,3.5460992907801
603169.SH,兰石重装,20191205,3.5460992907801
603169.SH,兰石重装,20191204,3.5460992907801
603169.SH,兰石重装,20191203,3.5460992907801
603169.SH,兰石重装,20191202,3.5460992907801
603169.SH,兰石重装,20191201,3.5460992907801
603169.SH,兰石重装,20191130,-6.312292358804
603169.SH,兰石重装,20191129,-6.312292358804
603169.SH,兰石重装,20191128,-6.312292358804
603169.SH,兰石重装,20191127,-6.312292358804
603169.SH,兰石重装,20191126,-6.312292358804
603169.SH,兰石重装,20191125,-6.312292358804
603169.SH,兰石重装,20191124,-6.312292358804
603169.SH,兰石重装,20191123,-6.312292358804
603169.SH,兰石重装,20191122,-6.312292358804
603169.SH,兰石重装,20191121,-6.312292358804
603169.SH,兰石重装,20191120,-6.312292358804
603169.SH,兰石重装,20191119,-6.312292358804
603169.SH,兰石重装,20191118,-6.312292358804
603169.SH,兰石重装,20191117,-6.312292358804
603169.SH,兰石重装,20191116,-6.312292358804
603169.SH,兰石重装,20191115,-6.312292358804
603169.SH,兰石重装,20191114,-6.312292358804
603169.SH,兰石重装,20191113,-6.312292358804
603169.SH,兰石重装,20191112,-6.312292358804
603169.SH,兰石重装,20191111,-6.312292358804
603169.SH,兰石重装,20191110,-6.312292358804
603169.SH,兰石重装,20191109,-6.312292358804
603169.SH,兰石重装,20191108,-6.312292358804
603169.SH,兰石重装,20191107,-6.312292358804
603169.SH,兰石重装,20191106,-6.312292358804
603169.SH,兰石重装,20191105,-6.312292358804
603169.SH,兰石重装,20191104,-6.312292358804
603169.SH,兰石重装,20191103,-6.312292358804
603169.SH,兰石重装,20191102,-6.312292358804
603169.SH,兰石重装,20191101,-6.312292358804
603169.SH,兰石重装,20191031,-6.0842433697348
603169.SH,兰石重装,20191030,-6.0842433697348
603169.SH,兰石重装,20191029,-6.0842433697348
603169.SH,兰石重装,20191028,-6.0842433697348
603169.SH,兰石重装,20191027,-6.0842433697348
603169.SH,兰石重装,20191026,-6.0842433697348
603169.SH,兰石重装,20191025,-6.0842433697348
603169.SH,兰石重装,20191024,-6.0842433697348
603169.SH,兰石重装,20191023,-6.0842433697348
603169.SH,兰石重装,20191022,-6.0842433697348
603169.SH,兰石重装,20191021,-6.0842433697348
603169.SH,兰石重装,20191020,-6.0842433697348
603169.SH,兰石重装,20191019,-6.0842433697348
603169.SH,兰石重装,20191018,-6.0842433697348
603169.SH,兰石重装,20191017,-6.0842433697348
603169.SH,兰石重装,20191016,-6.0842433697348
603169.SH,兰石重装,20191015,-6.0842433697348
603169.SH,兰石重装,20191014,-6.0842433697348
603169.SH,兰石重装,20191013,-6.0842433697348
603169.SH,兰石重装,20191012,-6.0842433697348
603169.SH,兰石重装,20191011,-6.0842433697348
603169.SH,兰石重装,20191010,-6.0842433697348
603169.SH,兰石重装,20191009,-6.0842433697348
603169.SH,兰石重装,20191008,-6.0842433697348
603169.SH,兰石重装,20191007,-6.0842433697348
603169.SH,兰石重装,20191006,-6.0842433697348
603169.SH,兰石重装,20191005,-6.0842433697348
603169.SH,兰石重装,20191004,-6.0842433697348
603169.SH,兰石重装,20191003,-6.0842433697348
603169.SH,兰石重装,20191002,-6.0842433697348
603169.SH,兰石重装,20191001,-6.0842433697348
603169.SH,兰石重装,20190930,-5.1775147928994
603169.SH,兰石重装,20190929,-5.1775147928994
603169.SH,兰石重装,20190928,-5.1775147928994
603169.SH,兰石重装,20190927,-5.1775147928994
603169.SH,兰石重装,20190926,-5.1775147928994
603169.SH,兰石重装,20190925,-5.1775147928994
603169.SH,兰石重装,20190924,-5.1775147928994
603169.SH,兰石重装,20190923,-5.1775147928994
603169.SH,兰石重装,20190922,-5.1775147928994
603169.SH,兰石重装,20190921,-5.1775147928994
603169.SH,兰石重装,20190920,-5.1775147928994
603169.SH,兰石重装,20190919,-5.1775147928994
603169.SH,兰石重装,20190918,-5.1775147928994
603169.SH,兰石重装,20190917,-5.1775147928994
603169.SH,兰石重装,20190916,-5.1775147928994
603169.SH,兰石重装,20190915,-5.1775147928994
603169.SH,兰石重装,20190914,-5.1775147928994
603169.SH,兰石重装,20190913,-5.1775147928994
603169.SH,兰石重装,20190912,-5.1775147928994
603169.SH,兰石重装,20190911,-5.1775147928994
603169.SH,兰石重装,20190910,-5.1775147928994
603169.SH,兰石重装,20190909,-5.1775147928994
603169.SH,兰石重装,20190908,-5.1775147928994
603169.SH,兰石重装,20190907,-5.1775147928994
603169.SH,兰石重装,20190906,-5.1775147928994
603169.SH,兰石重装,20190905,-5.1775147928994
603169.SH,兰石重装,20190904,-5.1775147928994
603169.SH,兰石重装,20190903,-5.1775147928994
603169.SH,兰石重装,20190902,-5.1775147928994
603169.SH,兰石重装,20190901,-5.1775147928994
603169.SH,兰石重装,20190831,-5.1893408134642
603169.SH,兰石重装,20190830,-5.1893408134642
603169.SH,兰石重装,20190829,-5.1893408134642
603169.SH,兰石重装,20190828,-5.1893408134642
603169.SH,兰石重装,20190827,-5.1893408134642
603169.SH,兰石重装,20190826,-5.1893408134642
603169.SH,兰石重装,20190825,-5.1893408134642
603169.SH,兰石重装,20190824,-5.1893408134642
603169.SH,兰石重装,20190823,-5.1893408134642
603169.SH,兰石重装,20190822,-5.1893408134642
603169.SH,兰石重装,20190821,-5.1893408134642
603169.SH,兰石重装,20190820,-5.1893408134642
603169.SH,兰石重装,20190819,-5.1893408134642
603169.SH,兰石重装,20190818,-5.1893408134642
603169.SH,兰石重装,20190817,-5.1893408134642
603169.SH,兰石重装,20190816,-5.1893408134642
603169.SH,兰石重装,20190815,-5.1893408134642
603169.SH,兰石重装,20190814,-5.1893408134642
603169.SH,兰石重装,20190813,-5.1893408134642
603169.SH,兰石重装,20190812,-5.1893408134642
603169.SH,兰石重装,20190811,-5.1893408134642
603169.SH,兰石重装,20190810,-5.1893408134642
603169.SH,兰石重装,20190809,-5.1893408134642
603169.SH,兰石重装,20190808,-5.1893408134642
603169.SH,兰石重装,20190807,-5.1893408134642
603169.SH,兰石重装,20190806,-5.1893408134642
603169.SH,兰石重装,20190805,-5.1893408134642
603169.SH,兰石重装,20190804,-5.1893408134642
603169.SH,兰石重装,20190803,-5.1893408134642
603169.SH,兰石重装,20190802,-5.1893408134642
603169.SH,兰石重装,20190801,-5.1893408134642
603169.SH,兰石重装,20190731,-1.7906336088154
603169.SH,兰石重装,20190730,-1.7906336088154
603169.SH,兰石重装,20190729,-1.7906336088154
603169.SH,兰石重装,20190728,-1.7906336088154
603169.SH,兰石重装,20190727,-1.7906336088154
603169.SH,兰石重装,20190726,-1.7906336088154
603169.SH,兰石重装,20190725,-1.7906336088154
603169.SH,兰石重装,20190724,-1.7906336088154
603169.SH,兰石重装,20190723,-1.7906336088154
603169.SH,兰石重装,20190722,-1.7906336088154
603169.SH,兰石重装,20190721,-1.7906336088154
603169.SH,兰石重装,20190720,-1.7906336088154
603169.SH,兰石重装,20190719,-1.7906336088154
603169.SH,兰石重装,20190718,-1.7906336088154
603169.SH,兰石重装,20190717,-1.7906336088154
603169.SH,兰石重装,20190716,-1.7906336088154
603169.SH,兰石重装,20190715,-1.7906336088154
603169.SH,兰石重装,20190714,-1.7906336088154
603169.SH,兰石重装,20190713,-1.7906336088154
603169.SH,兰石重装,20190712,-1.7906336088154
603169.SH,兰石重装,20190711,-1.7906336088154
603169.SH,兰石重装,20190710,-1.7906336088154
603169.SH,兰石重装,20190709,-1.7906336088154
603169.SH,兰石重装,20190708,-1.7906336088154
603169.SH,兰石重装,20190707,-1.7906336088154
603169.SH,兰石重装,20190706,-1.7906336088154
603169.SH,兰石重装,20190705,-1.7906336088154
603169.SH,兰石重装,20190704,-1.7906336088154
603169.SH,兰石重装,20190703,-1.7906336088154
603169.SH,兰石重装,20190702,-1.7906336088154
603169.SH,兰石重装,20190701,-1.7906336088154
603169.SH,兰石重装,20190630,29.181494661922
603169.SH,兰石重装,20190629,29.181494661922
603169.SH,兰石重装,20190628,29.181494661922
603169.SH,兰石重装,20190627,29.181494661922
603169.SH,兰石重装,20190626,29.181494661922
603169.SH,兰石重装,20190625,29.181494661922
603169.SH,兰石重装,20190624,29.181494661922
603169.SH,兰石重装,20190623,29.181494661922
603169.SH,兰石重装,20190622,29.181494661922
603169.SH,兰石重装,20190621,29.181494661922
603169.SH,兰石重装,20190620,29.181494661922
603169.SH,兰石重装,20190619,29.181494661922
603169.SH,兰石重装,20190618,29.181494661922
603169.SH,兰石重装,20190617,29.181494661922
603169.SH,兰石重装,20190616,29.181494661922
603169.SH,兰石重装,20190615,29.181494661922
603169.SH,兰石重装,20190614,29.181494661922
603169.SH,兰石重装,20190613,29.181494661922
603169.SH,兰石重装,20190612,29.181494661922
603169.SH,兰石重装,20190611,29.181494661922
603169.SH,兰石重装,20190610,29.181494661922
603169.SH,兰石重装,20190609,29.181494661922
603169.SH,兰石重装,20190608,29.181494661922
603169.SH,兰石重装,20190607,29.181494661922
603169.SH,兰石重装,20190606,29.181494661922
603169.SH,兰石重装,20190605,29.181494661922
603169.SH,兰石重装,20190604,29.181494661922
603169.SH,兰石重装,20190603,29.181494661922
603169.SH,兰石重装,20190602,29.181494661922
603169.SH,兰石重装,20190601,29.181494661922
603169.SH,兰石重装,20190531,-12.1875
603169.SH,兰石重装,20190530,-12.1875
603169.SH,兰石重装,20190529,-12.1875
603169.SH,兰石重装,20190528,-12.1875
603169.SH,兰石重装,20190527,-12.1875
603169.SH,兰石重装,20190526,-12.1875
603169.SH,兰石重装,20190525,-12.1875
603169.SH,兰石重装,20190524,-12.1875
603169.SH,兰石重装,20190523,-12.1875
603169.SH,兰石重装,20190522,-12.1875
603169.SH,兰石重装,20190521,-12.1875
603169.SH,兰石重装,20190520,-12.1875
603169.SH,兰石重装,20190519,-12.1875
603169.SH,兰石重装,20190518,-12.1875
603169.SH,兰石重装,20190517,-12.1875
603169.SH,兰石重装,20190516,-12.1875
603169.SH,兰石重装,20190515,-12.1875
603169.SH,兰石重装,20190514,-12.1875
603169.SH,兰石重装,20190513,-12.1875
603169.SH,兰石重装,20190512,-12.1875
603169.SH,兰石重装,20190511,-12.1875
603169.SH,兰石重装,20190510,-12.1875
603169.SH,兰石重装,20190509,-12.1875
603169.SH,兰石重装,20190508,-12.1875
603169.SH,兰石重装,20190507,-12.1875
603169.SH,兰石重装,20190506,-12.1875
603169.SH,兰石重装,20190505,-12.1875
603169.SH,兰石重装,20190504,-12.1875
603169.SH,兰石重装,20190503,-12.1875
603169.SH,兰石重装,20190502,-12.1875
603169.SH,兰石重装,20190501,-12.1875
603169.SH,兰石重装,20190430,-4.6199701937407
603169.SH,兰石重装,20190429,-4.6199701937407
603169.SH,兰石重装,20190428,-4.6199701937407
603169.SH,兰石重装,20190427,-4.6199701937407
603169.SH,兰石重装,20190426,-4.6199701937407
603169.SH,兰石重装,20190425,-4.6199701937407
603169.SH,兰石重装,20190424,-4.6199701937407
603169.SH,兰石重装,20190423,-4.6199701937407
603169.SH,兰石重装,20190422,-4.6199701937407
603169.SH,兰石重装,20190421,-4.6199701937407
603169.SH,兰石重装,20190420,-4.6199701937407
603169.SH,兰石重装,20190419,-4.6199701937407
603169.SH,兰石重装,20190418,-4.6199701937407
603169.SH,兰石重装,20190417,-4.6199701937407
603169.SH,兰石重装,20190416,-4.6199701937407
603169.SH,兰石重装,20190415,-4.6199701937407
603169.SH,兰石重装,20190414,-4.6199701937407
603169.SH,兰石重装,20190413,-4.6199701937407
603169.SH,兰石重装,20190412,-4.6199701937407
603169.SH,兰石重装,20190411,-4.6199701937407
603169.SH,兰石重装,20190410,-4.6199701937407
603169.SH,兰石重装,20190409,-4.6199701937407
603169.SH,兰石重装,20190408,-4.6199701937407
603169.SH,兰石重装,20190407,-4.6199701937407
603169.SH,兰石重装,20190406,-4.6199701937407
603169.SH,兰石重装,20190405,-4.6199701937407
603169.SH,兰石重装,20190404,-4.6199701937407
603169.SH,兰石重装,20190403,-4.6199701937407
603169.SH,兰石重装,20190402,-4.6199701937407
603169.SH,兰石重装,20190401,-4.6199701937407
603169.SH,兰石重装,20190331,23.119266055046
603169.SH,兰石重装,20190330,23.119266055046
603169.SH,兰石重装,20190329,23.119266055046
603169.SH,兰石重装,20190328,23.119266055046
603169.SH,兰石重装,20190327,23.119266055046
603169.SH,兰石重装,20190326,23.119266055046
603169.SH,兰石重装,20190325,23.119266055046
603169.SH,兰石重装,20190324,23.119266055046
603169.SH,兰石重装,20190323,23.119266055046
603169.SH,兰石重装,20190322,23.119266055046
603169.SH,兰石重装,20190321,23.119266055046
603169.SH,兰石重装,20190320,23.119266055046
603169.SH,兰石重装,20190319,23.119266055046
603169.SH,兰石重装,20190318,23.119266055046
603169.SH,兰石重装,20190317,23.119266055046
603169.SH,兰石重装,20190316,23.119266055046
603169.SH,兰石重装,20190315,23.119266055046
603169.SH,兰石重装,20190314,23.119266055046
603169.SH,兰石重装,20190313,23.119266055046
603169.SH,兰石重装,20190312,23.119266055046
603169.SH,兰石重装,20190311,23.119266055046
603169.SH,兰石重装,20190310,23.119266055046
603169.SH,兰石重装,20190309,23.119266055046
603169.SH,兰石重装,20190308,23.119266055046
603169.SH,兰石重装,20190307,23.119266055046
603169.SH,兰石重装,20190306,23.119266055046
603169.SH,兰石重装,20190305,23.119266055046
603169.SH,兰石重装,20190304,23.119266055046
603169.SH,兰石重装,20190303,23.119266055046
603169.SH,兰石重装,20190302,23.119266055046
603169.SH,兰石重装,20190301,23.119266055046
603169.SH,兰石重装,20190228,39.030612244898
603169.SH,兰石重装,20190227,39.030612244898
603169.SH,兰石重装,20190226,39.030612244898
603169.SH,兰石重装,20190225,39.030612244898
603169.SH,兰石重装,20190224,39.030612244898
603169.SH,兰石重装,20190223,39.030612244898
603169.SH,兰石重装,20190222,39.030612244898
603169.SH,兰石重装,20190221,39.030612244898
603169.SH,兰石重装,20190220,39.030612244898
603169.SH,兰石重装,20190219,39.030612244898
603169.SH,兰石重装,20190218,39.030612244898
603169.SH,兰石重装,20190217,39.030612244898
603169.SH,兰石重装,20190216,39.030612244898
603169.SH,兰石重装,20190215,39.030612244898
603169.SH,兰石重装,20190214,39.030612244898
603169.SH,兰石重装,20190213,39.030612244898
603169.SH,兰石重装,20190212,39.030612244898
603169.SH,兰石重装,20190211,39.030612244898
603169.SH,兰石重装,20190210,39.030612244898
603169.SH,兰石重装,20190209,39.030612244898
603169.SH,兰石重装,20190208,39.030612244898
603169.SH,兰石重装,20190207,39.030612244898
603169.SH,兰石重装,20190206,39.030612244898
603169.SH,兰石重装,20190205,39.030612244898
603169.SH,兰石重装,20190204,39.030612244898
603169.SH,兰石重装,20190203,39.030612244898
603169.SH,兰石重装,20190202,39.030612244898
603169.SH,兰石重装,20190201,39.030612244898
603169.SH,兰石重装,20190131,-8.1967213114754
603169.SH,兰石重装,20190130,-8.1967213114754
603169.SH,兰石重装,20190129,-8.1967213114754
603169.SH,兰石重装,20190128,-8.1967213114754
603169.SH,兰石重装,20190127,-8.1967213114754
603169.SH,兰石重装,20190126,-8.1967213114754
603169.SH,兰石重装,20190125,-8.1967213114754
603169.SH,兰石重装,20190124,-8.1967213114754
603169.SH,兰石重装,20190123,-8.1967213114754
603169.SH,兰石重装,20190122,-8.1967213114754
603169.SH,兰石重装,20190121,-8.1967213114754
603169.SH,兰石重装,20190120,-8.1967213114754
603169.SH,兰石重装,20190119,-8.1967213114754
603169.SH,兰石重装,20190118,-8.1967213114754
603169.SH,兰石重装,20190117,-8.1967213114754
603169.SH,兰石重装,20190116,-8.1967213114754
603169.SH,兰石重装,20190115,-8.1967213114754
603169.SH,兰石重装,20190114,-8.1967213114754
603169.SH,兰石重装,20190113,-8.1967213114754
603169.SH,兰石重装,20190112,-8.1967213114754
603169.SH,兰石重装,20190111,-8.1967213114754
603169.SH,兰石重装,20190110,-8.1967213114754
603169.SH,兰石重装,20190109,-8.1967213114754
603169.SH,兰石重装,20190108,-8.1967213114754
603169.SH,兰石重装,20190107,-8.1967213114754
603169.SH,兰石重装,20190106,-8.1967213114754
603169.SH,兰石重装,20190105,-8.1967213114754
603169.SH,兰石重装,20190104,-8.1967213114754
603169.SH,兰石重装,20190103,-8.1967213114754
603169.SH,兰石重装,20190102,-8.1967213114754
603169.SH,兰石重装,20190101,-8.1967213114754
603169.SH,兰石重装,20181231,-2.7334851936219
603169.SH,兰石重装,20181230,-2.7334851936219
603169.SH,兰石重装,20181229,-2.7334851936219
603169.SH,兰石重装,20181228,-2.7334851936219
603169.SH,兰石重装,20181227,-2.7334851936219
603169.SH,兰石重装,20181226,-2.7334851936219
603169.SH,兰石重装,20181225,-2.7334851936219
603169.SH,兰石重装,20181224,-2.7334851936219
603169.SH,兰石重装,20181223,-2.7334851936219
603169.SH,兰石重装,20181222,-2.7334851936219
603169.SH,兰石重装,20181221,-2.7334851936219
603169.SH,兰石重装,20181220,-2.7334851936219
603169.SH,兰石重装,20181219,-2.7334851936219
603169.SH,兰石重装,20181218,-2.7334851936219
603169.SH,兰石重装,20181217,-2.7334851936219
603169.SH,兰石重装,20181216,-2.7334851936219
603169.SH,兰石重装,20181215,-2.7334851936219
603169.SH,兰石重装,20181214,-2.7334851936219
603169.SH,兰石重装,20181213,-2.7334851936219
603169.SH,兰石重装,20181212,-2.7334851936219
603169.SH,兰石重装,20181211,-2.7334851936219
603169.SH,兰石重装,20181210,-2.7334851936219
603169.SH,兰石重装,20181209,-2.7334851936219
603169.SH,兰石重装,20181208,-2.7334851936219
603169.SH,兰石重装,20181207,-2.7334851936219
603169.SH,兰石重装,20181206,-2.7334851936219
603169.SH,兰石重装,20181205,-2.7334851936219
603169.SH,兰石重装,20181204,-2.7334851936219
603169.SH,兰石重装,20181203,-2.7334851936219
603169.SH,兰石重装,20181202,-2.7334851936219
603169.SH,兰石重装,20181201,-2.7334851936219
603169.SH,兰石重装,20181130,-0.22727272727274
603169.SH,兰石重装,20181129,-0.22727272727274
603169.SH,兰石重装,20181128,-0.22727272727274
603169.SH,兰石重装,20181127,-0.22727272727274
603169.SH,兰石重装,20181126,-0.22727272727274
603169.SH,兰石重装,20181125,-0.22727272727274
603169.SH,兰石重装,20181124,-0.22727272727274
603169.SH,兰石重装,20181123,-0.22727272727274
603169.SH,兰石重装,20181122,-0.22727272727274
603169.SH,兰石重装,20181121,-0.22727272727274
603169.SH,兰石重装,20181120,-0.22727272727274
603169.SH,兰石重装,20181119,-0.22727272727274
603169.SH,兰石重装,20181118,-0.22727272727274
603169.SH,兰石重装,20181117,-0.22727272727274
603169.SH,兰石重装,20181116,-0.22727272727274
603169.SH,兰石重装,20181115,-0.22727272727274
603169.SH,兰石重装,20181114,-0.22727272727274
603169.SH,兰石重装,20181113,-0.22727272727274
603169.SH,兰石重装,20181112,-0.22727272727274
603169.SH,兰石重装,20181111,-0.22727272727274
603169.SH,兰石重装,20181110,-0.22727272727274
603169.SH,兰石重装,20181109,-0.22727272727274
603169.SH,兰石重装,20181108,-0.22727272727274
603169.SH,兰石重装,20181107,-0.22727272727274
603169.SH,兰石重装,20181106,-0.22727272727274
603169.SH,兰石重装,20181105,-0.22727272727274
603169.SH,兰石重装,20181104,-0.22727272727274
603169.SH,兰石重装,20181103,-0.22727272727274
603169.SH,兰石重装,20181102,-0.22727272727274
603169.SH,兰石重装,20181101,-0.22727272727274
603169.SH,兰石重装,20181031,-12.175648702595
603169.SH,兰石重装,20181030,-12.175648702595
603169.SH,兰石重装,20181029,-12.175648702595
603169.SH,兰石重装,20181028,-12.175648702595
603169.SH,兰石重装,20181027,-12.175648702595
603169.SH,兰石重装,20181026,-12.175648702595
603169.SH,兰石重装,20181025,-12.175648702595
603169.SH,兰石重装,20181024,-12.175648702595
603169.SH,兰石重装,20181023,-12.175648702595
603169.SH,兰石重装,20181022,-12.175648702595
603169.SH,兰石重装,20181021,-12.175648702595
603169.SH,兰石重装,20181020,-12.175648702595
603169.SH,兰石重装,20181019,-12.175648702595
603169.SH,兰石重装,20181018,-12.175648702595
603169.SH,兰石重装,20181017,-12.175648702595
603169.SH,兰石重装,20181016,-12.175648702595
603169.SH,兰石重装,20181015,-12.175648702595
603169.SH,兰石重装,20181014,-12.175648702595
603169.SH,兰石重装,20181013,-12.175648702595
603169.SH,兰石重装,20181012,-12.175648702595
603169.SH,兰石重装,20181011,-12.175648702595
603169.SH,兰石重装,20181010,-12.175648702595
603169.SH,兰石重装,20181009,-12.175648702595
603169.SH,兰石重装,20181008,-12.175648702595
603169.SH,兰石重装,20181007,-12.175648702595
603169.SH,兰石重装,20181006,-12.175648702595
603169.SH,兰石重装,20181005,-12.175648702595
603169.SH,兰石重装,20181004,-12.175648702595
603169.SH,兰石重装,20181003,-12.175648702595
603169.SH,兰石重装,20181002,-12.175648702595
603169.SH,兰石重装,20181001,-12.175648702595
603169.SH,兰石重装,20180930,0.2
603169.SH,兰石重装,20180929,0.2
603169.SH,兰石重装,20180928,0.2
603169.SH,兰石重装,20180927,0.2
603169.SH,兰石重装,20180926,0.2
603169.SH,兰石重装,20180925,0.2
603169.SH,兰石重装,20180924,0.2
603169.SH,兰石重装,20180923,0.2
603169.SH,兰石重装,20180922,0.2
603169.SH,兰石重装,20180921,0.2
603169.SH,兰石重装,20180920,0.2
603169.SH,兰石重装,20180919,0.2
603169.SH,兰石重装,20180918,0.2
603169.SH,兰石重装,20180917,0.2
603169.SH,兰石重装,20180916,0.2
603169.SH,兰石重装,20180915,0.2
603169.SH,兰石重装,20180914,0.2
603169.SH,兰石重装,20180913,0.2
603169.SH,兰石重装,20180912,0.2
603169.SH,兰石重装,20180911,0.2
603169.SH,兰石重装,20180910,0.2
603169.SH,兰石重装,20180909,0.2
603169.SH,兰石重装,20180908,0.2
603169.SH,兰石重装,20180907,0.2
603169.SH,兰石重装,20180906,0.2
603169.SH,兰石重装,20180905,0.2
603169.SH,兰石重装,20180904,0.2
603169.SH,兰石重装,20180903,0.2
603169.SH,兰石重装,20180902,0.2
603169.SH,兰石重装,20180901,0.2
603169.SH,兰石重装,20180831,-5.3030303030303
603169.SH,兰石重装,20180830,-5.3030303030303
603169.SH,兰石重装,20180829,-5.3030303030303
603169.SH,兰石重装,20180828,-5.3030303030303
603169.SH,兰石重装,20180827,-5.3030303030303
603169.SH,兰石重装,20180826,-5.3030303030303
603169.SH,兰石重装,20180825,-5.3030303030303
603169.SH,兰石重装,20180824,-5.3030303030303
603169.SH,兰石重装,20180823,-5.3030303030303
603169.SH,兰石重装,20180822,-5.3030303030303
603169.SH,兰石重装,20180821,-5.3030303030303
603169.SH,兰石重装,20180820,-5.3030303030303
603169.SH,兰石重装,20180819,-5.3030303030303
603169.SH,兰石重装,20180818,-5.3030303030303
603169.SH,兰石重装,20180817,-5.3030303030303
603169.SH,兰石重装,20180816,-5.3030303030303
603169.SH,兰石重装,20180815,-5.3030303030303
603169.SH,兰石重装,20180814,-5.3030303030303
603169.SH,兰石重装,20180813,-5.3030303030303
603169.SH,兰石重装,20180812,-5.3030303030303
603169.SH,兰石重装,20180811,-5.3030303030303
603169.SH,兰石重装,20180810,-5.3030303030303
603169.SH,兰石重装,20180809,-5.3030303030303
603169.SH,兰石重装,20180808,-5.3030303030303
603169.SH,兰石重装,20180807,-5.3030303030303
603169.SH,兰石重装,20180806,-5.3030303030303
603169.SH,兰石重装,20180805,-5.3030303030303
603169.SH,兰石重装,20180804,-5.3030303030303
603169.SH,兰石重装,20180803,-5.3030303030303
603169.SH,兰石重装,20180802,-5.3030303030303
603169.SH,兰石重装,20180801,-5.3030303030303
603169.SH,兰石重装,20180731,5.3892215568862
603169.SH,兰石重装,20180730,5.3892215568862
603169.SH,兰石重装,20180729,5.3892215568862
603169.SH,兰石重装,20180728,5.3892215568862
603169.SH,兰石重装,20180727,5.3892215568862
603169.SH,兰石重装,20180726,5.3892215568862
603169.SH,兰石重装,20180725,5.3892215568862
603169.SH,兰石重装,20180724,5.3892215568862
603169.SH,兰石重装,20180723,5.3892215568862
603169.SH,兰石重装,20180722,5.3892215568862
603169.SH,兰石重装,20180721,5.3892215568862
603169.SH,兰石重装,20180720,5.3892215568862
603169.SH,兰石重装,20180719,5.3892215568862
603169.SH,兰石重装,20180718,5.3892215568862
603169.SH,兰石重装,20180717,5.3892215568862
603169.SH,兰石重装,20180716,5.3892215568862
603169.SH,兰石重装,20180715,5.3892215568862
603169.SH,兰石重装,20180714,5.3892215568862
603169.SH,兰石重装,20180713,5.3892215568862
603169.SH,兰石重装,20180712,5.3892215568862
603169.SH,兰石重装,20180711,5.3892215568862
603169.SH,兰石重装,20180710,5.3892215568862
603169.SH,兰石重装,20180709,5.3892215568862
603169.SH,兰石重装,20180708,5.3892215568862
603169.SH,兰石重装,20180707,5.3892215568862
603169.SH,兰石重装,20180706,5.3892215568862
603169.SH,兰石重装,20180705,5.3892215568862
603169.SH,兰石重装,20180704,5.3892215568862
603169.SH,兰石重装,20180703,5.3892215568862
603169.SH,兰石重装,20180702,5.3892215568862
603169.SH,兰石重装,20180701,5.3892215568862
603169.SH,兰石重装,20180630,-19.323671497585
603169.SH,兰石重装,20180629,-19.323671497585
603169.SH,兰石重装,20180628,-19.323671497585
603169.SH,兰石重装,20180627,-19.323671497585
603169.SH,兰石重装,20180626,-19.323671497585
603169.SH,兰石重装,20180625,-19.323671497585
603169.SH,兰石重装,20180624,-19.323671497585
603169.SH,兰石重装,20180623,-19.323671497585
603169.SH,兰石重装,20180622,-19.323671497585
603169.SH,兰石重装,20180621,-19.323671497585
603169.SH,兰石重装,20180620,-19.323671497585
603169.SH,兰石重装,20180619,-19.323671497585
603169.SH,兰石重装,20180618,-19.323671497585
603169.SH,兰石重装,20180617,-19.323671497585
603169.SH,兰石重装,20180616,-19.323671497585
603169.SH,兰石重装,20180615,-19.323671497585
603169.SH,兰石重装,20180614,-19.323671497585
603169.SH,兰石重装,20180613,-19.323671497585
603169.SH,兰石重装,20180612,-19.323671497585
603169.SH,兰石重装,20180611,-19.323671497585
603169.SH,兰石重装,20180610,-19.323671497585
603169.SH,兰石重装,20180609,-19.323671497585
603169.SH,兰石重装,20180608,-19.323671497585
603169.SH,兰石重装,20180607,-19.323671497585
603169.SH,兰石重装,20180606,-19.323671497585
603169.SH,兰石重装,20180605,-19.323671497585
603169.SH,兰石重装,20180604,-19.323671497585
603169.SH,兰石重装,20180603,-19.323671497585
603169.SH,兰石重装,20180602,-19.323671497585
603169.SH,兰石重装,20180601,-19.323671497585
603169.SH,兰石重装,20180531,-8.2717872968981
603169.SH,兰石重装,20180530,-8.2717872968981
603169.SH,兰石重装,20180529,-8.2717872968981
603169.SH,兰石重装,20180528,-8.2717872968981
603169.SH,兰石重装,20180527,-8.2717872968981
603169.SH,兰石重装,20180526,-8.2717872968981
603169.SH,兰石重装,20180525,-8.2717872968981
603169.SH,兰石重装,20180524,-8.2717872968981
603169.SH,兰石重装,20180523,-8.2717872968981
603169.SH,兰石重装,20180522,-8.2717872968981
603169.SH,兰石重装,20180521,-8.2717872968981
603169.SH,兰石重装,20180520,-8.2717872968981
603169.SH,兰石重装,20180519,-8.2717872968981
603169.SH,兰石重装,20180518,-8.2717872968981
603169.SH,兰石重装,20180517,-8.2717872968981
603169.SH,兰石重装,20180516,-8.2717872968981
603169.SH,兰石重装,20180515,-8.2717872968981
603169.SH,兰石重装,20180514,-8.2717872968981
603169.SH,兰石重装,20180513,-8.2717872968981
603169.SH,兰石重装,20180512,-8.2717872968981
603169.SH,兰石重装,20180511,-8.2717872968981
603169.SH,兰石重装,20180510,-8.2717872968981
603169.SH,兰石重装,20180509,-8.2717872968981
603169.SH,兰石重装,20180508,-8.2717872968981
603169.SH,兰石重装,20180507,-8.2717872968981
603169.SH,兰石重装,20180506,-8.2717872968981
603169.SH,兰石重装,20180505,-8.2717872968981
603169.SH,兰石重装,20180504,-8.2717872968981
603169.SH,兰石重装,20180503,-8.2717872968981
603169.SH,兰石重装,20180502,-8.2717872968981
603169.SH,兰石重装,20180501,-8.2717872968981
603169.SH,兰石重装,20180430,-7.0054945054945
603169.SH,兰石重装,20180429,-7.0054945054945
603169.SH,兰石重装,20180428,-7.0054945054945
603169.SH,兰石重装,20180427,-7.0054945054945
603169.SH,兰石重装,20180426,-7.0054945054945
603169.SH,兰石重装,20180425,-7.0054945054945
603169.SH,兰石重装,20180424,-7.0054945054945
603169.SH,兰石重装,20180423,-7.0054945054945
603169.SH,兰石重装,20180422,-7.0054945054945
603169.SH,兰石重装,20180421,-7.0054945054945
603169.SH,兰石重装,20180420,-7.0054945054945
603169.SH,兰石重装,20180419,-7.0054945054945
603169.SH,兰石重装,20180418,-7.0054945054945
603169.SH,兰石重装,20180417,-7.0054945054945
603169.SH,兰石重装,20180416,-7.0054945054945
603169.SH,兰石重装,20180415,-7.0054945054945
603169.SH,兰石重装,20180414,-7.0054945054945
603169.SH,兰石重装,20180413,-7.0054945054945
603169.SH,兰石重装,20180412,-7.0054945054945
603169.SH,兰石重装,20180411,-7.0054945054945
603169.SH,兰石重装,20180410,-7.0054945054945
603169.SH,兰石重装,20180409,-7.0054945054945
603169.SH,兰石重装,20180408,-7.0054945054945
603169.SH,兰石重装,20180407,-7.0054945054945
603169.SH,兰石重装,20180406,-7.0054945054945
603169.SH,兰石重装,20180405,-7.0054945054945
603169.SH,兰石重装,20180404,-7.0054945054945
603169.SH,兰石重装,20180403,-7.0054945054945
603169.SH,兰石重装,20180402,-7.0054945054945
603169.SH,兰石重装,20180401,-7.0054945054945
603169.SH,兰石重装,20180331,-4.7120418848167
603169.SH,兰石重装,20180330,-4.7120418848167
603169.SH,兰石重装,20180329,-4.7120418848167
603169.SH,兰石重装,20180328,-4.7120418848167
603169.SH,兰石重装,20180327,-4.7120418848167
603169.SH,兰石重装,20180326,-4.7120418848167
603169.SH,兰石重装,20180325,-4.7120418848167
603169.SH,兰石重装,20180324,-4.7120418848167
603169.SH,兰石重装,20180323,-4.7120418848167
603169.SH,兰石重装,20180322,-4.7120418848167
603169.SH,兰石重装,20180321,-4.7120418848167
603169.SH,兰石重装,20180320,-4.7120418848167
603169.SH,兰石重装,20180319,-4.7120418848167
603169.SH,兰石重装,20180318,-4.7120418848167
603169.SH,兰石重装,20180317,-4.7120418848167
603169.SH,兰石重装,20180316,-4.7120418848167
603169.SH,兰石重装,20180315,-4.7120418848167
603169.SH,兰石重装,20180314,-4.7120418848167
603169.SH,兰石重装,20180313,-4.7120418848167
603169.SH,兰石重装,20180312,-4.7120418848167
603169.SH,兰石重装,20180311,-4.7120418848167
603169.SH,兰石重装,20180310,-4.7120418848167
603169.SH,兰石重装,20180309,-4.7120418848167
603169.SH,兰石重装,20180308,-4.7120418848167
603169.SH,兰石重装,20180307,-4.7120418848167
603169.SH,兰石重装,20180306,-4.7120418848167
603169.SH,兰石重装,20180305,-4.7120418848167
603169.SH,兰石重装,20180304,-4.7120418848167
603169.SH,兰石重装,20180303,-4.7120418848167
603169.SH,兰石重装,20180302,-4.7120418848167
603169.SH,兰石重装,20180301,-4.7120418848167
603169.SH,兰石重装,20180228,-11.368909512761
603169.SH,兰石重装,20180227,-11.368909512761
603169.SH,兰石重装,20180226,-11.368909512761
603169.SH,兰石重装,20180225,-11.368909512761
603169.SH,兰石重装,20180224,-11.368909512761
603169.SH,兰石重装,20180223,-11.368909512761
603169.SH,兰石重装,20180222,-11.368909512761
603169.SH,兰石重装,20180221,-11.368909512761
603169.SH,兰石重装,20180220,-11.368909512761
603169.SH,兰石重装,20180219,-11.368909512761
603169.SH,兰石重装,20180218,-11.368909512761
603169.SH,兰石重装,20180217,-11.368909512761
603169.SH,兰石重装,20180216,-11.368909512761
603169.SH,兰石重装,20180215,-11.368909512761
603169.SH,兰石重装,20180214,-11.368909512761
603169.SH,兰石重装,20180213,-11.368909512761
603169.SH,兰石重装,20180212,-11.368909512761
603169.SH,兰石重装,20180211,-11.368909512761
603169.SH,兰石重装,20180210,-11.368909512761
603169.SH,兰石重装,20180209,-11.368909512761
603169.SH,兰石重装,20180208,-11.368909512761
603169.SH,兰石重装,20180207,-11.368909512761
603169.SH,兰石重装,20180206,-11.368909512761
603169.SH,兰石重装,20180205,-11.368909512761
603169.SH,兰石重装,20180204,-11.368909512761
603169.SH,兰石重装,20180203,-11.368909512761
603169.SH,兰石重装,20180202,-11.368909512761
603169.SH,兰石重装,20180201,-11.368909512761
603169.SH,兰石重装,20180131,2.7413587604291
603169.SH,兰石重装,20180130,2.7413587604291
603169.SH,兰石重装,20180129,2.7413587604291
603169.SH,兰石重装,20180128,2.7413587604291
603169.SH,兰石重装,20180127,2.7413587604291
603169.SH,兰石重装,20180126,2.7413587604291
603169.SH,兰石重装,20180125,2.7413587604291
603169.SH,兰石重装,20180124,2.7413587604291
603169.SH,兰石重装,20180123,2.7413587604291
603169.SH,兰石重装,20180122,2.7413587604291
603169.SH,兰石重装,20180121,2.7413587604291
603169.SH,兰石重装,20180120,2.7413587604291
603169.SH,兰石重装,20180119,2.7413587604291
603169.SH,兰石重装,20180118,2.7413587604291
603169.SH,兰石重装,20180117,2.7413587604291
603169.SH,兰石重装,20180116,2.7413587604291
603169.SH,兰石重装,20180115,2.7413587604291
603169.SH,兰石重装,20180114,2.7413587604291
603169.SH,兰石重装,20180113,2.7413587604291
603169.SH,兰石重装,20180112,2.7413587604291
603169.SH,兰石重装,20180111,2.7413587604291
603169.SH,兰石重装,20180110,2.7413587604291
603169.SH,兰石重装,20180109,2.7413587604291
603169.SH,兰石重装,20180108,2.7413587604291
603169.SH,兰石重装,20180107,2.7413587604291
603169.SH,兰石重装,20180106,2.7413587604291
603169.SH,兰石重装,20180105,2.7413587604291
603169.SH,兰石重装,20180104,2.7413587604291
603169.SH,兰石重装,20180103,2.7413587604291
603169.SH,兰石重装,20180102,2.7413587604291
603169.SH,兰石重装,20180101,2.7413587604291
603169.SH,兰石重装,20171231,-4.0045766590389
603169.SH,兰石重装,20171230,-4.0045766590389
603169.SH,兰石重装,20171229,-4.0045766590389
603169.SH,兰石重装,20171228,-4.0045766590389
603169.SH,兰石重装,20171227,-4.0045766590389
603169.SH,兰石重装,20171226,-4.0045766590389
603169.SH,兰石重装,20171225,-4.0045766590389
603169.SH,兰石重装,20171224,-4.0045766590389
603169.SH,兰石重装,20171223,-4.0045766590389
603169.SH,兰石重装,20171222,-4.0045766590389
603169.SH,兰石重装,20171221,-4.0045766590389
603169.SH,兰石重装,20171220,-4.0045766590389
603169.SH,兰石重装,20171219,-4.0045766590389
603169.SH,兰石重装,20171218,-4.0045766590389
603169.SH,兰石重装,20171217,-4.0045766590389
603169.SH,兰石重装,20171216,-4.0045766590389
603169.SH,兰石重装,20171215,-4.0045766590389
603169.SH,兰石重装,20171214,-4.0045766590389
603169.SH,兰石重装,20171213,-4.0045766590389
603169.SH,兰石重装,20171212,-4.0045766590389
603169.SH,兰石重装,20171211,-4.0045766590389
603169.SH,兰石重装,20171210,-4.0045766590389
603169.SH,兰石重装,20171209,-4.0045766590389
603169.SH,兰石重装,20171208,-4.0045766590389
603169.SH,兰石重装,20171207,-4.0045766590389
603169.SH,兰石重装,20171206,-4.0045766590389
603169.SH,兰石重装,20171205,-4.0045766590389
603169.SH,兰石重装,20171204,-4.0045766590389
603169.SH,兰石重装,20171203,-4.0045766590389
603169.SH,兰石重装,20171202,-4.0045766590389
603169.SH,兰石重装,20171201,-4.0045766590389
603169.SH,兰石重装,20171130,-15.39206195547
603169.SH,兰石重装,20171129,-15.39206195547
603169.SH,兰石重装,20171128,-15.39206195547
603169.SH,兰石重装,20171127,-15.39206195547
603169.SH,兰石重装,20171126,-15.39206195547
603169.SH,兰石重装,20171125,-15.39206195547
603169.SH,兰石重装,20171124,-15.39206195547
603169.SH,兰石重装,20171123,-15.39206195547
603169.SH,兰石重装,20171122,-15.39206195547
603169.SH,兰石重装,20171121,-15.39206195547
603169.SH,兰石重装,20171120,-15.39206195547
603169.SH,兰石重装,20171119,-15.39206195547
603169.SH,兰石重装,20171118,-15.39206195547
603169.SH,兰石重装,20171117,-15.39206195547
603169.SH,兰石重装,20171116,-15.39206195547
603169.SH,兰石重装,20171115,-15.39206195547
603169.SH,兰石重装,20171114,-15.39206195547
603169.SH,兰石重装,20171113,-15.39206195547
603169.SH,兰石重装,20171112,-15.39206195547
603169.SH,兰石重装,20171111,-15.39206195547
603169.SH,兰石重装,20171110,-15.39206195547
603169.SH,兰石重装,20171109,-15.39206195547
603169.SH,兰石重装,20171108,-15.39206195547
603169.SH,兰石重装,20171107,-15.39206195547
603169.SH,兰石重装,20171106,-15.39206195547
603169.SH,兰石重装,20171105,-15.39206195547
603169.SH,兰石重装,20171104,-15.39206195547
603169.SH,兰石重装,20171103,-15.39206195547
603169.SH,兰石重装,20171102,-15.39206195547
603169.SH,兰石重装,20171101,-15.39206195547
603169.SH,兰石重装,20171031,-1.1483253588517
603169.SH,兰石重装,20171030,-1.1483253588517
603169.SH,兰石重装,20171029,-1.1483253588517
603169.SH,兰石重装,20171028,-1.1483253588517
603169.SH,兰石重装,20171027,-1.1483253588517
603169.SH,兰石重装,20171026,-1.1483253588517
603169.SH,兰石重装,20171025,-1.1483253588517
603169.SH,兰石重装,20171024,-1.1483253588517
603169.SH,兰石重装,20171023,-1.1483253588517
603169.SH,兰石重装,20171022,-1.1483253588517
603169.SH,兰石重装,20171021,-1.1483253588517
603169.SH,兰石重装,20171020,-1.1483253588517
603169.SH,兰石重装,20171019,-1.1483253588517
603169.SH,兰石重装,20171018,-1.1483253588517
603169.SH,兰石重装,20171017,-1.1483253588517
603169.SH,兰石重装,20171016,-1.1483253588517
603169.SH,兰石重装,20171015,-1.1483253588517
603169.SH,兰石重装,20171014,-1.1483253588517
603169.SH,兰石重装,20171013,-1.1483253588517
603169.SH,兰石重装,20171012,-1.1483253588517
603169.SH,兰石重装,20171011,-1.1483253588517
603169.SH,兰石重装,20171010,-1.1483253588517
603169.SH,兰石重装,20171009,-1.1483253588517
603169.SH,兰石重装,20171008,-1.1483253588517
603169.SH,兰石重装,20171007,-1.1483253588517
603169.SH,兰石重装,20171006,-1.1483253588517
603169.SH,兰石重装,20171005,-1.1483253588517
603169.SH,兰石重装,20171004,-1.1483253588517
603169.SH,兰石重装,20171003,-1.1483253588517
603169.SH,兰石重装,20171002,-1.1483253588517
603169.SH,兰石重装,20171001,-1.1483253588517
603169.SH,兰石重装,20170930,-5.7709648331831
603169.SH,兰石重装,20170929,-5.7709648331831
603169.SH,兰石重装,20170928,-5.7709648331831
603169.SH,兰石重装,20170927,-5.7709648331831
603169.SH,兰石重装,20170926,-5.7709648331831
603169.SH,兰石重装,20170925,-5.7709648331831
603169.SH,兰石重装,20170924,-5.7709648331831
603169.SH,兰石重装,20170923,-5.7709648331831
603169.SH,兰石重装,20170922,-5.7709648331831
603169.SH,兰石重装,20170921,-5.7709648331831
603169.SH,兰石重装,20170920,-5.7709648331831
603169.SH,兰石重装,20170919,-5.7709648331831
603169.SH,兰石重装,20170918,-5.7709648331831
603169.SH,兰石重装,20170917,-5.7709648331831
603169.SH,兰石重装,20170916,-5.7709648331831
603169.SH,兰石重装,20170915,-5.7709648331831
603169.SH,兰石重装,20170914,-5.7709648331831
603169.SH,兰石重装,20170913,-5.7709648331831
603169.SH,兰石重装,20170912,-5.7709648331831
603169.SH,兰石重装,20170911,-5.7709648331831
603169.SH,兰石重装,20170910,-5.7709648331831
603169.SH,兰石重装,20170909,-5.7709648331831
603169.SH,兰石重装,20170908,-5.7709648331831
603169.SH,兰石重装,20170907,-5.7709648331831
603169.SH,兰石重装,20170906,-5.7709648331831
603169.SH,兰石重装,20170905,-5.7709648331831
603169.SH,兰石重装,20170904,-5.7709648331831
603169.SH,兰石重装,20170903,-5.7709648331831
603169.SH,兰石重装,20170902,-5.7709648331831
603169.SH,兰石重装,20170901,-5.7709648331831
603169.SH,兰石重装,20170831,-2.0318021201413
603169.SH,兰石重装,20170830,-2.0318021201413
603169.SH,兰石重装,20170829,-2.0318021201413
603169.SH,兰石重装,20170828,-2.0318021201413
603169.SH,兰石重装,20170827,-2.0318021201413
603169.SH,兰石重装,20170826,-2.0318021201413
603169.SH,兰石重装,20170825,-2.0318021201413
603169.SH,兰石重装,20170824,-2.0318021201413
603169.SH,兰石重装,20170823,-2.0318021201413
603169.SH,兰石重装,20170822,-2.0318021201413
603169.SH,兰石重装,20170821,-2.0318021201413
603169.SH,兰石重装,20170820,-2.0318021201413
603169.SH,兰石重装,20170819,-2.0318021201413
603169.SH,兰石重装,20170818,-2.0318021201413
603169.SH,兰石重装,20170817,-2.0318021201413
603169.SH,兰石重装,20170816,-2.0318021201413
603169.SH,兰石重装,20170815,-2.0318021201413
603169.SH,兰石重装,20170814,-2.0318021201413
603169.SH,兰石重装,20170813,-2.0318021201413
603169.SH,兰石重装,20170812,-2.0318021201413
603169.SH,兰石重装,20170811,-2.0318021201413
603169.SH,兰石重装,20170810,-2.0318021201413
603169.SH,兰石重装,20170809,-2.0318021201413
603169.SH,兰石重装,20170808,-2.0318021201413
603169.SH,兰石重装,20170807,-2.0318021201413
603169.SH,兰石重装,20170806,-2.0318021201413
603169.SH,兰石重装,20170805,-2.0318021201413
603169.SH,兰石重装,20170804,-2.0318021201413
603169.SH,兰石重装,20170803,-2.0318021201413
603169.SH,兰石重装,20170802,-2.0318021201413
603169.SH,兰石重装,20170801,-2.0318021201413
603169.SH,兰石重装,20170731,-6.8312757201646
603169.SH,兰石重装,20170730,-6.8312757201646
603169.SH,兰石重装,20170729,-6.8312757201646
603169.SH,兰石重装,20170728,-6.8312757201646
603169.SH,兰石重装,20170727,-6.8312757201646
603169.SH,兰石重装,20170726,-6.8312757201646
603169.SH,兰石重装,20170725,-6.8312757201646
603169.SH,兰石重装,20170724,-6.8312757201646
603169.SH,兰石重装,20170723,-6.8312757201646
603169.SH,兰石重装,20170722,-6.8312757201646
603169.SH,兰石重装,20170721,-6.8312757201646
603169.SH,兰石重装,20170720,-6.8312757201646
603169.SH,兰石重装,20170719,-6.8312757201646
603169.SH,兰石重装,20170718,-6.8312757201646
603169.SH,兰石重装,20170717,-6.8312757201646
603169.SH,兰石重装,20170716,-6.8312757201646
603169.SH,兰石重装,20170715,-6.8312757201646
603169.SH,兰石重装,20170714,-6.8312757201646
603169.SH,兰石重装,20170713,-6.8312757201646
603169.SH,兰石重装,20170712,-6.8312757201646
603169.SH,兰石重装,20170711,-6.8312757201646
603169.SH,兰石重装,20170710,-6.8312757201646
603169.SH,兰石重装,20170709,-6.8312757201646
603169.SH,兰石重装,20170708,-6.8312757201646
603169.SH,兰石重装,20170707,-6.8312757201646
603169.SH,兰石重装,20170706,-6.8312757201646
603169.SH,兰石重装,20170705,-6.8312757201646
603169.SH,兰石重装,20170704,-6.8312757201646
603169.SH,兰石重装,20170703,-6.8312757201646
603169.SH,兰石重装,20170702,-6.8312757201646
603169.SH,兰石重装,20170701,-6.8312757201646
603169.SH,兰石重装,20170630,-11.184210526316
603169.SH,兰石重装,20170629,-11.184210526316
603169.SH,兰石重装,20170628,-11.184210526316
603169.SH,兰石重装,20170627,-11.184210526316
603169.SH,兰石重装,20170626,-11.184210526316
603169.SH,兰石重装,20170625,-11.184210526316
603169.SH,兰石重装,20170624,-11.184210526316
603169.SH,兰石重装,20170623,-11.184210526316
603169.SH,兰石重装,20170622,-11.184210526316
603169.SH,兰石重装,20170621,-11.184210526316
603169.SH,兰石重装,20170620,-11.184210526316
603169.SH,兰石重装,20170619,-11.184210526316
603169.SH,兰石重装,20170618,-11.184210526316
603169.SH,兰石重装,20170617,-11.184210526316
603169.SH,兰石重装,20170616,-11.184210526316
603169.SH,兰石重装,20170615,-11.184210526316
603169.SH,兰石重装,20170614,-11.184210526316
603169.SH,兰石重装,20170613,-11.184210526316
603169.SH,兰石重装,20170612,-11.184210526316
603169.SH,兰石重装,20170611,-11.184210526316
603169.SH,兰石重装,20170610,-11.184210526316
603169.SH,兰石重装,20170609,-11.184210526316
603169.SH,兰石重装,20170608,-11.184210526316
603169.SH,兰石重装,20170607,-11.184210526316
603169.SH,兰石重装,20170606,-11.184210526316
603169.SH,兰石重装,20170605,-11.184210526316
603169.SH,兰石重装,20170604,-11.184210526316
603169.SH,兰石重装,20170603,-11.184210526316
603169.SH,兰石重装,20170602,-11.184210526316
603169.SH,兰石重装,20170601,-11.184210526316
603169.SH,兰石重装,20170531,30.534351145038
603169.SH,兰石重装,20170530,30.534351145038
603169.SH,兰石重装,20170529,30.534351145038
603169.SH,兰石重装,20170528,30.534351145038
603169.SH,兰石重装,20170527,30.534351145038
603169.SH,兰石重装,20170526,30.534351145038
603169.SH,兰石重装,20170525,30.534351145038
603169.SH,兰石重装,20170524,30.534351145038
603169.SH,兰石重装,20170523,30.534351145038
603169.SH,兰石重装,20170522,30.534351145038
603169.SH,兰石重装,20170521,30.534351145038
603169.SH,兰石重装,20170520,30.534351145038
603169.SH,兰石重装,20170519,30.534351145038
603169.SH,兰石重装,20170518,30.534351145038
603169.SH,兰石重装,20170517,30.534351145038
603169.SH,兰石重装,20170516,30.534351145038
603169.SH,兰石重装,20170515,30.534351145038
603169.SH,兰石重装,20170514,30.534351145038
603169.SH,兰石重装,20170513,30.534351145038
603169.SH,兰石重装,20170512,30.534351145038
603169.SH,兰石重装,20170511,30.534351145038
603169.SH,兰石重装,20170510,30.534351145038
603169.SH,兰石重装,20170509,30.534351145038
603169.SH,兰石重装,20170508,30.534351145038
603169.SH,兰石重装,20170507,30.534351145038
603169.SH,兰石重装,20170506,30.534351145038
603169.SH,兰石重装,20170505,30.534351145038
603169.SH,兰石重装,20170504,30.534351145038
603169.SH,兰石重装,20170503,30.534351145038
603169.SH,兰石重装,20170502,30.534351145038
603169.SH,兰石重装,20170501,30.534351145038
603169.SH,兰石重装,20170430,-23.72634643377
603169.SH,兰石重装,20170429,-23.72634643377
603169.SH,兰石重装,20170428,-23.72634643377
603169.SH,兰石重装,20170427,-23.72634643377
603169.SH,兰石重装,20170426,-23.72634643377
603169.SH,兰石重装,20170425,-23.72634643377
603169.SH,兰石重装,20170424,-23.72634643377
603169.SH,兰石重装,20170423,-23.72634643377
603169.SH,兰石重装,20170422,-23.72634643377
603169.SH,兰石重装,20170421,-23.72634643377
603169.SH,兰石重装,20170420,-23.72634643377
603169.SH,兰石重装,20170419,-23.72634643377
603169.SH,兰石重装,20170418,-23.72634643377
603169.SH,兰石重装,20170417,-23.72634643377
603169.SH,兰石重装,20170416,-23.72634643377
603169.SH,兰石重装,20170415,-23.72634643377
603169.SH,兰石重装,20170414,-23.72634643377
603169.SH,兰石重装,20170413,-23.72634643377
603169.SH,兰石重装,20170412,-23.72634643377
603169.SH,兰石重装,20170411,-23.72634643377
603169.SH,兰石重装,20170410,-23.72634643377
603169.SH,兰石重装,20170409,-23.72634643377
603169.SH,兰石重装,20170408,-23.72634643377
603169.SH,兰石重装,20170407,-23.72634643377
603169.SH,兰石重装,20170406,-23.72634643377
603169.SH,兰石重装,20170405,-23.72634643377
603169.SH,兰石重装,20170404,-23.72634643377
603169.SH,兰石重装,20170403,-23.72634643377
603169.SH,兰石重装,20170402,-23.72634643377
603169.SH,兰石重装,20170401,-23.72634643377
603169.SH,兰石重装,20170331,2.8443113772455
603169.SH,兰石重装,20170330,2.8443113772455
603169.SH,兰石重装,20170329,2.8443113772455
603169.SH,兰石重装,20170328,2.8443113772455
603169.SH,兰石重装,20170327,2.8443113772455
603169.SH,兰石重装,20170326,2.8443113772455
603169.SH,兰石重装,20170325,2.8443113772455
603169.SH,兰石重装,20170324,2.8443113772455
603169.SH,兰石重装,20170323,2.8443113772455
603169.SH,兰石重装,20170322,2.8443113772455
603169.SH,兰石重装,20170321,2.8443113772455
603169.SH,兰石重装,20170320,2.8443113772455
603169.SH,兰石重装,20170319,2.8443113772455
603169.SH,兰石重装,20170318,2.8443113772455
603169.SH,兰石重装,20170317,2.8443113772455
603169.SH,兰石重装,20170316,2.8443113772455
603169.SH,兰石重装,20170315,2.8443113772455
603169.SH,兰石重装,20170314,2.8443113772455
603169.SH,兰石重装,20170313,2.8443113772455
603169.SH,兰石重装,20170312,2.8443113772455
603169.SH,兰石重装,20170311,2.8443113772455
603169.SH,兰石重装,20170310,2.8443113772455
603169.SH,兰石重装,20170309,2.8443113772455
603169.SH,兰石重装,20170308,2.8443113772455
603169.SH,兰石重装,20170307,2.8443113772455
603169.SH,兰石重装,20170306,2.8443113772455
603169.SH,兰石重装,20170305,2.8443113772455
603169.SH,兰石重装,20170304,2.8443113772455
603169.SH,兰石重装,20170303,2.8443113772455
603169.SH,兰石重装,20170302,2.8443113772455
603169.SH,兰石重装,20170301,2.8443113772455
603169.SH,兰石重装,20170228,0.0
603169.SH,兰石重装,20170227,0.0
603169.SH,兰石重装,20170226,0.0
603169.SH,兰石重装,20170225,0.0
603169.SH,兰石重装,20170224,0.0
603169.SH,兰石重装,20170223,0.0
603169.SH,兰石重装,20170222,0.0
603169.SH,兰石重装,20170221,0.0
603169.SH,兰石重装,20170220,0.0
603169.SH,兰石重装,20170219,0.0
603169.SH,兰石重装,20170218,0.0
603169.SH,兰石重装,20170217,0.0
603169.SH,兰石重装,20170216,0.0
603169.SH,兰石重装,20170215,0.0
603169.SH,兰石重装,20170214,0.0
603169.SH,兰石重装,20170213,0.0
603169.SH,兰石重装,20170212,0.0
603169.SH,兰石重装,20170211,0.0
603169.SH,兰石重装,20170210,0.0
603169.SH,兰石重装,20170209,0.0
603169.SH,兰石重装,20170208,0.0
603169.SH,兰石重装,20170207,0.0
603169.SH,兰石重装,20170206,0.0
603169.SH,兰石重装,20170205,0.0
603169.SH,兰石重装,20170204,0.0
603169.SH,兰石重装,20170203,0.0
603169.SH,兰石重装,20170202,0.0
603169.SH,兰石重装,20170201,0.0
603169.SH,兰石重装,20170131,0.0
603169.SH,兰石重装,20170130,0.0
603169.SH,兰石重装,20170129,0.0
603169.SH,兰石重装,20170128,0.0
603169.SH,兰石重装,20170127,0.0
603169.SH,兰石重装,20170126,0.0
603169.SH,兰石重装,20170125,0.0
603169.SH,兰石重装,20170124,0.0
603169.SH,兰石重装,20170123,0.0
603169.SH,兰石重装,20170122,0.0
603169.SH,兰石重装,20170121,0.0
603169.SH,兰石重装,20170120,0.0
603169.SH,兰石重装,20170119,0.0
603169.SH,兰石重装,20170118,0.0
603169.SH,兰石重装,20170117,0.0
603169.SH,兰石重装,20170116,0.0
603169.SH,兰石重装,20170115,0.0
603169.SH,兰石重装,20170114,0.0
603169.SH,兰石重装,20170113,0.0
603169.SH,兰石重装,20170112,0.0
603169.SH,兰石重装,20170111,0.0
603169.SH,兰石重装,20170110,0.0
603169.SH,兰石重装,20170109,0.0
603169.SH,兰石重装,20170108,0.0
603169.SH,兰石重装,20170107,0.0
603169.SH,兰石重装,20170106,0.0
603169.SH,兰石重装,20170105,0.0
603169.SH,兰石重装,20170104,0.0
603169.SH,兰石重装,20170103,0.0
603169.SH,兰石重装,20170102,0.0
603169.SH,兰石重装,20170101,0.0
603169.SH,兰石重装,20161231,0.0
603169.SH,兰石重装,20161230,0.0
603169.SH,兰石重装,20161229,0.0
603169.SH,兰石重装,20161228,0.0
603169.SH,兰石重装,20161227,0.0
603169.SH,兰石重装,20161226,0.0
603169.SH,兰石重装,20161225,0.0
603169.SH,兰石重装,20161224,0.0
603169.SH,兰石重装,20161223,0.0
603169.SH,兰石重装,20161222,0.0
603169.SH,兰石重装,20161221,0.0
603169.SH,兰石重装,20161220,0.0
603169.SH,兰石重装,20161219,0.0
603169.SH,兰石重装,20161218,0.0
603169.SH,兰石重装,20161217,0.0
603169.SH,兰石重装,20161216,0.0
603169.SH,兰石重装,20161215,0.0
603169.SH,兰石重装,20161214,0.0
603169.SH,兰石重装,20161213,0.0
603169.SH,兰石重装,20161212,0.0
603169.SH,兰石重装,20161211,0.0
603169.SH,兰石重装,20161210,0.0
603169.SH,兰石重装,20161209,0.0
603169.SH,兰石重装,20161208,0.0
603169.SH,兰石重装,20161207,0.0
603169.SH,兰石重装,20161206,0.0
603169.SH,兰石重装,20161205,0.0
603169.SH,兰石重装,20161204,0.0
603169.SH,兰石重装,20161203,0.0
603169.SH,兰石重装,20161202,0.0
603169.SH,兰石重装,20161201,0.0
603169.SH,兰石重装,20161130,4.2121684867395
603169.SH,兰石重装,20161129,4.2121684867395
603169.SH,兰石重装,20161128,4.2121684867395
603169.SH,兰石重装,20161127,4.2121684867395
603169.SH,兰石重装,20161126,4.2121684867395
603169.SH,兰石重装,20161125,4.2121684867395
603169.SH,兰石重装,20161124,4.2121684867395
603169.SH,兰石重装,20161123,4.2121684867395
603169.SH,兰石重装,20161122,4.2121684867395
603169.SH,兰石重装,20161121,4.2121684867395
603169.SH,兰石重装,20161120,4.2121684867395
603169.SH,兰石重装,20161119,4.2121684867395
603169.SH,兰石重装,20161118,4.2121684867395
603169.SH,兰石重装,20161117,4.2121684867395
603169.SH,兰石重装,20161116,4.2121684867395
603169.SH,兰石重装,20161115,4.2121684867395
603169.SH,兰石重装,20161114,4.2121684867395
603169.SH,兰石重装,20161113,4.2121684867395
603169.SH,兰石重装,20161112,4.2121684867395
603169.SH,兰石重装,20161111,4.2121684867395
603169.SH,兰石重装,20161110,4.2121684867395
603169.SH,兰石重装,20161109,4.2121684867395
603169.SH,兰石重装,20161108,4.2121684867395
603169.SH,兰石重装,20161107,4.2121684867395
603169.SH,兰石重装,20161106,4.2121684867395
603169.SH,兰石重装,20161105,4.2121684867395
603169.SH,兰石重装,20161104,4.2121684867395
603169.SH,兰石重装,20161103,4.2121684867395
603169.SH,兰石重装,20161102,4.2121684867395
603169.SH,兰石重装,20161101,4.2121684867395
603169.SH,兰石重装,20161031,-2.9523088569266
603169.SH,兰石重装,20161030,-2.9523088569266
603169.SH,兰石重装,20161029,-2.9523088569266
603169.SH,兰石重装,20161028,-2.9523088569266
603169.SH,兰石重装,20161027,-2.9523088569266
603169.SH,兰石重装,20161026,-2.9523088569266
603169.SH,兰石重装,20161025,-2.9523088569266
603169.SH,兰石重装,20161024,-2.9523088569266
603169.SH,兰石重装,20161023,-2.9523088569266
603169.SH,兰石重装,20161022,-2.9523088569266
603169.SH,兰石重装,20161021,-2.9523088569266
603169.SH,兰石重装,20161020,-2.9523088569266
603169.SH,兰石重装,20161019,-2.9523088569266
603169.SH,兰石重装,20161018,-2.9523088569266
603169.SH,兰石重装,20161017,-2.9523088569266
603169.SH,兰石重装,20161016,-2.9523088569266
603169.SH,兰石重装,20161015,-2.9523088569266
603169.SH,兰石重装,20161014,-2.9523088569266
603169.SH,兰石重装,20161013,-2.9523088569266
603169.SH,兰石重装,20161012,-2.9523088569266
603169.SH,兰石重装,20161011,-2.9523088569266
603169.SH,兰石重装,20161010,-2.9523088569266
603169.SH,兰石重装,20161009,-2.9523088569266
603169.SH,兰石重装,20161008,-2.9523088569266
603169.SH,兰石重装,20161007,-2.9523088569266
603169.SH,兰石重装,20161006,-2.9523088569266
603169.SH,兰石重装,20161005,-2.9523088569266
603169.SH,兰石重装,20161004,-2.9523088569266
603169.SH,兰石重装,20161003,-2.9523088569266
603169.SH,兰石重装,20161002,-2.9523088569266
603169.SH,兰石重装,20161001,-2.9523088569266
603169.SH,兰石重装,20160930,9.6265560165975
603169.SH,兰石重装,20160929,9.6265560165975
603169.SH,兰石重装,20160928,9.6265560165975
603169.SH,兰石重装,20160927,9.6265560165975
603169.SH,兰石重装,20160926,9.6265560165975
603169.SH,兰石重装,20160925,9.6265560165975
603169.SH,兰石重装,20160924,9.6265560165975
603169.SH,兰石重装,20160923,9.6265560165975
603169.SH,兰石重装,20160922,9.6265560165975
603169.SH,兰石重装,20160921,9.6265560165975
603169.SH,兰石重装,20160920,9.6265560165975
603169.SH,兰石重装,20160919,9.6265560165975
603169.SH,兰石重装,20160918,9.6265560165975
603169.SH,兰石重装,20160917,9.6265560165975
603169.SH,兰石重装,20160916,9.6265560165975
603169.SH,兰石重装,20160915,9.6265560165975
603169.SH,兰石重装,20160914,9.6265560165975
603169.SH,兰石重装,20160913,9.6265560165975
603169.SH,兰石重装,20160912,9.6265560165975
603169.SH,兰石重装,20160911,9.6265560165975
603169.SH,兰石重装,20160910,9.6265560165975
603169.SH,兰石重装,20160909,9.6265560165975
603169.SH,兰石重装,20160908,9.6265560165975
603169.SH,兰石重装,20160907,9.6265560165975
603169.SH,兰石重装,20160906,9.6265560165975
603169.SH,兰石重装,20160905,9.6265560165975
603169.SH,兰石重装,20160904,9.6265560165975
603169.SH,兰石重装,20160903,9.6265560165975
603169.SH,兰石重装,20160902,9.6265560165975
603169.SH,兰石重装,20160901,9.6265560165975
603169.SH,兰石重装,20160831,0.92127303182581
603169.SH,兰石重装,20160830,0.92127303182581
603169.SH,兰石重装,20160829,0.92127303182581
603169.SH,兰石重装,20160828,0.92127303182581
603169.SH,兰石重装,20160827,0.92127303182581
603169.SH,兰石重装,20160826,0.92127303182581
603169.SH,兰石重装,20160825,0.92127303182581
603169.SH,兰石重装,20160824,0.92127303182581
603169.SH,兰石重装,20160823,0.92127303182581
603169.SH,兰石重装,20160822,0.92127303182581
603169.SH,兰石重装,20160821,0.92127303182581
603169.SH,兰石重装,20160820,0.92127303182581
603169.SH,兰石重装,20160819,0.92127303182581
603169.SH,兰石重装,20160818,0.92127303182581
603169.SH,兰石重装,20160817,0.92127303182581
603169.SH,兰石重装,20160816,0.92127303182581
603169.SH,兰石重装,20160815,0.92127303182581
603169.SH,兰石重装,20160814,0.92127303182581
603169.SH,兰石重装,20160813,0.92127303182581
603169.SH,兰石重装,20160812,0.92127303182581
603169.SH,兰石重装,20160811,0.92127303182581
603169.SH,兰石重装,20160810,0.92127303182581
603169.SH,兰石重装,20160809,0.92127303182581
603169.SH,兰石重装,20160808,0.92127303182581
603169.SH,兰石重装,20160807,0.92127303182581
603169.SH,兰石重装,20160806,0.92127303182581
603169.SH,兰石重装,20160805,0.92127303182581
603169.SH,兰石重装,20160804,0.92127303182581
603169.SH,兰石重装,20160803,0.92127303182581
603169.SH,兰石重装,20160802,0.92127303182581
603169.SH,兰石重装,20160801,0.92127303182581
603169.SH,兰石重装,20160731,-4.1733547351525
603169.SH,兰石重装,20160730,-4.1733547351525
603169.SH,兰石重装,20160729,-4.1733547351525
603169.SH,兰石重装,20160728,-4.1733547351525
603169.SH,兰石重装,20160727,-4.1733547351525
603169.SH,兰石重装,20160726,-4.1733547351525
603169.SH,兰石重装,20160725,-4.1733547351525
603169.SH,兰石重装,20160724,-4.1733547351525
603169.SH,兰石重装,20160723,-4.1733547351525
603169.SH,兰石重装,20160722,-4.1733547351525
603169.SH,兰石重装,20160721,-4.1733547351525
603169.SH,兰石重装,20160720,-4.1733547351525
603169.SH,兰石重装,20160719,-4.1733547351525
603169.SH,兰石重装,20160718,-4.1733547351525
603169.SH,兰石重装,20160717,-4.1733547351525
603169.SH,兰石重装,20160716,-4.1733547351525
603169.SH,兰石重装,20160715,-4.1733547351525
603169.SH,兰石重装,20160714,-4.1733547351525
603169.SH,兰石重装,20160713,-4.1733547351525
603169.SH,兰石重装,20160712,-4.1733547351525
603169.SH,兰石重装,20160711,-4.1733547351525
603169.SH,兰石重装,20160710,-4.1733547351525
603169.SH,兰石重装,20160709,-4.1733547351525
603169.SH,兰石重装,20160708,-4.1733547351525
603169.SH,兰石重装,20160707,-4.1733547351525
603169.SH,兰石重装,20160706,-4.1733547351525
603169.SH,兰石重装,20160705,-4.1733547351525
603169.SH,兰石重装,20160704,-4.1733547351525
603169.SH,兰石重装,20160703,-4.1733547351525
603169.SH,兰石重装,20160702,-4.1733547351525
603169.SH,兰石重装,20160701,-4.1733547351525
603169.SH,兰石重装,20160630,0.16077170418008
603169.SH,兰石重装,20160629,0.16077170418008
603169.SH,兰石重装,20160628,0.16077170418008
603169.SH,兰石重装,20160627,0.16077170418008
603169.SH,兰石重装,20160626,0.16077170418008
603169.SH,兰石重装,20160625,0.16077170418008
603169.SH,兰石重装,20160624,0.16077170418008
603169.SH,兰石重装,20160623,0.16077170418008
603169.SH,兰石重装,20160622,0.16077170418008
603169.SH,兰石重装,20160621,0.16077170418008
603169.SH,兰石重装,20160620,0.16077170418008
603169.SH,兰石重装,20160619,0.16077170418008
603169.SH,兰石重装,20160618,0.16077170418008
603169.SH,兰石重装,20160617,0.16077170418008
603169.SH,兰石重装,20160616,0.16077170418008
603169.SH,兰石重装,20160615,0.16077170418008
603169.SH,兰石重装,20160614,0.16077170418008
603169.SH,兰石重装,20160613,0.16077170418008
603169.SH,兰石重装,20160612,0.16077170418008
603169.SH,兰石重装,20160611,0.16077170418008
603169.SH,兰石重装,20160610,0.16077170418008
603169.SH,兰石重装,20160609,0.16077170418008
603169.SH,兰石重装,20160608,0.16077170418008
603169.SH,兰石重装,20160607,0.16077170418008
603169.SH,兰石重装,20160606,0.16077170418008
603169.SH,兰石重装,20160605,0.16077170418008
603169.SH,兰石重装,20160604,0.16077170418008
603169.SH,兰石重装,20160603,0.16077170418008
603169.SH,兰石重装,20160602,0.16077170418008
603169.SH,兰石重装,20160601,0.16077170418008
603169.SH,兰石重装,20160531,-4.4546850998464
603169.SH,兰石重装,20160530,-4.4546850998464
603169.SH,兰石重装,20160529,-4.4546850998464
603169.SH,兰石重装,20160528,-4.4546850998464
603169.SH,兰石重装,20160527,-4.4546850998464
603169.SH,兰石重装,20160526,-4.4546850998464
603169.SH,兰石重装,20160525,-4.4546850998464
603169.SH,兰石重装,20160524,-4.4546850998464
603169.SH,兰石重装,20160523,-4.4546850998464
603169.SH,兰石重装,20160522,-4.4546850998464
603169.SH,兰石重装,20160521,-4.4546850998464
603169.SH,兰石重装,20160520,-4.4546850998464
603169.SH,兰石重装,20160519,-4.4546850998464
603169.SH,兰石重装,20160518,-4.4546850998464
603169.SH,兰石重装,20160517,-4.4546850998464
603169.SH,兰石重装,20160516,-4.4546850998464
603169.SH,兰石重装,20160515,-4.4546850998464
603169.SH,兰石重装,20160514,-4.4546850998464
603169.SH,兰石重装,20160513,-4.4546850998464
603169.SH,兰石重装,20160512,-4.4546850998464
603169.SH,兰石重装,20160511,-4.4546850998464
603169.SH,兰石重装,20160510,-4.4546850998464
603169.SH,兰石重装,20160509,-4.4546850998464
603169.SH,兰石重装,20160508,-4.4546850998464
603169.SH,兰石重装,20160507,-4.4546850998464
603169.SH,兰石重装,20160506,-4.4546850998464
603169.SH,兰石重装,20160505,-4.4546850998464
603169.SH,兰石重装,20160504,-4.4546850998464
603169.SH,兰石重装,20160503,-4.4546850998464
603169.SH,兰石重装,20160502,-4.4546850998464
603169.SH,兰石重装,20160501,-4.4546850998464
603169.SH,兰石重装,20160430,-13.2
603169.SH,兰石重装,20160429,-13.2
603169.SH,兰石重装,20160428,-13.2
603169.SH,兰石重装,20160427,-13.2
603169.SH,兰石重装,20160426,-13.2
603169.SH,兰石重装,20160425,-13.2
603169.SH,兰石重装,20160424,-13.2
603169.SH,兰石重装,20160423,-13.2
603169.SH,兰石重装,20160422,-13.2
603169.SH,兰石重装,20160421,-13.2
603169.SH,兰石重装,20160420,-13.2
603169.SH,兰石重装,20160419,-13.2
603169.SH,兰石重装,20160418,-13.2
603169.SH,兰石重装,20160417,-13.2
603169.SH,兰石重装,20160416,-13.2
603169.SH,兰石重装,20160415,-13.2
603169.SH,兰石重装,20160414,-13.2
603169.SH,兰石重装,20160413,-13.2
603169.SH,兰石重装,20160412,-13.2
603169.SH,兰石重装,20160411,-13.2
603169.SH,兰石重装,20160410,-13.2
603169.SH,兰石重装,20160409,-13.2
603169.SH,兰石重装,20160408,-13.2
603169.SH,兰石重装,20160407,-13.2
603169.SH,兰石重装,20160406,-13.2
603169.SH,兰石重装,20160405,-13.2
603169.SH,兰石重装,20160404,-13.2
603169.SH,兰石重装,20160403,-13.2
603169.SH,兰石重装,20160402,-13.2
603169.SH,兰石重装,20160401,-13.2
603169.SH,兰石重装,20160331,23.660346248969
603169.SH,兰石重装,20160330,23.660346248969
603169.SH,兰石重装,20160329,23.660346248969
603169.SH,兰石重装,20160328,23.660346248969
603169.SH,兰石重装,20160327,23.660346248969
603169.SH,兰石重装,20160326,23.660346248969
603169.SH,兰石重装,20160325,23.660346248969
603169.SH,兰石重装,20160324,23.660346248969
603169.SH,兰石重装,20160323,23.660346248969
603169.SH,兰石重装,20160322,23.660346248969
603169.SH,兰石重装,20160321,23.660346248969
603169.SH,兰石重装,20160320,23.660346248969
603169.SH,兰石重装,20160319,23.660346248969
603169.SH,兰石重装,20160318,23.660346248969
603169.SH,兰石重装,20160317,23.660346248969
603169.SH,兰石重装,20160316,23.660346248969
603169.SH,兰石重装,20160315,23.660346248969
603169.SH,兰石重装,20160314,23.660346248969
603169.SH,兰石重装,20160313,23.660346248969
603169.SH,兰石重装,20160312,23.660346248969
603169.SH,兰石重装,20160311,23.660346248969
603169.SH,兰石重装,20160310,23.660346248969
603169.SH,兰石重装,20160309,23.660346248969
603169.SH,兰石重装,20160308,23.660346248969
603169.SH,兰石重装,20160307,23.660346248969
603169.SH,兰石重装,20160306,23.660346248969
603169.SH,兰石重装,20160305,23.660346248969
603169.SH,兰石重装,20160304,23.660346248969
603169.SH,兰石重装,20160303,23.660346248969
603169.SH,兰石重装,20160302,23.660346248969
603169.SH,兰石重装,20160301,23.660346248969
603169.SH,兰石重装,20160229,0.91514143094843
603169.SH,兰石重装,20160228,0.91514143094843
603169.SH,兰石重装,20160227,0.91514143094843
603169.SH,兰石重装,20160226,0.91514143094843
603169.SH,兰石重装,20160225,0.91514143094843
603169.SH,兰石重装,20160224,0.91514143094843
603169.SH,兰石重装,20160223,0.91514143094843
603169.SH,兰石重装,20160222,0.91514143094843
603169.SH,兰石重装,20160221,0.91514143094843
603169.SH,兰石重装,20160220,0.91514143094843
603169.SH,兰石重装,20160219,0.91514143094843
603169.SH,兰石重装,20160218,0.91514143094843
603169.SH,兰石重装,20160217,0.91514143094843
603169.SH,兰石重装,20160216,0.91514143094843
603169.SH,兰石重装,20160215,0.91514143094843
603169.SH,兰石重装,20160214,0.91514143094843
603169.SH,兰石重装,20160213,0.91514143094843
603169.SH,兰石重装,20160212,0.91514143094843
603169.SH,兰石重装,20160211,0.91514143094843
603169.SH,兰石重装,20160210,0.91514143094843
603169.SH,兰石重装,20160209,0.91514143094843
603169.SH,兰石重装,20160208,0.91514143094843
603169.SH,兰石重装,20160207,0.91514143094843
603169.SH,兰石重装,20160206,0.91514143094843
603169.SH,兰石重装,20160205,0.91514143094843
603169.SH,兰石重装,20160204,0.91514143094843
603169.SH,兰石重装,20160203,0.91514143094843
603169.SH,兰石重装,20160202,0.91514143094843
603169.SH,兰石重装,20160201,0.91514143094843
603169.SH,兰石重装,20160131,-34.13698630137
603169.SH,兰石重装,20160130,-34.13698630137
603169.SH,兰石重装,20160129,-34.13698630137
603169.SH,兰石重装,20160128,-34.13698630137
603169.SH,兰石重装,20160127,-34.13698630137
603169.SH,兰石重装,20160126,-34.13698630137
603169.SH,兰石重装,20160125,-34.13698630137
603169.SH,兰石重装,20160124,-34.13698630137
603169.SH,兰石重装,20160123,-34.13698630137
603169.SH,兰石重装,20160122,-34.13698630137
603169.SH,兰石重装,20160121,-34.13698630137
603169.SH,兰石重装,20160120,-34.13698630137
603169.SH,兰石重装,20160119,-34.13698630137
603169.SH,兰石重装,20160118,-34.13698630137
603169.SH,兰石重装,20160117,-34.13698630137
603169.SH,兰石重装,20160116,-34.13698630137
603169.SH,兰石重装,20160115,-34.13698630137
603169.SH,兰石重装,20160114,-34.13698630137
603169.SH,兰石重装,20160113,-34.13698630137
603169.SH,兰石重装,20160112,-34.13698630137
603169.SH,兰石重装,20160111,-34.13698630137
603169.SH,兰石重装,20160110,-34.13698630137
603169.SH,兰石重装,20160109,-34.13698630137
603169.SH,兰石重装,20160108,-34.13698630137
603169.SH,兰石重装,20160107,-34.13698630137
603169.SH,兰石重装,20160106,-34.13698630137
603169.SH,兰石重装,20160105,-34.13698630137
603169.SH,兰石重装,20160104,-34.13698630137
603169.SH,兰石重装,20160103,-34.13698630137
603169.SH,兰石重装,20160102,-34.13698630137
603169.SH,兰石重装,20160101,-34.13698630137
603169.SH,兰石重装,20151231,1.1080332409972
603169.SH,兰石重装,20151230,1.1080332409972
603169.SH,兰石重装,20151229,1.1080332409972
603169.SH,兰石重装,20151228,1.1080332409972
603169.SH,兰石重装,20151227,1.1080332409972
603169.SH,兰石重装,20151226,1.1080332409972
603169.SH,兰石重装,20151225,1.1080332409972
603169.SH,兰石重装,20151224,1.1080332409972
603169.SH,兰石重装,20151223,1.1080332409972
603169.SH,兰石重装,20151222,1.1080332409972
603169.SH,兰石重装,20151221,1.1080332409972
603169.SH,兰石重装,20151220,1.1080332409972
603169.SH,兰石重装,20151219,1.1080332409972
603169.SH,兰石重装,20151218,1.1080332409972
603169.SH,兰石重装,20151217,1.1080332409972
603169.SH,兰石重装,20151216,1.1080332409972
603169.SH,兰石重装,20151215,1.1080332409972
603169.SH,兰石重装,20151214,1.1080332409972
603169.SH,兰石重装,20151213,1.1080332409972
603169.SH,兰石重装,20151212,1.1080332409972
603169.SH,兰石重装,20151211,1.1080332409972
603169.SH,兰石重装,20151210,1.1080332409972
603169.SH,兰石重装,20151209,1.1080332409972
603169.SH,兰石重装,20151208,1.1080332409972
603169.SH,兰石重装,20151207,1.1080332409972
603169.SH,兰石重装,20151206,1.1080332409972
603169.SH,兰石重装,20151205,1.1080332409972
603169.SH,兰石重装,20151204,1.1080332409972
603169.SH,兰石重装,20151203,1.1080332409972
603169.SH,兰石重装,20151202,1.1080332409972
603169.SH,兰石重装,20151201,1.1080332409972
603169.SH,兰石重装,20151130,-7.8611536498213
603169.SH,兰石重装,20151129,-7.8611536498213
603169.SH,兰石重装,20151128,-7.8611536498213
603169.SH,兰石重装,20151127,-7.8611536498213
603169.SH,兰石重装,20151126,-7.8611536498213
603169.SH,兰石重装,20151125,-7.8611536498213
603169.SH,兰石重装,20151124,-7.8611536498213
603169.SH,兰石重装,20151123,-7.8611536498213
603169.SH,兰石重装,20151122,-7.8611536498213
603169.SH,兰石重装,20151121,-7.8611536498213
603169.SH,兰石重装,20151120,-7.8611536498213
603169.SH,兰石重装,20151119,-7.8611536498213
603169.SH,兰石重装,20151118,-7.8611536498213
603169.SH,兰石重装,20151117,-7.8611536498213
603169.SH,兰石重装,20151116,-7.8611536498213
603169.SH,兰石重装,20151115,-7.8611536498213
603169.SH,兰石重装,20151114,-7.8611536498213
603169.SH,兰石重装,20151113,-7.8611536498213
603169.SH,兰石重装,20151112,-7.8611536498213
603169.SH,兰石重装,20151111,-7.8611536498213
603169.SH,兰石重装,20151110,-7.8611536498213
603169.SH,兰石重装,20151109,-7.8611536498213
603169.SH,兰石重装,20151108,-7.8611536498213
603169.SH,兰石重装,20151107,-7.8611536498213
603169.SH,兰石重装,20151106,-7.8611536498213
603169.SH,兰石重装,20151105,-7.8611536498213
603169.SH,兰石重装,20151104,-7.8611536498213
603169.SH,兰石重装,20151103,-7.8611536498213
603169.SH,兰石重装,20151102,-7.8611536498213
603169.SH,兰石重装,20151101,-7.8611536498213
603169.SH,兰石重装,20151031,20.851326341764
603169.SH,兰石重装,20151030,20.851326341764
603169.SH,兰石重装,20151029,20.851326341764
603169.SH,兰石重装,20151028,20.851326341764
603169.SH,兰石重装,20151027,20.851326341764
603169.SH,兰石重装,20151026,20.851326341764
603169.SH,兰石重装,20151025,20.851326341764
603169.SH,兰石重装,20151024,20.851326341764
603169.SH,兰石重装,20151023,20.851326341764
603169.SH,兰石重装,20151022,20.851326341764
603169.SH,兰石重装,20151021,20.851326341764
603169.SH,兰石重装,20151020,20.851326341764
603169.SH,兰石重装,20151019,20.851326341764
603169.SH,兰石重装,20151018,20.851326341764
603169.SH,兰石重装,20151017,20.851326341764
603169.SH,兰石重装,20151016,20.851326341764
603169.SH,兰石重装,20151015,20.851326341764
603169.SH,兰石重装,20151014,20.851326341764
603169.SH,兰石重装,20151013,20.851326341764
603169.SH,兰石重装,20151012,20.851326341764
603169.SH,兰石重装,20151011,20.851326341764
603169.SH,兰石重装,20151010,20.851326341764
603169.SH,兰石重装,20151009,20.851326341764
603169.SH,兰石重装,20151008,20.851326341764
603169.SH,兰石重装,20151007,20.851326341764
603169.SH,兰石重装,20151006,20.851326341764
603169.SH,兰石重装,20151005,20.851326341764
603169.SH,兰石重装,20151004,20.851326341764
603169.SH,兰石重装,20151003,20.851326341764
603169.SH,兰石重装,20151002,20.851326341764
603169.SH,兰石重装,20151001,20.851326341764
603169.SH,兰石重装,20150930,2.0780856423174
603169.SH,兰石重装,20150929,2.0780856423174
603169.SH,兰石重装,20150928,2.0780856423174
603169.SH,兰石重装,20150927,2.0780856423174
603169.SH,兰石重装,20150926,2.0780856423174
603169.SH,兰石重装,20150925,2.0780856423174
603169.SH,兰石重装,20150924,2.0780856423174
603169.SH,兰石重装,20150923,2.0780856423174
603169.SH,兰石重装,20150922,2.0780856423174
603169.SH,兰石重装,20150921,2.0780856423174
603169.SH,兰石重装,20150920,2.0780856423174
603169.SH,兰石重装,20150919,2.0780856423174
603169.SH,兰石重装,20150918,2.0780856423174
603169.SH,兰石重装,20150917,2.0780856423174
603169.SH,兰石重装,20150916,2.0780856423174
603169.SH,兰石重装,20150915,2.0780856423174
603169.SH,兰石重装,20150914,2.0780856423174
603169.SH,兰石重装,20150913,2.0780856423174
603169.SH,兰石重装,20150912,2.0780856423174
603169.SH,兰石重装,20150911,2.0780856423174
603169.SH,兰石重装,20150910,2.0780856423174
603169.SH,兰石重装,20150909,2.0780856423174
603169.SH,兰石重装,20150908,2.0780856423174
603169.SH,兰石重装,20150907,2.0780856423174
603169.SH,兰石重装,20150906,2.0780856423174
603169.SH,兰石重装,20150905,2.0780856423174
603169.SH,兰石重装,20150904,2.0780856423174
603169.SH,兰石重装,20150903,2.0780856423174
603169.SH,兰石重装,20150902,2.0780856423174
603169.SH,兰石重装,20150901,2.0780856423174
603169.SH,兰石重装,20150831,-12.506887052342
603169.SH,兰石重装,20150830,-12.506887052342
603169.SH,兰石重装,20150829,-12.506887052342
603169.SH,兰石重装,20150828,-12.506887052342
603169.SH,兰石重装,20150827,-12.506887052342
603169.SH,兰石重装,20150826,-12.506887052342
603169.SH,兰石重装,20150825,-12.506887052342
603169.SH,兰石重装,20150824,-12.506887052342
603169.SH,兰石重装,20150823,-12.506887052342
603169.SH,兰石重装,20150822,-12.506887052342
603169.SH,兰石重装,20150821,-12.506887052342
603169.SH,兰石重装,20150820,-12.506887052342
603169.SH,兰石重装,20150819,-12.506887052342
603169.SH,兰石重装,20150818,-12.506887052342
603169.SH,兰石重装,20150817,-12.506887052342
603169.SH,兰石重装,20150816,-12.506887052342
603169.SH,兰石重装,20150815,-12.506887052342
603169.SH,兰石重装,20150814,-12.506887052342
603169.SH,兰石重装,20150813,-12.506887052342
603169.SH,兰石重装,20150812,-12.506887052342
603169.SH,兰石重装,20150811,-12.506887052342
603169.SH,兰石重装,20150810,-12.506887052342
603169.SH,兰石重装,20150809,-12.506887052342
603169.SH,兰石重装,20150808,-12.506887052342
603169.SH,兰石重装,20150807,-12.506887052342
603169.SH,兰石重装,20150806,-12.506887052342
603169.SH,兰石重装,20150805,-12.506887052342
603169.SH,兰石重装,20150804,-12.506887052342
603169.SH,兰石重装,20150803,-12.506887052342
603169.SH,兰石重装,20150802,-12.506887052342
603169.SH,兰石重装,20150801,-12.506887052342
603169.SH,兰石重装,20150731,-1.8388318009735
603169.SH,兰石重装,20150730,-1.8388318009735
603169.SH,兰石重装,20150729,-1.8388318009735
603169.SH,兰石重装,20150728,-1.8388318009735
603169.SH,兰石重装,20150727,-1.8388318009735
603169.SH,兰石重装,20150726,-1.8388318009735
603169.SH,兰石重装,20150725,-1.8388318009735
603169.SH,兰石重装,20150724,-1.8388318009735
603169.SH,兰石重装,20150723,-1.8388318009735
603169.SH,兰石重装,20150722,-1.8388318009735
603169.SH,兰石重装,20150721,-1.8388318009735
603169.SH,兰石重装,20150720,-1.8388318009735
603169.SH,兰石重装,20150719,-1.8388318009735
603169.SH,兰石重装,20150718,-1.8388318009735
603169.SH,兰石重装,20150717,-1.8388318009735
603169.SH,兰石重装,20150716,-1.8388318009735
603169.SH,兰石重装,20150715,-1.8388318009735
603169.SH,兰石重装,20150714,-1.8388318009735
603169.SH,兰石重装,20150713,-1.8388318009735
603169.SH,兰石重装,20150712,-1.8388318009735
603169.SH,兰石重装,20150711,-1.8388318009735
603169.SH,兰石重装,20150710,-1.8388318009735
603169.SH,兰石重装,20150709,-1.8388318009735
603169.SH,兰石重装,20150708,-1.8388318009735
603169.SH,兰石重装,20150707,-1.8388318009735
603169.SH,兰石重装,20150706,-1.8388318009735
603169.SH,兰石重装,20150705,-1.8388318009735
603169.SH,兰石重装,20150704,-1.8388318009735
603169.SH,兰石重装,20150703,-1.8388318009735
603169.SH,兰石重装,20150702,-1.8388318009735
603169.SH,兰石重装,20150701,-1.8388318009735
603169.SH,兰石重装,20150630,-38.510142999667
603169.SH,兰石重装,20150629,-38.510142999667
603169.SH,兰石重装,20150628,-38.510142999667
603169.SH,兰石重装,20150627,-38.510142999667
603169.SH,兰石重装,20150626,-38.510142999667
603169.SH,兰石重装,20150625,-38.510142999667
603169.SH,兰石重装,20150624,-38.510142999667
603169.SH,兰石重装,20150623,-38.510142999667
603169.SH,兰石重装,20150622,-38.510142999667
603169.SH,兰石重装,20150621,-38.510142999667
603169.SH,兰石重装,20150620,-38.510142999667
603169.SH,兰石重装,20150619,-38.510142999667
603169.SH,兰石重装,20150618,-38.510142999667
603169.SH,兰石重装,20150617,-38.510142999667
603169.SH,兰石重装,20150616,-38.510142999667
603169.SH,兰石重装,20150615,-38.510142999667
603169.SH,兰石重装,20150614,-38.510142999667
603169.SH,兰石重装,20150613,-38.510142999667
603169.SH,兰石重装,20150612,-38.510142999667
603169.SH,兰石重装,20150611,-38.510142999667
603169.SH,兰石重装,20150610,-38.510142999667
603169.SH,兰石重装,20150609,-38.510142999667
603169.SH,兰石重装,20150608,-38.510142999667
603169.SH,兰石重装,20150607,-38.510142999667
603169.SH,兰石重装,20150606,-38.510142999667
603169.SH,兰石重装,20150605,-38.510142999667
603169.SH,兰石重装,20150604,-38.510142999667
603169.SH,兰石重装,20150603,-38.510142999667
603169.SH,兰石重装,20150602,-38.510142999667
603169.SH,兰石重装,20150601,-38.510142999667
603169.SH,兰石重装,20150531,46.539961013645
603169.SH,兰石重装,20150530,46.539961013645
603169.SH,兰石重装,20150529,46.539961013645
603169.SH,兰石重装,20150528,46.539961013645
603169.SH,兰石重装,20150527,46.539961013645
603169.SH,兰石重装,20150526,46.539961013645
603169.SH,兰石重装,20150525,46.539961013645
603169.SH,兰石重装,20150524,46.539961013645
603169.SH,兰石重装,20150523,46.539961013645
603169.SH,兰石重装,20150522,46.539961013645
603169.SH,兰石重装,20150521,46.539961013645
603169.SH,兰石重装,20150520,46.539961013645
603169.SH,兰石重装,20150519,46.539961013645
603169.SH,兰石重装,20150518,46.539961013645
603169.SH,兰石重装,20150517,46.539961013645
603169.SH,兰石重装,20150516,46.539961013645
603169.SH,兰石重装,20150515,46.539961013645
603169.SH,兰石重装,20150514,46.539961013645
603169.SH,兰石重装,20150513,46.539961013645
603169.SH,兰石重装,20150512,46.539961013645
603169.SH,兰石重装,20150511,46.539961013645
603169.SH,兰石重装,20150510,46.539961013645
603169.SH,兰石重装,20150509,46.539961013645
603169.SH,兰石重装,20150508,46.539961013645
603169.SH,兰石重装,20150507,46.539961013645
603169.SH,兰石重装,20150506,46.539961013645
603169.SH,兰石重装,20150505,46.539961013645
603169.SH,兰石重装,20150504,46.539961013645
603169.SH,兰石重装,20150503,46.539961013645
603169.SH,兰石重装,20150502,46.539961013645
603169.SH,兰石重装,20150501,46.539961013645
603169.SH,兰石重装,20150430,-21.589606419564
603169.SH,兰石重装,20150429,-21.589606419564
603169.SH,兰石重装,20150428,-21.589606419564
603169.SH,兰石重装,20150427,-21.589606419564
603169.SH,兰石重装,20150426,-21.589606419564
603169.SH,兰石重装,20150425,-21.589606419564
603169.SH,兰石重装,20150424,-21.589606419564
603169.SH,兰石重装,20150423,-21.589606419564
603169.SH,兰石重装,20150422,-21.589606419564
603169.SH,兰石重装,20150421,-21.589606419564
603169.SH,兰石重装,20150420,-21.589606419564
603169.SH,兰石重装,20150419,-21.589606419564
603169.SH,兰石重装,20150418,-21.589606419564
603169.SH,兰石重装,20150417,-21.589606419564
603169.SH,兰石重装,20150416,-21.589606419564
603169.SH,兰石重装,20150415,-21.589606419564
603169.SH,兰石重装,20150414,-21.589606419564
603169.SH,兰石重装,20150413,-21.589606419564
603169.SH,兰石重装,20150412,-21.589606419564
603169.SH,兰石重装,20150411,-21.589606419564
603169.SH,兰石重装,20150410,-21.589606419564
603169.SH,兰石重装,20150409,-21.589606419564
603169.SH,兰石重装,20150408,-21.589606419564
603169.SH,兰石重装,20150407,-21.589606419564
603169.SH,兰石重装,20150406,-21.589606419564
603169.SH,兰石重装,20150405,-21.589606419564
603169.SH,兰石重装,20150404,-21.589606419564
603169.SH,兰石重装,20150403,-21.589606419564
603169.SH,兰石重装,20150402,-21.589606419564
603169.SH,兰石重装,20150401,-21.589606419564
603169.SH,兰石重装,20150331,10.42194092827
603169.SH,兰石重装,20150330,10.42194092827
603169.SH,兰石重装,20150329,10.42194092827
603169.SH,兰石重装,20150328,10.42194092827
603169.SH,兰石重装,20150327,10.42194092827
603169.SH,兰石重装,20150326,10.42194092827
603169.SH,兰石重装,20150325,10.42194092827
603169.SH,兰石重装,20150324,10.42194092827
603169.SH,兰石重装,20150323,10.42194092827
603169.SH,兰石重装,20150322,10.42194092827
603169.SH,兰石重装,20150321,10.42194092827
603169.SH,兰石重装,20150320,10.42194092827
603169.SH,兰石重装,20150319,10.42194092827
603169.SH,兰石重装,20150318,10.42194092827
603169.SH,兰石重装,20150317,10.42194092827
603169.SH,兰石重装,20150316,10.42194092827
603169.SH,兰石重装,20150315,10.42194092827
603169.SH,兰石重装,20150314,10.42194092827
603169.SH,兰石重装,20150313,10.42194092827
603169.SH,兰石重装,20150312,10.42194092827
603169.SH,兰石重装,20150311,10.42194092827
603169.SH,兰石重装,20150310,10.42194092827
603169.SH,兰石重装,20150309,10.42194092827
603169.SH,兰石重装,20150308,10.42194092827
603169.SH,兰石重装,20150307,10.42194092827
603169.SH,兰石重装,20150306,10.42194092827
603169.SH,兰石重装,20150305,10.42194092827
603169.SH,兰石重装,20150304,10.42194092827
603169.SH,兰石重装,20150303,10.42194092827
603169.SH,兰石重装,20150302,10.42194092827
603169.SH,兰石重装,20150301,10.42194092827
603169.SH,兰石重装,20150228,4.8672566371681
603169.SH,兰石重装,20150227,4.8672566371681
603169.SH,兰石重装,20150226,4.8672566371681
603169.SH,兰石重装,20150225,4.8672566371681
603169.SH,兰石重装,20150224,4.8672566371681
603169.SH,兰石重装,20150223,4.8672566371681
603169.SH,兰石重装,20150222,4.8672566371681
603169.SH,兰石重装,20150221,4.8672566371681
603169.SH,兰石重装,20150220,4.8672566371681
603169.SH,兰石重装,20150219,4.8672566371681
603169.SH,兰石重装,20150218,4.8672566371681
603169.SH,兰石重装,20150217,4.8672566371681
603169.SH,兰石重装,20150216,4.8672566371681
603169.SH,兰石重装,20150215,4.8672566371681
603169.SH,兰石重装,20150214,4.8672566371681
603169.SH,兰石重装,20150213,4.8672566371681
603169.SH,兰石重装,20150212,4.8672566371681
603169.SH,兰石重装,20150211,4.8672566371681
603169.SH,兰石重装,20150210,4.8672566371681
603169.SH,兰石重装,20150209,4.8672566371681
603169.SH,兰石重装,20150208,4.8672566371681
603169.SH,兰石重装,20150207,4.8672566371681
603169.SH,兰石重装,20150206,4.8672566371681
603169.SH,兰石重装,20150205,4.8672566371681
603169.SH,兰石重装,20150204,4.8672566371681
603169.SH,兰石重装,20150203,4.8672566371681
603169.SH,兰石重装,20150202,4.8672566371681
603169.SH,兰石重装,20150201,4.8672566371681
603169.SH,兰石重装,20150131,28.628343767786
603169.SH,兰石重装,20150130,28.628343767786
603169.SH,兰石重装,20150129,28.628343767786
603169.SH,兰石重装,20150128,28.628343767786
603169.SH,兰石重装,20150127,28.628343767786
603169.SH,兰石重装,20150126,28.628343767786
603169.SH,兰石重装,20150125,28.628343767786
603169.SH,兰石重装,20150124,28.628343767786
603169.SH,兰石重装,20150123,28.628343767786
603169.SH,兰石重装,20150122,28.628343767786
603169.SH,兰石重装,20150121,28.628343767786
603169.SH,兰石重装,20150120,28.628343767786
603169.SH,兰石重装,20150119,28.628343767786
603169.SH,兰石重装,20150118,28.628343767786
603169.SH,兰石重装,20150117,28.628343767786
603169.SH,兰石重装,20150116,28.628343767786
603169.SH,兰石重装,20150115,28.628343767786
603169.SH,兰石重装,20150114,28.628343767786
603169.SH,兰石重装,20150113,28.628343767786
603169.SH,兰石重装,20150112,28.628343767786
603169.SH,兰石重装,20150111,28.628343767786
603169.SH,兰石重装,20150110,28.628343767786
603169.SH,兰石重装,20150109,28.628343767786
603169.SH,兰石重装,20150108,28.628343767786
603169.SH,兰石重装,20150107,28.628343767786
603169.SH,兰石重装,20150106,28.628343767786
603169.SH,兰石重装,20150105,28.628343767786
603169.SH,兰石重装,20150104,28.628343767786
603169.SH,兰石重装,20150103,28.628343767786
603169.SH,兰石重装,20150102,28.628343767786
603169.SH,兰石重装,20150101,28.628343767786
603169.SH,兰石重装,20141231,-32.63036809816
603169.SH,兰石重装,20141230,-32.63036809816
603169.SH,兰石重装,20141229,-32.63036809816
603169.SH,兰石重装,20141228,-32.63036809816
603169.SH,兰石重装,20141227,-32.63036809816
603169.SH,兰石重装,20141226,-32.63036809816
603169.SH,兰石重装,20141225,-32.63036809816
603169.SH,兰石重装,20141224,-32.63036809816
603169.SH,兰石重装,20141223,-32.63036809816
603169.SH,兰石重装,20141222,-32.63036809816
603169.SH,兰石重装,20141221,-32.63036809816
603169.SH,兰石重装,20141220,-32.63036809816
603169.SH,兰石重装,20141219,-32.63036809816
603169.SH,兰石重装,20141218,-32.63036809816
603169.SH,兰石重装,20141217,-32.63036809816
603169.SH,兰石重装,20141216,-32.63036809816
603169.SH,兰石重装,20141215,-32.63036809816
603169.SH,兰石重装,20141214,-32.63036809816
603169.SH,兰石重装,20141213,-32.63036809816
603169.SH,兰石重装,20141212,-32.63036809816
603169.SH,兰石重装,20141211,-32.63036809816
603169.SH,兰石重装,20141210,-32.63036809816
603169.SH,兰石重装,20141209,-32.63036809816
603169.SH,兰石重装,20141208,-32.63036809816
603169.SH,兰石重装,20141207,-32.63036809816
603169.SH,兰石重装,20141206,-32.63036809816
603169.SH,兰石重装,20141205,-32.63036809816
603169.SH,兰石重装,20141204,-32.63036809816
603169.SH,兰石重装,20141203,-32.63036809816
603169.SH,兰石重装,20141202,-32.63036809816
603169.SH,兰石重装,20141201,-32.63036809816
603169.SH,兰石重装,20141130,134.53237410072
603169.SH,兰石重装,20141129,134.53237410072
603169.SH,兰石重装,20141128,134.53237410072
603169.SH,兰石重装,20141127,134.53237410072
603169.SH,兰石重装,20141126,134.53237410072
603169.SH,兰石重装,20141125,134.53237410072
603169.SH,兰石重装,20141124,134.53237410072
603169.SH,兰石重装,20141123,134.53237410072
603169.SH,兰石重装,20141122,134.53237410072
603169.SH,兰石重装,20141121,134.53237410072
603169.SH,兰石重装,20141120,134.53237410072
603169.SH,兰石重装,20141119,134.53237410072
603169.SH,兰石重装,20141118,134.53237410072
603169.SH,兰石重装,20141117,134.53237410072
603169.SH,兰石重装,20141116,134.53237410072
603169.SH,兰石重装,20141115,134.53237410072
603169.SH,兰石重装,20141114,134.53237410072
603169.SH,兰石重装,20141113,134.53237410072
603169.SH,兰石重装,20141112,134.53237410072
603169.SH,兰石重装,20141111,134.53237410072
603169.SH,兰石重装,20141110,134.53237410072
603169.SH,兰石重装,20141109,134.53237410072
603169.SH,兰石重装,20141108,134.53237410072
603169.SH,兰石重装,20141107,134.53237410072
603169.SH,兰石重装,20141106,134.53237410072
603169.SH,兰石重装,20141105,134.53237410072
603169.SH,兰石重装,20141104,134.53237410072
603169.SH,兰石重装,20141103,134.53237410072
603169.SH,兰石重装,20141102,134.53237410072
603169.SH,兰石重装,20141101,134.53237410072
603169.SH,兰石重装,20141031,561.90476190476
603169.SH,兰石重装,20141030,561.90476190476
603169.SH,兰石重装,20141029,561.90476190476
603169.SH,兰石重装,20141028,561.90476190476
603169.SH,兰石重装,20141027,561.90476190476
603169.SH,兰石重装,20141026,561.90476190476
603169.SH,兰石重装,20141025,561.90476190476
603169.SH,兰石重装,20141024,561.90476190476
603169.SH,兰石重装,20141023,561.90476190476
603169.SH,兰石重装,20141022,561.90476190476
603169.SH,兰石重装,20141021,561.90476190476
603169.SH,兰石重装,20141020,561.90476190476
603169.SH,兰石重装,20141019,561.90476190476
603169.SH,兰石重装,20141018,561.90476190476
603169.SH,兰石重装,20141017,561.90476190476
603169.SH,兰石重装,20141016,561.90476190476
603169.SH,兰石重装,20141015,561.90476190476
603169.SH,兰石重装,20141014,561.90476190476
603169.SH,兰石重装,20141013,561.90476190476
603169.SH,兰石重装,20141012,561.90476190476
603169.SH,兰石重装,20141011,561.90476190476
603169.SH,兰石重装,20141010,561.90476190476
603169.SH,兰石重装,20141009,561.90476190476
603169.SH,兰石重装,20141008,561.90476190476
603169.SH,兰石重装,20141007,561.90476190476
603169.SH,兰石重装,20141006,561.90476190476
603169.SH,兰石重装,20141005,561.90476190476
603169.SH,兰石重装,20141004,561.90476190476
603169.SH,兰石重装,20141003,561.90476190476
603169.SH,兰石重装,20141002,561.90476190476
603169.SH,兰石重装,20141001,561.90476190476
603169.SH,兰石重装,20140930,
603169.SH,兰石重装,20140929,
603169.SH,兰石重装,20140928,
603169.SH,兰石重装,20140927,
603169.SH,兰石重装,20140926,
603169.SH,兰石重装,20140925,
603169.SH,兰石重装,20140924,
603169.SH,兰石重装,20140923,
603169.SH,兰石重装,20140922,
603169.SH,兰石重装,20140921,
603169.SH,兰石重装,20140920,
603169.SH,兰石重装,20140919,
603169.SH,兰石重装,20140918,
603169.SH,兰石重装,20140917,
603169.SH,兰石重装,20140916,
603169.SH,兰石重装,20140915,
603169.SH,兰石重装,20140914,
603169.SH,兰石重装,20140913,
603169.SH,兰石重装,20140912,
603169.SH,兰石重装,20140911,
603169.SH,兰石重装,20140910,
603169.SH,兰石重装,20140909,
603169.SH,兰石重装,20140908,
603169.SH,兰石重装,20140907,
603169.SH,兰石重装,20140906,
603169.SH,兰石重装,20140905,
603169.SH,兰石重装,20140904,
603169.SH,兰石重装,20140903,
603169.SH,兰石重装,20140902,
603169.SH,兰石重装,20140901,
603169.SH,兰石重装,20140831,
603169.SH,兰石重装,20140830,
603169.SH,兰石重装,20140829,
603169.SH,兰石重装,20140828,
603169.SH,兰石重装,20140827,
603169.SH,兰石重装,20140826,
603169.SH,兰石重装,20140825,
603169.SH,兰石重装,20140824,
603169.SH,兰石重装,20140823,
603169.SH,兰石重装,20140822,
603169.SH,兰石重装,20140821,
603169.SH,兰石重装,20140820,
603169.SH,兰石重装,20140819,
603169.SH,兰石重装,20140818,
603169.SH,兰石重装,20140817,
603169.SH,兰石重装,20140816,
603169.SH,兰石重装,20140815,
603169.SH,兰石重装,20140814,
603169.SH,兰石重装,20140813,
603169.SH,兰石重装,20140812,
603169.SH,兰石重装,20140811,
603169.SH,兰石重装,20140810,
603169.SH,兰石重装,20140809,
603169.SH,兰石重装,20140808,
603169.SH,兰石重装,20140807,
603169.SH,兰石重装,20140806,
603169.SH,兰石重装,20140805,
603169.SH,兰石重装,20140804,
603169.SH,兰石重装,20140803,
603169.SH,兰石重装,20140802,
603169.SH,兰石重装,20140801,
603169.SH,兰石重装,20140731,
603169.SH,兰石重装,20140730,
603169.SH,兰石重装,20140729,
603169.SH,兰石重装,20140728,
603169.SH,兰石重装,20140727,
603169.SH,兰石重装,20140726,
603169.SH,兰石重装,20140725,
603169.SH,兰石重装,20140724,
603169.SH,兰石重装,20140723,
603169.SH,兰石重装,20140722,
603169.SH,兰石重装,20140721,
603169.SH,兰石重装,20140720,
603169.SH,兰石重装,20140719,
603169.SH,兰石重装,20140718,
603169.SH,兰石重装,20140717,
603169.SH,兰石重装,20140716,
603169.SH,兰石重装,20140715,
603169.SH,兰石重装,20140714,
603169.SH,兰石重装,20140713,
603169.SH,兰石重装,20140712,
603169.SH,兰石重装,20140711,
603169.SH,兰石重装,20140710,
603169.SH,兰石重装,20140709,
603169.SH,兰石重装,20140708,
603169.SH,兰石重装,20140707,
603169.SH,兰石重装,20140706,
603169.SH,兰石重装,20140705,
603169.SH,兰石重装,20140704,
603169.SH,兰石重装,20140703,
603169.SH,兰石重装,20140702,
603169.SH,兰石重装,20140701,
603169.SH,兰石重装,20140630,
603169.SH,兰石重装,20140629,
603169.SH,兰石重装,20140628,
603169.SH,兰石重装,20140627,
603169.SH,兰石重装,20140626,
603169.SH,兰石重装,20140625,
603169.SH,兰石重装,20140624,
603169.SH,兰石重装,20140623,
603169.SH,兰石重装,20140622,
603169.SH,兰石重装,20140621,
603169.SH,兰石重装,20140620,
603169.SH,兰石重装,20140619,
603169.SH,兰石重装,20140618,
603169.SH,兰石重装,20140617,
603169.SH,兰石重装,20140616,
603169.SH,兰石重装,20140615,
603169.SH,兰石重装,20140614,
603169.SH,兰石重装,20140613,
603169.SH,兰石重装,20140612,
603169.SH,兰石重装,20140611,
603169.SH,兰石重装,20140610,
603169.SH,兰石重装,20140609,
603169.SH,兰石重装,20140608,
603169.SH,兰石重装,20140607,
603169.SH,兰石重装,20140606,
603169.SH,兰石重装,20140605,
603169.SH,兰石重装,20140604,
603169.SH,兰石重装,20140603,
603169.SH,兰石重装,20140602,
603169.SH,兰石重装,20140601,
603169.SH,兰石重装,20140531,
603169.SH,兰石重装,20140530,
603169.SH,兰石重装,20140529,
603169.SH,兰石重装,20140528,
603169.SH,兰石重装,20140527,
603169.SH,兰石重装,20140526,
603169.SH,兰石重装,20140525,
603169.SH,兰石重装,20140524,
603169.SH,兰石重装,20140523,
603169.SH,兰石重装,20140522,
603169.SH,兰石重装,20140521,
603169.SH,兰石重装,20140520,
603169.SH,兰石重装,20140519,
603169.SH,兰石重装,20140518,
603169.SH,兰石重装,20140517,
603169.SH,兰石重装,20140516,
603169.SH,兰石重装,20140515,
603169.SH,兰石重装,20140514,
603169.SH,兰石重装,20140513,
603169.SH,兰石重装,20140512,
603169.SH,兰石重装,20140511,
603169.SH,兰石重装,20140510,
603169.SH,兰石重装,20140509,
603169.SH,兰石重装,20140508,
603169.SH,兰石重装,20140507,
603169.SH,兰石重装,20140506,
603169.SH,兰石重装,20140505,
603169.SH,兰石重装,20140504,
603169.SH,兰石重装,20140503,
603169.SH,兰石重装,20140502,
603169.SH,兰石重装,20140501,
603169.SH,兰石重装,20140430,
603169.SH,兰石重装,20140429,
603169.SH,兰石重装,20140428,
603169.SH,兰石重装,20140427,
603169.SH,兰石重装,20140426,
603169.SH,兰石重装,20140425,
603169.SH,兰石重装,20140424,
603169.SH,兰石重装,20140423,
603169.SH,兰石重装,20140422,
603169.SH,兰石重装,20140421,
603169.SH,兰石重装,20140420,
603169.SH,兰石重装,20140419,
603169.SH,兰石重装,20140418,
603169.SH,兰石重装,20140417,
603169.SH,兰石重装,20140416,
603169.SH,兰石重装,20140415,
603169.SH,兰石重装,20140414,
603169.SH,兰石重装,20140413,
603169.SH,兰石重装,20140412,
603169.SH,兰石重装,20140411,
603169.SH,兰石重装,20140410,
603169.SH,兰石重装,20140409,
603169.SH,兰石重装,20140408,
603169.SH,兰石重装,20140407,
603169.SH,兰石重装,20140406,
603169.SH,兰石重装,20140405,
603169.SH,兰石重装,20140404,
603169.SH,兰石重装,20140403,
603169.SH,兰石重装,20140402,
603169.SH,兰石重装,20140401,
603169.SH,兰石重装,20140331,
603169.SH,兰石重装,20140330,
603169.SH,兰石重装,20140329,
603169.SH,兰石重装,20140328,
603169.SH,兰石重装,20140327,
603169.SH,兰石重装,20140326,
603169.SH,兰石重装,20140325,
603169.SH,兰石重装,20140324,
603169.SH,兰石重装,20140323,
603169.SH,兰石重装,20140322,
603169.SH,兰石重装,20140321,
603169.SH,兰石重装,20140320,
603169.SH,兰石重装,20140319,
603169.SH,兰石重装,20140318,
603169.SH,兰石重装,20140317,
603169.SH,兰石重装,20140316,
603169.SH,兰石重装,20140315,
603169.SH,兰石重装,20140314,
603169.SH,兰石重装,20140313,
603169.SH,兰石重装,20140312,
603169.SH,兰石重装,20140311,
603169.SH,兰石重装,20140310,
603169.SH,兰石重装,20140309,
603169.SH,兰石重装,20140308,
603169.SH,兰石重装,20140307,
603169.SH,兰石重装,20140306,
603169.SH,兰石重装,20140305,
603169.SH,兰石重装,20140304,
603169.SH,兰石重装,20140303,
603169.SH,兰石重装,20140302,
603169.SH,兰石重装,20140301,
603169.SH,兰石重装,20140228,
603169.SH,兰石重装,20140227,
603169.SH,兰石重装,20140226,
603169.SH,兰石重装,20140225,
603169.SH,兰石重装,20140224,
603169.SH,兰石重装,20140223,
603169.SH,兰石重装,20140222,
603169.SH,兰石重装,20140221,
603169.SH,兰石重装,20140220,
603169.SH,兰石重装,20140219,
603169.SH,兰石重装,20140218,
603169.SH,兰石重装,20140217,
603169.SH,兰石重装,20140216,
603169.SH,兰石重装,20140215,
603169.SH,兰石重装,20140214,
603169.SH,兰石重装,20140213,
603169.SH,兰石重装,20140212,
603169.SH,兰石重装,20140211,
603169.SH,兰石重装,20140210,
603169.SH,兰石重装,20140209,
603169.SH,兰石重装,20140208,
603169.SH,兰石重装,20140207,
603169.SH,兰石重装,20140206,
603169.SH,兰石重装,20140205,
603169.SH,兰石重装,20140204,
603169.SH,兰石重装,20140203,
603169.SH,兰石重装,20140202,
603169.SH,兰石重装,20140201,
603169.SH,兰石重装,20140131,
603169.SH,兰石重装,20140130,
603169.SH,兰石重装,20140129,
603169.SH,兰石重装,20140128,
603169.SH,兰石重装,20140127,
603169.SH,兰石重装,20140126,
603169.SH,兰石重装,20140125,
603169.SH,兰石重装,20140124,
603169.SH,兰石重装,20140123,
603169.SH,兰石重装,20140122,
603169.SH,兰石重装,20140121,
603169.SH,兰石重装,20140120,
603169.SH,兰石重装,20140119,
603169.SH,兰石重装,20140118,
603169.SH,兰石重装,20140117,
603169.SH,兰石重装,20140116,
603169.SH,兰石重装,20140115,
603169.SH,兰石重装,20140114,
603169.SH,兰石重装,20140113,
603169.SH,兰石重装,20140112,
603169.SH,兰石重装,20140111,
603169.SH,兰石重装,20140110,
603169.SH,兰石重装,20140109,
603169.SH,兰石重装,20140108,
603169.SH,兰石重装,20140107,
603169.SH,兰石重装,20140106,
603169.SH,兰石重装,20140105,
603169.SH,兰石重装,20140104,
603169.SH,兰石重装,20140103,
603169.SH,兰石重装,20140102,
603169.SH,兰石重装,20140101,
603169.SH,兰石重装,20131231,
603169.SH,兰石重装,20131230,
603169.SH,兰石重装,20131229,
603169.SH,兰石重装,20131228,
603169.SH,兰石重装,20131227,
603169.SH,兰石重装,20131226,
603169.SH,兰石重装,20131225,
603169.SH,兰石重装,20131224,
603169.SH,兰石重装,20131223,
603169.SH,兰石重装,20131222,
603169.SH,兰石重装,20131221,
603169.SH,兰石重装,20131220,
603169.SH,兰石重装,20131219,
603169.SH,兰石重装,20131218,
603169.SH,兰石重装,20131217,
603169.SH,兰石重装,20131216,
603169.SH,兰石重装,20131215,
603169.SH,兰石重装,20131214,
603169.SH,兰石重装,20131213,
603169.SH,兰石重装,20131212,
603169.SH,兰石重装,20131211,
603169.SH,兰石重装,20131210,
603169.SH,兰石重装,20131209,
603169.SH,兰石重装,20131208,
603169.SH,兰石重装,20131207,
603169.SH,兰石重装,20131206,
603169.SH,兰石重装,20131205,
603169.SH,兰石重装,20131204,
603169.SH,兰石重装,20131203,
603169.SH,兰石重装,20131202,
603169.SH,兰石重装,20131201,
603169.SH,兰石重装,20131130,
603169.SH,兰石重装,20131129,
603169.SH,兰石重装,20131128,
603169.SH,兰石重装,20131127,
603169.SH,兰石重装,20131126,
603169.SH,兰石重装,20131125,
603169.SH,兰石重装,20131124,
603169.SH,兰石重装,20131123,
603169.SH,兰石重装,20131122,
603169.SH,兰石重装,20131121,
603169.SH,兰石重装,20131120,
603169.SH,兰石重装,20131119,
603169.SH,兰石重装,20131118,
603169.SH,兰石重装,20131117,
603169.SH,兰石重装,20131116,
603169.SH,兰石重装,20131115,
603169.SH,兰石重装,20131114,
603169.SH,兰石重装,20131113,
603169.SH,兰石重装,20131112,
603169.SH,兰石重装,20131111,
603169.SH,兰石重装,20131110,
603169.SH,兰石重装,20131109,
603169.SH,兰石重装,20131108,
603169.SH,兰石重装,20131107,
603169.SH,兰石重装,20131106,
603169.SH,兰石重装,20131105,
603169.SH,兰石重装,20131104,
603169.SH,兰石重装,20131103,
603169.SH,兰石重装,20131102,
603169.SH,兰石重装,20131101,
603169.SH,兰石重装,20131031,
603169.SH,兰石重装,20131030,
603169.SH,兰石重装,20131029,
603169.SH,兰石重装,20131028,
603169.SH,兰石重装,20131027,
603169.SH,兰石重装,20131026,
603169.SH,兰石重装,20131025,
603169.SH,兰石重装,20131024,
603169.SH,兰石重装,20131023,
603169.SH,兰石重装,20131022,
603169.SH,兰石重装,20131021,
603169.SH,兰石重装,20131020,
603169.SH,兰石重装,20131019,
603169.SH,兰石重装,20131018,
603169.SH,兰石重装,20131017,
603169.SH,兰石重装,20131016,
603169.SH,兰石重装,20131015,
603169.SH,兰石重装,20131014,
603169.SH,兰石重装,20131013,
603169.SH,兰石重装,20131012,
603169.SH,兰石重装,20131011,
603169.SH,兰石重装,20131010,
603169.SH,兰石重装,20131009,
603169.SH,兰石重装,20131008,
603169.SH,兰石重装,20131007,
603169.SH,兰石重装,20131006,
603169.SH,兰石重装,20131005,
603169.SH,兰石重装,20131004,
603169.SH,兰石重装,20131003,
603169.SH,兰石重装,20131002,
603169.SH,兰石重装,20131001,
603169.SH,兰石重装,20130930,
603169.SH,兰石重装,20130929,
603169.SH,兰石重装,20130928,
603169.SH,兰石重装,20130927,
603169.SH,兰石重装,20130926,
603169.SH,兰石重装,20130925,
603169.SH,兰石重装,20130924,
603169.SH,兰石重装,20130923,
603169.SH,兰石重装,20130922,
603169.SH,兰石重装,20130921,
603169.SH,兰石重装,20130920,
603169.SH,兰石重装,20130919,
603169.SH,兰石重装,20130918,
603169.SH,兰石重装,20130917,
603169.SH,兰石重装,20130916,
603169.SH,兰石重装,20130915,
603169.SH,兰石重装,20130914,
603169.SH,兰石重装,20130913,
603169.SH,兰石重装,20130912,
603169.SH,兰石重装,20130911,
603169.SH,兰石重装,20130910,
603169.SH,兰石重装,20130909,
603169.SH,兰石重装,20130908,
603169.SH,兰石重装,20130907,
603169.SH,兰石重装,20130906,
603169.SH,兰石重装,20130905,
603169.SH,兰石重装,20130904,
603169.SH,兰石重装,20130903,
603169.SH,兰石重装,20130902,
603169.SH,兰石重装,20130901,
603169.SH,兰石重装,20130831,
603169.SH,兰石重装,20130830,
603169.SH,兰石重装,20130829,
603169.SH,兰石重装,20130828,
603169.SH,兰石重装,20130827,
603169.SH,兰石重装,20130826,
603169.SH,兰石重装,20130825,
603169.SH,兰石重装,20130824,
603169.SH,兰石重装,20130823,
603169.SH,兰石重装,20130822,
603169.SH,兰石重装,20130821,
603169.SH,兰石重装,20130820,
603169.SH,兰石重装,20130819,
603169.SH,兰石重装,20130818,
603169.SH,兰石重装,20130817,
603169.SH,兰石重装,20130816,
603169.SH,兰石重装,20130815,
603169.SH,兰石重装,20130814,
603169.SH,兰石重装,20130813,
603169.SH,兰石重装,20130812,
603169.SH,兰石重装,20130811,
603169.SH,兰石重装,20130810,
603169.SH,兰石重装,20130809,
603169.SH,兰石重装,20130808,
603169.SH,兰石重装,20130807,
603169.SH,兰石重装,20130806,
603169.SH,兰石重装,20130805,
603169.SH,兰石重装,20130804,
603169.SH,兰石重装,20130803,
603169.SH,兰石重装,20130802,
603169.SH,兰石重装,20130801,
603169.SH,兰石重装,20130731,
603169.SH,兰石重装,20130730,
603169.SH,兰石重装,20130729,
603169.SH,兰石重装,20130728,
603169.SH,兰石重装,20130727,
603169.SH,兰石重装,20130726,
603169.SH,兰石重装,20130725,
603169.SH,兰石重装,20130724,
603169.SH,兰石重装,20130723,
603169.SH,兰石重装,20130722,
603169.SH,兰石重装,20130721,
603169.SH,兰石重装,20130720,
603169.SH,兰石重装,20130719,
603169.SH,兰石重装,20130718,
603169.SH,兰石重装,20130717,
603169.SH,兰石重装,20130716,
603169.SH,兰石重装,20130715,
603169.SH,兰石重装,20130714,
603169.SH,兰石重装,20130713,
603169.SH,兰石重装,20130712,
603169.SH,兰石重装,20130711,
603169.SH,兰石重装,20130710,
603169.SH,兰石重装,20130709,
603169.SH,兰石重装,20130708,
603169.SH,兰石重装,20130707,
603169.SH,兰石重装,20130706,
603169.SH,兰石重装,20130705,
603169.SH,兰石重装,20130704,
603169.SH,兰石重装,20130703,
603169.SH,兰石重装,20130702,
603169.SH,兰石重装,20130701,
603169.SH,兰石重装,20130630,
603169.SH,兰石重装,20130629,
603169.SH,兰石重装,20130628,
603169.SH,兰石重装,20130627,
603169.SH,兰石重装,20130626,
603169.SH,兰石重装,20130625,
603169.SH,兰石重装,20130624,
603169.SH,兰石重装,20130623,
603169.SH,兰石重装,20130622,
603169.SH,兰石重装,20130621,
603169.SH,兰石重装,20130620,
603169.SH,兰石重装,20130619,
603169.SH,兰石重装,20130618,
603169.SH,兰石重装,20130617,
603169.SH,兰石重装,20130616,
603169.SH,兰石重装,20130615,
603169.SH,兰石重装,20130614,
603169.SH,兰石重装,20130613,
603169.SH,兰石重装,20130612,
603169.SH,兰石重装,20130611,
603169.SH,兰石重装,20130610,
603169.SH,兰石重装,20130609,
603169.SH,兰石重装,20130608,
603169.SH,兰石重装,20130607,
603169.SH,兰石重装,20130606,
603169.SH,兰石重装,20130605,
603169.SH,兰石重装,20130604,
603169.SH,兰石重装,20130603,
603169.SH,兰石重装,20130602,
603169.SH,兰石重装,20130601,
603169.SH,兰石重装,20130531,
603169.SH,兰石重装,20130530,
603169.SH,兰石重装,20130529,
603169.SH,兰石重装,20130528,
603169.SH,兰石重装,20130527,
603169.SH,兰石重装,20130526,
603169.SH,兰石重装,20130525,
603169.SH,兰石重装,20130524,
603169.SH,兰石重装,20130523,
603169.SH,兰石重装,20130522,
603169.SH,兰石重装,20130521,
603169.SH,兰石重装,20130520,
603169.SH,兰石重装,20130519,
603169.SH,兰石重装,20130518,
603169.SH,兰石重装,20130517,
603169.SH,兰石重装,20130516,
603169.SH,兰石重装,20130515,
603169.SH,兰石重装,20130514,
603169.SH,兰石重装,20130513,
603169.SH,兰石重装,20130512,
603169.SH,兰石重装,20130511,
603169.SH,兰石重装,20130510,
603169.SH,兰石重装,20130509,
603169.SH,兰石重装,20130508,
603169.SH,兰石重装,20130507,
603169.SH,兰石重装,20130506,
603169.SH,兰石重装,20130505,
603169.SH,兰石重装,20130504,
603169.SH,兰石重装,20130503,
603169.SH,兰石重装,20130502,
603169.SH,兰石重装,20130501,
603169.SH,兰石重装,20130430,
603169.SH,兰石重装,20130429,
603169.SH,兰石重装,20130428,
603169.SH,兰石重装,20130427,
603169.SH,兰石重装,20130426,
603169.SH,兰石重装,20130425,
603169.SH,兰石重装,20130424,
603169.SH,兰石重装,20130423,
603169.SH,兰石重装,20130422,
603169.SH,兰石重装,20130421,
603169.SH,兰石重装,20130420,
603169.SH,兰石重装,20130419,
603169.SH,兰石重装,20130418,
603169.SH,兰石重装,20130417,
603169.SH,兰石重装,20130416,
603169.SH,兰石重装,20130415,
603169.SH,兰石重装,20130414,
603169.SH,兰石重装,20130413,
603169.SH,兰石重装,20130412,
603169.SH,兰石重装,20130411,
603169.SH,兰石重装,20130410,
603169.SH,兰石重装,20130409,
603169.SH,兰石重装,20130408,
603169.SH,兰石重装,20130407,
603169.SH,兰石重装,20130406,
603169.SH,兰石重装,20130405,
603169.SH,兰石重装,20130404,
603169.SH,兰石重装,20130403,
603169.SH,兰石重装,20130402,
603169.SH,兰石重装,20130401,
603169.SH,兰石重装,20130331,
603169.SH,兰石重装,20130330,
603169.SH,兰石重装,20130329,
603169.SH,兰石重装,20130328,
603169.SH,兰石重装,20130327,
603169.SH,兰石重装,20130326,
603169.SH,兰石重装,20130325,
603169.SH,兰石重装,20130324,
603169.SH,兰石重装,20130323,
603169.SH,兰石重装,20130322,
603169.SH,兰石重装,20130321,
603169.SH,兰石重装,20130320,
603169.SH,兰石重装,20130319,
603169.SH,兰石重装,20130318,
603169.SH,兰石重装,20130317,
603169.SH,兰石重装,20130316,
603169.SH,兰石重装,20130315,
603169.SH,兰石重装,20130314,
603169.SH,兰石重装,20130313,
603169.SH,兰石重装,20130312,
603169.SH,兰石重装,20130311,
603169.SH,兰石重装,20130310,
603169.SH,兰石重装,20130309,
603169.SH,兰石重装,20130308,
603169.SH,兰石重装,20130307,
603169.SH,兰石重装,20130306,
603169.SH,兰石重装,20130305,
603169.SH,兰石重装,20130304,
603169.SH,兰石重装,20130303,
603169.SH,兰石重装,20130302,
603169.SH,兰石重装,20130301,
603169.SH,兰石重装,20130228,
603169.SH,兰石重装,20130227,
603169.SH,兰石重装,20130226,
603169.SH,兰石重装,20130225,
603169.SH,兰石重装,20130224,
603169.SH,兰石重装,20130223,
603169.SH,兰石重装,20130222,
603169.SH,兰石重装,20130221,
603169.SH,兰石重装,20130220,
603169.SH,兰石重装,20130219,
603169.SH,兰石重装,20130218,
603169.SH,兰石重装,20130217,
603169.SH,兰石重装,20130216,
603169.SH,兰石重装,20130215,
603169.SH,兰石重装,20130214,
603169.SH,兰石重装,20130213,
603169.SH,兰石重装,20130212,
603169.SH,兰石重装,20130211,
603169.SH,兰石重装,20130210,
603169.SH,兰石重装,20130209,
603169.SH,兰石重装,20130208,
603169.SH,兰石重装,20130207,
603169.SH,兰石重装,20130206,
603169.SH,兰石重装,20130205,
603169.SH,兰石重装,20130204,
603169.SH,兰石重装,20130203,
603169.SH,兰石重装,20130202,
603169.SH,兰石重装,20130201,
603169.SH,兰石重装,20130131,
603169.SH,兰石重装,20130130,
603169.SH,兰石重装,20130129,
603169.SH,兰石重装,20130128,
603169.SH,兰石重装,20130127,
603169.SH,兰石重装,20130126,
603169.SH,兰石重装,20130125,
603169.SH,兰石重装,20130124,
603169.SH,兰石重装,20130123,
603169.SH,兰石重装,20130122,
603169.SH,兰石重装,20130121,
603169.SH,兰石重装,20130120,
603169.SH,兰石重装,20130119,
603169.SH,兰石重装,20130118,
603169.SH,兰石重装,20130117,
603169.SH,兰石重装,20130116,
603169.SH,兰石重装,20130115,
603169.SH,兰石重装,20130114,
603169.SH,兰石重装,20130113,
603169.SH,兰石重装,20130112,
603169.SH,兰石重装,20130111,
603169.SH,兰石重装,20130110,
603169.SH,兰石重装,20130109,
603169.SH,兰石重装,20130108,
603169.SH,兰石重装,20130107,
603169.SH,兰石重装,20130106,
603169.SH,兰石重装,20130105,
603169.SH,兰石重装,20130104,
603169.SH,兰石重装,20130103,
603169.SH,兰石重装,20130102,
603169.SH,兰石重装,20130101,
603169.SH,兰石重装,20121231,
603169.SH,兰石重装,20121230,
603169.SH,兰石重装,20121229,
603169.SH,兰石重装,20121228,
603169.SH,兰石重装,20121227,
603169.SH,兰石重装,20121226,
603169.SH,兰石重装,20121225,
603169.SH,兰石重装,20121224,
603169.SH,兰石重装,20121223,
603169.SH,兰石重装,20121222,
603169.SH,兰石重装,20121221,
603169.SH,兰石重装,20121220,
603169.SH,兰石重装,20121219,
603169.SH,兰石重装,20121218,
603169.SH,兰石重装,20121217,
603169.SH,兰石重装,20121216,
603169.SH,兰石重装,20121215,
603169.SH,兰石重装,20121214,
603169.SH,兰石重装,20121213,
603169.SH,兰石重装,20121212,
603169.SH,兰石重装,20121211,
603169.SH,兰石重装,20121210,
603169.SH,兰石重装,20121209,
603169.SH,兰石重装,20121208,
603169.SH,兰石重装,20121207,
603169.SH,兰石重装,20121206,
603169.SH,兰石重装,20121205,
603169.SH,兰石重装,20121204,
603169.SH,兰石重装,20121203,
603169.SH,兰石重装,20121202,
603169.SH,兰石重装,20121201,
603169.SH,兰石重装,20121130,
603169.SH,兰石重装,20121129,
603169.SH,兰石重装,20121128,
603169.SH,兰石重装,20121127,
603169.SH,兰石重装,20121126,
603169.SH,兰石重装,20121125,
603169.SH,兰石重装,20121124,
603169.SH,兰石重装,20121123,
603169.SH,兰石重装,20121122,
603169.SH,兰石重装,20121121,
603169.SH,兰石重装,20121120,
603169.SH,兰石重装,20121119,
603169.SH,兰石重装,20121118,
603169.SH,兰石重装,20121117,
603169.SH,兰石重装,20121116,
603169.SH,兰石重装,20121115,
603169.SH,兰石重装,20121114,
603169.SH,兰石重装,20121113,
603169.SH,兰石重装,20121112,
603169.SH,兰石重装,20121111,
603169.SH,兰石重装,20121110,
603169.SH,兰石重装,20121109,
603169.SH,兰石重装,20121108,
603169.SH,兰石重装,20121107,
603169.SH,兰石重装,20121106,
603169.SH,兰石重装,20121105,
603169.SH,兰石重装,20121104,
603169.SH,兰石重装,20121103,
603169.SH,兰石重装,20121102,
603169.SH,兰石重装,20121101,
603169.SH,兰石重装,20121031,
603169.SH,兰石重装,20121030,
603169.SH,兰石重装,20121029,
603169.SH,兰石重装,20121028,
603169.SH,兰石重装,20121027,
603169.SH,兰石重装,20121026,
603169.SH,兰石重装,20121025,
603169.SH,兰石重装,20121024,
603169.SH,兰石重装,20121023,
603169.SH,兰石重装,20121022,
603169.SH,兰石重装,20121021,
603169.SH,兰石重装,20121020,
603169.SH,兰石重装,20121019,
603169.SH,兰石重装,20121018,
603169.SH,兰石重装,20121017,
603169.SH,兰石重装,20121016,
603169.SH,兰石重装,20121015,
603169.SH,兰石重装,20121014,
603169.SH,兰石重装,20121013,
603169.SH,兰石重装,20121012,
603169.SH,兰石重装,20121011,
603169.SH,兰石重装,20121010,
603169.SH,兰石重装,20121009,
603169.SH,兰石重装,20121008,
603169.SH,兰石重装,20121007,
603169.SH,兰石重装,20121006,
603169.SH,兰石重装,20121005,
603169.SH,兰石重装,20121004,
603169.SH,兰石重装,20121003,
603169.SH,兰石重装,20121002,
603169.SH,兰石重装,20121001,
603169.SH,兰石重装,20120930,
603169.SH,兰石重装,20120929,
603169.SH,兰石重装,20120928,
603169.SH,兰石重装,20120927,
603169.SH,兰石重装,20120926,
603169.SH,兰石重装,20120925,
603169.SH,兰石重装,20120924,
603169.SH,兰石重装,20120923,
603169.SH,兰石重装,20120922,
603169.SH,兰石重装,20120921,
603169.SH,兰石重装,20120920,
603169.SH,兰石重装,20120919,
603169.SH,兰石重装,20120918,
603169.SH,兰石重装,20120917,
603169.SH,兰石重装,20120916,
603169.SH,兰石重装,20120915,
603169.SH,兰石重装,20120914,
603169.SH,兰石重装,20120913,
603169.SH,兰石重装,20120912,
603169.SH,兰石重装,20120911,
603169.SH,兰石重装,20120910,
603169.SH,兰石重装,20120909,
603169.SH,兰石重装,20120908,
603169.SH,兰石重装,20120907,
603169.SH,兰石重装,20120906,
603169.SH,兰石重装,20120905,
603169.SH,兰石重装,20120904,
603169.SH,兰石重装,20120903,
603169.SH,兰石重装,20120902,
603169.SH,兰石重装,20120901,
603169.SH,兰石重装,20120831,
603169.SH,兰石重装,20120830,
603169.SH,兰石重装,20120829,
603169.SH,兰石重装,20120828,
603169.SH,兰石重装,20120827,
603169.SH,兰石重装,20120826,
603169.SH,兰石重装,20120825,
603169.SH,兰石重装,20120824,
603169.SH,兰石重装,20120823,
603169.SH,兰石重装,20120822,
603169.SH,兰石重装,20120821,
603169.SH,兰石重装,20120820,
603169.SH,兰石重装,20120819,
603169.SH,兰石重装,20120818,
603169.SH,兰石重装,20120817,
603169.SH,兰石重装,20120816,
603169.SH,兰石重装,20120815,
603169.SH,兰石重装,20120814,
603169.SH,兰石重装,20120813,
603169.SH,兰石重装,20120812,
603169.SH,兰石重装,20120811,
603169.SH,兰石重装,20120810,
603169.SH,兰石重装,20120809,
603169.SH,兰石重装,20120808,
603169.SH,兰石重装,20120807,
603169.SH,兰石重装,20120806,
603169.SH,兰石重装,20120805,
603169.SH,兰石重装,20120804,
603169.SH,兰石重装,20120803,
603169.SH,兰石重装,20120802,
603169.SH,兰石重装,20120801,
603169.SH,兰石重装,20120731,
603169.SH,兰石重装,20120730,
603169.SH,兰石重装,20120729,
603169.SH,兰石重装,20120728,
603169.SH,兰石重装,20120727,
603169.SH,兰石重装,20120726,
603169.SH,兰石重装,20120725,
603169.SH,兰石重装,20120724,
603169.SH,兰石重装,20120723,
603169.SH,兰石重装,20120722,
603169.SH,兰石重装,20120721,
603169.SH,兰石重装,20120720,
603169.SH,兰石重装,20120719,
603169.SH,兰石重装,20120718,
603169.SH,兰石重装,20120717,
603169.SH,兰石重装,20120716,
603169.SH,兰石重装,20120715,
603169.SH,兰石重装,20120714,
603169.SH,兰石重装,20120713,
603169.SH,兰石重装,20120712,
603169.SH,兰石重装,20120711,
603169.SH,兰石重装,20120710,
603169.SH,兰石重装,20120709,
603169.SH,兰石重装,20120708,
603169.SH,兰石重装,20120707,
603169.SH,兰石重装,20120706,
603169.SH,兰石重装,20120705,
603169.SH,兰石重装,20120704,
603169.SH,兰石重装,20120703,
603169.SH,兰石重装,20120702,
603169.SH,兰石重装,20120701,
603169.SH,兰石重装,20120630,
603169.SH,兰石重装,20120629,
603169.SH,兰石重装,20120628,
603169.SH,兰石重装,20120627,
603169.SH,兰石重装,20120626,
603169.SH,兰石重装,20120625,
603169.SH,兰石重装,20120624,
603169.SH,兰石重装,20120623,
603169.SH,兰石重装,20120622,
603169.SH,兰石重装,20120621,
603169.SH,兰石重装,20120620,
603169.SH,兰石重装,20120619,
603169.SH,兰石重装,20120618,
603169.SH,兰石重装,20120617,
603169.SH,兰石重装,20120616,
603169.SH,兰石重装,20120615,
603169.SH,兰石重装,20120614,
603169.SH,兰石重装,20120613,
603169.SH,兰石重装,20120612,
603169.SH,兰石重装,20120611,
603169.SH,兰石重装,20120610,
603169.SH,兰石重装,20120609,
603169.SH,兰石重装,20120608,
603169.SH,兰石重装,20120607,
603169.SH,兰石重装,20120606,
603169.SH,兰石重装,20120605,
603169.SH,兰石重装,20120604,
603169.SH,兰石重装,20120603,
603169.SH,兰石重装,20120602,
603169.SH,兰石重装,20120601,
603169.SH,兰石重装,20120531,
603169.SH,兰石重装,20120530,
603169.SH,兰石重装,20120529,
603169.SH,兰石重装,20120528,
603169.SH,兰石重装,20120527,
603169.SH,兰石重装,20120526,
603169.SH,兰石重装,20120525,
603169.SH,兰石重装,20120524,
603169.SH,兰石重装,20120523,
603169.SH,兰石重装,20120522,
603169.SH,兰石重装,20120521,
603169.SH,兰石重装,20120520,
603169.SH,兰石重装,20120519,
603169.SH,兰石重装,20120518,
603169.SH,兰石重装,20120517,
603169.SH,兰石重装,20120516,
603169.SH,兰石重装,20120515,
603169.SH,兰石重装,20120514,
603169.SH,兰石重装,20120513,
603169.SH,兰石重装,20120512,
603169.SH,兰石重装,20120511,
603169.SH,兰石重装,20120510,
603169.SH,兰石重装,20120509,
603169.SH,兰石重装,20120508,
603169.SH,兰石重装,20120507,
603169.SH,兰石重装,20120506,
603169.SH,兰石重装,20120505,
603169.SH,兰石重装,20120504,
603169.SH,兰石重装,20120503,
603169.SH,兰石重装,20120502,
603169.SH,兰石重装,20120501,
603169.SH,兰石重装,20120430,
603169.SH,兰石重装,20120429,
603169.SH,兰石重装,20120428,
603169.SH,兰石重装,20120427,
603169.SH,兰石重装,20120426,
603169.SH,兰石重装,20120425,
603169.SH,兰石重装,20120424,
603169.SH,兰石重装,20120423,
603169.SH,兰石重装,20120422,
603169.SH,兰石重装,20120421,
603169.SH,兰石重装,20120420,
603169.SH,兰石重装,20120419,
603169.SH,兰石重装,20120418,
603169.SH,兰石重装,20120417,
603169.SH,兰石重装,20120416,
603169.SH,兰石重装,20120415,
603169.SH,兰石重装,20120414,
603169.SH,兰石重装,20120413,
603169.SH,兰石重装,20120412,
603169.SH,兰石重装,20120411,
603169.SH,兰石重装,20120410,
603169.SH,兰石重装,20120409,
603169.SH,兰石重装,20120408,
603169.SH,兰石重装,20120407,
603169.SH,兰石重装,20120406,
603169.SH,兰石重装,20120405,
603169.SH,兰石重装,20120404,
603169.SH,兰石重装,20120403,
603169.SH,兰石重装,20120402,
603169.SH,兰石重装,20120401,
603169.SH,兰石重装,20120331,
603169.SH,兰石重装,20120330,
603169.SH,兰石重装,20120329,
603169.SH,兰石重装,20120328,
603169.SH,兰石重装,20120327,
603169.SH,兰石重装,20120326,
603169.SH,兰石重装,20120325,
603169.SH,兰石重装,20120324,
603169.SH,兰石重装,20120323,
603169.SH,兰石重装,20120322,
603169.SH,兰石重装,20120321,
603169.SH,兰石重装,20120320,
603169.SH,兰石重装,20120319,
603169.SH,兰石重装,20120318,
603169.SH,兰石重装,20120317,
603169.SH,兰石重装,20120316,
603169.SH,兰石重装,20120315,
603169.SH,兰石重装,20120314,
603169.SH,兰石重装,20120313,
603169.SH,兰石重装,20120312,
603169.SH,兰石重装,20120311,
603169.SH,兰石重装,20120310,
603169.SH,兰石重装,20120309,
603169.SH,兰石重装,20120308,
603169.SH,兰石重装,20120307,
603169.SH,兰石重装,20120306,
603169.SH,兰石重装,20120305,
603169.SH,兰石重装,20120304,
603169.SH,兰石重装,20120303,
603169.SH,兰石重装,20120302,
603169.SH,兰石重装,20120301,
603169.SH,兰石重装,20120229,
603169.SH,兰石重装,20120228,
603169.SH,兰石重装,20120227,
603169.SH,兰石重装,20120226,
603169.SH,兰石重装,20120225,
603169.SH,兰石重装,20120224,
603169.SH,兰石重装,20120223,
603169.SH,兰石重装,20120222,
603169.SH,兰石重装,20120221,
603169.SH,兰石重装,20120220,
603169.SH,兰石重装,20120219,
603169.SH,兰石重装,20120218,
603169.SH,兰石重装,20120217,
603169.SH,兰石重装,20120216,
603169.SH,兰石重装,20120215,
603169.SH,兰石重装,20120214,
603169.SH,兰石重装,20120213,
603169.SH,兰石重装,20120212,
603169.SH,兰石重装,20120211,
603169.SH,兰石重装,20120210,
603169.SH,兰石重装,20120209,
603169.SH,兰石重装,20120208,
603169.SH,兰石重装,20120207,
603169.SH,兰石重装,20120206,
603169.SH,兰石重装,20120205,
603169.SH,兰石重装,20120204,
603169.SH,兰石重装,20120203,
603169.SH,兰石重装,20120202,
603169.SH,兰石重装,20120201,
603169.SH,兰石重装,20120131,
603169.SH,兰石重装,20120130,
603169.SH,兰石重装,20120129,
603169.SH,兰石重装,20120128,
603169.SH,兰石重装,20120127,
603169.SH,兰石重装,20120126,
603169.SH,兰石重装,20120125,
603169.SH,兰石重装,20120124,
603169.SH,兰石重装,20120123,
603169.SH,兰石重装,20120122,
603169.SH,兰石重装,20120121,
603169.SH,兰石重装,20120120,
603169.SH,兰石重装,20120119,
603169.SH,兰石重装,20120118,
603169.SH,兰石重装,20120117,
603169.SH,兰石重装,20120116,
603169.SH,兰石重装,20120115,
603169.SH,兰石重装,20120114,
603169.SH,兰石重装,20120113,
603169.SH,兰石重装,20120112,
603169.SH,兰石重装,20120111,
603169.SH,兰石重装,20120110,
603169.SH,兰石重装,20120109,
603169.SH,兰石重装,20120108,
603169.SH,兰石重装,20120107,
603169.SH,兰石重装,20120106,
603169.SH,兰石重装,20120105,
603169.SH,兰石重装,20120104,
603169.SH,兰石重装,20120103,
603169.SH,兰石重装,20120102,
603169.SH,兰石重装,20120101,
603169.SH,兰石重装,20111231,
603169.SH,兰石重装,20111230,
603169.SH,兰石重装,20111229,
603169.SH,兰石重装,20111228,
603169.SH,兰石重装,20111227,
603169.SH,兰石重装,20111226,
603169.SH,兰石重装,20111225,
603169.SH,兰石重装,20111224,
603169.SH,兰石重装,20111223,
603169.SH,兰石重装,20111222,
603169.SH,兰石重装,20111221,
603169.SH,兰石重装,20111220,
603169.SH,兰石重装,20111219,
603169.SH,兰石重装,20111218,
603169.SH,兰石重装,20111217,
603169.SH,兰石重装,20111216,
603169.SH,兰石重装,20111215,
603169.SH,兰石重装,20111214,
603169.SH,兰石重装,20111213,
603169.SH,兰石重装,20111212,
603169.SH,兰石重装,20111211,
603169.SH,兰石重装,20111210,
603169.SH,兰石重装,20111209,
603169.SH,兰石重装,20111208,
603169.SH,兰石重装,20111207,
603169.SH,兰石重装,20111206,
603169.SH,兰石重装,20111205,
603169.SH,兰石重装,20111204,
603169.SH,兰石重装,20111203,
603169.SH,兰石重装,20111202,
603169.SH,兰石重装,20111201,
603169.SH,兰石重装,20111130,
603169.SH,兰石重装,20111129,
603169.SH,兰石重装,20111128,
603169.SH,兰石重装,20111127,
603169.SH,兰石重装,20111126,
603169.SH,兰石重装,20111125,
603169.SH,兰石重装,20111124,
603169.SH,兰石重装,20111123,
603169.SH,兰石重装,20111122,
603169.SH,兰石重装,20111121,
603169.SH,兰石重装,20111120,
603169.SH,兰石重装,20111119,
603169.SH,兰石重装,20111118,
603169.SH,兰石重装,20111117,
603169.SH,兰石重装,20111116,
603169.SH,兰石重装,20111115,
603169.SH,兰石重装,20111114,
603169.SH,兰石重装,20111113,
603169.SH,兰石重装,20111112,
603169.SH,兰石重装,20111111,
603169.SH,兰石重装,20111110,
603169.SH,兰石重装,20111109,
603169.SH,兰石重装,20111108,
603169.SH,兰石重装,20111107,
603169.SH,兰石重装,20111106,
603169.SH,兰石重装,20111105,
603169.SH,兰石重装,20111104,
603169.SH,兰石重装,20111103,
603169.SH,兰石重装,20111102,
603169.SH,兰石重装,20111101,
603169.SH,兰石重装,20111031,
603169.SH,兰石重装,20111030,
603169.SH,兰石重装,20111029,
603169.SH,兰石重装,20111028,
603169.SH,兰石重装,20111027,
603169.SH,兰石重装,20111026,
603169.SH,兰石重装,20111025,
603169.SH,兰石重装,20111024,
603169.SH,兰石重装,20111023,
603169.SH,兰石重装,20111022,
603169.SH,兰石重装,20111021,
603169.SH,兰石重装,20111020,
603169.SH,兰石重装,20111019,
603169.SH,兰石重装,20111018,
603169.SH,兰石重装,20111017,
603169.SH,兰石重装,20111016,
603169.SH,兰石重装,20111015,
603169.SH,兰石重装,20111014,
603169.SH,兰石重装,20111013,
603169.SH,兰石重装,20111012,
603169.SH,兰石重装,20111011,
603169.SH,兰石重装,20111010,
603169.SH,兰石重装,20111009,
603169.SH,兰石重装,20111008,
603169.SH,兰石重装,20111007,
603169.SH,兰石重装,20111006,
603169.SH,兰石重装,20111005,
603169.SH,兰石重装,20111004,
603169.SH,兰石重装,20111003,
603169.SH,兰石重装,20111002,
603169.SH,兰石重装,20111001,
603169.SH,兰石重装,20110930,
603169.SH,兰石重装,20110929,
603169.SH,兰石重装,20110928,
603169.SH,兰石重装,20110927,
603169.SH,兰石重装,20110926,
603169.SH,兰石重装,20110925,
603169.SH,兰石重装,20110924,
603169.SH,兰石重装,20110923,
603169.SH,兰石重装,20110922,
603169.SH,兰石重装,20110921,
603169.SH,兰石重装,20110920,
603169.SH,兰石重装,20110919,
603169.SH,兰石重装,20110918,
603169.SH,兰石重装,20110917,
603169.SH,兰石重装,20110916,
603169.SH,兰石重装,20110915,
603169.SH,兰石重装,20110914,
603169.SH,兰石重装,20110913,
603169.SH,兰石重装,20110912,
603169.SH,兰石重装,20110911,
603169.SH,兰石重装,20110910,
603169.SH,兰石重装,20110909,
603169.SH,兰石重装,20110908,
603169.SH,兰石重装,20110907,
603169.SH,兰石重装,20110906,
603169.SH,兰石重装,20110905,
603169.SH,兰石重装,20110904,
603169.SH,兰石重装,20110903,
603169.SH,兰石重装,20110902,
603169.SH,兰石重装,20110901,
603169.SH,兰石重装,20110831,
603169.SH,兰石重装,20110830,
603169.SH,兰石重装,20110829,
603169.SH,兰石重装,20110828,
603169.SH,兰石重装,20110827,
603169.SH,兰石重装,20110826,
603169.SH,兰石重装,20110825,
603169.SH,兰石重装,20110824,
603169.SH,兰石重装,20110823,
603169.SH,兰石重装,20110822,
603169.SH,兰石重装,20110821,
603169.SH,兰石重装,20110820,
603169.SH,兰石重装,20110819,
603169.SH,兰石重装,20110818,
603169.SH,兰石重装,20110817,
603169.SH,兰石重装,20110816,
603169.SH,兰石重装,20110815,
603169.SH,兰石重装,20110814,
603169.SH,兰石重装,20110813,
603169.SH,兰石重装,20110812,
603169.SH,兰石重装,20110811,
603169.SH,兰石重装,20110810,
603169.SH,兰石重装,20110809,
603169.SH,兰石重装,20110808,
603169.SH,兰石重装,20110807,
603169.SH,兰石重装,20110806,
603169.SH,兰石重装,20110805,
603169.SH,兰石重装,20110804,
603169.SH,兰石重装,20110803,
603169.SH,兰石重装,20110802,
603169.SH,兰石重装,20110801,
603169.SH,兰石重装,20110731,
603169.SH,兰石重装,20110730,
603169.SH,兰石重装,20110729,
603169.SH,兰石重装,20110728,
603169.SH,兰石重装,20110727,
603169.SH,兰石重装,20110726,
603169.SH,兰石重装,20110725,
603169.SH,兰石重装,20110724,
603169.SH,兰石重装,20110723,
603169.SH,兰石重装,20110722,
603169.SH,兰石重装,20110721,
603169.SH,兰石重装,20110720,
603169.SH,兰石重装,20110719,
603169.SH,兰石重装,20110718,
603169.SH,兰石重装,20110717,
603169.SH,兰石重装,20110716,
603169.SH,兰石重装,20110715,
603169.SH,兰石重装,20110714,
603169.SH,兰石重装,20110713,
603169.SH,兰石重装,20110712,
603169.SH,兰石重装,20110711,
603169.SH,兰石重装,20110710,
603169.SH,兰石重装,20110709,
603169.SH,兰石重装,20110708,
603169.SH,兰石重装,20110707,
603169.SH,兰石重装,20110706,
603169.SH,兰石重装,20110705,
603169.SH,兰石重装,20110704,
603169.SH,兰石重装,20110703,
603169.SH,兰石重装,20110702,
603169.SH,兰石重装,20110701,
603169.SH,兰石重装,20110630,
603169.SH,兰石重装,20110629,
603169.SH,兰石重装,20110628,
603169.SH,兰石重装,20110627,
603169.SH,兰石重装,20110626,
603169.SH,兰石重装,20110625,
603169.SH,兰石重装,20110624,
603169.SH,兰石重装,20110623,
603169.SH,兰石重装,20110622,
603169.SH,兰石重装,20110621,
603169.SH,兰石重装,20110620,
603169.SH,兰石重装,20110619,
603169.SH,兰石重装,20110618,
603169.SH,兰石重装,20110617,
603169.SH,兰石重装,20110616,
603169.SH,兰石重装,20110615,
603169.SH,兰石重装,20110614,
603169.SH,兰石重装,20110613,
603169.SH,兰石重装,20110612,
603169.SH,兰石重装,20110611,
603169.SH,兰石重装,20110610,
603169.SH,兰石重装,20110609,
603169.SH,兰石重装,20110608,
603169.SH,兰石重装,20110607,
603169.SH,兰石重装,20110606,
603169.SH,兰石重装,20110605,
603169.SH,兰石重装,20110604,
603169.SH,兰石重装,20110603,
603169.SH,兰石重装,20110602,
603169.SH,兰石重装,20110601,
603169.SH,兰石重装,20110531,
603169.SH,兰石重装,20110530,
603169.SH,兰石重装,20110529,
603169.SH,兰石重装,20110528,
603169.SH,兰石重装,20110527,
603169.SH,兰石重装,20110526,
603169.SH,兰石重装,20110525,
603169.SH,兰石重装,20110524,
603169.SH,兰石重装,20110523,
603169.SH,兰石重装,20110522,
603169.SH,兰石重装,20110521,
603169.SH,兰石重装,20110520,
603169.SH,兰石重装,20110519,
603169.SH,兰石重装,20110518,
603169.SH,兰石重装,20110517,
603169.SH,兰石重装,20110516,
603169.SH,兰石重装,20110515,
603169.SH,兰石重装,20110514,
603169.SH,兰石重装,20110513,
603169.SH,兰石重装,20110512,
603169.SH,兰石重装,20110511,
603169.SH,兰石重装,20110510,
603169.SH,兰石重装,20110509,
603169.SH,兰石重装,20110508,
603169.SH,兰石重装,20110507,
603169.SH,兰石重装,20110506,
603169.SH,兰石重装,20110505,
603169.SH,兰石重装,20110504,
603169.SH,兰石重装,20110503,
603169.SH,兰石重装,20110502,
603169.SH,兰石重装,20110501,
603169.SH,兰石重装,20110430,
603169.SH,兰石重装,20110429,
603169.SH,兰石重装,20110428,
603169.SH,兰石重装,20110427,
603169.SH,兰石重装,20110426,
603169.SH,兰石重装,20110425,
603169.SH,兰石重装,20110424,
603169.SH,兰石重装,20110423,
603169.SH,兰石重装,20110422,
603169.SH,兰石重装,20110421,
603169.SH,兰石重装,20110420,
603169.SH,兰石重装,20110419,
603169.SH,兰石重装,20110418,
603169.SH,兰石重装,20110417,
603169.SH,兰石重装,20110416,
603169.SH,兰石重装,20110415,
603169.SH,兰石重装,20110414,
603169.SH,兰石重装,20110413,
603169.SH,兰石重装,20110412,
603169.SH,兰石重装,20110411,
603169.SH,兰石重装,20110410,
603169.SH,兰石重装,20110409,
603169.SH,兰石重装,20110408,
603169.SH,兰石重装,20110407,
603169.SH,兰石重装,20110406,
603169.SH,兰石重装,20110405,
603169.SH,兰石重装,20110404,
603169.SH,兰石重装,20110403,
603169.SH,兰石重装,20110402,
603169.SH,兰石重装,20110401,
603169.SH,兰石重装,20110331,
603169.SH,兰石重装,20110330,
603169.SH,兰石重装,20110329,
603169.SH,兰石重装,20110328,
603169.SH,兰石重装,20110327,
603169.SH,兰石重装,20110326,
603169.SH,兰石重装,20110325,
603169.SH,兰石重装,20110324,
603169.SH,兰石重装,20110323,
603169.SH,兰石重装,20110322,
603169.SH,兰石重装,20110321,
603169.SH,兰石重装,20110320,
603169.SH,兰石重装,20110319,
603169.SH,兰石重装,20110318,
603169.SH,兰石重装,20110317,
603169.SH,兰石重装,20110316,
603169.SH,兰石重装,20110315,
603169.SH,兰石重装,20110314,
603169.SH,兰石重装,20110313,
603169.SH,兰石重装,20110312,
603169.SH,兰石重装,20110311,
603169.SH,兰石重装,20110310,
603169.SH,兰石重装,20110309,
603169.SH,兰石重装,20110308,
603169.SH,兰石重装,20110307,
603169.SH,兰石重装,20110306,
603169.SH,兰石重装,20110305,
603169.SH,兰石重装,20110304,
603169.SH,兰石重装,20110303,
603169.SH,兰石重装,20110302,
603169.SH,兰石重装,20110301,
603169.SH,兰石重装,20110228,
603169.SH,兰石重装,20110227,
603169.SH,兰石重装,20110226,
603169.SH,兰石重装,20110225,
603169.SH,兰石重装,20110224,
603169.SH,兰石重装,20110223,
603169.SH,兰石重装,20110222,
603169.SH,兰石重装,20110221,
603169.SH,兰石重装,20110220,
603169.SH,兰石重装,20110219,
603169.SH,兰石重装,20110218,
603169.SH,兰石重装,20110217,
603169.SH,兰石重装,20110216,
603169.SH,兰石重装,20110215,
603169.SH,兰石重装,20110214,
603169.SH,兰石重装,20110213,
603169.SH,兰石重装,20110212,
603169.SH,兰石重装,20110211,
603169.SH,兰石重装,20110210,
603169.SH,兰石重装,20110209,
603169.SH,兰石重装,20110208,
603169.SH,兰石重装,20110207,
603169.SH,兰石重装,20110206,
603169.SH,兰石重装,20110205,
603169.SH,兰石重装,20110204,
603169.SH,兰石重装,20110203,
603169.SH,兰石重装,20110202,
603169.SH,兰石重装,20110201,
603169.SH,兰石重装,20110131,
603169.SH,兰石重装,20110130,
603169.SH,兰石重装,20110129,
603169.SH,兰石重装,20110128,
603169.SH,兰石重装,20110127,
603169.SH,兰石重装,20110126,
603169.SH,兰石重装,20110125,
603169.SH,兰石重装,20110124,
603169.SH,兰石重装,20110123,
603169.SH,兰石重装,20110122,
603169.SH,兰石重装,20110121,
603169.SH,兰石重装,20110120,
603169.SH,兰石重装,20110119,
603169.SH,兰石重装,20110118,
603169.SH,兰石重装,20110117,
603169.SH,兰石重装,20110116,
603169.SH,兰石重装,20110115,
603169.SH,兰石重装,20110114,
603169.SH,兰石重装,20110113,
603169.SH,兰石重装,20110112,
603169.SH,兰石重装,20110111,
603169.SH,兰石重装,20110110,
603169.SH,兰石重装,20110109,
603169.SH,兰石重装,20110108,
603169.SH,兰石重装,20110107,
603169.SH,兰石重装,20110106,
603169.SH,兰石重装,20110105,
603169.SH,兰石重装,20110104,
603169.SH,兰石重装,20110103,
603169.SH,兰石重装,20110102,
603169.SH,兰石重装,20110101,
603169.SH,兰石重装,20101231,
603169.SH,兰石重装,20101230,
603169.SH,兰石重装,20101229,
603169.SH,兰石重装,20101228,
603169.SH,兰石重装,20101227,
603169.SH,兰石重装,20101226,
603169.SH,兰石重装,20101225,
603169.SH,兰石重装,20101224,
603169.SH,兰石重装,20101223,
603169.SH,兰石重装,20101222,
603169.SH,兰石重装,20101221,
603169.SH,兰石重装,20101220,
603169.SH,兰石重装,20101219,
603169.SH,兰石重装,20101218,
603169.SH,兰石重装,20101217,
603169.SH,兰石重装,20101216,
603169.SH,兰石重装,20101215,
603169.SH,兰石重装,20101214,
603169.SH,兰石重装,20101213,
603169.SH,兰石重装,20101212,
603169.SH,兰石重装,20101211,
603169.SH,兰石重装,20101210,
603169.SH,兰石重装,20101209,
603169.SH,兰石重装,20101208,
603169.SH,兰石重装,20101207,
603169.SH,兰石重装,20101206,
603169.SH,兰石重装,20101205,
603169.SH,兰石重装,20101204,
603169.SH,兰石重装,20101203,
603169.SH,兰石重装,20101202,
603169.SH,兰石重装,20101201,
603169.SH,兰石重装,20101130,
603169.SH,兰石重装,20101129,
603169.SH,兰石重装,20101128,
603169.SH,兰石重装,20101127,
603169.SH,兰石重装,20101126,
603169.SH,兰石重装,20101125,
603169.SH,兰石重装,20101124,
603169.SH,兰石重装,20101123,
603169.SH,兰石重装,20101122,
603169.SH,兰石重装,20101121,
603169.SH,兰石重装,20101120,
603169.SH,兰石重装,20101119,
603169.SH,兰石重装,20101118,
603169.SH,兰石重装,20101117,
603169.SH,兰石重装,20101116,
603169.SH,兰石重装,20101115,
603169.SH,兰石重装,20101114,
603169.SH,兰石重装,20101113,
603169.SH,兰石重装,20101112,
603169.SH,兰石重装,20101111,
603169.SH,兰石重装,20101110,
603169.SH,兰石重装,20101109,
603169.SH,兰石重装,20101108,
603169.SH,兰石重装,20101107,
603169.SH,兰石重装,20101106,
603169.SH,兰石重装,20101105,
603169.SH,兰石重装,20101104,
603169.SH,兰石重装,20101103,
603169.SH,兰石重装,20101102,
603169.SH,兰石重装,20101101,
603169.SH,兰石重装,20101031,
603169.SH,兰石重装,20101030,
603169.SH,兰石重装,20101029,
603169.SH,兰石重装,20101028,
603169.SH,兰石重装,20101027,
603169.SH,兰石重装,20101026,
603169.SH,兰石重装,20101025,
603169.SH,兰石重装,20101024,
603169.SH,兰石重装,20101023,
603169.SH,兰石重装,20101022,
603169.SH,兰石重装,20101021,
603169.SH,兰石重装,20101020,
603169.SH,兰石重装,20101019,
603169.SH,兰石重装,20101018,
603169.SH,兰石重装,20101017,
603169.SH,兰石重装,20101016,
603169.SH,兰石重装,20101015,
603169.SH,兰石重装,20101014,
603169.SH,兰石重装,20101013,
603169.SH,兰石重装,20101012,
603169.SH,兰石重装,20101011,
603169.SH,兰石重装,20101010,
603169.SH,兰石重装,20101009,
603169.SH,兰石重装,20101008,
603169.SH,兰石重装,20101007,
603169.SH,兰石重装,20101006,
603169.SH,兰石重装,20101005,
603169.SH,兰石重装,20101004,
603169.SH,兰石重装,20101003,
603169.SH,兰石重装,20101002,
603169.SH,兰石重装,20101001,
603169.SH,兰石重装,20100930,
603169.SH,兰石重装,20100929,
603169.SH,兰石重装,20100928,
603169.SH,兰石重装,20100927,
603169.SH,兰石重装,20100926,
603169.SH,兰石重装,20100925,
603169.SH,兰石重装,20100924,
603169.SH,兰石重装,20100923,
603169.SH,兰石重装,20100922,
603169.SH,兰石重装,20100921,
603169.SH,兰石重装,20100920,
603169.SH,兰石重装,20100919,
603169.SH,兰石重装,20100918,
603169.SH,兰石重装,20100917,
603169.SH,兰石重装,20100916,
603169.SH,兰石重装,20100915,
603169.SH,兰石重装,20100914,
603169.SH,兰石重装,20100913,
603169.SH,兰石重装,20100912,
603169.SH,兰石重装,20100911,
603169.SH,兰石重装,20100910,
603169.SH,兰石重装,20100909,
603169.SH,兰石重装,20100908,
603169.SH,兰石重装,20100907,
603169.SH,兰石重装,20100906,
603169.SH,兰石重装,20100905,
603169.SH,兰石重装,20100904,
603169.SH,兰石重装,20100903,
603169.SH,兰石重装,20100902,
603169.SH,兰石重装,20100901,
603169.SH,兰石重装,20100831,
603169.SH,兰石重装,20100830,
603169.SH,兰石重装,20100829,
603169.SH,兰石重装,20100828,
603169.SH,兰石重装,20100827,
603169.SH,兰石重装,20100826,
603169.SH,兰石重装,20100825,
603169.SH,兰石重装,20100824,
603169.SH,兰石重装,20100823,
603169.SH,兰石重装,20100822,
603169.SH,兰石重装,20100821,
603169.SH,兰石重装,20100820,
603169.SH,兰石重装,20100819,
603169.SH,兰石重装,20100818,
603169.SH,兰石重装,20100817,
603169.SH,兰石重装,20100816,
603169.SH,兰石重装,20100815,
603169.SH,兰石重装,20100814,
603169.SH,兰石重装,20100813,
603169.SH,兰石重装,20100812,
603169.SH,兰石重装,20100811,
603169.SH,兰石重装,20100810,
603169.SH,兰石重装,20100809,
603169.SH,兰石重装,20100808,
603169.SH,兰石重装,20100807,
603169.SH,兰石重装,20100806,
603169.SH,兰石重装,20100805,
603169.SH,兰石重装,20100804,
603169.SH,兰石重装,20100803,
603169.SH,兰石重装,20100802,
603169.SH,兰石重装,20100801,
603169.SH,兰石重装,20100731,
603169.SH,兰石重装,20100730,
603169.SH,兰石重装,20100729,
603169.SH,兰石重装,20100728,
603169.SH,兰石重装,20100727,
603169.SH,兰石重装,20100726,
603169.SH,兰石重装,20100725,
603169.SH,兰石重装,20100724,
603169.SH,兰石重装,20100723,
603169.SH,兰石重装,20100722,
603169.SH,兰石重装,20100721,
603169.SH,兰石重装,20100720,
603169.SH,兰石重装,20100719,
603169.SH,兰石重装,20100718,
603169.SH,兰石重装,20100717,
603169.SH,兰石重装,20100716,
603169.SH,兰石重装,20100715,
603169.SH,兰石重装,20100714,
603169.SH,兰石重装,20100713,
603169.SH,兰石重装,20100712,
603169.SH,兰石重装,20100711,
603169.SH,兰石重装,20100710,
603169.SH,兰石重装,20100709,
603169.SH,兰石重装,20100708,
603169.SH,兰石重装,20100707,
603169.SH,兰石重装,20100706,
603169.SH,兰石重装,20100705,
603169.SH,兰石重装,20100704,
603169.SH,兰石重装,20100703,
603169.SH,兰石重装,20100702,
603169.SH,兰石重装,20100701,
603169.SH,兰石重装,20100630,
603169.SH,兰石重装,20100629,
603169.SH,兰石重装,20100628,
603169.SH,兰石重装,20100627,
603169.SH,兰石重装,20100626,
603169.SH,兰石重装,20100625,
603169.SH,兰石重装,20100624,
603169.SH,兰石重装,20100623,
603169.SH,兰石重装,20100622,
603169.SH,兰石重装,20100621,
603169.SH,兰石重装,20100620,
603169.SH,兰石重装,20100619,
603169.SH,兰石重装,20100618,
603169.SH,兰石重装,20100617,
603169.SH,兰石重装,20100616,
603169.SH,兰石重装,20100615,
603169.SH,兰石重装,20100614,
603169.SH,兰石重装,20100613,
603169.SH,兰石重装,20100612,
603169.SH,兰石重装,20100611,
603169.SH,兰石重装,20100610,
603169.SH,兰石重装,20100609,
603169.SH,兰石重装,20100608,
603169.SH,兰石重装,20100607,
603169.SH,兰石重装,20100606,
603169.SH,兰石重装,20100605,
603169.SH,兰石重装,20100604,
603169.SH,兰石重装,20100603,
603169.SH,兰石重装,20100602,
603169.SH,兰石重装,20100601,
603169.SH,兰石重装,20100531,
603169.SH,兰石重装,20100530,
603169.SH,兰石重装,20100529,
603169.SH,兰石重装,20100528,
603169.SH,兰石重装,20100527,
603169.SH,兰石重装,20100526,
603169.SH,兰石重装,20100525,
603169.SH,兰石重装,20100524,
603169.SH,兰石重装,20100523,
603169.SH,兰石重装,20100522,
603169.SH,兰石重装,20100521,
603169.SH,兰石重装,20100520,
603169.SH,兰石重装,20100519,
603169.SH,兰石重装,20100518,
603169.SH,兰石重装,20100517,
603169.SH,兰石重装,20100516,
603169.SH,兰石重装,20100515,
603169.SH,兰石重装,20100514,
603169.SH,兰石重装,20100513,
603169.SH,兰石重装,20100512,
603169.SH,兰石重装,20100511,
603169.SH,兰石重装,20100510,
603169.SH,兰石重装,20100509,
603169.SH,兰石重装,20100508,
603169.SH,兰石重装,20100507,
603169.SH,兰石重装,20100506,
603169.SH,兰石重装,20100505,
603169.SH,兰石重装,20100504,
603169.SH,兰石重装,20100503,
603169.SH,兰石重装,20100502,
603169.SH,兰石重装,20100501,
603169.SH,兰石重装,20100430,
603169.SH,兰石重装,20100429,
603169.SH,兰石重装,20100428,
603169.SH,兰石重装,20100427,
603169.SH,兰石重装,20100426,
603169.SH,兰石重装,20100425,
603169.SH,兰石重装,20100424,
603169.SH,兰石重装,20100423,
603169.SH,兰石重装,20100422,
603169.SH,兰石重装,20100421,
603169.SH,兰石重装,20100420,
603169.SH,兰石重装,20100419,
603169.SH,兰石重装,20100418,
603169.SH,兰石重装,20100417,
603169.SH,兰石重装,20100416,
603169.SH,兰石重装,20100415,
603169.SH,兰石重装,20100414,
603169.SH,兰石重装,20100413,
603169.SH,兰石重装,20100412,
603169.SH,兰石重装,20100411,
603169.SH,兰石重装,20100410,
603169.SH,兰石重装,20100409,
603169.SH,兰石重装,20100408,
603169.SH,兰石重装,20100407,
603169.SH,兰石重装,20100406,
603169.SH,兰石重装,20100405,
603169.SH,兰石重装,20100404,
603169.SH,兰石重装,20100403,
603169.SH,兰石重装,20100402,
603169.SH,兰石重装,20100401,
603169.SH,兰石重装,20100331,
603169.SH,兰石重装,20100330,
603169.SH,兰石重装,20100329,
603169.SH,兰石重装,20100328,
603169.SH,兰石重装,20100327,
603169.SH,兰石重装,20100326,
603169.SH,兰石重装,20100325,
603169.SH,兰石重装,20100324,
603169.SH,兰石重装,20100323,
603169.SH,兰石重装,20100322,
603169.SH,兰石重装,20100321,
603169.SH,兰石重装,20100320,
603169.SH,兰石重装,20100319,
603169.SH,兰石重装,20100318,
603169.SH,兰石重装,20100317,
603169.SH,兰石重装,20100316,
603169.SH,兰石重装,20100315,
603169.SH,兰石重装,20100314,
603169.SH,兰石重装,20100313,
603169.SH,兰石重装,20100312,
603169.SH,兰石重装,20100311,
603169.SH,兰石重装,20100310,
603169.SH,兰石重装,20100309,
603169.SH,兰石重装,20100308,
603169.SH,兰石重装,20100307,
603169.SH,兰石重装,20100306,
603169.SH,兰石重装,20100305,
603169.SH,兰石重装,20100304,
603169.SH,兰石重装,20100303,
603169.SH,兰石重装,20100302,
603169.SH,兰石重装,20100301,
603169.SH,兰石重装,20100228,
603169.SH,兰石重装,20100227,
603169.SH,兰石重装,20100226,
603169.SH,兰石重装,20100225,
603169.SH,兰石重装,20100224,
603169.SH,兰石重装,20100223,
603169.SH,兰石重装,20100222,
603169.SH,兰石重装,20100221,
603169.SH,兰石重装,20100220,
603169.SH,兰石重装,20100219,
603169.SH,兰石重装,20100218,
603169.SH,兰石重装,20100217,
603169.SH,兰石重装,20100216,
603169.SH,兰石重装,20100215,
603169.SH,兰石重装,20100214,
603169.SH,兰石重装,20100213,
603169.SH,兰石重装,20100212,
603169.SH,兰石重装,20100211,
603169.SH,兰石重装,20100210,
603169.SH,兰石重装,20100209,
603169.SH,兰石重装,20100208,
603169.SH,兰石重装,20100207,
603169.SH,兰石重装,20100206,
603169.SH,兰石重装,20100205,
603169.SH,兰石重装,20100204,
603169.SH,兰石重装,20100203,
603169.SH,兰石重装,20100202,
603169.SH,兰石重装,20100201,
603169.SH,兰石重装,20100131,
603169.SH,兰石重装,20100130,
603169.SH,兰石重装,20100129,
603169.SH,兰石重装,20100128,
603169.SH,兰石重装,20100127,
603169.SH,兰石重装,20100126,
603169.SH,兰石重装,20100125,
603169.SH,兰石重装,20100124,
603169.SH,兰石重装,20100123,
603169.SH,兰石重装,20100122,
603169.SH,兰石重装,20100121,
603169.SH,兰石重装,20100120,
603169.SH,兰石重装,20100119,
603169.SH,兰石重装,20100118,
603169.SH,兰石重装,20100117,
603169.SH,兰石重装,20100116,
603169.SH,兰石重装,20100115,
603169.SH,兰石重装,20100114,
603169.SH,兰石重装,20100113,
603169.SH,兰石重装,20100112,
603169.SH,兰石重装,20100111,
603169.SH,兰石重装,20100110,
603169.SH,兰石重装,20100109,
603169.SH,兰石重装,20100108,
603169.SH,兰石重装,20100107,
603169.SH,兰石重装,20100106,
603169.SH,兰石重装,20100105,
603169.SH,兰石重装,20100104,
603169.SH,兰石重装,20100103,
603169.SH,兰石重装,20100102,
603169.SH,兰石重装,20100101,
603169.SH,兰石重装,20091231,
603169.SH,兰石重装,20091230,
603169.SH,兰石重装,20091229,
603169.SH,兰石重装,20091228,
603169.SH,兰石重装,20091227,
603169.SH,兰石重装,20091226,
603169.SH,兰石重装,20091225,
603169.SH,兰石重装,20091224,
603169.SH,兰石重装,20091223,
603169.SH,兰石重装,20091222,
603169.SH,兰石重装,20091221,
603169.SH,兰石重装,20091220,
603169.SH,兰石重装,20091219,
603169.SH,兰石重装,20091218,
603169.SH,兰石重装,20091217,
603169.SH,兰石重装,20091216,
603169.SH,兰石重装,20091215,
603169.SH,兰石重装,20091214,
603169.SH,兰石重装,20091213,
603169.SH,兰石重装,20091212,
603169.SH,兰石重装,20091211,
603169.SH,兰石重装,20091210,
603169.SH,兰石重装,20091209,
603169.SH,兰石重装,20091208,
603169.SH,兰石重装,20091207,
603169.SH,兰石重装,20091206,
603169.SH,兰石重装,20091205,
603169.SH,兰石重装,20091204,
603169.SH,兰石重装,20091203,
603169.SH,兰石重装,20091202,
603169.SH,兰石重装,20091201,
603169.SH,兰石重装,20091130,
603169.SH,兰石重装,20091129,
603169.SH,兰石重装,20091128,
603169.SH,兰石重装,20091127,
603169.SH,兰石重装,20091126,
603169.SH,兰石重装,20091125,
603169.SH,兰石重装,20091124,
603169.SH,兰石重装,20091123,
603169.SH,兰石重装,20091122,
603169.SH,兰石重装,20091121,
603169.SH,兰石重装,20091120,
603169.SH,兰石重装,20091119,
603169.SH,兰石重装,20091118,
603169.SH,兰石重装,20091117,
603169.SH,兰石重装,20091116,
603169.SH,兰石重装,20091115,
603169.SH,兰石重装,20091114,
603169.SH,兰石重装,20091113,
603169.SH,兰石重装,20091112,
603169.SH,兰石重装,20091111,
603169.SH,兰石重装,20091110,
603169.SH,兰石重装,20091109,
603169.SH,兰石重装,20091108,
603169.SH,兰石重装,20091107,
603169.SH,兰石重装,20091106,
603169.SH,兰石重装,20091105,
603169.SH,兰石重装,20091104,
603169.SH,兰石重装,20091103,
603169.SH,兰石重装,20091102,
603169.SH,兰石重装,20091101,
603169.SH,兰石重装,20091031,
603169.SH,兰石重装,20091030,
603169.SH,兰石重装,20091029,
603169.SH,兰石重装,20091028,
603169.SH,兰石重装,20091027,
603169.SH,兰石重装,20091026,
603169.SH,兰石重装,20091025,
603169.SH,兰石重装,20091024,
603169.SH,兰石重装,20091023,
603169.SH,兰石重装,20091022,
603169.SH,兰石重装,20091021,
603169.SH,兰石重装,20091020,
603169.SH,兰石重装,20091019,
603169.SH,兰石重装,20091018,
603169.SH,兰石重装,20091017,
603169.SH,兰石重装,20091016,
603169.SH,兰石重装,20091015,
603169.SH,兰石重装,20091014,
603169.SH,兰石重装,20091013,
603169.SH,兰石重装,20091012,
603169.SH,兰石重装,20091011,
603169.SH,兰石重装,20091010,
603169.SH,兰石重装,20091009,
603169.SH,兰石重装,20091008,
603169.SH,兰石重装,20091007,
603169.SH,兰石重装,20091006,
603169.SH,兰石重装,20091005,
603169.SH,兰石重装,20091004,
603169.SH,兰石重装,20091003,
603169.SH,兰石重装,20091002,
603169.SH,兰石重装,20091001,
603169.SH,兰石重装,20090930,
603169.SH,兰石重装,20090929,
603169.SH,兰石重装,20090928,
603169.SH,兰石重装,20090927,
603169.SH,兰石重装,20090926,
603169.SH,兰石重装,20090925,
603169.SH,兰石重装,20090924,
603169.SH,兰石重装,20090923,
603169.SH,兰石重装,20090922,
603169.SH,兰石重装,20090921,
603169.SH,兰石重装,20090920,
603169.SH,兰石重装,20090919,
603169.SH,兰石重装,20090918,
603169.SH,兰石重装,20090917,
603169.SH,兰石重装,20090916,
603169.SH,兰石重装,20090915,
603169.SH,兰石重装,20090914,
603169.SH,兰石重装,20090913,
603169.SH,兰石重装,20090912,
603169.SH,兰石重装,20090911,
603169.SH,兰石重装,20090910,
603169.SH,兰石重装,20090909,
603169.SH,兰石重装,20090908,
603169.SH,兰石重装,20090907,
603169.SH,兰石重装,20090906,
603169.SH,兰石重装,20090905,
603169.SH,兰石重装,20090904,
603169.SH,兰石重装,20090903,
603169.SH,兰石重装,20090902,
603169.SH,兰石重装,20090901,
603169.SH,兰石重装,20090831,
603169.SH,兰石重装,20090830,
603169.SH,兰石重装,20090829,
603169.SH,兰石重装,20090828,
603169.SH,兰石重装,20090827,
603169.SH,兰石重装,20090826,
603169.SH,兰石重装,20090825,
603169.SH,兰石重装,20090824,
603169.SH,兰石重装,20090823,
603169.SH,兰石重装,20090822,
603169.SH,兰石重装,20090821,
603169.SH,兰石重装,20090820,
603169.SH,兰石重装,20090819,
603169.SH,兰石重装,20090818,
603169.SH,兰石重装,20090817,
603169.SH,兰石重装,20090816,
603169.SH,兰石重装,20090815,
603169.SH,兰石重装,20090814,
603169.SH,兰石重装,20090813,
603169.SH,兰石重装,20090812,
603169.SH,兰石重装,20090811,
603169.SH,兰石重装,20090810,
603169.SH,兰石重装,20090809,
603169.SH,兰石重装,20090808,
603169.SH,兰石重装,20090807,
603169.SH,兰石重装,20090806,
603169.SH,兰石重装,20090805,
603169.SH,兰石重装,20090804,
603169.SH,兰石重装,20090803,
603169.SH,兰石重装,20090802,
603169.SH,兰石重装,20090801,
603169.SH,兰石重装,20090731,
603169.SH,兰石重装,20090730,
603169.SH,兰石重装,20090729,
603169.SH,兰石重装,20090728,
603169.SH,兰石重装,20090727,
603169.SH,兰石重装,20090726,
603169.SH,兰石重装,20090725,
603169.SH,兰石重装,20090724,
603169.SH,兰石重装,20090723,
603169.SH,兰石重装,20090722,
603169.SH,兰石重装,20090721,
603169.SH,兰石重装,20090720,
603169.SH,兰石重装,20090719,
603169.SH,兰石重装,20090718,
603169.SH,兰石重装,20090717,
603169.SH,兰石重装,20090716,
603169.SH,兰石重装,20090715,
603169.SH,兰石重装,20090714,
603169.SH,兰石重装,20090713,
603169.SH,兰石重装,20090712,
603169.SH,兰石重装,20090711,
603169.SH,兰石重装,20090710,
603169.SH,兰石重装,20090709,
603169.SH,兰石重装,20090708,
603169.SH,兰石重装,20090707,
603169.SH,兰石重装,20090706,
603169.SH,兰石重装,20090705,
603169.SH,兰石重装,20090704,
603169.SH,兰石重装,20090703,
603169.SH,兰石重装,20090702,
603169.SH,兰石重装,20090701,
603169.SH,兰石重装,20090630,
603169.SH,兰石重装,20090629,
603169.SH,兰石重装,20090628,
603169.SH,兰石重装,20090627,
603169.SH,兰石重装,20090626,
603169.SH,兰石重装,20090625,
603169.SH,兰石重装,20090624,
603169.SH,兰石重装,20090623,
603169.SH,兰石重装,20090622,
603169.SH,兰石重装,20090621,
603169.SH,兰石重装,20090620,
603169.SH,兰石重装,20090619,
603169.SH,兰石重装,20090618,
603169.SH,兰石重装,20090617,
603169.SH,兰石重装,20090616,
603169.SH,兰石重装,20090615,
603169.SH,兰石重装,20090614,
603169.SH,兰石重装,20090613,
603169.SH,兰石重装,20090612,
603169.SH,兰石重装,20090611,
603169.SH,兰石重装,20090610,
603169.SH,兰石重装,20090609,
603169.SH,兰石重装,20090608,
603169.SH,兰石重装,20090607,
603169.SH,兰石重装,20090606,
603169.SH,兰石重装,20090605,
603169.SH,兰石重装,20090604,
603169.SH,兰石重装,20090603,
603169.SH,兰石重装,20090602,
603169.SH,兰石重装,20090601,
603169.SH,兰石重装,20090531,
603169.SH,兰石重装,20090530,
603169.SH,兰石重装,20090529,
603169.SH,兰石重装,20090528,
603169.SH,兰石重装,20090527,
603169.SH,兰石重装,20090526,
603169.SH,兰石重装,20090525,
603169.SH,兰石重装,20090524,
603169.SH,兰石重装,20090523,
603169.SH,兰石重装,20090522,
603169.SH,兰石重装,20090521,
603169.SH,兰石重装,20090520,
603169.SH,兰石重装,20090519,
603169.SH,兰石重装,20090518,
603169.SH,兰石重装,20090517,
603169.SH,兰石重装,20090516,
603169.SH,兰石重装,20090515,
603169.SH,兰石重装,20090514,
603169.SH,兰石重装,20090513,
603169.SH,兰石重装,20090512,
603169.SH,兰石重装,20090511,
603169.SH,兰石重装,20090510,
603169.SH,兰石重装,20090509,
603169.SH,兰石重装,20090508,
603169.SH,兰石重装,20090507,
603169.SH,兰石重装,20090506,
603169.SH,兰石重装,20090505,
603169.SH,兰石重装,20090504,
603169.SH,兰石重装,20090503,
603169.SH,兰石重装,20090502,
603169.SH,兰石重装,20090501,
603169.SH,兰石重装,20090430,
603169.SH,兰石重装,20090429,
603169.SH,兰石重装,20090428,
603169.SH,兰石重装,20090427,
603169.SH,兰石重装,20090426,
603169.SH,兰石重装,20090425,
603169.SH,兰石重装,20090424,
603169.SH,兰石重装,20090423,
603169.SH,兰石重装,20090422,
603169.SH,兰石重装,20090421,
603169.SH,兰石重装,20090420,
603169.SH,兰石重装,20090419,
603169.SH,兰石重装,20090418,
603169.SH,兰石重装,20090417,
603169.SH,兰石重装,20090416,
603169.SH,兰石重装,20090415,
603169.SH,兰石重装,20090414,
603169.SH,兰石重装,20090413,
603169.SH,兰石重装,20090412,
603169.SH,兰石重装,20090411,
603169.SH,兰石重装,20090410,
603169.SH,兰石重装,20090409,
603169.SH,兰石重装,20090408,
603169.SH,兰石重装,20090407,
603169.SH,兰石重装,20090406,
603169.SH,兰石重装,20090405,
603169.SH,兰石重装,20090404,
603169.SH,兰石重装,20090403,
603169.SH,兰石重装,20090402,
603169.SH,兰石重装,20090401,
603169.SH,兰石重装,20090331,
603169.SH,兰石重装,20090330,
603169.SH,兰石重装,20090329,
603169.SH,兰石重装,20090328,
603169.SH,兰石重装,20090327,
603169.SH,兰石重装,20090326,
603169.SH,兰石重装,20090325,
603169.SH,兰石重装,20090324,
603169.SH,兰石重装,20090323,
603169.SH,兰石重装,20090322,
603169.SH,兰石重装,20090321,
603169.SH,兰石重装,20090320,
603169.SH,兰石重装,20090319,
603169.SH,兰石重装,20090318,
603169.SH,兰石重装,20090317,
603169.SH,兰石重装,20090316,
603169.SH,兰石重装,20090315,
603169.SH,兰石重装,20090314,
603169.SH,兰石重装,20090313,
603169.SH,兰石重装,20090312,
603169.SH,兰石重装,20090311,
603169.SH,兰石重装,20090310,
603169.SH,兰石重装,20090309,
603169.SH,兰石重装,20090308,
603169.SH,兰石重装,20090307,
603169.SH,兰石重装,20090306,
603169.SH,兰石重装,20090305,
603169.SH,兰石重装,20090304,
603169.SH,兰石重装,20090303,
603169.SH,兰石重装,20090302,
603169.SH,兰石重装,20090301,
603169.SH,兰石重装,20090228,
603169.SH,兰石重装,20090227,
603169.SH,兰石重装,20090226,
603169.SH,兰石重装,20090225,
603169.SH,兰石重装,20090224,
603169.SH,兰石重装,20090223,
603169.SH,兰石重装,20090222,
603169.SH,兰石重装,20090221,
603169.SH,兰石重装,20090220,
603169.SH,兰石重装,20090219,
603169.SH,兰石重装,20090218,
603169.SH,兰石重装,20090217,
603169.SH,兰石重装,20090216,
603169.SH,兰石重装,20090215,
603169.SH,兰石重装,20090214,
603169.SH,兰石重装,20090213,
603169.SH,兰石重装,20090212,
603169.SH,兰石重装,20090211,
603169.SH,兰石重装,20090210,
603169.SH,兰石重装,20090209,
603169.SH,兰石重装,20090208,
603169.SH,兰石重装,20090207,
603169.SH,兰石重装,20090206,
603169.SH,兰石重装,20090205,
603169.SH,兰石重装,20090204,
603169.SH,兰石重装,20090203,
603169.SH,兰石重装,20090202,
603169.SH,兰石重装,20090201,
603169.SH,兰石重装,20090131,
603169.SH,兰石重装,20090130,
603169.SH,兰石重装,20090129,
603169.SH,兰石重装,20090128,
603169.SH,兰石重装,20090127,
603169.SH,兰石重装,20090126,
603169.SH,兰石重装,20090125,
603169.SH,兰石重装,20090124,
603169.SH,兰石重装,20090123,
603169.SH,兰石重装,20090122,
603169.SH,兰石重装,20090121,
603169.SH,兰石重装,20090120,
603169.SH,兰石重装,20090119,
603169.SH,兰石重装,20090118,
603169.SH,兰石重装,20090117,
603169.SH,兰石重装,20090116,
603169.SH,兰石重装,20090115,
603169.SH,兰石重装,20090114,
603169.SH,兰石重装,20090113,
603169.SH,兰石重装,20090112,
603169.SH,兰石重装,20090111,
603169.SH,兰石重装,20090110,
603169.SH,兰石重装,20090109,
603169.SH,兰石重装,20090108,
603169.SH,兰石重装,20090107,
603169.SH,兰石重装,20090106,
603169.SH,兰石重装,20090105,
603169.SH,兰石重装,20090104,
603169.SH,兰石重装,20090103,
603169.SH,兰石重装,20090102,
603169.SH,兰石重装,20090101,
603169.SH,兰石重装,20081231,
603169.SH,兰石重装,20081230,
603169.SH,兰石重装,20081229,
603169.SH,兰石重装,20081228,
603169.SH,兰石重装,20081227,
603169.SH,兰石重装,20081226,
603169.SH,兰石重装,20081225,
603169.SH,兰石重装,20081224,
603169.SH,兰石重装,20081223,
603169.SH,兰石重装,20081222,
603169.SH,兰石重装,20081221,
603169.SH,兰石重装,20081220,
603169.SH,兰石重装,20081219,
603169.SH,兰石重装,20081218,
603169.SH,兰石重装,20081217,
603169.SH,兰石重装,20081216,
603169.SH,兰石重装,20081215,
603169.SH,兰石重装,20081214,
603169.SH,兰石重装,20081213,
603169.SH,兰石重装,20081212,
603169.SH,兰石重装,20081211,
603169.SH,兰石重装,20081210,
603169.SH,兰石重装,20081209,
603169.SH,兰石重装,20081208,
603169.SH,兰石重装,20081207,
603169.SH,兰石重装,20081206,
603169.SH,兰石重装,20081205,
603169.SH,兰石重装,20081204,
603169.SH,兰石重装,20081203,
603169.SH,兰石重装,20081202,
603169.SH,兰石重装,20081201,
603169.SH,兰石重装,20081130,
603169.SH,兰石重装,20081129,
603169.SH,兰石重装,20081128,
603169.SH,兰石重装,20081127,
603169.SH,兰石重装,20081126,
603169.SH,兰石重装,20081125,
603169.SH,兰石重装,20081124,
603169.SH,兰石重装,20081123,
603169.SH,兰石重装,20081122,
603169.SH,兰石重装,20081121,
603169.SH,兰石重装,20081120,
603169.SH,兰石重装,20081119,
603169.SH,兰石重装,20081118,
603169.SH,兰石重装,20081117,
603169.SH,兰石重装,20081116,
603169.SH,兰石重装,20081115,
603169.SH,兰石重装,20081114,
603169.SH,兰石重装,20081113,
603169.SH,兰石重装,20081112,
603169.SH,兰石重装,20081111,
603169.SH,兰石重装,20081110,
603169.SH,兰石重装,20081109,
603169.SH,兰石重装,20081108,
603169.SH,兰石重装,20081107,
603169.SH,兰石重装,20081106,
603169.SH,兰石重装,20081105,
603169.SH,兰石重装,20081104,
603169.SH,兰石重装,20081103,
603169.SH,兰石重装,20081102,
603169.SH,兰石重装,20081101,
603169.SH,兰石重装,20081031,
603169.SH,兰石重装,20081030,
603169.SH,兰石重装,20081029,
603169.SH,兰石重装,20081028,
603169.SH,兰石重装,20081027,
603169.SH,兰石重装,20081026,
603169.SH,兰石重装,20081025,
603169.SH,兰石重装,20081024,
603169.SH,兰石重装,20081023,
603169.SH,兰石重装,20081022,
603169.SH,兰石重装,20081021,
603169.SH,兰石重装,20081020,
603169.SH,兰石重装,20081019,
603169.SH,兰石重装,20081018,
603169.SH,兰石重装,20081017,
603169.SH,兰石重装,20081016,
603169.SH,兰石重装,20081015,
603169.SH,兰石重装,20081014,
603169.SH,兰石重装,20081013,
603169.SH,兰石重装,20081012,
603169.SH,兰石重装,20081011,
603169.SH,兰石重装,20081010,
603169.SH,兰石重装,20081009,
603169.SH,兰石重装,20081008,
603169.SH,兰石重装,20081007,
603169.SH,兰石重装,20081006,
603169.SH,兰石重装,20081005,
603169.SH,兰石重装,20081004,
603169.SH,兰石重装,20081003,
603169.SH,兰石重装,20081002,
603169.SH,兰石重装,20081001,
603169.SH,兰石重装,20080930,
603169.SH,兰石重装,20080929,
603169.SH,兰石重装,20080928,
603169.SH,兰石重装,20080927,
603169.SH,兰石重装,20080926,
603169.SH,兰石重装,20080925,
603169.SH,兰石重装,20080924,
603169.SH,兰石重装,20080923,
603169.SH,兰石重装,20080922,
603169.SH,兰石重装,20080921,
603169.SH,兰石重装,20080920,
603169.SH,兰石重装,20080919,
603169.SH,兰石重装,20080918,
603169.SH,兰石重装,20080917,
603169.SH,兰石重装,20080916,
603169.SH,兰石重装,20080915,
603169.SH,兰石重装,20080914,
603169.SH,兰石重装,20080913,
603169.SH,兰石重装,20080912,
603169.SH,兰石重装,20080911,
603169.SH,兰石重装,20080910,
603169.SH,兰石重装,20080909,
603169.SH,兰石重装,20080908,
603169.SH,兰石重装,20080907,
603169.SH,兰石重装,20080906,
603169.SH,兰石重装,20080905,
603169.SH,兰石重装,20080904,
603169.SH,兰石重装,20080903,
603169.SH,兰石重装,20080902,
603169.SH,兰石重装,20080901,
603169.SH,兰石重装,20080831,
603169.SH,兰石重装,20080830,
603169.SH,兰石重装,20080829,
603169.SH,兰石重装,20080828,
603169.SH,兰石重装,20080827,
603169.SH,兰石重装,20080826,
603169.SH,兰石重装,20080825,
603169.SH,兰石重装,20080824,
603169.SH,兰石重装,20080823,
603169.SH,兰石重装,20080822,
603169.SH,兰石重装,20080821,
603169.SH,兰石重装,20080820,
603169.SH,兰石重装,20080819,
603169.SH,兰石重装,20080818,
603169.SH,兰石重装,20080817,
603169.SH,兰石重装,20080816,
603169.SH,兰石重装,20080815,
603169.SH,兰石重装,20080814,
603169.SH,兰石重装,20080813,
603169.SH,兰石重装,20080812,
603169.SH,兰石重装,20080811,
603169.SH,兰石重装,20080810,
603169.SH,兰石重装,20080809,
603169.SH,兰石重装,20080808,
603169.SH,兰石重装,20080807,
603169.SH,兰石重装,20080806,
603169.SH,兰石重装,20080805,
603169.SH,兰石重装,20080804,
603169.SH,兰石重装,20080803,
603169.SH,兰石重装,20080802,
603169.SH,兰石重装,20080801,
603169.SH,兰石重装,20080731,
603169.SH,兰石重装,20080730,
603169.SH,兰石重装,20080729,
603169.SH,兰石重装,20080728,
603169.SH,兰石重装,20080727,
603169.SH,兰石重装,20080726,
603169.SH,兰石重装,20080725,
603169.SH,兰石重装,20080724,
603169.SH,兰石重装,20080723,
603169.SH,兰石重装,20080722,
603169.SH,兰石重装,20080721,
603169.SH,兰石重装,20080720,
603169.SH,兰石重装,20080719,
603169.SH,兰石重装,20080718,
603169.SH,兰石重装,20080717,
603169.SH,兰石重装,20080716,
603169.SH,兰石重装,20080715,
603169.SH,兰石重装,20080714,
603169.SH,兰石重装,20080713,
603169.SH,兰石重装,20080712,
603169.SH,兰石重装,20080711,
603169.SH,兰石重装,20080710,
603169.SH,兰石重装,20080709,
603169.SH,兰石重装,20080708,
603169.SH,兰石重装,20080707,
603169.SH,兰石重装,20080706,
603169.SH,兰石重装,20080705,
603169.SH,兰石重装,20080704,
603169.SH,兰石重装,20080703,
603169.SH,兰石重装,20080702,
603169.SH,兰石重装,20080701,
603169.SH,兰石重装,20080630,
603169.SH,兰石重装,20080629,
603169.SH,兰石重装,20080628,
603169.SH,兰石重装,20080627,
603169.SH,兰石重装,20080626,
603169.SH,兰石重装,20080625,
603169.SH,兰石重装,20080624,
603169.SH,兰石重装,20080623,
603169.SH,兰石重装,20080622,
603169.SH,兰石重装,20080621,
603169.SH,兰石重装,20080620,
603169.SH,兰石重装,20080619,
603169.SH,兰石重装,20080618,
603169.SH,兰石重装,20080617,
603169.SH,兰石重装,20080616,
603169.SH,兰石重装,20080615,
603169.SH,兰石重装,20080614,
603169.SH,兰石重装,20080613,
603169.SH,兰石重装,20080612,
603169.SH,兰石重装,20080611,
603169.SH,兰石重装,20080610,
603169.SH,兰石重装,20080609,
603169.SH,兰石重装,20080608,
603169.SH,兰石重装,20080607,
603169.SH,兰石重装,20080606,
603169.SH,兰石重装,20080605,
603169.SH,兰石重装,20080604,
603169.SH,兰石重装,20080603,
603169.SH,兰石重装,20080602,
603169.SH,兰石重装,20080601,
603169.SH,兰石重装,20080531,
603169.SH,兰石重装,20080530,
603169.SH,兰石重装,20080529,
603169.SH,兰石重装,20080528,
603169.SH,兰石重装,20080527,
603169.SH,兰石重装,20080526,
603169.SH,兰石重装,20080525,
603169.SH,兰石重装,20080524,
603169.SH,兰石重装,20080523,
603169.SH,兰石重装,20080522,
603169.SH,兰石重装,20080521,
603169.SH,兰石重装,20080520,
603169.SH,兰石重装,20080519,
603169.SH,兰石重装,20080518,
603169.SH,兰石重装,20080517,
603169.SH,兰石重装,20080516,
603169.SH,兰石重装,20080515,
603169.SH,兰石重装,20080514,
603169.SH,兰石重装,20080513,
603169.SH,兰石重装,20080512,
603169.SH,兰石重装,20080511,
603169.SH,兰石重装,20080510,
603169.SH,兰石重装,20080509,
603169.SH,兰石重装,20080508,
603169.SH,兰石重装,20080507,
603169.SH,兰石重装,20080506,
603169.SH,兰石重装,20080505,
603169.SH,兰石重装,20080504,
603169.SH,兰石重装,20080503,
603169.SH,兰石重装,20080502,
603169.SH,兰石重装,20080501,
603169.SH,兰石重装,20080430,
603169.SH,兰石重装,20080429,
603169.SH,兰石重装,20080428,
603169.SH,兰石重装,20080427,
603169.SH,兰石重装,20080426,
603169.SH,兰石重装,20080425,
603169.SH,兰石重装,20080424,
603169.SH,兰石重装,20080423,
603169.SH,兰石重装,20080422,
603169.SH,兰石重装,20080421,
603169.SH,兰石重装,20080420,
603169.SH,兰石重装,20080419,
603169.SH,兰石重装,20080418,
603169.SH,兰石重装,20080417,
603169.SH,兰石重装,20080416,
603169.SH,兰石重装,20080415,
603169.SH,兰石重装,20080414,
603169.SH,兰石重装,20080413,
603169.SH,兰石重装,20080412,
603169.SH,兰石重装,20080411,
603169.SH,兰石重装,20080410,
603169.SH,兰石重装,20080409,
603169.SH,兰石重装,20080408,
603169.SH,兰石重装,20080407,
603169.SH,兰石重装,20080406,
603169.SH,兰石重装,20080405,
603169.SH,兰石重装,20080404,
603169.SH,兰石重装,20080403,
603169.SH,兰石重装,20080402,
603169.SH,兰石重装,20080401,
603169.SH,兰石重装,20080331,
603169.SH,兰石重装,20080330,
603169.SH,兰石重装,20080329,
603169.SH,兰石重装,20080328,
603169.SH,兰石重装,20080327,
603169.SH,兰石重装,20080326,
603169.SH,兰石重装,20080325,
603169.SH,兰石重装,20080324,
603169.SH,兰石重装,20080323,
603169.SH,兰石重装,20080322,
603169.SH,兰石重装,20080321,
603169.SH,兰石重装,20080320,
603169.SH,兰石重装,20080319,
603169.SH,兰石重装,20080318,
603169.SH,兰石重装,20080317,
603169.SH,兰石重装,20080316,
603169.SH,兰石重装,20080315,
603169.SH,兰石重装,20080314,
603169.SH,兰石重装,20080313,
603169.SH,兰石重装,20080312,
603169.SH,兰石重装,20080311,
603169.SH,兰石重装,20080310,
603169.SH,兰石重装,20080309,
603169.SH,兰石重装,20080308,
603169.SH,兰石重装,20080307,
603169.SH,兰石重装,20080306,
603169.SH,兰石重装,20080305,
603169.SH,兰石重装,20080304,
603169.SH,兰石重装,20080303,
603169.SH,兰石重装,20080302,
603169.SH,兰石重装,20080301,
603169.SH,兰石重装,20080229,
603169.SH,兰石重装,20080228,
603169.SH,兰石重装,20080227,
603169.SH,兰石重装,20080226,
603169.SH,兰石重装,20080225,
603169.SH,兰石重装,20080224,
603169.SH,兰石重装,20080223,
603169.SH,兰石重装,20080222,
603169.SH,兰石重装,20080221,
603169.SH,兰石重装,20080220,
603169.SH,兰石重装,20080219,
603169.SH,兰石重装,20080218,
603169.SH,兰石重装,20080217,
603169.SH,兰石重装,20080216,
603169.SH,兰石重装,20080215,
603169.SH,兰石重装,20080214,
603169.SH,兰石重装,20080213,
603169.SH,兰石重装,20080212,
603169.SH,兰石重装,20080211,
603169.SH,兰石重装,20080210,
603169.SH,兰石重装,20080209,
603169.SH,兰石重装,20080208,
603169.SH,兰石重装,20080207,
603169.SH,兰石重装,20080206,
603169.SH,兰石重装,20080205,
603169.SH,兰石重装,20080204,
603169.SH,兰石重装,20080203,
603169.SH,兰石重装,20080202,
603169.SH,兰石重装,20080201,
603169.SH,兰石重装,20080131,
603169.SH,兰石重装,20080130,
603169.SH,兰石重装,20080129,
603169.SH,兰石重装,20080128,
603169.SH,兰石重装,20080127,
603169.SH,兰石重装,20080126,
603169.SH,兰石重装,20080125,
603169.SH,兰石重装,20080124,
603169.SH,兰石重装,20080123,
603169.SH,兰石重装,20080122,
603169.SH,兰石重装,20080121,
603169.SH,兰石重装,20080120,
603169.SH,兰石重装,20080119,
603169.SH,兰石重装,20080118,
603169.SH,兰石重装,20080117,
603169.SH,兰石重装,20080116,
603169.SH,兰石重装,20080115,
603169.SH,兰石重装,20080114,
603169.SH,兰石重装,20080113,
603169.SH,兰石重装,20080112,
603169.SH,兰石重装,20080111,
603169.SH,兰石重装,20080110,
603169.SH,兰石重装,20080109,
603169.SH,兰石重装,20080108,
603169.SH,兰石重装,20080107,
603169.SH,兰石重装,20080106,
603169.SH,兰石重装,20080105,
603169.SH,兰石重装,20080104,
603169.SH,兰石重装,20080103,
603169.SH,兰石重装,20080102,
603169.SH,兰石重装,20080101,
603169.SH,兰石重装,20071231,
603169.SH,兰石重装,20071230,
603169.SH,兰石重装,20071229,
603169.SH,兰石重装,20071228,
603169.SH,兰石重装,20071227,
603169.SH,兰石重装,20071226,
603169.SH,兰石重装,20071225,
603169.SH,兰石重装,20071224,
603169.SH,兰石重装,20071223,
603169.SH,兰石重装,20071222,
603169.SH,兰石重装,20071221,
603169.SH,兰石重装,20071220,
603169.SH,兰石重装,20071219,
603169.SH,兰石重装,20071218,
603169.SH,兰石重装,20071217,
603169.SH,兰石重装,20071216,
603169.SH,兰石重装,20071215,
603169.SH,兰石重装,20071214,
603169.SH,兰石重装,20071213,
603169.SH,兰石重装,20071212,
603169.SH,兰石重装,20071211,
603169.SH,兰石重装,20071210,
603169.SH,兰石重装,20071209,
603169.SH,兰石重装,20071208,
603169.SH,兰石重装,20071207,
603169.SH,兰石重装,20071206,
603169.SH,兰石重装,20071205,
603169.SH,兰石重装,20071204,
603169.SH,兰石重装,20071203,
603169.SH,兰石重装,20071202,
603169.SH,兰石重装,20071201,
603169.SH,兰石重装,20071130,
603169.SH,兰石重装,20071129,
603169.SH,兰石重装,20071128,
603169.SH,兰石重装,20071127,
603169.SH,兰石重装,20071126,
603169.SH,兰石重装,20071125,
603169.SH,兰石重装,20071124,
603169.SH,兰石重装,20071123,
603169.SH,兰石重装,20071122,
603169.SH,兰石重装,20071121,
603169.SH,兰石重装,20071120,
603169.SH,兰石重装,20071119,
603169.SH,兰石重装,20071118,
603169.SH,兰石重装,20071117,
603169.SH,兰石重装,20071116,
603169.SH,兰石重装,20071115,
603169.SH,兰石重装,20071114,
603169.SH,兰石重装,20071113,
603169.SH,兰石重装,20071112,
603169.SH,兰石重装,20071111,
603169.SH,兰石重装,20071110,
603169.SH,兰石重装,20071109,
603169.SH,兰石重装,20071108,
603169.SH,兰石重装,20071107,
603169.SH,兰石重装,20071106,
603169.SH,兰石重装,20071105,
603169.SH,兰石重装,20071104,
603169.SH,兰石重装,20071103,
603169.SH,兰石重装,20071102,
603169.SH,兰石重装,20071101,
603169.SH,兰石重装,20071031,
603169.SH,兰石重装,20071030,
603169.SH,兰石重装,20071029,
603169.SH,兰石重装,20071028,
603169.SH,兰石重装,20071027,
603169.SH,兰石重装,20071026,
603169.SH,兰石重装,20071025,
603169.SH,兰石重装,20071024,
603169.SH,兰石重装,20071023,
603169.SH,兰石重装,20071022,
603169.SH,兰石重装,20071021,
603169.SH,兰石重装,20071020,
603169.SH,兰石重装,20071019,
603169.SH,兰石重装,20071018,
603169.SH,兰石重装,20071017,
603169.SH,兰石重装,20071016,
603169.SH,兰石重装,20071015,
603169.SH,兰石重装,20071014,
603169.SH,兰石重装,20071013,
603169.SH,兰石重装,20071012,
603169.SH,兰石重装,20071011,
603169.SH,兰石重装,20071010,
603169.SH,兰石重装,20071009,
603169.SH,兰石重装,20071008,
603169.SH,兰石重装,20071007,
603169.SH,兰石重装,20071006,
603169.SH,兰石重装,20071005,
603169.SH,兰石重装,20071004,
603169.SH,兰石重装,20071003,
603169.SH,兰石重装,20071002,
603169.SH,兰石重装,20071001,
603169.SH,兰石重装,20070930,
603169.SH,兰石重装,20070929,
603169.SH,兰石重装,20070928,
603169.SH,兰石重装,20070927,
603169.SH,兰石重装,20070926,
603169.SH,兰石重装,20070925,
603169.SH,兰石重装,20070924,
603169.SH,兰石重装,20070923,
603169.SH,兰石重装,20070922,
603169.SH,兰石重装,20070921,
603169.SH,兰石重装,20070920,
603169.SH,兰石重装,20070919,
603169.SH,兰石重装,20070918,
603169.SH,兰石重装,20070917,
603169.SH,兰石重装,20070916,
603169.SH,兰石重装,20070915,
603169.SH,兰石重装,20070914,
603169.SH,兰石重装,20070913,
603169.SH,兰石重装,20070912,
603169.SH,兰石重装,20070911,
603169.SH,兰石重装,20070910,
603169.SH,兰石重装,20070909,
603169.SH,兰石重装,20070908,
603169.SH,兰石重装,20070907,
603169.SH,兰石重装,20070906,
603169.SH,兰石重装,20070905,
603169.SH,兰石重装,20070904,
603169.SH,兰石重装,20070903,
603169.SH,兰石重装,20070902,
603169.SH,兰石重装,20070901,
603169.SH,兰石重装,20070831,
603169.SH,兰石重装,20070830,
603169.SH,兰石重装,20070829,
603169.SH,兰石重装,20070828,
603169.SH,兰石重装,20070827,
603169.SH,兰石重装,20070826,
603169.SH,兰石重装,20070825,
603169.SH,兰石重装,20070824,
603169.SH,兰石重装,20070823,
603169.SH,兰石重装,20070822,
603169.SH,兰石重装,20070821,
603169.SH,兰石重装,20070820,
603169.SH,兰石重装,20070819,
603169.SH,兰石重装,20070818,
603169.SH,兰石重装,20070817,
603169.SH,兰石重装,20070816,
603169.SH,兰石重装,20070815,
603169.SH,兰石重装,20070814,
603169.SH,兰石重装,20070813,
603169.SH,兰石重装,20070812,
603169.SH,兰石重装,20070811,
603169.SH,兰石重装,20070810,
603169.SH,兰石重装,20070809,
603169.SH,兰石重装,20070808,
603169.SH,兰石重装,20070807,
603169.SH,兰石重装,20070806,
603169.SH,兰石重装,20070805,
603169.SH,兰石重装,20070804,
603169.SH,兰石重装,20070803,
603169.SH,兰石重装,20070802,
603169.SH,兰石重装,20070801,
603169.SH,兰石重装,20070731,
603169.SH,兰石重装,20070730,
603169.SH,兰石重装,20070729,
603169.SH,兰石重装,20070728,
603169.SH,兰石重装,20070727,
603169.SH,兰石重装,20070726,
603169.SH,兰石重装,20070725,
603169.SH,兰石重装,20070724,
603169.SH,兰石重装,20070723,
603169.SH,兰石重装,20070722,
603169.SH,兰石重装,20070721,
603169.SH,兰石重装,20070720,
603169.SH,兰石重装,20070719,
603169.SH,兰石重装,20070718,
603169.SH,兰石重装,20070717,
603169.SH,兰石重装,20070716,
603169.SH,兰石重装,20070715,
603169.SH,兰石重装,20070714,
603169.SH,兰石重装,20070713,
603169.SH,兰石重装,20070712,
603169.SH,兰石重装,20070711,
603169.SH,兰石重装,20070710,
603169.SH,兰石重装,20070709,
603169.SH,兰石重装,20070708,
603169.SH,兰石重装,20070707,
603169.SH,兰石重装,20070706,
603169.SH,兰石重装,20070705,
603169.SH,兰石重装,20070704,
603169.SH,兰石重装,20070703,
603169.SH,兰石重装,20070702,
603169.SH,兰石重装,20070701,
603169.SH,兰石重装,20070630,
603169.SH,兰石重装,20070629,
603169.SH,兰石重装,20070628,
603169.SH,兰石重装,20070627,
603169.SH,兰石重装,20070626,
603169.SH,兰石重装,20070625,
603169.SH,兰石重装,20070624,
603169.SH,兰石重装,20070623,
603169.SH,兰石重装,20070622,
603169.SH,兰石重装,20070621,
603169.SH,兰石重装,20070620,
603169.SH,兰石重装,20070619,
603169.SH,兰石重装,20070618,
603169.SH,兰石重装,20070617,
603169.SH,兰石重装,20070616,
603169.SH,兰石重装,20070615,
603169.SH,兰石重装,20070614,
603169.SH,兰石重装,20070613,
603169.SH,兰石重装,20070612,
603169.SH,兰石重装,20070611,
603169.SH,兰石重装,20070610,
603169.SH,兰石重装,20070609,
603169.SH,兰石重装,20070608,
603169.SH,兰石重装,20070607,
603169.SH,兰石重装,20070606,
603169.SH,兰石重装,20070605,
603169.SH,兰石重装,20070604,
603169.SH,兰石重装,20070603,
603169.SH,兰石重装,20070602,
603169.SH,兰石重装,20070601,
603169.SH,兰石重装,20070531,
603169.SH,兰石重装,20070530,
603169.SH,兰石重装,20070529,
603169.SH,兰石重装,20070528,
603169.SH,兰石重装,20070527,
603169.SH,兰石重装,20070526,
603169.SH,兰石重装,20070525,
603169.SH,兰石重装,20070524,
603169.SH,兰石重装,20070523,
603169.SH,兰石重装,20070522,
603169.SH,兰石重装,20070521,
603169.SH,兰石重装,20070520,
603169.SH,兰石重装,20070519,
603169.SH,兰石重装,20070518,
603169.SH,兰石重装,20070517,
603169.SH,兰石重装,20070516,
603169.SH,兰石重装,20070515,
603169.SH,兰石重装,20070514,
603169.SH,兰石重装,20070513,
603169.SH,兰石重装,20070512,
603169.SH,兰石重装,20070511,
603169.SH,兰石重装,20070510,
603169.SH,兰石重装,20070509,
603169.SH,兰石重装,20070508,
603169.SH,兰石重装,20070507,
603169.SH,兰石重装,20070506,
603169.SH,兰石重装,20070505,
603169.SH,兰石重装,20070504,
603169.SH,兰石重装,20070503,
603169.SH,兰石重装,20070502,
603169.SH,兰石重装,20070501,
603169.SH,兰石重装,20070430,
603169.SH,兰石重装,20070429,
603169.SH,兰石重装,20070428,
603169.SH,兰石重装,20070427,
603169.SH,兰石重装,20070426,
603169.SH,兰石重装,20070425,
603169.SH,兰石重装,20070424,
603169.SH,兰石重装,20070423,
603169.SH,兰石重装,20070422,
603169.SH,兰石重装,20070421,
603169.SH,兰石重装,20070420,
603169.SH,兰石重装,20070419,
603169.SH,兰石重装,20070418,
603169.SH,兰石重装,20070417,
603169.SH,兰石重装,20070416,
603169.SH,兰石重装,20070415,
603169.SH,兰石重装,20070414,
603169.SH,兰石重装,20070413,
603169.SH,兰石重装,20070412,
603169.SH,兰石重装,20070411,
603169.SH,兰石重装,20070410,
603169.SH,兰石重装,20070409,
603169.SH,兰石重装,20070408,
603169.SH,兰石重装,20070407,
603169.SH,兰石重装,20070406,
603169.SH,兰石重装,20070405,
603169.SH,兰石重装,20070404,
603169.SH,兰石重装,20070403,
603169.SH,兰石重装,20070402,
603169.SH,兰石重装,20070401,
603169.SH,兰石重装,20070331,
603169.SH,兰石重装,20070330,
603169.SH,兰石重装,20070329,
603169.SH,兰石重装,20070328,
603169.SH,兰石重装,20070327,
603169.SH,兰石重装,20070326,
603169.SH,兰石重装,20070325,
603169.SH,兰石重装,20070324,
603169.SH,兰石重装,20070323,
603169.SH,兰石重装,20070322,
603169.SH,兰石重装,20070321,
603169.SH,兰石重装,20070320,
603169.SH,兰石重装,20070319,
603169.SH,兰石重装,20070318,
603169.SH,兰石重装,20070317,
603169.SH,兰石重装,20070316,
603169.SH,兰石重装,20070315,
603169.SH,兰石重装,20070314,
603169.SH,兰石重装,20070313,
603169.SH,兰石重装,20070312,
603169.SH,兰石重装,20070311,
603169.SH,兰石重装,20070310,
603169.SH,兰石重装,20070309,
603169.SH,兰石重装,20070308,
603169.SH,兰石重装,20070307,
603169.SH,兰石重装,20070306,
603169.SH,兰石重装,20070305,
603169.SH,兰石重装,20070304,
603169.SH,兰石重装,20070303,
603169.SH,兰石重装,20070302,
603169.SH,兰石重装,20070301,
603169.SH,兰石重装,20070228,
603169.SH,兰石重装,20070227,
603169.SH,兰石重装,20070226,
603169.SH,兰石重装,20070225,
603169.SH,兰石重装,20070224,
603169.SH,兰石重装,20070223,
603169.SH,兰石重装,20070222,
603169.SH,兰石重装,20070221,
603169.SH,兰石重装,20070220,
603169.SH,兰石重装,20070219,
603169.SH,兰石重装,20070218,
603169.SH,兰石重装,20070217,
603169.SH,兰石重装,20070216,
603169.SH,兰石重装,20070215,
603169.SH,兰石重装,20070214,
603169.SH,兰石重装,20070213,
603169.SH,兰石重装,20070212,
603169.SH,兰石重装,20070211,
603169.SH,兰石重装,20070210,
603169.SH,兰石重装,20070209,
603169.SH,兰石重装,20070208,
603169.SH,兰石重装,20070207,
603169.SH,兰石重装,20070206,
603169.SH,兰石重装,20070205,
603169.SH,兰石重装,20070204,
603169.SH,兰石重装,20070203,
603169.SH,兰石重装,20070202,
603169.SH,兰石重装,20070201,
603169.SH,兰石重装,20070131,
603169.SH,兰石重装,20070130,
603169.SH,兰石重装,20070129,
603169.SH,兰石重装,20070128,
603169.SH,兰石重装,20070127,
603169.SH,兰石重装,20070126,
603169.SH,兰石重装,20070125,
603169.SH,兰石重装,20070124,
603169.SH,兰石重装,20070123,
603169.SH,兰石重装,20070122,
603169.SH,兰石重装,20070121,
603169.SH,兰石重装,20070120,
603169.SH,兰石重装,20070119,
603169.SH,兰石重装,20070118,
603169.SH,兰石重装,20070117,
603169.SH,兰石重装,20070116,
603169.SH,兰石重装,20070115,
603169.SH,兰石重装,20070114,
603169.SH,兰石重装,20070113,
603169.SH,兰石重装,20070112,
603169.SH,兰石重装,20070111,
603169.SH,兰石重装,20070110,
603169.SH,兰石重装,20070109,
603169.SH,兰石重装,20070108,
603169.SH,兰石重装,20070107,
603169.SH,兰石重装,20070106,
603169.SH,兰石重装,20070105,
603169.SH,兰石重装,20070104,
603169.SH,兰石重装,20070103,
603169.SH,兰石重装,20070102,
603169.SH,兰石重装,20070101,
603169.SH,兰石重装,20061231,
603169.SH,兰石重装,20061230,
603169.SH,兰石重装,20061229,
603169.SH,兰石重装,20061228,
603169.SH,兰石重装,20061227,
603169.SH,兰石重装,20061226,
603169.SH,兰石重装,20061225,
603169.SH,兰石重装,20061224,
603169.SH,兰石重装,20061223,
603169.SH,兰石重装,20061222,
603169.SH,兰石重装,20061221,
603169.SH,兰石重装,20061220,
603169.SH,兰石重装,20061219,
603169.SH,兰石重装,20061218,
603169.SH,兰石重装,20061217,
603169.SH,兰石重装,20061216,
603169.SH,兰石重装,20061215,
603169.SH,兰石重装,20061214,
603169.SH,兰石重装,20061213,
603169.SH,兰石重装,20061212,
603169.SH,兰石重装,20061211,
603169.SH,兰石重装,20061210,
603169.SH,兰石重装,20061209,
603169.SH,兰石重装,20061208,
603169.SH,兰石重装,20061207,
603169.SH,兰石重装,20061206,
603169.SH,兰石重装,20061205,
603169.SH,兰石重装,20061204,
603169.SH,兰石重装,20061203,
603169.SH,兰石重装,20061202,
603169.SH,兰石重装,20061201,
603169.SH,兰石重装,20061130,
603169.SH,兰石重装,20061129,
603169.SH,兰石重装,20061128,
603169.SH,兰石重装,20061127,
603169.SH,兰石重装,20061126,
603169.SH,兰石重装,20061125,
603169.SH,兰石重装,20061124,
603169.SH,兰石重装,20061123,
603169.SH,兰石重装,20061122,
603169.SH,兰石重装,20061121,
603169.SH,兰石重装,20061120,
603169.SH,兰石重装,20061119,
603169.SH,兰石重装,20061118,
603169.SH,兰石重装,20061117,
603169.SH,兰石重装,20061116,
603169.SH,兰石重装,20061115,
603169.SH,兰石重装,20061114,
603169.SH,兰石重装,20061113,
603169.SH,兰石重装,20061112,
603169.SH,兰石重装,20061111,
603169.SH,兰石重装,20061110,
603169.SH,兰石重装,20061109,
603169.SH,兰石重装,20061108,
603169.SH,兰石重装,20061107,
603169.SH,兰石重装,20061106,
603169.SH,兰石重装,20061105,
603169.SH,兰石重装,20061104,
603169.SH,兰石重装,20061103,
603169.SH,兰石重装,20061102,
603169.SH,兰石重装,20061101,
603169.SH,兰石重装,20061031,
603169.SH,兰石重装,20061030,
603169.SH,兰石重装,20061029,
603169.SH,兰石重装,20061028,
603169.SH,兰石重装,20061027,
603169.SH,兰石重装,20061026,
603169.SH,兰石重装,20061025,
603169.SH,兰石重装,20061024,
603169.SH,兰石重装,20061023,
603169.SH,兰石重装,20061022,
603169.SH,兰石重装,20061021,
603169.SH,兰石重装,20061020,
603169.SH,兰石重装,20061019,
603169.SH,兰石重装,20061018,
603169.SH,兰石重装,20061017,
603169.SH,兰石重装,20061016,
603169.SH,兰石重装,20061015,
603169.SH,兰石重装,20061014,
603169.SH,兰石重装,20061013,
603169.SH,兰石重装,20061012,
603169.SH,兰石重装,20061011,
603169.SH,兰石重装,20061010,
603169.SH,兰石重装,20061009,
603169.SH,兰石重装,20061008,
603169.SH,兰石重装,20061007,
603169.SH,兰石重装,20061006,
603169.SH,兰石重装,20061005,
603169.SH,兰石重装,20061004,
603169.SH,兰石重装,20061003,
603169.SH,兰石重装,20061002,
603169.SH,兰石重装,20061001,
603169.SH,兰石重装,20060930,
603169.SH,兰石重装,20060929,
603169.SH,兰石重装,20060928,
603169.SH,兰石重装,20060927,
603169.SH,兰石重装,20060926,
603169.SH,兰石重装,20060925,
603169.SH,兰石重装,20060924,
603169.SH,兰石重装,20060923,
603169.SH,兰石重装,20060922,
603169.SH,兰石重装,20060921,
603169.SH,兰石重装,20060920,
603169.SH,兰石重装,20060919,
603169.SH,兰石重装,20060918,
603169.SH,兰石重装,20060917,
603169.SH,兰石重装,20060916,
603169.SH,兰石重装,20060915,
603169.SH,兰石重装,20060914,
603169.SH,兰石重装,20060913,
603169.SH,兰石重装,20060912,
603169.SH,兰石重装,20060911,
603169.SH,兰石重装,20060910,
603169.SH,兰石重装,20060909,
603169.SH,兰石重装,20060908,
603169.SH,兰石重装,20060907,
603169.SH,兰石重装,20060906,
603169.SH,兰石重装,20060905,
603169.SH,兰石重装,20060904,
603169.SH,兰石重装,20060903,
603169.SH,兰石重装,20060902,
603169.SH,兰石重装,20060901,
603169.SH,兰石重装,20060831,
603169.SH,兰石重装,20060830,
603169.SH,兰石重装,20060829,
603169.SH,兰石重装,20060828,
603169.SH,兰石重装,20060827,
603169.SH,兰石重装,20060826,
603169.SH,兰石重装,20060825,
603169.SH,兰石重装,20060824,
603169.SH,兰石重装,20060823,
603169.SH,兰石重装,20060822,
603169.SH,兰石重装,20060821,
603169.SH,兰石重装,20060820,
603169.SH,兰石重装,20060819,
603169.SH,兰石重装,20060818,
603169.SH,兰石重装,20060817,
603169.SH,兰石重装,20060816,
603169.SH,兰石重装,20060815,
603169.SH,兰石重装,20060814,
603169.SH,兰石重装,20060813,
603169.SH,兰石重装,20060812,
603169.SH,兰石重装,20060811,
603169.SH,兰石重装,20060810,
603169.SH,兰石重装,20060809,
603169.SH,兰石重装,20060808,
603169.SH,兰石重装,20060807,
603169.SH,兰石重装,20060806,
603169.SH,兰石重装,20060805,
603169.SH,兰石重装,20060804,
603169.SH,兰石重装,20060803,
603169.SH,兰石重装,20060802,
603169.SH,兰石重装,20060801,
603169.SH,兰石重装,20060731,
603169.SH,兰石重装,20060730,
603169.SH,兰石重装,20060729,
603169.SH,兰石重装,20060728,
603169.SH,兰石重装,20060727,
603169.SH,兰石重装,20060726,
603169.SH,兰石重装,20060725,
603169.SH,兰石重装,20060724,
603169.SH,兰石重装,20060723,
603169.SH,兰石重装,20060722,
603169.SH,兰石重装,20060721,
603169.SH,兰石重装,20060720,
603169.SH,兰石重装,20060719,
603169.SH,兰石重装,20060718,
603169.SH,兰石重装,20060717,
603169.SH,兰石重装,20060716,
603169.SH,兰石重装,20060715,
603169.SH,兰石重装,20060714,
603169.SH,兰石重装,20060713,
603169.SH,兰石重装,20060712,
603169.SH,兰石重装,20060711,
603169.SH,兰石重装,20060710,
603169.SH,兰石重装,20060709,
603169.SH,兰石重装,20060708,
603169.SH,兰石重装,20060707,
603169.SH,兰石重装,20060706,
603169.SH,兰石重装,20060705,
603169.SH,兰石重装,20060704,
603169.SH,兰石重装,20060703,
603169.SH,兰石重装,20060702,
603169.SH,兰石重装,20060701,
603169.SH,兰石重装,20060630,
603169.SH,兰石重装,20060629,
603169.SH,兰石重装,20060628,
603169.SH,兰石重装,20060627,
603169.SH,兰石重装,20060626,
603169.SH,兰石重装,20060625,
603169.SH,兰石重装,20060624,
603169.SH,兰石重装,20060623,
603169.SH,兰石重装,20060622,
603169.SH,兰石重装,20060621,
603169.SH,兰石重装,20060620,
603169.SH,兰石重装,20060619,
603169.SH,兰石重装,20060618,
603169.SH,兰石重装,20060617,
603169.SH,兰石重装,20060616,
603169.SH,兰石重装,20060615,
603169.SH,兰石重装,20060614,
603169.SH,兰石重装,20060613,
603169.SH,兰石重装,20060612,
603169.SH,兰石重装,20060611,
603169.SH,兰石重装,20060610,
603169.SH,兰石重装,20060609,
603169.SH,兰石重装,20060608,
603169.SH,兰石重装,20060607,
603169.SH,兰石重装,20060606,
603169.SH,兰石重装,20060605,
603169.SH,兰石重装,20060604,
603169.SH,兰石重装,20060603,
603169.SH,兰石重装,20060602,
603169.SH,兰石重装,20060601,
603169.SH,兰石重装,20060531,
603169.SH,兰石重装,20060530,
603169.SH,兰石重装,20060529,
603169.SH,兰石重装,20060528,
603169.SH,兰石重装,20060527,
603169.SH,兰石重装,20060526,
603169.SH,兰石重装,20060525,
603169.SH,兰石重装,20060524,
603169.SH,兰石重装,20060523,
603169.SH,兰石重装,20060522,
603169.SH,兰石重装,20060521,
603169.SH,兰石重装,20060520,
603169.SH,兰石重装,20060519,
603169.SH,兰石重装,20060518,
603169.SH,兰石重装,20060517,
603169.SH,兰石重装,20060516,
603169.SH,兰石重装,20060515,
603169.SH,兰石重装,20060514,
603169.SH,兰石重装,20060513,
603169.SH,兰石重装,20060512,
603169.SH,兰石重装,20060511,
603169.SH,兰石重装,20060510,
603169.SH,兰石重装,20060509,
603169.SH,兰石重装,20060508,
603169.SH,兰石重装,20060507,
603169.SH,兰石重装,20060506,
603169.SH,兰石重装,20060505,
603169.SH,兰石重装,20060504,
603169.SH,兰石重装,20060503,
603169.SH,兰石重装,20060502,
603169.SH,兰石重装,20060501,
603169.SH,兰石重装,20060430,
603169.SH,兰石重装,20060429,
603169.SH,兰石重装,20060428,
603169.SH,兰石重装,20060427,
603169.SH,兰石重装,20060426,
603169.SH,兰石重装,20060425,
603169.SH,兰石重装,20060424,
603169.SH,兰石重装,20060423,
603169.SH,兰石重装,20060422,
603169.SH,兰石重装,20060421,
603169.SH,兰石重装,20060420,
603169.SH,兰石重装,20060419,
603169.SH,兰石重装,20060418,
603169.SH,兰石重装,20060417,
603169.SH,兰石重装,20060416,
603169.SH,兰石重装,20060415,
603169.SH,兰石重装,20060414,
603169.SH,兰石重装,20060413,
603169.SH,兰石重装,20060412,
603169.SH,兰石重装,20060411,
603169.SH,兰石重装,20060410,
603169.SH,兰石重装,20060409,
603169.SH,兰石重装,20060408,
603169.SH,兰石重装,20060407,
603169.SH,兰石重装,20060406,
603169.SH,兰石重装,20060405,
603169.SH,兰石重装,20060404,
603169.SH,兰石重装,20060403,
603169.SH,兰石重装,20060402,
603169.SH,兰石重装,20060401,
603169.SH,兰石重装,20060331,
603169.SH,兰石重装,20060330,
603169.SH,兰石重装,20060329,
603169.SH,兰石重装,20060328,
603169.SH,兰石重装,20060327,
603169.SH,兰石重装,20060326,
603169.SH,兰石重装,20060325,
603169.SH,兰石重装,20060324,
603169.SH,兰石重装,20060323,
603169.SH,兰石重装,20060322,
603169.SH,兰石重装,20060321,
603169.SH,兰石重装,20060320,
603169.SH,兰石重装,20060319,
603169.SH,兰石重装,20060318,
603169.SH,兰石重装,20060317,
603169.SH,兰石重装,20060316,
603169.SH,兰石重装,20060315,
603169.SH,兰石重装,20060314,
603169.SH,兰石重装,20060313,
603169.SH,兰石重装,20060312,
603169.SH,兰石重装,20060311,
603169.SH,兰石重装,20060310,
603169.SH,兰石重装,20060309,
603169.SH,兰石重装,20060308,
603169.SH,兰石重装,20060307,
603169.SH,兰石重装,20060306,
603169.SH,兰石重装,20060305,
603169.SH,兰石重装,20060304,
603169.SH,兰石重装,20060303,
603169.SH,兰石重装,20060302,
603169.SH,兰石重装,20060301,
603169.SH,兰石重装,20060228,
603169.SH,兰石重装,20060227,
603169.SH,兰石重装,20060226,
603169.SH,兰石重装,20060225,
603169.SH,兰石重装,20060224,
603169.SH,兰石重装,20060223,
603169.SH,兰石重装,20060222,
603169.SH,兰石重装,20060221,
603169.SH,兰石重装,20060220,
603169.SH,兰石重装,20060219,
603169.SH,兰石重装,20060218,
603169.SH,兰石重装,20060217,
603169.SH,兰石重装,20060216,
603169.SH,兰石重装,20060215,
603169.SH,兰石重装,20060214,
603169.SH,兰石重装,20060213,
603169.SH,兰石重装,20060212,
603169.SH,兰石重装,20060211,
603169.SH,兰石重装,20060210,
603169.SH,兰石重装,20060209,
603169.SH,兰石重装,20060208,
603169.SH,兰石重装,20060207,
603169.SH,兰石重装,20060206,
603169.SH,兰石重装,20060205,
603169.SH,兰石重装,20060204,
603169.SH,兰石重装,20060203,
603169.SH,兰石重装,20060202,
603169.SH,兰石重装,20060201,
603169.SH,兰石重装,20060131,
603169.SH,兰石重装,20060130,
603169.SH,兰石重装,20060129,
603169.SH,兰石重装,20060128,
603169.SH,兰石重装,20060127,
603169.SH,兰石重装,20060126,
603169.SH,兰石重装,20060125,
603169.SH,兰石重装,20060124,
603169.SH,兰石重装,20060123,
603169.SH,兰石重装,20060122,
603169.SH,兰石重装,20060121,
603169.SH,兰石重装,20060120,
603169.SH,兰石重装,20060119,
603169.SH,兰石重装,20060118,
603169.SH,兰石重装,20060117,
603169.SH,兰石重装,20060116,
603169.SH,兰石重装,20060115,
603169.SH,兰石重装,20060114,
603169.SH,兰石重装,20060113,
603169.SH,兰石重装,20060112,
603169.SH,兰石重装,20060111,
603169.SH,兰石重装,20060110,
603169.SH,兰石重装,20060109,
603169.SH,兰石重装,20060108,
603169.SH,兰石重装,20060107,
603169.SH,兰石重装,20060106,
603169.SH,兰石重装,20060105,
603169.SH,兰石重装,20060104,
603169.SH,兰石重装,20060103,
603169.SH,兰石重装,20060102,
603169.SH,兰石重装,20060101,
