证券代码,证券简称,日期,月涨跌幅
688555.SH,退市泽达,20260815,
688555.SH,退市泽达,20260814,
688555.SH,退市泽达,20260813,
688555.SH,退市泽达,20260812,
688555.SH,退市泽达,20260811,
688555.SH,退市泽达,20260810,
688555.SH,退市泽达,20260809,
688555.SH,退市泽达,20260808,
688555.SH,退市泽达,20260807,
688555.SH,退市泽达,20260806,
688555.SH,退市泽达,20260805,
688555.SH,退市泽达,20260804,
688555.SH,退市泽达,20260803,
688555.SH,退市泽达,20260802,
688555.SH,退市泽达,20260801,
688555.SH,退市泽达,20260731,
688555.SH,退市泽达,20260730,
688555.SH,退市泽达,20260729,
688555.SH,退市泽达,20260728,
688555.SH,退市泽达,20260727,
688555.SH,退市泽达,20260726,
688555.SH,退市泽达,20260725,
688555.SH,退市泽达,20260724,
688555.SH,退市泽达,20260723,
688555.SH,退市泽达,20260722,
688555.SH,退市泽达,20260721,
688555.SH,退市泽达,20260720,
688555.SH,退市泽达,20260719,
688555.SH,退市泽达,20260718,
688555.SH,退市泽达,20260717,
688555.SH,退市泽达,20260716,
688555.SH,退市泽达,20260715,
688555.SH,退市泽达,20260714,
688555.SH,退市泽达,20260713,
688555.SH,退市泽达,20260712,
688555.SH,退市泽达,20260711,
688555.SH,退市泽达,20260710,
688555.SH,退市泽达,20260709,
688555.SH,退市泽达,20260708,
688555.SH,退市泽达,20260707,
688555.SH,退市泽达,20260706,
688555.SH,退市泽达,20260705,
688555.SH,退市泽达,20260704,
688555.SH,退市泽达,20260703,
688555.SH,退市泽达,20260702,
688555.SH,退市泽达,20260701,
688555.SH,退市泽达,20260630,
688555.SH,退市泽达,20260629,
688555.SH,退市泽达,20260628,
688555.SH,退市泽达,20260627,
688555.SH,退市泽达,20260626,
688555.SH,退市泽达,20260625,
688555.SH,退市泽达,20260624,
688555.SH,退市泽达,20260623,
688555.SH,退市泽达,20260622,
688555.SH,退市泽达,20260621,
688555.SH,退市泽达,20260620,
688555.SH,退市泽达,20260619,
688555.SH,退市泽达,20260618,
688555.SH,退市泽达,20260617,
688555.SH,退市泽达,20260616,
688555.SH,退市泽达,20260615,
688555.SH,退市泽达,20260614,
688555.SH,退市泽达,20260613,
688555.SH,退市泽达,20260612,
688555.SH,退市泽达,20260611,
688555.SH,退市泽达,20260610,
688555.SH,退市泽达,20260609,
688555.SH,退市泽达,20260608,
688555.SH,退市泽达,20260607,
688555.SH,退市泽达,20260606,
688555.SH,退市泽达,20260605,
688555.SH,退市泽达,20260604,
688555.SH,退市泽达,20260603,
688555.SH,退市泽达,20260602,
688555.SH,退市泽达,20260601,
688555.SH,退市泽达,20260531,
688555.SH,退市泽达,20260530,
688555.SH,退市泽达,20260529,
688555.SH,退市泽达,20260528,
688555.SH,退市泽达,20260527,
688555.SH,退市泽达,20260526,
688555.SH,退市泽达,20260525,
688555.SH,退市泽达,20260524,
688555.SH,退市泽达,20260523,
688555.SH,退市泽达,20260522,
688555.SH,退市泽达,20260521,
688555.SH,退市泽达,20260520,
688555.SH,退市泽达,20260519,
688555.SH,退市泽达,20260518,
688555.SH,退市泽达,20260517,
688555.SH,退市泽达,20260516,
688555.SH,退市泽达,20260515,
688555.SH,退市泽达,20260514,
688555.SH,退市泽达,20260513,
688555.SH,退市泽达,20260512,
688555.SH,退市泽达,20260511,
688555.SH,退市泽达,20260510,
688555.SH,退市泽达,20260509,
688555.SH,退市泽达,20260508,
688555.SH,退市泽达,20260507,
688555.SH,退市泽达,20260506,
688555.SH,退市泽达,20260505,
688555.SH,退市泽达,20260504,
688555.SH,退市泽达,20260503,
688555.SH,退市泽达,20260502,
688555.SH,退市泽达,20260501,
688555.SH,退市泽达,20260430,
688555.SH,退市泽达,20260429,
688555.SH,退市泽达,20260428,
688555.SH,退市泽达,20260427,
688555.SH,退市泽达,20260426,
688555.SH,退市泽达,20260425,
688555.SH,退市泽达,20260424,
688555.SH,退市泽达,20260423,
688555.SH,退市泽达,20260422,
688555.SH,退市泽达,20260421,
688555.SH,退市泽达,20260420,
688555.SH,退市泽达,20260419,
688555.SH,退市泽达,20260418,
688555.SH,退市泽达,20260417,
688555.SH,退市泽达,20260416,
688555.SH,退市泽达,20260415,
688555.SH,退市泽达,20260414,
688555.SH,退市泽达,20260413,
688555.SH,退市泽达,20260412,
688555.SH,退市泽达,20260411,
688555.SH,退市泽达,20260410,
688555.SH,退市泽达,20260409,
688555.SH,退市泽达,20260408,
688555.SH,退市泽达,20260407,
688555.SH,退市泽达,20260406,
688555.SH,退市泽达,20260405,
688555.SH,退市泽达,20260404,
688555.SH,退市泽达,20260403,
688555.SH,退市泽达,20260402,
688555.SH,退市泽达,20260401,
688555.SH,退市泽达,20260331,
688555.SH,退市泽达,20260330,
688555.SH,退市泽达,20260329,
688555.SH,退市泽达,20260328,
688555.SH,退市泽达,20260327,
688555.SH,退市泽达,20260326,
688555.SH,退市泽达,20260325,
688555.SH,退市泽达,20260324,
688555.SH,退市泽达,20260323,
688555.SH,退市泽达,20260322,
688555.SH,退市泽达,20260321,
688555.SH,退市泽达,20260320,
688555.SH,退市泽达,20260319,
688555.SH,退市泽达,20260318,
688555.SH,退市泽达,20260317,
688555.SH,退市泽达,20260316,
688555.SH,退市泽达,20260315,
688555.SH,退市泽达,20260314,
688555.SH,退市泽达,20260313,
688555.SH,退市泽达,20260312,
688555.SH,退市泽达,20260311,
688555.SH,退市泽达,20260310,
688555.SH,退市泽达,20260309,
688555.SH,退市泽达,20260308,
688555.SH,退市泽达,20260307,
688555.SH,退市泽达,20260306,
688555.SH,退市泽达,20260305,
688555.SH,退市泽达,20260304,
688555.SH,退市泽达,20260303,
688555.SH,退市泽达,20260302,
688555.SH,退市泽达,20260301,
688555.SH,退市泽达,20260228,
688555.SH,退市泽达,20260227,
688555.SH,退市泽达,20260226,
688555.SH,退市泽达,20260225,
688555.SH,退市泽达,20260224,
688555.SH,退市泽达,20260223,
688555.SH,退市泽达,20260222,
688555.SH,退市泽达,20260221,
688555.SH,退市泽达,20260220,
688555.SH,退市泽达,20260219,
688555.SH,退市泽达,20260218,
688555.SH,退市泽达,20260217,
688555.SH,退市泽达,20260216,
688555.SH,退市泽达,20260215,
688555.SH,退市泽达,20260214,
688555.SH,退市泽达,20260213,
688555.SH,退市泽达,20260212,
688555.SH,退市泽达,20260211,
688555.SH,退市泽达,20260210,
688555.SH,退市泽达,20260209,
688555.SH,退市泽达,20260208,
688555.SH,退市泽达,20260207,
688555.SH,退市泽达,20260206,
688555.SH,退市泽达,20260205,
688555.SH,退市泽达,20260204,
688555.SH,退市泽达,20260203,
688555.SH,退市泽达,20260202,
688555.SH,退市泽达,20260201,
688555.SH,退市泽达,20260131,
688555.SH,退市泽达,20260130,
688555.SH,退市泽达,20260129,
688555.SH,退市泽达,20260128,
688555.SH,退市泽达,20260127,
688555.SH,退市泽达,20260126,
688555.SH,退市泽达,20260125,
688555.SH,退市泽达,20260124,
688555.SH,退市泽达,20260123,
688555.SH,退市泽达,20260122,
688555.SH,退市泽达,20260121,
688555.SH,退市泽达,20260120,
688555.SH,退市泽达,20260119,
688555.SH,退市泽达,20260118,
688555.SH,退市泽达,20260117,
688555.SH,退市泽达,20260116,
688555.SH,退市泽达,20260115,
688555.SH,退市泽达,20260114,
688555.SH,退市泽达,20260113,
688555.SH,退市泽达,20260112,
688555.SH,退市泽达,20260111,
688555.SH,退市泽达,20260110,
688555.SH,退市泽达,20260109,
688555.SH,退市泽达,20260108,
688555.SH,退市泽达,20260107,
688555.SH,退市泽达,20260106,
688555.SH,退市泽达,20260105,
688555.SH,退市泽达,20260104,
688555.SH,退市泽达,20260103,
688555.SH,退市泽达,20260102,
688555.SH,退市泽达,20260101,
688555.SH,退市泽达,20251231,
688555.SH,退市泽达,20251230,
688555.SH,退市泽达,20251229,
688555.SH,退市泽达,20251228,
688555.SH,退市泽达,20251227,
688555.SH,退市泽达,20251226,
688555.SH,退市泽达,20251225,
688555.SH,退市泽达,20251224,
688555.SH,退市泽达,20251223,
688555.SH,退市泽达,20251222,
688555.SH,退市泽达,20251221,
688555.SH,退市泽达,20251220,
688555.SH,退市泽达,20251219,
688555.SH,退市泽达,20251218,
688555.SH,退市泽达,20251217,
688555.SH,退市泽达,20251216,
688555.SH,退市泽达,20251215,
688555.SH,退市泽达,20251214,
688555.SH,退市泽达,20251213,
688555.SH,退市泽达,20251212,
688555.SH,退市泽达,20251211,
688555.SH,退市泽达,20251210,
688555.SH,退市泽达,20251209,
688555.SH,退市泽达,20251208,
688555.SH,退市泽达,20251207,
688555.SH,退市泽达,20251206,
688555.SH,退市泽达,20251205,
688555.SH,退市泽达,20251204,
688555.SH,退市泽达,20251203,
688555.SH,退市泽达,20251202,
688555.SH,退市泽达,20251201,
688555.SH,退市泽达,20251130,
688555.SH,退市泽达,20251129,
688555.SH,退市泽达,20251128,
688555.SH,退市泽达,20251127,
688555.SH,退市泽达,20251126,
688555.SH,退市泽达,20251125,
688555.SH,退市泽达,20251124,
688555.SH,退市泽达,20251123,
688555.SH,退市泽达,20251122,
688555.SH,退市泽达,20251121,
688555.SH,退市泽达,20251120,
688555.SH,退市泽达,20251119,
688555.SH,退市泽达,20251118,
688555.SH,退市泽达,20251117,
688555.SH,退市泽达,20251116,
688555.SH,退市泽达,20251115,
688555.SH,退市泽达,20251114,
688555.SH,退市泽达,20251113,
688555.SH,退市泽达,20251112,
688555.SH,退市泽达,20251111,
688555.SH,退市泽达,20251110,
688555.SH,退市泽达,20251109,
688555.SH,退市泽达,20251108,
688555.SH,退市泽达,20251107,
688555.SH,退市泽达,20251106,
688555.SH,退市泽达,20251105,
688555.SH,退市泽达,20251104,
688555.SH,退市泽达,20251103,
688555.SH,退市泽达,20251102,
688555.SH,退市泽达,20251101,
688555.SH,退市泽达,20251031,
688555.SH,退市泽达,20251030,
688555.SH,退市泽达,20251029,
688555.SH,退市泽达,20251028,
688555.SH,退市泽达,20251027,
688555.SH,退市泽达,20251026,
688555.SH,退市泽达,20251025,
688555.SH,退市泽达,20251024,
688555.SH,退市泽达,20251023,
688555.SH,退市泽达,20251022,
688555.SH,退市泽达,20251021,
688555.SH,退市泽达,20251020,
688555.SH,退市泽达,20251019,
688555.SH,退市泽达,20251018,
688555.SH,退市泽达,20251017,
688555.SH,退市泽达,20251016,
688555.SH,退市泽达,20251015,
688555.SH,退市泽达,20251014,
688555.SH,退市泽达,20251013,
688555.SH,退市泽达,20251012,
688555.SH,退市泽达,20251011,
688555.SH,退市泽达,20251010,
688555.SH,退市泽达,20251009,
688555.SH,退市泽达,20251008,
688555.SH,退市泽达,20251007,
688555.SH,退市泽达,20251006,
688555.SH,退市泽达,20251005,
688555.SH,退市泽达,20251004,
688555.SH,退市泽达,20251003,
688555.SH,退市泽达,20251002,
688555.SH,退市泽达,20251001,
688555.SH,退市泽达,20250930,
688555.SH,退市泽达,20250929,
688555.SH,退市泽达,20250928,
688555.SH,退市泽达,20250927,
688555.SH,退市泽达,20250926,
688555.SH,退市泽达,20250925,
688555.SH,退市泽达,20250924,
688555.SH,退市泽达,20250923,
688555.SH,退市泽达,20250922,
688555.SH,退市泽达,20250921,
688555.SH,退市泽达,20250920,
688555.SH,退市泽达,20250919,
688555.SH,退市泽达,20250918,
688555.SH,退市泽达,20250917,
688555.SH,退市泽达,20250916,
688555.SH,退市泽达,20250915,
688555.SH,退市泽达,20250914,
688555.SH,退市泽达,20250913,
688555.SH,退市泽达,20250912,
688555.SH,退市泽达,20250911,
688555.SH,退市泽达,20250910,
688555.SH,退市泽达,20250909,
688555.SH,退市泽达,20250908,
688555.SH,退市泽达,20250907,
688555.SH,退市泽达,20250906,
688555.SH,退市泽达,20250905,
688555.SH,退市泽达,20250904,
688555.SH,退市泽达,20250903,
688555.SH,退市泽达,20250902,
688555.SH,退市泽达,20250901,
688555.SH,退市泽达,20250831,
688555.SH,退市泽达,20250830,
688555.SH,退市泽达,20250829,
688555.SH,退市泽达,20250828,
688555.SH,退市泽达,20250827,
688555.SH,退市泽达,20250826,
688555.SH,退市泽达,20250825,
688555.SH,退市泽达,20250824,
688555.SH,退市泽达,20250823,
688555.SH,退市泽达,20250822,
688555.SH,退市泽达,20250821,
688555.SH,退市泽达,20250820,
688555.SH,退市泽达,20250819,
688555.SH,退市泽达,20250818,
688555.SH,退市泽达,20250817,
688555.SH,退市泽达,20250816,
688555.SH,退市泽达,20250815,
688555.SH,退市泽达,20250814,
688555.SH,退市泽达,20250813,
688555.SH,退市泽达,20250812,
688555.SH,退市泽达,20250811,
688555.SH,退市泽达,20250810,
688555.SH,退市泽达,20250809,
688555.SH,退市泽达,20250808,
688555.SH,退市泽达,20250807,
688555.SH,退市泽达,20250806,
688555.SH,退市泽达,20250805,
688555.SH,退市泽达,20250804,
688555.SH,退市泽达,20250803,
688555.SH,退市泽达,20250802,
688555.SH,退市泽达,20250801,
688555.SH,退市泽达,20250731,
688555.SH,退市泽达,20250730,
688555.SH,退市泽达,20250729,
688555.SH,退市泽达,20250728,
688555.SH,退市泽达,20250727,
688555.SH,退市泽达,20250726,
688555.SH,退市泽达,20250725,
688555.SH,退市泽达,20250724,
688555.SH,退市泽达,20250723,
688555.SH,退市泽达,20250722,
688555.SH,退市泽达,20250721,
688555.SH,退市泽达,20250720,
688555.SH,退市泽达,20250719,
688555.SH,退市泽达,20250718,
688555.SH,退市泽达,20250717,
688555.SH,退市泽达,20250716,
688555.SH,退市泽达,20250715,
688555.SH,退市泽达,20250714,
688555.SH,退市泽达,20250713,
688555.SH,退市泽达,20250712,
688555.SH,退市泽达,20250711,
688555.SH,退市泽达,20250710,
688555.SH,退市泽达,20250709,
688555.SH,退市泽达,20250708,
688555.SH,退市泽达,20250707,
688555.SH,退市泽达,20250706,
688555.SH,退市泽达,20250705,
688555.SH,退市泽达,20250704,
688555.SH,退市泽达,20250703,
688555.SH,退市泽达,20250702,
688555.SH,退市泽达,20250701,
688555.SH,退市泽达,20250630,
688555.SH,退市泽达,20250629,
688555.SH,退市泽达,20250628,
688555.SH,退市泽达,20250627,
688555.SH,退市泽达,20250626,
688555.SH,退市泽达,20250625,
688555.SH,退市泽达,20250624,
688555.SH,退市泽达,20250623,
688555.SH,退市泽达,20250622,
688555.SH,退市泽达,20250621,
688555.SH,退市泽达,20250620,
688555.SH,退市泽达,20250619,
688555.SH,退市泽达,20250618,
688555.SH,退市泽达,20250617,
688555.SH,退市泽达,20250616,
688555.SH,退市泽达,20250615,
688555.SH,退市泽达,20250614,
688555.SH,退市泽达,20250613,
688555.SH,退市泽达,20250612,
688555.SH,退市泽达,20250611,
688555.SH,退市泽达,20250610,
688555.SH,退市泽达,20250609,
688555.SH,退市泽达,20250608,
688555.SH,退市泽达,20250607,
688555.SH,退市泽达,20250606,
688555.SH,退市泽达,20250605,
688555.SH,退市泽达,20250604,
688555.SH,退市泽达,20250603,
688555.SH,退市泽达,20250602,
688555.SH,退市泽达,20250601,
688555.SH,退市泽达,20250531,
688555.SH,退市泽达,20250530,
688555.SH,退市泽达,20250529,
688555.SH,退市泽达,20250528,
688555.SH,退市泽达,20250527,
688555.SH,退市泽达,20250526,
688555.SH,退市泽达,20250525,
688555.SH,退市泽达,20250524,
688555.SH,退市泽达,20250523,
688555.SH,退市泽达,20250522,
688555.SH,退市泽达,20250521,
688555.SH,退市泽达,20250520,
688555.SH,退市泽达,20250519,
688555.SH,退市泽达,20250518,
688555.SH,退市泽达,20250517,
688555.SH,退市泽达,20250516,
688555.SH,退市泽达,20250515,
688555.SH,退市泽达,20250514,
688555.SH,退市泽达,20250513,
688555.SH,退市泽达,20250512,
688555.SH,退市泽达,20250511,
688555.SH,退市泽达,20250510,
688555.SH,退市泽达,20250509,
688555.SH,退市泽达,20250508,
688555.SH,退市泽达,20250507,
688555.SH,退市泽达,20250506,
688555.SH,退市泽达,20250505,
688555.SH,退市泽达,20250504,
688555.SH,退市泽达,20250503,
688555.SH,退市泽达,20250502,
688555.SH,退市泽达,20250501,
688555.SH,退市泽达,20250430,
688555.SH,退市泽达,20250429,
688555.SH,退市泽达,20250428,
688555.SH,退市泽达,20250427,
688555.SH,退市泽达,20250426,
688555.SH,退市泽达,20250425,
688555.SH,退市泽达,20250424,
688555.SH,退市泽达,20250423,
688555.SH,退市泽达,20250422,
688555.SH,退市泽达,20250421,
688555.SH,退市泽达,20250420,
688555.SH,退市泽达,20250419,
688555.SH,退市泽达,20250418,
688555.SH,退市泽达,20250417,
688555.SH,退市泽达,20250416,
688555.SH,退市泽达,20250415,
688555.SH,退市泽达,20250414,
688555.SH,退市泽达,20250413,
688555.SH,退市泽达,20250412,
688555.SH,退市泽达,20250411,
688555.SH,退市泽达,20250410,
688555.SH,退市泽达,20250409,
688555.SH,退市泽达,20250408,
688555.SH,退市泽达,20250407,
688555.SH,退市泽达,20250406,
688555.SH,退市泽达,20250405,
688555.SH,退市泽达,20250404,
688555.SH,退市泽达,20250403,
688555.SH,退市泽达,20250402,
688555.SH,退市泽达,20250401,
688555.SH,退市泽达,20250331,
688555.SH,退市泽达,20250330,
688555.SH,退市泽达,20250329,
688555.SH,退市泽达,20250328,
688555.SH,退市泽达,20250327,
688555.SH,退市泽达,20250326,
688555.SH,退市泽达,20250325,
688555.SH,退市泽达,20250324,
688555.SH,退市泽达,20250323,
688555.SH,退市泽达,20250322,
688555.SH,退市泽达,20250321,
688555.SH,退市泽达,20250320,
688555.SH,退市泽达,20250319,
688555.SH,退市泽达,20250318,
688555.SH,退市泽达,20250317,
688555.SH,退市泽达,20250316,
688555.SH,退市泽达,20250315,
688555.SH,退市泽达,20250314,
688555.SH,退市泽达,20250313,
688555.SH,退市泽达,20250312,
688555.SH,退市泽达,20250311,
688555.SH,退市泽达,20250310,
688555.SH,退市泽达,20250309,
688555.SH,退市泽达,20250308,
688555.SH,退市泽达,20250307,
688555.SH,退市泽达,20250306,
688555.SH,退市泽达,20250305,
688555.SH,退市泽达,20250304,
688555.SH,退市泽达,20250303,
688555.SH,退市泽达,20250302,
688555.SH,退市泽达,20250301,
688555.SH,退市泽达,20250228,
688555.SH,退市泽达,20250227,
688555.SH,退市泽达,20250226,
688555.SH,退市泽达,20250225,
688555.SH,退市泽达,20250224,
688555.SH,退市泽达,20250223,
688555.SH,退市泽达,20250222,
688555.SH,退市泽达,20250221,
688555.SH,退市泽达,20250220,
688555.SH,退市泽达,20250219,
688555.SH,退市泽达,20250218,
688555.SH,退市泽达,20250217,
688555.SH,退市泽达,20250216,
688555.SH,退市泽达,20250215,
688555.SH,退市泽达,20250214,
688555.SH,退市泽达,20250213,
688555.SH,退市泽达,20250212,
688555.SH,退市泽达,20250211,
688555.SH,退市泽达,20250210,
688555.SH,退市泽达,20250209,
688555.SH,退市泽达,20250208,
688555.SH,退市泽达,20250207,
688555.SH,退市泽达,20250206,
688555.SH,退市泽达,20250205,
688555.SH,退市泽达,20250204,
688555.SH,退市泽达,20250203,
688555.SH,退市泽达,20250202,
688555.SH,退市泽达,20250201,
688555.SH,退市泽达,20250131,
688555.SH,退市泽达,20250130,
688555.SH,退市泽达,20250129,
688555.SH,退市泽达,20250128,
688555.SH,退市泽达,20250127,
688555.SH,退市泽达,20250126,
688555.SH,退市泽达,20250125,
688555.SH,退市泽达,20250124,
688555.SH,退市泽达,20250123,
688555.SH,退市泽达,20250122,
688555.SH,退市泽达,20250121,
688555.SH,退市泽达,20250120,
688555.SH,退市泽达,20250119,
688555.SH,退市泽达,20250118,
688555.SH,退市泽达,20250117,
688555.SH,退市泽达,20250116,
688555.SH,退市泽达,20250115,
688555.SH,退市泽达,20250114,
688555.SH,退市泽达,20250113,
688555.SH,退市泽达,20250112,
688555.SH,退市泽达,20250111,
688555.SH,退市泽达,20250110,
688555.SH,退市泽达,20250109,
688555.SH,退市泽达,20250108,
688555.SH,退市泽达,20250107,
688555.SH,退市泽达,20250106,
688555.SH,退市泽达,20250105,
688555.SH,退市泽达,20250104,
688555.SH,退市泽达,20250103,
688555.SH,退市泽达,20250102,
688555.SH,退市泽达,20250101,
688555.SH,退市泽达,20241231,
688555.SH,退市泽达,20241230,
688555.SH,退市泽达,20241229,
688555.SH,退市泽达,20241228,
688555.SH,退市泽达,20241227,
688555.SH,退市泽达,20241226,
688555.SH,退市泽达,20241225,
688555.SH,退市泽达,20241224,
688555.SH,退市泽达,20241223,
688555.SH,退市泽达,20241222,
688555.SH,退市泽达,20241221,
688555.SH,退市泽达,20241220,
688555.SH,退市泽达,20241219,
688555.SH,退市泽达,20241218,
688555.SH,退市泽达,20241217,
688555.SH,退市泽达,20241216,
688555.SH,退市泽达,20241215,
688555.SH,退市泽达,20241214,
688555.SH,退市泽达,20241213,
688555.SH,退市泽达,20241212,
688555.SH,退市泽达,20241211,
688555.SH,退市泽达,20241210,
688555.SH,退市泽达,20241209,
688555.SH,退市泽达,20241208,
688555.SH,退市泽达,20241207,
688555.SH,退市泽达,20241206,
688555.SH,退市泽达,20241205,
688555.SH,退市泽达,20241204,
688555.SH,退市泽达,20241203,
688555.SH,退市泽达,20241202,
688555.SH,退市泽达,20241201,
688555.SH,退市泽达,20241130,
688555.SH,退市泽达,20241129,
688555.SH,退市泽达,20241128,
688555.SH,退市泽达,20241127,
688555.SH,退市泽达,20241126,
688555.SH,退市泽达,20241125,
688555.SH,退市泽达,20241124,
688555.SH,退市泽达,20241123,
688555.SH,退市泽达,20241122,
688555.SH,退市泽达,20241121,
688555.SH,退市泽达,20241120,
688555.SH,退市泽达,20241119,
688555.SH,退市泽达,20241118,
688555.SH,退市泽达,20241117,
688555.SH,退市泽达,20241116,
688555.SH,退市泽达,20241115,
688555.SH,退市泽达,20241114,
688555.SH,退市泽达,20241113,
688555.SH,退市泽达,20241112,
688555.SH,退市泽达,20241111,
688555.SH,退市泽达,20241110,
688555.SH,退市泽达,20241109,
688555.SH,退市泽达,20241108,
688555.SH,退市泽达,20241107,
688555.SH,退市泽达,20241106,
688555.SH,退市泽达,20241105,
688555.SH,退市泽达,20241104,
688555.SH,退市泽达,20241103,
688555.SH,退市泽达,20241102,
688555.SH,退市泽达,20241101,
688555.SH,退市泽达,20241031,
688555.SH,退市泽达,20241030,
688555.SH,退市泽达,20241029,
688555.SH,退市泽达,20241028,
688555.SH,退市泽达,20241027,
688555.SH,退市泽达,20241026,
688555.SH,退市泽达,20241025,
688555.SH,退市泽达,20241024,
688555.SH,退市泽达,20241023,
688555.SH,退市泽达,20241022,
688555.SH,退市泽达,20241021,
688555.SH,退市泽达,20241020,
688555.SH,退市泽达,20241019,
688555.SH,退市泽达,20241018,
688555.SH,退市泽达,20241017,
688555.SH,退市泽达,20241016,
688555.SH,退市泽达,20241015,
688555.SH,退市泽达,20241014,
688555.SH,退市泽达,20241013,
688555.SH,退市泽达,20241012,
688555.SH,退市泽达,20241011,
688555.SH,退市泽达,20241010,
688555.SH,退市泽达,20241009,
688555.SH,退市泽达,20241008,
688555.SH,退市泽达,20241007,
688555.SH,退市泽达,20241006,
688555.SH,退市泽达,20241005,
688555.SH,退市泽达,20241004,
688555.SH,退市泽达,20241003,
688555.SH,退市泽达,20241002,
688555.SH,退市泽达,20241001,
688555.SH,退市泽达,20240930,
688555.SH,退市泽达,20240929,
688555.SH,退市泽达,20240928,
688555.SH,退市泽达,20240927,
688555.SH,退市泽达,20240926,
688555.SH,退市泽达,20240925,
688555.SH,退市泽达,20240924,
688555.SH,退市泽达,20240923,
688555.SH,退市泽达,20240922,
688555.SH,退市泽达,20240921,
688555.SH,退市泽达,20240920,
688555.SH,退市泽达,20240919,
688555.SH,退市泽达,20240918,
688555.SH,退市泽达,20240917,
688555.SH,退市泽达,20240916,
688555.SH,退市泽达,20240915,
688555.SH,退市泽达,20240914,
688555.SH,退市泽达,20240913,
688555.SH,退市泽达,20240912,
688555.SH,退市泽达,20240911,
688555.SH,退市泽达,20240910,
688555.SH,退市泽达,20240909,
688555.SH,退市泽达,20240908,
688555.SH,退市泽达,20240907,
688555.SH,退市泽达,20240906,
688555.SH,退市泽达,20240905,
688555.SH,退市泽达,20240904,
688555.SH,退市泽达,20240903,
688555.SH,退市泽达,20240902,
688555.SH,退市泽达,20240901,
688555.SH,退市泽达,20240831,
688555.SH,退市泽达,20240830,
688555.SH,退市泽达,20240829,
688555.SH,退市泽达,20240828,
688555.SH,退市泽达,20240827,
688555.SH,退市泽达,20240826,
688555.SH,退市泽达,20240825,
688555.SH,退市泽达,20240824,
688555.SH,退市泽达,20240823,
688555.SH,退市泽达,20240822,
688555.SH,退市泽达,20240821,
688555.SH,退市泽达,20240820,
688555.SH,退市泽达,20240819,
688555.SH,退市泽达,20240818,
688555.SH,退市泽达,20240817,
688555.SH,退市泽达,20240816,
688555.SH,退市泽达,20240815,
688555.SH,退市泽达,20240814,
688555.SH,退市泽达,20240813,
688555.SH,退市泽达,20240812,
688555.SH,退市泽达,20240811,
688555.SH,退市泽达,20240810,
688555.SH,退市泽达,20240809,
688555.SH,退市泽达,20240808,
688555.SH,退市泽达,20240807,
688555.SH,退市泽达,20240806,
688555.SH,退市泽达,20240805,
688555.SH,退市泽达,20240804,
688555.SH,退市泽达,20240803,
688555.SH,退市泽达,20240802,
688555.SH,退市泽达,20240801,
688555.SH,退市泽达,20240731,
688555.SH,退市泽达,20240730,
688555.SH,退市泽达,20240729,
688555.SH,退市泽达,20240728,
688555.SH,退市泽达,20240727,
688555.SH,退市泽达,20240726,
688555.SH,退市泽达,20240725,
688555.SH,退市泽达,20240724,
688555.SH,退市泽达,20240723,
688555.SH,退市泽达,20240722,
688555.SH,退市泽达,20240721,
688555.SH,退市泽达,20240720,
688555.SH,退市泽达,20240719,
688555.SH,退市泽达,20240718,
688555.SH,退市泽达,20240717,
688555.SH,退市泽达,20240716,
688555.SH,退市泽达,20240715,
688555.SH,退市泽达,20240714,
688555.SH,退市泽达,20240713,
688555.SH,退市泽达,20240712,
688555.SH,退市泽达,20240711,
688555.SH,退市泽达,20240710,
688555.SH,退市泽达,20240709,
688555.SH,退市泽达,20240708,
688555.SH,退市泽达,20240707,
688555.SH,退市泽达,20240706,
688555.SH,退市泽达,20240705,
688555.SH,退市泽达,20240704,
688555.SH,退市泽达,20240703,
688555.SH,退市泽达,20240702,
688555.SH,退市泽达,20240701,
688555.SH,退市泽达,20240630,
688555.SH,退市泽达,20240629,
688555.SH,退市泽达,20240628,
688555.SH,退市泽达,20240627,
688555.SH,退市泽达,20240626,
688555.SH,退市泽达,20240625,
688555.SH,退市泽达,20240624,
688555.SH,退市泽达,20240623,
688555.SH,退市泽达,20240622,
688555.SH,退市泽达,20240621,
688555.SH,退市泽达,20240620,
688555.SH,退市泽达,20240619,
688555.SH,退市泽达,20240618,
688555.SH,退市泽达,20240617,
688555.SH,退市泽达,20240616,
688555.SH,退市泽达,20240615,
688555.SH,退市泽达,20240614,
688555.SH,退市泽达,20240613,
688555.SH,退市泽达,20240612,
688555.SH,退市泽达,20240611,
688555.SH,退市泽达,20240610,
688555.SH,退市泽达,20240609,
688555.SH,退市泽达,20240608,
688555.SH,退市泽达,20240607,
688555.SH,退市泽达,20240606,
688555.SH,退市泽达,20240605,
688555.SH,退市泽达,20240604,
688555.SH,退市泽达,20240603,
688555.SH,退市泽达,20240602,
688555.SH,退市泽达,20240601,
688555.SH,退市泽达,20240531,
688555.SH,退市泽达,20240530,
688555.SH,退市泽达,20240529,
688555.SH,退市泽达,20240528,
688555.SH,退市泽达,20240527,
688555.SH,退市泽达,20240526,
688555.SH,退市泽达,20240525,
688555.SH,退市泽达,20240524,
688555.SH,退市泽达,20240523,
688555.SH,退市泽达,20240522,
688555.SH,退市泽达,20240521,
688555.SH,退市泽达,20240520,
688555.SH,退市泽达,20240519,
688555.SH,退市泽达,20240518,
688555.SH,退市泽达,20240517,
688555.SH,退市泽达,20240516,
688555.SH,退市泽达,20240515,
688555.SH,退市泽达,20240514,
688555.SH,退市泽达,20240513,
688555.SH,退市泽达,20240512,
688555.SH,退市泽达,20240511,
688555.SH,退市泽达,20240510,
688555.SH,退市泽达,20240509,
688555.SH,退市泽达,20240508,
688555.SH,退市泽达,20240507,
688555.SH,退市泽达,20240506,
688555.SH,退市泽达,20240505,
688555.SH,退市泽达,20240504,
688555.SH,退市泽达,20240503,
688555.SH,退市泽达,20240502,
688555.SH,退市泽达,20240501,
688555.SH,退市泽达,20240430,
688555.SH,退市泽达,20240429,
688555.SH,退市泽达,20240428,
688555.SH,退市泽达,20240427,
688555.SH,退市泽达,20240426,
688555.SH,退市泽达,20240425,
688555.SH,退市泽达,20240424,
688555.SH,退市泽达,20240423,
688555.SH,退市泽达,20240422,
688555.SH,退市泽达,20240421,
688555.SH,退市泽达,20240420,
688555.SH,退市泽达,20240419,
688555.SH,退市泽达,20240418,
688555.SH,退市泽达,20240417,
688555.SH,退市泽达,20240416,
688555.SH,退市泽达,20240415,
688555.SH,退市泽达,20240414,
688555.SH,退市泽达,20240413,
688555.SH,退市泽达,20240412,
688555.SH,退市泽达,20240411,
688555.SH,退市泽达,20240410,
688555.SH,退市泽达,20240409,
688555.SH,退市泽达,20240408,
688555.SH,退市泽达,20240407,
688555.SH,退市泽达,20240406,
688555.SH,退市泽达,20240405,
688555.SH,退市泽达,20240404,
688555.SH,退市泽达,20240403,
688555.SH,退市泽达,20240402,
688555.SH,退市泽达,20240401,
688555.SH,退市泽达,20240331,
688555.SH,退市泽达,20240330,
688555.SH,退市泽达,20240329,
688555.SH,退市泽达,20240328,
688555.SH,退市泽达,20240327,
688555.SH,退市泽达,20240326,
688555.SH,退市泽达,20240325,
688555.SH,退市泽达,20240324,
688555.SH,退市泽达,20240323,
688555.SH,退市泽达,20240322,
688555.SH,退市泽达,20240321,
688555.SH,退市泽达,20240320,
688555.SH,退市泽达,20240319,
688555.SH,退市泽达,20240318,
688555.SH,退市泽达,20240317,
688555.SH,退市泽达,20240316,
688555.SH,退市泽达,20240315,
688555.SH,退市泽达,20240314,
688555.SH,退市泽达,20240313,
688555.SH,退市泽达,20240312,
688555.SH,退市泽达,20240311,
688555.SH,退市泽达,20240310,
688555.SH,退市泽达,20240309,
688555.SH,退市泽达,20240308,
688555.SH,退市泽达,20240307,
688555.SH,退市泽达,20240306,
688555.SH,退市泽达,20240305,
688555.SH,退市泽达,20240304,
688555.SH,退市泽达,20240303,
688555.SH,退市泽达,20240302,
688555.SH,退市泽达,20240301,
688555.SH,退市泽达,20240229,
688555.SH,退市泽达,20240228,
688555.SH,退市泽达,20240227,
688555.SH,退市泽达,20240226,
688555.SH,退市泽达,20240225,
688555.SH,退市泽达,20240224,
688555.SH,退市泽达,20240223,
688555.SH,退市泽达,20240222,
688555.SH,退市泽达,20240221,
688555.SH,退市泽达,20240220,
688555.SH,退市泽达,20240219,
688555.SH,退市泽达,20240218,
688555.SH,退市泽达,20240217,
688555.SH,退市泽达,20240216,
688555.SH,退市泽达,20240215,
688555.SH,退市泽达,20240214,
688555.SH,退市泽达,20240213,
688555.SH,退市泽达,20240212,
688555.SH,退市泽达,20240211,
688555.SH,退市泽达,20240210,
688555.SH,退市泽达,20240209,
688555.SH,退市泽达,20240208,
688555.SH,退市泽达,20240207,
688555.SH,退市泽达,20240206,
688555.SH,退市泽达,20240205,
688555.SH,退市泽达,20240204,
688555.SH,退市泽达,20240203,
688555.SH,退市泽达,20240202,
688555.SH,退市泽达,20240201,
688555.SH,退市泽达,20240131,
688555.SH,退市泽达,20240130,
688555.SH,退市泽达,20240129,
688555.SH,退市泽达,20240128,
688555.SH,退市泽达,20240127,
688555.SH,退市泽达,20240126,
688555.SH,退市泽达,20240125,
688555.SH,退市泽达,20240124,
688555.SH,退市泽达,20240123,
688555.SH,退市泽达,20240122,
688555.SH,退市泽达,20240121,
688555.SH,退市泽达,20240120,
688555.SH,退市泽达,20240119,
688555.SH,退市泽达,20240118,
688555.SH,退市泽达,20240117,
688555.SH,退市泽达,20240116,
688555.SH,退市泽达,20240115,
688555.SH,退市泽达,20240114,
688555.SH,退市泽达,20240113,
688555.SH,退市泽达,20240112,
688555.SH,退市泽达,20240111,
688555.SH,退市泽达,20240110,
688555.SH,退市泽达,20240109,
688555.SH,退市泽达,20240108,
688555.SH,退市泽达,20240107,
688555.SH,退市泽达,20240106,
688555.SH,退市泽达,20240105,
688555.SH,退市泽达,20240104,
688555.SH,退市泽达,20240103,
688555.SH,退市泽达,20240102,
688555.SH,退市泽达,20240101,
688555.SH,退市泽达,20231231,
688555.SH,退市泽达,20231230,
688555.SH,退市泽达,20231229,
688555.SH,退市泽达,20231228,
688555.SH,退市泽达,20231227,
688555.SH,退市泽达,20231226,
688555.SH,退市泽达,20231225,
688555.SH,退市泽达,20231224,
688555.SH,退市泽达,20231223,
688555.SH,退市泽达,20231222,
688555.SH,退市泽达,20231221,
688555.SH,退市泽达,20231220,
688555.SH,退市泽达,20231219,
688555.SH,退市泽达,20231218,
688555.SH,退市泽达,20231217,
688555.SH,退市泽达,20231216,
688555.SH,退市泽达,20231215,
688555.SH,退市泽达,20231214,
688555.SH,退市泽达,20231213,
688555.SH,退市泽达,20231212,
688555.SH,退市泽达,20231211,
688555.SH,退市泽达,20231210,
688555.SH,退市泽达,20231209,
688555.SH,退市泽达,20231208,
688555.SH,退市泽达,20231207,
688555.SH,退市泽达,20231206,
688555.SH,退市泽达,20231205,
688555.SH,退市泽达,20231204,
688555.SH,退市泽达,20231203,
688555.SH,退市泽达,20231202,
688555.SH,退市泽达,20231201,
688555.SH,退市泽达,20231130,
688555.SH,退市泽达,20231129,
688555.SH,退市泽达,20231128,
688555.SH,退市泽达,20231127,
688555.SH,退市泽达,20231126,
688555.SH,退市泽达,20231125,
688555.SH,退市泽达,20231124,
688555.SH,退市泽达,20231123,
688555.SH,退市泽达,20231122,
688555.SH,退市泽达,20231121,
688555.SH,退市泽达,20231120,
688555.SH,退市泽达,20231119,
688555.SH,退市泽达,20231118,
688555.SH,退市泽达,20231117,
688555.SH,退市泽达,20231116,
688555.SH,退市泽达,20231115,
688555.SH,退市泽达,20231114,
688555.SH,退市泽达,20231113,
688555.SH,退市泽达,20231112,
688555.SH,退市泽达,20231111,
688555.SH,退市泽达,20231110,
688555.SH,退市泽达,20231109,
688555.SH,退市泽达,20231108,
688555.SH,退市泽达,20231107,
688555.SH,退市泽达,20231106,
688555.SH,退市泽达,20231105,
688555.SH,退市泽达,20231104,
688555.SH,退市泽达,20231103,
688555.SH,退市泽达,20231102,
688555.SH,退市泽达,20231101,
688555.SH,退市泽达,20231031,
688555.SH,退市泽达,20231030,
688555.SH,退市泽达,20231029,
688555.SH,退市泽达,20231028,
688555.SH,退市泽达,20231027,
688555.SH,退市泽达,20231026,
688555.SH,退市泽达,20231025,
688555.SH,退市泽达,20231024,
688555.SH,退市泽达,20231023,
688555.SH,退市泽达,20231022,
688555.SH,退市泽达,20231021,
688555.SH,退市泽达,20231020,
688555.SH,退市泽达,20231019,
688555.SH,退市泽达,20231018,
688555.SH,退市泽达,20231017,
688555.SH,退市泽达,20231016,
688555.SH,退市泽达,20231015,
688555.SH,退市泽达,20231014,
688555.SH,退市泽达,20231013,
688555.SH,退市泽达,20231012,
688555.SH,退市泽达,20231011,
688555.SH,退市泽达,20231010,
688555.SH,退市泽达,20231009,
688555.SH,退市泽达,20231008,
688555.SH,退市泽达,20231007,
688555.SH,退市泽达,20231006,
688555.SH,退市泽达,20231005,
688555.SH,退市泽达,20231004,
688555.SH,退市泽达,20231003,
688555.SH,退市泽达,20231002,
688555.SH,退市泽达,20231001,
688555.SH,退市泽达,20230930,
688555.SH,退市泽达,20230929,
688555.SH,退市泽达,20230928,
688555.SH,退市泽达,20230927,
688555.SH,退市泽达,20230926,
688555.SH,退市泽达,20230925,
688555.SH,退市泽达,20230924,
688555.SH,退市泽达,20230923,
688555.SH,退市泽达,20230922,
688555.SH,退市泽达,20230921,
688555.SH,退市泽达,20230920,
688555.SH,退市泽达,20230919,
688555.SH,退市泽达,20230918,
688555.SH,退市泽达,20230917,
688555.SH,退市泽达,20230916,
688555.SH,退市泽达,20230915,
688555.SH,退市泽达,20230914,
688555.SH,退市泽达,20230913,
688555.SH,退市泽达,20230912,
688555.SH,退市泽达,20230911,
688555.SH,退市泽达,20230910,
688555.SH,退市泽达,20230909,
688555.SH,退市泽达,20230908,
688555.SH,退市泽达,20230907,
688555.SH,退市泽达,20230906,
688555.SH,退市泽达,20230905,
688555.SH,退市泽达,20230904,
688555.SH,退市泽达,20230903,
688555.SH,退市泽达,20230902,
688555.SH,退市泽达,20230901,
688555.SH,退市泽达,20230831,
688555.SH,退市泽达,20230830,
688555.SH,退市泽达,20230829,
688555.SH,退市泽达,20230828,
688555.SH,退市泽达,20230827,
688555.SH,退市泽达,20230826,
688555.SH,退市泽达,20230825,
688555.SH,退市泽达,20230824,
688555.SH,退市泽达,20230823,
688555.SH,退市泽达,20230822,
688555.SH,退市泽达,20230821,
688555.SH,退市泽达,20230820,
688555.SH,退市泽达,20230819,
688555.SH,退市泽达,20230818,
688555.SH,退市泽达,20230817,
688555.SH,退市泽达,20230816,
688555.SH,退市泽达,20230815,
688555.SH,退市泽达,20230814,
688555.SH,退市泽达,20230813,
688555.SH,退市泽达,20230812,
688555.SH,退市泽达,20230811,
688555.SH,退市泽达,20230810,
688555.SH,退市泽达,20230809,
688555.SH,退市泽达,20230808,
688555.SH,退市泽达,20230807,
688555.SH,退市泽达,20230806,
688555.SH,退市泽达,20230805,
688555.SH,退市泽达,20230804,
688555.SH,退市泽达,20230803,
688555.SH,退市泽达,20230802,
688555.SH,退市泽达,20230801,
688555.SH,退市泽达,20230731,0.0
688555.SH,退市泽达,20230730,0.0
688555.SH,退市泽达,20230729,0.0
688555.SH,退市泽达,20230728,0.0
688555.SH,退市泽达,20230727,0.0
688555.SH,退市泽达,20230726,0.0
688555.SH,退市泽达,20230725,0.0
688555.SH,退市泽达,20230724,0.0
688555.SH,退市泽达,20230723,0.0
688555.SH,退市泽达,20230722,0.0
688555.SH,退市泽达,20230721,0.0
688555.SH,退市泽达,20230720,0.0
688555.SH,退市泽达,20230719,0.0
688555.SH,退市泽达,20230718,0.0
688555.SH,退市泽达,20230717,0.0
688555.SH,退市泽达,20230716,0.0
688555.SH,退市泽达,20230715,0.0
688555.SH,退市泽达,20230714,0.0
688555.SH,退市泽达,20230713,0.0
688555.SH,退市泽达,20230712,0.0
688555.SH,退市泽达,20230711,0.0
688555.SH,退市泽达,20230710,0.0
688555.SH,退市泽达,20230709,0.0
688555.SH,退市泽达,20230708,0.0
688555.SH,退市泽达,20230707,0.0
688555.SH,退市泽达,20230706,0.0
688555.SH,退市泽达,20230705,0.0
688555.SH,退市泽达,20230704,0.0
688555.SH,退市泽达,20230703,0.0
688555.SH,退市泽达,20230702,0.0
688555.SH,退市泽达,20230701,0.0
688555.SH,退市泽达,20230630,-72.946859903382
688555.SH,退市泽达,20230629,-72.946859903382
688555.SH,退市泽达,20230628,-72.946859903382
688555.SH,退市泽达,20230627,-72.946859903382
688555.SH,退市泽达,20230626,-72.946859903382
688555.SH,退市泽达,20230625,-72.946859903382
688555.SH,退市泽达,20230624,-72.946859903382
688555.SH,退市泽达,20230623,-72.946859903382
688555.SH,退市泽达,20230622,-72.946859903382
688555.SH,退市泽达,20230621,-72.946859903382
688555.SH,退市泽达,20230620,-72.946859903382
688555.SH,退市泽达,20230619,-72.946859903382
688555.SH,退市泽达,20230618,-72.946859903382
688555.SH,退市泽达,20230617,-72.946859903382
688555.SH,退市泽达,20230616,-72.946859903382
688555.SH,退市泽达,20230615,-72.946859903382
688555.SH,退市泽达,20230614,-72.946859903382
688555.SH,退市泽达,20230613,-72.946859903382
688555.SH,退市泽达,20230612,-72.946859903382
688555.SH,退市泽达,20230611,-72.946859903382
688555.SH,退市泽达,20230610,-72.946859903382
688555.SH,退市泽达,20230609,-72.946859903382
688555.SH,退市泽达,20230608,-72.946859903382
688555.SH,退市泽达,20230607,-72.946859903382
688555.SH,退市泽达,20230606,-72.946859903382
688555.SH,退市泽达,20230605,-72.946859903382
688555.SH,退市泽达,20230604,-72.946859903382
688555.SH,退市泽达,20230603,-72.946859903382
688555.SH,退市泽达,20230602,-72.946859903382
688555.SH,退市泽达,20230601,-72.946859903382
688555.SH,退市泽达,20230531,0.0
688555.SH,退市泽达,20230530,0.0
688555.SH,退市泽达,20230529,0.0
688555.SH,退市泽达,20230528,0.0
688555.SH,退市泽达,20230527,0.0
688555.SH,退市泽达,20230526,0.0
688555.SH,退市泽达,20230525,0.0
688555.SH,退市泽达,20230524,0.0
688555.SH,退市泽达,20230523,0.0
688555.SH,退市泽达,20230522,0.0
688555.SH,退市泽达,20230521,0.0
688555.SH,退市泽达,20230520,0.0
688555.SH,退市泽达,20230519,0.0
688555.SH,退市泽达,20230518,0.0
688555.SH,退市泽达,20230517,0.0
688555.SH,退市泽达,20230516,0.0
688555.SH,退市泽达,20230515,0.0
688555.SH,退市泽达,20230514,0.0
688555.SH,退市泽达,20230513,0.0
688555.SH,退市泽达,20230512,0.0
688555.SH,退市泽达,20230511,0.0
688555.SH,退市泽达,20230510,0.0
688555.SH,退市泽达,20230509,0.0
688555.SH,退市泽达,20230508,0.0
688555.SH,退市泽达,20230507,0.0
688555.SH,退市泽达,20230506,0.0
688555.SH,退市泽达,20230505,0.0
688555.SH,退市泽达,20230504,0.0
688555.SH,退市泽达,20230503,0.0
688555.SH,退市泽达,20230502,0.0
688555.SH,退市泽达,20230501,0.0
688555.SH,退市泽达,20230430,-16.024340770791
688555.SH,退市泽达,20230429,-16.024340770791
688555.SH,退市泽达,20230428,-16.024340770791
688555.SH,退市泽达,20230427,-16.024340770791
688555.SH,退市泽达,20230426,-16.024340770791
688555.SH,退市泽达,20230425,-16.024340770791
688555.SH,退市泽达,20230424,-16.024340770791
688555.SH,退市泽达,20230423,-16.024340770791
688555.SH,退市泽达,20230422,-16.024340770791
688555.SH,退市泽达,20230421,-16.024340770791
688555.SH,退市泽达,20230420,-16.024340770791
688555.SH,退市泽达,20230419,-16.024340770791
688555.SH,退市泽达,20230418,-16.024340770791
688555.SH,退市泽达,20230417,-16.024340770791
688555.SH,退市泽达,20230416,-16.024340770791
688555.SH,退市泽达,20230415,-16.024340770791
688555.SH,退市泽达,20230414,-16.024340770791
688555.SH,退市泽达,20230413,-16.024340770791
688555.SH,退市泽达,20230412,-16.024340770791
688555.SH,退市泽达,20230411,-16.024340770791
688555.SH,退市泽达,20230410,-16.024340770791
688555.SH,退市泽达,20230409,-16.024340770791
688555.SH,退市泽达,20230408,-16.024340770791
688555.SH,退市泽达,20230407,-16.024340770791
688555.SH,退市泽达,20230406,-16.024340770791
688555.SH,退市泽达,20230405,-16.024340770791
688555.SH,退市泽达,20230404,-16.024340770791
688555.SH,退市泽达,20230403,-16.024340770791
688555.SH,退市泽达,20230402,-16.024340770791
688555.SH,退市泽达,20230401,-16.024340770791
688555.SH,退市泽达,20230331,15.727699530516
688555.SH,退市泽达,20230330,15.727699530516
688555.SH,退市泽达,20230329,15.727699530516
688555.SH,退市泽达,20230328,15.727699530516
688555.SH,退市泽达,20230327,15.727699530516
688555.SH,退市泽达,20230326,15.727699530516
688555.SH,退市泽达,20230325,15.727699530516
688555.SH,退市泽达,20230324,15.727699530516
688555.SH,退市泽达,20230323,15.727699530516
688555.SH,退市泽达,20230322,15.727699530516
688555.SH,退市泽达,20230321,15.727699530516
688555.SH,退市泽达,20230320,15.727699530516
688555.SH,退市泽达,20230319,15.727699530516
688555.SH,退市泽达,20230318,15.727699530516
688555.SH,退市泽达,20230317,15.727699530516
688555.SH,退市泽达,20230316,15.727699530516
688555.SH,退市泽达,20230315,15.727699530516
688555.SH,退市泽达,20230314,15.727699530516
688555.SH,退市泽达,20230313,15.727699530516
688555.SH,退市泽达,20230312,15.727699530516
688555.SH,退市泽达,20230311,15.727699530516
688555.SH,退市泽达,20230310,15.727699530516
688555.SH,退市泽达,20230309,15.727699530516
688555.SH,退市泽达,20230308,15.727699530516
688555.SH,退市泽达,20230307,15.727699530516
688555.SH,退市泽达,20230306,15.727699530516
688555.SH,退市泽达,20230305,15.727699530516
688555.SH,退市泽达,20230304,15.727699530516
688555.SH,退市泽达,20230303,15.727699530516
688555.SH,退市泽达,20230302,15.727699530516
688555.SH,退市泽达,20230301,15.727699530516
688555.SH,退市泽达,20230228,3.3980582524272
688555.SH,退市泽达,20230227,3.3980582524272
688555.SH,退市泽达,20230226,3.3980582524272
688555.SH,退市泽达,20230225,3.3980582524272
688555.SH,退市泽达,20230224,3.3980582524272
688555.SH,退市泽达,20230223,3.3980582524272
688555.SH,退市泽达,20230222,3.3980582524272
688555.SH,退市泽达,20230221,3.3980582524272
688555.SH,退市泽达,20230220,3.3980582524272
688555.SH,退市泽达,20230219,3.3980582524272
688555.SH,退市泽达,20230218,3.3980582524272
688555.SH,退市泽达,20230217,3.3980582524272
688555.SH,退市泽达,20230216,3.3980582524272
688555.SH,退市泽达,20230215,3.3980582524272
688555.SH,退市泽达,20230214,3.3980582524272
688555.SH,退市泽达,20230213,3.3980582524272
688555.SH,退市泽达,20230212,3.3980582524272
688555.SH,退市泽达,20230211,3.3980582524272
688555.SH,退市泽达,20230210,3.3980582524272
688555.SH,退市泽达,20230209,3.3980582524272
688555.SH,退市泽达,20230208,3.3980582524272
688555.SH,退市泽达,20230207,3.3980582524272
688555.SH,退市泽达,20230206,3.3980582524272
688555.SH,退市泽达,20230205,3.3980582524272
688555.SH,退市泽达,20230204,3.3980582524272
688555.SH,退市泽达,20230203,3.3980582524272
688555.SH,退市泽达,20230202,3.3980582524272
688555.SH,退市泽达,20230201,3.3980582524272
688555.SH,退市泽达,20230131,7.012987012987
688555.SH,退市泽达,20230130,7.012987012987
688555.SH,退市泽达,20230129,7.012987012987
688555.SH,退市泽达,20230128,7.012987012987
688555.SH,退市泽达,20230127,7.012987012987
688555.SH,退市泽达,20230126,7.012987012987
688555.SH,退市泽达,20230125,7.012987012987
688555.SH,退市泽达,20230124,7.012987012987
688555.SH,退市泽达,20230123,7.012987012987
688555.SH,退市泽达,20230122,7.012987012987
688555.SH,退市泽达,20230121,7.012987012987
688555.SH,退市泽达,20230120,7.012987012987
688555.SH,退市泽达,20230119,7.012987012987
688555.SH,退市泽达,20230118,7.012987012987
688555.SH,退市泽达,20230117,7.012987012987
688555.SH,退市泽达,20230116,7.012987012987
688555.SH,退市泽达,20230115,7.012987012987
688555.SH,退市泽达,20230114,7.012987012987
688555.SH,退市泽达,20230113,7.012987012987
688555.SH,退市泽达,20230112,7.012987012987
688555.SH,退市泽达,20230111,7.012987012987
688555.SH,退市泽达,20230110,7.012987012987
688555.SH,退市泽达,20230109,7.012987012987
688555.SH,退市泽达,20230108,7.012987012987
688555.SH,退市泽达,20230107,7.012987012987
688555.SH,退市泽达,20230106,7.012987012987
688555.SH,退市泽达,20230105,7.012987012987
688555.SH,退市泽达,20230104,7.012987012987
688555.SH,退市泽达,20230103,7.012987012987
688555.SH,退市泽达,20230102,7.012987012987
688555.SH,退市泽达,20230101,7.012987012987
688555.SH,退市泽达,20221231,-36.781609195402
688555.SH,退市泽达,20221230,-36.781609195402
688555.SH,退市泽达,20221229,-36.781609195402
688555.SH,退市泽达,20221228,-36.781609195402
688555.SH,退市泽达,20221227,-36.781609195402
688555.SH,退市泽达,20221226,-36.781609195402
688555.SH,退市泽达,20221225,-36.781609195402
688555.SH,退市泽达,20221224,-36.781609195402
688555.SH,退市泽达,20221223,-36.781609195402
688555.SH,退市泽达,20221222,-36.781609195402
688555.SH,退市泽达,20221221,-36.781609195402
688555.SH,退市泽达,20221220,-36.781609195402
688555.SH,退市泽达,20221219,-36.781609195402
688555.SH,退市泽达,20221218,-36.781609195402
688555.SH,退市泽达,20221217,-36.781609195402
688555.SH,退市泽达,20221216,-36.781609195402
688555.SH,退市泽达,20221215,-36.781609195402
688555.SH,退市泽达,20221214,-36.781609195402
688555.SH,退市泽达,20221213,-36.781609195402
688555.SH,退市泽达,20221212,-36.781609195402
688555.SH,退市泽达,20221211,-36.781609195402
688555.SH,退市泽达,20221210,-36.781609195402
688555.SH,退市泽达,20221209,-36.781609195402
688555.SH,退市泽达,20221208,-36.781609195402
688555.SH,退市泽达,20221207,-36.781609195402
688555.SH,退市泽达,20221206,-36.781609195402
688555.SH,退市泽达,20221205,-36.781609195402
688555.SH,退市泽达,20221204,-36.781609195402
688555.SH,退市泽达,20221203,-36.781609195402
688555.SH,退市泽达,20221202,-36.781609195402
688555.SH,退市泽达,20221201,-36.781609195402
688555.SH,退市泽达,20221130,-49.165275459099
688555.SH,退市泽达,20221129,-49.165275459099
688555.SH,退市泽达,20221128,-49.165275459099
688555.SH,退市泽达,20221127,-49.165275459099
688555.SH,退市泽达,20221126,-49.165275459099
688555.SH,退市泽达,20221125,-49.165275459099
688555.SH,退市泽达,20221124,-49.165275459099
688555.SH,退市泽达,20221123,-49.165275459099
688555.SH,退市泽达,20221122,-49.165275459099
688555.SH,退市泽达,20221121,-49.165275459099
688555.SH,退市泽达,20221120,-49.165275459099
688555.SH,退市泽达,20221119,-49.165275459099
688555.SH,退市泽达,20221118,-49.165275459099
688555.SH,退市泽达,20221117,-49.165275459099
688555.SH,退市泽达,20221116,-49.165275459099
688555.SH,退市泽达,20221115,-49.165275459099
688555.SH,退市泽达,20221114,-49.165275459099
688555.SH,退市泽达,20221113,-49.165275459099
688555.SH,退市泽达,20221112,-49.165275459099
688555.SH,退市泽达,20221111,-49.165275459099
688555.SH,退市泽达,20221110,-49.165275459099
688555.SH,退市泽达,20221109,-49.165275459099
688555.SH,退市泽达,20221108,-49.165275459099
688555.SH,退市泽达,20221107,-49.165275459099
688555.SH,退市泽达,20221106,-49.165275459099
688555.SH,退市泽达,20221105,-49.165275459099
688555.SH,退市泽达,20221104,-49.165275459099
688555.SH,退市泽达,20221103,-49.165275459099
688555.SH,退市泽达,20221102,-49.165275459099
688555.SH,退市泽达,20221101,-49.165275459099
688555.SH,退市泽达,20221031,4.1739130434783
688555.SH,退市泽达,20221030,4.1739130434783
688555.SH,退市泽达,20221029,4.1739130434783
688555.SH,退市泽达,20221028,4.1739130434783
688555.SH,退市泽达,20221027,4.1739130434783
688555.SH,退市泽达,20221026,4.1739130434783
688555.SH,退市泽达,20221025,4.1739130434783
688555.SH,退市泽达,20221024,4.1739130434783
688555.SH,退市泽达,20221023,4.1739130434783
688555.SH,退市泽达,20221022,4.1739130434783
688555.SH,退市泽达,20221021,4.1739130434783
688555.SH,退市泽达,20221020,4.1739130434783
688555.SH,退市泽达,20221019,4.1739130434783
688555.SH,退市泽达,20221018,4.1739130434783
688555.SH,退市泽达,20221017,4.1739130434783
688555.SH,退市泽达,20221016,4.1739130434783
688555.SH,退市泽达,20221015,4.1739130434783
688555.SH,退市泽达,20221014,4.1739130434783
688555.SH,退市泽达,20221013,4.1739130434783
688555.SH,退市泽达,20221012,4.1739130434783
688555.SH,退市泽达,20221011,4.1739130434783
688555.SH,退市泽达,20221010,4.1739130434783
688555.SH,退市泽达,20221009,4.1739130434783
688555.SH,退市泽达,20221008,4.1739130434783
688555.SH,退市泽达,20221007,4.1739130434783
688555.SH,退市泽达,20221006,4.1739130434783
688555.SH,退市泽达,20221005,4.1739130434783
688555.SH,退市泽达,20221004,4.1739130434783
688555.SH,退市泽达,20221003,4.1739130434783
688555.SH,退市泽达,20221002,4.1739130434783
688555.SH,退市泽达,20221001,4.1739130434783
688555.SH,退市泽达,20220930,-15.62729273661
688555.SH,退市泽达,20220929,-15.62729273661
688555.SH,退市泽达,20220928,-15.62729273661
688555.SH,退市泽达,20220927,-15.62729273661
688555.SH,退市泽达,20220926,-15.62729273661
688555.SH,退市泽达,20220925,-15.62729273661
688555.SH,退市泽达,20220924,-15.62729273661
688555.SH,退市泽达,20220923,-15.62729273661
688555.SH,退市泽达,20220922,-15.62729273661
688555.SH,退市泽达,20220921,-15.62729273661
688555.SH,退市泽达,20220920,-15.62729273661
688555.SH,退市泽达,20220919,-15.62729273661
688555.SH,退市泽达,20220918,-15.62729273661
688555.SH,退市泽达,20220917,-15.62729273661
688555.SH,退市泽达,20220916,-15.62729273661
688555.SH,退市泽达,20220915,-15.62729273661
688555.SH,退市泽达,20220914,-15.62729273661
688555.SH,退市泽达,20220913,-15.62729273661
688555.SH,退市泽达,20220912,-15.62729273661
688555.SH,退市泽达,20220911,-15.62729273661
688555.SH,退市泽达,20220910,-15.62729273661
688555.SH,退市泽达,20220909,-15.62729273661
688555.SH,退市泽达,20220908,-15.62729273661
688555.SH,退市泽达,20220907,-15.62729273661
688555.SH,退市泽达,20220906,-15.62729273661
688555.SH,退市泽达,20220905,-15.62729273661
688555.SH,退市泽达,20220904,-15.62729273661
688555.SH,退市泽达,20220903,-15.62729273661
688555.SH,退市泽达,20220902,-15.62729273661
688555.SH,退市泽达,20220901,-15.62729273661
688555.SH,退市泽达,20220831,0.29433406916851
688555.SH,退市泽达,20220830,0.29433406916851
688555.SH,退市泽达,20220829,0.29433406916851
688555.SH,退市泽达,20220828,0.29433406916851
688555.SH,退市泽达,20220827,0.29433406916851
688555.SH,退市泽达,20220826,0.29433406916851
688555.SH,退市泽达,20220825,0.29433406916851
688555.SH,退市泽达,20220824,0.29433406916851
688555.SH,退市泽达,20220823,0.29433406916851
688555.SH,退市泽达,20220822,0.29433406916851
688555.SH,退市泽达,20220821,0.29433406916851
688555.SH,退市泽达,20220820,0.29433406916851
688555.SH,退市泽达,20220819,0.29433406916851
688555.SH,退市泽达,20220818,0.29433406916851
688555.SH,退市泽达,20220817,0.29433406916851
688555.SH,退市泽达,20220816,0.29433406916851
688555.SH,退市泽达,20220815,0.29433406916851
688555.SH,退市泽达,20220814,0.29433406916851
688555.SH,退市泽达,20220813,0.29433406916851
688555.SH,退市泽达,20220812,0.29433406916851
688555.SH,退市泽达,20220811,0.29433406916851
688555.SH,退市泽达,20220810,0.29433406916851
688555.SH,退市泽达,20220809,0.29433406916851
688555.SH,退市泽达,20220808,0.29433406916851
688555.SH,退市泽达,20220807,0.29433406916851
688555.SH,退市泽达,20220806,0.29433406916851
688555.SH,退市泽达,20220805,0.29433406916851
688555.SH,退市泽达,20220804,0.29433406916851
688555.SH,退市泽达,20220803,0.29433406916851
688555.SH,退市泽达,20220802,0.29433406916851
688555.SH,退市泽达,20220801,0.29433406916851
688555.SH,退市泽达,20220731,-0.80291970802919
688555.SH,退市泽达,20220730,-0.80291970802919
688555.SH,退市泽达,20220729,-0.80291970802919
688555.SH,退市泽达,20220728,-0.80291970802919
688555.SH,退市泽达,20220727,-0.80291970802919
688555.SH,退市泽达,20220726,-0.80291970802919
688555.SH,退市泽达,20220725,-0.80291970802919
688555.SH,退市泽达,20220724,-0.80291970802919
688555.SH,退市泽达,20220723,-0.80291970802919
688555.SH,退市泽达,20220722,-0.80291970802919
688555.SH,退市泽达,20220721,-0.80291970802919
688555.SH,退市泽达,20220720,-0.80291970802919
688555.SH,退市泽达,20220719,-0.80291970802919
688555.SH,退市泽达,20220718,-0.80291970802919
688555.SH,退市泽达,20220717,-0.80291970802919
688555.SH,退市泽达,20220716,-0.80291970802919
688555.SH,退市泽达,20220715,-0.80291970802919
688555.SH,退市泽达,20220714,-0.80291970802919
688555.SH,退市泽达,20220713,-0.80291970802919
688555.SH,退市泽达,20220712,-0.80291970802919
688555.SH,退市泽达,20220711,-0.80291970802919
688555.SH,退市泽达,20220710,-0.80291970802919
688555.SH,退市泽达,20220709,-0.80291970802919
688555.SH,退市泽达,20220708,-0.80291970802919
688555.SH,退市泽达,20220707,-0.80291970802919
688555.SH,退市泽达,20220706,-0.80291970802919
688555.SH,退市泽达,20220705,-0.80291970802919
688555.SH,退市泽达,20220704,-0.80291970802919
688555.SH,退市泽达,20220703,-0.80291970802919
688555.SH,退市泽达,20220702,-0.80291970802919
688555.SH,退市泽达,20220701,-0.80291970802919
688555.SH,退市泽达,20220630,2.6217228464419
688555.SH,退市泽达,20220629,2.6217228464419
688555.SH,退市泽达,20220628,2.6217228464419
688555.SH,退市泽达,20220627,2.6217228464419
688555.SH,退市泽达,20220626,2.6217228464419
688555.SH,退市泽达,20220625,2.6217228464419
688555.SH,退市泽达,20220624,2.6217228464419
688555.SH,退市泽达,20220623,2.6217228464419
688555.SH,退市泽达,20220622,2.6217228464419
688555.SH,退市泽达,20220621,2.6217228464419
688555.SH,退市泽达,20220620,2.6217228464419
688555.SH,退市泽达,20220619,2.6217228464419
688555.SH,退市泽达,20220618,2.6217228464419
688555.SH,退市泽达,20220617,2.6217228464419
688555.SH,退市泽达,20220616,2.6217228464419
688555.SH,退市泽达,20220615,2.6217228464419
688555.SH,退市泽达,20220614,2.6217228464419
688555.SH,退市泽达,20220613,2.6217228464419
688555.SH,退市泽达,20220612,2.6217228464419
688555.SH,退市泽达,20220611,2.6217228464419
688555.SH,退市泽达,20220610,2.6217228464419
688555.SH,退市泽达,20220609,2.6217228464419
688555.SH,退市泽达,20220608,2.6217228464419
688555.SH,退市泽达,20220607,2.6217228464419
688555.SH,退市泽达,20220606,2.6217228464419
688555.SH,退市泽达,20220605,2.6217228464419
688555.SH,退市泽达,20220604,2.6217228464419
688555.SH,退市泽达,20220603,2.6217228464419
688555.SH,退市泽达,20220602,2.6217228464419
688555.SH,退市泽达,20220601,2.6217228464419
688555.SH,退市泽达,20220531,-14.147909967846
688555.SH,退市泽达,20220530,-14.147909967846
688555.SH,退市泽达,20220529,-14.147909967846
688555.SH,退市泽达,20220528,-14.147909967846
688555.SH,退市泽达,20220527,-14.147909967846
688555.SH,退市泽达,20220526,-14.147909967846
688555.SH,退市泽达,20220525,-14.147909967846
688555.SH,退市泽达,20220524,-14.147909967846
688555.SH,退市泽达,20220523,-14.147909967846
688555.SH,退市泽达,20220522,-14.147909967846
688555.SH,退市泽达,20220521,-14.147909967846
688555.SH,退市泽达,20220520,-14.147909967846
688555.SH,退市泽达,20220519,-14.147909967846
688555.SH,退市泽达,20220518,-14.147909967846
688555.SH,退市泽达,20220517,-14.147909967846
688555.SH,退市泽达,20220516,-14.147909967846
688555.SH,退市泽达,20220515,-14.147909967846
688555.SH,退市泽达,20220514,-14.147909967846
688555.SH,退市泽达,20220513,-14.147909967846
688555.SH,退市泽达,20220512,-14.147909967846
688555.SH,退市泽达,20220511,-14.147909967846
688555.SH,退市泽达,20220510,-14.147909967846
688555.SH,退市泽达,20220509,-14.147909967846
688555.SH,退市泽达,20220508,-14.147909967846
688555.SH,退市泽达,20220507,-14.147909967846
688555.SH,退市泽达,20220506,-14.147909967846
688555.SH,退市泽达,20220505,-14.147909967846
688555.SH,退市泽达,20220504,-14.147909967846
688555.SH,退市泽达,20220503,-14.147909967846
688555.SH,退市泽达,20220502,-14.147909967846
688555.SH,退市泽达,20220501,-14.147909967846
688555.SH,退市泽达,20220430,-24.330900243309
688555.SH,退市泽达,20220429,-24.330900243309
688555.SH,退市泽达,20220428,-24.330900243309
688555.SH,退市泽达,20220427,-24.330900243309
688555.SH,退市泽达,20220426,-24.330900243309
688555.SH,退市泽达,20220425,-24.330900243309
688555.SH,退市泽达,20220424,-24.330900243309
688555.SH,退市泽达,20220423,-24.330900243309
688555.SH,退市泽达,20220422,-24.330900243309
688555.SH,退市泽达,20220421,-24.330900243309
688555.SH,退市泽达,20220420,-24.330900243309
688555.SH,退市泽达,20220419,-24.330900243309
688555.SH,退市泽达,20220418,-24.330900243309
688555.SH,退市泽达,20220417,-24.330900243309
688555.SH,退市泽达,20220416,-24.330900243309
688555.SH,退市泽达,20220415,-24.330900243309
688555.SH,退市泽达,20220414,-24.330900243309
688555.SH,退市泽达,20220413,-24.330900243309
688555.SH,退市泽达,20220412,-24.330900243309
688555.SH,退市泽达,20220411,-24.330900243309
688555.SH,退市泽达,20220410,-24.330900243309
688555.SH,退市泽达,20220409,-24.330900243309
688555.SH,退市泽达,20220408,-24.330900243309
688555.SH,退市泽达,20220407,-24.330900243309
688555.SH,退市泽达,20220406,-24.330900243309
688555.SH,退市泽达,20220405,-24.330900243309
688555.SH,退市泽达,20220404,-24.330900243309
688555.SH,退市泽达,20220403,-24.330900243309
688555.SH,退市泽达,20220402,-24.330900243309
688555.SH,退市泽达,20220401,-24.330900243309
688555.SH,退市泽达,20220331,-20.348837209302
688555.SH,退市泽达,20220330,-20.348837209302
688555.SH,退市泽达,20220329,-20.348837209302
688555.SH,退市泽达,20220328,-20.348837209302
688555.SH,退市泽达,20220327,-20.348837209302
688555.SH,退市泽达,20220326,-20.348837209302
688555.SH,退市泽达,20220325,-20.348837209302
688555.SH,退市泽达,20220324,-20.348837209302
688555.SH,退市泽达,20220323,-20.348837209302
688555.SH,退市泽达,20220322,-20.348837209302
688555.SH,退市泽达,20220321,-20.348837209302
688555.SH,退市泽达,20220320,-20.348837209302
688555.SH,退市泽达,20220319,-20.348837209302
688555.SH,退市泽达,20220318,-20.348837209302
688555.SH,退市泽达,20220317,-20.348837209302
688555.SH,退市泽达,20220316,-20.348837209302
688555.SH,退市泽达,20220315,-20.348837209302
688555.SH,退市泽达,20220314,-20.348837209302
688555.SH,退市泽达,20220313,-20.348837209302
688555.SH,退市泽达,20220312,-20.348837209302
688555.SH,退市泽达,20220311,-20.348837209302
688555.SH,退市泽达,20220310,-20.348837209302
688555.SH,退市泽达,20220309,-20.348837209302
688555.SH,退市泽达,20220308,-20.348837209302
688555.SH,退市泽达,20220307,-20.348837209302
688555.SH,退市泽达,20220306,-20.348837209302
688555.SH,退市泽达,20220305,-20.348837209302
688555.SH,退市泽达,20220304,-20.348837209302
688555.SH,退市泽达,20220303,-20.348837209302
688555.SH,退市泽达,20220302,-20.348837209302
688555.SH,退市泽达,20220301,-20.348837209302
688555.SH,退市泽达,20220228,-1.3384321223709
688555.SH,退市泽达,20220227,-1.3384321223709
688555.SH,退市泽达,20220226,-1.3384321223709
688555.SH,退市泽达,20220225,-1.3384321223709
688555.SH,退市泽达,20220224,-1.3384321223709
688555.SH,退市泽达,20220223,-1.3384321223709
688555.SH,退市泽达,20220222,-1.3384321223709
688555.SH,退市泽达,20220221,-1.3384321223709
688555.SH,退市泽达,20220220,-1.3384321223709
688555.SH,退市泽达,20220219,-1.3384321223709
688555.SH,退市泽达,20220218,-1.3384321223709
688555.SH,退市泽达,20220217,-1.3384321223709
688555.SH,退市泽达,20220216,-1.3384321223709
688555.SH,退市泽达,20220215,-1.3384321223709
688555.SH,退市泽达,20220214,-1.3384321223709
688555.SH,退市泽达,20220213,-1.3384321223709
688555.SH,退市泽达,20220212,-1.3384321223709
688555.SH,退市泽达,20220211,-1.3384321223709
688555.SH,退市泽达,20220210,-1.3384321223709
688555.SH,退市泽达,20220209,-1.3384321223709
688555.SH,退市泽达,20220208,-1.3384321223709
688555.SH,退市泽达,20220207,-1.3384321223709
688555.SH,退市泽达,20220206,-1.3384321223709
688555.SH,退市泽达,20220205,-1.3384321223709
688555.SH,退市泽达,20220204,-1.3384321223709
688555.SH,退市泽达,20220203,-1.3384321223709
688555.SH,退市泽达,20220202,-1.3384321223709
688555.SH,退市泽达,20220201,-1.3384321223709
688555.SH,退市泽达,20220131,-27.941581702948
688555.SH,退市泽达,20220130,-27.941581702948
688555.SH,退市泽达,20220129,-27.941581702948
688555.SH,退市泽达,20220128,-27.941581702948
688555.SH,退市泽达,20220127,-27.941581702948
688555.SH,退市泽达,20220126,-27.941581702948
688555.SH,退市泽达,20220125,-27.941581702948
688555.SH,退市泽达,20220124,-27.941581702948
688555.SH,退市泽达,20220123,-27.941581702948
688555.SH,退市泽达,20220122,-27.941581702948
688555.SH,退市泽达,20220121,-27.941581702948
688555.SH,退市泽达,20220120,-27.941581702948
688555.SH,退市泽达,20220119,-27.941581702948
688555.SH,退市泽达,20220118,-27.941581702948
688555.SH,退市泽达,20220117,-27.941581702948
688555.SH,退市泽达,20220116,-27.941581702948
688555.SH,退市泽达,20220115,-27.941581702948
688555.SH,退市泽达,20220114,-27.941581702948
688555.SH,退市泽达,20220113,-27.941581702948
688555.SH,退市泽达,20220112,-27.941581702948
688555.SH,退市泽达,20220111,-27.941581702948
688555.SH,退市泽达,20220110,-27.941581702948
688555.SH,退市泽达,20220109,-27.941581702948
688555.SH,退市泽达,20220108,-27.941581702948
688555.SH,退市泽达,20220107,-27.941581702948
688555.SH,退市泽达,20220106,-27.941581702948
688555.SH,退市泽达,20220105,-27.941581702948
688555.SH,退市泽达,20220104,-27.941581702948
688555.SH,退市泽达,20220103,-27.941581702948
688555.SH,退市泽达,20220102,-27.941581702948
688555.SH,退市泽达,20220101,-27.941581702948
688555.SH,退市泽达,20211231,36.274877957191
688555.SH,退市泽达,20211230,36.274877957191
688555.SH,退市泽达,20211229,36.274877957191
688555.SH,退市泽达,20211228,36.274877957191
688555.SH,退市泽达,20211227,36.274877957191
688555.SH,退市泽达,20211226,36.274877957191
688555.SH,退市泽达,20211225,36.274877957191
688555.SH,退市泽达,20211224,36.274877957191
688555.SH,退市泽达,20211223,36.274877957191
688555.SH,退市泽达,20211222,36.274877957191
688555.SH,退市泽达,20211221,36.274877957191
688555.SH,退市泽达,20211220,36.274877957191
688555.SH,退市泽达,20211219,36.274877957191
688555.SH,退市泽达,20211218,36.274877957191
688555.SH,退市泽达,20211217,36.274877957191
688555.SH,退市泽达,20211216,36.274877957191
688555.SH,退市泽达,20211215,36.274877957191
688555.SH,退市泽达,20211214,36.274877957191
688555.SH,退市泽达,20211213,36.274877957191
688555.SH,退市泽达,20211212,36.274877957191
688555.SH,退市泽达,20211211,36.274877957191
688555.SH,退市泽达,20211210,36.274877957191
688555.SH,退市泽达,20211209,36.274877957191
688555.SH,退市泽达,20211208,36.274877957191
688555.SH,退市泽达,20211207,36.274877957191
688555.SH,退市泽达,20211206,36.274877957191
688555.SH,退市泽达,20211205,36.274877957191
688555.SH,退市泽达,20211204,36.274877957191
688555.SH,退市泽达,20211203,36.274877957191
688555.SH,退市泽达,20211202,36.274877957191
688555.SH,退市泽达,20211201,36.274877957191
688555.SH,退市泽达,20211130,10.45209456657
688555.SH,退市泽达,20211129,10.45209456657
688555.SH,退市泽达,20211128,10.45209456657
688555.SH,退市泽达,20211127,10.45209456657
688555.SH,退市泽达,20211126,10.45209456657
688555.SH,退市泽达,20211125,10.45209456657
688555.SH,退市泽达,20211124,10.45209456657
688555.SH,退市泽达,20211123,10.45209456657
688555.SH,退市泽达,20211122,10.45209456657
688555.SH,退市泽达,20211121,10.45209456657
688555.SH,退市泽达,20211120,10.45209456657
688555.SH,退市泽达,20211119,10.45209456657
688555.SH,退市泽达,20211118,10.45209456657
688555.SH,退市泽达,20211117,10.45209456657
688555.SH,退市泽达,20211116,10.45209456657
688555.SH,退市泽达,20211115,10.45209456657
688555.SH,退市泽达,20211114,10.45209456657
688555.SH,退市泽达,20211113,10.45209456657
688555.SH,退市泽达,20211112,10.45209456657
688555.SH,退市泽达,20211111,10.45209456657
688555.SH,退市泽达,20211110,10.45209456657
688555.SH,退市泽达,20211109,10.45209456657
688555.SH,退市泽达,20211108,10.45209456657
688555.SH,退市泽达,20211107,10.45209456657
688555.SH,退市泽达,20211106,10.45209456657
688555.SH,退市泽达,20211105,10.45209456657
688555.SH,退市泽达,20211104,10.45209456657
688555.SH,退市泽达,20211103,10.45209456657
688555.SH,退市泽达,20211102,10.45209456657
688555.SH,退市泽达,20211101,10.45209456657
688555.SH,退市泽达,20211031,-12.581580855693
688555.SH,退市泽达,20211030,-12.581580855693
688555.SH,退市泽达,20211029,-12.581580855693
688555.SH,退市泽达,20211028,-12.581580855693
688555.SH,退市泽达,20211027,-12.581580855693
688555.SH,退市泽达,20211026,-12.581580855693
688555.SH,退市泽达,20211025,-12.581580855693
688555.SH,退市泽达,20211024,-12.581580855693
688555.SH,退市泽达,20211023,-12.581580855693
688555.SH,退市泽达,20211022,-12.581580855693
688555.SH,退市泽达,20211021,-12.581580855693
688555.SH,退市泽达,20211020,-12.581580855693
688555.SH,退市泽达,20211019,-12.581580855693
688555.SH,退市泽达,20211018,-12.581580855693
688555.SH,退市泽达,20211017,-12.581580855693
688555.SH,退市泽达,20211016,-12.581580855693
688555.SH,退市泽达,20211015,-12.581580855693
688555.SH,退市泽达,20211014,-12.581580855693
688555.SH,退市泽达,20211013,-12.581580855693
688555.SH,退市泽达,20211012,-12.581580855693
688555.SH,退市泽达,20211011,-12.581580855693
688555.SH,退市泽达,20211010,-12.581580855693
688555.SH,退市泽达,20211009,-12.581580855693
688555.SH,退市泽达,20211008,-12.581580855693
688555.SH,退市泽达,20211007,-12.581580855693
688555.SH,退市泽达,20211006,-12.581580855693
688555.SH,退市泽达,20211005,-12.581580855693
688555.SH,退市泽达,20211004,-12.581580855693
688555.SH,退市泽达,20211003,-12.581580855693
688555.SH,退市泽达,20211002,-12.581580855693
688555.SH,退市泽达,20211001,-12.581580855693
688555.SH,退市泽达,20210930,-4.368932038835
688555.SH,退市泽达,20210929,-4.368932038835
688555.SH,退市泽达,20210928,-4.368932038835
688555.SH,退市泽达,20210927,-4.368932038835
688555.SH,退市泽达,20210926,-4.368932038835
688555.SH,退市泽达,20210925,-4.368932038835
688555.SH,退市泽达,20210924,-4.368932038835
688555.SH,退市泽达,20210923,-4.368932038835
688555.SH,退市泽达,20210922,-4.368932038835
688555.SH,退市泽达,20210921,-4.368932038835
688555.SH,退市泽达,20210920,-4.368932038835
688555.SH,退市泽达,20210919,-4.368932038835
688555.SH,退市泽达,20210918,-4.368932038835
688555.SH,退市泽达,20210917,-4.368932038835
688555.SH,退市泽达,20210916,-4.368932038835
688555.SH,退市泽达,20210915,-4.368932038835
688555.SH,退市泽达,20210914,-4.368932038835
688555.SH,退市泽达,20210913,-4.368932038835
688555.SH,退市泽达,20210912,-4.368932038835
688555.SH,退市泽达,20210911,-4.368932038835
688555.SH,退市泽达,20210910,-4.368932038835
688555.SH,退市泽达,20210909,-4.368932038835
688555.SH,退市泽达,20210908,-4.368932038835
688555.SH,退市泽达,20210907,-4.368932038835
688555.SH,退市泽达,20210906,-4.368932038835
688555.SH,退市泽达,20210905,-4.368932038835
688555.SH,退市泽达,20210904,-4.368932038835
688555.SH,退市泽达,20210903,-4.368932038835
688555.SH,退市泽达,20210902,-4.368932038835
688555.SH,退市泽达,20210901,-4.368932038835
688555.SH,退市泽达,20210831,-1.2328767123288
688555.SH,退市泽达,20210830,-1.2328767123288
688555.SH,退市泽达,20210829,-1.2328767123288
688555.SH,退市泽达,20210828,-1.2328767123288
688555.SH,退市泽达,20210827,-1.2328767123288
688555.SH,退市泽达,20210826,-1.2328767123288
688555.SH,退市泽达,20210825,-1.2328767123288
688555.SH,退市泽达,20210824,-1.2328767123288
688555.SH,退市泽达,20210823,-1.2328767123288
688555.SH,退市泽达,20210822,-1.2328767123288
688555.SH,退市泽达,20210821,-1.2328767123288
688555.SH,退市泽达,20210820,-1.2328767123288
688555.SH,退市泽达,20210819,-1.2328767123288
688555.SH,退市泽达,20210818,-1.2328767123288
688555.SH,退市泽达,20210817,-1.2328767123288
688555.SH,退市泽达,20210816,-1.2328767123288
688555.SH,退市泽达,20210815,-1.2328767123288
688555.SH,退市泽达,20210814,-1.2328767123288
688555.SH,退市泽达,20210813,-1.2328767123288
688555.SH,退市泽达,20210812,-1.2328767123288
688555.SH,退市泽达,20210811,-1.2328767123288
688555.SH,退市泽达,20210810,-1.2328767123288
688555.SH,退市泽达,20210809,-1.2328767123288
688555.SH,退市泽达,20210808,-1.2328767123288
688555.SH,退市泽达,20210807,-1.2328767123288
688555.SH,退市泽达,20210806,-1.2328767123288
688555.SH,退市泽达,20210805,-1.2328767123288
688555.SH,退市泽达,20210804,-1.2328767123288
688555.SH,退市泽达,20210803,-1.2328767123288
688555.SH,退市泽达,20210802,-1.2328767123288
688555.SH,退市泽达,20210801,-1.2328767123288
688555.SH,退市泽达,20210731,-14.967967384974
688555.SH,退市泽达,20210730,-14.967967384974
688555.SH,退市泽达,20210729,-14.967967384974
688555.SH,退市泽达,20210728,-14.967967384974
688555.SH,退市泽达,20210727,-14.967967384974
688555.SH,退市泽达,20210726,-14.967967384974
688555.SH,退市泽达,20210725,-14.967967384974
688555.SH,退市泽达,20210724,-14.967967384974
688555.SH,退市泽达,20210723,-14.967967384974
688555.SH,退市泽达,20210722,-14.967967384974
688555.SH,退市泽达,20210721,-14.967967384974
688555.SH,退市泽达,20210720,-14.967967384974
688555.SH,退市泽达,20210719,-14.967967384974
688555.SH,退市泽达,20210718,-14.967967384974
688555.SH,退市泽达,20210717,-14.967967384974
688555.SH,退市泽达,20210716,-14.967967384974
688555.SH,退市泽达,20210715,-14.967967384974
688555.SH,退市泽达,20210714,-14.967967384974
688555.SH,退市泽达,20210713,-14.967967384974
688555.SH,退市泽达,20210712,-14.967967384974
688555.SH,退市泽达,20210711,-14.967967384974
688555.SH,退市泽达,20210710,-14.967967384974
688555.SH,退市泽达,20210709,-14.967967384974
688555.SH,退市泽达,20210708,-14.967967384974
688555.SH,退市泽达,20210707,-14.967967384974
688555.SH,退市泽达,20210706,-14.967967384974
688555.SH,退市泽达,20210705,-14.967967384974
688555.SH,退市泽达,20210704,-14.967967384974
688555.SH,退市泽达,20210703,-14.967967384974
688555.SH,退市泽达,20210702,-14.967967384974
688555.SH,退市泽达,20210701,-14.967967384974
688555.SH,退市泽达,20210630,10.489060489061
688555.SH,退市泽达,20210629,10.489060489061
688555.SH,退市泽达,20210628,10.489060489061
688555.SH,退市泽达,20210627,10.489060489061
688555.SH,退市泽达,20210626,10.489060489061
688555.SH,退市泽达,20210625,10.489060489061
688555.SH,退市泽达,20210624,10.489060489061
688555.SH,退市泽达,20210623,10.489060489061
688555.SH,退市泽达,20210622,10.489060489061
688555.SH,退市泽达,20210621,10.489060489061
688555.SH,退市泽达,20210620,10.489060489061
688555.SH,退市泽达,20210619,10.489060489061
688555.SH,退市泽达,20210618,10.489060489061
688555.SH,退市泽达,20210617,10.489060489061
688555.SH,退市泽达,20210616,10.489060489061
688555.SH,退市泽达,20210615,10.489060489061
688555.SH,退市泽达,20210614,10.489060489061
688555.SH,退市泽达,20210613,10.489060489061
688555.SH,退市泽达,20210612,10.489060489061
688555.SH,退市泽达,20210611,10.489060489061
688555.SH,退市泽达,20210610,10.489060489061
688555.SH,退市泽达,20210609,10.489060489061
688555.SH,退市泽达,20210608,10.489060489061
688555.SH,退市泽达,20210607,10.489060489061
688555.SH,退市泽达,20210606,10.489060489061
688555.SH,退市泽达,20210605,10.489060489061
688555.SH,退市泽达,20210604,10.489060489061
688555.SH,退市泽达,20210603,10.489060489061
688555.SH,退市泽达,20210602,10.489060489061
688555.SH,退市泽达,20210601,10.489060489061
688555.SH,退市泽达,20210531,8.861646234676
688555.SH,退市泽达,20210530,8.861646234676
688555.SH,退市泽达,20210529,8.861646234676
688555.SH,退市泽达,20210528,8.861646234676
688555.SH,退市泽达,20210527,8.861646234676
688555.SH,退市泽达,20210526,8.861646234676
688555.SH,退市泽达,20210525,8.861646234676
688555.SH,退市泽达,20210524,8.861646234676
688555.SH,退市泽达,20210523,8.861646234676
688555.SH,退市泽达,20210522,8.861646234676
688555.SH,退市泽达,20210521,8.861646234676
688555.SH,退市泽达,20210520,8.861646234676
688555.SH,退市泽达,20210519,8.861646234676
688555.SH,退市泽达,20210518,8.861646234676
688555.SH,退市泽达,20210517,8.861646234676
688555.SH,退市泽达,20210516,8.861646234676
688555.SH,退市泽达,20210515,8.861646234676
688555.SH,退市泽达,20210514,8.861646234676
688555.SH,退市泽达,20210513,8.861646234676
688555.SH,退市泽达,20210512,8.861646234676
688555.SH,退市泽达,20210511,8.861646234676
688555.SH,退市泽达,20210510,8.861646234676
688555.SH,退市泽达,20210509,8.861646234676
688555.SH,退市泽达,20210508,8.861646234676
688555.SH,退市泽达,20210507,8.861646234676
688555.SH,退市泽达,20210506,8.861646234676
688555.SH,退市泽达,20210505,8.861646234676
688555.SH,退市泽达,20210504,8.861646234676
688555.SH,退市泽达,20210503,8.861646234676
688555.SH,退市泽达,20210502,8.861646234676
688555.SH,退市泽达,20210501,8.861646234676
688555.SH,退市泽达,20210430,-3.3513879485443
688555.SH,退市泽达,20210429,-3.3513879485443
688555.SH,退市泽达,20210428,-3.3513879485443
688555.SH,退市泽达,20210427,-3.3513879485443
688555.SH,退市泽达,20210426,-3.3513879485443
688555.SH,退市泽达,20210425,-3.3513879485443
688555.SH,退市泽达,20210424,-3.3513879485443
688555.SH,退市泽达,20210423,-3.3513879485443
688555.SH,退市泽达,20210422,-3.3513879485443
688555.SH,退市泽达,20210421,-3.3513879485443
688555.SH,退市泽达,20210420,-3.3513879485443
688555.SH,退市泽达,20210419,-3.3513879485443
688555.SH,退市泽达,20210418,-3.3513879485443
688555.SH,退市泽达,20210417,-3.3513879485443
688555.SH,退市泽达,20210416,-3.3513879485443
688555.SH,退市泽达,20210415,-3.3513879485443
688555.SH,退市泽达,20210414,-3.3513879485443
688555.SH,退市泽达,20210413,-3.3513879485443
688555.SH,退市泽达,20210412,-3.3513879485443
688555.SH,退市泽达,20210411,-3.3513879485443
688555.SH,退市泽达,20210410,-3.3513879485443
688555.SH,退市泽达,20210409,-3.3513879485443
688555.SH,退市泽达,20210408,-3.3513879485443
688555.SH,退市泽达,20210407,-3.3513879485443
688555.SH,退市泽达,20210406,-3.3513879485443
688555.SH,退市泽达,20210405,-3.3513879485443
688555.SH,退市泽达,20210404,-3.3513879485443
688555.SH,退市泽达,20210403,-3.3513879485443
688555.SH,退市泽达,20210402,-3.3513879485443
688555.SH,退市泽达,20210401,-3.3513879485443
688555.SH,退市泽达,20210331,-5.9235668789809
688555.SH,退市泽达,20210330,-5.9235668789809
688555.SH,退市泽达,20210329,-5.9235668789809
688555.SH,退市泽达,20210328,-5.9235668789809
688555.SH,退市泽达,20210327,-5.9235668789809
688555.SH,退市泽达,20210326,-5.9235668789809
688555.SH,退市泽达,20210325,-5.9235668789809
688555.SH,退市泽达,20210324,-5.9235668789809
688555.SH,退市泽达,20210323,-5.9235668789809
688555.SH,退市泽达,20210322,-5.9235668789809
688555.SH,退市泽达,20210321,-5.9235668789809
688555.SH,退市泽达,20210320,-5.9235668789809
688555.SH,退市泽达,20210319,-5.9235668789809
688555.SH,退市泽达,20210318,-5.9235668789809
688555.SH,退市泽达,20210317,-5.9235668789809
688555.SH,退市泽达,20210316,-5.9235668789809
688555.SH,退市泽达,20210315,-5.9235668789809
688555.SH,退市泽达,20210314,-5.9235668789809
688555.SH,退市泽达,20210313,-5.9235668789809
688555.SH,退市泽达,20210312,-5.9235668789809
688555.SH,退市泽达,20210311,-5.9235668789809
688555.SH,退市泽达,20210310,-5.9235668789809
688555.SH,退市泽达,20210309,-5.9235668789809
688555.SH,退市泽达,20210308,-5.9235668789809
688555.SH,退市泽达,20210307,-5.9235668789809
688555.SH,退市泽达,20210306,-5.9235668789809
688555.SH,退市泽达,20210305,-5.9235668789809
688555.SH,退市泽达,20210304,-5.9235668789809
688555.SH,退市泽达,20210303,-5.9235668789809
688555.SH,退市泽达,20210302,-5.9235668789809
688555.SH,退市泽达,20210301,-5.9235668789809
688555.SH,退市泽达,20210228,0.063734862970043
688555.SH,退市泽达,20210227,0.063734862970043
688555.SH,退市泽达,20210226,0.063734862970043
688555.SH,退市泽达,20210225,0.063734862970043
688555.SH,退市泽达,20210224,0.063734862970043
688555.SH,退市泽达,20210223,0.063734862970043
688555.SH,退市泽达,20210222,0.063734862970043
688555.SH,退市泽达,20210221,0.063734862970043
688555.SH,退市泽达,20210220,0.063734862970043
688555.SH,退市泽达,20210219,0.063734862970043
688555.SH,退市泽达,20210218,0.063734862970043
688555.SH,退市泽达,20210217,0.063734862970043
688555.SH,退市泽达,20210216,0.063734862970043
688555.SH,退市泽达,20210215,0.063734862970043
688555.SH,退市泽达,20210214,0.063734862970043
688555.SH,退市泽达,20210213,0.063734862970043
688555.SH,退市泽达,20210212,0.063734862970043
688555.SH,退市泽达,20210211,0.063734862970043
688555.SH,退市泽达,20210210,0.063734862970043
688555.SH,退市泽达,20210209,0.063734862970043
688555.SH,退市泽达,20210208,0.063734862970043
688555.SH,退市泽达,20210207,0.063734862970043
688555.SH,退市泽达,20210206,0.063734862970043
688555.SH,退市泽达,20210205,0.063734862970043
688555.SH,退市泽达,20210204,0.063734862970043
688555.SH,退市泽达,20210203,0.063734862970043
688555.SH,退市泽达,20210202,0.063734862970043
688555.SH,退市泽达,20210201,0.063734862970043
688555.SH,退市泽达,20210131,-12.100840336134
688555.SH,退市泽达,20210130,-12.100840336134
688555.SH,退市泽达,20210129,-12.100840336134
688555.SH,退市泽达,20210128,-12.100840336134
688555.SH,退市泽达,20210127,-12.100840336134
688555.SH,退市泽达,20210126,-12.100840336134
688555.SH,退市泽达,20210125,-12.100840336134
688555.SH,退市泽达,20210124,-12.100840336134
688555.SH,退市泽达,20210123,-12.100840336134
688555.SH,退市泽达,20210122,-12.100840336134
688555.SH,退市泽达,20210121,-12.100840336134
688555.SH,退市泽达,20210120,-12.100840336134
688555.SH,退市泽达,20210119,-12.100840336134
688555.SH,退市泽达,20210118,-12.100840336134
688555.SH,退市泽达,20210117,-12.100840336134
688555.SH,退市泽达,20210116,-12.100840336134
688555.SH,退市泽达,20210115,-12.100840336134
688555.SH,退市泽达,20210114,-12.100840336134
688555.SH,退市泽达,20210113,-12.100840336134
688555.SH,退市泽达,20210112,-12.100840336134
688555.SH,退市泽达,20210111,-12.100840336134
688555.SH,退市泽达,20210110,-12.100840336134
688555.SH,退市泽达,20210109,-12.100840336134
688555.SH,退市泽达,20210108,-12.100840336134
688555.SH,退市泽达,20210107,-12.100840336134
688555.SH,退市泽达,20210106,-12.100840336134
688555.SH,退市泽达,20210105,-12.100840336134
688555.SH,退市泽达,20210104,-12.100840336134
688555.SH,退市泽达,20210103,-12.100840336134
688555.SH,退市泽达,20210102,-12.100840336134
688555.SH,退市泽达,20210101,-12.100840336134
688555.SH,退市泽达,20201231,-21.710526315789
688555.SH,退市泽达,20201230,-21.710526315789
688555.SH,退市泽达,20201229,-21.710526315789
688555.SH,退市泽达,20201228,-21.710526315789
688555.SH,退市泽达,20201227,-21.710526315789
688555.SH,退市泽达,20201226,-21.710526315789
688555.SH,退市泽达,20201225,-21.710526315789
688555.SH,退市泽达,20201224,-21.710526315789
688555.SH,退市泽达,20201223,-21.710526315789
688555.SH,退市泽达,20201222,-21.710526315789
688555.SH,退市泽达,20201221,-21.710526315789
688555.SH,退市泽达,20201220,-21.710526315789
688555.SH,退市泽达,20201219,-21.710526315789
688555.SH,退市泽达,20201218,-21.710526315789
688555.SH,退市泽达,20201217,-21.710526315789
688555.SH,退市泽达,20201216,-21.710526315789
688555.SH,退市泽达,20201215,-21.710526315789
688555.SH,退市泽达,20201214,-21.710526315789
688555.SH,退市泽达,20201213,-21.710526315789
688555.SH,退市泽达,20201212,-21.710526315789
688555.SH,退市泽达,20201211,-21.710526315789
688555.SH,退市泽达,20201210,-21.710526315789
688555.SH,退市泽达,20201209,-21.710526315789
688555.SH,退市泽达,20201208,-21.710526315789
688555.SH,退市泽达,20201207,-21.710526315789
688555.SH,退市泽达,20201206,-21.710526315789
688555.SH,退市泽达,20201205,-21.710526315789
688555.SH,退市泽达,20201204,-21.710526315789
688555.SH,退市泽达,20201203,-21.710526315789
688555.SH,退市泽达,20201202,-21.710526315789
688555.SH,退市泽达,20201201,-21.710526315789
688555.SH,退市泽达,20201130,1.3558568570793
688555.SH,退市泽达,20201129,1.3558568570793
688555.SH,退市泽达,20201128,1.3558568570793
688555.SH,退市泽达,20201127,1.3558568570793
688555.SH,退市泽达,20201126,1.3558568570793
688555.SH,退市泽达,20201125,1.3558568570793
688555.SH,退市泽达,20201124,1.3558568570793
688555.SH,退市泽达,20201123,1.3558568570793
688555.SH,退市泽达,20201122,1.3558568570793
688555.SH,退市泽达,20201121,1.3558568570793
688555.SH,退市泽达,20201120,1.3558568570793
688555.SH,退市泽达,20201119,1.3558568570793
688555.SH,退市泽达,20201118,1.3558568570793
688555.SH,退市泽达,20201117,1.3558568570793
688555.SH,退市泽达,20201116,1.3558568570793
688555.SH,退市泽达,20201115,1.3558568570793
688555.SH,退市泽达,20201114,1.3558568570793
688555.SH,退市泽达,20201113,1.3558568570793
688555.SH,退市泽达,20201112,1.3558568570793
688555.SH,退市泽达,20201111,1.3558568570793
688555.SH,退市泽达,20201110,1.3558568570793
688555.SH,退市泽达,20201109,1.3558568570793
688555.SH,退市泽达,20201108,1.3558568570793
688555.SH,退市泽达,20201107,1.3558568570793
688555.SH,退市泽达,20201106,1.3558568570793
688555.SH,退市泽达,20201105,1.3558568570793
688555.SH,退市泽达,20201104,1.3558568570793
688555.SH,退市泽达,20201103,1.3558568570793
688555.SH,退市泽达,20201102,1.3558568570793
688555.SH,退市泽达,20201101,1.3558568570793
688555.SH,退市泽达,20201031,-10.734126984127
688555.SH,退市泽达,20201030,-10.734126984127
688555.SH,退市泽达,20201029,-10.734126984127
688555.SH,退市泽达,20201028,-10.734126984127
688555.SH,退市泽达,20201027,-10.734126984127
688555.SH,退市泽达,20201026,-10.734126984127
688555.SH,退市泽达,20201025,-10.734126984127
688555.SH,退市泽达,20201024,-10.734126984127
688555.SH,退市泽达,20201023,-10.734126984127
688555.SH,退市泽达,20201022,-10.734126984127
688555.SH,退市泽达,20201021,-10.734126984127
688555.SH,退市泽达,20201020,-10.734126984127
688555.SH,退市泽达,20201019,-10.734126984127
688555.SH,退市泽达,20201018,-10.734126984127
688555.SH,退市泽达,20201017,-10.734126984127
688555.SH,退市泽达,20201016,-10.734126984127
688555.SH,退市泽达,20201015,-10.734126984127
688555.SH,退市泽达,20201014,-10.734126984127
688555.SH,退市泽达,20201013,-10.734126984127
688555.SH,退市泽达,20201012,-10.734126984127
688555.SH,退市泽达,20201011,-10.734126984127
688555.SH,退市泽达,20201010,-10.734126984127
688555.SH,退市泽达,20201009,-10.734126984127
688555.SH,退市泽达,20201008,-10.734126984127
688555.SH,退市泽达,20201007,-10.734126984127
688555.SH,退市泽达,20201006,-10.734126984127
688555.SH,退市泽达,20201005,-10.734126984127
688555.SH,退市泽达,20201004,-10.734126984127
688555.SH,退市泽达,20201003,-10.734126984127
688555.SH,退市泽达,20201002,-10.734126984127
688555.SH,退市泽达,20201001,-10.734126984127
688555.SH,退市泽达,20200930,-13.118427857266
688555.SH,退市泽达,20200929,-13.118427857266
688555.SH,退市泽达,20200928,-13.118427857266
688555.SH,退市泽达,20200927,-13.118427857266
688555.SH,退市泽达,20200926,-13.118427857266
688555.SH,退市泽达,20200925,-13.118427857266
688555.SH,退市泽达,20200924,-13.118427857266
688555.SH,退市泽达,20200923,-13.118427857266
688555.SH,退市泽达,20200922,-13.118427857266
688555.SH,退市泽达,20200921,-13.118427857266
688555.SH,退市泽达,20200920,-13.118427857266
688555.SH,退市泽达,20200919,-13.118427857266
688555.SH,退市泽达,20200918,-13.118427857266
688555.SH,退市泽达,20200917,-13.118427857266
688555.SH,退市泽达,20200916,-13.118427857266
688555.SH,退市泽达,20200915,-13.118427857266
688555.SH,退市泽达,20200914,-13.118427857266
688555.SH,退市泽达,20200913,-13.118427857266
688555.SH,退市泽达,20200912,-13.118427857266
688555.SH,退市泽达,20200911,-13.118427857266
688555.SH,退市泽达,20200910,-13.118427857266
688555.SH,退市泽达,20200909,-13.118427857266
688555.SH,退市泽达,20200908,-13.118427857266
688555.SH,退市泽达,20200907,-13.118427857266
688555.SH,退市泽达,20200906,-13.118427857266
688555.SH,退市泽达,20200905,-13.118427857266
688555.SH,退市泽达,20200904,-13.118427857266
688555.SH,退市泽达,20200903,-13.118427857266
688555.SH,退市泽达,20200902,-13.118427857266
688555.SH,退市泽达,20200901,-13.118427857266
688555.SH,退市泽达,20200831,-8.0374128091313
688555.SH,退市泽达,20200830,-8.0374128091313
688555.SH,退市泽达,20200829,-8.0374128091313
688555.SH,退市泽达,20200828,-8.0374128091313
688555.SH,退市泽达,20200827,-8.0374128091313
688555.SH,退市泽达,20200826,-8.0374128091313
688555.SH,退市泽达,20200825,-8.0374128091313
688555.SH,退市泽达,20200824,-8.0374128091313
688555.SH,退市泽达,20200823,-8.0374128091313
688555.SH,退市泽达,20200822,-8.0374128091313
688555.SH,退市泽达,20200821,-8.0374128091313
688555.SH,退市泽达,20200820,-8.0374128091313
688555.SH,退市泽达,20200819,-8.0374128091313
688555.SH,退市泽达,20200818,-8.0374128091313
688555.SH,退市泽达,20200817,-8.0374128091313
688555.SH,退市泽达,20200816,-8.0374128091313
688555.SH,退市泽达,20200815,-8.0374128091313
688555.SH,退市泽达,20200814,-8.0374128091313
688555.SH,退市泽达,20200813,-8.0374128091313
688555.SH,退市泽达,20200812,-8.0374128091313
688555.SH,退市泽达,20200811,-8.0374128091313
688555.SH,退市泽达,20200810,-8.0374128091313
688555.SH,退市泽达,20200809,-8.0374128091313
688555.SH,退市泽达,20200808,-8.0374128091313
688555.SH,退市泽达,20200807,-8.0374128091313
688555.SH,退市泽达,20200806,-8.0374128091313
688555.SH,退市泽达,20200805,-8.0374128091313
688555.SH,退市泽达,20200804,-8.0374128091313
688555.SH,退市泽达,20200803,-8.0374128091313
688555.SH,退市泽达,20200802,-8.0374128091313
688555.SH,退市泽达,20200801,-8.0374128091313
688555.SH,退市泽达,20200731,-19.128205128205
688555.SH,退市泽达,20200730,-19.128205128205
688555.SH,退市泽达,20200729,-19.128205128205
688555.SH,退市泽达,20200728,-19.128205128205
688555.SH,退市泽达,20200727,-19.128205128205
688555.SH,退市泽达,20200726,-19.128205128205
688555.SH,退市泽达,20200725,-19.128205128205
688555.SH,退市泽达,20200724,-19.128205128205
688555.SH,退市泽达,20200723,-19.128205128205
688555.SH,退市泽达,20200722,-19.128205128205
688555.SH,退市泽达,20200721,-19.128205128205
688555.SH,退市泽达,20200720,-19.128205128205
688555.SH,退市泽达,20200719,-19.128205128205
688555.SH,退市泽达,20200718,-19.128205128205
688555.SH,退市泽达,20200717,-19.128205128205
688555.SH,退市泽达,20200716,-19.128205128205
688555.SH,退市泽达,20200715,-19.128205128205
688555.SH,退市泽达,20200714,-19.128205128205
688555.SH,退市泽达,20200713,-19.128205128205
688555.SH,退市泽达,20200712,-19.128205128205
688555.SH,退市泽达,20200711,-19.128205128205
688555.SH,退市泽达,20200710,-19.128205128205
688555.SH,退市泽达,20200709,-19.128205128205
688555.SH,退市泽达,20200708,-19.128205128205
688555.SH,退市泽达,20200707,-19.128205128205
688555.SH,退市泽达,20200706,-19.128205128205
688555.SH,退市泽达,20200705,-19.128205128205
688555.SH,退市泽达,20200704,-19.128205128205
688555.SH,退市泽达,20200703,-19.128205128205
688555.SH,退市泽达,20200702,-19.128205128205
688555.SH,退市泽达,20200701,-19.128205128205
688555.SH,退市泽达,20200630,300.20523345305
688555.SH,退市泽达,20200629,300.20523345305
688555.SH,退市泽达,20200628,300.20523345305
688555.SH,退市泽达,20200627,300.20523345305
688555.SH,退市泽达,20200626,300.20523345305
688555.SH,退市泽达,20200625,300.20523345305
688555.SH,退市泽达,20200624,300.20523345305
688555.SH,退市泽达,20200623,300.20523345305
688555.SH,退市泽达,20200622,300.20523345305
688555.SH,退市泽达,20200621,300.20523345305
688555.SH,退市泽达,20200620,300.20523345305
688555.SH,退市泽达,20200619,300.20523345305
688555.SH,退市泽达,20200618,300.20523345305
688555.SH,退市泽达,20200617,300.20523345305
688555.SH,退市泽达,20200616,300.20523345305
688555.SH,退市泽达,20200615,300.20523345305
688555.SH,退市泽达,20200614,300.20523345305
688555.SH,退市泽达,20200613,300.20523345305
688555.SH,退市泽达,20200612,300.20523345305
688555.SH,退市泽达,20200611,300.20523345305
688555.SH,退市泽达,20200610,300.20523345305
688555.SH,退市泽达,20200609,300.20523345305
688555.SH,退市泽达,20200608,300.20523345305
688555.SH,退市泽达,20200607,300.20523345305
688555.SH,退市泽达,20200606,300.20523345305
688555.SH,退市泽达,20200605,300.20523345305
688555.SH,退市泽达,20200604,300.20523345305
688555.SH,退市泽达,20200603,300.20523345305
688555.SH,退市泽达,20200602,300.20523345305
688555.SH,退市泽达,20200601,300.20523345305
688555.SH,退市泽达,20200531,
688555.SH,退市泽达,20200530,
688555.SH,退市泽达,20200529,
688555.SH,退市泽达,20200528,
688555.SH,退市泽达,20200527,
688555.SH,退市泽达,20200526,
688555.SH,退市泽达,20200525,
688555.SH,退市泽达,20200524,
688555.SH,退市泽达,20200523,
688555.SH,退市泽达,20200522,
688555.SH,退市泽达,20200521,
688555.SH,退市泽达,20200520,
688555.SH,退市泽达,20200519,
688555.SH,退市泽达,20200518,
688555.SH,退市泽达,20200517,
688555.SH,退市泽达,20200516,
688555.SH,退市泽达,20200515,
688555.SH,退市泽达,20200514,
688555.SH,退市泽达,20200513,
688555.SH,退市泽达,20200512,
688555.SH,退市泽达,20200511,
688555.SH,退市泽达,20200510,
688555.SH,退市泽达,20200509,
688555.SH,退市泽达,20200508,
688555.SH,退市泽达,20200507,
688555.SH,退市泽达,20200506,
688555.SH,退市泽达,20200505,
688555.SH,退市泽达,20200504,
688555.SH,退市泽达,20200503,
688555.SH,退市泽达,20200502,
688555.SH,退市泽达,20200501,
688555.SH,退市泽达,20200430,
688555.SH,退市泽达,20200429,
688555.SH,退市泽达,20200428,
688555.SH,退市泽达,20200427,
688555.SH,退市泽达,20200426,
688555.SH,退市泽达,20200425,
688555.SH,退市泽达,20200424,
688555.SH,退市泽达,20200423,
688555.SH,退市泽达,20200422,
688555.SH,退市泽达,20200421,
688555.SH,退市泽达,20200420,
688555.SH,退市泽达,20200419,
688555.SH,退市泽达,20200418,
688555.SH,退市泽达,20200417,
688555.SH,退市泽达,20200416,
688555.SH,退市泽达,20200415,
688555.SH,退市泽达,20200414,
688555.SH,退市泽达,20200413,
688555.SH,退市泽达,20200412,
688555.SH,退市泽达,20200411,
688555.SH,退市泽达,20200410,
688555.SH,退市泽达,20200409,
688555.SH,退市泽达,20200408,
688555.SH,退市泽达,20200407,
688555.SH,退市泽达,20200406,
688555.SH,退市泽达,20200405,
688555.SH,退市泽达,20200404,
688555.SH,退市泽达,20200403,
688555.SH,退市泽达,20200402,
688555.SH,退市泽达,20200401,
688555.SH,退市泽达,20200331,
688555.SH,退市泽达,20200330,
688555.SH,退市泽达,20200329,
688555.SH,退市泽达,20200328,
688555.SH,退市泽达,20200327,
688555.SH,退市泽达,20200326,
688555.SH,退市泽达,20200325,
688555.SH,退市泽达,20200324,
688555.SH,退市泽达,20200323,
688555.SH,退市泽达,20200322,
688555.SH,退市泽达,20200321,
688555.SH,退市泽达,20200320,
688555.SH,退市泽达,20200319,
688555.SH,退市泽达,20200318,
688555.SH,退市泽达,20200317,
688555.SH,退市泽达,20200316,
688555.SH,退市泽达,20200315,
688555.SH,退市泽达,20200314,
688555.SH,退市泽达,20200313,
688555.SH,退市泽达,20200312,
688555.SH,退市泽达,20200311,
688555.SH,退市泽达,20200310,
688555.SH,退市泽达,20200309,
688555.SH,退市泽达,20200308,
688555.SH,退市泽达,20200307,
688555.SH,退市泽达,20200306,
688555.SH,退市泽达,20200305,
688555.SH,退市泽达,20200304,
688555.SH,退市泽达,20200303,
688555.SH,退市泽达,20200302,
688555.SH,退市泽达,20200301,
688555.SH,退市泽达,20200229,
688555.SH,退市泽达,20200228,
688555.SH,退市泽达,20200227,
688555.SH,退市泽达,20200226,
688555.SH,退市泽达,20200225,
688555.SH,退市泽达,20200224,
688555.SH,退市泽达,20200223,
688555.SH,退市泽达,20200222,
688555.SH,退市泽达,20200221,
688555.SH,退市泽达,20200220,
688555.SH,退市泽达,20200219,
688555.SH,退市泽达,20200218,
688555.SH,退市泽达,20200217,
688555.SH,退市泽达,20200216,
688555.SH,退市泽达,20200215,
688555.SH,退市泽达,20200214,
688555.SH,退市泽达,20200213,
688555.SH,退市泽达,20200212,
688555.SH,退市泽达,20200211,
688555.SH,退市泽达,20200210,
688555.SH,退市泽达,20200209,
688555.SH,退市泽达,20200208,
688555.SH,退市泽达,20200207,
688555.SH,退市泽达,20200206,
688555.SH,退市泽达,20200205,
688555.SH,退市泽达,20200204,
688555.SH,退市泽达,20200203,
688555.SH,退市泽达,20200202,
688555.SH,退市泽达,20200201,
688555.SH,退市泽达,20200131,
688555.SH,退市泽达,20200130,
688555.SH,退市泽达,20200129,
688555.SH,退市泽达,20200128,
688555.SH,退市泽达,20200127,
688555.SH,退市泽达,20200126,
688555.SH,退市泽达,20200125,
688555.SH,退市泽达,20200124,
688555.SH,退市泽达,20200123,
688555.SH,退市泽达,20200122,
688555.SH,退市泽达,20200121,
688555.SH,退市泽达,20200120,
688555.SH,退市泽达,20200119,
688555.SH,退市泽达,20200118,
688555.SH,退市泽达,20200117,
688555.SH,退市泽达,20200116,
688555.SH,退市泽达,20200115,
688555.SH,退市泽达,20200114,
688555.SH,退市泽达,20200113,
688555.SH,退市泽达,20200112,
688555.SH,退市泽达,20200111,
688555.SH,退市泽达,20200110,
688555.SH,退市泽达,20200109,
688555.SH,退市泽达,20200108,
688555.SH,退市泽达,20200107,
688555.SH,退市泽达,20200106,
688555.SH,退市泽达,20200105,
688555.SH,退市泽达,20200104,
688555.SH,退市泽达,20200103,
688555.SH,退市泽达,20200102,
688555.SH,退市泽达,20200101,
688555.SH,退市泽达,20191231,
688555.SH,退市泽达,20191230,
688555.SH,退市泽达,20191229,
688555.SH,退市泽达,20191228,
688555.SH,退市泽达,20191227,
688555.SH,退市泽达,20191226,
688555.SH,退市泽达,20191225,
688555.SH,退市泽达,20191224,
688555.SH,退市泽达,20191223,
688555.SH,退市泽达,20191222,
688555.SH,退市泽达,20191221,
688555.SH,退市泽达,20191220,
688555.SH,退市泽达,20191219,
688555.SH,退市泽达,20191218,
688555.SH,退市泽达,20191217,
688555.SH,退市泽达,20191216,
688555.SH,退市泽达,20191215,
688555.SH,退市泽达,20191214,
688555.SH,退市泽达,20191213,
688555.SH,退市泽达,20191212,
688555.SH,退市泽达,20191211,
688555.SH,退市泽达,20191210,
688555.SH,退市泽达,20191209,
688555.SH,退市泽达,20191208,
688555.SH,退市泽达,20191207,
688555.SH,退市泽达,20191206,
688555.SH,退市泽达,20191205,
688555.SH,退市泽达,20191204,
688555.SH,退市泽达,20191203,
688555.SH,退市泽达,20191202,
688555.SH,退市泽达,20191201,
688555.SH,退市泽达,20191130,
688555.SH,退市泽达,20191129,
688555.SH,退市泽达,20191128,
688555.SH,退市泽达,20191127,
688555.SH,退市泽达,20191126,
688555.SH,退市泽达,20191125,
688555.SH,退市泽达,20191124,
688555.SH,退市泽达,20191123,
688555.SH,退市泽达,20191122,
688555.SH,退市泽达,20191121,
688555.SH,退市泽达,20191120,
688555.SH,退市泽达,20191119,
688555.SH,退市泽达,20191118,
688555.SH,退市泽达,20191117,
688555.SH,退市泽达,20191116,
688555.SH,退市泽达,20191115,
688555.SH,退市泽达,20191114,
688555.SH,退市泽达,20191113,
688555.SH,退市泽达,20191112,
688555.SH,退市泽达,20191111,
688555.SH,退市泽达,20191110,
688555.SH,退市泽达,20191109,
688555.SH,退市泽达,20191108,
688555.SH,退市泽达,20191107,
688555.SH,退市泽达,20191106,
688555.SH,退市泽达,20191105,
688555.SH,退市泽达,20191104,
688555.SH,退市泽达,20191103,
688555.SH,退市泽达,20191102,
688555.SH,退市泽达,20191101,
688555.SH,退市泽达,20191031,
688555.SH,退市泽达,20191030,
688555.SH,退市泽达,20191029,
688555.SH,退市泽达,20191028,
688555.SH,退市泽达,20191027,
688555.SH,退市泽达,20191026,
688555.SH,退市泽达,20191025,
688555.SH,退市泽达,20191024,
688555.SH,退市泽达,20191023,
688555.SH,退市泽达,20191022,
688555.SH,退市泽达,20191021,
688555.SH,退市泽达,20191020,
688555.SH,退市泽达,20191019,
688555.SH,退市泽达,20191018,
688555.SH,退市泽达,20191017,
688555.SH,退市泽达,20191016,
688555.SH,退市泽达,20191015,
688555.SH,退市泽达,20191014,
688555.SH,退市泽达,20191013,
688555.SH,退市泽达,20191012,
688555.SH,退市泽达,20191011,
688555.SH,退市泽达,20191010,
688555.SH,退市泽达,20191009,
688555.SH,退市泽达,20191008,
688555.SH,退市泽达,20191007,
688555.SH,退市泽达,20191006,
688555.SH,退市泽达,20191005,
688555.SH,退市泽达,20191004,
688555.SH,退市泽达,20191003,
688555.SH,退市泽达,20191002,
688555.SH,退市泽达,20191001,
688555.SH,退市泽达,20190930,
688555.SH,退市泽达,20190929,
688555.SH,退市泽达,20190928,
688555.SH,退市泽达,20190927,
688555.SH,退市泽达,20190926,
688555.SH,退市泽达,20190925,
688555.SH,退市泽达,20190924,
688555.SH,退市泽达,20190923,
688555.SH,退市泽达,20190922,
688555.SH,退市泽达,20190921,
688555.SH,退市泽达,20190920,
688555.SH,退市泽达,20190919,
688555.SH,退市泽达,20190918,
688555.SH,退市泽达,20190917,
688555.SH,退市泽达,20190916,
688555.SH,退市泽达,20190915,
688555.SH,退市泽达,20190914,
688555.SH,退市泽达,20190913,
688555.SH,退市泽达,20190912,
688555.SH,退市泽达,20190911,
688555.SH,退市泽达,20190910,
688555.SH,退市泽达,20190909,
688555.SH,退市泽达,20190908,
688555.SH,退市泽达,20190907,
688555.SH,退市泽达,20190906,
688555.SH,退市泽达,20190905,
688555.SH,退市泽达,20190904,
688555.SH,退市泽达,20190903,
688555.SH,退市泽达,20190902,
688555.SH,退市泽达,20190901,
688555.SH,退市泽达,20190831,
688555.SH,退市泽达,20190830,
688555.SH,退市泽达,20190829,
688555.SH,退市泽达,20190828,
688555.SH,退市泽达,20190827,
688555.SH,退市泽达,20190826,
688555.SH,退市泽达,20190825,
688555.SH,退市泽达,20190824,
688555.SH,退市泽达,20190823,
688555.SH,退市泽达,20190822,
688555.SH,退市泽达,20190821,
688555.SH,退市泽达,20190820,
688555.SH,退市泽达,20190819,
688555.SH,退市泽达,20190818,
688555.SH,退市泽达,20190817,
688555.SH,退市泽达,20190816,
688555.SH,退市泽达,20190815,
688555.SH,退市泽达,20190814,
688555.SH,退市泽达,20190813,
688555.SH,退市泽达,20190812,
688555.SH,退市泽达,20190811,
688555.SH,退市泽达,20190810,
688555.SH,退市泽达,20190809,
688555.SH,退市泽达,20190808,
688555.SH,退市泽达,20190807,
688555.SH,退市泽达,20190806,
688555.SH,退市泽达,20190805,
688555.SH,退市泽达,20190804,
688555.SH,退市泽达,20190803,
688555.SH,退市泽达,20190802,
688555.SH,退市泽达,20190801,
688555.SH,退市泽达,20190731,
688555.SH,退市泽达,20190730,
688555.SH,退市泽达,20190729,
688555.SH,退市泽达,20190728,
688555.SH,退市泽达,20190727,
688555.SH,退市泽达,20190726,
688555.SH,退市泽达,20190725,
688555.SH,退市泽达,20190724,
688555.SH,退市泽达,20190723,
688555.SH,退市泽达,20190722,
688555.SH,退市泽达,20190721,
688555.SH,退市泽达,20190720,
688555.SH,退市泽达,20190719,
688555.SH,退市泽达,20190718,
688555.SH,退市泽达,20190717,
688555.SH,退市泽达,20190716,
688555.SH,退市泽达,20190715,
688555.SH,退市泽达,20190714,
688555.SH,退市泽达,20190713,
688555.SH,退市泽达,20190712,
688555.SH,退市泽达,20190711,
688555.SH,退市泽达,20190710,
688555.SH,退市泽达,20190709,
688555.SH,退市泽达,20190708,
688555.SH,退市泽达,20190707,
688555.SH,退市泽达,20190706,
688555.SH,退市泽达,20190705,
688555.SH,退市泽达,20190704,
688555.SH,退市泽达,20190703,
688555.SH,退市泽达,20190702,
688555.SH,退市泽达,20190701,
688555.SH,退市泽达,20190630,
688555.SH,退市泽达,20190629,
688555.SH,退市泽达,20190628,
688555.SH,退市泽达,20190627,
688555.SH,退市泽达,20190626,
688555.SH,退市泽达,20190625,
688555.SH,退市泽达,20190624,
688555.SH,退市泽达,20190623,
688555.SH,退市泽达,20190622,
688555.SH,退市泽达,20190621,
688555.SH,退市泽达,20190620,
688555.SH,退市泽达,20190619,
688555.SH,退市泽达,20190618,
688555.SH,退市泽达,20190617,
688555.SH,退市泽达,20190616,
688555.SH,退市泽达,20190615,
688555.SH,退市泽达,20190614,
688555.SH,退市泽达,20190613,
688555.SH,退市泽达,20190612,
688555.SH,退市泽达,20190611,
688555.SH,退市泽达,20190610,
688555.SH,退市泽达,20190609,
688555.SH,退市泽达,20190608,
688555.SH,退市泽达,20190607,
688555.SH,退市泽达,20190606,
688555.SH,退市泽达,20190605,
688555.SH,退市泽达,20190604,
688555.SH,退市泽达,20190603,
688555.SH,退市泽达,20190602,
688555.SH,退市泽达,20190601,
688555.SH,退市泽达,20190531,
688555.SH,退市泽达,20190530,
688555.SH,退市泽达,20190529,
688555.SH,退市泽达,20190528,
688555.SH,退市泽达,20190527,
688555.SH,退市泽达,20190526,
688555.SH,退市泽达,20190525,
688555.SH,退市泽达,20190524,
688555.SH,退市泽达,20190523,
688555.SH,退市泽达,20190522,
688555.SH,退市泽达,20190521,
688555.SH,退市泽达,20190520,
688555.SH,退市泽达,20190519,
688555.SH,退市泽达,20190518,
688555.SH,退市泽达,20190517,
688555.SH,退市泽达,20190516,
688555.SH,退市泽达,20190515,
688555.SH,退市泽达,20190514,
688555.SH,退市泽达,20190513,
688555.SH,退市泽达,20190512,
688555.SH,退市泽达,20190511,
688555.SH,退市泽达,20190510,
688555.SH,退市泽达,20190509,
688555.SH,退市泽达,20190508,
688555.SH,退市泽达,20190507,
688555.SH,退市泽达,20190506,
688555.SH,退市泽达,20190505,
688555.SH,退市泽达,20190504,
688555.SH,退市泽达,20190503,
688555.SH,退市泽达,20190502,
688555.SH,退市泽达,20190501,
688555.SH,退市泽达,20190430,
688555.SH,退市泽达,20190429,
688555.SH,退市泽达,20190428,
688555.SH,退市泽达,20190427,
688555.SH,退市泽达,20190426,
688555.SH,退市泽达,20190425,
688555.SH,退市泽达,20190424,
688555.SH,退市泽达,20190423,
688555.SH,退市泽达,20190422,
688555.SH,退市泽达,20190421,
688555.SH,退市泽达,20190420,
688555.SH,退市泽达,20190419,
688555.SH,退市泽达,20190418,
688555.SH,退市泽达,20190417,
688555.SH,退市泽达,20190416,
688555.SH,退市泽达,20190415,
688555.SH,退市泽达,20190414,
688555.SH,退市泽达,20190413,
688555.SH,退市泽达,20190412,
688555.SH,退市泽达,20190411,
688555.SH,退市泽达,20190410,
688555.SH,退市泽达,20190409,
688555.SH,退市泽达,20190408,
688555.SH,退市泽达,20190407,
688555.SH,退市泽达,20190406,
688555.SH,退市泽达,20190405,
688555.SH,退市泽达,20190404,
688555.SH,退市泽达,20190403,
688555.SH,退市泽达,20190402,
688555.SH,退市泽达,20190401,
688555.SH,退市泽达,20190331,
688555.SH,退市泽达,20190330,
688555.SH,退市泽达,20190329,
688555.SH,退市泽达,20190328,
688555.SH,退市泽达,20190327,
688555.SH,退市泽达,20190326,
688555.SH,退市泽达,20190325,
688555.SH,退市泽达,20190324,
688555.SH,退市泽达,20190323,
688555.SH,退市泽达,20190322,
688555.SH,退市泽达,20190321,
688555.SH,退市泽达,20190320,
688555.SH,退市泽达,20190319,
688555.SH,退市泽达,20190318,
688555.SH,退市泽达,20190317,
688555.SH,退市泽达,20190316,
688555.SH,退市泽达,20190315,
688555.SH,退市泽达,20190314,
688555.SH,退市泽达,20190313,
688555.SH,退市泽达,20190312,
688555.SH,退市泽达,20190311,
688555.SH,退市泽达,20190310,
688555.SH,退市泽达,20190309,
688555.SH,退市泽达,20190308,
688555.SH,退市泽达,20190307,
688555.SH,退市泽达,20190306,
688555.SH,退市泽达,20190305,
688555.SH,退市泽达,20190304,
688555.SH,退市泽达,20190303,
688555.SH,退市泽达,20190302,
688555.SH,退市泽达,20190301,
688555.SH,退市泽达,20190228,
688555.SH,退市泽达,20190227,
688555.SH,退市泽达,20190226,
688555.SH,退市泽达,20190225,
688555.SH,退市泽达,20190224,
688555.SH,退市泽达,20190223,
688555.SH,退市泽达,20190222,
688555.SH,退市泽达,20190221,
688555.SH,退市泽达,20190220,
688555.SH,退市泽达,20190219,
688555.SH,退市泽达,20190218,
688555.SH,退市泽达,20190217,
688555.SH,退市泽达,20190216,
688555.SH,退市泽达,20190215,
688555.SH,退市泽达,20190214,
688555.SH,退市泽达,20190213,
688555.SH,退市泽达,20190212,
688555.SH,退市泽达,20190211,
688555.SH,退市泽达,20190210,
688555.SH,退市泽达,20190209,
688555.SH,退市泽达,20190208,
688555.SH,退市泽达,20190207,
688555.SH,退市泽达,20190206,
688555.SH,退市泽达,20190205,
688555.SH,退市泽达,20190204,
688555.SH,退市泽达,20190203,
688555.SH,退市泽达,20190202,
688555.SH,退市泽达,20190201,
688555.SH,退市泽达,20190131,
688555.SH,退市泽达,20190130,
688555.SH,退市泽达,20190129,
688555.SH,退市泽达,20190128,
688555.SH,退市泽达,20190127,
688555.SH,退市泽达,20190126,
688555.SH,退市泽达,20190125,
688555.SH,退市泽达,20190124,
688555.SH,退市泽达,20190123,
688555.SH,退市泽达,20190122,
688555.SH,退市泽达,20190121,
688555.SH,退市泽达,20190120,
688555.SH,退市泽达,20190119,
688555.SH,退市泽达,20190118,
688555.SH,退市泽达,20190117,
688555.SH,退市泽达,20190116,
688555.SH,退市泽达,20190115,
688555.SH,退市泽达,20190114,
688555.SH,退市泽达,20190113,
688555.SH,退市泽达,20190112,
688555.SH,退市泽达,20190111,
688555.SH,退市泽达,20190110,
688555.SH,退市泽达,20190109,
688555.SH,退市泽达,20190108,
688555.SH,退市泽达,20190107,
688555.SH,退市泽达,20190106,
688555.SH,退市泽达,20190105,
688555.SH,退市泽达,20190104,
688555.SH,退市泽达,20190103,
688555.SH,退市泽达,20190102,
688555.SH,退市泽达,20190101,
688555.SH,退市泽达,20181231,
688555.SH,退市泽达,20181230,
688555.SH,退市泽达,20181229,
688555.SH,退市泽达,20181228,
688555.SH,退市泽达,20181227,
688555.SH,退市泽达,20181226,
688555.SH,退市泽达,20181225,
688555.SH,退市泽达,20181224,
688555.SH,退市泽达,20181223,
688555.SH,退市泽达,20181222,
688555.SH,退市泽达,20181221,
688555.SH,退市泽达,20181220,
688555.SH,退市泽达,20181219,
688555.SH,退市泽达,20181218,
688555.SH,退市泽达,20181217,
688555.SH,退市泽达,20181216,
688555.SH,退市泽达,20181215,
688555.SH,退市泽达,20181214,
688555.SH,退市泽达,20181213,
688555.SH,退市泽达,20181212,
688555.SH,退市泽达,20181211,
688555.SH,退市泽达,20181210,
688555.SH,退市泽达,20181209,
688555.SH,退市泽达,20181208,
688555.SH,退市泽达,20181207,
688555.SH,退市泽达,20181206,
688555.SH,退市泽达,20181205,
688555.SH,退市泽达,20181204,
688555.SH,退市泽达,20181203,
688555.SH,退市泽达,20181202,
688555.SH,退市泽达,20181201,
688555.SH,退市泽达,20181130,
688555.SH,退市泽达,20181129,
688555.SH,退市泽达,20181128,
688555.SH,退市泽达,20181127,
688555.SH,退市泽达,20181126,
688555.SH,退市泽达,20181125,
688555.SH,退市泽达,20181124,
688555.SH,退市泽达,20181123,
688555.SH,退市泽达,20181122,
688555.SH,退市泽达,20181121,
688555.SH,退市泽达,20181120,
688555.SH,退市泽达,20181119,
688555.SH,退市泽达,20181118,
688555.SH,退市泽达,20181117,
688555.SH,退市泽达,20181116,
688555.SH,退市泽达,20181115,
688555.SH,退市泽达,20181114,
688555.SH,退市泽达,20181113,
688555.SH,退市泽达,20181112,
688555.SH,退市泽达,20181111,
688555.SH,退市泽达,20181110,
688555.SH,退市泽达,20181109,
688555.SH,退市泽达,20181108,
688555.SH,退市泽达,20181107,
688555.SH,退市泽达,20181106,
688555.SH,退市泽达,20181105,
688555.SH,退市泽达,20181104,
688555.SH,退市泽达,20181103,
688555.SH,退市泽达,20181102,
688555.SH,退市泽达,20181101,
688555.SH,退市泽达,20181031,
688555.SH,退市泽达,20181030,
688555.SH,退市泽达,20181029,
688555.SH,退市泽达,20181028,
688555.SH,退市泽达,20181027,
688555.SH,退市泽达,20181026,
688555.SH,退市泽达,20181025,
688555.SH,退市泽达,20181024,
688555.SH,退市泽达,20181023,
688555.SH,退市泽达,20181022,
688555.SH,退市泽达,20181021,
688555.SH,退市泽达,20181020,
688555.SH,退市泽达,20181019,
688555.SH,退市泽达,20181018,
688555.SH,退市泽达,20181017,
688555.SH,退市泽达,20181016,
688555.SH,退市泽达,20181015,
688555.SH,退市泽达,20181014,
688555.SH,退市泽达,20181013,
688555.SH,退市泽达,20181012,
688555.SH,退市泽达,20181011,
688555.SH,退市泽达,20181010,
688555.SH,退市泽达,20181009,
688555.SH,退市泽达,20181008,
688555.SH,退市泽达,20181007,
688555.SH,退市泽达,20181006,
688555.SH,退市泽达,20181005,
688555.SH,退市泽达,20181004,
688555.SH,退市泽达,20181003,
688555.SH,退市泽达,20181002,
688555.SH,退市泽达,20181001,
688555.SH,退市泽达,20180930,
688555.SH,退市泽达,20180929,
688555.SH,退市泽达,20180928,
688555.SH,退市泽达,20180927,
688555.SH,退市泽达,20180926,
688555.SH,退市泽达,20180925,
688555.SH,退市泽达,20180924,
688555.SH,退市泽达,20180923,
688555.SH,退市泽达,20180922,
688555.SH,退市泽达,20180921,
688555.SH,退市泽达,20180920,
688555.SH,退市泽达,20180919,
688555.SH,退市泽达,20180918,
688555.SH,退市泽达,20180917,
688555.SH,退市泽达,20180916,
688555.SH,退市泽达,20180915,
688555.SH,退市泽达,20180914,
688555.SH,退市泽达,20180913,
688555.SH,退市泽达,20180912,
688555.SH,退市泽达,20180911,
688555.SH,退市泽达,20180910,
688555.SH,退市泽达,20180909,
688555.SH,退市泽达,20180908,
688555.SH,退市泽达,20180907,
688555.SH,退市泽达,20180906,
688555.SH,退市泽达,20180905,
688555.SH,退市泽达,20180904,
688555.SH,退市泽达,20180903,
688555.SH,退市泽达,20180902,
688555.SH,退市泽达,20180901,
688555.SH,退市泽达,20180831,
688555.SH,退市泽达,20180830,
688555.SH,退市泽达,20180829,
688555.SH,退市泽达,20180828,
688555.SH,退市泽达,20180827,
688555.SH,退市泽达,20180826,
688555.SH,退市泽达,20180825,
688555.SH,退市泽达,20180824,
688555.SH,退市泽达,20180823,
688555.SH,退市泽达,20180822,
688555.SH,退市泽达,20180821,
688555.SH,退市泽达,20180820,
688555.SH,退市泽达,20180819,
688555.SH,退市泽达,20180818,
688555.SH,退市泽达,20180817,
688555.SH,退市泽达,20180816,
688555.SH,退市泽达,20180815,
688555.SH,退市泽达,20180814,
688555.SH,退市泽达,20180813,
688555.SH,退市泽达,20180812,
688555.SH,退市泽达,20180811,
688555.SH,退市泽达,20180810,
688555.SH,退市泽达,20180809,
688555.SH,退市泽达,20180808,
688555.SH,退市泽达,20180807,
688555.SH,退市泽达,20180806,
688555.SH,退市泽达,20180805,
688555.SH,退市泽达,20180804,
688555.SH,退市泽达,20180803,
688555.SH,退市泽达,20180802,
688555.SH,退市泽达,20180801,
688555.SH,退市泽达,20180731,
688555.SH,退市泽达,20180730,
688555.SH,退市泽达,20180729,
688555.SH,退市泽达,20180728,
688555.SH,退市泽达,20180727,
688555.SH,退市泽达,20180726,
688555.SH,退市泽达,20180725,
688555.SH,退市泽达,20180724,
688555.SH,退市泽达,20180723,
688555.SH,退市泽达,20180722,
688555.SH,退市泽达,20180721,
688555.SH,退市泽达,20180720,
688555.SH,退市泽达,20180719,
688555.SH,退市泽达,20180718,
688555.SH,退市泽达,20180717,
688555.SH,退市泽达,20180716,
688555.SH,退市泽达,20180715,
688555.SH,退市泽达,20180714,
688555.SH,退市泽达,20180713,
688555.SH,退市泽达,20180712,
688555.SH,退市泽达,20180711,
688555.SH,退市泽达,20180710,
688555.SH,退市泽达,20180709,
688555.SH,退市泽达,20180708,
688555.SH,退市泽达,20180707,
688555.SH,退市泽达,20180706,
688555.SH,退市泽达,20180705,
688555.SH,退市泽达,20180704,
688555.SH,退市泽达,20180703,
688555.SH,退市泽达,20180702,
688555.SH,退市泽达,20180701,
688555.SH,退市泽达,20180630,
688555.SH,退市泽达,20180629,
688555.SH,退市泽达,20180628,
688555.SH,退市泽达,20180627,
688555.SH,退市泽达,20180626,
688555.SH,退市泽达,20180625,
688555.SH,退市泽达,20180624,
688555.SH,退市泽达,20180623,
688555.SH,退市泽达,20180622,
688555.SH,退市泽达,20180621,
688555.SH,退市泽达,20180620,
688555.SH,退市泽达,20180619,
688555.SH,退市泽达,20180618,
688555.SH,退市泽达,20180617,
688555.SH,退市泽达,20180616,
688555.SH,退市泽达,20180615,
688555.SH,退市泽达,20180614,
688555.SH,退市泽达,20180613,
688555.SH,退市泽达,20180612,
688555.SH,退市泽达,20180611,
688555.SH,退市泽达,20180610,
688555.SH,退市泽达,20180609,
688555.SH,退市泽达,20180608,
688555.SH,退市泽达,20180607,
688555.SH,退市泽达,20180606,
688555.SH,退市泽达,20180605,
688555.SH,退市泽达,20180604,
688555.SH,退市泽达,20180603,
688555.SH,退市泽达,20180602,
688555.SH,退市泽达,20180601,
688555.SH,退市泽达,20180531,
688555.SH,退市泽达,20180530,
688555.SH,退市泽达,20180529,
688555.SH,退市泽达,20180528,
688555.SH,退市泽达,20180527,
688555.SH,退市泽达,20180526,
688555.SH,退市泽达,20180525,
688555.SH,退市泽达,20180524,
688555.SH,退市泽达,20180523,
688555.SH,退市泽达,20180522,
688555.SH,退市泽达,20180521,
688555.SH,退市泽达,20180520,
688555.SH,退市泽达,20180519,
688555.SH,退市泽达,20180518,
688555.SH,退市泽达,20180517,
688555.SH,退市泽达,20180516,
688555.SH,退市泽达,20180515,
688555.SH,退市泽达,20180514,
688555.SH,退市泽达,20180513,
688555.SH,退市泽达,20180512,
688555.SH,退市泽达,20180511,
688555.SH,退市泽达,20180510,
688555.SH,退市泽达,20180509,
688555.SH,退市泽达,20180508,
688555.SH,退市泽达,20180507,
688555.SH,退市泽达,20180506,
688555.SH,退市泽达,20180505,
688555.SH,退市泽达,20180504,
688555.SH,退市泽达,20180503,
688555.SH,退市泽达,20180502,
688555.SH,退市泽达,20180501,
688555.SH,退市泽达,20180430,
688555.SH,退市泽达,20180429,
688555.SH,退市泽达,20180428,
688555.SH,退市泽达,20180427,
688555.SH,退市泽达,20180426,
688555.SH,退市泽达,20180425,
688555.SH,退市泽达,20180424,
688555.SH,退市泽达,20180423,
688555.SH,退市泽达,20180422,
688555.SH,退市泽达,20180421,
688555.SH,退市泽达,20180420,
688555.SH,退市泽达,20180419,
688555.SH,退市泽达,20180418,
688555.SH,退市泽达,20180417,
688555.SH,退市泽达,20180416,
688555.SH,退市泽达,20180415,
688555.SH,退市泽达,20180414,
688555.SH,退市泽达,20180413,
688555.SH,退市泽达,20180412,
688555.SH,退市泽达,20180411,
688555.SH,退市泽达,20180410,
688555.SH,退市泽达,20180409,
688555.SH,退市泽达,20180408,
688555.SH,退市泽达,20180407,
688555.SH,退市泽达,20180406,
688555.SH,退市泽达,20180405,
688555.SH,退市泽达,20180404,
688555.SH,退市泽达,20180403,
688555.SH,退市泽达,20180402,
688555.SH,退市泽达,20180401,
688555.SH,退市泽达,20180331,
688555.SH,退市泽达,20180330,
688555.SH,退市泽达,20180329,
688555.SH,退市泽达,20180328,
688555.SH,退市泽达,20180327,
688555.SH,退市泽达,20180326,
688555.SH,退市泽达,20180325,
688555.SH,退市泽达,20180324,
688555.SH,退市泽达,20180323,
688555.SH,退市泽达,20180322,
688555.SH,退市泽达,20180321,
688555.SH,退市泽达,20180320,
688555.SH,退市泽达,20180319,
688555.SH,退市泽达,20180318,
688555.SH,退市泽达,20180317,
688555.SH,退市泽达,20180316,
688555.SH,退市泽达,20180315,
688555.SH,退市泽达,20180314,
688555.SH,退市泽达,20180313,
688555.SH,退市泽达,20180312,
688555.SH,退市泽达,20180311,
688555.SH,退市泽达,20180310,
688555.SH,退市泽达,20180309,
688555.SH,退市泽达,20180308,
688555.SH,退市泽达,20180307,
688555.SH,退市泽达,20180306,
688555.SH,退市泽达,20180305,
688555.SH,退市泽达,20180304,
688555.SH,退市泽达,20180303,
688555.SH,退市泽达,20180302,
688555.SH,退市泽达,20180301,
688555.SH,退市泽达,20180228,
688555.SH,退市泽达,20180227,
688555.SH,退市泽达,20180226,
688555.SH,退市泽达,20180225,
688555.SH,退市泽达,20180224,
688555.SH,退市泽达,20180223,
688555.SH,退市泽达,20180222,
688555.SH,退市泽达,20180221,
688555.SH,退市泽达,20180220,
688555.SH,退市泽达,20180219,
688555.SH,退市泽达,20180218,
688555.SH,退市泽达,20180217,
688555.SH,退市泽达,20180216,
688555.SH,退市泽达,20180215,
688555.SH,退市泽达,20180214,
688555.SH,退市泽达,20180213,
688555.SH,退市泽达,20180212,
688555.SH,退市泽达,20180211,
688555.SH,退市泽达,20180210,
688555.SH,退市泽达,20180209,
688555.SH,退市泽达,20180208,
688555.SH,退市泽达,20180207,
688555.SH,退市泽达,20180206,
688555.SH,退市泽达,20180205,
688555.SH,退市泽达,20180204,
688555.SH,退市泽达,20180203,
688555.SH,退市泽达,20180202,
688555.SH,退市泽达,20180201,
688555.SH,退市泽达,20180131,
688555.SH,退市泽达,20180130,
688555.SH,退市泽达,20180129,
688555.SH,退市泽达,20180128,
688555.SH,退市泽达,20180127,
688555.SH,退市泽达,20180126,
688555.SH,退市泽达,20180125,
688555.SH,退市泽达,20180124,
688555.SH,退市泽达,20180123,
688555.SH,退市泽达,20180122,
688555.SH,退市泽达,20180121,
688555.SH,退市泽达,20180120,
688555.SH,退市泽达,20180119,
688555.SH,退市泽达,20180118,
688555.SH,退市泽达,20180117,
688555.SH,退市泽达,20180116,
688555.SH,退市泽达,20180115,
688555.SH,退市泽达,20180114,
688555.SH,退市泽达,20180113,
688555.SH,退市泽达,20180112,
688555.SH,退市泽达,20180111,
688555.SH,退市泽达,20180110,
688555.SH,退市泽达,20180109,
688555.SH,退市泽达,20180108,
688555.SH,退市泽达,20180107,
688555.SH,退市泽达,20180106,
688555.SH,退市泽达,20180105,
688555.SH,退市泽达,20180104,
688555.SH,退市泽达,20180103,
688555.SH,退市泽达,20180102,
688555.SH,退市泽达,20180101,
688555.SH,退市泽达,20171231,
688555.SH,退市泽达,20171230,
688555.SH,退市泽达,20171229,
688555.SH,退市泽达,20171228,
688555.SH,退市泽达,20171227,
688555.SH,退市泽达,20171226,
688555.SH,退市泽达,20171225,
688555.SH,退市泽达,20171224,
688555.SH,退市泽达,20171223,
688555.SH,退市泽达,20171222,
688555.SH,退市泽达,20171221,
688555.SH,退市泽达,20171220,
688555.SH,退市泽达,20171219,
688555.SH,退市泽达,20171218,
688555.SH,退市泽达,20171217,
688555.SH,退市泽达,20171216,
688555.SH,退市泽达,20171215,
688555.SH,退市泽达,20171214,
688555.SH,退市泽达,20171213,
688555.SH,退市泽达,20171212,
688555.SH,退市泽达,20171211,
688555.SH,退市泽达,20171210,
688555.SH,退市泽达,20171209,
688555.SH,退市泽达,20171208,
688555.SH,退市泽达,20171207,
688555.SH,退市泽达,20171206,
688555.SH,退市泽达,20171205,
688555.SH,退市泽达,20171204,
688555.SH,退市泽达,20171203,
688555.SH,退市泽达,20171202,
688555.SH,退市泽达,20171201,
688555.SH,退市泽达,20171130,
688555.SH,退市泽达,20171129,
688555.SH,退市泽达,20171128,
688555.SH,退市泽达,20171127,
688555.SH,退市泽达,20171126,
688555.SH,退市泽达,20171125,
688555.SH,退市泽达,20171124,
688555.SH,退市泽达,20171123,
688555.SH,退市泽达,20171122,
688555.SH,退市泽达,20171121,
688555.SH,退市泽达,20171120,
688555.SH,退市泽达,20171119,
688555.SH,退市泽达,20171118,
688555.SH,退市泽达,20171117,
688555.SH,退市泽达,20171116,
688555.SH,退市泽达,20171115,
688555.SH,退市泽达,20171114,
688555.SH,退市泽达,20171113,
688555.SH,退市泽达,20171112,
688555.SH,退市泽达,20171111,
688555.SH,退市泽达,20171110,
688555.SH,退市泽达,20171109,
688555.SH,退市泽达,20171108,
688555.SH,退市泽达,20171107,
688555.SH,退市泽达,20171106,
688555.SH,退市泽达,20171105,
688555.SH,退市泽达,20171104,
688555.SH,退市泽达,20171103,
688555.SH,退市泽达,20171102,
688555.SH,退市泽达,20171101,
688555.SH,退市泽达,20171031,
688555.SH,退市泽达,20171030,
688555.SH,退市泽达,20171029,
688555.SH,退市泽达,20171028,
688555.SH,退市泽达,20171027,
688555.SH,退市泽达,20171026,
688555.SH,退市泽达,20171025,
688555.SH,退市泽达,20171024,
688555.SH,退市泽达,20171023,
688555.SH,退市泽达,20171022,
688555.SH,退市泽达,20171021,
688555.SH,退市泽达,20171020,
688555.SH,退市泽达,20171019,
688555.SH,退市泽达,20171018,
688555.SH,退市泽达,20171017,
688555.SH,退市泽达,20171016,
688555.SH,退市泽达,20171015,
688555.SH,退市泽达,20171014,
688555.SH,退市泽达,20171013,
688555.SH,退市泽达,20171012,
688555.SH,退市泽达,20171011,
688555.SH,退市泽达,20171010,
688555.SH,退市泽达,20171009,
688555.SH,退市泽达,20171008,
688555.SH,退市泽达,20171007,
688555.SH,退市泽达,20171006,
688555.SH,退市泽达,20171005,
688555.SH,退市泽达,20171004,
688555.SH,退市泽达,20171003,
688555.SH,退市泽达,20171002,
688555.SH,退市泽达,20171001,
688555.SH,退市泽达,20170930,
688555.SH,退市泽达,20170929,
688555.SH,退市泽达,20170928,
688555.SH,退市泽达,20170927,
688555.SH,退市泽达,20170926,
688555.SH,退市泽达,20170925,
688555.SH,退市泽达,20170924,
688555.SH,退市泽达,20170923,
688555.SH,退市泽达,20170922,
688555.SH,退市泽达,20170921,
688555.SH,退市泽达,20170920,
688555.SH,退市泽达,20170919,
688555.SH,退市泽达,20170918,
688555.SH,退市泽达,20170917,
688555.SH,退市泽达,20170916,
688555.SH,退市泽达,20170915,
688555.SH,退市泽达,20170914,
688555.SH,退市泽达,20170913,
688555.SH,退市泽达,20170912,
688555.SH,退市泽达,20170911,
688555.SH,退市泽达,20170910,
688555.SH,退市泽达,20170909,
688555.SH,退市泽达,20170908,
688555.SH,退市泽达,20170907,
688555.SH,退市泽达,20170906,
688555.SH,退市泽达,20170905,
688555.SH,退市泽达,20170904,
688555.SH,退市泽达,20170903,
688555.SH,退市泽达,20170902,
688555.SH,退市泽达,20170901,
688555.SH,退市泽达,20170831,
688555.SH,退市泽达,20170830,
688555.SH,退市泽达,20170829,
688555.SH,退市泽达,20170828,
688555.SH,退市泽达,20170827,
688555.SH,退市泽达,20170826,
688555.SH,退市泽达,20170825,
688555.SH,退市泽达,20170824,
688555.SH,退市泽达,20170823,
688555.SH,退市泽达,20170822,
688555.SH,退市泽达,20170821,
688555.SH,退市泽达,20170820,
688555.SH,退市泽达,20170819,
688555.SH,退市泽达,20170818,
688555.SH,退市泽达,20170817,
688555.SH,退市泽达,20170816,
688555.SH,退市泽达,20170815,
688555.SH,退市泽达,20170814,
688555.SH,退市泽达,20170813,
688555.SH,退市泽达,20170812,
688555.SH,退市泽达,20170811,
688555.SH,退市泽达,20170810,
688555.SH,退市泽达,20170809,
688555.SH,退市泽达,20170808,
688555.SH,退市泽达,20170807,
688555.SH,退市泽达,20170806,
688555.SH,退市泽达,20170805,
688555.SH,退市泽达,20170804,
688555.SH,退市泽达,20170803,
688555.SH,退市泽达,20170802,
688555.SH,退市泽达,20170801,
688555.SH,退市泽达,20170731,
688555.SH,退市泽达,20170730,
688555.SH,退市泽达,20170729,
688555.SH,退市泽达,20170728,
688555.SH,退市泽达,20170727,
688555.SH,退市泽达,20170726,
688555.SH,退市泽达,20170725,
688555.SH,退市泽达,20170724,
688555.SH,退市泽达,20170723,
688555.SH,退市泽达,20170722,
688555.SH,退市泽达,20170721,
688555.SH,退市泽达,20170720,
688555.SH,退市泽达,20170719,
688555.SH,退市泽达,20170718,
688555.SH,退市泽达,20170717,
688555.SH,退市泽达,20170716,
688555.SH,退市泽达,20170715,
688555.SH,退市泽达,20170714,
688555.SH,退市泽达,20170713,
688555.SH,退市泽达,20170712,
688555.SH,退市泽达,20170711,
688555.SH,退市泽达,20170710,
688555.SH,退市泽达,20170709,
688555.SH,退市泽达,20170708,
688555.SH,退市泽达,20170707,
688555.SH,退市泽达,20170706,
688555.SH,退市泽达,20170705,
688555.SH,退市泽达,20170704,
688555.SH,退市泽达,20170703,
688555.SH,退市泽达,20170702,
688555.SH,退市泽达,20170701,
688555.SH,退市泽达,20170630,
688555.SH,退市泽达,20170629,
688555.SH,退市泽达,20170628,
688555.SH,退市泽达,20170627,
688555.SH,退市泽达,20170626,
688555.SH,退市泽达,20170625,
688555.SH,退市泽达,20170624,
688555.SH,退市泽达,20170623,
688555.SH,退市泽达,20170622,
688555.SH,退市泽达,20170621,
688555.SH,退市泽达,20170620,
688555.SH,退市泽达,20170619,
688555.SH,退市泽达,20170618,
688555.SH,退市泽达,20170617,
688555.SH,退市泽达,20170616,
688555.SH,退市泽达,20170615,
688555.SH,退市泽达,20170614,
688555.SH,退市泽达,20170613,
688555.SH,退市泽达,20170612,
688555.SH,退市泽达,20170611,
688555.SH,退市泽达,20170610,
688555.SH,退市泽达,20170609,
688555.SH,退市泽达,20170608,
688555.SH,退市泽达,20170607,
688555.SH,退市泽达,20170606,
688555.SH,退市泽达,20170605,
688555.SH,退市泽达,20170604,
688555.SH,退市泽达,20170603,
688555.SH,退市泽达,20170602,
688555.SH,退市泽达,20170601,
688555.SH,退市泽达,20170531,
688555.SH,退市泽达,20170530,
688555.SH,退市泽达,20170529,
688555.SH,退市泽达,20170528,
688555.SH,退市泽达,20170527,
688555.SH,退市泽达,20170526,
688555.SH,退市泽达,20170525,
688555.SH,退市泽达,20170524,
688555.SH,退市泽达,20170523,
688555.SH,退市泽达,20170522,
688555.SH,退市泽达,20170521,
688555.SH,退市泽达,20170520,
688555.SH,退市泽达,20170519,
688555.SH,退市泽达,20170518,
688555.SH,退市泽达,20170517,
688555.SH,退市泽达,20170516,
688555.SH,退市泽达,20170515,
688555.SH,退市泽达,20170514,
688555.SH,退市泽达,20170513,
688555.SH,退市泽达,20170512,
688555.SH,退市泽达,20170511,
688555.SH,退市泽达,20170510,
688555.SH,退市泽达,20170509,
688555.SH,退市泽达,20170508,
688555.SH,退市泽达,20170507,
688555.SH,退市泽达,20170506,
688555.SH,退市泽达,20170505,
688555.SH,退市泽达,20170504,
688555.SH,退市泽达,20170503,
688555.SH,退市泽达,20170502,
688555.SH,退市泽达,20170501,
688555.SH,退市泽达,20170430,
688555.SH,退市泽达,20170429,
688555.SH,退市泽达,20170428,
688555.SH,退市泽达,20170427,
688555.SH,退市泽达,20170426,
688555.SH,退市泽达,20170425,
688555.SH,退市泽达,20170424,
688555.SH,退市泽达,20170423,
688555.SH,退市泽达,20170422,
688555.SH,退市泽达,20170421,
688555.SH,退市泽达,20170420,
688555.SH,退市泽达,20170419,
688555.SH,退市泽达,20170418,
688555.SH,退市泽达,20170417,
688555.SH,退市泽达,20170416,
688555.SH,退市泽达,20170415,
688555.SH,退市泽达,20170414,
688555.SH,退市泽达,20170413,
688555.SH,退市泽达,20170412,
688555.SH,退市泽达,20170411,
688555.SH,退市泽达,20170410,
688555.SH,退市泽达,20170409,
688555.SH,退市泽达,20170408,
688555.SH,退市泽达,20170407,
688555.SH,退市泽达,20170406,
688555.SH,退市泽达,20170405,
688555.SH,退市泽达,20170404,
688555.SH,退市泽达,20170403,
688555.SH,退市泽达,20170402,
688555.SH,退市泽达,20170401,
688555.SH,退市泽达,20170331,
688555.SH,退市泽达,20170330,
688555.SH,退市泽达,20170329,
688555.SH,退市泽达,20170328,
688555.SH,退市泽达,20170327,
688555.SH,退市泽达,20170326,
688555.SH,退市泽达,20170325,
688555.SH,退市泽达,20170324,
688555.SH,退市泽达,20170323,
688555.SH,退市泽达,20170322,
688555.SH,退市泽达,20170321,
688555.SH,退市泽达,20170320,
688555.SH,退市泽达,20170319,
688555.SH,退市泽达,20170318,
688555.SH,退市泽达,20170317,
688555.SH,退市泽达,20170316,
688555.SH,退市泽达,20170315,
688555.SH,退市泽达,20170314,
688555.SH,退市泽达,20170313,
688555.SH,退市泽达,20170312,
688555.SH,退市泽达,20170311,
688555.SH,退市泽达,20170310,
688555.SH,退市泽达,20170309,
688555.SH,退市泽达,20170308,
688555.SH,退市泽达,20170307,
688555.SH,退市泽达,20170306,
688555.SH,退市泽达,20170305,
688555.SH,退市泽达,20170304,
688555.SH,退市泽达,20170303,
688555.SH,退市泽达,20170302,
688555.SH,退市泽达,20170301,
688555.SH,退市泽达,20170228,
688555.SH,退市泽达,20170227,
688555.SH,退市泽达,20170226,
688555.SH,退市泽达,20170225,
688555.SH,退市泽达,20170224,
688555.SH,退市泽达,20170223,
688555.SH,退市泽达,20170222,
688555.SH,退市泽达,20170221,
688555.SH,退市泽达,20170220,
688555.SH,退市泽达,20170219,
688555.SH,退市泽达,20170218,
688555.SH,退市泽达,20170217,
688555.SH,退市泽达,20170216,
688555.SH,退市泽达,20170215,
688555.SH,退市泽达,20170214,
688555.SH,退市泽达,20170213,
688555.SH,退市泽达,20170212,
688555.SH,退市泽达,20170211,
688555.SH,退市泽达,20170210,
688555.SH,退市泽达,20170209,
688555.SH,退市泽达,20170208,
688555.SH,退市泽达,20170207,
688555.SH,退市泽达,20170206,
688555.SH,退市泽达,20170205,
688555.SH,退市泽达,20170204,
688555.SH,退市泽达,20170203,
688555.SH,退市泽达,20170202,
688555.SH,退市泽达,20170201,
688555.SH,退市泽达,20170131,
688555.SH,退市泽达,20170130,
688555.SH,退市泽达,20170129,
688555.SH,退市泽达,20170128,
688555.SH,退市泽达,20170127,
688555.SH,退市泽达,20170126,
688555.SH,退市泽达,20170125,
688555.SH,退市泽达,20170124,
688555.SH,退市泽达,20170123,
688555.SH,退市泽达,20170122,
688555.SH,退市泽达,20170121,
688555.SH,退市泽达,20170120,
688555.SH,退市泽达,20170119,
688555.SH,退市泽达,20170118,
688555.SH,退市泽达,20170117,
688555.SH,退市泽达,20170116,
688555.SH,退市泽达,20170115,
688555.SH,退市泽达,20170114,
688555.SH,退市泽达,20170113,
688555.SH,退市泽达,20170112,
688555.SH,退市泽达,20170111,
688555.SH,退市泽达,20170110,
688555.SH,退市泽达,20170109,
688555.SH,退市泽达,20170108,
688555.SH,退市泽达,20170107,
688555.SH,退市泽达,20170106,
688555.SH,退市泽达,20170105,
688555.SH,退市泽达,20170104,
688555.SH,退市泽达,20170103,
688555.SH,退市泽达,20170102,
688555.SH,退市泽达,20170101,
688555.SH,退市泽达,20161231,
688555.SH,退市泽达,20161230,
688555.SH,退市泽达,20161229,
688555.SH,退市泽达,20161228,
688555.SH,退市泽达,20161227,
688555.SH,退市泽达,20161226,
688555.SH,退市泽达,20161225,
688555.SH,退市泽达,20161224,
688555.SH,退市泽达,20161223,
688555.SH,退市泽达,20161222,
688555.SH,退市泽达,20161221,
688555.SH,退市泽达,20161220,
688555.SH,退市泽达,20161219,
688555.SH,退市泽达,20161218,
688555.SH,退市泽达,20161217,
688555.SH,退市泽达,20161216,
688555.SH,退市泽达,20161215,
688555.SH,退市泽达,20161214,
688555.SH,退市泽达,20161213,
688555.SH,退市泽达,20161212,
688555.SH,退市泽达,20161211,
688555.SH,退市泽达,20161210,
688555.SH,退市泽达,20161209,
688555.SH,退市泽达,20161208,
688555.SH,退市泽达,20161207,
688555.SH,退市泽达,20161206,
688555.SH,退市泽达,20161205,
688555.SH,退市泽达,20161204,
688555.SH,退市泽达,20161203,
688555.SH,退市泽达,20161202,
688555.SH,退市泽达,20161201,
688555.SH,退市泽达,20161130,
688555.SH,退市泽达,20161129,
688555.SH,退市泽达,20161128,
688555.SH,退市泽达,20161127,
688555.SH,退市泽达,20161126,
688555.SH,退市泽达,20161125,
688555.SH,退市泽达,20161124,
688555.SH,退市泽达,20161123,
688555.SH,退市泽达,20161122,
688555.SH,退市泽达,20161121,
688555.SH,退市泽达,20161120,
688555.SH,退市泽达,20161119,
688555.SH,退市泽达,20161118,
688555.SH,退市泽达,20161117,
688555.SH,退市泽达,20161116,
688555.SH,退市泽达,20161115,
688555.SH,退市泽达,20161114,
688555.SH,退市泽达,20161113,
688555.SH,退市泽达,20161112,
688555.SH,退市泽达,20161111,
688555.SH,退市泽达,20161110,
688555.SH,退市泽达,20161109,
688555.SH,退市泽达,20161108,
688555.SH,退市泽达,20161107,
688555.SH,退市泽达,20161106,
688555.SH,退市泽达,20161105,
688555.SH,退市泽达,20161104,
688555.SH,退市泽达,20161103,
688555.SH,退市泽达,20161102,
688555.SH,退市泽达,20161101,
688555.SH,退市泽达,20161031,
688555.SH,退市泽达,20161030,
688555.SH,退市泽达,20161029,
688555.SH,退市泽达,20161028,
688555.SH,退市泽达,20161027,
688555.SH,退市泽达,20161026,
688555.SH,退市泽达,20161025,
688555.SH,退市泽达,20161024,
688555.SH,退市泽达,20161023,
688555.SH,退市泽达,20161022,
688555.SH,退市泽达,20161021,
688555.SH,退市泽达,20161020,
688555.SH,退市泽达,20161019,
688555.SH,退市泽达,20161018,
688555.SH,退市泽达,20161017,
688555.SH,退市泽达,20161016,
688555.SH,退市泽达,20161015,
688555.SH,退市泽达,20161014,
688555.SH,退市泽达,20161013,
688555.SH,退市泽达,20161012,
688555.SH,退市泽达,20161011,
688555.SH,退市泽达,20161010,
688555.SH,退市泽达,20161009,
688555.SH,退市泽达,20161008,
688555.SH,退市泽达,20161007,
688555.SH,退市泽达,20161006,
688555.SH,退市泽达,20161005,
688555.SH,退市泽达,20161004,
688555.SH,退市泽达,20161003,
688555.SH,退市泽达,20161002,
688555.SH,退市泽达,20161001,
688555.SH,退市泽达,20160930,
688555.SH,退市泽达,20160929,
688555.SH,退市泽达,20160928,
688555.SH,退市泽达,20160927,
688555.SH,退市泽达,20160926,
688555.SH,退市泽达,20160925,
688555.SH,退市泽达,20160924,
688555.SH,退市泽达,20160923,
688555.SH,退市泽达,20160922,
688555.SH,退市泽达,20160921,
688555.SH,退市泽达,20160920,
688555.SH,退市泽达,20160919,
688555.SH,退市泽达,20160918,
688555.SH,退市泽达,20160917,
688555.SH,退市泽达,20160916,
688555.SH,退市泽达,20160915,
688555.SH,退市泽达,20160914,
688555.SH,退市泽达,20160913,
688555.SH,退市泽达,20160912,
688555.SH,退市泽达,20160911,
688555.SH,退市泽达,20160910,
688555.SH,退市泽达,20160909,
688555.SH,退市泽达,20160908,
688555.SH,退市泽达,20160907,
688555.SH,退市泽达,20160906,
688555.SH,退市泽达,20160905,
688555.SH,退市泽达,20160904,
688555.SH,退市泽达,20160903,
688555.SH,退市泽达,20160902,
688555.SH,退市泽达,20160901,
688555.SH,退市泽达,20160831,
688555.SH,退市泽达,20160830,
688555.SH,退市泽达,20160829,
688555.SH,退市泽达,20160828,
688555.SH,退市泽达,20160827,
688555.SH,退市泽达,20160826,
688555.SH,退市泽达,20160825,
688555.SH,退市泽达,20160824,
688555.SH,退市泽达,20160823,
688555.SH,退市泽达,20160822,
688555.SH,退市泽达,20160821,
688555.SH,退市泽达,20160820,
688555.SH,退市泽达,20160819,
688555.SH,退市泽达,20160818,
688555.SH,退市泽达,20160817,
688555.SH,退市泽达,20160816,
688555.SH,退市泽达,20160815,
688555.SH,退市泽达,20160814,
688555.SH,退市泽达,20160813,
688555.SH,退市泽达,20160812,
688555.SH,退市泽达,20160811,
688555.SH,退市泽达,20160810,
688555.SH,退市泽达,20160809,
688555.SH,退市泽达,20160808,
688555.SH,退市泽达,20160807,
688555.SH,退市泽达,20160806,
688555.SH,退市泽达,20160805,
688555.SH,退市泽达,20160804,
688555.SH,退市泽达,20160803,
688555.SH,退市泽达,20160802,
688555.SH,退市泽达,20160801,
688555.SH,退市泽达,20160731,
688555.SH,退市泽达,20160730,
688555.SH,退市泽达,20160729,
688555.SH,退市泽达,20160728,
688555.SH,退市泽达,20160727,
688555.SH,退市泽达,20160726,
688555.SH,退市泽达,20160725,
688555.SH,退市泽达,20160724,
688555.SH,退市泽达,20160723,
688555.SH,退市泽达,20160722,
688555.SH,退市泽达,20160721,
688555.SH,退市泽达,20160720,
688555.SH,退市泽达,20160719,
688555.SH,退市泽达,20160718,
688555.SH,退市泽达,20160717,
688555.SH,退市泽达,20160716,
688555.SH,退市泽达,20160715,
688555.SH,退市泽达,20160714,
688555.SH,退市泽达,20160713,
688555.SH,退市泽达,20160712,
688555.SH,退市泽达,20160711,
688555.SH,退市泽达,20160710,
688555.SH,退市泽达,20160709,
688555.SH,退市泽达,20160708,
688555.SH,退市泽达,20160707,
688555.SH,退市泽达,20160706,
688555.SH,退市泽达,20160705,
688555.SH,退市泽达,20160704,
688555.SH,退市泽达,20160703,
688555.SH,退市泽达,20160702,
688555.SH,退市泽达,20160701,
688555.SH,退市泽达,20160630,
688555.SH,退市泽达,20160629,
688555.SH,退市泽达,20160628,
688555.SH,退市泽达,20160627,
688555.SH,退市泽达,20160626,
688555.SH,退市泽达,20160625,
688555.SH,退市泽达,20160624,
688555.SH,退市泽达,20160623,
688555.SH,退市泽达,20160622,
688555.SH,退市泽达,20160621,
688555.SH,退市泽达,20160620,
688555.SH,退市泽达,20160619,
688555.SH,退市泽达,20160618,
688555.SH,退市泽达,20160617,
688555.SH,退市泽达,20160616,
688555.SH,退市泽达,20160615,
688555.SH,退市泽达,20160614,
688555.SH,退市泽达,20160613,
688555.SH,退市泽达,20160612,
688555.SH,退市泽达,20160611,
688555.SH,退市泽达,20160610,
688555.SH,退市泽达,20160609,
688555.SH,退市泽达,20160608,
688555.SH,退市泽达,20160607,
688555.SH,退市泽达,20160606,
688555.SH,退市泽达,20160605,
688555.SH,退市泽达,20160604,
688555.SH,退市泽达,20160603,
688555.SH,退市泽达,20160602,
688555.SH,退市泽达,20160601,
688555.SH,退市泽达,20160531,
688555.SH,退市泽达,20160530,
688555.SH,退市泽达,20160529,
688555.SH,退市泽达,20160528,
688555.SH,退市泽达,20160527,
688555.SH,退市泽达,20160526,
688555.SH,退市泽达,20160525,
688555.SH,退市泽达,20160524,
688555.SH,退市泽达,20160523,
688555.SH,退市泽达,20160522,
688555.SH,退市泽达,20160521,
688555.SH,退市泽达,20160520,
688555.SH,退市泽达,20160519,
688555.SH,退市泽达,20160518,
688555.SH,退市泽达,20160517,
688555.SH,退市泽达,20160516,
688555.SH,退市泽达,20160515,
688555.SH,退市泽达,20160514,
688555.SH,退市泽达,20160513,
688555.SH,退市泽达,20160512,
688555.SH,退市泽达,20160511,
688555.SH,退市泽达,20160510,
688555.SH,退市泽达,20160509,
688555.SH,退市泽达,20160508,
688555.SH,退市泽达,20160507,
688555.SH,退市泽达,20160506,
688555.SH,退市泽达,20160505,
688555.SH,退市泽达,20160504,
688555.SH,退市泽达,20160503,
688555.SH,退市泽达,20160502,
688555.SH,退市泽达,20160501,
688555.SH,退市泽达,20160430,
688555.SH,退市泽达,20160429,
688555.SH,退市泽达,20160428,
688555.SH,退市泽达,20160427,
688555.SH,退市泽达,20160426,
688555.SH,退市泽达,20160425,
688555.SH,退市泽达,20160424,
688555.SH,退市泽达,20160423,
688555.SH,退市泽达,20160422,
688555.SH,退市泽达,20160421,
688555.SH,退市泽达,20160420,
688555.SH,退市泽达,20160419,
688555.SH,退市泽达,20160418,
688555.SH,退市泽达,20160417,
688555.SH,退市泽达,20160416,
688555.SH,退市泽达,20160415,
688555.SH,退市泽达,20160414,
688555.SH,退市泽达,20160413,
688555.SH,退市泽达,20160412,
688555.SH,退市泽达,20160411,
688555.SH,退市泽达,20160410,
688555.SH,退市泽达,20160409,
688555.SH,退市泽达,20160408,
688555.SH,退市泽达,20160407,
688555.SH,退市泽达,20160406,
688555.SH,退市泽达,20160405,
688555.SH,退市泽达,20160404,
688555.SH,退市泽达,20160403,
688555.SH,退市泽达,20160402,
688555.SH,退市泽达,20160401,
688555.SH,退市泽达,20160331,
688555.SH,退市泽达,20160330,
688555.SH,退市泽达,20160329,
688555.SH,退市泽达,20160328,
688555.SH,退市泽达,20160327,
688555.SH,退市泽达,20160326,
688555.SH,退市泽达,20160325,
688555.SH,退市泽达,20160324,
688555.SH,退市泽达,20160323,
688555.SH,退市泽达,20160322,
688555.SH,退市泽达,20160321,
688555.SH,退市泽达,20160320,
688555.SH,退市泽达,20160319,
688555.SH,退市泽达,20160318,
688555.SH,退市泽达,20160317,
688555.SH,退市泽达,20160316,
688555.SH,退市泽达,20160315,
688555.SH,退市泽达,20160314,
688555.SH,退市泽达,20160313,
688555.SH,退市泽达,20160312,
688555.SH,退市泽达,20160311,
688555.SH,退市泽达,20160310,
688555.SH,退市泽达,20160309,
688555.SH,退市泽达,20160308,
688555.SH,退市泽达,20160307,
688555.SH,退市泽达,20160306,
688555.SH,退市泽达,20160305,
688555.SH,退市泽达,20160304,
688555.SH,退市泽达,20160303,
688555.SH,退市泽达,20160302,
688555.SH,退市泽达,20160301,
688555.SH,退市泽达,20160229,
688555.SH,退市泽达,20160228,
688555.SH,退市泽达,20160227,
688555.SH,退市泽达,20160226,
688555.SH,退市泽达,20160225,
688555.SH,退市泽达,20160224,
688555.SH,退市泽达,20160223,
688555.SH,退市泽达,20160222,
688555.SH,退市泽达,20160221,
688555.SH,退市泽达,20160220,
688555.SH,退市泽达,20160219,
688555.SH,退市泽达,20160218,
688555.SH,退市泽达,20160217,
688555.SH,退市泽达,20160216,
688555.SH,退市泽达,20160215,
688555.SH,退市泽达,20160214,
688555.SH,退市泽达,20160213,
688555.SH,退市泽达,20160212,
688555.SH,退市泽达,20160211,
688555.SH,退市泽达,20160210,
688555.SH,退市泽达,20160209,
688555.SH,退市泽达,20160208,
688555.SH,退市泽达,20160207,
688555.SH,退市泽达,20160206,
688555.SH,退市泽达,20160205,
688555.SH,退市泽达,20160204,
688555.SH,退市泽达,20160203,
688555.SH,退市泽达,20160202,
688555.SH,退市泽达,20160201,
688555.SH,退市泽达,20160131,
688555.SH,退市泽达,20160130,
688555.SH,退市泽达,20160129,
688555.SH,退市泽达,20160128,
688555.SH,退市泽达,20160127,
688555.SH,退市泽达,20160126,
688555.SH,退市泽达,20160125,
688555.SH,退市泽达,20160124,
688555.SH,退市泽达,20160123,
688555.SH,退市泽达,20160122,
688555.SH,退市泽达,20160121,
688555.SH,退市泽达,20160120,
688555.SH,退市泽达,20160119,
688555.SH,退市泽达,20160118,
688555.SH,退市泽达,20160117,
688555.SH,退市泽达,20160116,
688555.SH,退市泽达,20160115,
688555.SH,退市泽达,20160114,
688555.SH,退市泽达,20160113,
688555.SH,退市泽达,20160112,
688555.SH,退市泽达,20160111,
688555.SH,退市泽达,20160110,
688555.SH,退市泽达,20160109,
688555.SH,退市泽达,20160108,
688555.SH,退市泽达,20160107,
688555.SH,退市泽达,20160106,
688555.SH,退市泽达,20160105,
688555.SH,退市泽达,20160104,
688555.SH,退市泽达,20160103,
688555.SH,退市泽达,20160102,
688555.SH,退市泽达,20160101,
688555.SH,退市泽达,20151231,
688555.SH,退市泽达,20151230,
688555.SH,退市泽达,20151229,
688555.SH,退市泽达,20151228,
688555.SH,退市泽达,20151227,
688555.SH,退市泽达,20151226,
688555.SH,退市泽达,20151225,
688555.SH,退市泽达,20151224,
688555.SH,退市泽达,20151223,
688555.SH,退市泽达,20151222,
688555.SH,退市泽达,20151221,
688555.SH,退市泽达,20151220,
688555.SH,退市泽达,20151219,
688555.SH,退市泽达,20151218,
688555.SH,退市泽达,20151217,
688555.SH,退市泽达,20151216,
688555.SH,退市泽达,20151215,
688555.SH,退市泽达,20151214,
688555.SH,退市泽达,20151213,
688555.SH,退市泽达,20151212,
688555.SH,退市泽达,20151211,
688555.SH,退市泽达,20151210,
688555.SH,退市泽达,20151209,
688555.SH,退市泽达,20151208,
688555.SH,退市泽达,20151207,
688555.SH,退市泽达,20151206,
688555.SH,退市泽达,20151205,
688555.SH,退市泽达,20151204,
688555.SH,退市泽达,20151203,
688555.SH,退市泽达,20151202,
688555.SH,退市泽达,20151201,
688555.SH,退市泽达,20151130,
688555.SH,退市泽达,20151129,
688555.SH,退市泽达,20151128,
688555.SH,退市泽达,20151127,
688555.SH,退市泽达,20151126,
688555.SH,退市泽达,20151125,
688555.SH,退市泽达,20151124,
688555.SH,退市泽达,20151123,
688555.SH,退市泽达,20151122,
688555.SH,退市泽达,20151121,
688555.SH,退市泽达,20151120,
688555.SH,退市泽达,20151119,
688555.SH,退市泽达,20151118,
688555.SH,退市泽达,20151117,
688555.SH,退市泽达,20151116,
688555.SH,退市泽达,20151115,
688555.SH,退市泽达,20151114,
688555.SH,退市泽达,20151113,
688555.SH,退市泽达,20151112,
688555.SH,退市泽达,20151111,
688555.SH,退市泽达,20151110,
688555.SH,退市泽达,20151109,
688555.SH,退市泽达,20151108,
688555.SH,退市泽达,20151107,
688555.SH,退市泽达,20151106,
688555.SH,退市泽达,20151105,
688555.SH,退市泽达,20151104,
688555.SH,退市泽达,20151103,
688555.SH,退市泽达,20151102,
688555.SH,退市泽达,20151101,
688555.SH,退市泽达,20151031,
688555.SH,退市泽达,20151030,
688555.SH,退市泽达,20151029,
688555.SH,退市泽达,20151028,
688555.SH,退市泽达,20151027,
688555.SH,退市泽达,20151026,
688555.SH,退市泽达,20151025,
688555.SH,退市泽达,20151024,
688555.SH,退市泽达,20151023,
688555.SH,退市泽达,20151022,
688555.SH,退市泽达,20151021,
688555.SH,退市泽达,20151020,
688555.SH,退市泽达,20151019,
688555.SH,退市泽达,20151018,
688555.SH,退市泽达,20151017,
688555.SH,退市泽达,20151016,
688555.SH,退市泽达,20151015,
688555.SH,退市泽达,20151014,
688555.SH,退市泽达,20151013,
688555.SH,退市泽达,20151012,
688555.SH,退市泽达,20151011,
688555.SH,退市泽达,20151010,
688555.SH,退市泽达,20151009,
688555.SH,退市泽达,20151008,
688555.SH,退市泽达,20151007,
688555.SH,退市泽达,20151006,
688555.SH,退市泽达,20151005,
688555.SH,退市泽达,20151004,
688555.SH,退市泽达,20151003,
688555.SH,退市泽达,20151002,
688555.SH,退市泽达,20151001,
688555.SH,退市泽达,20150930,
688555.SH,退市泽达,20150929,
688555.SH,退市泽达,20150928,
688555.SH,退市泽达,20150927,
688555.SH,退市泽达,20150926,
688555.SH,退市泽达,20150925,
688555.SH,退市泽达,20150924,
688555.SH,退市泽达,20150923,
688555.SH,退市泽达,20150922,
688555.SH,退市泽达,20150921,
688555.SH,退市泽达,20150920,
688555.SH,退市泽达,20150919,
688555.SH,退市泽达,20150918,
688555.SH,退市泽达,20150917,
688555.SH,退市泽达,20150916,
688555.SH,退市泽达,20150915,
688555.SH,退市泽达,20150914,
688555.SH,退市泽达,20150913,
688555.SH,退市泽达,20150912,
688555.SH,退市泽达,20150911,
688555.SH,退市泽达,20150910,
688555.SH,退市泽达,20150909,
688555.SH,退市泽达,20150908,
688555.SH,退市泽达,20150907,
688555.SH,退市泽达,20150906,
688555.SH,退市泽达,20150905,
688555.SH,退市泽达,20150904,
688555.SH,退市泽达,20150903,
688555.SH,退市泽达,20150902,
688555.SH,退市泽达,20150901,
688555.SH,退市泽达,20150831,
688555.SH,退市泽达,20150830,
688555.SH,退市泽达,20150829,
688555.SH,退市泽达,20150828,
688555.SH,退市泽达,20150827,
688555.SH,退市泽达,20150826,
688555.SH,退市泽达,20150825,
688555.SH,退市泽达,20150824,
688555.SH,退市泽达,20150823,
688555.SH,退市泽达,20150822,
688555.SH,退市泽达,20150821,
688555.SH,退市泽达,20150820,
688555.SH,退市泽达,20150819,
688555.SH,退市泽达,20150818,
688555.SH,退市泽达,20150817,
688555.SH,退市泽达,20150816,
688555.SH,退市泽达,20150815,
688555.SH,退市泽达,20150814,
688555.SH,退市泽达,20150813,
688555.SH,退市泽达,20150812,
688555.SH,退市泽达,20150811,
688555.SH,退市泽达,20150810,
688555.SH,退市泽达,20150809,
688555.SH,退市泽达,20150808,
688555.SH,退市泽达,20150807,
688555.SH,退市泽达,20150806,
688555.SH,退市泽达,20150805,
688555.SH,退市泽达,20150804,
688555.SH,退市泽达,20150803,
688555.SH,退市泽达,20150802,
688555.SH,退市泽达,20150801,
688555.SH,退市泽达,20150731,
688555.SH,退市泽达,20150730,
688555.SH,退市泽达,20150729,
688555.SH,退市泽达,20150728,
688555.SH,退市泽达,20150727,
688555.SH,退市泽达,20150726,
688555.SH,退市泽达,20150725,
688555.SH,退市泽达,20150724,
688555.SH,退市泽达,20150723,
688555.SH,退市泽达,20150722,
688555.SH,退市泽达,20150721,
688555.SH,退市泽达,20150720,
688555.SH,退市泽达,20150719,
688555.SH,退市泽达,20150718,
688555.SH,退市泽达,20150717,
688555.SH,退市泽达,20150716,
688555.SH,退市泽达,20150715,
688555.SH,退市泽达,20150714,
688555.SH,退市泽达,20150713,
688555.SH,退市泽达,20150712,
688555.SH,退市泽达,20150711,
688555.SH,退市泽达,20150710,
688555.SH,退市泽达,20150709,
688555.SH,退市泽达,20150708,
688555.SH,退市泽达,20150707,
688555.SH,退市泽达,20150706,
688555.SH,退市泽达,20150705,
688555.SH,退市泽达,20150704,
688555.SH,退市泽达,20150703,
688555.SH,退市泽达,20150702,
688555.SH,退市泽达,20150701,
688555.SH,退市泽达,20150630,
688555.SH,退市泽达,20150629,
688555.SH,退市泽达,20150628,
688555.SH,退市泽达,20150627,
688555.SH,退市泽达,20150626,
688555.SH,退市泽达,20150625,
688555.SH,退市泽达,20150624,
688555.SH,退市泽达,20150623,
688555.SH,退市泽达,20150622,
688555.SH,退市泽达,20150621,
688555.SH,退市泽达,20150620,
688555.SH,退市泽达,20150619,
688555.SH,退市泽达,20150618,
688555.SH,退市泽达,20150617,
688555.SH,退市泽达,20150616,
688555.SH,退市泽达,20150615,
688555.SH,退市泽达,20150614,
688555.SH,退市泽达,20150613,
688555.SH,退市泽达,20150612,
688555.SH,退市泽达,20150611,
688555.SH,退市泽达,20150610,
688555.SH,退市泽达,20150609,
688555.SH,退市泽达,20150608,
688555.SH,退市泽达,20150607,
688555.SH,退市泽达,20150606,
688555.SH,退市泽达,20150605,
688555.SH,退市泽达,20150604,
688555.SH,退市泽达,20150603,
688555.SH,退市泽达,20150602,
688555.SH,退市泽达,20150601,
688555.SH,退市泽达,20150531,
688555.SH,退市泽达,20150530,
688555.SH,退市泽达,20150529,
688555.SH,退市泽达,20150528,
688555.SH,退市泽达,20150527,
688555.SH,退市泽达,20150526,
688555.SH,退市泽达,20150525,
688555.SH,退市泽达,20150524,
688555.SH,退市泽达,20150523,
688555.SH,退市泽达,20150522,
688555.SH,退市泽达,20150521,
688555.SH,退市泽达,20150520,
688555.SH,退市泽达,20150519,
688555.SH,退市泽达,20150518,
688555.SH,退市泽达,20150517,
688555.SH,退市泽达,20150516,
688555.SH,退市泽达,20150515,
688555.SH,退市泽达,20150514,
688555.SH,退市泽达,20150513,
688555.SH,退市泽达,20150512,
688555.SH,退市泽达,20150511,
688555.SH,退市泽达,20150510,
688555.SH,退市泽达,20150509,
688555.SH,退市泽达,20150508,
688555.SH,退市泽达,20150507,
688555.SH,退市泽达,20150506,
688555.SH,退市泽达,20150505,
688555.SH,退市泽达,20150504,
688555.SH,退市泽达,20150503,
688555.SH,退市泽达,20150502,
688555.SH,退市泽达,20150501,
688555.SH,退市泽达,20150430,
688555.SH,退市泽达,20150429,
688555.SH,退市泽达,20150428,
688555.SH,退市泽达,20150427,
688555.SH,退市泽达,20150426,
688555.SH,退市泽达,20150425,
688555.SH,退市泽达,20150424,
688555.SH,退市泽达,20150423,
688555.SH,退市泽达,20150422,
688555.SH,退市泽达,20150421,
688555.SH,退市泽达,20150420,
688555.SH,退市泽达,20150419,
688555.SH,退市泽达,20150418,
688555.SH,退市泽达,20150417,
688555.SH,退市泽达,20150416,
688555.SH,退市泽达,20150415,
688555.SH,退市泽达,20150414,
688555.SH,退市泽达,20150413,
688555.SH,退市泽达,20150412,
688555.SH,退市泽达,20150411,
688555.SH,退市泽达,20150410,
688555.SH,退市泽达,20150409,
688555.SH,退市泽达,20150408,
688555.SH,退市泽达,20150407,
688555.SH,退市泽达,20150406,
688555.SH,退市泽达,20150405,
688555.SH,退市泽达,20150404,
688555.SH,退市泽达,20150403,
688555.SH,退市泽达,20150402,
688555.SH,退市泽达,20150401,
688555.SH,退市泽达,20150331,
688555.SH,退市泽达,20150330,
688555.SH,退市泽达,20150329,
688555.SH,退市泽达,20150328,
688555.SH,退市泽达,20150327,
688555.SH,退市泽达,20150326,
688555.SH,退市泽达,20150325,
688555.SH,退市泽达,20150324,
688555.SH,退市泽达,20150323,
688555.SH,退市泽达,20150322,
688555.SH,退市泽达,20150321,
688555.SH,退市泽达,20150320,
688555.SH,退市泽达,20150319,
688555.SH,退市泽达,20150318,
688555.SH,退市泽达,20150317,
688555.SH,退市泽达,20150316,
688555.SH,退市泽达,20150315,
688555.SH,退市泽达,20150314,
688555.SH,退市泽达,20150313,
688555.SH,退市泽达,20150312,
688555.SH,退市泽达,20150311,
688555.SH,退市泽达,20150310,
688555.SH,退市泽达,20150309,
688555.SH,退市泽达,20150308,
688555.SH,退市泽达,20150307,
688555.SH,退市泽达,20150306,
688555.SH,退市泽达,20150305,
688555.SH,退市泽达,20150304,
688555.SH,退市泽达,20150303,
688555.SH,退市泽达,20150302,
688555.SH,退市泽达,20150301,
688555.SH,退市泽达,20150228,
688555.SH,退市泽达,20150227,
688555.SH,退市泽达,20150226,
688555.SH,退市泽达,20150225,
688555.SH,退市泽达,20150224,
688555.SH,退市泽达,20150223,
688555.SH,退市泽达,20150222,
688555.SH,退市泽达,20150221,
688555.SH,退市泽达,20150220,
688555.SH,退市泽达,20150219,
688555.SH,退市泽达,20150218,
688555.SH,退市泽达,20150217,
688555.SH,退市泽达,20150216,
688555.SH,退市泽达,20150215,
688555.SH,退市泽达,20150214,
688555.SH,退市泽达,20150213,
688555.SH,退市泽达,20150212,
688555.SH,退市泽达,20150211,
688555.SH,退市泽达,20150210,
688555.SH,退市泽达,20150209,
688555.SH,退市泽达,20150208,
688555.SH,退市泽达,20150207,
688555.SH,退市泽达,20150206,
688555.SH,退市泽达,20150205,
688555.SH,退市泽达,20150204,
688555.SH,退市泽达,20150203,
688555.SH,退市泽达,20150202,
688555.SH,退市泽达,20150201,
688555.SH,退市泽达,20150131,
688555.SH,退市泽达,20150130,
688555.SH,退市泽达,20150129,
688555.SH,退市泽达,20150128,
688555.SH,退市泽达,20150127,
688555.SH,退市泽达,20150126,
688555.SH,退市泽达,20150125,
688555.SH,退市泽达,20150124,
688555.SH,退市泽达,20150123,
688555.SH,退市泽达,20150122,
688555.SH,退市泽达,20150121,
688555.SH,退市泽达,20150120,
688555.SH,退市泽达,20150119,
688555.SH,退市泽达,20150118,
688555.SH,退市泽达,20150117,
688555.SH,退市泽达,20150116,
688555.SH,退市泽达,20150115,
688555.SH,退市泽达,20150114,
688555.SH,退市泽达,20150113,
688555.SH,退市泽达,20150112,
688555.SH,退市泽达,20150111,
688555.SH,退市泽达,20150110,
688555.SH,退市泽达,20150109,
688555.SH,退市泽达,20150108,
688555.SH,退市泽达,20150107,
688555.SH,退市泽达,20150106,
688555.SH,退市泽达,20150105,
688555.SH,退市泽达,20150104,
688555.SH,退市泽达,20150103,
688555.SH,退市泽达,20150102,
688555.SH,退市泽达,20150101,
688555.SH,退市泽达,20141231,
688555.SH,退市泽达,20141230,
688555.SH,退市泽达,20141229,
688555.SH,退市泽达,20141228,
688555.SH,退市泽达,20141227,
688555.SH,退市泽达,20141226,
688555.SH,退市泽达,20141225,
688555.SH,退市泽达,20141224,
688555.SH,退市泽达,20141223,
688555.SH,退市泽达,20141222,
688555.SH,退市泽达,20141221,
688555.SH,退市泽达,20141220,
688555.SH,退市泽达,20141219,
688555.SH,退市泽达,20141218,
688555.SH,退市泽达,20141217,
688555.SH,退市泽达,20141216,
688555.SH,退市泽达,20141215,
688555.SH,退市泽达,20141214,
688555.SH,退市泽达,20141213,
688555.SH,退市泽达,20141212,
688555.SH,退市泽达,20141211,
688555.SH,退市泽达,20141210,
688555.SH,退市泽达,20141209,
688555.SH,退市泽达,20141208,
688555.SH,退市泽达,20141207,
688555.SH,退市泽达,20141206,
688555.SH,退市泽达,20141205,
688555.SH,退市泽达,20141204,
688555.SH,退市泽达,20141203,
688555.SH,退市泽达,20141202,
688555.SH,退市泽达,20141201,
688555.SH,退市泽达,20141130,
688555.SH,退市泽达,20141129,
688555.SH,退市泽达,20141128,
688555.SH,退市泽达,20141127,
688555.SH,退市泽达,20141126,
688555.SH,退市泽达,20141125,
688555.SH,退市泽达,20141124,
688555.SH,退市泽达,20141123,
688555.SH,退市泽达,20141122,
688555.SH,退市泽达,20141121,
688555.SH,退市泽达,20141120,
688555.SH,退市泽达,20141119,
688555.SH,退市泽达,20141118,
688555.SH,退市泽达,20141117,
688555.SH,退市泽达,20141116,
688555.SH,退市泽达,20141115,
688555.SH,退市泽达,20141114,
688555.SH,退市泽达,20141113,
688555.SH,退市泽达,20141112,
688555.SH,退市泽达,20141111,
688555.SH,退市泽达,20141110,
688555.SH,退市泽达,20141109,
688555.SH,退市泽达,20141108,
688555.SH,退市泽达,20141107,
688555.SH,退市泽达,20141106,
688555.SH,退市泽达,20141105,
688555.SH,退市泽达,20141104,
688555.SH,退市泽达,20141103,
688555.SH,退市泽达,20141102,
688555.SH,退市泽达,20141101,
688555.SH,退市泽达,20141031,
688555.SH,退市泽达,20141030,
688555.SH,退市泽达,20141029,
688555.SH,退市泽达,20141028,
688555.SH,退市泽达,20141027,
688555.SH,退市泽达,20141026,
688555.SH,退市泽达,20141025,
688555.SH,退市泽达,20141024,
688555.SH,退市泽达,20141023,
688555.SH,退市泽达,20141022,
688555.SH,退市泽达,20141021,
688555.SH,退市泽达,20141020,
688555.SH,退市泽达,20141019,
688555.SH,退市泽达,20141018,
688555.SH,退市泽达,20141017,
688555.SH,退市泽达,20141016,
688555.SH,退市泽达,20141015,
688555.SH,退市泽达,20141014,
688555.SH,退市泽达,20141013,
688555.SH,退市泽达,20141012,
688555.SH,退市泽达,20141011,
688555.SH,退市泽达,20141010,
688555.SH,退市泽达,20141009,
688555.SH,退市泽达,20141008,
688555.SH,退市泽达,20141007,
688555.SH,退市泽达,20141006,
688555.SH,退市泽达,20141005,
688555.SH,退市泽达,20141004,
688555.SH,退市泽达,20141003,
688555.SH,退市泽达,20141002,
688555.SH,退市泽达,20141001,
688555.SH,退市泽达,20140930,
688555.SH,退市泽达,20140929,
688555.SH,退市泽达,20140928,
688555.SH,退市泽达,20140927,
688555.SH,退市泽达,20140926,
688555.SH,退市泽达,20140925,
688555.SH,退市泽达,20140924,
688555.SH,退市泽达,20140923,
688555.SH,退市泽达,20140922,
688555.SH,退市泽达,20140921,
688555.SH,退市泽达,20140920,
688555.SH,退市泽达,20140919,
688555.SH,退市泽达,20140918,
688555.SH,退市泽达,20140917,
688555.SH,退市泽达,20140916,
688555.SH,退市泽达,20140915,
688555.SH,退市泽达,20140914,
688555.SH,退市泽达,20140913,
688555.SH,退市泽达,20140912,
688555.SH,退市泽达,20140911,
688555.SH,退市泽达,20140910,
688555.SH,退市泽达,20140909,
688555.SH,退市泽达,20140908,
688555.SH,退市泽达,20140907,
688555.SH,退市泽达,20140906,
688555.SH,退市泽达,20140905,
688555.SH,退市泽达,20140904,
688555.SH,退市泽达,20140903,
688555.SH,退市泽达,20140902,
688555.SH,退市泽达,20140901,
688555.SH,退市泽达,20140831,
688555.SH,退市泽达,20140830,
688555.SH,退市泽达,20140829,
688555.SH,退市泽达,20140828,
688555.SH,退市泽达,20140827,
688555.SH,退市泽达,20140826,
688555.SH,退市泽达,20140825,
688555.SH,退市泽达,20140824,
688555.SH,退市泽达,20140823,
688555.SH,退市泽达,20140822,
688555.SH,退市泽达,20140821,
688555.SH,退市泽达,20140820,
688555.SH,退市泽达,20140819,
688555.SH,退市泽达,20140818,
688555.SH,退市泽达,20140817,
688555.SH,退市泽达,20140816,
688555.SH,退市泽达,20140815,
688555.SH,退市泽达,20140814,
688555.SH,退市泽达,20140813,
688555.SH,退市泽达,20140812,
688555.SH,退市泽达,20140811,
688555.SH,退市泽达,20140810,
688555.SH,退市泽达,20140809,
688555.SH,退市泽达,20140808,
688555.SH,退市泽达,20140807,
688555.SH,退市泽达,20140806,
688555.SH,退市泽达,20140805,
688555.SH,退市泽达,20140804,
688555.SH,退市泽达,20140803,
688555.SH,退市泽达,20140802,
688555.SH,退市泽达,20140801,
688555.SH,退市泽达,20140731,
688555.SH,退市泽达,20140730,
688555.SH,退市泽达,20140729,
688555.SH,退市泽达,20140728,
688555.SH,退市泽达,20140727,
688555.SH,退市泽达,20140726,
688555.SH,退市泽达,20140725,
688555.SH,退市泽达,20140724,
688555.SH,退市泽达,20140723,
688555.SH,退市泽达,20140722,
688555.SH,退市泽达,20140721,
688555.SH,退市泽达,20140720,
688555.SH,退市泽达,20140719,
688555.SH,退市泽达,20140718,
688555.SH,退市泽达,20140717,
688555.SH,退市泽达,20140716,
688555.SH,退市泽达,20140715,
688555.SH,退市泽达,20140714,
688555.SH,退市泽达,20140713,
688555.SH,退市泽达,20140712,
688555.SH,退市泽达,20140711,
688555.SH,退市泽达,20140710,
688555.SH,退市泽达,20140709,
688555.SH,退市泽达,20140708,
688555.SH,退市泽达,20140707,
688555.SH,退市泽达,20140706,
688555.SH,退市泽达,20140705,
688555.SH,退市泽达,20140704,
688555.SH,退市泽达,20140703,
688555.SH,退市泽达,20140702,
688555.SH,退市泽达,20140701,
688555.SH,退市泽达,20140630,
688555.SH,退市泽达,20140629,
688555.SH,退市泽达,20140628,
688555.SH,退市泽达,20140627,
688555.SH,退市泽达,20140626,
688555.SH,退市泽达,20140625,
688555.SH,退市泽达,20140624,
688555.SH,退市泽达,20140623,
688555.SH,退市泽达,20140622,
688555.SH,退市泽达,20140621,
688555.SH,退市泽达,20140620,
688555.SH,退市泽达,20140619,
688555.SH,退市泽达,20140618,
688555.SH,退市泽达,20140617,
688555.SH,退市泽达,20140616,
688555.SH,退市泽达,20140615,
688555.SH,退市泽达,20140614,
688555.SH,退市泽达,20140613,
688555.SH,退市泽达,20140612,
688555.SH,退市泽达,20140611,
688555.SH,退市泽达,20140610,
688555.SH,退市泽达,20140609,
688555.SH,退市泽达,20140608,
688555.SH,退市泽达,20140607,
688555.SH,退市泽达,20140606,
688555.SH,退市泽达,20140605,
688555.SH,退市泽达,20140604,
688555.SH,退市泽达,20140603,
688555.SH,退市泽达,20140602,
688555.SH,退市泽达,20140601,
688555.SH,退市泽达,20140531,
688555.SH,退市泽达,20140530,
688555.SH,退市泽达,20140529,
688555.SH,退市泽达,20140528,
688555.SH,退市泽达,20140527,
688555.SH,退市泽达,20140526,
688555.SH,退市泽达,20140525,
688555.SH,退市泽达,20140524,
688555.SH,退市泽达,20140523,
688555.SH,退市泽达,20140522,
688555.SH,退市泽达,20140521,
688555.SH,退市泽达,20140520,
688555.SH,退市泽达,20140519,
688555.SH,退市泽达,20140518,
688555.SH,退市泽达,20140517,
688555.SH,退市泽达,20140516,
688555.SH,退市泽达,20140515,
688555.SH,退市泽达,20140514,
688555.SH,退市泽达,20140513,
688555.SH,退市泽达,20140512,
688555.SH,退市泽达,20140511,
688555.SH,退市泽达,20140510,
688555.SH,退市泽达,20140509,
688555.SH,退市泽达,20140508,
688555.SH,退市泽达,20140507,
688555.SH,退市泽达,20140506,
688555.SH,退市泽达,20140505,
688555.SH,退市泽达,20140504,
688555.SH,退市泽达,20140503,
688555.SH,退市泽达,20140502,
688555.SH,退市泽达,20140501,
688555.SH,退市泽达,20140430,
688555.SH,退市泽达,20140429,
688555.SH,退市泽达,20140428,
688555.SH,退市泽达,20140427,
688555.SH,退市泽达,20140426,
688555.SH,退市泽达,20140425,
688555.SH,退市泽达,20140424,
688555.SH,退市泽达,20140423,
688555.SH,退市泽达,20140422,
688555.SH,退市泽达,20140421,
688555.SH,退市泽达,20140420,
688555.SH,退市泽达,20140419,
688555.SH,退市泽达,20140418,
688555.SH,退市泽达,20140417,
688555.SH,退市泽达,20140416,
688555.SH,退市泽达,20140415,
688555.SH,退市泽达,20140414,
688555.SH,退市泽达,20140413,
688555.SH,退市泽达,20140412,
688555.SH,退市泽达,20140411,
688555.SH,退市泽达,20140410,
688555.SH,退市泽达,20140409,
688555.SH,退市泽达,20140408,
688555.SH,退市泽达,20140407,
688555.SH,退市泽达,20140406,
688555.SH,退市泽达,20140405,
688555.SH,退市泽达,20140404,
688555.SH,退市泽达,20140403,
688555.SH,退市泽达,20140402,
688555.SH,退市泽达,20140401,
688555.SH,退市泽达,20140331,
688555.SH,退市泽达,20140330,
688555.SH,退市泽达,20140329,
688555.SH,退市泽达,20140328,
688555.SH,退市泽达,20140327,
688555.SH,退市泽达,20140326,
688555.SH,退市泽达,20140325,
688555.SH,退市泽达,20140324,
688555.SH,退市泽达,20140323,
688555.SH,退市泽达,20140322,
688555.SH,退市泽达,20140321,
688555.SH,退市泽达,20140320,
688555.SH,退市泽达,20140319,
688555.SH,退市泽达,20140318,
688555.SH,退市泽达,20140317,
688555.SH,退市泽达,20140316,
688555.SH,退市泽达,20140315,
688555.SH,退市泽达,20140314,
688555.SH,退市泽达,20140313,
688555.SH,退市泽达,20140312,
688555.SH,退市泽达,20140311,
688555.SH,退市泽达,20140310,
688555.SH,退市泽达,20140309,
688555.SH,退市泽达,20140308,
688555.SH,退市泽达,20140307,
688555.SH,退市泽达,20140306,
688555.SH,退市泽达,20140305,
688555.SH,退市泽达,20140304,
688555.SH,退市泽达,20140303,
688555.SH,退市泽达,20140302,
688555.SH,退市泽达,20140301,
688555.SH,退市泽达,20140228,
688555.SH,退市泽达,20140227,
688555.SH,退市泽达,20140226,
688555.SH,退市泽达,20140225,
688555.SH,退市泽达,20140224,
688555.SH,退市泽达,20140223,
688555.SH,退市泽达,20140222,
688555.SH,退市泽达,20140221,
688555.SH,退市泽达,20140220,
688555.SH,退市泽达,20140219,
688555.SH,退市泽达,20140218,
688555.SH,退市泽达,20140217,
688555.SH,退市泽达,20140216,
688555.SH,退市泽达,20140215,
688555.SH,退市泽达,20140214,
688555.SH,退市泽达,20140213,
688555.SH,退市泽达,20140212,
688555.SH,退市泽达,20140211,
688555.SH,退市泽达,20140210,
688555.SH,退市泽达,20140209,
688555.SH,退市泽达,20140208,
688555.SH,退市泽达,20140207,
688555.SH,退市泽达,20140206,
688555.SH,退市泽达,20140205,
688555.SH,退市泽达,20140204,
688555.SH,退市泽达,20140203,
688555.SH,退市泽达,20140202,
688555.SH,退市泽达,20140201,
688555.SH,退市泽达,20140131,
688555.SH,退市泽达,20140130,
688555.SH,退市泽达,20140129,
688555.SH,退市泽达,20140128,
688555.SH,退市泽达,20140127,
688555.SH,退市泽达,20140126,
688555.SH,退市泽达,20140125,
688555.SH,退市泽达,20140124,
688555.SH,退市泽达,20140123,
688555.SH,退市泽达,20140122,
688555.SH,退市泽达,20140121,
688555.SH,退市泽达,20140120,
688555.SH,退市泽达,20140119,
688555.SH,退市泽达,20140118,
688555.SH,退市泽达,20140117,
688555.SH,退市泽达,20140116,
688555.SH,退市泽达,20140115,
688555.SH,退市泽达,20140114,
688555.SH,退市泽达,20140113,
688555.SH,退市泽达,20140112,
688555.SH,退市泽达,20140111,
688555.SH,退市泽达,20140110,
688555.SH,退市泽达,20140109,
688555.SH,退市泽达,20140108,
688555.SH,退市泽达,20140107,
688555.SH,退市泽达,20140106,
688555.SH,退市泽达,20140105,
688555.SH,退市泽达,20140104,
688555.SH,退市泽达,20140103,
688555.SH,退市泽达,20140102,
688555.SH,退市泽达,20140101,
688555.SH,退市泽达,20131231,
688555.SH,退市泽达,20131230,
688555.SH,退市泽达,20131229,
688555.SH,退市泽达,20131228,
688555.SH,退市泽达,20131227,
688555.SH,退市泽达,20131226,
688555.SH,退市泽达,20131225,
688555.SH,退市泽达,20131224,
688555.SH,退市泽达,20131223,
688555.SH,退市泽达,20131222,
688555.SH,退市泽达,20131221,
688555.SH,退市泽达,20131220,
688555.SH,退市泽达,20131219,
688555.SH,退市泽达,20131218,
688555.SH,退市泽达,20131217,
688555.SH,退市泽达,20131216,
688555.SH,退市泽达,20131215,
688555.SH,退市泽达,20131214,
688555.SH,退市泽达,20131213,
688555.SH,退市泽达,20131212,
688555.SH,退市泽达,20131211,
688555.SH,退市泽达,20131210,
688555.SH,退市泽达,20131209,
688555.SH,退市泽达,20131208,
688555.SH,退市泽达,20131207,
688555.SH,退市泽达,20131206,
688555.SH,退市泽达,20131205,
688555.SH,退市泽达,20131204,
688555.SH,退市泽达,20131203,
688555.SH,退市泽达,20131202,
688555.SH,退市泽达,20131201,
688555.SH,退市泽达,20131130,
688555.SH,退市泽达,20131129,
688555.SH,退市泽达,20131128,
688555.SH,退市泽达,20131127,
688555.SH,退市泽达,20131126,
688555.SH,退市泽达,20131125,
688555.SH,退市泽达,20131124,
688555.SH,退市泽达,20131123,
688555.SH,退市泽达,20131122,
688555.SH,退市泽达,20131121,
688555.SH,退市泽达,20131120,
688555.SH,退市泽达,20131119,
688555.SH,退市泽达,20131118,
688555.SH,退市泽达,20131117,
688555.SH,退市泽达,20131116,
688555.SH,退市泽达,20131115,
688555.SH,退市泽达,20131114,
688555.SH,退市泽达,20131113,
688555.SH,退市泽达,20131112,
688555.SH,退市泽达,20131111,
688555.SH,退市泽达,20131110,
688555.SH,退市泽达,20131109,
688555.SH,退市泽达,20131108,
688555.SH,退市泽达,20131107,
688555.SH,退市泽达,20131106,
688555.SH,退市泽达,20131105,
688555.SH,退市泽达,20131104,
688555.SH,退市泽达,20131103,
688555.SH,退市泽达,20131102,
688555.SH,退市泽达,20131101,
688555.SH,退市泽达,20131031,
688555.SH,退市泽达,20131030,
688555.SH,退市泽达,20131029,
688555.SH,退市泽达,20131028,
688555.SH,退市泽达,20131027,
688555.SH,退市泽达,20131026,
688555.SH,退市泽达,20131025,
688555.SH,退市泽达,20131024,
688555.SH,退市泽达,20131023,
688555.SH,退市泽达,20131022,
688555.SH,退市泽达,20131021,
688555.SH,退市泽达,20131020,
688555.SH,退市泽达,20131019,
688555.SH,退市泽达,20131018,
688555.SH,退市泽达,20131017,
688555.SH,退市泽达,20131016,
688555.SH,退市泽达,20131015,
688555.SH,退市泽达,20131014,
688555.SH,退市泽达,20131013,
688555.SH,退市泽达,20131012,
688555.SH,退市泽达,20131011,
688555.SH,退市泽达,20131010,
688555.SH,退市泽达,20131009,
688555.SH,退市泽达,20131008,
688555.SH,退市泽达,20131007,
688555.SH,退市泽达,20131006,
688555.SH,退市泽达,20131005,
688555.SH,退市泽达,20131004,
688555.SH,退市泽达,20131003,
688555.SH,退市泽达,20131002,
688555.SH,退市泽达,20131001,
688555.SH,退市泽达,20130930,
688555.SH,退市泽达,20130929,
688555.SH,退市泽达,20130928,
688555.SH,退市泽达,20130927,
688555.SH,退市泽达,20130926,
688555.SH,退市泽达,20130925,
688555.SH,退市泽达,20130924,
688555.SH,退市泽达,20130923,
688555.SH,退市泽达,20130922,
688555.SH,退市泽达,20130921,
688555.SH,退市泽达,20130920,
688555.SH,退市泽达,20130919,
688555.SH,退市泽达,20130918,
688555.SH,退市泽达,20130917,
688555.SH,退市泽达,20130916,
688555.SH,退市泽达,20130915,
688555.SH,退市泽达,20130914,
688555.SH,退市泽达,20130913,
688555.SH,退市泽达,20130912,
688555.SH,退市泽达,20130911,
688555.SH,退市泽达,20130910,
688555.SH,退市泽达,20130909,
688555.SH,退市泽达,20130908,
688555.SH,退市泽达,20130907,
688555.SH,退市泽达,20130906,
688555.SH,退市泽达,20130905,
688555.SH,退市泽达,20130904,
688555.SH,退市泽达,20130903,
688555.SH,退市泽达,20130902,
688555.SH,退市泽达,20130901,
688555.SH,退市泽达,20130831,
688555.SH,退市泽达,20130830,
688555.SH,退市泽达,20130829,
688555.SH,退市泽达,20130828,
688555.SH,退市泽达,20130827,
688555.SH,退市泽达,20130826,
688555.SH,退市泽达,20130825,
688555.SH,退市泽达,20130824,
688555.SH,退市泽达,20130823,
688555.SH,退市泽达,20130822,
688555.SH,退市泽达,20130821,
688555.SH,退市泽达,20130820,
688555.SH,退市泽达,20130819,
688555.SH,退市泽达,20130818,
688555.SH,退市泽达,20130817,
688555.SH,退市泽达,20130816,
688555.SH,退市泽达,20130815,
688555.SH,退市泽达,20130814,
688555.SH,退市泽达,20130813,
688555.SH,退市泽达,20130812,
688555.SH,退市泽达,20130811,
688555.SH,退市泽达,20130810,
688555.SH,退市泽达,20130809,
688555.SH,退市泽达,20130808,
688555.SH,退市泽达,20130807,
688555.SH,退市泽达,20130806,
688555.SH,退市泽达,20130805,
688555.SH,退市泽达,20130804,
688555.SH,退市泽达,20130803,
688555.SH,退市泽达,20130802,
688555.SH,退市泽达,20130801,
688555.SH,退市泽达,20130731,
688555.SH,退市泽达,20130730,
688555.SH,退市泽达,20130729,
688555.SH,退市泽达,20130728,
688555.SH,退市泽达,20130727,
688555.SH,退市泽达,20130726,
688555.SH,退市泽达,20130725,
688555.SH,退市泽达,20130724,
688555.SH,退市泽达,20130723,
688555.SH,退市泽达,20130722,
688555.SH,退市泽达,20130721,
688555.SH,退市泽达,20130720,
688555.SH,退市泽达,20130719,
688555.SH,退市泽达,20130718,
688555.SH,退市泽达,20130717,
688555.SH,退市泽达,20130716,
688555.SH,退市泽达,20130715,
688555.SH,退市泽达,20130714,
688555.SH,退市泽达,20130713,
688555.SH,退市泽达,20130712,
688555.SH,退市泽达,20130711,
688555.SH,退市泽达,20130710,
688555.SH,退市泽达,20130709,
688555.SH,退市泽达,20130708,
688555.SH,退市泽达,20130707,
688555.SH,退市泽达,20130706,
688555.SH,退市泽达,20130705,
688555.SH,退市泽达,20130704,
688555.SH,退市泽达,20130703,
688555.SH,退市泽达,20130702,
688555.SH,退市泽达,20130701,
688555.SH,退市泽达,20130630,
688555.SH,退市泽达,20130629,
688555.SH,退市泽达,20130628,
688555.SH,退市泽达,20130627,
688555.SH,退市泽达,20130626,
688555.SH,退市泽达,20130625,
688555.SH,退市泽达,20130624,
688555.SH,退市泽达,20130623,
688555.SH,退市泽达,20130622,
688555.SH,退市泽达,20130621,
688555.SH,退市泽达,20130620,
688555.SH,退市泽达,20130619,
688555.SH,退市泽达,20130618,
688555.SH,退市泽达,20130617,
688555.SH,退市泽达,20130616,
688555.SH,退市泽达,20130615,
688555.SH,退市泽达,20130614,
688555.SH,退市泽达,20130613,
688555.SH,退市泽达,20130612,
688555.SH,退市泽达,20130611,
688555.SH,退市泽达,20130610,
688555.SH,退市泽达,20130609,
688555.SH,退市泽达,20130608,
688555.SH,退市泽达,20130607,
688555.SH,退市泽达,20130606,
688555.SH,退市泽达,20130605,
688555.SH,退市泽达,20130604,
688555.SH,退市泽达,20130603,
688555.SH,退市泽达,20130602,
688555.SH,退市泽达,20130601,
688555.SH,退市泽达,20130531,
688555.SH,退市泽达,20130530,
688555.SH,退市泽达,20130529,
688555.SH,退市泽达,20130528,
688555.SH,退市泽达,20130527,
688555.SH,退市泽达,20130526,
688555.SH,退市泽达,20130525,
688555.SH,退市泽达,20130524,
688555.SH,退市泽达,20130523,
688555.SH,退市泽达,20130522,
688555.SH,退市泽达,20130521,
688555.SH,退市泽达,20130520,
688555.SH,退市泽达,20130519,
688555.SH,退市泽达,20130518,
688555.SH,退市泽达,20130517,
688555.SH,退市泽达,20130516,
688555.SH,退市泽达,20130515,
688555.SH,退市泽达,20130514,
688555.SH,退市泽达,20130513,
688555.SH,退市泽达,20130512,
688555.SH,退市泽达,20130511,
688555.SH,退市泽达,20130510,
688555.SH,退市泽达,20130509,
688555.SH,退市泽达,20130508,
688555.SH,退市泽达,20130507,
688555.SH,退市泽达,20130506,
688555.SH,退市泽达,20130505,
688555.SH,退市泽达,20130504,
688555.SH,退市泽达,20130503,
688555.SH,退市泽达,20130502,
688555.SH,退市泽达,20130501,
688555.SH,退市泽达,20130430,
688555.SH,退市泽达,20130429,
688555.SH,退市泽达,20130428,
688555.SH,退市泽达,20130427,
688555.SH,退市泽达,20130426,
688555.SH,退市泽达,20130425,
688555.SH,退市泽达,20130424,
688555.SH,退市泽达,20130423,
688555.SH,退市泽达,20130422,
688555.SH,退市泽达,20130421,
688555.SH,退市泽达,20130420,
688555.SH,退市泽达,20130419,
688555.SH,退市泽达,20130418,
688555.SH,退市泽达,20130417,
688555.SH,退市泽达,20130416,
688555.SH,退市泽达,20130415,
688555.SH,退市泽达,20130414,
688555.SH,退市泽达,20130413,
688555.SH,退市泽达,20130412,
688555.SH,退市泽达,20130411,
688555.SH,退市泽达,20130410,
688555.SH,退市泽达,20130409,
688555.SH,退市泽达,20130408,
688555.SH,退市泽达,20130407,
688555.SH,退市泽达,20130406,
688555.SH,退市泽达,20130405,
688555.SH,退市泽达,20130404,
688555.SH,退市泽达,20130403,
688555.SH,退市泽达,20130402,
688555.SH,退市泽达,20130401,
688555.SH,退市泽达,20130331,
688555.SH,退市泽达,20130330,
688555.SH,退市泽达,20130329,
688555.SH,退市泽达,20130328,
688555.SH,退市泽达,20130327,
688555.SH,退市泽达,20130326,
688555.SH,退市泽达,20130325,
688555.SH,退市泽达,20130324,
688555.SH,退市泽达,20130323,
688555.SH,退市泽达,20130322,
688555.SH,退市泽达,20130321,
688555.SH,退市泽达,20130320,
688555.SH,退市泽达,20130319,
688555.SH,退市泽达,20130318,
688555.SH,退市泽达,20130317,
688555.SH,退市泽达,20130316,
688555.SH,退市泽达,20130315,
688555.SH,退市泽达,20130314,
688555.SH,退市泽达,20130313,
688555.SH,退市泽达,20130312,
688555.SH,退市泽达,20130311,
688555.SH,退市泽达,20130310,
688555.SH,退市泽达,20130309,
688555.SH,退市泽达,20130308,
688555.SH,退市泽达,20130307,
688555.SH,退市泽达,20130306,
688555.SH,退市泽达,20130305,
688555.SH,退市泽达,20130304,
688555.SH,退市泽达,20130303,
688555.SH,退市泽达,20130302,
688555.SH,退市泽达,20130301,
688555.SH,退市泽达,20130228,
688555.SH,退市泽达,20130227,
688555.SH,退市泽达,20130226,
688555.SH,退市泽达,20130225,
688555.SH,退市泽达,20130224,
688555.SH,退市泽达,20130223,
688555.SH,退市泽达,20130222,
688555.SH,退市泽达,20130221,
688555.SH,退市泽达,20130220,
688555.SH,退市泽达,20130219,
688555.SH,退市泽达,20130218,
688555.SH,退市泽达,20130217,
688555.SH,退市泽达,20130216,
688555.SH,退市泽达,20130215,
688555.SH,退市泽达,20130214,
688555.SH,退市泽达,20130213,
688555.SH,退市泽达,20130212,
688555.SH,退市泽达,20130211,
688555.SH,退市泽达,20130210,
688555.SH,退市泽达,20130209,
688555.SH,退市泽达,20130208,
688555.SH,退市泽达,20130207,
688555.SH,退市泽达,20130206,
688555.SH,退市泽达,20130205,
688555.SH,退市泽达,20130204,
688555.SH,退市泽达,20130203,
688555.SH,退市泽达,20130202,
688555.SH,退市泽达,20130201,
688555.SH,退市泽达,20130131,
688555.SH,退市泽达,20130130,
688555.SH,退市泽达,20130129,
688555.SH,退市泽达,20130128,
688555.SH,退市泽达,20130127,
688555.SH,退市泽达,20130126,
688555.SH,退市泽达,20130125,
688555.SH,退市泽达,20130124,
688555.SH,退市泽达,20130123,
688555.SH,退市泽达,20130122,
688555.SH,退市泽达,20130121,
688555.SH,退市泽达,20130120,
688555.SH,退市泽达,20130119,
688555.SH,退市泽达,20130118,
688555.SH,退市泽达,20130117,
688555.SH,退市泽达,20130116,
688555.SH,退市泽达,20130115,
688555.SH,退市泽达,20130114,
688555.SH,退市泽达,20130113,
688555.SH,退市泽达,20130112,
688555.SH,退市泽达,20130111,
688555.SH,退市泽达,20130110,
688555.SH,退市泽达,20130109,
688555.SH,退市泽达,20130108,
688555.SH,退市泽达,20130107,
688555.SH,退市泽达,20130106,
688555.SH,退市泽达,20130105,
688555.SH,退市泽达,20130104,
688555.SH,退市泽达,20130103,
688555.SH,退市泽达,20130102,
688555.SH,退市泽达,20130101,
688555.SH,退市泽达,20121231,
688555.SH,退市泽达,20121230,
688555.SH,退市泽达,20121229,
688555.SH,退市泽达,20121228,
688555.SH,退市泽达,20121227,
688555.SH,退市泽达,20121226,
688555.SH,退市泽达,20121225,
688555.SH,退市泽达,20121224,
688555.SH,退市泽达,20121223,
688555.SH,退市泽达,20121222,
688555.SH,退市泽达,20121221,
688555.SH,退市泽达,20121220,
688555.SH,退市泽达,20121219,
688555.SH,退市泽达,20121218,
688555.SH,退市泽达,20121217,
688555.SH,退市泽达,20121216,
688555.SH,退市泽达,20121215,
688555.SH,退市泽达,20121214,
688555.SH,退市泽达,20121213,
688555.SH,退市泽达,20121212,
688555.SH,退市泽达,20121211,
688555.SH,退市泽达,20121210,
688555.SH,退市泽达,20121209,
688555.SH,退市泽达,20121208,
688555.SH,退市泽达,20121207,
688555.SH,退市泽达,20121206,
688555.SH,退市泽达,20121205,
688555.SH,退市泽达,20121204,
688555.SH,退市泽达,20121203,
688555.SH,退市泽达,20121202,
688555.SH,退市泽达,20121201,
688555.SH,退市泽达,20121130,
688555.SH,退市泽达,20121129,
688555.SH,退市泽达,20121128,
688555.SH,退市泽达,20121127,
688555.SH,退市泽达,20121126,
688555.SH,退市泽达,20121125,
688555.SH,退市泽达,20121124,
688555.SH,退市泽达,20121123,
688555.SH,退市泽达,20121122,
688555.SH,退市泽达,20121121,
688555.SH,退市泽达,20121120,
688555.SH,退市泽达,20121119,
688555.SH,退市泽达,20121118,
688555.SH,退市泽达,20121117,
688555.SH,退市泽达,20121116,
688555.SH,退市泽达,20121115,
688555.SH,退市泽达,20121114,
688555.SH,退市泽达,20121113,
688555.SH,退市泽达,20121112,
688555.SH,退市泽达,20121111,
688555.SH,退市泽达,20121110,
688555.SH,退市泽达,20121109,
688555.SH,退市泽达,20121108,
688555.SH,退市泽达,20121107,
688555.SH,退市泽达,20121106,
688555.SH,退市泽达,20121105,
688555.SH,退市泽达,20121104,
688555.SH,退市泽达,20121103,
688555.SH,退市泽达,20121102,
688555.SH,退市泽达,20121101,
688555.SH,退市泽达,20121031,
688555.SH,退市泽达,20121030,
688555.SH,退市泽达,20121029,
688555.SH,退市泽达,20121028,
688555.SH,退市泽达,20121027,
688555.SH,退市泽达,20121026,
688555.SH,退市泽达,20121025,
688555.SH,退市泽达,20121024,
688555.SH,退市泽达,20121023,
688555.SH,退市泽达,20121022,
688555.SH,退市泽达,20121021,
688555.SH,退市泽达,20121020,
688555.SH,退市泽达,20121019,
688555.SH,退市泽达,20121018,
688555.SH,退市泽达,20121017,
688555.SH,退市泽达,20121016,
688555.SH,退市泽达,20121015,
688555.SH,退市泽达,20121014,
688555.SH,退市泽达,20121013,
688555.SH,退市泽达,20121012,
688555.SH,退市泽达,20121011,
688555.SH,退市泽达,20121010,
688555.SH,退市泽达,20121009,
688555.SH,退市泽达,20121008,
688555.SH,退市泽达,20121007,
688555.SH,退市泽达,20121006,
688555.SH,退市泽达,20121005,
688555.SH,退市泽达,20121004,
688555.SH,退市泽达,20121003,
688555.SH,退市泽达,20121002,
688555.SH,退市泽达,20121001,
688555.SH,退市泽达,20120930,
688555.SH,退市泽达,20120929,
688555.SH,退市泽达,20120928,
688555.SH,退市泽达,20120927,
688555.SH,退市泽达,20120926,
688555.SH,退市泽达,20120925,
688555.SH,退市泽达,20120924,
688555.SH,退市泽达,20120923,
688555.SH,退市泽达,20120922,
688555.SH,退市泽达,20120921,
688555.SH,退市泽达,20120920,
688555.SH,退市泽达,20120919,
688555.SH,退市泽达,20120918,
688555.SH,退市泽达,20120917,
688555.SH,退市泽达,20120916,
688555.SH,退市泽达,20120915,
688555.SH,退市泽达,20120914,
688555.SH,退市泽达,20120913,
688555.SH,退市泽达,20120912,
688555.SH,退市泽达,20120911,
688555.SH,退市泽达,20120910,
688555.SH,退市泽达,20120909,
688555.SH,退市泽达,20120908,
688555.SH,退市泽达,20120907,
688555.SH,退市泽达,20120906,
688555.SH,退市泽达,20120905,
688555.SH,退市泽达,20120904,
688555.SH,退市泽达,20120903,
688555.SH,退市泽达,20120902,
688555.SH,退市泽达,20120901,
688555.SH,退市泽达,20120831,
688555.SH,退市泽达,20120830,
688555.SH,退市泽达,20120829,
688555.SH,退市泽达,20120828,
688555.SH,退市泽达,20120827,
688555.SH,退市泽达,20120826,
688555.SH,退市泽达,20120825,
688555.SH,退市泽达,20120824,
688555.SH,退市泽达,20120823,
688555.SH,退市泽达,20120822,
688555.SH,退市泽达,20120821,
688555.SH,退市泽达,20120820,
688555.SH,退市泽达,20120819,
688555.SH,退市泽达,20120818,
688555.SH,退市泽达,20120817,
688555.SH,退市泽达,20120816,
688555.SH,退市泽达,20120815,
688555.SH,退市泽达,20120814,
688555.SH,退市泽达,20120813,
688555.SH,退市泽达,20120812,
688555.SH,退市泽达,20120811,
688555.SH,退市泽达,20120810,
688555.SH,退市泽达,20120809,
688555.SH,退市泽达,20120808,
688555.SH,退市泽达,20120807,
688555.SH,退市泽达,20120806,
688555.SH,退市泽达,20120805,
688555.SH,退市泽达,20120804,
688555.SH,退市泽达,20120803,
688555.SH,退市泽达,20120802,
688555.SH,退市泽达,20120801,
688555.SH,退市泽达,20120731,
688555.SH,退市泽达,20120730,
688555.SH,退市泽达,20120729,
688555.SH,退市泽达,20120728,
688555.SH,退市泽达,20120727,
688555.SH,退市泽达,20120726,
688555.SH,退市泽达,20120725,
688555.SH,退市泽达,20120724,
688555.SH,退市泽达,20120723,
688555.SH,退市泽达,20120722,
688555.SH,退市泽达,20120721,
688555.SH,退市泽达,20120720,
688555.SH,退市泽达,20120719,
688555.SH,退市泽达,20120718,
688555.SH,退市泽达,20120717,
688555.SH,退市泽达,20120716,
688555.SH,退市泽达,20120715,
688555.SH,退市泽达,20120714,
688555.SH,退市泽达,20120713,
688555.SH,退市泽达,20120712,
688555.SH,退市泽达,20120711,
688555.SH,退市泽达,20120710,
688555.SH,退市泽达,20120709,
688555.SH,退市泽达,20120708,
688555.SH,退市泽达,20120707,
688555.SH,退市泽达,20120706,
688555.SH,退市泽达,20120705,
688555.SH,退市泽达,20120704,
688555.SH,退市泽达,20120703,
688555.SH,退市泽达,20120702,
688555.SH,退市泽达,20120701,
688555.SH,退市泽达,20120630,
688555.SH,退市泽达,20120629,
688555.SH,退市泽达,20120628,
688555.SH,退市泽达,20120627,
688555.SH,退市泽达,20120626,
688555.SH,退市泽达,20120625,
688555.SH,退市泽达,20120624,
688555.SH,退市泽达,20120623,
688555.SH,退市泽达,20120622,
688555.SH,退市泽达,20120621,
688555.SH,退市泽达,20120620,
688555.SH,退市泽达,20120619,
688555.SH,退市泽达,20120618,
688555.SH,退市泽达,20120617,
688555.SH,退市泽达,20120616,
688555.SH,退市泽达,20120615,
688555.SH,退市泽达,20120614,
688555.SH,退市泽达,20120613,
688555.SH,退市泽达,20120612,
688555.SH,退市泽达,20120611,
688555.SH,退市泽达,20120610,
688555.SH,退市泽达,20120609,
688555.SH,退市泽达,20120608,
688555.SH,退市泽达,20120607,
688555.SH,退市泽达,20120606,
688555.SH,退市泽达,20120605,
688555.SH,退市泽达,20120604,
688555.SH,退市泽达,20120603,
688555.SH,退市泽达,20120602,
688555.SH,退市泽达,20120601,
688555.SH,退市泽达,20120531,
688555.SH,退市泽达,20120530,
688555.SH,退市泽达,20120529,
688555.SH,退市泽达,20120528,
688555.SH,退市泽达,20120527,
688555.SH,退市泽达,20120526,
688555.SH,退市泽达,20120525,
688555.SH,退市泽达,20120524,
688555.SH,退市泽达,20120523,
688555.SH,退市泽达,20120522,
688555.SH,退市泽达,20120521,
688555.SH,退市泽达,20120520,
688555.SH,退市泽达,20120519,
688555.SH,退市泽达,20120518,
688555.SH,退市泽达,20120517,
688555.SH,退市泽达,20120516,
688555.SH,退市泽达,20120515,
688555.SH,退市泽达,20120514,
688555.SH,退市泽达,20120513,
688555.SH,退市泽达,20120512,
688555.SH,退市泽达,20120511,
688555.SH,退市泽达,20120510,
688555.SH,退市泽达,20120509,
688555.SH,退市泽达,20120508,
688555.SH,退市泽达,20120507,
688555.SH,退市泽达,20120506,
688555.SH,退市泽达,20120505,
688555.SH,退市泽达,20120504,
688555.SH,退市泽达,20120503,
688555.SH,退市泽达,20120502,
688555.SH,退市泽达,20120501,
688555.SH,退市泽达,20120430,
688555.SH,退市泽达,20120429,
688555.SH,退市泽达,20120428,
688555.SH,退市泽达,20120427,
688555.SH,退市泽达,20120426,
688555.SH,退市泽达,20120425,
688555.SH,退市泽达,20120424,
688555.SH,退市泽达,20120423,
688555.SH,退市泽达,20120422,
688555.SH,退市泽达,20120421,
688555.SH,退市泽达,20120420,
688555.SH,退市泽达,20120419,
688555.SH,退市泽达,20120418,
688555.SH,退市泽达,20120417,
688555.SH,退市泽达,20120416,
688555.SH,退市泽达,20120415,
688555.SH,退市泽达,20120414,
688555.SH,退市泽达,20120413,
688555.SH,退市泽达,20120412,
688555.SH,退市泽达,20120411,
688555.SH,退市泽达,20120410,
688555.SH,退市泽达,20120409,
688555.SH,退市泽达,20120408,
688555.SH,退市泽达,20120407,
688555.SH,退市泽达,20120406,
688555.SH,退市泽达,20120405,
688555.SH,退市泽达,20120404,
688555.SH,退市泽达,20120403,
688555.SH,退市泽达,20120402,
688555.SH,退市泽达,20120401,
688555.SH,退市泽达,20120331,
688555.SH,退市泽达,20120330,
688555.SH,退市泽达,20120329,
688555.SH,退市泽达,20120328,
688555.SH,退市泽达,20120327,
688555.SH,退市泽达,20120326,
688555.SH,退市泽达,20120325,
688555.SH,退市泽达,20120324,
688555.SH,退市泽达,20120323,
688555.SH,退市泽达,20120322,
688555.SH,退市泽达,20120321,
688555.SH,退市泽达,20120320,
688555.SH,退市泽达,20120319,
688555.SH,退市泽达,20120318,
688555.SH,退市泽达,20120317,
688555.SH,退市泽达,20120316,
688555.SH,退市泽达,20120315,
688555.SH,退市泽达,20120314,
688555.SH,退市泽达,20120313,
688555.SH,退市泽达,20120312,
688555.SH,退市泽达,20120311,
688555.SH,退市泽达,20120310,
688555.SH,退市泽达,20120309,
688555.SH,退市泽达,20120308,
688555.SH,退市泽达,20120307,
688555.SH,退市泽达,20120306,
688555.SH,退市泽达,20120305,
688555.SH,退市泽达,20120304,
688555.SH,退市泽达,20120303,
688555.SH,退市泽达,20120302,
688555.SH,退市泽达,20120301,
688555.SH,退市泽达,20120229,
688555.SH,退市泽达,20120228,
688555.SH,退市泽达,20120227,
688555.SH,退市泽达,20120226,
688555.SH,退市泽达,20120225,
688555.SH,退市泽达,20120224,
688555.SH,退市泽达,20120223,
688555.SH,退市泽达,20120222,
688555.SH,退市泽达,20120221,
688555.SH,退市泽达,20120220,
688555.SH,退市泽达,20120219,
688555.SH,退市泽达,20120218,
688555.SH,退市泽达,20120217,
688555.SH,退市泽达,20120216,
688555.SH,退市泽达,20120215,
688555.SH,退市泽达,20120214,
688555.SH,退市泽达,20120213,
688555.SH,退市泽达,20120212,
688555.SH,退市泽达,20120211,
688555.SH,退市泽达,20120210,
688555.SH,退市泽达,20120209,
688555.SH,退市泽达,20120208,
688555.SH,退市泽达,20120207,
688555.SH,退市泽达,20120206,
688555.SH,退市泽达,20120205,
688555.SH,退市泽达,20120204,
688555.SH,退市泽达,20120203,
688555.SH,退市泽达,20120202,
688555.SH,退市泽达,20120201,
688555.SH,退市泽达,20120131,
688555.SH,退市泽达,20120130,
688555.SH,退市泽达,20120129,
688555.SH,退市泽达,20120128,
688555.SH,退市泽达,20120127,
688555.SH,退市泽达,20120126,
688555.SH,退市泽达,20120125,
688555.SH,退市泽达,20120124,
688555.SH,退市泽达,20120123,
688555.SH,退市泽达,20120122,
688555.SH,退市泽达,20120121,
688555.SH,退市泽达,20120120,
688555.SH,退市泽达,20120119,
688555.SH,退市泽达,20120118,
688555.SH,退市泽达,20120117,
688555.SH,退市泽达,20120116,
688555.SH,退市泽达,20120115,
688555.SH,退市泽达,20120114,
688555.SH,退市泽达,20120113,
688555.SH,退市泽达,20120112,
688555.SH,退市泽达,20120111,
688555.SH,退市泽达,20120110,
688555.SH,退市泽达,20120109,
688555.SH,退市泽达,20120108,
688555.SH,退市泽达,20120107,
688555.SH,退市泽达,20120106,
688555.SH,退市泽达,20120105,
688555.SH,退市泽达,20120104,
688555.SH,退市泽达,20120103,
688555.SH,退市泽达,20120102,
688555.SH,退市泽达,20120101,
688555.SH,退市泽达,20111231,
688555.SH,退市泽达,20111230,
688555.SH,退市泽达,20111229,
688555.SH,退市泽达,20111228,
688555.SH,退市泽达,20111227,
688555.SH,退市泽达,20111226,
688555.SH,退市泽达,20111225,
688555.SH,退市泽达,20111224,
688555.SH,退市泽达,20111223,
688555.SH,退市泽达,20111222,
688555.SH,退市泽达,20111221,
688555.SH,退市泽达,20111220,
688555.SH,退市泽达,20111219,
688555.SH,退市泽达,20111218,
688555.SH,退市泽达,20111217,
688555.SH,退市泽达,20111216,
688555.SH,退市泽达,20111215,
688555.SH,退市泽达,20111214,
688555.SH,退市泽达,20111213,
688555.SH,退市泽达,20111212,
688555.SH,退市泽达,20111211,
688555.SH,退市泽达,20111210,
688555.SH,退市泽达,20111209,
688555.SH,退市泽达,20111208,
688555.SH,退市泽达,20111207,
688555.SH,退市泽达,20111206,
688555.SH,退市泽达,20111205,
688555.SH,退市泽达,20111204,
688555.SH,退市泽达,20111203,
688555.SH,退市泽达,20111202,
688555.SH,退市泽达,20111201,
688555.SH,退市泽达,20111130,
688555.SH,退市泽达,20111129,
688555.SH,退市泽达,20111128,
688555.SH,退市泽达,20111127,
688555.SH,退市泽达,20111126,
688555.SH,退市泽达,20111125,
688555.SH,退市泽达,20111124,
688555.SH,退市泽达,20111123,
688555.SH,退市泽达,20111122,
688555.SH,退市泽达,20111121,
688555.SH,退市泽达,20111120,
688555.SH,退市泽达,20111119,
688555.SH,退市泽达,20111118,
688555.SH,退市泽达,20111117,
688555.SH,退市泽达,20111116,
688555.SH,退市泽达,20111115,
688555.SH,退市泽达,20111114,
688555.SH,退市泽达,20111113,
688555.SH,退市泽达,20111112,
688555.SH,退市泽达,20111111,
688555.SH,退市泽达,20111110,
688555.SH,退市泽达,20111109,
688555.SH,退市泽达,20111108,
688555.SH,退市泽达,20111107,
688555.SH,退市泽达,20111106,
688555.SH,退市泽达,20111105,
688555.SH,退市泽达,20111104,
688555.SH,退市泽达,20111103,
688555.SH,退市泽达,20111102,
688555.SH,退市泽达,20111101,
688555.SH,退市泽达,20111031,
688555.SH,退市泽达,20111030,
688555.SH,退市泽达,20111029,
688555.SH,退市泽达,20111028,
688555.SH,退市泽达,20111027,
688555.SH,退市泽达,20111026,
688555.SH,退市泽达,20111025,
688555.SH,退市泽达,20111024,
688555.SH,退市泽达,20111023,
688555.SH,退市泽达,20111022,
688555.SH,退市泽达,20111021,
688555.SH,退市泽达,20111020,
688555.SH,退市泽达,20111019,
688555.SH,退市泽达,20111018,
688555.SH,退市泽达,20111017,
688555.SH,退市泽达,20111016,
688555.SH,退市泽达,20111015,
688555.SH,退市泽达,20111014,
688555.SH,退市泽达,20111013,
688555.SH,退市泽达,20111012,
688555.SH,退市泽达,20111011,
688555.SH,退市泽达,20111010,
688555.SH,退市泽达,20111009,
688555.SH,退市泽达,20111008,
688555.SH,退市泽达,20111007,
688555.SH,退市泽达,20111006,
688555.SH,退市泽达,20111005,
688555.SH,退市泽达,20111004,
688555.SH,退市泽达,20111003,
688555.SH,退市泽达,20111002,
688555.SH,退市泽达,20111001,
688555.SH,退市泽达,20110930,
688555.SH,退市泽达,20110929,
688555.SH,退市泽达,20110928,
688555.SH,退市泽达,20110927,
688555.SH,退市泽达,20110926,
688555.SH,退市泽达,20110925,
688555.SH,退市泽达,20110924,
688555.SH,退市泽达,20110923,
688555.SH,退市泽达,20110922,
688555.SH,退市泽达,20110921,
688555.SH,退市泽达,20110920,
688555.SH,退市泽达,20110919,
688555.SH,退市泽达,20110918,
688555.SH,退市泽达,20110917,
688555.SH,退市泽达,20110916,
688555.SH,退市泽达,20110915,
688555.SH,退市泽达,20110914,
688555.SH,退市泽达,20110913,
688555.SH,退市泽达,20110912,
688555.SH,退市泽达,20110911,
688555.SH,退市泽达,20110910,
688555.SH,退市泽达,20110909,
688555.SH,退市泽达,20110908,
688555.SH,退市泽达,20110907,
688555.SH,退市泽达,20110906,
688555.SH,退市泽达,20110905,
688555.SH,退市泽达,20110904,
688555.SH,退市泽达,20110903,
688555.SH,退市泽达,20110902,
688555.SH,退市泽达,20110901,
688555.SH,退市泽达,20110831,
688555.SH,退市泽达,20110830,
688555.SH,退市泽达,20110829,
688555.SH,退市泽达,20110828,
688555.SH,退市泽达,20110827,
688555.SH,退市泽达,20110826,
688555.SH,退市泽达,20110825,
688555.SH,退市泽达,20110824,
688555.SH,退市泽达,20110823,
688555.SH,退市泽达,20110822,
688555.SH,退市泽达,20110821,
688555.SH,退市泽达,20110820,
688555.SH,退市泽达,20110819,
688555.SH,退市泽达,20110818,
688555.SH,退市泽达,20110817,
688555.SH,退市泽达,20110816,
688555.SH,退市泽达,20110815,
688555.SH,退市泽达,20110814,
688555.SH,退市泽达,20110813,
688555.SH,退市泽达,20110812,
688555.SH,退市泽达,20110811,
688555.SH,退市泽达,20110810,
688555.SH,退市泽达,20110809,
688555.SH,退市泽达,20110808,
688555.SH,退市泽达,20110807,
688555.SH,退市泽达,20110806,
688555.SH,退市泽达,20110805,
688555.SH,退市泽达,20110804,
688555.SH,退市泽达,20110803,
688555.SH,退市泽达,20110802,
688555.SH,退市泽达,20110801,
688555.SH,退市泽达,20110731,
688555.SH,退市泽达,20110730,
688555.SH,退市泽达,20110729,
688555.SH,退市泽达,20110728,
688555.SH,退市泽达,20110727,
688555.SH,退市泽达,20110726,
688555.SH,退市泽达,20110725,
688555.SH,退市泽达,20110724,
688555.SH,退市泽达,20110723,
688555.SH,退市泽达,20110722,
688555.SH,退市泽达,20110721,
688555.SH,退市泽达,20110720,
688555.SH,退市泽达,20110719,
688555.SH,退市泽达,20110718,
688555.SH,退市泽达,20110717,
688555.SH,退市泽达,20110716,
688555.SH,退市泽达,20110715,
688555.SH,退市泽达,20110714,
688555.SH,退市泽达,20110713,
688555.SH,退市泽达,20110712,
688555.SH,退市泽达,20110711,
688555.SH,退市泽达,20110710,
688555.SH,退市泽达,20110709,
688555.SH,退市泽达,20110708,
688555.SH,退市泽达,20110707,
688555.SH,退市泽达,20110706,
688555.SH,退市泽达,20110705,
688555.SH,退市泽达,20110704,
688555.SH,退市泽达,20110703,
688555.SH,退市泽达,20110702,
688555.SH,退市泽达,20110701,
688555.SH,退市泽达,20110630,
688555.SH,退市泽达,20110629,
688555.SH,退市泽达,20110628,
688555.SH,退市泽达,20110627,
688555.SH,退市泽达,20110626,
688555.SH,退市泽达,20110625,
688555.SH,退市泽达,20110624,
688555.SH,退市泽达,20110623,
688555.SH,退市泽达,20110622,
688555.SH,退市泽达,20110621,
688555.SH,退市泽达,20110620,
688555.SH,退市泽达,20110619,
688555.SH,退市泽达,20110618,
688555.SH,退市泽达,20110617,
688555.SH,退市泽达,20110616,
688555.SH,退市泽达,20110615,
688555.SH,退市泽达,20110614,
688555.SH,退市泽达,20110613,
688555.SH,退市泽达,20110612,
688555.SH,退市泽达,20110611,
688555.SH,退市泽达,20110610,
688555.SH,退市泽达,20110609,
688555.SH,退市泽达,20110608,
688555.SH,退市泽达,20110607,
688555.SH,退市泽达,20110606,
688555.SH,退市泽达,20110605,
688555.SH,退市泽达,20110604,
688555.SH,退市泽达,20110603,
688555.SH,退市泽达,20110602,
688555.SH,退市泽达,20110601,
688555.SH,退市泽达,20110531,
688555.SH,退市泽达,20110530,
688555.SH,退市泽达,20110529,
688555.SH,退市泽达,20110528,
688555.SH,退市泽达,20110527,
688555.SH,退市泽达,20110526,
688555.SH,退市泽达,20110525,
688555.SH,退市泽达,20110524,
688555.SH,退市泽达,20110523,
688555.SH,退市泽达,20110522,
688555.SH,退市泽达,20110521,
688555.SH,退市泽达,20110520,
688555.SH,退市泽达,20110519,
688555.SH,退市泽达,20110518,
688555.SH,退市泽达,20110517,
688555.SH,退市泽达,20110516,
688555.SH,退市泽达,20110515,
688555.SH,退市泽达,20110514,
688555.SH,退市泽达,20110513,
688555.SH,退市泽达,20110512,
688555.SH,退市泽达,20110511,
688555.SH,退市泽达,20110510,
688555.SH,退市泽达,20110509,
688555.SH,退市泽达,20110508,
688555.SH,退市泽达,20110507,
688555.SH,退市泽达,20110506,
688555.SH,退市泽达,20110505,
688555.SH,退市泽达,20110504,
688555.SH,退市泽达,20110503,
688555.SH,退市泽达,20110502,
688555.SH,退市泽达,20110501,
688555.SH,退市泽达,20110430,
688555.SH,退市泽达,20110429,
688555.SH,退市泽达,20110428,
688555.SH,退市泽达,20110427,
688555.SH,退市泽达,20110426,
688555.SH,退市泽达,20110425,
688555.SH,退市泽达,20110424,
688555.SH,退市泽达,20110423,
688555.SH,退市泽达,20110422,
688555.SH,退市泽达,20110421,
688555.SH,退市泽达,20110420,
688555.SH,退市泽达,20110419,
688555.SH,退市泽达,20110418,
688555.SH,退市泽达,20110417,
688555.SH,退市泽达,20110416,
688555.SH,退市泽达,20110415,
688555.SH,退市泽达,20110414,
688555.SH,退市泽达,20110413,
688555.SH,退市泽达,20110412,
688555.SH,退市泽达,20110411,
688555.SH,退市泽达,20110410,
688555.SH,退市泽达,20110409,
688555.SH,退市泽达,20110408,
688555.SH,退市泽达,20110407,
688555.SH,退市泽达,20110406,
688555.SH,退市泽达,20110405,
688555.SH,退市泽达,20110404,
688555.SH,退市泽达,20110403,
688555.SH,退市泽达,20110402,
688555.SH,退市泽达,20110401,
688555.SH,退市泽达,20110331,
688555.SH,退市泽达,20110330,
688555.SH,退市泽达,20110329,
688555.SH,退市泽达,20110328,
688555.SH,退市泽达,20110327,
688555.SH,退市泽达,20110326,
688555.SH,退市泽达,20110325,
688555.SH,退市泽达,20110324,
688555.SH,退市泽达,20110323,
688555.SH,退市泽达,20110322,
688555.SH,退市泽达,20110321,
688555.SH,退市泽达,20110320,
688555.SH,退市泽达,20110319,
688555.SH,退市泽达,20110318,
688555.SH,退市泽达,20110317,
688555.SH,退市泽达,20110316,
688555.SH,退市泽达,20110315,
688555.SH,退市泽达,20110314,
688555.SH,退市泽达,20110313,
688555.SH,退市泽达,20110312,
688555.SH,退市泽达,20110311,
688555.SH,退市泽达,20110310,
688555.SH,退市泽达,20110309,
688555.SH,退市泽达,20110308,
688555.SH,退市泽达,20110307,
688555.SH,退市泽达,20110306,
688555.SH,退市泽达,20110305,
688555.SH,退市泽达,20110304,
688555.SH,退市泽达,20110303,
688555.SH,退市泽达,20110302,
688555.SH,退市泽达,20110301,
688555.SH,退市泽达,20110228,
688555.SH,退市泽达,20110227,
688555.SH,退市泽达,20110226,
688555.SH,退市泽达,20110225,
688555.SH,退市泽达,20110224,
688555.SH,退市泽达,20110223,
688555.SH,退市泽达,20110222,
688555.SH,退市泽达,20110221,
688555.SH,退市泽达,20110220,
688555.SH,退市泽达,20110219,
688555.SH,退市泽达,20110218,
688555.SH,退市泽达,20110217,
688555.SH,退市泽达,20110216,
688555.SH,退市泽达,20110215,
688555.SH,退市泽达,20110214,
688555.SH,退市泽达,20110213,
688555.SH,退市泽达,20110212,
688555.SH,退市泽达,20110211,
688555.SH,退市泽达,20110210,
688555.SH,退市泽达,20110209,
688555.SH,退市泽达,20110208,
688555.SH,退市泽达,20110207,
688555.SH,退市泽达,20110206,
688555.SH,退市泽达,20110205,
688555.SH,退市泽达,20110204,
688555.SH,退市泽达,20110203,
688555.SH,退市泽达,20110202,
688555.SH,退市泽达,20110201,
688555.SH,退市泽达,20110131,
688555.SH,退市泽达,20110130,
688555.SH,退市泽达,20110129,
688555.SH,退市泽达,20110128,
688555.SH,退市泽达,20110127,
688555.SH,退市泽达,20110126,
688555.SH,退市泽达,20110125,
688555.SH,退市泽达,20110124,
688555.SH,退市泽达,20110123,
688555.SH,退市泽达,20110122,
688555.SH,退市泽达,20110121,
688555.SH,退市泽达,20110120,
688555.SH,退市泽达,20110119,
688555.SH,退市泽达,20110118,
688555.SH,退市泽达,20110117,
688555.SH,退市泽达,20110116,
688555.SH,退市泽达,20110115,
688555.SH,退市泽达,20110114,
688555.SH,退市泽达,20110113,
688555.SH,退市泽达,20110112,
688555.SH,退市泽达,20110111,
688555.SH,退市泽达,20110110,
688555.SH,退市泽达,20110109,
688555.SH,退市泽达,20110108,
688555.SH,退市泽达,20110107,
688555.SH,退市泽达,20110106,
688555.SH,退市泽达,20110105,
688555.SH,退市泽达,20110104,
688555.SH,退市泽达,20110103,
688555.SH,退市泽达,20110102,
688555.SH,退市泽达,20110101,
688555.SH,退市泽达,20101231,
688555.SH,退市泽达,20101230,
688555.SH,退市泽达,20101229,
688555.SH,退市泽达,20101228,
688555.SH,退市泽达,20101227,
688555.SH,退市泽达,20101226,
688555.SH,退市泽达,20101225,
688555.SH,退市泽达,20101224,
688555.SH,退市泽达,20101223,
688555.SH,退市泽达,20101222,
688555.SH,退市泽达,20101221,
688555.SH,退市泽达,20101220,
688555.SH,退市泽达,20101219,
688555.SH,退市泽达,20101218,
688555.SH,退市泽达,20101217,
688555.SH,退市泽达,20101216,
688555.SH,退市泽达,20101215,
688555.SH,退市泽达,20101214,
688555.SH,退市泽达,20101213,
688555.SH,退市泽达,20101212,
688555.SH,退市泽达,20101211,
688555.SH,退市泽达,20101210,
688555.SH,退市泽达,20101209,
688555.SH,退市泽达,20101208,
688555.SH,退市泽达,20101207,
688555.SH,退市泽达,20101206,
688555.SH,退市泽达,20101205,
688555.SH,退市泽达,20101204,
688555.SH,退市泽达,20101203,
688555.SH,退市泽达,20101202,
688555.SH,退市泽达,20101201,
688555.SH,退市泽达,20101130,
688555.SH,退市泽达,20101129,
688555.SH,退市泽达,20101128,
688555.SH,退市泽达,20101127,
688555.SH,退市泽达,20101126,
688555.SH,退市泽达,20101125,
688555.SH,退市泽达,20101124,
688555.SH,退市泽达,20101123,
688555.SH,退市泽达,20101122,
688555.SH,退市泽达,20101121,
688555.SH,退市泽达,20101120,
688555.SH,退市泽达,20101119,
688555.SH,退市泽达,20101118,
688555.SH,退市泽达,20101117,
688555.SH,退市泽达,20101116,
688555.SH,退市泽达,20101115,
688555.SH,退市泽达,20101114,
688555.SH,退市泽达,20101113,
688555.SH,退市泽达,20101112,
688555.SH,退市泽达,20101111,
688555.SH,退市泽达,20101110,
688555.SH,退市泽达,20101109,
688555.SH,退市泽达,20101108,
688555.SH,退市泽达,20101107,
688555.SH,退市泽达,20101106,
688555.SH,退市泽达,20101105,
688555.SH,退市泽达,20101104,
688555.SH,退市泽达,20101103,
688555.SH,退市泽达,20101102,
688555.SH,退市泽达,20101101,
688555.SH,退市泽达,20101031,
688555.SH,退市泽达,20101030,
688555.SH,退市泽达,20101029,
688555.SH,退市泽达,20101028,
688555.SH,退市泽达,20101027,
688555.SH,退市泽达,20101026,
688555.SH,退市泽达,20101025,
688555.SH,退市泽达,20101024,
688555.SH,退市泽达,20101023,
688555.SH,退市泽达,20101022,
688555.SH,退市泽达,20101021,
688555.SH,退市泽达,20101020,
688555.SH,退市泽达,20101019,
688555.SH,退市泽达,20101018,
688555.SH,退市泽达,20101017,
688555.SH,退市泽达,20101016,
688555.SH,退市泽达,20101015,
688555.SH,退市泽达,20101014,
688555.SH,退市泽达,20101013,
688555.SH,退市泽达,20101012,
688555.SH,退市泽达,20101011,
688555.SH,退市泽达,20101010,
688555.SH,退市泽达,20101009,
688555.SH,退市泽达,20101008,
688555.SH,退市泽达,20101007,
688555.SH,退市泽达,20101006,
688555.SH,退市泽达,20101005,
688555.SH,退市泽达,20101004,
688555.SH,退市泽达,20101003,
688555.SH,退市泽达,20101002,
688555.SH,退市泽达,20101001,
688555.SH,退市泽达,20100930,
688555.SH,退市泽达,20100929,
688555.SH,退市泽达,20100928,
688555.SH,退市泽达,20100927,
688555.SH,退市泽达,20100926,
688555.SH,退市泽达,20100925,
688555.SH,退市泽达,20100924,
688555.SH,退市泽达,20100923,
688555.SH,退市泽达,20100922,
688555.SH,退市泽达,20100921,
688555.SH,退市泽达,20100920,
688555.SH,退市泽达,20100919,
688555.SH,退市泽达,20100918,
688555.SH,退市泽达,20100917,
688555.SH,退市泽达,20100916,
688555.SH,退市泽达,20100915,
688555.SH,退市泽达,20100914,
688555.SH,退市泽达,20100913,
688555.SH,退市泽达,20100912,
688555.SH,退市泽达,20100911,
688555.SH,退市泽达,20100910,
688555.SH,退市泽达,20100909,
688555.SH,退市泽达,20100908,
688555.SH,退市泽达,20100907,
688555.SH,退市泽达,20100906,
688555.SH,退市泽达,20100905,
688555.SH,退市泽达,20100904,
688555.SH,退市泽达,20100903,
688555.SH,退市泽达,20100902,
688555.SH,退市泽达,20100901,
688555.SH,退市泽达,20100831,
688555.SH,退市泽达,20100830,
688555.SH,退市泽达,20100829,
688555.SH,退市泽达,20100828,
688555.SH,退市泽达,20100827,
688555.SH,退市泽达,20100826,
688555.SH,退市泽达,20100825,
688555.SH,退市泽达,20100824,
688555.SH,退市泽达,20100823,
688555.SH,退市泽达,20100822,
688555.SH,退市泽达,20100821,
688555.SH,退市泽达,20100820,
688555.SH,退市泽达,20100819,
688555.SH,退市泽达,20100818,
688555.SH,退市泽达,20100817,
688555.SH,退市泽达,20100816,
688555.SH,退市泽达,20100815,
688555.SH,退市泽达,20100814,
688555.SH,退市泽达,20100813,
688555.SH,退市泽达,20100812,
688555.SH,退市泽达,20100811,
688555.SH,退市泽达,20100810,
688555.SH,退市泽达,20100809,
688555.SH,退市泽达,20100808,
688555.SH,退市泽达,20100807,
688555.SH,退市泽达,20100806,
688555.SH,退市泽达,20100805,
688555.SH,退市泽达,20100804,
688555.SH,退市泽达,20100803,
688555.SH,退市泽达,20100802,
688555.SH,退市泽达,20100801,
688555.SH,退市泽达,20100731,
688555.SH,退市泽达,20100730,
688555.SH,退市泽达,20100729,
688555.SH,退市泽达,20100728,
688555.SH,退市泽达,20100727,
688555.SH,退市泽达,20100726,
688555.SH,退市泽达,20100725,
688555.SH,退市泽达,20100724,
688555.SH,退市泽达,20100723,
688555.SH,退市泽达,20100722,
688555.SH,退市泽达,20100721,
688555.SH,退市泽达,20100720,
688555.SH,退市泽达,20100719,
688555.SH,退市泽达,20100718,
688555.SH,退市泽达,20100717,
688555.SH,退市泽达,20100716,
688555.SH,退市泽达,20100715,
688555.SH,退市泽达,20100714,
688555.SH,退市泽达,20100713,
688555.SH,退市泽达,20100712,
688555.SH,退市泽达,20100711,
688555.SH,退市泽达,20100710,
688555.SH,退市泽达,20100709,
688555.SH,退市泽达,20100708,
688555.SH,退市泽达,20100707,
688555.SH,退市泽达,20100706,
688555.SH,退市泽达,20100705,
688555.SH,退市泽达,20100704,
688555.SH,退市泽达,20100703,
688555.SH,退市泽达,20100702,
688555.SH,退市泽达,20100701,
688555.SH,退市泽达,20100630,
688555.SH,退市泽达,20100629,
688555.SH,退市泽达,20100628,
688555.SH,退市泽达,20100627,
688555.SH,退市泽达,20100626,
688555.SH,退市泽达,20100625,
688555.SH,退市泽达,20100624,
688555.SH,退市泽达,20100623,
688555.SH,退市泽达,20100622,
688555.SH,退市泽达,20100621,
688555.SH,退市泽达,20100620,
688555.SH,退市泽达,20100619,
688555.SH,退市泽达,20100618,
688555.SH,退市泽达,20100617,
688555.SH,退市泽达,20100616,
688555.SH,退市泽达,20100615,
688555.SH,退市泽达,20100614,
688555.SH,退市泽达,20100613,
688555.SH,退市泽达,20100612,
688555.SH,退市泽达,20100611,
688555.SH,退市泽达,20100610,
688555.SH,退市泽达,20100609,
688555.SH,退市泽达,20100608,
688555.SH,退市泽达,20100607,
688555.SH,退市泽达,20100606,
688555.SH,退市泽达,20100605,
688555.SH,退市泽达,20100604,
688555.SH,退市泽达,20100603,
688555.SH,退市泽达,20100602,
688555.SH,退市泽达,20100601,
688555.SH,退市泽达,20100531,
688555.SH,退市泽达,20100530,
688555.SH,退市泽达,20100529,
688555.SH,退市泽达,20100528,
688555.SH,退市泽达,20100527,
688555.SH,退市泽达,20100526,
688555.SH,退市泽达,20100525,
688555.SH,退市泽达,20100524,
688555.SH,退市泽达,20100523,
688555.SH,退市泽达,20100522,
688555.SH,退市泽达,20100521,
688555.SH,退市泽达,20100520,
688555.SH,退市泽达,20100519,
688555.SH,退市泽达,20100518,
688555.SH,退市泽达,20100517,
688555.SH,退市泽达,20100516,
688555.SH,退市泽达,20100515,
688555.SH,退市泽达,20100514,
688555.SH,退市泽达,20100513,
688555.SH,退市泽达,20100512,
688555.SH,退市泽达,20100511,
688555.SH,退市泽达,20100510,
688555.SH,退市泽达,20100509,
688555.SH,退市泽达,20100508,
688555.SH,退市泽达,20100507,
688555.SH,退市泽达,20100506,
688555.SH,退市泽达,20100505,
688555.SH,退市泽达,20100504,
688555.SH,退市泽达,20100503,
688555.SH,退市泽达,20100502,
688555.SH,退市泽达,20100501,
688555.SH,退市泽达,20100430,
688555.SH,退市泽达,20100429,
688555.SH,退市泽达,20100428,
688555.SH,退市泽达,20100427,
688555.SH,退市泽达,20100426,
688555.SH,退市泽达,20100425,
688555.SH,退市泽达,20100424,
688555.SH,退市泽达,20100423,
688555.SH,退市泽达,20100422,
688555.SH,退市泽达,20100421,
688555.SH,退市泽达,20100420,
688555.SH,退市泽达,20100419,
688555.SH,退市泽达,20100418,
688555.SH,退市泽达,20100417,
688555.SH,退市泽达,20100416,
688555.SH,退市泽达,20100415,
688555.SH,退市泽达,20100414,
688555.SH,退市泽达,20100413,
688555.SH,退市泽达,20100412,
688555.SH,退市泽达,20100411,
688555.SH,退市泽达,20100410,
688555.SH,退市泽达,20100409,
688555.SH,退市泽达,20100408,
688555.SH,退市泽达,20100407,
688555.SH,退市泽达,20100406,
688555.SH,退市泽达,20100405,
688555.SH,退市泽达,20100404,
688555.SH,退市泽达,20100403,
688555.SH,退市泽达,20100402,
688555.SH,退市泽达,20100401,
688555.SH,退市泽达,20100331,
688555.SH,退市泽达,20100330,
688555.SH,退市泽达,20100329,
688555.SH,退市泽达,20100328,
688555.SH,退市泽达,20100327,
688555.SH,退市泽达,20100326,
688555.SH,退市泽达,20100325,
688555.SH,退市泽达,20100324,
688555.SH,退市泽达,20100323,
688555.SH,退市泽达,20100322,
688555.SH,退市泽达,20100321,
688555.SH,退市泽达,20100320,
688555.SH,退市泽达,20100319,
688555.SH,退市泽达,20100318,
688555.SH,退市泽达,20100317,
688555.SH,退市泽达,20100316,
688555.SH,退市泽达,20100315,
688555.SH,退市泽达,20100314,
688555.SH,退市泽达,20100313,
688555.SH,退市泽达,20100312,
688555.SH,退市泽达,20100311,
688555.SH,退市泽达,20100310,
688555.SH,退市泽达,20100309,
688555.SH,退市泽达,20100308,
688555.SH,退市泽达,20100307,
688555.SH,退市泽达,20100306,
688555.SH,退市泽达,20100305,
688555.SH,退市泽达,20100304,
688555.SH,退市泽达,20100303,
688555.SH,退市泽达,20100302,
688555.SH,退市泽达,20100301,
688555.SH,退市泽达,20100228,
688555.SH,退市泽达,20100227,
688555.SH,退市泽达,20100226,
688555.SH,退市泽达,20100225,
688555.SH,退市泽达,20100224,
688555.SH,退市泽达,20100223,
688555.SH,退市泽达,20100222,
688555.SH,退市泽达,20100221,
688555.SH,退市泽达,20100220,
688555.SH,退市泽达,20100219,
688555.SH,退市泽达,20100218,
688555.SH,退市泽达,20100217,
688555.SH,退市泽达,20100216,
688555.SH,退市泽达,20100215,
688555.SH,退市泽达,20100214,
688555.SH,退市泽达,20100213,
688555.SH,退市泽达,20100212,
688555.SH,退市泽达,20100211,
688555.SH,退市泽达,20100210,
688555.SH,退市泽达,20100209,
688555.SH,退市泽达,20100208,
688555.SH,退市泽达,20100207,
688555.SH,退市泽达,20100206,
688555.SH,退市泽达,20100205,
688555.SH,退市泽达,20100204,
688555.SH,退市泽达,20100203,
688555.SH,退市泽达,20100202,
688555.SH,退市泽达,20100201,
688555.SH,退市泽达,20100131,
688555.SH,退市泽达,20100130,
688555.SH,退市泽达,20100129,
688555.SH,退市泽达,20100128,
688555.SH,退市泽达,20100127,
688555.SH,退市泽达,20100126,
688555.SH,退市泽达,20100125,
688555.SH,退市泽达,20100124,
688555.SH,退市泽达,20100123,
688555.SH,退市泽达,20100122,
688555.SH,退市泽达,20100121,
688555.SH,退市泽达,20100120,
688555.SH,退市泽达,20100119,
688555.SH,退市泽达,20100118,
688555.SH,退市泽达,20100117,
688555.SH,退市泽达,20100116,
688555.SH,退市泽达,20100115,
688555.SH,退市泽达,20100114,
688555.SH,退市泽达,20100113,
688555.SH,退市泽达,20100112,
688555.SH,退市泽达,20100111,
688555.SH,退市泽达,20100110,
688555.SH,退市泽达,20100109,
688555.SH,退市泽达,20100108,
688555.SH,退市泽达,20100107,
688555.SH,退市泽达,20100106,
688555.SH,退市泽达,20100105,
688555.SH,退市泽达,20100104,
688555.SH,退市泽达,20100103,
688555.SH,退市泽达,20100102,
688555.SH,退市泽达,20100101,
688555.SH,退市泽达,20091231,
688555.SH,退市泽达,20091230,
688555.SH,退市泽达,20091229,
688555.SH,退市泽达,20091228,
688555.SH,退市泽达,20091227,
688555.SH,退市泽达,20091226,
688555.SH,退市泽达,20091225,
688555.SH,退市泽达,20091224,
688555.SH,退市泽达,20091223,
688555.SH,退市泽达,20091222,
688555.SH,退市泽达,20091221,
688555.SH,退市泽达,20091220,
688555.SH,退市泽达,20091219,
688555.SH,退市泽达,20091218,
688555.SH,退市泽达,20091217,
688555.SH,退市泽达,20091216,
688555.SH,退市泽达,20091215,
688555.SH,退市泽达,20091214,
688555.SH,退市泽达,20091213,
688555.SH,退市泽达,20091212,
688555.SH,退市泽达,20091211,
688555.SH,退市泽达,20091210,
688555.SH,退市泽达,20091209,
688555.SH,退市泽达,20091208,
688555.SH,退市泽达,20091207,
688555.SH,退市泽达,20091206,
688555.SH,退市泽达,20091205,
688555.SH,退市泽达,20091204,
688555.SH,退市泽达,20091203,
688555.SH,退市泽达,20091202,
688555.SH,退市泽达,20091201,
688555.SH,退市泽达,20091130,
688555.SH,退市泽达,20091129,
688555.SH,退市泽达,20091128,
688555.SH,退市泽达,20091127,
688555.SH,退市泽达,20091126,
688555.SH,退市泽达,20091125,
688555.SH,退市泽达,20091124,
688555.SH,退市泽达,20091123,
688555.SH,退市泽达,20091122,
688555.SH,退市泽达,20091121,
688555.SH,退市泽达,20091120,
688555.SH,退市泽达,20091119,
688555.SH,退市泽达,20091118,
688555.SH,退市泽达,20091117,
688555.SH,退市泽达,20091116,
688555.SH,退市泽达,20091115,
688555.SH,退市泽达,20091114,
688555.SH,退市泽达,20091113,
688555.SH,退市泽达,20091112,
688555.SH,退市泽达,20091111,
688555.SH,退市泽达,20091110,
688555.SH,退市泽达,20091109,
688555.SH,退市泽达,20091108,
688555.SH,退市泽达,20091107,
688555.SH,退市泽达,20091106,
688555.SH,退市泽达,20091105,
688555.SH,退市泽达,20091104,
688555.SH,退市泽达,20091103,
688555.SH,退市泽达,20091102,
688555.SH,退市泽达,20091101,
688555.SH,退市泽达,20091031,
688555.SH,退市泽达,20091030,
688555.SH,退市泽达,20091029,
688555.SH,退市泽达,20091028,
688555.SH,退市泽达,20091027,
688555.SH,退市泽达,20091026,
688555.SH,退市泽达,20091025,
688555.SH,退市泽达,20091024,
688555.SH,退市泽达,20091023,
688555.SH,退市泽达,20091022,
688555.SH,退市泽达,20091021,
688555.SH,退市泽达,20091020,
688555.SH,退市泽达,20091019,
688555.SH,退市泽达,20091018,
688555.SH,退市泽达,20091017,
688555.SH,退市泽达,20091016,
688555.SH,退市泽达,20091015,
688555.SH,退市泽达,20091014,
688555.SH,退市泽达,20091013,
688555.SH,退市泽达,20091012,
688555.SH,退市泽达,20091011,
688555.SH,退市泽达,20091010,
688555.SH,退市泽达,20091009,
688555.SH,退市泽达,20091008,
688555.SH,退市泽达,20091007,
688555.SH,退市泽达,20091006,
688555.SH,退市泽达,20091005,
688555.SH,退市泽达,20091004,
688555.SH,退市泽达,20091003,
688555.SH,退市泽达,20091002,
688555.SH,退市泽达,20091001,
688555.SH,退市泽达,20090930,
688555.SH,退市泽达,20090929,
688555.SH,退市泽达,20090928,
688555.SH,退市泽达,20090927,
688555.SH,退市泽达,20090926,
688555.SH,退市泽达,20090925,
688555.SH,退市泽达,20090924,
688555.SH,退市泽达,20090923,
688555.SH,退市泽达,20090922,
688555.SH,退市泽达,20090921,
688555.SH,退市泽达,20090920,
688555.SH,退市泽达,20090919,
688555.SH,退市泽达,20090918,
688555.SH,退市泽达,20090917,
688555.SH,退市泽达,20090916,
688555.SH,退市泽达,20090915,
688555.SH,退市泽达,20090914,
688555.SH,退市泽达,20090913,
688555.SH,退市泽达,20090912,
688555.SH,退市泽达,20090911,
688555.SH,退市泽达,20090910,
688555.SH,退市泽达,20090909,
688555.SH,退市泽达,20090908,
688555.SH,退市泽达,20090907,
688555.SH,退市泽达,20090906,
688555.SH,退市泽达,20090905,
688555.SH,退市泽达,20090904,
688555.SH,退市泽达,20090903,
688555.SH,退市泽达,20090902,
688555.SH,退市泽达,20090901,
688555.SH,退市泽达,20090831,
688555.SH,退市泽达,20090830,
688555.SH,退市泽达,20090829,
688555.SH,退市泽达,20090828,
688555.SH,退市泽达,20090827,
688555.SH,退市泽达,20090826,
688555.SH,退市泽达,20090825,
688555.SH,退市泽达,20090824,
688555.SH,退市泽达,20090823,
688555.SH,退市泽达,20090822,
688555.SH,退市泽达,20090821,
688555.SH,退市泽达,20090820,
688555.SH,退市泽达,20090819,
688555.SH,退市泽达,20090818,
688555.SH,退市泽达,20090817,
688555.SH,退市泽达,20090816,
688555.SH,退市泽达,20090815,
688555.SH,退市泽达,20090814,
688555.SH,退市泽达,20090813,
688555.SH,退市泽达,20090812,
688555.SH,退市泽达,20090811,
688555.SH,退市泽达,20090810,
688555.SH,退市泽达,20090809,
688555.SH,退市泽达,20090808,
688555.SH,退市泽达,20090807,
688555.SH,退市泽达,20090806,
688555.SH,退市泽达,20090805,
688555.SH,退市泽达,20090804,
688555.SH,退市泽达,20090803,
688555.SH,退市泽达,20090802,
688555.SH,退市泽达,20090801,
688555.SH,退市泽达,20090731,
688555.SH,退市泽达,20090730,
688555.SH,退市泽达,20090729,
688555.SH,退市泽达,20090728,
688555.SH,退市泽达,20090727,
688555.SH,退市泽达,20090726,
688555.SH,退市泽达,20090725,
688555.SH,退市泽达,20090724,
688555.SH,退市泽达,20090723,
688555.SH,退市泽达,20090722,
688555.SH,退市泽达,20090721,
688555.SH,退市泽达,20090720,
688555.SH,退市泽达,20090719,
688555.SH,退市泽达,20090718,
688555.SH,退市泽达,20090717,
688555.SH,退市泽达,20090716,
688555.SH,退市泽达,20090715,
688555.SH,退市泽达,20090714,
688555.SH,退市泽达,20090713,
688555.SH,退市泽达,20090712,
688555.SH,退市泽达,20090711,
688555.SH,退市泽达,20090710,
688555.SH,退市泽达,20090709,
688555.SH,退市泽达,20090708,
688555.SH,退市泽达,20090707,
688555.SH,退市泽达,20090706,
688555.SH,退市泽达,20090705,
688555.SH,退市泽达,20090704,
688555.SH,退市泽达,20090703,
688555.SH,退市泽达,20090702,
688555.SH,退市泽达,20090701,
688555.SH,退市泽达,20090630,
688555.SH,退市泽达,20090629,
688555.SH,退市泽达,20090628,
688555.SH,退市泽达,20090627,
688555.SH,退市泽达,20090626,
688555.SH,退市泽达,20090625,
688555.SH,退市泽达,20090624,
688555.SH,退市泽达,20090623,
688555.SH,退市泽达,20090622,
688555.SH,退市泽达,20090621,
688555.SH,退市泽达,20090620,
688555.SH,退市泽达,20090619,
688555.SH,退市泽达,20090618,
688555.SH,退市泽达,20090617,
688555.SH,退市泽达,20090616,
688555.SH,退市泽达,20090615,
688555.SH,退市泽达,20090614,
688555.SH,退市泽达,20090613,
688555.SH,退市泽达,20090612,
688555.SH,退市泽达,20090611,
688555.SH,退市泽达,20090610,
688555.SH,退市泽达,20090609,
688555.SH,退市泽达,20090608,
688555.SH,退市泽达,20090607,
688555.SH,退市泽达,20090606,
688555.SH,退市泽达,20090605,
688555.SH,退市泽达,20090604,
688555.SH,退市泽达,20090603,
688555.SH,退市泽达,20090602,
688555.SH,退市泽达,20090601,
688555.SH,退市泽达,20090531,
688555.SH,退市泽达,20090530,
688555.SH,退市泽达,20090529,
688555.SH,退市泽达,20090528,
688555.SH,退市泽达,20090527,
688555.SH,退市泽达,20090526,
688555.SH,退市泽达,20090525,
688555.SH,退市泽达,20090524,
688555.SH,退市泽达,20090523,
688555.SH,退市泽达,20090522,
688555.SH,退市泽达,20090521,
688555.SH,退市泽达,20090520,
688555.SH,退市泽达,20090519,
688555.SH,退市泽达,20090518,
688555.SH,退市泽达,20090517,
688555.SH,退市泽达,20090516,
688555.SH,退市泽达,20090515,
688555.SH,退市泽达,20090514,
688555.SH,退市泽达,20090513,
688555.SH,退市泽达,20090512,
688555.SH,退市泽达,20090511,
688555.SH,退市泽达,20090510,
688555.SH,退市泽达,20090509,
688555.SH,退市泽达,20090508,
688555.SH,退市泽达,20090507,
688555.SH,退市泽达,20090506,
688555.SH,退市泽达,20090505,
688555.SH,退市泽达,20090504,
688555.SH,退市泽达,20090503,
688555.SH,退市泽达,20090502,
688555.SH,退市泽达,20090501,
688555.SH,退市泽达,20090430,
688555.SH,退市泽达,20090429,
688555.SH,退市泽达,20090428,
688555.SH,退市泽达,20090427,
688555.SH,退市泽达,20090426,
688555.SH,退市泽达,20090425,
688555.SH,退市泽达,20090424,
688555.SH,退市泽达,20090423,
688555.SH,退市泽达,20090422,
688555.SH,退市泽达,20090421,
688555.SH,退市泽达,20090420,
688555.SH,退市泽达,20090419,
688555.SH,退市泽达,20090418,
688555.SH,退市泽达,20090417,
688555.SH,退市泽达,20090416,
688555.SH,退市泽达,20090415,
688555.SH,退市泽达,20090414,
688555.SH,退市泽达,20090413,
688555.SH,退市泽达,20090412,
688555.SH,退市泽达,20090411,
688555.SH,退市泽达,20090410,
688555.SH,退市泽达,20090409,
688555.SH,退市泽达,20090408,
688555.SH,退市泽达,20090407,
688555.SH,退市泽达,20090406,
688555.SH,退市泽达,20090405,
688555.SH,退市泽达,20090404,
688555.SH,退市泽达,20090403,
688555.SH,退市泽达,20090402,
688555.SH,退市泽达,20090401,
688555.SH,退市泽达,20090331,
688555.SH,退市泽达,20090330,
688555.SH,退市泽达,20090329,
688555.SH,退市泽达,20090328,
688555.SH,退市泽达,20090327,
688555.SH,退市泽达,20090326,
688555.SH,退市泽达,20090325,
688555.SH,退市泽达,20090324,
688555.SH,退市泽达,20090323,
688555.SH,退市泽达,20090322,
688555.SH,退市泽达,20090321,
688555.SH,退市泽达,20090320,
688555.SH,退市泽达,20090319,
688555.SH,退市泽达,20090318,
688555.SH,退市泽达,20090317,
688555.SH,退市泽达,20090316,
688555.SH,退市泽达,20090315,
688555.SH,退市泽达,20090314,
688555.SH,退市泽达,20090313,
688555.SH,退市泽达,20090312,
688555.SH,退市泽达,20090311,
688555.SH,退市泽达,20090310,
688555.SH,退市泽达,20090309,
688555.SH,退市泽达,20090308,
688555.SH,退市泽达,20090307,
688555.SH,退市泽达,20090306,
688555.SH,退市泽达,20090305,
688555.SH,退市泽达,20090304,
688555.SH,退市泽达,20090303,
688555.SH,退市泽达,20090302,
688555.SH,退市泽达,20090301,
688555.SH,退市泽达,20090228,
688555.SH,退市泽达,20090227,
688555.SH,退市泽达,20090226,
688555.SH,退市泽达,20090225,
688555.SH,退市泽达,20090224,
688555.SH,退市泽达,20090223,
688555.SH,退市泽达,20090222,
688555.SH,退市泽达,20090221,
688555.SH,退市泽达,20090220,
688555.SH,退市泽达,20090219,
688555.SH,退市泽达,20090218,
688555.SH,退市泽达,20090217,
688555.SH,退市泽达,20090216,
688555.SH,退市泽达,20090215,
688555.SH,退市泽达,20090214,
688555.SH,退市泽达,20090213,
688555.SH,退市泽达,20090212,
688555.SH,退市泽达,20090211,
688555.SH,退市泽达,20090210,
688555.SH,退市泽达,20090209,
688555.SH,退市泽达,20090208,
688555.SH,退市泽达,20090207,
688555.SH,退市泽达,20090206,
688555.SH,退市泽达,20090205,
688555.SH,退市泽达,20090204,
688555.SH,退市泽达,20090203,
688555.SH,退市泽达,20090202,
688555.SH,退市泽达,20090201,
688555.SH,退市泽达,20090131,
688555.SH,退市泽达,20090130,
688555.SH,退市泽达,20090129,
688555.SH,退市泽达,20090128,
688555.SH,退市泽达,20090127,
688555.SH,退市泽达,20090126,
688555.SH,退市泽达,20090125,
688555.SH,退市泽达,20090124,
688555.SH,退市泽达,20090123,
688555.SH,退市泽达,20090122,
688555.SH,退市泽达,20090121,
688555.SH,退市泽达,20090120,
688555.SH,退市泽达,20090119,
688555.SH,退市泽达,20090118,
688555.SH,退市泽达,20090117,
688555.SH,退市泽达,20090116,
688555.SH,退市泽达,20090115,
688555.SH,退市泽达,20090114,
688555.SH,退市泽达,20090113,
688555.SH,退市泽达,20090112,
688555.SH,退市泽达,20090111,
688555.SH,退市泽达,20090110,
688555.SH,退市泽达,20090109,
688555.SH,退市泽达,20090108,
688555.SH,退市泽达,20090107,
688555.SH,退市泽达,20090106,
688555.SH,退市泽达,20090105,
688555.SH,退市泽达,20090104,
688555.SH,退市泽达,20090103,
688555.SH,退市泽达,20090102,
688555.SH,退市泽达,20090101,
688555.SH,退市泽达,20081231,
688555.SH,退市泽达,20081230,
688555.SH,退市泽达,20081229,
688555.SH,退市泽达,20081228,
688555.SH,退市泽达,20081227,
688555.SH,退市泽达,20081226,
688555.SH,退市泽达,20081225,
688555.SH,退市泽达,20081224,
688555.SH,退市泽达,20081223,
688555.SH,退市泽达,20081222,
688555.SH,退市泽达,20081221,
688555.SH,退市泽达,20081220,
688555.SH,退市泽达,20081219,
688555.SH,退市泽达,20081218,
688555.SH,退市泽达,20081217,
688555.SH,退市泽达,20081216,
688555.SH,退市泽达,20081215,
688555.SH,退市泽达,20081214,
688555.SH,退市泽达,20081213,
688555.SH,退市泽达,20081212,
688555.SH,退市泽达,20081211,
688555.SH,退市泽达,20081210,
688555.SH,退市泽达,20081209,
688555.SH,退市泽达,20081208,
688555.SH,退市泽达,20081207,
688555.SH,退市泽达,20081206,
688555.SH,退市泽达,20081205,
688555.SH,退市泽达,20081204,
688555.SH,退市泽达,20081203,
688555.SH,退市泽达,20081202,
688555.SH,退市泽达,20081201,
688555.SH,退市泽达,20081130,
688555.SH,退市泽达,20081129,
688555.SH,退市泽达,20081128,
688555.SH,退市泽达,20081127,
688555.SH,退市泽达,20081126,
688555.SH,退市泽达,20081125,
688555.SH,退市泽达,20081124,
688555.SH,退市泽达,20081123,
688555.SH,退市泽达,20081122,
688555.SH,退市泽达,20081121,
688555.SH,退市泽达,20081120,
688555.SH,退市泽达,20081119,
688555.SH,退市泽达,20081118,
688555.SH,退市泽达,20081117,
688555.SH,退市泽达,20081116,
688555.SH,退市泽达,20081115,
688555.SH,退市泽达,20081114,
688555.SH,退市泽达,20081113,
688555.SH,退市泽达,20081112,
688555.SH,退市泽达,20081111,
688555.SH,退市泽达,20081110,
688555.SH,退市泽达,20081109,
688555.SH,退市泽达,20081108,
688555.SH,退市泽达,20081107,
688555.SH,退市泽达,20081106,
688555.SH,退市泽达,20081105,
688555.SH,退市泽达,20081104,
688555.SH,退市泽达,20081103,
688555.SH,退市泽达,20081102,
688555.SH,退市泽达,20081101,
688555.SH,退市泽达,20081031,
688555.SH,退市泽达,20081030,
688555.SH,退市泽达,20081029,
688555.SH,退市泽达,20081028,
688555.SH,退市泽达,20081027,
688555.SH,退市泽达,20081026,
688555.SH,退市泽达,20081025,
688555.SH,退市泽达,20081024,
688555.SH,退市泽达,20081023,
688555.SH,退市泽达,20081022,
688555.SH,退市泽达,20081021,
688555.SH,退市泽达,20081020,
688555.SH,退市泽达,20081019,
688555.SH,退市泽达,20081018,
688555.SH,退市泽达,20081017,
688555.SH,退市泽达,20081016,
688555.SH,退市泽达,20081015,
688555.SH,退市泽达,20081014,
688555.SH,退市泽达,20081013,
688555.SH,退市泽达,20081012,
688555.SH,退市泽达,20081011,
688555.SH,退市泽达,20081010,
688555.SH,退市泽达,20081009,
688555.SH,退市泽达,20081008,
688555.SH,退市泽达,20081007,
688555.SH,退市泽达,20081006,
688555.SH,退市泽达,20081005,
688555.SH,退市泽达,20081004,
688555.SH,退市泽达,20081003,
688555.SH,退市泽达,20081002,
688555.SH,退市泽达,20081001,
688555.SH,退市泽达,20080930,
688555.SH,退市泽达,20080929,
688555.SH,退市泽达,20080928,
688555.SH,退市泽达,20080927,
688555.SH,退市泽达,20080926,
688555.SH,退市泽达,20080925,
688555.SH,退市泽达,20080924,
688555.SH,退市泽达,20080923,
688555.SH,退市泽达,20080922,
688555.SH,退市泽达,20080921,
688555.SH,退市泽达,20080920,
688555.SH,退市泽达,20080919,
688555.SH,退市泽达,20080918,
688555.SH,退市泽达,20080917,
688555.SH,退市泽达,20080916,
688555.SH,退市泽达,20080915,
688555.SH,退市泽达,20080914,
688555.SH,退市泽达,20080913,
688555.SH,退市泽达,20080912,
688555.SH,退市泽达,20080911,
688555.SH,退市泽达,20080910,
688555.SH,退市泽达,20080909,
688555.SH,退市泽达,20080908,
688555.SH,退市泽达,20080907,
688555.SH,退市泽达,20080906,
688555.SH,退市泽达,20080905,
688555.SH,退市泽达,20080904,
688555.SH,退市泽达,20080903,
688555.SH,退市泽达,20080902,
688555.SH,退市泽达,20080901,
688555.SH,退市泽达,20080831,
688555.SH,退市泽达,20080830,
688555.SH,退市泽达,20080829,
688555.SH,退市泽达,20080828,
688555.SH,退市泽达,20080827,
688555.SH,退市泽达,20080826,
688555.SH,退市泽达,20080825,
688555.SH,退市泽达,20080824,
688555.SH,退市泽达,20080823,
688555.SH,退市泽达,20080822,
688555.SH,退市泽达,20080821,
688555.SH,退市泽达,20080820,
688555.SH,退市泽达,20080819,
688555.SH,退市泽达,20080818,
688555.SH,退市泽达,20080817,
688555.SH,退市泽达,20080816,
688555.SH,退市泽达,20080815,
688555.SH,退市泽达,20080814,
688555.SH,退市泽达,20080813,
688555.SH,退市泽达,20080812,
688555.SH,退市泽达,20080811,
688555.SH,退市泽达,20080810,
688555.SH,退市泽达,20080809,
688555.SH,退市泽达,20080808,
688555.SH,退市泽达,20080807,
688555.SH,退市泽达,20080806,
688555.SH,退市泽达,20080805,
688555.SH,退市泽达,20080804,
688555.SH,退市泽达,20080803,
688555.SH,退市泽达,20080802,
688555.SH,退市泽达,20080801,
688555.SH,退市泽达,20080731,
688555.SH,退市泽达,20080730,
688555.SH,退市泽达,20080729,
688555.SH,退市泽达,20080728,
688555.SH,退市泽达,20080727,
688555.SH,退市泽达,20080726,
688555.SH,退市泽达,20080725,
688555.SH,退市泽达,20080724,
688555.SH,退市泽达,20080723,
688555.SH,退市泽达,20080722,
688555.SH,退市泽达,20080721,
688555.SH,退市泽达,20080720,
688555.SH,退市泽达,20080719,
688555.SH,退市泽达,20080718,
688555.SH,退市泽达,20080717,
688555.SH,退市泽达,20080716,
688555.SH,退市泽达,20080715,
688555.SH,退市泽达,20080714,
688555.SH,退市泽达,20080713,
688555.SH,退市泽达,20080712,
688555.SH,退市泽达,20080711,
688555.SH,退市泽达,20080710,
688555.SH,退市泽达,20080709,
688555.SH,退市泽达,20080708,
688555.SH,退市泽达,20080707,
688555.SH,退市泽达,20080706,
688555.SH,退市泽达,20080705,
688555.SH,退市泽达,20080704,
688555.SH,退市泽达,20080703,
688555.SH,退市泽达,20080702,
688555.SH,退市泽达,20080701,
688555.SH,退市泽达,20080630,
688555.SH,退市泽达,20080629,
688555.SH,退市泽达,20080628,
688555.SH,退市泽达,20080627,
688555.SH,退市泽达,20080626,
688555.SH,退市泽达,20080625,
688555.SH,退市泽达,20080624,
688555.SH,退市泽达,20080623,
688555.SH,退市泽达,20080622,
688555.SH,退市泽达,20080621,
688555.SH,退市泽达,20080620,
688555.SH,退市泽达,20080619,
688555.SH,退市泽达,20080618,
688555.SH,退市泽达,20080617,
688555.SH,退市泽达,20080616,
688555.SH,退市泽达,20080615,
688555.SH,退市泽达,20080614,
688555.SH,退市泽达,20080613,
688555.SH,退市泽达,20080612,
688555.SH,退市泽达,20080611,
688555.SH,退市泽达,20080610,
688555.SH,退市泽达,20080609,
688555.SH,退市泽达,20080608,
688555.SH,退市泽达,20080607,
688555.SH,退市泽达,20080606,
688555.SH,退市泽达,20080605,
688555.SH,退市泽达,20080604,
688555.SH,退市泽达,20080603,
688555.SH,退市泽达,20080602,
688555.SH,退市泽达,20080601,
688555.SH,退市泽达,20080531,
688555.SH,退市泽达,20080530,
688555.SH,退市泽达,20080529,
688555.SH,退市泽达,20080528,
688555.SH,退市泽达,20080527,
688555.SH,退市泽达,20080526,
688555.SH,退市泽达,20080525,
688555.SH,退市泽达,20080524,
688555.SH,退市泽达,20080523,
688555.SH,退市泽达,20080522,
688555.SH,退市泽达,20080521,
688555.SH,退市泽达,20080520,
688555.SH,退市泽达,20080519,
688555.SH,退市泽达,20080518,
688555.SH,退市泽达,20080517,
688555.SH,退市泽达,20080516,
688555.SH,退市泽达,20080515,
688555.SH,退市泽达,20080514,
688555.SH,退市泽达,20080513,
688555.SH,退市泽达,20080512,
688555.SH,退市泽达,20080511,
688555.SH,退市泽达,20080510,
688555.SH,退市泽达,20080509,
688555.SH,退市泽达,20080508,
688555.SH,退市泽达,20080507,
688555.SH,退市泽达,20080506,
688555.SH,退市泽达,20080505,
688555.SH,退市泽达,20080504,
688555.SH,退市泽达,20080503,
688555.SH,退市泽达,20080502,
688555.SH,退市泽达,20080501,
688555.SH,退市泽达,20080430,
688555.SH,退市泽达,20080429,
688555.SH,退市泽达,20080428,
688555.SH,退市泽达,20080427,
688555.SH,退市泽达,20080426,
688555.SH,退市泽达,20080425,
688555.SH,退市泽达,20080424,
688555.SH,退市泽达,20080423,
688555.SH,退市泽达,20080422,
688555.SH,退市泽达,20080421,
688555.SH,退市泽达,20080420,
688555.SH,退市泽达,20080419,
688555.SH,退市泽达,20080418,
688555.SH,退市泽达,20080417,
688555.SH,退市泽达,20080416,
688555.SH,退市泽达,20080415,
688555.SH,退市泽达,20080414,
688555.SH,退市泽达,20080413,
688555.SH,退市泽达,20080412,
688555.SH,退市泽达,20080411,
688555.SH,退市泽达,20080410,
688555.SH,退市泽达,20080409,
688555.SH,退市泽达,20080408,
688555.SH,退市泽达,20080407,
688555.SH,退市泽达,20080406,
688555.SH,退市泽达,20080405,
688555.SH,退市泽达,20080404,
688555.SH,退市泽达,20080403,
688555.SH,退市泽达,20080402,
688555.SH,退市泽达,20080401,
688555.SH,退市泽达,20080331,
688555.SH,退市泽达,20080330,
688555.SH,退市泽达,20080329,
688555.SH,退市泽达,20080328,
688555.SH,退市泽达,20080327,
688555.SH,退市泽达,20080326,
688555.SH,退市泽达,20080325,
688555.SH,退市泽达,20080324,
688555.SH,退市泽达,20080323,
688555.SH,退市泽达,20080322,
688555.SH,退市泽达,20080321,
688555.SH,退市泽达,20080320,
688555.SH,退市泽达,20080319,
688555.SH,退市泽达,20080318,
688555.SH,退市泽达,20080317,
688555.SH,退市泽达,20080316,
688555.SH,退市泽达,20080315,
688555.SH,退市泽达,20080314,
688555.SH,退市泽达,20080313,
688555.SH,退市泽达,20080312,
688555.SH,退市泽达,20080311,
688555.SH,退市泽达,20080310,
688555.SH,退市泽达,20080309,
688555.SH,退市泽达,20080308,
688555.SH,退市泽达,20080307,
688555.SH,退市泽达,20080306,
688555.SH,退市泽达,20080305,
688555.SH,退市泽达,20080304,
688555.SH,退市泽达,20080303,
688555.SH,退市泽达,20080302,
688555.SH,退市泽达,20080301,
688555.SH,退市泽达,20080229,
688555.SH,退市泽达,20080228,
688555.SH,退市泽达,20080227,
688555.SH,退市泽达,20080226,
688555.SH,退市泽达,20080225,
688555.SH,退市泽达,20080224,
688555.SH,退市泽达,20080223,
688555.SH,退市泽达,20080222,
688555.SH,退市泽达,20080221,
688555.SH,退市泽达,20080220,
688555.SH,退市泽达,20080219,
688555.SH,退市泽达,20080218,
688555.SH,退市泽达,20080217,
688555.SH,退市泽达,20080216,
688555.SH,退市泽达,20080215,
688555.SH,退市泽达,20080214,
688555.SH,退市泽达,20080213,
688555.SH,退市泽达,20080212,
688555.SH,退市泽达,20080211,
688555.SH,退市泽达,20080210,
688555.SH,退市泽达,20080209,
688555.SH,退市泽达,20080208,
688555.SH,退市泽达,20080207,
688555.SH,退市泽达,20080206,
688555.SH,退市泽达,20080205,
688555.SH,退市泽达,20080204,
688555.SH,退市泽达,20080203,
688555.SH,退市泽达,20080202,
688555.SH,退市泽达,20080201,
688555.SH,退市泽达,20080131,
688555.SH,退市泽达,20080130,
688555.SH,退市泽达,20080129,
688555.SH,退市泽达,20080128,
688555.SH,退市泽达,20080127,
688555.SH,退市泽达,20080126,
688555.SH,退市泽达,20080125,
688555.SH,退市泽达,20080124,
688555.SH,退市泽达,20080123,
688555.SH,退市泽达,20080122,
688555.SH,退市泽达,20080121,
688555.SH,退市泽达,20080120,
688555.SH,退市泽达,20080119,
688555.SH,退市泽达,20080118,
688555.SH,退市泽达,20080117,
688555.SH,退市泽达,20080116,
688555.SH,退市泽达,20080115,
688555.SH,退市泽达,20080114,
688555.SH,退市泽达,20080113,
688555.SH,退市泽达,20080112,
688555.SH,退市泽达,20080111,
688555.SH,退市泽达,20080110,
688555.SH,退市泽达,20080109,
688555.SH,退市泽达,20080108,
688555.SH,退市泽达,20080107,
688555.SH,退市泽达,20080106,
688555.SH,退市泽达,20080105,
688555.SH,退市泽达,20080104,
688555.SH,退市泽达,20080103,
688555.SH,退市泽达,20080102,
688555.SH,退市泽达,20080101,
688555.SH,退市泽达,20071231,
688555.SH,退市泽达,20071230,
688555.SH,退市泽达,20071229,
688555.SH,退市泽达,20071228,
688555.SH,退市泽达,20071227,
688555.SH,退市泽达,20071226,
688555.SH,退市泽达,20071225,
688555.SH,退市泽达,20071224,
688555.SH,退市泽达,20071223,
688555.SH,退市泽达,20071222,
688555.SH,退市泽达,20071221,
688555.SH,退市泽达,20071220,
688555.SH,退市泽达,20071219,
688555.SH,退市泽达,20071218,
688555.SH,退市泽达,20071217,
688555.SH,退市泽达,20071216,
688555.SH,退市泽达,20071215,
688555.SH,退市泽达,20071214,
688555.SH,退市泽达,20071213,
688555.SH,退市泽达,20071212,
688555.SH,退市泽达,20071211,
688555.SH,退市泽达,20071210,
688555.SH,退市泽达,20071209,
688555.SH,退市泽达,20071208,
688555.SH,退市泽达,20071207,
688555.SH,退市泽达,20071206,
688555.SH,退市泽达,20071205,
688555.SH,退市泽达,20071204,
688555.SH,退市泽达,20071203,
688555.SH,退市泽达,20071202,
688555.SH,退市泽达,20071201,
688555.SH,退市泽达,20071130,
688555.SH,退市泽达,20071129,
688555.SH,退市泽达,20071128,
688555.SH,退市泽达,20071127,
688555.SH,退市泽达,20071126,
688555.SH,退市泽达,20071125,
688555.SH,退市泽达,20071124,
688555.SH,退市泽达,20071123,
688555.SH,退市泽达,20071122,
688555.SH,退市泽达,20071121,
688555.SH,退市泽达,20071120,
688555.SH,退市泽达,20071119,
688555.SH,退市泽达,20071118,
688555.SH,退市泽达,20071117,
688555.SH,退市泽达,20071116,
688555.SH,退市泽达,20071115,
688555.SH,退市泽达,20071114,
688555.SH,退市泽达,20071113,
688555.SH,退市泽达,20071112,
688555.SH,退市泽达,20071111,
688555.SH,退市泽达,20071110,
688555.SH,退市泽达,20071109,
688555.SH,退市泽达,20071108,
688555.SH,退市泽达,20071107,
688555.SH,退市泽达,20071106,
688555.SH,退市泽达,20071105,
688555.SH,退市泽达,20071104,
688555.SH,退市泽达,20071103,
688555.SH,退市泽达,20071102,
688555.SH,退市泽达,20071101,
688555.SH,退市泽达,20071031,
688555.SH,退市泽达,20071030,
688555.SH,退市泽达,20071029,
688555.SH,退市泽达,20071028,
688555.SH,退市泽达,20071027,
688555.SH,退市泽达,20071026,
688555.SH,退市泽达,20071025,
688555.SH,退市泽达,20071024,
688555.SH,退市泽达,20071023,
688555.SH,退市泽达,20071022,
688555.SH,退市泽达,20071021,
688555.SH,退市泽达,20071020,
688555.SH,退市泽达,20071019,
688555.SH,退市泽达,20071018,
688555.SH,退市泽达,20071017,
688555.SH,退市泽达,20071016,
688555.SH,退市泽达,20071015,
688555.SH,退市泽达,20071014,
688555.SH,退市泽达,20071013,
688555.SH,退市泽达,20071012,
688555.SH,退市泽达,20071011,
688555.SH,退市泽达,20071010,
688555.SH,退市泽达,20071009,
688555.SH,退市泽达,20071008,
688555.SH,退市泽达,20071007,
688555.SH,退市泽达,20071006,
688555.SH,退市泽达,20071005,
688555.SH,退市泽达,20071004,
688555.SH,退市泽达,20071003,
688555.SH,退市泽达,20071002,
688555.SH,退市泽达,20071001,
688555.SH,退市泽达,20070930,
688555.SH,退市泽达,20070929,
688555.SH,退市泽达,20070928,
688555.SH,退市泽达,20070927,
688555.SH,退市泽达,20070926,
688555.SH,退市泽达,20070925,
688555.SH,退市泽达,20070924,
688555.SH,退市泽达,20070923,
688555.SH,退市泽达,20070922,
688555.SH,退市泽达,20070921,
688555.SH,退市泽达,20070920,
688555.SH,退市泽达,20070919,
688555.SH,退市泽达,20070918,
688555.SH,退市泽达,20070917,
688555.SH,退市泽达,20070916,
688555.SH,退市泽达,20070915,
688555.SH,退市泽达,20070914,
688555.SH,退市泽达,20070913,
688555.SH,退市泽达,20070912,
688555.SH,退市泽达,20070911,
688555.SH,退市泽达,20070910,
688555.SH,退市泽达,20070909,
688555.SH,退市泽达,20070908,
688555.SH,退市泽达,20070907,
688555.SH,退市泽达,20070906,
688555.SH,退市泽达,20070905,
688555.SH,退市泽达,20070904,
688555.SH,退市泽达,20070903,
688555.SH,退市泽达,20070902,
688555.SH,退市泽达,20070901,
688555.SH,退市泽达,20070831,
688555.SH,退市泽达,20070830,
688555.SH,退市泽达,20070829,
688555.SH,退市泽达,20070828,
688555.SH,退市泽达,20070827,
688555.SH,退市泽达,20070826,
688555.SH,退市泽达,20070825,
688555.SH,退市泽达,20070824,
688555.SH,退市泽达,20070823,
688555.SH,退市泽达,20070822,
688555.SH,退市泽达,20070821,
688555.SH,退市泽达,20070820,
688555.SH,退市泽达,20070819,
688555.SH,退市泽达,20070818,
688555.SH,退市泽达,20070817,
688555.SH,退市泽达,20070816,
688555.SH,退市泽达,20070815,
688555.SH,退市泽达,20070814,
688555.SH,退市泽达,20070813,
688555.SH,退市泽达,20070812,
688555.SH,退市泽达,20070811,
688555.SH,退市泽达,20070810,
688555.SH,退市泽达,20070809,
688555.SH,退市泽达,20070808,
688555.SH,退市泽达,20070807,
688555.SH,退市泽达,20070806,
688555.SH,退市泽达,20070805,
688555.SH,退市泽达,20070804,
688555.SH,退市泽达,20070803,
688555.SH,退市泽达,20070802,
688555.SH,退市泽达,20070801,
688555.SH,退市泽达,20070731,
688555.SH,退市泽达,20070730,
688555.SH,退市泽达,20070729,
688555.SH,退市泽达,20070728,
688555.SH,退市泽达,20070727,
688555.SH,退市泽达,20070726,
688555.SH,退市泽达,20070725,
688555.SH,退市泽达,20070724,
688555.SH,退市泽达,20070723,
688555.SH,退市泽达,20070722,
688555.SH,退市泽达,20070721,
688555.SH,退市泽达,20070720,
688555.SH,退市泽达,20070719,
688555.SH,退市泽达,20070718,
688555.SH,退市泽达,20070717,
688555.SH,退市泽达,20070716,
688555.SH,退市泽达,20070715,
688555.SH,退市泽达,20070714,
688555.SH,退市泽达,20070713,
688555.SH,退市泽达,20070712,
688555.SH,退市泽达,20070711,
688555.SH,退市泽达,20070710,
688555.SH,退市泽达,20070709,
688555.SH,退市泽达,20070708,
688555.SH,退市泽达,20070707,
688555.SH,退市泽达,20070706,
688555.SH,退市泽达,20070705,
688555.SH,退市泽达,20070704,
688555.SH,退市泽达,20070703,
688555.SH,退市泽达,20070702,
688555.SH,退市泽达,20070701,
688555.SH,退市泽达,20070630,
688555.SH,退市泽达,20070629,
688555.SH,退市泽达,20070628,
688555.SH,退市泽达,20070627,
688555.SH,退市泽达,20070626,
688555.SH,退市泽达,20070625,
688555.SH,退市泽达,20070624,
688555.SH,退市泽达,20070623,
688555.SH,退市泽达,20070622,
688555.SH,退市泽达,20070621,
688555.SH,退市泽达,20070620,
688555.SH,退市泽达,20070619,
688555.SH,退市泽达,20070618,
688555.SH,退市泽达,20070617,
688555.SH,退市泽达,20070616,
688555.SH,退市泽达,20070615,
688555.SH,退市泽达,20070614,
688555.SH,退市泽达,20070613,
688555.SH,退市泽达,20070612,
688555.SH,退市泽达,20070611,
688555.SH,退市泽达,20070610,
688555.SH,退市泽达,20070609,
688555.SH,退市泽达,20070608,
688555.SH,退市泽达,20070607,
688555.SH,退市泽达,20070606,
688555.SH,退市泽达,20070605,
688555.SH,退市泽达,20070604,
688555.SH,退市泽达,20070603,
688555.SH,退市泽达,20070602,
688555.SH,退市泽达,20070601,
688555.SH,退市泽达,20070531,
688555.SH,退市泽达,20070530,
688555.SH,退市泽达,20070529,
688555.SH,退市泽达,20070528,
688555.SH,退市泽达,20070527,
688555.SH,退市泽达,20070526,
688555.SH,退市泽达,20070525,
688555.SH,退市泽达,20070524,
688555.SH,退市泽达,20070523,
688555.SH,退市泽达,20070522,
688555.SH,退市泽达,20070521,
688555.SH,退市泽达,20070520,
688555.SH,退市泽达,20070519,
688555.SH,退市泽达,20070518,
688555.SH,退市泽达,20070517,
688555.SH,退市泽达,20070516,
688555.SH,退市泽达,20070515,
688555.SH,退市泽达,20070514,
688555.SH,退市泽达,20070513,
688555.SH,退市泽达,20070512,
688555.SH,退市泽达,20070511,
688555.SH,退市泽达,20070510,
688555.SH,退市泽达,20070509,
688555.SH,退市泽达,20070508,
688555.SH,退市泽达,20070507,
688555.SH,退市泽达,20070506,
688555.SH,退市泽达,20070505,
688555.SH,退市泽达,20070504,
688555.SH,退市泽达,20070503,
688555.SH,退市泽达,20070502,
688555.SH,退市泽达,20070501,
688555.SH,退市泽达,20070430,
688555.SH,退市泽达,20070429,
688555.SH,退市泽达,20070428,
688555.SH,退市泽达,20070427,
688555.SH,退市泽达,20070426,
688555.SH,退市泽达,20070425,
688555.SH,退市泽达,20070424,
688555.SH,退市泽达,20070423,
688555.SH,退市泽达,20070422,
688555.SH,退市泽达,20070421,
688555.SH,退市泽达,20070420,
688555.SH,退市泽达,20070419,
688555.SH,退市泽达,20070418,
688555.SH,退市泽达,20070417,
688555.SH,退市泽达,20070416,
688555.SH,退市泽达,20070415,
688555.SH,退市泽达,20070414,
688555.SH,退市泽达,20070413,
688555.SH,退市泽达,20070412,
688555.SH,退市泽达,20070411,
688555.SH,退市泽达,20070410,
688555.SH,退市泽达,20070409,
688555.SH,退市泽达,20070408,
688555.SH,退市泽达,20070407,
688555.SH,退市泽达,20070406,
688555.SH,退市泽达,20070405,
688555.SH,退市泽达,20070404,
688555.SH,退市泽达,20070403,
688555.SH,退市泽达,20070402,
688555.SH,退市泽达,20070401,
688555.SH,退市泽达,20070331,
688555.SH,退市泽达,20070330,
688555.SH,退市泽达,20070329,
688555.SH,退市泽达,20070328,
688555.SH,退市泽达,20070327,
688555.SH,退市泽达,20070326,
688555.SH,退市泽达,20070325,
688555.SH,退市泽达,20070324,
688555.SH,退市泽达,20070323,
688555.SH,退市泽达,20070322,
688555.SH,退市泽达,20070321,
688555.SH,退市泽达,20070320,
688555.SH,退市泽达,20070319,
688555.SH,退市泽达,20070318,
688555.SH,退市泽达,20070317,
688555.SH,退市泽达,20070316,
688555.SH,退市泽达,20070315,
688555.SH,退市泽达,20070314,
688555.SH,退市泽达,20070313,
688555.SH,退市泽达,20070312,
688555.SH,退市泽达,20070311,
688555.SH,退市泽达,20070310,
688555.SH,退市泽达,20070309,
688555.SH,退市泽达,20070308,
688555.SH,退市泽达,20070307,
688555.SH,退市泽达,20070306,
688555.SH,退市泽达,20070305,
688555.SH,退市泽达,20070304,
688555.SH,退市泽达,20070303,
688555.SH,退市泽达,20070302,
688555.SH,退市泽达,20070301,
688555.SH,退市泽达,20070228,
688555.SH,退市泽达,20070227,
688555.SH,退市泽达,20070226,
688555.SH,退市泽达,20070225,
688555.SH,退市泽达,20070224,
688555.SH,退市泽达,20070223,
688555.SH,退市泽达,20070222,
688555.SH,退市泽达,20070221,
688555.SH,退市泽达,20070220,
688555.SH,退市泽达,20070219,
688555.SH,退市泽达,20070218,
688555.SH,退市泽达,20070217,
688555.SH,退市泽达,20070216,
688555.SH,退市泽达,20070215,
688555.SH,退市泽达,20070214,
688555.SH,退市泽达,20070213,
688555.SH,退市泽达,20070212,
688555.SH,退市泽达,20070211,
688555.SH,退市泽达,20070210,
688555.SH,退市泽达,20070209,
688555.SH,退市泽达,20070208,
688555.SH,退市泽达,20070207,
688555.SH,退市泽达,20070206,
688555.SH,退市泽达,20070205,
688555.SH,退市泽达,20070204,
688555.SH,退市泽达,20070203,
688555.SH,退市泽达,20070202,
688555.SH,退市泽达,20070201,
688555.SH,退市泽达,20070131,
688555.SH,退市泽达,20070130,
688555.SH,退市泽达,20070129,
688555.SH,退市泽达,20070128,
688555.SH,退市泽达,20070127,
688555.SH,退市泽达,20070126,
688555.SH,退市泽达,20070125,
688555.SH,退市泽达,20070124,
688555.SH,退市泽达,20070123,
688555.SH,退市泽达,20070122,
688555.SH,退市泽达,20070121,
688555.SH,退市泽达,20070120,
688555.SH,退市泽达,20070119,
688555.SH,退市泽达,20070118,
688555.SH,退市泽达,20070117,
688555.SH,退市泽达,20070116,
688555.SH,退市泽达,20070115,
688555.SH,退市泽达,20070114,
688555.SH,退市泽达,20070113,
688555.SH,退市泽达,20070112,
688555.SH,退市泽达,20070111,
688555.SH,退市泽达,20070110,
688555.SH,退市泽达,20070109,
688555.SH,退市泽达,20070108,
688555.SH,退市泽达,20070107,
688555.SH,退市泽达,20070106,
688555.SH,退市泽达,20070105,
688555.SH,退市泽达,20070104,
688555.SH,退市泽达,20070103,
688555.SH,退市泽达,20070102,
688555.SH,退市泽达,20070101,
688555.SH,退市泽达,20061231,
688555.SH,退市泽达,20061230,
688555.SH,退市泽达,20061229,
688555.SH,退市泽达,20061228,
688555.SH,退市泽达,20061227,
688555.SH,退市泽达,20061226,
688555.SH,退市泽达,20061225,
688555.SH,退市泽达,20061224,
688555.SH,退市泽达,20061223,
688555.SH,退市泽达,20061222,
688555.SH,退市泽达,20061221,
688555.SH,退市泽达,20061220,
688555.SH,退市泽达,20061219,
688555.SH,退市泽达,20061218,
688555.SH,退市泽达,20061217,
688555.SH,退市泽达,20061216,
688555.SH,退市泽达,20061215,
688555.SH,退市泽达,20061214,
688555.SH,退市泽达,20061213,
688555.SH,退市泽达,20061212,
688555.SH,退市泽达,20061211,
688555.SH,退市泽达,20061210,
688555.SH,退市泽达,20061209,
688555.SH,退市泽达,20061208,
688555.SH,退市泽达,20061207,
688555.SH,退市泽达,20061206,
688555.SH,退市泽达,20061205,
688555.SH,退市泽达,20061204,
688555.SH,退市泽达,20061203,
688555.SH,退市泽达,20061202,
688555.SH,退市泽达,20061201,
688555.SH,退市泽达,20061130,
688555.SH,退市泽达,20061129,
688555.SH,退市泽达,20061128,
688555.SH,退市泽达,20061127,
688555.SH,退市泽达,20061126,
688555.SH,退市泽达,20061125,
688555.SH,退市泽达,20061124,
688555.SH,退市泽达,20061123,
688555.SH,退市泽达,20061122,
688555.SH,退市泽达,20061121,
688555.SH,退市泽达,20061120,
688555.SH,退市泽达,20061119,
688555.SH,退市泽达,20061118,
688555.SH,退市泽达,20061117,
688555.SH,退市泽达,20061116,
688555.SH,退市泽达,20061115,
688555.SH,退市泽达,20061114,
688555.SH,退市泽达,20061113,
688555.SH,退市泽达,20061112,
688555.SH,退市泽达,20061111,
688555.SH,退市泽达,20061110,
688555.SH,退市泽达,20061109,
688555.SH,退市泽达,20061108,
688555.SH,退市泽达,20061107,
688555.SH,退市泽达,20061106,
688555.SH,退市泽达,20061105,
688555.SH,退市泽达,20061104,
688555.SH,退市泽达,20061103,
688555.SH,退市泽达,20061102,
688555.SH,退市泽达,20061101,
688555.SH,退市泽达,20061031,
688555.SH,退市泽达,20061030,
688555.SH,退市泽达,20061029,
688555.SH,退市泽达,20061028,
688555.SH,退市泽达,20061027,
688555.SH,退市泽达,20061026,
688555.SH,退市泽达,20061025,
688555.SH,退市泽达,20061024,
688555.SH,退市泽达,20061023,
688555.SH,退市泽达,20061022,
688555.SH,退市泽达,20061021,
688555.SH,退市泽达,20061020,
688555.SH,退市泽达,20061019,
688555.SH,退市泽达,20061018,
688555.SH,退市泽达,20061017,
688555.SH,退市泽达,20061016,
688555.SH,退市泽达,20061015,
688555.SH,退市泽达,20061014,
688555.SH,退市泽达,20061013,
688555.SH,退市泽达,20061012,
688555.SH,退市泽达,20061011,
688555.SH,退市泽达,20061010,
688555.SH,退市泽达,20061009,
688555.SH,退市泽达,20061008,
688555.SH,退市泽达,20061007,
688555.SH,退市泽达,20061006,
688555.SH,退市泽达,20061005,
688555.SH,退市泽达,20061004,
688555.SH,退市泽达,20061003,
688555.SH,退市泽达,20061002,
688555.SH,退市泽达,20061001,
688555.SH,退市泽达,20060930,
688555.SH,退市泽达,20060929,
688555.SH,退市泽达,20060928,
688555.SH,退市泽达,20060927,
688555.SH,退市泽达,20060926,
688555.SH,退市泽达,20060925,
688555.SH,退市泽达,20060924,
688555.SH,退市泽达,20060923,
688555.SH,退市泽达,20060922,
688555.SH,退市泽达,20060921,
688555.SH,退市泽达,20060920,
688555.SH,退市泽达,20060919,
688555.SH,退市泽达,20060918,
688555.SH,退市泽达,20060917,
688555.SH,退市泽达,20060916,
688555.SH,退市泽达,20060915,
688555.SH,退市泽达,20060914,
688555.SH,退市泽达,20060913,
688555.SH,退市泽达,20060912,
688555.SH,退市泽达,20060911,
688555.SH,退市泽达,20060910,
688555.SH,退市泽达,20060909,
688555.SH,退市泽达,20060908,
688555.SH,退市泽达,20060907,
688555.SH,退市泽达,20060906,
688555.SH,退市泽达,20060905,
688555.SH,退市泽达,20060904,
688555.SH,退市泽达,20060903,
688555.SH,退市泽达,20060902,
688555.SH,退市泽达,20060901,
688555.SH,退市泽达,20060831,
688555.SH,退市泽达,20060830,
688555.SH,退市泽达,20060829,
688555.SH,退市泽达,20060828,
688555.SH,退市泽达,20060827,
688555.SH,退市泽达,20060826,
688555.SH,退市泽达,20060825,
688555.SH,退市泽达,20060824,
688555.SH,退市泽达,20060823,
688555.SH,退市泽达,20060822,
688555.SH,退市泽达,20060821,
688555.SH,退市泽达,20060820,
688555.SH,退市泽达,20060819,
688555.SH,退市泽达,20060818,
688555.SH,退市泽达,20060817,
688555.SH,退市泽达,20060816,
688555.SH,退市泽达,20060815,
688555.SH,退市泽达,20060814,
688555.SH,退市泽达,20060813,
688555.SH,退市泽达,20060812,
688555.SH,退市泽达,20060811,
688555.SH,退市泽达,20060810,
688555.SH,退市泽达,20060809,
688555.SH,退市泽达,20060808,
688555.SH,退市泽达,20060807,
688555.SH,退市泽达,20060806,
688555.SH,退市泽达,20060805,
688555.SH,退市泽达,20060804,
688555.SH,退市泽达,20060803,
688555.SH,退市泽达,20060802,
688555.SH,退市泽达,20060801,
688555.SH,退市泽达,20060731,
688555.SH,退市泽达,20060730,
688555.SH,退市泽达,20060729,
688555.SH,退市泽达,20060728,
688555.SH,退市泽达,20060727,
688555.SH,退市泽达,20060726,
688555.SH,退市泽达,20060725,
688555.SH,退市泽达,20060724,
688555.SH,退市泽达,20060723,
688555.SH,退市泽达,20060722,
688555.SH,退市泽达,20060721,
688555.SH,退市泽达,20060720,
688555.SH,退市泽达,20060719,
688555.SH,退市泽达,20060718,
688555.SH,退市泽达,20060717,
688555.SH,退市泽达,20060716,
688555.SH,退市泽达,20060715,
688555.SH,退市泽达,20060714,
688555.SH,退市泽达,20060713,
688555.SH,退市泽达,20060712,
688555.SH,退市泽达,20060711,
688555.SH,退市泽达,20060710,
688555.SH,退市泽达,20060709,
688555.SH,退市泽达,20060708,
688555.SH,退市泽达,20060707,
688555.SH,退市泽达,20060706,
688555.SH,退市泽达,20060705,
688555.SH,退市泽达,20060704,
688555.SH,退市泽达,20060703,
688555.SH,退市泽达,20060702,
688555.SH,退市泽达,20060701,
688555.SH,退市泽达,20060630,
688555.SH,退市泽达,20060629,
688555.SH,退市泽达,20060628,
688555.SH,退市泽达,20060627,
688555.SH,退市泽达,20060626,
688555.SH,退市泽达,20060625,
688555.SH,退市泽达,20060624,
688555.SH,退市泽达,20060623,
688555.SH,退市泽达,20060622,
688555.SH,退市泽达,20060621,
688555.SH,退市泽达,20060620,
688555.SH,退市泽达,20060619,
688555.SH,退市泽达,20060618,
688555.SH,退市泽达,20060617,
688555.SH,退市泽达,20060616,
688555.SH,退市泽达,20060615,
688555.SH,退市泽达,20060614,
688555.SH,退市泽达,20060613,
688555.SH,退市泽达,20060612,
688555.SH,退市泽达,20060611,
688555.SH,退市泽达,20060610,
688555.SH,退市泽达,20060609,
688555.SH,退市泽达,20060608,
688555.SH,退市泽达,20060607,
688555.SH,退市泽达,20060606,
688555.SH,退市泽达,20060605,
688555.SH,退市泽达,20060604,
688555.SH,退市泽达,20060603,
688555.SH,退市泽达,20060602,
688555.SH,退市泽达,20060601,
688555.SH,退市泽达,20060531,
688555.SH,退市泽达,20060530,
688555.SH,退市泽达,20060529,
688555.SH,退市泽达,20060528,
688555.SH,退市泽达,20060527,
688555.SH,退市泽达,20060526,
688555.SH,退市泽达,20060525,
688555.SH,退市泽达,20060524,
688555.SH,退市泽达,20060523,
688555.SH,退市泽达,20060522,
688555.SH,退市泽达,20060521,
688555.SH,退市泽达,20060520,
688555.SH,退市泽达,20060519,
688555.SH,退市泽达,20060518,
688555.SH,退市泽达,20060517,
688555.SH,退市泽达,20060516,
688555.SH,退市泽达,20060515,
688555.SH,退市泽达,20060514,
688555.SH,退市泽达,20060513,
688555.SH,退市泽达,20060512,
688555.SH,退市泽达,20060511,
688555.SH,退市泽达,20060510,
688555.SH,退市泽达,20060509,
688555.SH,退市泽达,20060508,
688555.SH,退市泽达,20060507,
688555.SH,退市泽达,20060506,
688555.SH,退市泽达,20060505,
688555.SH,退市泽达,20060504,
688555.SH,退市泽达,20060503,
688555.SH,退市泽达,20060502,
688555.SH,退市泽达,20060501,
688555.SH,退市泽达,20060430,
688555.SH,退市泽达,20060429,
688555.SH,退市泽达,20060428,
688555.SH,退市泽达,20060427,
688555.SH,退市泽达,20060426,
688555.SH,退市泽达,20060425,
688555.SH,退市泽达,20060424,
688555.SH,退市泽达,20060423,
688555.SH,退市泽达,20060422,
688555.SH,退市泽达,20060421,
688555.SH,退市泽达,20060420,
688555.SH,退市泽达,20060419,
688555.SH,退市泽达,20060418,
688555.SH,退市泽达,20060417,
688555.SH,退市泽达,20060416,
688555.SH,退市泽达,20060415,
688555.SH,退市泽达,20060414,
688555.SH,退市泽达,20060413,
688555.SH,退市泽达,20060412,
688555.SH,退市泽达,20060411,
688555.SH,退市泽达,20060410,
688555.SH,退市泽达,20060409,
688555.SH,退市泽达,20060408,
688555.SH,退市泽达,20060407,
688555.SH,退市泽达,20060406,
688555.SH,退市泽达,20060405,
688555.SH,退市泽达,20060404,
688555.SH,退市泽达,20060403,
688555.SH,退市泽达,20060402,
688555.SH,退市泽达,20060401,
688555.SH,退市泽达,20060331,
688555.SH,退市泽达,20060330,
688555.SH,退市泽达,20060329,
688555.SH,退市泽达,20060328,
688555.SH,退市泽达,20060327,
688555.SH,退市泽达,20060326,
688555.SH,退市泽达,20060325,
688555.SH,退市泽达,20060324,
688555.SH,退市泽达,20060323,
688555.SH,退市泽达,20060322,
688555.SH,退市泽达,20060321,
688555.SH,退市泽达,20060320,
688555.SH,退市泽达,20060319,
688555.SH,退市泽达,20060318,
688555.SH,退市泽达,20060317,
688555.SH,退市泽达,20060316,
688555.SH,退市泽达,20060315,
688555.SH,退市泽达,20060314,
688555.SH,退市泽达,20060313,
688555.SH,退市泽达,20060312,
688555.SH,退市泽达,20060311,
688555.SH,退市泽达,20060310,
688555.SH,退市泽达,20060309,
688555.SH,退市泽达,20060308,
688555.SH,退市泽达,20060307,
688555.SH,退市泽达,20060306,
688555.SH,退市泽达,20060305,
688555.SH,退市泽达,20060304,
688555.SH,退市泽达,20060303,
688555.SH,退市泽达,20060302,
688555.SH,退市泽达,20060301,
688555.SH,退市泽达,20060228,
688555.SH,退市泽达,20060227,
688555.SH,退市泽达,20060226,
688555.SH,退市泽达,20060225,
688555.SH,退市泽达,20060224,
688555.SH,退市泽达,20060223,
688555.SH,退市泽达,20060222,
688555.SH,退市泽达,20060221,
688555.SH,退市泽达,20060220,
688555.SH,退市泽达,20060219,
688555.SH,退市泽达,20060218,
688555.SH,退市泽达,20060217,
688555.SH,退市泽达,20060216,
688555.SH,退市泽达,20060215,
688555.SH,退市泽达,20060214,
688555.SH,退市泽达,20060213,
688555.SH,退市泽达,20060212,
688555.SH,退市泽达,20060211,
688555.SH,退市泽达,20060210,
688555.SH,退市泽达,20060209,
688555.SH,退市泽达,20060208,
688555.SH,退市泽达,20060207,
688555.SH,退市泽达,20060206,
688555.SH,退市泽达,20060205,
688555.SH,退市泽达,20060204,
688555.SH,退市泽达,20060203,
688555.SH,退市泽达,20060202,
688555.SH,退市泽达,20060201,
688555.SH,退市泽达,20060131,
688555.SH,退市泽达,20060130,
688555.SH,退市泽达,20060129,
688555.SH,退市泽达,20060128,
688555.SH,退市泽达,20060127,
688555.SH,退市泽达,20060126,
688555.SH,退市泽达,20060125,
688555.SH,退市泽达,20060124,
688555.SH,退市泽达,20060123,
688555.SH,退市泽达,20060122,
688555.SH,退市泽达,20060121,
688555.SH,退市泽达,20060120,
688555.SH,退市泽达,20060119,
688555.SH,退市泽达,20060118,
688555.SH,退市泽达,20060117,
688555.SH,退市泽达,20060116,
688555.SH,退市泽达,20060115,
688555.SH,退市泽达,20060114,
688555.SH,退市泽达,20060113,
688555.SH,退市泽达,20060112,
688555.SH,退市泽达,20060111,
688555.SH,退市泽达,20060110,
688555.SH,退市泽达,20060109,
688555.SH,退市泽达,20060108,
688555.SH,退市泽达,20060107,
688555.SH,退市泽达,20060106,
688555.SH,退市泽达,20060105,
688555.SH,退市泽达,20060104,
688555.SH,退市泽达,20060103,
688555.SH,退市泽达,20060102,
688555.SH,退市泽达,20060101,
