证券代码,证券简称,日期,月涨跌幅
600075.SH,新疆天业,20260815,-3.0701754385965
600075.SH,新疆天业,20260814,-3.0701754385965
600075.SH,新疆天业,20260813,-3.0701754385965
600075.SH,新疆天业,20260812,-3.0701754385965
600075.SH,新疆天业,20260811,-3.0701754385965
600075.SH,新疆天业,20260810,-3.0701754385965
600075.SH,新疆天业,20260809,-3.0701754385965
600075.SH,新疆天业,20260808,-3.0701754385965
600075.SH,新疆天业,20260807,-3.0701754385965
600075.SH,新疆天业,20260806,-3.0701754385965
600075.SH,新疆天业,20260805,-3.0701754385965
600075.SH,新疆天业,20260804,-3.0701754385965
600075.SH,新疆天业,20260803,-3.0701754385965
600075.SH,新疆天业,20260802,-3.0701754385965
600075.SH,新疆天业,20260801,-3.0701754385965
600075.SH,新疆天业,20260731,12.871287128713
600075.SH,新疆天业,20260730,12.871287128713
600075.SH,新疆天业,20260729,12.871287128713
600075.SH,新疆天业,20260728,12.871287128713
600075.SH,新疆天业,20260727,12.871287128713
600075.SH,新疆天业,20260726,12.871287128713
600075.SH,新疆天业,20260725,12.871287128713
600075.SH,新疆天业,20260724,12.871287128713
600075.SH,新疆天业,20260723,12.871287128713
600075.SH,新疆天业,20260722,12.871287128713
600075.SH,新疆天业,20260721,12.871287128713
600075.SH,新疆天业,20260720,12.871287128713
600075.SH,新疆天业,20260719,12.871287128713
600075.SH,新疆天业,20260718,12.871287128713
600075.SH,新疆天业,20260717,12.871287128713
600075.SH,新疆天业,20260716,12.871287128713
600075.SH,新疆天业,20260715,12.871287128713
600075.SH,新疆天业,20260714,12.871287128713
600075.SH,新疆天业,20260713,12.871287128713
600075.SH,新疆天业,20260712,12.871287128713
600075.SH,新疆天业,20260711,12.871287128713
600075.SH,新疆天业,20260710,12.871287128713
600075.SH,新疆天业,20260709,12.871287128713
600075.SH,新疆天业,20260708,12.871287128713
600075.SH,新疆天业,20260707,12.871287128713
600075.SH,新疆天业,20260706,12.871287128713
600075.SH,新疆天业,20260705,12.871287128713
600075.SH,新疆天业,20260704,12.871287128713
600075.SH,新疆天业,20260703,12.871287128713
600075.SH,新疆天业,20260702,12.871287128713
600075.SH,新疆天业,20260701,12.871287128713
600075.SH,新疆天业,20260630,-19.84126984127
600075.SH,新疆天业,20260629,-19.84126984127
600075.SH,新疆天业,20260628,-19.84126984127
600075.SH,新疆天业,20260627,-19.84126984127
600075.SH,新疆天业,20260626,-19.84126984127
600075.SH,新疆天业,20260625,-19.84126984127
600075.SH,新疆天业,20260624,-19.84126984127
600075.SH,新疆天业,20260623,-19.84126984127
600075.SH,新疆天业,20260622,-19.84126984127
600075.SH,新疆天业,20260621,-19.84126984127
600075.SH,新疆天业,20260620,-19.84126984127
600075.SH,新疆天业,20260619,-19.84126984127
600075.SH,新疆天业,20260618,-19.84126984127
600075.SH,新疆天业,20260617,-19.84126984127
600075.SH,新疆天业,20260616,-19.84126984127
600075.SH,新疆天业,20260615,-19.84126984127
600075.SH,新疆天业,20260614,-19.84126984127
600075.SH,新疆天业,20260613,-19.84126984127
600075.SH,新疆天业,20260612,-19.84126984127
600075.SH,新疆天业,20260611,-19.84126984127
600075.SH,新疆天业,20260610,-19.84126984127
600075.SH,新疆天业,20260609,-19.84126984127
600075.SH,新疆天业,20260608,-19.84126984127
600075.SH,新疆天业,20260607,-19.84126984127
600075.SH,新疆天业,20260606,-19.84126984127
600075.SH,新疆天业,20260605,-19.84126984127
600075.SH,新疆天业,20260604,-19.84126984127
600075.SH,新疆天业,20260603,-19.84126984127
600075.SH,新疆天业,20260602,-19.84126984127
600075.SH,新疆天业,20260601,-19.84126984127
600075.SH,新疆天业,20260531,-26.530612244898
600075.SH,新疆天业,20260530,-26.530612244898
600075.SH,新疆天业,20260529,-26.530612244898
600075.SH,新疆天业,20260528,-26.530612244898
600075.SH,新疆天业,20260527,-26.530612244898
600075.SH,新疆天业,20260526,-26.530612244898
600075.SH,新疆天业,20260525,-26.530612244898
600075.SH,新疆天业,20260524,-26.530612244898
600075.SH,新疆天业,20260523,-26.530612244898
600075.SH,新疆天业,20260522,-26.530612244898
600075.SH,新疆天业,20260521,-26.530612244898
600075.SH,新疆天业,20260520,-26.530612244898
600075.SH,新疆天业,20260519,-26.530612244898
600075.SH,新疆天业,20260518,-26.530612244898
600075.SH,新疆天业,20260517,-26.530612244898
600075.SH,新疆天业,20260516,-26.530612244898
600075.SH,新疆天业,20260515,-26.530612244898
600075.SH,新疆天业,20260514,-26.530612244898
600075.SH,新疆天业,20260513,-26.530612244898
600075.SH,新疆天业,20260512,-26.530612244898
600075.SH,新疆天业,20260511,-26.530612244898
600075.SH,新疆天业,20260510,-26.530612244898
600075.SH,新疆天业,20260509,-26.530612244898
600075.SH,新疆天业,20260508,-26.530612244898
600075.SH,新疆天业,20260507,-26.530612244898
600075.SH,新疆天业,20260506,-26.530612244898
600075.SH,新疆天业,20260505,-26.530612244898
600075.SH,新疆天业,20260504,-26.530612244898
600075.SH,新疆天业,20260503,-26.530612244898
600075.SH,新疆天业,20260502,-26.530612244898
600075.SH,新疆天业,20260501,-26.530612244898
600075.SH,新疆天业,20260430,-5.7692307692308
600075.SH,新疆天业,20260429,-5.7692307692308
600075.SH,新疆天业,20260428,-5.7692307692308
600075.SH,新疆天业,20260427,-5.7692307692308
600075.SH,新疆天业,20260426,-5.7692307692308
600075.SH,新疆天业,20260425,-5.7692307692308
600075.SH,新疆天业,20260424,-5.7692307692308
600075.SH,新疆天业,20260423,-5.7692307692308
600075.SH,新疆天业,20260422,-5.7692307692308
600075.SH,新疆天业,20260421,-5.7692307692308
600075.SH,新疆天业,20260420,-5.7692307692308
600075.SH,新疆天业,20260419,-5.7692307692308
600075.SH,新疆天业,20260418,-5.7692307692308
600075.SH,新疆天业,20260417,-5.7692307692308
600075.SH,新疆天业,20260416,-5.7692307692308
600075.SH,新疆天业,20260415,-5.7692307692308
600075.SH,新疆天业,20260414,-5.7692307692308
600075.SH,新疆天业,20260413,-5.7692307692308
600075.SH,新疆天业,20260412,-5.7692307692308
600075.SH,新疆天业,20260411,-5.7692307692308
600075.SH,新疆天业,20260410,-5.7692307692308
600075.SH,新疆天业,20260409,-5.7692307692308
600075.SH,新疆天业,20260408,-5.7692307692308
600075.SH,新疆天业,20260407,-5.7692307692308
600075.SH,新疆天业,20260406,-5.7692307692308
600075.SH,新疆天业,20260405,-5.7692307692308
600075.SH,新疆天业,20260404,-5.7692307692308
600075.SH,新疆天业,20260403,-5.7692307692308
600075.SH,新疆天业,20260402,-5.7692307692308
600075.SH,新疆天业,20260401,-5.7692307692308
600075.SH,新疆天业,20260331,10.136157337368
600075.SH,新疆天业,20260330,10.136157337368
600075.SH,新疆天业,20260329,10.136157337368
600075.SH,新疆天业,20260328,10.136157337368
600075.SH,新疆天业,20260327,10.136157337368
600075.SH,新疆天业,20260326,10.136157337368
600075.SH,新疆天业,20260325,10.136157337368
600075.SH,新疆天业,20260324,10.136157337368
600075.SH,新疆天业,20260323,10.136157337368
600075.SH,新疆天业,20260322,10.136157337368
600075.SH,新疆天业,20260321,10.136157337368
600075.SH,新疆天业,20260320,10.136157337368
600075.SH,新疆天业,20260319,10.136157337368
600075.SH,新疆天业,20260318,10.136157337368
600075.SH,新疆天业,20260317,10.136157337368
600075.SH,新疆天业,20260316,10.136157337368
600075.SH,新疆天业,20260315,10.136157337368
600075.SH,新疆天业,20260314,10.136157337368
600075.SH,新疆天业,20260313,10.136157337368
600075.SH,新疆天业,20260312,10.136157337368
600075.SH,新疆天业,20260311,10.136157337368
600075.SH,新疆天业,20260310,10.136157337368
600075.SH,新疆天业,20260309,10.136157337368
600075.SH,新疆天业,20260308,10.136157337368
600075.SH,新疆天业,20260307,10.136157337368
600075.SH,新疆天业,20260306,10.136157337368
600075.SH,新疆天业,20260305,10.136157337368
600075.SH,新疆天业,20260304,10.136157337368
600075.SH,新疆天业,20260303,10.136157337368
600075.SH,新疆天业,20260302,10.136157337368
600075.SH,新疆天业,20260301,10.136157337368
600075.SH,新疆天业,20260228,5.087440381558
600075.SH,新疆天业,20260227,5.087440381558
600075.SH,新疆天业,20260226,5.087440381558
600075.SH,新疆天业,20260225,5.087440381558
600075.SH,新疆天业,20260224,5.087440381558
600075.SH,新疆天业,20260223,5.087440381558
600075.SH,新疆天业,20260222,5.087440381558
600075.SH,新疆天业,20260221,5.087440381558
600075.SH,新疆天业,20260220,5.087440381558
600075.SH,新疆天业,20260219,5.087440381558
600075.SH,新疆天业,20260218,5.087440381558
600075.SH,新疆天业,20260217,5.087440381558
600075.SH,新疆天业,20260216,5.087440381558
600075.SH,新疆天业,20260215,5.087440381558
600075.SH,新疆天业,20260214,5.087440381558
600075.SH,新疆天业,20260213,5.087440381558
600075.SH,新疆天业,20260212,5.087440381558
600075.SH,新疆天业,20260211,5.087440381558
600075.SH,新疆天业,20260210,5.087440381558
600075.SH,新疆天业,20260209,5.087440381558
600075.SH,新疆天业,20260208,5.087440381558
600075.SH,新疆天业,20260207,5.087440381558
600075.SH,新疆天业,20260206,5.087440381558
600075.SH,新疆天业,20260205,5.087440381558
600075.SH,新疆天业,20260204,5.087440381558
600075.SH,新疆天业,20260203,5.087440381558
600075.SH,新疆天业,20260202,5.087440381558
600075.SH,新疆天业,20260201,5.087440381558
600075.SH,新疆天业,20260131,27.070707070707
600075.SH,新疆天业,20260130,27.070707070707
600075.SH,新疆天业,20260129,27.070707070707
600075.SH,新疆天业,20260128,27.070707070707
600075.SH,新疆天业,20260127,27.070707070707
600075.SH,新疆天业,20260126,27.070707070707
600075.SH,新疆天业,20260125,27.070707070707
600075.SH,新疆天业,20260124,27.070707070707
600075.SH,新疆天业,20260123,27.070707070707
600075.SH,新疆天业,20260122,27.070707070707
600075.SH,新疆天业,20260121,27.070707070707
600075.SH,新疆天业,20260120,27.070707070707
600075.SH,新疆天业,20260119,27.070707070707
600075.SH,新疆天业,20260118,27.070707070707
600075.SH,新疆天业,20260117,27.070707070707
600075.SH,新疆天业,20260116,27.070707070707
600075.SH,新疆天业,20260115,27.070707070707
600075.SH,新疆天业,20260114,27.070707070707
600075.SH,新疆天业,20260113,27.070707070707
600075.SH,新疆天业,20260112,27.070707070707
600075.SH,新疆天业,20260111,27.070707070707
600075.SH,新疆天业,20260110,27.070707070707
600075.SH,新疆天业,20260109,27.070707070707
600075.SH,新疆天业,20260108,27.070707070707
600075.SH,新疆天业,20260107,27.070707070707
600075.SH,新疆天业,20260106,27.070707070707
600075.SH,新疆天业,20260105,27.070707070707
600075.SH,新疆天业,20260104,27.070707070707
600075.SH,新疆天业,20260103,27.070707070707
600075.SH,新疆天业,20260102,27.070707070707
600075.SH,新疆天业,20260101,27.070707070707
600075.SH,新疆天业,20251231,-0.2016129032258
600075.SH,新疆天业,20251230,-0.2016129032258
600075.SH,新疆天业,20251229,-0.2016129032258
600075.SH,新疆天业,20251228,-0.2016129032258
600075.SH,新疆天业,20251227,-0.2016129032258
600075.SH,新疆天业,20251226,-0.2016129032258
600075.SH,新疆天业,20251225,-0.2016129032258
600075.SH,新疆天业,20251224,-0.2016129032258
600075.SH,新疆天业,20251223,-0.2016129032258
600075.SH,新疆天业,20251222,-0.2016129032258
600075.SH,新疆天业,20251221,-0.2016129032258
600075.SH,新疆天业,20251220,-0.2016129032258
600075.SH,新疆天业,20251219,-0.2016129032258
600075.SH,新疆天业,20251218,-0.2016129032258
600075.SH,新疆天业,20251217,-0.2016129032258
600075.SH,新疆天业,20251216,-0.2016129032258
600075.SH,新疆天业,20251215,-0.2016129032258
600075.SH,新疆天业,20251214,-0.2016129032258
600075.SH,新疆天业,20251213,-0.2016129032258
600075.SH,新疆天业,20251212,-0.2016129032258
600075.SH,新疆天业,20251211,-0.2016129032258
600075.SH,新疆天业,20251210,-0.2016129032258
600075.SH,新疆天业,20251209,-0.2016129032258
600075.SH,新疆天业,20251208,-0.2016129032258
600075.SH,新疆天业,20251207,-0.2016129032258
600075.SH,新疆天业,20251206,-0.2016129032258
600075.SH,新疆天业,20251205,-0.2016129032258
600075.SH,新疆天业,20251204,-0.2016129032258
600075.SH,新疆天业,20251203,-0.2016129032258
600075.SH,新疆天业,20251202,-0.2016129032258
600075.SH,新疆天业,20251201,-0.2016129032258
600075.SH,新疆天业,20251130,4.6413502109705
600075.SH,新疆天业,20251129,4.6413502109705
600075.SH,新疆天业,20251128,4.6413502109705
600075.SH,新疆天业,20251127,4.6413502109705
600075.SH,新疆天业,20251126,4.6413502109705
600075.SH,新疆天业,20251125,4.6413502109705
600075.SH,新疆天业,20251124,4.6413502109705
600075.SH,新疆天业,20251123,4.6413502109705
600075.SH,新疆天业,20251122,4.6413502109705
600075.SH,新疆天业,20251121,4.6413502109705
600075.SH,新疆天业,20251120,4.6413502109705
600075.SH,新疆天业,20251119,4.6413502109705
600075.SH,新疆天业,20251118,4.6413502109705
600075.SH,新疆天业,20251117,4.6413502109705
600075.SH,新疆天业,20251116,4.6413502109705
600075.SH,新疆天业,20251115,4.6413502109705
600075.SH,新疆天业,20251114,4.6413502109705
600075.SH,新疆天业,20251113,4.6413502109705
600075.SH,新疆天业,20251112,4.6413502109705
600075.SH,新疆天业,20251111,4.6413502109705
600075.SH,新疆天业,20251110,4.6413502109705
600075.SH,新疆天业,20251109,4.6413502109705
600075.SH,新疆天业,20251108,4.6413502109705
600075.SH,新疆天业,20251107,4.6413502109705
600075.SH,新疆天业,20251106,4.6413502109705
600075.SH,新疆天业,20251105,4.6413502109705
600075.SH,新疆天业,20251104,4.6413502109705
600075.SH,新疆天业,20251103,4.6413502109705
600075.SH,新疆天业,20251102,4.6413502109705
600075.SH,新疆天业,20251101,4.6413502109705
600075.SH,新疆天业,20251031,3.9473684210526
600075.SH,新疆天业,20251030,3.9473684210526
600075.SH,新疆天业,20251029,3.9473684210526
600075.SH,新疆天业,20251028,3.9473684210526
600075.SH,新疆天业,20251027,3.9473684210526
600075.SH,新疆天业,20251026,3.9473684210526
600075.SH,新疆天业,20251025,3.9473684210526
600075.SH,新疆天业,20251024,3.9473684210526
600075.SH,新疆天业,20251023,3.9473684210526
600075.SH,新疆天业,20251022,3.9473684210526
600075.SH,新疆天业,20251021,3.9473684210526
600075.SH,新疆天业,20251020,3.9473684210526
600075.SH,新疆天业,20251019,3.9473684210526
600075.SH,新疆天业,20251018,3.9473684210526
600075.SH,新疆天业,20251017,3.9473684210526
600075.SH,新疆天业,20251016,3.9473684210526
600075.SH,新疆天业,20251015,3.9473684210526
600075.SH,新疆天业,20251014,3.9473684210526
600075.SH,新疆天业,20251013,3.9473684210526
600075.SH,新疆天业,20251012,3.9473684210526
600075.SH,新疆天业,20251011,3.9473684210526
600075.SH,新疆天业,20251010,3.9473684210526
600075.SH,新疆天业,20251009,3.9473684210526
600075.SH,新疆天业,20251008,3.9473684210526
600075.SH,新疆天业,20251007,3.9473684210526
600075.SH,新疆天业,20251006,3.9473684210526
600075.SH,新疆天业,20251005,3.9473684210526
600075.SH,新疆天业,20251004,3.9473684210526
600075.SH,新疆天业,20251003,3.9473684210526
600075.SH,新疆天业,20251002,3.9473684210526
600075.SH,新疆天业,20251001,3.9473684210526
600075.SH,新疆天业,20250930,0.21978021978022
600075.SH,新疆天业,20250929,0.21978021978022
600075.SH,新疆天业,20250928,0.21978021978022
600075.SH,新疆天业,20250927,0.21978021978022
600075.SH,新疆天业,20250926,0.21978021978022
600075.SH,新疆天业,20250925,0.21978021978022
600075.SH,新疆天业,20250924,0.21978021978022
600075.SH,新疆天业,20250923,0.21978021978022
600075.SH,新疆天业,20250922,0.21978021978022
600075.SH,新疆天业,20250921,0.21978021978022
600075.SH,新疆天业,20250920,0.21978021978022
600075.SH,新疆天业,20250919,0.21978021978022
600075.SH,新疆天业,20250918,0.21978021978022
600075.SH,新疆天业,20250917,0.21978021978022
600075.SH,新疆天业,20250916,0.21978021978022
600075.SH,新疆天业,20250915,0.21978021978022
600075.SH,新疆天业,20250914,0.21978021978022
600075.SH,新疆天业,20250913,0.21978021978022
600075.SH,新疆天业,20250912,0.21978021978022
600075.SH,新疆天业,20250911,0.21978021978022
600075.SH,新疆天业,20250910,0.21978021978022
600075.SH,新疆天业,20250909,0.21978021978022
600075.SH,新疆天业,20250908,0.21978021978022
600075.SH,新疆天业,20250907,0.21978021978022
600075.SH,新疆天业,20250906,0.21978021978022
600075.SH,新疆天业,20250905,0.21978021978022
600075.SH,新疆天业,20250904,0.21978021978022
600075.SH,新疆天业,20250903,0.21978021978022
600075.SH,新疆天业,20250902,0.21978021978022
600075.SH,新疆天业,20250901,0.21978021978022
600075.SH,新疆天业,20250831,3.1746031746032
600075.SH,新疆天业,20250830,3.1746031746032
600075.SH,新疆天业,20250829,3.1746031746032
600075.SH,新疆天业,20250828,3.1746031746032
600075.SH,新疆天业,20250827,3.1746031746032
600075.SH,新疆天业,20250826,3.1746031746032
600075.SH,新疆天业,20250825,3.1746031746032
600075.SH,新疆天业,20250824,3.1746031746032
600075.SH,新疆天业,20250823,3.1746031746032
600075.SH,新疆天业,20250822,3.1746031746032
600075.SH,新疆天业,20250821,3.1746031746032
600075.SH,新疆天业,20250820,3.1746031746032
600075.SH,新疆天业,20250819,3.1746031746032
600075.SH,新疆天业,20250818,3.1746031746032
600075.SH,新疆天业,20250817,3.1746031746032
600075.SH,新疆天业,20250816,3.1746031746032
600075.SH,新疆天业,20250815,3.1746031746032
600075.SH,新疆天业,20250814,3.1746031746032
600075.SH,新疆天业,20250813,3.1746031746032
600075.SH,新疆天业,20250812,3.1746031746032
600075.SH,新疆天业,20250811,3.1746031746032
600075.SH,新疆天业,20250810,3.1746031746032
600075.SH,新疆天业,20250809,3.1746031746032
600075.SH,新疆天业,20250808,3.1746031746032
600075.SH,新疆天业,20250807,3.1746031746032
600075.SH,新疆天业,20250806,3.1746031746032
600075.SH,新疆天业,20250805,3.1746031746032
600075.SH,新疆天业,20250804,3.1746031746032
600075.SH,新疆天业,20250803,3.1746031746032
600075.SH,新疆天业,20250802,3.1746031746032
600075.SH,新疆天业,20250801,3.1746031746032
600075.SH,新疆天业,20250731,4.2553191489362
600075.SH,新疆天业,20250730,4.2553191489362
600075.SH,新疆天业,20250729,4.2553191489362
600075.SH,新疆天业,20250728,4.2553191489362
600075.SH,新疆天业,20250727,4.2553191489362
600075.SH,新疆天业,20250726,4.2553191489362
600075.SH,新疆天业,20250725,4.2553191489362
600075.SH,新疆天业,20250724,4.2553191489362
600075.SH,新疆天业,20250723,4.2553191489362
600075.SH,新疆天业,20250722,4.2553191489362
600075.SH,新疆天业,20250721,4.2553191489362
600075.SH,新疆天业,20250720,4.2553191489362
600075.SH,新疆天业,20250719,4.2553191489362
600075.SH,新疆天业,20250718,4.2553191489362
600075.SH,新疆天业,20250717,4.2553191489362
600075.SH,新疆天业,20250716,4.2553191489362
600075.SH,新疆天业,20250715,4.2553191489362
600075.SH,新疆天业,20250714,4.2553191489362
600075.SH,新疆天业,20250713,4.2553191489362
600075.SH,新疆天业,20250712,4.2553191489362
600075.SH,新疆天业,20250711,4.2553191489362
600075.SH,新疆天业,20250710,4.2553191489362
600075.SH,新疆天业,20250709,4.2553191489362
600075.SH,新疆天业,20250708,4.2553191489362
600075.SH,新疆天业,20250707,4.2553191489362
600075.SH,新疆天业,20250706,4.2553191489362
600075.SH,新疆天业,20250705,4.2553191489362
600075.SH,新疆天业,20250704,4.2553191489362
600075.SH,新疆天业,20250703,4.2553191489362
600075.SH,新疆天业,20250702,4.2553191489362
600075.SH,新疆天业,20250701,4.2553191489362
600075.SH,新疆天业,20250630,0.71428571428572
600075.SH,新疆天业,20250629,0.71428571428572
600075.SH,新疆天业,20250628,0.71428571428572
600075.SH,新疆天业,20250627,0.71428571428572
600075.SH,新疆天业,20250626,0.71428571428572
600075.SH,新疆天业,20250625,0.71428571428572
600075.SH,新疆天业,20250624,0.71428571428572
600075.SH,新疆天业,20250623,0.71428571428572
600075.SH,新疆天业,20250622,0.71428571428572
600075.SH,新疆天业,20250621,0.71428571428572
600075.SH,新疆天业,20250620,0.71428571428572
600075.SH,新疆天业,20250619,0.71428571428572
600075.SH,新疆天业,20250618,0.71428571428572
600075.SH,新疆天业,20250617,0.71428571428572
600075.SH,新疆天业,20250616,0.71428571428572
600075.SH,新疆天业,20250615,0.71428571428572
600075.SH,新疆天业,20250614,0.71428571428572
600075.SH,新疆天业,20250613,0.71428571428572
600075.SH,新疆天业,20250612,0.71428571428572
600075.SH,新疆天业,20250611,0.71428571428572
600075.SH,新疆天业,20250610,0.71428571428572
600075.SH,新疆天业,20250609,0.71428571428572
600075.SH,新疆天业,20250608,0.71428571428572
600075.SH,新疆天业,20250607,0.71428571428572
600075.SH,新疆天业,20250606,0.71428571428572
600075.SH,新疆天业,20250605,0.71428571428572
600075.SH,新疆天业,20250604,0.71428571428572
600075.SH,新疆天业,20250603,0.71428571428572
600075.SH,新疆天业,20250602,0.71428571428572
600075.SH,新疆天业,20250601,0.71428571428572
600075.SH,新疆天业,20250531,1.4492753623189
600075.SH,新疆天业,20250530,1.4492753623189
600075.SH,新疆天业,20250529,1.4492753623189
600075.SH,新疆天业,20250528,1.4492753623189
600075.SH,新疆天业,20250527,1.4492753623189
600075.SH,新疆天业,20250526,1.4492753623189
600075.SH,新疆天业,20250525,1.4492753623189
600075.SH,新疆天业,20250524,1.4492753623189
600075.SH,新疆天业,20250523,1.4492753623189
600075.SH,新疆天业,20250522,1.4492753623189
600075.SH,新疆天业,20250521,1.4492753623189
600075.SH,新疆天业,20250520,1.4492753623189
600075.SH,新疆天业,20250519,1.4492753623189
600075.SH,新疆天业,20250518,1.4492753623189
600075.SH,新疆天业,20250517,1.4492753623189
600075.SH,新疆天业,20250516,1.4492753623189
600075.SH,新疆天业,20250515,1.4492753623189
600075.SH,新疆天业,20250514,1.4492753623189
600075.SH,新疆天业,20250513,1.4492753623189
600075.SH,新疆天业,20250512,1.4492753623189
600075.SH,新疆天业,20250511,1.4492753623189
600075.SH,新疆天业,20250510,1.4492753623189
600075.SH,新疆天业,20250509,1.4492753623189
600075.SH,新疆天业,20250508,1.4492753623189
600075.SH,新疆天业,20250507,1.4492753623189
600075.SH,新疆天业,20250506,1.4492753623189
600075.SH,新疆天业,20250505,1.4492753623189
600075.SH,新疆天业,20250504,1.4492753623189
600075.SH,新疆天业,20250503,1.4492753623189
600075.SH,新疆天业,20250502,1.4492753623189
600075.SH,新疆天业,20250501,1.4492753623189
600075.SH,新疆天业,20250430,-4.6082949308756
600075.SH,新疆天业,20250429,-4.6082949308756
600075.SH,新疆天业,20250428,-4.6082949308756
600075.SH,新疆天业,20250427,-4.6082949308756
600075.SH,新疆天业,20250426,-4.6082949308756
600075.SH,新疆天业,20250425,-4.6082949308756
600075.SH,新疆天业,20250424,-4.6082949308756
600075.SH,新疆天业,20250423,-4.6082949308756
600075.SH,新疆天业,20250422,-4.6082949308756
600075.SH,新疆天业,20250421,-4.6082949308756
600075.SH,新疆天业,20250420,-4.6082949308756
600075.SH,新疆天业,20250419,-4.6082949308756
600075.SH,新疆天业,20250418,-4.6082949308756
600075.SH,新疆天业,20250417,-4.6082949308756
600075.SH,新疆天业,20250416,-4.6082949308756
600075.SH,新疆天业,20250415,-4.6082949308756
600075.SH,新疆天业,20250414,-4.6082949308756
600075.SH,新疆天业,20250413,-4.6082949308756
600075.SH,新疆天业,20250412,-4.6082949308756
600075.SH,新疆天业,20250411,-4.6082949308756
600075.SH,新疆天业,20250410,-4.6082949308756
600075.SH,新疆天业,20250409,-4.6082949308756
600075.SH,新疆天业,20250408,-4.6082949308756
600075.SH,新疆天业,20250407,-4.6082949308756
600075.SH,新疆天业,20250406,-4.6082949308756
600075.SH,新疆天业,20250405,-4.6082949308756
600075.SH,新疆天业,20250404,-4.6082949308756
600075.SH,新疆天业,20250403,-4.6082949308756
600075.SH,新疆天业,20250402,-4.6082949308756
600075.SH,新疆天业,20250401,-4.6082949308756
600075.SH,新疆天业,20250331,0.0
600075.SH,新疆天业,20250330,0.0
600075.SH,新疆天业,20250329,0.0
600075.SH,新疆天业,20250328,0.0
600075.SH,新疆天业,20250327,0.0
600075.SH,新疆天业,20250326,0.0
600075.SH,新疆天业,20250325,0.0
600075.SH,新疆天业,20250324,0.0
600075.SH,新疆天业,20250323,0.0
600075.SH,新疆天业,20250322,0.0
600075.SH,新疆天业,20250321,0.0
600075.SH,新疆天业,20250320,0.0
600075.SH,新疆天业,20250319,0.0
600075.SH,新疆天业,20250318,0.0
600075.SH,新疆天业,20250317,0.0
600075.SH,新疆天业,20250316,0.0
600075.SH,新疆天业,20250315,0.0
600075.SH,新疆天业,20250314,0.0
600075.SH,新疆天业,20250313,0.0
600075.SH,新疆天业,20250312,0.0
600075.SH,新疆天业,20250311,0.0
600075.SH,新疆天业,20250310,0.0
600075.SH,新疆天业,20250309,0.0
600075.SH,新疆天业,20250308,0.0
600075.SH,新疆天业,20250307,0.0
600075.SH,新疆天业,20250306,0.0
600075.SH,新疆天业,20250305,0.0
600075.SH,新疆天业,20250304,0.0
600075.SH,新疆天业,20250303,0.0
600075.SH,新疆天业,20250302,0.0
600075.SH,新疆天业,20250301,0.0
600075.SH,新疆天业,20250228,-1.1389521640091
600075.SH,新疆天业,20250227,-1.1389521640091
600075.SH,新疆天业,20250226,-1.1389521640091
600075.SH,新疆天业,20250225,-1.1389521640091
600075.SH,新疆天业,20250224,-1.1389521640091
600075.SH,新疆天业,20250223,-1.1389521640091
600075.SH,新疆天业,20250222,-1.1389521640091
600075.SH,新疆天业,20250221,-1.1389521640091
600075.SH,新疆天业,20250220,-1.1389521640091
600075.SH,新疆天业,20250219,-1.1389521640091
600075.SH,新疆天业,20250218,-1.1389521640091
600075.SH,新疆天业,20250217,-1.1389521640091
600075.SH,新疆天业,20250216,-1.1389521640091
600075.SH,新疆天业,20250215,-1.1389521640091
600075.SH,新疆天业,20250214,-1.1389521640091
600075.SH,新疆天业,20250213,-1.1389521640091
600075.SH,新疆天业,20250212,-1.1389521640091
600075.SH,新疆天业,20250211,-1.1389521640091
600075.SH,新疆天业,20250210,-1.1389521640091
600075.SH,新疆天业,20250209,-1.1389521640091
600075.SH,新疆天业,20250208,-1.1389521640091
600075.SH,新疆天业,20250207,-1.1389521640091
600075.SH,新疆天业,20250206,-1.1389521640091
600075.SH,新疆天业,20250205,-1.1389521640091
600075.SH,新疆天业,20250204,-1.1389521640091
600075.SH,新疆天业,20250203,-1.1389521640091
600075.SH,新疆天业,20250202,-1.1389521640091
600075.SH,新疆天业,20250201,-1.1389521640091
600075.SH,新疆天业,20250131,0.91954022988506
600075.SH,新疆天业,20250130,0.91954022988506
600075.SH,新疆天业,20250129,0.91954022988506
600075.SH,新疆天业,20250128,0.91954022988506
600075.SH,新疆天业,20250127,0.91954022988506
600075.SH,新疆天业,20250126,0.91954022988506
600075.SH,新疆天业,20250125,0.91954022988506
600075.SH,新疆天业,20250124,0.91954022988506
600075.SH,新疆天业,20250123,0.91954022988506
600075.SH,新疆天业,20250122,0.91954022988506
600075.SH,新疆天业,20250121,0.91954022988506
600075.SH,新疆天业,20250120,0.91954022988506
600075.SH,新疆天业,20250119,0.91954022988506
600075.SH,新疆天业,20250118,0.91954022988506
600075.SH,新疆天业,20250117,0.91954022988506
600075.SH,新疆天业,20250116,0.91954022988506
600075.SH,新疆天业,20250115,0.91954022988506
600075.SH,新疆天业,20250114,0.91954022988506
600075.SH,新疆天业,20250113,0.91954022988506
600075.SH,新疆天业,20250112,0.91954022988506
600075.SH,新疆天业,20250111,0.91954022988506
600075.SH,新疆天业,20250110,0.91954022988506
600075.SH,新疆天业,20250109,0.91954022988506
600075.SH,新疆天业,20250108,0.91954022988506
600075.SH,新疆天业,20250107,0.91954022988506
600075.SH,新疆天业,20250106,0.91954022988506
600075.SH,新疆天业,20250105,0.91954022988506
600075.SH,新疆天业,20250104,0.91954022988506
600075.SH,新疆天业,20250103,0.91954022988506
600075.SH,新疆天业,20250102,0.91954022988506
600075.SH,新疆天业,20250101,0.91954022988506
600075.SH,新疆天业,20241231,-2.6845637583893
600075.SH,新疆天业,20241230,-2.6845637583893
600075.SH,新疆天业,20241229,-2.6845637583893
600075.SH,新疆天业,20241228,-2.6845637583893
600075.SH,新疆天业,20241227,-2.6845637583893
600075.SH,新疆天业,20241226,-2.6845637583893
600075.SH,新疆天业,20241225,-2.6845637583893
600075.SH,新疆天业,20241224,-2.6845637583893
600075.SH,新疆天业,20241223,-2.6845637583893
600075.SH,新疆天业,20241222,-2.6845637583893
600075.SH,新疆天业,20241221,-2.6845637583893
600075.SH,新疆天业,20241220,-2.6845637583893
600075.SH,新疆天业,20241219,-2.6845637583893
600075.SH,新疆天业,20241218,-2.6845637583893
600075.SH,新疆天业,20241217,-2.6845637583893
600075.SH,新疆天业,20241216,-2.6845637583893
600075.SH,新疆天业,20241215,-2.6845637583893
600075.SH,新疆天业,20241214,-2.6845637583893
600075.SH,新疆天业,20241213,-2.6845637583893
600075.SH,新疆天业,20241212,-2.6845637583893
600075.SH,新疆天业,20241211,-2.6845637583893
600075.SH,新疆天业,20241210,-2.6845637583893
600075.SH,新疆天业,20241209,-2.6845637583893
600075.SH,新疆天业,20241208,-2.6845637583893
600075.SH,新疆天业,20241207,-2.6845637583893
600075.SH,新疆天业,20241206,-2.6845637583893
600075.SH,新疆天业,20241205,-2.6845637583893
600075.SH,新疆天业,20241204,-2.6845637583893
600075.SH,新疆天业,20241203,-2.6845637583893
600075.SH,新疆天业,20241202,-2.6845637583893
600075.SH,新疆天业,20241201,-2.6845637583893
600075.SH,新疆天业,20241130,1.5909090909091
600075.SH,新疆天业,20241129,1.5909090909091
600075.SH,新疆天业,20241128,1.5909090909091
600075.SH,新疆天业,20241127,1.5909090909091
600075.SH,新疆天业,20241126,1.5909090909091
600075.SH,新疆天业,20241125,1.5909090909091
600075.SH,新疆天业,20241124,1.5909090909091
600075.SH,新疆天业,20241123,1.5909090909091
600075.SH,新疆天业,20241122,1.5909090909091
600075.SH,新疆天业,20241121,1.5909090909091
600075.SH,新疆天业,20241120,1.5909090909091
600075.SH,新疆天业,20241119,1.5909090909091
600075.SH,新疆天业,20241118,1.5909090909091
600075.SH,新疆天业,20241117,1.5909090909091
600075.SH,新疆天业,20241116,1.5909090909091
600075.SH,新疆天业,20241115,1.5909090909091
600075.SH,新疆天业,20241114,1.5909090909091
600075.SH,新疆天业,20241113,1.5909090909091
600075.SH,新疆天业,20241112,1.5909090909091
600075.SH,新疆天业,20241111,1.5909090909091
600075.SH,新疆天业,20241110,1.5909090909091
600075.SH,新疆天业,20241109,1.5909090909091
600075.SH,新疆天业,20241108,1.5909090909091
600075.SH,新疆天业,20241107,1.5909090909091
600075.SH,新疆天业,20241106,1.5909090909091
600075.SH,新疆天业,20241105,1.5909090909091
600075.SH,新疆天业,20241104,1.5909090909091
600075.SH,新疆天业,20241103,1.5909090909091
600075.SH,新疆天业,20241102,1.5909090909091
600075.SH,新疆天业,20241101,1.5909090909091
600075.SH,新疆天业,20241031,-2.8697571743929
600075.SH,新疆天业,20241030,-2.8697571743929
600075.SH,新疆天业,20241029,-2.8697571743929
600075.SH,新疆天业,20241028,-2.8697571743929
600075.SH,新疆天业,20241027,-2.8697571743929
600075.SH,新疆天业,20241026,-2.8697571743929
600075.SH,新疆天业,20241025,-2.8697571743929
600075.SH,新疆天业,20241024,-2.8697571743929
600075.SH,新疆天业,20241023,-2.8697571743929
600075.SH,新疆天业,20241022,-2.8697571743929
600075.SH,新疆天业,20241021,-2.8697571743929
600075.SH,新疆天业,20241020,-2.8697571743929
600075.SH,新疆天业,20241019,-2.8697571743929
600075.SH,新疆天业,20241018,-2.8697571743929
600075.SH,新疆天业,20241017,-2.8697571743929
600075.SH,新疆天业,20241016,-2.8697571743929
600075.SH,新疆天业,20241015,-2.8697571743929
600075.SH,新疆天业,20241014,-2.8697571743929
600075.SH,新疆天业,20241013,-2.8697571743929
600075.SH,新疆天业,20241012,-2.8697571743929
600075.SH,新疆天业,20241011,-2.8697571743929
600075.SH,新疆天业,20241010,-2.8697571743929
600075.SH,新疆天业,20241009,-2.8697571743929
600075.SH,新疆天业,20241008,-2.8697571743929
600075.SH,新疆天业,20241007,-2.8697571743929
600075.SH,新疆天业,20241006,-2.8697571743929
600075.SH,新疆天业,20241005,-2.8697571743929
600075.SH,新疆天业,20241004,-2.8697571743929
600075.SH,新疆天业,20241003,-2.8697571743929
600075.SH,新疆天业,20241002,-2.8697571743929
600075.SH,新疆天业,20241001,-2.8697571743929
600075.SH,新疆天业,20240930,17.054263565891
600075.SH,新疆天业,20240929,17.054263565891
600075.SH,新疆天业,20240928,17.054263565891
600075.SH,新疆天业,20240927,17.054263565891
600075.SH,新疆天业,20240926,17.054263565891
600075.SH,新疆天业,20240925,17.054263565891
600075.SH,新疆天业,20240924,17.054263565891
600075.SH,新疆天业,20240923,17.054263565891
600075.SH,新疆天业,20240922,17.054263565891
600075.SH,新疆天业,20240921,17.054263565891
600075.SH,新疆天业,20240920,17.054263565891
600075.SH,新疆天业,20240919,17.054263565891
600075.SH,新疆天业,20240918,17.054263565891
600075.SH,新疆天业,20240917,17.054263565891
600075.SH,新疆天业,20240916,17.054263565891
600075.SH,新疆天业,20240915,17.054263565891
600075.SH,新疆天业,20240914,17.054263565891
600075.SH,新疆天业,20240913,17.054263565891
600075.SH,新疆天业,20240912,17.054263565891
600075.SH,新疆天业,20240911,17.054263565891
600075.SH,新疆天业,20240910,17.054263565891
600075.SH,新疆天业,20240909,17.054263565891
600075.SH,新疆天业,20240908,17.054263565891
600075.SH,新疆天业,20240907,17.054263565891
600075.SH,新疆天业,20240906,17.054263565891
600075.SH,新疆天业,20240905,17.054263565891
600075.SH,新疆天业,20240904,17.054263565891
600075.SH,新疆天业,20240903,17.054263565891
600075.SH,新疆天业,20240902,17.054263565891
600075.SH,新疆天业,20240901,17.054263565891
600075.SH,新疆天业,20240831,1.8421052631579
600075.SH,新疆天业,20240830,1.8421052631579
600075.SH,新疆天业,20240829,1.8421052631579
600075.SH,新疆天业,20240828,1.8421052631579
600075.SH,新疆天业,20240827,1.8421052631579
600075.SH,新疆天业,20240826,1.8421052631579
600075.SH,新疆天业,20240825,1.8421052631579
600075.SH,新疆天业,20240824,1.8421052631579
600075.SH,新疆天业,20240823,1.8421052631579
600075.SH,新疆天业,20240822,1.8421052631579
600075.SH,新疆天业,20240821,1.8421052631579
600075.SH,新疆天业,20240820,1.8421052631579
600075.SH,新疆天业,20240819,1.8421052631579
600075.SH,新疆天业,20240818,1.8421052631579
600075.SH,新疆天业,20240817,1.8421052631579
600075.SH,新疆天业,20240816,1.8421052631579
600075.SH,新疆天业,20240815,1.8421052631579
600075.SH,新疆天业,20240814,1.8421052631579
600075.SH,新疆天业,20240813,1.8421052631579
600075.SH,新疆天业,20240812,1.8421052631579
600075.SH,新疆天业,20240811,1.8421052631579
600075.SH,新疆天业,20240810,1.8421052631579
600075.SH,新疆天业,20240809,1.8421052631579
600075.SH,新疆天业,20240808,1.8421052631579
600075.SH,新疆天业,20240807,1.8421052631579
600075.SH,新疆天业,20240806,1.8421052631579
600075.SH,新疆天业,20240805,1.8421052631579
600075.SH,新疆天业,20240804,1.8421052631579
600075.SH,新疆天业,20240803,1.8421052631579
600075.SH,新疆天业,20240802,1.8421052631579
600075.SH,新疆天业,20240801,1.8421052631579
600075.SH,新疆天业,20240731,10.144927536232
600075.SH,新疆天业,20240730,10.144927536232
600075.SH,新疆天业,20240729,10.144927536232
600075.SH,新疆天业,20240728,10.144927536232
600075.SH,新疆天业,20240727,10.144927536232
600075.SH,新疆天业,20240726,10.144927536232
600075.SH,新疆天业,20240725,10.144927536232
600075.SH,新疆天业,20240724,10.144927536232
600075.SH,新疆天业,20240723,10.144927536232
600075.SH,新疆天业,20240722,10.144927536232
600075.SH,新疆天业,20240721,10.144927536232
600075.SH,新疆天业,20240720,10.144927536232
600075.SH,新疆天业,20240719,10.144927536232
600075.SH,新疆天业,20240718,10.144927536232
600075.SH,新疆天业,20240717,10.144927536232
600075.SH,新疆天业,20240716,10.144927536232
600075.SH,新疆天业,20240715,10.144927536232
600075.SH,新疆天业,20240714,10.144927536232
600075.SH,新疆天业,20240713,10.144927536232
600075.SH,新疆天业,20240712,10.144927536232
600075.SH,新疆天业,20240711,10.144927536232
600075.SH,新疆天业,20240710,10.144927536232
600075.SH,新疆天业,20240709,10.144927536232
600075.SH,新疆天业,20240708,10.144927536232
600075.SH,新疆天业,20240707,10.144927536232
600075.SH,新疆天业,20240706,10.144927536232
600075.SH,新疆天业,20240705,10.144927536232
600075.SH,新疆天业,20240704,10.144927536232
600075.SH,新疆天业,20240703,10.144927536232
600075.SH,新疆天业,20240702,10.144927536232
600075.SH,新疆天业,20240701,10.144927536232
600075.SH,新疆天业,20240630,-14.179104477612
600075.SH,新疆天业,20240629,-14.179104477612
600075.SH,新疆天业,20240628,-14.179104477612
600075.SH,新疆天业,20240627,-14.179104477612
600075.SH,新疆天业,20240626,-14.179104477612
600075.SH,新疆天业,20240625,-14.179104477612
600075.SH,新疆天业,20240624,-14.179104477612
600075.SH,新疆天业,20240623,-14.179104477612
600075.SH,新疆天业,20240622,-14.179104477612
600075.SH,新疆天业,20240621,-14.179104477612
600075.SH,新疆天业,20240620,-14.179104477612
600075.SH,新疆天业,20240619,-14.179104477612
600075.SH,新疆天业,20240618,-14.179104477612
600075.SH,新疆天业,20240617,-14.179104477612
600075.SH,新疆天业,20240616,-14.179104477612
600075.SH,新疆天业,20240615,-14.179104477612
600075.SH,新疆天业,20240614,-14.179104477612
600075.SH,新疆天业,20240613,-14.179104477612
600075.SH,新疆天业,20240612,-14.179104477612
600075.SH,新疆天业,20240611,-14.179104477612
600075.SH,新疆天业,20240610,-14.179104477612
600075.SH,新疆天业,20240609,-14.179104477612
600075.SH,新疆天业,20240608,-14.179104477612
600075.SH,新疆天业,20240607,-14.179104477612
600075.SH,新疆天业,20240606,-14.179104477612
600075.SH,新疆天业,20240605,-14.179104477612
600075.SH,新疆天业,20240604,-14.179104477612
600075.SH,新疆天业,20240603,-14.179104477612
600075.SH,新疆天业,20240602,-14.179104477612
600075.SH,新疆天业,20240601,-14.179104477612
600075.SH,新疆天业,20240531,-1.7114914425428
600075.SH,新疆天业,20240530,-1.7114914425428
600075.SH,新疆天业,20240529,-1.7114914425428
600075.SH,新疆天业,20240528,-1.7114914425428
600075.SH,新疆天业,20240527,-1.7114914425428
600075.SH,新疆天业,20240526,-1.7114914425428
600075.SH,新疆天业,20240525,-1.7114914425428
600075.SH,新疆天业,20240524,-1.7114914425428
600075.SH,新疆天业,20240523,-1.7114914425428
600075.SH,新疆天业,20240522,-1.7114914425428
600075.SH,新疆天业,20240521,-1.7114914425428
600075.SH,新疆天业,20240520,-1.7114914425428
600075.SH,新疆天业,20240519,-1.7114914425428
600075.SH,新疆天业,20240518,-1.7114914425428
600075.SH,新疆天业,20240517,-1.7114914425428
600075.SH,新疆天业,20240516,-1.7114914425428
600075.SH,新疆天业,20240515,-1.7114914425428
600075.SH,新疆天业,20240514,-1.7114914425428
600075.SH,新疆天业,20240513,-1.7114914425428
600075.SH,新疆天业,20240512,-1.7114914425428
600075.SH,新疆天业,20240511,-1.7114914425428
600075.SH,新疆天业,20240510,-1.7114914425428
600075.SH,新疆天业,20240509,-1.7114914425428
600075.SH,新疆天业,20240508,-1.7114914425428
600075.SH,新疆天业,20240507,-1.7114914425428
600075.SH,新疆天业,20240506,-1.7114914425428
600075.SH,新疆天业,20240505,-1.7114914425428
600075.SH,新疆天业,20240504,-1.7114914425428
600075.SH,新疆天业,20240503,-1.7114914425428
600075.SH,新疆天业,20240502,-1.7114914425428
600075.SH,新疆天业,20240501,-1.7114914425428
600075.SH,新疆天业,20240430,1.7412935323383
600075.SH,新疆天业,20240429,1.7412935323383
600075.SH,新疆天业,20240428,1.7412935323383
600075.SH,新疆天业,20240427,1.7412935323383
600075.SH,新疆天业,20240426,1.7412935323383
600075.SH,新疆天业,20240425,1.7412935323383
600075.SH,新疆天业,20240424,1.7412935323383
600075.SH,新疆天业,20240423,1.7412935323383
600075.SH,新疆天业,20240422,1.7412935323383
600075.SH,新疆天业,20240421,1.7412935323383
600075.SH,新疆天业,20240420,1.7412935323383
600075.SH,新疆天业,20240419,1.7412935323383
600075.SH,新疆天业,20240418,1.7412935323383
600075.SH,新疆天业,20240417,1.7412935323383
600075.SH,新疆天业,20240416,1.7412935323383
600075.SH,新疆天业,20240415,1.7412935323383
600075.SH,新疆天业,20240414,1.7412935323383
600075.SH,新疆天业,20240413,1.7412935323383
600075.SH,新疆天业,20240412,1.7412935323383
600075.SH,新疆天业,20240411,1.7412935323383
600075.SH,新疆天业,20240410,1.7412935323383
600075.SH,新疆天业,20240409,1.7412935323383
600075.SH,新疆天业,20240408,1.7412935323383
600075.SH,新疆天业,20240407,1.7412935323383
600075.SH,新疆天业,20240406,1.7412935323383
600075.SH,新疆天业,20240405,1.7412935323383
600075.SH,新疆天业,20240404,1.7412935323383
600075.SH,新疆天业,20240403,1.7412935323383
600075.SH,新疆天业,20240402,1.7412935323383
600075.SH,新疆天业,20240401,1.7412935323383
600075.SH,新疆天业,20240331,0.24937655860349
600075.SH,新疆天业,20240330,0.24937655860349
600075.SH,新疆天业,20240329,0.24937655860349
600075.SH,新疆天业,20240328,0.24937655860349
600075.SH,新疆天业,20240327,0.24937655860349
600075.SH,新疆天业,20240326,0.24937655860349
600075.SH,新疆天业,20240325,0.24937655860349
600075.SH,新疆天业,20240324,0.24937655860349
600075.SH,新疆天业,20240323,0.24937655860349
600075.SH,新疆天业,20240322,0.24937655860349
600075.SH,新疆天业,20240321,0.24937655860349
600075.SH,新疆天业,20240320,0.24937655860349
600075.SH,新疆天业,20240319,0.24937655860349
600075.SH,新疆天业,20240318,0.24937655860349
600075.SH,新疆天业,20240317,0.24937655860349
600075.SH,新疆天业,20240316,0.24937655860349
600075.SH,新疆天业,20240315,0.24937655860349
600075.SH,新疆天业,20240314,0.24937655860349
600075.SH,新疆天业,20240313,0.24937655860349
600075.SH,新疆天业,20240312,0.24937655860349
600075.SH,新疆天业,20240311,0.24937655860349
600075.SH,新疆天业,20240310,0.24937655860349
600075.SH,新疆天业,20240309,0.24937655860349
600075.SH,新疆天业,20240308,0.24937655860349
600075.SH,新疆天业,20240307,0.24937655860349
600075.SH,新疆天业,20240306,0.24937655860349
600075.SH,新疆天业,20240305,0.24937655860349
600075.SH,新疆天业,20240304,0.24937655860349
600075.SH,新疆天业,20240303,0.24937655860349
600075.SH,新疆天业,20240302,0.24937655860349
600075.SH,新疆天业,20240301,0.24937655860349
600075.SH,新疆天业,20240229,6.0846560846561
600075.SH,新疆天业,20240228,6.0846560846561
600075.SH,新疆天业,20240227,6.0846560846561
600075.SH,新疆天业,20240226,6.0846560846561
600075.SH,新疆天业,20240225,6.0846560846561
600075.SH,新疆天业,20240224,6.0846560846561
600075.SH,新疆天业,20240223,6.0846560846561
600075.SH,新疆天业,20240222,6.0846560846561
600075.SH,新疆天业,20240221,6.0846560846561
600075.SH,新疆天业,20240220,6.0846560846561
600075.SH,新疆天业,20240219,6.0846560846561
600075.SH,新疆天业,20240218,6.0846560846561
600075.SH,新疆天业,20240217,6.0846560846561
600075.SH,新疆天业,20240216,6.0846560846561
600075.SH,新疆天业,20240215,6.0846560846561
600075.SH,新疆天业,20240214,6.0846560846561
600075.SH,新疆天业,20240213,6.0846560846561
600075.SH,新疆天业,20240212,6.0846560846561
600075.SH,新疆天业,20240211,6.0846560846561
600075.SH,新疆天业,20240210,6.0846560846561
600075.SH,新疆天业,20240209,6.0846560846561
600075.SH,新疆天业,20240208,6.0846560846561
600075.SH,新疆天业,20240207,6.0846560846561
600075.SH,新疆天业,20240206,6.0846560846561
600075.SH,新疆天业,20240205,6.0846560846561
600075.SH,新疆天业,20240204,6.0846560846561
600075.SH,新疆天业,20240203,6.0846560846561
600075.SH,新疆天业,20240202,6.0846560846561
600075.SH,新疆天业,20240201,6.0846560846561
600075.SH,新疆天业,20240131,-12.5
600075.SH,新疆天业,20240130,-12.5
600075.SH,新疆天业,20240129,-12.5
600075.SH,新疆天业,20240128,-12.5
600075.SH,新疆天业,20240127,-12.5
600075.SH,新疆天业,20240126,-12.5
600075.SH,新疆天业,20240125,-12.5
600075.SH,新疆天业,20240124,-12.5
600075.SH,新疆天业,20240123,-12.5
600075.SH,新疆天业,20240122,-12.5
600075.SH,新疆天业,20240121,-12.5
600075.SH,新疆天业,20240120,-12.5
600075.SH,新疆天业,20240119,-12.5
600075.SH,新疆天业,20240118,-12.5
600075.SH,新疆天业,20240117,-12.5
600075.SH,新疆天业,20240116,-12.5
600075.SH,新疆天业,20240115,-12.5
600075.SH,新疆天业,20240114,-12.5
600075.SH,新疆天业,20240113,-12.5
600075.SH,新疆天业,20240112,-12.5
600075.SH,新疆天业,20240111,-12.5
600075.SH,新疆天业,20240110,-12.5
600075.SH,新疆天业,20240109,-12.5
600075.SH,新疆天业,20240108,-12.5
600075.SH,新疆天业,20240107,-12.5
600075.SH,新疆天业,20240106,-12.5
600075.SH,新疆天业,20240105,-12.5
600075.SH,新疆天业,20240104,-12.5
600075.SH,新疆天业,20240103,-12.5
600075.SH,新疆天业,20240102,-12.5
600075.SH,新疆天业,20240101,-12.5
600075.SH,新疆天业,20231231,-2.7027027027027
600075.SH,新疆天业,20231230,-2.7027027027027
600075.SH,新疆天业,20231229,-2.7027027027027
600075.SH,新疆天业,20231228,-2.7027027027027
600075.SH,新疆天业,20231227,-2.7027027027027
600075.SH,新疆天业,20231226,-2.7027027027027
600075.SH,新疆天业,20231225,-2.7027027027027
600075.SH,新疆天业,20231224,-2.7027027027027
600075.SH,新疆天业,20231223,-2.7027027027027
600075.SH,新疆天业,20231222,-2.7027027027027
600075.SH,新疆天业,20231221,-2.7027027027027
600075.SH,新疆天业,20231220,-2.7027027027027
600075.SH,新疆天业,20231219,-2.7027027027027
600075.SH,新疆天业,20231218,-2.7027027027027
600075.SH,新疆天业,20231217,-2.7027027027027
600075.SH,新疆天业,20231216,-2.7027027027027
600075.SH,新疆天业,20231215,-2.7027027027027
600075.SH,新疆天业,20231214,-2.7027027027027
600075.SH,新疆天业,20231213,-2.7027027027027
600075.SH,新疆天业,20231212,-2.7027027027027
600075.SH,新疆天业,20231211,-2.7027027027027
600075.SH,新疆天业,20231210,-2.7027027027027
600075.SH,新疆天业,20231209,-2.7027027027027
600075.SH,新疆天业,20231208,-2.7027027027027
600075.SH,新疆天业,20231207,-2.7027027027027
600075.SH,新疆天业,20231206,-2.7027027027027
600075.SH,新疆天业,20231205,-2.7027027027027
600075.SH,新疆天业,20231204,-2.7027027027027
600075.SH,新疆天业,20231203,-2.7027027027027
600075.SH,新疆天业,20231202,-2.7027027027027
600075.SH,新疆天业,20231201,-2.7027027027027
600075.SH,新疆天业,20231130,-3.4782608695652
600075.SH,新疆天业,20231129,-3.4782608695652
600075.SH,新疆天业,20231128,-3.4782608695652
600075.SH,新疆天业,20231127,-3.4782608695652
600075.SH,新疆天业,20231126,-3.4782608695652
600075.SH,新疆天业,20231125,-3.4782608695652
600075.SH,新疆天业,20231124,-3.4782608695652
600075.SH,新疆天业,20231123,-3.4782608695652
600075.SH,新疆天业,20231122,-3.4782608695652
600075.SH,新疆天业,20231121,-3.4782608695652
600075.SH,新疆天业,20231120,-3.4782608695652
600075.SH,新疆天业,20231119,-3.4782608695652
600075.SH,新疆天业,20231118,-3.4782608695652
600075.SH,新疆天业,20231117,-3.4782608695652
600075.SH,新疆天业,20231116,-3.4782608695652
600075.SH,新疆天业,20231115,-3.4782608695652
600075.SH,新疆天业,20231114,-3.4782608695652
600075.SH,新疆天业,20231113,-3.4782608695652
600075.SH,新疆天业,20231112,-3.4782608695652
600075.SH,新疆天业,20231111,-3.4782608695652
600075.SH,新疆天业,20231110,-3.4782608695652
600075.SH,新疆天业,20231109,-3.4782608695652
600075.SH,新疆天业,20231108,-3.4782608695652
600075.SH,新疆天业,20231107,-3.4782608695652
600075.SH,新疆天业,20231106,-3.4782608695652
600075.SH,新疆天业,20231105,-3.4782608695652
600075.SH,新疆天业,20231104,-3.4782608695652
600075.SH,新疆天业,20231103,-3.4782608695652
600075.SH,新疆天业,20231102,-3.4782608695652
600075.SH,新疆天业,20231101,-3.4782608695652
600075.SH,新疆天业,20231031,-7.6305220883534
600075.SH,新疆天业,20231030,-7.6305220883534
600075.SH,新疆天业,20231029,-7.6305220883534
600075.SH,新疆天业,20231028,-7.6305220883534
600075.SH,新疆天业,20231027,-7.6305220883534
600075.SH,新疆天业,20231026,-7.6305220883534
600075.SH,新疆天业,20231025,-7.6305220883534
600075.SH,新疆天业,20231024,-7.6305220883534
600075.SH,新疆天业,20231023,-7.6305220883534
600075.SH,新疆天业,20231022,-7.6305220883534
600075.SH,新疆天业,20231021,-7.6305220883534
600075.SH,新疆天业,20231020,-7.6305220883534
600075.SH,新疆天业,20231019,-7.6305220883534
600075.SH,新疆天业,20231018,-7.6305220883534
600075.SH,新疆天业,20231017,-7.6305220883534
600075.SH,新疆天业,20231016,-7.6305220883534
600075.SH,新疆天业,20231015,-7.6305220883534
600075.SH,新疆天业,20231014,-7.6305220883534
600075.SH,新疆天业,20231013,-7.6305220883534
600075.SH,新疆天业,20231012,-7.6305220883534
600075.SH,新疆天业,20231011,-7.6305220883534
600075.SH,新疆天业,20231010,-7.6305220883534
600075.SH,新疆天业,20231009,-7.6305220883534
600075.SH,新疆天业,20231008,-7.6305220883534
600075.SH,新疆天业,20231007,-7.6305220883534
600075.SH,新疆天业,20231006,-7.6305220883534
600075.SH,新疆天业,20231005,-7.6305220883534
600075.SH,新疆天业,20231004,-7.6305220883534
600075.SH,新疆天业,20231003,-7.6305220883534
600075.SH,新疆天业,20231002,-7.6305220883534
600075.SH,新疆天业,20231001,-7.6305220883534
600075.SH,新疆天业,20230930,8.7336244541485
600075.SH,新疆天业,20230929,8.7336244541485
600075.SH,新疆天业,20230928,8.7336244541485
600075.SH,新疆天业,20230927,8.7336244541485
600075.SH,新疆天业,20230926,8.7336244541485
600075.SH,新疆天业,20230925,8.7336244541485
600075.SH,新疆天业,20230924,8.7336244541485
600075.SH,新疆天业,20230923,8.7336244541485
600075.SH,新疆天业,20230922,8.7336244541485
600075.SH,新疆天业,20230921,8.7336244541485
600075.SH,新疆天业,20230920,8.7336244541485
600075.SH,新疆天业,20230919,8.7336244541485
600075.SH,新疆天业,20230918,8.7336244541485
600075.SH,新疆天业,20230917,8.7336244541485
600075.SH,新疆天业,20230916,8.7336244541485
600075.SH,新疆天业,20230915,8.7336244541485
600075.SH,新疆天业,20230914,8.7336244541485
600075.SH,新疆天业,20230913,8.7336244541485
600075.SH,新疆天业,20230912,8.7336244541485
600075.SH,新疆天业,20230911,8.7336244541485
600075.SH,新疆天业,20230910,8.7336244541485
600075.SH,新疆天业,20230909,8.7336244541485
600075.SH,新疆天业,20230908,8.7336244541485
600075.SH,新疆天业,20230907,8.7336244541485
600075.SH,新疆天业,20230906,8.7336244541485
600075.SH,新疆天业,20230905,8.7336244541485
600075.SH,新疆天业,20230904,8.7336244541485
600075.SH,新疆天业,20230903,8.7336244541485
600075.SH,新疆天业,20230902,8.7336244541485
600075.SH,新疆天业,20230901,8.7336244541485
600075.SH,新疆天业,20230831,-8.5828343313373
600075.SH,新疆天业,20230830,-8.5828343313373
600075.SH,新疆天业,20230829,-8.5828343313373
600075.SH,新疆天业,20230828,-8.5828343313373
600075.SH,新疆天业,20230827,-8.5828343313373
600075.SH,新疆天业,20230826,-8.5828343313373
600075.SH,新疆天业,20230825,-8.5828343313373
600075.SH,新疆天业,20230824,-8.5828343313373
600075.SH,新疆天业,20230823,-8.5828343313373
600075.SH,新疆天业,20230822,-8.5828343313373
600075.SH,新疆天业,20230821,-8.5828343313373
600075.SH,新疆天业,20230820,-8.5828343313373
600075.SH,新疆天业,20230819,-8.5828343313373
600075.SH,新疆天业,20230818,-8.5828343313373
600075.SH,新疆天业,20230817,-8.5828343313373
600075.SH,新疆天业,20230816,-8.5828343313373
600075.SH,新疆天业,20230815,-8.5828343313373
600075.SH,新疆天业,20230814,-8.5828343313373
600075.SH,新疆天业,20230813,-8.5828343313373
600075.SH,新疆天业,20230812,-8.5828343313373
600075.SH,新疆天业,20230811,-8.5828343313373
600075.SH,新疆天业,20230810,-8.5828343313373
600075.SH,新疆天业,20230809,-8.5828343313373
600075.SH,新疆天业,20230808,-8.5828343313373
600075.SH,新疆天业,20230807,-8.5828343313373
600075.SH,新疆天业,20230806,-8.5828343313373
600075.SH,新疆天业,20230805,-8.5828343313373
600075.SH,新疆天业,20230804,-8.5828343313373
600075.SH,新疆天业,20230803,-8.5828343313373
600075.SH,新疆天业,20230802,-8.5828343313373
600075.SH,新疆天业,20230801,-8.5828343313373
600075.SH,新疆天业,20230731,6.3694267515924
600075.SH,新疆天业,20230730,6.3694267515924
600075.SH,新疆天业,20230729,6.3694267515924
600075.SH,新疆天业,20230728,6.3694267515924
600075.SH,新疆天业,20230727,6.3694267515924
600075.SH,新疆天业,20230726,6.3694267515924
600075.SH,新疆天业,20230725,6.3694267515924
600075.SH,新疆天业,20230724,6.3694267515924
600075.SH,新疆天业,20230723,6.3694267515924
600075.SH,新疆天业,20230722,6.3694267515924
600075.SH,新疆天业,20230721,6.3694267515924
600075.SH,新疆天业,20230720,6.3694267515924
600075.SH,新疆天业,20230719,6.3694267515924
600075.SH,新疆天业,20230718,6.3694267515924
600075.SH,新疆天业,20230717,6.3694267515924
600075.SH,新疆天业,20230716,6.3694267515924
600075.SH,新疆天业,20230715,6.3694267515924
600075.SH,新疆天业,20230714,6.3694267515924
600075.SH,新疆天业,20230713,6.3694267515924
600075.SH,新疆天业,20230712,6.3694267515924
600075.SH,新疆天业,20230711,6.3694267515924
600075.SH,新疆天业,20230710,6.3694267515924
600075.SH,新疆天业,20230709,6.3694267515924
600075.SH,新疆天业,20230708,6.3694267515924
600075.SH,新疆天业,20230707,6.3694267515924
600075.SH,新疆天业,20230706,6.3694267515924
600075.SH,新疆天业,20230705,6.3694267515924
600075.SH,新疆天业,20230704,6.3694267515924
600075.SH,新疆天业,20230703,6.3694267515924
600075.SH,新疆天业,20230702,6.3694267515924
600075.SH,新疆天业,20230701,6.3694267515924
600075.SH,新疆天业,20230630,-4.8484848484849
600075.SH,新疆天业,20230629,-4.8484848484849
600075.SH,新疆天业,20230628,-4.8484848484849
600075.SH,新疆天业,20230627,-4.8484848484849
600075.SH,新疆天业,20230626,-4.8484848484849
600075.SH,新疆天业,20230625,-4.8484848484849
600075.SH,新疆天业,20230624,-4.8484848484849
600075.SH,新疆天业,20230623,-4.8484848484849
600075.SH,新疆天业,20230622,-4.8484848484849
600075.SH,新疆天业,20230621,-4.8484848484849
600075.SH,新疆天业,20230620,-4.8484848484849
600075.SH,新疆天业,20230619,-4.8484848484849
600075.SH,新疆天业,20230618,-4.8484848484849
600075.SH,新疆天业,20230617,-4.8484848484849
600075.SH,新疆天业,20230616,-4.8484848484849
600075.SH,新疆天业,20230615,-4.8484848484849
600075.SH,新疆天业,20230614,-4.8484848484849
600075.SH,新疆天业,20230613,-4.8484848484849
600075.SH,新疆天业,20230612,-4.8484848484849
600075.SH,新疆天业,20230611,-4.8484848484849
600075.SH,新疆天业,20230610,-4.8484848484849
600075.SH,新疆天业,20230609,-4.8484848484849
600075.SH,新疆天业,20230608,-4.8484848484849
600075.SH,新疆天业,20230607,-4.8484848484849
600075.SH,新疆天业,20230606,-4.8484848484849
600075.SH,新疆天业,20230605,-4.8484848484849
600075.SH,新疆天业,20230604,-4.8484848484849
600075.SH,新疆天业,20230603,-4.8484848484849
600075.SH,新疆天业,20230602,-4.8484848484849
600075.SH,新疆天业,20230601,-4.8484848484849
600075.SH,新疆天业,20230531,-3.5087719298246
600075.SH,新疆天业,20230530,-3.5087719298246
600075.SH,新疆天业,20230529,-3.5087719298246
600075.SH,新疆天业,20230528,-3.5087719298246
600075.SH,新疆天业,20230527,-3.5087719298246
600075.SH,新疆天业,20230526,-3.5087719298246
600075.SH,新疆天业,20230525,-3.5087719298246
600075.SH,新疆天业,20230524,-3.5087719298246
600075.SH,新疆天业,20230523,-3.5087719298246
600075.SH,新疆天业,20230522,-3.5087719298246
600075.SH,新疆天业,20230521,-3.5087719298246
600075.SH,新疆天业,20230520,-3.5087719298246
600075.SH,新疆天业,20230519,-3.5087719298246
600075.SH,新疆天业,20230518,-3.5087719298246
600075.SH,新疆天业,20230517,-3.5087719298246
600075.SH,新疆天业,20230516,-3.5087719298246
600075.SH,新疆天业,20230515,-3.5087719298246
600075.SH,新疆天业,20230514,-3.5087719298246
600075.SH,新疆天业,20230513,-3.5087719298246
600075.SH,新疆天业,20230512,-3.5087719298246
600075.SH,新疆天业,20230511,-3.5087719298246
600075.SH,新疆天业,20230510,-3.5087719298246
600075.SH,新疆天业,20230509,-3.5087719298246
600075.SH,新疆天业,20230508,-3.5087719298246
600075.SH,新疆天业,20230507,-3.5087719298246
600075.SH,新疆天业,20230506,-3.5087719298246
600075.SH,新疆天业,20230505,-3.5087719298246
600075.SH,新疆天业,20230504,-3.5087719298246
600075.SH,新疆天业,20230503,-3.5087719298246
600075.SH,新疆天业,20230502,-3.5087719298246
600075.SH,新疆天业,20230501,-3.5087719298246
600075.SH,新疆天业,20230430,-9.0425531914894
600075.SH,新疆天业,20230429,-9.0425531914894
600075.SH,新疆天业,20230428,-9.0425531914894
600075.SH,新疆天业,20230427,-9.0425531914894
600075.SH,新疆天业,20230426,-9.0425531914894
600075.SH,新疆天业,20230425,-9.0425531914894
600075.SH,新疆天业,20230424,-9.0425531914894
600075.SH,新疆天业,20230423,-9.0425531914894
600075.SH,新疆天业,20230422,-9.0425531914894
600075.SH,新疆天业,20230421,-9.0425531914894
600075.SH,新疆天业,20230420,-9.0425531914894
600075.SH,新疆天业,20230419,-9.0425531914894
600075.SH,新疆天业,20230418,-9.0425531914894
600075.SH,新疆天业,20230417,-9.0425531914894
600075.SH,新疆天业,20230416,-9.0425531914894
600075.SH,新疆天业,20230415,-9.0425531914894
600075.SH,新疆天业,20230414,-9.0425531914894
600075.SH,新疆天业,20230413,-9.0425531914894
600075.SH,新疆天业,20230412,-9.0425531914894
600075.SH,新疆天业,20230411,-9.0425531914894
600075.SH,新疆天业,20230410,-9.0425531914894
600075.SH,新疆天业,20230409,-9.0425531914894
600075.SH,新疆天业,20230408,-9.0425531914894
600075.SH,新疆天业,20230407,-9.0425531914894
600075.SH,新疆天业,20230406,-9.0425531914894
600075.SH,新疆天业,20230405,-9.0425531914894
600075.SH,新疆天业,20230404,-9.0425531914894
600075.SH,新疆天业,20230403,-9.0425531914894
600075.SH,新疆天业,20230402,-9.0425531914894
600075.SH,新疆天业,20230401,-9.0425531914894
600075.SH,新疆天业,20230331,-3.7542662116041
600075.SH,新疆天业,20230330,-3.7542662116041
600075.SH,新疆天业,20230329,-3.7542662116041
600075.SH,新疆天业,20230328,-3.7542662116041
600075.SH,新疆天业,20230327,-3.7542662116041
600075.SH,新疆天业,20230326,-3.7542662116041
600075.SH,新疆天业,20230325,-3.7542662116041
600075.SH,新疆天业,20230324,-3.7542662116041
600075.SH,新疆天业,20230323,-3.7542662116041
600075.SH,新疆天业,20230322,-3.7542662116041
600075.SH,新疆天业,20230321,-3.7542662116041
600075.SH,新疆天业,20230320,-3.7542662116041
600075.SH,新疆天业,20230319,-3.7542662116041
600075.SH,新疆天业,20230318,-3.7542662116041
600075.SH,新疆天业,20230317,-3.7542662116041
600075.SH,新疆天业,20230316,-3.7542662116041
600075.SH,新疆天业,20230315,-3.7542662116041
600075.SH,新疆天业,20230314,-3.7542662116041
600075.SH,新疆天业,20230313,-3.7542662116041
600075.SH,新疆天业,20230312,-3.7542662116041
600075.SH,新疆天业,20230311,-3.7542662116041
600075.SH,新疆天业,20230310,-3.7542662116041
600075.SH,新疆天业,20230309,-3.7542662116041
600075.SH,新疆天业,20230308,-3.7542662116041
600075.SH,新疆天业,20230307,-3.7542662116041
600075.SH,新疆天业,20230306,-3.7542662116041
600075.SH,新疆天业,20230305,-3.7542662116041
600075.SH,新疆天业,20230304,-3.7542662116041
600075.SH,新疆天业,20230303,-3.7542662116041
600075.SH,新疆天业,20230302,-3.7542662116041
600075.SH,新疆天业,20230301,-3.7542662116041
600075.SH,新疆天业,20230228,2.8070175438597
600075.SH,新疆天业,20230227,2.8070175438597
600075.SH,新疆天业,20230226,2.8070175438597
600075.SH,新疆天业,20230225,2.8070175438597
600075.SH,新疆天业,20230224,2.8070175438597
600075.SH,新疆天业,20230223,2.8070175438597
600075.SH,新疆天业,20230222,2.8070175438597
600075.SH,新疆天业,20230221,2.8070175438597
600075.SH,新疆天业,20230220,2.8070175438597
600075.SH,新疆天业,20230219,2.8070175438597
600075.SH,新疆天业,20230218,2.8070175438597
600075.SH,新疆天业,20230217,2.8070175438597
600075.SH,新疆天业,20230216,2.8070175438597
600075.SH,新疆天业,20230215,2.8070175438597
600075.SH,新疆天业,20230214,2.8070175438597
600075.SH,新疆天业,20230213,2.8070175438597
600075.SH,新疆天业,20230212,2.8070175438597
600075.SH,新疆天业,20230211,2.8070175438597
600075.SH,新疆天业,20230210,2.8070175438597
600075.SH,新疆天业,20230209,2.8070175438597
600075.SH,新疆天业,20230208,2.8070175438597
600075.SH,新疆天业,20230207,2.8070175438597
600075.SH,新疆天业,20230206,2.8070175438597
600075.SH,新疆天业,20230205,2.8070175438597
600075.SH,新疆天业,20230204,2.8070175438597
600075.SH,新疆天业,20230203,2.8070175438597
600075.SH,新疆天业,20230202,2.8070175438597
600075.SH,新疆天业,20230201,2.8070175438597
600075.SH,新疆天业,20230131,4.2047531992687
600075.SH,新疆天业,20230130,4.2047531992687
600075.SH,新疆天业,20230129,4.2047531992687
600075.SH,新疆天业,20230128,4.2047531992687
600075.SH,新疆天业,20230127,4.2047531992687
600075.SH,新疆天业,20230126,4.2047531992687
600075.SH,新疆天业,20230125,4.2047531992687
600075.SH,新疆天业,20230124,4.2047531992687
600075.SH,新疆天业,20230123,4.2047531992687
600075.SH,新疆天业,20230122,4.2047531992687
600075.SH,新疆天业,20230121,4.2047531992687
600075.SH,新疆天业,20230120,4.2047531992687
600075.SH,新疆天业,20230119,4.2047531992687
600075.SH,新疆天业,20230118,4.2047531992687
600075.SH,新疆天业,20230117,4.2047531992687
600075.SH,新疆天业,20230116,4.2047531992687
600075.SH,新疆天业,20230115,4.2047531992687
600075.SH,新疆天业,20230114,4.2047531992687
600075.SH,新疆天业,20230113,4.2047531992687
600075.SH,新疆天业,20230112,4.2047531992687
600075.SH,新疆天业,20230111,4.2047531992687
600075.SH,新疆天业,20230110,4.2047531992687
600075.SH,新疆天业,20230109,4.2047531992687
600075.SH,新疆天业,20230108,4.2047531992687
600075.SH,新疆天业,20230107,4.2047531992687
600075.SH,新疆天业,20230106,4.2047531992687
600075.SH,新疆天业,20230105,4.2047531992687
600075.SH,新疆天业,20230104,4.2047531992687
600075.SH,新疆天业,20230103,4.2047531992687
600075.SH,新疆天业,20230102,4.2047531992687
600075.SH,新疆天业,20230101,4.2047531992687
600075.SH,新疆天业,20221231,-3.1858407079646
600075.SH,新疆天业,20221230,-3.1858407079646
600075.SH,新疆天业,20221229,-3.1858407079646
600075.SH,新疆天业,20221228,-3.1858407079646
600075.SH,新疆天业,20221227,-3.1858407079646
600075.SH,新疆天业,20221226,-3.1858407079646
600075.SH,新疆天业,20221225,-3.1858407079646
600075.SH,新疆天业,20221224,-3.1858407079646
600075.SH,新疆天业,20221223,-3.1858407079646
600075.SH,新疆天业,20221222,-3.1858407079646
600075.SH,新疆天业,20221221,-3.1858407079646
600075.SH,新疆天业,20221220,-3.1858407079646
600075.SH,新疆天业,20221219,-3.1858407079646
600075.SH,新疆天业,20221218,-3.1858407079646
600075.SH,新疆天业,20221217,-3.1858407079646
600075.SH,新疆天业,20221216,-3.1858407079646
600075.SH,新疆天业,20221215,-3.1858407079646
600075.SH,新疆天业,20221214,-3.1858407079646
600075.SH,新疆天业,20221213,-3.1858407079646
600075.SH,新疆天业,20221212,-3.1858407079646
600075.SH,新疆天业,20221211,-3.1858407079646
600075.SH,新疆天业,20221210,-3.1858407079646
600075.SH,新疆天业,20221209,-3.1858407079646
600075.SH,新疆天业,20221208,-3.1858407079646
600075.SH,新疆天业,20221207,-3.1858407079646
600075.SH,新疆天业,20221206,-3.1858407079646
600075.SH,新疆天业,20221205,-3.1858407079646
600075.SH,新疆天业,20221204,-3.1858407079646
600075.SH,新疆天业,20221203,-3.1858407079646
600075.SH,新疆天业,20221202,-3.1858407079646
600075.SH,新疆天业,20221201,-3.1858407079646
600075.SH,新疆天业,20221130,9.9221789883269
600075.SH,新疆天业,20221129,9.9221789883269
600075.SH,新疆天业,20221128,9.9221789883269
600075.SH,新疆天业,20221127,9.9221789883269
600075.SH,新疆天业,20221126,9.9221789883269
600075.SH,新疆天业,20221125,9.9221789883269
600075.SH,新疆天业,20221124,9.9221789883269
600075.SH,新疆天业,20221123,9.9221789883269
600075.SH,新疆天业,20221122,9.9221789883269
600075.SH,新疆天业,20221121,9.9221789883269
600075.SH,新疆天业,20221120,9.9221789883269
600075.SH,新疆天业,20221119,9.9221789883269
600075.SH,新疆天业,20221118,9.9221789883269
600075.SH,新疆天业,20221117,9.9221789883269
600075.SH,新疆天业,20221116,9.9221789883269
600075.SH,新疆天业,20221115,9.9221789883269
600075.SH,新疆天业,20221114,9.9221789883269
600075.SH,新疆天业,20221113,9.9221789883269
600075.SH,新疆天业,20221112,9.9221789883269
600075.SH,新疆天业,20221111,9.9221789883269
600075.SH,新疆天业,20221110,9.9221789883269
600075.SH,新疆天业,20221109,9.9221789883269
600075.SH,新疆天业,20221108,9.9221789883269
600075.SH,新疆天业,20221107,9.9221789883269
600075.SH,新疆天业,20221106,9.9221789883269
600075.SH,新疆天业,20221105,9.9221789883269
600075.SH,新疆天业,20221104,9.9221789883269
600075.SH,新疆天业,20221103,9.9221789883269
600075.SH,新疆天业,20221102,9.9221789883269
600075.SH,新疆天业,20221101,9.9221789883269
600075.SH,新疆天业,20221031,-11.379310344828
600075.SH,新疆天业,20221030,-11.379310344828
600075.SH,新疆天业,20221029,-11.379310344828
600075.SH,新疆天业,20221028,-11.379310344828
600075.SH,新疆天业,20221027,-11.379310344828
600075.SH,新疆天业,20221026,-11.379310344828
600075.SH,新疆天业,20221025,-11.379310344828
600075.SH,新疆天业,20221024,-11.379310344828
600075.SH,新疆天业,20221023,-11.379310344828
600075.SH,新疆天业,20221022,-11.379310344828
600075.SH,新疆天业,20221021,-11.379310344828
600075.SH,新疆天业,20221020,-11.379310344828
600075.SH,新疆天业,20221019,-11.379310344828
600075.SH,新疆天业,20221018,-11.379310344828
600075.SH,新疆天业,20221017,-11.379310344828
600075.SH,新疆天业,20221016,-11.379310344828
600075.SH,新疆天业,20221015,-11.379310344828
600075.SH,新疆天业,20221014,-11.379310344828
600075.SH,新疆天业,20221013,-11.379310344828
600075.SH,新疆天业,20221012,-11.379310344828
600075.SH,新疆天业,20221011,-11.379310344828
600075.SH,新疆天业,20221010,-11.379310344828
600075.SH,新疆天业,20221009,-11.379310344828
600075.SH,新疆天业,20221008,-11.379310344828
600075.SH,新疆天业,20221007,-11.379310344828
600075.SH,新疆天业,20221006,-11.379310344828
600075.SH,新疆天业,20221005,-11.379310344828
600075.SH,新疆天业,20221004,-11.379310344828
600075.SH,新疆天业,20221003,-11.379310344828
600075.SH,新疆天业,20221002,-11.379310344828
600075.SH,新疆天业,20221001,-11.379310344828
600075.SH,新疆天业,20220930,-5.2287581699346
600075.SH,新疆天业,20220929,-5.2287581699346
600075.SH,新疆天业,20220928,-5.2287581699346
600075.SH,新疆天业,20220927,-5.2287581699346
600075.SH,新疆天业,20220926,-5.2287581699346
600075.SH,新疆天业,20220925,-5.2287581699346
600075.SH,新疆天业,20220924,-5.2287581699346
600075.SH,新疆天业,20220923,-5.2287581699346
600075.SH,新疆天业,20220922,-5.2287581699346
600075.SH,新疆天业,20220921,-5.2287581699346
600075.SH,新疆天业,20220920,-5.2287581699346
600075.SH,新疆天业,20220919,-5.2287581699346
600075.SH,新疆天业,20220918,-5.2287581699346
600075.SH,新疆天业,20220917,-5.2287581699346
600075.SH,新疆天业,20220916,-5.2287581699346
600075.SH,新疆天业,20220915,-5.2287581699346
600075.SH,新疆天业,20220914,-5.2287581699346
600075.SH,新疆天业,20220913,-5.2287581699346
600075.SH,新疆天业,20220912,-5.2287581699346
600075.SH,新疆天业,20220911,-5.2287581699346
600075.SH,新疆天业,20220910,-5.2287581699346
600075.SH,新疆天业,20220909,-5.2287581699346
600075.SH,新疆天业,20220908,-5.2287581699346
600075.SH,新疆天业,20220907,-5.2287581699346
600075.SH,新疆天业,20220906,-5.2287581699346
600075.SH,新疆天业,20220905,-5.2287581699346
600075.SH,新疆天业,20220904,-5.2287581699346
600075.SH,新疆天业,20220903,-5.2287581699346
600075.SH,新疆天业,20220902,-5.2287581699346
600075.SH,新疆天业,20220901,-5.2287581699346
600075.SH,新疆天业,20220831,-1.9230769230769
600075.SH,新疆天业,20220830,-1.9230769230769
600075.SH,新疆天业,20220829,-1.9230769230769
600075.SH,新疆天业,20220828,-1.9230769230769
600075.SH,新疆天业,20220827,-1.9230769230769
600075.SH,新疆天业,20220826,-1.9230769230769
600075.SH,新疆天业,20220825,-1.9230769230769
600075.SH,新疆天业,20220824,-1.9230769230769
600075.SH,新疆天业,20220823,-1.9230769230769
600075.SH,新疆天业,20220822,-1.9230769230769
600075.SH,新疆天业,20220821,-1.9230769230769
600075.SH,新疆天业,20220820,-1.9230769230769
600075.SH,新疆天业,20220819,-1.9230769230769
600075.SH,新疆天业,20220818,-1.9230769230769
600075.SH,新疆天业,20220817,-1.9230769230769
600075.SH,新疆天业,20220816,-1.9230769230769
600075.SH,新疆天业,20220815,-1.9230769230769
600075.SH,新疆天业,20220814,-1.9230769230769
600075.SH,新疆天业,20220813,-1.9230769230769
600075.SH,新疆天业,20220812,-1.9230769230769
600075.SH,新疆天业,20220811,-1.9230769230769
600075.SH,新疆天业,20220810,-1.9230769230769
600075.SH,新疆天业,20220809,-1.9230769230769
600075.SH,新疆天业,20220808,-1.9230769230769
600075.SH,新疆天业,20220807,-1.9230769230769
600075.SH,新疆天业,20220806,-1.9230769230769
600075.SH,新疆天业,20220805,-1.9230769230769
600075.SH,新疆天业,20220804,-1.9230769230769
600075.SH,新疆天业,20220803,-1.9230769230769
600075.SH,新疆天业,20220802,-1.9230769230769
600075.SH,新疆天业,20220801,-1.9230769230769
600075.SH,新疆天业,20220731,-2.3474178403756
600075.SH,新疆天业,20220730,-2.3474178403756
600075.SH,新疆天业,20220729,-2.3474178403756
600075.SH,新疆天业,20220728,-2.3474178403756
600075.SH,新疆天业,20220727,-2.3474178403756
600075.SH,新疆天业,20220726,-2.3474178403756
600075.SH,新疆天业,20220725,-2.3474178403756
600075.SH,新疆天业,20220724,-2.3474178403756
600075.SH,新疆天业,20220723,-2.3474178403756
600075.SH,新疆天业,20220722,-2.3474178403756
600075.SH,新疆天业,20220721,-2.3474178403756
600075.SH,新疆天业,20220720,-2.3474178403756
600075.SH,新疆天业,20220719,-2.3474178403756
600075.SH,新疆天业,20220718,-2.3474178403756
600075.SH,新疆天业,20220717,-2.3474178403756
600075.SH,新疆天业,20220716,-2.3474178403756
600075.SH,新疆天业,20220715,-2.3474178403756
600075.SH,新疆天业,20220714,-2.3474178403756
600075.SH,新疆天业,20220713,-2.3474178403756
600075.SH,新疆天业,20220712,-2.3474178403756
600075.SH,新疆天业,20220711,-2.3474178403756
600075.SH,新疆天业,20220710,-2.3474178403756
600075.SH,新疆天业,20220709,-2.3474178403756
600075.SH,新疆天业,20220708,-2.3474178403756
600075.SH,新疆天业,20220707,-2.3474178403756
600075.SH,新疆天业,20220706,-2.3474178403756
600075.SH,新疆天业,20220705,-2.3474178403756
600075.SH,新疆天业,20220704,-2.3474178403756
600075.SH,新疆天业,20220703,-2.3474178403756
600075.SH,新疆天业,20220702,-2.3474178403756
600075.SH,新疆天业,20220701,-2.3474178403756
600075.SH,新疆天业,20220630,3.7337662337662
600075.SH,新疆天业,20220629,3.7337662337662
600075.SH,新疆天业,20220628,3.7337662337662
600075.SH,新疆天业,20220627,3.7337662337662
600075.SH,新疆天业,20220626,3.7337662337662
600075.SH,新疆天业,20220625,3.7337662337662
600075.SH,新疆天业,20220624,3.7337662337662
600075.SH,新疆天业,20220623,3.7337662337662
600075.SH,新疆天业,20220622,3.7337662337662
600075.SH,新疆天业,20220621,3.7337662337662
600075.SH,新疆天业,20220620,3.7337662337662
600075.SH,新疆天业,20220619,3.7337662337662
600075.SH,新疆天业,20220618,3.7337662337662
600075.SH,新疆天业,20220617,3.7337662337662
600075.SH,新疆天业,20220616,3.7337662337662
600075.SH,新疆天业,20220615,3.7337662337662
600075.SH,新疆天业,20220614,3.7337662337662
600075.SH,新疆天业,20220613,3.7337662337662
600075.SH,新疆天业,20220612,3.7337662337662
600075.SH,新疆天业,20220611,3.7337662337662
600075.SH,新疆天业,20220610,3.7337662337662
600075.SH,新疆天业,20220609,3.7337662337662
600075.SH,新疆天业,20220608,3.7337662337662
600075.SH,新疆天业,20220607,3.7337662337662
600075.SH,新疆天业,20220606,3.7337662337662
600075.SH,新疆天业,20220605,3.7337662337662
600075.SH,新疆天业,20220604,3.7337662337662
600075.SH,新疆天业,20220603,3.7337662337662
600075.SH,新疆天业,20220602,3.7337662337662
600075.SH,新疆天业,20220601,3.7337662337662
600075.SH,新疆天业,20220531,7.3756432246998
600075.SH,新疆天业,20220530,7.3756432246998
600075.SH,新疆天业,20220529,7.3756432246998
600075.SH,新疆天业,20220528,7.3756432246998
600075.SH,新疆天业,20220527,7.3756432246998
600075.SH,新疆天业,20220526,7.3756432246998
600075.SH,新疆天业,20220525,7.3756432246998
600075.SH,新疆天业,20220524,7.3756432246998
600075.SH,新疆天业,20220523,7.3756432246998
600075.SH,新疆天业,20220522,7.3756432246998
600075.SH,新疆天业,20220521,7.3756432246998
600075.SH,新疆天业,20220520,7.3756432246998
600075.SH,新疆天业,20220519,7.3756432246998
600075.SH,新疆天业,20220518,7.3756432246998
600075.SH,新疆天业,20220517,7.3756432246998
600075.SH,新疆天业,20220516,7.3756432246998
600075.SH,新疆天业,20220515,7.3756432246998
600075.SH,新疆天业,20220514,7.3756432246998
600075.SH,新疆天业,20220513,7.3756432246998
600075.SH,新疆天业,20220512,7.3756432246998
600075.SH,新疆天业,20220511,7.3756432246998
600075.SH,新疆天业,20220510,7.3756432246998
600075.SH,新疆天业,20220509,7.3756432246998
600075.SH,新疆天业,20220508,7.3756432246998
600075.SH,新疆天业,20220507,7.3756432246998
600075.SH,新疆天业,20220506,7.3756432246998
600075.SH,新疆天业,20220505,7.3756432246998
600075.SH,新疆天业,20220504,7.3756432246998
600075.SH,新疆天业,20220503,7.3756432246998
600075.SH,新疆天业,20220502,7.3756432246998
600075.SH,新疆天业,20220501,7.3756432246998
600075.SH,新疆天业,20220430,-20.463847203274
600075.SH,新疆天业,20220429,-20.463847203274
600075.SH,新疆天业,20220428,-20.463847203274
600075.SH,新疆天业,20220427,-20.463847203274
600075.SH,新疆天业,20220426,-20.463847203274
600075.SH,新疆天业,20220425,-20.463847203274
600075.SH,新疆天业,20220424,-20.463847203274
600075.SH,新疆天业,20220423,-20.463847203274
600075.SH,新疆天业,20220422,-20.463847203274
600075.SH,新疆天业,20220421,-20.463847203274
600075.SH,新疆天业,20220420,-20.463847203274
600075.SH,新疆天业,20220419,-20.463847203274
600075.SH,新疆天业,20220418,-20.463847203274
600075.SH,新疆天业,20220417,-20.463847203274
600075.SH,新疆天业,20220416,-20.463847203274
600075.SH,新疆天业,20220415,-20.463847203274
600075.SH,新疆天业,20220414,-20.463847203274
600075.SH,新疆天业,20220413,-20.463847203274
600075.SH,新疆天业,20220412,-20.463847203274
600075.SH,新疆天业,20220411,-20.463847203274
600075.SH,新疆天业,20220410,-20.463847203274
600075.SH,新疆天业,20220409,-20.463847203274
600075.SH,新疆天业,20220408,-20.463847203274
600075.SH,新疆天业,20220407,-20.463847203274
600075.SH,新疆天业,20220406,-20.463847203274
600075.SH,新疆天业,20220405,-20.463847203274
600075.SH,新疆天业,20220404,-20.463847203274
600075.SH,新疆天业,20220403,-20.463847203274
600075.SH,新疆天业,20220402,-20.463847203274
600075.SH,新疆天业,20220401,-20.463847203274
600075.SH,新疆天业,20220331,-2.5265957446808
600075.SH,新疆天业,20220330,-2.5265957446808
600075.SH,新疆天业,20220329,-2.5265957446808
600075.SH,新疆天业,20220328,-2.5265957446808
600075.SH,新疆天业,20220327,-2.5265957446808
600075.SH,新疆天业,20220326,-2.5265957446808
600075.SH,新疆天业,20220325,-2.5265957446808
600075.SH,新疆天业,20220324,-2.5265957446808
600075.SH,新疆天业,20220323,-2.5265957446808
600075.SH,新疆天业,20220322,-2.5265957446808
600075.SH,新疆天业,20220321,-2.5265957446808
600075.SH,新疆天业,20220320,-2.5265957446808
600075.SH,新疆天业,20220319,-2.5265957446808
600075.SH,新疆天业,20220318,-2.5265957446808
600075.SH,新疆天业,20220317,-2.5265957446808
600075.SH,新疆天业,20220316,-2.5265957446808
600075.SH,新疆天业,20220315,-2.5265957446808
600075.SH,新疆天业,20220314,-2.5265957446808
600075.SH,新疆天业,20220313,-2.5265957446808
600075.SH,新疆天业,20220312,-2.5265957446808
600075.SH,新疆天业,20220311,-2.5265957446808
600075.SH,新疆天业,20220310,-2.5265957446808
600075.SH,新疆天业,20220309,-2.5265957446808
600075.SH,新疆天业,20220308,-2.5265957446808
600075.SH,新疆天业,20220307,-2.5265957446808
600075.SH,新疆天业,20220306,-2.5265957446808
600075.SH,新疆天业,20220305,-2.5265957446808
600075.SH,新疆天业,20220304,-2.5265957446808
600075.SH,新疆天业,20220303,-2.5265957446808
600075.SH,新疆天业,20220302,-2.5265957446808
600075.SH,新疆天业,20220301,-2.5265957446808
600075.SH,新疆天业,20220228,7.1225071225071
600075.SH,新疆天业,20220227,7.1225071225071
600075.SH,新疆天业,20220226,7.1225071225071
600075.SH,新疆天业,20220225,7.1225071225071
600075.SH,新疆天业,20220224,7.1225071225071
600075.SH,新疆天业,20220223,7.1225071225071
600075.SH,新疆天业,20220222,7.1225071225071
600075.SH,新疆天业,20220221,7.1225071225071
600075.SH,新疆天业,20220220,7.1225071225071
600075.SH,新疆天业,20220219,7.1225071225071
600075.SH,新疆天业,20220218,7.1225071225071
600075.SH,新疆天业,20220217,7.1225071225071
600075.SH,新疆天业,20220216,7.1225071225071
600075.SH,新疆天业,20220215,7.1225071225071
600075.SH,新疆天业,20220214,7.1225071225071
600075.SH,新疆天业,20220213,7.1225071225071
600075.SH,新疆天业,20220212,7.1225071225071
600075.SH,新疆天业,20220211,7.1225071225071
600075.SH,新疆天业,20220210,7.1225071225071
600075.SH,新疆天业,20220209,7.1225071225071
600075.SH,新疆天业,20220208,7.1225071225071
600075.SH,新疆天业,20220207,7.1225071225071
600075.SH,新疆天业,20220206,7.1225071225071
600075.SH,新疆天业,20220205,7.1225071225071
600075.SH,新疆天业,20220204,7.1225071225071
600075.SH,新疆天业,20220203,7.1225071225071
600075.SH,新疆天业,20220202,7.1225071225071
600075.SH,新疆天业,20220201,7.1225071225071
600075.SH,新疆天业,20220131,-14.598540145985
600075.SH,新疆天业,20220130,-14.598540145985
600075.SH,新疆天业,20220129,-14.598540145985
600075.SH,新疆天业,20220128,-14.598540145985
600075.SH,新疆天业,20220127,-14.598540145985
600075.SH,新疆天业,20220126,-14.598540145985
600075.SH,新疆天业,20220125,-14.598540145985
600075.SH,新疆天业,20220124,-14.598540145985
600075.SH,新疆天业,20220123,-14.598540145985
600075.SH,新疆天业,20220122,-14.598540145985
600075.SH,新疆天业,20220121,-14.598540145985
600075.SH,新疆天业,20220120,-14.598540145985
600075.SH,新疆天业,20220119,-14.598540145985
600075.SH,新疆天业,20220118,-14.598540145985
600075.SH,新疆天业,20220117,-14.598540145985
600075.SH,新疆天业,20220116,-14.598540145985
600075.SH,新疆天业,20220115,-14.598540145985
600075.SH,新疆天业,20220114,-14.598540145985
600075.SH,新疆天业,20220113,-14.598540145985
600075.SH,新疆天业,20220112,-14.598540145985
600075.SH,新疆天业,20220111,-14.598540145985
600075.SH,新疆天业,20220110,-14.598540145985
600075.SH,新疆天业,20220109,-14.598540145985
600075.SH,新疆天业,20220108,-14.598540145985
600075.SH,新疆天业,20220107,-14.598540145985
600075.SH,新疆天业,20220106,-14.598540145985
600075.SH,新疆天业,20220105,-14.598540145985
600075.SH,新疆天业,20220104,-14.598540145985
600075.SH,新疆天业,20220103,-14.598540145985
600075.SH,新疆天业,20220102,-14.598540145985
600075.SH,新疆天业,20220101,-14.598540145985
600075.SH,新疆天业,20211231,5.7915057915058
600075.SH,新疆天业,20211230,5.7915057915058
600075.SH,新疆天业,20211229,5.7915057915058
600075.SH,新疆天业,20211228,5.7915057915058
600075.SH,新疆天业,20211227,5.7915057915058
600075.SH,新疆天业,20211226,5.7915057915058
600075.SH,新疆天业,20211225,5.7915057915058
600075.SH,新疆天业,20211224,5.7915057915058
600075.SH,新疆天业,20211223,5.7915057915058
600075.SH,新疆天业,20211222,5.7915057915058
600075.SH,新疆天业,20211221,5.7915057915058
600075.SH,新疆天业,20211220,5.7915057915058
600075.SH,新疆天业,20211219,5.7915057915058
600075.SH,新疆天业,20211218,5.7915057915058
600075.SH,新疆天业,20211217,5.7915057915058
600075.SH,新疆天业,20211216,5.7915057915058
600075.SH,新疆天业,20211215,5.7915057915058
600075.SH,新疆天业,20211214,5.7915057915058
600075.SH,新疆天业,20211213,5.7915057915058
600075.SH,新疆天业,20211212,5.7915057915058
600075.SH,新疆天业,20211211,5.7915057915058
600075.SH,新疆天业,20211210,5.7915057915058
600075.SH,新疆天业,20211209,5.7915057915058
600075.SH,新疆天业,20211208,5.7915057915058
600075.SH,新疆天业,20211207,5.7915057915058
600075.SH,新疆天业,20211206,5.7915057915058
600075.SH,新疆天业,20211205,5.7915057915058
600075.SH,新疆天业,20211204,5.7915057915058
600075.SH,新疆天业,20211203,5.7915057915058
600075.SH,新疆天业,20211202,5.7915057915058
600075.SH,新疆天业,20211201,5.7915057915058
600075.SH,新疆天业,20211130,-4.0740740740741
600075.SH,新疆天业,20211129,-4.0740740740741
600075.SH,新疆天业,20211128,-4.0740740740741
600075.SH,新疆天业,20211127,-4.0740740740741
600075.SH,新疆天业,20211126,-4.0740740740741
600075.SH,新疆天业,20211125,-4.0740740740741
600075.SH,新疆天业,20211124,-4.0740740740741
600075.SH,新疆天业,20211123,-4.0740740740741
600075.SH,新疆天业,20211122,-4.0740740740741
600075.SH,新疆天业,20211121,-4.0740740740741
600075.SH,新疆天业,20211120,-4.0740740740741
600075.SH,新疆天业,20211119,-4.0740740740741
600075.SH,新疆天业,20211118,-4.0740740740741
600075.SH,新疆天业,20211117,-4.0740740740741
600075.SH,新疆天业,20211116,-4.0740740740741
600075.SH,新疆天业,20211115,-4.0740740740741
600075.SH,新疆天业,20211114,-4.0740740740741
600075.SH,新疆天业,20211113,-4.0740740740741
600075.SH,新疆天业,20211112,-4.0740740740741
600075.SH,新疆天业,20211111,-4.0740740740741
600075.SH,新疆天业,20211110,-4.0740740740741
600075.SH,新疆天业,20211109,-4.0740740740741
600075.SH,新疆天业,20211108,-4.0740740740741
600075.SH,新疆天业,20211107,-4.0740740740741
600075.SH,新疆天业,20211106,-4.0740740740741
600075.SH,新疆天业,20211105,-4.0740740740741
600075.SH,新疆天业,20211104,-4.0740740740741
600075.SH,新疆天业,20211103,-4.0740740740741
600075.SH,新疆天业,20211102,-4.0740740740741
600075.SH,新疆天业,20211101,-4.0740740740741
600075.SH,新疆天业,20211031,-18.674698795181
600075.SH,新疆天业,20211030,-18.674698795181
600075.SH,新疆天业,20211029,-18.674698795181
600075.SH,新疆天业,20211028,-18.674698795181
600075.SH,新疆天业,20211027,-18.674698795181
600075.SH,新疆天业,20211026,-18.674698795181
600075.SH,新疆天业,20211025,-18.674698795181
600075.SH,新疆天业,20211024,-18.674698795181
600075.SH,新疆天业,20211023,-18.674698795181
600075.SH,新疆天业,20211022,-18.674698795181
600075.SH,新疆天业,20211021,-18.674698795181
600075.SH,新疆天业,20211020,-18.674698795181
600075.SH,新疆天业,20211019,-18.674698795181
600075.SH,新疆天业,20211018,-18.674698795181
600075.SH,新疆天业,20211017,-18.674698795181
600075.SH,新疆天业,20211016,-18.674698795181
600075.SH,新疆天业,20211015,-18.674698795181
600075.SH,新疆天业,20211014,-18.674698795181
600075.SH,新疆天业,20211013,-18.674698795181
600075.SH,新疆天业,20211012,-18.674698795181
600075.SH,新疆天业,20211011,-18.674698795181
600075.SH,新疆天业,20211010,-18.674698795181
600075.SH,新疆天业,20211009,-18.674698795181
600075.SH,新疆天业,20211008,-18.674698795181
600075.SH,新疆天业,20211007,-18.674698795181
600075.SH,新疆天业,20211006,-18.674698795181
600075.SH,新疆天业,20211005,-18.674698795181
600075.SH,新疆天业,20211004,-18.674698795181
600075.SH,新疆天业,20211003,-18.674698795181
600075.SH,新疆天业,20211002,-18.674698795181
600075.SH,新疆天业,20211001,-18.674698795181
600075.SH,新疆天业,20210930,-3.5818005808325
600075.SH,新疆天业,20210929,-3.5818005808325
600075.SH,新疆天业,20210928,-3.5818005808325
600075.SH,新疆天业,20210927,-3.5818005808325
600075.SH,新疆天业,20210926,-3.5818005808325
600075.SH,新疆天业,20210925,-3.5818005808325
600075.SH,新疆天业,20210924,-3.5818005808325
600075.SH,新疆天业,20210923,-3.5818005808325
600075.SH,新疆天业,20210922,-3.5818005808325
600075.SH,新疆天业,20210921,-3.5818005808325
600075.SH,新疆天业,20210920,-3.5818005808325
600075.SH,新疆天业,20210919,-3.5818005808325
600075.SH,新疆天业,20210918,-3.5818005808325
600075.SH,新疆天业,20210917,-3.5818005808325
600075.SH,新疆天业,20210916,-3.5818005808325
600075.SH,新疆天业,20210915,-3.5818005808325
600075.SH,新疆天业,20210914,-3.5818005808325
600075.SH,新疆天业,20210913,-3.5818005808325
600075.SH,新疆天业,20210912,-3.5818005808325
600075.SH,新疆天业,20210911,-3.5818005808325
600075.SH,新疆天业,20210910,-3.5818005808325
600075.SH,新疆天业,20210909,-3.5818005808325
600075.SH,新疆天业,20210908,-3.5818005808325
600075.SH,新疆天业,20210907,-3.5818005808325
600075.SH,新疆天业,20210906,-3.5818005808325
600075.SH,新疆天业,20210905,-3.5818005808325
600075.SH,新疆天业,20210904,-3.5818005808325
600075.SH,新疆天业,20210903,-3.5818005808325
600075.SH,新疆天业,20210902,-3.5818005808325
600075.SH,新疆天业,20210901,-3.5818005808325
600075.SH,新疆天业,20210831,28.96379525593
600075.SH,新疆天业,20210830,28.96379525593
600075.SH,新疆天业,20210829,28.96379525593
600075.SH,新疆天业,20210828,28.96379525593
600075.SH,新疆天业,20210827,28.96379525593
600075.SH,新疆天业,20210826,28.96379525593
600075.SH,新疆天业,20210825,28.96379525593
600075.SH,新疆天业,20210824,28.96379525593
600075.SH,新疆天业,20210823,28.96379525593
600075.SH,新疆天业,20210822,28.96379525593
600075.SH,新疆天业,20210821,28.96379525593
600075.SH,新疆天业,20210820,28.96379525593
600075.SH,新疆天业,20210819,28.96379525593
600075.SH,新疆天业,20210818,28.96379525593
600075.SH,新疆天业,20210817,28.96379525593
600075.SH,新疆天业,20210816,28.96379525593
600075.SH,新疆天业,20210815,28.96379525593
600075.SH,新疆天业,20210814,28.96379525593
600075.SH,新疆天业,20210813,28.96379525593
600075.SH,新疆天业,20210812,28.96379525593
600075.SH,新疆天业,20210811,28.96379525593
600075.SH,新疆天业,20210810,28.96379525593
600075.SH,新疆天业,20210809,28.96379525593
600075.SH,新疆天业,20210808,28.96379525593
600075.SH,新疆天业,20210807,28.96379525593
600075.SH,新疆天业,20210806,28.96379525593
600075.SH,新疆天业,20210805,28.96379525593
600075.SH,新疆天业,20210804,28.96379525593
600075.SH,新疆天业,20210803,28.96379525593
600075.SH,新疆天业,20210802,28.96379525593
600075.SH,新疆天业,20210801,28.96379525593
600075.SH,新疆天业,20210731,17.794117647059
600075.SH,新疆天业,20210730,17.794117647059
600075.SH,新疆天业,20210729,17.794117647059
600075.SH,新疆天业,20210728,17.794117647059
600075.SH,新疆天业,20210727,17.794117647059
600075.SH,新疆天业,20210726,17.794117647059
600075.SH,新疆天业,20210725,17.794117647059
600075.SH,新疆天业,20210724,17.794117647059
600075.SH,新疆天业,20210723,17.794117647059
600075.SH,新疆天业,20210722,17.794117647059
600075.SH,新疆天业,20210721,17.794117647059
600075.SH,新疆天业,20210720,17.794117647059
600075.SH,新疆天业,20210719,17.794117647059
600075.SH,新疆天业,20210718,17.794117647059
600075.SH,新疆天业,20210717,17.794117647059
600075.SH,新疆天业,20210716,17.794117647059
600075.SH,新疆天业,20210715,17.794117647059
600075.SH,新疆天业,20210714,17.794117647059
600075.SH,新疆天业,20210713,17.794117647059
600075.SH,新疆天业,20210712,17.794117647059
600075.SH,新疆天业,20210711,17.794117647059
600075.SH,新疆天业,20210710,17.794117647059
600075.SH,新疆天业,20210709,17.794117647059
600075.SH,新疆天业,20210708,17.794117647059
600075.SH,新疆天业,20210707,17.794117647059
600075.SH,新疆天业,20210706,17.794117647059
600075.SH,新疆天业,20210705,17.794117647059
600075.SH,新疆天业,20210704,17.794117647059
600075.SH,新疆天业,20210703,17.794117647059
600075.SH,新疆天业,20210702,17.794117647059
600075.SH,新疆天业,20210701,17.794117647059
600075.SH,新疆天业,20210630,-7.6086956521739
600075.SH,新疆天业,20210629,-7.6086956521739
600075.SH,新疆天业,20210628,-7.6086956521739
600075.SH,新疆天业,20210627,-7.6086956521739
600075.SH,新疆天业,20210626,-7.6086956521739
600075.SH,新疆天业,20210625,-7.6086956521739
600075.SH,新疆天业,20210624,-7.6086956521739
600075.SH,新疆天业,20210623,-7.6086956521739
600075.SH,新疆天业,20210622,-7.6086956521739
600075.SH,新疆天业,20210621,-7.6086956521739
600075.SH,新疆天业,20210620,-7.6086956521739
600075.SH,新疆天业,20210619,-7.6086956521739
600075.SH,新疆天业,20210618,-7.6086956521739
600075.SH,新疆天业,20210617,-7.6086956521739
600075.SH,新疆天业,20210616,-7.6086956521739
600075.SH,新疆天业,20210615,-7.6086956521739
600075.SH,新疆天业,20210614,-7.6086956521739
600075.SH,新疆天业,20210613,-7.6086956521739
600075.SH,新疆天业,20210612,-7.6086956521739
600075.SH,新疆天业,20210611,-7.6086956521739
600075.SH,新疆天业,20210610,-7.6086956521739
600075.SH,新疆天业,20210609,-7.6086956521739
600075.SH,新疆天业,20210608,-7.6086956521739
600075.SH,新疆天业,20210607,-7.6086956521739
600075.SH,新疆天业,20210606,-7.6086956521739
600075.SH,新疆天业,20210605,-7.6086956521739
600075.SH,新疆天业,20210604,-7.6086956521739
600075.SH,新疆天业,20210603,-7.6086956521739
600075.SH,新疆天业,20210602,-7.6086956521739
600075.SH,新疆天业,20210601,-7.6086956521739
600075.SH,新疆天业,20210531,0.54644808743169
600075.SH,新疆天业,20210530,0.54644808743169
600075.SH,新疆天业,20210529,0.54644808743169
600075.SH,新疆天业,20210528,0.54644808743169
600075.SH,新疆天业,20210527,0.54644808743169
600075.SH,新疆天业,20210526,0.54644808743169
600075.SH,新疆天业,20210525,0.54644808743169
600075.SH,新疆天业,20210524,0.54644808743169
600075.SH,新疆天业,20210523,0.54644808743169
600075.SH,新疆天业,20210522,0.54644808743169
600075.SH,新疆天业,20210521,0.54644808743169
600075.SH,新疆天业,20210520,0.54644808743169
600075.SH,新疆天业,20210519,0.54644808743169
600075.SH,新疆天业,20210518,0.54644808743169
600075.SH,新疆天业,20210517,0.54644808743169
600075.SH,新疆天业,20210516,0.54644808743169
600075.SH,新疆天业,20210515,0.54644808743169
600075.SH,新疆天业,20210514,0.54644808743169
600075.SH,新疆天业,20210513,0.54644808743169
600075.SH,新疆天业,20210512,0.54644808743169
600075.SH,新疆天业,20210511,0.54644808743169
600075.SH,新疆天业,20210510,0.54644808743169
600075.SH,新疆天业,20210509,0.54644808743169
600075.SH,新疆天业,20210508,0.54644808743169
600075.SH,新疆天业,20210507,0.54644808743169
600075.SH,新疆天业,20210506,0.54644808743169
600075.SH,新疆天业,20210505,0.54644808743169
600075.SH,新疆天业,20210504,0.54644808743169
600075.SH,新疆天业,20210503,0.54644808743169
600075.SH,新疆天业,20210502,0.54644808743169
600075.SH,新疆天业,20210501,0.54644808743169
600075.SH,新疆天业,20210430,-7.2243346007604
600075.SH,新疆天业,20210429,-7.2243346007604
600075.SH,新疆天业,20210428,-7.2243346007604
600075.SH,新疆天业,20210427,-7.2243346007604
600075.SH,新疆天业,20210426,-7.2243346007604
600075.SH,新疆天业,20210425,-7.2243346007604
600075.SH,新疆天业,20210424,-7.2243346007604
600075.SH,新疆天业,20210423,-7.2243346007604
600075.SH,新疆天业,20210422,-7.2243346007604
600075.SH,新疆天业,20210421,-7.2243346007604
600075.SH,新疆天业,20210420,-7.2243346007604
600075.SH,新疆天业,20210419,-7.2243346007604
600075.SH,新疆天业,20210418,-7.2243346007604
600075.SH,新疆天业,20210417,-7.2243346007604
600075.SH,新疆天业,20210416,-7.2243346007604
600075.SH,新疆天业,20210415,-7.2243346007604
600075.SH,新疆天业,20210414,-7.2243346007604
600075.SH,新疆天业,20210413,-7.2243346007604
600075.SH,新疆天业,20210412,-7.2243346007604
600075.SH,新疆天业,20210411,-7.2243346007604
600075.SH,新疆天业,20210410,-7.2243346007604
600075.SH,新疆天业,20210409,-7.2243346007604
600075.SH,新疆天业,20210408,-7.2243346007604
600075.SH,新疆天业,20210407,-7.2243346007604
600075.SH,新疆天业,20210406,-7.2243346007604
600075.SH,新疆天业,20210405,-7.2243346007604
600075.SH,新疆天业,20210404,-7.2243346007604
600075.SH,新疆天业,20210403,-7.2243346007604
600075.SH,新疆天业,20210402,-7.2243346007604
600075.SH,新疆天业,20210401,-7.2243346007604
600075.SH,新疆天业,20210331,13.525179856115
600075.SH,新疆天业,20210330,13.525179856115
600075.SH,新疆天业,20210329,13.525179856115
600075.SH,新疆天业,20210328,13.525179856115
600075.SH,新疆天业,20210327,13.525179856115
600075.SH,新疆天业,20210326,13.525179856115
600075.SH,新疆天业,20210325,13.525179856115
600075.SH,新疆天业,20210324,13.525179856115
600075.SH,新疆天业,20210323,13.525179856115
600075.SH,新疆天业,20210322,13.525179856115
600075.SH,新疆天业,20210321,13.525179856115
600075.SH,新疆天业,20210320,13.525179856115
600075.SH,新疆天业,20210319,13.525179856115
600075.SH,新疆天业,20210318,13.525179856115
600075.SH,新疆天业,20210317,13.525179856115
600075.SH,新疆天业,20210316,13.525179856115
600075.SH,新疆天业,20210315,13.525179856115
600075.SH,新疆天业,20210314,13.525179856115
600075.SH,新疆天业,20210313,13.525179856115
600075.SH,新疆天业,20210312,13.525179856115
600075.SH,新疆天业,20210311,13.525179856115
600075.SH,新疆天业,20210310,13.525179856115
600075.SH,新疆天业,20210309,13.525179856115
600075.SH,新疆天业,20210308,13.525179856115
600075.SH,新疆天业,20210307,13.525179856115
600075.SH,新疆天业,20210306,13.525179856115
600075.SH,新疆天业,20210305,13.525179856115
600075.SH,新疆天业,20210304,13.525179856115
600075.SH,新疆天业,20210303,13.525179856115
600075.SH,新疆天业,20210302,13.525179856115
600075.SH,新疆天业,20210301,13.525179856115
600075.SH,新疆天业,20210228,19.827586206897
600075.SH,新疆天业,20210227,19.827586206897
600075.SH,新疆天业,20210226,19.827586206897
600075.SH,新疆天业,20210225,19.827586206897
600075.SH,新疆天业,20210224,19.827586206897
600075.SH,新疆天业,20210223,19.827586206897
600075.SH,新疆天业,20210222,19.827586206897
600075.SH,新疆天业,20210221,19.827586206897
600075.SH,新疆天业,20210220,19.827586206897
600075.SH,新疆天业,20210219,19.827586206897
600075.SH,新疆天业,20210218,19.827586206897
600075.SH,新疆天业,20210217,19.827586206897
600075.SH,新疆天业,20210216,19.827586206897
600075.SH,新疆天业,20210215,19.827586206897
600075.SH,新疆天业,20210214,19.827586206897
600075.SH,新疆天业,20210213,19.827586206897
600075.SH,新疆天业,20210212,19.827586206897
600075.SH,新疆天业,20210211,19.827586206897
600075.SH,新疆天业,20210210,19.827586206897
600075.SH,新疆天业,20210209,19.827586206897
600075.SH,新疆天业,20210208,19.827586206897
600075.SH,新疆天业,20210207,19.827586206897
600075.SH,新疆天业,20210206,19.827586206897
600075.SH,新疆天业,20210205,19.827586206897
600075.SH,新疆天业,20210204,19.827586206897
600075.SH,新疆天业,20210203,19.827586206897
600075.SH,新疆天业,20210202,19.827586206897
600075.SH,新疆天业,20210201,19.827586206897
600075.SH,新疆天业,20210131,2.6548672566372
600075.SH,新疆天业,20210130,2.6548672566372
600075.SH,新疆天业,20210129,2.6548672566372
600075.SH,新疆天业,20210128,2.6548672566372
600075.SH,新疆天业,20210127,2.6548672566372
600075.SH,新疆天业,20210126,2.6548672566372
600075.SH,新疆天业,20210125,2.6548672566372
600075.SH,新疆天业,20210124,2.6548672566372
600075.SH,新疆天业,20210123,2.6548672566372
600075.SH,新疆天业,20210122,2.6548672566372
600075.SH,新疆天业,20210121,2.6548672566372
600075.SH,新疆天业,20210120,2.6548672566372
600075.SH,新疆天业,20210119,2.6548672566372
600075.SH,新疆天业,20210118,2.6548672566372
600075.SH,新疆天业,20210117,2.6548672566372
600075.SH,新疆天业,20210116,2.6548672566372
600075.SH,新疆天业,20210115,2.6548672566372
600075.SH,新疆天业,20210114,2.6548672566372
600075.SH,新疆天业,20210113,2.6548672566372
600075.SH,新疆天业,20210112,2.6548672566372
600075.SH,新疆天业,20210111,2.6548672566372
600075.SH,新疆天业,20210110,2.6548672566372
600075.SH,新疆天业,20210109,2.6548672566372
600075.SH,新疆天业,20210108,2.6548672566372
600075.SH,新疆天业,20210107,2.6548672566372
600075.SH,新疆天业,20210106,2.6548672566372
600075.SH,新疆天业,20210105,2.6548672566372
600075.SH,新疆天业,20210104,2.6548672566372
600075.SH,新疆天业,20210103,2.6548672566372
600075.SH,新疆天业,20210102,2.6548672566372
600075.SH,新疆天业,20210101,2.6548672566372
600075.SH,新疆天业,20201231,-11.023622047244
600075.SH,新疆天业,20201230,-11.023622047244
600075.SH,新疆天业,20201229,-11.023622047244
600075.SH,新疆天业,20201228,-11.023622047244
600075.SH,新疆天业,20201227,-11.023622047244
600075.SH,新疆天业,20201226,-11.023622047244
600075.SH,新疆天业,20201225,-11.023622047244
600075.SH,新疆天业,20201224,-11.023622047244
600075.SH,新疆天业,20201223,-11.023622047244
600075.SH,新疆天业,20201222,-11.023622047244
600075.SH,新疆天业,20201221,-11.023622047244
600075.SH,新疆天业,20201220,-11.023622047244
600075.SH,新疆天业,20201219,-11.023622047244
600075.SH,新疆天业,20201218,-11.023622047244
600075.SH,新疆天业,20201217,-11.023622047244
600075.SH,新疆天业,20201216,-11.023622047244
600075.SH,新疆天业,20201215,-11.023622047244
600075.SH,新疆天业,20201214,-11.023622047244
600075.SH,新疆天业,20201213,-11.023622047244
600075.SH,新疆天业,20201212,-11.023622047244
600075.SH,新疆天业,20201211,-11.023622047244
600075.SH,新疆天业,20201210,-11.023622047244
600075.SH,新疆天业,20201209,-11.023622047244
600075.SH,新疆天业,20201208,-11.023622047244
600075.SH,新疆天业,20201207,-11.023622047244
600075.SH,新疆天业,20201206,-11.023622047244
600075.SH,新疆天业,20201205,-11.023622047244
600075.SH,新疆天业,20201204,-11.023622047244
600075.SH,新疆天业,20201203,-11.023622047244
600075.SH,新疆天业,20201202,-11.023622047244
600075.SH,新疆天业,20201201,-11.023622047244
600075.SH,新疆天业,20201130,1.2759170653908
600075.SH,新疆天业,20201129,1.2759170653908
600075.SH,新疆天业,20201128,1.2759170653908
600075.SH,新疆天业,20201127,1.2759170653908
600075.SH,新疆天业,20201126,1.2759170653908
600075.SH,新疆天业,20201125,1.2759170653908
600075.SH,新疆天业,20201124,1.2759170653908
600075.SH,新疆天业,20201123,1.2759170653908
600075.SH,新疆天业,20201122,1.2759170653908
600075.SH,新疆天业,20201121,1.2759170653908
600075.SH,新疆天业,20201120,1.2759170653908
600075.SH,新疆天业,20201119,1.2759170653908
600075.SH,新疆天业,20201118,1.2759170653908
600075.SH,新疆天业,20201117,1.2759170653908
600075.SH,新疆天业,20201116,1.2759170653908
600075.SH,新疆天业,20201115,1.2759170653908
600075.SH,新疆天业,20201114,1.2759170653908
600075.SH,新疆天业,20201113,1.2759170653908
600075.SH,新疆天业,20201112,1.2759170653908
600075.SH,新疆天业,20201111,1.2759170653908
600075.SH,新疆天业,20201110,1.2759170653908
600075.SH,新疆天业,20201109,1.2759170653908
600075.SH,新疆天业,20201108,1.2759170653908
600075.SH,新疆天业,20201107,1.2759170653908
600075.SH,新疆天业,20201106,1.2759170653908
600075.SH,新疆天业,20201105,1.2759170653908
600075.SH,新疆天业,20201104,1.2759170653908
600075.SH,新疆天业,20201103,1.2759170653908
600075.SH,新疆天业,20201102,1.2759170653908
600075.SH,新疆天业,20201101,1.2759170653908
600075.SH,新疆天业,20201031,-0.79113924050634
600075.SH,新疆天业,20201030,-0.79113924050634
600075.SH,新疆天业,20201029,-0.79113924050634
600075.SH,新疆天业,20201028,-0.79113924050634
600075.SH,新疆天业,20201027,-0.79113924050634
600075.SH,新疆天业,20201026,-0.79113924050634
600075.SH,新疆天业,20201025,-0.79113924050634
600075.SH,新疆天业,20201024,-0.79113924050634
600075.SH,新疆天业,20201023,-0.79113924050634
600075.SH,新疆天业,20201022,-0.79113924050634
600075.SH,新疆天业,20201021,-0.79113924050634
600075.SH,新疆天业,20201020,-0.79113924050634
600075.SH,新疆天业,20201019,-0.79113924050634
600075.SH,新疆天业,20201018,-0.79113924050634
600075.SH,新疆天业,20201017,-0.79113924050634
600075.SH,新疆天业,20201016,-0.79113924050634
600075.SH,新疆天业,20201015,-0.79113924050634
600075.SH,新疆天业,20201014,-0.79113924050634
600075.SH,新疆天业,20201013,-0.79113924050634
600075.SH,新疆天业,20201012,-0.79113924050634
600075.SH,新疆天业,20201011,-0.79113924050634
600075.SH,新疆天业,20201010,-0.79113924050634
600075.SH,新疆天业,20201009,-0.79113924050634
600075.SH,新疆天业,20201008,-0.79113924050634
600075.SH,新疆天业,20201007,-0.79113924050634
600075.SH,新疆天业,20201006,-0.79113924050634
600075.SH,新疆天业,20201005,-0.79113924050634
600075.SH,新疆天业,20201004,-0.79113924050634
600075.SH,新疆天业,20201003,-0.79113924050634
600075.SH,新疆天业,20201002,-0.79113924050634
600075.SH,新疆天业,20201001,-0.79113924050634
600075.SH,新疆天业,20200930,-6.0921248142645
600075.SH,新疆天业,20200929,-6.0921248142645
600075.SH,新疆天业,20200928,-6.0921248142645
600075.SH,新疆天业,20200927,-6.0921248142645
600075.SH,新疆天业,20200926,-6.0921248142645
600075.SH,新疆天业,20200925,-6.0921248142645
600075.SH,新疆天业,20200924,-6.0921248142645
600075.SH,新疆天业,20200923,-6.0921248142645
600075.SH,新疆天业,20200922,-6.0921248142645
600075.SH,新疆天业,20200921,-6.0921248142645
600075.SH,新疆天业,20200920,-6.0921248142645
600075.SH,新疆天业,20200919,-6.0921248142645
600075.SH,新疆天业,20200918,-6.0921248142645
600075.SH,新疆天业,20200917,-6.0921248142645
600075.SH,新疆天业,20200916,-6.0921248142645
600075.SH,新疆天业,20200915,-6.0921248142645
600075.SH,新疆天业,20200914,-6.0921248142645
600075.SH,新疆天业,20200913,-6.0921248142645
600075.SH,新疆天业,20200912,-6.0921248142645
600075.SH,新疆天业,20200911,-6.0921248142645
600075.SH,新疆天业,20200910,-6.0921248142645
600075.SH,新疆天业,20200909,-6.0921248142645
600075.SH,新疆天业,20200908,-6.0921248142645
600075.SH,新疆天业,20200907,-6.0921248142645
600075.SH,新疆天业,20200906,-6.0921248142645
600075.SH,新疆天业,20200905,-6.0921248142645
600075.SH,新疆天业,20200904,-6.0921248142645
600075.SH,新疆天业,20200903,-6.0921248142645
600075.SH,新疆天业,20200902,-6.0921248142645
600075.SH,新疆天业,20200901,-6.0921248142645
600075.SH,新疆天业,20200831,-2.322206095791
600075.SH,新疆天业,20200830,-2.322206095791
600075.SH,新疆天业,20200829,-2.322206095791
600075.SH,新疆天业,20200828,-2.322206095791
600075.SH,新疆天业,20200827,-2.322206095791
600075.SH,新疆天业,20200826,-2.322206095791
600075.SH,新疆天业,20200825,-2.322206095791
600075.SH,新疆天业,20200824,-2.322206095791
600075.SH,新疆天业,20200823,-2.322206095791
600075.SH,新疆天业,20200822,-2.322206095791
600075.SH,新疆天业,20200821,-2.322206095791
600075.SH,新疆天业,20200820,-2.322206095791
600075.SH,新疆天业,20200819,-2.322206095791
600075.SH,新疆天业,20200818,-2.322206095791
600075.SH,新疆天业,20200817,-2.322206095791
600075.SH,新疆天业,20200816,-2.322206095791
600075.SH,新疆天业,20200815,-2.322206095791
600075.SH,新疆天业,20200814,-2.322206095791
600075.SH,新疆天业,20200813,-2.322206095791
600075.SH,新疆天业,20200812,-2.322206095791
600075.SH,新疆天业,20200811,-2.322206095791
600075.SH,新疆天业,20200810,-2.322206095791
600075.SH,新疆天业,20200809,-2.322206095791
600075.SH,新疆天业,20200808,-2.322206095791
600075.SH,新疆天业,20200807,-2.322206095791
600075.SH,新疆天业,20200806,-2.322206095791
600075.SH,新疆天业,20200805,-2.322206095791
600075.SH,新疆天业,20200804,-2.322206095791
600075.SH,新疆天业,20200803,-2.322206095791
600075.SH,新疆天业,20200802,-2.322206095791
600075.SH,新疆天业,20200801,-2.322206095791
600075.SH,新疆天业,20200731,42.061855670103
600075.SH,新疆天业,20200730,42.061855670103
600075.SH,新疆天业,20200729,42.061855670103
600075.SH,新疆天业,20200728,42.061855670103
600075.SH,新疆天业,20200727,42.061855670103
600075.SH,新疆天业,20200726,42.061855670103
600075.SH,新疆天业,20200725,42.061855670103
600075.SH,新疆天业,20200724,42.061855670103
600075.SH,新疆天业,20200723,42.061855670103
600075.SH,新疆天业,20200722,42.061855670103
600075.SH,新疆天业,20200721,42.061855670103
600075.SH,新疆天业,20200720,42.061855670103
600075.SH,新疆天业,20200719,42.061855670103
600075.SH,新疆天业,20200718,42.061855670103
600075.SH,新疆天业,20200717,42.061855670103
600075.SH,新疆天业,20200716,42.061855670103
600075.SH,新疆天业,20200715,42.061855670103
600075.SH,新疆天业,20200714,42.061855670103
600075.SH,新疆天业,20200713,42.061855670103
600075.SH,新疆天业,20200712,42.061855670103
600075.SH,新疆天业,20200711,42.061855670103
600075.SH,新疆天业,20200710,42.061855670103
600075.SH,新疆天业,20200709,42.061855670103
600075.SH,新疆天业,20200708,42.061855670103
600075.SH,新疆天业,20200707,42.061855670103
600075.SH,新疆天业,20200706,42.061855670103
600075.SH,新疆天业,20200705,42.061855670103
600075.SH,新疆天业,20200704,42.061855670103
600075.SH,新疆天业,20200703,42.061855670103
600075.SH,新疆天业,20200702,42.061855670103
600075.SH,新疆天业,20200701,42.061855670103
600075.SH,新疆天业,20200630,5.4347826086957
600075.SH,新疆天业,20200629,5.4347826086957
600075.SH,新疆天业,20200628,5.4347826086957
600075.SH,新疆天业,20200627,5.4347826086957
600075.SH,新疆天业,20200626,5.4347826086957
600075.SH,新疆天业,20200625,5.4347826086957
600075.SH,新疆天业,20200624,5.4347826086957
600075.SH,新疆天业,20200623,5.4347826086957
600075.SH,新疆天业,20200622,5.4347826086957
600075.SH,新疆天业,20200621,5.4347826086957
600075.SH,新疆天业,20200620,5.4347826086957
600075.SH,新疆天业,20200619,5.4347826086957
600075.SH,新疆天业,20200618,5.4347826086957
600075.SH,新疆天业,20200617,5.4347826086957
600075.SH,新疆天业,20200616,5.4347826086957
600075.SH,新疆天业,20200615,5.4347826086957
600075.SH,新疆天业,20200614,5.4347826086957
600075.SH,新疆天业,20200613,5.4347826086957
600075.SH,新疆天业,20200612,5.4347826086957
600075.SH,新疆天业,20200611,5.4347826086957
600075.SH,新疆天业,20200610,5.4347826086957
600075.SH,新疆天业,20200609,5.4347826086957
600075.SH,新疆天业,20200608,5.4347826086957
600075.SH,新疆天业,20200607,5.4347826086957
600075.SH,新疆天业,20200606,5.4347826086957
600075.SH,新疆天业,20200605,5.4347826086957
600075.SH,新疆天业,20200604,5.4347826086957
600075.SH,新疆天业,20200603,5.4347826086957
600075.SH,新疆天业,20200602,5.4347826086957
600075.SH,新疆天业,20200601,5.4347826086957
600075.SH,新疆天业,20200531,1.7699115044248
600075.SH,新疆天业,20200530,1.7699115044248
600075.SH,新疆天业,20200529,1.7699115044248
600075.SH,新疆天业,20200528,1.7699115044248
600075.SH,新疆天业,20200527,1.7699115044248
600075.SH,新疆天业,20200526,1.7699115044248
600075.SH,新疆天业,20200525,1.7699115044248
600075.SH,新疆天业,20200524,1.7699115044248
600075.SH,新疆天业,20200523,1.7699115044248
600075.SH,新疆天业,20200522,1.7699115044248
600075.SH,新疆天业,20200521,1.7699115044248
600075.SH,新疆天业,20200520,1.7699115044248
600075.SH,新疆天业,20200519,1.7699115044248
600075.SH,新疆天业,20200518,1.7699115044248
600075.SH,新疆天业,20200517,1.7699115044248
600075.SH,新疆天业,20200516,1.7699115044248
600075.SH,新疆天业,20200515,1.7699115044248
600075.SH,新疆天业,20200514,1.7699115044248
600075.SH,新疆天业,20200513,1.7699115044248
600075.SH,新疆天业,20200512,1.7699115044248
600075.SH,新疆天业,20200511,1.7699115044248
600075.SH,新疆天业,20200510,1.7699115044248
600075.SH,新疆天业,20200509,1.7699115044248
600075.SH,新疆天业,20200508,1.7699115044248
600075.SH,新疆天业,20200507,1.7699115044248
600075.SH,新疆天业,20200506,1.7699115044248
600075.SH,新疆天业,20200505,1.7699115044248
600075.SH,新疆天业,20200504,1.7699115044248
600075.SH,新疆天业,20200503,1.7699115044248
600075.SH,新疆天业,20200502,1.7699115044248
600075.SH,新疆天业,20200501,1.7699115044248
600075.SH,新疆天业,20200430,-8.316430020284
600075.SH,新疆天业,20200429,-8.316430020284
600075.SH,新疆天业,20200428,-8.316430020284
600075.SH,新疆天业,20200427,-8.316430020284
600075.SH,新疆天业,20200426,-8.316430020284
600075.SH,新疆天业,20200425,-8.316430020284
600075.SH,新疆天业,20200424,-8.316430020284
600075.SH,新疆天业,20200423,-8.316430020284
600075.SH,新疆天业,20200422,-8.316430020284
600075.SH,新疆天业,20200421,-8.316430020284
600075.SH,新疆天业,20200420,-8.316430020284
600075.SH,新疆天业,20200419,-8.316430020284
600075.SH,新疆天业,20200418,-8.316430020284
600075.SH,新疆天业,20200417,-8.316430020284
600075.SH,新疆天业,20200416,-8.316430020284
600075.SH,新疆天业,20200415,-8.316430020284
600075.SH,新疆天业,20200414,-8.316430020284
600075.SH,新疆天业,20200413,-8.316430020284
600075.SH,新疆天业,20200412,-8.316430020284
600075.SH,新疆天业,20200411,-8.316430020284
600075.SH,新疆天业,20200410,-8.316430020284
600075.SH,新疆天业,20200409,-8.316430020284
600075.SH,新疆天业,20200408,-8.316430020284
600075.SH,新疆天业,20200407,-8.316430020284
600075.SH,新疆天业,20200406,-8.316430020284
600075.SH,新疆天业,20200405,-8.316430020284
600075.SH,新疆天业,20200404,-8.316430020284
600075.SH,新疆天业,20200403,-8.316430020284
600075.SH,新疆天业,20200402,-8.316430020284
600075.SH,新疆天业,20200401,-8.316430020284
600075.SH,新疆天业,20200331,0.81799591002045
600075.SH,新疆天业,20200330,0.81799591002045
600075.SH,新疆天业,20200329,0.81799591002045
600075.SH,新疆天业,20200328,0.81799591002045
600075.SH,新疆天业,20200327,0.81799591002045
600075.SH,新疆天业,20200326,0.81799591002045
600075.SH,新疆天业,20200325,0.81799591002045
600075.SH,新疆天业,20200324,0.81799591002045
600075.SH,新疆天业,20200323,0.81799591002045
600075.SH,新疆天业,20200322,0.81799591002045
600075.SH,新疆天业,20200321,0.81799591002045
600075.SH,新疆天业,20200320,0.81799591002045
600075.SH,新疆天业,20200319,0.81799591002045
600075.SH,新疆天业,20200318,0.81799591002045
600075.SH,新疆天业,20200317,0.81799591002045
600075.SH,新疆天业,20200316,0.81799591002045
600075.SH,新疆天业,20200315,0.81799591002045
600075.SH,新疆天业,20200314,0.81799591002045
600075.SH,新疆天业,20200313,0.81799591002045
600075.SH,新疆天业,20200312,0.81799591002045
600075.SH,新疆天业,20200311,0.81799591002045
600075.SH,新疆天业,20200310,0.81799591002045
600075.SH,新疆天业,20200309,0.81799591002045
600075.SH,新疆天业,20200308,0.81799591002045
600075.SH,新疆天业,20200307,0.81799591002045
600075.SH,新疆天业,20200306,0.81799591002045
600075.SH,新疆天业,20200305,0.81799591002045
600075.SH,新疆天业,20200304,0.81799591002045
600075.SH,新疆天业,20200303,0.81799591002045
600075.SH,新疆天业,20200302,0.81799591002045
600075.SH,新疆天业,20200301,0.81799591002045
600075.SH,新疆天业,20200229,0.20491803278688
600075.SH,新疆天业,20200228,0.20491803278688
600075.SH,新疆天业,20200227,0.20491803278688
600075.SH,新疆天业,20200226,0.20491803278688
600075.SH,新疆天业,20200225,0.20491803278688
600075.SH,新疆天业,20200224,0.20491803278688
600075.SH,新疆天业,20200223,0.20491803278688
600075.SH,新疆天业,20200222,0.20491803278688
600075.SH,新疆天业,20200221,0.20491803278688
600075.SH,新疆天业,20200220,0.20491803278688
600075.SH,新疆天业,20200219,0.20491803278688
600075.SH,新疆天业,20200218,0.20491803278688
600075.SH,新疆天业,20200217,0.20491803278688
600075.SH,新疆天业,20200216,0.20491803278688
600075.SH,新疆天业,20200215,0.20491803278688
600075.SH,新疆天业,20200214,0.20491803278688
600075.SH,新疆天业,20200213,0.20491803278688
600075.SH,新疆天业,20200212,0.20491803278688
600075.SH,新疆天业,20200211,0.20491803278688
600075.SH,新疆天业,20200210,0.20491803278688
600075.SH,新疆天业,20200209,0.20491803278688
600075.SH,新疆天业,20200208,0.20491803278688
600075.SH,新疆天业,20200207,0.20491803278688
600075.SH,新疆天业,20200206,0.20491803278688
600075.SH,新疆天业,20200205,0.20491803278688
600075.SH,新疆天业,20200204,0.20491803278688
600075.SH,新疆天业,20200203,0.20491803278688
600075.SH,新疆天业,20200202,0.20491803278688
600075.SH,新疆天业,20200201,0.20491803278688
600075.SH,新疆天业,20200131,-3.5573122529644
600075.SH,新疆天业,20200130,-3.5573122529644
600075.SH,新疆天业,20200129,-3.5573122529644
600075.SH,新疆天业,20200128,-3.5573122529644
600075.SH,新疆天业,20200127,-3.5573122529644
600075.SH,新疆天业,20200126,-3.5573122529644
600075.SH,新疆天业,20200125,-3.5573122529644
600075.SH,新疆天业,20200124,-3.5573122529644
600075.SH,新疆天业,20200123,-3.5573122529644
600075.SH,新疆天业,20200122,-3.5573122529644
600075.SH,新疆天业,20200121,-3.5573122529644
600075.SH,新疆天业,20200120,-3.5573122529644
600075.SH,新疆天业,20200119,-3.5573122529644
600075.SH,新疆天业,20200118,-3.5573122529644
600075.SH,新疆天业,20200117,-3.5573122529644
600075.SH,新疆天业,20200116,-3.5573122529644
600075.SH,新疆天业,20200115,-3.5573122529644
600075.SH,新疆天业,20200114,-3.5573122529644
600075.SH,新疆天业,20200113,-3.5573122529644
600075.SH,新疆天业,20200112,-3.5573122529644
600075.SH,新疆天业,20200111,-3.5573122529644
600075.SH,新疆天业,20200110,-3.5573122529644
600075.SH,新疆天业,20200109,-3.5573122529644
600075.SH,新疆天业,20200108,-3.5573122529644
600075.SH,新疆天业,20200107,-3.5573122529644
600075.SH,新疆天业,20200106,-3.5573122529644
600075.SH,新疆天业,20200105,-3.5573122529644
600075.SH,新疆天业,20200104,-3.5573122529644
600075.SH,新疆天业,20200103,-3.5573122529644
600075.SH,新疆天业,20200102,-3.5573122529644
600075.SH,新疆天业,20200101,-3.5573122529644
600075.SH,新疆天业,20191231,2.2222222222222
600075.SH,新疆天业,20191230,2.2222222222222
600075.SH,新疆天业,20191229,2.2222222222222
600075.SH,新疆天业,20191228,2.2222222222222
600075.SH,新疆天业,20191227,2.2222222222222
600075.SH,新疆天业,20191226,2.2222222222222
600075.SH,新疆天业,20191225,2.2222222222222
600075.SH,新疆天业,20191224,2.2222222222222
600075.SH,新疆天业,20191223,2.2222222222222
600075.SH,新疆天业,20191222,2.2222222222222
600075.SH,新疆天业,20191221,2.2222222222222
600075.SH,新疆天业,20191220,2.2222222222222
600075.SH,新疆天业,20191219,2.2222222222222
600075.SH,新疆天业,20191218,2.2222222222222
600075.SH,新疆天业,20191217,2.2222222222222
600075.SH,新疆天业,20191216,2.2222222222222
600075.SH,新疆天业,20191215,2.2222222222222
600075.SH,新疆天业,20191214,2.2222222222222
600075.SH,新疆天业,20191213,2.2222222222222
600075.SH,新疆天业,20191212,2.2222222222222
600075.SH,新疆天业,20191211,2.2222222222222
600075.SH,新疆天业,20191210,2.2222222222222
600075.SH,新疆天业,20191209,2.2222222222222
600075.SH,新疆天业,20191208,2.2222222222222
600075.SH,新疆天业,20191207,2.2222222222222
600075.SH,新疆天业,20191206,2.2222222222222
600075.SH,新疆天业,20191205,2.2222222222222
600075.SH,新疆天业,20191204,2.2222222222222
600075.SH,新疆天业,20191203,2.2222222222222
600075.SH,新疆天业,20191202,2.2222222222222
600075.SH,新疆天业,20191201,2.2222222222222
600075.SH,新疆天业,20191130,2.4844720496894
600075.SH,新疆天业,20191129,2.4844720496894
600075.SH,新疆天业,20191128,2.4844720496894
600075.SH,新疆天业,20191127,2.4844720496894
600075.SH,新疆天业,20191126,2.4844720496894
600075.SH,新疆天业,20191125,2.4844720496894
600075.SH,新疆天业,20191124,2.4844720496894
600075.SH,新疆天业,20191123,2.4844720496894
600075.SH,新疆天业,20191122,2.4844720496894
600075.SH,新疆天业,20191121,2.4844720496894
600075.SH,新疆天业,20191120,2.4844720496894
600075.SH,新疆天业,20191119,2.4844720496894
600075.SH,新疆天业,20191118,2.4844720496894
600075.SH,新疆天业,20191117,2.4844720496894
600075.SH,新疆天业,20191116,2.4844720496894
600075.SH,新疆天业,20191115,2.4844720496894
600075.SH,新疆天业,20191114,2.4844720496894
600075.SH,新疆天业,20191113,2.4844720496894
600075.SH,新疆天业,20191112,2.4844720496894
600075.SH,新疆天业,20191111,2.4844720496894
600075.SH,新疆天业,20191110,2.4844720496894
600075.SH,新疆天业,20191109,2.4844720496894
600075.SH,新疆天业,20191108,2.4844720496894
600075.SH,新疆天业,20191107,2.4844720496894
600075.SH,新疆天业,20191106,2.4844720496894
600075.SH,新疆天业,20191105,2.4844720496894
600075.SH,新疆天业,20191104,2.4844720496894
600075.SH,新疆天业,20191103,2.4844720496894
600075.SH,新疆天业,20191102,2.4844720496894
600075.SH,新疆天业,20191101,2.4844720496894
600075.SH,新疆天业,20191031,3.6480686695279
600075.SH,新疆天业,20191030,3.6480686695279
600075.SH,新疆天业,20191029,3.6480686695279
600075.SH,新疆天业,20191028,3.6480686695279
600075.SH,新疆天业,20191027,3.6480686695279
600075.SH,新疆天业,20191026,3.6480686695279
600075.SH,新疆天业,20191025,3.6480686695279
600075.SH,新疆天业,20191024,3.6480686695279
600075.SH,新疆天业,20191023,3.6480686695279
600075.SH,新疆天业,20191022,3.6480686695279
600075.SH,新疆天业,20191021,3.6480686695279
600075.SH,新疆天业,20191020,3.6480686695279
600075.SH,新疆天业,20191019,3.6480686695279
600075.SH,新疆天业,20191018,3.6480686695279
600075.SH,新疆天业,20191017,3.6480686695279
600075.SH,新疆天业,20191016,3.6480686695279
600075.SH,新疆天业,20191015,3.6480686695279
600075.SH,新疆天业,20191014,3.6480686695279
600075.SH,新疆天业,20191013,3.6480686695279
600075.SH,新疆天业,20191012,3.6480686695279
600075.SH,新疆天业,20191011,3.6480686695279
600075.SH,新疆天业,20191010,3.6480686695279
600075.SH,新疆天业,20191009,3.6480686695279
600075.SH,新疆天业,20191008,3.6480686695279
600075.SH,新疆天业,20191007,3.6480686695279
600075.SH,新疆天业,20191006,3.6480686695279
600075.SH,新疆天业,20191005,3.6480686695279
600075.SH,新疆天业,20191004,3.6480686695279
600075.SH,新疆天业,20191003,3.6480686695279
600075.SH,新疆天业,20191002,3.6480686695279
600075.SH,新疆天业,20191001,3.6480686695279
600075.SH,新疆天业,20190930,-1.271186440678
600075.SH,新疆天业,20190929,-1.271186440678
600075.SH,新疆天业,20190928,-1.271186440678
600075.SH,新疆天业,20190927,-1.271186440678
600075.SH,新疆天业,20190926,-1.271186440678
600075.SH,新疆天业,20190925,-1.271186440678
600075.SH,新疆天业,20190924,-1.271186440678
600075.SH,新疆天业,20190923,-1.271186440678
600075.SH,新疆天业,20190922,-1.271186440678
600075.SH,新疆天业,20190921,-1.271186440678
600075.SH,新疆天业,20190920,-1.271186440678
600075.SH,新疆天业,20190919,-1.271186440678
600075.SH,新疆天业,20190918,-1.271186440678
600075.SH,新疆天业,20190917,-1.271186440678
600075.SH,新疆天业,20190916,-1.271186440678
600075.SH,新疆天业,20190915,-1.271186440678
600075.SH,新疆天业,20190914,-1.271186440678
600075.SH,新疆天业,20190913,-1.271186440678
600075.SH,新疆天业,20190912,-1.271186440678
600075.SH,新疆天业,20190911,-1.271186440678
600075.SH,新疆天业,20190910,-1.271186440678
600075.SH,新疆天业,20190909,-1.271186440678
600075.SH,新疆天业,20190908,-1.271186440678
600075.SH,新疆天业,20190907,-1.271186440678
600075.SH,新疆天业,20190906,-1.271186440678
600075.SH,新疆天业,20190905,-1.271186440678
600075.SH,新疆天业,20190904,-1.271186440678
600075.SH,新疆天业,20190903,-1.271186440678
600075.SH,新疆天业,20190902,-1.271186440678
600075.SH,新疆天业,20190901,-1.271186440678
600075.SH,新疆天业,20190831,-5.2208835341366
600075.SH,新疆天业,20190830,-5.2208835341366
600075.SH,新疆天业,20190829,-5.2208835341366
600075.SH,新疆天业,20190828,-5.2208835341366
600075.SH,新疆天业,20190827,-5.2208835341366
600075.SH,新疆天业,20190826,-5.2208835341366
600075.SH,新疆天业,20190825,-5.2208835341366
600075.SH,新疆天业,20190824,-5.2208835341366
600075.SH,新疆天业,20190823,-5.2208835341366
600075.SH,新疆天业,20190822,-5.2208835341366
600075.SH,新疆天业,20190821,-5.2208835341366
600075.SH,新疆天业,20190820,-5.2208835341366
600075.SH,新疆天业,20190819,-5.2208835341366
600075.SH,新疆天业,20190818,-5.2208835341366
600075.SH,新疆天业,20190817,-5.2208835341366
600075.SH,新疆天业,20190816,-5.2208835341366
600075.SH,新疆天业,20190815,-5.2208835341366
600075.SH,新疆天业,20190814,-5.2208835341366
600075.SH,新疆天业,20190813,-5.2208835341366
600075.SH,新疆天业,20190812,-5.2208835341366
600075.SH,新疆天业,20190811,-5.2208835341366
600075.SH,新疆天业,20190810,-5.2208835341366
600075.SH,新疆天业,20190809,-5.2208835341366
600075.SH,新疆天业,20190808,-5.2208835341366
600075.SH,新疆天业,20190807,-5.2208835341366
600075.SH,新疆天业,20190806,-5.2208835341366
600075.SH,新疆天业,20190805,-5.2208835341366
600075.SH,新疆天业,20190804,-5.2208835341366
600075.SH,新疆天业,20190803,-5.2208835341366
600075.SH,新疆天业,20190802,-5.2208835341366
600075.SH,新疆天业,20190801,-5.2208835341366
600075.SH,新疆天业,20190731,-6.2146892655367
600075.SH,新疆天业,20190730,-6.2146892655367
600075.SH,新疆天业,20190729,-6.2146892655367
600075.SH,新疆天业,20190728,-6.2146892655367
600075.SH,新疆天业,20190727,-6.2146892655367
600075.SH,新疆天业,20190726,-6.2146892655367
600075.SH,新疆天业,20190725,-6.2146892655367
600075.SH,新疆天业,20190724,-6.2146892655367
600075.SH,新疆天业,20190723,-6.2146892655367
600075.SH,新疆天业,20190722,-6.2146892655367
600075.SH,新疆天业,20190721,-6.2146892655367
600075.SH,新疆天业,20190720,-6.2146892655367
600075.SH,新疆天业,20190719,-6.2146892655367
600075.SH,新疆天业,20190718,-6.2146892655367
600075.SH,新疆天业,20190717,-6.2146892655367
600075.SH,新疆天业,20190716,-6.2146892655367
600075.SH,新疆天业,20190715,-6.2146892655367
600075.SH,新疆天业,20190714,-6.2146892655367
600075.SH,新疆天业,20190713,-6.2146892655367
600075.SH,新疆天业,20190712,-6.2146892655367
600075.SH,新疆天业,20190711,-6.2146892655367
600075.SH,新疆天业,20190710,-6.2146892655367
600075.SH,新疆天业,20190709,-6.2146892655367
600075.SH,新疆天业,20190708,-6.2146892655367
600075.SH,新疆天业,20190707,-6.2146892655367
600075.SH,新疆天业,20190706,-6.2146892655367
600075.SH,新疆天业,20190705,-6.2146892655367
600075.SH,新疆天业,20190704,-6.2146892655367
600075.SH,新疆天业,20190703,-6.2146892655367
600075.SH,新疆天业,20190702,-6.2146892655367
600075.SH,新疆天业,20190701,-6.2146892655367
600075.SH,新疆天业,20190630,3.3073929961089
600075.SH,新疆天业,20190629,3.3073929961089
600075.SH,新疆天业,20190628,3.3073929961089
600075.SH,新疆天业,20190627,3.3073929961089
600075.SH,新疆天业,20190626,3.3073929961089
600075.SH,新疆天业,20190625,3.3073929961089
600075.SH,新疆天业,20190624,3.3073929961089
600075.SH,新疆天业,20190623,3.3073929961089
600075.SH,新疆天业,20190622,3.3073929961089
600075.SH,新疆天业,20190621,3.3073929961089
600075.SH,新疆天业,20190620,3.3073929961089
600075.SH,新疆天业,20190619,3.3073929961089
600075.SH,新疆天业,20190618,3.3073929961089
600075.SH,新疆天业,20190617,3.3073929961089
600075.SH,新疆天业,20190616,3.3073929961089
600075.SH,新疆天业,20190615,3.3073929961089
600075.SH,新疆天业,20190614,3.3073929961089
600075.SH,新疆天业,20190613,3.3073929961089
600075.SH,新疆天业,20190612,3.3073929961089
600075.SH,新疆天业,20190611,3.3073929961089
600075.SH,新疆天业,20190610,3.3073929961089
600075.SH,新疆天业,20190609,3.3073929961089
600075.SH,新疆天业,20190608,3.3073929961089
600075.SH,新疆天业,20190607,3.3073929961089
600075.SH,新疆天业,20190606,3.3073929961089
600075.SH,新疆天业,20190605,3.3073929961089
600075.SH,新疆天业,20190604,3.3073929961089
600075.SH,新疆天业,20190603,3.3073929961089
600075.SH,新疆天业,20190602,3.3073929961089
600075.SH,新疆天业,20190601,3.3073929961089
600075.SH,新疆天业,20190531,-11.635750421585
600075.SH,新疆天业,20190530,-11.635750421585
600075.SH,新疆天业,20190529,-11.635750421585
600075.SH,新疆天业,20190528,-11.635750421585
600075.SH,新疆天业,20190527,-11.635750421585
600075.SH,新疆天业,20190526,-11.635750421585
600075.SH,新疆天业,20190525,-11.635750421585
600075.SH,新疆天业,20190524,-11.635750421585
600075.SH,新疆天业,20190523,-11.635750421585
600075.SH,新疆天业,20190522,-11.635750421585
600075.SH,新疆天业,20190521,-11.635750421585
600075.SH,新疆天业,20190520,-11.635750421585
600075.SH,新疆天业,20190519,-11.635750421585
600075.SH,新疆天业,20190518,-11.635750421585
600075.SH,新疆天业,20190517,-11.635750421585
600075.SH,新疆天业,20190516,-11.635750421585
600075.SH,新疆天业,20190515,-11.635750421585
600075.SH,新疆天业,20190514,-11.635750421585
600075.SH,新疆天业,20190513,-11.635750421585
600075.SH,新疆天业,20190512,-11.635750421585
600075.SH,新疆天业,20190511,-11.635750421585
600075.SH,新疆天业,20190510,-11.635750421585
600075.SH,新疆天业,20190509,-11.635750421585
600075.SH,新疆天业,20190508,-11.635750421585
600075.SH,新疆天业,20190507,-11.635750421585
600075.SH,新疆天业,20190506,-11.635750421585
600075.SH,新疆天业,20190505,-11.635750421585
600075.SH,新疆天业,20190504,-11.635750421585
600075.SH,新疆天业,20190503,-11.635750421585
600075.SH,新疆天业,20190502,-11.635750421585
600075.SH,新疆天业,20190501,-11.635750421585
600075.SH,新疆天业,20190430,-2.6272577996716
600075.SH,新疆天业,20190429,-2.6272577996716
600075.SH,新疆天业,20190428,-2.6272577996716
600075.SH,新疆天业,20190427,-2.6272577996716
600075.SH,新疆天业,20190426,-2.6272577996716
600075.SH,新疆天业,20190425,-2.6272577996716
600075.SH,新疆天业,20190424,-2.6272577996716
600075.SH,新疆天业,20190423,-2.6272577996716
600075.SH,新疆天业,20190422,-2.6272577996716
600075.SH,新疆天业,20190421,-2.6272577996716
600075.SH,新疆天业,20190420,-2.6272577996716
600075.SH,新疆天业,20190419,-2.6272577996716
600075.SH,新疆天业,20190418,-2.6272577996716
600075.SH,新疆天业,20190417,-2.6272577996716
600075.SH,新疆天业,20190416,-2.6272577996716
600075.SH,新疆天业,20190415,-2.6272577996716
600075.SH,新疆天业,20190414,-2.6272577996716
600075.SH,新疆天业,20190413,-2.6272577996716
600075.SH,新疆天业,20190412,-2.6272577996716
600075.SH,新疆天业,20190411,-2.6272577996716
600075.SH,新疆天业,20190410,-2.6272577996716
600075.SH,新疆天业,20190409,-2.6272577996716
600075.SH,新疆天业,20190408,-2.6272577996716
600075.SH,新疆天业,20190407,-2.6272577996716
600075.SH,新疆天业,20190406,-2.6272577996716
600075.SH,新疆天业,20190405,-2.6272577996716
600075.SH,新疆天业,20190404,-2.6272577996716
600075.SH,新疆天业,20190403,-2.6272577996716
600075.SH,新疆天业,20190402,-2.6272577996716
600075.SH,新疆天业,20190401,-2.6272577996716
600075.SH,新疆天业,20190331,16.221374045802
600075.SH,新疆天业,20190330,16.221374045802
600075.SH,新疆天业,20190329,16.221374045802
600075.SH,新疆天业,20190328,16.221374045802
600075.SH,新疆天业,20190327,16.221374045802
600075.SH,新疆天业,20190326,16.221374045802
600075.SH,新疆天业,20190325,16.221374045802
600075.SH,新疆天业,20190324,16.221374045802
600075.SH,新疆天业,20190323,16.221374045802
600075.SH,新疆天业,20190322,16.221374045802
600075.SH,新疆天业,20190321,16.221374045802
600075.SH,新疆天业,20190320,16.221374045802
600075.SH,新疆天业,20190319,16.221374045802
600075.SH,新疆天业,20190318,16.221374045802
600075.SH,新疆天业,20190317,16.221374045802
600075.SH,新疆天业,20190316,16.221374045802
600075.SH,新疆天业,20190315,16.221374045802
600075.SH,新疆天业,20190314,16.221374045802
600075.SH,新疆天业,20190313,16.221374045802
600075.SH,新疆天业,20190312,16.221374045802
600075.SH,新疆天业,20190311,16.221374045802
600075.SH,新疆天业,20190310,16.221374045802
600075.SH,新疆天业,20190309,16.221374045802
600075.SH,新疆天业,20190308,16.221374045802
600075.SH,新疆天业,20190307,16.221374045802
600075.SH,新疆天业,20190306,16.221374045802
600075.SH,新疆天业,20190305,16.221374045802
600075.SH,新疆天业,20190304,16.221374045802
600075.SH,新疆天业,20190303,16.221374045802
600075.SH,新疆天业,20190302,16.221374045802
600075.SH,新疆天业,20190301,16.221374045802
600075.SH,新疆天业,20190228,16.186252771619
600075.SH,新疆天业,20190227,16.186252771619
600075.SH,新疆天业,20190226,16.186252771619
600075.SH,新疆天业,20190225,16.186252771619
600075.SH,新疆天业,20190224,16.186252771619
600075.SH,新疆天业,20190223,16.186252771619
600075.SH,新疆天业,20190222,16.186252771619
600075.SH,新疆天业,20190221,16.186252771619
600075.SH,新疆天业,20190220,16.186252771619
600075.SH,新疆天业,20190219,16.186252771619
600075.SH,新疆天业,20190218,16.186252771619
600075.SH,新疆天业,20190217,16.186252771619
600075.SH,新疆天业,20190216,16.186252771619
600075.SH,新疆天业,20190215,16.186252771619
600075.SH,新疆天业,20190214,16.186252771619
600075.SH,新疆天业,20190213,16.186252771619
600075.SH,新疆天业,20190212,16.186252771619
600075.SH,新疆天业,20190211,16.186252771619
600075.SH,新疆天业,20190210,16.186252771619
600075.SH,新疆天业,20190209,16.186252771619
600075.SH,新疆天业,20190208,16.186252771619
600075.SH,新疆天业,20190207,16.186252771619
600075.SH,新疆天业,20190206,16.186252771619
600075.SH,新疆天业,20190205,16.186252771619
600075.SH,新疆天业,20190204,16.186252771619
600075.SH,新疆天业,20190203,16.186252771619
600075.SH,新疆天业,20190202,16.186252771619
600075.SH,新疆天业,20190201,16.186252771619
600075.SH,新疆天业,20190131,-0.22123893805309
600075.SH,新疆天业,20190130,-0.22123893805309
600075.SH,新疆天业,20190129,-0.22123893805309
600075.SH,新疆天业,20190128,-0.22123893805309
600075.SH,新疆天业,20190127,-0.22123893805309
600075.SH,新疆天业,20190126,-0.22123893805309
600075.SH,新疆天业,20190125,-0.22123893805309
600075.SH,新疆天业,20190124,-0.22123893805309
600075.SH,新疆天业,20190123,-0.22123893805309
600075.SH,新疆天业,20190122,-0.22123893805309
600075.SH,新疆天业,20190121,-0.22123893805309
600075.SH,新疆天业,20190120,-0.22123893805309
600075.SH,新疆天业,20190119,-0.22123893805309
600075.SH,新疆天业,20190118,-0.22123893805309
600075.SH,新疆天业,20190117,-0.22123893805309
600075.SH,新疆天业,20190116,-0.22123893805309
600075.SH,新疆天业,20190115,-0.22123893805309
600075.SH,新疆天业,20190114,-0.22123893805309
600075.SH,新疆天业,20190113,-0.22123893805309
600075.SH,新疆天业,20190112,-0.22123893805309
600075.SH,新疆天业,20190111,-0.22123893805309
600075.SH,新疆天业,20190110,-0.22123893805309
600075.SH,新疆天业,20190109,-0.22123893805309
600075.SH,新疆天业,20190108,-0.22123893805309
600075.SH,新疆天业,20190107,-0.22123893805309
600075.SH,新疆天业,20190106,-0.22123893805309
600075.SH,新疆天业,20190105,-0.22123893805309
600075.SH,新疆天业,20190104,-0.22123893805309
600075.SH,新疆天业,20190103,-0.22123893805309
600075.SH,新疆天业,20190102,-0.22123893805309
600075.SH,新疆天业,20190101,-0.22123893805309
600075.SH,新疆天业,20181231,-5.0420168067227
600075.SH,新疆天业,20181230,-5.0420168067227
600075.SH,新疆天业,20181229,-5.0420168067227
600075.SH,新疆天业,20181228,-5.0420168067227
600075.SH,新疆天业,20181227,-5.0420168067227
600075.SH,新疆天业,20181226,-5.0420168067227
600075.SH,新疆天业,20181225,-5.0420168067227
600075.SH,新疆天业,20181224,-5.0420168067227
600075.SH,新疆天业,20181223,-5.0420168067227
600075.SH,新疆天业,20181222,-5.0420168067227
600075.SH,新疆天业,20181221,-5.0420168067227
600075.SH,新疆天业,20181220,-5.0420168067227
600075.SH,新疆天业,20181219,-5.0420168067227
600075.SH,新疆天业,20181218,-5.0420168067227
600075.SH,新疆天业,20181217,-5.0420168067227
600075.SH,新疆天业,20181216,-5.0420168067227
600075.SH,新疆天业,20181215,-5.0420168067227
600075.SH,新疆天业,20181214,-5.0420168067227
600075.SH,新疆天业,20181213,-5.0420168067227
600075.SH,新疆天业,20181212,-5.0420168067227
600075.SH,新疆天业,20181211,-5.0420168067227
600075.SH,新疆天业,20181210,-5.0420168067227
600075.SH,新疆天业,20181209,-5.0420168067227
600075.SH,新疆天业,20181208,-5.0420168067227
600075.SH,新疆天业,20181207,-5.0420168067227
600075.SH,新疆天业,20181206,-5.0420168067227
600075.SH,新疆天业,20181205,-5.0420168067227
600075.SH,新疆天业,20181204,-5.0420168067227
600075.SH,新疆天业,20181203,-5.0420168067227
600075.SH,新疆天业,20181202,-5.0420168067227
600075.SH,新疆天业,20181201,-5.0420168067227
600075.SH,新疆天业,20181130,2.1459227467811
600075.SH,新疆天业,20181129,2.1459227467811
600075.SH,新疆天业,20181128,2.1459227467811
600075.SH,新疆天业,20181127,2.1459227467811
600075.SH,新疆天业,20181126,2.1459227467811
600075.SH,新疆天业,20181125,2.1459227467811
600075.SH,新疆天业,20181124,2.1459227467811
600075.SH,新疆天业,20181123,2.1459227467811
600075.SH,新疆天业,20181122,2.1459227467811
600075.SH,新疆天业,20181121,2.1459227467811
600075.SH,新疆天业,20181120,2.1459227467811
600075.SH,新疆天业,20181119,2.1459227467811
600075.SH,新疆天业,20181118,2.1459227467811
600075.SH,新疆天业,20181117,2.1459227467811
600075.SH,新疆天业,20181116,2.1459227467811
600075.SH,新疆天业,20181115,2.1459227467811
600075.SH,新疆天业,20181114,2.1459227467811
600075.SH,新疆天业,20181113,2.1459227467811
600075.SH,新疆天业,20181112,2.1459227467811
600075.SH,新疆天业,20181111,2.1459227467811
600075.SH,新疆天业,20181110,2.1459227467811
600075.SH,新疆天业,20181109,2.1459227467811
600075.SH,新疆天业,20181108,2.1459227467811
600075.SH,新疆天业,20181107,2.1459227467811
600075.SH,新疆天业,20181106,2.1459227467811
600075.SH,新疆天业,20181105,2.1459227467811
600075.SH,新疆天业,20181104,2.1459227467811
600075.SH,新疆天业,20181103,2.1459227467811
600075.SH,新疆天业,20181102,2.1459227467811
600075.SH,新疆天业,20181101,2.1459227467811
600075.SH,新疆天业,20181031,-15.11839708561
600075.SH,新疆天业,20181030,-15.11839708561
600075.SH,新疆天业,20181029,-15.11839708561
600075.SH,新疆天业,20181028,-15.11839708561
600075.SH,新疆天业,20181027,-15.11839708561
600075.SH,新疆天业,20181026,-15.11839708561
600075.SH,新疆天业,20181025,-15.11839708561
600075.SH,新疆天业,20181024,-15.11839708561
600075.SH,新疆天业,20181023,-15.11839708561
600075.SH,新疆天业,20181022,-15.11839708561
600075.SH,新疆天业,20181021,-15.11839708561
600075.SH,新疆天业,20181020,-15.11839708561
600075.SH,新疆天业,20181019,-15.11839708561
600075.SH,新疆天业,20181018,-15.11839708561
600075.SH,新疆天业,20181017,-15.11839708561
600075.SH,新疆天业,20181016,-15.11839708561
600075.SH,新疆天业,20181015,-15.11839708561
600075.SH,新疆天业,20181014,-15.11839708561
600075.SH,新疆天业,20181013,-15.11839708561
600075.SH,新疆天业,20181012,-15.11839708561
600075.SH,新疆天业,20181011,-15.11839708561
600075.SH,新疆天业,20181010,-15.11839708561
600075.SH,新疆天业,20181009,-15.11839708561
600075.SH,新疆天业,20181008,-15.11839708561
600075.SH,新疆天业,20181007,-15.11839708561
600075.SH,新疆天业,20181006,-15.11839708561
600075.SH,新疆天业,20181005,-15.11839708561
600075.SH,新疆天业,20181004,-15.11839708561
600075.SH,新疆天业,20181003,-15.11839708561
600075.SH,新疆天业,20181002,-15.11839708561
600075.SH,新疆天业,20181001,-15.11839708561
600075.SH,新疆天业,20180930,-5.5077452667814
600075.SH,新疆天业,20180929,-5.5077452667814
600075.SH,新疆天业,20180928,-5.5077452667814
600075.SH,新疆天业,20180927,-5.5077452667814
600075.SH,新疆天业,20180926,-5.5077452667814
600075.SH,新疆天业,20180925,-5.5077452667814
600075.SH,新疆天业,20180924,-5.5077452667814
600075.SH,新疆天业,20180923,-5.5077452667814
600075.SH,新疆天业,20180922,-5.5077452667814
600075.SH,新疆天业,20180921,-5.5077452667814
600075.SH,新疆天业,20180920,-5.5077452667814
600075.SH,新疆天业,20180919,-5.5077452667814
600075.SH,新疆天业,20180918,-5.5077452667814
600075.SH,新疆天业,20180917,-5.5077452667814
600075.SH,新疆天业,20180916,-5.5077452667814
600075.SH,新疆天业,20180915,-5.5077452667814
600075.SH,新疆天业,20180914,-5.5077452667814
600075.SH,新疆天业,20180913,-5.5077452667814
600075.SH,新疆天业,20180912,-5.5077452667814
600075.SH,新疆天业,20180911,-5.5077452667814
600075.SH,新疆天业,20180910,-5.5077452667814
600075.SH,新疆天业,20180909,-5.5077452667814
600075.SH,新疆天业,20180908,-5.5077452667814
600075.SH,新疆天业,20180907,-5.5077452667814
600075.SH,新疆天业,20180906,-5.5077452667814
600075.SH,新疆天业,20180905,-5.5077452667814
600075.SH,新疆天业,20180904,-5.5077452667814
600075.SH,新疆天业,20180903,-5.5077452667814
600075.SH,新疆天业,20180902,-5.5077452667814
600075.SH,新疆天业,20180901,-5.5077452667814
600075.SH,新疆天业,20180831,-12.5
600075.SH,新疆天业,20180830,-12.5
600075.SH,新疆天业,20180829,-12.5
600075.SH,新疆天业,20180828,-12.5
600075.SH,新疆天业,20180827,-12.5
600075.SH,新疆天业,20180826,-12.5
600075.SH,新疆天业,20180825,-12.5
600075.SH,新疆天业,20180824,-12.5
600075.SH,新疆天业,20180823,-12.5
600075.SH,新疆天业,20180822,-12.5
600075.SH,新疆天业,20180821,-12.5
600075.SH,新疆天业,20180820,-12.5
600075.SH,新疆天业,20180819,-12.5
600075.SH,新疆天业,20180818,-12.5
600075.SH,新疆天业,20180817,-12.5
600075.SH,新疆天业,20180816,-12.5
600075.SH,新疆天业,20180815,-12.5
600075.SH,新疆天业,20180814,-12.5
600075.SH,新疆天业,20180813,-12.5
600075.SH,新疆天业,20180812,-12.5
600075.SH,新疆天业,20180811,-12.5
600075.SH,新疆天业,20180810,-12.5
600075.SH,新疆天业,20180809,-12.5
600075.SH,新疆天业,20180808,-12.5
600075.SH,新疆天业,20180807,-12.5
600075.SH,新疆天业,20180806,-12.5
600075.SH,新疆天业,20180805,-12.5
600075.SH,新疆天业,20180804,-12.5
600075.SH,新疆天业,20180803,-12.5
600075.SH,新疆天业,20180802,-12.5
600075.SH,新疆天业,20180801,-12.5
600075.SH,新疆天业,20180731,2.1538461538461
600075.SH,新疆天业,20180730,2.1538461538461
600075.SH,新疆天业,20180729,2.1538461538461
600075.SH,新疆天业,20180728,2.1538461538461
600075.SH,新疆天业,20180727,2.1538461538461
600075.SH,新疆天业,20180726,2.1538461538461
600075.SH,新疆天业,20180725,2.1538461538461
600075.SH,新疆天业,20180724,2.1538461538461
600075.SH,新疆天业,20180723,2.1538461538461
600075.SH,新疆天业,20180722,2.1538461538461
600075.SH,新疆天业,20180721,2.1538461538461
600075.SH,新疆天业,20180720,2.1538461538461
600075.SH,新疆天业,20180719,2.1538461538461
600075.SH,新疆天业,20180718,2.1538461538461
600075.SH,新疆天业,20180717,2.1538461538461
600075.SH,新疆天业,20180716,2.1538461538461
600075.SH,新疆天业,20180715,2.1538461538461
600075.SH,新疆天业,20180714,2.1538461538461
600075.SH,新疆天业,20180713,2.1538461538461
600075.SH,新疆天业,20180712,2.1538461538461
600075.SH,新疆天业,20180711,2.1538461538461
600075.SH,新疆天业,20180710,2.1538461538461
600075.SH,新疆天业,20180709,2.1538461538461
600075.SH,新疆天业,20180708,2.1538461538461
600075.SH,新疆天业,20180707,2.1538461538461
600075.SH,新疆天业,20180706,2.1538461538461
600075.SH,新疆天业,20180705,2.1538461538461
600075.SH,新疆天业,20180704,2.1538461538461
600075.SH,新疆天业,20180703,2.1538461538461
600075.SH,新疆天业,20180702,2.1538461538461
600075.SH,新疆天业,20180701,2.1538461538461
600075.SH,新疆天业,20180630,-7.9320113314448
600075.SH,新疆天业,20180629,-7.9320113314448
600075.SH,新疆天业,20180628,-7.9320113314448
600075.SH,新疆天业,20180627,-7.9320113314448
600075.SH,新疆天业,20180626,-7.9320113314448
600075.SH,新疆天业,20180625,-7.9320113314448
600075.SH,新疆天业,20180624,-7.9320113314448
600075.SH,新疆天业,20180623,-7.9320113314448
600075.SH,新疆天业,20180622,-7.9320113314448
600075.SH,新疆天业,20180621,-7.9320113314448
600075.SH,新疆天业,20180620,-7.9320113314448
600075.SH,新疆天业,20180619,-7.9320113314448
600075.SH,新疆天业,20180618,-7.9320113314448
600075.SH,新疆天业,20180617,-7.9320113314448
600075.SH,新疆天业,20180616,-7.9320113314448
600075.SH,新疆天业,20180615,-7.9320113314448
600075.SH,新疆天业,20180614,-7.9320113314448
600075.SH,新疆天业,20180613,-7.9320113314448
600075.SH,新疆天业,20180612,-7.9320113314448
600075.SH,新疆天业,20180611,-7.9320113314448
600075.SH,新疆天业,20180610,-7.9320113314448
600075.SH,新疆天业,20180609,-7.9320113314448
600075.SH,新疆天业,20180608,-7.9320113314448
600075.SH,新疆天业,20180607,-7.9320113314448
600075.SH,新疆天业,20180606,-7.9320113314448
600075.SH,新疆天业,20180605,-7.9320113314448
600075.SH,新疆天业,20180604,-7.9320113314448
600075.SH,新疆天业,20180603,-7.9320113314448
600075.SH,新疆天业,20180602,-7.9320113314448
600075.SH,新疆天业,20180601,-7.9320113314448
600075.SH,新疆天业,20180531,10.658307210031
600075.SH,新疆天业,20180530,10.658307210031
600075.SH,新疆天业,20180529,10.658307210031
600075.SH,新疆天业,20180528,10.658307210031
600075.SH,新疆天业,20180527,10.658307210031
600075.SH,新疆天业,20180526,10.658307210031
600075.SH,新疆天业,20180525,10.658307210031
600075.SH,新疆天业,20180524,10.658307210031
600075.SH,新疆天业,20180523,10.658307210031
600075.SH,新疆天业,20180522,10.658307210031
600075.SH,新疆天业,20180521,10.658307210031
600075.SH,新疆天业,20180520,10.658307210031
600075.SH,新疆天业,20180519,10.658307210031
600075.SH,新疆天业,20180518,10.658307210031
600075.SH,新疆天业,20180517,10.658307210031
600075.SH,新疆天业,20180516,10.658307210031
600075.SH,新疆天业,20180515,10.658307210031
600075.SH,新疆天业,20180514,10.658307210031
600075.SH,新疆天业,20180513,10.658307210031
600075.SH,新疆天业,20180512,10.658307210031
600075.SH,新疆天业,20180511,10.658307210031
600075.SH,新疆天业,20180510,10.658307210031
600075.SH,新疆天业,20180509,10.658307210031
600075.SH,新疆天业,20180508,10.658307210031
600075.SH,新疆天业,20180507,10.658307210031
600075.SH,新疆天业,20180506,10.658307210031
600075.SH,新疆天业,20180505,10.658307210031
600075.SH,新疆天业,20180504,10.658307210031
600075.SH,新疆天业,20180503,10.658307210031
600075.SH,新疆天业,20180502,10.658307210031
600075.SH,新疆天业,20180501,10.658307210031
600075.SH,新疆天业,20180430,-8.2014388489209
600075.SH,新疆天业,20180429,-8.2014388489209
600075.SH,新疆天业,20180428,-8.2014388489209
600075.SH,新疆天业,20180427,-8.2014388489209
600075.SH,新疆天业,20180426,-8.2014388489209
600075.SH,新疆天业,20180425,-8.2014388489209
600075.SH,新疆天业,20180424,-8.2014388489209
600075.SH,新疆天业,20180423,-8.2014388489209
600075.SH,新疆天业,20180422,-8.2014388489209
600075.SH,新疆天业,20180421,-8.2014388489209
600075.SH,新疆天业,20180420,-8.2014388489209
600075.SH,新疆天业,20180419,-8.2014388489209
600075.SH,新疆天业,20180418,-8.2014388489209
600075.SH,新疆天业,20180417,-8.2014388489209
600075.SH,新疆天业,20180416,-8.2014388489209
600075.SH,新疆天业,20180415,-8.2014388489209
600075.SH,新疆天业,20180414,-8.2014388489209
600075.SH,新疆天业,20180413,-8.2014388489209
600075.SH,新疆天业,20180412,-8.2014388489209
600075.SH,新疆天业,20180411,-8.2014388489209
600075.SH,新疆天业,20180410,-8.2014388489209
600075.SH,新疆天业,20180409,-8.2014388489209
600075.SH,新疆天业,20180408,-8.2014388489209
600075.SH,新疆天业,20180407,-8.2014388489209
600075.SH,新疆天业,20180406,-8.2014388489209
600075.SH,新疆天业,20180405,-8.2014388489209
600075.SH,新疆天业,20180404,-8.2014388489209
600075.SH,新疆天业,20180403,-8.2014388489209
600075.SH,新疆天业,20180402,-8.2014388489209
600075.SH,新疆天业,20180401,-8.2014388489209
600075.SH,新疆天业,20180331,-8.1902245706737
600075.SH,新疆天业,20180330,-8.1902245706737
600075.SH,新疆天业,20180329,-8.1902245706737
600075.SH,新疆天业,20180328,-8.1902245706737
600075.SH,新疆天业,20180327,-8.1902245706737
600075.SH,新疆天业,20180326,-8.1902245706737
600075.SH,新疆天业,20180325,-8.1902245706737
600075.SH,新疆天业,20180324,-8.1902245706737
600075.SH,新疆天业,20180323,-8.1902245706737
600075.SH,新疆天业,20180322,-8.1902245706737
600075.SH,新疆天业,20180321,-8.1902245706737
600075.SH,新疆天业,20180320,-8.1902245706737
600075.SH,新疆天业,20180319,-8.1902245706737
600075.SH,新疆天业,20180318,-8.1902245706737
600075.SH,新疆天业,20180317,-8.1902245706737
600075.SH,新疆天业,20180316,-8.1902245706737
600075.SH,新疆天业,20180315,-8.1902245706737
600075.SH,新疆天业,20180314,-8.1902245706737
600075.SH,新疆天业,20180313,-8.1902245706737
600075.SH,新疆天业,20180312,-8.1902245706737
600075.SH,新疆天业,20180311,-8.1902245706737
600075.SH,新疆天业,20180310,-8.1902245706737
600075.SH,新疆天业,20180309,-8.1902245706737
600075.SH,新疆天业,20180308,-8.1902245706737
600075.SH,新疆天业,20180307,-8.1902245706737
600075.SH,新疆天业,20180306,-8.1902245706737
600075.SH,新疆天业,20180305,-8.1902245706737
600075.SH,新疆天业,20180304,-8.1902245706737
600075.SH,新疆天业,20180303,-8.1902245706737
600075.SH,新疆天业,20180302,-8.1902245706737
600075.SH,新疆天业,20180301,-8.1902245706737
600075.SH,新疆天业,20180228,-6.8880688806888
600075.SH,新疆天业,20180227,-6.8880688806888
600075.SH,新疆天业,20180226,-6.8880688806888
600075.SH,新疆天业,20180225,-6.8880688806888
600075.SH,新疆天业,20180224,-6.8880688806888
600075.SH,新疆天业,20180223,-6.8880688806888
600075.SH,新疆天业,20180222,-6.8880688806888
600075.SH,新疆天业,20180221,-6.8880688806888
600075.SH,新疆天业,20180220,-6.8880688806888
600075.SH,新疆天业,20180219,-6.8880688806888
600075.SH,新疆天业,20180218,-6.8880688806888
600075.SH,新疆天业,20180217,-6.8880688806888
600075.SH,新疆天业,20180216,-6.8880688806888
600075.SH,新疆天业,20180215,-6.8880688806888
600075.SH,新疆天业,20180214,-6.8880688806888
600075.SH,新疆天业,20180213,-6.8880688806888
600075.SH,新疆天业,20180212,-6.8880688806888
600075.SH,新疆天业,20180211,-6.8880688806888
600075.SH,新疆天业,20180210,-6.8880688806888
600075.SH,新疆天业,20180209,-6.8880688806888
600075.SH,新疆天业,20180208,-6.8880688806888
600075.SH,新疆天业,20180207,-6.8880688806888
600075.SH,新疆天业,20180206,-6.8880688806888
600075.SH,新疆天业,20180205,-6.8880688806888
600075.SH,新疆天业,20180204,-6.8880688806888
600075.SH,新疆天业,20180203,-6.8880688806888
600075.SH,新疆天业,20180202,-6.8880688806888
600075.SH,新疆天业,20180201,-6.8880688806888
600075.SH,新疆天业,20180131,4.6332046332046
600075.SH,新疆天业,20180130,4.6332046332046
600075.SH,新疆天业,20180129,4.6332046332046
600075.SH,新疆天业,20180128,4.6332046332046
600075.SH,新疆天业,20180127,4.6332046332046
600075.SH,新疆天业,20180126,4.6332046332046
600075.SH,新疆天业,20180125,4.6332046332046
600075.SH,新疆天业,20180124,4.6332046332046
600075.SH,新疆天业,20180123,4.6332046332046
600075.SH,新疆天业,20180122,4.6332046332046
600075.SH,新疆天业,20180121,4.6332046332046
600075.SH,新疆天业,20180120,4.6332046332046
600075.SH,新疆天业,20180119,4.6332046332046
600075.SH,新疆天业,20180118,4.6332046332046
600075.SH,新疆天业,20180117,4.6332046332046
600075.SH,新疆天业,20180116,4.6332046332046
600075.SH,新疆天业,20180115,4.6332046332046
600075.SH,新疆天业,20180114,4.6332046332046
600075.SH,新疆天业,20180113,4.6332046332046
600075.SH,新疆天业,20180112,4.6332046332046
600075.SH,新疆天业,20180111,4.6332046332046
600075.SH,新疆天业,20180110,4.6332046332046
600075.SH,新疆天业,20180109,4.6332046332046
600075.SH,新疆天业,20180108,4.6332046332046
600075.SH,新疆天业,20180107,4.6332046332046
600075.SH,新疆天业,20180106,4.6332046332046
600075.SH,新疆天业,20180105,4.6332046332046
600075.SH,新疆天业,20180104,4.6332046332046
600075.SH,新疆天业,20180103,4.6332046332046
600075.SH,新疆天业,20180102,4.6332046332046
600075.SH,新疆天业,20180101,4.6332046332046
600075.SH,新疆天业,20171231,-1.8939393939394
600075.SH,新疆天业,20171230,-1.8939393939394
600075.SH,新疆天业,20171229,-1.8939393939394
600075.SH,新疆天业,20171228,-1.8939393939394
600075.SH,新疆天业,20171227,-1.8939393939394
600075.SH,新疆天业,20171226,-1.8939393939394
600075.SH,新疆天业,20171225,-1.8939393939394
600075.SH,新疆天业,20171224,-1.8939393939394
600075.SH,新疆天业,20171223,-1.8939393939394
600075.SH,新疆天业,20171222,-1.8939393939394
600075.SH,新疆天业,20171221,-1.8939393939394
600075.SH,新疆天业,20171220,-1.8939393939394
600075.SH,新疆天业,20171219,-1.8939393939394
600075.SH,新疆天业,20171218,-1.8939393939394
600075.SH,新疆天业,20171217,-1.8939393939394
600075.SH,新疆天业,20171216,-1.8939393939394
600075.SH,新疆天业,20171215,-1.8939393939394
600075.SH,新疆天业,20171214,-1.8939393939394
600075.SH,新疆天业,20171213,-1.8939393939394
600075.SH,新疆天业,20171212,-1.8939393939394
600075.SH,新疆天业,20171211,-1.8939393939394
600075.SH,新疆天业,20171210,-1.8939393939394
600075.SH,新疆天业,20171209,-1.8939393939394
600075.SH,新疆天业,20171208,-1.8939393939394
600075.SH,新疆天业,20171207,-1.8939393939394
600075.SH,新疆天业,20171206,-1.8939393939394
600075.SH,新疆天业,20171205,-1.8939393939394
600075.SH,新疆天业,20171204,-1.8939393939394
600075.SH,新疆天业,20171203,-1.8939393939394
600075.SH,新疆天业,20171202,-1.8939393939394
600075.SH,新疆天业,20171201,-1.8939393939394
600075.SH,新疆天业,20171130,-11.310190369541
600075.SH,新疆天业,20171129,-11.310190369541
600075.SH,新疆天业,20171128,-11.310190369541
600075.SH,新疆天业,20171127,-11.310190369541
600075.SH,新疆天业,20171126,-11.310190369541
600075.SH,新疆天业,20171125,-11.310190369541
600075.SH,新疆天业,20171124,-11.310190369541
600075.SH,新疆天业,20171123,-11.310190369541
600075.SH,新疆天业,20171122,-11.310190369541
600075.SH,新疆天业,20171121,-11.310190369541
600075.SH,新疆天业,20171120,-11.310190369541
600075.SH,新疆天业,20171119,-11.310190369541
600075.SH,新疆天业,20171118,-11.310190369541
600075.SH,新疆天业,20171117,-11.310190369541
600075.SH,新疆天业,20171116,-11.310190369541
600075.SH,新疆天业,20171115,-11.310190369541
600075.SH,新疆天业,20171114,-11.310190369541
600075.SH,新疆天业,20171113,-11.310190369541
600075.SH,新疆天业,20171112,-11.310190369541
600075.SH,新疆天业,20171111,-11.310190369541
600075.SH,新疆天业,20171110,-11.310190369541
600075.SH,新疆天业,20171109,-11.310190369541
600075.SH,新疆天业,20171108,-11.310190369541
600075.SH,新疆天业,20171107,-11.310190369541
600075.SH,新疆天业,20171106,-11.310190369541
600075.SH,新疆天业,20171105,-11.310190369541
600075.SH,新疆天业,20171104,-11.310190369541
600075.SH,新疆天业,20171103,-11.310190369541
600075.SH,新疆天业,20171102,-11.310190369541
600075.SH,新疆天业,20171101,-11.310190369541
600075.SH,新疆天业,20171031,-4.1845493562232
600075.SH,新疆天业,20171030,-4.1845493562232
600075.SH,新疆天业,20171029,-4.1845493562232
600075.SH,新疆天业,20171028,-4.1845493562232
600075.SH,新疆天业,20171027,-4.1845493562232
600075.SH,新疆天业,20171026,-4.1845493562232
600075.SH,新疆天业,20171025,-4.1845493562232
600075.SH,新疆天业,20171024,-4.1845493562232
600075.SH,新疆天业,20171023,-4.1845493562232
600075.SH,新疆天业,20171022,-4.1845493562232
600075.SH,新疆天业,20171021,-4.1845493562232
600075.SH,新疆天业,20171020,-4.1845493562232
600075.SH,新疆天业,20171019,-4.1845493562232
600075.SH,新疆天业,20171018,-4.1845493562232
600075.SH,新疆天业,20171017,-4.1845493562232
600075.SH,新疆天业,20171016,-4.1845493562232
600075.SH,新疆天业,20171015,-4.1845493562232
600075.SH,新疆天业,20171014,-4.1845493562232
600075.SH,新疆天业,20171013,-4.1845493562232
600075.SH,新疆天业,20171012,-4.1845493562232
600075.SH,新疆天业,20171011,-4.1845493562232
600075.SH,新疆天业,20171010,-4.1845493562232
600075.SH,新疆天业,20171009,-4.1845493562232
600075.SH,新疆天业,20171008,-4.1845493562232
600075.SH,新疆天业,20171007,-4.1845493562232
600075.SH,新疆天业,20171006,-4.1845493562232
600075.SH,新疆天业,20171005,-4.1845493562232
600075.SH,新疆天业,20171004,-4.1845493562232
600075.SH,新疆天业,20171003,-4.1845493562232
600075.SH,新疆天业,20171002,-4.1845493562232
600075.SH,新疆天业,20171001,-4.1845493562232
600075.SH,新疆天业,20170930,-3.8183694530444
600075.SH,新疆天业,20170929,-3.8183694530444
600075.SH,新疆天业,20170928,-3.8183694530444
600075.SH,新疆天业,20170927,-3.8183694530444
600075.SH,新疆天业,20170926,-3.8183694530444
600075.SH,新疆天业,20170925,-3.8183694530444
600075.SH,新疆天业,20170924,-3.8183694530444
600075.SH,新疆天业,20170923,-3.8183694530444
600075.SH,新疆天业,20170922,-3.8183694530444
600075.SH,新疆天业,20170921,-3.8183694530444
600075.SH,新疆天业,20170920,-3.8183694530444
600075.SH,新疆天业,20170919,-3.8183694530444
600075.SH,新疆天业,20170918,-3.8183694530444
600075.SH,新疆天业,20170917,-3.8183694530444
600075.SH,新疆天业,20170916,-3.8183694530444
600075.SH,新疆天业,20170915,-3.8183694530444
600075.SH,新疆天业,20170914,-3.8183694530444
600075.SH,新疆天业,20170913,-3.8183694530444
600075.SH,新疆天业,20170912,-3.8183694530444
600075.SH,新疆天业,20170911,-3.8183694530444
600075.SH,新疆天业,20170910,-3.8183694530444
600075.SH,新疆天业,20170909,-3.8183694530444
600075.SH,新疆天业,20170908,-3.8183694530444
600075.SH,新疆天业,20170907,-3.8183694530444
600075.SH,新疆天业,20170906,-3.8183694530444
600075.SH,新疆天业,20170905,-3.8183694530444
600075.SH,新疆天业,20170904,-3.8183694530444
600075.SH,新疆天业,20170903,-3.8183694530444
600075.SH,新疆天业,20170902,-3.8183694530444
600075.SH,新疆天业,20170901,-3.8183694530444
600075.SH,新疆天业,20170831,-8.9285714285714
600075.SH,新疆天业,20170830,-8.9285714285714
600075.SH,新疆天业,20170829,-8.9285714285714
600075.SH,新疆天业,20170828,-8.9285714285714
600075.SH,新疆天业,20170827,-8.9285714285714
600075.SH,新疆天业,20170826,-8.9285714285714
600075.SH,新疆天业,20170825,-8.9285714285714
600075.SH,新疆天业,20170824,-8.9285714285714
600075.SH,新疆天业,20170823,-8.9285714285714
600075.SH,新疆天业,20170822,-8.9285714285714
600075.SH,新疆天业,20170821,-8.9285714285714
600075.SH,新疆天业,20170820,-8.9285714285714
600075.SH,新疆天业,20170819,-8.9285714285714
600075.SH,新疆天业,20170818,-8.9285714285714
600075.SH,新疆天业,20170817,-8.9285714285714
600075.SH,新疆天业,20170816,-8.9285714285714
600075.SH,新疆天业,20170815,-8.9285714285714
600075.SH,新疆天业,20170814,-8.9285714285714
600075.SH,新疆天业,20170813,-8.9285714285714
600075.SH,新疆天业,20170812,-8.9285714285714
600075.SH,新疆天业,20170811,-8.9285714285714
600075.SH,新疆天业,20170810,-8.9285714285714
600075.SH,新疆天业,20170809,-8.9285714285714
600075.SH,新疆天业,20170808,-8.9285714285714
600075.SH,新疆天业,20170807,-8.9285714285714
600075.SH,新疆天业,20170806,-8.9285714285714
600075.SH,新疆天业,20170805,-8.9285714285714
600075.SH,新疆天业,20170804,-8.9285714285714
600075.SH,新疆天业,20170803,-8.9285714285714
600075.SH,新疆天业,20170802,-8.9285714285714
600075.SH,新疆天业,20170801,-8.9285714285714
600075.SH,新疆天业,20170731,22.018348623853
600075.SH,新疆天业,20170730,22.018348623853
600075.SH,新疆天业,20170729,22.018348623853
600075.SH,新疆天业,20170728,22.018348623853
600075.SH,新疆天业,20170727,22.018348623853
600075.SH,新疆天业,20170726,22.018348623853
600075.SH,新疆天业,20170725,22.018348623853
600075.SH,新疆天业,20170724,22.018348623853
600075.SH,新疆天业,20170723,22.018348623853
600075.SH,新疆天业,20170722,22.018348623853
600075.SH,新疆天业,20170721,22.018348623853
600075.SH,新疆天业,20170720,22.018348623853
600075.SH,新疆天业,20170719,22.018348623853
600075.SH,新疆天业,20170718,22.018348623853
600075.SH,新疆天业,20170717,22.018348623853
600075.SH,新疆天业,20170716,22.018348623853
600075.SH,新疆天业,20170715,22.018348623853
600075.SH,新疆天业,20170714,22.018348623853
600075.SH,新疆天业,20170713,22.018348623853
600075.SH,新疆天业,20170712,22.018348623853
600075.SH,新疆天业,20170711,22.018348623853
600075.SH,新疆天业,20170710,22.018348623853
600075.SH,新疆天业,20170709,22.018348623853
600075.SH,新疆天业,20170708,22.018348623853
600075.SH,新疆天业,20170707,22.018348623853
600075.SH,新疆天业,20170706,22.018348623853
600075.SH,新疆天业,20170705,22.018348623853
600075.SH,新疆天业,20170704,22.018348623853
600075.SH,新疆天业,20170703,22.018348623853
600075.SH,新疆天业,20170702,22.018348623853
600075.SH,新疆天业,20170701,22.018348623853
600075.SH,新疆天业,20170630,-26.475548060708
600075.SH,新疆天业,20170629,-26.475548060708
600075.SH,新疆天业,20170628,-26.475548060708
600075.SH,新疆天业,20170627,-26.475548060708
600075.SH,新疆天业,20170626,-26.475548060708
600075.SH,新疆天业,20170625,-26.475548060708
600075.SH,新疆天业,20170624,-26.475548060708
600075.SH,新疆天业,20170623,-26.475548060708
600075.SH,新疆天业,20170622,-26.475548060708
600075.SH,新疆天业,20170621,-26.475548060708
600075.SH,新疆天业,20170620,-26.475548060708
600075.SH,新疆天业,20170619,-26.475548060708
600075.SH,新疆天业,20170618,-26.475548060708
600075.SH,新疆天业,20170617,-26.475548060708
600075.SH,新疆天业,20170616,-26.475548060708
600075.SH,新疆天业,20170615,-26.475548060708
600075.SH,新疆天业,20170614,-26.475548060708
600075.SH,新疆天业,20170613,-26.475548060708
600075.SH,新疆天业,20170612,-26.475548060708
600075.SH,新疆天业,20170611,-26.475548060708
600075.SH,新疆天业,20170610,-26.475548060708
600075.SH,新疆天业,20170609,-26.475548060708
600075.SH,新疆天业,20170608,-26.475548060708
600075.SH,新疆天业,20170607,-26.475548060708
600075.SH,新疆天业,20170606,-26.475548060708
600075.SH,新疆天业,20170605,-26.475548060708
600075.SH,新疆天业,20170604,-26.475548060708
600075.SH,新疆天业,20170603,-26.475548060708
600075.SH,新疆天业,20170602,-26.475548060708
600075.SH,新疆天业,20170601,-26.475548060708
600075.SH,新疆天业,20170531,-11.558538404176
600075.SH,新疆天业,20170530,-11.558538404176
600075.SH,新疆天业,20170529,-11.558538404176
600075.SH,新疆天业,20170528,-11.558538404176
600075.SH,新疆天业,20170527,-11.558538404176
600075.SH,新疆天业,20170526,-11.558538404176
600075.SH,新疆天业,20170525,-11.558538404176
600075.SH,新疆天业,20170524,-11.558538404176
600075.SH,新疆天业,20170523,-11.558538404176
600075.SH,新疆天业,20170522,-11.558538404176
600075.SH,新疆天业,20170521,-11.558538404176
600075.SH,新疆天业,20170520,-11.558538404176
600075.SH,新疆天业,20170519,-11.558538404176
600075.SH,新疆天业,20170518,-11.558538404176
600075.SH,新疆天业,20170517,-11.558538404176
600075.SH,新疆天业,20170516,-11.558538404176
600075.SH,新疆天业,20170515,-11.558538404176
600075.SH,新疆天业,20170514,-11.558538404176
600075.SH,新疆天业,20170513,-11.558538404176
600075.SH,新疆天业,20170512,-11.558538404176
600075.SH,新疆天业,20170511,-11.558538404176
600075.SH,新疆天业,20170510,-11.558538404176
600075.SH,新疆天业,20170509,-11.558538404176
600075.SH,新疆天业,20170508,-11.558538404176
600075.SH,新疆天业,20170507,-11.558538404176
600075.SH,新疆天业,20170506,-11.558538404176
600075.SH,新疆天业,20170505,-11.558538404176
600075.SH,新疆天业,20170504,-11.558538404176
600075.SH,新疆天业,20170503,-11.558538404176
600075.SH,新疆天业,20170502,-11.558538404176
600075.SH,新疆天业,20170501,-11.558538404176
600075.SH,新疆天业,20170430,-2.6143790849673
600075.SH,新疆天业,20170429,-2.6143790849673
600075.SH,新疆天业,20170428,-2.6143790849673
600075.SH,新疆天业,20170427,-2.6143790849673
600075.SH,新疆天业,20170426,-2.6143790849673
600075.SH,新疆天业,20170425,-2.6143790849673
600075.SH,新疆天业,20170424,-2.6143790849673
600075.SH,新疆天业,20170423,-2.6143790849673
600075.SH,新疆天业,20170422,-2.6143790849673
600075.SH,新疆天业,20170421,-2.6143790849673
600075.SH,新疆天业,20170420,-2.6143790849673
600075.SH,新疆天业,20170419,-2.6143790849673
600075.SH,新疆天业,20170418,-2.6143790849673
600075.SH,新疆天业,20170417,-2.6143790849673
600075.SH,新疆天业,20170416,-2.6143790849673
600075.SH,新疆天业,20170415,-2.6143790849673
600075.SH,新疆天业,20170414,-2.6143790849673
600075.SH,新疆天业,20170413,-2.6143790849673
600075.SH,新疆天业,20170412,-2.6143790849673
600075.SH,新疆天业,20170411,-2.6143790849673
600075.SH,新疆天业,20170410,-2.6143790849673
600075.SH,新疆天业,20170409,-2.6143790849673
600075.SH,新疆天业,20170408,-2.6143790849673
600075.SH,新疆天业,20170407,-2.6143790849673
600075.SH,新疆天业,20170406,-2.6143790849673
600075.SH,新疆天业,20170405,-2.6143790849673
600075.SH,新疆天业,20170404,-2.6143790849673
600075.SH,新疆天业,20170403,-2.6143790849673
600075.SH,新疆天业,20170402,-2.6143790849673
600075.SH,新疆天业,20170401,-2.6143790849673
600075.SH,新疆天业,20170331,-4.7058823529412
600075.SH,新疆天业,20170330,-4.7058823529412
600075.SH,新疆天业,20170329,-4.7058823529412
600075.SH,新疆天业,20170328,-4.7058823529412
600075.SH,新疆天业,20170327,-4.7058823529412
600075.SH,新疆天业,20170326,-4.7058823529412
600075.SH,新疆天业,20170325,-4.7058823529412
600075.SH,新疆天业,20170324,-4.7058823529412
600075.SH,新疆天业,20170323,-4.7058823529412
600075.SH,新疆天业,20170322,-4.7058823529412
600075.SH,新疆天业,20170321,-4.7058823529412
600075.SH,新疆天业,20170320,-4.7058823529412
600075.SH,新疆天业,20170319,-4.7058823529412
600075.SH,新疆天业,20170318,-4.7058823529412
600075.SH,新疆天业,20170317,-4.7058823529412
600075.SH,新疆天业,20170316,-4.7058823529412
600075.SH,新疆天业,20170315,-4.7058823529412
600075.SH,新疆天业,20170314,-4.7058823529412
600075.SH,新疆天业,20170313,-4.7058823529412
600075.SH,新疆天业,20170312,-4.7058823529412
600075.SH,新疆天业,20170311,-4.7058823529412
600075.SH,新疆天业,20170310,-4.7058823529412
600075.SH,新疆天业,20170309,-4.7058823529412
600075.SH,新疆天业,20170308,-4.7058823529412
600075.SH,新疆天业,20170307,-4.7058823529412
600075.SH,新疆天业,20170306,-4.7058823529412
600075.SH,新疆天业,20170305,-4.7058823529412
600075.SH,新疆天业,20170304,-4.7058823529412
600075.SH,新疆天业,20170303,-4.7058823529412
600075.SH,新疆天业,20170302,-4.7058823529412
600075.SH,新疆天业,20170301,-4.7058823529412
600075.SH,新疆天业,20170228,18.832236842105
600075.SH,新疆天业,20170227,18.832236842105
600075.SH,新疆天业,20170226,18.832236842105
600075.SH,新疆天业,20170225,18.832236842105
600075.SH,新疆天业,20170224,18.832236842105
600075.SH,新疆天业,20170223,18.832236842105
600075.SH,新疆天业,20170222,18.832236842105
600075.SH,新疆天业,20170221,18.832236842105
600075.SH,新疆天业,20170220,18.832236842105
600075.SH,新疆天业,20170219,18.832236842105
600075.SH,新疆天业,20170218,18.832236842105
600075.SH,新疆天业,20170217,18.832236842105
600075.SH,新疆天业,20170216,18.832236842105
600075.SH,新疆天业,20170215,18.832236842105
600075.SH,新疆天业,20170214,18.832236842105
600075.SH,新疆天业,20170213,18.832236842105
600075.SH,新疆天业,20170212,18.832236842105
600075.SH,新疆天业,20170211,18.832236842105
600075.SH,新疆天业,20170210,18.832236842105
600075.SH,新疆天业,20170209,18.832236842105
600075.SH,新疆天业,20170208,18.832236842105
600075.SH,新疆天业,20170207,18.832236842105
600075.SH,新疆天业,20170206,18.832236842105
600075.SH,新疆天业,20170205,18.832236842105
600075.SH,新疆天业,20170204,18.832236842105
600075.SH,新疆天业,20170203,18.832236842105
600075.SH,新疆天业,20170202,18.832236842105
600075.SH,新疆天业,20170201,18.832236842105
600075.SH,新疆天业,20170131,-2.2508038585209
600075.SH,新疆天业,20170130,-2.2508038585209
600075.SH,新疆天业,20170129,-2.2508038585209
600075.SH,新疆天业,20170128,-2.2508038585209
600075.SH,新疆天业,20170127,-2.2508038585209
600075.SH,新疆天业,20170126,-2.2508038585209
600075.SH,新疆天业,20170125,-2.2508038585209
600075.SH,新疆天业,20170124,-2.2508038585209
600075.SH,新疆天业,20170123,-2.2508038585209
600075.SH,新疆天业,20170122,-2.2508038585209
600075.SH,新疆天业,20170121,-2.2508038585209
600075.SH,新疆天业,20170120,-2.2508038585209
600075.SH,新疆天业,20170119,-2.2508038585209
600075.SH,新疆天业,20170118,-2.2508038585209
600075.SH,新疆天业,20170117,-2.2508038585209
600075.SH,新疆天业,20170116,-2.2508038585209
600075.SH,新疆天业,20170115,-2.2508038585209
600075.SH,新疆天业,20170114,-2.2508038585209
600075.SH,新疆天业,20170113,-2.2508038585209
600075.SH,新疆天业,20170112,-2.2508038585209
600075.SH,新疆天业,20170111,-2.2508038585209
600075.SH,新疆天业,20170110,-2.2508038585209
600075.SH,新疆天业,20170109,-2.2508038585209
600075.SH,新疆天业,20170108,-2.2508038585209
600075.SH,新疆天业,20170107,-2.2508038585209
600075.SH,新疆天业,20170106,-2.2508038585209
600075.SH,新疆天业,20170105,-2.2508038585209
600075.SH,新疆天业,20170104,-2.2508038585209
600075.SH,新疆天业,20170103,-2.2508038585209
600075.SH,新疆天业,20170102,-2.2508038585209
600075.SH,新疆天业,20170101,-2.2508038585209
600075.SH,新疆天业,20161231,-3.8639876352396
600075.SH,新疆天业,20161230,-3.8639876352396
600075.SH,新疆天业,20161229,-3.8639876352396
600075.SH,新疆天业,20161228,-3.8639876352396
600075.SH,新疆天业,20161227,-3.8639876352396
600075.SH,新疆天业,20161226,-3.8639876352396
600075.SH,新疆天业,20161225,-3.8639876352396
600075.SH,新疆天业,20161224,-3.8639876352396
600075.SH,新疆天业,20161223,-3.8639876352396
600075.SH,新疆天业,20161222,-3.8639876352396
600075.SH,新疆天业,20161221,-3.8639876352396
600075.SH,新疆天业,20161220,-3.8639876352396
600075.SH,新疆天业,20161219,-3.8639876352396
600075.SH,新疆天业,20161218,-3.8639876352396
600075.SH,新疆天业,20161217,-3.8639876352396
600075.SH,新疆天业,20161216,-3.8639876352396
600075.SH,新疆天业,20161215,-3.8639876352396
600075.SH,新疆天业,20161214,-3.8639876352396
600075.SH,新疆天业,20161213,-3.8639876352396
600075.SH,新疆天业,20161212,-3.8639876352396
600075.SH,新疆天业,20161211,-3.8639876352396
600075.SH,新疆天业,20161210,-3.8639876352396
600075.SH,新疆天业,20161209,-3.8639876352396
600075.SH,新疆天业,20161208,-3.8639876352396
600075.SH,新疆天业,20161207,-3.8639876352396
600075.SH,新疆天业,20161206,-3.8639876352396
600075.SH,新疆天业,20161205,-3.8639876352396
600075.SH,新疆天业,20161204,-3.8639876352396
600075.SH,新疆天业,20161203,-3.8639876352396
600075.SH,新疆天业,20161202,-3.8639876352396
600075.SH,新疆天业,20161201,-3.8639876352396
600075.SH,新疆天业,20161130,2.5356576862124
600075.SH,新疆天业,20161129,2.5356576862124
600075.SH,新疆天业,20161128,2.5356576862124
600075.SH,新疆天业,20161127,2.5356576862124
600075.SH,新疆天业,20161126,2.5356576862124
600075.SH,新疆天业,20161125,2.5356576862124
600075.SH,新疆天业,20161124,2.5356576862124
600075.SH,新疆天业,20161123,2.5356576862124
600075.SH,新疆天业,20161122,2.5356576862124
600075.SH,新疆天业,20161121,2.5356576862124
600075.SH,新疆天业,20161120,2.5356576862124
600075.SH,新疆天业,20161119,2.5356576862124
600075.SH,新疆天业,20161118,2.5356576862124
600075.SH,新疆天业,20161117,2.5356576862124
600075.SH,新疆天业,20161116,2.5356576862124
600075.SH,新疆天业,20161115,2.5356576862124
600075.SH,新疆天业,20161114,2.5356576862124
600075.SH,新疆天业,20161113,2.5356576862124
600075.SH,新疆天业,20161112,2.5356576862124
600075.SH,新疆天业,20161111,2.5356576862124
600075.SH,新疆天业,20161110,2.5356576862124
600075.SH,新疆天业,20161109,2.5356576862124
600075.SH,新疆天业,20161108,2.5356576862124
600075.SH,新疆天业,20161107,2.5356576862124
600075.SH,新疆天业,20161106,2.5356576862124
600075.SH,新疆天业,20161105,2.5356576862124
600075.SH,新疆天业,20161104,2.5356576862124
600075.SH,新疆天业,20161103,2.5356576862124
600075.SH,新疆天业,20161102,2.5356576862124
600075.SH,新疆天业,20161101,2.5356576862124
600075.SH,新疆天业,20161031,-4.7547169811321
600075.SH,新疆天业,20161030,-4.7547169811321
600075.SH,新疆天业,20161029,-4.7547169811321
600075.SH,新疆天业,20161028,-4.7547169811321
600075.SH,新疆天业,20161027,-4.7547169811321
600075.SH,新疆天业,20161026,-4.7547169811321
600075.SH,新疆天业,20161025,-4.7547169811321
600075.SH,新疆天业,20161024,-4.7547169811321
600075.SH,新疆天业,20161023,-4.7547169811321
600075.SH,新疆天业,20161022,-4.7547169811321
600075.SH,新疆天业,20161021,-4.7547169811321
600075.SH,新疆天业,20161020,-4.7547169811321
600075.SH,新疆天业,20161019,-4.7547169811321
600075.SH,新疆天业,20161018,-4.7547169811321
600075.SH,新疆天业,20161017,-4.7547169811321
600075.SH,新疆天业,20161016,-4.7547169811321
600075.SH,新疆天业,20161015,-4.7547169811321
600075.SH,新疆天业,20161014,-4.7547169811321
600075.SH,新疆天业,20161013,-4.7547169811321
600075.SH,新疆天业,20161012,-4.7547169811321
600075.SH,新疆天业,20161011,-4.7547169811321
600075.SH,新疆天业,20161010,-4.7547169811321
600075.SH,新疆天业,20161009,-4.7547169811321
600075.SH,新疆天业,20161008,-4.7547169811321
600075.SH,新疆天业,20161007,-4.7547169811321
600075.SH,新疆天业,20161006,-4.7547169811321
600075.SH,新疆天业,20161005,-4.7547169811321
600075.SH,新疆天业,20161004,-4.7547169811321
600075.SH,新疆天业,20161003,-4.7547169811321
600075.SH,新疆天业,20161002,-4.7547169811321
600075.SH,新疆天业,20161001,-4.7547169811321
600075.SH,新疆天业,20160930,3.1128404669261
600075.SH,新疆天业,20160929,3.1128404669261
600075.SH,新疆天业,20160928,3.1128404669261
600075.SH,新疆天业,20160927,3.1128404669261
600075.SH,新疆天业,20160926,3.1128404669261
600075.SH,新疆天业,20160925,3.1128404669261
600075.SH,新疆天业,20160924,3.1128404669261
600075.SH,新疆天业,20160923,3.1128404669261
600075.SH,新疆天业,20160922,3.1128404669261
600075.SH,新疆天业,20160921,3.1128404669261
600075.SH,新疆天业,20160920,3.1128404669261
600075.SH,新疆天业,20160919,3.1128404669261
600075.SH,新疆天业,20160918,3.1128404669261
600075.SH,新疆天业,20160917,3.1128404669261
600075.SH,新疆天业,20160916,3.1128404669261
600075.SH,新疆天业,20160915,3.1128404669261
600075.SH,新疆天业,20160914,3.1128404669261
600075.SH,新疆天业,20160913,3.1128404669261
600075.SH,新疆天业,20160912,3.1128404669261
600075.SH,新疆天业,20160911,3.1128404669261
600075.SH,新疆天业,20160910,3.1128404669261
600075.SH,新疆天业,20160909,3.1128404669261
600075.SH,新疆天业,20160908,3.1128404669261
600075.SH,新疆天业,20160907,3.1128404669261
600075.SH,新疆天业,20160906,3.1128404669261
600075.SH,新疆天业,20160905,3.1128404669261
600075.SH,新疆天业,20160904,3.1128404669261
600075.SH,新疆天业,20160903,3.1128404669261
600075.SH,新疆天业,20160902,3.1128404669261
600075.SH,新疆天业,20160901,3.1128404669261
600075.SH,新疆天业,20160831,0.70532915360501
600075.SH,新疆天业,20160830,0.70532915360501
600075.SH,新疆天业,20160829,0.70532915360501
600075.SH,新疆天业,20160828,0.70532915360501
600075.SH,新疆天业,20160827,0.70532915360501
600075.SH,新疆天业,20160826,0.70532915360501
600075.SH,新疆天业,20160825,0.70532915360501
600075.SH,新疆天业,20160824,0.70532915360501
600075.SH,新疆天业,20160823,0.70532915360501
600075.SH,新疆天业,20160822,0.70532915360501
600075.SH,新疆天业,20160821,0.70532915360501
600075.SH,新疆天业,20160820,0.70532915360501
600075.SH,新疆天业,20160819,0.70532915360501
600075.SH,新疆天业,20160818,0.70532915360501
600075.SH,新疆天业,20160817,0.70532915360501
600075.SH,新疆天业,20160816,0.70532915360501
600075.SH,新疆天业,20160815,0.70532915360501
600075.SH,新疆天业,20160814,0.70532915360501
600075.SH,新疆天业,20160813,0.70532915360501
600075.SH,新疆天业,20160812,0.70532915360501
600075.SH,新疆天业,20160811,0.70532915360501
600075.SH,新疆天业,20160810,0.70532915360501
600075.SH,新疆天业,20160809,0.70532915360501
600075.SH,新疆天业,20160808,0.70532915360501
600075.SH,新疆天业,20160807,0.70532915360501
600075.SH,新疆天业,20160806,0.70532915360501
600075.SH,新疆天业,20160805,0.70532915360501
600075.SH,新疆天业,20160804,0.70532915360501
600075.SH,新疆天业,20160803,0.70532915360501
600075.SH,新疆天业,20160802,0.70532915360501
600075.SH,新疆天业,20160801,0.70532915360501
600075.SH,新疆天业,20160731,10.860121633362
600075.SH,新疆天业,20160730,10.860121633362
600075.SH,新疆天业,20160729,10.860121633362
600075.SH,新疆天业,20160728,10.860121633362
600075.SH,新疆天业,20160727,10.860121633362
600075.SH,新疆天业,20160726,10.860121633362
600075.SH,新疆天业,20160725,10.860121633362
600075.SH,新疆天业,20160724,10.860121633362
600075.SH,新疆天业,20160723,10.860121633362
600075.SH,新疆天业,20160722,10.860121633362
600075.SH,新疆天业,20160721,10.860121633362
600075.SH,新疆天业,20160720,10.860121633362
600075.SH,新疆天业,20160719,10.860121633362
600075.SH,新疆天业,20160718,10.860121633362
600075.SH,新疆天业,20160717,10.860121633362
600075.SH,新疆天业,20160716,10.860121633362
600075.SH,新疆天业,20160715,10.860121633362
600075.SH,新疆天业,20160714,10.860121633362
600075.SH,新疆天业,20160713,10.860121633362
600075.SH,新疆天业,20160712,10.860121633362
600075.SH,新疆天业,20160711,10.860121633362
600075.SH,新疆天业,20160710,10.860121633362
600075.SH,新疆天业,20160709,10.860121633362
600075.SH,新疆天业,20160708,10.860121633362
600075.SH,新疆天业,20160707,10.860121633362
600075.SH,新疆天业,20160706,10.860121633362
600075.SH,新疆天业,20160705,10.860121633362
600075.SH,新疆天业,20160704,10.860121633362
600075.SH,新疆天业,20160703,10.860121633362
600075.SH,新疆天业,20160702,10.860121633362
600075.SH,新疆天业,20160701,10.860121633362
600075.SH,新疆天业,20160630,3.7871956717764
600075.SH,新疆天业,20160629,3.7871956717764
600075.SH,新疆天业,20160628,3.7871956717764
600075.SH,新疆天业,20160627,3.7871956717764
600075.SH,新疆天业,20160626,3.7871956717764
600075.SH,新疆天业,20160625,3.7871956717764
600075.SH,新疆天业,20160624,3.7871956717764
600075.SH,新疆天业,20160623,3.7871956717764
600075.SH,新疆天业,20160622,3.7871956717764
600075.SH,新疆天业,20160621,3.7871956717764
600075.SH,新疆天业,20160620,3.7871956717764
600075.SH,新疆天业,20160619,3.7871956717764
600075.SH,新疆天业,20160618,3.7871956717764
600075.SH,新疆天业,20160617,3.7871956717764
600075.SH,新疆天业,20160616,3.7871956717764
600075.SH,新疆天业,20160615,3.7871956717764
600075.SH,新疆天业,20160614,3.7871956717764
600075.SH,新疆天业,20160613,3.7871956717764
600075.SH,新疆天业,20160612,3.7871956717764
600075.SH,新疆天业,20160611,3.7871956717764
600075.SH,新疆天业,20160610,3.7871956717764
600075.SH,新疆天业,20160609,3.7871956717764
600075.SH,新疆天业,20160608,3.7871956717764
600075.SH,新疆天业,20160607,3.7871956717764
600075.SH,新疆天业,20160606,3.7871956717764
600075.SH,新疆天业,20160605,3.7871956717764
600075.SH,新疆天业,20160604,3.7871956717764
600075.SH,新疆天业,20160603,3.7871956717764
600075.SH,新疆天业,20160602,3.7871956717764
600075.SH,新疆天业,20160601,3.7871956717764
600075.SH,新疆天业,20160531,2.6851851851852
600075.SH,新疆天业,20160530,2.6851851851852
600075.SH,新疆天业,20160529,2.6851851851852
600075.SH,新疆天业,20160528,2.6851851851852
600075.SH,新疆天业,20160527,2.6851851851852
600075.SH,新疆天业,20160526,2.6851851851852
600075.SH,新疆天业,20160525,2.6851851851852
600075.SH,新疆天业,20160524,2.6851851851852
600075.SH,新疆天业,20160523,2.6851851851852
600075.SH,新疆天业,20160522,2.6851851851852
600075.SH,新疆天业,20160521,2.6851851851852
600075.SH,新疆天业,20160520,2.6851851851852
600075.SH,新疆天业,20160519,2.6851851851852
600075.SH,新疆天业,20160518,2.6851851851852
600075.SH,新疆天业,20160517,2.6851851851852
600075.SH,新疆天业,20160516,2.6851851851852
600075.SH,新疆天业,20160515,2.6851851851852
600075.SH,新疆天业,20160514,2.6851851851852
600075.SH,新疆天业,20160513,2.6851851851852
600075.SH,新疆天业,20160512,2.6851851851852
600075.SH,新疆天业,20160511,2.6851851851852
600075.SH,新疆天业,20160510,2.6851851851852
600075.SH,新疆天业,20160509,2.6851851851852
600075.SH,新疆天业,20160508,2.6851851851852
600075.SH,新疆天业,20160507,2.6851851851852
600075.SH,新疆天业,20160506,2.6851851851852
600075.SH,新疆天业,20160505,2.6851851851852
600075.SH,新疆天业,20160504,2.6851851851852
600075.SH,新疆天业,20160503,2.6851851851852
600075.SH,新疆天业,20160502,2.6851851851852
600075.SH,新疆天业,20160501,2.6851851851852
600075.SH,新疆天业,20160430,1.7907634307257
600075.SH,新疆天业,20160429,1.7907634307257
600075.SH,新疆天业,20160428,1.7907634307257
600075.SH,新疆天业,20160427,1.7907634307257
600075.SH,新疆天业,20160426,1.7907634307257
600075.SH,新疆天业,20160425,1.7907634307257
600075.SH,新疆天业,20160424,1.7907634307257
600075.SH,新疆天业,20160423,1.7907634307257
600075.SH,新疆天业,20160422,1.7907634307257
600075.SH,新疆天业,20160421,1.7907634307257
600075.SH,新疆天业,20160420,1.7907634307257
600075.SH,新疆天业,20160419,1.7907634307257
600075.SH,新疆天业,20160418,1.7907634307257
600075.SH,新疆天业,20160417,1.7907634307257
600075.SH,新疆天业,20160416,1.7907634307257
600075.SH,新疆天业,20160415,1.7907634307257
600075.SH,新疆天业,20160414,1.7907634307257
600075.SH,新疆天业,20160413,1.7907634307257
600075.SH,新疆天业,20160412,1.7907634307257
600075.SH,新疆天业,20160411,1.7907634307257
600075.SH,新疆天业,20160410,1.7907634307257
600075.SH,新疆天业,20160409,1.7907634307257
600075.SH,新疆天业,20160408,1.7907634307257
600075.SH,新疆天业,20160407,1.7907634307257
600075.SH,新疆天业,20160406,1.7907634307257
600075.SH,新疆天业,20160405,1.7907634307257
600075.SH,新疆天业,20160404,1.7907634307257
600075.SH,新疆天业,20160403,1.7907634307257
600075.SH,新疆天业,20160402,1.7907634307257
600075.SH,新疆天业,20160401,1.7907634307257
600075.SH,新疆天业,20160331,53.102453102453
600075.SH,新疆天业,20160330,53.102453102453
600075.SH,新疆天业,20160329,53.102453102453
600075.SH,新疆天业,20160328,53.102453102453
600075.SH,新疆天业,20160327,53.102453102453
600075.SH,新疆天业,20160326,53.102453102453
600075.SH,新疆天业,20160325,53.102453102453
600075.SH,新疆天业,20160324,53.102453102453
600075.SH,新疆天业,20160323,53.102453102453
600075.SH,新疆天业,20160322,53.102453102453
600075.SH,新疆天业,20160321,53.102453102453
600075.SH,新疆天业,20160320,53.102453102453
600075.SH,新疆天业,20160319,53.102453102453
600075.SH,新疆天业,20160318,53.102453102453
600075.SH,新疆天业,20160317,53.102453102453
600075.SH,新疆天业,20160316,53.102453102453
600075.SH,新疆天业,20160315,53.102453102453
600075.SH,新疆天业,20160314,53.102453102453
600075.SH,新疆天业,20160313,53.102453102453
600075.SH,新疆天业,20160312,53.102453102453
600075.SH,新疆天业,20160311,53.102453102453
600075.SH,新疆天业,20160310,53.102453102453
600075.SH,新疆天业,20160309,53.102453102453
600075.SH,新疆天业,20160308,53.102453102453
600075.SH,新疆天业,20160307,53.102453102453
600075.SH,新疆天业,20160306,53.102453102453
600075.SH,新疆天业,20160305,53.102453102453
600075.SH,新疆天业,20160304,53.102453102453
600075.SH,新疆天业,20160303,53.102453102453
600075.SH,新疆天业,20160302,53.102453102453
600075.SH,新疆天业,20160301,53.102453102453
600075.SH,新疆天业,20160229,2.0618556701031
600075.SH,新疆天业,20160228,2.0618556701031
600075.SH,新疆天业,20160227,2.0618556701031
600075.SH,新疆天业,20160226,2.0618556701031
600075.SH,新疆天业,20160225,2.0618556701031
600075.SH,新疆天业,20160224,2.0618556701031
600075.SH,新疆天业,20160223,2.0618556701031
600075.SH,新疆天业,20160222,2.0618556701031
600075.SH,新疆天业,20160221,2.0618556701031
600075.SH,新疆天业,20160220,2.0618556701031
600075.SH,新疆天业,20160219,2.0618556701031
600075.SH,新疆天业,20160218,2.0618556701031
600075.SH,新疆天业,20160217,2.0618556701031
600075.SH,新疆天业,20160216,2.0618556701031
600075.SH,新疆天业,20160215,2.0618556701031
600075.SH,新疆天业,20160214,2.0618556701031
600075.SH,新疆天业,20160213,2.0618556701031
600075.SH,新疆天业,20160212,2.0618556701031
600075.SH,新疆天业,20160211,2.0618556701031
600075.SH,新疆天业,20160210,2.0618556701031
600075.SH,新疆天业,20160209,2.0618556701031
600075.SH,新疆天业,20160208,2.0618556701031
600075.SH,新疆天业,20160207,2.0618556701031
600075.SH,新疆天业,20160206,2.0618556701031
600075.SH,新疆天业,20160205,2.0618556701031
600075.SH,新疆天业,20160204,2.0618556701031
600075.SH,新疆天业,20160203,2.0618556701031
600075.SH,新疆天业,20160202,2.0618556701031
600075.SH,新疆天业,20160201,2.0618556701031
600075.SH,新疆天业,20160131,-36.601307189542
600075.SH,新疆天业,20160130,-36.601307189542
600075.SH,新疆天业,20160129,-36.601307189542
600075.SH,新疆天业,20160128,-36.601307189542
600075.SH,新疆天业,20160127,-36.601307189542
600075.SH,新疆天业,20160126,-36.601307189542
600075.SH,新疆天业,20160125,-36.601307189542
600075.SH,新疆天业,20160124,-36.601307189542
600075.SH,新疆天业,20160123,-36.601307189542
600075.SH,新疆天业,20160122,-36.601307189542
600075.SH,新疆天业,20160121,-36.601307189542
600075.SH,新疆天业,20160120,-36.601307189542
600075.SH,新疆天业,20160119,-36.601307189542
600075.SH,新疆天业,20160118,-36.601307189542
600075.SH,新疆天业,20160117,-36.601307189542
600075.SH,新疆天业,20160116,-36.601307189542
600075.SH,新疆天业,20160115,-36.601307189542
600075.SH,新疆天业,20160114,-36.601307189542
600075.SH,新疆天业,20160113,-36.601307189542
600075.SH,新疆天业,20160112,-36.601307189542
600075.SH,新疆天业,20160111,-36.601307189542
600075.SH,新疆天业,20160110,-36.601307189542
600075.SH,新疆天业,20160109,-36.601307189542
600075.SH,新疆天业,20160108,-36.601307189542
600075.SH,新疆天业,20160107,-36.601307189542
600075.SH,新疆天业,20160106,-36.601307189542
600075.SH,新疆天业,20160105,-36.601307189542
600075.SH,新疆天业,20160104,-36.601307189542
600075.SH,新疆天业,20160103,-36.601307189542
600075.SH,新疆天业,20160102,-36.601307189542
600075.SH,新疆天业,20160101,-36.601307189542
600075.SH,新疆天业,20151231,7.6381909547739
600075.SH,新疆天业,20151230,7.6381909547739
600075.SH,新疆天业,20151229,7.6381909547739
600075.SH,新疆天业,20151228,7.6381909547739
600075.SH,新疆天业,20151227,7.6381909547739
600075.SH,新疆天业,20151226,7.6381909547739
600075.SH,新疆天业,20151225,7.6381909547739
600075.SH,新疆天业,20151224,7.6381909547739
600075.SH,新疆天业,20151223,7.6381909547739
600075.SH,新疆天业,20151222,7.6381909547739
600075.SH,新疆天业,20151221,7.6381909547739
600075.SH,新疆天业,20151220,7.6381909547739
600075.SH,新疆天业,20151219,7.6381909547739
600075.SH,新疆天业,20151218,7.6381909547739
600075.SH,新疆天业,20151217,7.6381909547739
600075.SH,新疆天业,20151216,7.6381909547739
600075.SH,新疆天业,20151215,7.6381909547739
600075.SH,新疆天业,20151214,7.6381909547739
600075.SH,新疆天业,20151213,7.6381909547739
600075.SH,新疆天业,20151212,7.6381909547739
600075.SH,新疆天业,20151211,7.6381909547739
600075.SH,新疆天业,20151210,7.6381909547739
600075.SH,新疆天业,20151209,7.6381909547739
600075.SH,新疆天业,20151208,7.6381909547739
600075.SH,新疆天业,20151207,7.6381909547739
600075.SH,新疆天业,20151206,7.6381909547739
600075.SH,新疆天业,20151205,7.6381909547739
600075.SH,新疆天业,20151204,7.6381909547739
600075.SH,新疆天业,20151203,7.6381909547739
600075.SH,新疆天业,20151202,7.6381909547739
600075.SH,新疆天业,20151201,7.6381909547739
600075.SH,新疆天业,20151130,0.3024193548387
600075.SH,新疆天业,20151129,0.3024193548387
600075.SH,新疆天业,20151128,0.3024193548387
600075.SH,新疆天业,20151127,0.3024193548387
600075.SH,新疆天业,20151126,0.3024193548387
600075.SH,新疆天业,20151125,0.3024193548387
600075.SH,新疆天业,20151124,0.3024193548387
600075.SH,新疆天业,20151123,0.3024193548387
600075.SH,新疆天业,20151122,0.3024193548387
600075.SH,新疆天业,20151121,0.3024193548387
600075.SH,新疆天业,20151120,0.3024193548387
600075.SH,新疆天业,20151119,0.3024193548387
600075.SH,新疆天业,20151118,0.3024193548387
600075.SH,新疆天业,20151117,0.3024193548387
600075.SH,新疆天业,20151116,0.3024193548387
600075.SH,新疆天业,20151115,0.3024193548387
600075.SH,新疆天业,20151114,0.3024193548387
600075.SH,新疆天业,20151113,0.3024193548387
600075.SH,新疆天业,20151112,0.3024193548387
600075.SH,新疆天业,20151111,0.3024193548387
600075.SH,新疆天业,20151110,0.3024193548387
600075.SH,新疆天业,20151109,0.3024193548387
600075.SH,新疆天业,20151108,0.3024193548387
600075.SH,新疆天业,20151107,0.3024193548387
600075.SH,新疆天业,20151106,0.3024193548387
600075.SH,新疆天业,20151105,0.3024193548387
600075.SH,新疆天业,20151104,0.3024193548387
600075.SH,新疆天业,20151103,0.3024193548387
600075.SH,新疆天业,20151102,0.3024193548387
600075.SH,新疆天业,20151101,0.3024193548387
600075.SH,新疆天业,20151031,9.9778270509978
600075.SH,新疆天业,20151030,9.9778270509978
600075.SH,新疆天业,20151029,9.9778270509978
600075.SH,新疆天业,20151028,9.9778270509978
600075.SH,新疆天业,20151027,9.9778270509978
600075.SH,新疆天业,20151026,9.9778270509978
600075.SH,新疆天业,20151025,9.9778270509978
600075.SH,新疆天业,20151024,9.9778270509978
600075.SH,新疆天业,20151023,9.9778270509978
600075.SH,新疆天业,20151022,9.9778270509978
600075.SH,新疆天业,20151021,9.9778270509978
600075.SH,新疆天业,20151020,9.9778270509978
600075.SH,新疆天业,20151019,9.9778270509978
600075.SH,新疆天业,20151018,9.9778270509978
600075.SH,新疆天业,20151017,9.9778270509978
600075.SH,新疆天业,20151016,9.9778270509978
600075.SH,新疆天业,20151015,9.9778270509978
600075.SH,新疆天业,20151014,9.9778270509978
600075.SH,新疆天业,20151013,9.9778270509978
600075.SH,新疆天业,20151012,9.9778270509978
600075.SH,新疆天业,20151011,9.9778270509978
600075.SH,新疆天业,20151010,9.9778270509978
600075.SH,新疆天业,20151009,9.9778270509978
600075.SH,新疆天业,20151008,9.9778270509978
600075.SH,新疆天业,20151007,9.9778270509978
600075.SH,新疆天业,20151006,9.9778270509978
600075.SH,新疆天业,20151005,9.9778270509978
600075.SH,新疆天业,20151004,9.9778270509978
600075.SH,新疆天业,20151003,9.9778270509978
600075.SH,新疆天业,20151002,9.9778270509978
600075.SH,新疆天业,20151001,9.9778270509978
600075.SH,新疆天业,20150930,-43.625
600075.SH,新疆天业,20150929,-43.625
600075.SH,新疆天业,20150928,-43.625
600075.SH,新疆天业,20150927,-43.625
600075.SH,新疆天业,20150926,-43.625
600075.SH,新疆天业,20150925,-43.625
600075.SH,新疆天业,20150924,-43.625
600075.SH,新疆天业,20150923,-43.625
600075.SH,新疆天业,20150922,-43.625
600075.SH,新疆天业,20150921,-43.625
600075.SH,新疆天业,20150920,-43.625
600075.SH,新疆天业,20150919,-43.625
600075.SH,新疆天业,20150918,-43.625
600075.SH,新疆天业,20150917,-43.625
600075.SH,新疆天业,20150916,-43.625
600075.SH,新疆天业,20150915,-43.625
600075.SH,新疆天业,20150914,-43.625
600075.SH,新疆天业,20150913,-43.625
600075.SH,新疆天业,20150912,-43.625
600075.SH,新疆天业,20150911,-43.625
600075.SH,新疆天业,20150910,-43.625
600075.SH,新疆天业,20150909,-43.625
600075.SH,新疆天业,20150908,-43.625
600075.SH,新疆天业,20150907,-43.625
600075.SH,新疆天业,20150906,-43.625
600075.SH,新疆天业,20150905,-43.625
600075.SH,新疆天业,20150904,-43.625
600075.SH,新疆天业,20150903,-43.625
600075.SH,新疆天业,20150902,-43.625
600075.SH,新疆天业,20150901,-43.625
600075.SH,新疆天业,20150831,0.0
600075.SH,新疆天业,20150830,0.0
600075.SH,新疆天业,20150829,0.0
600075.SH,新疆天业,20150828,0.0
600075.SH,新疆天业,20150827,0.0
600075.SH,新疆天业,20150826,0.0
600075.SH,新疆天业,20150825,0.0
600075.SH,新疆天业,20150824,0.0
600075.SH,新疆天业,20150823,0.0
600075.SH,新疆天业,20150822,0.0
600075.SH,新疆天业,20150821,0.0
600075.SH,新疆天业,20150820,0.0
600075.SH,新疆天业,20150819,0.0
600075.SH,新疆天业,20150818,0.0
600075.SH,新疆天业,20150817,0.0
600075.SH,新疆天业,20150816,0.0
600075.SH,新疆天业,20150815,0.0
600075.SH,新疆天业,20150814,0.0
600075.SH,新疆天业,20150813,0.0
600075.SH,新疆天业,20150812,0.0
600075.SH,新疆天业,20150811,0.0
600075.SH,新疆天业,20150810,0.0
600075.SH,新疆天业,20150809,0.0
600075.SH,新疆天业,20150808,0.0
600075.SH,新疆天业,20150807,0.0
600075.SH,新疆天业,20150806,0.0
600075.SH,新疆天业,20150805,0.0
600075.SH,新疆天业,20150804,0.0
600075.SH,新疆天业,20150803,0.0
600075.SH,新疆天业,20150802,0.0
600075.SH,新疆天业,20150801,0.0
600075.SH,新疆天业,20150731,0.0
600075.SH,新疆天业,20150730,0.0
600075.SH,新疆天业,20150729,0.0
600075.SH,新疆天业,20150728,0.0
600075.SH,新疆天业,20150727,0.0
600075.SH,新疆天业,20150726,0.0
600075.SH,新疆天业,20150725,0.0
600075.SH,新疆天业,20150724,0.0
600075.SH,新疆天业,20150723,0.0
600075.SH,新疆天业,20150722,0.0
600075.SH,新疆天业,20150721,0.0
600075.SH,新疆天业,20150720,0.0
600075.SH,新疆天业,20150719,0.0
600075.SH,新疆天业,20150718,0.0
600075.SH,新疆天业,20150717,0.0
600075.SH,新疆天业,20150716,0.0
600075.SH,新疆天业,20150715,0.0
600075.SH,新疆天业,20150714,0.0
600075.SH,新疆天业,20150713,0.0
600075.SH,新疆天业,20150712,0.0
600075.SH,新疆天业,20150711,0.0
600075.SH,新疆天业,20150710,0.0
600075.SH,新疆天业,20150709,0.0
600075.SH,新疆天业,20150708,0.0
600075.SH,新疆天业,20150707,0.0
600075.SH,新疆天业,20150706,0.0
600075.SH,新疆天业,20150705,0.0
600075.SH,新疆天业,20150704,0.0
600075.SH,新疆天业,20150703,0.0
600075.SH,新疆天业,20150702,0.0
600075.SH,新疆天业,20150701,0.0
600075.SH,新疆天业,20150630,14.367405289492
600075.SH,新疆天业,20150629,14.367405289492
600075.SH,新疆天业,20150628,14.367405289492
600075.SH,新疆天业,20150627,14.367405289492
600075.SH,新疆天业,20150626,14.367405289492
600075.SH,新疆天业,20150625,14.367405289492
600075.SH,新疆天业,20150624,14.367405289492
600075.SH,新疆天业,20150623,14.367405289492
600075.SH,新疆天业,20150622,14.367405289492
600075.SH,新疆天业,20150621,14.367405289492
600075.SH,新疆天业,20150620,14.367405289492
600075.SH,新疆天业,20150619,14.367405289492
600075.SH,新疆天业,20150618,14.367405289492
600075.SH,新疆天业,20150617,14.367405289492
600075.SH,新疆天业,20150616,14.367405289492
600075.SH,新疆天业,20150615,14.367405289492
600075.SH,新疆天业,20150614,14.367405289492
600075.SH,新疆天业,20150613,14.367405289492
600075.SH,新疆天业,20150612,14.367405289492
600075.SH,新疆天业,20150611,14.367405289492
600075.SH,新疆天业,20150610,14.367405289492
600075.SH,新疆天业,20150609,14.367405289492
600075.SH,新疆天业,20150608,14.367405289492
600075.SH,新疆天业,20150607,14.367405289492
600075.SH,新疆天业,20150606,14.367405289492
600075.SH,新疆天业,20150605,14.367405289492
600075.SH,新疆天业,20150604,14.367405289492
600075.SH,新疆天业,20150603,14.367405289492
600075.SH,新疆天业,20150602,14.367405289492
600075.SH,新疆天业,20150601,14.367405289492
600075.SH,新疆天业,20150531,36.754643206256
600075.SH,新疆天业,20150530,36.754643206256
600075.SH,新疆天业,20150529,36.754643206256
600075.SH,新疆天业,20150528,36.754643206256
600075.SH,新疆天业,20150527,36.754643206256
600075.SH,新疆天业,20150526,36.754643206256
600075.SH,新疆天业,20150525,36.754643206256
600075.SH,新疆天业,20150524,36.754643206256
600075.SH,新疆天业,20150523,36.754643206256
600075.SH,新疆天业,20150522,36.754643206256
600075.SH,新疆天业,20150521,36.754643206256
600075.SH,新疆天业,20150520,36.754643206256
600075.SH,新疆天业,20150519,36.754643206256
600075.SH,新疆天业,20150518,36.754643206256
600075.SH,新疆天业,20150517,36.754643206256
600075.SH,新疆天业,20150516,36.754643206256
600075.SH,新疆天业,20150515,36.754643206256
600075.SH,新疆天业,20150514,36.754643206256
600075.SH,新疆天业,20150513,36.754643206256
600075.SH,新疆天业,20150512,36.754643206256
600075.SH,新疆天业,20150511,36.754643206256
600075.SH,新疆天业,20150510,36.754643206256
600075.SH,新疆天业,20150509,36.754643206256
600075.SH,新疆天业,20150508,36.754643206256
600075.SH,新疆天业,20150507,36.754643206256
600075.SH,新疆天业,20150506,36.754643206256
600075.SH,新疆天业,20150505,36.754643206256
600075.SH,新疆天业,20150504,36.754643206256
600075.SH,新疆天业,20150503,36.754643206256
600075.SH,新疆天业,20150502,36.754643206256
600075.SH,新疆天业,20150501,36.754643206256
600075.SH,新疆天业,20150430,9.1782283884739
600075.SH,新疆天业,20150429,9.1782283884739
600075.SH,新疆天业,20150428,9.1782283884739
600075.SH,新疆天业,20150427,9.1782283884739
600075.SH,新疆天业,20150426,9.1782283884739
600075.SH,新疆天业,20150425,9.1782283884739
600075.SH,新疆天业,20150424,9.1782283884739
600075.SH,新疆天业,20150423,9.1782283884739
600075.SH,新疆天业,20150422,9.1782283884739
600075.SH,新疆天业,20150421,9.1782283884739
600075.SH,新疆天业,20150420,9.1782283884739
600075.SH,新疆天业,20150419,9.1782283884739
600075.SH,新疆天业,20150418,9.1782283884739
600075.SH,新疆天业,20150417,9.1782283884739
600075.SH,新疆天业,20150416,9.1782283884739
600075.SH,新疆天业,20150415,9.1782283884739
600075.SH,新疆天业,20150414,9.1782283884739
600075.SH,新疆天业,20150413,9.1782283884739
600075.SH,新疆天业,20150412,9.1782283884739
600075.SH,新疆天业,20150411,9.1782283884739
600075.SH,新疆天业,20150410,9.1782283884739
600075.SH,新疆天业,20150409,9.1782283884739
600075.SH,新疆天业,20150408,9.1782283884739
600075.SH,新疆天业,20150407,9.1782283884739
600075.SH,新疆天业,20150406,9.1782283884739
600075.SH,新疆天业,20150405,9.1782283884739
600075.SH,新疆天业,20150404,9.1782283884739
600075.SH,新疆天业,20150403,9.1782283884739
600075.SH,新疆天业,20150402,9.1782283884739
600075.SH,新疆天业,20150401,9.1782283884739
600075.SH,新疆天业,20150331,29.419889502762
600075.SH,新疆天业,20150330,29.419889502762
600075.SH,新疆天业,20150329,29.419889502762
600075.SH,新疆天业,20150328,29.419889502762
600075.SH,新疆天业,20150327,29.419889502762
600075.SH,新疆天业,20150326,29.419889502762
600075.SH,新疆天业,20150325,29.419889502762
600075.SH,新疆天业,20150324,29.419889502762
600075.SH,新疆天业,20150323,29.419889502762
600075.SH,新疆天业,20150322,29.419889502762
600075.SH,新疆天业,20150321,29.419889502762
600075.SH,新疆天业,20150320,29.419889502762
600075.SH,新疆天业,20150319,29.419889502762
600075.SH,新疆天业,20150318,29.419889502762
600075.SH,新疆天业,20150317,29.419889502762
600075.SH,新疆天业,20150316,29.419889502762
600075.SH,新疆天业,20150315,29.419889502762
600075.SH,新疆天业,20150314,29.419889502762
600075.SH,新疆天业,20150313,29.419889502762
600075.SH,新疆天业,20150312,29.419889502762
600075.SH,新疆天业,20150311,29.419889502762
600075.SH,新疆天业,20150310,29.419889502762
600075.SH,新疆天业,20150309,29.419889502762
600075.SH,新疆天业,20150308,29.419889502762
600075.SH,新疆天业,20150307,29.419889502762
600075.SH,新疆天业,20150306,29.419889502762
600075.SH,新疆天业,20150305,29.419889502762
600075.SH,新疆天业,20150304,29.419889502762
600075.SH,新疆天业,20150303,29.419889502762
600075.SH,新疆天业,20150302,29.419889502762
600075.SH,新疆天业,20150301,29.419889502762
600075.SH,新疆天业,20150228,3.7249283667622
600075.SH,新疆天业,20150227,3.7249283667622
600075.SH,新疆天业,20150226,3.7249283667622
600075.SH,新疆天业,20150225,3.7249283667622
600075.SH,新疆天业,20150224,3.7249283667622
600075.SH,新疆天业,20150223,3.7249283667622
600075.SH,新疆天业,20150222,3.7249283667622
600075.SH,新疆天业,20150221,3.7249283667622
600075.SH,新疆天业,20150220,3.7249283667622
600075.SH,新疆天业,20150219,3.7249283667622
600075.SH,新疆天业,20150218,3.7249283667622
600075.SH,新疆天业,20150217,3.7249283667622
600075.SH,新疆天业,20150216,3.7249283667622
600075.SH,新疆天业,20150215,3.7249283667622
600075.SH,新疆天业,20150214,3.7249283667622
600075.SH,新疆天业,20150213,3.7249283667622
600075.SH,新疆天业,20150212,3.7249283667622
600075.SH,新疆天业,20150211,3.7249283667622
600075.SH,新疆天业,20150210,3.7249283667622
600075.SH,新疆天业,20150209,3.7249283667622
600075.SH,新疆天业,20150208,3.7249283667622
600075.SH,新疆天业,20150207,3.7249283667622
600075.SH,新疆天业,20150206,3.7249283667622
600075.SH,新疆天业,20150205,3.7249283667622
600075.SH,新疆天业,20150204,3.7249283667622
600075.SH,新疆天业,20150203,3.7249283667622
600075.SH,新疆天业,20150202,3.7249283667622
600075.SH,新疆天业,20150201,3.7249283667622
600075.SH,新疆天业,20150131,7.2196620583717
600075.SH,新疆天业,20150130,7.2196620583717
600075.SH,新疆天业,20150129,7.2196620583717
600075.SH,新疆天业,20150128,7.2196620583717
600075.SH,新疆天业,20150127,7.2196620583717
600075.SH,新疆天业,20150126,7.2196620583717
600075.SH,新疆天业,20150125,7.2196620583717
600075.SH,新疆天业,20150124,7.2196620583717
600075.SH,新疆天业,20150123,7.2196620583717
600075.SH,新疆天业,20150122,7.2196620583717
600075.SH,新疆天业,20150121,7.2196620583717
600075.SH,新疆天业,20150120,7.2196620583717
600075.SH,新疆天业,20150119,7.2196620583717
600075.SH,新疆天业,20150118,7.2196620583717
600075.SH,新疆天业,20150117,7.2196620583717
600075.SH,新疆天业,20150116,7.2196620583717
600075.SH,新疆天业,20150115,7.2196620583717
600075.SH,新疆天业,20150114,7.2196620583717
600075.SH,新疆天业,20150113,7.2196620583717
600075.SH,新疆天业,20150112,7.2196620583717
600075.SH,新疆天业,20150111,7.2196620583717
600075.SH,新疆天业,20150110,7.2196620583717
600075.SH,新疆天业,20150109,7.2196620583717
600075.SH,新疆天业,20150108,7.2196620583717
600075.SH,新疆天业,20150107,7.2196620583717
600075.SH,新疆天业,20150106,7.2196620583717
600075.SH,新疆天业,20150105,7.2196620583717
600075.SH,新疆天业,20150104,7.2196620583717
600075.SH,新疆天业,20150103,7.2196620583717
600075.SH,新疆天业,20150102,7.2196620583717
600075.SH,新疆天业,20150101,7.2196620583717
600075.SH,新疆天业,20141231,-7.3968705547653
600075.SH,新疆天业,20141230,-7.3968705547653
600075.SH,新疆天业,20141229,-7.3968705547653
600075.SH,新疆天业,20141228,-7.3968705547653
600075.SH,新疆天业,20141227,-7.3968705547653
600075.SH,新疆天业,20141226,-7.3968705547653
600075.SH,新疆天业,20141225,-7.3968705547653
600075.SH,新疆天业,20141224,-7.3968705547653
600075.SH,新疆天业,20141223,-7.3968705547653
600075.SH,新疆天业,20141222,-7.3968705547653
600075.SH,新疆天业,20141221,-7.3968705547653
600075.SH,新疆天业,20141220,-7.3968705547653
600075.SH,新疆天业,20141219,-7.3968705547653
600075.SH,新疆天业,20141218,-7.3968705547653
600075.SH,新疆天业,20141217,-7.3968705547653
600075.SH,新疆天业,20141216,-7.3968705547653
600075.SH,新疆天业,20141215,-7.3968705547653
600075.SH,新疆天业,20141214,-7.3968705547653
600075.SH,新疆天业,20141213,-7.3968705547653
600075.SH,新疆天业,20141212,-7.3968705547653
600075.SH,新疆天业,20141211,-7.3968705547653
600075.SH,新疆天业,20141210,-7.3968705547653
600075.SH,新疆天业,20141209,-7.3968705547653
600075.SH,新疆天业,20141208,-7.3968705547653
600075.SH,新疆天业,20141207,-7.3968705547653
600075.SH,新疆天业,20141206,-7.3968705547653
600075.SH,新疆天业,20141205,-7.3968705547653
600075.SH,新疆天业,20141204,-7.3968705547653
600075.SH,新疆天业,20141203,-7.3968705547653
600075.SH,新疆天业,20141202,-7.3968705547653
600075.SH,新疆天业,20141201,-7.3968705547653
600075.SH,新疆天业,20141130,0.42857142857143
600075.SH,新疆天业,20141129,0.42857142857143
600075.SH,新疆天业,20141128,0.42857142857143
600075.SH,新疆天业,20141127,0.42857142857143
600075.SH,新疆天业,20141126,0.42857142857143
600075.SH,新疆天业,20141125,0.42857142857143
600075.SH,新疆天业,20141124,0.42857142857143
600075.SH,新疆天业,20141123,0.42857142857143
600075.SH,新疆天业,20141122,0.42857142857143
600075.SH,新疆天业,20141121,0.42857142857143
600075.SH,新疆天业,20141120,0.42857142857143
600075.SH,新疆天业,20141119,0.42857142857143
600075.SH,新疆天业,20141118,0.42857142857143
600075.SH,新疆天业,20141117,0.42857142857143
600075.SH,新疆天业,20141116,0.42857142857143
600075.SH,新疆天业,20141115,0.42857142857143
600075.SH,新疆天业,20141114,0.42857142857143
600075.SH,新疆天业,20141113,0.42857142857143
600075.SH,新疆天业,20141112,0.42857142857143
600075.SH,新疆天业,20141111,0.42857142857143
600075.SH,新疆天业,20141110,0.42857142857143
600075.SH,新疆天业,20141109,0.42857142857143
600075.SH,新疆天业,20141108,0.42857142857143
600075.SH,新疆天业,20141107,0.42857142857143
600075.SH,新疆天业,20141106,0.42857142857143
600075.SH,新疆天业,20141105,0.42857142857143
600075.SH,新疆天业,20141104,0.42857142857143
600075.SH,新疆天业,20141103,0.42857142857143
600075.SH,新疆天业,20141102,0.42857142857143
600075.SH,新疆天业,20141101,0.42857142857143
600075.SH,新疆天业,20141031,0.43041606886657
600075.SH,新疆天业,20141030,0.43041606886657
600075.SH,新疆天业,20141029,0.43041606886657
600075.SH,新疆天业,20141028,0.43041606886657
600075.SH,新疆天业,20141027,0.43041606886657
600075.SH,新疆天业,20141026,0.43041606886657
600075.SH,新疆天业,20141025,0.43041606886657
600075.SH,新疆天业,20141024,0.43041606886657
600075.SH,新疆天业,20141023,0.43041606886657
600075.SH,新疆天业,20141022,0.43041606886657
600075.SH,新疆天业,20141021,0.43041606886657
600075.SH,新疆天业,20141020,0.43041606886657
600075.SH,新疆天业,20141019,0.43041606886657
600075.SH,新疆天业,20141018,0.43041606886657
600075.SH,新疆天业,20141017,0.43041606886657
600075.SH,新疆天业,20141016,0.43041606886657
600075.SH,新疆天业,20141015,0.43041606886657
600075.SH,新疆天业,20141014,0.43041606886657
600075.SH,新疆天业,20141013,0.43041606886657
600075.SH,新疆天业,20141012,0.43041606886657
600075.SH,新疆天业,20141011,0.43041606886657
600075.SH,新疆天业,20141010,0.43041606886657
600075.SH,新疆天业,20141009,0.43041606886657
600075.SH,新疆天业,20141008,0.43041606886657
600075.SH,新疆天业,20141007,0.43041606886657
600075.SH,新疆天业,20141006,0.43041606886657
600075.SH,新疆天业,20141005,0.43041606886657
600075.SH,新疆天业,20141004,0.43041606886657
600075.SH,新疆天业,20141003,0.43041606886657
600075.SH,新疆天业,20141002,0.43041606886657
600075.SH,新疆天业,20141001,0.43041606886657
600075.SH,新疆天业,20140930,19.759450171821
600075.SH,新疆天业,20140929,19.759450171821
600075.SH,新疆天业,20140928,19.759450171821
600075.SH,新疆天业,20140927,19.759450171821
600075.SH,新疆天业,20140926,19.759450171821
600075.SH,新疆天业,20140925,19.759450171821
600075.SH,新疆天业,20140924,19.759450171821
600075.SH,新疆天业,20140923,19.759450171821
600075.SH,新疆天业,20140922,19.759450171821
600075.SH,新疆天业,20140921,19.759450171821
600075.SH,新疆天业,20140920,19.759450171821
600075.SH,新疆天业,20140919,19.759450171821
600075.SH,新疆天业,20140918,19.759450171821
600075.SH,新疆天业,20140917,19.759450171821
600075.SH,新疆天业,20140916,19.759450171821
600075.SH,新疆天业,20140915,19.759450171821
600075.SH,新疆天业,20140914,19.759450171821
600075.SH,新疆天业,20140913,19.759450171821
600075.SH,新疆天业,20140912,19.759450171821
600075.SH,新疆天业,20140911,19.759450171821
600075.SH,新疆天业,20140910,19.759450171821
600075.SH,新疆天业,20140909,19.759450171821
600075.SH,新疆天业,20140908,19.759450171821
600075.SH,新疆天业,20140907,19.759450171821
600075.SH,新疆天业,20140906,19.759450171821
600075.SH,新疆天业,20140905,19.759450171821
600075.SH,新疆天业,20140904,19.759450171821
600075.SH,新疆天业,20140903,19.759450171821
600075.SH,新疆天业,20140902,19.759450171821
600075.SH,新疆天业,20140901,19.759450171821
600075.SH,新疆天业,20140831,4.3010752688172
600075.SH,新疆天业,20140830,4.3010752688172
600075.SH,新疆天业,20140829,4.3010752688172
600075.SH,新疆天业,20140828,4.3010752688172
600075.SH,新疆天业,20140827,4.3010752688172
600075.SH,新疆天业,20140826,4.3010752688172
600075.SH,新疆天业,20140825,4.3010752688172
600075.SH,新疆天业,20140824,4.3010752688172
600075.SH,新疆天业,20140823,4.3010752688172
600075.SH,新疆天业,20140822,4.3010752688172
600075.SH,新疆天业,20140821,4.3010752688172
600075.SH,新疆天业,20140820,4.3010752688172
600075.SH,新疆天业,20140819,4.3010752688172
600075.SH,新疆天业,20140818,4.3010752688172
600075.SH,新疆天业,20140817,4.3010752688172
600075.SH,新疆天业,20140816,4.3010752688172
600075.SH,新疆天业,20140815,4.3010752688172
600075.SH,新疆天业,20140814,4.3010752688172
600075.SH,新疆天业,20140813,4.3010752688172
600075.SH,新疆天业,20140812,4.3010752688172
600075.SH,新疆天业,20140811,4.3010752688172
600075.SH,新疆天业,20140810,4.3010752688172
600075.SH,新疆天业,20140809,4.3010752688172
600075.SH,新疆天业,20140808,4.3010752688172
600075.SH,新疆天业,20140807,4.3010752688172
600075.SH,新疆天业,20140806,4.3010752688172
600075.SH,新疆天业,20140805,4.3010752688172
600075.SH,新疆天业,20140804,4.3010752688172
600075.SH,新疆天业,20140803,4.3010752688172
600075.SH,新疆天业,20140802,4.3010752688172
600075.SH,新疆天业,20140801,4.3010752688172
600075.SH,新疆天业,20140731,13.645621181263
600075.SH,新疆天业,20140730,13.645621181263
600075.SH,新疆天业,20140729,13.645621181263
600075.SH,新疆天业,20140728,13.645621181263
600075.SH,新疆天业,20140727,13.645621181263
600075.SH,新疆天业,20140726,13.645621181263
600075.SH,新疆天业,20140725,13.645621181263
600075.SH,新疆天业,20140724,13.645621181263
600075.SH,新疆天业,20140723,13.645621181263
600075.SH,新疆天业,20140722,13.645621181263
600075.SH,新疆天业,20140721,13.645621181263
600075.SH,新疆天业,20140720,13.645621181263
600075.SH,新疆天业,20140719,13.645621181263
600075.SH,新疆天业,20140718,13.645621181263
600075.SH,新疆天业,20140717,13.645621181263
600075.SH,新疆天业,20140716,13.645621181263
600075.SH,新疆天业,20140715,13.645621181263
600075.SH,新疆天业,20140714,13.645621181263
600075.SH,新疆天业,20140713,13.645621181263
600075.SH,新疆天业,20140712,13.645621181263
600075.SH,新疆天业,20140711,13.645621181263
600075.SH,新疆天业,20140710,13.645621181263
600075.SH,新疆天业,20140709,13.645621181263
600075.SH,新疆天业,20140708,13.645621181263
600075.SH,新疆天业,20140707,13.645621181263
600075.SH,新疆天业,20140706,13.645621181263
600075.SH,新疆天业,20140705,13.645621181263
600075.SH,新疆天业,20140704,13.645621181263
600075.SH,新疆天业,20140703,13.645621181263
600075.SH,新疆天业,20140702,13.645621181263
600075.SH,新疆天业,20140701,13.645621181263
600075.SH,新疆天业,20140630,-7.1833648393195
600075.SH,新疆天业,20140629,-7.1833648393195
600075.SH,新疆天业,20140628,-7.1833648393195
600075.SH,新疆天业,20140627,-7.1833648393195
600075.SH,新疆天业,20140626,-7.1833648393195
600075.SH,新疆天业,20140625,-7.1833648393195
600075.SH,新疆天业,20140624,-7.1833648393195
600075.SH,新疆天业,20140623,-7.1833648393195
600075.SH,新疆天业,20140622,-7.1833648393195
600075.SH,新疆天业,20140621,-7.1833648393195
600075.SH,新疆天业,20140620,-7.1833648393195
600075.SH,新疆天业,20140619,-7.1833648393195
600075.SH,新疆天业,20140618,-7.1833648393195
600075.SH,新疆天业,20140617,-7.1833648393195
600075.SH,新疆天业,20140616,-7.1833648393195
600075.SH,新疆天业,20140615,-7.1833648393195
600075.SH,新疆天业,20140614,-7.1833648393195
600075.SH,新疆天业,20140613,-7.1833648393195
600075.SH,新疆天业,20140612,-7.1833648393195
600075.SH,新疆天业,20140611,-7.1833648393195
600075.SH,新疆天业,20140610,-7.1833648393195
600075.SH,新疆天业,20140609,-7.1833648393195
600075.SH,新疆天业,20140608,-7.1833648393195
600075.SH,新疆天业,20140607,-7.1833648393195
600075.SH,新疆天业,20140606,-7.1833648393195
600075.SH,新疆天业,20140605,-7.1833648393195
600075.SH,新疆天业,20140604,-7.1833648393195
600075.SH,新疆天业,20140603,-7.1833648393195
600075.SH,新疆天业,20140602,-7.1833648393195
600075.SH,新疆天业,20140601,-7.1833648393195
600075.SH,新疆天业,20140531,-23.554913294798
600075.SH,新疆天业,20140530,-23.554913294798
600075.SH,新疆天业,20140529,-23.554913294798
600075.SH,新疆天业,20140528,-23.554913294798
600075.SH,新疆天业,20140527,-23.554913294798
600075.SH,新疆天业,20140526,-23.554913294798
600075.SH,新疆天业,20140525,-23.554913294798
600075.SH,新疆天业,20140524,-23.554913294798
600075.SH,新疆天业,20140523,-23.554913294798
600075.SH,新疆天业,20140522,-23.554913294798
600075.SH,新疆天业,20140521,-23.554913294798
600075.SH,新疆天业,20140520,-23.554913294798
600075.SH,新疆天业,20140519,-23.554913294798
600075.SH,新疆天业,20140518,-23.554913294798
600075.SH,新疆天业,20140517,-23.554913294798
600075.SH,新疆天业,20140516,-23.554913294798
600075.SH,新疆天业,20140515,-23.554913294798
600075.SH,新疆天业,20140514,-23.554913294798
600075.SH,新疆天业,20140513,-23.554913294798
600075.SH,新疆天业,20140512,-23.554913294798
600075.SH,新疆天业,20140511,-23.554913294798
600075.SH,新疆天业,20140510,-23.554913294798
600075.SH,新疆天业,20140509,-23.554913294798
600075.SH,新疆天业,20140508,-23.554913294798
600075.SH,新疆天业,20140507,-23.554913294798
600075.SH,新疆天业,20140506,-23.554913294798
600075.SH,新疆天业,20140505,-23.554913294798
600075.SH,新疆天业,20140504,-23.554913294798
600075.SH,新疆天业,20140503,-23.554913294798
600075.SH,新疆天业,20140502,-23.554913294798
600075.SH,新疆天业,20140501,-23.554913294798
600075.SH,新疆天业,20140430,0.0
600075.SH,新疆天业,20140429,0.0
600075.SH,新疆天业,20140428,0.0
600075.SH,新疆天业,20140427,0.0
600075.SH,新疆天业,20140426,0.0
600075.SH,新疆天业,20140425,0.0
600075.SH,新疆天业,20140424,0.0
600075.SH,新疆天业,20140423,0.0
600075.SH,新疆天业,20140422,0.0
600075.SH,新疆天业,20140421,0.0
600075.SH,新疆天业,20140420,0.0
600075.SH,新疆天业,20140419,0.0
600075.SH,新疆天业,20140418,0.0
600075.SH,新疆天业,20140417,0.0
600075.SH,新疆天业,20140416,0.0
600075.SH,新疆天业,20140415,0.0
600075.SH,新疆天业,20140414,0.0
600075.SH,新疆天业,20140413,0.0
600075.SH,新疆天业,20140412,0.0
600075.SH,新疆天业,20140411,0.0
600075.SH,新疆天业,20140410,0.0
600075.SH,新疆天业,20140409,0.0
600075.SH,新疆天业,20140408,0.0
600075.SH,新疆天业,20140407,0.0
600075.SH,新疆天业,20140406,0.0
600075.SH,新疆天业,20140405,0.0
600075.SH,新疆天业,20140404,0.0
600075.SH,新疆天业,20140403,0.0
600075.SH,新疆天业,20140402,0.0
600075.SH,新疆天业,20140401,0.0
600075.SH,新疆天业,20140331,0.0
600075.SH,新疆天业,20140330,0.0
600075.SH,新疆天业,20140329,0.0
600075.SH,新疆天业,20140328,0.0
600075.SH,新疆天业,20140327,0.0
600075.SH,新疆天业,20140326,0.0
600075.SH,新疆天业,20140325,0.0
600075.SH,新疆天业,20140324,0.0
600075.SH,新疆天业,20140323,0.0
600075.SH,新疆天业,20140322,0.0
600075.SH,新疆天业,20140321,0.0
600075.SH,新疆天业,20140320,0.0
600075.SH,新疆天业,20140319,0.0
600075.SH,新疆天业,20140318,0.0
600075.SH,新疆天业,20140317,0.0
600075.SH,新疆天业,20140316,0.0
600075.SH,新疆天业,20140315,0.0
600075.SH,新疆天业,20140314,0.0
600075.SH,新疆天业,20140313,0.0
600075.SH,新疆天业,20140312,0.0
600075.SH,新疆天业,20140311,0.0
600075.SH,新疆天业,20140310,0.0
600075.SH,新疆天业,20140309,0.0
600075.SH,新疆天业,20140308,0.0
600075.SH,新疆天业,20140307,0.0
600075.SH,新疆天业,20140306,0.0
600075.SH,新疆天业,20140305,0.0
600075.SH,新疆天业,20140304,0.0
600075.SH,新疆天业,20140303,0.0
600075.SH,新疆天业,20140302,0.0
600075.SH,新疆天业,20140301,0.0
600075.SH,新疆天业,20140228,0.0
600075.SH,新疆天业,20140227,0.0
600075.SH,新疆天业,20140226,0.0
600075.SH,新疆天业,20140225,0.0
600075.SH,新疆天业,20140224,0.0
600075.SH,新疆天业,20140223,0.0
600075.SH,新疆天业,20140222,0.0
600075.SH,新疆天业,20140221,0.0
600075.SH,新疆天业,20140220,0.0
600075.SH,新疆天业,20140219,0.0
600075.SH,新疆天业,20140218,0.0
600075.SH,新疆天业,20140217,0.0
600075.SH,新疆天业,20140216,0.0
600075.SH,新疆天业,20140215,0.0
600075.SH,新疆天业,20140214,0.0
600075.SH,新疆天业,20140213,0.0
600075.SH,新疆天业,20140212,0.0
600075.SH,新疆天业,20140211,0.0
600075.SH,新疆天业,20140210,0.0
600075.SH,新疆天业,20140209,0.0
600075.SH,新疆天业,20140208,0.0
600075.SH,新疆天业,20140207,0.0
600075.SH,新疆天业,20140206,0.0
600075.SH,新疆天业,20140205,0.0
600075.SH,新疆天业,20140204,0.0
600075.SH,新疆天业,20140203,0.0
600075.SH,新疆天业,20140202,0.0
600075.SH,新疆天业,20140201,0.0
600075.SH,新疆天业,20140131,7.7881619937695
600075.SH,新疆天业,20140130,7.7881619937695
600075.SH,新疆天业,20140129,7.7881619937695
600075.SH,新疆天业,20140128,7.7881619937695
600075.SH,新疆天业,20140127,7.7881619937695
600075.SH,新疆天业,20140126,7.7881619937695
600075.SH,新疆天业,20140125,7.7881619937695
600075.SH,新疆天业,20140124,7.7881619937695
600075.SH,新疆天业,20140123,7.7881619937695
600075.SH,新疆天业,20140122,7.7881619937695
600075.SH,新疆天业,20140121,7.7881619937695
600075.SH,新疆天业,20140120,7.7881619937695
600075.SH,新疆天业,20140119,7.7881619937695
600075.SH,新疆天业,20140118,7.7881619937695
600075.SH,新疆天业,20140117,7.7881619937695
600075.SH,新疆天业,20140116,7.7881619937695
600075.SH,新疆天业,20140115,7.7881619937695
600075.SH,新疆天业,20140114,7.7881619937695
600075.SH,新疆天业,20140113,7.7881619937695
600075.SH,新疆天业,20140112,7.7881619937695
600075.SH,新疆天业,20140111,7.7881619937695
600075.SH,新疆天业,20140110,7.7881619937695
600075.SH,新疆天业,20140109,7.7881619937695
600075.SH,新疆天业,20140108,7.7881619937695
600075.SH,新疆天业,20140107,7.7881619937695
600075.SH,新疆天业,20140106,7.7881619937695
600075.SH,新疆天业,20140105,7.7881619937695
600075.SH,新疆天业,20140104,7.7881619937695
600075.SH,新疆天业,20140103,7.7881619937695
600075.SH,新疆天业,20140102,7.7881619937695
600075.SH,新疆天业,20140101,7.7881619937695
600075.SH,新疆天业,20131231,-7.7586206896552
600075.SH,新疆天业,20131230,-7.7586206896552
600075.SH,新疆天业,20131229,-7.7586206896552
600075.SH,新疆天业,20131228,-7.7586206896552
600075.SH,新疆天业,20131227,-7.7586206896552
600075.SH,新疆天业,20131226,-7.7586206896552
600075.SH,新疆天业,20131225,-7.7586206896552
600075.SH,新疆天业,20131224,-7.7586206896552
600075.SH,新疆天业,20131223,-7.7586206896552
600075.SH,新疆天业,20131222,-7.7586206896552
600075.SH,新疆天业,20131221,-7.7586206896552
600075.SH,新疆天业,20131220,-7.7586206896552
600075.SH,新疆天业,20131219,-7.7586206896552
600075.SH,新疆天业,20131218,-7.7586206896552
600075.SH,新疆天业,20131217,-7.7586206896552
600075.SH,新疆天业,20131216,-7.7586206896552
600075.SH,新疆天业,20131215,-7.7586206896552
600075.SH,新疆天业,20131214,-7.7586206896552
600075.SH,新疆天业,20131213,-7.7586206896552
600075.SH,新疆天业,20131212,-7.7586206896552
600075.SH,新疆天业,20131211,-7.7586206896552
600075.SH,新疆天业,20131210,-7.7586206896552
600075.SH,新疆天业,20131209,-7.7586206896552
600075.SH,新疆天业,20131208,-7.7586206896552
600075.SH,新疆天业,20131207,-7.7586206896552
600075.SH,新疆天业,20131206,-7.7586206896552
600075.SH,新疆天业,20131205,-7.7586206896552
600075.SH,新疆天业,20131204,-7.7586206896552
600075.SH,新疆天业,20131203,-7.7586206896552
600075.SH,新疆天业,20131202,-7.7586206896552
600075.SH,新疆天业,20131201,-7.7586206896552
600075.SH,新疆天业,20131130,12.258064516129
600075.SH,新疆天业,20131129,12.258064516129
600075.SH,新疆天业,20131128,12.258064516129
600075.SH,新疆天业,20131127,12.258064516129
600075.SH,新疆天业,20131126,12.258064516129
600075.SH,新疆天业,20131125,12.258064516129
600075.SH,新疆天业,20131124,12.258064516129
600075.SH,新疆天业,20131123,12.258064516129
600075.SH,新疆天业,20131122,12.258064516129
600075.SH,新疆天业,20131121,12.258064516129
600075.SH,新疆天业,20131120,12.258064516129
600075.SH,新疆天业,20131119,12.258064516129
600075.SH,新疆天业,20131118,12.258064516129
600075.SH,新疆天业,20131117,12.258064516129
600075.SH,新疆天业,20131116,12.258064516129
600075.SH,新疆天业,20131115,12.258064516129
600075.SH,新疆天业,20131114,12.258064516129
600075.SH,新疆天业,20131113,12.258064516129
600075.SH,新疆天业,20131112,12.258064516129
600075.SH,新疆天业,20131111,12.258064516129
600075.SH,新疆天业,20131110,12.258064516129
600075.SH,新疆天业,20131109,12.258064516129
600075.SH,新疆天业,20131108,12.258064516129
600075.SH,新疆天业,20131107,12.258064516129
600075.SH,新疆天业,20131106,12.258064516129
600075.SH,新疆天业,20131105,12.258064516129
600075.SH,新疆天业,20131104,12.258064516129
600075.SH,新疆天业,20131103,12.258064516129
600075.SH,新疆天业,20131102,12.258064516129
600075.SH,新疆天业,20131101,12.258064516129
600075.SH,新疆天业,20131031,-10.662824207493
600075.SH,新疆天业,20131030,-10.662824207493
600075.SH,新疆天业,20131029,-10.662824207493
600075.SH,新疆天业,20131028,-10.662824207493
600075.SH,新疆天业,20131027,-10.662824207493
600075.SH,新疆天业,20131026,-10.662824207493
600075.SH,新疆天业,20131025,-10.662824207493
600075.SH,新疆天业,20131024,-10.662824207493
600075.SH,新疆天业,20131023,-10.662824207493
600075.SH,新疆天业,20131022,-10.662824207493
600075.SH,新疆天业,20131021,-10.662824207493
600075.SH,新疆天业,20131020,-10.662824207493
600075.SH,新疆天业,20131019,-10.662824207493
600075.SH,新疆天业,20131018,-10.662824207493
600075.SH,新疆天业,20131017,-10.662824207493
600075.SH,新疆天业,20131016,-10.662824207493
600075.SH,新疆天业,20131015,-10.662824207493
600075.SH,新疆天业,20131014,-10.662824207493
600075.SH,新疆天业,20131013,-10.662824207493
600075.SH,新疆天业,20131012,-10.662824207493
600075.SH,新疆天业,20131011,-10.662824207493
600075.SH,新疆天业,20131010,-10.662824207493
600075.SH,新疆天业,20131009,-10.662824207493
600075.SH,新疆天业,20131008,-10.662824207493
600075.SH,新疆天业,20131007,-10.662824207493
600075.SH,新疆天业,20131006,-10.662824207493
600075.SH,新疆天业,20131005,-10.662824207493
600075.SH,新疆天业,20131004,-10.662824207493
600075.SH,新疆天业,20131003,-10.662824207493
600075.SH,新疆天业,20131002,-10.662824207493
600075.SH,新疆天业,20131001,-10.662824207493
600075.SH,新疆天业,20130930,-4.6703296703297
600075.SH,新疆天业,20130929,-4.6703296703297
600075.SH,新疆天业,20130928,-4.6703296703297
600075.SH,新疆天业,20130927,-4.6703296703297
600075.SH,新疆天业,20130926,-4.6703296703297
600075.SH,新疆天业,20130925,-4.6703296703297
600075.SH,新疆天业,20130924,-4.6703296703297
600075.SH,新疆天业,20130923,-4.6703296703297
600075.SH,新疆天业,20130922,-4.6703296703297
600075.SH,新疆天业,20130921,-4.6703296703297
600075.SH,新疆天业,20130920,-4.6703296703297
600075.SH,新疆天业,20130919,-4.6703296703297
600075.SH,新疆天业,20130918,-4.6703296703297
600075.SH,新疆天业,20130917,-4.6703296703297
600075.SH,新疆天业,20130916,-4.6703296703297
600075.SH,新疆天业,20130915,-4.6703296703297
600075.SH,新疆天业,20130914,-4.6703296703297
600075.SH,新疆天业,20130913,-4.6703296703297
600075.SH,新疆天业,20130912,-4.6703296703297
600075.SH,新疆天业,20130911,-4.6703296703297
600075.SH,新疆天业,20130910,-4.6703296703297
600075.SH,新疆天业,20130909,-4.6703296703297
600075.SH,新疆天业,20130908,-4.6703296703297
600075.SH,新疆天业,20130907,-4.6703296703297
600075.SH,新疆天业,20130906,-4.6703296703297
600075.SH,新疆天业,20130905,-4.6703296703297
600075.SH,新疆天业,20130904,-4.6703296703297
600075.SH,新疆天业,20130903,-4.6703296703297
600075.SH,新疆天业,20130902,-4.6703296703297
600075.SH,新疆天业,20130901,-4.6703296703297
600075.SH,新疆天业,20130831,14.826498422713
600075.SH,新疆天业,20130830,14.826498422713
600075.SH,新疆天业,20130829,14.826498422713
600075.SH,新疆天业,20130828,14.826498422713
600075.SH,新疆天业,20130827,14.826498422713
600075.SH,新疆天业,20130826,14.826498422713
600075.SH,新疆天业,20130825,14.826498422713
600075.SH,新疆天业,20130824,14.826498422713
600075.SH,新疆天业,20130823,14.826498422713
600075.SH,新疆天业,20130822,14.826498422713
600075.SH,新疆天业,20130821,14.826498422713
600075.SH,新疆天业,20130820,14.826498422713
600075.SH,新疆天业,20130819,14.826498422713
600075.SH,新疆天业,20130818,14.826498422713
600075.SH,新疆天业,20130817,14.826498422713
600075.SH,新疆天业,20130816,14.826498422713
600075.SH,新疆天业,20130815,14.826498422713
600075.SH,新疆天业,20130814,14.826498422713
600075.SH,新疆天业,20130813,14.826498422713
600075.SH,新疆天业,20130812,14.826498422713
600075.SH,新疆天业,20130811,14.826498422713
600075.SH,新疆天业,20130810,14.826498422713
600075.SH,新疆天业,20130809,14.826498422713
600075.SH,新疆天业,20130808,14.826498422713
600075.SH,新疆天业,20130807,14.826498422713
600075.SH,新疆天业,20130806,14.826498422713
600075.SH,新疆天业,20130805,14.826498422713
600075.SH,新疆天业,20130804,14.826498422713
600075.SH,新疆天业,20130803,14.826498422713
600075.SH,新疆天业,20130802,14.826498422713
600075.SH,新疆天业,20130801,14.826498422713
600075.SH,新疆天业,20130731,3.257328990228
600075.SH,新疆天业,20130730,3.257328990228
600075.SH,新疆天业,20130729,3.257328990228
600075.SH,新疆天业,20130728,3.257328990228
600075.SH,新疆天业,20130727,3.257328990228
600075.SH,新疆天业,20130726,3.257328990228
600075.SH,新疆天业,20130725,3.257328990228
600075.SH,新疆天业,20130724,3.257328990228
600075.SH,新疆天业,20130723,3.257328990228
600075.SH,新疆天业,20130722,3.257328990228
600075.SH,新疆天业,20130721,3.257328990228
600075.SH,新疆天业,20130720,3.257328990228
600075.SH,新疆天业,20130719,3.257328990228
600075.SH,新疆天业,20130718,3.257328990228
600075.SH,新疆天业,20130717,3.257328990228
600075.SH,新疆天业,20130716,3.257328990228
600075.SH,新疆天业,20130715,3.257328990228
600075.SH,新疆天业,20130714,3.257328990228
600075.SH,新疆天业,20130713,3.257328990228
600075.SH,新疆天业,20130712,3.257328990228
600075.SH,新疆天业,20130711,3.257328990228
600075.SH,新疆天业,20130710,3.257328990228
600075.SH,新疆天业,20130709,3.257328990228
600075.SH,新疆天业,20130708,3.257328990228
600075.SH,新疆天业,20130707,3.257328990228
600075.SH,新疆天业,20130706,3.257328990228
600075.SH,新疆天业,20130705,3.257328990228
600075.SH,新疆天业,20130704,3.257328990228
600075.SH,新疆天业,20130703,3.257328990228
600075.SH,新疆天业,20130702,3.257328990228
600075.SH,新疆天业,20130701,3.257328990228
600075.SH,新疆天业,20130630,-23.821339950372
600075.SH,新疆天业,20130629,-23.821339950372
600075.SH,新疆天业,20130628,-23.821339950372
600075.SH,新疆天业,20130627,-23.821339950372
600075.SH,新疆天业,20130626,-23.821339950372
600075.SH,新疆天业,20130625,-23.821339950372
600075.SH,新疆天业,20130624,-23.821339950372
600075.SH,新疆天业,20130623,-23.821339950372
600075.SH,新疆天业,20130622,-23.821339950372
600075.SH,新疆天业,20130621,-23.821339950372
600075.SH,新疆天业,20130620,-23.821339950372
600075.SH,新疆天业,20130619,-23.821339950372
600075.SH,新疆天业,20130618,-23.821339950372
600075.SH,新疆天业,20130617,-23.821339950372
600075.SH,新疆天业,20130616,-23.821339950372
600075.SH,新疆天业,20130615,-23.821339950372
600075.SH,新疆天业,20130614,-23.821339950372
600075.SH,新疆天业,20130613,-23.821339950372
600075.SH,新疆天业,20130612,-23.821339950372
600075.SH,新疆天业,20130611,-23.821339950372
600075.SH,新疆天业,20130610,-23.821339950372
600075.SH,新疆天业,20130609,-23.821339950372
600075.SH,新疆天业,20130608,-23.821339950372
600075.SH,新疆天业,20130607,-23.821339950372
600075.SH,新疆天业,20130606,-23.821339950372
600075.SH,新疆天业,20130605,-23.821339950372
600075.SH,新疆天业,20130604,-23.821339950372
600075.SH,新疆天业,20130603,-23.821339950372
600075.SH,新疆天业,20130602,-23.821339950372
600075.SH,新疆天业,20130601,-23.821339950372
600075.SH,新疆天业,20130531,11.789181692094
600075.SH,新疆天业,20130530,11.789181692094
600075.SH,新疆天业,20130529,11.789181692094
600075.SH,新疆天业,20130528,11.789181692094
600075.SH,新疆天业,20130527,11.789181692094
600075.SH,新疆天业,20130526,11.789181692094
600075.SH,新疆天业,20130525,11.789181692094
600075.SH,新疆天业,20130524,11.789181692094
600075.SH,新疆天业,20130523,11.789181692094
600075.SH,新疆天业,20130522,11.789181692094
600075.SH,新疆天业,20130521,11.789181692094
600075.SH,新疆天业,20130520,11.789181692094
600075.SH,新疆天业,20130519,11.789181692094
600075.SH,新疆天业,20130518,11.789181692094
600075.SH,新疆天业,20130517,11.789181692094
600075.SH,新疆天业,20130516,11.789181692094
600075.SH,新疆天业,20130515,11.789181692094
600075.SH,新疆天业,20130514,11.789181692094
600075.SH,新疆天业,20130513,11.789181692094
600075.SH,新疆天业,20130512,11.789181692094
600075.SH,新疆天业,20130511,11.789181692094
600075.SH,新疆天业,20130510,11.789181692094
600075.SH,新疆天业,20130509,11.789181692094
600075.SH,新疆天业,20130508,11.789181692094
600075.SH,新疆天业,20130507,11.789181692094
600075.SH,新疆天业,20130506,11.789181692094
600075.SH,新疆天业,20130505,11.789181692094
600075.SH,新疆天业,20130504,11.789181692094
600075.SH,新疆天业,20130503,11.789181692094
600075.SH,新疆天业,20130502,11.789181692094
600075.SH,新疆天业,20130501,11.789181692094
600075.SH,新疆天业,20130430,10.244648318043
600075.SH,新疆天业,20130429,10.244648318043
600075.SH,新疆天业,20130428,10.244648318043
600075.SH,新疆天业,20130427,10.244648318043
600075.SH,新疆天业,20130426,10.244648318043
600075.SH,新疆天业,20130425,10.244648318043
600075.SH,新疆天业,20130424,10.244648318043
600075.SH,新疆天业,20130423,10.244648318043
600075.SH,新疆天业,20130422,10.244648318043
600075.SH,新疆天业,20130421,10.244648318043
600075.SH,新疆天业,20130420,10.244648318043
600075.SH,新疆天业,20130419,10.244648318043
600075.SH,新疆天业,20130418,10.244648318043
600075.SH,新疆天业,20130417,10.244648318043
600075.SH,新疆天业,20130416,10.244648318043
600075.SH,新疆天业,20130415,10.244648318043
600075.SH,新疆天业,20130414,10.244648318043
600075.SH,新疆天业,20130413,10.244648318043
600075.SH,新疆天业,20130412,10.244648318043
600075.SH,新疆天业,20130411,10.244648318043
600075.SH,新疆天业,20130410,10.244648318043
600075.SH,新疆天业,20130409,10.244648318043
600075.SH,新疆天业,20130408,10.244648318043
600075.SH,新疆天业,20130407,10.244648318043
600075.SH,新疆天业,20130406,10.244648318043
600075.SH,新疆天业,20130405,10.244648318043
600075.SH,新疆天业,20130404,10.244648318043
600075.SH,新疆天业,20130403,10.244648318043
600075.SH,新疆天业,20130402,10.244648318043
600075.SH,新疆天业,20130401,10.244648318043
600075.SH,新疆天业,20130331,-6.4377682403433
600075.SH,新疆天业,20130330,-6.4377682403433
600075.SH,新疆天业,20130329,-6.4377682403433
600075.SH,新疆天业,20130328,-6.4377682403433
600075.SH,新疆天业,20130327,-6.4377682403433
600075.SH,新疆天业,20130326,-6.4377682403433
600075.SH,新疆天业,20130325,-6.4377682403433
600075.SH,新疆天业,20130324,-6.4377682403433
600075.SH,新疆天业,20130323,-6.4377682403433
600075.SH,新疆天业,20130322,-6.4377682403433
600075.SH,新疆天业,20130321,-6.4377682403433
600075.SH,新疆天业,20130320,-6.4377682403433
600075.SH,新疆天业,20130319,-6.4377682403433
600075.SH,新疆天业,20130318,-6.4377682403433
600075.SH,新疆天业,20130317,-6.4377682403433
600075.SH,新疆天业,20130316,-6.4377682403433
600075.SH,新疆天业,20130315,-6.4377682403433
600075.SH,新疆天业,20130314,-6.4377682403433
600075.SH,新疆天业,20130313,-6.4377682403433
600075.SH,新疆天业,20130312,-6.4377682403433
600075.SH,新疆天业,20130311,-6.4377682403433
600075.SH,新疆天业,20130310,-6.4377682403433
600075.SH,新疆天业,20130309,-6.4377682403433
600075.SH,新疆天业,20130308,-6.4377682403433
600075.SH,新疆天业,20130307,-6.4377682403433
600075.SH,新疆天业,20130306,-6.4377682403433
600075.SH,新疆天业,20130305,-6.4377682403433
600075.SH,新疆天业,20130304,-6.4377682403433
600075.SH,新疆天业,20130303,-6.4377682403433
600075.SH,新疆天业,20130302,-6.4377682403433
600075.SH,新疆天业,20130301,-6.4377682403433
600075.SH,新疆天业,20130228,0.0
600075.SH,新疆天业,20130227,0.0
600075.SH,新疆天业,20130226,0.0
600075.SH,新疆天业,20130225,0.0
600075.SH,新疆天业,20130224,0.0
600075.SH,新疆天业,20130223,0.0
600075.SH,新疆天业,20130222,0.0
600075.SH,新疆天业,20130221,0.0
600075.SH,新疆天业,20130220,0.0
600075.SH,新疆天业,20130219,0.0
600075.SH,新疆天业,20130218,0.0
600075.SH,新疆天业,20130217,0.0
600075.SH,新疆天业,20130216,0.0
600075.SH,新疆天业,20130215,0.0
600075.SH,新疆天业,20130214,0.0
600075.SH,新疆天业,20130213,0.0
600075.SH,新疆天业,20130212,0.0
600075.SH,新疆天业,20130211,0.0
600075.SH,新疆天业,20130210,0.0
600075.SH,新疆天业,20130209,0.0
600075.SH,新疆天业,20130208,0.0
600075.SH,新疆天业,20130207,0.0
600075.SH,新疆天业,20130206,0.0
600075.SH,新疆天业,20130205,0.0
600075.SH,新疆天业,20130204,0.0
600075.SH,新疆天业,20130203,0.0
600075.SH,新疆天业,20130202,0.0
600075.SH,新疆天业,20130201,0.0
600075.SH,新疆天业,20130131,4.3283582089552
600075.SH,新疆天业,20130130,4.3283582089552
600075.SH,新疆天业,20130129,4.3283582089552
600075.SH,新疆天业,20130128,4.3283582089552
600075.SH,新疆天业,20130127,4.3283582089552
600075.SH,新疆天业,20130126,4.3283582089552
600075.SH,新疆天业,20130125,4.3283582089552
600075.SH,新疆天业,20130124,4.3283582089552
600075.SH,新疆天业,20130123,4.3283582089552
600075.SH,新疆天业,20130122,4.3283582089552
600075.SH,新疆天业,20130121,4.3283582089552
600075.SH,新疆天业,20130120,4.3283582089552
600075.SH,新疆天业,20130119,4.3283582089552
600075.SH,新疆天业,20130118,4.3283582089552
600075.SH,新疆天业,20130117,4.3283582089552
600075.SH,新疆天业,20130116,4.3283582089552
600075.SH,新疆天业,20130115,4.3283582089552
600075.SH,新疆天业,20130114,4.3283582089552
600075.SH,新疆天业,20130113,4.3283582089552
600075.SH,新疆天业,20130112,4.3283582089552
600075.SH,新疆天业,20130111,4.3283582089552
600075.SH,新疆天业,20130110,4.3283582089552
600075.SH,新疆天业,20130109,4.3283582089552
600075.SH,新疆天业,20130108,4.3283582089552
600075.SH,新疆天业,20130107,4.3283582089552
600075.SH,新疆天业,20130106,4.3283582089552
600075.SH,新疆天业,20130105,4.3283582089552
600075.SH,新疆天业,20130104,4.3283582089552
600075.SH,新疆天业,20130103,4.3283582089552
600075.SH,新疆天业,20130102,4.3283582089552
600075.SH,新疆天业,20130101,4.3283582089552
600075.SH,新疆天业,20121231,10.927152317881
600075.SH,新疆天业,20121230,10.927152317881
600075.SH,新疆天业,20121229,10.927152317881
600075.SH,新疆天业,20121228,10.927152317881
600075.SH,新疆天业,20121227,10.927152317881
600075.SH,新疆天业,20121226,10.927152317881
600075.SH,新疆天业,20121225,10.927152317881
600075.SH,新疆天业,20121224,10.927152317881
600075.SH,新疆天业,20121223,10.927152317881
600075.SH,新疆天业,20121222,10.927152317881
600075.SH,新疆天业,20121221,10.927152317881
600075.SH,新疆天业,20121220,10.927152317881
600075.SH,新疆天业,20121219,10.927152317881
600075.SH,新疆天业,20121218,10.927152317881
600075.SH,新疆天业,20121217,10.927152317881
600075.SH,新疆天业,20121216,10.927152317881
600075.SH,新疆天业,20121215,10.927152317881
600075.SH,新疆天业,20121214,10.927152317881
600075.SH,新疆天业,20121213,10.927152317881
600075.SH,新疆天业,20121212,10.927152317881
600075.SH,新疆天业,20121211,10.927152317881
600075.SH,新疆天业,20121210,10.927152317881
600075.SH,新疆天业,20121209,10.927152317881
600075.SH,新疆天业,20121208,10.927152317881
600075.SH,新疆天业,20121207,10.927152317881
600075.SH,新疆天业,20121206,10.927152317881
600075.SH,新疆天业,20121205,10.927152317881
600075.SH,新疆天业,20121204,10.927152317881
600075.SH,新疆天业,20121203,10.927152317881
600075.SH,新疆天业,20121202,10.927152317881
600075.SH,新疆天业,20121201,10.927152317881
600075.SH,新疆天业,20121130,-5.0314465408805
600075.SH,新疆天业,20121129,-5.0314465408805
600075.SH,新疆天业,20121128,-5.0314465408805
600075.SH,新疆天业,20121127,-5.0314465408805
600075.SH,新疆天业,20121126,-5.0314465408805
600075.SH,新疆天业,20121125,-5.0314465408805
600075.SH,新疆天业,20121124,-5.0314465408805
600075.SH,新疆天业,20121123,-5.0314465408805
600075.SH,新疆天业,20121122,-5.0314465408805
600075.SH,新疆天业,20121121,-5.0314465408805
600075.SH,新疆天业,20121120,-5.0314465408805
600075.SH,新疆天业,20121119,-5.0314465408805
600075.SH,新疆天业,20121118,-5.0314465408805
600075.SH,新疆天业,20121117,-5.0314465408805
600075.SH,新疆天业,20121116,-5.0314465408805
600075.SH,新疆天业,20121115,-5.0314465408805
600075.SH,新疆天业,20121114,-5.0314465408805
600075.SH,新疆天业,20121113,-5.0314465408805
600075.SH,新疆天业,20121112,-5.0314465408805
600075.SH,新疆天业,20121111,-5.0314465408805
600075.SH,新疆天业,20121110,-5.0314465408805
600075.SH,新疆天业,20121109,-5.0314465408805
600075.SH,新疆天业,20121108,-5.0314465408805
600075.SH,新疆天业,20121107,-5.0314465408805
600075.SH,新疆天业,20121106,-5.0314465408805
600075.SH,新疆天业,20121105,-5.0314465408805
600075.SH,新疆天业,20121104,-5.0314465408805
600075.SH,新疆天业,20121103,-5.0314465408805
600075.SH,新疆天业,20121102,-5.0314465408805
600075.SH,新疆天业,20121101,-5.0314465408805
600075.SH,新疆天业,20121031,-8.8825214899713
600075.SH,新疆天业,20121030,-8.8825214899713
600075.SH,新疆天业,20121029,-8.8825214899713
600075.SH,新疆天业,20121028,-8.8825214899713
600075.SH,新疆天业,20121027,-8.8825214899713
600075.SH,新疆天业,20121026,-8.8825214899713
600075.SH,新疆天业,20121025,-8.8825214899713
600075.SH,新疆天业,20121024,-8.8825214899713
600075.SH,新疆天业,20121023,-8.8825214899713
600075.SH,新疆天业,20121022,-8.8825214899713
600075.SH,新疆天业,20121021,-8.8825214899713
600075.SH,新疆天业,20121020,-8.8825214899713
600075.SH,新疆天业,20121019,-8.8825214899713
600075.SH,新疆天业,20121018,-8.8825214899713
600075.SH,新疆天业,20121017,-8.8825214899713
600075.SH,新疆天业,20121016,-8.8825214899713
600075.SH,新疆天业,20121015,-8.8825214899713
600075.SH,新疆天业,20121014,-8.8825214899713
600075.SH,新疆天业,20121013,-8.8825214899713
600075.SH,新疆天业,20121012,-8.8825214899713
600075.SH,新疆天业,20121011,-8.8825214899713
600075.SH,新疆天业,20121010,-8.8825214899713
600075.SH,新疆天业,20121009,-8.8825214899713
600075.SH,新疆天业,20121008,-8.8825214899713
600075.SH,新疆天业,20121007,-8.8825214899713
600075.SH,新疆天业,20121006,-8.8825214899713
600075.SH,新疆天业,20121005,-8.8825214899713
600075.SH,新疆天业,20121004,-8.8825214899713
600075.SH,新疆天业,20121003,-8.8825214899713
600075.SH,新疆天业,20121002,-8.8825214899713
600075.SH,新疆天业,20121001,-8.8825214899713
600075.SH,新疆天业,20120930,17.706576728499
600075.SH,新疆天业,20120929,17.706576728499
600075.SH,新疆天业,20120928,17.706576728499
600075.SH,新疆天业,20120927,17.706576728499
600075.SH,新疆天业,20120926,17.706576728499
600075.SH,新疆天业,20120925,17.706576728499
600075.SH,新疆天业,20120924,17.706576728499
600075.SH,新疆天业,20120923,17.706576728499
600075.SH,新疆天业,20120922,17.706576728499
600075.SH,新疆天业,20120921,17.706576728499
600075.SH,新疆天业,20120920,17.706576728499
600075.SH,新疆天业,20120919,17.706576728499
600075.SH,新疆天业,20120918,17.706576728499
600075.SH,新疆天业,20120917,17.706576728499
600075.SH,新疆天业,20120916,17.706576728499
600075.SH,新疆天业,20120915,17.706576728499
600075.SH,新疆天业,20120914,17.706576728499
600075.SH,新疆天业,20120913,17.706576728499
600075.SH,新疆天业,20120912,17.706576728499
600075.SH,新疆天业,20120911,17.706576728499
600075.SH,新疆天业,20120910,17.706576728499
600075.SH,新疆天业,20120909,17.706576728499
600075.SH,新疆天业,20120908,17.706576728499
600075.SH,新疆天业,20120907,17.706576728499
600075.SH,新疆天业,20120906,17.706576728499
600075.SH,新疆天业,20120905,17.706576728499
600075.SH,新疆天业,20120904,17.706576728499
600075.SH,新疆天业,20120903,17.706576728499
600075.SH,新疆天业,20120902,17.706576728499
600075.SH,新疆天业,20120901,17.706576728499
600075.SH,新疆天业,20120831,0.50847457627118
600075.SH,新疆天业,20120830,0.50847457627118
600075.SH,新疆天业,20120829,0.50847457627118
600075.SH,新疆天业,20120828,0.50847457627118
600075.SH,新疆天业,20120827,0.50847457627118
600075.SH,新疆天业,20120826,0.50847457627118
600075.SH,新疆天业,20120825,0.50847457627118
600075.SH,新疆天业,20120824,0.50847457627118
600075.SH,新疆天业,20120823,0.50847457627118
600075.SH,新疆天业,20120822,0.50847457627118
600075.SH,新疆天业,20120821,0.50847457627118
600075.SH,新疆天业,20120820,0.50847457627118
600075.SH,新疆天业,20120819,0.50847457627118
600075.SH,新疆天业,20120818,0.50847457627118
600075.SH,新疆天业,20120817,0.50847457627118
600075.SH,新疆天业,20120816,0.50847457627118
600075.SH,新疆天业,20120815,0.50847457627118
600075.SH,新疆天业,20120814,0.50847457627118
600075.SH,新疆天业,20120813,0.50847457627118
600075.SH,新疆天业,20120812,0.50847457627118
600075.SH,新疆天业,20120811,0.50847457627118
600075.SH,新疆天业,20120810,0.50847457627118
600075.SH,新疆天业,20120809,0.50847457627118
600075.SH,新疆天业,20120808,0.50847457627118
600075.SH,新疆天业,20120807,0.50847457627118
600075.SH,新疆天业,20120806,0.50847457627118
600075.SH,新疆天业,20120805,0.50847457627118
600075.SH,新疆天业,20120804,0.50847457627118
600075.SH,新疆天业,20120803,0.50847457627118
600075.SH,新疆天业,20120802,0.50847457627118
600075.SH,新疆天业,20120801,0.50847457627118
600075.SH,新疆天业,20120731,-16.784203102962
600075.SH,新疆天业,20120730,-16.784203102962
600075.SH,新疆天业,20120729,-16.784203102962
600075.SH,新疆天业,20120728,-16.784203102962
600075.SH,新疆天业,20120727,-16.784203102962
600075.SH,新疆天业,20120726,-16.784203102962
600075.SH,新疆天业,20120725,-16.784203102962
600075.SH,新疆天业,20120724,-16.784203102962
600075.SH,新疆天业,20120723,-16.784203102962
600075.SH,新疆天业,20120722,-16.784203102962
600075.SH,新疆天业,20120721,-16.784203102962
600075.SH,新疆天业,20120720,-16.784203102962
600075.SH,新疆天业,20120719,-16.784203102962
600075.SH,新疆天业,20120718,-16.784203102962
600075.SH,新疆天业,20120717,-16.784203102962
600075.SH,新疆天业,20120716,-16.784203102962
600075.SH,新疆天业,20120715,-16.784203102962
600075.SH,新疆天业,20120714,-16.784203102962
600075.SH,新疆天业,20120713,-16.784203102962
600075.SH,新疆天业,20120712,-16.784203102962
600075.SH,新疆天业,20120711,-16.784203102962
600075.SH,新疆天业,20120710,-16.784203102962
600075.SH,新疆天业,20120709,-16.784203102962
600075.SH,新疆天业,20120708,-16.784203102962
600075.SH,新疆天业,20120707,-16.784203102962
600075.SH,新疆天业,20120706,-16.784203102962
600075.SH,新疆天业,20120705,-16.784203102962
600075.SH,新疆天业,20120704,-16.784203102962
600075.SH,新疆天业,20120703,-16.784203102962
600075.SH,新疆天业,20120702,-16.784203102962
600075.SH,新疆天业,20120701,-16.784203102962
600075.SH,新疆天业,20120630,-13.956310679612
600075.SH,新疆天业,20120629,-13.956310679612
600075.SH,新疆天业,20120628,-13.956310679612
600075.SH,新疆天业,20120627,-13.956310679612
600075.SH,新疆天业,20120626,-13.956310679612
600075.SH,新疆天业,20120625,-13.956310679612
600075.SH,新疆天业,20120624,-13.956310679612
600075.SH,新疆天业,20120623,-13.956310679612
600075.SH,新疆天业,20120622,-13.956310679612
600075.SH,新疆天业,20120621,-13.956310679612
600075.SH,新疆天业,20120620,-13.956310679612
600075.SH,新疆天业,20120619,-13.956310679612
600075.SH,新疆天业,20120618,-13.956310679612
600075.SH,新疆天业,20120617,-13.956310679612
600075.SH,新疆天业,20120616,-13.956310679612
600075.SH,新疆天业,20120615,-13.956310679612
600075.SH,新疆天业,20120614,-13.956310679612
600075.SH,新疆天业,20120613,-13.956310679612
600075.SH,新疆天业,20120612,-13.956310679612
600075.SH,新疆天业,20120611,-13.956310679612
600075.SH,新疆天业,20120610,-13.956310679612
600075.SH,新疆天业,20120609,-13.956310679612
600075.SH,新疆天业,20120608,-13.956310679612
600075.SH,新疆天业,20120607,-13.956310679612
600075.SH,新疆天业,20120606,-13.956310679612
600075.SH,新疆天业,20120605,-13.956310679612
600075.SH,新疆天业,20120604,-13.956310679612
600075.SH,新疆天业,20120603,-13.956310679612
600075.SH,新疆天业,20120602,-13.956310679612
600075.SH,新疆天业,20120601,-13.956310679612
600075.SH,新疆天业,20120531,0.98039215686275
600075.SH,新疆天业,20120530,0.98039215686275
600075.SH,新疆天业,20120529,0.98039215686275
600075.SH,新疆天业,20120528,0.98039215686275
600075.SH,新疆天业,20120527,0.98039215686275
600075.SH,新疆天业,20120526,0.98039215686275
600075.SH,新疆天业,20120525,0.98039215686275
600075.SH,新疆天业,20120524,0.98039215686275
600075.SH,新疆天业,20120523,0.98039215686275
600075.SH,新疆天业,20120522,0.98039215686275
600075.SH,新疆天业,20120521,0.98039215686275
600075.SH,新疆天业,20120520,0.98039215686275
600075.SH,新疆天业,20120519,0.98039215686275
600075.SH,新疆天业,20120518,0.98039215686275
600075.SH,新疆天业,20120517,0.98039215686275
600075.SH,新疆天业,20120516,0.98039215686275
600075.SH,新疆天业,20120515,0.98039215686275
600075.SH,新疆天业,20120514,0.98039215686275
600075.SH,新疆天业,20120513,0.98039215686275
600075.SH,新疆天业,20120512,0.98039215686275
600075.SH,新疆天业,20120511,0.98039215686275
600075.SH,新疆天业,20120510,0.98039215686275
600075.SH,新疆天业,20120509,0.98039215686275
600075.SH,新疆天业,20120508,0.98039215686275
600075.SH,新疆天业,20120507,0.98039215686275
600075.SH,新疆天业,20120506,0.98039215686275
600075.SH,新疆天业,20120505,0.98039215686275
600075.SH,新疆天业,20120504,0.98039215686275
600075.SH,新疆天业,20120503,0.98039215686275
600075.SH,新疆天业,20120502,0.98039215686275
600075.SH,新疆天业,20120501,0.98039215686275
600075.SH,新疆天业,20120430,-4.6728971962617
600075.SH,新疆天业,20120429,-4.6728971962617
600075.SH,新疆天业,20120428,-4.6728971962617
600075.SH,新疆天业,20120427,-4.6728971962617
600075.SH,新疆天业,20120426,-4.6728971962617
600075.SH,新疆天业,20120425,-4.6728971962617
600075.SH,新疆天业,20120424,-4.6728971962617
600075.SH,新疆天业,20120423,-4.6728971962617
600075.SH,新疆天业,20120422,-4.6728971962617
600075.SH,新疆天业,20120421,-4.6728971962617
600075.SH,新疆天业,20120420,-4.6728971962617
600075.SH,新疆天业,20120419,-4.6728971962617
600075.SH,新疆天业,20120418,-4.6728971962617
600075.SH,新疆天业,20120417,-4.6728971962617
600075.SH,新疆天业,20120416,-4.6728971962617
600075.SH,新疆天业,20120415,-4.6728971962617
600075.SH,新疆天业,20120414,-4.6728971962617
600075.SH,新疆天业,20120413,-4.6728971962617
600075.SH,新疆天业,20120412,-4.6728971962617
600075.SH,新疆天业,20120411,-4.6728971962617
600075.SH,新疆天业,20120410,-4.6728971962617
600075.SH,新疆天业,20120409,-4.6728971962617
600075.SH,新疆天业,20120408,-4.6728971962617
600075.SH,新疆天业,20120407,-4.6728971962617
600075.SH,新疆天业,20120406,-4.6728971962617
600075.SH,新疆天业,20120405,-4.6728971962617
600075.SH,新疆天业,20120404,-4.6728971962617
600075.SH,新疆天业,20120403,-4.6728971962617
600075.SH,新疆天业,20120402,-4.6728971962617
600075.SH,新疆天业,20120401,-4.6728971962617
600075.SH,新疆天业,20120331,-11.387163561077
600075.SH,新疆天业,20120330,-11.387163561077
600075.SH,新疆天业,20120329,-11.387163561077
600075.SH,新疆天业,20120328,-11.387163561077
600075.SH,新疆天业,20120327,-11.387163561077
600075.SH,新疆天业,20120326,-11.387163561077
600075.SH,新疆天业,20120325,-11.387163561077
600075.SH,新疆天业,20120324,-11.387163561077
600075.SH,新疆天业,20120323,-11.387163561077
600075.SH,新疆天业,20120322,-11.387163561077
600075.SH,新疆天业,20120321,-11.387163561077
600075.SH,新疆天业,20120320,-11.387163561077
600075.SH,新疆天业,20120319,-11.387163561077
600075.SH,新疆天业,20120318,-11.387163561077
600075.SH,新疆天业,20120317,-11.387163561077
600075.SH,新疆天业,20120316,-11.387163561077
600075.SH,新疆天业,20120315,-11.387163561077
600075.SH,新疆天业,20120314,-11.387163561077
600075.SH,新疆天业,20120313,-11.387163561077
600075.SH,新疆天业,20120312,-11.387163561077
600075.SH,新疆天业,20120311,-11.387163561077
600075.SH,新疆天业,20120310,-11.387163561077
600075.SH,新疆天业,20120309,-11.387163561077
600075.SH,新疆天业,20120308,-11.387163561077
600075.SH,新疆天业,20120307,-11.387163561077
600075.SH,新疆天业,20120306,-11.387163561077
600075.SH,新疆天业,20120305,-11.387163561077
600075.SH,新疆天业,20120304,-11.387163561077
600075.SH,新疆天业,20120303,-11.387163561077
600075.SH,新疆天业,20120302,-11.387163561077
600075.SH,新疆天业,20120301,-11.387163561077
600075.SH,新疆天业,20120229,11.162255466053
600075.SH,新疆天业,20120228,11.162255466053
600075.SH,新疆天业,20120227,11.162255466053
600075.SH,新疆天业,20120226,11.162255466053
600075.SH,新疆天业,20120225,11.162255466053
600075.SH,新疆天业,20120224,11.162255466053
600075.SH,新疆天业,20120223,11.162255466053
600075.SH,新疆天业,20120222,11.162255466053
600075.SH,新疆天业,20120221,11.162255466053
600075.SH,新疆天业,20120220,11.162255466053
600075.SH,新疆天业,20120219,11.162255466053
600075.SH,新疆天业,20120218,11.162255466053
600075.SH,新疆天业,20120217,11.162255466053
600075.SH,新疆天业,20120216,11.162255466053
600075.SH,新疆天业,20120215,11.162255466053
600075.SH,新疆天业,20120214,11.162255466053
600075.SH,新疆天业,20120213,11.162255466053
600075.SH,新疆天业,20120212,11.162255466053
600075.SH,新疆天业,20120211,11.162255466053
600075.SH,新疆天业,20120210,11.162255466053
600075.SH,新疆天业,20120209,11.162255466053
600075.SH,新疆天业,20120208,11.162255466053
600075.SH,新疆天业,20120207,11.162255466053
600075.SH,新疆天业,20120206,11.162255466053
600075.SH,新疆天业,20120205,11.162255466053
600075.SH,新疆天业,20120204,11.162255466053
600075.SH,新疆天业,20120203,11.162255466053
600075.SH,新疆天业,20120202,11.162255466053
600075.SH,新疆天业,20120201,11.162255466053
600075.SH,新疆天业,20120131,-0.45819014891181
600075.SH,新疆天业,20120130,-0.45819014891181
600075.SH,新疆天业,20120129,-0.45819014891181
600075.SH,新疆天业,20120128,-0.45819014891181
600075.SH,新疆天业,20120127,-0.45819014891181
600075.SH,新疆天业,20120126,-0.45819014891181
600075.SH,新疆天业,20120125,-0.45819014891181
600075.SH,新疆天业,20120124,-0.45819014891181
600075.SH,新疆天业,20120123,-0.45819014891181
600075.SH,新疆天业,20120122,-0.45819014891181
600075.SH,新疆天业,20120121,-0.45819014891181
600075.SH,新疆天业,20120120,-0.45819014891181
600075.SH,新疆天业,20120119,-0.45819014891181
600075.SH,新疆天业,20120118,-0.45819014891181
600075.SH,新疆天业,20120117,-0.45819014891181
600075.SH,新疆天业,20120116,-0.45819014891181
600075.SH,新疆天业,20120115,-0.45819014891181
600075.SH,新疆天业,20120114,-0.45819014891181
600075.SH,新疆天业,20120113,-0.45819014891181
600075.SH,新疆天业,20120112,-0.45819014891181
600075.SH,新疆天业,20120111,-0.45819014891181
600075.SH,新疆天业,20120110,-0.45819014891181
600075.SH,新疆天业,20120109,-0.45819014891181
600075.SH,新疆天业,20120108,-0.45819014891181
600075.SH,新疆天业,20120107,-0.45819014891181
600075.SH,新疆天业,20120106,-0.45819014891181
600075.SH,新疆天业,20120105,-0.45819014891181
600075.SH,新疆天业,20120104,-0.45819014891181
600075.SH,新疆天业,20120103,-0.45819014891181
600075.SH,新疆天业,20120102,-0.45819014891181
600075.SH,新疆天业,20120101,-0.45819014891181
600075.SH,新疆天业,20111231,-21.704035874439
600075.SH,新疆天业,20111230,-21.704035874439
600075.SH,新疆天业,20111229,-21.704035874439
600075.SH,新疆天业,20111228,-21.704035874439
600075.SH,新疆天业,20111227,-21.704035874439
600075.SH,新疆天业,20111226,-21.704035874439
600075.SH,新疆天业,20111225,-21.704035874439
600075.SH,新疆天业,20111224,-21.704035874439
600075.SH,新疆天业,20111223,-21.704035874439
600075.SH,新疆天业,20111222,-21.704035874439
600075.SH,新疆天业,20111221,-21.704035874439
600075.SH,新疆天业,20111220,-21.704035874439
600075.SH,新疆天业,20111219,-21.704035874439
600075.SH,新疆天业,20111218,-21.704035874439
600075.SH,新疆天业,20111217,-21.704035874439
600075.SH,新疆天业,20111216,-21.704035874439
600075.SH,新疆天业,20111215,-21.704035874439
600075.SH,新疆天业,20111214,-21.704035874439
600075.SH,新疆天业,20111213,-21.704035874439
600075.SH,新疆天业,20111212,-21.704035874439
600075.SH,新疆天业,20111211,-21.704035874439
600075.SH,新疆天业,20111210,-21.704035874439
600075.SH,新疆天业,20111209,-21.704035874439
600075.SH,新疆天业,20111208,-21.704035874439
600075.SH,新疆天业,20111207,-21.704035874439
600075.SH,新疆天业,20111206,-21.704035874439
600075.SH,新疆天业,20111205,-21.704035874439
600075.SH,新疆天业,20111204,-21.704035874439
600075.SH,新疆天业,20111203,-21.704035874439
600075.SH,新疆天业,20111202,-21.704035874439
600075.SH,新疆天业,20111201,-21.704035874439
600075.SH,新疆天业,20111130,3.6245353159851
600075.SH,新疆天业,20111129,3.6245353159851
600075.SH,新疆天业,20111128,3.6245353159851
600075.SH,新疆天业,20111127,3.6245353159851
600075.SH,新疆天业,20111126,3.6245353159851
600075.SH,新疆天业,20111125,3.6245353159851
600075.SH,新疆天业,20111124,3.6245353159851
600075.SH,新疆天业,20111123,3.6245353159851
600075.SH,新疆天业,20111122,3.6245353159851
600075.SH,新疆天业,20111121,3.6245353159851
600075.SH,新疆天业,20111120,3.6245353159851
600075.SH,新疆天业,20111119,3.6245353159851
600075.SH,新疆天业,20111118,3.6245353159851
600075.SH,新疆天业,20111117,3.6245353159851
600075.SH,新疆天业,20111116,3.6245353159851
600075.SH,新疆天业,20111115,3.6245353159851
600075.SH,新疆天业,20111114,3.6245353159851
600075.SH,新疆天业,20111113,3.6245353159851
600075.SH,新疆天业,20111112,3.6245353159851
600075.SH,新疆天业,20111111,3.6245353159851
600075.SH,新疆天业,20111110,3.6245353159851
600075.SH,新疆天业,20111109,3.6245353159851
600075.SH,新疆天业,20111108,3.6245353159851
600075.SH,新疆天业,20111107,3.6245353159851
600075.SH,新疆天业,20111106,3.6245353159851
600075.SH,新疆天业,20111105,3.6245353159851
600075.SH,新疆天业,20111104,3.6245353159851
600075.SH,新疆天业,20111103,3.6245353159851
600075.SH,新疆天业,20111102,3.6245353159851
600075.SH,新疆天业,20111101,3.6245353159851
600075.SH,新疆天业,20111031,1.0328638497653
600075.SH,新疆天业,20111030,1.0328638497653
600075.SH,新疆天业,20111029,1.0328638497653
600075.SH,新疆天业,20111028,1.0328638497653
600075.SH,新疆天业,20111027,1.0328638497653
600075.SH,新疆天业,20111026,1.0328638497653
600075.SH,新疆天业,20111025,1.0328638497653
600075.SH,新疆天业,20111024,1.0328638497653
600075.SH,新疆天业,20111023,1.0328638497653
600075.SH,新疆天业,20111022,1.0328638497653
600075.SH,新疆天业,20111021,1.0328638497653
600075.SH,新疆天业,20111020,1.0328638497653
600075.SH,新疆天业,20111019,1.0328638497653
600075.SH,新疆天业,20111018,1.0328638497653
600075.SH,新疆天业,20111017,1.0328638497653
600075.SH,新疆天业,20111016,1.0328638497653
600075.SH,新疆天业,20111015,1.0328638497653
600075.SH,新疆天业,20111014,1.0328638497653
600075.SH,新疆天业,20111013,1.0328638497653
600075.SH,新疆天业,20111012,1.0328638497653
600075.SH,新疆天业,20111011,1.0328638497653
600075.SH,新疆天业,20111010,1.0328638497653
600075.SH,新疆天业,20111009,1.0328638497653
600075.SH,新疆天业,20111008,1.0328638497653
600075.SH,新疆天业,20111007,1.0328638497653
600075.SH,新疆天业,20111006,1.0328638497653
600075.SH,新疆天业,20111005,1.0328638497653
600075.SH,新疆天业,20111004,1.0328638497653
600075.SH,新疆天业,20111003,1.0328638497653
600075.SH,新疆天业,20111002,1.0328638497653
600075.SH,新疆天业,20111001,1.0328638497653
600075.SH,新疆天业,20110930,-13.414634146341
600075.SH,新疆天业,20110929,-13.414634146341
600075.SH,新疆天业,20110928,-13.414634146341
600075.SH,新疆天业,20110927,-13.414634146341
600075.SH,新疆天业,20110926,-13.414634146341
600075.SH,新疆天业,20110925,-13.414634146341
600075.SH,新疆天业,20110924,-13.414634146341
600075.SH,新疆天业,20110923,-13.414634146341
600075.SH,新疆天业,20110922,-13.414634146341
600075.SH,新疆天业,20110921,-13.414634146341
600075.SH,新疆天业,20110920,-13.414634146341
600075.SH,新疆天业,20110919,-13.414634146341
600075.SH,新疆天业,20110918,-13.414634146341
600075.SH,新疆天业,20110917,-13.414634146341
600075.SH,新疆天业,20110916,-13.414634146341
600075.SH,新疆天业,20110915,-13.414634146341
600075.SH,新疆天业,20110914,-13.414634146341
600075.SH,新疆天业,20110913,-13.414634146341
600075.SH,新疆天业,20110912,-13.414634146341
600075.SH,新疆天业,20110911,-13.414634146341
600075.SH,新疆天业,20110910,-13.414634146341
600075.SH,新疆天业,20110909,-13.414634146341
600075.SH,新疆天业,20110908,-13.414634146341
600075.SH,新疆天业,20110907,-13.414634146341
600075.SH,新疆天业,20110906,-13.414634146341
600075.SH,新疆天业,20110905,-13.414634146341
600075.SH,新疆天业,20110904,-13.414634146341
600075.SH,新疆天业,20110903,-13.414634146341
600075.SH,新疆天业,20110902,-13.414634146341
600075.SH,新疆天业,20110901,-13.414634146341
600075.SH,新疆天业,20110831,0.081366965012218
600075.SH,新疆天业,20110830,0.081366965012218
600075.SH,新疆天业,20110829,0.081366965012218
600075.SH,新疆天业,20110828,0.081366965012218
600075.SH,新疆天业,20110827,0.081366965012218
600075.SH,新疆天业,20110826,0.081366965012218
600075.SH,新疆天业,20110825,0.081366965012218
600075.SH,新疆天业,20110824,0.081366965012218
600075.SH,新疆天业,20110823,0.081366965012218
600075.SH,新疆天业,20110822,0.081366965012218
600075.SH,新疆天业,20110821,0.081366965012218
600075.SH,新疆天业,20110820,0.081366965012218
600075.SH,新疆天业,20110819,0.081366965012218
600075.SH,新疆天业,20110818,0.081366965012218
600075.SH,新疆天业,20110817,0.081366965012218
600075.SH,新疆天业,20110816,0.081366965012218
600075.SH,新疆天业,20110815,0.081366965012218
600075.SH,新疆天业,20110814,0.081366965012218
600075.SH,新疆天业,20110813,0.081366965012218
600075.SH,新疆天业,20110812,0.081366965012218
600075.SH,新疆天业,20110811,0.081366965012218
600075.SH,新疆天业,20110810,0.081366965012218
600075.SH,新疆天业,20110809,0.081366965012218
600075.SH,新疆天业,20110808,0.081366965012218
600075.SH,新疆天业,20110807,0.081366965012218
600075.SH,新疆天业,20110806,0.081366965012218
600075.SH,新疆天业,20110805,0.081366965012218
600075.SH,新疆天业,20110804,0.081366965012218
600075.SH,新疆天业,20110803,0.081366965012218
600075.SH,新疆天业,20110802,0.081366965012218
600075.SH,新疆天业,20110801,0.081366965012218
600075.SH,新疆天业,20110731,4.4180118946474
600075.SH,新疆天业,20110730,4.4180118946474
600075.SH,新疆天业,20110729,4.4180118946474
600075.SH,新疆天业,20110728,4.4180118946474
600075.SH,新疆天业,20110727,4.4180118946474
600075.SH,新疆天业,20110726,4.4180118946474
600075.SH,新疆天业,20110725,4.4180118946474
600075.SH,新疆天业,20110724,4.4180118946474
600075.SH,新疆天业,20110723,4.4180118946474
600075.SH,新疆天业,20110722,4.4180118946474
600075.SH,新疆天业,20110721,4.4180118946474
600075.SH,新疆天业,20110720,4.4180118946474
600075.SH,新疆天业,20110719,4.4180118946474
600075.SH,新疆天业,20110718,4.4180118946474
600075.SH,新疆天业,20110717,4.4180118946474
600075.SH,新疆天业,20110716,4.4180118946474
600075.SH,新疆天业,20110715,4.4180118946474
600075.SH,新疆天业,20110714,4.4180118946474
600075.SH,新疆天业,20110713,4.4180118946474
600075.SH,新疆天业,20110712,4.4180118946474
600075.SH,新疆天业,20110711,4.4180118946474
600075.SH,新疆天业,20110710,4.4180118946474
600075.SH,新疆天业,20110709,4.4180118946474
600075.SH,新疆天业,20110708,4.4180118946474
600075.SH,新疆天业,20110707,4.4180118946474
600075.SH,新疆天业,20110706,4.4180118946474
600075.SH,新疆天业,20110705,4.4180118946474
600075.SH,新疆天业,20110704,4.4180118946474
600075.SH,新疆天业,20110703,4.4180118946474
600075.SH,新疆天业,20110702,4.4180118946474
600075.SH,新疆天业,20110701,4.4180118946474
600075.SH,新疆天业,20110630,-4.1530944625407
600075.SH,新疆天业,20110629,-4.1530944625407
600075.SH,新疆天业,20110628,-4.1530944625407
600075.SH,新疆天业,20110627,-4.1530944625407
600075.SH,新疆天业,20110626,-4.1530944625407
600075.SH,新疆天业,20110625,-4.1530944625407
600075.SH,新疆天业,20110624,-4.1530944625407
600075.SH,新疆天业,20110623,-4.1530944625407
600075.SH,新疆天业,20110622,-4.1530944625407
600075.SH,新疆天业,20110621,-4.1530944625407
600075.SH,新疆天业,20110620,-4.1530944625407
600075.SH,新疆天业,20110619,-4.1530944625407
600075.SH,新疆天业,20110618,-4.1530944625407
600075.SH,新疆天业,20110617,-4.1530944625407
600075.SH,新疆天业,20110616,-4.1530944625407
600075.SH,新疆天业,20110615,-4.1530944625407
600075.SH,新疆天业,20110614,-4.1530944625407
600075.SH,新疆天业,20110613,-4.1530944625407
600075.SH,新疆天业,20110612,-4.1530944625407
600075.SH,新疆天业,20110611,-4.1530944625407
600075.SH,新疆天业,20110610,-4.1530944625407
600075.SH,新疆天业,20110609,-4.1530944625407
600075.SH,新疆天业,20110608,-4.1530944625407
600075.SH,新疆天业,20110607,-4.1530944625407
600075.SH,新疆天业,20110606,-4.1530944625407
600075.SH,新疆天业,20110605,-4.1530944625407
600075.SH,新疆天业,20110604,-4.1530944625407
600075.SH,新疆天业,20110603,-4.1530944625407
600075.SH,新疆天业,20110602,-4.1530944625407
600075.SH,新疆天业,20110601,-4.1530944625407
600075.SH,新疆天业,20110531,-5.3929121725732
600075.SH,新疆天业,20110530,-5.3929121725732
600075.SH,新疆天业,20110529,-5.3929121725732
600075.SH,新疆天业,20110528,-5.3929121725732
600075.SH,新疆天业,20110527,-5.3929121725732
600075.SH,新疆天业,20110526,-5.3929121725732
600075.SH,新疆天业,20110525,-5.3929121725732
600075.SH,新疆天业,20110524,-5.3929121725732
600075.SH,新疆天业,20110523,-5.3929121725732
600075.SH,新疆天业,20110522,-5.3929121725732
600075.SH,新疆天业,20110521,-5.3929121725732
600075.SH,新疆天业,20110520,-5.3929121725732
600075.SH,新疆天业,20110519,-5.3929121725732
600075.SH,新疆天业,20110518,-5.3929121725732
600075.SH,新疆天业,20110517,-5.3929121725732
600075.SH,新疆天业,20110516,-5.3929121725732
600075.SH,新疆天业,20110515,-5.3929121725732
600075.SH,新疆天业,20110514,-5.3929121725732
600075.SH,新疆天业,20110513,-5.3929121725732
600075.SH,新疆天业,20110512,-5.3929121725732
600075.SH,新疆天业,20110511,-5.3929121725732
600075.SH,新疆天业,20110510,-5.3929121725732
600075.SH,新疆天业,20110509,-5.3929121725732
600075.SH,新疆天业,20110508,-5.3929121725732
600075.SH,新疆天业,20110507,-5.3929121725732
600075.SH,新疆天业,20110506,-5.3929121725732
600075.SH,新疆天业,20110505,-5.3929121725732
600075.SH,新疆天业,20110504,-5.3929121725732
600075.SH,新疆天业,20110503,-5.3929121725732
600075.SH,新疆天业,20110502,-5.3929121725732
600075.SH,新疆天业,20110501,-5.3929121725732
600075.SH,新疆天业,20110430,-1.3677811550152
600075.SH,新疆天业,20110429,-1.3677811550152
600075.SH,新疆天业,20110428,-1.3677811550152
600075.SH,新疆天业,20110427,-1.3677811550152
600075.SH,新疆天业,20110426,-1.3677811550152
600075.SH,新疆天业,20110425,-1.3677811550152
600075.SH,新疆天业,20110424,-1.3677811550152
600075.SH,新疆天业,20110423,-1.3677811550152
600075.SH,新疆天业,20110422,-1.3677811550152
600075.SH,新疆天业,20110421,-1.3677811550152
600075.SH,新疆天业,20110420,-1.3677811550152
600075.SH,新疆天业,20110419,-1.3677811550152
600075.SH,新疆天业,20110418,-1.3677811550152
600075.SH,新疆天业,20110417,-1.3677811550152
600075.SH,新疆天业,20110416,-1.3677811550152
600075.SH,新疆天业,20110415,-1.3677811550152
600075.SH,新疆天业,20110414,-1.3677811550152
600075.SH,新疆天业,20110413,-1.3677811550152
600075.SH,新疆天业,20110412,-1.3677811550152
600075.SH,新疆天业,20110411,-1.3677811550152
600075.SH,新疆天业,20110410,-1.3677811550152
600075.SH,新疆天业,20110409,-1.3677811550152
600075.SH,新疆天业,20110408,-1.3677811550152
600075.SH,新疆天业,20110407,-1.3677811550152
600075.SH,新疆天业,20110406,-1.3677811550152
600075.SH,新疆天业,20110405,-1.3677811550152
600075.SH,新疆天业,20110404,-1.3677811550152
600075.SH,新疆天业,20110403,-1.3677811550152
600075.SH,新疆天业,20110402,-1.3677811550152
600075.SH,新疆天业,20110401,-1.3677811550152
600075.SH,新疆天业,20110331,-8.8011088011088
600075.SH,新疆天业,20110330,-8.8011088011088
600075.SH,新疆天业,20110329,-8.8011088011088
600075.SH,新疆天业,20110328,-8.8011088011088
600075.SH,新疆天业,20110327,-8.8011088011088
600075.SH,新疆天业,20110326,-8.8011088011088
600075.SH,新疆天业,20110325,-8.8011088011088
600075.SH,新疆天业,20110324,-8.8011088011088
600075.SH,新疆天业,20110323,-8.8011088011088
600075.SH,新疆天业,20110322,-8.8011088011088
600075.SH,新疆天业,20110321,-8.8011088011088
600075.SH,新疆天业,20110320,-8.8011088011088
600075.SH,新疆天业,20110319,-8.8011088011088
600075.SH,新疆天业,20110318,-8.8011088011088
600075.SH,新疆天业,20110317,-8.8011088011088
600075.SH,新疆天业,20110316,-8.8011088011088
600075.SH,新疆天业,20110315,-8.8011088011088
600075.SH,新疆天业,20110314,-8.8011088011088
600075.SH,新疆天业,20110313,-8.8011088011088
600075.SH,新疆天业,20110312,-8.8011088011088
600075.SH,新疆天业,20110311,-8.8011088011088
600075.SH,新疆天业,20110310,-8.8011088011088
600075.SH,新疆天业,20110309,-8.8011088011088
600075.SH,新疆天业,20110308,-8.8011088011088
600075.SH,新疆天业,20110307,-8.8011088011088
600075.SH,新疆天业,20110306,-8.8011088011088
600075.SH,新疆天业,20110305,-8.8011088011088
600075.SH,新疆天业,20110304,-8.8011088011088
600075.SH,新疆天业,20110303,-8.8011088011088
600075.SH,新疆天业,20110302,-8.8011088011088
600075.SH,新疆天业,20110301,-8.8011088011088
600075.SH,新疆天业,20110228,9.2354277062831
600075.SH,新疆天业,20110227,9.2354277062831
600075.SH,新疆天业,20110226,9.2354277062831
600075.SH,新疆天业,20110225,9.2354277062831
600075.SH,新疆天业,20110224,9.2354277062831
600075.SH,新疆天业,20110223,9.2354277062831
600075.SH,新疆天业,20110222,9.2354277062831
600075.SH,新疆天业,20110221,9.2354277062831
600075.SH,新疆天业,20110220,9.2354277062831
600075.SH,新疆天业,20110219,9.2354277062831
600075.SH,新疆天业,20110218,9.2354277062831
600075.SH,新疆天业,20110217,9.2354277062831
600075.SH,新疆天业,20110216,9.2354277062831
600075.SH,新疆天业,20110215,9.2354277062831
600075.SH,新疆天业,20110214,9.2354277062831
600075.SH,新疆天业,20110213,9.2354277062831
600075.SH,新疆天业,20110212,9.2354277062831
600075.SH,新疆天业,20110211,9.2354277062831
600075.SH,新疆天业,20110210,9.2354277062831
600075.SH,新疆天业,20110209,9.2354277062831
600075.SH,新疆天业,20110208,9.2354277062831
600075.SH,新疆天业,20110207,9.2354277062831
600075.SH,新疆天业,20110206,9.2354277062831
600075.SH,新疆天业,20110205,9.2354277062831
600075.SH,新疆天业,20110204,9.2354277062831
600075.SH,新疆天业,20110203,9.2354277062831
600075.SH,新疆天业,20110202,9.2354277062831
600075.SH,新疆天业,20110201,9.2354277062831
600075.SH,新疆天业,20110131,6.9635627530364
600075.SH,新疆天业,20110130,6.9635627530364
600075.SH,新疆天业,20110129,6.9635627530364
600075.SH,新疆天业,20110128,6.9635627530364
600075.SH,新疆天业,20110127,6.9635627530364
600075.SH,新疆天业,20110126,6.9635627530364
600075.SH,新疆天业,20110125,6.9635627530364
600075.SH,新疆天业,20110124,6.9635627530364
600075.SH,新疆天业,20110123,6.9635627530364
600075.SH,新疆天业,20110122,6.9635627530364
600075.SH,新疆天业,20110121,6.9635627530364
600075.SH,新疆天业,20110120,6.9635627530364
600075.SH,新疆天业,20110119,6.9635627530364
600075.SH,新疆天业,20110118,6.9635627530364
600075.SH,新疆天业,20110117,6.9635627530364
600075.SH,新疆天业,20110116,6.9635627530364
600075.SH,新疆天业,20110115,6.9635627530364
600075.SH,新疆天业,20110114,6.9635627530364
600075.SH,新疆天业,20110113,6.9635627530364
600075.SH,新疆天业,20110112,6.9635627530364
600075.SH,新疆天业,20110111,6.9635627530364
600075.SH,新疆天业,20110110,6.9635627530364
600075.SH,新疆天业,20110109,6.9635627530364
600075.SH,新疆天业,20110108,6.9635627530364
600075.SH,新疆天业,20110107,6.9635627530364
600075.SH,新疆天业,20110106,6.9635627530364
600075.SH,新疆天业,20110105,6.9635627530364
600075.SH,新疆天业,20110104,6.9635627530364
600075.SH,新疆天业,20110103,6.9635627530364
600075.SH,新疆天业,20110102,6.9635627530364
600075.SH,新疆天业,20110101,6.9635627530364
600075.SH,新疆天业,20101231,-0.32284100080711
600075.SH,新疆天业,20101230,-0.32284100080711
600075.SH,新疆天业,20101229,-0.32284100080711
600075.SH,新疆天业,20101228,-0.32284100080711
600075.SH,新疆天业,20101227,-0.32284100080711
600075.SH,新疆天业,20101226,-0.32284100080711
600075.SH,新疆天业,20101225,-0.32284100080711
600075.SH,新疆天业,20101224,-0.32284100080711
600075.SH,新疆天业,20101223,-0.32284100080711
600075.SH,新疆天业,20101222,-0.32284100080711
600075.SH,新疆天业,20101221,-0.32284100080711
600075.SH,新疆天业,20101220,-0.32284100080711
600075.SH,新疆天业,20101219,-0.32284100080711
600075.SH,新疆天业,20101218,-0.32284100080711
600075.SH,新疆天业,20101217,-0.32284100080711
600075.SH,新疆天业,20101216,-0.32284100080711
600075.SH,新疆天业,20101215,-0.32284100080711
600075.SH,新疆天业,20101214,-0.32284100080711
600075.SH,新疆天业,20101213,-0.32284100080711
600075.SH,新疆天业,20101212,-0.32284100080711
600075.SH,新疆天业,20101211,-0.32284100080711
600075.SH,新疆天业,20101210,-0.32284100080711
600075.SH,新疆天业,20101209,-0.32284100080711
600075.SH,新疆天业,20101208,-0.32284100080711
600075.SH,新疆天业,20101207,-0.32284100080711
600075.SH,新疆天业,20101206,-0.32284100080711
600075.SH,新疆天业,20101205,-0.32284100080711
600075.SH,新疆天业,20101204,-0.32284100080711
600075.SH,新疆天业,20101203,-0.32284100080711
600075.SH,新疆天业,20101202,-0.32284100080711
600075.SH,新疆天业,20101201,-0.32284100080711
600075.SH,新疆天业,20101130,-3.1274433150899
600075.SH,新疆天业,20101129,-3.1274433150899
600075.SH,新疆天业,20101128,-3.1274433150899
600075.SH,新疆天业,20101127,-3.1274433150899
600075.SH,新疆天业,20101126,-3.1274433150899
600075.SH,新疆天业,20101125,-3.1274433150899
600075.SH,新疆天业,20101124,-3.1274433150899
600075.SH,新疆天业,20101123,-3.1274433150899
600075.SH,新疆天业,20101122,-3.1274433150899
600075.SH,新疆天业,20101121,-3.1274433150899
600075.SH,新疆天业,20101120,-3.1274433150899
600075.SH,新疆天业,20101119,-3.1274433150899
600075.SH,新疆天业,20101118,-3.1274433150899
600075.SH,新疆天业,20101117,-3.1274433150899
600075.SH,新疆天业,20101116,-3.1274433150899
600075.SH,新疆天业,20101115,-3.1274433150899
600075.SH,新疆天业,20101114,-3.1274433150899
600075.SH,新疆天业,20101113,-3.1274433150899
600075.SH,新疆天业,20101112,-3.1274433150899
600075.SH,新疆天业,20101111,-3.1274433150899
600075.SH,新疆天业,20101110,-3.1274433150899
600075.SH,新疆天业,20101109,-3.1274433150899
600075.SH,新疆天业,20101108,-3.1274433150899
600075.SH,新疆天业,20101107,-3.1274433150899
600075.SH,新疆天业,20101106,-3.1274433150899
600075.SH,新疆天业,20101105,-3.1274433150899
600075.SH,新疆天业,20101104,-3.1274433150899
600075.SH,新疆天业,20101103,-3.1274433150899
600075.SH,新疆天业,20101102,-3.1274433150899
600075.SH,新疆天业,20101101,-3.1274433150899
600075.SH,新疆天业,20101031,5.1809210526316
600075.SH,新疆天业,20101030,5.1809210526316
600075.SH,新疆天业,20101029,5.1809210526316
600075.SH,新疆天业,20101028,5.1809210526316
600075.SH,新疆天业,20101027,5.1809210526316
600075.SH,新疆天业,20101026,5.1809210526316
600075.SH,新疆天业,20101025,5.1809210526316
600075.SH,新疆天业,20101024,5.1809210526316
600075.SH,新疆天业,20101023,5.1809210526316
600075.SH,新疆天业,20101022,5.1809210526316
600075.SH,新疆天业,20101021,5.1809210526316
600075.SH,新疆天业,20101020,5.1809210526316
600075.SH,新疆天业,20101019,5.1809210526316
600075.SH,新疆天业,20101018,5.1809210526316
600075.SH,新疆天业,20101017,5.1809210526316
600075.SH,新疆天业,20101016,5.1809210526316
600075.SH,新疆天业,20101015,5.1809210526316
600075.SH,新疆天业,20101014,5.1809210526316
600075.SH,新疆天业,20101013,5.1809210526316
600075.SH,新疆天业,20101012,5.1809210526316
600075.SH,新疆天业,20101011,5.1809210526316
600075.SH,新疆天业,20101010,5.1809210526316
600075.SH,新疆天业,20101009,5.1809210526316
600075.SH,新疆天业,20101008,5.1809210526316
600075.SH,新疆天业,20101007,5.1809210526316
600075.SH,新疆天业,20101006,5.1809210526316
600075.SH,新疆天业,20101005,5.1809210526316
600075.SH,新疆天业,20101004,5.1809210526316
600075.SH,新疆天业,20101003,5.1809210526316
600075.SH,新疆天业,20101002,5.1809210526316
600075.SH,新疆天业,20101001,5.1809210526316
600075.SH,新疆天业,20100930,-1.1382113821138
600075.SH,新疆天业,20100929,-1.1382113821138
600075.SH,新疆天业,20100928,-1.1382113821138
600075.SH,新疆天业,20100927,-1.1382113821138
600075.SH,新疆天业,20100926,-1.1382113821138
600075.SH,新疆天业,20100925,-1.1382113821138
600075.SH,新疆天业,20100924,-1.1382113821138
600075.SH,新疆天业,20100923,-1.1382113821138
600075.SH,新疆天业,20100922,-1.1382113821138
600075.SH,新疆天业,20100921,-1.1382113821138
600075.SH,新疆天业,20100920,-1.1382113821138
600075.SH,新疆天业,20100919,-1.1382113821138
600075.SH,新疆天业,20100918,-1.1382113821138
600075.SH,新疆天业,20100917,-1.1382113821138
600075.SH,新疆天业,20100916,-1.1382113821138
600075.SH,新疆天业,20100915,-1.1382113821138
600075.SH,新疆天业,20100914,-1.1382113821138
600075.SH,新疆天业,20100913,-1.1382113821138
600075.SH,新疆天业,20100912,-1.1382113821138
600075.SH,新疆天业,20100911,-1.1382113821138
600075.SH,新疆天业,20100910,-1.1382113821138
600075.SH,新疆天业,20100909,-1.1382113821138
600075.SH,新疆天业,20100908,-1.1382113821138
600075.SH,新疆天业,20100907,-1.1382113821138
600075.SH,新疆天业,20100906,-1.1382113821138
600075.SH,新疆天业,20100905,-1.1382113821138
600075.SH,新疆天业,20100904,-1.1382113821138
600075.SH,新疆天业,20100903,-1.1382113821138
600075.SH,新疆天业,20100902,-1.1382113821138
600075.SH,新疆天业,20100901,-1.1382113821138
600075.SH,新疆天业,20100831,8.179419525066
600075.SH,新疆天业,20100830,8.179419525066
600075.SH,新疆天业,20100829,8.179419525066
600075.SH,新疆天业,20100828,8.179419525066
600075.SH,新疆天业,20100827,8.179419525066
600075.SH,新疆天业,20100826,8.179419525066
600075.SH,新疆天业,20100825,8.179419525066
600075.SH,新疆天业,20100824,8.179419525066
600075.SH,新疆天业,20100823,8.179419525066
600075.SH,新疆天业,20100822,8.179419525066
600075.SH,新疆天业,20100821,8.179419525066
600075.SH,新疆天业,20100820,8.179419525066
600075.SH,新疆天业,20100819,8.179419525066
600075.SH,新疆天业,20100818,8.179419525066
600075.SH,新疆天业,20100817,8.179419525066
600075.SH,新疆天业,20100816,8.179419525066
600075.SH,新疆天业,20100815,8.179419525066
600075.SH,新疆天业,20100814,8.179419525066
600075.SH,新疆天业,20100813,8.179419525066
600075.SH,新疆天业,20100812,8.179419525066
600075.SH,新疆天业,20100811,8.179419525066
600075.SH,新疆天业,20100810,8.179419525066
600075.SH,新疆天业,20100809,8.179419525066
600075.SH,新疆天业,20100808,8.179419525066
600075.SH,新疆天业,20100807,8.179419525066
600075.SH,新疆天业,20100806,8.179419525066
600075.SH,新疆天业,20100805,8.179419525066
600075.SH,新疆天业,20100804,8.179419525066
600075.SH,新疆天业,20100803,8.179419525066
600075.SH,新疆天业,20100802,8.179419525066
600075.SH,新疆天业,20100801,8.179419525066
600075.SH,新疆天业,20100731,13.021868787276
600075.SH,新疆天业,20100730,13.021868787276
600075.SH,新疆天业,20100729,13.021868787276
600075.SH,新疆天业,20100728,13.021868787276
600075.SH,新疆天业,20100727,13.021868787276
600075.SH,新疆天业,20100726,13.021868787276
600075.SH,新疆天业,20100725,13.021868787276
600075.SH,新疆天业,20100724,13.021868787276
600075.SH,新疆天业,20100723,13.021868787276
600075.SH,新疆天业,20100722,13.021868787276
600075.SH,新疆天业,20100721,13.021868787276
600075.SH,新疆天业,20100720,13.021868787276
600075.SH,新疆天业,20100719,13.021868787276
600075.SH,新疆天业,20100718,13.021868787276
600075.SH,新疆天业,20100717,13.021868787276
600075.SH,新疆天业,20100716,13.021868787276
600075.SH,新疆天业,20100715,13.021868787276
600075.SH,新疆天业,20100714,13.021868787276
600075.SH,新疆天业,20100713,13.021868787276
600075.SH,新疆天业,20100712,13.021868787276
600075.SH,新疆天业,20100711,13.021868787276
600075.SH,新疆天业,20100710,13.021868787276
600075.SH,新疆天业,20100709,13.021868787276
600075.SH,新疆天业,20100708,13.021868787276
600075.SH,新疆天业,20100707,13.021868787276
600075.SH,新疆天业,20100706,13.021868787276
600075.SH,新疆天业,20100705,13.021868787276
600075.SH,新疆天业,20100704,13.021868787276
600075.SH,新疆天业,20100703,13.021868787276
600075.SH,新疆天业,20100702,13.021868787276
600075.SH,新疆天业,20100701,13.021868787276
600075.SH,新疆天业,20100630,-20.348376880443
600075.SH,新疆天业,20100629,-20.348376880443
600075.SH,新疆天业,20100628,-20.348376880443
600075.SH,新疆天业,20100627,-20.348376880443
600075.SH,新疆天业,20100626,-20.348376880443
600075.SH,新疆天业,20100625,-20.348376880443
600075.SH,新疆天业,20100624,-20.348376880443
600075.SH,新疆天业,20100623,-20.348376880443
600075.SH,新疆天业,20100622,-20.348376880443
600075.SH,新疆天业,20100621,-20.348376880443
600075.SH,新疆天业,20100620,-20.348376880443
600075.SH,新疆天业,20100619,-20.348376880443
600075.SH,新疆天业,20100618,-20.348376880443
600075.SH,新疆天业,20100617,-20.348376880443
600075.SH,新疆天业,20100616,-20.348376880443
600075.SH,新疆天业,20100615,-20.348376880443
600075.SH,新疆天业,20100614,-20.348376880443
600075.SH,新疆天业,20100613,-20.348376880443
600075.SH,新疆天业,20100612,-20.348376880443
600075.SH,新疆天业,20100611,-20.348376880443
600075.SH,新疆天业,20100610,-20.348376880443
600075.SH,新疆天业,20100609,-20.348376880443
600075.SH,新疆天业,20100608,-20.348376880443
600075.SH,新疆天业,20100607,-20.348376880443
600075.SH,新疆天业,20100606,-20.348376880443
600075.SH,新疆天业,20100605,-20.348376880443
600075.SH,新疆天业,20100604,-20.348376880443
600075.SH,新疆天业,20100603,-20.348376880443
600075.SH,新疆天业,20100602,-20.348376880443
600075.SH,新疆天业,20100601,-20.348376880443
600075.SH,新疆天业,20100531,7.3979591836735
600075.SH,新疆天业,20100530,7.3979591836735
600075.SH,新疆天业,20100529,7.3979591836735
600075.SH,新疆天业,20100528,7.3979591836735
600075.SH,新疆天业,20100527,7.3979591836735
600075.SH,新疆天业,20100526,7.3979591836735
600075.SH,新疆天业,20100525,7.3979591836735
600075.SH,新疆天业,20100524,7.3979591836735
600075.SH,新疆天业,20100523,7.3979591836735
600075.SH,新疆天业,20100522,7.3979591836735
600075.SH,新疆天业,20100521,7.3979591836735
600075.SH,新疆天业,20100520,7.3979591836735
600075.SH,新疆天业,20100519,7.3979591836735
600075.SH,新疆天业,20100518,7.3979591836735
600075.SH,新疆天业,20100517,7.3979591836735
600075.SH,新疆天业,20100516,7.3979591836735
600075.SH,新疆天业,20100515,7.3979591836735
600075.SH,新疆天业,20100514,7.3979591836735
600075.SH,新疆天业,20100513,7.3979591836735
600075.SH,新疆天业,20100512,7.3979591836735
600075.SH,新疆天业,20100511,7.3979591836735
600075.SH,新疆天业,20100510,7.3979591836735
600075.SH,新疆天业,20100509,7.3979591836735
600075.SH,新疆天业,20100508,7.3979591836735
600075.SH,新疆天业,20100507,7.3979591836735
600075.SH,新疆天业,20100506,7.3979591836735
600075.SH,新疆天业,20100505,7.3979591836735
600075.SH,新疆天业,20100504,7.3979591836735
600075.SH,新疆天业,20100503,7.3979591836735
600075.SH,新疆天业,20100502,7.3979591836735
600075.SH,新疆天业,20100501,7.3979591836735
600075.SH,新疆天业,20100430,-10.297482837529
600075.SH,新疆天业,20100429,-10.297482837529
600075.SH,新疆天业,20100428,-10.297482837529
600075.SH,新疆天业,20100427,-10.297482837529
600075.SH,新疆天业,20100426,-10.297482837529
600075.SH,新疆天业,20100425,-10.297482837529
600075.SH,新疆天业,20100424,-10.297482837529
600075.SH,新疆天业,20100423,-10.297482837529
600075.SH,新疆天业,20100422,-10.297482837529
600075.SH,新疆天业,20100421,-10.297482837529
600075.SH,新疆天业,20100420,-10.297482837529
600075.SH,新疆天业,20100419,-10.297482837529
600075.SH,新疆天业,20100418,-10.297482837529
600075.SH,新疆天业,20100417,-10.297482837529
600075.SH,新疆天业,20100416,-10.297482837529
600075.SH,新疆天业,20100415,-10.297482837529
600075.SH,新疆天业,20100414,-10.297482837529
600075.SH,新疆天业,20100413,-10.297482837529
600075.SH,新疆天业,20100412,-10.297482837529
600075.SH,新疆天业,20100411,-10.297482837529
600075.SH,新疆天业,20100410,-10.297482837529
600075.SH,新疆天业,20100409,-10.297482837529
600075.SH,新疆天业,20100408,-10.297482837529
600075.SH,新疆天业,20100407,-10.297482837529
600075.SH,新疆天业,20100406,-10.297482837529
600075.SH,新疆天业,20100405,-10.297482837529
600075.SH,新疆天业,20100404,-10.297482837529
600075.SH,新疆天业,20100403,-10.297482837529
600075.SH,新疆天业,20100402,-10.297482837529
600075.SH,新疆天业,20100401,-10.297482837529
600075.SH,新疆天业,20100331,-0.68181818181818
600075.SH,新疆天业,20100330,-0.68181818181818
600075.SH,新疆天业,20100329,-0.68181818181818
600075.SH,新疆天业,20100328,-0.68181818181818
600075.SH,新疆天业,20100327,-0.68181818181818
600075.SH,新疆天业,20100326,-0.68181818181818
600075.SH,新疆天业,20100325,-0.68181818181818
600075.SH,新疆天业,20100324,-0.68181818181818
600075.SH,新疆天业,20100323,-0.68181818181818
600075.SH,新疆天业,20100322,-0.68181818181818
600075.SH,新疆天业,20100321,-0.68181818181818
600075.SH,新疆天业,20100320,-0.68181818181818
600075.SH,新疆天业,20100319,-0.68181818181818
600075.SH,新疆天业,20100318,-0.68181818181818
600075.SH,新疆天业,20100317,-0.68181818181818
600075.SH,新疆天业,20100316,-0.68181818181818
600075.SH,新疆天业,20100315,-0.68181818181818
600075.SH,新疆天业,20100314,-0.68181818181818
600075.SH,新疆天业,20100313,-0.68181818181818
600075.SH,新疆天业,20100312,-0.68181818181818
600075.SH,新疆天业,20100311,-0.68181818181818
600075.SH,新疆天业,20100310,-0.68181818181818
600075.SH,新疆天业,20100309,-0.68181818181818
600075.SH,新疆天业,20100308,-0.68181818181818
600075.SH,新疆天业,20100307,-0.68181818181818
600075.SH,新疆天业,20100306,-0.68181818181818
600075.SH,新疆天业,20100305,-0.68181818181818
600075.SH,新疆天业,20100304,-0.68181818181818
600075.SH,新疆天业,20100303,-0.68181818181818
600075.SH,新疆天业,20100302,-0.68181818181818
600075.SH,新疆天业,20100301,-0.68181818181818
600075.SH,新疆天业,20100228,31.082423038729
600075.SH,新疆天业,20100227,31.082423038729
600075.SH,新疆天业,20100226,31.082423038729
600075.SH,新疆天业,20100225,31.082423038729
600075.SH,新疆天业,20100224,31.082423038729
600075.SH,新疆天业,20100223,31.082423038729
600075.SH,新疆天业,20100222,31.082423038729
600075.SH,新疆天业,20100221,31.082423038729
600075.SH,新疆天业,20100220,31.082423038729
600075.SH,新疆天业,20100219,31.082423038729
600075.SH,新疆天业,20100218,31.082423038729
600075.SH,新疆天业,20100217,31.082423038729
600075.SH,新疆天业,20100216,31.082423038729
600075.SH,新疆天业,20100215,31.082423038729
600075.SH,新疆天业,20100214,31.082423038729
600075.SH,新疆天业,20100213,31.082423038729
600075.SH,新疆天业,20100212,31.082423038729
600075.SH,新疆天业,20100211,31.082423038729
600075.SH,新疆天业,20100210,31.082423038729
600075.SH,新疆天业,20100209,31.082423038729
600075.SH,新疆天业,20100208,31.082423038729
600075.SH,新疆天业,20100207,31.082423038729
600075.SH,新疆天业,20100206,31.082423038729
600075.SH,新疆天业,20100205,31.082423038729
600075.SH,新疆天业,20100204,31.082423038729
600075.SH,新疆天业,20100203,31.082423038729
600075.SH,新疆天业,20100202,31.082423038729
600075.SH,新疆天业,20100201,31.082423038729
600075.SH,新疆天业,20100131,6.6737288135593
600075.SH,新疆天业,20100130,6.6737288135593
600075.SH,新疆天业,20100129,6.6737288135593
600075.SH,新疆天业,20100128,6.6737288135593
600075.SH,新疆天业,20100127,6.6737288135593
600075.SH,新疆天业,20100126,6.6737288135593
600075.SH,新疆天业,20100125,6.6737288135593
600075.SH,新疆天业,20100124,6.6737288135593
600075.SH,新疆天业,20100123,6.6737288135593
600075.SH,新疆天业,20100122,6.6737288135593
600075.SH,新疆天业,20100121,6.6737288135593
600075.SH,新疆天业,20100120,6.6737288135593
600075.SH,新疆天业,20100119,6.6737288135593
600075.SH,新疆天业,20100118,6.6737288135593
600075.SH,新疆天业,20100117,6.6737288135593
600075.SH,新疆天业,20100116,6.6737288135593
600075.SH,新疆天业,20100115,6.6737288135593
600075.SH,新疆天业,20100114,6.6737288135593
600075.SH,新疆天业,20100113,6.6737288135593
600075.SH,新疆天业,20100112,6.6737288135593
600075.SH,新疆天业,20100111,6.6737288135593
600075.SH,新疆天业,20100110,6.6737288135593
600075.SH,新疆天业,20100109,6.6737288135593
600075.SH,新疆天业,20100108,6.6737288135593
600075.SH,新疆天业,20100107,6.6737288135593
600075.SH,新疆天业,20100106,6.6737288135593
600075.SH,新疆天业,20100105,6.6737288135593
600075.SH,新疆天业,20100104,6.6737288135593
600075.SH,新疆天业,20100103,6.6737288135593
600075.SH,新疆天业,20100102,6.6737288135593
600075.SH,新疆天业,20100101,6.6737288135593
600075.SH,新疆天业,20091231,-0.3167898627244
600075.SH,新疆天业,20091230,-0.3167898627244
600075.SH,新疆天业,20091229,-0.3167898627244
600075.SH,新疆天业,20091228,-0.3167898627244
600075.SH,新疆天业,20091227,-0.3167898627244
600075.SH,新疆天业,20091226,-0.3167898627244
600075.SH,新疆天业,20091225,-0.3167898627244
600075.SH,新疆天业,20091224,-0.3167898627244
600075.SH,新疆天业,20091223,-0.3167898627244
600075.SH,新疆天业,20091222,-0.3167898627244
600075.SH,新疆天业,20091221,-0.3167898627244
600075.SH,新疆天业,20091220,-0.3167898627244
600075.SH,新疆天业,20091219,-0.3167898627244
600075.SH,新疆天业,20091218,-0.3167898627244
600075.SH,新疆天业,20091217,-0.3167898627244
600075.SH,新疆天业,20091216,-0.3167898627244
600075.SH,新疆天业,20091215,-0.3167898627244
600075.SH,新疆天业,20091214,-0.3167898627244
600075.SH,新疆天业,20091213,-0.3167898627244
600075.SH,新疆天业,20091212,-0.3167898627244
600075.SH,新疆天业,20091211,-0.3167898627244
600075.SH,新疆天业,20091210,-0.3167898627244
600075.SH,新疆天业,20091209,-0.3167898627244
600075.SH,新疆天业,20091208,-0.3167898627244
600075.SH,新疆天业,20091207,-0.3167898627244
600075.SH,新疆天业,20091206,-0.3167898627244
600075.SH,新疆天业,20091205,-0.3167898627244
600075.SH,新疆天业,20091204,-0.3167898627244
600075.SH,新疆天业,20091203,-0.3167898627244
600075.SH,新疆天业,20091202,-0.3167898627244
600075.SH,新疆天业,20091201,-0.3167898627244
600075.SH,新疆天业,20091130,25.596816976127
600075.SH,新疆天业,20091129,25.596816976127
600075.SH,新疆天业,20091128,25.596816976127
600075.SH,新疆天业,20091127,25.596816976127
600075.SH,新疆天业,20091126,25.596816976127
600075.SH,新疆天业,20091125,25.596816976127
600075.SH,新疆天业,20091124,25.596816976127
600075.SH,新疆天业,20091123,25.596816976127
600075.SH,新疆天业,20091122,25.596816976127
600075.SH,新疆天业,20091121,25.596816976127
600075.SH,新疆天业,20091120,25.596816976127
600075.SH,新疆天业,20091119,25.596816976127
600075.SH,新疆天业,20091118,25.596816976127
600075.SH,新疆天业,20091117,25.596816976127
600075.SH,新疆天业,20091116,25.596816976127
600075.SH,新疆天业,20091115,25.596816976127
600075.SH,新疆天业,20091114,25.596816976127
600075.SH,新疆天业,20091113,25.596816976127
600075.SH,新疆天业,20091112,25.596816976127
600075.SH,新疆天业,20091111,25.596816976127
600075.SH,新疆天业,20091110,25.596816976127
600075.SH,新疆天业,20091109,25.596816976127
600075.SH,新疆天业,20091108,25.596816976127
600075.SH,新疆天业,20091107,25.596816976127
600075.SH,新疆天业,20091106,25.596816976127
600075.SH,新疆天业,20091105,25.596816976127
600075.SH,新疆天业,20091104,25.596816976127
600075.SH,新疆天业,20091103,25.596816976127
600075.SH,新疆天业,20091102,25.596816976127
600075.SH,新疆天业,20091101,25.596816976127
600075.SH,新疆天业,20091031,9.7525473071325
600075.SH,新疆天业,20091030,9.7525473071325
600075.SH,新疆天业,20091029,9.7525473071325
600075.SH,新疆天业,20091028,9.7525473071325
600075.SH,新疆天业,20091027,9.7525473071325
600075.SH,新疆天业,20091026,9.7525473071325
600075.SH,新疆天业,20091025,9.7525473071325
600075.SH,新疆天业,20091024,9.7525473071325
600075.SH,新疆天业,20091023,9.7525473071325
600075.SH,新疆天业,20091022,9.7525473071325
600075.SH,新疆天业,20091021,9.7525473071325
600075.SH,新疆天业,20091020,9.7525473071325
600075.SH,新疆天业,20091019,9.7525473071325
600075.SH,新疆天业,20091018,9.7525473071325
600075.SH,新疆天业,20091017,9.7525473071325
600075.SH,新疆天业,20091016,9.7525473071325
600075.SH,新疆天业,20091015,9.7525473071325
600075.SH,新疆天业,20091014,9.7525473071325
600075.SH,新疆天业,20091013,9.7525473071325
600075.SH,新疆天业,20091012,9.7525473071325
600075.SH,新疆天业,20091011,9.7525473071325
600075.SH,新疆天业,20091010,9.7525473071325
600075.SH,新疆天业,20091009,9.7525473071325
600075.SH,新疆天业,20091008,9.7525473071325
600075.SH,新疆天业,20091007,9.7525473071325
600075.SH,新疆天业,20091006,9.7525473071325
600075.SH,新疆天业,20091005,9.7525473071325
600075.SH,新疆天业,20091004,9.7525473071325
600075.SH,新疆天业,20091003,9.7525473071325
600075.SH,新疆天业,20091002,9.7525473071325
600075.SH,新疆天业,20091001,9.7525473071325
600075.SH,新疆天业,20090930,-10.313315926893
600075.SH,新疆天业,20090929,-10.313315926893
600075.SH,新疆天业,20090928,-10.313315926893
600075.SH,新疆天业,20090927,-10.313315926893
600075.SH,新疆天业,20090926,-10.313315926893
600075.SH,新疆天业,20090925,-10.313315926893
600075.SH,新疆天业,20090924,-10.313315926893
600075.SH,新疆天业,20090923,-10.313315926893
600075.SH,新疆天业,20090922,-10.313315926893
600075.SH,新疆天业,20090921,-10.313315926893
600075.SH,新疆天业,20090920,-10.313315926893
600075.SH,新疆天业,20090919,-10.313315926893
600075.SH,新疆天业,20090918,-10.313315926893
600075.SH,新疆天业,20090917,-10.313315926893
600075.SH,新疆天业,20090916,-10.313315926893
600075.SH,新疆天业,20090915,-10.313315926893
600075.SH,新疆天业,20090914,-10.313315926893
600075.SH,新疆天业,20090913,-10.313315926893
600075.SH,新疆天业,20090912,-10.313315926893
600075.SH,新疆天业,20090911,-10.313315926893
600075.SH,新疆天业,20090910,-10.313315926893
600075.SH,新疆天业,20090909,-10.313315926893
600075.SH,新疆天业,20090908,-10.313315926893
600075.SH,新疆天业,20090907,-10.313315926893
600075.SH,新疆天业,20090906,-10.313315926893
600075.SH,新疆天业,20090905,-10.313315926893
600075.SH,新疆天业,20090904,-10.313315926893
600075.SH,新疆天业,20090903,-10.313315926893
600075.SH,新疆天业,20090902,-10.313315926893
600075.SH,新疆天业,20090901,-10.313315926893
600075.SH,新疆天业,20090831,-23.705179282869
600075.SH,新疆天业,20090830,-23.705179282869
600075.SH,新疆天业,20090829,-23.705179282869
600075.SH,新疆天业,20090828,-23.705179282869
600075.SH,新疆天业,20090827,-23.705179282869
600075.SH,新疆天业,20090826,-23.705179282869
600075.SH,新疆天业,20090825,-23.705179282869
600075.SH,新疆天业,20090824,-23.705179282869
600075.SH,新疆天业,20090823,-23.705179282869
600075.SH,新疆天业,20090822,-23.705179282869
600075.SH,新疆天业,20090821,-23.705179282869
600075.SH,新疆天业,20090820,-23.705179282869
600075.SH,新疆天业,20090819,-23.705179282869
600075.SH,新疆天业,20090818,-23.705179282869
600075.SH,新疆天业,20090817,-23.705179282869
600075.SH,新疆天业,20090816,-23.705179282869
600075.SH,新疆天业,20090815,-23.705179282869
600075.SH,新疆天业,20090814,-23.705179282869
600075.SH,新疆天业,20090813,-23.705179282869
600075.SH,新疆天业,20090812,-23.705179282869
600075.SH,新疆天业,20090811,-23.705179282869
600075.SH,新疆天业,20090810,-23.705179282869
600075.SH,新疆天业,20090809,-23.705179282869
600075.SH,新疆天业,20090808,-23.705179282869
600075.SH,新疆天业,20090807,-23.705179282869
600075.SH,新疆天业,20090806,-23.705179282869
600075.SH,新疆天业,20090805,-23.705179282869
600075.SH,新疆天业,20090804,-23.705179282869
600075.SH,新疆天业,20090803,-23.705179282869
600075.SH,新疆天业,20090802,-23.705179282869
600075.SH,新疆天业,20090801,-23.705179282869
600075.SH,新疆天业,20090731,36.043360433604
600075.SH,新疆天业,20090730,36.043360433604
600075.SH,新疆天业,20090729,36.043360433604
600075.SH,新疆天业,20090728,36.043360433604
600075.SH,新疆天业,20090727,36.043360433604
600075.SH,新疆天业,20090726,36.043360433604
600075.SH,新疆天业,20090725,36.043360433604
600075.SH,新疆天业,20090724,36.043360433604
600075.SH,新疆天业,20090723,36.043360433604
600075.SH,新疆天业,20090722,36.043360433604
600075.SH,新疆天业,20090721,36.043360433604
600075.SH,新疆天业,20090720,36.043360433604
600075.SH,新疆天业,20090719,36.043360433604
600075.SH,新疆天业,20090718,36.043360433604
600075.SH,新疆天业,20090717,36.043360433604
600075.SH,新疆天业,20090716,36.043360433604
600075.SH,新疆天业,20090715,36.043360433604
600075.SH,新疆天业,20090714,36.043360433604
600075.SH,新疆天业,20090713,36.043360433604
600075.SH,新疆天业,20090712,36.043360433604
600075.SH,新疆天业,20090711,36.043360433604
600075.SH,新疆天业,20090710,36.043360433604
600075.SH,新疆天业,20090709,36.043360433604
600075.SH,新疆天业,20090708,36.043360433604
600075.SH,新疆天业,20090707,36.043360433604
600075.SH,新疆天业,20090706,36.043360433604
600075.SH,新疆天业,20090705,36.043360433604
600075.SH,新疆天业,20090704,36.043360433604
600075.SH,新疆天业,20090703,36.043360433604
600075.SH,新疆天业,20090702,36.043360433604
600075.SH,新疆天业,20090701,36.043360433604
600075.SH,新疆天业,20090630,4.0902679830748
600075.SH,新疆天业,20090629,4.0902679830748
600075.SH,新疆天业,20090628,4.0902679830748
600075.SH,新疆天业,20090627,4.0902679830748
600075.SH,新疆天业,20090626,4.0902679830748
600075.SH,新疆天业,20090625,4.0902679830748
600075.SH,新疆天业,20090624,4.0902679830748
600075.SH,新疆天业,20090623,4.0902679830748
600075.SH,新疆天业,20090622,4.0902679830748
600075.SH,新疆天业,20090621,4.0902679830748
600075.SH,新疆天业,20090620,4.0902679830748
600075.SH,新疆天业,20090619,4.0902679830748
600075.SH,新疆天业,20090618,4.0902679830748
600075.SH,新疆天业,20090617,4.0902679830748
600075.SH,新疆天业,20090616,4.0902679830748
600075.SH,新疆天业,20090615,4.0902679830748
600075.SH,新疆天业,20090614,4.0902679830748
600075.SH,新疆天业,20090613,4.0902679830748
600075.SH,新疆天业,20090612,4.0902679830748
600075.SH,新疆天业,20090611,4.0902679830748
600075.SH,新疆天业,20090610,4.0902679830748
600075.SH,新疆天业,20090609,4.0902679830748
600075.SH,新疆天业,20090608,4.0902679830748
600075.SH,新疆天业,20090607,4.0902679830748
600075.SH,新疆天业,20090606,4.0902679830748
600075.SH,新疆天业,20090605,4.0902679830748
600075.SH,新疆天业,20090604,4.0902679830748
600075.SH,新疆天业,20090603,4.0902679830748
600075.SH,新疆天业,20090602,4.0902679830748
600075.SH,新疆天业,20090601,4.0902679830748
600075.SH,新疆天业,20090531,2.7536231884058
600075.SH,新疆天业,20090530,2.7536231884058
600075.SH,新疆天业,20090529,2.7536231884058
600075.SH,新疆天业,20090528,2.7536231884058
600075.SH,新疆天业,20090527,2.7536231884058
600075.SH,新疆天业,20090526,2.7536231884058
600075.SH,新疆天业,20090525,2.7536231884058
600075.SH,新疆天业,20090524,2.7536231884058
600075.SH,新疆天业,20090523,2.7536231884058
600075.SH,新疆天业,20090522,2.7536231884058
600075.SH,新疆天业,20090521,2.7536231884058
600075.SH,新疆天业,20090520,2.7536231884058
600075.SH,新疆天业,20090519,2.7536231884058
600075.SH,新疆天业,20090518,2.7536231884058
600075.SH,新疆天业,20090517,2.7536231884058
600075.SH,新疆天业,20090516,2.7536231884058
600075.SH,新疆天业,20090515,2.7536231884058
600075.SH,新疆天业,20090514,2.7536231884058
600075.SH,新疆天业,20090513,2.7536231884058
600075.SH,新疆天业,20090512,2.7536231884058
600075.SH,新疆天业,20090511,2.7536231884058
600075.SH,新疆天业,20090510,2.7536231884058
600075.SH,新疆天业,20090509,2.7536231884058
600075.SH,新疆天业,20090508,2.7536231884058
600075.SH,新疆天业,20090507,2.7536231884058
600075.SH,新疆天业,20090506,2.7536231884058
600075.SH,新疆天业,20090505,2.7536231884058
600075.SH,新疆天业,20090504,2.7536231884058
600075.SH,新疆天业,20090503,2.7536231884058
600075.SH,新疆天业,20090502,2.7536231884058
600075.SH,新疆天业,20090501,2.7536231884058
600075.SH,新疆天业,20090430,-11.538461538462
600075.SH,新疆天业,20090429,-11.538461538462
600075.SH,新疆天业,20090428,-11.538461538462
600075.SH,新疆天业,20090427,-11.538461538462
600075.SH,新疆天业,20090426,-11.538461538462
600075.SH,新疆天业,20090425,-11.538461538462
600075.SH,新疆天业,20090424,-11.538461538462
600075.SH,新疆天业,20090423,-11.538461538462
600075.SH,新疆天业,20090422,-11.538461538462
600075.SH,新疆天业,20090421,-11.538461538462
600075.SH,新疆天业,20090420,-11.538461538462
600075.SH,新疆天业,20090419,-11.538461538462
600075.SH,新疆天业,20090418,-11.538461538462
600075.SH,新疆天业,20090417,-11.538461538462
600075.SH,新疆天业,20090416,-11.538461538462
600075.SH,新疆天业,20090415,-11.538461538462
600075.SH,新疆天业,20090414,-11.538461538462
600075.SH,新疆天业,20090413,-11.538461538462
600075.SH,新疆天业,20090412,-11.538461538462
600075.SH,新疆天业,20090411,-11.538461538462
600075.SH,新疆天业,20090410,-11.538461538462
600075.SH,新疆天业,20090409,-11.538461538462
600075.SH,新疆天业,20090408,-11.538461538462
600075.SH,新疆天业,20090407,-11.538461538462
600075.SH,新疆天业,20090406,-11.538461538462
600075.SH,新疆天业,20090405,-11.538461538462
600075.SH,新疆天业,20090404,-11.538461538462
600075.SH,新疆天业,20090403,-11.538461538462
600075.SH,新疆天业,20090402,-11.538461538462
600075.SH,新疆天业,20090401,-11.538461538462
600075.SH,新疆天业,20090331,2.6315789473684
600075.SH,新疆天业,20090330,2.6315789473684
600075.SH,新疆天业,20090329,2.6315789473684
600075.SH,新疆天业,20090328,2.6315789473684
600075.SH,新疆天业,20090327,2.6315789473684
600075.SH,新疆天业,20090326,2.6315789473684
600075.SH,新疆天业,20090325,2.6315789473684
600075.SH,新疆天业,20090324,2.6315789473684
600075.SH,新疆天业,20090323,2.6315789473684
600075.SH,新疆天业,20090322,2.6315789473684
600075.SH,新疆天业,20090321,2.6315789473684
600075.SH,新疆天业,20090320,2.6315789473684
600075.SH,新疆天业,20090319,2.6315789473684
600075.SH,新疆天业,20090318,2.6315789473684
600075.SH,新疆天业,20090317,2.6315789473684
600075.SH,新疆天业,20090316,2.6315789473684
600075.SH,新疆天业,20090315,2.6315789473684
600075.SH,新疆天业,20090314,2.6315789473684
600075.SH,新疆天业,20090313,2.6315789473684
600075.SH,新疆天业,20090312,2.6315789473684
600075.SH,新疆天业,20090311,2.6315789473684
600075.SH,新疆天业,20090310,2.6315789473684
600075.SH,新疆天业,20090309,2.6315789473684
600075.SH,新疆天业,20090308,2.6315789473684
600075.SH,新疆天业,20090307,2.6315789473684
600075.SH,新疆天业,20090306,2.6315789473684
600075.SH,新疆天业,20090305,2.6315789473684
600075.SH,新疆天业,20090304,2.6315789473684
600075.SH,新疆天业,20090303,2.6315789473684
600075.SH,新疆天业,20090302,2.6315789473684
600075.SH,新疆天业,20090301,2.6315789473684
600075.SH,新疆天业,20090228,24.183006535948
600075.SH,新疆天业,20090227,24.183006535948
600075.SH,新疆天业,20090226,24.183006535948
600075.SH,新疆天业,20090225,24.183006535948
600075.SH,新疆天业,20090224,24.183006535948
600075.SH,新疆天业,20090223,24.183006535948
600075.SH,新疆天业,20090222,24.183006535948
600075.SH,新疆天业,20090221,24.183006535948
600075.SH,新疆天业,20090220,24.183006535948
600075.SH,新疆天业,20090219,24.183006535948
600075.SH,新疆天业,20090218,24.183006535948
600075.SH,新疆天业,20090217,24.183006535948
600075.SH,新疆天业,20090216,24.183006535948
600075.SH,新疆天业,20090215,24.183006535948
600075.SH,新疆天业,20090214,24.183006535948
600075.SH,新疆天业,20090213,24.183006535948
600075.SH,新疆天业,20090212,24.183006535948
600075.SH,新疆天业,20090211,24.183006535948
600075.SH,新疆天业,20090210,24.183006535948
600075.SH,新疆天业,20090209,24.183006535948
600075.SH,新疆天业,20090208,24.183006535948
600075.SH,新疆天业,20090207,24.183006535948
600075.SH,新疆天业,20090206,24.183006535948
600075.SH,新疆天业,20090205,24.183006535948
600075.SH,新疆天业,20090204,24.183006535948
600075.SH,新疆天业,20090203,24.183006535948
600075.SH,新疆天业,20090202,24.183006535948
600075.SH,新疆天业,20090201,24.183006535948
600075.SH,新疆天业,20090131,20.472440944882
600075.SH,新疆天业,20090130,20.472440944882
600075.SH,新疆天业,20090129,20.472440944882
600075.SH,新疆天业,20090128,20.472440944882
600075.SH,新疆天业,20090127,20.472440944882
600075.SH,新疆天业,20090126,20.472440944882
600075.SH,新疆天业,20090125,20.472440944882
600075.SH,新疆天业,20090124,20.472440944882
600075.SH,新疆天业,20090123,20.472440944882
600075.SH,新疆天业,20090122,20.472440944882
600075.SH,新疆天业,20090121,20.472440944882
600075.SH,新疆天业,20090120,20.472440944882
600075.SH,新疆天业,20090119,20.472440944882
600075.SH,新疆天业,20090118,20.472440944882
600075.SH,新疆天业,20090117,20.472440944882
600075.SH,新疆天业,20090116,20.472440944882
600075.SH,新疆天业,20090115,20.472440944882
600075.SH,新疆天业,20090114,20.472440944882
600075.SH,新疆天业,20090113,20.472440944882
600075.SH,新疆天业,20090112,20.472440944882
600075.SH,新疆天业,20090111,20.472440944882
600075.SH,新疆天业,20090110,20.472440944882
600075.SH,新疆天业,20090109,20.472440944882
600075.SH,新疆天业,20090108,20.472440944882
600075.SH,新疆天业,20090107,20.472440944882
600075.SH,新疆天业,20090106,20.472440944882
600075.SH,新疆天业,20090105,20.472440944882
600075.SH,新疆天业,20090104,20.472440944882
600075.SH,新疆天业,20090103,20.472440944882
600075.SH,新疆天业,20090102,20.472440944882
600075.SH,新疆天业,20090101,20.472440944882
600075.SH,新疆天业,20081231,-2.6819923371647
600075.SH,新疆天业,20081230,-2.6819923371647
600075.SH,新疆天业,20081229,-2.6819923371647
600075.SH,新疆天业,20081228,-2.6819923371647
600075.SH,新疆天业,20081227,-2.6819923371647
600075.SH,新疆天业,20081226,-2.6819923371647
600075.SH,新疆天业,20081225,-2.6819923371647
600075.SH,新疆天业,20081224,-2.6819923371647
600075.SH,新疆天业,20081223,-2.6819923371647
600075.SH,新疆天业,20081222,-2.6819923371647
600075.SH,新疆天业,20081221,-2.6819923371647
600075.SH,新疆天业,20081220,-2.6819923371647
600075.SH,新疆天业,20081219,-2.6819923371647
600075.SH,新疆天业,20081218,-2.6819923371647
600075.SH,新疆天业,20081217,-2.6819923371647
600075.SH,新疆天业,20081216,-2.6819923371647
600075.SH,新疆天业,20081215,-2.6819923371647
600075.SH,新疆天业,20081214,-2.6819923371647
600075.SH,新疆天业,20081213,-2.6819923371647
600075.SH,新疆天业,20081212,-2.6819923371647
600075.SH,新疆天业,20081211,-2.6819923371647
600075.SH,新疆天业,20081210,-2.6819923371647
600075.SH,新疆天业,20081209,-2.6819923371647
600075.SH,新疆天业,20081208,-2.6819923371647
600075.SH,新疆天业,20081207,-2.6819923371647
600075.SH,新疆天业,20081206,-2.6819923371647
600075.SH,新疆天业,20081205,-2.6819923371647
600075.SH,新疆天业,20081204,-2.6819923371647
600075.SH,新疆天业,20081203,-2.6819923371647
600075.SH,新疆天业,20081202,-2.6819923371647
600075.SH,新疆天业,20081201,-2.6819923371647
600075.SH,新疆天业,20081130,22.823529411765
600075.SH,新疆天业,20081129,22.823529411765
600075.SH,新疆天业,20081128,22.823529411765
600075.SH,新疆天业,20081127,22.823529411765
600075.SH,新疆天业,20081126,22.823529411765
600075.SH,新疆天业,20081125,22.823529411765
600075.SH,新疆天业,20081124,22.823529411765
600075.SH,新疆天业,20081123,22.823529411765
600075.SH,新疆天业,20081122,22.823529411765
600075.SH,新疆天业,20081121,22.823529411765
600075.SH,新疆天业,20081120,22.823529411765
600075.SH,新疆天业,20081119,22.823529411765
600075.SH,新疆天业,20081118,22.823529411765
600075.SH,新疆天业,20081117,22.823529411765
600075.SH,新疆天业,20081116,22.823529411765
600075.SH,新疆天业,20081115,22.823529411765
600075.SH,新疆天业,20081114,22.823529411765
600075.SH,新疆天业,20081113,22.823529411765
600075.SH,新疆天业,20081112,22.823529411765
600075.SH,新疆天业,20081111,22.823529411765
600075.SH,新疆天业,20081110,22.823529411765
600075.SH,新疆天业,20081109,22.823529411765
600075.SH,新疆天业,20081108,22.823529411765
600075.SH,新疆天业,20081107,22.823529411765
600075.SH,新疆天业,20081106,22.823529411765
600075.SH,新疆天业,20081105,22.823529411765
600075.SH,新疆天业,20081104,22.823529411765
600075.SH,新疆天业,20081103,22.823529411765
600075.SH,新疆天业,20081102,22.823529411765
600075.SH,新疆天业,20081101,22.823529411765
600075.SH,新疆天业,20081031,-31.891025641026
600075.SH,新疆天业,20081030,-31.891025641026
600075.SH,新疆天业,20081029,-31.891025641026
600075.SH,新疆天业,20081028,-31.891025641026
600075.SH,新疆天业,20081027,-31.891025641026
600075.SH,新疆天业,20081026,-31.891025641026
600075.SH,新疆天业,20081025,-31.891025641026
600075.SH,新疆天业,20081024,-31.891025641026
600075.SH,新疆天业,20081023,-31.891025641026
600075.SH,新疆天业,20081022,-31.891025641026
600075.SH,新疆天业,20081021,-31.891025641026
600075.SH,新疆天业,20081020,-31.891025641026
600075.SH,新疆天业,20081019,-31.891025641026
600075.SH,新疆天业,20081018,-31.891025641026
600075.SH,新疆天业,20081017,-31.891025641026
600075.SH,新疆天业,20081016,-31.891025641026
600075.SH,新疆天业,20081015,-31.891025641026
600075.SH,新疆天业,20081014,-31.891025641026
600075.SH,新疆天业,20081013,-31.891025641026
600075.SH,新疆天业,20081012,-31.891025641026
600075.SH,新疆天业,20081011,-31.891025641026
600075.SH,新疆天业,20081010,-31.891025641026
600075.SH,新疆天业,20081009,-31.891025641026
600075.SH,新疆天业,20081008,-31.891025641026
600075.SH,新疆天业,20081007,-31.891025641026
600075.SH,新疆天业,20081006,-31.891025641026
600075.SH,新疆天业,20081005,-31.891025641026
600075.SH,新疆天业,20081004,-31.891025641026
600075.SH,新疆天业,20081003,-31.891025641026
600075.SH,新疆天业,20081002,-31.891025641026
600075.SH,新疆天业,20081001,-31.891025641026
600075.SH,新疆天业,20080930,-14.520547945205
600075.SH,新疆天业,20080929,-14.520547945205
600075.SH,新疆天业,20080928,-14.520547945205
600075.SH,新疆天业,20080927,-14.520547945205
600075.SH,新疆天业,20080926,-14.520547945205
600075.SH,新疆天业,20080925,-14.520547945205
600075.SH,新疆天业,20080924,-14.520547945205
600075.SH,新疆天业,20080923,-14.520547945205
600075.SH,新疆天业,20080922,-14.520547945205
600075.SH,新疆天业,20080921,-14.520547945205
600075.SH,新疆天业,20080920,-14.520547945205
600075.SH,新疆天业,20080919,-14.520547945205
600075.SH,新疆天业,20080918,-14.520547945205
600075.SH,新疆天业,20080917,-14.520547945205
600075.SH,新疆天业,20080916,-14.520547945205
600075.SH,新疆天业,20080915,-14.520547945205
600075.SH,新疆天业,20080914,-14.520547945205
600075.SH,新疆天业,20080913,-14.520547945205
600075.SH,新疆天业,20080912,-14.520547945205
600075.SH,新疆天业,20080911,-14.520547945205
600075.SH,新疆天业,20080910,-14.520547945205
600075.SH,新疆天业,20080909,-14.520547945205
600075.SH,新疆天业,20080908,-14.520547945205
600075.SH,新疆天业,20080907,-14.520547945205
600075.SH,新疆天业,20080906,-14.520547945205
600075.SH,新疆天业,20080905,-14.520547945205
600075.SH,新疆天业,20080904,-14.520547945205
600075.SH,新疆天业,20080903,-14.520547945205
600075.SH,新疆天业,20080902,-14.520547945205
600075.SH,新疆天业,20080901,-14.520547945205
600075.SH,新疆天业,20080831,-27.507447864945
600075.SH,新疆天业,20080830,-27.507447864945
600075.SH,新疆天业,20080829,-27.507447864945
600075.SH,新疆天业,20080828,-27.507447864945
600075.SH,新疆天业,20080827,-27.507447864945
600075.SH,新疆天业,20080826,-27.507447864945
600075.SH,新疆天业,20080825,-27.507447864945
600075.SH,新疆天业,20080824,-27.507447864945
600075.SH,新疆天业,20080823,-27.507447864945
600075.SH,新疆天业,20080822,-27.507447864945
600075.SH,新疆天业,20080821,-27.507447864945
600075.SH,新疆天业,20080820,-27.507447864945
600075.SH,新疆天业,20080819,-27.507447864945
600075.SH,新疆天业,20080818,-27.507447864945
600075.SH,新疆天业,20080817,-27.507447864945
600075.SH,新疆天业,20080816,-27.507447864945
600075.SH,新疆天业,20080815,-27.507447864945
600075.SH,新疆天业,20080814,-27.507447864945
600075.SH,新疆天业,20080813,-27.507447864945
600075.SH,新疆天业,20080812,-27.507447864945
600075.SH,新疆天业,20080811,-27.507447864945
600075.SH,新疆天业,20080810,-27.507447864945
600075.SH,新疆天业,20080809,-27.507447864945
600075.SH,新疆天业,20080808,-27.507447864945
600075.SH,新疆天业,20080807,-27.507447864945
600075.SH,新疆天业,20080806,-27.507447864945
600075.SH,新疆天业,20080805,-27.507447864945
600075.SH,新疆天业,20080804,-27.507447864945
600075.SH,新疆天业,20080803,-27.507447864945
600075.SH,新疆天业,20080802,-27.507447864945
600075.SH,新疆天业,20080801,-27.507447864945
600075.SH,新疆天业,20080731,1.1044176706827
600075.SH,新疆天业,20080730,1.1044176706827
600075.SH,新疆天业,20080729,1.1044176706827
600075.SH,新疆天业,20080728,1.1044176706827
600075.SH,新疆天业,20080727,1.1044176706827
600075.SH,新疆天业,20080726,1.1044176706827
600075.SH,新疆天业,20080725,1.1044176706827
600075.SH,新疆天业,20080724,1.1044176706827
600075.SH,新疆天业,20080723,1.1044176706827
600075.SH,新疆天业,20080722,1.1044176706827
600075.SH,新疆天业,20080721,1.1044176706827
600075.SH,新疆天业,20080720,1.1044176706827
600075.SH,新疆天业,20080719,1.1044176706827
600075.SH,新疆天业,20080718,1.1044176706827
600075.SH,新疆天业,20080717,1.1044176706827
600075.SH,新疆天业,20080716,1.1044176706827
600075.SH,新疆天业,20080715,1.1044176706827
600075.SH,新疆天业,20080714,1.1044176706827
600075.SH,新疆天业,20080713,1.1044176706827
600075.SH,新疆天业,20080712,1.1044176706827
600075.SH,新疆天业,20080711,1.1044176706827
600075.SH,新疆天业,20080710,1.1044176706827
600075.SH,新疆天业,20080709,1.1044176706827
600075.SH,新疆天业,20080708,1.1044176706827
600075.SH,新疆天业,20080707,1.1044176706827
600075.SH,新疆天业,20080706,1.1044176706827
600075.SH,新疆天业,20080705,1.1044176706827
600075.SH,新疆天业,20080704,1.1044176706827
600075.SH,新疆天业,20080703,1.1044176706827
600075.SH,新疆天业,20080702,1.1044176706827
600075.SH,新疆天业,20080701,1.1044176706827
600075.SH,新疆天业,20080630,-33.511348464619
600075.SH,新疆天业,20080629,-33.511348464619
600075.SH,新疆天业,20080628,-33.511348464619
600075.SH,新疆天业,20080627,-33.511348464619
600075.SH,新疆天业,20080626,-33.511348464619
600075.SH,新疆天业,20080625,-33.511348464619
600075.SH,新疆天业,20080624,-33.511348464619
600075.SH,新疆天业,20080623,-33.511348464619
600075.SH,新疆天业,20080622,-33.511348464619
600075.SH,新疆天业,20080621,-33.511348464619
600075.SH,新疆天业,20080620,-33.511348464619
600075.SH,新疆天业,20080619,-33.511348464619
600075.SH,新疆天业,20080618,-33.511348464619
600075.SH,新疆天业,20080617,-33.511348464619
600075.SH,新疆天业,20080616,-33.511348464619
600075.SH,新疆天业,20080615,-33.511348464619
600075.SH,新疆天业,20080614,-33.511348464619
600075.SH,新疆天业,20080613,-33.511348464619
600075.SH,新疆天业,20080612,-33.511348464619
600075.SH,新疆天业,20080611,-33.511348464619
600075.SH,新疆天业,20080610,-33.511348464619
600075.SH,新疆天业,20080609,-33.511348464619
600075.SH,新疆天业,20080608,-33.511348464619
600075.SH,新疆天业,20080607,-33.511348464619
600075.SH,新疆天业,20080606,-33.511348464619
600075.SH,新疆天业,20080605,-33.511348464619
600075.SH,新疆天业,20080604,-33.511348464619
600075.SH,新疆天业,20080603,-33.511348464619
600075.SH,新疆天业,20080602,-33.511348464619
600075.SH,新疆天业,20080601,-33.511348464619
600075.SH,新疆天业,20080531,15.230769230769
600075.SH,新疆天业,20080530,15.230769230769
600075.SH,新疆天业,20080529,15.230769230769
600075.SH,新疆天业,20080528,15.230769230769
600075.SH,新疆天业,20080527,15.230769230769
600075.SH,新疆天业,20080526,15.230769230769
600075.SH,新疆天业,20080525,15.230769230769
600075.SH,新疆天业,20080524,15.230769230769
600075.SH,新疆天业,20080523,15.230769230769
600075.SH,新疆天业,20080522,15.230769230769
600075.SH,新疆天业,20080521,15.230769230769
600075.SH,新疆天业,20080520,15.230769230769
600075.SH,新疆天业,20080519,15.230769230769
600075.SH,新疆天业,20080518,15.230769230769
600075.SH,新疆天业,20080517,15.230769230769
600075.SH,新疆天业,20080516,15.230769230769
600075.SH,新疆天业,20080515,15.230769230769
600075.SH,新疆天业,20080514,15.230769230769
600075.SH,新疆天业,20080513,15.230769230769
600075.SH,新疆天业,20080512,15.230769230769
600075.SH,新疆天业,20080511,15.230769230769
600075.SH,新疆天业,20080510,15.230769230769
600075.SH,新疆天业,20080509,15.230769230769
600075.SH,新疆天业,20080508,15.230769230769
600075.SH,新疆天业,20080507,15.230769230769
600075.SH,新疆天业,20080506,15.230769230769
600075.SH,新疆天业,20080505,15.230769230769
600075.SH,新疆天业,20080504,15.230769230769
600075.SH,新疆天业,20080503,15.230769230769
600075.SH,新疆天业,20080502,15.230769230769
600075.SH,新疆天业,20080501,15.230769230769
600075.SH,新疆天业,20080430,-3.0574198359433
600075.SH,新疆天业,20080429,-3.0574198359433
600075.SH,新疆天业,20080428,-3.0574198359433
600075.SH,新疆天业,20080427,-3.0574198359433
600075.SH,新疆天业,20080426,-3.0574198359433
600075.SH,新疆天业,20080425,-3.0574198359433
600075.SH,新疆天业,20080424,-3.0574198359433
600075.SH,新疆天业,20080423,-3.0574198359433
600075.SH,新疆天业,20080422,-3.0574198359433
600075.SH,新疆天业,20080421,-3.0574198359433
600075.SH,新疆天业,20080420,-3.0574198359433
600075.SH,新疆天业,20080419,-3.0574198359433
600075.SH,新疆天业,20080418,-3.0574198359433
600075.SH,新疆天业,20080417,-3.0574198359433
600075.SH,新疆天业,20080416,-3.0574198359433
600075.SH,新疆天业,20080415,-3.0574198359433
600075.SH,新疆天业,20080414,-3.0574198359433
600075.SH,新疆天业,20080413,-3.0574198359433
600075.SH,新疆天业,20080412,-3.0574198359433
600075.SH,新疆天业,20080411,-3.0574198359433
600075.SH,新疆天业,20080410,-3.0574198359433
600075.SH,新疆天业,20080409,-3.0574198359433
600075.SH,新疆天业,20080408,-3.0574198359433
600075.SH,新疆天业,20080407,-3.0574198359433
600075.SH,新疆天业,20080406,-3.0574198359433
600075.SH,新疆天业,20080405,-3.0574198359433
600075.SH,新疆天业,20080404,-3.0574198359433
600075.SH,新疆天业,20080403,-3.0574198359433
600075.SH,新疆天业,20080402,-3.0574198359433
600075.SH,新疆天业,20080401,-3.0574198359433
600075.SH,新疆天业,20080331,-30.590062111801
600075.SH,新疆天业,20080330,-30.590062111801
600075.SH,新疆天业,20080329,-30.590062111801
600075.SH,新疆天业,20080328,-30.590062111801
600075.SH,新疆天业,20080327,-30.590062111801
600075.SH,新疆天业,20080326,-30.590062111801
600075.SH,新疆天业,20080325,-30.590062111801
600075.SH,新疆天业,20080324,-30.590062111801
600075.SH,新疆天业,20080323,-30.590062111801
600075.SH,新疆天业,20080322,-30.590062111801
600075.SH,新疆天业,20080321,-30.590062111801
600075.SH,新疆天业,20080320,-30.590062111801
600075.SH,新疆天业,20080319,-30.590062111801
600075.SH,新疆天业,20080318,-30.590062111801
600075.SH,新疆天业,20080317,-30.590062111801
600075.SH,新疆天业,20080316,-30.590062111801
600075.SH,新疆天业,20080315,-30.590062111801
600075.SH,新疆天业,20080314,-30.590062111801
600075.SH,新疆天业,20080313,-30.590062111801
600075.SH,新疆天业,20080312,-30.590062111801
600075.SH,新疆天业,20080311,-30.590062111801
600075.SH,新疆天业,20080310,-30.590062111801
600075.SH,新疆天业,20080309,-30.590062111801
600075.SH,新疆天业,20080308,-30.590062111801
600075.SH,新疆天业,20080307,-30.590062111801
600075.SH,新疆天业,20080306,-30.590062111801
600075.SH,新疆天业,20080305,-30.590062111801
600075.SH,新疆天业,20080304,-30.590062111801
600075.SH,新疆天业,20080303,-30.590062111801
600075.SH,新疆天业,20080302,-30.590062111801
600075.SH,新疆天业,20080301,-30.590062111801
600075.SH,新疆天业,20080229,7.3929961089494
600075.SH,新疆天业,20080228,7.3929961089494
600075.SH,新疆天业,20080227,7.3929961089494
600075.SH,新疆天业,20080226,7.3929961089494
600075.SH,新疆天业,20080225,7.3929961089494
600075.SH,新疆天业,20080224,7.3929961089494
600075.SH,新疆天业,20080223,7.3929961089494
600075.SH,新疆天业,20080222,7.3929961089494
600075.SH,新疆天业,20080221,7.3929961089494
600075.SH,新疆天业,20080220,7.3929961089494
600075.SH,新疆天业,20080219,7.3929961089494
600075.SH,新疆天业,20080218,7.3929961089494
600075.SH,新疆天业,20080217,7.3929961089494
600075.SH,新疆天业,20080216,7.3929961089494
600075.SH,新疆天业,20080215,7.3929961089494
600075.SH,新疆天业,20080214,7.3929961089494
600075.SH,新疆天业,20080213,7.3929961089494
600075.SH,新疆天业,20080212,7.3929961089494
600075.SH,新疆天业,20080211,7.3929961089494
600075.SH,新疆天业,20080210,7.3929961089494
600075.SH,新疆天业,20080209,7.3929961089494
600075.SH,新疆天业,20080208,7.3929961089494
600075.SH,新疆天业,20080207,7.3929961089494
600075.SH,新疆天业,20080206,7.3929961089494
600075.SH,新疆天业,20080205,7.3929961089494
600075.SH,新疆天业,20080204,7.3929961089494
600075.SH,新疆天业,20080203,7.3929961089494
600075.SH,新疆天业,20080202,7.3929961089494
600075.SH,新疆天业,20080201,7.3929961089494
600075.SH,新疆天业,20080131,-4.6634870164282
600075.SH,新疆天业,20080130,-4.6634870164282
600075.SH,新疆天业,20080129,-4.6634870164282
600075.SH,新疆天业,20080128,-4.6634870164282
600075.SH,新疆天业,20080127,-4.6634870164282
600075.SH,新疆天业,20080126,-4.6634870164282
600075.SH,新疆天业,20080125,-4.6634870164282
600075.SH,新疆天业,20080124,-4.6634870164282
600075.SH,新疆天业,20080123,-4.6634870164282
600075.SH,新疆天业,20080122,-4.6634870164282
600075.SH,新疆天业,20080121,-4.6634870164282
600075.SH,新疆天业,20080120,-4.6634870164282
600075.SH,新疆天业,20080119,-4.6634870164282
600075.SH,新疆天业,20080118,-4.6634870164282
600075.SH,新疆天业,20080117,-4.6634870164282
600075.SH,新疆天业,20080116,-4.6634870164282
600075.SH,新疆天业,20080115,-4.6634870164282
600075.SH,新疆天业,20080114,-4.6634870164282
600075.SH,新疆天业,20080113,-4.6634870164282
600075.SH,新疆天业,20080112,-4.6634870164282
600075.SH,新疆天业,20080111,-4.6634870164282
600075.SH,新疆天业,20080110,-4.6634870164282
600075.SH,新疆天业,20080109,-4.6634870164282
600075.SH,新疆天业,20080108,-4.6634870164282
600075.SH,新疆天业,20080107,-4.6634870164282
600075.SH,新疆天业,20080106,-4.6634870164282
600075.SH,新疆天业,20080105,-4.6634870164282
600075.SH,新疆天业,20080104,-4.6634870164282
600075.SH,新疆天业,20080103,-4.6634870164282
600075.SH,新疆天业,20080102,-4.6634870164282
600075.SH,新疆天业,20080101,-4.6634870164282
600075.SH,新疆天业,20071231,15.695892090742
600075.SH,新疆天业,20071230,15.695892090742
600075.SH,新疆天业,20071229,15.695892090742
600075.SH,新疆天业,20071228,15.695892090742
600075.SH,新疆天业,20071227,15.695892090742
600075.SH,新疆天业,20071226,15.695892090742
600075.SH,新疆天业,20071225,15.695892090742
600075.SH,新疆天业,20071224,15.695892090742
600075.SH,新疆天业,20071223,15.695892090742
600075.SH,新疆天业,20071222,15.695892090742
600075.SH,新疆天业,20071221,15.695892090742
600075.SH,新疆天业,20071220,15.695892090742
600075.SH,新疆天业,20071219,15.695892090742
600075.SH,新疆天业,20071218,15.695892090742
600075.SH,新疆天业,20071217,15.695892090742
600075.SH,新疆天业,20071216,15.695892090742
600075.SH,新疆天业,20071215,15.695892090742
600075.SH,新疆天业,20071214,15.695892090742
600075.SH,新疆天业,20071213,15.695892090742
600075.SH,新疆天业,20071212,15.695892090742
600075.SH,新疆天业,20071211,15.695892090742
600075.SH,新疆天业,20071210,15.695892090742
600075.SH,新疆天业,20071209,15.695892090742
600075.SH,新疆天业,20071208,15.695892090742
600075.SH,新疆天业,20071207,15.695892090742
600075.SH,新疆天业,20071206,15.695892090742
600075.SH,新疆天业,20071205,15.695892090742
600075.SH,新疆天业,20071204,15.695892090742
600075.SH,新疆天业,20071203,15.695892090742
600075.SH,新疆天业,20071202,15.695892090742
600075.SH,新疆天业,20071201,15.695892090742
600075.SH,新疆天业,20071130,-14.652014652015
600075.SH,新疆天业,20071129,-14.652014652015
600075.SH,新疆天业,20071128,-14.652014652015
600075.SH,新疆天业,20071127,-14.652014652015
600075.SH,新疆天业,20071126,-14.652014652015
600075.SH,新疆天业,20071125,-14.652014652015
600075.SH,新疆天业,20071124,-14.652014652015
600075.SH,新疆天业,20071123,-14.652014652015
600075.SH,新疆天业,20071122,-14.652014652015
600075.SH,新疆天业,20071121,-14.652014652015
600075.SH,新疆天业,20071120,-14.652014652015
600075.SH,新疆天业,20071119,-14.652014652015
600075.SH,新疆天业,20071118,-14.652014652015
600075.SH,新疆天业,20071117,-14.652014652015
600075.SH,新疆天业,20071116,-14.652014652015
600075.SH,新疆天业,20071115,-14.652014652015
600075.SH,新疆天业,20071114,-14.652014652015
600075.SH,新疆天业,20071113,-14.652014652015
600075.SH,新疆天业,20071112,-14.652014652015
600075.SH,新疆天业,20071111,-14.652014652015
600075.SH,新疆天业,20071110,-14.652014652015
600075.SH,新疆天业,20071109,-14.652014652015
600075.SH,新疆天业,20071108,-14.652014652015
600075.SH,新疆天业,20071107,-14.652014652015
600075.SH,新疆天业,20071106,-14.652014652015
600075.SH,新疆天业,20071105,-14.652014652015
600075.SH,新疆天业,20071104,-14.652014652015
600075.SH,新疆天业,20071103,-14.652014652015
600075.SH,新疆天业,20071102,-14.652014652015
600075.SH,新疆天业,20071101,-14.652014652015
600075.SH,新疆天业,20071031,-14.6875
600075.SH,新疆天业,20071030,-14.6875
600075.SH,新疆天业,20071029,-14.6875
600075.SH,新疆天业,20071028,-14.6875
600075.SH,新疆天业,20071027,-14.6875
600075.SH,新疆天业,20071026,-14.6875
600075.SH,新疆天业,20071025,-14.6875
600075.SH,新疆天业,20071024,-14.6875
600075.SH,新疆天业,20071023,-14.6875
600075.SH,新疆天业,20071022,-14.6875
600075.SH,新疆天业,20071021,-14.6875
600075.SH,新疆天业,20071020,-14.6875
600075.SH,新疆天业,20071019,-14.6875
600075.SH,新疆天业,20071018,-14.6875
600075.SH,新疆天业,20071017,-14.6875
600075.SH,新疆天业,20071016,-14.6875
600075.SH,新疆天业,20071015,-14.6875
600075.SH,新疆天业,20071014,-14.6875
600075.SH,新疆天业,20071013,-14.6875
600075.SH,新疆天业,20071012,-14.6875
600075.SH,新疆天业,20071011,-14.6875
600075.SH,新疆天业,20071010,-14.6875
600075.SH,新疆天业,20071009,-14.6875
600075.SH,新疆天业,20071008,-14.6875
600075.SH,新疆天业,20071007,-14.6875
600075.SH,新疆天业,20071006,-14.6875
600075.SH,新疆天业,20071005,-14.6875
600075.SH,新疆天业,20071004,-14.6875
600075.SH,新疆天业,20071003,-14.6875
600075.SH,新疆天业,20071002,-14.6875
600075.SH,新疆天业,20071001,-14.6875
600075.SH,新疆天业,20070930,21.871599564744
600075.SH,新疆天业,20070929,21.871599564744
600075.SH,新疆天业,20070928,21.871599564744
600075.SH,新疆天业,20070927,21.871599564744
600075.SH,新疆天业,20070926,21.871599564744
600075.SH,新疆天业,20070925,21.871599564744
600075.SH,新疆天业,20070924,21.871599564744
600075.SH,新疆天业,20070923,21.871599564744
600075.SH,新疆天业,20070922,21.871599564744
600075.SH,新疆天业,20070921,21.871599564744
600075.SH,新疆天业,20070920,21.871599564744
600075.SH,新疆天业,20070919,21.871599564744
600075.SH,新疆天业,20070918,21.871599564744
600075.SH,新疆天业,20070917,21.871599564744
600075.SH,新疆天业,20070916,21.871599564744
600075.SH,新疆天业,20070915,21.871599564744
600075.SH,新疆天业,20070914,21.871599564744
600075.SH,新疆天业,20070913,21.871599564744
600075.SH,新疆天业,20070912,21.871599564744
600075.SH,新疆天业,20070911,21.871599564744
600075.SH,新疆天业,20070910,21.871599564744
600075.SH,新疆天业,20070909,21.871599564744
600075.SH,新疆天业,20070908,21.871599564744
600075.SH,新疆天业,20070907,21.871599564744
600075.SH,新疆天业,20070906,21.871599564744
600075.SH,新疆天业,20070905,21.871599564744
600075.SH,新疆天业,20070904,21.871599564744
600075.SH,新疆天业,20070903,21.871599564744
600075.SH,新疆天业,20070902,21.871599564744
600075.SH,新疆天业,20070901,21.871599564744
600075.SH,新疆天业,20070831,0.49207217058502
600075.SH,新疆天业,20070830,0.49207217058502
600075.SH,新疆天业,20070829,0.49207217058502
600075.SH,新疆天业,20070828,0.49207217058502
600075.SH,新疆天业,20070827,0.49207217058502
600075.SH,新疆天业,20070826,0.49207217058502
600075.SH,新疆天业,20070825,0.49207217058502
600075.SH,新疆天业,20070824,0.49207217058502
600075.SH,新疆天业,20070823,0.49207217058502
600075.SH,新疆天业,20070822,0.49207217058502
600075.SH,新疆天业,20070821,0.49207217058502
600075.SH,新疆天业,20070820,0.49207217058502
600075.SH,新疆天业,20070819,0.49207217058502
600075.SH,新疆天业,20070818,0.49207217058502
600075.SH,新疆天业,20070817,0.49207217058502
600075.SH,新疆天业,20070816,0.49207217058502
600075.SH,新疆天业,20070815,0.49207217058502
600075.SH,新疆天业,20070814,0.49207217058502
600075.SH,新疆天业,20070813,0.49207217058502
600075.SH,新疆天业,20070812,0.49207217058502
600075.SH,新疆天业,20070811,0.49207217058502
600075.SH,新疆天业,20070810,0.49207217058502
600075.SH,新疆天业,20070809,0.49207217058502
600075.SH,新疆天业,20070808,0.49207217058502
600075.SH,新疆天业,20070807,0.49207217058502
600075.SH,新疆天业,20070806,0.49207217058502
600075.SH,新疆天业,20070805,0.49207217058502
600075.SH,新疆天业,20070804,0.49207217058502
600075.SH,新疆天业,20070803,0.49207217058502
600075.SH,新疆天业,20070802,0.49207217058502
600075.SH,新疆天业,20070801,0.49207217058502
600075.SH,新疆天业,20070731,11.933904528764
600075.SH,新疆天业,20070730,11.933904528764
600075.SH,新疆天业,20070729,11.933904528764
600075.SH,新疆天业,20070728,11.933904528764
600075.SH,新疆天业,20070727,11.933904528764
600075.SH,新疆天业,20070726,11.933904528764
600075.SH,新疆天业,20070725,11.933904528764
600075.SH,新疆天业,20070724,11.933904528764
600075.SH,新疆天业,20070723,11.933904528764
600075.SH,新疆天业,20070722,11.933904528764
600075.SH,新疆天业,20070721,11.933904528764
600075.SH,新疆天业,20070720,11.933904528764
600075.SH,新疆天业,20070719,11.933904528764
600075.SH,新疆天业,20070718,11.933904528764
600075.SH,新疆天业,20070717,11.933904528764
600075.SH,新疆天业,20070716,11.933904528764
600075.SH,新疆天业,20070715,11.933904528764
600075.SH,新疆天业,20070714,11.933904528764
600075.SH,新疆天业,20070713,11.933904528764
600075.SH,新疆天业,20070712,11.933904528764
600075.SH,新疆天业,20070711,11.933904528764
600075.SH,新疆天业,20070710,11.933904528764
600075.SH,新疆天业,20070709,11.933904528764
600075.SH,新疆天业,20070708,11.933904528764
600075.SH,新疆天业,20070707,11.933904528764
600075.SH,新疆天业,20070706,11.933904528764
600075.SH,新疆天业,20070705,11.933904528764
600075.SH,新疆天业,20070704,11.933904528764
600075.SH,新疆天业,20070703,11.933904528764
600075.SH,新疆天业,20070702,11.933904528764
600075.SH,新疆天业,20070701,11.933904528764
600075.SH,新疆天业,20070630,13.472222222222
600075.SH,新疆天业,20070629,13.472222222222
600075.SH,新疆天业,20070628,13.472222222222
600075.SH,新疆天业,20070627,13.472222222222
600075.SH,新疆天业,20070626,13.472222222222
600075.SH,新疆天业,20070625,13.472222222222
600075.SH,新疆天业,20070624,13.472222222222
600075.SH,新疆天业,20070623,13.472222222222
600075.SH,新疆天业,20070622,13.472222222222
600075.SH,新疆天业,20070621,13.472222222222
600075.SH,新疆天业,20070620,13.472222222222
600075.SH,新疆天业,20070619,13.472222222222
600075.SH,新疆天业,20070618,13.472222222222
600075.SH,新疆天业,20070617,13.472222222222
600075.SH,新疆天业,20070616,13.472222222222
600075.SH,新疆天业,20070615,13.472222222222
600075.SH,新疆天业,20070614,13.472222222222
600075.SH,新疆天业,20070613,13.472222222222
600075.SH,新疆天业,20070612,13.472222222222
600075.SH,新疆天业,20070611,13.472222222222
600075.SH,新疆天业,20070610,13.472222222222
600075.SH,新疆天业,20070609,13.472222222222
600075.SH,新疆天业,20070608,13.472222222222
600075.SH,新疆天业,20070607,13.472222222222
600075.SH,新疆天业,20070606,13.472222222222
600075.SH,新疆天业,20070605,13.472222222222
600075.SH,新疆天业,20070604,13.472222222222
600075.SH,新疆天业,20070603,13.472222222222
600075.SH,新疆天业,20070602,13.472222222222
600075.SH,新疆天业,20070601,13.472222222222
600075.SH,新疆天业,20070531,16.693679092382
600075.SH,新疆天业,20070530,16.693679092382
600075.SH,新疆天业,20070529,16.693679092382
600075.SH,新疆天业,20070528,16.693679092382
600075.SH,新疆天业,20070527,16.693679092382
600075.SH,新疆天业,20070526,16.693679092382
600075.SH,新疆天业,20070525,16.693679092382
600075.SH,新疆天业,20070524,16.693679092382
600075.SH,新疆天业,20070523,16.693679092382
600075.SH,新疆天业,20070522,16.693679092382
600075.SH,新疆天业,20070521,16.693679092382
600075.SH,新疆天业,20070520,16.693679092382
600075.SH,新疆天业,20070519,16.693679092382
600075.SH,新疆天业,20070518,16.693679092382
600075.SH,新疆天业,20070517,16.693679092382
600075.SH,新疆天业,20070516,16.693679092382
600075.SH,新疆天业,20070515,16.693679092382
600075.SH,新疆天业,20070514,16.693679092382
600075.SH,新疆天业,20070513,16.693679092382
600075.SH,新疆天业,20070512,16.693679092382
600075.SH,新疆天业,20070511,16.693679092382
600075.SH,新疆天业,20070510,16.693679092382
600075.SH,新疆天业,20070509,16.693679092382
600075.SH,新疆天业,20070508,16.693679092382
600075.SH,新疆天业,20070507,16.693679092382
600075.SH,新疆天业,20070506,16.693679092382
600075.SH,新疆天业,20070505,16.693679092382
600075.SH,新疆天业,20070504,16.693679092382
600075.SH,新疆天业,20070503,16.693679092382
600075.SH,新疆天业,20070502,16.693679092382
600075.SH,新疆天业,20070501,16.693679092382
600075.SH,新疆天业,20070430,11.171171171171
600075.SH,新疆天业,20070429,11.171171171171
600075.SH,新疆天业,20070428,11.171171171171
600075.SH,新疆天业,20070427,11.171171171171
600075.SH,新疆天业,20070426,11.171171171171
600075.SH,新疆天业,20070425,11.171171171171
600075.SH,新疆天业,20070424,11.171171171171
600075.SH,新疆天业,20070423,11.171171171171
600075.SH,新疆天业,20070422,11.171171171171
600075.SH,新疆天业,20070421,11.171171171171
600075.SH,新疆天业,20070420,11.171171171171
600075.SH,新疆天业,20070419,11.171171171171
600075.SH,新疆天业,20070418,11.171171171171
600075.SH,新疆天业,20070417,11.171171171171
600075.SH,新疆天业,20070416,11.171171171171
600075.SH,新疆天业,20070415,11.171171171171
600075.SH,新疆天业,20070414,11.171171171171
600075.SH,新疆天业,20070413,11.171171171171
600075.SH,新疆天业,20070412,11.171171171171
600075.SH,新疆天业,20070411,11.171171171171
600075.SH,新疆天业,20070410,11.171171171171
600075.SH,新疆天业,20070409,11.171171171171
600075.SH,新疆天业,20070408,11.171171171171
600075.SH,新疆天业,20070407,11.171171171171
600075.SH,新疆天业,20070406,11.171171171171
600075.SH,新疆天业,20070405,11.171171171171
600075.SH,新疆天业,20070404,11.171171171171
600075.SH,新疆天业,20070403,11.171171171171
600075.SH,新疆天业,20070402,11.171171171171
600075.SH,新疆天业,20070401,11.171171171171
600075.SH,新疆天业,20070331,19.741100323625
600075.SH,新疆天业,20070330,19.741100323625
600075.SH,新疆天业,20070329,19.741100323625
600075.SH,新疆天业,20070328,19.741100323625
600075.SH,新疆天业,20070327,19.741100323625
600075.SH,新疆天业,20070326,19.741100323625
600075.SH,新疆天业,20070325,19.741100323625
600075.SH,新疆天业,20070324,19.741100323625
600075.SH,新疆天业,20070323,19.741100323625
600075.SH,新疆天业,20070322,19.741100323625
600075.SH,新疆天业,20070321,19.741100323625
600075.SH,新疆天业,20070320,19.741100323625
600075.SH,新疆天业,20070319,19.741100323625
600075.SH,新疆天业,20070318,19.741100323625
600075.SH,新疆天业,20070317,19.741100323625
600075.SH,新疆天业,20070316,19.741100323625
600075.SH,新疆天业,20070315,19.741100323625
600075.SH,新疆天业,20070314,19.741100323625
600075.SH,新疆天业,20070313,19.741100323625
600075.SH,新疆天业,20070312,19.741100323625
600075.SH,新疆天业,20070311,19.741100323625
600075.SH,新疆天业,20070310,19.741100323625
600075.SH,新疆天业,20070309,19.741100323625
600075.SH,新疆天业,20070308,19.741100323625
600075.SH,新疆天业,20070307,19.741100323625
600075.SH,新疆天业,20070306,19.741100323625
600075.SH,新疆天业,20070305,19.741100323625
600075.SH,新疆天业,20070304,19.741100323625
600075.SH,新疆天业,20070303,19.741100323625
600075.SH,新疆天业,20070302,19.741100323625
600075.SH,新疆天业,20070301,19.741100323625
600075.SH,新疆天业,20070228,11.95652173913
600075.SH,新疆天业,20070227,11.95652173913
600075.SH,新疆天业,20070226,11.95652173913
600075.SH,新疆天业,20070225,11.95652173913
600075.SH,新疆天业,20070224,11.95652173913
600075.SH,新疆天业,20070223,11.95652173913
600075.SH,新疆天业,20070222,11.95652173913
600075.SH,新疆天业,20070221,11.95652173913
600075.SH,新疆天业,20070220,11.95652173913
600075.SH,新疆天业,20070219,11.95652173913
600075.SH,新疆天业,20070218,11.95652173913
600075.SH,新疆天业,20070217,11.95652173913
600075.SH,新疆天业,20070216,11.95652173913
600075.SH,新疆天业,20070215,11.95652173913
600075.SH,新疆天业,20070214,11.95652173913
600075.SH,新疆天业,20070213,11.95652173913
600075.SH,新疆天业,20070212,11.95652173913
600075.SH,新疆天业,20070211,11.95652173913
600075.SH,新疆天业,20070210,11.95652173913
600075.SH,新疆天业,20070209,11.95652173913
600075.SH,新疆天业,20070208,11.95652173913
600075.SH,新疆天业,20070207,11.95652173913
600075.SH,新疆天业,20070206,11.95652173913
600075.SH,新疆天业,20070205,11.95652173913
600075.SH,新疆天业,20070204,11.95652173913
600075.SH,新疆天业,20070203,11.95652173913
600075.SH,新疆天业,20070202,11.95652173913
600075.SH,新疆天业,20070201,11.95652173913
600075.SH,新疆天业,20070131,17.948717948718
600075.SH,新疆天业,20070130,17.948717948718
600075.SH,新疆天业,20070129,17.948717948718
600075.SH,新疆天业,20070128,17.948717948718
600075.SH,新疆天业,20070127,17.948717948718
600075.SH,新疆天业,20070126,17.948717948718
600075.SH,新疆天业,20070125,17.948717948718
600075.SH,新疆天业,20070124,17.948717948718
600075.SH,新疆天业,20070123,17.948717948718
600075.SH,新疆天业,20070122,17.948717948718
600075.SH,新疆天业,20070121,17.948717948718
600075.SH,新疆天业,20070120,17.948717948718
600075.SH,新疆天业,20070119,17.948717948718
600075.SH,新疆天业,20070118,17.948717948718
600075.SH,新疆天业,20070117,17.948717948718
600075.SH,新疆天业,20070116,17.948717948718
600075.SH,新疆天业,20070115,17.948717948718
600075.SH,新疆天业,20070114,17.948717948718
600075.SH,新疆天业,20070113,17.948717948718
600075.SH,新疆天业,20070112,17.948717948718
600075.SH,新疆天业,20070111,17.948717948718
600075.SH,新疆天业,20070110,17.948717948718
600075.SH,新疆天业,20070109,17.948717948718
600075.SH,新疆天业,20070108,17.948717948718
600075.SH,新疆天业,20070107,17.948717948718
600075.SH,新疆天业,20070106,17.948717948718
600075.SH,新疆天业,20070105,17.948717948718
600075.SH,新疆天业,20070104,17.948717948718
600075.SH,新疆天业,20070103,17.948717948718
600075.SH,新疆天业,20070102,17.948717948718
600075.SH,新疆天业,20070101,17.948717948718
600075.SH,新疆天业,20061231,8.3333333333333
600075.SH,新疆天业,20061230,8.3333333333333
600075.SH,新疆天业,20061229,8.3333333333333
600075.SH,新疆天业,20061228,8.3333333333333
600075.SH,新疆天业,20061227,8.3333333333333
600075.SH,新疆天业,20061226,8.3333333333333
600075.SH,新疆天业,20061225,8.3333333333333
600075.SH,新疆天业,20061224,8.3333333333333
600075.SH,新疆天业,20061223,8.3333333333333
600075.SH,新疆天业,20061222,8.3333333333333
600075.SH,新疆天业,20061221,8.3333333333333
600075.SH,新疆天业,20061220,8.3333333333333
600075.SH,新疆天业,20061219,8.3333333333333
600075.SH,新疆天业,20061218,8.3333333333333
600075.SH,新疆天业,20061217,8.3333333333333
600075.SH,新疆天业,20061216,8.3333333333333
600075.SH,新疆天业,20061215,8.3333333333333
600075.SH,新疆天业,20061214,8.3333333333333
600075.SH,新疆天业,20061213,8.3333333333333
600075.SH,新疆天业,20061212,8.3333333333333
600075.SH,新疆天业,20061211,8.3333333333333
600075.SH,新疆天业,20061210,8.3333333333333
600075.SH,新疆天业,20061209,8.3333333333333
600075.SH,新疆天业,20061208,8.3333333333333
600075.SH,新疆天业,20061207,8.3333333333333
600075.SH,新疆天业,20061206,8.3333333333333
600075.SH,新疆天业,20061205,8.3333333333333
600075.SH,新疆天业,20061204,8.3333333333333
600075.SH,新疆天业,20061203,8.3333333333333
600075.SH,新疆天业,20061202,8.3333333333333
600075.SH,新疆天业,20061201,8.3333333333333
600075.SH,新疆天业,20061130,-1.5197568389058
600075.SH,新疆天业,20061129,-1.5197568389058
600075.SH,新疆天业,20061128,-1.5197568389058
600075.SH,新疆天业,20061127,-1.5197568389058
600075.SH,新疆天业,20061126,-1.5197568389058
600075.SH,新疆天业,20061125,-1.5197568389058
600075.SH,新疆天业,20061124,-1.5197568389058
600075.SH,新疆天业,20061123,-1.5197568389058
600075.SH,新疆天业,20061122,-1.5197568389058
600075.SH,新疆天业,20061121,-1.5197568389058
600075.SH,新疆天业,20061120,-1.5197568389058
600075.SH,新疆天业,20061119,-1.5197568389058
600075.SH,新疆天业,20061118,-1.5197568389058
600075.SH,新疆天业,20061117,-1.5197568389058
600075.SH,新疆天业,20061116,-1.5197568389058
600075.SH,新疆天业,20061115,-1.5197568389058
600075.SH,新疆天业,20061114,-1.5197568389058
600075.SH,新疆天业,20061113,-1.5197568389058
600075.SH,新疆天业,20061112,-1.5197568389058
600075.SH,新疆天业,20061111,-1.5197568389058
600075.SH,新疆天业,20061110,-1.5197568389058
600075.SH,新疆天业,20061109,-1.5197568389058
600075.SH,新疆天业,20061108,-1.5197568389058
600075.SH,新疆天业,20061107,-1.5197568389058
600075.SH,新疆天业,20061106,-1.5197568389058
600075.SH,新疆天业,20061105,-1.5197568389058
600075.SH,新疆天业,20061104,-1.5197568389058
600075.SH,新疆天业,20061103,-1.5197568389058
600075.SH,新疆天业,20061102,-1.5197568389058
600075.SH,新疆天业,20061101,-1.5197568389058
600075.SH,新疆天业,20061031,1.2307692307692
600075.SH,新疆天业,20061030,1.2307692307692
600075.SH,新疆天业,20061029,1.2307692307692
600075.SH,新疆天业,20061028,1.2307692307692
600075.SH,新疆天业,20061027,1.2307692307692
600075.SH,新疆天业,20061026,1.2307692307692
600075.SH,新疆天业,20061025,1.2307692307692
600075.SH,新疆天业,20061024,1.2307692307692
600075.SH,新疆天业,20061023,1.2307692307692
600075.SH,新疆天业,20061022,1.2307692307692
600075.SH,新疆天业,20061021,1.2307692307692
600075.SH,新疆天业,20061020,1.2307692307692
600075.SH,新疆天业,20061019,1.2307692307692
600075.SH,新疆天业,20061018,1.2307692307692
600075.SH,新疆天业,20061017,1.2307692307692
600075.SH,新疆天业,20061016,1.2307692307692
600075.SH,新疆天业,20061015,1.2307692307692
600075.SH,新疆天业,20061014,1.2307692307692
600075.SH,新疆天业,20061013,1.2307692307692
600075.SH,新疆天业,20061012,1.2307692307692
600075.SH,新疆天业,20061011,1.2307692307692
600075.SH,新疆天业,20061010,1.2307692307692
600075.SH,新疆天业,20061009,1.2307692307692
600075.SH,新疆天业,20061008,1.2307692307692
600075.SH,新疆天业,20061007,1.2307692307692
600075.SH,新疆天业,20061006,1.2307692307692
600075.SH,新疆天业,20061005,1.2307692307692
600075.SH,新疆天业,20061004,1.2307692307692
600075.SH,新疆天业,20061003,1.2307692307692
600075.SH,新疆天业,20061002,1.2307692307692
600075.SH,新疆天业,20061001,1.2307692307692
600075.SH,新疆天业,20060930,-2.8400597907324
600075.SH,新疆天业,20060929,-2.8400597907324
600075.SH,新疆天业,20060928,-2.8400597907324
600075.SH,新疆天业,20060927,-2.8400597907324
600075.SH,新疆天业,20060926,-2.8400597907324
600075.SH,新疆天业,20060925,-2.8400597907324
600075.SH,新疆天业,20060924,-2.8400597907324
600075.SH,新疆天业,20060923,-2.8400597907324
600075.SH,新疆天业,20060922,-2.8400597907324
600075.SH,新疆天业,20060921,-2.8400597907324
600075.SH,新疆天业,20060920,-2.8400597907324
600075.SH,新疆天业,20060919,-2.8400597907324
600075.SH,新疆天业,20060918,-2.8400597907324
600075.SH,新疆天业,20060917,-2.8400597907324
600075.SH,新疆天业,20060916,-2.8400597907324
600075.SH,新疆天业,20060915,-2.8400597907324
600075.SH,新疆天业,20060914,-2.8400597907324
600075.SH,新疆天业,20060913,-2.8400597907324
600075.SH,新疆天业,20060912,-2.8400597907324
600075.SH,新疆天业,20060911,-2.8400597907324
600075.SH,新疆天业,20060910,-2.8400597907324
600075.SH,新疆天业,20060909,-2.8400597907324
600075.SH,新疆天业,20060908,-2.8400597907324
600075.SH,新疆天业,20060907,-2.8400597907324
600075.SH,新疆天业,20060906,-2.8400597907324
600075.SH,新疆天业,20060905,-2.8400597907324
600075.SH,新疆天业,20060904,-2.8400597907324
600075.SH,新疆天业,20060903,-2.8400597907324
600075.SH,新疆天业,20060902,-2.8400597907324
600075.SH,新疆天业,20060901,-2.8400597907324
600075.SH,新疆天业,20060831,0.14970059880241
600075.SH,新疆天业,20060830,0.14970059880241
600075.SH,新疆天业,20060829,0.14970059880241
600075.SH,新疆天业,20060828,0.14970059880241
600075.SH,新疆天业,20060827,0.14970059880241
600075.SH,新疆天业,20060826,0.14970059880241
600075.SH,新疆天业,20060825,0.14970059880241
600075.SH,新疆天业,20060824,0.14970059880241
600075.SH,新疆天业,20060823,0.14970059880241
600075.SH,新疆天业,20060822,0.14970059880241
600075.SH,新疆天业,20060821,0.14970059880241
600075.SH,新疆天业,20060820,0.14970059880241
600075.SH,新疆天业,20060819,0.14970059880241
600075.SH,新疆天业,20060818,0.14970059880241
600075.SH,新疆天业,20060817,0.14970059880241
600075.SH,新疆天业,20060816,0.14970059880241
600075.SH,新疆天业,20060815,0.14970059880241
600075.SH,新疆天业,20060814,0.14970059880241
600075.SH,新疆天业,20060813,0.14970059880241
600075.SH,新疆天业,20060812,0.14970059880241
600075.SH,新疆天业,20060811,0.14970059880241
600075.SH,新疆天业,20060810,0.14970059880241
600075.SH,新疆天业,20060809,0.14970059880241
600075.SH,新疆天业,20060808,0.14970059880241
600075.SH,新疆天业,20060807,0.14970059880241
600075.SH,新疆天业,20060806,0.14970059880241
600075.SH,新疆天业,20060805,0.14970059880241
600075.SH,新疆天业,20060804,0.14970059880241
600075.SH,新疆天业,20060803,0.14970059880241
600075.SH,新疆天业,20060802,0.14970059880241
600075.SH,新疆天业,20060801,0.14970059880241
600075.SH,新疆天业,20060731,-50.260610573343
600075.SH,新疆天业,20060730,-50.260610573343
600075.SH,新疆天业,20060729,-50.260610573343
600075.SH,新疆天业,20060728,-50.260610573343
600075.SH,新疆天业,20060727,-50.260610573343
600075.SH,新疆天业,20060726,-50.260610573343
600075.SH,新疆天业,20060725,-50.260610573343
600075.SH,新疆天业,20060724,-50.260610573343
600075.SH,新疆天业,20060723,-50.260610573343
600075.SH,新疆天业,20060722,-50.260610573343
600075.SH,新疆天业,20060721,-50.260610573343
600075.SH,新疆天业,20060720,-50.260610573343
600075.SH,新疆天业,20060719,-50.260610573343
600075.SH,新疆天业,20060718,-50.260610573343
600075.SH,新疆天业,20060717,-50.260610573343
600075.SH,新疆天业,20060716,-50.260610573343
600075.SH,新疆天业,20060715,-50.260610573343
600075.SH,新疆天业,20060714,-50.260610573343
600075.SH,新疆天业,20060713,-50.260610573343
600075.SH,新疆天业,20060712,-50.260610573343
600075.SH,新疆天业,20060711,-50.260610573343
600075.SH,新疆天业,20060710,-50.260610573343
600075.SH,新疆天业,20060709,-50.260610573343
600075.SH,新疆天业,20060708,-50.260610573343
600075.SH,新疆天业,20060707,-50.260610573343
600075.SH,新疆天业,20060706,-50.260610573343
600075.SH,新疆天业,20060705,-50.260610573343
600075.SH,新疆天业,20060704,-50.260610573343
600075.SH,新疆天业,20060703,-50.260610573343
600075.SH,新疆天业,20060702,-50.260610573343
600075.SH,新疆天业,20060701,-50.260610573343
600075.SH,新疆天业,20060630,30.642023346304
600075.SH,新疆天业,20060629,30.642023346304
600075.SH,新疆天业,20060628,30.642023346304
600075.SH,新疆天业,20060627,30.642023346304
600075.SH,新疆天业,20060626,30.642023346304
600075.SH,新疆天业,20060625,30.642023346304
600075.SH,新疆天业,20060624,30.642023346304
600075.SH,新疆天业,20060623,30.642023346304
600075.SH,新疆天业,20060622,30.642023346304
600075.SH,新疆天业,20060621,30.642023346304
600075.SH,新疆天业,20060620,30.642023346304
600075.SH,新疆天业,20060619,30.642023346304
600075.SH,新疆天业,20060618,30.642023346304
600075.SH,新疆天业,20060617,30.642023346304
600075.SH,新疆天业,20060616,30.642023346304
600075.SH,新疆天业,20060615,30.642023346304
600075.SH,新疆天业,20060614,30.642023346304
600075.SH,新疆天业,20060613,30.642023346304
600075.SH,新疆天业,20060612,30.642023346304
600075.SH,新疆天业,20060611,30.642023346304
600075.SH,新疆天业,20060610,30.642023346304
600075.SH,新疆天业,20060609,30.642023346304
600075.SH,新疆天业,20060608,30.642023346304
600075.SH,新疆天业,20060607,30.642023346304
600075.SH,新疆天业,20060606,30.642023346304
600075.SH,新疆天业,20060605,30.642023346304
600075.SH,新疆天业,20060604,30.642023346304
600075.SH,新疆天业,20060603,30.642023346304
600075.SH,新疆天业,20060602,30.642023346304
600075.SH,新疆天业,20060601,30.642023346304
600075.SH,新疆天业,20060531,-16.626115166261
600075.SH,新疆天业,20060530,-16.626115166261
600075.SH,新疆天业,20060529,-16.626115166261
600075.SH,新疆天业,20060528,-16.626115166261
600075.SH,新疆天业,20060527,-16.626115166261
600075.SH,新疆天业,20060526,-16.626115166261
600075.SH,新疆天业,20060525,-16.626115166261
600075.SH,新疆天业,20060524,-16.626115166261
600075.SH,新疆天业,20060523,-16.626115166261
600075.SH,新疆天业,20060522,-16.626115166261
600075.SH,新疆天业,20060521,-16.626115166261
600075.SH,新疆天业,20060520,-16.626115166261
600075.SH,新疆天业,20060519,-16.626115166261
600075.SH,新疆天业,20060518,-16.626115166261
600075.SH,新疆天业,20060517,-16.626115166261
600075.SH,新疆天业,20060516,-16.626115166261
600075.SH,新疆天业,20060515,-16.626115166261
600075.SH,新疆天业,20060514,-16.626115166261
600075.SH,新疆天业,20060513,-16.626115166261
600075.SH,新疆天业,20060512,-16.626115166261
600075.SH,新疆天业,20060511,-16.626115166261
600075.SH,新疆天业,20060510,-16.626115166261
600075.SH,新疆天业,20060509,-16.626115166261
600075.SH,新疆天业,20060508,-16.626115166261
600075.SH,新疆天业,20060507,-16.626115166261
600075.SH,新疆天业,20060506,-16.626115166261
600075.SH,新疆天业,20060505,-16.626115166261
600075.SH,新疆天业,20060504,-16.626115166261
600075.SH,新疆天业,20060503,-16.626115166261
600075.SH,新疆天业,20060502,-16.626115166261
600075.SH,新疆天业,20060501,-16.626115166261
600075.SH,新疆天业,20060430,20.175438596491
600075.SH,新疆天业,20060429,20.175438596491
600075.SH,新疆天业,20060428,20.175438596491
600075.SH,新疆天业,20060427,20.175438596491
600075.SH,新疆天业,20060426,20.175438596491
600075.SH,新疆天业,20060425,20.175438596491
600075.SH,新疆天业,20060424,20.175438596491
600075.SH,新疆天业,20060423,20.175438596491
600075.SH,新疆天业,20060422,20.175438596491
600075.SH,新疆天业,20060421,20.175438596491
600075.SH,新疆天业,20060420,20.175438596491
600075.SH,新疆天业,20060419,20.175438596491
600075.SH,新疆天业,20060418,20.175438596491
600075.SH,新疆天业,20060417,20.175438596491
600075.SH,新疆天业,20060416,20.175438596491
600075.SH,新疆天业,20060415,20.175438596491
600075.SH,新疆天业,20060414,20.175438596491
600075.SH,新疆天业,20060413,20.175438596491
600075.SH,新疆天业,20060412,20.175438596491
600075.SH,新疆天业,20060411,20.175438596491
600075.SH,新疆天业,20060410,20.175438596491
600075.SH,新疆天业,20060409,20.175438596491
600075.SH,新疆天业,20060408,20.175438596491
600075.SH,新疆天业,20060407,20.175438596491
600075.SH,新疆天业,20060406,20.175438596491
600075.SH,新疆天业,20060405,20.175438596491
600075.SH,新疆天业,20060404,20.175438596491
600075.SH,新疆天业,20060403,20.175438596491
600075.SH,新疆天业,20060402,20.175438596491
600075.SH,新疆天业,20060401,20.175438596491
600075.SH,新疆天业,20060331,0.0
600075.SH,新疆天业,20060330,0.0
600075.SH,新疆天业,20060329,0.0
600075.SH,新疆天业,20060328,0.0
600075.SH,新疆天业,20060327,0.0
600075.SH,新疆天业,20060326,0.0
600075.SH,新疆天业,20060325,0.0
600075.SH,新疆天业,20060324,0.0
600075.SH,新疆天业,20060323,0.0
600075.SH,新疆天业,20060322,0.0
600075.SH,新疆天业,20060321,0.0
600075.SH,新疆天业,20060320,0.0
600075.SH,新疆天业,20060319,0.0
600075.SH,新疆天业,20060318,0.0
600075.SH,新疆天业,20060317,0.0
600075.SH,新疆天业,20060316,0.0
600075.SH,新疆天业,20060315,0.0
600075.SH,新疆天业,20060314,0.0
600075.SH,新疆天业,20060313,0.0
600075.SH,新疆天业,20060312,0.0
600075.SH,新疆天业,20060311,0.0
600075.SH,新疆天业,20060310,0.0
600075.SH,新疆天业,20060309,0.0
600075.SH,新疆天业,20060308,0.0
600075.SH,新疆天业,20060307,0.0
600075.SH,新疆天业,20060306,0.0
600075.SH,新疆天业,20060305,0.0
600075.SH,新疆天业,20060304,0.0
600075.SH,新疆天业,20060303,0.0
600075.SH,新疆天业,20060302,0.0
600075.SH,新疆天业,20060301,0.0
600075.SH,新疆天业,20060228,12.376779846659
600075.SH,新疆天业,20060227,12.376779846659
600075.SH,新疆天业,20060226,12.376779846659
600075.SH,新疆天业,20060225,12.376779846659
600075.SH,新疆天业,20060224,12.376779846659
600075.SH,新疆天业,20060223,12.376779846659
600075.SH,新疆天业,20060222,12.376779846659
600075.SH,新疆天业,20060221,12.376779846659
600075.SH,新疆天业,20060220,12.376779846659
600075.SH,新疆天业,20060219,12.376779846659
600075.SH,新疆天业,20060218,12.376779846659
600075.SH,新疆天业,20060217,12.376779846659
600075.SH,新疆天业,20060216,12.376779846659
600075.SH,新疆天业,20060215,12.376779846659
600075.SH,新疆天业,20060214,12.376779846659
600075.SH,新疆天业,20060213,12.376779846659
600075.SH,新疆天业,20060212,12.376779846659
600075.SH,新疆天业,20060211,12.376779846659
600075.SH,新疆天业,20060210,12.376779846659
600075.SH,新疆天业,20060209,12.376779846659
600075.SH,新疆天业,20060208,12.376779846659
600075.SH,新疆天业,20060207,12.376779846659
600075.SH,新疆天业,20060206,12.376779846659
600075.SH,新疆天业,20060205,12.376779846659
600075.SH,新疆天业,20060204,12.376779846659
600075.SH,新疆天业,20060203,12.376779846659
600075.SH,新疆天业,20060202,12.376779846659
600075.SH,新疆天业,20060201,12.376779846659
600075.SH,新疆天业,20060131,12.577065351418
600075.SH,新疆天业,20060130,12.577065351418
600075.SH,新疆天业,20060129,12.577065351418
600075.SH,新疆天业,20060128,12.577065351418
600075.SH,新疆天业,20060127,12.577065351418
600075.SH,新疆天业,20060126,12.577065351418
600075.SH,新疆天业,20060125,12.577065351418
600075.SH,新疆天业,20060124,12.577065351418
600075.SH,新疆天业,20060123,12.577065351418
600075.SH,新疆天业,20060122,12.577065351418
600075.SH,新疆天业,20060121,12.577065351418
600075.SH,新疆天业,20060120,12.577065351418
600075.SH,新疆天业,20060119,12.577065351418
600075.SH,新疆天业,20060118,12.577065351418
600075.SH,新疆天业,20060117,12.577065351418
600075.SH,新疆天业,20060116,12.577065351418
600075.SH,新疆天业,20060115,12.577065351418
600075.SH,新疆天业,20060114,12.577065351418
600075.SH,新疆天业,20060113,12.577065351418
600075.SH,新疆天业,20060112,12.577065351418
600075.SH,新疆天业,20060111,12.577065351418
600075.SH,新疆天业,20060110,12.577065351418
600075.SH,新疆天业,20060109,12.577065351418
600075.SH,新疆天业,20060108,12.577065351418
600075.SH,新疆天业,20060107,12.577065351418
600075.SH,新疆天业,20060106,12.577065351418
600075.SH,新疆天业,20060105,12.577065351418
600075.SH,新疆天业,20060104,12.577065351418
600075.SH,新疆天业,20060103,12.577065351418
600075.SH,新疆天业,20060102,12.577065351418
600075.SH,新疆天业,20060101,12.577065351418
