证券代码,证券简称,日期,月涨跌幅
920221.BJ,易实精密,20260831,-2.1132075471698
920221.BJ,易实精密,20260830,-2.1132075471698
920221.BJ,易实精密,20260829,-2.1132075471698
920221.BJ,易实精密,20260828,-2.1132075471698
920221.BJ,易实精密,20260827,-2.1132075471698
920221.BJ,易实精密,20260826,-2.1132075471698
920221.BJ,易实精密,20260825,-2.1132075471698
920221.BJ,易实精密,20260824,-2.1132075471698
920221.BJ,易实精密,20260823,-2.1132075471698
920221.BJ,易实精密,20260822,-2.1132075471698
920221.BJ,易实精密,20260821,-2.1132075471698
920221.BJ,易实精密,20260820,-2.1132075471698
920221.BJ,易实精密,20260819,-2.1132075471698
920221.BJ,易实精密,20260818,-2.1132075471698
920221.BJ,易实精密,20260817,-2.1132075471698
920221.BJ,易实精密,20260816,-2.1132075471698
920221.BJ,易实精密,20260815,-2.1132075471698
920221.BJ,易实精密,20260814,-2.1132075471698
920221.BJ,易实精密,20260813,-2.1132075471698
920221.BJ,易实精密,20260812,-2.1132075471698
920221.BJ,易实精密,20260811,-2.1132075471698
920221.BJ,易实精密,20260810,-2.1132075471698
920221.BJ,易实精密,20260809,-2.1132075471698
920221.BJ,易实精密,20260808,-2.1132075471698
920221.BJ,易实精密,20260807,-2.1132075471698
920221.BJ,易实精密,20260806,-2.1132075471698
920221.BJ,易实精密,20260805,-2.1132075471698
920221.BJ,易实精密,20260804,-2.1132075471698
920221.BJ,易实精密,20260803,-2.1132075471698
920221.BJ,易实精密,20260802,-2.1132075471698
920221.BJ,易实精密,20260801,-2.1132075471698
920221.BJ,易实精密,20260731,4.0848389630793
920221.BJ,易实精密,20260730,4.0848389630793
920221.BJ,易实精密,20260729,4.0848389630793
920221.BJ,易实精密,20260728,4.0848389630793
920221.BJ,易实精密,20260727,4.0848389630793
920221.BJ,易实精密,20260726,4.0848389630793
920221.BJ,易实精密,20260725,4.0848389630793
920221.BJ,易实精密,20260724,4.0848389630793
920221.BJ,易实精密,20260723,4.0848389630793
920221.BJ,易实精密,20260722,4.0848389630793
920221.BJ,易实精密,20260721,4.0848389630793
920221.BJ,易实精密,20260720,4.0848389630793
920221.BJ,易实精密,20260719,4.0848389630793
920221.BJ,易实精密,20260718,4.0848389630793
920221.BJ,易实精密,20260717,4.0848389630793
920221.BJ,易实精密,20260716,4.0848389630793
920221.BJ,易实精密,20260715,4.0848389630793
920221.BJ,易实精密,20260714,4.0848389630793
920221.BJ,易实精密,20260713,4.0848389630793
920221.BJ,易实精密,20260712,4.0848389630793
920221.BJ,易实精密,20260711,4.0848389630793
920221.BJ,易实精密,20260710,4.0848389630793
920221.BJ,易实精密,20260709,4.0848389630793
920221.BJ,易实精密,20260708,4.0848389630793
920221.BJ,易实精密,20260707,4.0848389630793
920221.BJ,易实精密,20260706,4.0848389630793
920221.BJ,易实精密,20260705,4.0848389630793
920221.BJ,易实精密,20260704,4.0848389630793
920221.BJ,易实精密,20260703,4.0848389630793
920221.BJ,易实精密,20260702,4.0848389630793
920221.BJ,易实精密,20260701,4.0848389630793
920221.BJ,易实精密,20260630,-14.678284182306
920221.BJ,易实精密,20260629,-14.678284182306
920221.BJ,易实精密,20260628,-14.678284182306
920221.BJ,易实精密,20260627,-14.678284182306
920221.BJ,易实精密,20260626,-14.678284182306
920221.BJ,易实精密,20260625,-14.678284182306
920221.BJ,易实精密,20260624,-14.678284182306
920221.BJ,易实精密,20260623,-14.678284182306
920221.BJ,易实精密,20260622,-14.678284182306
920221.BJ,易实精密,20260621,-14.678284182306
920221.BJ,易实精密,20260620,-14.678284182306
920221.BJ,易实精密,20260619,-14.678284182306
920221.BJ,易实精密,20260618,-14.678284182306
920221.BJ,易实精密,20260617,-14.678284182306
920221.BJ,易实精密,20260616,-14.678284182306
920221.BJ,易实精密,20260615,-14.678284182306
920221.BJ,易实精密,20260614,-14.678284182306
920221.BJ,易实精密,20260613,-14.678284182306
920221.BJ,易实精密,20260612,-14.678284182306
920221.BJ,易实精密,20260611,-14.678284182306
920221.BJ,易实精密,20260610,-14.678284182306
920221.BJ,易实精密,20260609,-14.678284182306
920221.BJ,易实精密,20260608,-14.678284182306
920221.BJ,易实精密,20260607,-14.678284182306
920221.BJ,易实精密,20260606,-14.678284182306
920221.BJ,易实精密,20260605,-14.678284182306
920221.BJ,易实精密,20260604,-14.678284182306
920221.BJ,易实精密,20260603,-14.678284182306
920221.BJ,易实精密,20260602,-14.678284182306
920221.BJ,易实精密,20260601,-14.678284182306
920221.BJ,易实精密,20260531,-1.1920529801324
920221.BJ,易实精密,20260530,-1.1920529801324
920221.BJ,易实精密,20260529,-1.1920529801324
920221.BJ,易实精密,20260528,-1.1920529801324
920221.BJ,易实精密,20260527,-1.1920529801324
920221.BJ,易实精密,20260526,-1.1920529801324
920221.BJ,易实精密,20260525,-1.1920529801324
920221.BJ,易实精密,20260524,-1.1920529801324
920221.BJ,易实精密,20260523,-1.1920529801324
920221.BJ,易实精密,20260522,-1.1920529801324
920221.BJ,易实精密,20260521,-1.1920529801324
920221.BJ,易实精密,20260520,-1.1920529801324
920221.BJ,易实精密,20260519,-1.1920529801324
920221.BJ,易实精密,20260518,-1.1920529801324
920221.BJ,易实精密,20260517,-1.1920529801324
920221.BJ,易实精密,20260516,-1.1920529801324
920221.BJ,易实精密,20260515,-1.1920529801324
920221.BJ,易实精密,20260514,-1.1920529801324
920221.BJ,易实精密,20260513,-1.1920529801324
920221.BJ,易实精密,20260512,-1.1920529801324
920221.BJ,易实精密,20260511,-1.1920529801324
920221.BJ,易实精密,20260510,-1.1920529801324
920221.BJ,易实精密,20260509,-1.1920529801324
920221.BJ,易实精密,20260508,-1.1920529801324
920221.BJ,易实精密,20260507,-1.1920529801324
920221.BJ,易实精密,20260506,-1.1920529801324
920221.BJ,易实精密,20260505,-1.1920529801324
920221.BJ,易实精密,20260504,-1.1920529801324
920221.BJ,易实精密,20260503,-1.1920529801324
920221.BJ,易实精密,20260502,-1.1920529801324
920221.BJ,易实精密,20260501,-1.1920529801324
920221.BJ,易实精密,20260430,10.21897810219
920221.BJ,易实精密,20260429,10.21897810219
920221.BJ,易实精密,20260428,10.21897810219
920221.BJ,易实精密,20260427,10.21897810219
920221.BJ,易实精密,20260426,10.21897810219
920221.BJ,易实精密,20260425,10.21897810219
920221.BJ,易实精密,20260424,10.21897810219
920221.BJ,易实精密,20260423,10.21897810219
920221.BJ,易实精密,20260422,10.21897810219
920221.BJ,易实精密,20260421,10.21897810219
920221.BJ,易实精密,20260420,10.21897810219
920221.BJ,易实精密,20260419,10.21897810219
920221.BJ,易实精密,20260418,10.21897810219
920221.BJ,易实精密,20260417,10.21897810219
920221.BJ,易实精密,20260416,10.21897810219
920221.BJ,易实精密,20260415,10.21897810219
920221.BJ,易实精密,20260414,10.21897810219
920221.BJ,易实精密,20260413,10.21897810219
920221.BJ,易实精密,20260412,10.21897810219
920221.BJ,易实精密,20260411,10.21897810219
920221.BJ,易实精密,20260410,10.21897810219
920221.BJ,易实精密,20260409,10.21897810219
920221.BJ,易实精密,20260408,10.21897810219
920221.BJ,易实精密,20260407,10.21897810219
920221.BJ,易实精密,20260406,10.21897810219
920221.BJ,易实精密,20260405,10.21897810219
920221.BJ,易实精密,20260404,10.21897810219
920221.BJ,易实精密,20260403,10.21897810219
920221.BJ,易实精密,20260402,10.21897810219
920221.BJ,易实精密,20260401,10.21897810219
920221.BJ,易实精密,20260331,-15.950920245399
920221.BJ,易实精密,20260330,-15.950920245399
920221.BJ,易实精密,20260329,-15.950920245399
920221.BJ,易实精密,20260328,-15.950920245399
920221.BJ,易实精密,20260327,-15.950920245399
920221.BJ,易实精密,20260326,-15.950920245399
920221.BJ,易实精密,20260325,-15.950920245399
920221.BJ,易实精密,20260324,-15.950920245399
920221.BJ,易实精密,20260323,-15.950920245399
920221.BJ,易实精密,20260322,-15.950920245399
920221.BJ,易实精密,20260321,-15.950920245399
920221.BJ,易实精密,20260320,-15.950920245399
920221.BJ,易实精密,20260319,-15.950920245399
920221.BJ,易实精密,20260318,-15.950920245399
920221.BJ,易实精密,20260317,-15.950920245399
920221.BJ,易实精密,20260316,-15.950920245399
920221.BJ,易实精密,20260315,-15.950920245399
920221.BJ,易实精密,20260314,-15.950920245399
920221.BJ,易实精密,20260313,-15.950920245399
920221.BJ,易实精密,20260312,-15.950920245399
920221.BJ,易实精密,20260311,-15.950920245399
920221.BJ,易实精密,20260310,-15.950920245399
920221.BJ,易实精密,20260309,-15.950920245399
920221.BJ,易实精密,20260308,-15.950920245399
920221.BJ,易实精密,20260307,-15.950920245399
920221.BJ,易实精密,20260306,-15.950920245399
920221.BJ,易实精密,20260305,-15.950920245399
920221.BJ,易实精密,20260304,-15.950920245399
920221.BJ,易实精密,20260303,-15.950920245399
920221.BJ,易实精密,20260302,-15.950920245399
920221.BJ,易实精密,20260301,-15.950920245399
920221.BJ,易实精密,20260228,-0.97205346294046
920221.BJ,易实精密,20260227,-0.97205346294046
920221.BJ,易实精密,20260226,-0.97205346294046
920221.BJ,易实精密,20260225,-0.97205346294046
920221.BJ,易实精密,20260224,-0.97205346294046
920221.BJ,易实精密,20260223,-0.97205346294046
920221.BJ,易实精密,20260222,-0.97205346294046
920221.BJ,易实精密,20260221,-0.97205346294046
920221.BJ,易实精密,20260220,-0.97205346294046
920221.BJ,易实精密,20260219,-0.97205346294046
920221.BJ,易实精密,20260218,-0.97205346294046
920221.BJ,易实精密,20260217,-0.97205346294046
920221.BJ,易实精密,20260216,-0.97205346294046
920221.BJ,易实精密,20260215,-0.97205346294046
920221.BJ,易实精密,20260214,-0.97205346294046
920221.BJ,易实精密,20260213,-0.97205346294046
920221.BJ,易实精密,20260212,-0.97205346294046
920221.BJ,易实精密,20260211,-0.97205346294046
920221.BJ,易实精密,20260210,-0.97205346294046
920221.BJ,易实精密,20260209,-0.97205346294046
920221.BJ,易实精密,20260208,-0.97205346294046
920221.BJ,易实精密,20260207,-0.97205346294046
920221.BJ,易实精密,20260206,-0.97205346294046
920221.BJ,易实精密,20260205,-0.97205346294046
920221.BJ,易实精密,20260204,-0.97205346294046
920221.BJ,易实精密,20260203,-0.97205346294046
920221.BJ,易实精密,20260202,-0.97205346294046
920221.BJ,易实精密,20260201,-0.97205346294046
920221.BJ,易实精密,20260131,-4.4689495066744
920221.BJ,易实精密,20260130,-4.4689495066744
920221.BJ,易实精密,20260129,-4.4689495066744
920221.BJ,易实精密,20260128,-4.4689495066744
920221.BJ,易实精密,20260127,-4.4689495066744
920221.BJ,易实精密,20260126,-4.4689495066744
920221.BJ,易实精密,20260125,-4.4689495066744
920221.BJ,易实精密,20260124,-4.4689495066744
920221.BJ,易实精密,20260123,-4.4689495066744
920221.BJ,易实精密,20260122,-4.4689495066744
920221.BJ,易实精密,20260121,-4.4689495066744
920221.BJ,易实精密,20260120,-4.4689495066744
920221.BJ,易实精密,20260119,-4.4689495066744
920221.BJ,易实精密,20260118,-4.4689495066744
920221.BJ,易实精密,20260117,-4.4689495066744
920221.BJ,易实精密,20260116,-4.4689495066744
920221.BJ,易实精密,20260115,-4.4689495066744
920221.BJ,易实精密,20260114,-4.4689495066744
920221.BJ,易实精密,20260113,-4.4689495066744
920221.BJ,易实精密,20260112,-4.4689495066744
920221.BJ,易实精密,20260111,-4.4689495066744
920221.BJ,易实精密,20260110,-4.4689495066744
920221.BJ,易实精密,20260109,-4.4689495066744
920221.BJ,易实精密,20260108,-4.4689495066744
920221.BJ,易实精密,20260107,-4.4689495066744
920221.BJ,易实精密,20260106,-4.4689495066744
920221.BJ,易实精密,20260105,-4.4689495066744
920221.BJ,易实精密,20260104,-4.4689495066744
920221.BJ,易实精密,20260103,-4.4689495066744
920221.BJ,易实精密,20260102,-4.4689495066744
920221.BJ,易实精密,20260101,-4.4689495066744
920221.BJ,易实精密,20251231,6.687306501548
920221.BJ,易实精密,20251230,6.687306501548
920221.BJ,易实精密,20251229,6.687306501548
920221.BJ,易实精密,20251228,6.687306501548
920221.BJ,易实精密,20251227,6.687306501548
920221.BJ,易实精密,20251226,6.687306501548
920221.BJ,易实精密,20251225,6.687306501548
920221.BJ,易实精密,20251224,6.687306501548
920221.BJ,易实精密,20251223,6.687306501548
920221.BJ,易实精密,20251222,6.687306501548
920221.BJ,易实精密,20251221,6.687306501548
920221.BJ,易实精密,20251220,6.687306501548
920221.BJ,易实精密,20251219,6.687306501548
920221.BJ,易实精密,20251218,6.687306501548
920221.BJ,易实精密,20251217,6.687306501548
920221.BJ,易实精密,20251216,6.687306501548
920221.BJ,易实精密,20251215,6.687306501548
920221.BJ,易实精密,20251214,6.687306501548
920221.BJ,易实精密,20251213,6.687306501548
920221.BJ,易实精密,20251212,6.687306501548
920221.BJ,易实精密,20251211,6.687306501548
920221.BJ,易实精密,20251210,6.687306501548
920221.BJ,易实精密,20251209,6.687306501548
920221.BJ,易实精密,20251208,6.687306501548
920221.BJ,易实精密,20251207,6.687306501548
920221.BJ,易实精密,20251206,6.687306501548
920221.BJ,易实精密,20251205,6.687306501548
920221.BJ,易实精密,20251204,6.687306501548
920221.BJ,易实精密,20251203,6.687306501548
920221.BJ,易实精密,20251202,6.687306501548
920221.BJ,易实精密,20251201,6.687306501548
920221.BJ,易实精密,20251130,-19.370943584623
920221.BJ,易实精密,20251129,-19.370943584623
920221.BJ,易实精密,20251128,-19.370943584623
920221.BJ,易实精密,20251127,-19.370943584623
920221.BJ,易实精密,20251126,-19.370943584623
920221.BJ,易实精密,20251125,-19.370943584623
920221.BJ,易实精密,20251124,-19.370943584623
920221.BJ,易实精密,20251123,-19.370943584623
920221.BJ,易实精密,20251122,-19.370943584623
920221.BJ,易实精密,20251121,-19.370943584623
920221.BJ,易实精密,20251120,-19.370943584623
920221.BJ,易实精密,20251119,-19.370943584623
920221.BJ,易实精密,20251118,-19.370943584623
920221.BJ,易实精密,20251117,-19.370943584623
920221.BJ,易实精密,20251116,-19.370943584623
920221.BJ,易实精密,20251115,-19.370943584623
920221.BJ,易实精密,20251114,-19.370943584623
920221.BJ,易实精密,20251113,-19.370943584623
920221.BJ,易实精密,20251112,-19.370943584623
920221.BJ,易实精密,20251111,-19.370943584623
920221.BJ,易实精密,20251110,-19.370943584623
920221.BJ,易实精密,20251109,-19.370943584623
920221.BJ,易实精密,20251108,-19.370943584623
920221.BJ,易实精密,20251107,-19.370943584623
920221.BJ,易实精密,20251106,-19.370943584623
920221.BJ,易实精密,20251105,-19.370943584623
920221.BJ,易实精密,20251104,-19.370943584623
920221.BJ,易实精密,20251103,-19.370943584623
920221.BJ,易实精密,20251102,-19.370943584623
920221.BJ,易实精密,20251101,-19.370943584623
920221.BJ,易实精密,20251031,3.9439543331604
920221.BJ,易实精密,20251030,3.9439543331604
920221.BJ,易实精密,20251029,3.9439543331604
920221.BJ,易实精密,20251028,3.9439543331604
920221.BJ,易实精密,20251027,3.9439543331604
920221.BJ,易实精密,20251026,3.9439543331604
920221.BJ,易实精密,20251025,3.9439543331604
920221.BJ,易实精密,20251024,3.9439543331604
920221.BJ,易实精密,20251023,3.9439543331604
920221.BJ,易实精密,20251022,3.9439543331604
920221.BJ,易实精密,20251021,3.9439543331604
920221.BJ,易实精密,20251020,3.9439543331604
920221.BJ,易实精密,20251019,3.9439543331604
920221.BJ,易实精密,20251018,3.9439543331604
920221.BJ,易实精密,20251017,3.9439543331604
920221.BJ,易实精密,20251016,3.9439543331604
920221.BJ,易实精密,20251015,3.9439543331604
920221.BJ,易实精密,20251014,3.9439543331604
920221.BJ,易实精密,20251013,3.9439543331604
920221.BJ,易实精密,20251012,3.9439543331604
920221.BJ,易实精密,20251011,3.9439543331604
920221.BJ,易实精密,20251010,3.9439543331604
920221.BJ,易实精密,20251009,3.9439543331604
920221.BJ,易实精密,20251008,3.9439543331604
920221.BJ,易实精密,20251007,3.9439543331604
920221.BJ,易实精密,20251006,3.9439543331604
920221.BJ,易实精密,20251005,3.9439543331604
920221.BJ,易实精密,20251004,3.9439543331604
920221.BJ,易实精密,20251003,3.9439543331604
920221.BJ,易实精密,20251002,3.9439543331604
920221.BJ,易实精密,20251001,3.9439543331604
920221.BJ,易实精密,20250930,-12.249544626594
920221.BJ,易实精密,20250929,-12.249544626594
920221.BJ,易实精密,20250928,-12.249544626594
920221.BJ,易实精密,20250927,-12.249544626594
920221.BJ,易实精密,20250926,-12.249544626594
920221.BJ,易实精密,20250925,-12.249544626594
920221.BJ,易实精密,20250924,-12.249544626594
920221.BJ,易实精密,20250923,-12.249544626594
920221.BJ,易实精密,20250922,-12.249544626594
920221.BJ,易实精密,20250921,-12.249544626594
920221.BJ,易实精密,20250920,-12.249544626594
920221.BJ,易实精密,20250919,-12.249544626594
920221.BJ,易实精密,20250918,-12.249544626594
920221.BJ,易实精密,20250917,-12.249544626594
920221.BJ,易实精密,20250916,-12.249544626594
920221.BJ,易实精密,20250915,-12.249544626594
920221.BJ,易实精密,20250914,-12.249544626594
920221.BJ,易实精密,20250913,-12.249544626594
920221.BJ,易实精密,20250912,-12.249544626594
920221.BJ,易实精密,20250911,-12.249544626594
920221.BJ,易实精密,20250910,-12.249544626594
920221.BJ,易实精密,20250909,-12.249544626594
920221.BJ,易实精密,20250908,-12.249544626594
920221.BJ,易实精密,20250907,-12.249544626594
920221.BJ,易实精密,20250906,-12.249544626594
920221.BJ,易实精密,20250905,-12.249544626594
920221.BJ,易实精密,20250904,-12.249544626594
920221.BJ,易实精密,20250903,-12.249544626594
920221.BJ,易实精密,20250902,-12.249544626594
920221.BJ,易实精密,20250901,-12.249544626594
920221.BJ,易实精密,20250831,10.35175879397
920221.BJ,易实精密,20250830,10.35175879397
920221.BJ,易实精密,20250829,10.35175879397
920221.BJ,易实精密,20250828,10.35175879397
920221.BJ,易实精密,20250827,10.35175879397
920221.BJ,易实精密,20250826,10.35175879397
920221.BJ,易实精密,20250825,10.35175879397
920221.BJ,易实精密,20250824,10.35175879397
920221.BJ,易实精密,20250823,10.35175879397
920221.BJ,易实精密,20250822,10.35175879397
920221.BJ,易实精密,20250821,10.35175879397
920221.BJ,易实精密,20250820,10.35175879397
920221.BJ,易实精密,20250819,10.35175879397
920221.BJ,易实精密,20250818,10.35175879397
920221.BJ,易实精密,20250817,10.35175879397
920221.BJ,易实精密,20250816,10.35175879397
920221.BJ,易实精密,20250815,10.35175879397
920221.BJ,易实精密,20250814,10.35175879397
920221.BJ,易实精密,20250813,10.35175879397
920221.BJ,易实精密,20250812,10.35175879397
920221.BJ,易实精密,20250811,10.35175879397
920221.BJ,易实精密,20250810,10.35175879397
920221.BJ,易实精密,20250809,10.35175879397
920221.BJ,易实精密,20250808,10.35175879397
920221.BJ,易实精密,20250807,10.35175879397
920221.BJ,易实精密,20250806,10.35175879397
920221.BJ,易实精密,20250805,10.35175879397
920221.BJ,易实精密,20250804,10.35175879397
920221.BJ,易实精密,20250803,10.35175879397
920221.BJ,易实精密,20250802,10.35175879397
920221.BJ,易实精密,20250801,10.35175879397
920221.BJ,易实精密,20250731,-14.224137931034
920221.BJ,易实精密,20250730,-14.224137931034
920221.BJ,易实精密,20250729,-14.224137931034
920221.BJ,易实精密,20250728,-14.224137931034
920221.BJ,易实精密,20250727,-14.224137931034
920221.BJ,易实精密,20250726,-14.224137931034
920221.BJ,易实精密,20250725,-14.224137931034
920221.BJ,易实精密,20250724,-14.224137931034
920221.BJ,易实精密,20250723,-14.224137931034
920221.BJ,易实精密,20250722,-14.224137931034
920221.BJ,易实精密,20250721,-14.224137931034
920221.BJ,易实精密,20250720,-14.224137931034
920221.BJ,易实精密,20250719,-14.224137931034
920221.BJ,易实精密,20250718,-14.224137931034
920221.BJ,易实精密,20250717,-14.224137931034
920221.BJ,易实精密,20250716,-14.224137931034
920221.BJ,易实精密,20250715,-14.224137931034
920221.BJ,易实精密,20250714,-14.224137931034
920221.BJ,易实精密,20250713,-14.224137931034
920221.BJ,易实精密,20250712,-14.224137931034
920221.BJ,易实精密,20250711,-14.224137931034
920221.BJ,易实精密,20250710,-14.224137931034
920221.BJ,易实精密,20250709,-14.224137931034
920221.BJ,易实精密,20250708,-14.224137931034
920221.BJ,易实精密,20250707,-14.224137931034
920221.BJ,易实精密,20250706,-14.224137931034
920221.BJ,易实精密,20250705,-14.224137931034
920221.BJ,易实精密,20250704,-14.224137931034
920221.BJ,易实精密,20250703,-14.224137931034
920221.BJ,易实精密,20250702,-14.224137931034
920221.BJ,易实精密,20250701,-14.224137931034
920221.BJ,易实精密,20250630,4.5987376014427
920221.BJ,易实精密,20250629,4.5987376014427
920221.BJ,易实精密,20250628,4.5987376014427
920221.BJ,易实精密,20250627,4.5987376014427
920221.BJ,易实精密,20250626,4.5987376014427
920221.BJ,易实精密,20250625,4.5987376014427
920221.BJ,易实精密,20250624,4.5987376014427
920221.BJ,易实精密,20250623,4.5987376014427
920221.BJ,易实精密,20250622,4.5987376014427
920221.BJ,易实精密,20250621,4.5987376014427
920221.BJ,易实精密,20250620,4.5987376014427
920221.BJ,易实精密,20250619,4.5987376014427
920221.BJ,易实精密,20250618,4.5987376014427
920221.BJ,易实精密,20250617,4.5987376014427
920221.BJ,易实精密,20250616,4.5987376014427
920221.BJ,易实精密,20250615,4.5987376014427
920221.BJ,易实精密,20250614,4.5987376014427
920221.BJ,易实精密,20250613,4.5987376014427
920221.BJ,易实精密,20250612,4.5987376014427
920221.BJ,易实精密,20250611,4.5987376014427
920221.BJ,易实精密,20250610,4.5987376014427
920221.BJ,易实精密,20250609,4.5987376014427
920221.BJ,易实精密,20250608,4.5987376014427
920221.BJ,易实精密,20250607,4.5987376014427
920221.BJ,易实精密,20250606,4.5987376014427
920221.BJ,易实精密,20250605,4.5987376014427
920221.BJ,易实精密,20250604,4.5987376014427
920221.BJ,易实精密,20250603,4.5987376014427
920221.BJ,易实精密,20250602,4.5987376014427
920221.BJ,易实精密,20250601,4.5987376014427
920221.BJ,易实精密,20250531,12.417638114546
920221.BJ,易实精密,20250530,12.417638114546
920221.BJ,易实精密,20250529,12.417638114546
920221.BJ,易实精密,20250528,12.417638114546
920221.BJ,易实精密,20250527,12.417638114546
920221.BJ,易实精密,20250526,12.417638114546
920221.BJ,易实精密,20250525,12.417638114546
920221.BJ,易实精密,20250524,12.417638114546
920221.BJ,易实精密,20250523,12.417638114546
920221.BJ,易实精密,20250522,12.417638114546
920221.BJ,易实精密,20250521,12.417638114546
920221.BJ,易实精密,20250520,12.417638114546
920221.BJ,易实精密,20250519,12.417638114546
920221.BJ,易实精密,20250518,12.417638114546
920221.BJ,易实精密,20250517,12.417638114546
920221.BJ,易实精密,20250516,12.417638114546
920221.BJ,易实精密,20250515,12.417638114546
920221.BJ,易实精密,20250514,12.417638114546
920221.BJ,易实精密,20250513,12.417638114546
920221.BJ,易实精密,20250512,12.417638114546
920221.BJ,易实精密,20250511,12.417638114546
920221.BJ,易实精密,20250510,12.417638114546
920221.BJ,易实精密,20250509,12.417638114546
920221.BJ,易实精密,20250508,12.417638114546
920221.BJ,易实精密,20250507,12.417638114546
920221.BJ,易实精密,20250506,12.417638114546
920221.BJ,易实精密,20250505,12.417638114546
920221.BJ,易实精密,20250504,12.417638114546
920221.BJ,易实精密,20250503,12.417638114546
920221.BJ,易实精密,20250502,12.417638114546
920221.BJ,易实精密,20250501,12.417638114546
920221.BJ,易实精密,20250430,8.1688596491228
920221.BJ,易实精密,20250429,8.1688596491228
920221.BJ,易实精密,20250428,8.1688596491228
920221.BJ,易实精密,20250427,8.1688596491228
920221.BJ,易实精密,20250426,8.1688596491228
920221.BJ,易实精密,20250425,8.1688596491228
920221.BJ,易实精密,20250424,8.1688596491228
920221.BJ,易实精密,20250423,8.1688596491228
920221.BJ,易实精密,20250422,8.1688596491228
920221.BJ,易实精密,20250421,8.1688596491228
920221.BJ,易实精密,20250420,8.1688596491228
920221.BJ,易实精密,20250419,8.1688596491228
920221.BJ,易实精密,20250418,8.1688596491228
920221.BJ,易实精密,20250417,8.1688596491228
920221.BJ,易实精密,20250416,8.1688596491228
920221.BJ,易实精密,20250415,8.1688596491228
920221.BJ,易实精密,20250414,8.1688596491228
920221.BJ,易实精密,20250413,8.1688596491228
920221.BJ,易实精密,20250412,8.1688596491228
920221.BJ,易实精密,20250411,8.1688596491228
920221.BJ,易实精密,20250410,8.1688596491228
920221.BJ,易实精密,20250409,8.1688596491228
920221.BJ,易实精密,20250408,8.1688596491228
920221.BJ,易实精密,20250407,8.1688596491228
920221.BJ,易实精密,20250406,8.1688596491228
920221.BJ,易实精密,20250405,8.1688596491228
920221.BJ,易实精密,20250404,8.1688596491228
920221.BJ,易实精密,20250403,8.1688596491228
920221.BJ,易实精密,20250402,8.1688596491228
920221.BJ,易实精密,20250401,8.1688596491228
920221.BJ,易实精密,20250331,4.1095890410959
920221.BJ,易实精密,20250330,4.1095890410959
920221.BJ,易实精密,20250329,4.1095890410959
920221.BJ,易实精密,20250328,4.1095890410959
920221.BJ,易实精密,20250327,4.1095890410959
920221.BJ,易实精密,20250326,4.1095890410959
920221.BJ,易实精密,20250325,4.1095890410959
920221.BJ,易实精密,20250324,4.1095890410959
920221.BJ,易实精密,20250323,4.1095890410959
920221.BJ,易实精密,20250322,4.1095890410959
920221.BJ,易实精密,20250321,4.1095890410959
920221.BJ,易实精密,20250320,4.1095890410959
920221.BJ,易实精密,20250319,4.1095890410959
920221.BJ,易实精密,20250318,4.1095890410959
920221.BJ,易实精密,20250317,4.1095890410959
920221.BJ,易实精密,20250316,4.1095890410959
920221.BJ,易实精密,20250315,4.1095890410959
920221.BJ,易实精密,20250314,4.1095890410959
920221.BJ,易实精密,20250313,4.1095890410959
920221.BJ,易实精密,20250312,4.1095890410959
920221.BJ,易实精密,20250311,4.1095890410959
920221.BJ,易实精密,20250310,4.1095890410959
920221.BJ,易实精密,20250309,4.1095890410959
920221.BJ,易实精密,20250308,4.1095890410959
920221.BJ,易实精密,20250307,4.1095890410959
920221.BJ,易实精密,20250306,4.1095890410959
920221.BJ,易实精密,20250305,4.1095890410959
920221.BJ,易实精密,20250304,4.1095890410959
920221.BJ,易实精密,20250303,4.1095890410959
920221.BJ,易实精密,20250302,4.1095890410959
920221.BJ,易实精密,20250301,4.1095890410959
920221.BJ,易实精密,20250228,18.218623481781
920221.BJ,易实精密,20250227,18.218623481781
920221.BJ,易实精密,20250226,18.218623481781
920221.BJ,易实精密,20250225,18.218623481781
920221.BJ,易实精密,20250224,18.218623481781
920221.BJ,易实精密,20250223,18.218623481781
920221.BJ,易实精密,20250222,18.218623481781
920221.BJ,易实精密,20250221,18.218623481781
920221.BJ,易实精密,20250220,18.218623481781
920221.BJ,易实精密,20250219,18.218623481781
920221.BJ,易实精密,20250218,18.218623481781
920221.BJ,易实精密,20250217,18.218623481781
920221.BJ,易实精密,20250216,18.218623481781
920221.BJ,易实精密,20250215,18.218623481781
920221.BJ,易实精密,20250214,18.218623481781
920221.BJ,易实精密,20250213,18.218623481781
920221.BJ,易实精密,20250212,18.218623481781
920221.BJ,易实精密,20250211,18.218623481781
920221.BJ,易实精密,20250210,18.218623481781
920221.BJ,易实精密,20250209,18.218623481781
920221.BJ,易实精密,20250208,18.218623481781
920221.BJ,易实精密,20250207,18.218623481781
920221.BJ,易实精密,20250206,18.218623481781
920221.BJ,易实精密,20250205,18.218623481781
920221.BJ,易实精密,20250204,18.218623481781
920221.BJ,易实精密,20250203,18.218623481781
920221.BJ,易实精密,20250202,18.218623481781
920221.BJ,易实精密,20250201,18.218623481781
920221.BJ,易实精密,20250131,0.3385240352065
920221.BJ,易实精密,20250130,0.3385240352065
920221.BJ,易实精密,20250129,0.3385240352065
920221.BJ,易实精密,20250128,0.3385240352065
920221.BJ,易实精密,20250127,0.3385240352065
920221.BJ,易实精密,20250126,0.3385240352065
920221.BJ,易实精密,20250125,0.3385240352065
920221.BJ,易实精密,20250124,0.3385240352065
920221.BJ,易实精密,20250123,0.3385240352065
920221.BJ,易实精密,20250122,0.3385240352065
920221.BJ,易实精密,20250121,0.3385240352065
920221.BJ,易实精密,20250120,0.3385240352065
920221.BJ,易实精密,20250119,0.3385240352065
920221.BJ,易实精密,20250118,0.3385240352065
920221.BJ,易实精密,20250117,0.3385240352065
920221.BJ,易实精密,20250116,0.3385240352065
920221.BJ,易实精密,20250115,0.3385240352065
920221.BJ,易实精密,20250114,0.3385240352065
920221.BJ,易实精密,20250113,0.3385240352065
920221.BJ,易实精密,20250112,0.3385240352065
920221.BJ,易实精密,20250111,0.3385240352065
920221.BJ,易实精密,20250110,0.3385240352065
920221.BJ,易实精密,20250109,0.3385240352065
920221.BJ,易实精密,20250108,0.3385240352065
920221.BJ,易实精密,20250107,0.3385240352065
920221.BJ,易实精密,20250106,0.3385240352065
920221.BJ,易实精密,20250105,0.3385240352065
920221.BJ,易实精密,20250104,0.3385240352065
920221.BJ,易实精密,20250103,0.3385240352065
920221.BJ,易实精密,20250102,0.3385240352065
920221.BJ,易实精密,20250101,0.3385240352065
920221.BJ,易实精密,20241231,-20.548682087144
920221.BJ,易实精密,20241230,-20.548682087144
920221.BJ,易实精密,20241229,-20.548682087144
920221.BJ,易实精密,20241228,-20.548682087144
920221.BJ,易实精密,20241227,-20.548682087144
920221.BJ,易实精密,20241226,-20.548682087144
920221.BJ,易实精密,20241225,-20.548682087144
920221.BJ,易实精密,20241224,-20.548682087144
920221.BJ,易实精密,20241223,-20.548682087144
920221.BJ,易实精密,20241222,-20.548682087144
920221.BJ,易实精密,20241221,-20.548682087144
920221.BJ,易实精密,20241220,-20.548682087144
920221.BJ,易实精密,20241219,-20.548682087144
920221.BJ,易实精密,20241218,-20.548682087144
920221.BJ,易实精密,20241217,-20.548682087144
920221.BJ,易实精密,20241216,-20.548682087144
920221.BJ,易实精密,20241215,-20.548682087144
920221.BJ,易实精密,20241214,-20.548682087144
920221.BJ,易实精密,20241213,-20.548682087144
920221.BJ,易实精密,20241212,-20.548682087144
920221.BJ,易实精密,20241211,-20.548682087144
920221.BJ,易实精密,20241210,-20.548682087144
920221.BJ,易实精密,20241209,-20.548682087144
920221.BJ,易实精密,20241208,-20.548682087144
920221.BJ,易实精密,20241207,-20.548682087144
920221.BJ,易实精密,20241206,-20.548682087144
920221.BJ,易实精密,20241205,-20.548682087144
920221.BJ,易实精密,20241204,-20.548682087144
920221.BJ,易实精密,20241203,-20.548682087144
920221.BJ,易实精密,20241202,-20.548682087144
920221.BJ,易实精密,20241201,-20.548682087144
920221.BJ,易实精密,20241130,3.2204330927263
920221.BJ,易实精密,20241129,3.2204330927263
920221.BJ,易实精密,20241128,3.2204330927263
920221.BJ,易实精密,20241127,3.2204330927263
920221.BJ,易实精密,20241126,3.2204330927263
920221.BJ,易实精密,20241125,3.2204330927263
920221.BJ,易实精密,20241124,3.2204330927263
920221.BJ,易实精密,20241123,3.2204330927263
920221.BJ,易实精密,20241122,3.2204330927263
920221.BJ,易实精密,20241121,3.2204330927263
920221.BJ,易实精密,20241120,3.2204330927263
920221.BJ,易实精密,20241119,3.2204330927263
920221.BJ,易实精密,20241118,3.2204330927263
920221.BJ,易实精密,20241117,3.2204330927263
920221.BJ,易实精密,20241116,3.2204330927263
920221.BJ,易实精密,20241115,3.2204330927263
920221.BJ,易实精密,20241114,3.2204330927263
920221.BJ,易实精密,20241113,3.2204330927263
920221.BJ,易实精密,20241112,3.2204330927263
920221.BJ,易实精密,20241111,3.2204330927263
920221.BJ,易实精密,20241110,3.2204330927263
920221.BJ,易实精密,20241109,3.2204330927263
920221.BJ,易实精密,20241108,3.2204330927263
920221.BJ,易实精密,20241107,3.2204330927263
920221.BJ,易实精密,20241106,3.2204330927263
920221.BJ,易实精密,20241105,3.2204330927263
920221.BJ,易实精密,20241104,3.2204330927263
920221.BJ,易实精密,20241103,3.2204330927263
920221.BJ,易实精密,20241102,3.2204330927263
920221.BJ,易实精密,20241101,3.2204330927263
920221.BJ,易实精密,20241031,24.722991689751
920221.BJ,易实精密,20241030,24.722991689751
920221.BJ,易实精密,20241029,24.722991689751
920221.BJ,易实精密,20241028,24.722991689751
920221.BJ,易实精密,20241027,24.722991689751
920221.BJ,易实精密,20241026,24.722991689751
920221.BJ,易实精密,20241025,24.722991689751
920221.BJ,易实精密,20241024,24.722991689751
920221.BJ,易实精密,20241023,24.722991689751
920221.BJ,易实精密,20241022,24.722991689751
920221.BJ,易实精密,20241021,24.722991689751
920221.BJ,易实精密,20241020,24.722991689751
920221.BJ,易实精密,20241019,24.722991689751
920221.BJ,易实精密,20241018,24.722991689751
920221.BJ,易实精密,20241017,24.722991689751
920221.BJ,易实精密,20241016,24.722991689751
920221.BJ,易实精密,20241015,24.722991689751
920221.BJ,易实精密,20241014,24.722991689751
920221.BJ,易实精密,20241013,24.722991689751
920221.BJ,易实精密,20241012,24.722991689751
920221.BJ,易实精密,20241011,24.722991689751
920221.BJ,易实精密,20241010,24.722991689751
920221.BJ,易实精密,20241009,24.722991689751
920221.BJ,易实精密,20241008,24.722991689751
920221.BJ,易实精密,20241007,24.722991689751
920221.BJ,易实精密,20241006,24.722991689751
920221.BJ,易实精密,20241005,24.722991689751
920221.BJ,易实精密,20241004,24.722991689751
920221.BJ,易实精密,20241003,24.722991689751
920221.BJ,易实精密,20241002,24.722991689751
920221.BJ,易实精密,20241001,24.722991689751
920221.BJ,易实精密,20240930,27.674624226348
920221.BJ,易实精密,20240929,27.674624226348
920221.BJ,易实精密,20240928,27.674624226348
920221.BJ,易实精密,20240927,27.674624226348
920221.BJ,易实精密,20240926,27.674624226348
920221.BJ,易实精密,20240925,27.674624226348
920221.BJ,易实精密,20240924,27.674624226348
920221.BJ,易实精密,20240923,27.674624226348
920221.BJ,易实精密,20240922,27.674624226348
920221.BJ,易实精密,20240921,27.674624226348
920221.BJ,易实精密,20240920,27.674624226348
920221.BJ,易实精密,20240919,27.674624226348
920221.BJ,易实精密,20240918,27.674624226348
920221.BJ,易实精密,20240917,27.674624226348
920221.BJ,易实精密,20240916,27.674624226348
920221.BJ,易实精密,20240915,27.674624226348
920221.BJ,易实精密,20240914,27.674624226348
920221.BJ,易实精密,20240913,27.674624226348
920221.BJ,易实精密,20240912,27.674624226348
920221.BJ,易实精密,20240911,27.674624226348
920221.BJ,易实精密,20240910,27.674624226348
920221.BJ,易实精密,20240909,27.674624226348
920221.BJ,易实精密,20240908,27.674624226348
920221.BJ,易实精密,20240907,27.674624226348
920221.BJ,易实精密,20240906,27.674624226348
920221.BJ,易实精密,20240905,27.674624226348
920221.BJ,易实精密,20240904,27.674624226348
920221.BJ,易实精密,20240903,27.674624226348
920221.BJ,易实精密,20240902,27.674624226348
920221.BJ,易实精密,20240901,27.674624226348
920221.BJ,易实精密,20240831,-5.1969823973177
920221.BJ,易实精密,20240830,-5.1969823973177
920221.BJ,易实精密,20240829,-5.1969823973177
920221.BJ,易实精密,20240828,-5.1969823973177
920221.BJ,易实精密,20240827,-5.1969823973177
920221.BJ,易实精密,20240826,-5.1969823973177
920221.BJ,易实精密,20240825,-5.1969823973177
920221.BJ,易实精密,20240824,-5.1969823973177
920221.BJ,易实精密,20240823,-5.1969823973177
920221.BJ,易实精密,20240822,-5.1969823973177
920221.BJ,易实精密,20240821,-5.1969823973177
920221.BJ,易实精密,20240820,-5.1969823973177
920221.BJ,易实精密,20240819,-5.1969823973177
920221.BJ,易实精密,20240818,-5.1969823973177
920221.BJ,易实精密,20240817,-5.1969823973177
920221.BJ,易实精密,20240816,-5.1969823973177
920221.BJ,易实精密,20240815,-5.1969823973177
920221.BJ,易实精密,20240814,-5.1969823973177
920221.BJ,易实精密,20240813,-5.1969823973177
920221.BJ,易实精密,20240812,-5.1969823973177
920221.BJ,易实精密,20240811,-5.1969823973177
920221.BJ,易实精密,20240810,-5.1969823973177
920221.BJ,易实精密,20240809,-5.1969823973177
920221.BJ,易实精密,20240808,-5.1969823973177
920221.BJ,易实精密,20240807,-5.1969823973177
920221.BJ,易实精密,20240806,-5.1969823973177
920221.BJ,易实精密,20240805,-5.1969823973177
920221.BJ,易实精密,20240804,-5.1969823973177
920221.BJ,易实精密,20240803,-5.1969823973177
920221.BJ,易实精密,20240802,-5.1969823973177
920221.BJ,易实精密,20240801,-5.1969823973177
920221.BJ,易实精密,20240731,8.6520947176685
920221.BJ,易实精密,20240730,8.6520947176685
920221.BJ,易实精密,20240729,8.6520947176685
920221.BJ,易实精密,20240728,8.6520947176685
920221.BJ,易实精密,20240727,8.6520947176685
920221.BJ,易实精密,20240726,8.6520947176685
920221.BJ,易实精密,20240725,8.6520947176685
920221.BJ,易实精密,20240724,8.6520947176685
920221.BJ,易实精密,20240723,8.6520947176685
920221.BJ,易实精密,20240722,8.6520947176685
920221.BJ,易实精密,20240721,8.6520947176685
920221.BJ,易实精密,20240720,8.6520947176685
920221.BJ,易实精密,20240719,8.6520947176685
920221.BJ,易实精密,20240718,8.6520947176685
920221.BJ,易实精密,20240717,8.6520947176685
920221.BJ,易实精密,20240716,8.6520947176685
920221.BJ,易实精密,20240715,8.6520947176685
920221.BJ,易实精密,20240714,8.6520947176685
920221.BJ,易实精密,20240713,8.6520947176685
920221.BJ,易实精密,20240712,8.6520947176685
920221.BJ,易实精密,20240711,8.6520947176685
920221.BJ,易实精密,20240710,8.6520947176685
920221.BJ,易实精密,20240709,8.6520947176685
920221.BJ,易实精密,20240708,8.6520947176685
920221.BJ,易实精密,20240707,8.6520947176685
920221.BJ,易实精密,20240706,8.6520947176685
920221.BJ,易实精密,20240705,8.6520947176685
920221.BJ,易实精密,20240704,8.6520947176685
920221.BJ,易实精密,20240703,8.6520947176685
920221.BJ,易实精密,20240702,8.6520947176685
920221.BJ,易实精密,20240701,8.6520947176685
920221.BJ,易实精密,20240630,-12.649164677804
920221.BJ,易实精密,20240629,-12.649164677804
920221.BJ,易实精密,20240628,-12.649164677804
920221.BJ,易实精密,20240627,-12.649164677804
920221.BJ,易实精密,20240626,-12.649164677804
920221.BJ,易实精密,20240625,-12.649164677804
920221.BJ,易实精密,20240624,-12.649164677804
920221.BJ,易实精密,20240623,-12.649164677804
920221.BJ,易实精密,20240622,-12.649164677804
920221.BJ,易实精密,20240621,-12.649164677804
920221.BJ,易实精密,20240620,-12.649164677804
920221.BJ,易实精密,20240619,-12.649164677804
920221.BJ,易实精密,20240618,-12.649164677804
920221.BJ,易实精密,20240617,-12.649164677804
920221.BJ,易实精密,20240616,-12.649164677804
920221.BJ,易实精密,20240615,-12.649164677804
920221.BJ,易实精密,20240614,-12.649164677804
920221.BJ,易实精密,20240613,-12.649164677804
920221.BJ,易实精密,20240612,-12.649164677804
920221.BJ,易实精密,20240611,-12.649164677804
920221.BJ,易实精密,20240610,-12.649164677804
920221.BJ,易实精密,20240609,-12.649164677804
920221.BJ,易实精密,20240608,-12.649164677804
920221.BJ,易实精密,20240607,-12.649164677804
920221.BJ,易实精密,20240606,-12.649164677804
920221.BJ,易实精密,20240605,-12.649164677804
920221.BJ,易实精密,20240604,-12.649164677804
920221.BJ,易实精密,20240603,-12.649164677804
920221.BJ,易实精密,20240602,-12.649164677804
920221.BJ,易实精密,20240601,-12.649164677804
920221.BJ,易实精密,20240531,-13.904109589041
920221.BJ,易实精密,20240530,-13.904109589041
920221.BJ,易实精密,20240529,-13.904109589041
920221.BJ,易实精密,20240528,-13.904109589041
920221.BJ,易实精密,20240527,-13.904109589041
920221.BJ,易实精密,20240526,-13.904109589041
920221.BJ,易实精密,20240525,-13.904109589041
920221.BJ,易实精密,20240524,-13.904109589041
920221.BJ,易实精密,20240523,-13.904109589041
920221.BJ,易实精密,20240522,-13.904109589041
920221.BJ,易实精密,20240521,-13.904109589041
920221.BJ,易实精密,20240520,-13.904109589041
920221.BJ,易实精密,20240519,-13.904109589041
920221.BJ,易实精密,20240518,-13.904109589041
920221.BJ,易实精密,20240517,-13.904109589041
920221.BJ,易实精密,20240516,-13.904109589041
920221.BJ,易实精密,20240515,-13.904109589041
920221.BJ,易实精密,20240514,-13.904109589041
920221.BJ,易实精密,20240513,-13.904109589041
920221.BJ,易实精密,20240512,-13.904109589041
920221.BJ,易实精密,20240511,-13.904109589041
920221.BJ,易实精密,20240510,-13.904109589041
920221.BJ,易实精密,20240509,-13.904109589041
920221.BJ,易实精密,20240508,-13.904109589041
920221.BJ,易实精密,20240507,-13.904109589041
920221.BJ,易实精密,20240506,-13.904109589041
920221.BJ,易实精密,20240505,-13.904109589041
920221.BJ,易实精密,20240504,-13.904109589041
920221.BJ,易实精密,20240503,-13.904109589041
920221.BJ,易实精密,20240502,-13.904109589041
920221.BJ,易实精密,20240501,-13.904109589041
920221.BJ,易实精密,20240430,3.914590747331
920221.BJ,易实精密,20240429,3.914590747331
920221.BJ,易实精密,20240428,3.914590747331
920221.BJ,易实精密,20240427,3.914590747331
920221.BJ,易实精密,20240426,3.914590747331
920221.BJ,易实精密,20240425,3.914590747331
920221.BJ,易实精密,20240424,3.914590747331
920221.BJ,易实精密,20240423,3.914590747331
920221.BJ,易实精密,20240422,3.914590747331
920221.BJ,易实精密,20240421,3.914590747331
920221.BJ,易实精密,20240420,3.914590747331
920221.BJ,易实精密,20240419,3.914590747331
920221.BJ,易实精密,20240418,3.914590747331
920221.BJ,易实精密,20240417,3.914590747331
920221.BJ,易实精密,20240416,3.914590747331
920221.BJ,易实精密,20240415,3.914590747331
920221.BJ,易实精密,20240414,3.914590747331
920221.BJ,易实精密,20240413,3.914590747331
920221.BJ,易实精密,20240412,3.914590747331
920221.BJ,易实精密,20240411,3.914590747331
920221.BJ,易实精密,20240410,3.914590747331
920221.BJ,易实精密,20240409,3.914590747331
920221.BJ,易实精密,20240408,3.914590747331
920221.BJ,易实精密,20240407,3.914590747331
920221.BJ,易实精密,20240406,3.914590747331
920221.BJ,易实精密,20240405,3.914590747331
920221.BJ,易实精密,20240404,3.914590747331
920221.BJ,易实精密,20240403,3.914590747331
920221.BJ,易实精密,20240402,3.914590747331
920221.BJ,易实精密,20240401,3.914590747331
920221.BJ,易实精密,20240331,-9.6463022508039
920221.BJ,易实精密,20240330,-9.6463022508039
920221.BJ,易实精密,20240329,-9.6463022508039
920221.BJ,易实精密,20240328,-9.6463022508039
920221.BJ,易实精密,20240327,-9.6463022508039
920221.BJ,易实精密,20240326,-9.6463022508039
920221.BJ,易实精密,20240325,-9.6463022508039
920221.BJ,易实精密,20240324,-9.6463022508039
920221.BJ,易实精密,20240323,-9.6463022508039
920221.BJ,易实精密,20240322,-9.6463022508039
920221.BJ,易实精密,20240321,-9.6463022508039
920221.BJ,易实精密,20240320,-9.6463022508039
920221.BJ,易实精密,20240319,-9.6463022508039
920221.BJ,易实精密,20240318,-9.6463022508039
920221.BJ,易实精密,20240317,-9.6463022508039
920221.BJ,易实精密,20240316,-9.6463022508039
920221.BJ,易实精密,20240315,-9.6463022508039
920221.BJ,易实精密,20240314,-9.6463022508039
920221.BJ,易实精密,20240313,-9.6463022508039
920221.BJ,易实精密,20240312,-9.6463022508039
920221.BJ,易实精密,20240311,-9.6463022508039
920221.BJ,易实精密,20240310,-9.6463022508039
920221.BJ,易实精密,20240309,-9.6463022508039
920221.BJ,易实精密,20240308,-9.6463022508039
920221.BJ,易实精密,20240307,-9.6463022508039
920221.BJ,易实精密,20240306,-9.6463022508039
920221.BJ,易实精密,20240305,-9.6463022508039
920221.BJ,易实精密,20240304,-9.6463022508039
920221.BJ,易实精密,20240303,-9.6463022508039
920221.BJ,易实精密,20240302,-9.6463022508039
920221.BJ,易实精密,20240301,-9.6463022508039
920221.BJ,易实精密,20240229,-4.7764849969381
920221.BJ,易实精密,20240228,-4.7764849969381
920221.BJ,易实精密,20240227,-4.7764849969381
920221.BJ,易实精密,20240226,-4.7764849969381
920221.BJ,易实精密,20240225,-4.7764849969381
920221.BJ,易实精密,20240224,-4.7764849969381
920221.BJ,易实精密,20240223,-4.7764849969381
920221.BJ,易实精密,20240222,-4.7764849969381
920221.BJ,易实精密,20240221,-4.7764849969381
920221.BJ,易实精密,20240220,-4.7764849969381
920221.BJ,易实精密,20240219,-4.7764849969381
920221.BJ,易实精密,20240218,-4.7764849969381
920221.BJ,易实精密,20240217,-4.7764849969381
920221.BJ,易实精密,20240216,-4.7764849969381
920221.BJ,易实精密,20240215,-4.7764849969381
920221.BJ,易实精密,20240214,-4.7764849969381
920221.BJ,易实精密,20240213,-4.7764849969381
920221.BJ,易实精密,20240212,-4.7764849969381
920221.BJ,易实精密,20240211,-4.7764849969381
920221.BJ,易实精密,20240210,-4.7764849969381
920221.BJ,易实精密,20240209,-4.7764849969381
920221.BJ,易实精密,20240208,-4.7764849969381
920221.BJ,易实精密,20240207,-4.7764849969381
920221.BJ,易实精密,20240206,-4.7764849969381
920221.BJ,易实精密,20240205,-4.7764849969381
920221.BJ,易实精密,20240204,-4.7764849969381
920221.BJ,易实精密,20240203,-4.7764849969381
920221.BJ,易实精密,20240202,-4.7764849969381
920221.BJ,易实精密,20240201,-4.7764849969381
920221.BJ,易实精密,20240131,-5.0581395348837
920221.BJ,易实精密,20240130,-5.0581395348837
920221.BJ,易实精密,20240129,-5.0581395348837
920221.BJ,易实精密,20240128,-5.0581395348837
920221.BJ,易实精密,20240127,-5.0581395348837
920221.BJ,易实精密,20240126,-5.0581395348837
920221.BJ,易实精密,20240125,-5.0581395348837
920221.BJ,易实精密,20240124,-5.0581395348837
920221.BJ,易实精密,20240123,-5.0581395348837
920221.BJ,易实精密,20240122,-5.0581395348837
920221.BJ,易实精密,20240121,-5.0581395348837
920221.BJ,易实精密,20240120,-5.0581395348837
920221.BJ,易实精密,20240119,-5.0581395348837
920221.BJ,易实精密,20240118,-5.0581395348837
920221.BJ,易实精密,20240117,-5.0581395348837
920221.BJ,易实精密,20240116,-5.0581395348837
920221.BJ,易实精密,20240115,-5.0581395348837
920221.BJ,易实精密,20240114,-5.0581395348837
920221.BJ,易实精密,20240113,-5.0581395348837
920221.BJ,易实精密,20240112,-5.0581395348837
920221.BJ,易实精密,20240111,-5.0581395348837
920221.BJ,易实精密,20240110,-5.0581395348837
920221.BJ,易实精密,20240109,-5.0581395348837
920221.BJ,易实精密,20240108,-5.0581395348837
920221.BJ,易实精密,20240107,-5.0581395348837
920221.BJ,易实精密,20240106,-5.0581395348837
920221.BJ,易实精密,20240105,-5.0581395348837
920221.BJ,易实精密,20240104,-5.0581395348837
920221.BJ,易实精密,20240103,-5.0581395348837
920221.BJ,易实精密,20240102,-5.0581395348837
920221.BJ,易实精密,20240101,-5.0581395348837
920221.BJ,易实精密,20231231,41.215106732348
920221.BJ,易实精密,20231230,41.215106732348
920221.BJ,易实精密,20231229,41.215106732348
920221.BJ,易实精密,20231228,41.215106732348
920221.BJ,易实精密,20231227,41.215106732348
920221.BJ,易实精密,20231226,41.215106732348
920221.BJ,易实精密,20231225,41.215106732348
920221.BJ,易实精密,20231224,41.215106732348
920221.BJ,易实精密,20231223,41.215106732348
920221.BJ,易实精密,20231222,41.215106732348
920221.BJ,易实精密,20231221,41.215106732348
920221.BJ,易实精密,20231220,41.215106732348
920221.BJ,易实精密,20231219,41.215106732348
920221.BJ,易实精密,20231218,41.215106732348
920221.BJ,易实精密,20231217,41.215106732348
920221.BJ,易实精密,20231216,41.215106732348
920221.BJ,易实精密,20231215,41.215106732348
920221.BJ,易实精密,20231214,41.215106732348
920221.BJ,易实精密,20231213,41.215106732348
920221.BJ,易实精密,20231212,41.215106732348
920221.BJ,易实精密,20231211,41.215106732348
920221.BJ,易实精密,20231210,41.215106732348
920221.BJ,易实精密,20231209,41.215106732348
920221.BJ,易实精密,20231208,41.215106732348
920221.BJ,易实精密,20231207,41.215106732348
920221.BJ,易实精密,20231206,41.215106732348
920221.BJ,易实精密,20231205,41.215106732348
920221.BJ,易实精密,20231204,41.215106732348
920221.BJ,易实精密,20231203,41.215106732348
920221.BJ,易实精密,20231202,41.215106732348
920221.BJ,易实精密,20231201,41.215106732348
920221.BJ,易实精密,20231130,67.537826685007
920221.BJ,易实精密,20231129,67.537826685007
920221.BJ,易实精密,20231128,67.537826685007
920221.BJ,易实精密,20231127,67.537826685007
920221.BJ,易实精密,20231126,67.537826685007
920221.BJ,易实精密,20231125,67.537826685007
920221.BJ,易实精密,20231124,67.537826685007
920221.BJ,易实精密,20231123,67.537826685007
920221.BJ,易实精密,20231122,67.537826685007
920221.BJ,易实精密,20231121,67.537826685007
920221.BJ,易实精密,20231120,67.537826685007
920221.BJ,易实精密,20231119,67.537826685007
920221.BJ,易实精密,20231118,67.537826685007
920221.BJ,易实精密,20231117,67.537826685007
920221.BJ,易实精密,20231116,67.537826685007
920221.BJ,易实精密,20231115,67.537826685007
920221.BJ,易实精密,20231114,67.537826685007
920221.BJ,易实精密,20231113,67.537826685007
920221.BJ,易实精密,20231112,67.537826685007
920221.BJ,易实精密,20231111,67.537826685007
920221.BJ,易实精密,20231110,67.537826685007
920221.BJ,易实精密,20231109,67.537826685007
920221.BJ,易实精密,20231108,67.537826685007
920221.BJ,易实精密,20231107,67.537826685007
920221.BJ,易实精密,20231106,67.537826685007
920221.BJ,易实精密,20231105,67.537826685007
920221.BJ,易实精密,20231104,67.537826685007
920221.BJ,易实精密,20231103,67.537826685007
920221.BJ,易实精密,20231102,67.537826685007
920221.BJ,易实精密,20231101,67.537826685007
920221.BJ,易实精密,20231031,2.3943661971831
920221.BJ,易实精密,20231030,2.3943661971831
920221.BJ,易实精密,20231029,2.3943661971831
920221.BJ,易实精密,20231028,2.3943661971831
920221.BJ,易实精密,20231027,2.3943661971831
920221.BJ,易实精密,20231026,2.3943661971831
920221.BJ,易实精密,20231025,2.3943661971831
920221.BJ,易实精密,20231024,2.3943661971831
920221.BJ,易实精密,20231023,2.3943661971831
920221.BJ,易实精密,20231022,2.3943661971831
920221.BJ,易实精密,20231021,2.3943661971831
920221.BJ,易实精密,20231020,2.3943661971831
920221.BJ,易实精密,20231019,2.3943661971831
920221.BJ,易实精密,20231018,2.3943661971831
920221.BJ,易实精密,20231017,2.3943661971831
920221.BJ,易实精密,20231016,2.3943661971831
920221.BJ,易实精密,20231015,2.3943661971831
920221.BJ,易实精密,20231014,2.3943661971831
920221.BJ,易实精密,20231013,2.3943661971831
920221.BJ,易实精密,20231012,2.3943661971831
920221.BJ,易实精密,20231011,2.3943661971831
920221.BJ,易实精密,20231010,2.3943661971831
920221.BJ,易实精密,20231009,2.3943661971831
920221.BJ,易实精密,20231008,2.3943661971831
920221.BJ,易实精密,20231007,2.3943661971831
920221.BJ,易实精密,20231006,2.3943661971831
920221.BJ,易实精密,20231005,2.3943661971831
920221.BJ,易实精密,20231004,2.3943661971831
920221.BJ,易实精密,20231003,2.3943661971831
920221.BJ,易实精密,20231002,2.3943661971831
920221.BJ,易实精密,20231001,2.3943661971831
920221.BJ,易实精密,20230930,-1.7980636237898
920221.BJ,易实精密,20230929,-1.7980636237898
920221.BJ,易实精密,20230928,-1.7980636237898
920221.BJ,易实精密,20230927,-1.7980636237898
920221.BJ,易实精密,20230926,-1.7980636237898
920221.BJ,易实精密,20230925,-1.7980636237898
920221.BJ,易实精密,20230924,-1.7980636237898
920221.BJ,易实精密,20230923,-1.7980636237898
920221.BJ,易实精密,20230922,-1.7980636237898
920221.BJ,易实精密,20230921,-1.7980636237898
920221.BJ,易实精密,20230920,-1.7980636237898
920221.BJ,易实精密,20230919,-1.7980636237898
920221.BJ,易实精密,20230918,-1.7980636237898
920221.BJ,易实精密,20230917,-1.7980636237898
920221.BJ,易实精密,20230916,-1.7980636237898
920221.BJ,易实精密,20230915,-1.7980636237898
920221.BJ,易实精密,20230914,-1.7980636237898
920221.BJ,易实精密,20230913,-1.7980636237898
920221.BJ,易实精密,20230912,-1.7980636237898
920221.BJ,易实精密,20230911,-1.7980636237898
920221.BJ,易实精密,20230910,-1.7980636237898
920221.BJ,易实精密,20230909,-1.7980636237898
920221.BJ,易实精密,20230908,-1.7980636237898
920221.BJ,易实精密,20230907,-1.7980636237898
920221.BJ,易实精密,20230906,-1.7980636237898
920221.BJ,易实精密,20230905,-1.7980636237898
920221.BJ,易实精密,20230904,-1.7980636237898
920221.BJ,易实精密,20230903,-1.7980636237898
920221.BJ,易实精密,20230902,-1.7980636237898
920221.BJ,易实精密,20230901,-1.7980636237898
920221.BJ,易实精密,20230831,-16.705069124424
920221.BJ,易实精密,20230830,-16.705069124424
920221.BJ,易实精密,20230829,-16.705069124424
920221.BJ,易实精密,20230828,-16.705069124424
920221.BJ,易实精密,20230827,-16.705069124424
920221.BJ,易实精密,20230826,-16.705069124424
920221.BJ,易实精密,20230825,-16.705069124424
920221.BJ,易实精密,20230824,-16.705069124424
920221.BJ,易实精密,20230823,-16.705069124424
920221.BJ,易实精密,20230822,-16.705069124424
920221.BJ,易实精密,20230821,-16.705069124424
920221.BJ,易实精密,20230820,-16.705069124424
920221.BJ,易实精密,20230819,-16.705069124424
920221.BJ,易实精密,20230818,-16.705069124424
920221.BJ,易实精密,20230817,-16.705069124424
920221.BJ,易实精密,20230816,-16.705069124424
920221.BJ,易实精密,20230815,-16.705069124424
920221.BJ,易实精密,20230814,-16.705069124424
920221.BJ,易实精密,20230813,-16.705069124424
920221.BJ,易实精密,20230812,-16.705069124424
920221.BJ,易实精密,20230811,-16.705069124424
920221.BJ,易实精密,20230810,-16.705069124424
920221.BJ,易实精密,20230809,-16.705069124424
920221.BJ,易实精密,20230808,-16.705069124424
920221.BJ,易实精密,20230807,-16.705069124424
920221.BJ,易实精密,20230806,-16.705069124424
920221.BJ,易实精密,20230805,-16.705069124424
920221.BJ,易实精密,20230804,-16.705069124424
920221.BJ,易实精密,20230803,-16.705069124424
920221.BJ,易实精密,20230802,-16.705069124424
920221.BJ,易实精密,20230801,-16.705069124424
920221.BJ,易实精密,20230731,-0.91324200913242
920221.BJ,易实精密,20230730,-0.91324200913242
920221.BJ,易实精密,20230729,-0.91324200913242
920221.BJ,易实精密,20230728,-0.91324200913242
920221.BJ,易实精密,20230727,-0.91324200913242
920221.BJ,易实精密,20230726,-0.91324200913242
920221.BJ,易实精密,20230725,-0.91324200913242
920221.BJ,易实精密,20230724,-0.91324200913242
920221.BJ,易实精密,20230723,-0.91324200913242
920221.BJ,易实精密,20230722,-0.91324200913242
920221.BJ,易实精密,20230721,-0.91324200913242
920221.BJ,易实精密,20230720,-0.91324200913242
920221.BJ,易实精密,20230719,-0.91324200913242
920221.BJ,易实精密,20230718,-0.91324200913242
920221.BJ,易实精密,20230717,-0.91324200913242
920221.BJ,易实精密,20230716,-0.91324200913242
920221.BJ,易实精密,20230715,-0.91324200913242
920221.BJ,易实精密,20230714,-0.91324200913242
920221.BJ,易实精密,20230713,-0.91324200913242
920221.BJ,易实精密,20230712,-0.91324200913242
920221.BJ,易实精密,20230711,-0.91324200913242
920221.BJ,易实精密,20230710,-0.91324200913242
920221.BJ,易实精密,20230709,-0.91324200913242
920221.BJ,易实精密,20230708,-0.91324200913242
920221.BJ,易实精密,20230707,-0.91324200913242
920221.BJ,易实精密,20230706,-0.91324200913242
920221.BJ,易实精密,20230705,-0.91324200913242
920221.BJ,易实精密,20230704,-0.91324200913242
920221.BJ,易实精密,20230703,-0.91324200913242
920221.BJ,易实精密,20230702,-0.91324200913242
920221.BJ,易实精密,20230701,-0.91324200913242
920221.BJ,易实精密,20230630,46.488294314381
920221.BJ,易实精密,20230629,46.488294314381
920221.BJ,易实精密,20230628,46.488294314381
920221.BJ,易实精密,20230627,46.488294314381
920221.BJ,易实精密,20230626,46.488294314381
920221.BJ,易实精密,20230625,46.488294314381
920221.BJ,易实精密,20230624,46.488294314381
920221.BJ,易实精密,20230623,46.488294314381
920221.BJ,易实精密,20230622,46.488294314381
920221.BJ,易实精密,20230621,46.488294314381
920221.BJ,易实精密,20230620,46.488294314381
920221.BJ,易实精密,20230619,46.488294314381
920221.BJ,易实精密,20230618,46.488294314381
920221.BJ,易实精密,20230617,46.488294314381
920221.BJ,易实精密,20230616,46.488294314381
920221.BJ,易实精密,20230615,46.488294314381
920221.BJ,易实精密,20230614,46.488294314381
920221.BJ,易实精密,20230613,46.488294314381
920221.BJ,易实精密,20230612,46.488294314381
920221.BJ,易实精密,20230611,46.488294314381
920221.BJ,易实精密,20230610,46.488294314381
920221.BJ,易实精密,20230609,46.488294314381
920221.BJ,易实精密,20230608,46.488294314381
920221.BJ,易实精密,20230607,46.488294314381
920221.BJ,易实精密,20230606,46.488294314381
920221.BJ,易实精密,20230605,46.488294314381
920221.BJ,易实精密,20230604,46.488294314381
920221.BJ,易实精密,20230603,46.488294314381
920221.BJ,易实精密,20230602,46.488294314381
920221.BJ,易实精密,20230601,46.488294314381
920221.BJ,易实精密,20230531,
920221.BJ,易实精密,20230530,
920221.BJ,易实精密,20230529,
920221.BJ,易实精密,20230528,
920221.BJ,易实精密,20230527,
920221.BJ,易实精密,20230526,
920221.BJ,易实精密,20230525,
920221.BJ,易实精密,20230524,
920221.BJ,易实精密,20230523,
920221.BJ,易实精密,20230522,
920221.BJ,易实精密,20230521,
920221.BJ,易实精密,20230520,
920221.BJ,易实精密,20230519,
920221.BJ,易实精密,20230518,
920221.BJ,易实精密,20230517,
920221.BJ,易实精密,20230516,
920221.BJ,易实精密,20230515,
920221.BJ,易实精密,20230514,
920221.BJ,易实精密,20230513,
920221.BJ,易实精密,20230512,
920221.BJ,易实精密,20230511,
920221.BJ,易实精密,20230510,
920221.BJ,易实精密,20230509,
920221.BJ,易实精密,20230508,
920221.BJ,易实精密,20230507,
920221.BJ,易实精密,20230506,
920221.BJ,易实精密,20230505,
920221.BJ,易实精密,20230504,
920221.BJ,易实精密,20230503,
920221.BJ,易实精密,20230502,
920221.BJ,易实精密,20230501,
920221.BJ,易实精密,20230430,
920221.BJ,易实精密,20230429,
920221.BJ,易实精密,20230428,
920221.BJ,易实精密,20230427,
920221.BJ,易实精密,20230426,
920221.BJ,易实精密,20230425,
920221.BJ,易实精密,20230424,
920221.BJ,易实精密,20230423,
920221.BJ,易实精密,20230422,
920221.BJ,易实精密,20230421,
920221.BJ,易实精密,20230420,
920221.BJ,易实精密,20230419,
920221.BJ,易实精密,20230418,
920221.BJ,易实精密,20230417,
920221.BJ,易实精密,20230416,
920221.BJ,易实精密,20230415,
920221.BJ,易实精密,20230414,
920221.BJ,易实精密,20230413,
920221.BJ,易实精密,20230412,
920221.BJ,易实精密,20230411,
920221.BJ,易实精密,20230410,
920221.BJ,易实精密,20230409,
920221.BJ,易实精密,20230408,
920221.BJ,易实精密,20230407,
920221.BJ,易实精密,20230406,
920221.BJ,易实精密,20230405,
920221.BJ,易实精密,20230404,
920221.BJ,易实精密,20230403,
920221.BJ,易实精密,20230402,
920221.BJ,易实精密,20230401,
920221.BJ,易实精密,20230331,
920221.BJ,易实精密,20230330,
920221.BJ,易实精密,20230329,
920221.BJ,易实精密,20230328,
920221.BJ,易实精密,20230327,
920221.BJ,易实精密,20230326,
920221.BJ,易实精密,20230325,
920221.BJ,易实精密,20230324,
920221.BJ,易实精密,20230323,
920221.BJ,易实精密,20230322,
920221.BJ,易实精密,20230321,
920221.BJ,易实精密,20230320,
920221.BJ,易实精密,20230319,
920221.BJ,易实精密,20230318,
920221.BJ,易实精密,20230317,
920221.BJ,易实精密,20230316,
920221.BJ,易实精密,20230315,
920221.BJ,易实精密,20230314,
920221.BJ,易实精密,20230313,
920221.BJ,易实精密,20230312,
920221.BJ,易实精密,20230311,
920221.BJ,易实精密,20230310,
920221.BJ,易实精密,20230309,
920221.BJ,易实精密,20230308,
920221.BJ,易实精密,20230307,
920221.BJ,易实精密,20230306,
920221.BJ,易实精密,20230305,
920221.BJ,易实精密,20230304,
920221.BJ,易实精密,20230303,
920221.BJ,易实精密,20230302,
920221.BJ,易实精密,20230301,
920221.BJ,易实精密,20230228,
920221.BJ,易实精密,20230227,
920221.BJ,易实精密,20230226,
920221.BJ,易实精密,20230225,
920221.BJ,易实精密,20230224,
920221.BJ,易实精密,20230223,
920221.BJ,易实精密,20230222,
920221.BJ,易实精密,20230221,
920221.BJ,易实精密,20230220,
920221.BJ,易实精密,20230219,
920221.BJ,易实精密,20230218,
920221.BJ,易实精密,20230217,
920221.BJ,易实精密,20230216,
920221.BJ,易实精密,20230215,
920221.BJ,易实精密,20230214,
920221.BJ,易实精密,20230213,
920221.BJ,易实精密,20230212,
920221.BJ,易实精密,20230211,
920221.BJ,易实精密,20230210,
920221.BJ,易实精密,20230209,
920221.BJ,易实精密,20230208,
920221.BJ,易实精密,20230207,
920221.BJ,易实精密,20230206,
920221.BJ,易实精密,20230205,
920221.BJ,易实精密,20230204,
920221.BJ,易实精密,20230203,
920221.BJ,易实精密,20230202,
920221.BJ,易实精密,20230201,
920221.BJ,易实精密,20230131,
920221.BJ,易实精密,20230130,
920221.BJ,易实精密,20230129,
920221.BJ,易实精密,20230128,
920221.BJ,易实精密,20230127,
920221.BJ,易实精密,20230126,
920221.BJ,易实精密,20230125,
920221.BJ,易实精密,20230124,
920221.BJ,易实精密,20230123,
920221.BJ,易实精密,20230122,
920221.BJ,易实精密,20230121,
920221.BJ,易实精密,20230120,
920221.BJ,易实精密,20230119,
920221.BJ,易实精密,20230118,
920221.BJ,易实精密,20230117,
920221.BJ,易实精密,20230116,
920221.BJ,易实精密,20230115,
920221.BJ,易实精密,20230114,
920221.BJ,易实精密,20230113,
920221.BJ,易实精密,20230112,
920221.BJ,易实精密,20230111,
920221.BJ,易实精密,20230110,
920221.BJ,易实精密,20230109,
920221.BJ,易实精密,20230108,
920221.BJ,易实精密,20230107,
920221.BJ,易实精密,20230106,
920221.BJ,易实精密,20230105,
920221.BJ,易实精密,20230104,
920221.BJ,易实精密,20230103,
920221.BJ,易实精密,20230102,
920221.BJ,易实精密,20230101,
920221.BJ,易实精密,20221231,
920221.BJ,易实精密,20221230,
920221.BJ,易实精密,20221229,
920221.BJ,易实精密,20221228,
920221.BJ,易实精密,20221227,
920221.BJ,易实精密,20221226,
920221.BJ,易实精密,20221225,
920221.BJ,易实精密,20221224,
920221.BJ,易实精密,20221223,
920221.BJ,易实精密,20221222,
920221.BJ,易实精密,20221221,
920221.BJ,易实精密,20221220,
920221.BJ,易实精密,20221219,
920221.BJ,易实精密,20221218,
920221.BJ,易实精密,20221217,
920221.BJ,易实精密,20221216,
920221.BJ,易实精密,20221215,
920221.BJ,易实精密,20221214,
920221.BJ,易实精密,20221213,
920221.BJ,易实精密,20221212,
920221.BJ,易实精密,20221211,
920221.BJ,易实精密,20221210,
920221.BJ,易实精密,20221209,
920221.BJ,易实精密,20221208,
920221.BJ,易实精密,20221207,
920221.BJ,易实精密,20221206,
920221.BJ,易实精密,20221205,
920221.BJ,易实精密,20221204,
920221.BJ,易实精密,20221203,
920221.BJ,易实精密,20221202,
920221.BJ,易实精密,20221201,
920221.BJ,易实精密,20221130,
920221.BJ,易实精密,20221129,
920221.BJ,易实精密,20221128,
920221.BJ,易实精密,20221127,
920221.BJ,易实精密,20221126,
920221.BJ,易实精密,20221125,
920221.BJ,易实精密,20221124,
920221.BJ,易实精密,20221123,
920221.BJ,易实精密,20221122,
920221.BJ,易实精密,20221121,
920221.BJ,易实精密,20221120,
920221.BJ,易实精密,20221119,
920221.BJ,易实精密,20221118,
920221.BJ,易实精密,20221117,
920221.BJ,易实精密,20221116,
920221.BJ,易实精密,20221115,
920221.BJ,易实精密,20221114,
920221.BJ,易实精密,20221113,
920221.BJ,易实精密,20221112,
920221.BJ,易实精密,20221111,
920221.BJ,易实精密,20221110,
920221.BJ,易实精密,20221109,
920221.BJ,易实精密,20221108,
920221.BJ,易实精密,20221107,
920221.BJ,易实精密,20221106,
920221.BJ,易实精密,20221105,
920221.BJ,易实精密,20221104,
920221.BJ,易实精密,20221103,
920221.BJ,易实精密,20221102,
920221.BJ,易实精密,20221101,
920221.BJ,易实精密,20221031,
920221.BJ,易实精密,20221030,
920221.BJ,易实精密,20221029,
920221.BJ,易实精密,20221028,
920221.BJ,易实精密,20221027,
920221.BJ,易实精密,20221026,
920221.BJ,易实精密,20221025,
920221.BJ,易实精密,20221024,
920221.BJ,易实精密,20221023,
920221.BJ,易实精密,20221022,
920221.BJ,易实精密,20221021,
920221.BJ,易实精密,20221020,
920221.BJ,易实精密,20221019,
920221.BJ,易实精密,20221018,
920221.BJ,易实精密,20221017,
920221.BJ,易实精密,20221016,
920221.BJ,易实精密,20221015,
920221.BJ,易实精密,20221014,
920221.BJ,易实精密,20221013,
920221.BJ,易实精密,20221012,
920221.BJ,易实精密,20221011,
920221.BJ,易实精密,20221010,
920221.BJ,易实精密,20221009,
920221.BJ,易实精密,20221008,
920221.BJ,易实精密,20221007,
920221.BJ,易实精密,20221006,
920221.BJ,易实精密,20221005,
920221.BJ,易实精密,20221004,
920221.BJ,易实精密,20221003,
920221.BJ,易实精密,20221002,
920221.BJ,易实精密,20221001,
920221.BJ,易实精密,20220930,
920221.BJ,易实精密,20220929,
920221.BJ,易实精密,20220928,
920221.BJ,易实精密,20220927,
920221.BJ,易实精密,20220926,
920221.BJ,易实精密,20220925,
920221.BJ,易实精密,20220924,
920221.BJ,易实精密,20220923,
920221.BJ,易实精密,20220922,
920221.BJ,易实精密,20220921,
920221.BJ,易实精密,20220920,
920221.BJ,易实精密,20220919,
920221.BJ,易实精密,20220918,
920221.BJ,易实精密,20220917,
920221.BJ,易实精密,20220916,
920221.BJ,易实精密,20220915,
920221.BJ,易实精密,20220914,
920221.BJ,易实精密,20220913,
920221.BJ,易实精密,20220912,
920221.BJ,易实精密,20220911,
920221.BJ,易实精密,20220910,
920221.BJ,易实精密,20220909,
920221.BJ,易实精密,20220908,
920221.BJ,易实精密,20220907,
920221.BJ,易实精密,20220906,
920221.BJ,易实精密,20220905,
920221.BJ,易实精密,20220904,
920221.BJ,易实精密,20220903,
920221.BJ,易实精密,20220902,
920221.BJ,易实精密,20220901,
920221.BJ,易实精密,20220831,
920221.BJ,易实精密,20220830,
920221.BJ,易实精密,20220829,
920221.BJ,易实精密,20220828,
920221.BJ,易实精密,20220827,
920221.BJ,易实精密,20220826,
920221.BJ,易实精密,20220825,
920221.BJ,易实精密,20220824,
920221.BJ,易实精密,20220823,
920221.BJ,易实精密,20220822,
920221.BJ,易实精密,20220821,
920221.BJ,易实精密,20220820,
920221.BJ,易实精密,20220819,
920221.BJ,易实精密,20220818,
920221.BJ,易实精密,20220817,
920221.BJ,易实精密,20220816,
920221.BJ,易实精密,20220815,
920221.BJ,易实精密,20220814,
920221.BJ,易实精密,20220813,
920221.BJ,易实精密,20220812,
920221.BJ,易实精密,20220811,
920221.BJ,易实精密,20220810,
920221.BJ,易实精密,20220809,
920221.BJ,易实精密,20220808,
920221.BJ,易实精密,20220807,
920221.BJ,易实精密,20220806,
920221.BJ,易实精密,20220805,
920221.BJ,易实精密,20220804,
920221.BJ,易实精密,20220803,
920221.BJ,易实精密,20220802,
920221.BJ,易实精密,20220801,
920221.BJ,易实精密,20220731,
920221.BJ,易实精密,20220730,
920221.BJ,易实精密,20220729,
920221.BJ,易实精密,20220728,
920221.BJ,易实精密,20220727,
920221.BJ,易实精密,20220726,
920221.BJ,易实精密,20220725,
920221.BJ,易实精密,20220724,
920221.BJ,易实精密,20220723,
920221.BJ,易实精密,20220722,
920221.BJ,易实精密,20220721,
920221.BJ,易实精密,20220720,
920221.BJ,易实精密,20220719,
920221.BJ,易实精密,20220718,
920221.BJ,易实精密,20220717,
920221.BJ,易实精密,20220716,
920221.BJ,易实精密,20220715,
920221.BJ,易实精密,20220714,
920221.BJ,易实精密,20220713,
920221.BJ,易实精密,20220712,
920221.BJ,易实精密,20220711,
920221.BJ,易实精密,20220710,
920221.BJ,易实精密,20220709,
920221.BJ,易实精密,20220708,
920221.BJ,易实精密,20220707,
920221.BJ,易实精密,20220706,
920221.BJ,易实精密,20220705,
920221.BJ,易实精密,20220704,
920221.BJ,易实精密,20220703,
920221.BJ,易实精密,20220702,
920221.BJ,易实精密,20220701,
920221.BJ,易实精密,20220630,
920221.BJ,易实精密,20220629,
920221.BJ,易实精密,20220628,
920221.BJ,易实精密,20220627,
920221.BJ,易实精密,20220626,
920221.BJ,易实精密,20220625,
920221.BJ,易实精密,20220624,
920221.BJ,易实精密,20220623,
920221.BJ,易实精密,20220622,
920221.BJ,易实精密,20220621,
920221.BJ,易实精密,20220620,
920221.BJ,易实精密,20220619,
920221.BJ,易实精密,20220618,
920221.BJ,易实精密,20220617,
920221.BJ,易实精密,20220616,
920221.BJ,易实精密,20220615,
920221.BJ,易实精密,20220614,
920221.BJ,易实精密,20220613,
920221.BJ,易实精密,20220612,
920221.BJ,易实精密,20220611,
920221.BJ,易实精密,20220610,
920221.BJ,易实精密,20220609,
920221.BJ,易实精密,20220608,
920221.BJ,易实精密,20220607,
920221.BJ,易实精密,20220606,
920221.BJ,易实精密,20220605,
920221.BJ,易实精密,20220604,
920221.BJ,易实精密,20220603,
920221.BJ,易实精密,20220602,
920221.BJ,易实精密,20220601,
920221.BJ,易实精密,20220531,
920221.BJ,易实精密,20220530,
920221.BJ,易实精密,20220529,
920221.BJ,易实精密,20220528,
920221.BJ,易实精密,20220527,
920221.BJ,易实精密,20220526,
920221.BJ,易实精密,20220525,
920221.BJ,易实精密,20220524,
920221.BJ,易实精密,20220523,
920221.BJ,易实精密,20220522,
920221.BJ,易实精密,20220521,
920221.BJ,易实精密,20220520,
920221.BJ,易实精密,20220519,
920221.BJ,易实精密,20220518,
920221.BJ,易实精密,20220517,
920221.BJ,易实精密,20220516,
920221.BJ,易实精密,20220515,
920221.BJ,易实精密,20220514,
920221.BJ,易实精密,20220513,
920221.BJ,易实精密,20220512,
920221.BJ,易实精密,20220511,
920221.BJ,易实精密,20220510,
920221.BJ,易实精密,20220509,
920221.BJ,易实精密,20220508,
920221.BJ,易实精密,20220507,
920221.BJ,易实精密,20220506,
920221.BJ,易实精密,20220505,
920221.BJ,易实精密,20220504,
920221.BJ,易实精密,20220503,
920221.BJ,易实精密,20220502,
920221.BJ,易实精密,20220501,
920221.BJ,易实精密,20220430,
920221.BJ,易实精密,20220429,
920221.BJ,易实精密,20220428,
920221.BJ,易实精密,20220427,
920221.BJ,易实精密,20220426,
920221.BJ,易实精密,20220425,
920221.BJ,易实精密,20220424,
920221.BJ,易实精密,20220423,
920221.BJ,易实精密,20220422,
920221.BJ,易实精密,20220421,
920221.BJ,易实精密,20220420,
920221.BJ,易实精密,20220419,
920221.BJ,易实精密,20220418,
920221.BJ,易实精密,20220417,
920221.BJ,易实精密,20220416,
920221.BJ,易实精密,20220415,
920221.BJ,易实精密,20220414,
920221.BJ,易实精密,20220413,
920221.BJ,易实精密,20220412,
920221.BJ,易实精密,20220411,
920221.BJ,易实精密,20220410,
920221.BJ,易实精密,20220409,
920221.BJ,易实精密,20220408,
920221.BJ,易实精密,20220407,
920221.BJ,易实精密,20220406,
920221.BJ,易实精密,20220405,
920221.BJ,易实精密,20220404,
920221.BJ,易实精密,20220403,
920221.BJ,易实精密,20220402,
920221.BJ,易实精密,20220401,
920221.BJ,易实精密,20220331,
920221.BJ,易实精密,20220330,
920221.BJ,易实精密,20220329,
920221.BJ,易实精密,20220328,
920221.BJ,易实精密,20220327,
920221.BJ,易实精密,20220326,
920221.BJ,易实精密,20220325,
920221.BJ,易实精密,20220324,
920221.BJ,易实精密,20220323,
920221.BJ,易实精密,20220322,
920221.BJ,易实精密,20220321,
920221.BJ,易实精密,20220320,
920221.BJ,易实精密,20220319,
920221.BJ,易实精密,20220318,
920221.BJ,易实精密,20220317,
920221.BJ,易实精密,20220316,
920221.BJ,易实精密,20220315,
920221.BJ,易实精密,20220314,
920221.BJ,易实精密,20220313,
920221.BJ,易实精密,20220312,
920221.BJ,易实精密,20220311,
920221.BJ,易实精密,20220310,
920221.BJ,易实精密,20220309,
920221.BJ,易实精密,20220308,
920221.BJ,易实精密,20220307,
920221.BJ,易实精密,20220306,
920221.BJ,易实精密,20220305,
920221.BJ,易实精密,20220304,
920221.BJ,易实精密,20220303,
920221.BJ,易实精密,20220302,
920221.BJ,易实精密,20220301,
920221.BJ,易实精密,20220228,
920221.BJ,易实精密,20220227,
920221.BJ,易实精密,20220226,
920221.BJ,易实精密,20220225,
920221.BJ,易实精密,20220224,
920221.BJ,易实精密,20220223,
920221.BJ,易实精密,20220222,
920221.BJ,易实精密,20220221,
920221.BJ,易实精密,20220220,
920221.BJ,易实精密,20220219,
920221.BJ,易实精密,20220218,
920221.BJ,易实精密,20220217,
920221.BJ,易实精密,20220216,
920221.BJ,易实精密,20220215,
920221.BJ,易实精密,20220214,
920221.BJ,易实精密,20220213,
920221.BJ,易实精密,20220212,
920221.BJ,易实精密,20220211,
920221.BJ,易实精密,20220210,
920221.BJ,易实精密,20220209,
920221.BJ,易实精密,20220208,
920221.BJ,易实精密,20220207,
920221.BJ,易实精密,20220206,
920221.BJ,易实精密,20220205,
920221.BJ,易实精密,20220204,
920221.BJ,易实精密,20220203,
920221.BJ,易实精密,20220202,
920221.BJ,易实精密,20220201,
920221.BJ,易实精密,20220131,
920221.BJ,易实精密,20220130,
920221.BJ,易实精密,20220129,
920221.BJ,易实精密,20220128,
920221.BJ,易实精密,20220127,
920221.BJ,易实精密,20220126,
920221.BJ,易实精密,20220125,
920221.BJ,易实精密,20220124,
920221.BJ,易实精密,20220123,
920221.BJ,易实精密,20220122,
920221.BJ,易实精密,20220121,
920221.BJ,易实精密,20220120,
920221.BJ,易实精密,20220119,
920221.BJ,易实精密,20220118,
920221.BJ,易实精密,20220117,
920221.BJ,易实精密,20220116,
920221.BJ,易实精密,20220115,
920221.BJ,易实精密,20220114,
920221.BJ,易实精密,20220113,
920221.BJ,易实精密,20220112,
920221.BJ,易实精密,20220111,
920221.BJ,易实精密,20220110,
920221.BJ,易实精密,20220109,
920221.BJ,易实精密,20220108,
920221.BJ,易实精密,20220107,
920221.BJ,易实精密,20220106,
920221.BJ,易实精密,20220105,
920221.BJ,易实精密,20220104,
920221.BJ,易实精密,20220103,
920221.BJ,易实精密,20220102,
920221.BJ,易实精密,20220101,
920221.BJ,易实精密,20211231,
920221.BJ,易实精密,20211230,
920221.BJ,易实精密,20211229,
920221.BJ,易实精密,20211228,
920221.BJ,易实精密,20211227,
920221.BJ,易实精密,20211226,
920221.BJ,易实精密,20211225,
920221.BJ,易实精密,20211224,
920221.BJ,易实精密,20211223,
920221.BJ,易实精密,20211222,
920221.BJ,易实精密,20211221,
920221.BJ,易实精密,20211220,
920221.BJ,易实精密,20211219,
920221.BJ,易实精密,20211218,
920221.BJ,易实精密,20211217,
920221.BJ,易实精密,20211216,
920221.BJ,易实精密,20211215,
920221.BJ,易实精密,20211214,
920221.BJ,易实精密,20211213,
920221.BJ,易实精密,20211212,
920221.BJ,易实精密,20211211,
920221.BJ,易实精密,20211210,
920221.BJ,易实精密,20211209,
920221.BJ,易实精密,20211208,
920221.BJ,易实精密,20211207,
920221.BJ,易实精密,20211206,
920221.BJ,易实精密,20211205,
920221.BJ,易实精密,20211204,
920221.BJ,易实精密,20211203,
920221.BJ,易实精密,20211202,
920221.BJ,易实精密,20211201,
920221.BJ,易实精密,20211130,
920221.BJ,易实精密,20211129,
920221.BJ,易实精密,20211128,
920221.BJ,易实精密,20211127,
920221.BJ,易实精密,20211126,
920221.BJ,易实精密,20211125,
920221.BJ,易实精密,20211124,
920221.BJ,易实精密,20211123,
920221.BJ,易实精密,20211122,
920221.BJ,易实精密,20211121,
920221.BJ,易实精密,20211120,
920221.BJ,易实精密,20211119,
920221.BJ,易实精密,20211118,
920221.BJ,易实精密,20211117,
920221.BJ,易实精密,20211116,
920221.BJ,易实精密,20211115,
920221.BJ,易实精密,20211114,
920221.BJ,易实精密,20211113,
920221.BJ,易实精密,20211112,
920221.BJ,易实精密,20211111,
920221.BJ,易实精密,20211110,
920221.BJ,易实精密,20211109,
920221.BJ,易实精密,20211108,
920221.BJ,易实精密,20211107,
920221.BJ,易实精密,20211106,
920221.BJ,易实精密,20211105,
920221.BJ,易实精密,20211104,
920221.BJ,易实精密,20211103,
920221.BJ,易实精密,20211102,
920221.BJ,易实精密,20211101,
920221.BJ,易实精密,20211031,
920221.BJ,易实精密,20211030,
920221.BJ,易实精密,20211029,
920221.BJ,易实精密,20211028,
920221.BJ,易实精密,20211027,
920221.BJ,易实精密,20211026,
920221.BJ,易实精密,20211025,
920221.BJ,易实精密,20211024,
920221.BJ,易实精密,20211023,
920221.BJ,易实精密,20211022,
920221.BJ,易实精密,20211021,
920221.BJ,易实精密,20211020,
920221.BJ,易实精密,20211019,
920221.BJ,易实精密,20211018,
920221.BJ,易实精密,20211017,
920221.BJ,易实精密,20211016,
920221.BJ,易实精密,20211015,
920221.BJ,易实精密,20211014,
920221.BJ,易实精密,20211013,
920221.BJ,易实精密,20211012,
920221.BJ,易实精密,20211011,
920221.BJ,易实精密,20211010,
920221.BJ,易实精密,20211009,
920221.BJ,易实精密,20211008,
920221.BJ,易实精密,20211007,
920221.BJ,易实精密,20211006,
920221.BJ,易实精密,20211005,
920221.BJ,易实精密,20211004,
920221.BJ,易实精密,20211003,
920221.BJ,易实精密,20211002,
920221.BJ,易实精密,20211001,
920221.BJ,易实精密,20210930,
920221.BJ,易实精密,20210929,
920221.BJ,易实精密,20210928,
920221.BJ,易实精密,20210927,
920221.BJ,易实精密,20210926,
920221.BJ,易实精密,20210925,
920221.BJ,易实精密,20210924,
920221.BJ,易实精密,20210923,
920221.BJ,易实精密,20210922,
920221.BJ,易实精密,20210921,
920221.BJ,易实精密,20210920,
920221.BJ,易实精密,20210919,
920221.BJ,易实精密,20210918,
920221.BJ,易实精密,20210917,
920221.BJ,易实精密,20210916,
920221.BJ,易实精密,20210915,
920221.BJ,易实精密,20210914,
920221.BJ,易实精密,20210913,
920221.BJ,易实精密,20210912,
920221.BJ,易实精密,20210911,
920221.BJ,易实精密,20210910,
920221.BJ,易实精密,20210909,
920221.BJ,易实精密,20210908,
920221.BJ,易实精密,20210907,
920221.BJ,易实精密,20210906,
920221.BJ,易实精密,20210905,
920221.BJ,易实精密,20210904,
920221.BJ,易实精密,20210903,
920221.BJ,易实精密,20210902,
920221.BJ,易实精密,20210901,
920221.BJ,易实精密,20210831,
920221.BJ,易实精密,20210830,
920221.BJ,易实精密,20210829,
920221.BJ,易实精密,20210828,
920221.BJ,易实精密,20210827,
920221.BJ,易实精密,20210826,
920221.BJ,易实精密,20210825,
920221.BJ,易实精密,20210824,
920221.BJ,易实精密,20210823,
920221.BJ,易实精密,20210822,
920221.BJ,易实精密,20210821,
920221.BJ,易实精密,20210820,
920221.BJ,易实精密,20210819,
920221.BJ,易实精密,20210818,
920221.BJ,易实精密,20210817,
920221.BJ,易实精密,20210816,
920221.BJ,易实精密,20210815,
920221.BJ,易实精密,20210814,
920221.BJ,易实精密,20210813,
920221.BJ,易实精密,20210812,
920221.BJ,易实精密,20210811,
920221.BJ,易实精密,20210810,
920221.BJ,易实精密,20210809,
920221.BJ,易实精密,20210808,
920221.BJ,易实精密,20210807,
920221.BJ,易实精密,20210806,
920221.BJ,易实精密,20210805,
920221.BJ,易实精密,20210804,
920221.BJ,易实精密,20210803,
920221.BJ,易实精密,20210802,
920221.BJ,易实精密,20210801,
920221.BJ,易实精密,20210731,
920221.BJ,易实精密,20210730,
920221.BJ,易实精密,20210729,
920221.BJ,易实精密,20210728,
920221.BJ,易实精密,20210727,
920221.BJ,易实精密,20210726,
920221.BJ,易实精密,20210725,
920221.BJ,易实精密,20210724,
920221.BJ,易实精密,20210723,
920221.BJ,易实精密,20210722,
920221.BJ,易实精密,20210721,
920221.BJ,易实精密,20210720,
920221.BJ,易实精密,20210719,
920221.BJ,易实精密,20210718,
920221.BJ,易实精密,20210717,
920221.BJ,易实精密,20210716,
920221.BJ,易实精密,20210715,
920221.BJ,易实精密,20210714,
920221.BJ,易实精密,20210713,
920221.BJ,易实精密,20210712,
920221.BJ,易实精密,20210711,
920221.BJ,易实精密,20210710,
920221.BJ,易实精密,20210709,
920221.BJ,易实精密,20210708,
920221.BJ,易实精密,20210707,
920221.BJ,易实精密,20210706,
920221.BJ,易实精密,20210705,
920221.BJ,易实精密,20210704,
920221.BJ,易实精密,20210703,
920221.BJ,易实精密,20210702,
920221.BJ,易实精密,20210701,
920221.BJ,易实精密,20210630,
920221.BJ,易实精密,20210629,
920221.BJ,易实精密,20210628,
920221.BJ,易实精密,20210627,
920221.BJ,易实精密,20210626,
920221.BJ,易实精密,20210625,
920221.BJ,易实精密,20210624,
920221.BJ,易实精密,20210623,
920221.BJ,易实精密,20210622,
920221.BJ,易实精密,20210621,
920221.BJ,易实精密,20210620,
920221.BJ,易实精密,20210619,
920221.BJ,易实精密,20210618,
920221.BJ,易实精密,20210617,
920221.BJ,易实精密,20210616,
920221.BJ,易实精密,20210615,
920221.BJ,易实精密,20210614,
920221.BJ,易实精密,20210613,
920221.BJ,易实精密,20210612,
920221.BJ,易实精密,20210611,
920221.BJ,易实精密,20210610,
920221.BJ,易实精密,20210609,
920221.BJ,易实精密,20210608,
920221.BJ,易实精密,20210607,
920221.BJ,易实精密,20210606,
920221.BJ,易实精密,20210605,
920221.BJ,易实精密,20210604,
920221.BJ,易实精密,20210603,
920221.BJ,易实精密,20210602,
920221.BJ,易实精密,20210601,
920221.BJ,易实精密,20210531,
920221.BJ,易实精密,20210530,
920221.BJ,易实精密,20210529,
920221.BJ,易实精密,20210528,
920221.BJ,易实精密,20210527,
920221.BJ,易实精密,20210526,
920221.BJ,易实精密,20210525,
920221.BJ,易实精密,20210524,
920221.BJ,易实精密,20210523,
920221.BJ,易实精密,20210522,
920221.BJ,易实精密,20210521,
920221.BJ,易实精密,20210520,
920221.BJ,易实精密,20210519,
920221.BJ,易实精密,20210518,
920221.BJ,易实精密,20210517,
920221.BJ,易实精密,20210516,
920221.BJ,易实精密,20210515,
920221.BJ,易实精密,20210514,
920221.BJ,易实精密,20210513,
920221.BJ,易实精密,20210512,
920221.BJ,易实精密,20210511,
920221.BJ,易实精密,20210510,
920221.BJ,易实精密,20210509,
920221.BJ,易实精密,20210508,
920221.BJ,易实精密,20210507,
920221.BJ,易实精密,20210506,
920221.BJ,易实精密,20210505,
920221.BJ,易实精密,20210504,
920221.BJ,易实精密,20210503,
920221.BJ,易实精密,20210502,
920221.BJ,易实精密,20210501,
920221.BJ,易实精密,20210430,
920221.BJ,易实精密,20210429,
920221.BJ,易实精密,20210428,
920221.BJ,易实精密,20210427,
920221.BJ,易实精密,20210426,
920221.BJ,易实精密,20210425,
920221.BJ,易实精密,20210424,
920221.BJ,易实精密,20210423,
920221.BJ,易实精密,20210422,
920221.BJ,易实精密,20210421,
920221.BJ,易实精密,20210420,
920221.BJ,易实精密,20210419,
920221.BJ,易实精密,20210418,
920221.BJ,易实精密,20210417,
920221.BJ,易实精密,20210416,
920221.BJ,易实精密,20210415,
920221.BJ,易实精密,20210414,
920221.BJ,易实精密,20210413,
920221.BJ,易实精密,20210412,
920221.BJ,易实精密,20210411,
920221.BJ,易实精密,20210410,
920221.BJ,易实精密,20210409,
920221.BJ,易实精密,20210408,
920221.BJ,易实精密,20210407,
920221.BJ,易实精密,20210406,
920221.BJ,易实精密,20210405,
920221.BJ,易实精密,20210404,
920221.BJ,易实精密,20210403,
920221.BJ,易实精密,20210402,
920221.BJ,易实精密,20210401,
920221.BJ,易实精密,20210331,
920221.BJ,易实精密,20210330,
920221.BJ,易实精密,20210329,
920221.BJ,易实精密,20210328,
920221.BJ,易实精密,20210327,
920221.BJ,易实精密,20210326,
920221.BJ,易实精密,20210325,
920221.BJ,易实精密,20210324,
920221.BJ,易实精密,20210323,
920221.BJ,易实精密,20210322,
920221.BJ,易实精密,20210321,
920221.BJ,易实精密,20210320,
920221.BJ,易实精密,20210319,
920221.BJ,易实精密,20210318,
920221.BJ,易实精密,20210317,
920221.BJ,易实精密,20210316,
920221.BJ,易实精密,20210315,
920221.BJ,易实精密,20210314,
920221.BJ,易实精密,20210313,
920221.BJ,易实精密,20210312,
920221.BJ,易实精密,20210311,
920221.BJ,易实精密,20210310,
920221.BJ,易实精密,20210309,
920221.BJ,易实精密,20210308,
920221.BJ,易实精密,20210307,
920221.BJ,易实精密,20210306,
920221.BJ,易实精密,20210305,
920221.BJ,易实精密,20210304,
920221.BJ,易实精密,20210303,
920221.BJ,易实精密,20210302,
920221.BJ,易实精密,20210301,
920221.BJ,易实精密,20210228,
920221.BJ,易实精密,20210227,
920221.BJ,易实精密,20210226,
920221.BJ,易实精密,20210225,
920221.BJ,易实精密,20210224,
920221.BJ,易实精密,20210223,
920221.BJ,易实精密,20210222,
920221.BJ,易实精密,20210221,
920221.BJ,易实精密,20210220,
920221.BJ,易实精密,20210219,
920221.BJ,易实精密,20210218,
920221.BJ,易实精密,20210217,
920221.BJ,易实精密,20210216,
920221.BJ,易实精密,20210215,
920221.BJ,易实精密,20210214,
920221.BJ,易实精密,20210213,
920221.BJ,易实精密,20210212,
920221.BJ,易实精密,20210211,
920221.BJ,易实精密,20210210,
920221.BJ,易实精密,20210209,
920221.BJ,易实精密,20210208,
920221.BJ,易实精密,20210207,
920221.BJ,易实精密,20210206,
920221.BJ,易实精密,20210205,
920221.BJ,易实精密,20210204,
920221.BJ,易实精密,20210203,
920221.BJ,易实精密,20210202,
920221.BJ,易实精密,20210201,
920221.BJ,易实精密,20210131,
920221.BJ,易实精密,20210130,
920221.BJ,易实精密,20210129,
920221.BJ,易实精密,20210128,
920221.BJ,易实精密,20210127,
920221.BJ,易实精密,20210126,
920221.BJ,易实精密,20210125,
920221.BJ,易实精密,20210124,
920221.BJ,易实精密,20210123,
920221.BJ,易实精密,20210122,
920221.BJ,易实精密,20210121,
920221.BJ,易实精密,20210120,
920221.BJ,易实精密,20210119,
920221.BJ,易实精密,20210118,
920221.BJ,易实精密,20210117,
920221.BJ,易实精密,20210116,
920221.BJ,易实精密,20210115,
920221.BJ,易实精密,20210114,
920221.BJ,易实精密,20210113,
920221.BJ,易实精密,20210112,
920221.BJ,易实精密,20210111,
920221.BJ,易实精密,20210110,
920221.BJ,易实精密,20210109,
920221.BJ,易实精密,20210108,
920221.BJ,易实精密,20210107,
920221.BJ,易实精密,20210106,
920221.BJ,易实精密,20210105,
920221.BJ,易实精密,20210104,
920221.BJ,易实精密,20210103,
920221.BJ,易实精密,20210102,
920221.BJ,易实精密,20210101,
920221.BJ,易实精密,20201231,
920221.BJ,易实精密,20201230,
920221.BJ,易实精密,20201229,
920221.BJ,易实精密,20201228,
920221.BJ,易实精密,20201227,
920221.BJ,易实精密,20201226,
920221.BJ,易实精密,20201225,
920221.BJ,易实精密,20201224,
920221.BJ,易实精密,20201223,
920221.BJ,易实精密,20201222,
920221.BJ,易实精密,20201221,
920221.BJ,易实精密,20201220,
920221.BJ,易实精密,20201219,
920221.BJ,易实精密,20201218,
920221.BJ,易实精密,20201217,
920221.BJ,易实精密,20201216,
920221.BJ,易实精密,20201215,
920221.BJ,易实精密,20201214,
920221.BJ,易实精密,20201213,
920221.BJ,易实精密,20201212,
920221.BJ,易实精密,20201211,
920221.BJ,易实精密,20201210,
920221.BJ,易实精密,20201209,
920221.BJ,易实精密,20201208,
920221.BJ,易实精密,20201207,
920221.BJ,易实精密,20201206,
920221.BJ,易实精密,20201205,
920221.BJ,易实精密,20201204,
920221.BJ,易实精密,20201203,
920221.BJ,易实精密,20201202,
920221.BJ,易实精密,20201201,
920221.BJ,易实精密,20201130,
920221.BJ,易实精密,20201129,
920221.BJ,易实精密,20201128,
920221.BJ,易实精密,20201127,
920221.BJ,易实精密,20201126,
920221.BJ,易实精密,20201125,
920221.BJ,易实精密,20201124,
920221.BJ,易实精密,20201123,
920221.BJ,易实精密,20201122,
920221.BJ,易实精密,20201121,
920221.BJ,易实精密,20201120,
920221.BJ,易实精密,20201119,
920221.BJ,易实精密,20201118,
920221.BJ,易实精密,20201117,
920221.BJ,易实精密,20201116,
920221.BJ,易实精密,20201115,
920221.BJ,易实精密,20201114,
920221.BJ,易实精密,20201113,
920221.BJ,易实精密,20201112,
920221.BJ,易实精密,20201111,
920221.BJ,易实精密,20201110,
920221.BJ,易实精密,20201109,
920221.BJ,易实精密,20201108,
920221.BJ,易实精密,20201107,
920221.BJ,易实精密,20201106,
920221.BJ,易实精密,20201105,
920221.BJ,易实精密,20201104,
920221.BJ,易实精密,20201103,
920221.BJ,易实精密,20201102,
920221.BJ,易实精密,20201101,
920221.BJ,易实精密,20201031,
920221.BJ,易实精密,20201030,
920221.BJ,易实精密,20201029,
920221.BJ,易实精密,20201028,
920221.BJ,易实精密,20201027,
920221.BJ,易实精密,20201026,
920221.BJ,易实精密,20201025,
920221.BJ,易实精密,20201024,
920221.BJ,易实精密,20201023,
920221.BJ,易实精密,20201022,
920221.BJ,易实精密,20201021,
920221.BJ,易实精密,20201020,
920221.BJ,易实精密,20201019,
920221.BJ,易实精密,20201018,
920221.BJ,易实精密,20201017,
920221.BJ,易实精密,20201016,
920221.BJ,易实精密,20201015,
920221.BJ,易实精密,20201014,
920221.BJ,易实精密,20201013,
920221.BJ,易实精密,20201012,
920221.BJ,易实精密,20201011,
920221.BJ,易实精密,20201010,
920221.BJ,易实精密,20201009,
920221.BJ,易实精密,20201008,
920221.BJ,易实精密,20201007,
920221.BJ,易实精密,20201006,
920221.BJ,易实精密,20201005,
920221.BJ,易实精密,20201004,
920221.BJ,易实精密,20201003,
920221.BJ,易实精密,20201002,
920221.BJ,易实精密,20201001,
920221.BJ,易实精密,20200930,
920221.BJ,易实精密,20200929,
920221.BJ,易实精密,20200928,
920221.BJ,易实精密,20200927,
920221.BJ,易实精密,20200926,
920221.BJ,易实精密,20200925,
920221.BJ,易实精密,20200924,
920221.BJ,易实精密,20200923,
920221.BJ,易实精密,20200922,
920221.BJ,易实精密,20200921,
920221.BJ,易实精密,20200920,
920221.BJ,易实精密,20200919,
920221.BJ,易实精密,20200918,
920221.BJ,易实精密,20200917,
920221.BJ,易实精密,20200916,
920221.BJ,易实精密,20200915,
920221.BJ,易实精密,20200914,
920221.BJ,易实精密,20200913,
920221.BJ,易实精密,20200912,
920221.BJ,易实精密,20200911,
920221.BJ,易实精密,20200910,
920221.BJ,易实精密,20200909,
920221.BJ,易实精密,20200908,
920221.BJ,易实精密,20200907,
920221.BJ,易实精密,20200906,
920221.BJ,易实精密,20200905,
920221.BJ,易实精密,20200904,
920221.BJ,易实精密,20200903,
920221.BJ,易实精密,20200902,
920221.BJ,易实精密,20200901,
920221.BJ,易实精密,20200831,
920221.BJ,易实精密,20200830,
920221.BJ,易实精密,20200829,
920221.BJ,易实精密,20200828,
920221.BJ,易实精密,20200827,
920221.BJ,易实精密,20200826,
920221.BJ,易实精密,20200825,
920221.BJ,易实精密,20200824,
920221.BJ,易实精密,20200823,
920221.BJ,易实精密,20200822,
920221.BJ,易实精密,20200821,
920221.BJ,易实精密,20200820,
920221.BJ,易实精密,20200819,
920221.BJ,易实精密,20200818,
920221.BJ,易实精密,20200817,
920221.BJ,易实精密,20200816,
920221.BJ,易实精密,20200815,
920221.BJ,易实精密,20200814,
920221.BJ,易实精密,20200813,
920221.BJ,易实精密,20200812,
920221.BJ,易实精密,20200811,
920221.BJ,易实精密,20200810,
920221.BJ,易实精密,20200809,
920221.BJ,易实精密,20200808,
920221.BJ,易实精密,20200807,
920221.BJ,易实精密,20200806,
920221.BJ,易实精密,20200805,
920221.BJ,易实精密,20200804,
920221.BJ,易实精密,20200803,
920221.BJ,易实精密,20200802,
920221.BJ,易实精密,20200801,
920221.BJ,易实精密,20200731,
920221.BJ,易实精密,20200730,
920221.BJ,易实精密,20200729,
920221.BJ,易实精密,20200728,
920221.BJ,易实精密,20200727,
920221.BJ,易实精密,20200726,
920221.BJ,易实精密,20200725,
920221.BJ,易实精密,20200724,
920221.BJ,易实精密,20200723,
920221.BJ,易实精密,20200722,
920221.BJ,易实精密,20200721,
920221.BJ,易实精密,20200720,
920221.BJ,易实精密,20200719,
920221.BJ,易实精密,20200718,
920221.BJ,易实精密,20200717,
920221.BJ,易实精密,20200716,
920221.BJ,易实精密,20200715,
920221.BJ,易实精密,20200714,
920221.BJ,易实精密,20200713,
920221.BJ,易实精密,20200712,
920221.BJ,易实精密,20200711,
920221.BJ,易实精密,20200710,
920221.BJ,易实精密,20200709,
920221.BJ,易实精密,20200708,
920221.BJ,易实精密,20200707,
920221.BJ,易实精密,20200706,
920221.BJ,易实精密,20200705,
920221.BJ,易实精密,20200704,
920221.BJ,易实精密,20200703,
920221.BJ,易实精密,20200702,
920221.BJ,易实精密,20200701,
920221.BJ,易实精密,20200630,
920221.BJ,易实精密,20200629,
920221.BJ,易实精密,20200628,
920221.BJ,易实精密,20200627,
920221.BJ,易实精密,20200626,
920221.BJ,易实精密,20200625,
920221.BJ,易实精密,20200624,
920221.BJ,易实精密,20200623,
920221.BJ,易实精密,20200622,
920221.BJ,易实精密,20200621,
920221.BJ,易实精密,20200620,
920221.BJ,易实精密,20200619,
920221.BJ,易实精密,20200618,
920221.BJ,易实精密,20200617,
920221.BJ,易实精密,20200616,
920221.BJ,易实精密,20200615,
920221.BJ,易实精密,20200614,
920221.BJ,易实精密,20200613,
920221.BJ,易实精密,20200612,
920221.BJ,易实精密,20200611,
920221.BJ,易实精密,20200610,
920221.BJ,易实精密,20200609,
920221.BJ,易实精密,20200608,
920221.BJ,易实精密,20200607,
920221.BJ,易实精密,20200606,
920221.BJ,易实精密,20200605,
920221.BJ,易实精密,20200604,
920221.BJ,易实精密,20200603,
920221.BJ,易实精密,20200602,
920221.BJ,易实精密,20200601,
920221.BJ,易实精密,20200531,
920221.BJ,易实精密,20200530,
920221.BJ,易实精密,20200529,
920221.BJ,易实精密,20200528,
920221.BJ,易实精密,20200527,
920221.BJ,易实精密,20200526,
920221.BJ,易实精密,20200525,
920221.BJ,易实精密,20200524,
920221.BJ,易实精密,20200523,
920221.BJ,易实精密,20200522,
920221.BJ,易实精密,20200521,
920221.BJ,易实精密,20200520,
920221.BJ,易实精密,20200519,
920221.BJ,易实精密,20200518,
920221.BJ,易实精密,20200517,
920221.BJ,易实精密,20200516,
920221.BJ,易实精密,20200515,
920221.BJ,易实精密,20200514,
920221.BJ,易实精密,20200513,
920221.BJ,易实精密,20200512,
920221.BJ,易实精密,20200511,
920221.BJ,易实精密,20200510,
920221.BJ,易实精密,20200509,
920221.BJ,易实精密,20200508,
920221.BJ,易实精密,20200507,
920221.BJ,易实精密,20200506,
920221.BJ,易实精密,20200505,
920221.BJ,易实精密,20200504,
920221.BJ,易实精密,20200503,
920221.BJ,易实精密,20200502,
920221.BJ,易实精密,20200501,
920221.BJ,易实精密,20200430,
920221.BJ,易实精密,20200429,
920221.BJ,易实精密,20200428,
920221.BJ,易实精密,20200427,
920221.BJ,易实精密,20200426,
920221.BJ,易实精密,20200425,
920221.BJ,易实精密,20200424,
920221.BJ,易实精密,20200423,
920221.BJ,易实精密,20200422,
920221.BJ,易实精密,20200421,
920221.BJ,易实精密,20200420,
920221.BJ,易实精密,20200419,
920221.BJ,易实精密,20200418,
920221.BJ,易实精密,20200417,
920221.BJ,易实精密,20200416,
920221.BJ,易实精密,20200415,
920221.BJ,易实精密,20200414,
920221.BJ,易实精密,20200413,
920221.BJ,易实精密,20200412,
920221.BJ,易实精密,20200411,
920221.BJ,易实精密,20200410,
920221.BJ,易实精密,20200409,
920221.BJ,易实精密,20200408,
920221.BJ,易实精密,20200407,
920221.BJ,易实精密,20200406,
920221.BJ,易实精密,20200405,
920221.BJ,易实精密,20200404,
920221.BJ,易实精密,20200403,
920221.BJ,易实精密,20200402,
920221.BJ,易实精密,20200401,
920221.BJ,易实精密,20200331,
920221.BJ,易实精密,20200330,
920221.BJ,易实精密,20200329,
920221.BJ,易实精密,20200328,
920221.BJ,易实精密,20200327,
920221.BJ,易实精密,20200326,
920221.BJ,易实精密,20200325,
920221.BJ,易实精密,20200324,
920221.BJ,易实精密,20200323,
920221.BJ,易实精密,20200322,
920221.BJ,易实精密,20200321,
920221.BJ,易实精密,20200320,
920221.BJ,易实精密,20200319,
920221.BJ,易实精密,20200318,
920221.BJ,易实精密,20200317,
920221.BJ,易实精密,20200316,
920221.BJ,易实精密,20200315,
920221.BJ,易实精密,20200314,
920221.BJ,易实精密,20200313,
920221.BJ,易实精密,20200312,
920221.BJ,易实精密,20200311,
920221.BJ,易实精密,20200310,
920221.BJ,易实精密,20200309,
920221.BJ,易实精密,20200308,
920221.BJ,易实精密,20200307,
920221.BJ,易实精密,20200306,
920221.BJ,易实精密,20200305,
920221.BJ,易实精密,20200304,
920221.BJ,易实精密,20200303,
920221.BJ,易实精密,20200302,
920221.BJ,易实精密,20200301,
920221.BJ,易实精密,20200229,
920221.BJ,易实精密,20200228,
920221.BJ,易实精密,20200227,
920221.BJ,易实精密,20200226,
920221.BJ,易实精密,20200225,
920221.BJ,易实精密,20200224,
920221.BJ,易实精密,20200223,
920221.BJ,易实精密,20200222,
920221.BJ,易实精密,20200221,
920221.BJ,易实精密,20200220,
920221.BJ,易实精密,20200219,
920221.BJ,易实精密,20200218,
920221.BJ,易实精密,20200217,
920221.BJ,易实精密,20200216,
920221.BJ,易实精密,20200215,
920221.BJ,易实精密,20200214,
920221.BJ,易实精密,20200213,
920221.BJ,易实精密,20200212,
920221.BJ,易实精密,20200211,
920221.BJ,易实精密,20200210,
920221.BJ,易实精密,20200209,
920221.BJ,易实精密,20200208,
920221.BJ,易实精密,20200207,
920221.BJ,易实精密,20200206,
920221.BJ,易实精密,20200205,
920221.BJ,易实精密,20200204,
920221.BJ,易实精密,20200203,
920221.BJ,易实精密,20200202,
920221.BJ,易实精密,20200201,
920221.BJ,易实精密,20200131,
920221.BJ,易实精密,20200130,
920221.BJ,易实精密,20200129,
920221.BJ,易实精密,20200128,
920221.BJ,易实精密,20200127,
920221.BJ,易实精密,20200126,
920221.BJ,易实精密,20200125,
920221.BJ,易实精密,20200124,
920221.BJ,易实精密,20200123,
920221.BJ,易实精密,20200122,
920221.BJ,易实精密,20200121,
920221.BJ,易实精密,20200120,
920221.BJ,易实精密,20200119,
920221.BJ,易实精密,20200118,
920221.BJ,易实精密,20200117,
920221.BJ,易实精密,20200116,
920221.BJ,易实精密,20200115,
920221.BJ,易实精密,20200114,
920221.BJ,易实精密,20200113,
920221.BJ,易实精密,20200112,
920221.BJ,易实精密,20200111,
920221.BJ,易实精密,20200110,
920221.BJ,易实精密,20200109,
920221.BJ,易实精密,20200108,
920221.BJ,易实精密,20200107,
920221.BJ,易实精密,20200106,
920221.BJ,易实精密,20200105,
920221.BJ,易实精密,20200104,
920221.BJ,易实精密,20200103,
920221.BJ,易实精密,20200102,
920221.BJ,易实精密,20200101,
920221.BJ,易实精密,20191231,
920221.BJ,易实精密,20191230,
920221.BJ,易实精密,20191229,
920221.BJ,易实精密,20191228,
920221.BJ,易实精密,20191227,
920221.BJ,易实精密,20191226,
920221.BJ,易实精密,20191225,
920221.BJ,易实精密,20191224,
920221.BJ,易实精密,20191223,
920221.BJ,易实精密,20191222,
920221.BJ,易实精密,20191221,
920221.BJ,易实精密,20191220,
920221.BJ,易实精密,20191219,
920221.BJ,易实精密,20191218,
920221.BJ,易实精密,20191217,
920221.BJ,易实精密,20191216,
920221.BJ,易实精密,20191215,
920221.BJ,易实精密,20191214,
920221.BJ,易实精密,20191213,
920221.BJ,易实精密,20191212,
920221.BJ,易实精密,20191211,
920221.BJ,易实精密,20191210,
920221.BJ,易实精密,20191209,
920221.BJ,易实精密,20191208,
920221.BJ,易实精密,20191207,
920221.BJ,易实精密,20191206,
920221.BJ,易实精密,20191205,
920221.BJ,易实精密,20191204,
920221.BJ,易实精密,20191203,
920221.BJ,易实精密,20191202,
920221.BJ,易实精密,20191201,
920221.BJ,易实精密,20191130,
920221.BJ,易实精密,20191129,
920221.BJ,易实精密,20191128,
920221.BJ,易实精密,20191127,
920221.BJ,易实精密,20191126,
920221.BJ,易实精密,20191125,
920221.BJ,易实精密,20191124,
920221.BJ,易实精密,20191123,
920221.BJ,易实精密,20191122,
920221.BJ,易实精密,20191121,
920221.BJ,易实精密,20191120,
920221.BJ,易实精密,20191119,
920221.BJ,易实精密,20191118,
920221.BJ,易实精密,20191117,
920221.BJ,易实精密,20191116,
920221.BJ,易实精密,20191115,
920221.BJ,易实精密,20191114,
920221.BJ,易实精密,20191113,
920221.BJ,易实精密,20191112,
920221.BJ,易实精密,20191111,
920221.BJ,易实精密,20191110,
920221.BJ,易实精密,20191109,
920221.BJ,易实精密,20191108,
920221.BJ,易实精密,20191107,
920221.BJ,易实精密,20191106,
920221.BJ,易实精密,20191105,
920221.BJ,易实精密,20191104,
920221.BJ,易实精密,20191103,
920221.BJ,易实精密,20191102,
920221.BJ,易实精密,20191101,
920221.BJ,易实精密,20191031,
920221.BJ,易实精密,20191030,
920221.BJ,易实精密,20191029,
920221.BJ,易实精密,20191028,
920221.BJ,易实精密,20191027,
920221.BJ,易实精密,20191026,
920221.BJ,易实精密,20191025,
920221.BJ,易实精密,20191024,
920221.BJ,易实精密,20191023,
920221.BJ,易实精密,20191022,
920221.BJ,易实精密,20191021,
920221.BJ,易实精密,20191020,
920221.BJ,易实精密,20191019,
920221.BJ,易实精密,20191018,
920221.BJ,易实精密,20191017,
920221.BJ,易实精密,20191016,
920221.BJ,易实精密,20191015,
920221.BJ,易实精密,20191014,
920221.BJ,易实精密,20191013,
920221.BJ,易实精密,20191012,
920221.BJ,易实精密,20191011,
920221.BJ,易实精密,20191010,
920221.BJ,易实精密,20191009,
920221.BJ,易实精密,20191008,
920221.BJ,易实精密,20191007,
920221.BJ,易实精密,20191006,
920221.BJ,易实精密,20191005,
920221.BJ,易实精密,20191004,
920221.BJ,易实精密,20191003,
920221.BJ,易实精密,20191002,
920221.BJ,易实精密,20191001,
920221.BJ,易实精密,20190930,
920221.BJ,易实精密,20190929,
920221.BJ,易实精密,20190928,
920221.BJ,易实精密,20190927,
920221.BJ,易实精密,20190926,
920221.BJ,易实精密,20190925,
920221.BJ,易实精密,20190924,
920221.BJ,易实精密,20190923,
920221.BJ,易实精密,20190922,
920221.BJ,易实精密,20190921,
920221.BJ,易实精密,20190920,
920221.BJ,易实精密,20190919,
920221.BJ,易实精密,20190918,
920221.BJ,易实精密,20190917,
920221.BJ,易实精密,20190916,
920221.BJ,易实精密,20190915,
920221.BJ,易实精密,20190914,
920221.BJ,易实精密,20190913,
920221.BJ,易实精密,20190912,
920221.BJ,易实精密,20190911,
920221.BJ,易实精密,20190910,
920221.BJ,易实精密,20190909,
920221.BJ,易实精密,20190908,
920221.BJ,易实精密,20190907,
920221.BJ,易实精密,20190906,
920221.BJ,易实精密,20190905,
920221.BJ,易实精密,20190904,
920221.BJ,易实精密,20190903,
920221.BJ,易实精密,20190902,
920221.BJ,易实精密,20190901,
920221.BJ,易实精密,20190831,
920221.BJ,易实精密,20190830,
920221.BJ,易实精密,20190829,
920221.BJ,易实精密,20190828,
920221.BJ,易实精密,20190827,
920221.BJ,易实精密,20190826,
920221.BJ,易实精密,20190825,
920221.BJ,易实精密,20190824,
920221.BJ,易实精密,20190823,
920221.BJ,易实精密,20190822,
920221.BJ,易实精密,20190821,
920221.BJ,易实精密,20190820,
920221.BJ,易实精密,20190819,
920221.BJ,易实精密,20190818,
920221.BJ,易实精密,20190817,
920221.BJ,易实精密,20190816,
920221.BJ,易实精密,20190815,
920221.BJ,易实精密,20190814,
920221.BJ,易实精密,20190813,
920221.BJ,易实精密,20190812,
920221.BJ,易实精密,20190811,
920221.BJ,易实精密,20190810,
920221.BJ,易实精密,20190809,
920221.BJ,易实精密,20190808,
920221.BJ,易实精密,20190807,
920221.BJ,易实精密,20190806,
920221.BJ,易实精密,20190805,
920221.BJ,易实精密,20190804,
920221.BJ,易实精密,20190803,
920221.BJ,易实精密,20190802,
920221.BJ,易实精密,20190801,
920221.BJ,易实精密,20190731,
920221.BJ,易实精密,20190730,
920221.BJ,易实精密,20190729,
920221.BJ,易实精密,20190728,
920221.BJ,易实精密,20190727,
920221.BJ,易实精密,20190726,
920221.BJ,易实精密,20190725,
920221.BJ,易实精密,20190724,
920221.BJ,易实精密,20190723,
920221.BJ,易实精密,20190722,
920221.BJ,易实精密,20190721,
920221.BJ,易实精密,20190720,
920221.BJ,易实精密,20190719,
920221.BJ,易实精密,20190718,
920221.BJ,易实精密,20190717,
920221.BJ,易实精密,20190716,
920221.BJ,易实精密,20190715,
920221.BJ,易实精密,20190714,
920221.BJ,易实精密,20190713,
920221.BJ,易实精密,20190712,
920221.BJ,易实精密,20190711,
920221.BJ,易实精密,20190710,
920221.BJ,易实精密,20190709,
920221.BJ,易实精密,20190708,
920221.BJ,易实精密,20190707,
920221.BJ,易实精密,20190706,
920221.BJ,易实精密,20190705,
920221.BJ,易实精密,20190704,
920221.BJ,易实精密,20190703,
920221.BJ,易实精密,20190702,
920221.BJ,易实精密,20190701,
920221.BJ,易实精密,20190630,
920221.BJ,易实精密,20190629,
920221.BJ,易实精密,20190628,
920221.BJ,易实精密,20190627,
920221.BJ,易实精密,20190626,
920221.BJ,易实精密,20190625,
920221.BJ,易实精密,20190624,
920221.BJ,易实精密,20190623,
920221.BJ,易实精密,20190622,
920221.BJ,易实精密,20190621,
920221.BJ,易实精密,20190620,
920221.BJ,易实精密,20190619,
920221.BJ,易实精密,20190618,
920221.BJ,易实精密,20190617,
920221.BJ,易实精密,20190616,
920221.BJ,易实精密,20190615,
920221.BJ,易实精密,20190614,
920221.BJ,易实精密,20190613,
920221.BJ,易实精密,20190612,
920221.BJ,易实精密,20190611,
920221.BJ,易实精密,20190610,
920221.BJ,易实精密,20190609,
920221.BJ,易实精密,20190608,
920221.BJ,易实精密,20190607,
920221.BJ,易实精密,20190606,
920221.BJ,易实精密,20190605,
920221.BJ,易实精密,20190604,
920221.BJ,易实精密,20190603,
920221.BJ,易实精密,20190602,
920221.BJ,易实精密,20190601,
920221.BJ,易实精密,20190531,
920221.BJ,易实精密,20190530,
920221.BJ,易实精密,20190529,
920221.BJ,易实精密,20190528,
920221.BJ,易实精密,20190527,
920221.BJ,易实精密,20190526,
920221.BJ,易实精密,20190525,
920221.BJ,易实精密,20190524,
920221.BJ,易实精密,20190523,
920221.BJ,易实精密,20190522,
920221.BJ,易实精密,20190521,
920221.BJ,易实精密,20190520,
920221.BJ,易实精密,20190519,
920221.BJ,易实精密,20190518,
920221.BJ,易实精密,20190517,
920221.BJ,易实精密,20190516,
920221.BJ,易实精密,20190515,
920221.BJ,易实精密,20190514,
920221.BJ,易实精密,20190513,
920221.BJ,易实精密,20190512,
920221.BJ,易实精密,20190511,
920221.BJ,易实精密,20190510,
920221.BJ,易实精密,20190509,
920221.BJ,易实精密,20190508,
920221.BJ,易实精密,20190507,
920221.BJ,易实精密,20190506,
920221.BJ,易实精密,20190505,
920221.BJ,易实精密,20190504,
920221.BJ,易实精密,20190503,
920221.BJ,易实精密,20190502,
920221.BJ,易实精密,20190501,
920221.BJ,易实精密,20190430,
920221.BJ,易实精密,20190429,
920221.BJ,易实精密,20190428,
920221.BJ,易实精密,20190427,
920221.BJ,易实精密,20190426,
920221.BJ,易实精密,20190425,
920221.BJ,易实精密,20190424,
920221.BJ,易实精密,20190423,
920221.BJ,易实精密,20190422,
920221.BJ,易实精密,20190421,
920221.BJ,易实精密,20190420,
920221.BJ,易实精密,20190419,
920221.BJ,易实精密,20190418,
920221.BJ,易实精密,20190417,
920221.BJ,易实精密,20190416,
920221.BJ,易实精密,20190415,
920221.BJ,易实精密,20190414,
920221.BJ,易实精密,20190413,
920221.BJ,易实精密,20190412,
920221.BJ,易实精密,20190411,
920221.BJ,易实精密,20190410,
920221.BJ,易实精密,20190409,
920221.BJ,易实精密,20190408,
920221.BJ,易实精密,20190407,
920221.BJ,易实精密,20190406,
920221.BJ,易实精密,20190405,
920221.BJ,易实精密,20190404,
920221.BJ,易实精密,20190403,
920221.BJ,易实精密,20190402,
920221.BJ,易实精密,20190401,
920221.BJ,易实精密,20190331,
920221.BJ,易实精密,20190330,
920221.BJ,易实精密,20190329,
920221.BJ,易实精密,20190328,
920221.BJ,易实精密,20190327,
920221.BJ,易实精密,20190326,
920221.BJ,易实精密,20190325,
920221.BJ,易实精密,20190324,
920221.BJ,易实精密,20190323,
920221.BJ,易实精密,20190322,
920221.BJ,易实精密,20190321,
920221.BJ,易实精密,20190320,
920221.BJ,易实精密,20190319,
920221.BJ,易实精密,20190318,
920221.BJ,易实精密,20190317,
920221.BJ,易实精密,20190316,
920221.BJ,易实精密,20190315,
920221.BJ,易实精密,20190314,
920221.BJ,易实精密,20190313,
920221.BJ,易实精密,20190312,
920221.BJ,易实精密,20190311,
920221.BJ,易实精密,20190310,
920221.BJ,易实精密,20190309,
920221.BJ,易实精密,20190308,
920221.BJ,易实精密,20190307,
920221.BJ,易实精密,20190306,
920221.BJ,易实精密,20190305,
920221.BJ,易实精密,20190304,
920221.BJ,易实精密,20190303,
920221.BJ,易实精密,20190302,
920221.BJ,易实精密,20190301,
920221.BJ,易实精密,20190228,
920221.BJ,易实精密,20190227,
920221.BJ,易实精密,20190226,
920221.BJ,易实精密,20190225,
920221.BJ,易实精密,20190224,
920221.BJ,易实精密,20190223,
920221.BJ,易实精密,20190222,
920221.BJ,易实精密,20190221,
920221.BJ,易实精密,20190220,
920221.BJ,易实精密,20190219,
920221.BJ,易实精密,20190218,
920221.BJ,易实精密,20190217,
920221.BJ,易实精密,20190216,
920221.BJ,易实精密,20190215,
920221.BJ,易实精密,20190214,
920221.BJ,易实精密,20190213,
920221.BJ,易实精密,20190212,
920221.BJ,易实精密,20190211,
920221.BJ,易实精密,20190210,
920221.BJ,易实精密,20190209,
920221.BJ,易实精密,20190208,
920221.BJ,易实精密,20190207,
920221.BJ,易实精密,20190206,
920221.BJ,易实精密,20190205,
920221.BJ,易实精密,20190204,
920221.BJ,易实精密,20190203,
920221.BJ,易实精密,20190202,
920221.BJ,易实精密,20190201,
920221.BJ,易实精密,20190131,
920221.BJ,易实精密,20190130,
920221.BJ,易实精密,20190129,
920221.BJ,易实精密,20190128,
920221.BJ,易实精密,20190127,
920221.BJ,易实精密,20190126,
920221.BJ,易实精密,20190125,
920221.BJ,易实精密,20190124,
920221.BJ,易实精密,20190123,
920221.BJ,易实精密,20190122,
920221.BJ,易实精密,20190121,
920221.BJ,易实精密,20190120,
920221.BJ,易实精密,20190119,
920221.BJ,易实精密,20190118,
920221.BJ,易实精密,20190117,
920221.BJ,易实精密,20190116,
920221.BJ,易实精密,20190115,
920221.BJ,易实精密,20190114,
920221.BJ,易实精密,20190113,
920221.BJ,易实精密,20190112,
920221.BJ,易实精密,20190111,
920221.BJ,易实精密,20190110,
920221.BJ,易实精密,20190109,
920221.BJ,易实精密,20190108,
920221.BJ,易实精密,20190107,
920221.BJ,易实精密,20190106,
920221.BJ,易实精密,20190105,
920221.BJ,易实精密,20190104,
920221.BJ,易实精密,20190103,
920221.BJ,易实精密,20190102,
920221.BJ,易实精密,20190101,
920221.BJ,易实精密,20181231,
920221.BJ,易实精密,20181230,
920221.BJ,易实精密,20181229,
920221.BJ,易实精密,20181228,
920221.BJ,易实精密,20181227,
920221.BJ,易实精密,20181226,
920221.BJ,易实精密,20181225,
920221.BJ,易实精密,20181224,
920221.BJ,易实精密,20181223,
920221.BJ,易实精密,20181222,
920221.BJ,易实精密,20181221,
920221.BJ,易实精密,20181220,
920221.BJ,易实精密,20181219,
920221.BJ,易实精密,20181218,
920221.BJ,易实精密,20181217,
920221.BJ,易实精密,20181216,
920221.BJ,易实精密,20181215,
920221.BJ,易实精密,20181214,
920221.BJ,易实精密,20181213,
920221.BJ,易实精密,20181212,
920221.BJ,易实精密,20181211,
920221.BJ,易实精密,20181210,
920221.BJ,易实精密,20181209,
920221.BJ,易实精密,20181208,
920221.BJ,易实精密,20181207,
920221.BJ,易实精密,20181206,
920221.BJ,易实精密,20181205,
920221.BJ,易实精密,20181204,
920221.BJ,易实精密,20181203,
920221.BJ,易实精密,20181202,
920221.BJ,易实精密,20181201,
920221.BJ,易实精密,20181130,
920221.BJ,易实精密,20181129,
920221.BJ,易实精密,20181128,
920221.BJ,易实精密,20181127,
920221.BJ,易实精密,20181126,
920221.BJ,易实精密,20181125,
920221.BJ,易实精密,20181124,
920221.BJ,易实精密,20181123,
920221.BJ,易实精密,20181122,
920221.BJ,易实精密,20181121,
920221.BJ,易实精密,20181120,
920221.BJ,易实精密,20181119,
920221.BJ,易实精密,20181118,
920221.BJ,易实精密,20181117,
920221.BJ,易实精密,20181116,
920221.BJ,易实精密,20181115,
920221.BJ,易实精密,20181114,
920221.BJ,易实精密,20181113,
920221.BJ,易实精密,20181112,
920221.BJ,易实精密,20181111,
920221.BJ,易实精密,20181110,
920221.BJ,易实精密,20181109,
920221.BJ,易实精密,20181108,
920221.BJ,易实精密,20181107,
920221.BJ,易实精密,20181106,
920221.BJ,易实精密,20181105,
920221.BJ,易实精密,20181104,
920221.BJ,易实精密,20181103,
920221.BJ,易实精密,20181102,
920221.BJ,易实精密,20181101,
920221.BJ,易实精密,20181031,
920221.BJ,易实精密,20181030,
920221.BJ,易实精密,20181029,
920221.BJ,易实精密,20181028,
920221.BJ,易实精密,20181027,
920221.BJ,易实精密,20181026,
920221.BJ,易实精密,20181025,
920221.BJ,易实精密,20181024,
920221.BJ,易实精密,20181023,
920221.BJ,易实精密,20181022,
920221.BJ,易实精密,20181021,
920221.BJ,易实精密,20181020,
920221.BJ,易实精密,20181019,
920221.BJ,易实精密,20181018,
920221.BJ,易实精密,20181017,
920221.BJ,易实精密,20181016,
920221.BJ,易实精密,20181015,
920221.BJ,易实精密,20181014,
920221.BJ,易实精密,20181013,
920221.BJ,易实精密,20181012,
920221.BJ,易实精密,20181011,
920221.BJ,易实精密,20181010,
920221.BJ,易实精密,20181009,
920221.BJ,易实精密,20181008,
920221.BJ,易实精密,20181007,
920221.BJ,易实精密,20181006,
920221.BJ,易实精密,20181005,
920221.BJ,易实精密,20181004,
920221.BJ,易实精密,20181003,
920221.BJ,易实精密,20181002,
920221.BJ,易实精密,20181001,
920221.BJ,易实精密,20180930,
920221.BJ,易实精密,20180929,
920221.BJ,易实精密,20180928,
920221.BJ,易实精密,20180927,
920221.BJ,易实精密,20180926,
920221.BJ,易实精密,20180925,
920221.BJ,易实精密,20180924,
920221.BJ,易实精密,20180923,
920221.BJ,易实精密,20180922,
920221.BJ,易实精密,20180921,
920221.BJ,易实精密,20180920,
920221.BJ,易实精密,20180919,
920221.BJ,易实精密,20180918,
920221.BJ,易实精密,20180917,
920221.BJ,易实精密,20180916,
920221.BJ,易实精密,20180915,
920221.BJ,易实精密,20180914,
920221.BJ,易实精密,20180913,
920221.BJ,易实精密,20180912,
920221.BJ,易实精密,20180911,
920221.BJ,易实精密,20180910,
920221.BJ,易实精密,20180909,
920221.BJ,易实精密,20180908,
920221.BJ,易实精密,20180907,
920221.BJ,易实精密,20180906,
920221.BJ,易实精密,20180905,
920221.BJ,易实精密,20180904,
920221.BJ,易实精密,20180903,
920221.BJ,易实精密,20180902,
920221.BJ,易实精密,20180901,
920221.BJ,易实精密,20180831,
920221.BJ,易实精密,20180830,
920221.BJ,易实精密,20180829,
920221.BJ,易实精密,20180828,
920221.BJ,易实精密,20180827,
920221.BJ,易实精密,20180826,
920221.BJ,易实精密,20180825,
920221.BJ,易实精密,20180824,
920221.BJ,易实精密,20180823,
920221.BJ,易实精密,20180822,
920221.BJ,易实精密,20180821,
920221.BJ,易实精密,20180820,
920221.BJ,易实精密,20180819,
920221.BJ,易实精密,20180818,
920221.BJ,易实精密,20180817,
920221.BJ,易实精密,20180816,
920221.BJ,易实精密,20180815,
920221.BJ,易实精密,20180814,
920221.BJ,易实精密,20180813,
920221.BJ,易实精密,20180812,
920221.BJ,易实精密,20180811,
920221.BJ,易实精密,20180810,
920221.BJ,易实精密,20180809,
920221.BJ,易实精密,20180808,
920221.BJ,易实精密,20180807,
920221.BJ,易实精密,20180806,
920221.BJ,易实精密,20180805,
920221.BJ,易实精密,20180804,
920221.BJ,易实精密,20180803,
920221.BJ,易实精密,20180802,
920221.BJ,易实精密,20180801,
920221.BJ,易实精密,20180731,
920221.BJ,易实精密,20180730,
920221.BJ,易实精密,20180729,
920221.BJ,易实精密,20180728,
920221.BJ,易实精密,20180727,
920221.BJ,易实精密,20180726,
920221.BJ,易实精密,20180725,
920221.BJ,易实精密,20180724,
920221.BJ,易实精密,20180723,
920221.BJ,易实精密,20180722,
920221.BJ,易实精密,20180721,
920221.BJ,易实精密,20180720,
920221.BJ,易实精密,20180719,
920221.BJ,易实精密,20180718,
920221.BJ,易实精密,20180717,
920221.BJ,易实精密,20180716,
920221.BJ,易实精密,20180715,
920221.BJ,易实精密,20180714,
920221.BJ,易实精密,20180713,
920221.BJ,易实精密,20180712,
920221.BJ,易实精密,20180711,
920221.BJ,易实精密,20180710,
920221.BJ,易实精密,20180709,
920221.BJ,易实精密,20180708,
920221.BJ,易实精密,20180707,
920221.BJ,易实精密,20180706,
920221.BJ,易实精密,20180705,
920221.BJ,易实精密,20180704,
920221.BJ,易实精密,20180703,
920221.BJ,易实精密,20180702,
920221.BJ,易实精密,20180701,
920221.BJ,易实精密,20180630,
920221.BJ,易实精密,20180629,
920221.BJ,易实精密,20180628,
920221.BJ,易实精密,20180627,
920221.BJ,易实精密,20180626,
920221.BJ,易实精密,20180625,
920221.BJ,易实精密,20180624,
920221.BJ,易实精密,20180623,
920221.BJ,易实精密,20180622,
920221.BJ,易实精密,20180621,
920221.BJ,易实精密,20180620,
920221.BJ,易实精密,20180619,
920221.BJ,易实精密,20180618,
920221.BJ,易实精密,20180617,
920221.BJ,易实精密,20180616,
920221.BJ,易实精密,20180615,
920221.BJ,易实精密,20180614,
920221.BJ,易实精密,20180613,
920221.BJ,易实精密,20180612,
920221.BJ,易实精密,20180611,
920221.BJ,易实精密,20180610,
920221.BJ,易实精密,20180609,
920221.BJ,易实精密,20180608,
920221.BJ,易实精密,20180607,
920221.BJ,易实精密,20180606,
920221.BJ,易实精密,20180605,
920221.BJ,易实精密,20180604,
920221.BJ,易实精密,20180603,
920221.BJ,易实精密,20180602,
920221.BJ,易实精密,20180601,
920221.BJ,易实精密,20180531,
920221.BJ,易实精密,20180530,
920221.BJ,易实精密,20180529,
920221.BJ,易实精密,20180528,
920221.BJ,易实精密,20180527,
920221.BJ,易实精密,20180526,
920221.BJ,易实精密,20180525,
920221.BJ,易实精密,20180524,
920221.BJ,易实精密,20180523,
920221.BJ,易实精密,20180522,
920221.BJ,易实精密,20180521,
920221.BJ,易实精密,20180520,
920221.BJ,易实精密,20180519,
920221.BJ,易实精密,20180518,
920221.BJ,易实精密,20180517,
920221.BJ,易实精密,20180516,
920221.BJ,易实精密,20180515,
920221.BJ,易实精密,20180514,
920221.BJ,易实精密,20180513,
920221.BJ,易实精密,20180512,
920221.BJ,易实精密,20180511,
920221.BJ,易实精密,20180510,
920221.BJ,易实精密,20180509,
920221.BJ,易实精密,20180508,
920221.BJ,易实精密,20180507,
920221.BJ,易实精密,20180506,
920221.BJ,易实精密,20180505,
920221.BJ,易实精密,20180504,
920221.BJ,易实精密,20180503,
920221.BJ,易实精密,20180502,
920221.BJ,易实精密,20180501,
920221.BJ,易实精密,20180430,
920221.BJ,易实精密,20180429,
920221.BJ,易实精密,20180428,
920221.BJ,易实精密,20180427,
920221.BJ,易实精密,20180426,
920221.BJ,易实精密,20180425,
920221.BJ,易实精密,20180424,
920221.BJ,易实精密,20180423,
920221.BJ,易实精密,20180422,
920221.BJ,易实精密,20180421,
920221.BJ,易实精密,20180420,
920221.BJ,易实精密,20180419,
920221.BJ,易实精密,20180418,
920221.BJ,易实精密,20180417,
920221.BJ,易实精密,20180416,
920221.BJ,易实精密,20180415,
920221.BJ,易实精密,20180414,
920221.BJ,易实精密,20180413,
920221.BJ,易实精密,20180412,
920221.BJ,易实精密,20180411,
920221.BJ,易实精密,20180410,
920221.BJ,易实精密,20180409,
920221.BJ,易实精密,20180408,
920221.BJ,易实精密,20180407,
920221.BJ,易实精密,20180406,
920221.BJ,易实精密,20180405,
920221.BJ,易实精密,20180404,
920221.BJ,易实精密,20180403,
920221.BJ,易实精密,20180402,
920221.BJ,易实精密,20180401,
920221.BJ,易实精密,20180331,
920221.BJ,易实精密,20180330,
920221.BJ,易实精密,20180329,
920221.BJ,易实精密,20180328,
920221.BJ,易实精密,20180327,
920221.BJ,易实精密,20180326,
920221.BJ,易实精密,20180325,
920221.BJ,易实精密,20180324,
920221.BJ,易实精密,20180323,
920221.BJ,易实精密,20180322,
920221.BJ,易实精密,20180321,
920221.BJ,易实精密,20180320,
920221.BJ,易实精密,20180319,
920221.BJ,易实精密,20180318,
920221.BJ,易实精密,20180317,
920221.BJ,易实精密,20180316,
920221.BJ,易实精密,20180315,
920221.BJ,易实精密,20180314,
920221.BJ,易实精密,20180313,
920221.BJ,易实精密,20180312,
920221.BJ,易实精密,20180311,
920221.BJ,易实精密,20180310,
920221.BJ,易实精密,20180309,
920221.BJ,易实精密,20180308,
920221.BJ,易实精密,20180307,
920221.BJ,易实精密,20180306,
920221.BJ,易实精密,20180305,
920221.BJ,易实精密,20180304,
920221.BJ,易实精密,20180303,
920221.BJ,易实精密,20180302,
920221.BJ,易实精密,20180301,
920221.BJ,易实精密,20180228,
920221.BJ,易实精密,20180227,
920221.BJ,易实精密,20180226,
920221.BJ,易实精密,20180225,
920221.BJ,易实精密,20180224,
920221.BJ,易实精密,20180223,
920221.BJ,易实精密,20180222,
920221.BJ,易实精密,20180221,
920221.BJ,易实精密,20180220,
920221.BJ,易实精密,20180219,
920221.BJ,易实精密,20180218,
920221.BJ,易实精密,20180217,
920221.BJ,易实精密,20180216,
920221.BJ,易实精密,20180215,
920221.BJ,易实精密,20180214,
920221.BJ,易实精密,20180213,
920221.BJ,易实精密,20180212,
920221.BJ,易实精密,20180211,
920221.BJ,易实精密,20180210,
920221.BJ,易实精密,20180209,
920221.BJ,易实精密,20180208,
920221.BJ,易实精密,20180207,
920221.BJ,易实精密,20180206,
920221.BJ,易实精密,20180205,
920221.BJ,易实精密,20180204,
920221.BJ,易实精密,20180203,
920221.BJ,易实精密,20180202,
920221.BJ,易实精密,20180201,
920221.BJ,易实精密,20180131,
920221.BJ,易实精密,20180130,
920221.BJ,易实精密,20180129,
920221.BJ,易实精密,20180128,
920221.BJ,易实精密,20180127,
920221.BJ,易实精密,20180126,
920221.BJ,易实精密,20180125,
920221.BJ,易实精密,20180124,
920221.BJ,易实精密,20180123,
920221.BJ,易实精密,20180122,
920221.BJ,易实精密,20180121,
920221.BJ,易实精密,20180120,
920221.BJ,易实精密,20180119,
920221.BJ,易实精密,20180118,
920221.BJ,易实精密,20180117,
920221.BJ,易实精密,20180116,
920221.BJ,易实精密,20180115,
920221.BJ,易实精密,20180114,
920221.BJ,易实精密,20180113,
920221.BJ,易实精密,20180112,
920221.BJ,易实精密,20180111,
920221.BJ,易实精密,20180110,
920221.BJ,易实精密,20180109,
920221.BJ,易实精密,20180108,
920221.BJ,易实精密,20180107,
920221.BJ,易实精密,20180106,
920221.BJ,易实精密,20180105,
920221.BJ,易实精密,20180104,
920221.BJ,易实精密,20180103,
920221.BJ,易实精密,20180102,
920221.BJ,易实精密,20180101,
920221.BJ,易实精密,20171231,
920221.BJ,易实精密,20171230,
920221.BJ,易实精密,20171229,
920221.BJ,易实精密,20171228,
920221.BJ,易实精密,20171227,
920221.BJ,易实精密,20171226,
920221.BJ,易实精密,20171225,
920221.BJ,易实精密,20171224,
920221.BJ,易实精密,20171223,
920221.BJ,易实精密,20171222,
920221.BJ,易实精密,20171221,
920221.BJ,易实精密,20171220,
920221.BJ,易实精密,20171219,
920221.BJ,易实精密,20171218,
920221.BJ,易实精密,20171217,
920221.BJ,易实精密,20171216,
920221.BJ,易实精密,20171215,
920221.BJ,易实精密,20171214,
920221.BJ,易实精密,20171213,
920221.BJ,易实精密,20171212,
920221.BJ,易实精密,20171211,
920221.BJ,易实精密,20171210,
920221.BJ,易实精密,20171209,
920221.BJ,易实精密,20171208,
920221.BJ,易实精密,20171207,
920221.BJ,易实精密,20171206,
920221.BJ,易实精密,20171205,
920221.BJ,易实精密,20171204,
920221.BJ,易实精密,20171203,
920221.BJ,易实精密,20171202,
920221.BJ,易实精密,20171201,
920221.BJ,易实精密,20171130,
920221.BJ,易实精密,20171129,
920221.BJ,易实精密,20171128,
920221.BJ,易实精密,20171127,
920221.BJ,易实精密,20171126,
920221.BJ,易实精密,20171125,
920221.BJ,易实精密,20171124,
920221.BJ,易实精密,20171123,
920221.BJ,易实精密,20171122,
920221.BJ,易实精密,20171121,
920221.BJ,易实精密,20171120,
920221.BJ,易实精密,20171119,
920221.BJ,易实精密,20171118,
920221.BJ,易实精密,20171117,
920221.BJ,易实精密,20171116,
920221.BJ,易实精密,20171115,
920221.BJ,易实精密,20171114,
920221.BJ,易实精密,20171113,
920221.BJ,易实精密,20171112,
920221.BJ,易实精密,20171111,
920221.BJ,易实精密,20171110,
920221.BJ,易实精密,20171109,
920221.BJ,易实精密,20171108,
920221.BJ,易实精密,20171107,
920221.BJ,易实精密,20171106,
920221.BJ,易实精密,20171105,
920221.BJ,易实精密,20171104,
920221.BJ,易实精密,20171103,
920221.BJ,易实精密,20171102,
920221.BJ,易实精密,20171101,
920221.BJ,易实精密,20171031,
920221.BJ,易实精密,20171030,
920221.BJ,易实精密,20171029,
920221.BJ,易实精密,20171028,
920221.BJ,易实精密,20171027,
920221.BJ,易实精密,20171026,
920221.BJ,易实精密,20171025,
920221.BJ,易实精密,20171024,
920221.BJ,易实精密,20171023,
920221.BJ,易实精密,20171022,
920221.BJ,易实精密,20171021,
920221.BJ,易实精密,20171020,
920221.BJ,易实精密,20171019,
920221.BJ,易实精密,20171018,
920221.BJ,易实精密,20171017,
920221.BJ,易实精密,20171016,
920221.BJ,易实精密,20171015,
920221.BJ,易实精密,20171014,
920221.BJ,易实精密,20171013,
920221.BJ,易实精密,20171012,
920221.BJ,易实精密,20171011,
920221.BJ,易实精密,20171010,
920221.BJ,易实精密,20171009,
920221.BJ,易实精密,20171008,
920221.BJ,易实精密,20171007,
920221.BJ,易实精密,20171006,
920221.BJ,易实精密,20171005,
920221.BJ,易实精密,20171004,
920221.BJ,易实精密,20171003,
920221.BJ,易实精密,20171002,
920221.BJ,易实精密,20171001,
920221.BJ,易实精密,20170930,
920221.BJ,易实精密,20170929,
920221.BJ,易实精密,20170928,
920221.BJ,易实精密,20170927,
920221.BJ,易实精密,20170926,
920221.BJ,易实精密,20170925,
920221.BJ,易实精密,20170924,
920221.BJ,易实精密,20170923,
920221.BJ,易实精密,20170922,
920221.BJ,易实精密,20170921,
920221.BJ,易实精密,20170920,
920221.BJ,易实精密,20170919,
920221.BJ,易实精密,20170918,
920221.BJ,易实精密,20170917,
920221.BJ,易实精密,20170916,
920221.BJ,易实精密,20170915,
920221.BJ,易实精密,20170914,
920221.BJ,易实精密,20170913,
920221.BJ,易实精密,20170912,
920221.BJ,易实精密,20170911,
920221.BJ,易实精密,20170910,
920221.BJ,易实精密,20170909,
920221.BJ,易实精密,20170908,
920221.BJ,易实精密,20170907,
920221.BJ,易实精密,20170906,
920221.BJ,易实精密,20170905,
920221.BJ,易实精密,20170904,
920221.BJ,易实精密,20170903,
920221.BJ,易实精密,20170902,
920221.BJ,易实精密,20170901,
920221.BJ,易实精密,20170831,
920221.BJ,易实精密,20170830,
920221.BJ,易实精密,20170829,
920221.BJ,易实精密,20170828,
920221.BJ,易实精密,20170827,
920221.BJ,易实精密,20170826,
920221.BJ,易实精密,20170825,
920221.BJ,易实精密,20170824,
920221.BJ,易实精密,20170823,
920221.BJ,易实精密,20170822,
920221.BJ,易实精密,20170821,
920221.BJ,易实精密,20170820,
920221.BJ,易实精密,20170819,
920221.BJ,易实精密,20170818,
920221.BJ,易实精密,20170817,
920221.BJ,易实精密,20170816,
920221.BJ,易实精密,20170815,
920221.BJ,易实精密,20170814,
920221.BJ,易实精密,20170813,
920221.BJ,易实精密,20170812,
920221.BJ,易实精密,20170811,
920221.BJ,易实精密,20170810,
920221.BJ,易实精密,20170809,
920221.BJ,易实精密,20170808,
920221.BJ,易实精密,20170807,
920221.BJ,易实精密,20170806,
920221.BJ,易实精密,20170805,
920221.BJ,易实精密,20170804,
920221.BJ,易实精密,20170803,
920221.BJ,易实精密,20170802,
920221.BJ,易实精密,20170801,
920221.BJ,易实精密,20170731,
920221.BJ,易实精密,20170730,
920221.BJ,易实精密,20170729,
920221.BJ,易实精密,20170728,
920221.BJ,易实精密,20170727,
920221.BJ,易实精密,20170726,
920221.BJ,易实精密,20170725,
920221.BJ,易实精密,20170724,
920221.BJ,易实精密,20170723,
920221.BJ,易实精密,20170722,
920221.BJ,易实精密,20170721,
920221.BJ,易实精密,20170720,
920221.BJ,易实精密,20170719,
920221.BJ,易实精密,20170718,
920221.BJ,易实精密,20170717,
920221.BJ,易实精密,20170716,
920221.BJ,易实精密,20170715,
920221.BJ,易实精密,20170714,
920221.BJ,易实精密,20170713,
920221.BJ,易实精密,20170712,
920221.BJ,易实精密,20170711,
920221.BJ,易实精密,20170710,
920221.BJ,易实精密,20170709,
920221.BJ,易实精密,20170708,
920221.BJ,易实精密,20170707,
920221.BJ,易实精密,20170706,
920221.BJ,易实精密,20170705,
920221.BJ,易实精密,20170704,
920221.BJ,易实精密,20170703,
920221.BJ,易实精密,20170702,
920221.BJ,易实精密,20170701,
920221.BJ,易实精密,20170630,
920221.BJ,易实精密,20170629,
920221.BJ,易实精密,20170628,
920221.BJ,易实精密,20170627,
920221.BJ,易实精密,20170626,
920221.BJ,易实精密,20170625,
920221.BJ,易实精密,20170624,
920221.BJ,易实精密,20170623,
920221.BJ,易实精密,20170622,
920221.BJ,易实精密,20170621,
920221.BJ,易实精密,20170620,
920221.BJ,易实精密,20170619,
920221.BJ,易实精密,20170618,
920221.BJ,易实精密,20170617,
920221.BJ,易实精密,20170616,
920221.BJ,易实精密,20170615,
920221.BJ,易实精密,20170614,
920221.BJ,易实精密,20170613,
920221.BJ,易实精密,20170612,
920221.BJ,易实精密,20170611,
920221.BJ,易实精密,20170610,
920221.BJ,易实精密,20170609,
920221.BJ,易实精密,20170608,
920221.BJ,易实精密,20170607,
920221.BJ,易实精密,20170606,
920221.BJ,易实精密,20170605,
920221.BJ,易实精密,20170604,
920221.BJ,易实精密,20170603,
920221.BJ,易实精密,20170602,
920221.BJ,易实精密,20170601,
920221.BJ,易实精密,20170531,
920221.BJ,易实精密,20170530,
920221.BJ,易实精密,20170529,
920221.BJ,易实精密,20170528,
920221.BJ,易实精密,20170527,
920221.BJ,易实精密,20170526,
920221.BJ,易实精密,20170525,
920221.BJ,易实精密,20170524,
920221.BJ,易实精密,20170523,
920221.BJ,易实精密,20170522,
920221.BJ,易实精密,20170521,
920221.BJ,易实精密,20170520,
920221.BJ,易实精密,20170519,
920221.BJ,易实精密,20170518,
920221.BJ,易实精密,20170517,
920221.BJ,易实精密,20170516,
920221.BJ,易实精密,20170515,
920221.BJ,易实精密,20170514,
920221.BJ,易实精密,20170513,
920221.BJ,易实精密,20170512,
920221.BJ,易实精密,20170511,
920221.BJ,易实精密,20170510,
920221.BJ,易实精密,20170509,
920221.BJ,易实精密,20170508,
920221.BJ,易实精密,20170507,
920221.BJ,易实精密,20170506,
920221.BJ,易实精密,20170505,
920221.BJ,易实精密,20170504,
920221.BJ,易实精密,20170503,
920221.BJ,易实精密,20170502,
920221.BJ,易实精密,20170501,
920221.BJ,易实精密,20170430,
920221.BJ,易实精密,20170429,
920221.BJ,易实精密,20170428,
920221.BJ,易实精密,20170427,
920221.BJ,易实精密,20170426,
920221.BJ,易实精密,20170425,
920221.BJ,易实精密,20170424,
920221.BJ,易实精密,20170423,
920221.BJ,易实精密,20170422,
920221.BJ,易实精密,20170421,
920221.BJ,易实精密,20170420,
920221.BJ,易实精密,20170419,
920221.BJ,易实精密,20170418,
920221.BJ,易实精密,20170417,
920221.BJ,易实精密,20170416,
920221.BJ,易实精密,20170415,
920221.BJ,易实精密,20170414,
920221.BJ,易实精密,20170413,
920221.BJ,易实精密,20170412,
920221.BJ,易实精密,20170411,
920221.BJ,易实精密,20170410,
920221.BJ,易实精密,20170409,
920221.BJ,易实精密,20170408,
920221.BJ,易实精密,20170407,
920221.BJ,易实精密,20170406,
920221.BJ,易实精密,20170405,
920221.BJ,易实精密,20170404,
920221.BJ,易实精密,20170403,
920221.BJ,易实精密,20170402,
920221.BJ,易实精密,20170401,
920221.BJ,易实精密,20170331,
920221.BJ,易实精密,20170330,
920221.BJ,易实精密,20170329,
920221.BJ,易实精密,20170328,
920221.BJ,易实精密,20170327,
920221.BJ,易实精密,20170326,
920221.BJ,易实精密,20170325,
920221.BJ,易实精密,20170324,
920221.BJ,易实精密,20170323,
920221.BJ,易实精密,20170322,
920221.BJ,易实精密,20170321,
920221.BJ,易实精密,20170320,
920221.BJ,易实精密,20170319,
920221.BJ,易实精密,20170318,
920221.BJ,易实精密,20170317,
920221.BJ,易实精密,20170316,
920221.BJ,易实精密,20170315,
920221.BJ,易实精密,20170314,
920221.BJ,易实精密,20170313,
920221.BJ,易实精密,20170312,
920221.BJ,易实精密,20170311,
920221.BJ,易实精密,20170310,
920221.BJ,易实精密,20170309,
920221.BJ,易实精密,20170308,
920221.BJ,易实精密,20170307,
920221.BJ,易实精密,20170306,
920221.BJ,易实精密,20170305,
920221.BJ,易实精密,20170304,
920221.BJ,易实精密,20170303,
920221.BJ,易实精密,20170302,
920221.BJ,易实精密,20170301,
920221.BJ,易实精密,20170228,
920221.BJ,易实精密,20170227,
920221.BJ,易实精密,20170226,
920221.BJ,易实精密,20170225,
920221.BJ,易实精密,20170224,
920221.BJ,易实精密,20170223,
920221.BJ,易实精密,20170222,
920221.BJ,易实精密,20170221,
920221.BJ,易实精密,20170220,
920221.BJ,易实精密,20170219,
920221.BJ,易实精密,20170218,
920221.BJ,易实精密,20170217,
920221.BJ,易实精密,20170216,
920221.BJ,易实精密,20170215,
920221.BJ,易实精密,20170214,
920221.BJ,易实精密,20170213,
920221.BJ,易实精密,20170212,
920221.BJ,易实精密,20170211,
920221.BJ,易实精密,20170210,
920221.BJ,易实精密,20170209,
920221.BJ,易实精密,20170208,
920221.BJ,易实精密,20170207,
920221.BJ,易实精密,20170206,
920221.BJ,易实精密,20170205,
920221.BJ,易实精密,20170204,
920221.BJ,易实精密,20170203,
920221.BJ,易实精密,20170202,
920221.BJ,易实精密,20170201,
920221.BJ,易实精密,20170131,
920221.BJ,易实精密,20170130,
920221.BJ,易实精密,20170129,
920221.BJ,易实精密,20170128,
920221.BJ,易实精密,20170127,
920221.BJ,易实精密,20170126,
920221.BJ,易实精密,20170125,
920221.BJ,易实精密,20170124,
920221.BJ,易实精密,20170123,
920221.BJ,易实精密,20170122,
920221.BJ,易实精密,20170121,
920221.BJ,易实精密,20170120,
920221.BJ,易实精密,20170119,
920221.BJ,易实精密,20170118,
920221.BJ,易实精密,20170117,
920221.BJ,易实精密,20170116,
920221.BJ,易实精密,20170115,
920221.BJ,易实精密,20170114,
920221.BJ,易实精密,20170113,
920221.BJ,易实精密,20170112,
920221.BJ,易实精密,20170111,
920221.BJ,易实精密,20170110,
920221.BJ,易实精密,20170109,
920221.BJ,易实精密,20170108,
920221.BJ,易实精密,20170107,
920221.BJ,易实精密,20170106,
920221.BJ,易实精密,20170105,
920221.BJ,易实精密,20170104,
920221.BJ,易实精密,20170103,
920221.BJ,易实精密,20170102,
920221.BJ,易实精密,20170101,
920221.BJ,易实精密,20161231,
920221.BJ,易实精密,20161230,
920221.BJ,易实精密,20161229,
920221.BJ,易实精密,20161228,
920221.BJ,易实精密,20161227,
920221.BJ,易实精密,20161226,
920221.BJ,易实精密,20161225,
920221.BJ,易实精密,20161224,
920221.BJ,易实精密,20161223,
920221.BJ,易实精密,20161222,
920221.BJ,易实精密,20161221,
920221.BJ,易实精密,20161220,
920221.BJ,易实精密,20161219,
920221.BJ,易实精密,20161218,
920221.BJ,易实精密,20161217,
920221.BJ,易实精密,20161216,
920221.BJ,易实精密,20161215,
920221.BJ,易实精密,20161214,
920221.BJ,易实精密,20161213,
920221.BJ,易实精密,20161212,
920221.BJ,易实精密,20161211,
920221.BJ,易实精密,20161210,
920221.BJ,易实精密,20161209,
920221.BJ,易实精密,20161208,
920221.BJ,易实精密,20161207,
920221.BJ,易实精密,20161206,
920221.BJ,易实精密,20161205,
920221.BJ,易实精密,20161204,
920221.BJ,易实精密,20161203,
920221.BJ,易实精密,20161202,
920221.BJ,易实精密,20161201,
920221.BJ,易实精密,20161130,
920221.BJ,易实精密,20161129,
920221.BJ,易实精密,20161128,
920221.BJ,易实精密,20161127,
920221.BJ,易实精密,20161126,
920221.BJ,易实精密,20161125,
920221.BJ,易实精密,20161124,
920221.BJ,易实精密,20161123,
920221.BJ,易实精密,20161122,
920221.BJ,易实精密,20161121,
920221.BJ,易实精密,20161120,
920221.BJ,易实精密,20161119,
920221.BJ,易实精密,20161118,
920221.BJ,易实精密,20161117,
920221.BJ,易实精密,20161116,
920221.BJ,易实精密,20161115,
920221.BJ,易实精密,20161114,
920221.BJ,易实精密,20161113,
920221.BJ,易实精密,20161112,
920221.BJ,易实精密,20161111,
920221.BJ,易实精密,20161110,
920221.BJ,易实精密,20161109,
920221.BJ,易实精密,20161108,
920221.BJ,易实精密,20161107,
920221.BJ,易实精密,20161106,
920221.BJ,易实精密,20161105,
920221.BJ,易实精密,20161104,
920221.BJ,易实精密,20161103,
920221.BJ,易实精密,20161102,
920221.BJ,易实精密,20161101,
920221.BJ,易实精密,20161031,
920221.BJ,易实精密,20161030,
920221.BJ,易实精密,20161029,
920221.BJ,易实精密,20161028,
920221.BJ,易实精密,20161027,
920221.BJ,易实精密,20161026,
920221.BJ,易实精密,20161025,
920221.BJ,易实精密,20161024,
920221.BJ,易实精密,20161023,
920221.BJ,易实精密,20161022,
920221.BJ,易实精密,20161021,
920221.BJ,易实精密,20161020,
920221.BJ,易实精密,20161019,
920221.BJ,易实精密,20161018,
920221.BJ,易实精密,20161017,
920221.BJ,易实精密,20161016,
920221.BJ,易实精密,20161015,
920221.BJ,易实精密,20161014,
920221.BJ,易实精密,20161013,
920221.BJ,易实精密,20161012,
920221.BJ,易实精密,20161011,
920221.BJ,易实精密,20161010,
920221.BJ,易实精密,20161009,
920221.BJ,易实精密,20161008,
920221.BJ,易实精密,20161007,
920221.BJ,易实精密,20161006,
920221.BJ,易实精密,20161005,
920221.BJ,易实精密,20161004,
920221.BJ,易实精密,20161003,
920221.BJ,易实精密,20161002,
920221.BJ,易实精密,20161001,
920221.BJ,易实精密,20160930,
920221.BJ,易实精密,20160929,
920221.BJ,易实精密,20160928,
920221.BJ,易实精密,20160927,
920221.BJ,易实精密,20160926,
920221.BJ,易实精密,20160925,
920221.BJ,易实精密,20160924,
920221.BJ,易实精密,20160923,
920221.BJ,易实精密,20160922,
920221.BJ,易实精密,20160921,
920221.BJ,易实精密,20160920,
920221.BJ,易实精密,20160919,
920221.BJ,易实精密,20160918,
920221.BJ,易实精密,20160917,
920221.BJ,易实精密,20160916,
920221.BJ,易实精密,20160915,
920221.BJ,易实精密,20160914,
920221.BJ,易实精密,20160913,
920221.BJ,易实精密,20160912,
920221.BJ,易实精密,20160911,
920221.BJ,易实精密,20160910,
920221.BJ,易实精密,20160909,
920221.BJ,易实精密,20160908,
920221.BJ,易实精密,20160907,
920221.BJ,易实精密,20160906,
920221.BJ,易实精密,20160905,
920221.BJ,易实精密,20160904,
920221.BJ,易实精密,20160903,
920221.BJ,易实精密,20160902,
920221.BJ,易实精密,20160901,
920221.BJ,易实精密,20160831,
920221.BJ,易实精密,20160830,
920221.BJ,易实精密,20160829,
920221.BJ,易实精密,20160828,
920221.BJ,易实精密,20160827,
920221.BJ,易实精密,20160826,
920221.BJ,易实精密,20160825,
920221.BJ,易实精密,20160824,
920221.BJ,易实精密,20160823,
920221.BJ,易实精密,20160822,
920221.BJ,易实精密,20160821,
920221.BJ,易实精密,20160820,
920221.BJ,易实精密,20160819,
920221.BJ,易实精密,20160818,
920221.BJ,易实精密,20160817,
920221.BJ,易实精密,20160816,
920221.BJ,易实精密,20160815,
920221.BJ,易实精密,20160814,
920221.BJ,易实精密,20160813,
920221.BJ,易实精密,20160812,
920221.BJ,易实精密,20160811,
920221.BJ,易实精密,20160810,
920221.BJ,易实精密,20160809,
920221.BJ,易实精密,20160808,
920221.BJ,易实精密,20160807,
920221.BJ,易实精密,20160806,
920221.BJ,易实精密,20160805,
920221.BJ,易实精密,20160804,
920221.BJ,易实精密,20160803,
920221.BJ,易实精密,20160802,
920221.BJ,易实精密,20160801,
920221.BJ,易实精密,20160731,
920221.BJ,易实精密,20160730,
920221.BJ,易实精密,20160729,
920221.BJ,易实精密,20160728,
920221.BJ,易实精密,20160727,
920221.BJ,易实精密,20160726,
920221.BJ,易实精密,20160725,
920221.BJ,易实精密,20160724,
920221.BJ,易实精密,20160723,
920221.BJ,易实精密,20160722,
920221.BJ,易实精密,20160721,
920221.BJ,易实精密,20160720,
920221.BJ,易实精密,20160719,
920221.BJ,易实精密,20160718,
920221.BJ,易实精密,20160717,
920221.BJ,易实精密,20160716,
920221.BJ,易实精密,20160715,
920221.BJ,易实精密,20160714,
920221.BJ,易实精密,20160713,
920221.BJ,易实精密,20160712,
920221.BJ,易实精密,20160711,
920221.BJ,易实精密,20160710,
920221.BJ,易实精密,20160709,
920221.BJ,易实精密,20160708,
920221.BJ,易实精密,20160707,
920221.BJ,易实精密,20160706,
920221.BJ,易实精密,20160705,
920221.BJ,易实精密,20160704,
920221.BJ,易实精密,20160703,
920221.BJ,易实精密,20160702,
920221.BJ,易实精密,20160701,
920221.BJ,易实精密,20160630,
920221.BJ,易实精密,20160629,
920221.BJ,易实精密,20160628,
920221.BJ,易实精密,20160627,
920221.BJ,易实精密,20160626,
920221.BJ,易实精密,20160625,
920221.BJ,易实精密,20160624,
920221.BJ,易实精密,20160623,
920221.BJ,易实精密,20160622,
920221.BJ,易实精密,20160621,
920221.BJ,易实精密,20160620,
920221.BJ,易实精密,20160619,
920221.BJ,易实精密,20160618,
920221.BJ,易实精密,20160617,
920221.BJ,易实精密,20160616,
920221.BJ,易实精密,20160615,
920221.BJ,易实精密,20160614,
920221.BJ,易实精密,20160613,
920221.BJ,易实精密,20160612,
920221.BJ,易实精密,20160611,
920221.BJ,易实精密,20160610,
920221.BJ,易实精密,20160609,
920221.BJ,易实精密,20160608,
920221.BJ,易实精密,20160607,
920221.BJ,易实精密,20160606,
920221.BJ,易实精密,20160605,
920221.BJ,易实精密,20160604,
920221.BJ,易实精密,20160603,
920221.BJ,易实精密,20160602,
920221.BJ,易实精密,20160601,
920221.BJ,易实精密,20160531,
920221.BJ,易实精密,20160530,
920221.BJ,易实精密,20160529,
920221.BJ,易实精密,20160528,
920221.BJ,易实精密,20160527,
920221.BJ,易实精密,20160526,
920221.BJ,易实精密,20160525,
920221.BJ,易实精密,20160524,
920221.BJ,易实精密,20160523,
920221.BJ,易实精密,20160522,
920221.BJ,易实精密,20160521,
920221.BJ,易实精密,20160520,
920221.BJ,易实精密,20160519,
920221.BJ,易实精密,20160518,
920221.BJ,易实精密,20160517,
920221.BJ,易实精密,20160516,
920221.BJ,易实精密,20160515,
920221.BJ,易实精密,20160514,
920221.BJ,易实精密,20160513,
920221.BJ,易实精密,20160512,
920221.BJ,易实精密,20160511,
920221.BJ,易实精密,20160510,
920221.BJ,易实精密,20160509,
920221.BJ,易实精密,20160508,
920221.BJ,易实精密,20160507,
920221.BJ,易实精密,20160506,
920221.BJ,易实精密,20160505,
920221.BJ,易实精密,20160504,
920221.BJ,易实精密,20160503,
920221.BJ,易实精密,20160502,
920221.BJ,易实精密,20160501,
920221.BJ,易实精密,20160430,
920221.BJ,易实精密,20160429,
920221.BJ,易实精密,20160428,
920221.BJ,易实精密,20160427,
920221.BJ,易实精密,20160426,
920221.BJ,易实精密,20160425,
920221.BJ,易实精密,20160424,
920221.BJ,易实精密,20160423,
920221.BJ,易实精密,20160422,
920221.BJ,易实精密,20160421,
920221.BJ,易实精密,20160420,
920221.BJ,易实精密,20160419,
920221.BJ,易实精密,20160418,
920221.BJ,易实精密,20160417,
920221.BJ,易实精密,20160416,
920221.BJ,易实精密,20160415,
920221.BJ,易实精密,20160414,
920221.BJ,易实精密,20160413,
920221.BJ,易实精密,20160412,
920221.BJ,易实精密,20160411,
920221.BJ,易实精密,20160410,
920221.BJ,易实精密,20160409,
920221.BJ,易实精密,20160408,
920221.BJ,易实精密,20160407,
920221.BJ,易实精密,20160406,
920221.BJ,易实精密,20160405,
920221.BJ,易实精密,20160404,
920221.BJ,易实精密,20160403,
920221.BJ,易实精密,20160402,
920221.BJ,易实精密,20160401,
920221.BJ,易实精密,20160331,
920221.BJ,易实精密,20160330,
920221.BJ,易实精密,20160329,
920221.BJ,易实精密,20160328,
920221.BJ,易实精密,20160327,
920221.BJ,易实精密,20160326,
920221.BJ,易实精密,20160325,
920221.BJ,易实精密,20160324,
920221.BJ,易实精密,20160323,
920221.BJ,易实精密,20160322,
920221.BJ,易实精密,20160321,
920221.BJ,易实精密,20160320,
920221.BJ,易实精密,20160319,
920221.BJ,易实精密,20160318,
920221.BJ,易实精密,20160317,
920221.BJ,易实精密,20160316,
920221.BJ,易实精密,20160315,
920221.BJ,易实精密,20160314,
920221.BJ,易实精密,20160313,
920221.BJ,易实精密,20160312,
920221.BJ,易实精密,20160311,
920221.BJ,易实精密,20160310,
920221.BJ,易实精密,20160309,
920221.BJ,易实精密,20160308,
920221.BJ,易实精密,20160307,
920221.BJ,易实精密,20160306,
920221.BJ,易实精密,20160305,
920221.BJ,易实精密,20160304,
920221.BJ,易实精密,20160303,
920221.BJ,易实精密,20160302,
920221.BJ,易实精密,20160301,
920221.BJ,易实精密,20160229,
920221.BJ,易实精密,20160228,
920221.BJ,易实精密,20160227,
920221.BJ,易实精密,20160226,
920221.BJ,易实精密,20160225,
920221.BJ,易实精密,20160224,
920221.BJ,易实精密,20160223,
920221.BJ,易实精密,20160222,
920221.BJ,易实精密,20160221,
920221.BJ,易实精密,20160220,
920221.BJ,易实精密,20160219,
920221.BJ,易实精密,20160218,
920221.BJ,易实精密,20160217,
920221.BJ,易实精密,20160216,
920221.BJ,易实精密,20160215,
920221.BJ,易实精密,20160214,
920221.BJ,易实精密,20160213,
920221.BJ,易实精密,20160212,
920221.BJ,易实精密,20160211,
920221.BJ,易实精密,20160210,
920221.BJ,易实精密,20160209,
920221.BJ,易实精密,20160208,
920221.BJ,易实精密,20160207,
920221.BJ,易实精密,20160206,
920221.BJ,易实精密,20160205,
920221.BJ,易实精密,20160204,
920221.BJ,易实精密,20160203,
920221.BJ,易实精密,20160202,
920221.BJ,易实精密,20160201,
920221.BJ,易实精密,20160131,
920221.BJ,易实精密,20160130,
920221.BJ,易实精密,20160129,
920221.BJ,易实精密,20160128,
920221.BJ,易实精密,20160127,
920221.BJ,易实精密,20160126,
920221.BJ,易实精密,20160125,
920221.BJ,易实精密,20160124,
920221.BJ,易实精密,20160123,
920221.BJ,易实精密,20160122,
920221.BJ,易实精密,20160121,
920221.BJ,易实精密,20160120,
920221.BJ,易实精密,20160119,
920221.BJ,易实精密,20160118,
920221.BJ,易实精密,20160117,
920221.BJ,易实精密,20160116,
920221.BJ,易实精密,20160115,
920221.BJ,易实精密,20160114,
920221.BJ,易实精密,20160113,
920221.BJ,易实精密,20160112,
920221.BJ,易实精密,20160111,
920221.BJ,易实精密,20160110,
920221.BJ,易实精密,20160109,
920221.BJ,易实精密,20160108,
920221.BJ,易实精密,20160107,
920221.BJ,易实精密,20160106,
920221.BJ,易实精密,20160105,
920221.BJ,易实精密,20160104,
920221.BJ,易实精密,20160103,
920221.BJ,易实精密,20160102,
920221.BJ,易实精密,20160101,
920221.BJ,易实精密,20151231,
920221.BJ,易实精密,20151230,
920221.BJ,易实精密,20151229,
920221.BJ,易实精密,20151228,
920221.BJ,易实精密,20151227,
920221.BJ,易实精密,20151226,
920221.BJ,易实精密,20151225,
920221.BJ,易实精密,20151224,
920221.BJ,易实精密,20151223,
920221.BJ,易实精密,20151222,
920221.BJ,易实精密,20151221,
920221.BJ,易实精密,20151220,
920221.BJ,易实精密,20151219,
920221.BJ,易实精密,20151218,
920221.BJ,易实精密,20151217,
920221.BJ,易实精密,20151216,
920221.BJ,易实精密,20151215,
920221.BJ,易实精密,20151214,
920221.BJ,易实精密,20151213,
920221.BJ,易实精密,20151212,
920221.BJ,易实精密,20151211,
920221.BJ,易实精密,20151210,
920221.BJ,易实精密,20151209,
920221.BJ,易实精密,20151208,
920221.BJ,易实精密,20151207,
920221.BJ,易实精密,20151206,
920221.BJ,易实精密,20151205,
920221.BJ,易实精密,20151204,
920221.BJ,易实精密,20151203,
920221.BJ,易实精密,20151202,
920221.BJ,易实精密,20151201,
920221.BJ,易实精密,20151130,
920221.BJ,易实精密,20151129,
920221.BJ,易实精密,20151128,
920221.BJ,易实精密,20151127,
920221.BJ,易实精密,20151126,
920221.BJ,易实精密,20151125,
920221.BJ,易实精密,20151124,
920221.BJ,易实精密,20151123,
920221.BJ,易实精密,20151122,
920221.BJ,易实精密,20151121,
920221.BJ,易实精密,20151120,
920221.BJ,易实精密,20151119,
920221.BJ,易实精密,20151118,
920221.BJ,易实精密,20151117,
920221.BJ,易实精密,20151116,
920221.BJ,易实精密,20151115,
920221.BJ,易实精密,20151114,
920221.BJ,易实精密,20151113,
920221.BJ,易实精密,20151112,
920221.BJ,易实精密,20151111,
920221.BJ,易实精密,20151110,
920221.BJ,易实精密,20151109,
920221.BJ,易实精密,20151108,
920221.BJ,易实精密,20151107,
920221.BJ,易实精密,20151106,
920221.BJ,易实精密,20151105,
920221.BJ,易实精密,20151104,
920221.BJ,易实精密,20151103,
920221.BJ,易实精密,20151102,
920221.BJ,易实精密,20151101,
920221.BJ,易实精密,20151031,
920221.BJ,易实精密,20151030,
920221.BJ,易实精密,20151029,
920221.BJ,易实精密,20151028,
920221.BJ,易实精密,20151027,
920221.BJ,易实精密,20151026,
920221.BJ,易实精密,20151025,
920221.BJ,易实精密,20151024,
920221.BJ,易实精密,20151023,
920221.BJ,易实精密,20151022,
920221.BJ,易实精密,20151021,
920221.BJ,易实精密,20151020,
920221.BJ,易实精密,20151019,
920221.BJ,易实精密,20151018,
920221.BJ,易实精密,20151017,
920221.BJ,易实精密,20151016,
920221.BJ,易实精密,20151015,
920221.BJ,易实精密,20151014,
920221.BJ,易实精密,20151013,
920221.BJ,易实精密,20151012,
920221.BJ,易实精密,20151011,
920221.BJ,易实精密,20151010,
920221.BJ,易实精密,20151009,
920221.BJ,易实精密,20151008,
920221.BJ,易实精密,20151007,
920221.BJ,易实精密,20151006,
920221.BJ,易实精密,20151005,
920221.BJ,易实精密,20151004,
920221.BJ,易实精密,20151003,
920221.BJ,易实精密,20151002,
920221.BJ,易实精密,20151001,
920221.BJ,易实精密,20150930,
920221.BJ,易实精密,20150929,
920221.BJ,易实精密,20150928,
920221.BJ,易实精密,20150927,
920221.BJ,易实精密,20150926,
920221.BJ,易实精密,20150925,
920221.BJ,易实精密,20150924,
920221.BJ,易实精密,20150923,
920221.BJ,易实精密,20150922,
920221.BJ,易实精密,20150921,
920221.BJ,易实精密,20150920,
920221.BJ,易实精密,20150919,
920221.BJ,易实精密,20150918,
920221.BJ,易实精密,20150917,
920221.BJ,易实精密,20150916,
920221.BJ,易实精密,20150915,
920221.BJ,易实精密,20150914,
920221.BJ,易实精密,20150913,
920221.BJ,易实精密,20150912,
920221.BJ,易实精密,20150911,
920221.BJ,易实精密,20150910,
920221.BJ,易实精密,20150909,
920221.BJ,易实精密,20150908,
920221.BJ,易实精密,20150907,
920221.BJ,易实精密,20150906,
920221.BJ,易实精密,20150905,
920221.BJ,易实精密,20150904,
920221.BJ,易实精密,20150903,
920221.BJ,易实精密,20150902,
920221.BJ,易实精密,20150901,
920221.BJ,易实精密,20150831,
920221.BJ,易实精密,20150830,
920221.BJ,易实精密,20150829,
920221.BJ,易实精密,20150828,
920221.BJ,易实精密,20150827,
920221.BJ,易实精密,20150826,
920221.BJ,易实精密,20150825,
920221.BJ,易实精密,20150824,
920221.BJ,易实精密,20150823,
920221.BJ,易实精密,20150822,
920221.BJ,易实精密,20150821,
920221.BJ,易实精密,20150820,
920221.BJ,易实精密,20150819,
920221.BJ,易实精密,20150818,
920221.BJ,易实精密,20150817,
920221.BJ,易实精密,20150816,
920221.BJ,易实精密,20150815,
920221.BJ,易实精密,20150814,
920221.BJ,易实精密,20150813,
920221.BJ,易实精密,20150812,
920221.BJ,易实精密,20150811,
920221.BJ,易实精密,20150810,
920221.BJ,易实精密,20150809,
920221.BJ,易实精密,20150808,
920221.BJ,易实精密,20150807,
920221.BJ,易实精密,20150806,
920221.BJ,易实精密,20150805,
920221.BJ,易实精密,20150804,
920221.BJ,易实精密,20150803,
920221.BJ,易实精密,20150802,
920221.BJ,易实精密,20150801,
920221.BJ,易实精密,20150731,
920221.BJ,易实精密,20150730,
920221.BJ,易实精密,20150729,
920221.BJ,易实精密,20150728,
920221.BJ,易实精密,20150727,
920221.BJ,易实精密,20150726,
920221.BJ,易实精密,20150725,
920221.BJ,易实精密,20150724,
920221.BJ,易实精密,20150723,
920221.BJ,易实精密,20150722,
920221.BJ,易实精密,20150721,
920221.BJ,易实精密,20150720,
920221.BJ,易实精密,20150719,
920221.BJ,易实精密,20150718,
920221.BJ,易实精密,20150717,
920221.BJ,易实精密,20150716,
920221.BJ,易实精密,20150715,
920221.BJ,易实精密,20150714,
920221.BJ,易实精密,20150713,
920221.BJ,易实精密,20150712,
920221.BJ,易实精密,20150711,
920221.BJ,易实精密,20150710,
920221.BJ,易实精密,20150709,
920221.BJ,易实精密,20150708,
920221.BJ,易实精密,20150707,
920221.BJ,易实精密,20150706,
920221.BJ,易实精密,20150705,
920221.BJ,易实精密,20150704,
920221.BJ,易实精密,20150703,
920221.BJ,易实精密,20150702,
920221.BJ,易实精密,20150701,
920221.BJ,易实精密,20150630,
920221.BJ,易实精密,20150629,
920221.BJ,易实精密,20150628,
920221.BJ,易实精密,20150627,
920221.BJ,易实精密,20150626,
920221.BJ,易实精密,20150625,
920221.BJ,易实精密,20150624,
920221.BJ,易实精密,20150623,
920221.BJ,易实精密,20150622,
920221.BJ,易实精密,20150621,
920221.BJ,易实精密,20150620,
920221.BJ,易实精密,20150619,
920221.BJ,易实精密,20150618,
920221.BJ,易实精密,20150617,
920221.BJ,易实精密,20150616,
920221.BJ,易实精密,20150615,
920221.BJ,易实精密,20150614,
920221.BJ,易实精密,20150613,
920221.BJ,易实精密,20150612,
920221.BJ,易实精密,20150611,
920221.BJ,易实精密,20150610,
920221.BJ,易实精密,20150609,
920221.BJ,易实精密,20150608,
920221.BJ,易实精密,20150607,
920221.BJ,易实精密,20150606,
920221.BJ,易实精密,20150605,
920221.BJ,易实精密,20150604,
920221.BJ,易实精密,20150603,
920221.BJ,易实精密,20150602,
920221.BJ,易实精密,20150601,
920221.BJ,易实精密,20150531,
920221.BJ,易实精密,20150530,
920221.BJ,易实精密,20150529,
920221.BJ,易实精密,20150528,
920221.BJ,易实精密,20150527,
920221.BJ,易实精密,20150526,
920221.BJ,易实精密,20150525,
920221.BJ,易实精密,20150524,
920221.BJ,易实精密,20150523,
920221.BJ,易实精密,20150522,
920221.BJ,易实精密,20150521,
920221.BJ,易实精密,20150520,
920221.BJ,易实精密,20150519,
920221.BJ,易实精密,20150518,
920221.BJ,易实精密,20150517,
920221.BJ,易实精密,20150516,
920221.BJ,易实精密,20150515,
920221.BJ,易实精密,20150514,
920221.BJ,易实精密,20150513,
920221.BJ,易实精密,20150512,
920221.BJ,易实精密,20150511,
920221.BJ,易实精密,20150510,
920221.BJ,易实精密,20150509,
920221.BJ,易实精密,20150508,
920221.BJ,易实精密,20150507,
920221.BJ,易实精密,20150506,
920221.BJ,易实精密,20150505,
920221.BJ,易实精密,20150504,
920221.BJ,易实精密,20150503,
920221.BJ,易实精密,20150502,
920221.BJ,易实精密,20150501,
920221.BJ,易实精密,20150430,
920221.BJ,易实精密,20150429,
920221.BJ,易实精密,20150428,
920221.BJ,易实精密,20150427,
920221.BJ,易实精密,20150426,
920221.BJ,易实精密,20150425,
920221.BJ,易实精密,20150424,
920221.BJ,易实精密,20150423,
920221.BJ,易实精密,20150422,
920221.BJ,易实精密,20150421,
920221.BJ,易实精密,20150420,
920221.BJ,易实精密,20150419,
920221.BJ,易实精密,20150418,
920221.BJ,易实精密,20150417,
920221.BJ,易实精密,20150416,
920221.BJ,易实精密,20150415,
920221.BJ,易实精密,20150414,
920221.BJ,易实精密,20150413,
920221.BJ,易实精密,20150412,
920221.BJ,易实精密,20150411,
920221.BJ,易实精密,20150410,
920221.BJ,易实精密,20150409,
920221.BJ,易实精密,20150408,
920221.BJ,易实精密,20150407,
920221.BJ,易实精密,20150406,
920221.BJ,易实精密,20150405,
920221.BJ,易实精密,20150404,
920221.BJ,易实精密,20150403,
920221.BJ,易实精密,20150402,
920221.BJ,易实精密,20150401,
920221.BJ,易实精密,20150331,
920221.BJ,易实精密,20150330,
920221.BJ,易实精密,20150329,
920221.BJ,易实精密,20150328,
920221.BJ,易实精密,20150327,
920221.BJ,易实精密,20150326,
920221.BJ,易实精密,20150325,
920221.BJ,易实精密,20150324,
920221.BJ,易实精密,20150323,
920221.BJ,易实精密,20150322,
920221.BJ,易实精密,20150321,
920221.BJ,易实精密,20150320,
920221.BJ,易实精密,20150319,
920221.BJ,易实精密,20150318,
920221.BJ,易实精密,20150317,
920221.BJ,易实精密,20150316,
920221.BJ,易实精密,20150315,
920221.BJ,易实精密,20150314,
920221.BJ,易实精密,20150313,
920221.BJ,易实精密,20150312,
920221.BJ,易实精密,20150311,
920221.BJ,易实精密,20150310,
920221.BJ,易实精密,20150309,
920221.BJ,易实精密,20150308,
920221.BJ,易实精密,20150307,
920221.BJ,易实精密,20150306,
920221.BJ,易实精密,20150305,
920221.BJ,易实精密,20150304,
920221.BJ,易实精密,20150303,
920221.BJ,易实精密,20150302,
920221.BJ,易实精密,20150301,
920221.BJ,易实精密,20150228,
920221.BJ,易实精密,20150227,
920221.BJ,易实精密,20150226,
920221.BJ,易实精密,20150225,
920221.BJ,易实精密,20150224,
920221.BJ,易实精密,20150223,
920221.BJ,易实精密,20150222,
920221.BJ,易实精密,20150221,
920221.BJ,易实精密,20150220,
920221.BJ,易实精密,20150219,
920221.BJ,易实精密,20150218,
920221.BJ,易实精密,20150217,
920221.BJ,易实精密,20150216,
920221.BJ,易实精密,20150215,
920221.BJ,易实精密,20150214,
920221.BJ,易实精密,20150213,
920221.BJ,易实精密,20150212,
920221.BJ,易实精密,20150211,
920221.BJ,易实精密,20150210,
920221.BJ,易实精密,20150209,
920221.BJ,易实精密,20150208,
920221.BJ,易实精密,20150207,
920221.BJ,易实精密,20150206,
920221.BJ,易实精密,20150205,
920221.BJ,易实精密,20150204,
920221.BJ,易实精密,20150203,
920221.BJ,易实精密,20150202,
920221.BJ,易实精密,20150201,
920221.BJ,易实精密,20150131,
920221.BJ,易实精密,20150130,
920221.BJ,易实精密,20150129,
920221.BJ,易实精密,20150128,
920221.BJ,易实精密,20150127,
920221.BJ,易实精密,20150126,
920221.BJ,易实精密,20150125,
920221.BJ,易实精密,20150124,
920221.BJ,易实精密,20150123,
920221.BJ,易实精密,20150122,
920221.BJ,易实精密,20150121,
920221.BJ,易实精密,20150120,
920221.BJ,易实精密,20150119,
920221.BJ,易实精密,20150118,
920221.BJ,易实精密,20150117,
920221.BJ,易实精密,20150116,
920221.BJ,易实精密,20150115,
920221.BJ,易实精密,20150114,
920221.BJ,易实精密,20150113,
920221.BJ,易实精密,20150112,
920221.BJ,易实精密,20150111,
920221.BJ,易实精密,20150110,
920221.BJ,易实精密,20150109,
920221.BJ,易实精密,20150108,
920221.BJ,易实精密,20150107,
920221.BJ,易实精密,20150106,
920221.BJ,易实精密,20150105,
920221.BJ,易实精密,20150104,
920221.BJ,易实精密,20150103,
920221.BJ,易实精密,20150102,
920221.BJ,易实精密,20150101,
920221.BJ,易实精密,20141231,
920221.BJ,易实精密,20141230,
920221.BJ,易实精密,20141229,
920221.BJ,易实精密,20141228,
920221.BJ,易实精密,20141227,
920221.BJ,易实精密,20141226,
920221.BJ,易实精密,20141225,
920221.BJ,易实精密,20141224,
920221.BJ,易实精密,20141223,
920221.BJ,易实精密,20141222,
920221.BJ,易实精密,20141221,
920221.BJ,易实精密,20141220,
920221.BJ,易实精密,20141219,
920221.BJ,易实精密,20141218,
920221.BJ,易实精密,20141217,
920221.BJ,易实精密,20141216,
920221.BJ,易实精密,20141215,
920221.BJ,易实精密,20141214,
920221.BJ,易实精密,20141213,
920221.BJ,易实精密,20141212,
920221.BJ,易实精密,20141211,
920221.BJ,易实精密,20141210,
920221.BJ,易实精密,20141209,
920221.BJ,易实精密,20141208,
920221.BJ,易实精密,20141207,
920221.BJ,易实精密,20141206,
920221.BJ,易实精密,20141205,
920221.BJ,易实精密,20141204,
920221.BJ,易实精密,20141203,
920221.BJ,易实精密,20141202,
920221.BJ,易实精密,20141201,
920221.BJ,易实精密,20141130,
920221.BJ,易实精密,20141129,
920221.BJ,易实精密,20141128,
920221.BJ,易实精密,20141127,
920221.BJ,易实精密,20141126,
920221.BJ,易实精密,20141125,
920221.BJ,易实精密,20141124,
920221.BJ,易实精密,20141123,
920221.BJ,易实精密,20141122,
920221.BJ,易实精密,20141121,
920221.BJ,易实精密,20141120,
920221.BJ,易实精密,20141119,
920221.BJ,易实精密,20141118,
920221.BJ,易实精密,20141117,
920221.BJ,易实精密,20141116,
920221.BJ,易实精密,20141115,
920221.BJ,易实精密,20141114,
920221.BJ,易实精密,20141113,
920221.BJ,易实精密,20141112,
920221.BJ,易实精密,20141111,
920221.BJ,易实精密,20141110,
920221.BJ,易实精密,20141109,
920221.BJ,易实精密,20141108,
920221.BJ,易实精密,20141107,
920221.BJ,易实精密,20141106,
920221.BJ,易实精密,20141105,
920221.BJ,易实精密,20141104,
920221.BJ,易实精密,20141103,
920221.BJ,易实精密,20141102,
920221.BJ,易实精密,20141101,
920221.BJ,易实精密,20141031,
920221.BJ,易实精密,20141030,
920221.BJ,易实精密,20141029,
920221.BJ,易实精密,20141028,
920221.BJ,易实精密,20141027,
920221.BJ,易实精密,20141026,
920221.BJ,易实精密,20141025,
920221.BJ,易实精密,20141024,
920221.BJ,易实精密,20141023,
920221.BJ,易实精密,20141022,
920221.BJ,易实精密,20141021,
920221.BJ,易实精密,20141020,
920221.BJ,易实精密,20141019,
920221.BJ,易实精密,20141018,
920221.BJ,易实精密,20141017,
920221.BJ,易实精密,20141016,
920221.BJ,易实精密,20141015,
920221.BJ,易实精密,20141014,
920221.BJ,易实精密,20141013,
920221.BJ,易实精密,20141012,
920221.BJ,易实精密,20141011,
920221.BJ,易实精密,20141010,
920221.BJ,易实精密,20141009,
920221.BJ,易实精密,20141008,
920221.BJ,易实精密,20141007,
920221.BJ,易实精密,20141006,
920221.BJ,易实精密,20141005,
920221.BJ,易实精密,20141004,
920221.BJ,易实精密,20141003,
920221.BJ,易实精密,20141002,
920221.BJ,易实精密,20141001,
920221.BJ,易实精密,20140930,
920221.BJ,易实精密,20140929,
920221.BJ,易实精密,20140928,
920221.BJ,易实精密,20140927,
920221.BJ,易实精密,20140926,
920221.BJ,易实精密,20140925,
920221.BJ,易实精密,20140924,
920221.BJ,易实精密,20140923,
920221.BJ,易实精密,20140922,
920221.BJ,易实精密,20140921,
920221.BJ,易实精密,20140920,
920221.BJ,易实精密,20140919,
920221.BJ,易实精密,20140918,
920221.BJ,易实精密,20140917,
920221.BJ,易实精密,20140916,
920221.BJ,易实精密,20140915,
920221.BJ,易实精密,20140914,
920221.BJ,易实精密,20140913,
920221.BJ,易实精密,20140912,
920221.BJ,易实精密,20140911,
920221.BJ,易实精密,20140910,
920221.BJ,易实精密,20140909,
920221.BJ,易实精密,20140908,
920221.BJ,易实精密,20140907,
920221.BJ,易实精密,20140906,
920221.BJ,易实精密,20140905,
920221.BJ,易实精密,20140904,
920221.BJ,易实精密,20140903,
920221.BJ,易实精密,20140902,
920221.BJ,易实精密,20140901,
920221.BJ,易实精密,20140831,
920221.BJ,易实精密,20140830,
920221.BJ,易实精密,20140829,
920221.BJ,易实精密,20140828,
920221.BJ,易实精密,20140827,
920221.BJ,易实精密,20140826,
920221.BJ,易实精密,20140825,
920221.BJ,易实精密,20140824,
920221.BJ,易实精密,20140823,
920221.BJ,易实精密,20140822,
920221.BJ,易实精密,20140821,
920221.BJ,易实精密,20140820,
920221.BJ,易实精密,20140819,
920221.BJ,易实精密,20140818,
920221.BJ,易实精密,20140817,
920221.BJ,易实精密,20140816,
920221.BJ,易实精密,20140815,
920221.BJ,易实精密,20140814,
920221.BJ,易实精密,20140813,
920221.BJ,易实精密,20140812,
920221.BJ,易实精密,20140811,
920221.BJ,易实精密,20140810,
920221.BJ,易实精密,20140809,
920221.BJ,易实精密,20140808,
920221.BJ,易实精密,20140807,
920221.BJ,易实精密,20140806,
920221.BJ,易实精密,20140805,
920221.BJ,易实精密,20140804,
920221.BJ,易实精密,20140803,
920221.BJ,易实精密,20140802,
920221.BJ,易实精密,20140801,
920221.BJ,易实精密,20140731,
920221.BJ,易实精密,20140730,
920221.BJ,易实精密,20140729,
920221.BJ,易实精密,20140728,
920221.BJ,易实精密,20140727,
920221.BJ,易实精密,20140726,
920221.BJ,易实精密,20140725,
920221.BJ,易实精密,20140724,
920221.BJ,易实精密,20140723,
920221.BJ,易实精密,20140722,
920221.BJ,易实精密,20140721,
920221.BJ,易实精密,20140720,
920221.BJ,易实精密,20140719,
920221.BJ,易实精密,20140718,
920221.BJ,易实精密,20140717,
920221.BJ,易实精密,20140716,
920221.BJ,易实精密,20140715,
920221.BJ,易实精密,20140714,
920221.BJ,易实精密,20140713,
920221.BJ,易实精密,20140712,
920221.BJ,易实精密,20140711,
920221.BJ,易实精密,20140710,
920221.BJ,易实精密,20140709,
920221.BJ,易实精密,20140708,
920221.BJ,易实精密,20140707,
920221.BJ,易实精密,20140706,
920221.BJ,易实精密,20140705,
920221.BJ,易实精密,20140704,
920221.BJ,易实精密,20140703,
920221.BJ,易实精密,20140702,
920221.BJ,易实精密,20140701,
920221.BJ,易实精密,20140630,
920221.BJ,易实精密,20140629,
920221.BJ,易实精密,20140628,
920221.BJ,易实精密,20140627,
920221.BJ,易实精密,20140626,
920221.BJ,易实精密,20140625,
920221.BJ,易实精密,20140624,
920221.BJ,易实精密,20140623,
920221.BJ,易实精密,20140622,
920221.BJ,易实精密,20140621,
920221.BJ,易实精密,20140620,
920221.BJ,易实精密,20140619,
920221.BJ,易实精密,20140618,
920221.BJ,易实精密,20140617,
920221.BJ,易实精密,20140616,
920221.BJ,易实精密,20140615,
920221.BJ,易实精密,20140614,
920221.BJ,易实精密,20140613,
920221.BJ,易实精密,20140612,
920221.BJ,易实精密,20140611,
920221.BJ,易实精密,20140610,
920221.BJ,易实精密,20140609,
920221.BJ,易实精密,20140608,
920221.BJ,易实精密,20140607,
920221.BJ,易实精密,20140606,
920221.BJ,易实精密,20140605,
920221.BJ,易实精密,20140604,
920221.BJ,易实精密,20140603,
920221.BJ,易实精密,20140602,
920221.BJ,易实精密,20140601,
920221.BJ,易实精密,20140531,
920221.BJ,易实精密,20140530,
920221.BJ,易实精密,20140529,
920221.BJ,易实精密,20140528,
920221.BJ,易实精密,20140527,
920221.BJ,易实精密,20140526,
920221.BJ,易实精密,20140525,
920221.BJ,易实精密,20140524,
920221.BJ,易实精密,20140523,
920221.BJ,易实精密,20140522,
920221.BJ,易实精密,20140521,
920221.BJ,易实精密,20140520,
920221.BJ,易实精密,20140519,
920221.BJ,易实精密,20140518,
920221.BJ,易实精密,20140517,
920221.BJ,易实精密,20140516,
920221.BJ,易实精密,20140515,
920221.BJ,易实精密,20140514,
920221.BJ,易实精密,20140513,
920221.BJ,易实精密,20140512,
920221.BJ,易实精密,20140511,
920221.BJ,易实精密,20140510,
920221.BJ,易实精密,20140509,
920221.BJ,易实精密,20140508,
920221.BJ,易实精密,20140507,
920221.BJ,易实精密,20140506,
920221.BJ,易实精密,20140505,
920221.BJ,易实精密,20140504,
920221.BJ,易实精密,20140503,
920221.BJ,易实精密,20140502,
920221.BJ,易实精密,20140501,
920221.BJ,易实精密,20140430,
920221.BJ,易实精密,20140429,
920221.BJ,易实精密,20140428,
920221.BJ,易实精密,20140427,
920221.BJ,易实精密,20140426,
920221.BJ,易实精密,20140425,
920221.BJ,易实精密,20140424,
920221.BJ,易实精密,20140423,
920221.BJ,易实精密,20140422,
920221.BJ,易实精密,20140421,
920221.BJ,易实精密,20140420,
920221.BJ,易实精密,20140419,
920221.BJ,易实精密,20140418,
920221.BJ,易实精密,20140417,
920221.BJ,易实精密,20140416,
920221.BJ,易实精密,20140415,
920221.BJ,易实精密,20140414,
920221.BJ,易实精密,20140413,
920221.BJ,易实精密,20140412,
920221.BJ,易实精密,20140411,
920221.BJ,易实精密,20140410,
920221.BJ,易实精密,20140409,
920221.BJ,易实精密,20140408,
920221.BJ,易实精密,20140407,
920221.BJ,易实精密,20140406,
920221.BJ,易实精密,20140405,
920221.BJ,易实精密,20140404,
920221.BJ,易实精密,20140403,
920221.BJ,易实精密,20140402,
920221.BJ,易实精密,20140401,
920221.BJ,易实精密,20140331,
920221.BJ,易实精密,20140330,
920221.BJ,易实精密,20140329,
920221.BJ,易实精密,20140328,
920221.BJ,易实精密,20140327,
920221.BJ,易实精密,20140326,
920221.BJ,易实精密,20140325,
920221.BJ,易实精密,20140324,
920221.BJ,易实精密,20140323,
920221.BJ,易实精密,20140322,
920221.BJ,易实精密,20140321,
920221.BJ,易实精密,20140320,
920221.BJ,易实精密,20140319,
920221.BJ,易实精密,20140318,
920221.BJ,易实精密,20140317,
920221.BJ,易实精密,20140316,
920221.BJ,易实精密,20140315,
920221.BJ,易实精密,20140314,
920221.BJ,易实精密,20140313,
920221.BJ,易实精密,20140312,
920221.BJ,易实精密,20140311,
920221.BJ,易实精密,20140310,
920221.BJ,易实精密,20140309,
920221.BJ,易实精密,20140308,
920221.BJ,易实精密,20140307,
920221.BJ,易实精密,20140306,
920221.BJ,易实精密,20140305,
920221.BJ,易实精密,20140304,
920221.BJ,易实精密,20140303,
920221.BJ,易实精密,20140302,
920221.BJ,易实精密,20140301,
920221.BJ,易实精密,20140228,
920221.BJ,易实精密,20140227,
920221.BJ,易实精密,20140226,
920221.BJ,易实精密,20140225,
920221.BJ,易实精密,20140224,
920221.BJ,易实精密,20140223,
920221.BJ,易实精密,20140222,
920221.BJ,易实精密,20140221,
920221.BJ,易实精密,20140220,
920221.BJ,易实精密,20140219,
920221.BJ,易实精密,20140218,
920221.BJ,易实精密,20140217,
920221.BJ,易实精密,20140216,
920221.BJ,易实精密,20140215,
920221.BJ,易实精密,20140214,
920221.BJ,易实精密,20140213,
920221.BJ,易实精密,20140212,
920221.BJ,易实精密,20140211,
920221.BJ,易实精密,20140210,
920221.BJ,易实精密,20140209,
920221.BJ,易实精密,20140208,
920221.BJ,易实精密,20140207,
920221.BJ,易实精密,20140206,
920221.BJ,易实精密,20140205,
920221.BJ,易实精密,20140204,
920221.BJ,易实精密,20140203,
920221.BJ,易实精密,20140202,
920221.BJ,易实精密,20140201,
920221.BJ,易实精密,20140131,
920221.BJ,易实精密,20140130,
920221.BJ,易实精密,20140129,
920221.BJ,易实精密,20140128,
920221.BJ,易实精密,20140127,
920221.BJ,易实精密,20140126,
920221.BJ,易实精密,20140125,
920221.BJ,易实精密,20140124,
920221.BJ,易实精密,20140123,
920221.BJ,易实精密,20140122,
920221.BJ,易实精密,20140121,
920221.BJ,易实精密,20140120,
920221.BJ,易实精密,20140119,
920221.BJ,易实精密,20140118,
920221.BJ,易实精密,20140117,
920221.BJ,易实精密,20140116,
920221.BJ,易实精密,20140115,
920221.BJ,易实精密,20140114,
920221.BJ,易实精密,20140113,
920221.BJ,易实精密,20140112,
920221.BJ,易实精密,20140111,
920221.BJ,易实精密,20140110,
920221.BJ,易实精密,20140109,
920221.BJ,易实精密,20140108,
920221.BJ,易实精密,20140107,
920221.BJ,易实精密,20140106,
920221.BJ,易实精密,20140105,
920221.BJ,易实精密,20140104,
920221.BJ,易实精密,20140103,
920221.BJ,易实精密,20140102,
920221.BJ,易实精密,20140101,
920221.BJ,易实精密,20131231,
920221.BJ,易实精密,20131230,
920221.BJ,易实精密,20131229,
920221.BJ,易实精密,20131228,
920221.BJ,易实精密,20131227,
920221.BJ,易实精密,20131226,
920221.BJ,易实精密,20131225,
920221.BJ,易实精密,20131224,
920221.BJ,易实精密,20131223,
920221.BJ,易实精密,20131222,
920221.BJ,易实精密,20131221,
920221.BJ,易实精密,20131220,
920221.BJ,易实精密,20131219,
920221.BJ,易实精密,20131218,
920221.BJ,易实精密,20131217,
920221.BJ,易实精密,20131216,
920221.BJ,易实精密,20131215,
920221.BJ,易实精密,20131214,
920221.BJ,易实精密,20131213,
920221.BJ,易实精密,20131212,
920221.BJ,易实精密,20131211,
920221.BJ,易实精密,20131210,
920221.BJ,易实精密,20131209,
920221.BJ,易实精密,20131208,
920221.BJ,易实精密,20131207,
920221.BJ,易实精密,20131206,
920221.BJ,易实精密,20131205,
920221.BJ,易实精密,20131204,
920221.BJ,易实精密,20131203,
920221.BJ,易实精密,20131202,
920221.BJ,易实精密,20131201,
920221.BJ,易实精密,20131130,
920221.BJ,易实精密,20131129,
920221.BJ,易实精密,20131128,
920221.BJ,易实精密,20131127,
920221.BJ,易实精密,20131126,
920221.BJ,易实精密,20131125,
920221.BJ,易实精密,20131124,
920221.BJ,易实精密,20131123,
920221.BJ,易实精密,20131122,
920221.BJ,易实精密,20131121,
920221.BJ,易实精密,20131120,
920221.BJ,易实精密,20131119,
920221.BJ,易实精密,20131118,
920221.BJ,易实精密,20131117,
920221.BJ,易实精密,20131116,
920221.BJ,易实精密,20131115,
920221.BJ,易实精密,20131114,
920221.BJ,易实精密,20131113,
920221.BJ,易实精密,20131112,
920221.BJ,易实精密,20131111,
920221.BJ,易实精密,20131110,
920221.BJ,易实精密,20131109,
920221.BJ,易实精密,20131108,
920221.BJ,易实精密,20131107,
920221.BJ,易实精密,20131106,
920221.BJ,易实精密,20131105,
920221.BJ,易实精密,20131104,
920221.BJ,易实精密,20131103,
920221.BJ,易实精密,20131102,
920221.BJ,易实精密,20131101,
920221.BJ,易实精密,20131031,
920221.BJ,易实精密,20131030,
920221.BJ,易实精密,20131029,
920221.BJ,易实精密,20131028,
920221.BJ,易实精密,20131027,
920221.BJ,易实精密,20131026,
920221.BJ,易实精密,20131025,
920221.BJ,易实精密,20131024,
920221.BJ,易实精密,20131023,
920221.BJ,易实精密,20131022,
920221.BJ,易实精密,20131021,
920221.BJ,易实精密,20131020,
920221.BJ,易实精密,20131019,
920221.BJ,易实精密,20131018,
920221.BJ,易实精密,20131017,
920221.BJ,易实精密,20131016,
920221.BJ,易实精密,20131015,
920221.BJ,易实精密,20131014,
920221.BJ,易实精密,20131013,
920221.BJ,易实精密,20131012,
920221.BJ,易实精密,20131011,
920221.BJ,易实精密,20131010,
920221.BJ,易实精密,20131009,
920221.BJ,易实精密,20131008,
920221.BJ,易实精密,20131007,
920221.BJ,易实精密,20131006,
920221.BJ,易实精密,20131005,
920221.BJ,易实精密,20131004,
920221.BJ,易实精密,20131003,
920221.BJ,易实精密,20131002,
920221.BJ,易实精密,20131001,
920221.BJ,易实精密,20130930,
920221.BJ,易实精密,20130929,
920221.BJ,易实精密,20130928,
920221.BJ,易实精密,20130927,
920221.BJ,易实精密,20130926,
920221.BJ,易实精密,20130925,
920221.BJ,易实精密,20130924,
920221.BJ,易实精密,20130923,
920221.BJ,易实精密,20130922,
920221.BJ,易实精密,20130921,
920221.BJ,易实精密,20130920,
920221.BJ,易实精密,20130919,
920221.BJ,易实精密,20130918,
920221.BJ,易实精密,20130917,
920221.BJ,易实精密,20130916,
920221.BJ,易实精密,20130915,
920221.BJ,易实精密,20130914,
920221.BJ,易实精密,20130913,
920221.BJ,易实精密,20130912,
920221.BJ,易实精密,20130911,
920221.BJ,易实精密,20130910,
920221.BJ,易实精密,20130909,
920221.BJ,易实精密,20130908,
920221.BJ,易实精密,20130907,
920221.BJ,易实精密,20130906,
920221.BJ,易实精密,20130905,
920221.BJ,易实精密,20130904,
920221.BJ,易实精密,20130903,
920221.BJ,易实精密,20130902,
920221.BJ,易实精密,20130901,
920221.BJ,易实精密,20130831,
920221.BJ,易实精密,20130830,
920221.BJ,易实精密,20130829,
920221.BJ,易实精密,20130828,
920221.BJ,易实精密,20130827,
920221.BJ,易实精密,20130826,
920221.BJ,易实精密,20130825,
920221.BJ,易实精密,20130824,
920221.BJ,易实精密,20130823,
920221.BJ,易实精密,20130822,
920221.BJ,易实精密,20130821,
920221.BJ,易实精密,20130820,
920221.BJ,易实精密,20130819,
920221.BJ,易实精密,20130818,
920221.BJ,易实精密,20130817,
920221.BJ,易实精密,20130816,
920221.BJ,易实精密,20130815,
920221.BJ,易实精密,20130814,
920221.BJ,易实精密,20130813,
920221.BJ,易实精密,20130812,
920221.BJ,易实精密,20130811,
920221.BJ,易实精密,20130810,
920221.BJ,易实精密,20130809,
920221.BJ,易实精密,20130808,
920221.BJ,易实精密,20130807,
920221.BJ,易实精密,20130806,
920221.BJ,易实精密,20130805,
920221.BJ,易实精密,20130804,
920221.BJ,易实精密,20130803,
920221.BJ,易实精密,20130802,
920221.BJ,易实精密,20130801,
920221.BJ,易实精密,20130731,
920221.BJ,易实精密,20130730,
920221.BJ,易实精密,20130729,
920221.BJ,易实精密,20130728,
920221.BJ,易实精密,20130727,
920221.BJ,易实精密,20130726,
920221.BJ,易实精密,20130725,
920221.BJ,易实精密,20130724,
920221.BJ,易实精密,20130723,
920221.BJ,易实精密,20130722,
920221.BJ,易实精密,20130721,
920221.BJ,易实精密,20130720,
920221.BJ,易实精密,20130719,
920221.BJ,易实精密,20130718,
920221.BJ,易实精密,20130717,
920221.BJ,易实精密,20130716,
920221.BJ,易实精密,20130715,
920221.BJ,易实精密,20130714,
920221.BJ,易实精密,20130713,
920221.BJ,易实精密,20130712,
920221.BJ,易实精密,20130711,
920221.BJ,易实精密,20130710,
920221.BJ,易实精密,20130709,
920221.BJ,易实精密,20130708,
920221.BJ,易实精密,20130707,
920221.BJ,易实精密,20130706,
920221.BJ,易实精密,20130705,
920221.BJ,易实精密,20130704,
920221.BJ,易实精密,20130703,
920221.BJ,易实精密,20130702,
920221.BJ,易实精密,20130701,
920221.BJ,易实精密,20130630,
920221.BJ,易实精密,20130629,
920221.BJ,易实精密,20130628,
920221.BJ,易实精密,20130627,
920221.BJ,易实精密,20130626,
920221.BJ,易实精密,20130625,
920221.BJ,易实精密,20130624,
920221.BJ,易实精密,20130623,
920221.BJ,易实精密,20130622,
920221.BJ,易实精密,20130621,
920221.BJ,易实精密,20130620,
920221.BJ,易实精密,20130619,
920221.BJ,易实精密,20130618,
920221.BJ,易实精密,20130617,
920221.BJ,易实精密,20130616,
920221.BJ,易实精密,20130615,
920221.BJ,易实精密,20130614,
920221.BJ,易实精密,20130613,
920221.BJ,易实精密,20130612,
920221.BJ,易实精密,20130611,
920221.BJ,易实精密,20130610,
920221.BJ,易实精密,20130609,
920221.BJ,易实精密,20130608,
920221.BJ,易实精密,20130607,
920221.BJ,易实精密,20130606,
920221.BJ,易实精密,20130605,
920221.BJ,易实精密,20130604,
920221.BJ,易实精密,20130603,
920221.BJ,易实精密,20130602,
920221.BJ,易实精密,20130601,
920221.BJ,易实精密,20130531,
920221.BJ,易实精密,20130530,
920221.BJ,易实精密,20130529,
920221.BJ,易实精密,20130528,
920221.BJ,易实精密,20130527,
920221.BJ,易实精密,20130526,
920221.BJ,易实精密,20130525,
920221.BJ,易实精密,20130524,
920221.BJ,易实精密,20130523,
920221.BJ,易实精密,20130522,
920221.BJ,易实精密,20130521,
920221.BJ,易实精密,20130520,
920221.BJ,易实精密,20130519,
920221.BJ,易实精密,20130518,
920221.BJ,易实精密,20130517,
920221.BJ,易实精密,20130516,
920221.BJ,易实精密,20130515,
920221.BJ,易实精密,20130514,
920221.BJ,易实精密,20130513,
920221.BJ,易实精密,20130512,
920221.BJ,易实精密,20130511,
920221.BJ,易实精密,20130510,
920221.BJ,易实精密,20130509,
920221.BJ,易实精密,20130508,
920221.BJ,易实精密,20130507,
920221.BJ,易实精密,20130506,
920221.BJ,易实精密,20130505,
920221.BJ,易实精密,20130504,
920221.BJ,易实精密,20130503,
920221.BJ,易实精密,20130502,
920221.BJ,易实精密,20130501,
920221.BJ,易实精密,20130430,
920221.BJ,易实精密,20130429,
920221.BJ,易实精密,20130428,
920221.BJ,易实精密,20130427,
920221.BJ,易实精密,20130426,
920221.BJ,易实精密,20130425,
920221.BJ,易实精密,20130424,
920221.BJ,易实精密,20130423,
920221.BJ,易实精密,20130422,
920221.BJ,易实精密,20130421,
920221.BJ,易实精密,20130420,
920221.BJ,易实精密,20130419,
920221.BJ,易实精密,20130418,
920221.BJ,易实精密,20130417,
920221.BJ,易实精密,20130416,
920221.BJ,易实精密,20130415,
920221.BJ,易实精密,20130414,
920221.BJ,易实精密,20130413,
920221.BJ,易实精密,20130412,
920221.BJ,易实精密,20130411,
920221.BJ,易实精密,20130410,
920221.BJ,易实精密,20130409,
920221.BJ,易实精密,20130408,
920221.BJ,易实精密,20130407,
920221.BJ,易实精密,20130406,
920221.BJ,易实精密,20130405,
920221.BJ,易实精密,20130404,
920221.BJ,易实精密,20130403,
920221.BJ,易实精密,20130402,
920221.BJ,易实精密,20130401,
920221.BJ,易实精密,20130331,
920221.BJ,易实精密,20130330,
920221.BJ,易实精密,20130329,
920221.BJ,易实精密,20130328,
920221.BJ,易实精密,20130327,
920221.BJ,易实精密,20130326,
920221.BJ,易实精密,20130325,
920221.BJ,易实精密,20130324,
920221.BJ,易实精密,20130323,
920221.BJ,易实精密,20130322,
920221.BJ,易实精密,20130321,
920221.BJ,易实精密,20130320,
920221.BJ,易实精密,20130319,
920221.BJ,易实精密,20130318,
920221.BJ,易实精密,20130317,
920221.BJ,易实精密,20130316,
920221.BJ,易实精密,20130315,
920221.BJ,易实精密,20130314,
920221.BJ,易实精密,20130313,
920221.BJ,易实精密,20130312,
920221.BJ,易实精密,20130311,
920221.BJ,易实精密,20130310,
920221.BJ,易实精密,20130309,
920221.BJ,易实精密,20130308,
920221.BJ,易实精密,20130307,
920221.BJ,易实精密,20130306,
920221.BJ,易实精密,20130305,
920221.BJ,易实精密,20130304,
920221.BJ,易实精密,20130303,
920221.BJ,易实精密,20130302,
920221.BJ,易实精密,20130301,
920221.BJ,易实精密,20130228,
920221.BJ,易实精密,20130227,
920221.BJ,易实精密,20130226,
920221.BJ,易实精密,20130225,
920221.BJ,易实精密,20130224,
920221.BJ,易实精密,20130223,
920221.BJ,易实精密,20130222,
920221.BJ,易实精密,20130221,
920221.BJ,易实精密,20130220,
920221.BJ,易实精密,20130219,
920221.BJ,易实精密,20130218,
920221.BJ,易实精密,20130217,
920221.BJ,易实精密,20130216,
920221.BJ,易实精密,20130215,
920221.BJ,易实精密,20130214,
920221.BJ,易实精密,20130213,
920221.BJ,易实精密,20130212,
920221.BJ,易实精密,20130211,
920221.BJ,易实精密,20130210,
920221.BJ,易实精密,20130209,
920221.BJ,易实精密,20130208,
920221.BJ,易实精密,20130207,
920221.BJ,易实精密,20130206,
920221.BJ,易实精密,20130205,
920221.BJ,易实精密,20130204,
920221.BJ,易实精密,20130203,
920221.BJ,易实精密,20130202,
920221.BJ,易实精密,20130201,
920221.BJ,易实精密,20130131,
920221.BJ,易实精密,20130130,
920221.BJ,易实精密,20130129,
920221.BJ,易实精密,20130128,
920221.BJ,易实精密,20130127,
920221.BJ,易实精密,20130126,
920221.BJ,易实精密,20130125,
920221.BJ,易实精密,20130124,
920221.BJ,易实精密,20130123,
920221.BJ,易实精密,20130122,
920221.BJ,易实精密,20130121,
920221.BJ,易实精密,20130120,
920221.BJ,易实精密,20130119,
920221.BJ,易实精密,20130118,
920221.BJ,易实精密,20130117,
920221.BJ,易实精密,20130116,
920221.BJ,易实精密,20130115,
920221.BJ,易实精密,20130114,
920221.BJ,易实精密,20130113,
920221.BJ,易实精密,20130112,
920221.BJ,易实精密,20130111,
920221.BJ,易实精密,20130110,
920221.BJ,易实精密,20130109,
920221.BJ,易实精密,20130108,
920221.BJ,易实精密,20130107,
920221.BJ,易实精密,20130106,
920221.BJ,易实精密,20130105,
920221.BJ,易实精密,20130104,
920221.BJ,易实精密,20130103,
920221.BJ,易实精密,20130102,
920221.BJ,易实精密,20130101,
920221.BJ,易实精密,20121231,
920221.BJ,易实精密,20121230,
920221.BJ,易实精密,20121229,
920221.BJ,易实精密,20121228,
920221.BJ,易实精密,20121227,
920221.BJ,易实精密,20121226,
920221.BJ,易实精密,20121225,
920221.BJ,易实精密,20121224,
920221.BJ,易实精密,20121223,
920221.BJ,易实精密,20121222,
920221.BJ,易实精密,20121221,
920221.BJ,易实精密,20121220,
920221.BJ,易实精密,20121219,
920221.BJ,易实精密,20121218,
920221.BJ,易实精密,20121217,
920221.BJ,易实精密,20121216,
920221.BJ,易实精密,20121215,
920221.BJ,易实精密,20121214,
920221.BJ,易实精密,20121213,
920221.BJ,易实精密,20121212,
920221.BJ,易实精密,20121211,
920221.BJ,易实精密,20121210,
920221.BJ,易实精密,20121209,
920221.BJ,易实精密,20121208,
920221.BJ,易实精密,20121207,
920221.BJ,易实精密,20121206,
920221.BJ,易实精密,20121205,
920221.BJ,易实精密,20121204,
920221.BJ,易实精密,20121203,
920221.BJ,易实精密,20121202,
920221.BJ,易实精密,20121201,
920221.BJ,易实精密,20121130,
920221.BJ,易实精密,20121129,
920221.BJ,易实精密,20121128,
920221.BJ,易实精密,20121127,
920221.BJ,易实精密,20121126,
920221.BJ,易实精密,20121125,
920221.BJ,易实精密,20121124,
920221.BJ,易实精密,20121123,
920221.BJ,易实精密,20121122,
920221.BJ,易实精密,20121121,
920221.BJ,易实精密,20121120,
920221.BJ,易实精密,20121119,
920221.BJ,易实精密,20121118,
920221.BJ,易实精密,20121117,
920221.BJ,易实精密,20121116,
920221.BJ,易实精密,20121115,
920221.BJ,易实精密,20121114,
920221.BJ,易实精密,20121113,
920221.BJ,易实精密,20121112,
920221.BJ,易实精密,20121111,
920221.BJ,易实精密,20121110,
920221.BJ,易实精密,20121109,
920221.BJ,易实精密,20121108,
920221.BJ,易实精密,20121107,
920221.BJ,易实精密,20121106,
920221.BJ,易实精密,20121105,
920221.BJ,易实精密,20121104,
920221.BJ,易实精密,20121103,
920221.BJ,易实精密,20121102,
920221.BJ,易实精密,20121101,
920221.BJ,易实精密,20121031,
920221.BJ,易实精密,20121030,
920221.BJ,易实精密,20121029,
920221.BJ,易实精密,20121028,
920221.BJ,易实精密,20121027,
920221.BJ,易实精密,20121026,
920221.BJ,易实精密,20121025,
920221.BJ,易实精密,20121024,
920221.BJ,易实精密,20121023,
920221.BJ,易实精密,20121022,
920221.BJ,易实精密,20121021,
920221.BJ,易实精密,20121020,
920221.BJ,易实精密,20121019,
920221.BJ,易实精密,20121018,
920221.BJ,易实精密,20121017,
920221.BJ,易实精密,20121016,
920221.BJ,易实精密,20121015,
920221.BJ,易实精密,20121014,
920221.BJ,易实精密,20121013,
920221.BJ,易实精密,20121012,
920221.BJ,易实精密,20121011,
920221.BJ,易实精密,20121010,
920221.BJ,易实精密,20121009,
920221.BJ,易实精密,20121008,
920221.BJ,易实精密,20121007,
920221.BJ,易实精密,20121006,
920221.BJ,易实精密,20121005,
920221.BJ,易实精密,20121004,
920221.BJ,易实精密,20121003,
920221.BJ,易实精密,20121002,
920221.BJ,易实精密,20121001,
920221.BJ,易实精密,20120930,
920221.BJ,易实精密,20120929,
920221.BJ,易实精密,20120928,
920221.BJ,易实精密,20120927,
920221.BJ,易实精密,20120926,
920221.BJ,易实精密,20120925,
920221.BJ,易实精密,20120924,
920221.BJ,易实精密,20120923,
920221.BJ,易实精密,20120922,
920221.BJ,易实精密,20120921,
920221.BJ,易实精密,20120920,
920221.BJ,易实精密,20120919,
920221.BJ,易实精密,20120918,
920221.BJ,易实精密,20120917,
920221.BJ,易实精密,20120916,
920221.BJ,易实精密,20120915,
920221.BJ,易实精密,20120914,
920221.BJ,易实精密,20120913,
920221.BJ,易实精密,20120912,
920221.BJ,易实精密,20120911,
920221.BJ,易实精密,20120910,
920221.BJ,易实精密,20120909,
920221.BJ,易实精密,20120908,
920221.BJ,易实精密,20120907,
920221.BJ,易实精密,20120906,
920221.BJ,易实精密,20120905,
920221.BJ,易实精密,20120904,
920221.BJ,易实精密,20120903,
920221.BJ,易实精密,20120902,
920221.BJ,易实精密,20120901,
920221.BJ,易实精密,20120831,
920221.BJ,易实精密,20120830,
920221.BJ,易实精密,20120829,
920221.BJ,易实精密,20120828,
920221.BJ,易实精密,20120827,
920221.BJ,易实精密,20120826,
920221.BJ,易实精密,20120825,
920221.BJ,易实精密,20120824,
920221.BJ,易实精密,20120823,
920221.BJ,易实精密,20120822,
920221.BJ,易实精密,20120821,
920221.BJ,易实精密,20120820,
920221.BJ,易实精密,20120819,
920221.BJ,易实精密,20120818,
920221.BJ,易实精密,20120817,
920221.BJ,易实精密,20120816,
920221.BJ,易实精密,20120815,
920221.BJ,易实精密,20120814,
920221.BJ,易实精密,20120813,
920221.BJ,易实精密,20120812,
920221.BJ,易实精密,20120811,
920221.BJ,易实精密,20120810,
920221.BJ,易实精密,20120809,
920221.BJ,易实精密,20120808,
920221.BJ,易实精密,20120807,
920221.BJ,易实精密,20120806,
920221.BJ,易实精密,20120805,
920221.BJ,易实精密,20120804,
920221.BJ,易实精密,20120803,
920221.BJ,易实精密,20120802,
920221.BJ,易实精密,20120801,
920221.BJ,易实精密,20120731,
920221.BJ,易实精密,20120730,
920221.BJ,易实精密,20120729,
920221.BJ,易实精密,20120728,
920221.BJ,易实精密,20120727,
920221.BJ,易实精密,20120726,
920221.BJ,易实精密,20120725,
920221.BJ,易实精密,20120724,
920221.BJ,易实精密,20120723,
920221.BJ,易实精密,20120722,
920221.BJ,易实精密,20120721,
920221.BJ,易实精密,20120720,
920221.BJ,易实精密,20120719,
920221.BJ,易实精密,20120718,
920221.BJ,易实精密,20120717,
920221.BJ,易实精密,20120716,
920221.BJ,易实精密,20120715,
920221.BJ,易实精密,20120714,
920221.BJ,易实精密,20120713,
920221.BJ,易实精密,20120712,
920221.BJ,易实精密,20120711,
920221.BJ,易实精密,20120710,
920221.BJ,易实精密,20120709,
920221.BJ,易实精密,20120708,
920221.BJ,易实精密,20120707,
920221.BJ,易实精密,20120706,
920221.BJ,易实精密,20120705,
920221.BJ,易实精密,20120704,
920221.BJ,易实精密,20120703,
920221.BJ,易实精密,20120702,
920221.BJ,易实精密,20120701,
920221.BJ,易实精密,20120630,
920221.BJ,易实精密,20120629,
920221.BJ,易实精密,20120628,
920221.BJ,易实精密,20120627,
920221.BJ,易实精密,20120626,
920221.BJ,易实精密,20120625,
920221.BJ,易实精密,20120624,
920221.BJ,易实精密,20120623,
920221.BJ,易实精密,20120622,
920221.BJ,易实精密,20120621,
920221.BJ,易实精密,20120620,
920221.BJ,易实精密,20120619,
920221.BJ,易实精密,20120618,
920221.BJ,易实精密,20120617,
920221.BJ,易实精密,20120616,
920221.BJ,易实精密,20120615,
920221.BJ,易实精密,20120614,
920221.BJ,易实精密,20120613,
920221.BJ,易实精密,20120612,
920221.BJ,易实精密,20120611,
920221.BJ,易实精密,20120610,
920221.BJ,易实精密,20120609,
920221.BJ,易实精密,20120608,
920221.BJ,易实精密,20120607,
920221.BJ,易实精密,20120606,
920221.BJ,易实精密,20120605,
920221.BJ,易实精密,20120604,
920221.BJ,易实精密,20120603,
920221.BJ,易实精密,20120602,
920221.BJ,易实精密,20120601,
920221.BJ,易实精密,20120531,
920221.BJ,易实精密,20120530,
920221.BJ,易实精密,20120529,
920221.BJ,易实精密,20120528,
920221.BJ,易实精密,20120527,
920221.BJ,易实精密,20120526,
920221.BJ,易实精密,20120525,
920221.BJ,易实精密,20120524,
920221.BJ,易实精密,20120523,
920221.BJ,易实精密,20120522,
920221.BJ,易实精密,20120521,
920221.BJ,易实精密,20120520,
920221.BJ,易实精密,20120519,
920221.BJ,易实精密,20120518,
920221.BJ,易实精密,20120517,
920221.BJ,易实精密,20120516,
920221.BJ,易实精密,20120515,
920221.BJ,易实精密,20120514,
920221.BJ,易实精密,20120513,
920221.BJ,易实精密,20120512,
920221.BJ,易实精密,20120511,
920221.BJ,易实精密,20120510,
920221.BJ,易实精密,20120509,
920221.BJ,易实精密,20120508,
920221.BJ,易实精密,20120507,
920221.BJ,易实精密,20120506,
920221.BJ,易实精密,20120505,
920221.BJ,易实精密,20120504,
920221.BJ,易实精密,20120503,
920221.BJ,易实精密,20120502,
920221.BJ,易实精密,20120501,
920221.BJ,易实精密,20120430,
920221.BJ,易实精密,20120429,
920221.BJ,易实精密,20120428,
920221.BJ,易实精密,20120427,
920221.BJ,易实精密,20120426,
920221.BJ,易实精密,20120425,
920221.BJ,易实精密,20120424,
920221.BJ,易实精密,20120423,
920221.BJ,易实精密,20120422,
920221.BJ,易实精密,20120421,
920221.BJ,易实精密,20120420,
920221.BJ,易实精密,20120419,
920221.BJ,易实精密,20120418,
920221.BJ,易实精密,20120417,
920221.BJ,易实精密,20120416,
920221.BJ,易实精密,20120415,
920221.BJ,易实精密,20120414,
920221.BJ,易实精密,20120413,
920221.BJ,易实精密,20120412,
920221.BJ,易实精密,20120411,
920221.BJ,易实精密,20120410,
920221.BJ,易实精密,20120409,
920221.BJ,易实精密,20120408,
920221.BJ,易实精密,20120407,
920221.BJ,易实精密,20120406,
920221.BJ,易实精密,20120405,
920221.BJ,易实精密,20120404,
920221.BJ,易实精密,20120403,
920221.BJ,易实精密,20120402,
920221.BJ,易实精密,20120401,
920221.BJ,易实精密,20120331,
920221.BJ,易实精密,20120330,
920221.BJ,易实精密,20120329,
920221.BJ,易实精密,20120328,
920221.BJ,易实精密,20120327,
920221.BJ,易实精密,20120326,
920221.BJ,易实精密,20120325,
920221.BJ,易实精密,20120324,
920221.BJ,易实精密,20120323,
920221.BJ,易实精密,20120322,
920221.BJ,易实精密,20120321,
920221.BJ,易实精密,20120320,
920221.BJ,易实精密,20120319,
920221.BJ,易实精密,20120318,
920221.BJ,易实精密,20120317,
920221.BJ,易实精密,20120316,
920221.BJ,易实精密,20120315,
920221.BJ,易实精密,20120314,
920221.BJ,易实精密,20120313,
920221.BJ,易实精密,20120312,
920221.BJ,易实精密,20120311,
920221.BJ,易实精密,20120310,
920221.BJ,易实精密,20120309,
920221.BJ,易实精密,20120308,
920221.BJ,易实精密,20120307,
920221.BJ,易实精密,20120306,
920221.BJ,易实精密,20120305,
920221.BJ,易实精密,20120304,
920221.BJ,易实精密,20120303,
920221.BJ,易实精密,20120302,
920221.BJ,易实精密,20120301,
920221.BJ,易实精密,20120229,
920221.BJ,易实精密,20120228,
920221.BJ,易实精密,20120227,
920221.BJ,易实精密,20120226,
920221.BJ,易实精密,20120225,
920221.BJ,易实精密,20120224,
920221.BJ,易实精密,20120223,
920221.BJ,易实精密,20120222,
920221.BJ,易实精密,20120221,
920221.BJ,易实精密,20120220,
920221.BJ,易实精密,20120219,
920221.BJ,易实精密,20120218,
920221.BJ,易实精密,20120217,
920221.BJ,易实精密,20120216,
920221.BJ,易实精密,20120215,
920221.BJ,易实精密,20120214,
920221.BJ,易实精密,20120213,
920221.BJ,易实精密,20120212,
920221.BJ,易实精密,20120211,
920221.BJ,易实精密,20120210,
920221.BJ,易实精密,20120209,
920221.BJ,易实精密,20120208,
920221.BJ,易实精密,20120207,
920221.BJ,易实精密,20120206,
920221.BJ,易实精密,20120205,
920221.BJ,易实精密,20120204,
920221.BJ,易实精密,20120203,
920221.BJ,易实精密,20120202,
920221.BJ,易实精密,20120201,
920221.BJ,易实精密,20120131,
920221.BJ,易实精密,20120130,
920221.BJ,易实精密,20120129,
920221.BJ,易实精密,20120128,
920221.BJ,易实精密,20120127,
920221.BJ,易实精密,20120126,
920221.BJ,易实精密,20120125,
920221.BJ,易实精密,20120124,
920221.BJ,易实精密,20120123,
920221.BJ,易实精密,20120122,
920221.BJ,易实精密,20120121,
920221.BJ,易实精密,20120120,
920221.BJ,易实精密,20120119,
920221.BJ,易实精密,20120118,
920221.BJ,易实精密,20120117,
920221.BJ,易实精密,20120116,
920221.BJ,易实精密,20120115,
920221.BJ,易实精密,20120114,
920221.BJ,易实精密,20120113,
920221.BJ,易实精密,20120112,
920221.BJ,易实精密,20120111,
920221.BJ,易实精密,20120110,
920221.BJ,易实精密,20120109,
920221.BJ,易实精密,20120108,
920221.BJ,易实精密,20120107,
920221.BJ,易实精密,20120106,
920221.BJ,易实精密,20120105,
920221.BJ,易实精密,20120104,
920221.BJ,易实精密,20120103,
920221.BJ,易实精密,20120102,
920221.BJ,易实精密,20120101,
920221.BJ,易实精密,20111231,
920221.BJ,易实精密,20111230,
920221.BJ,易实精密,20111229,
920221.BJ,易实精密,20111228,
920221.BJ,易实精密,20111227,
920221.BJ,易实精密,20111226,
920221.BJ,易实精密,20111225,
920221.BJ,易实精密,20111224,
920221.BJ,易实精密,20111223,
920221.BJ,易实精密,20111222,
920221.BJ,易实精密,20111221,
920221.BJ,易实精密,20111220,
920221.BJ,易实精密,20111219,
920221.BJ,易实精密,20111218,
920221.BJ,易实精密,20111217,
920221.BJ,易实精密,20111216,
920221.BJ,易实精密,20111215,
920221.BJ,易实精密,20111214,
920221.BJ,易实精密,20111213,
920221.BJ,易实精密,20111212,
920221.BJ,易实精密,20111211,
920221.BJ,易实精密,20111210,
920221.BJ,易实精密,20111209,
920221.BJ,易实精密,20111208,
920221.BJ,易实精密,20111207,
920221.BJ,易实精密,20111206,
920221.BJ,易实精密,20111205,
920221.BJ,易实精密,20111204,
920221.BJ,易实精密,20111203,
920221.BJ,易实精密,20111202,
920221.BJ,易实精密,20111201,
920221.BJ,易实精密,20111130,
920221.BJ,易实精密,20111129,
920221.BJ,易实精密,20111128,
920221.BJ,易实精密,20111127,
920221.BJ,易实精密,20111126,
920221.BJ,易实精密,20111125,
920221.BJ,易实精密,20111124,
920221.BJ,易实精密,20111123,
920221.BJ,易实精密,20111122,
920221.BJ,易实精密,20111121,
920221.BJ,易实精密,20111120,
920221.BJ,易实精密,20111119,
920221.BJ,易实精密,20111118,
920221.BJ,易实精密,20111117,
920221.BJ,易实精密,20111116,
920221.BJ,易实精密,20111115,
920221.BJ,易实精密,20111114,
920221.BJ,易实精密,20111113,
920221.BJ,易实精密,20111112,
920221.BJ,易实精密,20111111,
920221.BJ,易实精密,20111110,
920221.BJ,易实精密,20111109,
920221.BJ,易实精密,20111108,
920221.BJ,易实精密,20111107,
920221.BJ,易实精密,20111106,
920221.BJ,易实精密,20111105,
920221.BJ,易实精密,20111104,
920221.BJ,易实精密,20111103,
920221.BJ,易实精密,20111102,
920221.BJ,易实精密,20111101,
920221.BJ,易实精密,20111031,
920221.BJ,易实精密,20111030,
920221.BJ,易实精密,20111029,
920221.BJ,易实精密,20111028,
920221.BJ,易实精密,20111027,
920221.BJ,易实精密,20111026,
920221.BJ,易实精密,20111025,
920221.BJ,易实精密,20111024,
920221.BJ,易实精密,20111023,
920221.BJ,易实精密,20111022,
920221.BJ,易实精密,20111021,
920221.BJ,易实精密,20111020,
920221.BJ,易实精密,20111019,
920221.BJ,易实精密,20111018,
920221.BJ,易实精密,20111017,
920221.BJ,易实精密,20111016,
920221.BJ,易实精密,20111015,
920221.BJ,易实精密,20111014,
920221.BJ,易实精密,20111013,
920221.BJ,易实精密,20111012,
920221.BJ,易实精密,20111011,
920221.BJ,易实精密,20111010,
920221.BJ,易实精密,20111009,
920221.BJ,易实精密,20111008,
920221.BJ,易实精密,20111007,
920221.BJ,易实精密,20111006,
920221.BJ,易实精密,20111005,
920221.BJ,易实精密,20111004,
920221.BJ,易实精密,20111003,
920221.BJ,易实精密,20111002,
920221.BJ,易实精密,20111001,
920221.BJ,易实精密,20110930,
920221.BJ,易实精密,20110929,
920221.BJ,易实精密,20110928,
920221.BJ,易实精密,20110927,
920221.BJ,易实精密,20110926,
920221.BJ,易实精密,20110925,
920221.BJ,易实精密,20110924,
920221.BJ,易实精密,20110923,
920221.BJ,易实精密,20110922,
920221.BJ,易实精密,20110921,
920221.BJ,易实精密,20110920,
920221.BJ,易实精密,20110919,
920221.BJ,易实精密,20110918,
920221.BJ,易实精密,20110917,
920221.BJ,易实精密,20110916,
920221.BJ,易实精密,20110915,
920221.BJ,易实精密,20110914,
920221.BJ,易实精密,20110913,
920221.BJ,易实精密,20110912,
920221.BJ,易实精密,20110911,
920221.BJ,易实精密,20110910,
920221.BJ,易实精密,20110909,
920221.BJ,易实精密,20110908,
920221.BJ,易实精密,20110907,
920221.BJ,易实精密,20110906,
920221.BJ,易实精密,20110905,
920221.BJ,易实精密,20110904,
920221.BJ,易实精密,20110903,
920221.BJ,易实精密,20110902,
920221.BJ,易实精密,20110901,
920221.BJ,易实精密,20110831,
920221.BJ,易实精密,20110830,
920221.BJ,易实精密,20110829,
920221.BJ,易实精密,20110828,
920221.BJ,易实精密,20110827,
920221.BJ,易实精密,20110826,
920221.BJ,易实精密,20110825,
920221.BJ,易实精密,20110824,
920221.BJ,易实精密,20110823,
920221.BJ,易实精密,20110822,
920221.BJ,易实精密,20110821,
920221.BJ,易实精密,20110820,
920221.BJ,易实精密,20110819,
920221.BJ,易实精密,20110818,
920221.BJ,易实精密,20110817,
920221.BJ,易实精密,20110816,
920221.BJ,易实精密,20110815,
920221.BJ,易实精密,20110814,
920221.BJ,易实精密,20110813,
920221.BJ,易实精密,20110812,
920221.BJ,易实精密,20110811,
920221.BJ,易实精密,20110810,
920221.BJ,易实精密,20110809,
920221.BJ,易实精密,20110808,
920221.BJ,易实精密,20110807,
920221.BJ,易实精密,20110806,
920221.BJ,易实精密,20110805,
920221.BJ,易实精密,20110804,
920221.BJ,易实精密,20110803,
920221.BJ,易实精密,20110802,
920221.BJ,易实精密,20110801,
920221.BJ,易实精密,20110731,
920221.BJ,易实精密,20110730,
920221.BJ,易实精密,20110729,
920221.BJ,易实精密,20110728,
920221.BJ,易实精密,20110727,
920221.BJ,易实精密,20110726,
920221.BJ,易实精密,20110725,
920221.BJ,易实精密,20110724,
920221.BJ,易实精密,20110723,
920221.BJ,易实精密,20110722,
920221.BJ,易实精密,20110721,
920221.BJ,易实精密,20110720,
920221.BJ,易实精密,20110719,
920221.BJ,易实精密,20110718,
920221.BJ,易实精密,20110717,
920221.BJ,易实精密,20110716,
920221.BJ,易实精密,20110715,
920221.BJ,易实精密,20110714,
920221.BJ,易实精密,20110713,
920221.BJ,易实精密,20110712,
920221.BJ,易实精密,20110711,
920221.BJ,易实精密,20110710,
920221.BJ,易实精密,20110709,
920221.BJ,易实精密,20110708,
920221.BJ,易实精密,20110707,
920221.BJ,易实精密,20110706,
920221.BJ,易实精密,20110705,
920221.BJ,易实精密,20110704,
920221.BJ,易实精密,20110703,
920221.BJ,易实精密,20110702,
920221.BJ,易实精密,20110701,
920221.BJ,易实精密,20110630,
920221.BJ,易实精密,20110629,
920221.BJ,易实精密,20110628,
920221.BJ,易实精密,20110627,
920221.BJ,易实精密,20110626,
920221.BJ,易实精密,20110625,
920221.BJ,易实精密,20110624,
920221.BJ,易实精密,20110623,
920221.BJ,易实精密,20110622,
920221.BJ,易实精密,20110621,
920221.BJ,易实精密,20110620,
920221.BJ,易实精密,20110619,
920221.BJ,易实精密,20110618,
920221.BJ,易实精密,20110617,
920221.BJ,易实精密,20110616,
920221.BJ,易实精密,20110615,
920221.BJ,易实精密,20110614,
920221.BJ,易实精密,20110613,
920221.BJ,易实精密,20110612,
920221.BJ,易实精密,20110611,
920221.BJ,易实精密,20110610,
920221.BJ,易实精密,20110609,
920221.BJ,易实精密,20110608,
920221.BJ,易实精密,20110607,
920221.BJ,易实精密,20110606,
920221.BJ,易实精密,20110605,
920221.BJ,易实精密,20110604,
920221.BJ,易实精密,20110603,
920221.BJ,易实精密,20110602,
920221.BJ,易实精密,20110601,
920221.BJ,易实精密,20110531,
920221.BJ,易实精密,20110530,
920221.BJ,易实精密,20110529,
920221.BJ,易实精密,20110528,
920221.BJ,易实精密,20110527,
920221.BJ,易实精密,20110526,
920221.BJ,易实精密,20110525,
920221.BJ,易实精密,20110524,
920221.BJ,易实精密,20110523,
920221.BJ,易实精密,20110522,
920221.BJ,易实精密,20110521,
920221.BJ,易实精密,20110520,
920221.BJ,易实精密,20110519,
920221.BJ,易实精密,20110518,
920221.BJ,易实精密,20110517,
920221.BJ,易实精密,20110516,
920221.BJ,易实精密,20110515,
920221.BJ,易实精密,20110514,
920221.BJ,易实精密,20110513,
920221.BJ,易实精密,20110512,
920221.BJ,易实精密,20110511,
920221.BJ,易实精密,20110510,
920221.BJ,易实精密,20110509,
920221.BJ,易实精密,20110508,
920221.BJ,易实精密,20110507,
920221.BJ,易实精密,20110506,
920221.BJ,易实精密,20110505,
920221.BJ,易实精密,20110504,
920221.BJ,易实精密,20110503,
920221.BJ,易实精密,20110502,
920221.BJ,易实精密,20110501,
920221.BJ,易实精密,20110430,
920221.BJ,易实精密,20110429,
920221.BJ,易实精密,20110428,
920221.BJ,易实精密,20110427,
920221.BJ,易实精密,20110426,
920221.BJ,易实精密,20110425,
920221.BJ,易实精密,20110424,
920221.BJ,易实精密,20110423,
920221.BJ,易实精密,20110422,
920221.BJ,易实精密,20110421,
920221.BJ,易实精密,20110420,
920221.BJ,易实精密,20110419,
920221.BJ,易实精密,20110418,
920221.BJ,易实精密,20110417,
920221.BJ,易实精密,20110416,
920221.BJ,易实精密,20110415,
920221.BJ,易实精密,20110414,
920221.BJ,易实精密,20110413,
920221.BJ,易实精密,20110412,
920221.BJ,易实精密,20110411,
920221.BJ,易实精密,20110410,
920221.BJ,易实精密,20110409,
920221.BJ,易实精密,20110408,
920221.BJ,易实精密,20110407,
920221.BJ,易实精密,20110406,
920221.BJ,易实精密,20110405,
920221.BJ,易实精密,20110404,
920221.BJ,易实精密,20110403,
920221.BJ,易实精密,20110402,
920221.BJ,易实精密,20110401,
920221.BJ,易实精密,20110331,
920221.BJ,易实精密,20110330,
920221.BJ,易实精密,20110329,
920221.BJ,易实精密,20110328,
920221.BJ,易实精密,20110327,
920221.BJ,易实精密,20110326,
920221.BJ,易实精密,20110325,
920221.BJ,易实精密,20110324,
920221.BJ,易实精密,20110323,
920221.BJ,易实精密,20110322,
920221.BJ,易实精密,20110321,
920221.BJ,易实精密,20110320,
920221.BJ,易实精密,20110319,
920221.BJ,易实精密,20110318,
920221.BJ,易实精密,20110317,
920221.BJ,易实精密,20110316,
920221.BJ,易实精密,20110315,
920221.BJ,易实精密,20110314,
920221.BJ,易实精密,20110313,
920221.BJ,易实精密,20110312,
920221.BJ,易实精密,20110311,
920221.BJ,易实精密,20110310,
920221.BJ,易实精密,20110309,
920221.BJ,易实精密,20110308,
920221.BJ,易实精密,20110307,
920221.BJ,易实精密,20110306,
920221.BJ,易实精密,20110305,
920221.BJ,易实精密,20110304,
920221.BJ,易实精密,20110303,
920221.BJ,易实精密,20110302,
920221.BJ,易实精密,20110301,
920221.BJ,易实精密,20110228,
920221.BJ,易实精密,20110227,
920221.BJ,易实精密,20110226,
920221.BJ,易实精密,20110225,
920221.BJ,易实精密,20110224,
920221.BJ,易实精密,20110223,
920221.BJ,易实精密,20110222,
920221.BJ,易实精密,20110221,
920221.BJ,易实精密,20110220,
920221.BJ,易实精密,20110219,
920221.BJ,易实精密,20110218,
920221.BJ,易实精密,20110217,
920221.BJ,易实精密,20110216,
920221.BJ,易实精密,20110215,
920221.BJ,易实精密,20110214,
920221.BJ,易实精密,20110213,
920221.BJ,易实精密,20110212,
920221.BJ,易实精密,20110211,
920221.BJ,易实精密,20110210,
920221.BJ,易实精密,20110209,
920221.BJ,易实精密,20110208,
920221.BJ,易实精密,20110207,
920221.BJ,易实精密,20110206,
920221.BJ,易实精密,20110205,
920221.BJ,易实精密,20110204,
920221.BJ,易实精密,20110203,
920221.BJ,易实精密,20110202,
920221.BJ,易实精密,20110201,
920221.BJ,易实精密,20110131,
920221.BJ,易实精密,20110130,
920221.BJ,易实精密,20110129,
920221.BJ,易实精密,20110128,
920221.BJ,易实精密,20110127,
920221.BJ,易实精密,20110126,
920221.BJ,易实精密,20110125,
920221.BJ,易实精密,20110124,
920221.BJ,易实精密,20110123,
920221.BJ,易实精密,20110122,
920221.BJ,易实精密,20110121,
920221.BJ,易实精密,20110120,
920221.BJ,易实精密,20110119,
920221.BJ,易实精密,20110118,
920221.BJ,易实精密,20110117,
920221.BJ,易实精密,20110116,
920221.BJ,易实精密,20110115,
920221.BJ,易实精密,20110114,
920221.BJ,易实精密,20110113,
920221.BJ,易实精密,20110112,
920221.BJ,易实精密,20110111,
920221.BJ,易实精密,20110110,
920221.BJ,易实精密,20110109,
920221.BJ,易实精密,20110108,
920221.BJ,易实精密,20110107,
920221.BJ,易实精密,20110106,
920221.BJ,易实精密,20110105,
920221.BJ,易实精密,20110104,
920221.BJ,易实精密,20110103,
920221.BJ,易实精密,20110102,
920221.BJ,易实精密,20110101,
920221.BJ,易实精密,20101231,
920221.BJ,易实精密,20101230,
920221.BJ,易实精密,20101229,
920221.BJ,易实精密,20101228,
920221.BJ,易实精密,20101227,
920221.BJ,易实精密,20101226,
920221.BJ,易实精密,20101225,
920221.BJ,易实精密,20101224,
920221.BJ,易实精密,20101223,
920221.BJ,易实精密,20101222,
920221.BJ,易实精密,20101221,
920221.BJ,易实精密,20101220,
920221.BJ,易实精密,20101219,
920221.BJ,易实精密,20101218,
920221.BJ,易实精密,20101217,
920221.BJ,易实精密,20101216,
920221.BJ,易实精密,20101215,
920221.BJ,易实精密,20101214,
920221.BJ,易实精密,20101213,
920221.BJ,易实精密,20101212,
920221.BJ,易实精密,20101211,
920221.BJ,易实精密,20101210,
920221.BJ,易实精密,20101209,
920221.BJ,易实精密,20101208,
920221.BJ,易实精密,20101207,
920221.BJ,易实精密,20101206,
920221.BJ,易实精密,20101205,
920221.BJ,易实精密,20101204,
920221.BJ,易实精密,20101203,
920221.BJ,易实精密,20101202,
920221.BJ,易实精密,20101201,
920221.BJ,易实精密,20101130,
920221.BJ,易实精密,20101129,
920221.BJ,易实精密,20101128,
920221.BJ,易实精密,20101127,
920221.BJ,易实精密,20101126,
920221.BJ,易实精密,20101125,
920221.BJ,易实精密,20101124,
920221.BJ,易实精密,20101123,
920221.BJ,易实精密,20101122,
920221.BJ,易实精密,20101121,
920221.BJ,易实精密,20101120,
920221.BJ,易实精密,20101119,
920221.BJ,易实精密,20101118,
920221.BJ,易实精密,20101117,
920221.BJ,易实精密,20101116,
920221.BJ,易实精密,20101115,
920221.BJ,易实精密,20101114,
920221.BJ,易实精密,20101113,
920221.BJ,易实精密,20101112,
920221.BJ,易实精密,20101111,
920221.BJ,易实精密,20101110,
920221.BJ,易实精密,20101109,
920221.BJ,易实精密,20101108,
920221.BJ,易实精密,20101107,
920221.BJ,易实精密,20101106,
920221.BJ,易实精密,20101105,
920221.BJ,易实精密,20101104,
920221.BJ,易实精密,20101103,
920221.BJ,易实精密,20101102,
920221.BJ,易实精密,20101101,
920221.BJ,易实精密,20101031,
920221.BJ,易实精密,20101030,
920221.BJ,易实精密,20101029,
920221.BJ,易实精密,20101028,
920221.BJ,易实精密,20101027,
920221.BJ,易实精密,20101026,
920221.BJ,易实精密,20101025,
920221.BJ,易实精密,20101024,
920221.BJ,易实精密,20101023,
920221.BJ,易实精密,20101022,
920221.BJ,易实精密,20101021,
920221.BJ,易实精密,20101020,
920221.BJ,易实精密,20101019,
920221.BJ,易实精密,20101018,
920221.BJ,易实精密,20101017,
920221.BJ,易实精密,20101016,
920221.BJ,易实精密,20101015,
920221.BJ,易实精密,20101014,
920221.BJ,易实精密,20101013,
920221.BJ,易实精密,20101012,
920221.BJ,易实精密,20101011,
920221.BJ,易实精密,20101010,
920221.BJ,易实精密,20101009,
920221.BJ,易实精密,20101008,
920221.BJ,易实精密,20101007,
920221.BJ,易实精密,20101006,
920221.BJ,易实精密,20101005,
920221.BJ,易实精密,20101004,
920221.BJ,易实精密,20101003,
920221.BJ,易实精密,20101002,
920221.BJ,易实精密,20101001,
920221.BJ,易实精密,20100930,
920221.BJ,易实精密,20100929,
920221.BJ,易实精密,20100928,
920221.BJ,易实精密,20100927,
920221.BJ,易实精密,20100926,
920221.BJ,易实精密,20100925,
920221.BJ,易实精密,20100924,
920221.BJ,易实精密,20100923,
920221.BJ,易实精密,20100922,
920221.BJ,易实精密,20100921,
920221.BJ,易实精密,20100920,
920221.BJ,易实精密,20100919,
920221.BJ,易实精密,20100918,
920221.BJ,易实精密,20100917,
920221.BJ,易实精密,20100916,
920221.BJ,易实精密,20100915,
920221.BJ,易实精密,20100914,
920221.BJ,易实精密,20100913,
920221.BJ,易实精密,20100912,
920221.BJ,易实精密,20100911,
920221.BJ,易实精密,20100910,
920221.BJ,易实精密,20100909,
920221.BJ,易实精密,20100908,
920221.BJ,易实精密,20100907,
920221.BJ,易实精密,20100906,
920221.BJ,易实精密,20100905,
920221.BJ,易实精密,20100904,
920221.BJ,易实精密,20100903,
920221.BJ,易实精密,20100902,
920221.BJ,易实精密,20100901,
920221.BJ,易实精密,20100831,
920221.BJ,易实精密,20100830,
920221.BJ,易实精密,20100829,
920221.BJ,易实精密,20100828,
920221.BJ,易实精密,20100827,
920221.BJ,易实精密,20100826,
920221.BJ,易实精密,20100825,
920221.BJ,易实精密,20100824,
920221.BJ,易实精密,20100823,
920221.BJ,易实精密,20100822,
920221.BJ,易实精密,20100821,
920221.BJ,易实精密,20100820,
920221.BJ,易实精密,20100819,
920221.BJ,易实精密,20100818,
920221.BJ,易实精密,20100817,
920221.BJ,易实精密,20100816,
920221.BJ,易实精密,20100815,
920221.BJ,易实精密,20100814,
920221.BJ,易实精密,20100813,
920221.BJ,易实精密,20100812,
920221.BJ,易实精密,20100811,
920221.BJ,易实精密,20100810,
920221.BJ,易实精密,20100809,
920221.BJ,易实精密,20100808,
920221.BJ,易实精密,20100807,
920221.BJ,易实精密,20100806,
920221.BJ,易实精密,20100805,
920221.BJ,易实精密,20100804,
920221.BJ,易实精密,20100803,
920221.BJ,易实精密,20100802,
920221.BJ,易实精密,20100801,
920221.BJ,易实精密,20100731,
920221.BJ,易实精密,20100730,
920221.BJ,易实精密,20100729,
920221.BJ,易实精密,20100728,
920221.BJ,易实精密,20100727,
920221.BJ,易实精密,20100726,
920221.BJ,易实精密,20100725,
920221.BJ,易实精密,20100724,
920221.BJ,易实精密,20100723,
920221.BJ,易实精密,20100722,
920221.BJ,易实精密,20100721,
920221.BJ,易实精密,20100720,
920221.BJ,易实精密,20100719,
920221.BJ,易实精密,20100718,
920221.BJ,易实精密,20100717,
920221.BJ,易实精密,20100716,
920221.BJ,易实精密,20100715,
920221.BJ,易实精密,20100714,
920221.BJ,易实精密,20100713,
920221.BJ,易实精密,20100712,
920221.BJ,易实精密,20100711,
920221.BJ,易实精密,20100710,
920221.BJ,易实精密,20100709,
920221.BJ,易实精密,20100708,
920221.BJ,易实精密,20100707,
920221.BJ,易实精密,20100706,
920221.BJ,易实精密,20100705,
920221.BJ,易实精密,20100704,
920221.BJ,易实精密,20100703,
920221.BJ,易实精密,20100702,
920221.BJ,易实精密,20100701,
920221.BJ,易实精密,20100630,
920221.BJ,易实精密,20100629,
920221.BJ,易实精密,20100628,
920221.BJ,易实精密,20100627,
920221.BJ,易实精密,20100626,
920221.BJ,易实精密,20100625,
920221.BJ,易实精密,20100624,
920221.BJ,易实精密,20100623,
920221.BJ,易实精密,20100622,
920221.BJ,易实精密,20100621,
920221.BJ,易实精密,20100620,
920221.BJ,易实精密,20100619,
920221.BJ,易实精密,20100618,
920221.BJ,易实精密,20100617,
920221.BJ,易实精密,20100616,
920221.BJ,易实精密,20100615,
920221.BJ,易实精密,20100614,
920221.BJ,易实精密,20100613,
920221.BJ,易实精密,20100612,
920221.BJ,易实精密,20100611,
920221.BJ,易实精密,20100610,
920221.BJ,易实精密,20100609,
920221.BJ,易实精密,20100608,
920221.BJ,易实精密,20100607,
920221.BJ,易实精密,20100606,
920221.BJ,易实精密,20100605,
920221.BJ,易实精密,20100604,
920221.BJ,易实精密,20100603,
920221.BJ,易实精密,20100602,
920221.BJ,易实精密,20100601,
920221.BJ,易实精密,20100531,
920221.BJ,易实精密,20100530,
920221.BJ,易实精密,20100529,
920221.BJ,易实精密,20100528,
920221.BJ,易实精密,20100527,
920221.BJ,易实精密,20100526,
920221.BJ,易实精密,20100525,
920221.BJ,易实精密,20100524,
920221.BJ,易实精密,20100523,
920221.BJ,易实精密,20100522,
920221.BJ,易实精密,20100521,
920221.BJ,易实精密,20100520,
920221.BJ,易实精密,20100519,
920221.BJ,易实精密,20100518,
920221.BJ,易实精密,20100517,
920221.BJ,易实精密,20100516,
920221.BJ,易实精密,20100515,
920221.BJ,易实精密,20100514,
920221.BJ,易实精密,20100513,
920221.BJ,易实精密,20100512,
920221.BJ,易实精密,20100511,
920221.BJ,易实精密,20100510,
920221.BJ,易实精密,20100509,
920221.BJ,易实精密,20100508,
920221.BJ,易实精密,20100507,
920221.BJ,易实精密,20100506,
920221.BJ,易实精密,20100505,
920221.BJ,易实精密,20100504,
920221.BJ,易实精密,20100503,
920221.BJ,易实精密,20100502,
920221.BJ,易实精密,20100501,
920221.BJ,易实精密,20100430,
920221.BJ,易实精密,20100429,
920221.BJ,易实精密,20100428,
920221.BJ,易实精密,20100427,
920221.BJ,易实精密,20100426,
920221.BJ,易实精密,20100425,
920221.BJ,易实精密,20100424,
920221.BJ,易实精密,20100423,
920221.BJ,易实精密,20100422,
920221.BJ,易实精密,20100421,
920221.BJ,易实精密,20100420,
920221.BJ,易实精密,20100419,
920221.BJ,易实精密,20100418,
920221.BJ,易实精密,20100417,
920221.BJ,易实精密,20100416,
920221.BJ,易实精密,20100415,
920221.BJ,易实精密,20100414,
920221.BJ,易实精密,20100413,
920221.BJ,易实精密,20100412,
920221.BJ,易实精密,20100411,
920221.BJ,易实精密,20100410,
920221.BJ,易实精密,20100409,
920221.BJ,易实精密,20100408,
920221.BJ,易实精密,20100407,
920221.BJ,易实精密,20100406,
920221.BJ,易实精密,20100405,
920221.BJ,易实精密,20100404,
920221.BJ,易实精密,20100403,
920221.BJ,易实精密,20100402,
920221.BJ,易实精密,20100401,
920221.BJ,易实精密,20100331,
920221.BJ,易实精密,20100330,
920221.BJ,易实精密,20100329,
920221.BJ,易实精密,20100328,
920221.BJ,易实精密,20100327,
920221.BJ,易实精密,20100326,
920221.BJ,易实精密,20100325,
920221.BJ,易实精密,20100324,
920221.BJ,易实精密,20100323,
920221.BJ,易实精密,20100322,
920221.BJ,易实精密,20100321,
920221.BJ,易实精密,20100320,
920221.BJ,易实精密,20100319,
920221.BJ,易实精密,20100318,
920221.BJ,易实精密,20100317,
920221.BJ,易实精密,20100316,
920221.BJ,易实精密,20100315,
920221.BJ,易实精密,20100314,
920221.BJ,易实精密,20100313,
920221.BJ,易实精密,20100312,
920221.BJ,易实精密,20100311,
920221.BJ,易实精密,20100310,
920221.BJ,易实精密,20100309,
920221.BJ,易实精密,20100308,
920221.BJ,易实精密,20100307,
920221.BJ,易实精密,20100306,
920221.BJ,易实精密,20100305,
920221.BJ,易实精密,20100304,
920221.BJ,易实精密,20100303,
920221.BJ,易实精密,20100302,
920221.BJ,易实精密,20100301,
920221.BJ,易实精密,20100228,
920221.BJ,易实精密,20100227,
920221.BJ,易实精密,20100226,
920221.BJ,易实精密,20100225,
920221.BJ,易实精密,20100224,
920221.BJ,易实精密,20100223,
920221.BJ,易实精密,20100222,
920221.BJ,易实精密,20100221,
920221.BJ,易实精密,20100220,
920221.BJ,易实精密,20100219,
920221.BJ,易实精密,20100218,
920221.BJ,易实精密,20100217,
920221.BJ,易实精密,20100216,
920221.BJ,易实精密,20100215,
920221.BJ,易实精密,20100214,
920221.BJ,易实精密,20100213,
920221.BJ,易实精密,20100212,
920221.BJ,易实精密,20100211,
920221.BJ,易实精密,20100210,
920221.BJ,易实精密,20100209,
920221.BJ,易实精密,20100208,
920221.BJ,易实精密,20100207,
920221.BJ,易实精密,20100206,
920221.BJ,易实精密,20100205,
920221.BJ,易实精密,20100204,
920221.BJ,易实精密,20100203,
920221.BJ,易实精密,20100202,
920221.BJ,易实精密,20100201,
920221.BJ,易实精密,20100131,
920221.BJ,易实精密,20100130,
920221.BJ,易实精密,20100129,
920221.BJ,易实精密,20100128,
920221.BJ,易实精密,20100127,
920221.BJ,易实精密,20100126,
920221.BJ,易实精密,20100125,
920221.BJ,易实精密,20100124,
920221.BJ,易实精密,20100123,
920221.BJ,易实精密,20100122,
920221.BJ,易实精密,20100121,
920221.BJ,易实精密,20100120,
920221.BJ,易实精密,20100119,
920221.BJ,易实精密,20100118,
920221.BJ,易实精密,20100117,
920221.BJ,易实精密,20100116,
920221.BJ,易实精密,20100115,
920221.BJ,易实精密,20100114,
920221.BJ,易实精密,20100113,
920221.BJ,易实精密,20100112,
920221.BJ,易实精密,20100111,
920221.BJ,易实精密,20100110,
920221.BJ,易实精密,20100109,
920221.BJ,易实精密,20100108,
920221.BJ,易实精密,20100107,
920221.BJ,易实精密,20100106,
920221.BJ,易实精密,20100105,
920221.BJ,易实精密,20100104,
920221.BJ,易实精密,20100103,
920221.BJ,易实精密,20100102,
920221.BJ,易实精密,20100101,
920221.BJ,易实精密,20091231,
920221.BJ,易实精密,20091230,
920221.BJ,易实精密,20091229,
920221.BJ,易实精密,20091228,
920221.BJ,易实精密,20091227,
920221.BJ,易实精密,20091226,
920221.BJ,易实精密,20091225,
920221.BJ,易实精密,20091224,
920221.BJ,易实精密,20091223,
920221.BJ,易实精密,20091222,
920221.BJ,易实精密,20091221,
920221.BJ,易实精密,20091220,
920221.BJ,易实精密,20091219,
920221.BJ,易实精密,20091218,
920221.BJ,易实精密,20091217,
920221.BJ,易实精密,20091216,
920221.BJ,易实精密,20091215,
920221.BJ,易实精密,20091214,
920221.BJ,易实精密,20091213,
920221.BJ,易实精密,20091212,
920221.BJ,易实精密,20091211,
920221.BJ,易实精密,20091210,
920221.BJ,易实精密,20091209,
920221.BJ,易实精密,20091208,
920221.BJ,易实精密,20091207,
920221.BJ,易实精密,20091206,
920221.BJ,易实精密,20091205,
920221.BJ,易实精密,20091204,
920221.BJ,易实精密,20091203,
920221.BJ,易实精密,20091202,
920221.BJ,易实精密,20091201,
920221.BJ,易实精密,20091130,
920221.BJ,易实精密,20091129,
920221.BJ,易实精密,20091128,
920221.BJ,易实精密,20091127,
920221.BJ,易实精密,20091126,
920221.BJ,易实精密,20091125,
920221.BJ,易实精密,20091124,
920221.BJ,易实精密,20091123,
920221.BJ,易实精密,20091122,
920221.BJ,易实精密,20091121,
920221.BJ,易实精密,20091120,
920221.BJ,易实精密,20091119,
920221.BJ,易实精密,20091118,
920221.BJ,易实精密,20091117,
920221.BJ,易实精密,20091116,
920221.BJ,易实精密,20091115,
920221.BJ,易实精密,20091114,
920221.BJ,易实精密,20091113,
920221.BJ,易实精密,20091112,
920221.BJ,易实精密,20091111,
920221.BJ,易实精密,20091110,
920221.BJ,易实精密,20091109,
920221.BJ,易实精密,20091108,
920221.BJ,易实精密,20091107,
920221.BJ,易实精密,20091106,
920221.BJ,易实精密,20091105,
920221.BJ,易实精密,20091104,
920221.BJ,易实精密,20091103,
920221.BJ,易实精密,20091102,
920221.BJ,易实精密,20091101,
920221.BJ,易实精密,20091031,
920221.BJ,易实精密,20091030,
920221.BJ,易实精密,20091029,
920221.BJ,易实精密,20091028,
920221.BJ,易实精密,20091027,
920221.BJ,易实精密,20091026,
920221.BJ,易实精密,20091025,
920221.BJ,易实精密,20091024,
920221.BJ,易实精密,20091023,
920221.BJ,易实精密,20091022,
920221.BJ,易实精密,20091021,
920221.BJ,易实精密,20091020,
920221.BJ,易实精密,20091019,
920221.BJ,易实精密,20091018,
920221.BJ,易实精密,20091017,
920221.BJ,易实精密,20091016,
920221.BJ,易实精密,20091015,
920221.BJ,易实精密,20091014,
920221.BJ,易实精密,20091013,
920221.BJ,易实精密,20091012,
920221.BJ,易实精密,20091011,
920221.BJ,易实精密,20091010,
920221.BJ,易实精密,20091009,
920221.BJ,易实精密,20091008,
920221.BJ,易实精密,20091007,
920221.BJ,易实精密,20091006,
920221.BJ,易实精密,20091005,
920221.BJ,易实精密,20091004,
920221.BJ,易实精密,20091003,
920221.BJ,易实精密,20091002,
920221.BJ,易实精密,20091001,
920221.BJ,易实精密,20090930,
920221.BJ,易实精密,20090929,
920221.BJ,易实精密,20090928,
920221.BJ,易实精密,20090927,
920221.BJ,易实精密,20090926,
920221.BJ,易实精密,20090925,
920221.BJ,易实精密,20090924,
920221.BJ,易实精密,20090923,
920221.BJ,易实精密,20090922,
920221.BJ,易实精密,20090921,
920221.BJ,易实精密,20090920,
920221.BJ,易实精密,20090919,
920221.BJ,易实精密,20090918,
920221.BJ,易实精密,20090917,
920221.BJ,易实精密,20090916,
920221.BJ,易实精密,20090915,
920221.BJ,易实精密,20090914,
920221.BJ,易实精密,20090913,
920221.BJ,易实精密,20090912,
920221.BJ,易实精密,20090911,
920221.BJ,易实精密,20090910,
920221.BJ,易实精密,20090909,
920221.BJ,易实精密,20090908,
920221.BJ,易实精密,20090907,
920221.BJ,易实精密,20090906,
920221.BJ,易实精密,20090905,
920221.BJ,易实精密,20090904,
920221.BJ,易实精密,20090903,
920221.BJ,易实精密,20090902,
920221.BJ,易实精密,20090901,
920221.BJ,易实精密,20090831,
920221.BJ,易实精密,20090830,
920221.BJ,易实精密,20090829,
920221.BJ,易实精密,20090828,
920221.BJ,易实精密,20090827,
920221.BJ,易实精密,20090826,
920221.BJ,易实精密,20090825,
920221.BJ,易实精密,20090824,
920221.BJ,易实精密,20090823,
920221.BJ,易实精密,20090822,
920221.BJ,易实精密,20090821,
920221.BJ,易实精密,20090820,
920221.BJ,易实精密,20090819,
920221.BJ,易实精密,20090818,
920221.BJ,易实精密,20090817,
920221.BJ,易实精密,20090816,
920221.BJ,易实精密,20090815,
920221.BJ,易实精密,20090814,
920221.BJ,易实精密,20090813,
920221.BJ,易实精密,20090812,
920221.BJ,易实精密,20090811,
920221.BJ,易实精密,20090810,
920221.BJ,易实精密,20090809,
920221.BJ,易实精密,20090808,
920221.BJ,易实精密,20090807,
920221.BJ,易实精密,20090806,
920221.BJ,易实精密,20090805,
920221.BJ,易实精密,20090804,
920221.BJ,易实精密,20090803,
920221.BJ,易实精密,20090802,
920221.BJ,易实精密,20090801,
920221.BJ,易实精密,20090731,
920221.BJ,易实精密,20090730,
920221.BJ,易实精密,20090729,
920221.BJ,易实精密,20090728,
920221.BJ,易实精密,20090727,
920221.BJ,易实精密,20090726,
920221.BJ,易实精密,20090725,
920221.BJ,易实精密,20090724,
920221.BJ,易实精密,20090723,
920221.BJ,易实精密,20090722,
920221.BJ,易实精密,20090721,
920221.BJ,易实精密,20090720,
920221.BJ,易实精密,20090719,
920221.BJ,易实精密,20090718,
920221.BJ,易实精密,20090717,
920221.BJ,易实精密,20090716,
920221.BJ,易实精密,20090715,
920221.BJ,易实精密,20090714,
920221.BJ,易实精密,20090713,
920221.BJ,易实精密,20090712,
920221.BJ,易实精密,20090711,
920221.BJ,易实精密,20090710,
920221.BJ,易实精密,20090709,
920221.BJ,易实精密,20090708,
920221.BJ,易实精密,20090707,
920221.BJ,易实精密,20090706,
920221.BJ,易实精密,20090705,
920221.BJ,易实精密,20090704,
920221.BJ,易实精密,20090703,
920221.BJ,易实精密,20090702,
920221.BJ,易实精密,20090701,
920221.BJ,易实精密,20090630,
920221.BJ,易实精密,20090629,
920221.BJ,易实精密,20090628,
920221.BJ,易实精密,20090627,
920221.BJ,易实精密,20090626,
920221.BJ,易实精密,20090625,
920221.BJ,易实精密,20090624,
920221.BJ,易实精密,20090623,
920221.BJ,易实精密,20090622,
920221.BJ,易实精密,20090621,
920221.BJ,易实精密,20090620,
920221.BJ,易实精密,20090619,
920221.BJ,易实精密,20090618,
920221.BJ,易实精密,20090617,
920221.BJ,易实精密,20090616,
920221.BJ,易实精密,20090615,
920221.BJ,易实精密,20090614,
920221.BJ,易实精密,20090613,
920221.BJ,易实精密,20090612,
920221.BJ,易实精密,20090611,
920221.BJ,易实精密,20090610,
920221.BJ,易实精密,20090609,
920221.BJ,易实精密,20090608,
920221.BJ,易实精密,20090607,
920221.BJ,易实精密,20090606,
920221.BJ,易实精密,20090605,
920221.BJ,易实精密,20090604,
920221.BJ,易实精密,20090603,
920221.BJ,易实精密,20090602,
920221.BJ,易实精密,20090601,
920221.BJ,易实精密,20090531,
920221.BJ,易实精密,20090530,
920221.BJ,易实精密,20090529,
920221.BJ,易实精密,20090528,
920221.BJ,易实精密,20090527,
920221.BJ,易实精密,20090526,
920221.BJ,易实精密,20090525,
920221.BJ,易实精密,20090524,
920221.BJ,易实精密,20090523,
920221.BJ,易实精密,20090522,
920221.BJ,易实精密,20090521,
920221.BJ,易实精密,20090520,
920221.BJ,易实精密,20090519,
920221.BJ,易实精密,20090518,
920221.BJ,易实精密,20090517,
920221.BJ,易实精密,20090516,
920221.BJ,易实精密,20090515,
920221.BJ,易实精密,20090514,
920221.BJ,易实精密,20090513,
920221.BJ,易实精密,20090512,
920221.BJ,易实精密,20090511,
920221.BJ,易实精密,20090510,
920221.BJ,易实精密,20090509,
920221.BJ,易实精密,20090508,
920221.BJ,易实精密,20090507,
920221.BJ,易实精密,20090506,
920221.BJ,易实精密,20090505,
920221.BJ,易实精密,20090504,
920221.BJ,易实精密,20090503,
920221.BJ,易实精密,20090502,
920221.BJ,易实精密,20090501,
920221.BJ,易实精密,20090430,
920221.BJ,易实精密,20090429,
920221.BJ,易实精密,20090428,
920221.BJ,易实精密,20090427,
920221.BJ,易实精密,20090426,
920221.BJ,易实精密,20090425,
920221.BJ,易实精密,20090424,
920221.BJ,易实精密,20090423,
920221.BJ,易实精密,20090422,
920221.BJ,易实精密,20090421,
920221.BJ,易实精密,20090420,
920221.BJ,易实精密,20090419,
920221.BJ,易实精密,20090418,
920221.BJ,易实精密,20090417,
920221.BJ,易实精密,20090416,
920221.BJ,易实精密,20090415,
920221.BJ,易实精密,20090414,
920221.BJ,易实精密,20090413,
920221.BJ,易实精密,20090412,
920221.BJ,易实精密,20090411,
920221.BJ,易实精密,20090410,
920221.BJ,易实精密,20090409,
920221.BJ,易实精密,20090408,
920221.BJ,易实精密,20090407,
920221.BJ,易实精密,20090406,
920221.BJ,易实精密,20090405,
920221.BJ,易实精密,20090404,
920221.BJ,易实精密,20090403,
920221.BJ,易实精密,20090402,
920221.BJ,易实精密,20090401,
920221.BJ,易实精密,20090331,
920221.BJ,易实精密,20090330,
920221.BJ,易实精密,20090329,
920221.BJ,易实精密,20090328,
920221.BJ,易实精密,20090327,
920221.BJ,易实精密,20090326,
920221.BJ,易实精密,20090325,
920221.BJ,易实精密,20090324,
920221.BJ,易实精密,20090323,
920221.BJ,易实精密,20090322,
920221.BJ,易实精密,20090321,
920221.BJ,易实精密,20090320,
920221.BJ,易实精密,20090319,
920221.BJ,易实精密,20090318,
920221.BJ,易实精密,20090317,
920221.BJ,易实精密,20090316,
920221.BJ,易实精密,20090315,
920221.BJ,易实精密,20090314,
920221.BJ,易实精密,20090313,
920221.BJ,易实精密,20090312,
920221.BJ,易实精密,20090311,
920221.BJ,易实精密,20090310,
920221.BJ,易实精密,20090309,
920221.BJ,易实精密,20090308,
920221.BJ,易实精密,20090307,
920221.BJ,易实精密,20090306,
920221.BJ,易实精密,20090305,
920221.BJ,易实精密,20090304,
920221.BJ,易实精密,20090303,
920221.BJ,易实精密,20090302,
920221.BJ,易实精密,20090301,
920221.BJ,易实精密,20090228,
920221.BJ,易实精密,20090227,
920221.BJ,易实精密,20090226,
920221.BJ,易实精密,20090225,
920221.BJ,易实精密,20090224,
920221.BJ,易实精密,20090223,
920221.BJ,易实精密,20090222,
920221.BJ,易实精密,20090221,
920221.BJ,易实精密,20090220,
920221.BJ,易实精密,20090219,
920221.BJ,易实精密,20090218,
920221.BJ,易实精密,20090217,
920221.BJ,易实精密,20090216,
920221.BJ,易实精密,20090215,
920221.BJ,易实精密,20090214,
920221.BJ,易实精密,20090213,
920221.BJ,易实精密,20090212,
920221.BJ,易实精密,20090211,
920221.BJ,易实精密,20090210,
920221.BJ,易实精密,20090209,
920221.BJ,易实精密,20090208,
920221.BJ,易实精密,20090207,
920221.BJ,易实精密,20090206,
920221.BJ,易实精密,20090205,
920221.BJ,易实精密,20090204,
920221.BJ,易实精密,20090203,
920221.BJ,易实精密,20090202,
920221.BJ,易实精密,20090201,
920221.BJ,易实精密,20090131,
920221.BJ,易实精密,20090130,
920221.BJ,易实精密,20090129,
920221.BJ,易实精密,20090128,
920221.BJ,易实精密,20090127,
920221.BJ,易实精密,20090126,
920221.BJ,易实精密,20090125,
920221.BJ,易实精密,20090124,
920221.BJ,易实精密,20090123,
920221.BJ,易实精密,20090122,
920221.BJ,易实精密,20090121,
920221.BJ,易实精密,20090120,
920221.BJ,易实精密,20090119,
920221.BJ,易实精密,20090118,
920221.BJ,易实精密,20090117,
920221.BJ,易实精密,20090116,
920221.BJ,易实精密,20090115,
920221.BJ,易实精密,20090114,
920221.BJ,易实精密,20090113,
920221.BJ,易实精密,20090112,
920221.BJ,易实精密,20090111,
920221.BJ,易实精密,20090110,
920221.BJ,易实精密,20090109,
920221.BJ,易实精密,20090108,
920221.BJ,易实精密,20090107,
920221.BJ,易实精密,20090106,
920221.BJ,易实精密,20090105,
920221.BJ,易实精密,20090104,
920221.BJ,易实精密,20090103,
920221.BJ,易实精密,20090102,
920221.BJ,易实精密,20090101,
920221.BJ,易实精密,20081231,
920221.BJ,易实精密,20081230,
920221.BJ,易实精密,20081229,
920221.BJ,易实精密,20081228,
920221.BJ,易实精密,20081227,
920221.BJ,易实精密,20081226,
920221.BJ,易实精密,20081225,
920221.BJ,易实精密,20081224,
920221.BJ,易实精密,20081223,
920221.BJ,易实精密,20081222,
920221.BJ,易实精密,20081221,
920221.BJ,易实精密,20081220,
920221.BJ,易实精密,20081219,
920221.BJ,易实精密,20081218,
920221.BJ,易实精密,20081217,
920221.BJ,易实精密,20081216,
920221.BJ,易实精密,20081215,
920221.BJ,易实精密,20081214,
920221.BJ,易实精密,20081213,
920221.BJ,易实精密,20081212,
920221.BJ,易实精密,20081211,
920221.BJ,易实精密,20081210,
920221.BJ,易实精密,20081209,
920221.BJ,易实精密,20081208,
920221.BJ,易实精密,20081207,
920221.BJ,易实精密,20081206,
920221.BJ,易实精密,20081205,
920221.BJ,易实精密,20081204,
920221.BJ,易实精密,20081203,
920221.BJ,易实精密,20081202,
920221.BJ,易实精密,20081201,
920221.BJ,易实精密,20081130,
920221.BJ,易实精密,20081129,
920221.BJ,易实精密,20081128,
920221.BJ,易实精密,20081127,
920221.BJ,易实精密,20081126,
920221.BJ,易实精密,20081125,
920221.BJ,易实精密,20081124,
920221.BJ,易实精密,20081123,
920221.BJ,易实精密,20081122,
920221.BJ,易实精密,20081121,
920221.BJ,易实精密,20081120,
920221.BJ,易实精密,20081119,
920221.BJ,易实精密,20081118,
920221.BJ,易实精密,20081117,
920221.BJ,易实精密,20081116,
920221.BJ,易实精密,20081115,
920221.BJ,易实精密,20081114,
920221.BJ,易实精密,20081113,
920221.BJ,易实精密,20081112,
920221.BJ,易实精密,20081111,
920221.BJ,易实精密,20081110,
920221.BJ,易实精密,20081109,
920221.BJ,易实精密,20081108,
920221.BJ,易实精密,20081107,
920221.BJ,易实精密,20081106,
920221.BJ,易实精密,20081105,
920221.BJ,易实精密,20081104,
920221.BJ,易实精密,20081103,
920221.BJ,易实精密,20081102,
920221.BJ,易实精密,20081101,
920221.BJ,易实精密,20081031,
920221.BJ,易实精密,20081030,
920221.BJ,易实精密,20081029,
920221.BJ,易实精密,20081028,
920221.BJ,易实精密,20081027,
920221.BJ,易实精密,20081026,
920221.BJ,易实精密,20081025,
920221.BJ,易实精密,20081024,
920221.BJ,易实精密,20081023,
920221.BJ,易实精密,20081022,
920221.BJ,易实精密,20081021,
920221.BJ,易实精密,20081020,
920221.BJ,易实精密,20081019,
920221.BJ,易实精密,20081018,
920221.BJ,易实精密,20081017,
920221.BJ,易实精密,20081016,
920221.BJ,易实精密,20081015,
920221.BJ,易实精密,20081014,
920221.BJ,易实精密,20081013,
920221.BJ,易实精密,20081012,
920221.BJ,易实精密,20081011,
920221.BJ,易实精密,20081010,
920221.BJ,易实精密,20081009,
920221.BJ,易实精密,20081008,
920221.BJ,易实精密,20081007,
920221.BJ,易实精密,20081006,
920221.BJ,易实精密,20081005,
920221.BJ,易实精密,20081004,
920221.BJ,易实精密,20081003,
920221.BJ,易实精密,20081002,
920221.BJ,易实精密,20081001,
920221.BJ,易实精密,20080930,
920221.BJ,易实精密,20080929,
920221.BJ,易实精密,20080928,
920221.BJ,易实精密,20080927,
920221.BJ,易实精密,20080926,
920221.BJ,易实精密,20080925,
920221.BJ,易实精密,20080924,
920221.BJ,易实精密,20080923,
920221.BJ,易实精密,20080922,
920221.BJ,易实精密,20080921,
920221.BJ,易实精密,20080920,
920221.BJ,易实精密,20080919,
920221.BJ,易实精密,20080918,
920221.BJ,易实精密,20080917,
920221.BJ,易实精密,20080916,
920221.BJ,易实精密,20080915,
920221.BJ,易实精密,20080914,
920221.BJ,易实精密,20080913,
920221.BJ,易实精密,20080912,
920221.BJ,易实精密,20080911,
920221.BJ,易实精密,20080910,
920221.BJ,易实精密,20080909,
920221.BJ,易实精密,20080908,
920221.BJ,易实精密,20080907,
920221.BJ,易实精密,20080906,
920221.BJ,易实精密,20080905,
920221.BJ,易实精密,20080904,
920221.BJ,易实精密,20080903,
920221.BJ,易实精密,20080902,
920221.BJ,易实精密,20080901,
920221.BJ,易实精密,20080831,
920221.BJ,易实精密,20080830,
920221.BJ,易实精密,20080829,
920221.BJ,易实精密,20080828,
920221.BJ,易实精密,20080827,
920221.BJ,易实精密,20080826,
920221.BJ,易实精密,20080825,
920221.BJ,易实精密,20080824,
920221.BJ,易实精密,20080823,
920221.BJ,易实精密,20080822,
920221.BJ,易实精密,20080821,
920221.BJ,易实精密,20080820,
920221.BJ,易实精密,20080819,
920221.BJ,易实精密,20080818,
920221.BJ,易实精密,20080817,
920221.BJ,易实精密,20080816,
920221.BJ,易实精密,20080815,
920221.BJ,易实精密,20080814,
920221.BJ,易实精密,20080813,
920221.BJ,易实精密,20080812,
920221.BJ,易实精密,20080811,
920221.BJ,易实精密,20080810,
920221.BJ,易实精密,20080809,
920221.BJ,易实精密,20080808,
920221.BJ,易实精密,20080807,
920221.BJ,易实精密,20080806,
920221.BJ,易实精密,20080805,
920221.BJ,易实精密,20080804,
920221.BJ,易实精密,20080803,
920221.BJ,易实精密,20080802,
920221.BJ,易实精密,20080801,
920221.BJ,易实精密,20080731,
920221.BJ,易实精密,20080730,
920221.BJ,易实精密,20080729,
920221.BJ,易实精密,20080728,
920221.BJ,易实精密,20080727,
920221.BJ,易实精密,20080726,
920221.BJ,易实精密,20080725,
920221.BJ,易实精密,20080724,
920221.BJ,易实精密,20080723,
920221.BJ,易实精密,20080722,
920221.BJ,易实精密,20080721,
920221.BJ,易实精密,20080720,
920221.BJ,易实精密,20080719,
920221.BJ,易实精密,20080718,
920221.BJ,易实精密,20080717,
920221.BJ,易实精密,20080716,
920221.BJ,易实精密,20080715,
920221.BJ,易实精密,20080714,
920221.BJ,易实精密,20080713,
920221.BJ,易实精密,20080712,
920221.BJ,易实精密,20080711,
920221.BJ,易实精密,20080710,
920221.BJ,易实精密,20080709,
920221.BJ,易实精密,20080708,
920221.BJ,易实精密,20080707,
920221.BJ,易实精密,20080706,
920221.BJ,易实精密,20080705,
920221.BJ,易实精密,20080704,
920221.BJ,易实精密,20080703,
920221.BJ,易实精密,20080702,
920221.BJ,易实精密,20080701,
920221.BJ,易实精密,20080630,
920221.BJ,易实精密,20080629,
920221.BJ,易实精密,20080628,
920221.BJ,易实精密,20080627,
920221.BJ,易实精密,20080626,
920221.BJ,易实精密,20080625,
920221.BJ,易实精密,20080624,
920221.BJ,易实精密,20080623,
920221.BJ,易实精密,20080622,
920221.BJ,易实精密,20080621,
920221.BJ,易实精密,20080620,
920221.BJ,易实精密,20080619,
920221.BJ,易实精密,20080618,
920221.BJ,易实精密,20080617,
920221.BJ,易实精密,20080616,
920221.BJ,易实精密,20080615,
920221.BJ,易实精密,20080614,
920221.BJ,易实精密,20080613,
920221.BJ,易实精密,20080612,
920221.BJ,易实精密,20080611,
920221.BJ,易实精密,20080610,
920221.BJ,易实精密,20080609,
920221.BJ,易实精密,20080608,
920221.BJ,易实精密,20080607,
920221.BJ,易实精密,20080606,
920221.BJ,易实精密,20080605,
920221.BJ,易实精密,20080604,
920221.BJ,易实精密,20080603,
920221.BJ,易实精密,20080602,
920221.BJ,易实精密,20080601,
920221.BJ,易实精密,20080531,
920221.BJ,易实精密,20080530,
920221.BJ,易实精密,20080529,
920221.BJ,易实精密,20080528,
920221.BJ,易实精密,20080527,
920221.BJ,易实精密,20080526,
920221.BJ,易实精密,20080525,
920221.BJ,易实精密,20080524,
920221.BJ,易实精密,20080523,
920221.BJ,易实精密,20080522,
920221.BJ,易实精密,20080521,
920221.BJ,易实精密,20080520,
920221.BJ,易实精密,20080519,
920221.BJ,易实精密,20080518,
920221.BJ,易实精密,20080517,
920221.BJ,易实精密,20080516,
920221.BJ,易实精密,20080515,
920221.BJ,易实精密,20080514,
920221.BJ,易实精密,20080513,
920221.BJ,易实精密,20080512,
920221.BJ,易实精密,20080511,
920221.BJ,易实精密,20080510,
920221.BJ,易实精密,20080509,
920221.BJ,易实精密,20080508,
920221.BJ,易实精密,20080507,
920221.BJ,易实精密,20080506,
920221.BJ,易实精密,20080505,
920221.BJ,易实精密,20080504,
920221.BJ,易实精密,20080503,
920221.BJ,易实精密,20080502,
920221.BJ,易实精密,20080501,
920221.BJ,易实精密,20080430,
920221.BJ,易实精密,20080429,
920221.BJ,易实精密,20080428,
920221.BJ,易实精密,20080427,
920221.BJ,易实精密,20080426,
920221.BJ,易实精密,20080425,
920221.BJ,易实精密,20080424,
920221.BJ,易实精密,20080423,
920221.BJ,易实精密,20080422,
920221.BJ,易实精密,20080421,
920221.BJ,易实精密,20080420,
920221.BJ,易实精密,20080419,
920221.BJ,易实精密,20080418,
920221.BJ,易实精密,20080417,
920221.BJ,易实精密,20080416,
920221.BJ,易实精密,20080415,
920221.BJ,易实精密,20080414,
920221.BJ,易实精密,20080413,
920221.BJ,易实精密,20080412,
920221.BJ,易实精密,20080411,
920221.BJ,易实精密,20080410,
920221.BJ,易实精密,20080409,
920221.BJ,易实精密,20080408,
920221.BJ,易实精密,20080407,
920221.BJ,易实精密,20080406,
920221.BJ,易实精密,20080405,
920221.BJ,易实精密,20080404,
920221.BJ,易实精密,20080403,
920221.BJ,易实精密,20080402,
920221.BJ,易实精密,20080401,
920221.BJ,易实精密,20080331,
920221.BJ,易实精密,20080330,
920221.BJ,易实精密,20080329,
920221.BJ,易实精密,20080328,
920221.BJ,易实精密,20080327,
920221.BJ,易实精密,20080326,
920221.BJ,易实精密,20080325,
920221.BJ,易实精密,20080324,
920221.BJ,易实精密,20080323,
920221.BJ,易实精密,20080322,
920221.BJ,易实精密,20080321,
920221.BJ,易实精密,20080320,
920221.BJ,易实精密,20080319,
920221.BJ,易实精密,20080318,
920221.BJ,易实精密,20080317,
920221.BJ,易实精密,20080316,
920221.BJ,易实精密,20080315,
920221.BJ,易实精密,20080314,
920221.BJ,易实精密,20080313,
920221.BJ,易实精密,20080312,
920221.BJ,易实精密,20080311,
920221.BJ,易实精密,20080310,
920221.BJ,易实精密,20080309,
920221.BJ,易实精密,20080308,
920221.BJ,易实精密,20080307,
920221.BJ,易实精密,20080306,
920221.BJ,易实精密,20080305,
920221.BJ,易实精密,20080304,
920221.BJ,易实精密,20080303,
920221.BJ,易实精密,20080302,
920221.BJ,易实精密,20080301,
920221.BJ,易实精密,20080229,
920221.BJ,易实精密,20080228,
920221.BJ,易实精密,20080227,
920221.BJ,易实精密,20080226,
920221.BJ,易实精密,20080225,
920221.BJ,易实精密,20080224,
920221.BJ,易实精密,20080223,
920221.BJ,易实精密,20080222,
920221.BJ,易实精密,20080221,
920221.BJ,易实精密,20080220,
920221.BJ,易实精密,20080219,
920221.BJ,易实精密,20080218,
920221.BJ,易实精密,20080217,
920221.BJ,易实精密,20080216,
920221.BJ,易实精密,20080215,
920221.BJ,易实精密,20080214,
920221.BJ,易实精密,20080213,
920221.BJ,易实精密,20080212,
920221.BJ,易实精密,20080211,
920221.BJ,易实精密,20080210,
920221.BJ,易实精密,20080209,
920221.BJ,易实精密,20080208,
920221.BJ,易实精密,20080207,
920221.BJ,易实精密,20080206,
920221.BJ,易实精密,20080205,
920221.BJ,易实精密,20080204,
920221.BJ,易实精密,20080203,
920221.BJ,易实精密,20080202,
920221.BJ,易实精密,20080201,
920221.BJ,易实精密,20080131,
920221.BJ,易实精密,20080130,
920221.BJ,易实精密,20080129,
920221.BJ,易实精密,20080128,
920221.BJ,易实精密,20080127,
920221.BJ,易实精密,20080126,
920221.BJ,易实精密,20080125,
920221.BJ,易实精密,20080124,
920221.BJ,易实精密,20080123,
920221.BJ,易实精密,20080122,
920221.BJ,易实精密,20080121,
920221.BJ,易实精密,20080120,
920221.BJ,易实精密,20080119,
920221.BJ,易实精密,20080118,
920221.BJ,易实精密,20080117,
920221.BJ,易实精密,20080116,
920221.BJ,易实精密,20080115,
920221.BJ,易实精密,20080114,
920221.BJ,易实精密,20080113,
920221.BJ,易实精密,20080112,
920221.BJ,易实精密,20080111,
920221.BJ,易实精密,20080110,
920221.BJ,易实精密,20080109,
920221.BJ,易实精密,20080108,
920221.BJ,易实精密,20080107,
920221.BJ,易实精密,20080106,
920221.BJ,易实精密,20080105,
920221.BJ,易实精密,20080104,
920221.BJ,易实精密,20080103,
920221.BJ,易实精密,20080102,
920221.BJ,易实精密,20080101,
920221.BJ,易实精密,20071231,
920221.BJ,易实精密,20071230,
920221.BJ,易实精密,20071229,
920221.BJ,易实精密,20071228,
920221.BJ,易实精密,20071227,
920221.BJ,易实精密,20071226,
920221.BJ,易实精密,20071225,
920221.BJ,易实精密,20071224,
920221.BJ,易实精密,20071223,
920221.BJ,易实精密,20071222,
920221.BJ,易实精密,20071221,
920221.BJ,易实精密,20071220,
920221.BJ,易实精密,20071219,
920221.BJ,易实精密,20071218,
920221.BJ,易实精密,20071217,
920221.BJ,易实精密,20071216,
920221.BJ,易实精密,20071215,
920221.BJ,易实精密,20071214,
920221.BJ,易实精密,20071213,
920221.BJ,易实精密,20071212,
920221.BJ,易实精密,20071211,
920221.BJ,易实精密,20071210,
920221.BJ,易实精密,20071209,
920221.BJ,易实精密,20071208,
920221.BJ,易实精密,20071207,
920221.BJ,易实精密,20071206,
920221.BJ,易实精密,20071205,
920221.BJ,易实精密,20071204,
920221.BJ,易实精密,20071203,
920221.BJ,易实精密,20071202,
920221.BJ,易实精密,20071201,
920221.BJ,易实精密,20071130,
920221.BJ,易实精密,20071129,
920221.BJ,易实精密,20071128,
920221.BJ,易实精密,20071127,
920221.BJ,易实精密,20071126,
920221.BJ,易实精密,20071125,
920221.BJ,易实精密,20071124,
920221.BJ,易实精密,20071123,
920221.BJ,易实精密,20071122,
920221.BJ,易实精密,20071121,
920221.BJ,易实精密,20071120,
920221.BJ,易实精密,20071119,
920221.BJ,易实精密,20071118,
920221.BJ,易实精密,20071117,
920221.BJ,易实精密,20071116,
920221.BJ,易实精密,20071115,
920221.BJ,易实精密,20071114,
920221.BJ,易实精密,20071113,
920221.BJ,易实精密,20071112,
920221.BJ,易实精密,20071111,
920221.BJ,易实精密,20071110,
920221.BJ,易实精密,20071109,
920221.BJ,易实精密,20071108,
920221.BJ,易实精密,20071107,
920221.BJ,易实精密,20071106,
920221.BJ,易实精密,20071105,
920221.BJ,易实精密,20071104,
920221.BJ,易实精密,20071103,
920221.BJ,易实精密,20071102,
920221.BJ,易实精密,20071101,
920221.BJ,易实精密,20071031,
920221.BJ,易实精密,20071030,
920221.BJ,易实精密,20071029,
920221.BJ,易实精密,20071028,
920221.BJ,易实精密,20071027,
920221.BJ,易实精密,20071026,
920221.BJ,易实精密,20071025,
920221.BJ,易实精密,20071024,
920221.BJ,易实精密,20071023,
920221.BJ,易实精密,20071022,
920221.BJ,易实精密,20071021,
920221.BJ,易实精密,20071020,
920221.BJ,易实精密,20071019,
920221.BJ,易实精密,20071018,
920221.BJ,易实精密,20071017,
920221.BJ,易实精密,20071016,
920221.BJ,易实精密,20071015,
920221.BJ,易实精密,20071014,
920221.BJ,易实精密,20071013,
920221.BJ,易实精密,20071012,
920221.BJ,易实精密,20071011,
920221.BJ,易实精密,20071010,
920221.BJ,易实精密,20071009,
920221.BJ,易实精密,20071008,
920221.BJ,易实精密,20071007,
920221.BJ,易实精密,20071006,
920221.BJ,易实精密,20071005,
920221.BJ,易实精密,20071004,
920221.BJ,易实精密,20071003,
920221.BJ,易实精密,20071002,
920221.BJ,易实精密,20071001,
920221.BJ,易实精密,20070930,
920221.BJ,易实精密,20070929,
920221.BJ,易实精密,20070928,
920221.BJ,易实精密,20070927,
920221.BJ,易实精密,20070926,
920221.BJ,易实精密,20070925,
920221.BJ,易实精密,20070924,
920221.BJ,易实精密,20070923,
920221.BJ,易实精密,20070922,
920221.BJ,易实精密,20070921,
920221.BJ,易实精密,20070920,
920221.BJ,易实精密,20070919,
920221.BJ,易实精密,20070918,
920221.BJ,易实精密,20070917,
920221.BJ,易实精密,20070916,
920221.BJ,易实精密,20070915,
920221.BJ,易实精密,20070914,
920221.BJ,易实精密,20070913,
920221.BJ,易实精密,20070912,
920221.BJ,易实精密,20070911,
920221.BJ,易实精密,20070910,
920221.BJ,易实精密,20070909,
920221.BJ,易实精密,20070908,
920221.BJ,易实精密,20070907,
920221.BJ,易实精密,20070906,
920221.BJ,易实精密,20070905,
920221.BJ,易实精密,20070904,
920221.BJ,易实精密,20070903,
920221.BJ,易实精密,20070902,
920221.BJ,易实精密,20070901,
920221.BJ,易实精密,20070831,
920221.BJ,易实精密,20070830,
920221.BJ,易实精密,20070829,
920221.BJ,易实精密,20070828,
920221.BJ,易实精密,20070827,
920221.BJ,易实精密,20070826,
920221.BJ,易实精密,20070825,
920221.BJ,易实精密,20070824,
920221.BJ,易实精密,20070823,
920221.BJ,易实精密,20070822,
920221.BJ,易实精密,20070821,
920221.BJ,易实精密,20070820,
920221.BJ,易实精密,20070819,
920221.BJ,易实精密,20070818,
920221.BJ,易实精密,20070817,
920221.BJ,易实精密,20070816,
920221.BJ,易实精密,20070815,
920221.BJ,易实精密,20070814,
920221.BJ,易实精密,20070813,
920221.BJ,易实精密,20070812,
920221.BJ,易实精密,20070811,
920221.BJ,易实精密,20070810,
920221.BJ,易实精密,20070809,
920221.BJ,易实精密,20070808,
920221.BJ,易实精密,20070807,
920221.BJ,易实精密,20070806,
920221.BJ,易实精密,20070805,
920221.BJ,易实精密,20070804,
920221.BJ,易实精密,20070803,
920221.BJ,易实精密,20070802,
920221.BJ,易实精密,20070801,
920221.BJ,易实精密,20070731,
920221.BJ,易实精密,20070730,
920221.BJ,易实精密,20070729,
920221.BJ,易实精密,20070728,
920221.BJ,易实精密,20070727,
920221.BJ,易实精密,20070726,
920221.BJ,易实精密,20070725,
920221.BJ,易实精密,20070724,
920221.BJ,易实精密,20070723,
920221.BJ,易实精密,20070722,
920221.BJ,易实精密,20070721,
920221.BJ,易实精密,20070720,
920221.BJ,易实精密,20070719,
920221.BJ,易实精密,20070718,
920221.BJ,易实精密,20070717,
920221.BJ,易实精密,20070716,
920221.BJ,易实精密,20070715,
920221.BJ,易实精密,20070714,
920221.BJ,易实精密,20070713,
920221.BJ,易实精密,20070712,
920221.BJ,易实精密,20070711,
920221.BJ,易实精密,20070710,
920221.BJ,易实精密,20070709,
920221.BJ,易实精密,20070708,
920221.BJ,易实精密,20070707,
920221.BJ,易实精密,20070706,
920221.BJ,易实精密,20070705,
920221.BJ,易实精密,20070704,
920221.BJ,易实精密,20070703,
920221.BJ,易实精密,20070702,
920221.BJ,易实精密,20070701,
920221.BJ,易实精密,20070630,
920221.BJ,易实精密,20070629,
920221.BJ,易实精密,20070628,
920221.BJ,易实精密,20070627,
920221.BJ,易实精密,20070626,
920221.BJ,易实精密,20070625,
920221.BJ,易实精密,20070624,
920221.BJ,易实精密,20070623,
920221.BJ,易实精密,20070622,
920221.BJ,易实精密,20070621,
920221.BJ,易实精密,20070620,
920221.BJ,易实精密,20070619,
920221.BJ,易实精密,20070618,
920221.BJ,易实精密,20070617,
920221.BJ,易实精密,20070616,
920221.BJ,易实精密,20070615,
920221.BJ,易实精密,20070614,
920221.BJ,易实精密,20070613,
920221.BJ,易实精密,20070612,
920221.BJ,易实精密,20070611,
920221.BJ,易实精密,20070610,
920221.BJ,易实精密,20070609,
920221.BJ,易实精密,20070608,
920221.BJ,易实精密,20070607,
920221.BJ,易实精密,20070606,
920221.BJ,易实精密,20070605,
920221.BJ,易实精密,20070604,
920221.BJ,易实精密,20070603,
920221.BJ,易实精密,20070602,
920221.BJ,易实精密,20070601,
920221.BJ,易实精密,20070531,
920221.BJ,易实精密,20070530,
920221.BJ,易实精密,20070529,
920221.BJ,易实精密,20070528,
920221.BJ,易实精密,20070527,
920221.BJ,易实精密,20070526,
920221.BJ,易实精密,20070525,
920221.BJ,易实精密,20070524,
920221.BJ,易实精密,20070523,
920221.BJ,易实精密,20070522,
920221.BJ,易实精密,20070521,
920221.BJ,易实精密,20070520,
920221.BJ,易实精密,20070519,
920221.BJ,易实精密,20070518,
920221.BJ,易实精密,20070517,
920221.BJ,易实精密,20070516,
920221.BJ,易实精密,20070515,
920221.BJ,易实精密,20070514,
920221.BJ,易实精密,20070513,
920221.BJ,易实精密,20070512,
920221.BJ,易实精密,20070511,
920221.BJ,易实精密,20070510,
920221.BJ,易实精密,20070509,
920221.BJ,易实精密,20070508,
920221.BJ,易实精密,20070507,
920221.BJ,易实精密,20070506,
920221.BJ,易实精密,20070505,
920221.BJ,易实精密,20070504,
920221.BJ,易实精密,20070503,
920221.BJ,易实精密,20070502,
920221.BJ,易实精密,20070501,
920221.BJ,易实精密,20070430,
920221.BJ,易实精密,20070429,
920221.BJ,易实精密,20070428,
920221.BJ,易实精密,20070427,
920221.BJ,易实精密,20070426,
920221.BJ,易实精密,20070425,
920221.BJ,易实精密,20070424,
920221.BJ,易实精密,20070423,
920221.BJ,易实精密,20070422,
920221.BJ,易实精密,20070421,
920221.BJ,易实精密,20070420,
920221.BJ,易实精密,20070419,
920221.BJ,易实精密,20070418,
920221.BJ,易实精密,20070417,
920221.BJ,易实精密,20070416,
920221.BJ,易实精密,20070415,
920221.BJ,易实精密,20070414,
920221.BJ,易实精密,20070413,
920221.BJ,易实精密,20070412,
920221.BJ,易实精密,20070411,
920221.BJ,易实精密,20070410,
920221.BJ,易实精密,20070409,
920221.BJ,易实精密,20070408,
920221.BJ,易实精密,20070407,
920221.BJ,易实精密,20070406,
920221.BJ,易实精密,20070405,
920221.BJ,易实精密,20070404,
920221.BJ,易实精密,20070403,
920221.BJ,易实精密,20070402,
920221.BJ,易实精密,20070401,
920221.BJ,易实精密,20070331,
920221.BJ,易实精密,20070330,
920221.BJ,易实精密,20070329,
920221.BJ,易实精密,20070328,
920221.BJ,易实精密,20070327,
920221.BJ,易实精密,20070326,
920221.BJ,易实精密,20070325,
920221.BJ,易实精密,20070324,
920221.BJ,易实精密,20070323,
920221.BJ,易实精密,20070322,
920221.BJ,易实精密,20070321,
920221.BJ,易实精密,20070320,
920221.BJ,易实精密,20070319,
920221.BJ,易实精密,20070318,
920221.BJ,易实精密,20070317,
920221.BJ,易实精密,20070316,
920221.BJ,易实精密,20070315,
920221.BJ,易实精密,20070314,
920221.BJ,易实精密,20070313,
920221.BJ,易实精密,20070312,
920221.BJ,易实精密,20070311,
920221.BJ,易实精密,20070310,
920221.BJ,易实精密,20070309,
920221.BJ,易实精密,20070308,
920221.BJ,易实精密,20070307,
920221.BJ,易实精密,20070306,
920221.BJ,易实精密,20070305,
920221.BJ,易实精密,20070304,
920221.BJ,易实精密,20070303,
920221.BJ,易实精密,20070302,
920221.BJ,易实精密,20070301,
920221.BJ,易实精密,20070228,
920221.BJ,易实精密,20070227,
920221.BJ,易实精密,20070226,
920221.BJ,易实精密,20070225,
920221.BJ,易实精密,20070224,
920221.BJ,易实精密,20070223,
920221.BJ,易实精密,20070222,
920221.BJ,易实精密,20070221,
920221.BJ,易实精密,20070220,
920221.BJ,易实精密,20070219,
920221.BJ,易实精密,20070218,
920221.BJ,易实精密,20070217,
920221.BJ,易实精密,20070216,
920221.BJ,易实精密,20070215,
920221.BJ,易实精密,20070214,
920221.BJ,易实精密,20070213,
920221.BJ,易实精密,20070212,
920221.BJ,易实精密,20070211,
920221.BJ,易实精密,20070210,
920221.BJ,易实精密,20070209,
920221.BJ,易实精密,20070208,
920221.BJ,易实精密,20070207,
920221.BJ,易实精密,20070206,
920221.BJ,易实精密,20070205,
920221.BJ,易实精密,20070204,
920221.BJ,易实精密,20070203,
920221.BJ,易实精密,20070202,
920221.BJ,易实精密,20070201,
920221.BJ,易实精密,20070131,
920221.BJ,易实精密,20070130,
920221.BJ,易实精密,20070129,
920221.BJ,易实精密,20070128,
920221.BJ,易实精密,20070127,
920221.BJ,易实精密,20070126,
920221.BJ,易实精密,20070125,
920221.BJ,易实精密,20070124,
920221.BJ,易实精密,20070123,
920221.BJ,易实精密,20070122,
920221.BJ,易实精密,20070121,
920221.BJ,易实精密,20070120,
920221.BJ,易实精密,20070119,
920221.BJ,易实精密,20070118,
920221.BJ,易实精密,20070117,
920221.BJ,易实精密,20070116,
920221.BJ,易实精密,20070115,
920221.BJ,易实精密,20070114,
920221.BJ,易实精密,20070113,
920221.BJ,易实精密,20070112,
920221.BJ,易实精密,20070111,
920221.BJ,易实精密,20070110,
920221.BJ,易实精密,20070109,
920221.BJ,易实精密,20070108,
920221.BJ,易实精密,20070107,
920221.BJ,易实精密,20070106,
920221.BJ,易实精密,20070105,
920221.BJ,易实精密,20070104,
920221.BJ,易实精密,20070103,
920221.BJ,易实精密,20070102,
920221.BJ,易实精密,20070101,
920221.BJ,易实精密,20061231,
920221.BJ,易实精密,20061230,
920221.BJ,易实精密,20061229,
920221.BJ,易实精密,20061228,
920221.BJ,易实精密,20061227,
920221.BJ,易实精密,20061226,
920221.BJ,易实精密,20061225,
920221.BJ,易实精密,20061224,
920221.BJ,易实精密,20061223,
920221.BJ,易实精密,20061222,
920221.BJ,易实精密,20061221,
920221.BJ,易实精密,20061220,
920221.BJ,易实精密,20061219,
920221.BJ,易实精密,20061218,
920221.BJ,易实精密,20061217,
920221.BJ,易实精密,20061216,
920221.BJ,易实精密,20061215,
920221.BJ,易实精密,20061214,
920221.BJ,易实精密,20061213,
920221.BJ,易实精密,20061212,
920221.BJ,易实精密,20061211,
920221.BJ,易实精密,20061210,
920221.BJ,易实精密,20061209,
920221.BJ,易实精密,20061208,
920221.BJ,易实精密,20061207,
920221.BJ,易实精密,20061206,
920221.BJ,易实精密,20061205,
920221.BJ,易实精密,20061204,
920221.BJ,易实精密,20061203,
920221.BJ,易实精密,20061202,
920221.BJ,易实精密,20061201,
920221.BJ,易实精密,20061130,
920221.BJ,易实精密,20061129,
920221.BJ,易实精密,20061128,
920221.BJ,易实精密,20061127,
920221.BJ,易实精密,20061126,
920221.BJ,易实精密,20061125,
920221.BJ,易实精密,20061124,
920221.BJ,易实精密,20061123,
920221.BJ,易实精密,20061122,
920221.BJ,易实精密,20061121,
920221.BJ,易实精密,20061120,
920221.BJ,易实精密,20061119,
920221.BJ,易实精密,20061118,
920221.BJ,易实精密,20061117,
920221.BJ,易实精密,20061116,
920221.BJ,易实精密,20061115,
920221.BJ,易实精密,20061114,
920221.BJ,易实精密,20061113,
920221.BJ,易实精密,20061112,
920221.BJ,易实精密,20061111,
920221.BJ,易实精密,20061110,
920221.BJ,易实精密,20061109,
920221.BJ,易实精密,20061108,
920221.BJ,易实精密,20061107,
920221.BJ,易实精密,20061106,
920221.BJ,易实精密,20061105,
920221.BJ,易实精密,20061104,
920221.BJ,易实精密,20061103,
920221.BJ,易实精密,20061102,
920221.BJ,易实精密,20061101,
920221.BJ,易实精密,20061031,
920221.BJ,易实精密,20061030,
920221.BJ,易实精密,20061029,
920221.BJ,易实精密,20061028,
920221.BJ,易实精密,20061027,
920221.BJ,易实精密,20061026,
920221.BJ,易实精密,20061025,
920221.BJ,易实精密,20061024,
920221.BJ,易实精密,20061023,
920221.BJ,易实精密,20061022,
920221.BJ,易实精密,20061021,
920221.BJ,易实精密,20061020,
920221.BJ,易实精密,20061019,
920221.BJ,易实精密,20061018,
920221.BJ,易实精密,20061017,
920221.BJ,易实精密,20061016,
920221.BJ,易实精密,20061015,
920221.BJ,易实精密,20061014,
920221.BJ,易实精密,20061013,
920221.BJ,易实精密,20061012,
920221.BJ,易实精密,20061011,
920221.BJ,易实精密,20061010,
920221.BJ,易实精密,20061009,
920221.BJ,易实精密,20061008,
920221.BJ,易实精密,20061007,
920221.BJ,易实精密,20061006,
920221.BJ,易实精密,20061005,
920221.BJ,易实精密,20061004,
920221.BJ,易实精密,20061003,
920221.BJ,易实精密,20061002,
920221.BJ,易实精密,20061001,
920221.BJ,易实精密,20060930,
920221.BJ,易实精密,20060929,
920221.BJ,易实精密,20060928,
920221.BJ,易实精密,20060927,
920221.BJ,易实精密,20060926,
920221.BJ,易实精密,20060925,
920221.BJ,易实精密,20060924,
920221.BJ,易实精密,20060923,
920221.BJ,易实精密,20060922,
920221.BJ,易实精密,20060921,
920221.BJ,易实精密,20060920,
920221.BJ,易实精密,20060919,
920221.BJ,易实精密,20060918,
920221.BJ,易实精密,20060917,
920221.BJ,易实精密,20060916,
920221.BJ,易实精密,20060915,
920221.BJ,易实精密,20060914,
920221.BJ,易实精密,20060913,
920221.BJ,易实精密,20060912,
920221.BJ,易实精密,20060911,
920221.BJ,易实精密,20060910,
920221.BJ,易实精密,20060909,
920221.BJ,易实精密,20060908,
920221.BJ,易实精密,20060907,
920221.BJ,易实精密,20060906,
920221.BJ,易实精密,20060905,
920221.BJ,易实精密,20060904,
920221.BJ,易实精密,20060903,
920221.BJ,易实精密,20060902,
920221.BJ,易实精密,20060901,
920221.BJ,易实精密,20060831,
920221.BJ,易实精密,20060830,
920221.BJ,易实精密,20060829,
920221.BJ,易实精密,20060828,
920221.BJ,易实精密,20060827,
920221.BJ,易实精密,20060826,
920221.BJ,易实精密,20060825,
920221.BJ,易实精密,20060824,
920221.BJ,易实精密,20060823,
920221.BJ,易实精密,20060822,
920221.BJ,易实精密,20060821,
920221.BJ,易实精密,20060820,
920221.BJ,易实精密,20060819,
920221.BJ,易实精密,20060818,
920221.BJ,易实精密,20060817,
920221.BJ,易实精密,20060816,
920221.BJ,易实精密,20060815,
920221.BJ,易实精密,20060814,
920221.BJ,易实精密,20060813,
920221.BJ,易实精密,20060812,
920221.BJ,易实精密,20060811,
920221.BJ,易实精密,20060810,
920221.BJ,易实精密,20060809,
920221.BJ,易实精密,20060808,
920221.BJ,易实精密,20060807,
920221.BJ,易实精密,20060806,
920221.BJ,易实精密,20060805,
920221.BJ,易实精密,20060804,
920221.BJ,易实精密,20060803,
920221.BJ,易实精密,20060802,
920221.BJ,易实精密,20060801,
920221.BJ,易实精密,20060731,
920221.BJ,易实精密,20060730,
920221.BJ,易实精密,20060729,
920221.BJ,易实精密,20060728,
920221.BJ,易实精密,20060727,
920221.BJ,易实精密,20060726,
920221.BJ,易实精密,20060725,
920221.BJ,易实精密,20060724,
920221.BJ,易实精密,20060723,
920221.BJ,易实精密,20060722,
920221.BJ,易实精密,20060721,
920221.BJ,易实精密,20060720,
920221.BJ,易实精密,20060719,
920221.BJ,易实精密,20060718,
920221.BJ,易实精密,20060717,
920221.BJ,易实精密,20060716,
920221.BJ,易实精密,20060715,
920221.BJ,易实精密,20060714,
920221.BJ,易实精密,20060713,
920221.BJ,易实精密,20060712,
920221.BJ,易实精密,20060711,
920221.BJ,易实精密,20060710,
920221.BJ,易实精密,20060709,
920221.BJ,易实精密,20060708,
920221.BJ,易实精密,20060707,
920221.BJ,易实精密,20060706,
920221.BJ,易实精密,20060705,
920221.BJ,易实精密,20060704,
920221.BJ,易实精密,20060703,
920221.BJ,易实精密,20060702,
920221.BJ,易实精密,20060701,
920221.BJ,易实精密,20060630,
920221.BJ,易实精密,20060629,
920221.BJ,易实精密,20060628,
920221.BJ,易实精密,20060627,
920221.BJ,易实精密,20060626,
920221.BJ,易实精密,20060625,
920221.BJ,易实精密,20060624,
920221.BJ,易实精密,20060623,
920221.BJ,易实精密,20060622,
920221.BJ,易实精密,20060621,
920221.BJ,易实精密,20060620,
920221.BJ,易实精密,20060619,
920221.BJ,易实精密,20060618,
920221.BJ,易实精密,20060617,
920221.BJ,易实精密,20060616,
920221.BJ,易实精密,20060615,
920221.BJ,易实精密,20060614,
920221.BJ,易实精密,20060613,
920221.BJ,易实精密,20060612,
920221.BJ,易实精密,20060611,
920221.BJ,易实精密,20060610,
920221.BJ,易实精密,20060609,
920221.BJ,易实精密,20060608,
920221.BJ,易实精密,20060607,
920221.BJ,易实精密,20060606,
920221.BJ,易实精密,20060605,
920221.BJ,易实精密,20060604,
920221.BJ,易实精密,20060603,
920221.BJ,易实精密,20060602,
920221.BJ,易实精密,20060601,
920221.BJ,易实精密,20060531,
920221.BJ,易实精密,20060530,
920221.BJ,易实精密,20060529,
920221.BJ,易实精密,20060528,
920221.BJ,易实精密,20060527,
920221.BJ,易实精密,20060526,
920221.BJ,易实精密,20060525,
920221.BJ,易实精密,20060524,
920221.BJ,易实精密,20060523,
920221.BJ,易实精密,20060522,
920221.BJ,易实精密,20060521,
920221.BJ,易实精密,20060520,
920221.BJ,易实精密,20060519,
920221.BJ,易实精密,20060518,
920221.BJ,易实精密,20060517,
920221.BJ,易实精密,20060516,
920221.BJ,易实精密,20060515,
920221.BJ,易实精密,20060514,
920221.BJ,易实精密,20060513,
920221.BJ,易实精密,20060512,
920221.BJ,易实精密,20060511,
920221.BJ,易实精密,20060510,
920221.BJ,易实精密,20060509,
920221.BJ,易实精密,20060508,
920221.BJ,易实精密,20060507,
920221.BJ,易实精密,20060506,
920221.BJ,易实精密,20060505,
920221.BJ,易实精密,20060504,
920221.BJ,易实精密,20060503,
920221.BJ,易实精密,20060502,
920221.BJ,易实精密,20060501,
920221.BJ,易实精密,20060430,
920221.BJ,易实精密,20060429,
920221.BJ,易实精密,20060428,
920221.BJ,易实精密,20060427,
920221.BJ,易实精密,20060426,
920221.BJ,易实精密,20060425,
920221.BJ,易实精密,20060424,
920221.BJ,易实精密,20060423,
920221.BJ,易实精密,20060422,
920221.BJ,易实精密,20060421,
920221.BJ,易实精密,20060420,
920221.BJ,易实精密,20060419,
920221.BJ,易实精密,20060418,
920221.BJ,易实精密,20060417,
920221.BJ,易实精密,20060416,
920221.BJ,易实精密,20060415,
920221.BJ,易实精密,20060414,
920221.BJ,易实精密,20060413,
920221.BJ,易实精密,20060412,
920221.BJ,易实精密,20060411,
920221.BJ,易实精密,20060410,
920221.BJ,易实精密,20060409,
920221.BJ,易实精密,20060408,
920221.BJ,易实精密,20060407,
920221.BJ,易实精密,20060406,
920221.BJ,易实精密,20060405,
920221.BJ,易实精密,20060404,
920221.BJ,易实精密,20060403,
920221.BJ,易实精密,20060402,
920221.BJ,易实精密,20060401,
920221.BJ,易实精密,20060331,
920221.BJ,易实精密,20060330,
920221.BJ,易实精密,20060329,
920221.BJ,易实精密,20060328,
920221.BJ,易实精密,20060327,
920221.BJ,易实精密,20060326,
920221.BJ,易实精密,20060325,
920221.BJ,易实精密,20060324,
920221.BJ,易实精密,20060323,
920221.BJ,易实精密,20060322,
920221.BJ,易实精密,20060321,
920221.BJ,易实精密,20060320,
920221.BJ,易实精密,20060319,
920221.BJ,易实精密,20060318,
920221.BJ,易实精密,20060317,
920221.BJ,易实精密,20060316,
920221.BJ,易实精密,20060315,
920221.BJ,易实精密,20060314,
920221.BJ,易实精密,20060313,
920221.BJ,易实精密,20060312,
920221.BJ,易实精密,20060311,
920221.BJ,易实精密,20060310,
920221.BJ,易实精密,20060309,
920221.BJ,易实精密,20060308,
920221.BJ,易实精密,20060307,
920221.BJ,易实精密,20060306,
920221.BJ,易实精密,20060305,
920221.BJ,易实精密,20060304,
920221.BJ,易实精密,20060303,
920221.BJ,易实精密,20060302,
920221.BJ,易实精密,20060301,
920221.BJ,易实精密,20060228,
920221.BJ,易实精密,20060227,
920221.BJ,易实精密,20060226,
920221.BJ,易实精密,20060225,
920221.BJ,易实精密,20060224,
920221.BJ,易实精密,20060223,
920221.BJ,易实精密,20060222,
920221.BJ,易实精密,20060221,
920221.BJ,易实精密,20060220,
920221.BJ,易实精密,20060219,
920221.BJ,易实精密,20060218,
920221.BJ,易实精密,20060217,
920221.BJ,易实精密,20060216,
920221.BJ,易实精密,20060215,
920221.BJ,易实精密,20060214,
920221.BJ,易实精密,20060213,
920221.BJ,易实精密,20060212,
920221.BJ,易实精密,20060211,
920221.BJ,易实精密,20060210,
920221.BJ,易实精密,20060209,
920221.BJ,易实精密,20060208,
920221.BJ,易实精密,20060207,
920221.BJ,易实精密,20060206,
920221.BJ,易实精密,20060205,
920221.BJ,易实精密,20060204,
920221.BJ,易实精密,20060203,
920221.BJ,易实精密,20060202,
920221.BJ,易实精密,20060201,
920221.BJ,易实精密,20060131,
920221.BJ,易实精密,20060130,
920221.BJ,易实精密,20060129,
920221.BJ,易实精密,20060128,
920221.BJ,易实精密,20060127,
920221.BJ,易实精密,20060126,
920221.BJ,易实精密,20060125,
920221.BJ,易实精密,20060124,
920221.BJ,易实精密,20060123,
920221.BJ,易实精密,20060122,
920221.BJ,易实精密,20060121,
920221.BJ,易实精密,20060120,
920221.BJ,易实精密,20060119,
920221.BJ,易实精密,20060118,
920221.BJ,易实精密,20060117,
920221.BJ,易实精密,20060116,
920221.BJ,易实精密,20060115,
920221.BJ,易实精密,20060114,
920221.BJ,易实精密,20060113,
920221.BJ,易实精密,20060112,
920221.BJ,易实精密,20060111,
920221.BJ,易实精密,20060110,
920221.BJ,易实精密,20060109,
920221.BJ,易实精密,20060108,
920221.BJ,易实精密,20060107,
920221.BJ,易实精密,20060106,
920221.BJ,易实精密,20060105,
920221.BJ,易实精密,20060104,
920221.BJ,易实精密,20060103,
920221.BJ,易实精密,20060102,
920221.BJ,易实精密,20060101,
