fund_code,year,quarter,industry_hhi,hhi_normalized,ICI,ICI_normalized,industry_count,industry_max_pct,total_weight_pct
11,2018,2,0.034442,0.047727,0.044904,0.062224,20,13.69,84.95
11,2018,4,0.035164,0.056991,0.05365,0.086952,14,17.79,78.55
11,2019,2,0.034784,0.044613,0.052931,0.067887,19,15.93,88.3
11,2019,4,0.04242,0.051679,0.043841,0.05341,20,13.62,90.6
11,2020,1,0.029074,0.112705,0.026586,0.103061,8,9.21,50.79
11,2020,2,0.041335,0.051926,0.049584,0.06229,21,12.83,89.22
11,2020,3,0.029986,0.080087,0.028097,0.07504,11,9.77,61.19
11,2020,4,0.037133,0.048511,0.040242,0.052573,26,14.61,87.49
11,2021,1,0.029732,0.079902,0.024827,0.066721,12,8.29,61.0
11,2021,2,0.041179,0.057143,0.037394,0.051891,24,12.01,84.89
11,2021,3,0.033939,0.08982,0.028456,0.075309,11,8.97,61.47
11,2021,4,0.039842,0.047453,0.057605,0.068609,21,19.39,91.63
11,2022,1,0.036594,0.083375,0.052364,0.119306,10,17.99,66.25
11,2022,2,0.043995,0.052308,0.059032,0.070187,21,18.32,91.71
11,2022,3,0.035429,0.069731,0.061816,0.121665,10,17.83,71.28
11,2022,4,0.038702,0.046603,0.079504,0.095734,22,22.94,91.13
11,2023,1,0.024729,0.083871,0.030081,0.102021,11,14.7,54.3
11,2023,2,0.035682,0.041026,0.057534,0.066151,24,18.53,93.26
11,2023,3,0.024454,0.078427,0.030231,0.096952,12,13.8,55.84
11,2023,4,0.024725,0.033532,0.042263,0.057316,23,12.57,85.87
11,2024,1,0.013664,0.088422,0.01699,0.109946,10,8.79,39.31
11,2024,2,0.016232,0.020515,0.070236,0.08877,18,20.77,88.95
11,2024,3,0.011528,0.091732,0.017832,0.141893,8,9.25,35.45
11,2024,4,0.015002,0.024632,0.03926,0.064463,18,11.58,78.04
11,2025,1,0.010187,0.097286,0.015504,0.148059,8,10.78,32.36
11,2025,2,0.018131,0.022315,0.071059,0.087455,19,23.21,90.14
11,2025,3,0.012794,0.108495,0.020555,0.174311,8,11.71,34.34
11,2025,4,0.018979,0.025738,0.106163,0.143976,18,30.05,85.87
11,2026,1,0.013831,0.124504,0.022503,0.202568,6,10.82,33.33
11,2026,2,0.017184,0.102677,0.060985,0.364387,4,23.13,40.91
17,2018,2,0.025785,0.035925,0.064639,0.090059,16,18.38,84.72
17,2018,4,0.023297,0.042879,0.060891,0.112073,14,19.2,73.71
17,2019,2,0.030749,0.040134,0.072821,0.095048,18,22.48,87.53
17,2019,4,0.027318,0.036646,0.079166,0.106198,18,20.1,86.34
17,2020,1,0.025618,0.103796,0.080209,0.324981,4,21.17,49.68
17,2020,2,0.033453,0.039387,0.145064,0.170795,17,31.85,92.16
17,2020,3,0.02131,0.102755,0.049316,0.237795,5,18.91,45.54
17,2020,4,0.034249,0.040818,0.103083,0.122856,23,27.02,91.6
17,2021,1,0.029919,0.10859,0.10026,0.363894,4,29.76,52.49
17,2021,2,0.039869,0.047381,0.135943,0.16156,25,34.76,91.73
17,2021,3,0.029555,0.111216,0.076958,0.289598,6,26.67,51.55
17,2021,4,0.031227,0.037751,0.129509,0.156565,21,25.42,90.95
17,2022,1,0.023635,0.120542,0.047548,0.242505,6,18.25,44.28
17,2022,2,0.030266,0.035167,0.138951,0.161453,23,31.62,92.77
17,2022,3,0.020714,0.111563,0.033611,0.181018,6,12.56,43.09
17,2022,4,0.036503,0.042903,0.134885,0.158536,20,24.64,92.24
17,2023,1,0.023991,0.107871,0.04219,0.1897,6,14.86,47.16
17,2023,2,0.029624,0.039365,0.063808,0.084788,18,18.09,86.75
17,2023,3,0.020666,0.119877,0.033097,0.191985,6,12.74,41.52
17,2023,4,0.034,0.044992,0.085447,0.113073,16,23.7,86.93
17,2024,1,0.02562,0.108961,0.039677,0.168745,6,12.22,48.49
17,2024,2,0.043043,0.059449,0.09638,0.133115,11,23.72,85.09
17,2024,3,0.048858,0.109263,0.10965,0.245214,6,25.05,66.87
17,2024,4,0.042314,0.062548,0.099842,0.147585,14,27.46,82.25
17,2025,1,0.035219,0.103124,0.124739,0.365242,5,34.89,58.44
17,2025,2,0.045878,0.057108,0.208183,0.259143,17,42.89,89.63
17,2025,3,0.050106,0.105364,0.112496,0.236561,7,32.27,68.96
17,2025,4,0.057239,0.063892,0.215463,0.240509,18,44.33,94.65
17,2026,1,0.046399,0.103981,0.170317,0.381686,4,39.03,66.8
17,2026,2,0.038034,0.10198,0.153455,0.411458,4,38.33,61.07
20,2018,2,0.018123,0.034853,0.046019,0.088501,19,18.02,72.11
20,2018,4,0.015245,0.027758,0.049215,0.089607,15,16.46,74.11
20,2019,2,0.019916,0.029255,0.070843,0.104059,19,18.23,82.51
20,2019,4,0.018573,0.027368,0.038052,0.056071,18,11.16,82.38
20,2020,1,0.012474,0.106836,0.012019,0.102935,8,6.22,34.17
20,2020,2,0.020462,0.027033,0.051995,0.068695,23,18.38,87.0
20,2020,3,0.013774,0.11035,0.012516,0.100269,9,7.54,35.33
20,2020,4,0.021334,0.028612,0.077178,0.103507,23,23.79,86.35
20,2021,1,0.015075,0.103743,0.03155,0.217118,6,15.36,38.12
20,2021,2,0.026253,0.034439,0.094682,0.124205,23,28.93,87.31
20,2021,3,0.01645,0.103227,0.027536,0.172791,6,12.61,39.92
20,2021,4,0.023478,0.030735,0.081925,0.107249,22,19.98,87.4
20,2022,1,0.017902,0.104446,0.026141,0.152519,6,9.49,41.4
20,2022,2,0.02427,0.030627,0.085238,0.107562,18,20.02,89.02
20,2022,3,0.017121,0.107814,0.029817,0.187764,7,12.91,39.85
20,2022,4,0.023474,0.030142,0.053346,0.068497,19,19.55,88.25
20,2023,1,0.015895,0.105043,0.021189,0.140028,7,8.97,38.9
20,2023,2,0.021548,0.027643,0.056944,0.073051,22,15.05,88.29
20,2023,3,0.013169,0.102462,0.01731,0.134686,7,8.79,35.85
20,2023,4,0.020546,0.027568,0.074569,0.100054,21,17.74,86.33
20,2024,1,0.01126,0.108062,0.013469,0.129258,8,9.37,32.28
20,2024,2,0.020371,0.030017,0.090684,0.133624,13,26.96,82.38
20,2024,3,0.016858,0.106691,0.028168,0.178274,6,11.68,39.75
20,2024,4,0.022627,0.03589,0.056525,0.08966,13,18.75,79.4
20,2025,1,0.018372,0.118588,0.023379,0.150911,7,12.36,39.36
20,2025,2,0.029321,0.04089,0.061444,0.085688,15,18.44,84.68
20,2025,3,0.01571,0.10604,0.020074,0.135501,7,10.2,38.49
20,2025,4,0.024269,0.030937,0.084859,0.108175,19,22.65,88.57
20,2026,1,0.012447,0.105736,0.016817,0.142863,6,7.7,34.31
20,2026,2,0.017526,0.105078,0.039954,0.239545,4,15.33,40.84
21,2018,2,0.011462,0.016202,0.073779,0.104289,24,26.52,84.11
21,2018,4,0.008763,0.017107,0.024753,0.048324,27,12.92,71.57
21,2019,2,0.011864,0.019927,0.039866,0.066961,24,13.84,77.16
21,2019,4,0.020278,0.023818,0.049832,0.058531,23,18.72,92.27
21,2020,1,0.011361,0.099559,0.015937,0.139666,10,10.62,33.78
21,2020,2,0.022703,0.026523,0.089441,0.104488,25,23.17,92.52
21,2020,3,0.015904,0.108139,0.036073,0.245275,6,17.34,38.35
21,2020,4,0.023021,0.027092,0.062918,0.074046,27,19.2,92.18
21,2021,1,0.012412,0.11288,0.017012,0.154713,9,11.4,33.16
21,2021,2,0.022504,0.027075,0.088358,0.106302,30,23.72,91.17
21,2021,3,0.012959,0.115607,0.030654,0.273478,6,15.93,33.48
21,2021,4,0.015507,0.018656,0.076779,0.092372,28,20.95,91.17
21,2022,1,0.010178,0.117428,0.022369,0.258094,5,11.44,29.44
21,2022,2,0.014235,0.017331,0.088814,0.108128,24,24.16,90.63
21,2022,3,0.008801,0.113476,0.017264,0.222581,6,11.62,27.85
21,2022,4,0.012656,0.015409,0.071181,0.08666,28,18.81,90.63
21,2023,1,0.009332,0.115707,0.019606,0.243083,5,11.62,28.4
21,2023,2,0.011625,0.01506,0.070199,0.090939,28,22.18,87.86
21,2023,3,0.007251,0.092952,0.015799,0.202528,6,10.7,27.93
21,2023,4,0.012284,0.015179,0.110599,0.136664,25,30.7,89.96
21,2024,1,0.008335,0.103342,0.025962,0.321887,5,15.47,28.4
21,2024,2,0.013411,0.017185,0.102424,0.131246,23,29.0,88.34
21,2024,3,0.010222,0.101467,0.026888,0.266894,6,15.03,31.74
21,2024,4,0.012849,0.016698,0.068563,0.089103,24,16.39,87.72
21,2025,1,0.009382,0.098199,0.01989,0.208183,5,10.12,30.91
21,2025,2,0.01397,0.021083,0.083157,0.125502,18,22.49,81.4
21,2025,3,0.007801,0.103977,0.01481,0.197414,6,10.01,27.39
21,2025,4,0.012351,0.019507,0.093396,0.147512,17,29.08,79.57
21,2026,1,0.008668,0.106864,0.029449,0.363072,4,16.29,28.48
21,2026,2,0.018733,0.111168,0.103515,0.614294,3,32.38,41.05
31,2018,2,0.035535,0.048181,0.127427,0.172773,17,27.07,85.88
31,2018,4,0.021369,0.033356,0.042914,0.066986,19,12.83,80.04
31,2019,2,0.040744,0.051682,0.091089,0.115542,18,26.59,88.79
31,2019,4,0.039321,0.046457,0.156863,0.18533,17,33.26,92.0
31,2020,1,0.024167,0.073249,0.068681,0.208164,7,20.54,57.44
31,2020,2,0.042079,0.048694,0.107068,0.123899,18,23.93,92.96
31,2020,3,0.03529,0.080916,0.076136,0.174573,8,23.39,66.04
31,2020,4,0.04165,0.047663,0.078569,0.089911,24,20.95,93.48
31,2021,1,0.030931,0.0971,0.035337,0.110932,8,12.35,56.44
31,2021,2,0.054689,0.063655,0.082873,0.09646,24,20.41,92.69
31,2021,3,0.047142,0.096236,0.063216,0.129049,9,20.27,69.99
31,2021,4,0.048906,0.058059,0.085769,0.10182,19,18.56,91.78
31,2022,1,0.040128,0.093761,0.059188,0.138297,8,16.03,65.42
31,2022,2,0.045531,0.062357,0.113378,0.155277,14,25.42,85.45
31,2022,3,0.036158,0.087809,0.060596,0.147158,7,13.99,64.17
31,2022,4,0.043226,0.05027,0.088535,0.102962,18,19.51,92.73
31,2023,1,0.039848,0.084676,0.05027,0.106822,8,12.99,68.6
31,2023,2,0.051114,0.058794,0.077927,0.089636,19,17.0,93.24
31,2023,3,0.049404,0.096936,0.05615,0.110173,8,14.92,71.39
31,2023,4,0.056298,0.064994,0.081015,0.093529,21,15.52,93.07
31,2024,1,0.053204,0.108487,0.062164,0.126757,8,16.51,70.03
31,2024,2,0.060616,0.071198,0.091368,0.107318,13,17.27,92.27
31,2024,3,0.057048,0.106905,0.061113,0.114523,8,15.59,73.05
31,2024,4,0.03131,0.063372,0.060519,0.122491,17,17.4,70.29
31,2025,1,0.043212,0.087412,0.067588,0.136722,7,16.12,70.31
31,2025,2,0.050971,0.068901,0.10435,0.141056,15,22.34,86.01
31,2025,3,0.046984,0.107274,0.082949,0.18939,6,24.66,66.18
31,2025,4,0.052015,0.071087,0.092134,0.125916,18,22.88,85.54
31,2026,1,0.030225,0.108581,0.045949,0.165069,7,17.91,52.76
31,2026,2,0.041414,0.110284,0.048186,0.128316,8,16.63,61.28
61,2018,2,0.015342,0.044631,0.035892,0.104415,19,17.38,58.63
61,2018,4,0.008291,0.01969,0.012213,0.029004,28,7.15,64.89
61,2019,2,0.014479,0.02203,0.023547,0.035828,25,9.69,81.07
61,2019,4,0.015496,0.021296,0.032652,0.044876,25,10.68,85.3
61,2020,1,0.015,0.090422,0.028138,0.169616,7,11.94,40.73
61,2020,2,0.023889,0.035193,0.052202,0.076902,21,16.61,82.39
61,2020,3,0.01835,0.109053,0.022685,0.134816,7,8.69,41.02
61,2020,4,0.023767,0.034268,0.070341,0.101421,26,23.25,83.28
61,2021,1,0.019815,0.113245,0.028364,0.162106,7,13.8,41.83
61,2021,2,0.028504,0.034933,0.082417,0.101007,28,22.33,90.33
61,2021,3,0.009814,0.092632,0.011132,0.105065,9,6.19,32.55
61,2021,4,0.013667,0.024784,0.043037,0.078044,27,15.44,74.26
61,2022,1,0.009537,0.09192,0.01414,0.136287,8,8.21,32.21
61,2022,2,0.018967,0.022302,0.06765,0.079546,24,18.39,92.22
61,2022,3,0.007573,0.101838,0.015306,0.205822,5,8.59,27.27
61,2022,4,0.012376,0.019116,0.066189,0.10224,22,22.62,80.46
61,2023,1,0.00736,0.094478,0.022171,0.284618,6,14.31,27.91
61,2023,2,0.017147,0.020058,0.092439,0.108131,23,22.86,92.46
61,2023,3,0.011141,0.096148,0.03238,0.279446,5,15.66,34.04
61,2023,4,0.01697,0.020475,0.09953,0.120085,22,25.73,91.04
61,2024,1,0.007978,0.103602,0.025112,0.326105,4,12.69,27.75
61,2024,2,0.017627,0.020835,0.106301,0.125646,22,27.04,91.98
61,2024,3,0.012008,0.107125,0.033213,0.296303,4,15.87,33.48
61,2024,4,0.018133,0.023464,0.10691,0.138338,17,27.63,87.91
61,2025,1,0.010671,0.106936,0.018149,0.181867,7,11.81,31.59
61,2025,2,0.017593,0.021657,0.084189,0.103638,14,22.91,90.13
61,2025,3,0.0175,0.107536,0.04328,0.265957,6,19.52,40.34
61,2025,4,0.031767,0.036658,0.121708,0.140447,17,27.67,93.09
73,2018,2,0.056345,0.071294,0.191586,0.242415,11,34.98,88.9
73,2018,4,0.023495,0.045348,0.074373,0.143546,18,22.75,71.98
73,2019,2,0.028717,0.04104,0.069246,0.098961,20,20.24,83.65
73,2019,4,0.035183,0.042005,0.087148,0.104046,14,20.72,91.52
73,2020,1,0.025803,0.113217,0.055275,0.242528,6,20.37,47.74
73,2020,2,0.036844,0.043201,0.081099,0.095091,15,24.08,92.35
73,2020,3,0.030511,0.103177,0.035727,0.120813,8,15.16,54.38
73,2020,4,0.038304,0.046871,0.086092,0.105348,12,18.45,90.4
73,2021,1,0.041133,0.102494,0.082894,0.206552,5,18.32,63.35
73,2021,2,0.045404,0.055621,0.113885,0.139512,13,25.46,90.35
73,2021,3,0.032142,0.106101,0.091023,0.300465,4,26.98,55.04
73,2021,4,0.036604,0.045443,0.081369,0.101016,17,18.32,89.75
73,2022,1,0.02978,0.104825,0.032099,0.112991,8,11.44,53.3
73,2022,2,0.032031,0.045798,0.066343,0.094858,13,17.17,83.63
73,2022,3,0.040075,0.125318,0.212335,0.663983,3,46.56,56.55
73,2022,4,0.03812,0.046958,0.179349,0.220928,16,40.84,90.1
73,2023,1,0.035411,0.110537,0.153867,0.480302,3,38.43,56.6
73,2023,2,0.040906,0.05867,0.141589,0.203075,18,36.05,83.5
73,2023,3,0.040777,0.115763,0.090817,0.257824,6,24.99,59.35
73,2023,4,0.04389,0.05633,0.153452,0.196946,14,34.11,88.27
73,2024,1,0.036618,0.118284,0.096181,0.310682,6,27.5,55.64
73,2024,2,0.037015,0.053563,0.092412,0.133726,18,23.05,83.13
73,2024,3,0.023128,0.13455,0.026465,0.153961,7,11.47,41.46
73,2024,4,0.036535,0.050497,0.067477,0.093262,17,17.25,85.06
73,2025,1,0.030087,0.110249,0.043807,0.160524,6,14.34,52.24
73,2025,2,0.040047,0.045701,0.076493,0.087292,18,16.88,93.61
73,2025,3,0.039485,0.11274,0.045524,0.129984,7,13.45,59.18
73,2025,4,0.048976,0.05964,0.093327,0.113647,11,17.29,90.62
73,2026,1,0.043859,0.105654,0.104161,0.250917,5,26.53,64.43
73,2026,2,0.043378,0.113357,0.103267,0.269862,4,21.02,61.86
263,2018,2,0.024025,0.03997,0.085335,0.141967,16,24.67,77.53
263,2018,4,0.020968,0.0304,0.070875,0.102757,19,23.53,83.05
263,2019,2,0.022842,0.032785,0.05855,0.084037,19,18.13,83.47
263,2019,4,0.023394,0.030576,0.070778,0.092508,16,22.83,87.47
263,2020,1,0.011359,0.103299,0.017222,0.15662,7,10.48,33.16
263,2020,2,0.029287,0.032671,0.069758,0.077818,21,20.11,94.68
263,2020,3,0.015819,0.106609,0.016121,0.108647,8,7.66,38.52
263,2020,4,0.024457,0.028646,0.04253,0.049813,26,11.08,92.4
263,2021,1,0.019221,0.088247,0.022939,0.105317,10,10.65,46.67
263,2021,2,0.028008,0.034023,0.059883,0.072745,27,17.57,90.73
263,2021,3,0.018635,0.096957,0.028089,0.146149,7,11.19,43.84
263,2021,4,0.025582,0.032051,0.075667,0.094801,25,21.6,89.34
263,2022,1,0.014296,0.096299,0.013363,0.090013,9,6.35,38.53
263,2022,2,0.01971,0.030789,0.050667,0.079148,22,13.67,80.01
263,2022,3,0.01388,0.088152,0.020309,0.128987,8,10.76,39.68
263,2022,4,0.024329,0.028452,0.065647,0.076774,20,16.78,92.47
263,2023,1,0.012722,0.107067,0.014612,0.122979,7,6.49,34.47
263,2023,2,0.022996,0.030642,0.058963,0.078567,24,16.09,86.63
263,2023,3,0.016882,0.107383,0.020535,0.130621,8,9.94,39.65
263,2023,4,0.029384,0.036197,0.068909,0.084884,22,16.96,90.1
263,2024,1,0.017075,0.111572,0.02598,0.16976,7,12.12,39.12
263,2024,2,0.022542,0.035055,0.0569,0.088486,20,19.26,80.19
263,2024,3,0.016379,0.105992,0.032243,0.208657,5,12.36,39.31
263,2024,4,0.020762,0.031349,0.048795,0.073678,19,17.21,81.38
263,2025,1,0.011054,0.106546,0.014868,0.143309,7,7.76,32.21
263,2025,2,0.018347,0.027366,0.057768,0.086165,22,20.52,81.88
263,2025,3,0.018399,0.118887,0.041674,0.269278,5,15.7,39.34
263,2025,4,0.029954,0.036524,0.090986,0.110944,18,23.12,90.56
263,2026,1,0.018997,0.107486,0.039375,0.222792,5,13.04,42.04
263,2026,2,0.022779,0.105847,0.077733,0.361208,4,25.22,46.39
308,2018,2,0.022338,0.033392,0.046281,0.069183,14,11.6,81.79
308,2018,4,0.02186,0.050033,0.039069,0.089418,13,16.56,66.1
308,2019,2,0.041333,0.059624,0.052765,0.076115,16,18.08,83.26
308,2019,4,0.03172,0.037804,0.061811,0.073667,16,14.22,91.6
308,2020,1,0.008351,0.101102,0.010104,0.12233,7,5.73,28.74
308,2020,2,0.024717,0.02992,0.067236,0.08139,14,18.36,90.89
308,2020,3,0.019127,0.109156,0.026579,0.151683,7,12.11,41.86
308,2020,4,0.022083,0.025831,0.079438,0.092922,22,23.52,92.46
308,2021,1,0.017741,0.114691,0.024216,0.156548,7,11.5,39.33
308,2021,2,0.02883,0.037118,0.106251,0.1368,20,28.08,88.13
308,2021,3,0.01451,0.115009,0.021342,0.169157,7,12.35,35.52
308,2021,4,0.023876,0.030692,0.045251,0.058169,23,16.24,88.2
308,2022,1,0.023546,0.110844,0.019119,0.090003,9,7.52,46.09
308,2022,2,0.027424,0.040557,0.04578,0.067704,19,12.3,82.23
308,2022,3,0.019791,0.124376,0.034724,0.218221,7,17.58,39.89
308,2022,4,0.021281,0.029159,0.039383,0.053962,17,11.68,85.43
308,2023,1,0.022579,0.10501,0.020897,0.097186,10,8.52,46.37
308,2023,2,0.027256,0.035894,0.038628,0.050871,17,10.99,87.14
308,2023,3,0.024769,0.110852,0.039934,0.178718,6,15.12,47.27
308,2023,4,0.029912,0.040803,0.053366,0.072797,18,16.63,85.62
308,2024,1,0.029331,0.115607,0.031171,0.122858,8,11.27,50.37
308,2024,2,0.034239,0.044476,0.072641,0.09436,15,20.49,87.74
308,2024,3,0.02536,0.106317,0.042028,0.176195,6,13.7,48.84
308,2024,4,0.030453,0.036774,0.166801,0.201426,12,35.26,91.0
308,2025,1,0.018995,0.107376,0.024377,0.137797,7,10.84,42.06
308,2025,2,0.025745,0.039181,0.053484,0.081397,16,18.19,81.06
308,2025,3,0.025418,0.11955,0.03604,0.169512,6,11.89,46.11
308,2025,4,0.038952,0.044149,0.132407,0.150073,12,30.21,93.93
308,2026,1,0.01897,0.111977,0.046927,0.276998,4,18.38,41.16
308,2026,2,0.030984,0.113624,0.090327,0.33124,3,24.29,52.22
327,2018,2,0.000261,0.050374,0.000518,0.099914,15,1.73,7.2
327,2018,4,0.006308,0.017359,0.012939,0.035609,26,7.11,60.28
327,2019,2,0.018312,0.032287,0.020963,0.036962,23,10.27,75.31
327,2019,4,0.016753,0.0265,0.026762,0.042332,23,13.56,79.51
327,2020,1,0.008354,0.114509,0.012132,0.166302,6,8.63,27.01
327,2020,2,0.013133,0.017659,0.035647,0.04793,24,14.61,86.24
327,2020,3,0.004489,0.11234,0.008436,0.211119,5,7.35,19.99
327,2020,4,0.012309,0.016823,0.028348,0.038742,26,11.37,85.54
327,2021,1,0.006514,0.118146,0.008524,0.154609,7,7.59,23.48
327,2021,2,0.012084,0.015435,0.040207,0.051359,28,14.09,88.48
327,2021,3,0.005471,0.107219,0.006367,0.124775,7,4.42,22.59
327,2021,4,0.011808,0.014469,0.046194,0.056601,29,18.21,90.34
327,2022,1,0.027216,0.105463,0.22097,0.85626,2,47.79,50.8
327,2022,2,0.018229,0.021273,0.282257,0.329385,14,53.16,92.57
327,2022,3,0.015974,0.08125,0.154433,0.785503,3,39.93,44.34
327,2022,4,0.030676,0.036568,0.322932,0.384959,15,56.08,91.59
327,2023,1,0.013009,0.088036,0.066091,0.447275,7,25.08,38.44
327,2023,2,0.021448,0.025029,0.147993,0.172703,22,36.26,92.57
327,2023,3,0.016653,0.122105,0.048036,0.352218,5,21.29,36.93
327,2023,4,0.024517,0.027512,0.103927,0.116623,21,24.81,94.4
327,2024,1,0.018051,0.103113,0.058883,0.336362,6,20.98,41.84
327,2024,2,0.02666,0.031594,0.13463,0.159548,20,30.22,91.86
327,2024,3,0.019143,0.116251,0.056909,0.345584,4,22.59,40.58
327,2024,4,0.03104,0.035773,0.153744,0.177187,14,33.38,93.15
327,2025,1,0.017078,0.110745,0.051127,0.331535,4,20.03,39.27
327,2025,2,0.02523,0.029763,0.172463,0.20345,15,34.88,92.07
327,2025,3,0.018048,0.114628,0.050369,0.319901,4,20.47,39.68
327,2025,4,0.027649,0.033915,0.091392,0.112105,17,25.13,90.29
327,2026,1,0.02538,0.113535,0.061403,0.274684,5,17.92,47.28
327,2026,2,0.022576,0.109965,0.079327,0.386397,3,25.16,45.31
354,2018,2,0.023592,0.049026,0.04078,0.084744,13,13.57,69.37
354,2018,4,0.027702,0.074398,0.053061,0.142504,9,16.86,61.02
354,2019,2,0.029314,0.043564,0.065914,0.097957,18,17.68,82.03
354,2019,4,0.049826,0.058284,0.157384,0.184099,14,37.82,92.46
354,2020,1,0.028134,0.105093,0.076824,0.286973,4,22.6,51.74
354,2020,2,0.046293,0.056026,0.13548,0.163964,13,32.81,90.9
354,2020,3,0.048502,0.106073,0.078109,0.170824,6,21.21,67.62
354,2020,4,0.058349,0.064734,0.389688,0.432333,13,62.92,94.94
354,2021,1,0.034003,0.114059,0.238187,0.798974,2,49.52,54.6
354,2021,2,0.049332,0.061641,0.690918,0.863314,6,84.52,89.46
354,2021,3,0.039708,0.1064,0.168037,0.450262,4,40.55,61.09
354,2021,4,0.039771,0.07885,0.185335,0.367448,8,43.39,71.02
354,2022,1,0.037267,0.105692,0.051552,0.146205,7,17.77,59.38
354,2022,2,0.047248,0.056496,0.05824,0.06964,14,19.14,91.45
354,2022,3,0.036286,0.104239,0.037532,0.107821,8,11.89,59.0
354,2022,4,0.044385,0.060292,0.081369,0.110532,12,25.04,85.8
354,2023,1,0.034264,0.105387,0.173084,0.532356,3,41.18,57.02
354,2023,2,0.053843,0.061814,0.164181,0.188487,6,27.99,93.33
354,2023,3,0.029813,0.10891,0.119514,0.436598,4,33.68,52.32
354,2023,4,0.037262,0.063027,0.143035,0.241937,9,35.75,76.89
354,2024,1,0.045388,0.107097,0.129697,0.306032,4,30.77,65.1
354,2024,2,0.063279,0.070844,0.319113,0.357263,6,43.25,94.51
354,2024,3,0.051688,0.109007,0.193488,0.408056,3,34.89,68.86
354,2024,4,0.059434,0.069074,0.227294,0.26416,11,42.34,92.76
354,2025,1,0.034642,0.104162,0.06575,0.197695,6,21.51,57.67
354,2025,2,0.051677,0.057684,0.322401,0.359877,12,45.4,94.65
354,2025,3,0.044065,0.105039,0.128132,0.305429,4,28.89,64.77
354,2025,4,0.057016,0.066464,0.307925,0.358951,14,46.27,92.62
354,2026,1,0.0491,0.107669,0.140179,0.307391,4,31.95,67.53
354,2026,2,0.039076,0.108544,0.192757,0.535437,3,43.62,60.0
390,2014,1,0.004498,0.118896,0.004788,0.126564,9,5.53,19.45
390,2014,2,0.002161,0.054957,0.005734,0.145806,13,5.77,19.83
390,2014,3,0.003247,0.096855,0.007931,0.236577,6,7.59,18.31
390,2014,4,0.009034,0.066277,0.038196,0.280216,11,19.45,36.92
390,2015,1,0.016213,0.084395,0.056369,0.293428,6,22.93,43.83
390,2015,2,0.020784,0.039804,0.068658,0.131491,19,20.56,72.26
390,2015,3,0.004184,0.101742,0.01473,0.358148,5,11.96,20.28
390,2015,4,0.003,0.059783,0.010123,0.201752,16,8.81,22.4
390,2016,1,0.00306,0.102233,0.004368,0.145942,7,5.0,17.3
390,2016,2,0.004714,0.049562,0.007306,0.076819,18,6.14,30.84
390,2016,3,0.012674,0.102175,0.020367,0.16419,7,11.47,35.22
390,2016,4,0.029282,0.056298,0.113869,0.218924,18,30.25,72.12
390,2017,1,0.036026,0.111079,0.09804,0.302284,5,29.92,56.95
390,2017,2,0.04775,0.064939,0.156941,0.213436,24,37.66,85.75
390,2017,3,0.041883,0.110772,0.113863,0.301144,6,32.07,61.49
390,2017,4,0.038015,0.056702,0.09926,0.148054,21,26.94,81.88
390,2018,1,3e-06,0.084653,1.1e-05,0.297958,4,0.273,0.5954
390,2018,2,0.012779,0.071213,0.03403,0.189636,16,11.9007,42.3614
390,2018,3,2e-06,0.112425,5e-06,0.311987,4,0.1698,0.3976
390,2018,4,0.018778,0.039019,0.074564,0.154942,12,16.98,69.3713
390,2019,2,0.018095,0.033606,0.061844,0.114853,18,13.83,73.38
390,2019,4,0.026746,0.047662,0.073349,0.130712,20,19.95,74.91
390,2020,1,2e-06,0.095726,6e-06,0.313939,6,0.2302,0.419
390,2020,2,0.012543,0.0358,0.053639,0.153095,22,21.5687,59.1914
390,2020,3,1e-06,0.127438,5e-06,0.407525,4,0.215,0.343
390,2020,4,0.023456,0.038538,0.115274,0.189392,22,31.86,78.0162
390,2021,2,0.02359,0.031844,0.16442,0.221947,23,40.31,86.07
390,2021,4,0.023989,0.032106,0.141454,0.189315,25,35.28,86.44
390,2022,2,0.021376,0.026296,0.138272,0.1701,20,34.51,90.16
390,2022,4,0.016944,0.023518,0.129993,0.180431,21,32.63,84.88
390,2023,2,0.006964,0.017508,0.049229,0.123758,19,20.0,63.07
390,2023,4,0.007727,0.018614,0.052922,0.127485,20,22.66,64.43
390,2024,2,0.010896,0.02415,0.083444,0.184946,20,28.97,67.17
390,2024,4,0.01106,0.022008,0.0401,0.079794,22,16.95,70.89
390,2025,2,0.018934,0.022419,0.112387,0.133071,16,25.85,91.9
390,2025,4,0.036442,0.047144,0.245376,0.317436,11,36.59,87.92
404,2014,1,0.036241,0.105936,0.066193,0.193486,6,21.27,58.49
404,2014,2,0.035464,0.057156,0.115262,0.185765,10,23.61,78.77
404,2014,3,0.024659,0.115778,0.069765,0.327564,4,19.93,46.15
404,2014,4,0.068097,0.073278,0.152303,0.163891,9,27.28,96.4
404,2015,1,0.041565,0.108165,0.12408,0.322894,5,33.97,61.99
404,2015,2,0.049167,0.055834,0.18775,0.213209,17,32.32,93.84
404,2015,3,0.032071,0.135389,0.080968,0.341815,4,23.1,48.67
404,2015,4,0.048451,0.06468,0.178368,0.238113,12,39.14,86.55
404,2016,1,0.025993,0.108169,0.037769,0.157178,7,13.24,49.02
404,2016,2,0.036301,0.054105,0.070648,0.1053,15,16.57,81.91
404,2016,3,0.036105,0.122048,0.047336,0.160013,6,14.11,54.39
404,2016,4,0.043978,0.058237,0.093186,0.123399,21,21.87,86.9
404,2017,1,0.040215,0.105363,0.052822,0.138395,8,17.27,61.78
404,2017,2,0.04048,0.053654,0.07567,0.100296,15,16.9,86.86
404,2017,3,0.03412,0.101918,0.070246,0.209829,6,19.5,57.86
404,2017,4,0.051718,0.060301,0.099971,0.116562,16,20.59,92.61
404,2018,1,5e-06,0.081867,1.6e-05,0.265244,6,0.3688,0.7647
404,2018,2,0.01168,0.08933,0.022991,0.175835,11,9.6687,36.1601
404,2018,3,3e-06,0.104416,5e-06,0.195418,5,0.1446,0.5301
404,2018,4,0.029353,0.05699,0.105924,0.205653,13,23.74,71.7678
404,2019,1,4e-06,0.077624,1.5e-05,0.264277,4,0.2696,0.7585
404,2019,2,0.013956,0.093211,0.022441,0.149882,13,10.4945,38.6943
404,2019,3,3e-06,0.107961,5e-06,0.201168,5,0.1425,0.5038
404,2019,4,0.027494,0.043465,0.079717,0.126024,17,17.72,79.5334
404,2020,2,0.044138,0.050144,0.148297,0.168477,14,29.67,93.82
404,2020,4,0.048787,0.061248,0.127048,0.159496,22,25.34,89.25
404,2021,2,0.061476,0.070774,0.165925,0.191021,23,34.51,93.2
404,2021,4,0.05418,0.061737,0.196942,0.224411,19,34.64,93.68
404,2022,2,0.049933,0.058258,0.209694,0.244654,15,36.86,92.58
404,2022,4,0.032692,0.037799,0.371961,0.430063,15,60.86,93.0
404,2023,2,0.02613,0.039004,0.179095,0.267329,17,40.13,81.85
404,2023,4,0.01991,0.027596,0.16313,0.226104,19,39.17,84.94
404,2024,2,0.028379,0.034703,0.273571,0.334538,18,52.44,90.43
404,2024,4,0.020939,0.027778,0.22882,0.303567,15,47.92,86.82
404,2025,2,0.019429,0.022177,0.228146,0.260413,19,47.19,93.6
404,2025,4,0.036398,0.04593,0.247492,0.31231,16,45.21,89.02
522,2018,2,0.03382,0.042249,0.59242,0.740073,2,77.75,89.47
522,2018,4,0.020082,0.027298,0.1874,0.254741,7,33.9,85.77
522,2019,2,0.023072,0.031029,0.257188,0.345887,8,48.67,86.23
522,2019,4,0.05438,0.064346,0.28656,0.339079,6,47.72,91.93
522,2020,1,0.022739,0.103732,0.091962,0.419511,5,30.16,46.82
522,2020,2,0.042254,0.052224,0.197163,0.243682,13,41.3,89.95
522,2020,3,0.035993,0.098823,0.191997,0.527158,3,42.86,60.35
522,2020,4,0.05441,0.083963,0.251199,0.387637,15,43.99,80.5
522,2021,1,0.050738,0.116691,0.20343,0.467862,2,33.48,65.94
522,2021,2,0.069631,0.095362,0.379222,0.519361,8,58.5,85.45
522,2021,3,0.036241,0.11182,0.267036,0.823926,2,52.49,56.93
522,2021,4,0.036999,0.071392,0.457212,0.882213,8,68.77,71.99
522,2022,1,0.031449,0.108089,0.281567,0.967742,1,53.94,53.94
522,2022,2,0.041416,0.054983,0.647978,0.860242,8,81.92,86.79
522,2022,3,0.034018,0.113362,0.249127,0.830188,2,50.71,54.78
522,2022,4,0.024669,0.064135,0.128197,0.333283,9,34.83,62.02
522,2023,1,0.022051,0.102863,0.091735,0.427929,4,29.57,46.3
522,2023,2,0.040888,0.069305,0.199035,0.33736,4,37.67,76.81
522,2023,3,0.044005,0.11496,0.160368,0.418946,3,29.36,61.87
522,2023,4,0.052557,0.084792,0.238096,0.384124,4,41.91,78.73
522,2024,1,0.048406,0.112725,0.229777,0.535089,2,44.79,65.53
522,2024,2,0.066795,0.082316,0.438575,0.54049,2,62.22,90.08
522,2024,3,0.056065,0.105468,0.266601,0.501518,2,45.93,72.91
522,2024,4,0.043732,0.086875,0.260978,0.518441,3,46.99,70.95
522,2025,1,0.029204,0.105714,0.223742,0.809909,2,48.02,52.56
522,2025,2,0.042847,0.058558,0.527193,0.720496,5,73.73,85.54
522,2025,3,0.056207,0.102671,0.290257,0.530197,2,50.07,73.99
522,2025,4,0.060183,0.083969,0.361739,0.504706,3,55.49,84.66
522,2026,1,0.05293,0.103709,0.263496,0.516286,2,46.85,71.44
522,2026,2,0.042854,0.100809,0.189789,0.446454,3,40.48,65.2
601,2018,2,0.026582,0.033461,0.093978,0.118298,14,23.84,89.13
601,2018,4,0.026023,0.036026,0.092148,0.127571,14,23.65,84.99
601,2019,2,0.034431,0.041533,0.104807,0.126424,15,24.07,91.05
601,2019,4,0.038002,0.04678,0.130169,0.160239,16,32.58,90.13
601,2020,1,0.041978,0.105296,0.090652,0.227388,5,21.39,63.14
601,2020,2,0.042399,0.05354,0.111633,0.140964,18,23.62,88.99
601,2020,3,0.047602,0.106042,0.097202,0.216533,6,25.81,67.0
601,2020,4,0.049999,0.064963,0.123711,0.160735,21,26.5,87.73
601,2021,1,0.029812,0.103382,0.06283,0.217879,5,18.17,53.7
601,2021,2,0.038868,0.051175,0.106435,0.140136,24,22.39,87.15
601,2021,3,0.033237,0.113771,0.05602,0.191757,6,17.17,54.05
601,2021,4,0.034046,0.041168,0.086345,0.104407,21,22.99,90.94
601,2022,1,0.019086,0.119408,0.043915,0.274742,6,20.06,39.98
601,2022,2,0.023136,0.028922,0.088338,0.110429,18,28.26,89.44
601,2022,3,0.009354,0.102968,0.014319,0.157626,7,9.66,30.14
601,2022,4,0.017938,0.023446,0.108845,0.142262,16,31.57,87.47
601,2023,1,0.008879,0.103642,0.031463,0.367245,5,17.52,29.27
601,2023,2,0.017719,0.022156,0.24616,0.307787,23,50.21,89.43
601,2023,3,0.012741,0.116224,0.056441,0.514847,4,23.89,33.11
601,2023,4,0.019409,0.024063,0.163006,0.202095,20,39.02,89.81
601,2024,1,0.013263,0.124874,0.066715,0.628137,4,26.08,32.59
601,2024,2,0.020388,0.025014,0.213996,0.262556,18,42.07,90.28
601,2024,3,0.021569,0.113308,0.037308,0.195991,6,16.31,43.63
601,2024,4,0.017857,0.02511,0.079878,0.112322,18,22.97,84.33
601,2025,1,0.009082,0.113239,0.021228,0.264679,7,14.32,28.32
601,2025,2,0.017792,0.020457,0.098476,0.113224,20,24.35,93.26
601,2025,3,0.024569,0.114906,0.042339,0.198019,6,15.03,46.24
601,2025,4,0.036548,0.04233,0.13011,0.150693,17,26.42,92.92
601,2026,1,0.02373,0.114928,0.048835,0.236515,5,18.44,45.44
601,2026,2,0.030185,0.130412,0.070421,0.304249,4,19.16,48.11
742,2014,4,0.025518,0.085819,0.052316,0.175938,10,20.49,54.53
742,2015,1,0.031861,0.105981,0.041952,0.139547,7,13.82,54.83
742,2015,2,0.039464,0.048548,0.066468,0.081768,18,22.2,90.16
742,2015,3,0.019137,0.117952,0.019371,0.119391,8,8.52,40.28
742,2015,4,0.033169,0.056382,0.042886,0.0729,14,12.23,76.7
742,2016,1,0.026488,0.131856,0.025025,0.124574,8,10.17,44.82
742,2016,2,0.038225,0.07026,0.103627,0.190471,17,27.42,73.76
742,2016,3,0.008172,0.138049,0.015645,0.264303,5,9.75,24.33
742,2016,4,0.005318,0.074536,0.007854,0.110092,21,5.6,26.71
742,2017,1,0.040441,0.125616,0.059163,0.183769,6,18.31,56.74
742,2017,2,0.049324,0.090122,0.13271,0.242479,13,25.42,73.98
742,2017,3,0.052037,0.106198,0.151462,0.309105,3,28.45,70.0
742,2017,4,0.060094,0.092184,0.268759,0.412274,18,49.4,80.74
742,2018,1,7e-06,0.063978,2.8e-05,0.258384,7,0.478,1.0473
742,2018,2,0.023512,0.051076,0.155434,0.337653,18,39.9096,67.8481
742,2018,3,2e-06,0.101293,6e-06,0.367849,5,0.2327,0.3882
742,2018,4,0.021702,0.043194,0.102342,0.203699,16,31.4,70.8815
742,2019,1,5e-06,0.078383,2.2e-05,0.376251,6,0.4716,0.768
742,2019,2,0.017496,0.094199,0.038468,0.207108,15,16.7993,43.0974
742,2019,3,2e-06,0.115878,3e-06,0.168957,6,0.1335,0.4483
742,2019,4,0.022493,0.03565,0.04097,0.064936,20,15.19,79.4314
742,2020,2,0.057466,0.0661,0.18065,0.207794,24,29.4,93.24
742,2020,4,0.035448,0.044782,0.109438,0.138256,23,26.41,88.97
742,2021,1,3e-06,0.081776,7e-06,0.230615,6,0.2461,0.565
742,2021,2,0.019817,0.036964,0.093694,0.174762,24,23.52,73.2204
742,2021,3,2e-06,0.11708,6e-06,0.30216,4,0.2041,0.4427
742,2021,4,0.032224,0.044245,0.136065,0.186823,23,31.64,85.341
742,2022,2,0.043381,0.051332,0.160356,0.189745,17,31.22,91.93
742,2022,4,0.026339,0.035316,0.084716,0.11359,12,19.47,86.36
742,2023,1,5e-06,0.100638,2.9e-05,0.553607,3,0.5369,0.722
742,2023,2,0.013681,0.113142,0.054294,0.449,18,22.231,34.7737
742,2023,3,6e-06,0.121516,2.8e-05,0.577059,2,0.5127,0.6987
742,2023,4,0.061098,0.090978,0.374935,0.558294,17,59.8895,81.9495
742,2024,1,7e-06,0.080231,4.7e-05,0.5218,4,0.6842,0.9516
742,2024,2,0.019779,0.169437,0.066766,0.571948,11,25.2358,34.1665
742,2024,3,5e-06,0.121895,3.5e-05,0.835335,2,0.6006,0.6467
742,2024,4,0.05408,0.082195,0.5309,0.806901,11,74.1341,81.1141
742,2025,2,0.019767,0.022562,0.176962,0.201989,14,37.8,93.6
742,2025,4,0.068442,0.076933,0.658979,0.740737,13,82.47,94.32
800,2018,2,0.027206,0.043339,0.117364,0.186964,18,33.16,79.23
800,2018,4,0.020049,0.036782,0.065609,0.120364,13,18.73,73.83
800,2019,2,0.019634,0.032876,0.055456,0.092857,17,21.48,77.28
800,2019,4,0.036274,0.059,0.105139,0.171009,16,28.05,78.41
800,2020,1,0.03335,0.118367,0.055091,0.195534,6,15.16,53.08
800,2020,2,0.040982,0.052981,0.086529,0.111864,25,19.34,87.95
800,2020,3,0.038861,0.107551,0.104527,0.289292,6,31.4,60.11
800,2020,4,0.037485,0.056172,0.134655,0.201783,28,33.57,81.69
800,2021,1,0.023358,0.108447,0.033139,0.153857,7,13.32,46.41
800,2021,2,0.03262,0.053044,0.079806,0.129772,28,18.61,78.42
800,2021,3,0.023703,0.108593,0.035454,0.162426,6,12.19,46.72
800,2021,4,0.026675,0.048398,0.066427,0.120524,29,16.99,74.24
800,2022,1,0.019138,0.10526,0.02752,0.151363,7,12.64,42.64
800,2022,2,0.033339,0.051434,0.070109,0.108162,29,19.46,80.51
800,2022,3,0.01723,0.103457,0.015409,0.09252,9,8.47,40.81
800,2022,4,0.021809,0.039559,0.037032,0.067171,22,14.74,74.25
800,2023,1,0.005417,0.113252,0.008379,0.175182,6,6.89,21.87
800,2023,2,0.016276,0.019547,0.050732,0.060928,23,13.79,91.25
800,2023,3,0.010475,0.122602,0.017326,0.202784,5,7.81,29.23
800,2023,4,0.016265,0.019017,0.050856,0.059463,23,11.85,92.48
800,2024,1,0.013419,0.109544,0.018261,0.149072,7,9.3,35.0
800,2024,2,0.017802,0.021272,0.061707,0.073736,20,20.61,91.48
800,2024,3,0.012717,0.104351,0.023646,0.194023,6,12.94,34.91
800,2024,4,0.018706,0.02329,0.058373,0.072677,20,17.33,89.62
800,2025,1,0.01267,0.121066,0.025752,0.246073,6,14.93,32.35
800,2025,2,0.016781,0.021314,0.052222,0.066331,20,15.96,88.73
800,2025,3,0.019838,0.130829,0.04569,0.301319,5,17.32,38.94
800,2025,4,0.027907,0.033685,0.101303,0.122279,20,23.25,91.02
800,2026,1,0.019049,0.106766,0.043005,0.241029,5,17.12,42.24
800,2026,2,0.022903,0.108521,0.080954,0.38358,5,28.19,45.94
823,2015,1,0.031494,0.104911,0.048374,0.161143,7,18.81,54.79
823,2015,2,0.03503,0.050362,0.067754,0.097409,11,19.59,83.4
823,2015,3,0.02703,0.091238,0.087502,0.295354,5,25.55,54.43
823,2015,4,0.036403,0.04228,0.083971,0.097527,13,21.29,92.79
823,2016,1,0.017749,0.100189,0.026266,0.148267,7,12.77,42.09
823,2016,2,0.034131,0.050244,0.126384,0.186049,10,32.74,82.42
823,2016,3,0.014441,0.103572,0.034969,0.250803,4,12.0,37.34
823,2016,4,0.021633,0.067408,0.039357,0.122636,10,16.47,56.65
823,2017,1,0.024474,0.105434,0.053788,0.231715,5,17.68,48.18
823,2017,2,0.031609,0.059756,0.092971,0.175761,9,24.1,72.73
823,2017,3,0.023074,0.103924,0.03311,0.149122,7,14.13,47.12
823,2017,4,0.030478,0.055328,0.065764,0.119383,10,18.71,74.22
823,2018,1,4e-06,0.066059,6e-06,0.105212,9,0.1497,0.7501
823,2018,2,0.022545,0.066061,0.04087,0.119759,9,11.9809,58.4185
823,2018,3,2e-06,0.106507,6e-06,0.342113,4,0.2281,0.4162
823,2018,4,0.015011,0.084235,0.036071,0.202406,6,15.6648,42.2148
823,2019,1,4e-06,0.061041,1.2e-05,0.198279,6,0.236,0.7762
823,2019,2,0.012945,0.112623,0.028778,0.250376,7,15.0987,33.9027
823,2019,3,2e-06,0.114876,5e-06,0.277707,4,0.1813,0.4104
823,2019,4,0.028865,0.04687,0.098853,0.160511,14,23.447,78.477
823,2020,2,0.038582,0.047003,0.134741,0.164151,13,23.29,90.6
823,2020,4,0.04042,0.049736,0.095259,0.117212,21,19.25,90.15
823,2021,2,0.044356,0.052167,0.176661,0.207771,20,36.49,92.21
823,2021,4,0.028244,0.043445,0.098597,0.15166,19,25.54,80.63
823,2022,2,0.037718,0.044786,0.30135,0.357824,8,54.82,91.77
823,2022,4,0.028246,0.034139,0.215188,0.260086,9,38.01,90.96
823,2023,2,0.028753,0.044404,0.128292,0.198122,7,25.69,80.47
823,2023,4,0.02372,0.034523,0.111062,0.161645,10,30.35,82.89
823,2024,2,0.036532,0.049509,0.149095,0.202058,7,29.7,85.9
823,2024,4,0.03015,0.055689,0.107096,0.197813,7,24.3,73.58
823,2025,2,0.033157,0.051951,0.193128,0.302594,14,44.12,79.89
823,2025,4,0.04322,0.050491,0.228739,0.26722,13,38.91,92.52
845,2015,1,0.014701,0.11237,0.042517,0.324989,6,20.07,36.17
845,2015,2,0.027856,0.048341,0.042398,0.073578,16,16.18,75.91
845,2015,3,0.014567,0.160253,0.013507,0.148586,7,8.19,30.15
845,2015,4,0.019305,0.059523,0.029932,0.09229,20,15.18,56.95
845,2016,1,0.0057,0.104544,0.005615,0.102989,9,5.79,23.35
845,2016,2,0.007612,0.049768,0.015676,0.102485,19,10.9,39.11
845,2016,3,0.007614,0.110408,0.010359,0.150223,7,6.88,26.26
845,2016,4,0.011554,0.03318,0.022154,0.063622,17,8.51,59.01
845,2017,1,0.006571,0.102493,0.007312,0.114059,8,5.43,25.32
845,2017,2,0.009496,0.042051,0.008997,0.039842,20,5.96,47.52
845,2017,3,0.007562,0.105211,0.007074,0.098411,8,4.37,26.81
845,2017,4,0.012551,0.083756,0.012685,0.084656,14,7.04,38.71
845,2018,1,4e-06,0.082633,4e-06,0.086696,10,0.1423,0.7117
845,2018,2,0.035525,0.047709,0.047018,0.063145,18,12.46,86.2912
845,2018,3,1e-06,0.126697,1e-06,0.168962,6,0.0685,0.2467
845,2018,4,0.016546,0.034494,0.015303,0.031903,20,7.3,69.259
845,2019,1,2e-06,0.086829,3e-06,0.109846,9,0.1049,0.4895
845,2019,2,0.014466,0.066482,0.015395,0.070751,19,9.23,46.6464
845,2019,3,2e-06,0.104562,3e-06,0.145343,7,0.1109,0.4183
845,2019,4,0.024643,0.041056,0.030053,0.050069,20,11.86,77.475
845,2020,1,3e-06,0.069198,3e-06,0.075031,11,0.1099,0.6458
845,2020,2,0.011514,0.057166,0.022933,0.113858,21,13.19,44.8801
845,2020,3,2e-06,0.119707,3e-06,0.137393,7,0.1057,0.4271
845,2020,4,0.029722,0.051361,0.050263,0.086859,17,15.8908,76.0708
845,2021,1,2e-06,0.085184,5e-06,0.211702,7,0.2097,0.4873
845,2021,2,0.015637,0.051804,0.036014,0.119313,16,15.168,54.9406
845,2021,3,2e-06,0.103403,5e-06,0.232436,6,0.1912,0.4413
845,2021,4,0.026276,0.041153,0.096894,0.151752,13,27.6361,79.9061
845,2022,2,0.044889,0.054267,0.336736,0.407084,11,58.87,90.95
845,2022,4,0.043581,0.053447,0.242217,0.297049,11,39.02,90.3
845,2023,2,0.027262,0.042426,0.06047,0.094107,16,17.44,80.16
845,2023,4,0.035612,0.043994,0.291568,0.360201,7,50.85,89.97
845,2024,2,0.011831,0.054599,0.059329,0.273799,7,23.66,46.55
845,2024,4,0.021067,0.031058,0.030633,0.045161,18,10.77,82.36
845,2025,2,0.032472,0.036224,0.403439,0.450051,11,64.88,94.68
845,2025,4,0.052708,0.059122,0.244972,0.274782,8,45.73,94.42
940,2018,2,0.025768,0.043836,0.075056,0.127683,16,20.45,76.67
940,2018,4,0.014194,0.038612,0.041042,0.11165,17,15.64,60.63
940,2019,2,0.033346,0.04553,0.0876,0.119608,15,23.13,85.58
940,2019,4,0.03552,0.046298,0.125535,0.163628,11,22.83,87.59
940,2020,1,0.012945,0.119668,0.016966,0.156841,7,9.23,32.89
940,2020,2,0.03131,0.037072,0.154058,0.182412,14,35.61,91.9
940,2020,3,0.02687,0.122209,0.045024,0.204778,6,17.96,46.89
940,2020,4,0.035919,0.049809,0.04756,0.065951,22,11.89,84.92
940,2021,1,0.015507,0.101484,0.033594,0.219855,6,15.62,39.09
940,2021,2,0.024491,0.027967,0.137832,0.157393,21,25.58,93.58
940,2021,3,0.01018,0.114868,0.011192,0.126286,7,5.18,29.77
940,2021,4,0.020007,0.023933,0.059265,0.070896,22,16.82,91.43
940,2022,1,0.020631,0.121306,0.021076,0.123922,8,9.05,41.24
940,2022,2,0.023676,0.029314,0.099799,0.123566,13,26.65,89.87
940,2022,3,0.01609,0.12104,0.020366,0.153201,8,11.91,36.46
940,2022,4,0.02172,0.036653,0.065077,0.109818,15,22.29,76.98
940,2023,1,0.01746,0.13593,0.04563,0.355231,4,18.84,35.84
940,2023,2,0.027896,0.048398,0.128383,0.222739,17,32.07,75.92
940,2023,3,0.021994,0.10582,0.03847,0.18509,6,16.38,45.59
940,2023,4,0.024361,0.0375,0.063833,0.098259,14,17.72,80.6
940,2024,1,0.033965,0.102623,0.047374,0.143138,7,16.31,57.53
940,2024,2,0.035912,0.067871,0.199549,0.377139,10,45.11,72.74
940,2024,3,0.016693,0.119087,0.032034,0.228529,7,16.51,37.44
940,2024,4,0.020773,0.047978,0.039039,0.090166,17,17.86,65.8
940,2025,1,0.015833,0.08599,0.040878,0.222012,6,16.19,42.91
940,2025,2,0.031994,0.041903,0.216341,0.283345,18,45.5,87.38
940,2025,3,0.029473,0.11274,0.10459,0.400073,4,31.26,51.13
940,2025,4,0.041587,0.059319,0.263825,0.376318,14,49.03,83.73
940,2026,1,0.037953,0.10277,0.120885,0.327335,5,26.48,60.77
940,2026,2,0.03477,0.112233,0.152558,0.492435,3,37.39,55.66
1000,2018,2,0.022097,0.030045,0.029454,0.040047,24,12.72,85.76
1000,2018,4,0.025713,0.044203,0.05445,0.093604,13,17.79,76.27
1000,2019,2,0.041462,0.047033,0.069197,0.078496,14,18.54,93.89
1000,2019,4,0.041014,0.045676,0.207527,0.231113,14,38.81,94.76
1000,2020,1,0.027088,0.114026,0.120902,0.508934,3,34.28,48.74
1000,2020,2,0.034856,0.039743,0.209376,0.238732,16,37.32,93.65
1000,2020,3,0.028809,0.126937,0.068685,0.302633,4,21.05,47.64
1000,2020,4,0.036463,0.040504,0.202383,0.224815,20,39.74,94.88
1000,2021,1,0.031441,0.113726,0.07195,0.260251,4,22.06,52.58
1000,2021,2,0.040098,0.044533,0.239812,0.266336,23,44.02,94.89
1000,2021,3,0.036282,0.111357,0.1629,0.499981,4,40.41,57.08
1000,2021,4,0.044181,0.049316,0.353717,0.394834,20,59.88,94.65
1000,2022,1,0.036832,0.112928,0.203942,0.625292,4,45.85,57.11
1000,2022,2,0.045237,0.050177,0.383935,0.425861,14,62.61,94.95
1000,2022,3,0.037488,0.109468,0.233323,0.681316,3,48.97,58.52
1000,2022,4,0.048207,0.054535,0.390247,0.441468,20,62.56,94.02
1000,2023,1,0.019107,0.116314,0.044986,0.273855,4,18.06,40.53
1000,2023,2,0.023712,0.027677,0.152856,0.178417,19,30.28,92.56
1000,2023,3,0.035329,0.123848,0.085588,0.300032,5,25.63,53.41
1000,2023,4,0.044177,0.049742,0.176166,0.198358,22,34.69,94.24
1000,2024,1,0.038401,0.116632,0.045461,0.138076,7,14.86,57.38
1000,2024,2,0.050576,0.057864,0.114124,0.130571,14,23.32,93.49
1000,2024,3,0.053967,0.115214,0.144668,0.308853,3,26.17,68.44
1000,2024,4,0.058103,0.066648,0.278527,0.319486,14,48.05,93.37
1000,2025,1,0.051433,0.111068,0.194525,0.420067,3,41.82,68.05
1000,2025,2,0.049738,0.059604,0.209313,0.25083,19,41.16,91.35
1000,2025,3,0.063212,0.108182,0.231643,0.39644,3,43.23,76.44
1000,2025,4,0.062321,0.070246,0.229687,0.258897,16,40.93,94.19
1000,2026,1,0.053443,0.116225,0.128197,0.278798,5,26.05,67.81
1000,2026,2,0.044138,0.107222,0.111026,0.269709,5,28.16,64.16
1037,2015,2,0.036666,0.044141,0.047575,0.057274,16,13.5,91.14
1037,2015,3,0.022283,0.100148,0.019976,0.089779,9,7.31,47.17
1037,2015,4,0.041129,0.052762,0.096724,0.124082,13,23.44,88.29
1037,2016,1,0.029131,0.086745,0.047121,0.140317,9,17.02,57.95
1037,2016,2,0.036128,0.044434,0.063158,0.077679,17,18.32,90.17
1037,2016,3,0.036752,0.078693,0.071917,0.153987,9,23.71,68.34
1037,2016,4,0.043652,0.050875,0.093249,0.108678,15,25.49,92.63
1037,2017,1,0.039026,0.084522,0.091493,0.198157,9,26.87,67.95
1037,2017,2,0.045552,0.060571,0.160598,0.213551,12,37.32,86.72
1037,2017,3,0.049303,0.101925,0.148904,0.307831,6,36.55,69.55
1037,2017,4,0.062322,0.070652,0.264489,0.299841,8,48.54,93.92
1037,2018,1,5e-06,0.085137,2.3e-05,0.391822,6,0.4841,0.7711
1037,2018,2,0.011055,0.050176,0.018463,0.083801,16,11.2825,46.9382
1037,2018,3,2e-06,0.109561,3e-06,0.21173,6,0.1409,0.3852
1037,2018,4,0.020478,0.032727,0.046479,0.074281,17,16.722,79.102
1037,2019,2,0.018838,0.029649,0.04727,0.074398,22,14.08,79.71
1037,2019,4,0.022441,0.028979,0.053305,0.068834,18,18.05,88.0
1037,2020,2,0.027351,0.039191,0.063746,0.09134,17,18.55,83.54
1037,2020,4,0.043039,0.048948,0.062938,0.071579,19,16.72,93.77
1037,2021,2,0.033209,0.038405,0.051083,0.059075,24,14.6,92.99
1037,2021,4,0.036667,0.05093,0.076385,0.106097,21,20.39,84.85
1037,2022,2,0.029784,0.04888,0.058488,0.095986,22,17.61,78.06
1037,2022,4,0.029629,0.04053,0.086746,0.118664,20,22.05,85.5
1037,2023,2,0.032495,0.04162,0.114235,0.146315,19,24.64,88.36
1037,2023,4,0.036378,0.043403,0.130228,0.155378,18,22.37,91.55
1037,2024,2,0.045841,0.054669,0.187959,0.224159,16,31.5,91.57
1037,2024,4,0.033939,0.040194,0.251807,0.298216,7,44.53,91.89
1037,2025,2,0.031906,0.03591,0.389756,0.43867,13,63.8,94.26
1037,2025,4,0.052485,0.058388,0.24914,0.277163,16,46.35,94.81
1060,2015,2,0.004502,0.14144,0.010218,0.321046,9,7.84,17.84
1060,2015,3,0.001955,0.224055,0.003206,0.367485,4,4.38,9.34
1060,2015,4,0.011249,0.141154,0.021763,0.27308,8,9.22,28.23
1060,2016,1,0.004356,0.091834,0.010563,0.222669,5,7.98,21.78
1060,2016,2,0.015209,0.01951,0.084826,0.108819,14,21.01,88.29
1060,2016,3,0.008232,0.112424,0.009345,0.127615,7,6.51,27.06
1060,2016,4,0.026596,0.034643,0.091567,0.119271,20,21.02,87.62
1060,2017,1,0.026989,0.102673,0.046318,0.176206,6,15.32,51.27
1060,2017,2,0.044832,0.053961,0.148716,0.178997,14,29.02,91.15
1060,2017,3,0.033518,0.102624,0.081727,0.250228,5,25.37,57.15
1060,2017,4,0.006783,0.090348,0.0095,0.126543,12,6.42,27.4
1060,2018,1,1e-06,0.067497,1e-06,0.097243,12,0.0956,0.3516
1060,2018,2,0.001382,0.077096,0.001592,0.088835,14,2.47,13.3878
1060,2018,3,1e-06,0.111823,1e-06,0.126548,7,0.0619,0.2835
1060,2018,4,0.025108,0.035667,0.047153,0.066983,13,12.1,83.9013
1060,2019,1,2e-06,0.06704,5e-06,0.175193,7,0.1851,0.5373
1060,2019,2,0.020692,0.045965,0.060847,0.135164,13,15.8131,67.0949
1060,2019,3,2e-06,0.115134,2e-06,0.14457,6,0.0828,0.3839
1060,2019,4,0.025858,0.031694,0.06864,0.084132,17,17.82,90.325
1060,2020,2,0.000685,0.049146,0.001345,0.096423,14,2.57,11.81
1060,2020,4,0.0027,0.078637,0.006309,0.183737,9,7.4,18.53
1060,2021,2,0.024477,0.08265,0.036024,0.121639,7,11.59,54.42
1060,2021,4,0.032232,0.0375,0.156074,0.181584,15,32.21,92.71
1060,2022,1,2e-06,0.067438,6e-06,0.1752,7,0.1732,0.593
1060,2022,2,0.019591,0.048781,0.058798,0.146406,14,18.23,63.3727
1060,2022,3,2e-06,0.112986,2e-06,0.169692,6,0.117,0.3833
1060,2022,4,0.027425,0.040224,0.07371,0.108108,9,14.99,82.572
1060,2023,1,6e-06,0.056383,2.2e-05,0.197096,8,0.4333,1.0567
1060,2023,2,0.018884,0.120222,0.129304,0.823175,3,36.5298,39.6333
1060,2023,3,4e-06,0.116364,2.1e-05,0.623805,2,0.4542,0.5828
1060,2023,4,0.04956,0.069961,0.383843,0.541853,3,60.1959,84.1659
1060,2024,1,6e-06,0.076381,4.8e-05,0.651142,3,0.6984,0.8577
1060,2024,2,0.021144,0.095831,0.115575,0.523827,4,33.6217,46.9718
1060,2024,3,4e-06,0.103936,4.1e-05,0.967742,1,0.6518,0.6518
1060,2024,4,0.048594,0.067114,0.700695,0.967742,1,85.0912,85.0912
1060,2025,2,0.060031,0.071406,0.614945,0.731463,2,79.14,91.69
1060,2025,4,0.06115,0.0717,0.693289,0.812907,2,84.54,92.35
1075,2015,2,0.020512,0.025896,0.026786,0.033816,24,11.56,89.0
1075,2015,3,0.022098,0.058634,0.029271,0.077668,15,13.06,61.39
1075,2015,4,0.026653,0.038458,0.037175,0.053639,17,13.86,83.25
1075,2016,1,0.029102,0.061286,0.034061,0.071729,15,13.63,68.91
1075,2016,2,0.030821,0.042488,0.044458,0.061289,19,12.62,85.17
1075,2016,3,0.019901,0.082885,0.018086,0.075326,11,8.67,49.0
1075,2016,4,0.02217,0.029089,0.054646,0.071701,19,14.21,87.3
1075,2017,1,0.020714,0.061492,0.046912,0.139261,10,18.04,58.04
1075,2017,2,0.026573,0.041687,0.067091,0.10525,23,19.16,79.84
1075,2017,3,0.011086,0.095558,0.018484,0.159333,7,9.54,34.06
1075,2017,4,0.022256,0.025894,0.033092,0.038501,25,13.38,92.71
1075,2018,1,2e-06,0.079758,3e-06,0.11228,9,0.1261,0.5142
1075,2018,2,0.013558,0.038268,0.018796,0.053055,24,7.45,59.5216
1075,2018,3,2e-06,0.131074,3e-06,0.199182,5,0.123,0.3895
1075,2018,4,0.027311,0.045434,0.05145,0.085591,15,15.89,77.5314
1075,2019,1,2e-06,0.07553,3e-06,0.09785,9,0.0915,0.5264
1075,2019,2,0.012901,0.058049,0.020901,0.094041,19,10.4423,47.1433
1075,2019,3,3e-06,0.116664,8e-06,0.280064,6,0.2796,0.5438
1075,2019,4,0.041601,0.066586,0.100916,0.161525,15,29.48,79.0423
1075,2020,1,7e-06,0.084634,1.9e-05,0.244855,6,0.3785,0.8774
1075,2020,2,0.013102,0.085087,0.027299,0.177277,18,14.9245,39.2414
1075,2020,3,5e-06,0.125495,6e-06,0.165606,6,0.1758,0.6041
1075,2020,4,0.050276,0.07479,0.088301,0.131355,23,24.01,81.9897
1075,2021,2,0.070214,0.078359,0.137216,0.153134,24,26.0,94.66
1075,2021,4,0.024598,0.031829,0.066876,0.086535,20,21.06,87.91
1075,2022,2,0.023187,0.026586,0.088265,0.101202,18,22.06,93.39
1075,2022,4,0.02222,0.026332,0.080186,0.095027,19,18.63,91.86
1075,2023,2,0.040507,0.053888,0.163836,0.217957,18,31.32,86.7
1075,2023,4,0.039014,0.050737,0.16947,0.22039,19,27.28,87.69
1075,2024,2,0.054903,0.071482,0.269872,0.351361,10,39.69,87.64
1075,2024,4,0.046347,0.061814,0.261458,0.348712,13,41.71,86.59
1075,2025,2,0.051868,0.064478,0.19168,0.23828,15,32.6,89.69
1075,2025,4,0.048775,0.058642,0.260955,0.313745,14,41.25,91.2
1076,2018,2,0.057279,0.067366,0.201819,0.23736,13,44.0,92.21
1076,2018,4,0.056627,0.078971,0.180034,0.251069,10,40.26,84.68
1076,2019,2,0.066663,0.084292,0.207634,0.262544,14,42.77,88.93
1076,2019,4,0.070894,0.084106,0.226737,0.268994,13,44.54,91.81
1076,2020,1,0.054491,0.11092,0.177494,0.361304,4,39.73,70.09
1076,2020,2,0.067973,0.078557,0.302821,0.349972,13,53.38,93.02
1076,2020,3,0.055112,0.106608,0.235099,0.45477,4,47.81,71.9
1076,2020,4,0.064496,0.078782,0.310852,0.379707,22,54.24,90.48
1076,2021,1,0.061672,0.104941,0.315763,0.537309,4,56.65,76.66
1076,2021,2,0.06484,0.082768,0.33436,0.426805,21,56.59,88.51
1076,2021,3,0.05243,0.106542,0.208423,0.423537,5,45.62,70.15
1076,2021,4,0.064402,0.094461,0.232877,0.341571,21,47.9,82.57
1076,2022,1,0.027555,0.108306,0.037431,0.147124,7,14.69,50.44
1076,2022,2,0.028141,0.033183,0.068213,0.080435,18,19.92,92.09
1076,2022,3,0.013927,0.092797,0.022834,0.152146,7,9.86,38.74
1076,2022,4,0.024648,0.028315,0.077226,0.088716,19,20.43,93.3
1076,2023,1,0.021035,0.105322,0.040374,0.202151,7,18.02,44.69
1076,2023,2,0.028,0.035049,0.082008,0.102654,23,20.31,89.38
1076,2023,3,0.021196,0.111553,0.044161,0.232415,6,17.27,43.59
1076,2023,4,0.024764,0.03634,0.130182,0.191036,23,28.74,82.55
1076,2024,1,0.014252,0.113989,0.023466,0.187679,6,10.48,35.36
1076,2024,2,0.02972,0.042412,0.074437,0.106227,19,20.72,83.71
1076,2024,3,0.018624,0.118582,0.034243,0.218036,6,16.24,39.63
1076,2024,4,0.027599,0.033342,0.07984,0.096456,18,21.7,90.98
1076,2025,1,0.015594,0.117758,0.013356,0.100861,9,8.16,36.39
1076,2025,2,0.028562,0.034506,0.062145,0.075078,18,17.02,90.98
1076,2025,3,0.019595,0.104032,0.041162,0.218535,6,17.48,43.4
1076,2025,4,0.027277,0.035448,0.075414,0.098006,19,19.96,87.72
1076,2026,1,0.011015,0.106637,0.016182,0.156657,6,8.56,32.14
1076,2026,2,0.044691,0.118121,0.134785,0.356245,4,32.91,61.51
1088,2018,2,0.025114,0.034058,0.038849,0.052687,23,13.2,85.87
1088,2018,4,0.028093,0.033474,0.048304,0.057557,21,15.0,91.61
1088,2019,2,0.03232,0.039812,0.051702,0.063688,20,13.7,90.1
1088,2019,4,0.037646,0.046343,0.076883,0.094644,17,16.57,90.13
1088,2020,1,0.033119,0.103858,0.054598,0.171214,6,16.26,56.47
1088,2020,2,0.040404,0.051739,0.082955,0.106227,20,22.69,88.37
1088,2020,3,0.018148,0.094943,0.029298,0.153275,7,12.18,43.72
1088,2020,4,0.029735,0.039322,0.04566,0.06038,25,18.18,86.96
1088,2021,1,0.019172,0.108892,0.028278,0.160612,7,13.84,41.96
1088,2021,2,0.02797,0.037853,0.046937,0.063522,24,13.5,85.96
1088,2021,3,0.020438,0.11913,0.017879,0.104211,8,7.72,41.42
1088,2021,4,0.028695,0.038226,0.028438,0.037885,24,11.2,86.64
1088,2022,1,0.021536,0.11895,0.019373,0.107005,8,7.73,42.55
1088,2022,2,0.033183,0.042724,0.041784,0.053797,20,15.02,88.13
1088,2022,3,0.02761,0.116751,0.034493,0.145857,7,14.1,48.63
1088,2022,4,0.02756,0.038083,0.067611,0.093426,20,21.36,85.07
1088,2023,1,0.017501,0.131652,0.017126,0.12883,8,9.41,36.46
1088,2023,2,0.024145,0.03245,0.037415,0.050283,24,13.04,86.26
1088,2023,3,0.011678,0.109079,0.015791,0.147494,8,11.15,32.72
1088,2023,4,0.024021,0.034978,0.035359,0.051488,25,12.82,82.87
1088,2024,1,0.015756,0.1203,0.012938,0.098782,9,8.29,36.19
1088,2024,2,0.025784,0.037276,0.046909,0.067814,18,14.56,83.17
1088,2024,3,0.018177,0.10787,0.02398,0.142303,7,10.91,41.05
1088,2024,4,0.021322,0.032985,0.035278,0.054574,22,13.14,80.4
1088,2025,1,0.014563,0.104225,0.039325,0.281445,5,18.41,37.38
1088,2025,2,0.025186,0.039889,0.078969,0.125072,16,25.64,79.46
1088,2025,3,0.021661,0.105416,0.03397,0.165321,7,15.33,45.33
1088,2025,4,0.035391,0.054304,0.086446,0.13264,15,22.45,80.73
1088,2026,1,0.032187,0.116734,0.067313,0.244128,5,18.75,52.51
1088,2026,2,0.036087,0.119339,0.084093,0.278096,4,20.65,54.99
1170,2015,2,0.005386,0.047367,0.007921,0.069663,20,7.03,33.72
1170,2015,3,0.013175,0.100374,0.016062,0.122367,9,8.58,36.23
1170,2015,4,0.017617,0.025129,0.034414,0.049088,24,13.57,83.73
1170,2016,1,0.019222,0.104687,0.018714,0.101924,8,8.05,42.85
1170,2016,2,0.022255,0.028344,0.033728,0.042956,25,12.7,88.61
1170,2016,3,0.018618,0.094315,0.018141,0.091897,9,7.98,44.43
1170,2016,4,0.030325,0.03662,0.039482,0.047677,22,13.66,91.0
1170,2017,1,0.01838,0.103895,0.015165,0.085723,9,7.06,42.06
1170,2017,2,0.031543,0.037832,0.045846,0.054987,19,11.3,91.31
1170,2017,3,0.024596,0.101693,0.025584,0.105778,8,10.29,49.18
1170,2017,4,0.031397,0.038462,0.05204,0.06375,18,17.3,90.35
1170,2018,1,3e-06,0.073494,4e-06,0.095777,9,0.1234,0.6272
1170,2018,2,0.030377,0.040655,0.06385,0.085453,16,17.31,86.4401
1170,2018,3,3e-06,0.101075,5e-06,0.154602,7,0.1798,0.5599
1170,2018,4,0.040704,0.055795,0.083119,0.113937,13,20.11,85.412
1170,2019,1,5e-06,0.081414,1e-05,0.161459,9,0.2993,0.8032
1170,2019,2,0.016275,0.154992,0.013125,0.124991,15,8.04,32.4043
1170,2019,3,5e-06,0.106964,1.4e-05,0.283811,5,0.2871,0.713
1170,2019,4,0.051897,0.072191,0.157799,0.219507,16,35.8,84.7868
1170,2020,2,0.053498,0.062974,0.212838,0.250536,11,40.99,92.17
1170,2020,4,0.077113,0.086901,0.295462,0.332967,23,47.41,94.2
1170,2021,2,0.071233,0.084141,0.335322,0.396088,23,56.46,92.01
1170,2021,4,0.045622,0.054887,0.177374,0.213396,22,39.11,91.17
1170,2022,2,0.041084,0.046844,0.12435,0.141785,25,23.95,93.65
1170,2022,4,0.035548,0.047687,0.454835,0.61014,9,68.77,86.34
1170,2023,2,0.027733,0.033764,0.434177,0.528595,19,65.6,90.63
1170,2023,4,0.028439,0.033534,0.278249,0.328102,12,49.78,92.09
1170,2024,2,0.058758,0.072509,0.360254,0.444561,5,52.07,90.02
1170,2024,4,0.037601,0.045129,0.248159,0.297837,8,42.82,91.28
1170,2025,2,0.031367,0.036651,0.114876,0.134231,13,23.95,92.51
1170,2025,4,0.057373,0.071801,0.25935,0.32457,7,38.29,89.39
1184,2015,2,0.025251,0.041515,0.072788,0.11967,16,23.6,77.99
1184,2015,3,0.012861,0.078916,0.016184,0.099302,10,9.62,40.37
1184,2015,4,0.021478,0.038111,0.062655,0.11118,15,19.39,75.07
1184,2016,1,0.014897,0.076044,0.020758,0.105965,9,8.27,44.26
1184,2016,2,0.020362,0.036559,0.033835,0.060748,21,10.47,74.63
1184,2016,3,0.016626,0.060619,0.022067,0.080461,11,9.18,52.37
1184,2016,4,0.017191,0.036243,0.027065,0.057061,21,11.45,68.87
1184,2017,1,0.020201,0.062813,0.040899,0.127172,10,16.64,56.71
1184,2017,2,0.031939,0.04891,0.072241,0.110625,17,23.9,80.81
1184,2017,3,0.034089,0.102534,0.123437,0.371275,7,35.26,57.66
1184,2017,4,0.0323,0.048474,0.085939,0.12897,19,26.02,81.63
1184,2018,1,3e-06,0.098306,7e-06,0.19989,5,0.1821,0.5717
1184,2018,2,0.008554,0.057844,0.013706,0.092687,19,6.8065,38.4547
1184,2018,3,2e-06,0.108746,4e-06,0.190511,6,0.147,0.4357
1184,2018,4,0.018819,0.050157,0.043081,0.114818,19,13.3,61.2544
1184,2019,1,2e-06,0.09388,2e-06,0.1025,9,0.0881,0.4792
1184,2019,2,0.004902,0.027365,0.010112,0.056453,25,6.23,42.3237
1184,2019,3,2e-06,0.121539,4e-06,0.194254,7,0.1619,0.426
1184,2019,4,0.019439,0.029655,0.039737,0.06062,25,13.98,80.9637
1184,2020,2,0.030976,0.036455,0.094679,0.111424,20,23.83,92.18
1184,2020,4,0.046963,0.053525,0.129435,0.14752,24,31.23,93.67
1184,2021,2,0.044675,0.053396,0.106538,0.127335,20,25.11,91.47
1184,2021,4,0.043116,0.052654,0.115727,0.14133,20,26.16,90.49
1184,2022,2,0.039092,0.048977,0.109385,0.137046,18,25.31,89.34
1184,2022,4,0.035272,0.044802,0.100973,0.128252,18,26.0,88.73
1184,2023,2,0.034863,0.043136,0.109802,0.13586,22,26.61,89.9
1184,2023,4,0.035296,0.040774,0.11622,0.134259,22,23.23,93.04
1184,2024,2,0.034271,0.039727,0.094525,0.109573,15,20.77,92.88
1184,2024,4,0.036957,0.042886,0.229603,0.266441,16,44.13,92.83
1184,2025,2,0.020937,0.025183,0.186795,0.224681,16,35.98,91.18
1184,2025,4,0.035961,0.048352,0.186811,0.251179,16,33.39,86.24
1194,2015,2,9.2e-05,0.295455,0.000117,0.377479,13,0.88,1.76
1194,2015,3,0.005776,1.0,0.00559,0.967742,1,7.6,7.6
1194,2015,4,0.000148,0.335646,0.000138,0.312821,14,1.07,2.1
1194,2016,1,0.000148,0.477014,0.000138,0.444756,9,1.16,1.76
1194,2016,2,0.000417,0.26199,0.000366,0.229769,17,1.84,3.99
1194,2016,3,0.000174,0.108887,0.000227,0.141679,7,1.16,4.0
1194,2016,4,0.00017,0.108681,0.000154,0.098997,12,0.72,3.95
1194,2017,1,0.000132,0.115833,0.00011,0.096677,9,0.6,3.37
1194,2017,2,0.000145,0.210536,0.000122,0.178277,6,0.87,2.62
1194,2017,3,0.000159,0.166305,0.000128,0.134047,7,0.72,3.09
1194,2017,4,8.9e-05,0.216239,7.6e-05,0.183981,5,0.62,2.03
1194,2018,1,0.0,0.254763,0.0,0.353201,3,0.0084,0.0162
1194,2018,2,2.4e-05,0.957602,2.4e-05,0.938238,2,0.4933,0.5008
1194,2018,3,0.0,0.555556,0.0,0.523297,2,0.0064,0.0096
1194,2018,4,1e-05,0.967946,1e-05,0.935688,2,0.32,0.3253
1194,2019,1,0.0,0.101385,0.0,0.171797,9,0.029,0.1109
1194,2019,2,0.000932,0.136291,0.001862,0.272361,17,3.3406,8.2689
1194,2019,3,0.0,0.114936,0.0,0.096744,8,0.0188,0.107
1194,2019,4,0.00143,0.07553,0.001247,0.06588,18,1.9,13.7574
1194,2020,2,0.000743,0.044283,0.000891,0.053125,21,2.13,12.95
1194,2020,4,0.000868,0.022996,0.001376,0.036447,29,2.94,19.43
1194,2021,1,0.0,0.099081,0.0,0.232284,7,0.0361,0.0791
1194,2021,2,0.000308,0.020679,0.00051,0.034272,25,1.34,12.2006
1194,2021,3,0.0,0.117398,0.0,0.222416,6,0.0248,0.0624
1194,2021,4,0.000453,0.019946,0.000983,0.043258,25,2.02,15.0717
1194,2022,1,0.0,0.105029,0.0,0.172661,8,0.0256,0.0755
1194,2022,2,0.000263,0.016056,0.000597,0.03644,23,1.3728,12.7957
1194,2022,3,0.0,0.134365,0.0,0.130694,8,0.0251,0.0973
1194,2022,4,0.000874,0.038105,0.00166,0.07241,22,3.37,15.141
1194,2023,2,0.00471,0.052504,0.010848,0.120931,11,8.11,29.95
1194,2023,4,0.019385,0.052371,0.077392,0.209084,9,26.34,60.84
1194,2024,2,0.046652,0.057125,0.291328,0.356725,7,50.22,90.37
1194,2024,4,0.043583,0.054738,0.233665,0.293475,7,42.1,89.23
1194,2025,2,0.043308,0.049528,0.186752,0.213574,12,30.91,93.51
1194,2025,4,0.048822,0.059479,0.153056,0.186463,15,32.57,90.6
1198,2015,2,1.3e-05,0.046672,1.9e-05,0.067563,19,0.28,1.69
1198,2015,3,0.00027,0.301686,0.000241,0.269428,4,1.31,2.99
1198,2015,4,0.000188,0.165653,0.000208,0.182915,10,1.06,3.37
1198,2016,1,0.000866,0.283134,0.001187,0.38821,9,3.36,5.53
1198,2016,2,0.001006,0.182765,0.001303,0.236728,14,3.26,7.42
1198,2016,3,0.001216,0.187704,0.001976,0.304977,6,3.68,8.05
1198,2016,4,0.002169,0.110025,0.003215,0.16308,12,3.61,14.04
1198,2017,1,0.003888,0.113492,0.006105,0.178192,8,7.34,18.51
1198,2017,2,0.005693,0.058864,0.009888,0.102229,16,6.83,31.1
1198,2017,3,0.003652,0.110263,0.007949,0.239978,7,8.63,18.2
1198,2017,4,0.004839,0.056479,0.008648,0.100947,17,5.6,29.27
1198,2018,1,1e-06,0.08687,1e-06,0.10199,10,0.0557,0.2647
1198,2018,2,0.004421,0.077436,0.004556,0.079788,18,5.26,23.8946
1198,2018,3,0.0,1.0,0.0,0.967742,1,0.0486,0.0486
1198,2019,4,0.0,0.5,0.0,0.467742,4,0.01,0.02
1198,2020,2,0.035244,0.058257,0.078789,0.130236,10,18.69,77.78
1198,2020,4,1e-06,0.106667,2e-06,0.216631,12,0.12,0.3
1198,2021,2,0.000292,0.130001,0.000375,0.167087,9,1.51,4.74
1198,2021,4,0.047583,0.053897,0.356313,0.403595,5,56.94,93.96
1198,2022,1,5e-06,0.064087,1.6e-05,0.215882,7,0.3519,0.8613
1198,2022,2,0.036098,0.059289,0.090695,0.148963,9,19.8597,78.0284
1198,2022,3,3e-06,0.100715,8e-06,0.29446,5,0.2702,0.5345
1198,2022,4,0.042273,0.053924,0.221359,0.282368,7,45.8603,88.5403
1198,2023,2,0.045215,0.050163,0.239874,0.266124,8,46.02,94.94
1198,2023,4,0.051927,0.058049,0.793044,0.886541,2,90.57,94.58
1198,2024,2,0.0468,0.052218,0.86733,0.967742,1,94.67,94.67
1198,2024,4,0.059373,0.102577,0.304537,0.526137,2,51.04,76.08
1198,2025,2,0.063067,0.070741,0.620138,0.695601,5,79.08,94.42
1198,2025,4,0.073736,0.082359,0.727322,0.812383,8,86.77,94.62
1267,2015,3,0.007574,0.349069,0.011943,0.550425,3,10.36,14.73
1267,2015,4,0.022014,0.038233,0.051674,0.089747,12,14.26,75.88
1267,2016,1,0.013215,0.103222,0.014501,0.113274,8,8.15,35.78
1267,2016,2,0.021804,0.032995,0.065453,0.09905,21,22.61,81.29
1267,2016,3,0.006241,0.100898,0.005359,0.086646,9,4.74,24.87
1267,2016,4,0.01705,0.025949,0.024607,0.03745,26,11.08,81.06
1267,2017,1,0.009287,0.116202,0.018221,0.22799,5,9.47,28.27
1267,2017,2,0.021725,0.02747,0.037729,0.047707,25,12.84,88.93
1267,2017,3,0.012516,0.105949,0.019342,0.163735,8,12.78,34.37
1267,2017,4,0.026422,0.031435,0.044538,0.052989,21,15.38,91.68
1267,2018,1,2e-06,0.067792,3e-06,0.098761,10,0.1119,0.5129
1267,2018,2,0.010968,0.03827,0.039885,0.139173,19,17.5668,53.5336
1267,2018,3,1e-06,0.103339,1e-06,0.094066,9,0.0729,0.3271
1267,2018,4,0.014479,0.031111,0.02967,0.063751,18,12.95,68.2201
1267,2019,1,2e-06,0.079579,7e-06,0.242307,6,0.2418,0.5402
1267,2019,2,0.011402,0.05155,0.019045,0.086104,20,12.059,47.0301
1267,2019,3,2e-06,0.103398,4e-06,0.21034,6,0.1506,0.4415
1267,2019,4,0.028304,0.036269,0.057544,0.073739,17,19.21,88.3392
1267,2020,2,0.030277,0.035865,0.114298,0.135394,18,30.41,91.88
1267,2020,4,0.046215,0.051729,0.176752,0.197842,12,28.63,94.52
1267,2021,2,0.045782,0.052684,0.137021,0.157677,14,24.5,93.22
1267,2021,4,0.042322,0.048256,0.103332,0.117821,17,24.25,93.65
1267,2022,2,0.0446,0.052091,0.147551,0.172336,8,30.71,92.53
1267,2022,4,0.016231,0.020073,0.089829,0.111097,18,27.13,89.92
1267,2023,2,0.015537,0.018218,0.089396,0.104819,15,25.99,92.35
1267,2023,4,0.017395,0.023624,0.126289,0.17151,12,33.15,85.81
1267,2024,2,0.01679,0.026646,0.122989,0.195185,10,32.65,79.38
1267,2024,4,0.018795,0.024747,0.167062,0.219959,12,39.15,87.15
1267,2025,2,0.018776,0.023576,0.134045,0.168319,11,33.31,89.24
1267,2025,4,0.026121,0.030065,0.218463,0.251451,10,42.26,93.21
1407,2015,2,9.2e-05,0.295455,0.000117,0.377479,13,0.88,1.76
1407,2015,3,0.005776,1.0,0.00559,0.967742,1,7.6,7.6
1407,2015,4,0.000148,0.335646,0.000138,0.312821,14,1.07,2.1
1407,2016,1,0.000148,0.477014,0.000138,0.444756,9,1.16,1.76
1407,2016,2,0.000417,0.26199,0.000366,0.229769,17,1.84,3.99
1407,2016,3,0.000174,0.108887,0.000227,0.141679,7,1.16,4.0
1407,2016,4,0.00017,0.108681,0.000154,0.098997,12,0.72,3.95
1407,2017,1,0.000132,0.115833,0.00011,0.096677,9,0.6,3.37
1407,2017,2,0.000145,0.210536,0.000122,0.178277,6,0.87,2.62
1407,2017,3,0.000159,0.166305,0.000128,0.134047,7,0.72,3.09
1407,2017,4,8.9e-05,0.216239,7.6e-05,0.183981,5,0.62,2.03
1407,2018,1,0.0,0.254763,0.0,0.353201,3,0.0084,0.0162
1407,2018,2,0.0,0.575617,0.0,0.543359,2,0.0075,0.0108
1407,2018,3,0.0,0.555556,0.0,0.523297,2,0.0064,0.0096
1407,2018,4,0.0,1.0,0.0,0.967742,1,0.0053,0.0053
1407,2019,1,0.0,0.101385,0.0,0.171797,9,0.029,0.1109
1407,2019,2,0.0,0.108469,0.0,0.097485,9,0.0249,0.1189
1407,2019,3,0.0,0.114936,0.0,0.096744,8,0.0188,0.107
1407,2019,4,0.0,1.0,0.0,0.967742,1,0.0174,0.0174
1411,2015,3,4.5e-05,0.137407,4.9e-05,0.151014,8,0.62,1.8
1411,2015,4,5e-06,0.067519,5e-06,0.068872,18,0.16,0.82
1411,2016,1,2.8e-05,0.127517,2.1e-05,0.095259,8,0.25,1.49
1411,2016,2,0.000101,0.055423,0.00012,0.065937,17,0.59,4.26
1411,2016,3,0.000117,0.138508,9e-05,0.10625,8,0.56,2.91
1411,2016,4,0.00029,0.027342,0.000357,0.033762,24,1.25,10.29
1411,2017,1,0.000118,0.117874,8.6e-05,0.085616,9,0.57,3.17
1411,2017,2,0.000317,0.021422,0.000611,0.04131,24,1.74,12.16
1411,2017,3,0.000206,0.113988,0.00031,0.171496,6,1.38,4.25
1411,2017,4,0.000237,0.021088,0.000288,0.025601,24,0.99,10.6
1411,2018,1,0.0,0.060365,0.0,0.081226,11,0.014,0.0778
1411,2018,2,0.000383,0.023742,0.000458,0.028413,28,1.26,12.6944
1411,2018,3,0.0,0.11746,0.0,0.133888,7,0.0108,0.0417
1411,2018,4,0.000363,0.026023,0.000549,0.03935,26,1.35,11.8084
1411,2019,2,0.000568,0.024158,0.000922,0.03924,25,1.78,15.33
1411,2019,4,0.001649,0.022788,0.002294,0.031696,27,3.09,26.9
1411,2020,2,0.000181,0.625882,0.000172,0.594593,10,1.33,1.7
1411,2020,4,0.009734,0.020746,0.02954,0.062954,25,11.53,68.5
1411,2021,2,0.061877,0.09252,0.45614,0.68203,18,68.72,81.78
1411,2021,4,0.045405,0.051971,0.20871,0.23889,21,43.74,93.47
1411,2022,2,0.053014,0.067855,0.468731,0.599954,21,69.37,88.39
1411,2022,4,0.024065,0.030858,0.520322,0.667194,15,73.51,88.31
1411,2023,2,0.04231,0.056118,0.505846,0.670932,17,72.19,86.83
1411,2023,4,0.073657,0.085955,0.340469,0.397317,22,52.03,92.57
1411,2024,2,0.042412,0.081791,0.262883,0.506965,22,50.61,72.01
1411,2024,4,0.056405,0.069174,0.360782,0.442455,21,44.49,90.3
1411,2025,2,0.041477,0.055486,0.298801,0.399716,20,53.22,86.46
1411,2025,4,0.042845,0.062478,0.250979,0.365992,19,40.31,82.81
1412,2015,2,0.000952,0.101218,0.001655,0.175947,6,3.07,9.7
1412,2015,3,0.000993,0.137403,0.001077,0.149096,7,2.31,8.5
1412,2015,4,1.8e-05,0.052132,3.1e-05,0.089364,16,0.42,1.87
1412,2016,1,2.8e-05,0.114645,5e-05,0.204017,5,0.52,1.56
1412,2016,2,0.000221,0.043144,0.000491,0.095695,18,1.59,7.16
1412,2016,3,0.000297,0.107172,0.000359,0.129881,7,1.17,5.26
1412,2016,4,0.000253,0.03178,0.000306,0.038425,23,1.12,8.92
1412,2017,1,0.000357,0.114103,0.000406,0.130046,8,1.51,5.59
1412,2017,2,0.000859,0.02837,0.001602,0.052916,25,2.51,17.4
1412,2017,3,0.000853,0.117734,0.000619,0.085476,10,1.88,8.51
1412,2017,4,0.000947,0.028564,0.001828,0.055134,23,3.11,18.21
1412,2018,1,0.0,0.060381,0.0,0.090712,11,0.0213,0.1149
1412,2018,2,0.000447,0.041066,0.001156,0.106157,16,2.9464,10.434
1412,2018,3,0.0,0.105962,0.0,0.095097,9,0.0139,0.0645
1412,2018,4,0.00059,0.033206,0.000819,0.04608,17,1.7,13.3292
1412,2019,2,0.002195,0.059725,0.003428,0.093284,16,4.13,19.17
1412,2019,4,0.006184,0.046826,0.010454,0.079163,16,6.72,36.34
1412,2020,2,0.002797,0.032272,0.005554,0.064081,18,5.6,29.44
1412,2020,4,0.001982,0.023451,0.004592,0.054341,24,3.95,29.07
1412,2021,2,0.008064,0.035906,0.013369,0.059529,26,5.82,47.39
1412,2021,4,0.022472,0.055243,0.028536,0.070149,21,9.85,63.78
1412,2022,2,0.023844,0.056158,0.042767,0.100728,18,13.46,65.16
1412,2022,4,0.007893,0.061589,0.039618,0.309123,15,18.7,35.8
1412,2023,2,0.036811,0.046484,0.76602,0.967293,2,88.97,88.99
1412,2023,4,0.035514,0.040321,0.85237,0.967742,1,93.85,93.85
1412,2024,2,0.064417,0.07397,0.491685,0.564596,3,70.02,93.32
1412,2024,4,0.042124,0.047877,0.209023,0.237568,6,40.0,93.8
1412,2025,2,0.056307,0.063752,0.263666,0.298526,4,41.75,93.98
1412,2025,4,0.053644,0.060828,0.318739,0.36142,5,45.63,93.91
1437,2015,4,0.008564,0.186315,0.007082,0.154057,6,5.8,21.44
1437,2016,1,0.012609,0.116203,0.016065,0.148056,6,7.78,32.94
1437,2016,2,0.025455,0.035315,0.027913,0.038725,22,9.11,84.9
1437,2016,3,0.010799,0.113767,0.011506,0.121208,7,6.2,30.81
1437,2016,4,0.027248,0.034001,0.111426,0.139042,15,27.88,89.52
1437,2017,1,0.010713,0.114637,0.022612,0.241966,5,11.15,30.57
1437,2017,2,0.027166,0.034818,0.045618,0.058468,18,10.43,88.33
1437,2017,3,0.017822,0.102538,0.027432,0.157829,6,11.02,41.69
1437,2017,4,0.011488,0.069383,0.016759,0.101221,17,8.03,40.69
1437,2018,1,5e-06,0.080626,7e-06,0.119475,8,0.1871,0.7637
1437,2018,2,0.037661,0.103686,0.047992,0.132131,16,18.71,60.2676
1437,2018,3,3e-06,0.115534,5e-06,0.170589,7,0.1978,0.5408
1437,2018,4,0.042049,0.062268,0.084106,0.124547,13,24.52,82.1762
1437,2019,1,7e-06,0.077187,1.8e-05,0.204357,8,0.4066,0.9484
1437,2019,2,0.011239,0.10499,0.017962,0.167793,15,11.1144,32.7184
1437,2019,3,7e-06,0.106831,2.4e-05,0.384027,5,0.4885,0.7966
1437,2019,4,0.062715,0.088779,0.286832,0.406037,11,53.28,84.0487
1437,2020,2,0.065349,0.077141,0.249675,0.294728,13,48.05,92.04
1437,2020,4,0.073549,0.082307,0.30845,0.34518,22,55.68,94.53
1437,2021,1,7e-06,0.088311,2.4e-05,0.295217,7,0.4771,0.8938
1437,2021,2,0.026268,0.131468,0.022465,0.112438,20,10.0763,44.6993
1437,2021,3,6e-06,0.106463,1.4e-05,0.268705,5,0.3411,0.7309
1437,2021,4,0.051405,0.079866,0.110562,0.171776,20,26.6171,80.2271
1437,2022,2,0.055507,0.0664,0.173684,0.20777,17,39.39,91.43
1437,2022,4,0.053223,0.062827,0.213611,0.252157,15,43.85,92.04
1437,2023,2,0.063885,0.071538,0.259271,0.290328,21,44.45,94.5
1437,2023,4,0.073754,0.082659,0.242969,0.272305,20,42.46,94.46
1437,2024,1,7e-06,0.084243,2.5e-05,0.296483,6,0.4873,0.9256
1437,2024,2,0.04285,0.132502,0.125599,0.388378,14,32.3391,56.8677
1437,2024,3,5e-06,0.101916,9e-06,0.184849,6,0.2127,0.6982
1437,2024,4,0.051541,0.06865,0.165049,0.219839,12,28.29,86.6473
1437,2025,2,0.055598,0.061852,0.234506,0.260883,11,43.67,94.81
1437,2025,4,0.050008,0.057154,0.233528,0.266898,19,42.19,93.54
1438,2015,4,0.008564,0.186315,0.007082,0.154057,6,5.8,21.44
1438,2016,1,0.012609,0.116203,0.016065,0.148056,6,7.78,32.94
1438,2016,2,0.025455,0.035315,0.027913,0.038725,22,9.11,84.9
1438,2016,3,0.010799,0.113767,0.011506,0.121208,7,6.2,30.81
1438,2016,4,0.027248,0.034001,0.111426,0.139042,15,27.88,89.52
1438,2017,1,0.010713,0.114637,0.022612,0.241966,5,11.15,30.57
1438,2017,2,0.027166,0.034818,0.045618,0.058468,18,10.43,88.33
1438,2017,3,0.017822,0.102538,0.027432,0.157829,6,11.02,41.69
1438,2017,4,0.011488,0.069383,0.016759,0.101221,17,8.03,40.69
1438,2018,1,5e-06,0.080626,7e-06,0.119475,8,0.1871,0.7637
1438,2018,2,0.037661,0.103686,0.047992,0.132131,16,18.71,60.2676
1438,2018,3,3e-06,0.115534,5e-06,0.170589,7,0.1978,0.5408
1438,2018,4,0.042049,0.062268,0.084106,0.124547,13,24.52,82.1762
1438,2019,1,7e-06,0.077187,1.8e-05,0.204357,8,0.4066,0.9484
1438,2019,2,0.011239,0.10499,0.017962,0.167793,15,11.1144,32.7184
1438,2019,3,7e-06,0.106831,2.4e-05,0.384027,5,0.4885,0.7966
1438,2019,4,0.062715,0.088779,0.286832,0.406037,11,53.28,84.0487
1438,2020,2,0.065349,0.077141,0.249675,0.294728,13,48.05,92.04
1438,2020,4,0.073549,0.082307,0.30845,0.34518,22,55.68,94.53
1438,2021,2,0.070413,0.078982,0.238295,0.267292,20,47.91,94.42
1438,2021,4,0.060832,0.075369,0.165702,0.2053,20,36.23,89.84
1438,2022,2,0.055507,0.0664,0.173684,0.20777,17,39.39,91.43
1438,2022,4,0.053223,0.062827,0.213611,0.252157,15,43.85,92.04
1438,2023,2,0.063885,0.071538,0.259271,0.290328,21,44.45,94.5
1438,2023,4,0.073754,0.082659,0.242969,0.272305,20,42.46,94.46
1438,2024,1,7e-06,0.084243,2.5e-05,0.296483,6,0.4873,0.9256
1438,2024,2,0.04285,0.132502,0.125599,0.388378,14,32.3391,56.8677
1438,2024,3,5e-06,0.101916,9e-06,0.184849,6,0.2127,0.6982
1438,2024,4,0.051541,0.06865,0.165049,0.219839,12,28.29,86.6473
1438,2025,2,0.055598,0.061852,0.234506,0.260883,11,43.67,94.81
1438,2025,4,0.050008,0.057154,0.233528,0.266898,19,42.19,93.54
1475,2018,2,0.035964,0.057962,0.281194,0.453194,12,51.81,78.77
1475,2018,4,0.03768,0.070187,0.304041,0.566344,7,55.63,73.27
1475,2019,2,0.039441,0.069597,0.321545,0.567392,13,57.35,75.28
1475,2019,4,0.041602,0.063929,0.357899,0.549967,13,60.79,80.67
1475,2020,1,0.041973,0.132092,0.235365,0.740705,2,49.01,56.37
1475,2020,2,0.054199,0.075889,0.510101,0.714233,12,72.71,84.51
1475,2020,3,0.042854,0.083568,0.289852,0.565235,5,54.36,71.61
1475,2020,4,0.055142,0.085516,0.376361,0.583678,21,61.99,80.3
1475,2021,1,0.048783,0.089182,0.34636,0.633189,4,59.4,73.96
1475,2021,2,0.053891,0.072781,0.415399,0.561001,21,64.84,86.05
1475,2021,3,0.054063,0.074215,0.349192,0.479355,6,59.19,85.35
1475,2021,4,0.051336,0.069009,0.338027,0.454395,19,58.43,86.25
1475,2022,1,0.052291,0.073599,0.324533,0.45678,6,56.64,84.29
1475,2022,2,0.049963,0.06779,0.326218,0.442616,15,57.09,85.85
1475,2022,3,0.052192,0.075944,0.334443,0.486645,6,57.78,82.9
1475,2022,4,0.056825,0.071067,0.390675,0.488592,15,62.88,89.42
1475,2023,1,0.047334,0.082253,0.345141,0.599751,6,59.79,75.86
1475,2023,2,0.056882,0.065373,0.440562,0.506326,19,67.12,93.28
1475,2023,3,0.056784,0.077297,0.393062,0.535055,7,63.43,85.71
1475,2023,4,0.054019,0.062255,0.41616,0.479617,21,65.09,93.15
1475,2024,1,0.044876,0.078914,0.332618,0.584908,8,58.58,75.41
1475,2024,2,0.047707,0.05566,0.425853,0.49685,17,66.29,92.58
1475,2024,3,0.044678,0.078524,0.334911,0.588629,5,58.69,75.43
1475,2024,4,0.044647,0.064158,0.323255,0.464521,11,57.18,83.42
1475,2025,1,0.04676,0.079485,0.368813,0.626924,4,61.66,76.7
1475,2025,2,0.044414,0.052451,0.449576,0.530932,12,67.54,92.02
1475,2025,3,0.048787,0.078809,0.416164,0.672258,4,65.52,78.68
1475,2025,4,0.040137,0.045289,0.397864,0.448938,14,64.06,94.14
1475,2026,1,0.044103,0.096283,0.157313,0.343435,7,39.34,67.68
1475,2026,2,0.053395,0.103661,0.219134,0.425426,3,43.28,71.77
1480,2015,3,0.002714,0.144607,0.004634,0.246908,5,5.96,13.7
1480,2015,4,0.046154,0.065723,0.081736,0.116392,10,19.93,83.8
1480,2016,1,0.031766,0.08339,0.057045,0.149749,8,20.58,61.72
1480,2016,2,0.046057,0.060294,0.109904,0.143877,14,24.29,87.4
1480,2016,3,0.024825,0.115856,0.034996,0.163322,6,13.85,46.29
1480,2016,4,0.023999,0.046101,0.048138,0.092473,20,12.89,72.15
1480,2017,1,0.021035,0.101564,0.051436,0.248345,5,19.8,45.51
1480,2017,2,0.048463,0.061792,0.136144,0.173589,12,30.5,88.56
1480,2017,3,0.029441,0.09328,0.033395,0.105808,8,11.11,56.18
1480,2017,4,0.042386,0.062306,0.091583,0.134623,16,23.46,82.48
1480,2018,1,4e-06,0.063921,8e-06,0.138849,8,0.1958,0.7569
1480,2018,2,0.022123,0.067151,0.105358,0.319804,11,27.57,57.3973
1480,2018,3,3e-06,0.102431,1.3e-05,0.423146,3,0.3259,0.5531
1480,2018,4,0.033211,0.059227,0.166738,0.297355,7,38.3523,74.8823
1480,2019,2,0.048324,0.066649,0.19045,0.262671,13,35.21,85.15
1480,2019,4,0.052157,0.067168,0.418079,0.538405,10,63.43,88.12
1480,2020,2,0.057477,0.071022,0.319881,0.395266,13,53.84,89.96
1480,2020,4,0.041771,0.048808,0.101796,0.118947,22,19.64,92.51
1480,2021,1,5e-06,0.073421,1.5e-05,0.2102,6,0.3416,0.8568
1480,2021,2,0.045288,0.060493,0.147774,0.197385,24,32.1849,86.5249
1480,2021,3,4e-06,0.105516,1e-05,0.298374,6,0.3114,0.5855
1480,2021,4,0.035822,0.068044,0.132823,0.252302,21,34.0866,72.5566
1480,2022,2,0.05468,0.061503,0.345838,0.388993,19,56.01,94.29
1480,2022,4,0.044932,0.054318,0.206708,0.249892,20,34.51,90.95
1480,2023,2,0.04466,0.060964,0.301084,0.410999,21,48.18,85.59
1480,2023,4,0.056028,0.083652,0.138314,0.206508,21,23.19,81.84
1480,2024,2,0.072785,0.089659,0.162494,0.200165,13,33.3,90.1
1480,2024,4,0.077033,0.104787,0.15938,0.216804,16,28.77,85.74
1480,2025,2,0.070201,0.078411,0.446564,0.49879,15,64.88,94.62
1480,2025,4,0.082299,0.096457,0.396082,0.464219,14,61.38,92.37
1513,2018,2,0.02285,0.035121,0.181523,0.279007,11,39.43,80.66
1513,2018,4,0.01969,0.031993,0.105676,0.171708,11,23.08,78.45
1513,2019,2,0.019578,0.02866,0.116557,0.170629,19,24.47,82.65
1513,2019,4,0.015638,0.023122,0.118474,0.175169,18,29.25,82.24
1513,2020,1,0.010056,0.083709,0.026335,0.21922,5,11.46,34.66
1513,2020,2,0.019655,0.023658,0.132213,0.159133,18,28.44,91.15
1513,2020,3,0.014908,0.09633,0.02832,0.182991,6,11.93,39.34
1513,2020,4,0.023156,0.026562,0.143603,0.164721,23,30.02,93.37
1513,2021,1,0.013755,0.103246,0.037152,0.278869,4,14.84,36.5
1513,2021,2,0.02766,0.031191,0.23114,0.260645,24,41.0,94.17
1513,2021,3,0.011277,0.113799,0.029972,0.302444,4,15.64,31.48
1513,2021,4,0.013141,0.017329,0.171737,0.226478,24,41.46,87.08
1513,2022,1,0.009341,0.104204,0.030292,0.33793,5,16.94,29.94
1513,2022,2,0.01824,0.021007,0.13217,0.152226,21,29.25,93.18
1513,2022,3,0.007207,0.094878,0.02386,0.314129,4,12.86,27.56
1513,2022,4,0.013534,0.016576,0.143432,0.175669,21,30.47,90.36
1513,2023,1,0.009017,0.072242,0.042774,0.342686,6,20.25,35.33
1513,2023,2,0.014863,0.017734,0.144494,0.172399,20,28.78,91.55
1513,2023,3,0.009923,0.081375,0.041499,0.340321,5,17.39,34.92
1513,2023,4,0.013577,0.016196,0.196973,0.23496,24,42.28,91.56
1513,2024,1,0.015823,0.100346,0.067593,0.428648,3,20.58,39.71
1513,2024,2,0.037678,0.045922,0.354992,0.432668,23,57.93,90.58
1513,2024,3,0.022507,0.12088,0.05647,0.303287,5,19.03,43.15
1513,2024,4,0.021285,0.027342,0.284805,0.365861,17,51.32,88.23
1513,2025,1,0.009686,0.096389,0.065174,0.648573,3,25.71,31.7
1513,2025,2,0.028822,0.032962,0.230088,0.263135,15,42.49,93.51
1513,2025,3,0.026512,0.101652,0.107614,0.412607,4,30.75,51.07
1513,2025,4,0.030531,0.040975,0.203967,0.273739,13,37.73,86.32
1513,2026,1,0.029101,0.113796,0.095008,0.371514,4,28.62,50.57
1513,2026,2,0.019835,0.104869,0.087282,0.461471,3,27.99,43.49
1626,2018,2,0.114059,0.114059,0.118757,0.118757,8,22.74,100.0
1626,2018,3,0.109429,0.109429,0.125095,0.125095,8,23.3712,100.0
1626,2018,4,0.105456,0.105456,0.104106,0.104106,9,24.8958,100.0
1626,2019,1,0.108768,0.108768,0.161322,0.161322,8,36.3139,100.0
1626,2019,2,0.107799,0.107799,0.170635,0.170635,7,35.3601,100.0
1626,2019,3,0.105941,0.105941,0.106905,0.106905,8,18.7813,100.0
1626,2019,4,0.107227,0.107227,0.105102,0.105102,9,25.2629,100.0
1626,2020,1,0.106378,0.106378,0.113125,0.113125,8,22.2203,100.0
1626,2020,2,0.105741,0.105741,0.154458,0.154458,7,30.5193,100.0
1626,2020,3,0.105655,0.105655,0.141239,0.141239,7,25.0951,100.0
1626,2020,4,0.104033,0.104033,0.181507,0.181507,5,30.1826,100.0
1626,2021,1,0.104806,0.104806,0.21995,0.21995,6,36.3224,100.0
1626,2021,2,0.105191,0.105191,0.154755,0.154755,7,31.8455,100.0
1626,2021,3,0.106078,0.106078,0.189662,0.189662,7,39.7138,100.0
1626,2021,4,0.106,0.106,0.228427,0.228427,5,33.5196,100.0
1626,2022,1,0.104084,0.104084,0.197946,0.197946,5,31.6191,100.0
1626,2022,2,0.103457,0.103457,0.239299,0.239299,4,34.6493,100.0
1626,2022,3,0.114673,0.114673,0.186338,0.186338,7,33.8844,100.0
1626,2022,4,0.108355,0.108355,0.187353,0.187353,6,36.1802,100.0
1626,2023,1,0.10378,0.10378,0.27525,0.27525,5,46.8559,100.0
1626,2023,2,0.106192,0.106192,0.149274,0.149274,7,26.5138,100.0
1626,2023,3,0.110688,0.110688,0.178317,0.178317,6,29.8023,100.0
1626,2023,4,0.109494,0.109494,0.152351,0.152351,7,30.0852,100.0
1626,2024,1,0.104335,0.104335,0.144976,0.144976,8,33.6133,100.0
1626,2024,2,0.107405,0.107405,0.146577,0.146577,7,25.6741,100.0
1626,2024,3,0.103265,0.103265,0.147502,0.147502,6,22.5195,100.0
1626,2024,4,0.117689,0.117689,0.15175,0.15175,7,29.0515,100.0
1626,2025,1,0.102908,0.102908,0.134064,0.134064,7,22.8361,100.0
1626,2025,2,0.100737,0.100737,0.243817,0.243817,5,38.422,100.0
1626,2025,3,0.103819,0.103819,0.14957,0.14957,7,28.0103,100.0
1626,2025,4,0.11117,0.11117,0.197916,0.197916,6,35.5771,100.0
1626,2026,1,0.107397,0.107397,0.116268,0.116268,8,23.6961,100.0
1664,2018,2,0.02003,0.180847,0.018597,0.167909,12,11.12,33.28
1664,2018,4,0.013084,0.078674,0.017483,0.105128,24,12.92,40.78
1664,2020,1,0.001463,0.120066,0.001227,0.100659,8,1.91,11.04
1664,2020,2,0.003958,0.04613,0.005618,0.065482,14,4.93,29.29
1664,2020,3,0.000616,0.101331,0.000861,0.141509,7,2.27,7.8
1664,2020,4,0.001318,0.028697,0.005173,0.112637,20,5.71,21.43
1664,2021,1,0.000915,0.128411,0.002034,0.285471,5,3.79,8.44
1664,2021,2,0.001376,0.030223,0.003487,0.076569,25,3.78,21.34
1664,2021,3,0.001965,0.103925,0.002359,0.124754,7,2.83,13.75
1664,2021,4,0.004444,0.042624,0.00488,0.046805,22,4.46,32.29
1664,2022,1,0.001277,0.103638,0.001627,0.132078,7,2.7,11.1
1664,2022,2,0.003133,0.030027,0.00639,0.061244,15,5.52,32.3
1664,2022,3,0.001244,0.101912,0.001288,0.105486,8,2.25,11.05
1664,2022,4,0.001965,0.026251,0.004403,0.058816,17,4.67,27.36
1664,2023,1,0.001404,0.103093,0.001666,0.122315,7,2.32,11.67
1664,2023,2,0.002247,0.025579,0.005858,0.06668,19,6.83,29.64
1664,2023,3,0.001184,0.100225,0.001032,0.087319,9,2.14,10.87
1664,2023,4,0.002741,0.031694,0.006908,0.079872,15,6.8,29.41
1664,2024,1,0.019882,0.101217,0.021062,0.107226,8,8.86,44.32
1664,2024,2,0.019258,0.064409,0.035422,0.118472,13,15.0,54.68
1664,2024,3,0.025125,0.101308,0.062856,0.253446,6,23.91,49.8
1664,2024,4,0.043209,0.057496,0.290593,0.386676,7,54.14,86.69
1664,2025,1,0.046268,0.107878,0.15219,0.354842,4,36.67,65.49
1664,2025,2,0.054602,0.082144,0.186969,0.281278,4,36.87,81.53
1664,2025,3,0.057341,0.106028,0.212696,0.393289,5,45.64,73.54
1664,2025,4,0.047458,0.067677,0.08368,0.119332,9,19.86,83.74
1664,2026,1,0.059853,0.099884,0.1742,0.290707,5,35.05,77.41
1664,2026,2,0.054712,0.104147,0.108336,0.206222,5,22.55,72.48
1665,2018,2,0.02003,0.180847,0.018597,0.167909,12,11.12,33.28
1665,2018,4,0.013084,0.078674,0.017483,0.105128,24,12.92,40.78
1665,2020,1,0.001463,0.120066,0.001227,0.100659,8,1.91,11.04
1665,2020,2,0.003958,0.04613,0.005618,0.065482,14,4.93,29.29
1665,2020,3,0.000616,0.101331,0.000861,0.141509,7,2.27,7.8
1665,2020,4,0.001318,0.028697,0.005173,0.112637,20,5.71,21.43
1665,2021,1,0.000915,0.128411,0.002034,0.285471,5,3.79,8.44
1665,2021,2,0.001376,0.030223,0.003487,0.076569,25,3.78,21.34
1665,2021,3,0.001965,0.103925,0.002359,0.124754,7,2.83,13.75
1665,2021,4,0.004444,0.042624,0.00488,0.046805,22,4.46,32.29
1665,2022,1,0.001277,0.103638,0.001627,0.132078,7,2.7,11.1
1665,2022,2,0.003133,0.030027,0.00639,0.061244,15,5.52,32.3
1665,2022,3,0.001244,0.101912,0.001288,0.105486,8,2.25,11.05
1665,2022,4,0.001965,0.026251,0.004403,0.058816,17,4.67,27.36
1665,2023,1,0.001404,0.103093,0.001666,0.122315,7,2.32,11.67
1665,2023,2,0.002247,0.025579,0.005858,0.06668,19,6.83,29.64
1665,2023,3,0.001184,0.100225,0.001032,0.087319,9,2.14,10.87
1665,2023,4,0.002741,0.031694,0.006908,0.079872,15,6.8,29.41
1665,2024,1,0.019882,0.101217,0.021062,0.107226,8,8.86,44.32
1665,2024,2,0.019258,0.064409,0.035422,0.118472,13,15.0,54.68
1665,2024,3,0.025125,0.101308,0.062856,0.253446,6,23.91,49.8
1665,2024,4,0.043209,0.057496,0.290593,0.386676,7,54.14,86.69
1665,2025,1,0.046268,0.107878,0.15219,0.354842,4,36.67,65.49
1665,2025,2,0.054602,0.082144,0.186969,0.281278,4,36.87,81.53
1665,2025,3,0.057341,0.106028,0.212696,0.393289,5,45.64,73.54
1665,2025,4,0.047458,0.067677,0.08368,0.119332,9,19.86,83.74
1665,2026,1,0.058172,0.108241,0.149134,0.277492,5,30.95,73.31
1665,2026,2,0.054712,0.104147,0.108336,0.206222,5,22.55,72.48
1702,2018,2,0.028377,0.046869,0.146659,0.242235,6,29.81,77.81
1702,2018,4,0.012335,0.046635,0.055475,0.209733,6,18.58,51.43
1702,2019,2,0.023972,0.032816,0.097891,0.134003,17,26.13,85.47
1702,2019,4,0.043815,0.049064,0.375373,0.420339,8,59.56,94.5
1702,2020,1,0.034808,0.108884,0.109442,0.342351,3,25.0,56.54
1702,2020,2,0.043979,0.050991,0.167235,0.1939,12,28.58,92.87
1702,2020,3,0.044862,0.109868,0.153983,0.377112,3,33.07,63.9
1702,2020,4,0.040921,0.047283,0.204917,0.236773,20,39.91,93.03
1702,2021,1,0.026841,0.084381,0.040894,0.12856,8,15.18,56.4
1702,2021,2,0.045723,0.055777,0.102035,0.124471,23,18.3,90.54
1702,2021,3,0.030664,0.093787,0.044412,0.135836,7,13.12,57.18
1702,2021,4,0.052021,0.062463,0.218148,0.261933,19,42.69,91.26
1702,2022,1,0.033927,0.103043,0.099349,0.301747,5,29.19,57.38
1702,2022,2,0.034951,0.040585,0.181116,0.210311,15,39.17,92.8
1702,2022,3,0.036471,0.106498,0.062627,0.182873,5,16.38,58.52
1702,2022,4,0.032615,0.03942,0.126138,0.152456,16,26.33,90.96
1702,2023,1,0.029924,0.095352,0.068398,0.217949,7,24.71,56.02
1702,2023,2,0.030432,0.037588,0.086595,0.106955,18,19.12,89.98
1702,2023,3,0.02669,0.09643,0.08052,0.290915,5,22.14,52.61
1702,2023,4,0.0677,0.07573,0.417192,0.466674,12,55.72,94.55
1702,2024,1,0.03455,0.134409,0.178843,0.695756,4,43.0,50.7
1702,2024,2,0.038912,0.043527,0.241915,0.270608,16,49.53,94.55
1702,2024,3,0.043071,0.135644,0.250539,0.78902,3,50.89,56.35
1702,2024,4,0.043932,0.052981,0.220207,0.265568,15,47.41,91.06
1702,2025,1,0.036131,0.126137,0.188084,0.656628,4,44.03,53.52
1702,2025,2,0.043719,0.048821,0.530764,0.592712,10,73.72,94.63
1702,2025,3,0.034262,0.131108,0.204481,0.782477,3,46.0,51.12
1702,2025,4,0.024223,0.027101,0.27235,0.304716,14,50.59,94.54
1702,2026,1,0.010905,0.102233,0.03103,0.290902,5,16.54,32.66
1702,2026,2,0.018488,0.109022,0.071532,0.421819,3,25.21,41.18
1715,2016,4,1e-06,1.0,1e-06,0.967742,1,0.1,0.1
1715,2017,1,0.000126,0.117639,0.000165,0.153875,6,0.88,3.27
1715,2017,2,0.00058,0.047559,0.00063,0.051676,15,1.54,11.04
1715,2017,3,0.000233,0.104451,0.000161,0.072193,10,0.64,4.72
1715,2017,4,0.018755,0.038873,0.039291,0.081437,21,14.82,69.46
1715,2018,1,1e-06,0.089283,1e-06,0.146884,8,0.0922,0.2885
1715,2018,2,0.007496,0.04122,0.01679,0.09233,16,10.1334,42.6434
1715,2019,1,1e-06,0.072996,1e-06,0.07967,12,0.0695,0.3824
1715,2019,2,0.009226,0.033045,0.014826,0.053104,20,7.3861,52.8379
1715,2019,3,3e-06,0.139923,2e-06,0.117505,8,0.0958,0.4436
1715,2019,4,0.033453,0.054525,0.045841,0.074717,19,16.23,78.3282
1715,2020,2,0.042196,0.047491,0.092938,0.104602,15,22.31,94.26
1715,2020,4,0.051346,0.062928,0.088535,0.108505,22,22.76,90.33
1715,2021,2,0.045604,0.082453,0.060933,0.110169,25,17.3,74.37
1715,2021,4,0.048057,0.080012,0.050622,0.084282,20,13.75,77.5
1715,2022,2,0.034655,0.106401,0.047414,0.145577,22,16.31,57.07
1715,2022,4,0.039331,0.127735,0.111326,0.36155,22,28.58,55.49
1715,2023,2,0.030682,0.038397,0.255282,0.319479,5,38.19,89.39
1715,2023,4,0.030695,0.045862,0.158226,0.23641,5,33.21,81.81
1715,2024,2,0.030814,0.072708,0.093916,0.221605,4,19.44,65.1
1715,2024,4,0.027038,0.060885,0.135419,0.304937,5,34.26,66.64
1715,2025,2,0.022924,0.064405,0.233836,0.65697,5,49.14,59.66
1715,2025,4,0.020827,0.055028,0.132122,0.349093,5,31.01,61.52
1723,2018,2,0.043137,0.057745,0.32035,0.42884,9,56.56,86.43
1723,2018,4,0.026205,0.040109,0.091032,0.139332,11,25.93,80.83
1723,2019,2,0.027457,0.039052,0.086878,0.123568,11,24.39,83.85
1723,2019,4,0.043179,0.054475,0.057719,0.07282,16,17.48,89.03
1723,2020,1,0.017383,0.105557,0.018354,0.111455,8,9.59,40.58
1723,2020,2,0.028968,0.033637,0.106696,0.123895,13,23.42,92.8
1723,2020,3,0.029508,0.102862,0.050102,0.174651,6,17.03,53.56
1723,2020,4,0.065853,0.033536,0.195256,0.099436,15,27.16,140.13
1723,2021,1,0.019373,0.103377,0.039605,0.211338,6,14.65,43.29
1723,2021,2,0.034805,0.042931,0.095301,0.117551,15,21.63,90.04
1723,2021,3,0.028151,0.102291,0.055357,0.201149,6,20.34,52.46
1723,2021,4,0.039391,0.045475,0.148121,0.171001,13,30.28,93.07
1723,2022,1,0.008275,0.102235,0.016473,0.203524,6,9.65,28.45
1723,2022,2,0.024123,0.033848,0.158104,0.221846,8,32.99,84.42
1723,2022,3,0.019336,0.105656,0.0438,0.239328,4,15.75,42.78
1723,2022,4,0.02157,0.030052,0.140447,0.195677,12,32.6,84.72
1723,2023,1,0.013043,0.101599,0.038877,0.302834,4,14.32,35.83
1723,2023,2,0.017414,0.022304,0.194361,0.248942,12,35.8,88.36
1723,2023,3,0.017706,0.10497,0.065748,0.389794,3,22.78,41.07
1723,2023,4,0.02172,0.026862,0.282303,0.349143,11,52.53,89.92
1723,2024,1,0.014731,0.110999,0.108925,0.820745,2,33.52,36.43
1723,2024,2,0.028035,0.033355,0.440524,0.524108,12,67.87,91.68
1723,2024,3,0.020111,0.115708,0.101499,0.583982,4,32.27,41.69
1723,2024,4,0.031875,0.038239,0.429227,0.514926,11,66.94,91.3
1723,2025,1,0.014956,0.113249,0.08521,0.64524,3,29.47,36.34
1723,2025,2,0.023982,0.027746,0.147953,0.171174,15,36.43,92.97
1723,2025,3,0.029375,0.107063,0.226723,0.826352,2,48.37,52.38
1723,2025,4,0.026343,0.038508,0.295369,0.431766,9,55.03,82.71
1723,2026,1,0.032802,0.105728,0.223604,0.720723,2,47.66,55.7
1723,2026,2,0.033893,0.10731,0.305655,0.967742,1,56.2,56.2
1753,2015,4,0.018622,0.056957,0.025586,0.078256,14,11.96,57.18
1753,2016,1,0.006022,0.116565,0.007575,0.146621,7,7.01,22.73
1753,2016,2,0.009937,0.083007,0.009657,0.080668,11,5.83,34.6
1753,2016,3,0.016943,0.109033,0.019984,0.128601,7,9.15,39.42
1753,2016,4,0.031877,0.055451,0.104437,0.181671,10,27.26,75.82
1753,2017,1,0.035096,0.119958,0.080588,0.275445,5,25.55,54.09
1753,2017,2,0.035847,0.067805,0.10491,0.19844,5,22.81,72.71
1753,2017,3,0.028463,0.102173,0.034358,0.123336,7,10.49,52.78
1753,2017,4,0.050262,0.062663,0.11691,0.145755,12,30.24,89.56
1753,2018,1,6e-06,0.064472,1e-05,0.100011,10,0.2375,0.9874
1753,2018,2,0.025977,0.102853,0.053685,0.212557,10,17.8196,50.2561
1753,2018,3,4e-06,0.108816,3e-06,0.092954,9,0.1059,0.5848
1753,2018,4,0.035483,0.067803,0.05672,0.108385,11,14.53,72.341
1753,2019,2,0.040003,0.049048,0.061958,0.075967,17,20.28,90.31
1753,2019,4,0.040252,0.058205,0.056342,0.081471,11,17.04,83.16
1753,2020,2,0.044886,0.054084,0.094548,0.113924,15,20.2,91.1
1753,2020,4,0.044086,0.049107,0.377796,0.420822,19,60.2,94.75
1753,2021,2,0.052035,0.057961,0.337345,0.375765,22,56.7,94.75
1753,2021,4,0.042822,0.048063,0.209026,0.234611,21,38.93,94.39
1753,2022,2,0.046623,0.055275,0.254803,0.302093,18,47.97,91.84
1753,2022,4,0.015981,0.036411,0.123897,0.282286,18,35.35,66.25
1753,2023,2,0.028046,0.036052,0.192661,0.24766,6,36.31,88.2
1753,2023,4,0.0333,0.037558,0.219232,0.24727,8,42.22,94.16
1753,2024,2,0.048259,0.05729,0.271952,0.322847,6,45.98,91.78
1753,2024,4,0.035552,0.040355,0.259783,0.294883,7,47.88,93.86
1753,2025,2,0.036768,0.041374,0.318644,0.358558,6,48.75,94.27
1753,2025,4,0.046756,0.05239,0.267751,0.300015,6,40.5,94.47
1759,2017,1,0.020785,0.103191,0.028074,0.139382,8,11.89,44.88
1759,2017,2,0.043863,0.062342,0.069989,0.099475,17,19.97,83.88
1759,2017,3,0.046044,0.104149,0.064475,0.145841,7,15.53,66.49
1759,2017,4,0.05019,0.066863,0.075661,0.100795,19,17.39,86.64
1759,2018,1,5e-06,0.090711,8e-06,0.140942,8,0.1919,0.7531
1759,2018,2,0.010278,0.107852,0.012968,0.136081,15,6.9924,30.8698
1759,2018,3,3e-06,0.109471,5e-06,0.181968,6,0.1715,0.5379
1759,2018,4,0.029682,0.046529,0.048611,0.076201,19,18.27,79.8708
1759,2019,1,4e-06,0.095546,6e-06,0.155245,8,0.1779,0.6158
1759,2019,2,0.01375,0.055775,0.026573,0.107792,22,13.4398,49.6511
1759,2019,3,2e-06,0.120469,2e-06,0.123447,8,0.09,0.3937
1759,2019,4,0.020686,0.030666,0.052388,0.077663,17,16.09,82.131
1759,2020,2,0.029418,0.033435,0.109531,0.124489,17,26.28,93.8
1759,2020,4,0.040885,0.045102,0.159421,0.175866,20,36.15,95.21
1759,2021,1,4e-06,0.094657,7e-06,0.182426,6,0.2084,0.6087
1759,2021,2,0.015068,0.062,0.040981,0.168624,22,18.4779,49.2981
1759,2021,3,3e-06,0.120761,5e-06,0.252054,6,0.2191,0.4616
1759,2021,4,0.026908,0.042512,0.083151,0.13137,19,24.0984,79.5584
1759,2022,2,0.044556,0.057786,0.11528,0.149509,18,30.67,87.81
1759,2022,4,0.033765,0.042171,0.246221,0.30752,19,50.48,89.48
1759,2023,2,0.023823,0.031144,0.293961,0.3843,19,55.06,87.46
1759,2023,4,0.030717,0.035676,0.121122,0.140676,18,25.55,92.79
1759,2024,2,0.031986,0.040913,0.041187,0.052681,20,14.02,88.42
1759,2024,4,0.029621,0.035087,0.07663,0.090773,17,21.96,91.88
1759,2025,2,0.032645,0.039266,0.206359,0.248213,17,44.91,91.18
1759,2025,4,0.032612,0.037121,0.147302,0.167669,16,37.85,93.73
1811,2018,2,0.025844,0.032804,0.063233,0.080262,21,18.15,88.76
1811,2018,4,0.033535,0.040559,0.082262,0.099492,18,22.12,90.93
1811,2019,2,0.026018,0.033967,0.06482,0.084625,18,16.27,87.52
1811,2019,4,0.029165,0.035304,0.059205,0.071668,19,17.02,90.89
1811,2020,1,0.016984,0.088249,0.018121,0.094154,10,7.8,43.87
1811,2020,2,0.020503,0.025843,0.072356,0.091203,23,17.12,89.07
1811,2020,3,0.024992,0.10838,0.02005,0.086949,9,7.16,48.02
1811,2020,4,0.041092,0.05072,0.049881,0.061567,26,14.56,90.01
1811,2021,1,0.023881,0.09092,0.028155,0.107192,9,10.38,51.25
1811,2021,2,0.033547,0.040475,0.207207,0.25,26,42.34,91.04
1811,2021,3,0.029708,0.08575,0.207432,0.598737,5,45.64,58.86
1811,2021,4,0.029276,0.036007,0.323987,0.398478,24,57.51,90.17
1811,2022,1,0.032936,0.106811,0.184735,0.599093,4,43.57,55.53
1811,2022,2,0.048512,0.055957,0.4337,0.500262,17,65.58,93.11
1811,2022,3,0.041622,0.107237,0.261294,0.673214,3,51.79,62.3
1811,2022,4,0.048431,0.05437,0.387758,0.435312,21,62.57,94.38
1811,2023,1,0.03145,0.108294,0.167284,0.576021,6,41.57,53.89
1811,2023,2,0.044619,0.049774,0.23773,0.265196,20,47.71,94.68
1811,2023,3,0.025127,0.120629,0.051516,0.247316,7,21.93,45.64
1811,2023,4,0.029493,0.040572,0.080408,0.110614,23,22.4,85.26
1811,2024,1,0.028158,0.138252,0.037107,0.182192,8,17.72,45.13
1811,2024,2,0.041135,0.048474,0.132692,0.156364,15,30.44,92.12
1811,2024,3,0.044526,0.116923,0.0865,0.227147,5,23.74,61.71
1811,2024,4,0.039473,0.050228,0.143522,0.182625,18,31.32,88.65
1811,2025,1,0.025942,0.160368,0.052971,0.327459,4,19.9,40.22
1811,2025,2,0.026552,0.057626,0.052922,0.114856,23,16.94,67.88
1811,2025,3,0.047915,0.125741,0.086475,0.226932,4,18.23,61.73
1811,2025,4,0.04962,0.062196,0.106271,0.133203,17,22.78,89.32
1811,2026,1,0.045338,0.126233,0.091226,0.253999,4,22.73,59.93
1811,2026,2,0.043353,0.123036,0.098797,0.280386,4,22.43,59.36
1856,2017,3,0.020493,0.107954,0.027886,0.146898,7,12.46,43.57
1856,2017,4,0.020556,0.111276,0.043303,0.234416,7,16.04,42.98
1856,2018,1,1e-06,0.073533,3e-06,0.193857,8,0.1548,0.3818
1856,2018,2,1e-06,0.117004,3e-06,0.277134,7,0.1744,0.341
1856,2018,3,3e-06,0.115274,1.6e-05,0.72302,3,0.4022,0.4657
1856,2018,4,1e-06,1.0,1e-06,0.967742,1,0.085,0.085
1881,2018,2,0.027129,0.039763,0.166374,0.243852,17,41.19,82.6
1881,2018,4,0.026367,0.044878,0.091081,0.155026,13,27.86,76.65
1881,2019,2,0.032618,0.051119,0.079743,0.124972,15,16.65,79.88
1881,2019,4,0.032559,0.041225,0.055352,0.070084,21,17.59,88.87
1881,2020,1,0.027629,0.11208,0.027037,0.109677,9,12.24,49.65
1881,2020,2,0.030424,0.037669,0.044952,0.055657,23,17.16,89.87
1881,2020,3,0.020424,0.106898,0.029831,0.15614,7,11.8,43.71
1881,2020,4,0.034911,0.04255,0.046429,0.056588,24,14.45,90.58
1881,2021,1,0.025074,0.106508,0.0399,0.169484,6,13.56,48.52
1881,2021,2,0.02485,0.037615,0.044546,0.067429,28,12.45,81.28
1881,2021,3,0.016736,0.116449,0.020236,0.140808,7,8.63,37.91
1881,2021,4,0.020318,0.026345,0.035647,0.046221,25,11.05,87.82
1881,2022,1,0.014983,0.113522,0.014864,0.112617,8,7.34,36.33
1881,2022,2,0.020896,0.025356,0.043747,0.053085,26,14.75,90.78
1881,2022,3,0.01153,0.113948,0.012626,0.124781,7,6.17,31.81
1881,2022,4,0.017658,0.020615,0.043403,0.050672,26,14.01,92.55
1881,2023,1,0.010351,0.123255,0.011911,0.141826,9,9.87,28.98
1881,2023,2,0.017873,0.022819,0.034658,0.04425,28,14.5,88.5
1881,2023,3,0.013647,0.118334,0.013115,0.113718,9,9.4,33.96
1881,2023,4,0.028616,0.033765,0.046208,0.054522,25,17.65,92.06
1881,2024,1,0.028656,0.121975,0.026171,0.111395,9,12.01,48.47
1881,2024,2,0.035891,0.049017,0.047795,0.065274,20,15.19,85.57
1881,2024,3,0.032394,0.115803,0.02337,0.083545,10,9.78,52.89
1881,2024,4,0.02814,0.0401,0.029655,0.04226,23,13.77,83.77
1881,2025,1,0.016093,0.111213,0.012699,0.087761,9,6.19,38.04
1881,2025,2,0.025971,0.034061,0.036658,0.048077,21,14.08,87.32
1881,2025,3,0.031146,0.1054,0.033161,0.11222,8,11.96,54.36
1881,2025,4,0.040453,0.048076,0.102458,0.121765,17,26.5,91.73
1881,2026,1,0.032715,0.111983,0.059254,0.202827,5,17.23,54.05
1881,2026,2,0.04369,0.11395,0.055671,0.145201,8,18.07,61.92
1985,2018,2,0.035291,0.045603,0.048386,0.062525,27,14.07,87.97
1985,2018,4,0.024059,0.045296,0.039082,0.07358,20,11.74,72.88
1985,2019,2,0.027894,0.031203,0.045992,0.051447,25,12.65,94.55
1985,2019,4,0.025985,0.031559,0.073437,0.08919,17,17.32,90.74
1985,2020,1,0.018112,0.098232,0.02247,0.121863,10,12.51,42.94
1985,2020,2,0.026241,0.030216,0.096903,0.111583,23,24.23,93.19
1985,2020,3,0.020344,0.080344,0.040681,0.16066,7,15.63,50.32
1985,2020,4,0.026744,0.031818,0.070591,0.083985,27,19.39,91.68
1985,2021,2,0.039499,0.045008,0.076944,0.087676,26,18.38,93.68
1985,2021,4,0.029558,0.03353,0.057774,0.065538,26,13.43,93.89
1985,2022,1,0.027968,0.106773,0.043705,0.166853,8,17.61,51.18
1985,2022,2,0.031963,0.037332,0.068767,0.080319,26,16.15,92.53
1985,2022,3,0.028606,0.109125,0.038916,0.148454,7,13.56,51.2
1985,2022,4,0.035658,0.040519,0.065386,0.0743,20,16.25,93.81
1985,2023,1,0.029043,0.115064,0.026948,0.106766,10,12.22,50.24
1985,2023,2,0.040701,0.045674,0.073914,0.082944,15,17.5,94.4
1985,2023,3,0.034987,0.112248,0.039107,0.125464,8,11.66,55.83
1985,2023,4,0.043549,0.050623,0.060805,0.070683,18,15.52,92.75
1985,2024,1,0.035779,0.131205,0.0384,0.140818,7,12.14,52.22
1985,2024,2,0.035237,0.043052,0.058458,0.071422,20,19.42,90.47
1985,2024,3,0.034299,0.104722,0.048997,0.149598,7,16.58,57.23
1985,2024,4,0.037908,0.050687,0.158373,0.211763,13,38.74,86.48
1985,2025,1,0.032865,0.141108,0.104796,0.449955,4,32.0,48.26
1985,2025,2,0.037269,0.052085,0.126664,0.177017,15,34.81,84.59
1985,2025,3,0.02435,0.123464,0.038705,0.19625,5,13.74,44.41
1985,2025,4,0.036183,0.049427,0.09426,0.128762,16,26.64,85.56
1985,2026,1,0.030102,0.109881,0.034604,0.126316,8,14.15,52.34
1985,2026,2,0.052742,0.10938,0.081569,0.169164,6,22.93,69.44
1998,2016,4,1e-06,1.0,1e-06,0.967742,1,0.1,0.1
1998,2017,1,0.000126,0.117639,0.000165,0.153875,6,0.88,3.27
1998,2017,2,0.00058,0.047559,0.00063,0.051676,15,1.54,11.04
1998,2017,3,0.000233,0.104451,0.000161,0.072193,10,0.64,4.72
1998,2017,4,0.018755,0.038873,0.039291,0.081437,21,14.82,69.46
1998,2018,1,1e-06,0.089283,1e-06,0.146884,8,0.0922,0.2885
1998,2018,2,0.007496,0.04122,0.01679,0.09233,16,10.1334,42.6434
1998,2019,1,1e-06,0.072996,1e-06,0.07967,12,0.0695,0.3824
1998,2019,2,0.009226,0.033045,0.014826,0.053104,20,7.3861,52.8379
1998,2019,3,3e-06,0.139923,2e-06,0.117505,8,0.0958,0.4436
1998,2019,4,0.033453,0.054525,0.045841,0.074717,19,16.23,78.3282
1998,2020,1,5e-06,0.068455,7e-06,0.090994,10,0.1947,0.866
1998,2020,2,0.017199,0.051333,0.036563,0.109124,17,15.11,57.8843
1998,2020,3,3e-06,0.117131,4e-06,0.146093,7,0.1639,0.5408
1998,2020,4,0.042809,0.064955,0.068319,0.103661,22,22.76,81.1824
1998,2021,1,4e-06,0.096918,8e-06,0.183373,7,0.2249,0.6648
1998,2021,2,0.005666,0.13036,0.009848,0.226555,25,8.905,20.8487
1998,2021,3,3e-06,0.150444,3e-06,0.140328,6,0.1003,0.4688
1998,2021,4,0.039446,0.084528,0.046314,0.099245,20,13.75,68.3128
1998,2022,2,0.034655,0.106401,0.047414,0.145577,22,16.31,57.07
1998,2022,4,0.039331,0.127735,0.111326,0.36155,22,28.58,55.49
1998,2023,2,0.030682,0.038397,0.255282,0.319479,5,38.19,89.39
1998,2023,4,0.030695,0.045862,0.158226,0.23641,5,33.21,81.81
1998,2024,2,0.030814,0.072708,0.093916,0.221605,4,19.44,65.1
1998,2024,4,0.027038,0.060885,0.135419,0.304937,5,34.26,66.64
1998,2025,2,0.022924,0.064405,0.233836,0.65697,5,49.14,59.66
1998,2025,4,0.020827,0.055028,0.132122,0.349093,5,31.01,61.52
2051,2015,4,5e-06,0.067519,5e-06,0.068872,18,0.16,0.82
2051,2016,1,2.8e-05,0.127517,2.1e-05,0.095259,8,0.25,1.49
2051,2016,2,0.000101,0.055423,0.00012,0.065937,17,0.59,4.26
2051,2016,3,0.000117,0.138508,9e-05,0.10625,8,0.56,2.91
2051,2016,4,0.00029,0.027342,0.000357,0.033762,24,1.25,10.29
2051,2017,1,0.000118,0.117874,8.6e-05,0.085616,9,0.57,3.17
2051,2017,2,0.000317,0.021422,0.000611,0.04131,24,1.74,12.16
2051,2017,3,0.000206,0.113988,0.00031,0.171496,6,1.38,4.25
2051,2017,4,0.000237,0.021088,0.000288,0.025601,24,0.99,10.6
2051,2018,1,0.0,0.060365,0.0,0.081226,11,0.014,0.0778
2051,2018,2,0.000383,0.023742,0.000458,0.028413,28,1.26,12.6944
2051,2018,3,0.0,0.11746,0.0,0.133888,7,0.0108,0.0417
2051,2018,4,0.000363,0.026023,0.000549,0.03935,26,1.35,11.8084
2051,2019,2,0.000568,0.024158,0.000922,0.03924,25,1.78,15.33
2051,2019,4,0.001649,0.022788,0.002294,0.031696,27,3.09,26.9
2051,2020,2,0.000181,0.625882,0.000172,0.594593,10,1.33,1.7
2051,2020,4,0.009734,0.020746,0.02954,0.062954,25,11.53,68.5
2051,2021,2,0.061877,0.09252,0.45614,0.68203,18,68.72,81.78
2051,2021,4,0.045405,0.051971,0.20871,0.23889,21,43.74,93.47
2051,2022,2,0.053014,0.067855,0.468731,0.599954,21,69.37,88.39
2051,2022,4,0.024065,0.030858,0.520322,0.667194,15,73.51,88.31
2051,2023,2,0.04231,0.056118,0.505846,0.670932,17,72.19,86.83
2051,2023,4,0.073657,0.085955,0.340469,0.397317,22,52.03,92.57
2051,2024,2,0.042412,0.081791,0.262883,0.506965,22,50.61,72.01
2051,2024,4,0.056405,0.069174,0.360782,0.442455,21,44.49,90.3
2051,2025,2,0.041477,0.055486,0.298801,0.399716,20,53.22,86.46
2051,2025,4,0.042845,0.062478,0.250979,0.365992,19,40.31,82.81
2112,2015,4,1.8e-05,0.052132,3.1e-05,0.089364,16,0.42,1.87
2112,2016,1,2.8e-05,0.114645,5e-05,0.204017,5,0.52,1.56
2112,2016,2,0.000221,0.043144,0.000491,0.095695,18,1.59,7.16
2112,2016,3,0.000297,0.107172,0.000359,0.129881,7,1.17,5.26
2112,2016,4,0.000253,0.03178,0.000306,0.038425,23,1.12,8.92
2112,2017,1,0.000357,0.114103,0.000406,0.130046,8,1.51,5.59
2112,2017,2,0.000859,0.02837,0.001602,0.052916,25,2.51,17.4
2112,2017,3,0.000853,0.117734,0.000619,0.085476,10,1.88,8.51
2112,2017,4,0.000947,0.028564,0.001828,0.055134,23,3.11,18.21
2112,2018,1,0.0,0.060381,0.0,0.090712,11,0.0213,0.1149
2112,2018,2,0.000447,0.041066,0.001156,0.106157,16,2.9464,10.434
2112,2018,3,0.0,0.105962,0.0,0.095097,9,0.0139,0.0645
2112,2018,4,0.00059,0.033206,0.000819,0.04608,17,1.7,13.3292
2112,2019,2,0.002195,0.059725,0.003428,0.093284,16,4.13,19.17
2112,2019,4,0.006184,0.046826,0.010454,0.079163,16,6.72,36.34
2112,2020,2,0.002797,0.032272,0.005554,0.064081,18,5.6,29.44
2112,2020,4,0.001982,0.023451,0.004592,0.054341,24,3.95,29.07
2112,2021,2,0.008064,0.035906,0.013369,0.059529,26,5.82,47.39
2112,2021,4,0.022472,0.055243,0.028536,0.070149,21,9.85,63.78
2112,2022,2,0.023844,0.056158,0.042767,0.100728,18,13.46,65.16
2112,2022,4,0.007893,0.061589,0.039618,0.309123,15,18.7,35.8
2112,2023,2,0.036811,0.046484,0.76602,0.967293,2,88.97,88.99
2112,2023,4,0.035514,0.040321,0.85237,0.967742,1,93.85,93.85
2112,2024,2,0.064417,0.07397,0.491685,0.564596,3,70.02,93.32
2112,2024,4,0.042124,0.047877,0.209023,0.237568,6,40.0,93.8
2112,2025,2,0.056307,0.063752,0.263666,0.298526,4,41.75,93.98
2112,2025,4,0.053644,0.060828,0.318739,0.36142,5,45.63,93.91
2125,2017,4,0.008958,0.154623,0.010743,0.185427,6,8.57,24.07
2125,2018,1,3e-06,0.07022,3e-06,0.078872,10,0.0967,0.6265
2125,2018,2,0.015464,0.040049,0.037477,0.097059,20,15.1231,62.1388
2125,2018,3,1e-06,0.113038,1e-06,0.154065,6,0.0595,0.2348
2125,2018,4,0.012859,0.035741,0.030862,0.085778,11,12.18,59.9821
2125,2019,2,0.025958,0.044216,0.106148,0.180812,15,28.91,76.62
2125,2019,4,0.023591,0.038409,0.076005,0.123749,17,25.44,78.37
2125,2020,1,2e-06,0.06839,9e-06,0.282664,6,0.2424,0.5677
2125,2020,2,0.011604,0.033635,0.035512,0.102933,18,15.5654,58.7366
2125,2020,3,1e-06,0.118045,2e-06,0.251958,5,0.1279,0.3138
2125,2020,4,0.020089,0.032552,0.073102,0.118458,20,20.5667,78.5567
2125,2021,2,0.016181,0.039405,0.058943,0.143546,15,17.79,64.08
2125,2021,4,0.023354,0.030559,0.132387,0.173231,19,36.0,87.42
2125,2022,2,0.030226,0.044766,0.168367,0.249362,11,39.88,82.17
2125,2022,4,0.027944,0.039528,0.162311,0.229595,11,37.35,84.08
2125,2023,2,0.009656,0.040696,0.039711,0.167369,12,18.75,48.71
2125,2023,4,0.013469,0.027192,0.042988,0.086786,14,13.21,70.38
2125,2024,2,0.011086,0.026754,0.027654,0.066741,16,9.84,64.37
2125,2024,4,0.01689,0.024394,0.093126,0.134499,15,25.45,83.21
2125,2025,2,0.017297,0.020873,0.101581,0.122586,12,26.41,91.03
2125,2025,4,0.059533,0.067938,0.354154,0.404155,7,52.14,93.61
2152,2016,1,0.00646,0.115593,0.014057,0.251527,5,10.01,23.64
2152,2016,2,0.00955,0.052256,0.032628,0.178535,9,13.11,42.75
2152,2016,3,0.006962,0.122391,0.017752,0.312076,3,9.16,23.85
2152,2016,4,0.015953,0.027655,0.054027,0.093661,16,15.57,75.95
2152,2017,1,0.008716,0.105088,0.020954,0.252629,5,11.42,28.8
2152,2017,2,0.013108,0.027309,0.036981,0.077049,17,14.57,69.28
2152,2017,3,0.010797,0.12829,0.015917,0.189127,6,10.91,29.01
2152,2017,4,0.021958,0.038217,0.054361,0.094613,13,19.19,75.8
2152,2018,1,2e-06,0.082892,4e-06,0.144829,8,0.1521,0.5031
2152,2018,2,0.017959,0.05879,0.028303,0.09265,13,11.65,55.2706
2152,2018,3,2e-06,0.124896,2e-06,0.153138,7,0.1246,0.3946
2152,2018,4,0.018936,0.046832,0.032996,0.081603,13,13.21,63.5882
2152,2019,1,2e-06,0.080865,3e-06,0.117197,9,0.1351,0.5256
2152,2019,2,0.012774,0.064049,0.012949,0.06493,15,7.4,44.6585
2152,2019,3,3e-06,0.118488,5e-06,0.174785,8,0.1544,0.5178
2152,2019,4,0.029711,0.073662,0.041369,0.102565,13,17.35,63.5094
2152,2020,2,0.039274,0.062406,0.062112,0.098696,14,18.93,79.33
2152,2020,4,0.049116,0.061454,0.068719,0.08598,22,17.93,89.4
2152,2021,2,0.031675,0.050458,0.049128,0.078262,18,12.09,79.23
2152,2021,4,0.031719,0.054016,0.051404,0.087538,14,14.93,76.63
2152,2022,2,0.027503,0.031419,0.080981,0.092513,12,20.25,93.56
2152,2022,4,0.038599,0.045142,0.260701,0.304889,8,50.18,92.47
2152,2023,2,0.027954,0.035474,0.167146,0.212112,13,40.21,88.77
2152,2023,4,0.039671,0.050377,0.096179,0.122136,13,26.28,88.74
2152,2024,2,0.053151,0.06307,0.109284,0.129679,12,26.68,91.8
2152,2024,4,0.050368,0.069403,0.120801,0.166453,10,25.73,85.19
2152,2025,2,0.054435,0.061935,0.190873,0.217171,9,34.57,93.75
2152,2025,4,0.060015,0.071809,0.137335,0.164323,8,27.7,91.42
2163,2015,4,0.000188,0.165653,0.000208,0.182915,10,1.06,3.37
2163,2016,1,0.000866,0.283134,0.001187,0.38821,9,3.36,5.53
2163,2016,2,0.001006,0.182765,0.001303,0.236728,14,3.26,7.42
2163,2016,3,0.001216,0.187704,0.001976,0.304977,6,3.68,8.05
2163,2016,4,0.002169,0.110025,0.003215,0.16308,12,3.61,14.04
2163,2017,1,0.003888,0.113492,0.006105,0.178192,8,7.34,18.51
2163,2017,2,0.005693,0.058864,0.009888,0.102229,16,6.83,31.1
2163,2017,3,0.003652,0.110263,0.007949,0.239978,7,8.63,18.2
2163,2017,4,0.004839,0.056479,0.008648,0.100947,17,5.6,29.27
2163,2018,1,1e-06,0.08687,1e-06,0.10199,10,0.0557,0.2647
2163,2018,2,0.004421,0.077436,0.004556,0.079788,18,5.26,23.8946
2163,2018,3,0.0,1.0,0.0,0.967742,1,0.0486,0.0486
2163,2019,3,0.0,0.101987,0.0,0.127998,10,0.0161,0.0762
2163,2019,4,0.0,0.980394,0.0,0.948136,4,0.01,0.0101
2163,2020,2,0.035244,0.058257,0.078789,0.130236,10,18.69,77.78
2163,2020,4,1e-06,0.106667,2e-06,0.216631,12,0.12,0.3
2163,2021,2,6e-06,0.121455,9e-06,0.185348,9,0.2054,0.6805
2163,2021,3,2e-06,0.105209,1.6e-05,0.782452,2,0.4105,0.4578
2163,2021,4,0.041071,0.055569,0.276351,0.373904,5,48.9507,85.9707
2163,2022,2,0.044861,0.050235,0.118999,0.133254,8,24.66,94.5
2163,2022,4,0.045909,0.051398,0.276152,0.309167,7,51.83,94.51
2163,2023,2,0.045215,0.050163,0.239874,0.266124,8,46.02,94.94
2163,2023,4,0.051927,0.058049,0.793044,0.886541,2,90.57,94.58
2163,2024,2,0.0468,0.052218,0.86733,0.967742,1,94.67,94.67
2163,2024,4,0.059373,0.102577,0.304537,0.526137,2,51.04,76.08
2163,2025,2,0.063067,0.070741,0.620138,0.695601,5,79.08,94.42
2163,2025,4,0.073736,0.082359,0.727322,0.812383,8,86.77,94.62
2244,2016,2,0.050974,0.058822,0.091408,0.105482,14,21.57,93.09
2244,2016,3,0.027956,0.101273,0.044318,0.160546,6,14.44,52.54
2244,2016,4,0.038773,0.047122,0.08623,0.104797,15,17.71,90.71
2244,2017,1,0.024692,0.092809,0.043756,0.164464,6,14.35,51.58
2244,2017,2,0.038505,0.054779,0.129262,0.183895,9,30.73,83.84
2244,2017,3,0.041772,0.103824,0.132703,0.329832,6,36.09,63.43
2244,2017,4,0.04476,0.055928,0.161481,0.201773,18,38.42,89.46
2244,2018,1,6e-06,0.065739,9e-06,0.103975,9,0.2091,0.9218
2244,2018,2,0.025408,0.069567,0.044453,0.121711,12,15.8401,60.4348
2244,2018,3,2e-06,0.125463,1.1e-05,0.737245,2,0.3314,0.3822
2244,2018,4,0.032375,0.047985,0.175752,0.260493,10,41.86,82.1395
2244,2019,1,4e-06,0.059618,9e-06,0.133477,8,0.2178,0.8424
2244,2019,2,0.019297,0.07095,0.038175,0.140361,14,12.09,52.1516
2244,2019,3,4e-06,0.106618,8e-06,0.244895,4,0.2151,0.5823
2244,2019,4,0.03654,0.051393,0.131245,0.184592,10,25.82,84.3207
2244,2020,2,0.063615,0.071175,0.124279,0.139049,15,22.01,94.54
2244,2020,4,0.043724,0.050915,0.181707,0.211589,12,35.58,92.67
2244,2021,2,0.047699,0.05364,0.177565,0.19968,12,39.98,94.3
2244,2021,4,0.044652,0.05176,0.151616,0.175752,12,36.88,92.88
2244,2022,2,0.020396,0.046752,0.046358,0.106261,9,15.18,66.05
2244,2022,4,0.01971,0.037654,0.04675,0.089312,14,13.8,72.35
2244,2023,2,0.020351,0.042132,0.039334,0.081432,12,11.42,69.5
2244,2023,4,0.02759,0.042873,0.171789,0.266951,7,40.17,80.22
2244,2024,2,0.031307,0.040108,0.276486,0.354209,7,52.35,88.35
2244,2024,4,0.039748,0.045128,0.316111,0.358898,7,55.78,93.85
2244,2025,2,0.027063,0.031304,0.212134,0.245375,9,43.7,92.98
2244,2025,4,0.036001,0.042766,0.18686,0.221976,8,38.24,91.75
2258,2017,4,0.030237,0.04765,0.057796,0.091079,20,22.12,79.66
2291,2016,2,0.00018,0.350152,0.000173,0.335748,18,1.09,2.27
2291,2016,3,0.000679,0.487813,0.000648,0.465719,7,2.36,3.73
2291,2016,4,0.000103,0.574515,9.8e-05,0.545933,18,0.96,1.34
2291,2017,1,0.000174,0.246453,0.000262,0.370422,6,1.61,2.66
2291,2017,2,7.1e-05,0.278672,0.000149,0.580554,10,1.18,1.6
2291,2017,3,0.000106,0.32438,0.000317,0.967742,5,1.81,1.81
2291,2017,4,0.000198,0.337545,0.000567,0.967742,9,2.42,2.42
2316,2016,1,0.001514,0.069683,0.00193,0.088821,10,2.43,14.74
2316,2016,2,0.006026,0.011712,0.011016,0.021411,26,8.92,71.73
2316,2016,3,0.001417,0.069318,0.001782,0.087138,11,3.1,14.3
2316,2016,4,0.004281,0.012165,0.00854,0.024268,26,8.02,59.32
2316,2017,1,0.001374,0.076755,0.001161,0.064872,12,2.19,13.38
2316,2017,2,0.008339,0.012676,0.016125,0.024511,26,10.84,81.11
2316,2017,3,0.002077,0.078557,0.001985,0.075091,10,2.39,16.26
2316,2017,4,0.006815,0.012863,0.012306,0.023226,25,9.73,72.79
2363,2016,1,2.3e-05,0.585848,2.1e-05,0.55359,9,0.46,0.62
2363,2016,2,7.2e-05,0.289777,6.4e-05,0.257519,12,0.52,1.58
2363,2016,3,5.8e-05,0.168054,4.7e-05,0.135796,9,0.61,1.86
2363,2016,4,0.000188,0.175752,0.000168,0.157522,19,0.9,3.27
2363,2017,1,0.000336,0.2478,0.000292,0.215541,8,1.27,3.68
2363,2017,2,0.000317,0.236525,0.000274,0.204267,8,1.08,3.66
2363,2017,3,0.000491,0.199719,0.000412,0.167461,9,1.32,4.96
2363,2017,4,0.000335,0.205017,0.000282,0.172759,11,1.23,4.04
2376,2016,2,0.006587,0.066936,0.007908,0.080363,11,4.84,31.37
2376,2016,3,0.006763,0.102073,0.005677,0.085681,9,4.59,25.74
2376,2016,4,0.016762,0.02595,0.028616,0.044302,19,10.99,80.37
2376,2017,1,0.006276,0.11611,0.008158,0.150918,7,6.54,23.25
2376,2017,2,0.01231,0.020692,0.032917,0.055332,18,12.26,77.13
2376,2017,3,0.004319,0.113111,0.009448,0.247442,5,8.54,19.54
2376,2017,4,0.028502,0.032305,0.065806,0.074586,18,18.68,93.93
2376,2018,1,0.015842,0.110933,0.029113,0.20386,11,15.82,37.7904
2376,2018,2,0.015234,0.03074,0.04283,0.086423,19,17.297,70.3975
2376,2018,3,0.006842,0.100239,0.010595,0.155232,9,8.0722,26.1255
2376,2018,4,0.0187,0.027879,0.051903,0.077379,15,15.22,81.9
2376,2019,1,0.011822,0.104161,0.037128,0.327116,6,19.1,33.69
2376,2019,2,0.028985,0.034726,0.166997,0.200077,13,40.19,91.36
2376,2019,3,0.017581,0.108036,0.053925,0.331373,4,21.31,40.34
2376,2019,4,0.006898,0.062129,0.011884,0.107038,19,7.65,33.32
2376,2020,1,0.016368,0.108628,0.020952,0.139051,8,10.65,38.8174
2376,2020,2,0.028046,0.033718,0.045798,0.055061,18,12.0533,91.201
2376,2020,3,0.029784,0.101401,0.094477,0.321649,7,29.11,54.1965
2376,2020,4,0.032098,0.041065,0.125651,0.160755,22,28.8,88.41
2376,2021,1,0.029392,0.109751,0.057145,0.213382,7,22.44,51.75
2376,2021,2,0.031247,0.039519,0.127973,0.161852,18,29.78,88.92
2376,2021,3,0.017648,0.108503,0.041871,0.257426,5,18.54,40.33
2376,2021,4,0.020675,0.030547,0.072463,0.107061,21,22.32,82.27
2376,2022,1,0.013535,0.088986,0.019017,0.125028,7,7.98,39.0
2376,2022,2,0.022018,0.027481,0.09146,0.114153,21,25.44,89.51
2376,2022,3,0.014902,0.106425,0.02744,0.195963,6,12.38,37.42
2376,2022,4,0.024982,0.031832,0.102268,0.130307,15,22.31,88.59
2376,2023,1,0.011598,0.103471,0.01391,0.124094,7,6.72,33.48
2376,2023,2,0.016553,0.025774,0.03965,0.061737,13,10.46,80.14
2376,2023,3,0.008685,0.107297,0.007098,0.087693,9,4.53,28.45
2376,2023,4,0.027187,0.031603,0.089542,0.104088,14,23.66,92.75
2376,2024,1,0.015142,0.100688,0.038301,0.254683,5,15.32,38.78
2376,2024,2,0.027924,0.042761,0.099394,0.152205,9,24.42,80.81
2376,2024,3,0.017806,0.102008,0.057227,0.327843,5,23.05,41.78
2376,2024,4,0.028516,0.033515,0.161866,0.190247,8,29.22,92.24
2376,2025,1,0.016656,0.100598,0.084899,0.512775,4,29.31,40.69
2376,2025,2,0.030329,0.036131,0.165761,0.19747,9,31.74,91.62
2376,2025,3,0.020265,0.102752,0.057192,0.289983,4,19.84,44.41
2376,2025,4,0.037878,0.044742,0.230411,0.272166,7,36.0,92.01
2376,2026,1,0.024571,0.106424,0.100369,0.434724,3,28.73,48.05
2376,2026,2,0.030284,0.104863,0.123844,0.428824,4,34.29,53.74
2385,2016,1,0.005738,0.110954,0.019562,0.378302,5,13.7,22.74
2385,2016,2,0.010595,0.015866,0.045644,0.068348,24,17.43,81.72
2385,2016,3,0.006054,0.110662,0.015592,0.284994,5,9.74,23.39
2385,2016,4,0.011933,0.016206,0.045908,0.062346,24,17.24,85.81
2385,2017,1,0.006094,0.108136,0.020979,0.372232,4,13.63,23.74
2385,2017,2,0.013121,0.018134,0.042167,0.058281,25,15.69,85.06
2385,2017,3,0.007991,0.113797,0.016776,0.238885,6,11.03,26.5
2385,2017,4,0.013728,0.019827,0.039725,0.057374,27,15.7,83.21
2387,2016,2,5.8e-05,1.0,5.6e-05,0.967742,1,0.76,0.76
2387,2016,3,0.017415,0.204954,0.019585,0.230486,4,10.01,29.15
2387,2016,4,0.015674,0.1117,0.012129,0.086438,12,7.64,37.46
2387,2017,1,0.013536,0.395508,0.012432,0.36325,3,9.49,18.5
2387,2017,2,0.023787,0.100956,0.023948,0.101639,17,11.8,48.54
2387,2017,3,0.017035,0.288012,0.015127,0.255753,4,9.22,24.32
2387,2017,4,0.024977,0.0765,0.026753,0.08194,18,11.43,57.14
2388,2016,2,0.000476,0.377536,0.000435,0.345278,3,1.79,3.55
2388,2016,3,0.0,0.555556,0.0,0.523297,3,0.02,0.03
2388,2016,4,7e-06,0.362899,6e-06,0.330641,4,0.21,0.43
2388,2017,2,0.000598,0.043392,0.002897,0.210187,17,4.32,11.74
2388,2017,3,0.000478,0.138183,0.001068,0.308965,4,2.8,5.88
2388,2017,4,0.001203,0.051466,0.004236,0.181203,17,5.1,15.29
2420,2016,2,2.1e-05,0.2124,1.8e-05,0.180142,6,0.31,1.0
2420,2016,3,0.000125,0.113023,0.000173,0.155669,6,0.82,3.33
2420,2016,4,7.2e-05,0.193052,9.2e-05,0.247078,16,0.89,1.93
2420,2017,1,0.000119,0.196576,9.9e-05,0.164318,9,0.87,2.46
2420,2017,2,0.003254,0.255293,0.005041,0.395512,11,6.16,11.29
2420,2017,3,0.003838,0.190339,0.008415,0.417318,6,8.6,14.2
2420,2017,4,0.007385,0.246176,0.011732,0.391077,13,8.99,17.32
2420,2018,1,0.0106,0.334008,0.013677,0.430936,12,9.07,17.8149
2420,2018,2,0.005297,0.293097,0.006836,0.378244,10,6.5,13.4435
2420,2018,3,0.000758,0.258273,0.000854,0.291022,6,2.13,5.4165
2420,2018,4,0.000261,0.255176,0.000228,0.222918,4,0.93,3.2
2420,2019,1,0.014604,0.129899,0.016885,0.150188,7,9.63,33.53
2420,2019,2,0.038511,0.122016,0.059729,0.189245,7,21.0,56.18
2420,2019,3,0.03035,0.125737,0.048963,0.20285,5,16.92,49.13
2420,2019,4,0.030154,0.085174,0.059044,0.166781,13,20.29,59.5
2420,2020,1,0.01095,0.109797,0.015308,0.15349,7,9.5,31.58
2420,2020,2,0.026065,0.049947,0.063949,0.12254,19,20.11,72.24
2420,2020,3,0.024984,0.114217,0.031376,0.143439,7,13.23,46.77
2420,2020,4,0.029753,0.035413,0.045963,0.054707,23,14.49,91.66
2420,2021,1,0.021406,0.100901,0.02212,0.104263,8,8.81,46.06
2420,2021,2,0.034321,0.045501,0.049816,0.066044,23,14.74,86.85
2420,2021,3,0.030117,0.106332,0.157632,0.556537,3,39.64,53.22
2420,2021,4,0.062638,0.070454,0.475345,0.53466,21,69.75,94.29
2420,2022,1,0.038943,0.110335,0.243938,0.69113,3,50.09,59.41
2420,2022,2,0.054621,0.062133,0.547216,0.622478,22,75.44,93.76
2420,2022,3,0.046542,0.08911,0.333156,0.63787,6,58.84,72.27
2420,2022,4,0.062004,0.071736,0.594966,0.688346,15,78.61,92.97
2420,2023,1,0.039247,0.091691,0.246787,0.576557,7,50.46,65.4244
2420,2023,2,0.044408,0.055958,0.153977,0.194024,16,30.98,89.0841
2420,2023,3,0.063054,0.099148,0.133266,0.209553,6,27.82,79.7468
2420,2023,4,0.053311,0.068967,0.160919,0.208177,16,33.16,87.92
2420,2024,1,0.041265,0.113374,0.103769,0.285103,5,28.31,60.33
2420,2024,2,0.04807,0.064574,0.168283,0.226059,19,33.07,86.28
2420,2024,3,0.049568,0.111618,0.087384,0.196771,6,22.35,66.64
2420,2024,4,0.047082,0.063114,0.102334,0.137181,18,25.67,86.37
2420,2025,1,0.023624,0.161133,0.03909,0.266622,5,17.32,38.29
2420,2025,2,0.032471,0.044985,0.059663,0.082656,21,19.79,84.96
2420,2025,3,0.053183,0.119794,0.113627,0.255941,6,29.88,66.63
2420,2025,4,0.058603,0.072834,0.105033,0.130539,19,22.08,89.7
2420,2026,1,0.051994,0.11701,0.116265,0.261649,5,24.46,66.66
2420,2026,2,0.031943,0.13304,0.058091,0.241943,4,15.61,49.0
2443,2016,3,0.018393,0.175968,0.02193,0.209808,5,9.53,32.33
2443,2016,4,0.02403,0.097635,0.024041,0.09768,18,10.78,49.61
2443,2017,1,0.018895,0.278438,0.016706,0.24618,4,9.17,26.05
2443,2017,2,0.01024,0.201725,0.013762,0.271115,8,8.95,22.53
2443,2017,3,0.031541,0.181126,0.04987,0.286382,4,19.57,41.73
2443,2017,4,0.05139,0.129931,0.050587,0.127902,7,15.9,62.89
2446,2016,2,2e-06,0.169881,3e-06,0.236796,5,0.11,0.33
2446,2016,3,4.5e-05,0.106675,5.8e-05,0.138712,7,0.46,2.05
2446,2016,4,0.000146,0.070392,0.000204,0.098427,19,1.0,4.55
2446,2017,1,0.000123,0.102177,0.000134,0.111311,8,0.72,3.47
2446,2017,2,0.000344,0.076681,0.000366,0.081464,12,1.16,6.7
2446,2017,3,0.000421,0.105042,0.000536,0.133883,7,1.43,6.33
2446,2017,4,0.000775,0.098331,0.000974,0.123513,14,2.12,8.88
2450,2016,2,0.004125,0.100495,0.006851,0.166914,7,6.71,20.26
2450,2016,3,0.012339,0.105312,0.025824,0.2204,5,11.15,34.23
2450,2016,4,0.0033,0.052093,0.00692,0.109234,14,5.48,25.17
2450,2017,1,0.011249,0.102117,0.032841,0.298124,6,17.79,33.19
2450,2017,2,0.022091,0.028059,0.085664,0.108807,19,27.88,88.73
2450,2017,3,0.015226,0.110029,0.022132,0.15993,6,9.49,37.2
2450,2017,4,0.02313,0.038669,0.038073,0.063652,16,13.93,77.34
2450,2018,1,0.010529,0.110862,0.017407,0.18329,8,10.7992,30.8172
2450,2018,2,0.017425,0.045376,0.052845,0.137609,12,16.19,61.9694
2450,2018,3,0.004185,0.114202,0.006667,0.181951,9,6.02,19.142
2450,2018,4,0.016262,0.046652,0.055287,0.158611,13,19.35,59.04
2450,2019,1,0.016873,0.104303,0.02372,0.146632,7,11.12,40.22
2450,2019,2,0.021559,0.033501,0.074054,0.115075,13,19.71,80.22
2450,2019,3,0.01268,0.103388,0.027266,0.222327,5,11.94,35.02
2450,2019,4,0.026405,0.033943,0.090045,0.11575,13,19.6,88.2
2450,2020,1,0.015276,0.103705,0.026351,0.178891,6,11.66,38.38
2450,2020,2,0.021971,0.034066,0.064082,0.099357,14,16.1,80.31
2450,2020,3,0.018405,0.104937,0.015689,0.089449,9,7.74,41.88
2450,2020,4,0.04027,0.044903,0.073087,0.081497,19,17.68,94.7
2450,2021,1,0.027255,0.114966,0.049071,0.206987,5,16.83,48.69
2450,2021,2,0.038101,0.043808,0.08909,0.102432,23,22.51,93.26
2450,2021,3,0.019254,0.104178,0.027004,0.146116,7,12.55,42.99
2450,2021,4,0.027467,0.03156,0.11499,0.132127,17,28.54,93.29
2450,2022,1,0.023068,0.104116,0.03024,0.136489,7,12.52,47.07
2450,2022,2,0.033762,0.03825,0.105239,0.119229,15,26.49,93.95
2450,2022,3,0.020978,0.096975,0.046717,0.215967,6,19.06,46.51
2450,2022,4,0.030239,0.034193,0.107438,0.121487,13,24.23,94.04
2450,2023,1,0.01835,0.082542,0.058234,0.261945,6,22.59,47.15
2450,2023,2,0.031688,0.035163,0.132231,0.146732,10,26.97,94.93
2450,2023,3,0.019367,0.105524,0.054791,0.298548,5,21.72,42.84
2450,2023,4,0.024651,0.032087,0.082868,0.107866,20,22.88,87.65
2450,2024,1,0.024207,0.113561,0.033094,0.155251,7,12.5,46.17
2450,2024,2,0.032511,0.037509,0.144791,0.167049,18,26.56,93.1
2450,2024,3,0.01678,0.105082,0.03627,0.227145,5,13.24,39.96
2450,2024,4,0.02845,0.037483,0.199276,0.262554,11,41.72,87.12
2450,2025,1,0.020178,0.102912,0.080257,0.409324,3,24.45,44.28
2450,2025,2,0.028378,0.032502,0.198519,0.227372,12,33.26,93.44
2450,2025,3,0.023523,0.102013,0.05353,0.232141,5,16.0,48.02
2450,2025,4,0.033174,0.037785,0.177109,0.201726,15,36.49,93.7
2450,2026,1,0.018532,0.102747,0.042393,0.235031,5,16.63,42.47
2450,2026,2,0.019151,0.110078,0.124857,0.717684,2,35.6,41.71
2451,2016,2,0.004125,0.100495,0.006851,0.166914,7,6.71,20.26
2451,2016,3,0.012339,0.105312,0.025824,0.2204,5,11.15,34.23
2451,2016,4,0.0033,0.052093,0.00692,0.109234,14,5.48,25.17
2451,2017,1,0.011249,0.102117,0.032841,0.298124,6,17.79,33.19
2451,2017,2,0.022091,0.028059,0.085664,0.108807,19,27.88,88.73
2451,2017,3,0.015226,0.110029,0.022132,0.15993,6,9.49,37.2
2451,2017,4,0.02313,0.038669,0.038073,0.063652,16,13.93,77.34
2451,2018,1,0.010529,0.110862,0.017407,0.18329,8,10.7992,30.8172
2451,2018,2,0.017425,0.045376,0.052845,0.137609,12,16.19,61.9694
2451,2018,3,0.004185,0.114202,0.006667,0.181951,9,6.02,19.142
2451,2018,4,0.016262,0.046652,0.055287,0.158611,13,19.35,59.04
2451,2019,1,0.016873,0.104303,0.02372,0.146632,7,11.12,40.22
2451,2019,2,0.021559,0.033501,0.074054,0.115075,13,19.71,80.22
2451,2019,3,0.01268,0.103388,0.027266,0.222327,5,11.94,35.02
2451,2019,4,0.026405,0.033943,0.090045,0.11575,13,19.6,88.2
2451,2020,1,0.015276,0.103705,0.026351,0.178891,6,11.66,38.38
2451,2020,2,0.021971,0.034066,0.064082,0.099357,14,16.1,80.31
2451,2020,3,0.018405,0.104937,0.015689,0.089449,9,7.74,41.88
2451,2020,4,0.04027,0.044903,0.073087,0.081497,19,17.68,94.7
2451,2021,1,0.027255,0.114966,0.049071,0.206987,5,16.83,48.69
2451,2021,2,0.038101,0.043808,0.08909,0.102432,23,22.51,93.26
2451,2021,3,0.019254,0.104178,0.027004,0.146116,7,12.55,42.99
2451,2021,4,0.027467,0.03156,0.11499,0.132127,17,28.54,93.29
2451,2022,1,0.023068,0.104116,0.03024,0.136489,7,12.52,47.07
2451,2022,2,0.033762,0.03825,0.105239,0.119229,15,26.49,93.95
2451,2022,3,0.020254,0.105479,0.046778,0.243609,5,19.06,43.82
2451,2022,4,0.030239,0.034193,0.107438,0.121487,13,24.23,94.04
2451,2023,1,0.016803,0.102238,0.050319,0.306171,5,21.14,40.54
2451,2023,2,0.031688,0.035163,0.132231,0.146732,10,26.97,94.93
2451,2023,3,0.019367,0.105524,0.054791,0.298548,5,21.72,42.84
2451,2023,4,0.026326,0.030289,0.094603,0.108841,20,22.88,93.23
2451,2024,1,0.024716,0.122455,0.034671,0.171778,7,12.5641,44.9263
2451,2024,2,0.032511,0.037456,0.145002,0.167054,18,26.56,93.1661
2451,2024,3,0.01678,0.104218,0.036548,0.226991,6,13.2775,40.1263
2451,2024,4,0.02845,0.037483,0.199276,0.262554,11,41.72,87.12
2451,2025,1,0.020178,0.102912,0.080257,0.409324,3,24.45,44.28
2451,2025,2,0.028378,0.032502,0.198519,0.227372,12,33.26,93.44
2451,2025,3,0.023026,0.10982,0.053707,0.256149,4,16.0,45.79
2451,2025,4,0.033174,0.037785,0.177109,0.201726,15,36.49,93.7
2451,2026,1,0.018532,0.102747,0.042393,0.235031,5,16.63,42.47
2451,2026,2,0.019151,0.110078,0.124857,0.717684,2,35.6,41.71
2453,2016,4,2.5e-05,0.014936,3.4e-05,0.019985,27,0.39,4.11
2453,2017,1,1e-05,0.106482,9e-06,0.103476,9,0.23,0.95
2453,2017,2,9e-06,0.010382,1.3e-05,0.015082,28,0.3,2.98
2453,2017,3,1.8e-05,0.100137,2.3e-05,0.127797,7,0.27,1.35
2453,2017,4,6.3e-05,0.020689,0.000146,0.047793,25,0.93,5.52
2455,2017,1,0.001005,0.123859,0.002696,0.332135,4,3.85,9.01
2455,2017,2,0.001064,0.040575,0.002124,0.081048,19,3.13,16.19
2455,2017,3,0.000385,0.106725,0.001481,0.410014,5,3.83,6.01
2455,2017,4,0.000161,0.039269,0.000403,0.098128,19,1.59,6.41
2456,2016,3,6.4e-05,0.133827,6.4e-05,0.134479,9,0.63,2.18
2456,2016,4,0.000901,0.370859,0.000848,0.34892,13,2.89,4.93
2456,2017,1,0.000774,0.197573,0.000688,0.175675,9,2.3,6.26
2456,2017,2,0.000721,0.088875,0.000601,0.074011,11,1.49,9.01
2456,2017,3,0.00057,0.111452,0.000665,0.130146,7,1.56,7.15
2456,2017,4,0.000921,0.103739,0.001168,0.131575,19,2.12,9.42
2472,2017,4,0.020145,0.076222,0.033734,0.127637,15,13.06,51.41
2482,2016,3,0.024333,0.112682,0.044411,0.205657,5,15.25,46.47
2482,2016,4,0.040234,0.053972,0.112443,0.150838,12,24.04,86.34
2482,2017,1,0.021357,0.106936,0.044399,0.222305,5,16.32,44.69
2482,2017,2,0.037579,0.053309,0.059734,0.084737,12,19.79,83.96
2482,2017,3,0.021977,0.110436,0.020588,0.103455,9,11.15,44.61
2482,2017,4,0.032867,0.063295,0.072787,0.140173,11,20.02,72.06
2489,2016,2,0.000151,0.148082,0.000118,0.115824,7,0.59,3.19
2489,2016,3,0.000235,0.157883,0.000275,0.184432,5,1.18,3.86
2489,2016,4,0.000153,0.179044,0.00015,0.175849,6,0.9,2.92
2489,2017,1,0.000271,0.140405,0.000277,0.143473,6,0.99,4.39
2489,2017,2,0.000262,0.123752,0.000309,0.145889,7,1.24,4.6
2489,2017,3,0.000273,0.126225,0.000303,0.14015,7,1.28,4.65
2489,2017,4,0.000311,0.084158,0.00052,0.140575,8,1.61,6.08
2490,2016,3,0.000976,0.321498,0.000881,0.290241,4,2.03,5.51
2490,2016,4,0.001011,0.25404,0.000898,0.225459,12,1.86,6.31
2490,2017,1,3e-06,0.889273,2e-06,0.857015,2,0.16,0.17
2490,2017,2,0.000192,0.293121,0.000171,0.260863,4,0.96,2.56
2494,2016,3,0.000201,0.197138,0.000229,0.225041,7,1.2,3.19
2494,2016,4,0.00024,0.090804,0.000422,0.159607,14,1.56,5.14
2494,2017,1,0.000286,0.117944,0.000619,0.255889,5,2.24,4.92
2494,2017,2,0.000377,0.046073,0.000605,0.073884,16,1.51,9.05
2494,2017,3,0.000615,0.1151,0.001153,0.215849,7,3.18,7.31
2494,2017,4,0.000517,0.059954,0.001054,0.122139,16,2.3,9.29
2495,2017,4,0.000757,0.067987,0.001222,0.109756,15,2.61,10.55
2496,2017,4,0.000757,0.067987,0.001222,0.109756,15,2.61,10.55
2497,2016,2,0.000269,0.158486,0.000307,0.18104,12,1.28,4.12
2497,2016,3,0.000255,0.113794,0.000712,0.318296,5,2.58,4.73
2497,2016,4,0.00051,0.092614,0.001175,0.213454,13,3.26,7.42
2497,2017,1,0.000949,0.111193,0.001319,0.154503,7,2.44,9.24
2497,2017,2,0.000925,0.076014,0.001619,0.13306,13,2.98,11.03
2497,2017,3,0.003018,0.107048,0.007196,0.255277,4,6.82,16.79
2497,2017,4,0.005805,0.064196,0.009432,0.104314,10,5.69,30.07
2498,2016,2,0.000206,0.10382,0.000658,0.332186,8,2.54,4.45
2498,2016,3,0.000285,0.195006,0.00032,0.219503,6,1.41,3.82
2498,2016,4,0.001643,0.093183,0.00289,0.163869,14,4.19,13.28
2498,2017,1,0.001613,0.104207,0.004468,0.288704,6,6.5,12.44
2498,2017,2,0.00214,0.099726,0.003528,0.164386,11,5.27,14.65
2498,2017,3,0.004278,0.15545,0.006944,0.252308,6,7.49,16.59
2498,2017,4,0.003672,0.136374,0.003935,0.146133,10,3.78,16.41
2692,2018,2,0.038623,0.043692,0.181037,0.204799,8,30.14,94.02
2692,2018,4,0.028741,0.032953,0.217875,0.249808,11,46.21,93.39
2692,2019,2,0.036563,0.041459,0.153849,0.17445,13,26.58,93.91
2692,2019,4,0.047211,0.055694,0.234359,0.276468,10,40.75,92.07
2692,2020,1,0.031072,0.07402,0.097949,0.233337,5,22.75,64.79
2692,2020,2,0.049306,0.057291,0.279854,0.325175,10,45.48,92.77
2692,2020,3,0.049564,0.06425,0.192715,0.249821,7,36.32,87.83
2692,2020,4,0.055124,0.069608,0.206973,0.261355,19,43.43,88.99
2692,2021,1,0.033625,0.066105,0.337373,0.663265,3,58.76,71.32
2692,2021,2,0.042104,0.047722,0.509668,0.577668,19,71.92,93.93
2692,2021,3,0.024663,0.066021,0.122318,0.327434,5,28.77,61.12
2692,2021,4,0.032245,0.036415,0.285121,0.321996,19,49.63,94.1
2692,2022,1,0.031398,0.071732,0.112212,0.256359,5,26.01,66.16
2692,2022,2,0.038322,0.046728,0.235138,0.286715,13,44.63,90.56
2692,2022,3,0.024149,0.095601,0.096828,0.383317,6,31.06,50.26
2692,2022,4,0.023033,0.027326,0.09506,0.112776,15,23.62,91.81
2692,2023,1,0.023372,0.083173,0.074411,0.264801,5,19.5,53.01
2692,2023,2,0.029829,0.034975,0.172671,0.202463,16,29.64,92.35
2692,2023,3,0.031222,0.084851,0.065813,0.178858,7,18.76,60.66
2692,2023,4,0.039292,0.044964,0.37355,0.427476,17,57.02,93.48
2692,2024,1,0.025846,0.094671,0.080275,0.294039,5,23.68,52.25
2692,2024,2,0.042432,0.053365,0.389758,0.490182,13,62.18,89.17
2692,2024,3,0.041391,0.120947,0.089733,0.262203,4,24.55,58.5
2692,2024,4,0.022502,0.025871,0.341277,0.392388,12,54.82,93.26
2692,2025,1,0.01899,0.08994,0.080715,0.382283,4,26.71,45.95
2692,2025,2,0.04877,0.055066,0.267163,0.301651,15,46.23,94.11
2692,2025,3,0.038673,0.087477,0.235131,0.531859,2,45.15,66.49
2692,2025,4,0.049802,0.055579,0.340751,0.380281,16,45.22,94.66
2692,2026,1,0.053434,0.076895,0.305303,0.439355,5,52.68,83.36
2692,2026,2,0.034804,0.099241,0.172926,0.493086,4,39.39,59.22
2910,2017,1,0.008942,0.119363,0.009974,0.133148,7,6.33,27.37
2910,2017,2,0.016316,0.03071,0.04935,0.092887,16,15.92,72.89
2910,2017,3,0.026041,0.114645,0.058789,0.258814,5,20.86,47.66
2910,2017,4,0.021249,0.031228,0.043871,0.064472,23,14.12,82.49
2910,2018,1,0.01784,0.101185,0.03211,0.182115,9,15.4098,41.9899
2910,2018,2,0.040915,0.050135,0.111903,0.13712,12,26.1011,90.338
2910,2018,3,0.048222,0.103172,0.053124,0.11366,12,15.6459,68.3662
2910,2018,4,0.03571,0.046387,0.072631,0.094346,13,23.64,87.74
2910,2019,1,0.025955,0.104498,0.027184,0.109447,10,13.52,49.8377
2910,2019,2,0.027914,0.03762,0.356529,0.480491,12,60.17,86.14
2910,2019,3,0.018212,0.110731,0.113479,0.689979,4,34.1734,40.5545
2910,2019,4,0.032945,0.046403,0.353695,0.49818,10,60.12,84.26
2910,2020,1,0.020538,0.119036,0.127088,0.736573,2,35.9978,41.5378
2910,2020,2,0.035691,0.042082,0.477313,0.562791,9,69.9719,92.0933
2910,2020,3,0.023807,0.105515,0.157792,0.699357,4,40.3097,47.4999
2910,2020,4,0.033087,0.03788,0.366494,0.419581,22,60.04,93.46
2910,2021,1,0.029413,0.081186,0.145031,0.400325,5,37.6,60.19
2910,2021,2,0.040043,0.047166,0.300468,0.353918,21,52.81,92.14
2910,2021,3,0.04175,0.077219,0.096782,0.179005,7,23.86,73.53
2910,2021,4,0.045876,0.059892,0.128769,0.168112,20,32.12,87.52
2910,2022,1,0.038159,0.08137,0.090163,0.192265,6,23.31,68.48
2910,2022,2,0.05244,0.06925,0.134184,0.1772,17,26.28,87.02
2910,2022,3,0.055656,0.074937,0.150062,0.20205,6,25.49,86.18
2910,2022,4,0.06057,0.070791,0.17082,0.199643,19,30.14,92.5
2910,2023,1,0.043352,0.068782,0.192166,0.304892,7,41.56,79.39
2910,2023,2,0.050037,0.063828,0.287285,0.366466,19,52.61,88.54
2910,2023,3,0.051234,0.075074,0.221034,0.323887,5,44.86,82.61
2910,2023,4,0.056939,0.074506,0.2043,0.26733,22,41.83,87.42
2910,2024,1,0.051783,0.090305,0.171833,0.29966,5,37.4149,75.7249
2910,2024,2,0.055125,0.066247,0.364091,0.437552,16,60.29,91.22
2910,2024,3,0.044531,0.093063,0.214233,0.447717,7,46.26,69.1737
2910,2024,4,0.045131,0.067168,0.101593,0.1512,15,29.29,81.97
2910,2025,1,0.029422,0.052194,0.097006,0.172088,9,28.31,75.08
2910,2025,2,0.03119,0.044109,0.091708,0.129694,16,27.44,84.09
2910,2025,3,0.037415,0.092905,0.106599,0.264698,7,31.22,63.46
2910,2025,4,0.036111,0.046367,0.172457,0.221438,18,39.87,88.25
2910,2026,1,0.040309,0.068878,0.267412,0.456938,7,52.53,76.5
2910,2026,2,0.039964,0.10786,0.310482,0.837973,3,56.7,60.87
3567,2018,2,0.020073,0.039752,0.056333,0.111561,10,15.53,71.06
3567,2018,4,0.015767,0.036273,0.023645,0.054397,16,9.73,65.93
3567,2019,2,0.013758,0.030267,0.031077,0.06837,21,14.27,67.42
3567,2019,4,0.021285,0.038504,0.026812,0.048502,19,13.96,74.35
3567,2020,1,0.01762,0.116982,0.037452,0.248652,6,17.12,38.81
3567,2020,2,0.028848,0.035933,0.074522,0.092825,13,17.41,89.6
3567,2020,3,0.022361,0.101571,0.063144,0.286823,6,24.51,46.92
3567,2020,4,0.031858,0.053551,0.18146,0.305025,12,42.11,77.13
3567,2021,1,0.032731,0.103153,0.092507,0.291538,6,29.68,56.33
3567,2021,2,0.025635,0.03544,0.085419,0.118088,16,23.49,85.05
3567,2021,3,0.018781,0.035939,0.043925,0.084054,16,14.4,72.29
3567,2021,4,0.019538,0.023527,0.048621,0.058546,20,14.47,91.13
3567,2022,1,0.018173,0.030156,0.058722,0.097441,15,20.12,77.63
3567,2022,2,0.022357,0.028194,0.079789,0.100618,17,22.75,89.05
3567,2022,3,0.017691,0.031085,0.057689,0.101366,16,18.21,75.44
3567,2022,4,0.018531,0.021714,0.081482,0.095478,22,22.66,92.38
3567,2023,1,0.017852,0.031352,0.037549,0.065942,16,12.26,75.46
3567,2023,2,0.018603,0.02163,0.076031,0.088401,21,18.54,92.74
3567,2023,3,0.01705,0.040455,0.03564,0.084562,15,12.26,64.92
3567,2023,4,0.019055,0.024411,0.063569,0.081439,22,19.29,88.35
3567,2024,1,0.015842,0.041816,0.0325,0.085789,17,15.04,61.55
3567,2024,2,0.02126,0.028075,0.050677,0.066923,21,18.47,87.02
3567,2024,3,0.018847,0.04439,0.034747,0.081839,16,15.19,65.16
3567,2024,4,0.017266,0.033916,0.036809,0.072305,21,16.54,71.35
3567,2025,1,0.016802,0.034447,0.040572,0.083181,17,17.49,69.84
3567,2025,2,0.017527,0.020676,0.114279,0.134812,21,33.66,92.07
3567,2025,3,0.016446,0.036571,0.065867,0.146466,15,25.14,67.06
3567,2025,4,0.017537,0.028737,0.058519,0.09589,19,22.38,78.12
3567,2026,1,0.010918,0.033451,0.041589,0.127423,14,17.81,57.13
3567,2026,2,0.010241,0.102231,0.05451,0.544166,4,23.36,31.65
3857,2017,1,0.023827,0.102857,0.073354,0.316658,3,19.14,48.13
3857,2017,2,0.033746,0.039974,0.174735,0.206985,13,25.59,91.88
3857,2017,3,0.028218,0.110256,0.052546,0.205311,5,14.94,50.59
3857,2017,4,0.009835,0.061042,0.01659,0.102966,17,12.52,40.14
3857,2018,1,0.018015,0.100548,0.032235,0.179911,9,12.52,42.3289
3857,2018,2,0.010251,0.032818,0.00889,0.02846,22,5.33,55.889
3857,2018,3,0.007951,0.106011,0.009412,0.125494,9,5.83,27.3865
3857,2018,4,0.024432,0.029536,0.029053,0.035122,19,9.57,90.95
3857,2019,1,0.014226,0.110275,0.018487,0.143302,9,7.6907,35.9176
3857,2019,2,0.027298,0.030856,0.045969,0.051962,21,12.96,94.0567
3857,2019,3,0.019028,0.103598,0.048759,0.265463,5,15.44,42.8574
3857,2019,4,0.027692,0.031135,0.047356,0.053242,21,14.0,94.31
3857,2020,1,0.02277,0.104226,0.032574,0.149103,7,14.19,46.74
3857,2020,2,0.036264,0.042669,0.051077,0.060097,18,15.36,92.19
3857,2020,3,0.020665,0.107279,0.037103,0.19261,6,16.19,43.89
3857,2020,4,0.041949,0.047114,0.070254,0.078903,14,15.33,94.36
3857,2021,1,0.030614,0.101277,0.043218,0.142972,6,11.19,54.98
3857,2021,2,0.047431,0.057139,0.122579,0.147667,12,30.68,91.11
3857,2021,3,0.028609,0.10956,0.075006,0.287245,5,25.06,51.1
3857,2021,4,0.038781,0.045364,0.081427,0.095249,16,19.53,92.46
3857,2022,1,0.048325,0.105905,0.324608,0.71139,3,57.84,67.55
3857,2022,2,0.036957,0.042868,0.096292,0.111693,21,24.36,92.85
3857,2022,3,0.033988,0.106696,0.034911,0.109596,8,10.75,56.44
3857,2022,4,0.040605,0.050692,0.080104,0.100002,19,23.6,89.5
3857,2023,1,0.04857,0.106727,0.193409,0.424995,5,44.03,67.46
3857,2023,2,0.049369,0.060559,0.137444,0.168596,18,29.22,90.29
3857,2023,3,0.03206,0.103153,0.039385,0.126719,7,12.54,55.75
3857,2023,4,0.047621,0.055012,0.117096,0.13527,18,29.62,93.04
3857,2024,1,0.033623,0.102764,0.066882,0.204417,5,17.88,57.2
3857,2024,2,0.061037,0.069893,0.120473,0.137953,17,23.34,93.45
3857,2024,3,0.038661,0.106892,0.060212,0.166478,6,15.51,60.14
3857,2024,4,0.058637,0.073334,0.134455,0.168154,12,29.32,89.42
3857,2025,1,0.041201,0.103413,0.093355,0.234318,6,28.04,63.12
3857,2025,2,0.047962,0.054581,0.087248,0.09929,15,17.63,93.74
3857,2025,3,0.050751,0.10139,0.124116,0.247956,5,30.8,70.75
3857,2025,4,0.066152,0.076272,0.172631,0.199039,16,31.19,93.13
3857,2026,1,0.037781,0.1018,0.061342,0.165286,6,18.29,60.92
3857,2026,2,0.031295,0.102854,0.154242,0.506938,3,38.76,55.16
3858,2017,1,0.023827,0.102857,0.073354,0.316658,3,19.14,48.13
3858,2017,2,0.033746,0.039974,0.174735,0.206985,13,25.59,91.88
3858,2017,3,0.028218,0.110256,0.052546,0.205311,5,14.94,50.59
3858,2017,4,0.009835,0.061042,0.01659,0.102966,17,12.52,40.14
3858,2018,1,0.018015,0.100548,0.032235,0.179911,9,12.52,42.3289
3858,2018,2,0.010251,0.032818,0.00889,0.02846,22,5.33,55.889
3858,2018,3,0.007951,0.106011,0.009412,0.125494,9,5.83,27.3865
3858,2018,4,0.024432,0.029536,0.029053,0.035122,19,9.57,90.95
3858,2019,1,0.014225,0.112493,0.018385,0.145394,6,7.66,35.56
3858,2019,2,0.027297,0.030952,0.045878,0.052021,20,12.96,93.91
3858,2019,3,0.019028,0.10373,0.048767,0.265843,4,15.44,42.83
3858,2019,4,0.027692,0.031135,0.047356,0.053242,21,14.0,94.31
3858,2020,1,0.02277,0.103867,0.032633,0.148857,7,14.19,46.8211
3858,2020,2,0.036264,0.042669,0.051077,0.060097,18,15.36,92.19
3858,2020,3,0.020666,0.106515,0.037169,0.191573,7,16.19,44.048
3858,2020,4,0.041949,0.047114,0.070254,0.078903,14,15.33,94.36
3858,2021,1,0.030614,0.101277,0.043218,0.142972,6,11.19,54.98
3858,2021,2,0.047431,0.057139,0.122579,0.147667,12,30.68,91.11
3858,2021,3,0.028609,0.10956,0.075006,0.287245,5,25.06,51.1
3858,2021,4,0.038781,0.045364,0.081427,0.095249,16,19.53,92.46
3858,2022,1,0.048325,0.105905,0.324608,0.71139,3,57.84,67.55
3858,2022,2,0.036957,0.042868,0.096292,0.111693,21,24.36,92.85
3858,2022,3,0.033988,0.106696,0.034911,0.109596,8,10.75,56.44
3858,2022,4,0.040605,0.050692,0.080104,0.100002,19,23.6,89.5
3858,2023,1,0.04857,0.106727,0.193409,0.424995,5,44.03,67.46
3858,2023,2,0.049369,0.060559,0.137444,0.168596,18,29.22,90.29
3858,2023,3,0.03206,0.103153,0.039385,0.126719,7,12.54,55.75
3858,2023,4,0.047621,0.055012,0.117096,0.13527,18,29.62,93.04
3858,2024,1,0.033624,0.101839,0.067148,0.203371,7,17.9587,57.4608
3858,2024,2,0.061039,0.069404,0.12072,0.137264,19,23.4074,93.7802
3858,2024,3,0.038665,0.104901,0.060114,0.163093,10,15.51,60.7111
3858,2024,4,0.058637,0.073334,0.134455,0.168154,12,29.32,89.42
3858,2025,1,0.041201,0.103413,0.093355,0.234318,6,28.04,63.12
3858,2025,2,0.047962,0.054581,0.087248,0.09929,15,17.63,93.74
3858,2025,3,0.050751,0.10139,0.124116,0.247956,5,30.8,70.75
3858,2025,4,0.066152,0.076272,0.172631,0.199039,16,31.19,93.13
3858,2026,1,0.037781,0.1018,0.061342,0.165286,6,18.29,60.92
3858,2026,2,0.031295,0.102854,0.154242,0.506938,3,38.76,55.16
3961,2017,1,0.000201,0.12905,0.000267,0.171318,7,1.33,3.95
3961,2017,2,0.000567,0.015265,0.001709,0.046011,27,3.25,19.27
3961,2017,3,0.000326,0.124222,0.000305,0.116164,9,1.22,5.12
3961,2017,4,0.000613,0.187918,0.000816,0.250157,14,2.45,5.71
3961,2018,1,0.001707,0.309561,0.00155,0.281002,9,3.7,7.4268
3961,2018,2,0.031436,0.04216,0.084534,0.113372,15,22.81,86.35
3961,2018,3,0.027756,0.108618,0.031059,0.121543,8,12.97,50.551
3961,2018,4,0.042229,0.052391,0.077243,0.09583,14,18.76,89.78
3961,2019,1,0.031279,0.102729,0.039574,0.129971,8,16.5,55.18
3961,2019,2,0.051038,0.060287,0.073333,0.086622,12,18.52,92.01
3961,2019,3,0.039411,0.103392,0.053736,0.140973,7,17.43,61.74
3961,2019,4,0.047518,0.053812,0.091325,0.103421,14,18.84,93.97
3961,2020,1,0.041732,0.108371,0.050848,0.132044,7,14.67,62.055
3961,2020,2,0.045338,0.053739,0.086209,0.102184,18,19.96,91.8513
3961,2020,3,0.025488,0.112374,0.047079,0.207567,7,14.6131,47.625
3961,2020,4,0.030753,0.042147,0.077429,0.106117,24,20.68,85.42
3961,2021,1,0.018693,0.115727,0.021049,0.130315,7,10.62,40.19
3961,2021,2,0.029405,0.035943,0.066648,0.081465,25,19.62,90.45
3961,2021,3,0.024218,0.091702,0.026048,0.09863,10,9.82,51.39
3961,2021,4,0.027457,0.03191,0.084675,0.098409,19,24.65,92.76
3961,2022,1,0.02815,0.066315,0.093957,0.221342,9,26.4913,65.1526
3961,2022,2,0.041186,0.049832,0.275831,0.333741,18,51.6012,90.9112
3961,2022,3,0.02886,0.132844,0.172203,0.792662,3,42.1197,46.6097
3961,2022,4,0.0452,0.057,0.451295,0.569105,16,68.51,89.05
3961,2023,1,0.043042,0.136131,0.27789,0.878895,2,53.61,56.23
3961,2023,2,0.049437,0.067076,0.318941,0.432743,17,56.73,85.85
3961,2023,3,0.041324,0.119725,0.162436,0.470616,5,40.66,58.75
3961,2023,4,0.04616,0.058817,0.208642,0.265848,19,44.34,88.59
3961,2024,1,0.045562,0.126182,0.20691,0.57303,5,46.21,60.09
3961,2024,2,0.037196,0.052019,0.174353,0.243838,16,38.64,84.56
3961,2024,3,0.036888,0.107863,0.113236,0.331109,5,32.11,58.48
3961,2024,4,0.035336,0.046343,0.195635,0.256578,12,41.52,87.32
3961,2025,1,0.014341,0.102966,0.033337,0.239359,5,15.58,37.32
3961,2025,2,0.021365,0.025839,0.127298,0.15396,16,26.52,90.93
3961,2025,3,0.017494,0.106758,0.038082,0.232401,4,13.96,40.48
3961,2025,4,0.028317,0.034574,0.099214,0.121137,16,25.13,90.5
3961,2026,1,0.027254,0.124698,0.035566,0.162733,6,12.45,46.75
3961,2026,2,0.034178,0.113769,0.121711,0.405144,4,33.88,54.81
3962,2017,1,0.000201,0.12905,0.000267,0.171318,7,1.33,3.95
3962,2017,2,0.000567,0.015265,0.001709,0.046011,27,3.25,19.27
3962,2017,3,0.000326,0.124222,0.000305,0.116164,9,1.22,5.12
3962,2017,4,0.000613,0.187918,0.000816,0.250157,14,2.45,5.71
3962,2018,1,0.001707,0.309561,0.00155,0.281002,9,3.7,7.4268
3962,2018,2,0.031436,0.04216,0.084534,0.113372,15,22.81,86.35
3962,2018,3,0.027756,0.108618,0.031059,0.121543,8,12.97,50.551
3962,2018,4,0.042229,0.052391,0.077243,0.09583,14,18.76,89.78
3962,2019,1,0.031279,0.102729,0.039574,0.129971,8,16.5,55.18
3962,2019,2,0.051038,0.060287,0.073333,0.086622,12,18.52,92.01
3962,2019,3,0.039411,0.103392,0.053736,0.140973,7,17.43,61.74
3962,2019,4,0.047518,0.053812,0.091325,0.103421,14,18.84,93.97
3962,2020,1,0.041731,0.108702,0.050741,0.132171,7,14.67,61.96
3962,2020,2,0.045337,0.053798,0.086069,0.102132,18,19.96,91.8
3962,2020,3,0.025487,0.113153,0.046955,0.208462,5,14.58,47.46
3962,2020,4,0.030753,0.042147,0.077429,0.106117,24,20.68,85.42
3962,2021,1,0.018121,0.126826,0.019229,0.134578,7,10.62,37.8
3962,2021,2,0.029405,0.035943,0.066648,0.081465,25,19.62,90.45
3962,2021,3,0.023187,0.112197,0.023502,0.113723,8,9.21,45.46
3962,2021,4,0.027457,0.03191,0.084675,0.098409,19,24.65,92.76
3962,2022,1,0.024831,0.121112,0.048847,0.238245,6,17.33,45.28
3962,2022,2,0.041186,0.049866,0.275528,0.333602,18,51.57,90.88
3962,2022,3,0.031577,0.122555,0.21679,0.841388,2,47.32,50.76
3962,2022,4,0.0452,0.057,0.451295,0.569105,16,68.51,89.05
3962,2023,1,0.043042,0.136131,0.27789,0.878895,2,53.61,56.23
3962,2023,2,0.049437,0.067076,0.318941,0.432743,17,56.73,85.85
3962,2023,3,0.040853,0.127613,0.146068,0.456277,5,38.49,56.58
3962,2023,4,0.04616,0.058817,0.208642,0.265848,19,44.34,88.59
3962,2024,1,0.045563,0.12566,0.206863,0.570521,7,46.21,60.2151
3962,2024,2,0.037196,0.051964,0.174679,0.244031,16,38.6853,84.6053
3962,2024,3,0.036889,0.107391,0.113825,0.331367,5,32.2037,58.6089
3962,2024,4,0.035336,0.046343,0.195635,0.256578,12,41.52,87.32
3962,2025,1,0.014341,0.102966,0.033337,0.239359,5,15.58,37.32
3962,2025,2,0.021365,0.025839,0.127298,0.15396,16,26.52,90.93
3962,2025,3,0.017494,0.106758,0.038082,0.232401,4,13.96,40.48
3962,2025,4,0.028317,0.034574,0.099214,0.121137,16,25.13,90.5
3962,2026,1,0.027254,0.124698,0.035566,0.162733,6,12.45,46.75
3962,2026,2,0.034178,0.113769,0.121711,0.405144,4,33.88,54.81
4148,2018,2,0.034225,0.043559,0.034146,0.043459,24,14.91,88.64
4148,2018,4,0.028693,0.040138,0.044311,0.061985,17,13.28,84.55
4148,2019,2,0.030336,0.038593,0.051807,0.065908,20,14.65,88.66
4148,2019,4,0.035055,0.039724,0.074649,0.084591,21,25.86,93.94
4148,2020,1,0.018959,0.103495,0.028934,0.15795,7,14.05,42.8
4148,2020,2,0.031782,0.037249,0.107474,0.125962,17,23.9,92.37
4148,2020,3,0.027434,0.103398,0.037315,0.140639,7,12.37,51.51
4148,2020,4,0.040587,0.045555,0.086527,0.097118,25,25.87,94.39
4148,2021,1,0.036864,0.106442,0.029906,0.08635,9,9.18,58.85
4148,2021,2,0.045985,0.052512,0.163877,0.187134,22,33.35,93.58
4148,2021,3,0.029769,0.103772,0.059757,0.208307,6,21.37,53.56
4148,2021,4,0.037564,0.046089,0.131397,0.161214,21,26.67,90.28
4148,2022,1,0.034322,0.112274,0.072445,0.236982,5,18.91,55.29
4148,2022,2,0.044485,0.057984,0.147036,0.191652,17,32.88,87.59
4148,2022,3,0.036057,0.110243,0.066444,0.203148,6,22.72,57.19
4148,2022,4,0.031905,0.039006,0.073541,0.08991,21,17.94,90.44
4148,2023,1,0.023552,0.108317,0.043631,0.200661,5,16.29,46.63
4148,2023,2,0.027279,0.031881,0.114427,0.133734,21,31.09,92.5
4148,2023,3,0.019339,0.122887,0.035878,0.227983,6,17.12,39.67
4148,2023,4,0.029015,0.037898,0.128923,0.16839,21,35.18,87.5
4148,2024,1,0.02356,0.107985,0.035485,0.16264,7,15.41,46.71
4148,2024,2,0.035336,0.042485,0.120614,0.145013,16,31.51,91.2
4148,2024,3,0.030534,0.106637,0.069039,0.241115,5,23.07,53.51
4148,2024,4,0.035126,0.039727,0.280682,0.317455,19,53.18,94.03
4148,2025,1,0.028946,0.110767,0.102022,0.390402,4,30.54,51.12
4148,2025,2,0.027084,0.031403,0.171713,0.199092,20,39.29,92.87
4148,2025,3,0.026025,0.111374,0.097177,0.415863,4,30.65,48.34
4148,2025,4,0.038847,0.044598,0.212494,0.243952,15,44.4,93.33
4148,2026,1,0.030407,0.120756,0.100853,0.400522,4,30.73,50.18
4148,2026,2,0.034215,0.110322,0.205839,0.663701,3,45.91,55.69
4232,2018,2,0.017167,0.021365,0.056889,0.070799,23,17.12,89.64
4232,2018,4,0.012984,0.017138,0.048134,0.063535,21,14.59,87.04
4232,2019,2,0.019058,0.024399,0.063925,0.081839,22,16.4,88.38
4232,2019,4,0.02614,0.036078,0.04078,0.056283,22,13.19,85.12
4232,2020,1,0.016139,0.116814,0.019797,0.143287,7,10.77,37.17
4232,2020,2,0.030705,0.043453,0.053098,0.075144,22,15.18,84.06
4232,2020,3,0.015172,0.116812,0.022083,0.170015,6,9.9,36.04
4232,2020,4,0.027091,0.035678,0.046951,0.061831,28,14.55,87.14
4232,2021,1,0.016835,0.119908,0.022274,0.158643,7,11.99,37.47
4232,2021,2,0.026555,0.036754,0.038683,0.05354,29,15.26,85.0
4232,2021,3,0.024532,0.124216,0.023114,0.117038,7,8.72,44.44
4232,2021,4,0.033899,0.039636,0.06277,0.073393,27,17.21,92.48
4232,2022,1,0.02412,0.116865,0.026746,0.12959,7,10.72,45.43
4232,2022,2,0.033839,0.038256,0.069391,0.078449,27,18.18,94.05
4232,2022,3,0.031026,0.111081,0.037045,0.13263,7,12.63,52.85
4232,2022,4,0.036682,0.041638,0.054655,0.062039,26,16.66,93.86
4232,2023,1,0.02887,0.117588,0.027058,0.110206,8,9.6,49.55
4232,2023,2,0.031038,0.036433,0.047232,0.055442,29,13.15,92.3
4232,2023,3,0.019003,0.128875,0.031369,0.212733,5,12.43,38.4
4232,2023,4,0.025817,0.031183,0.056482,0.068222,29,17.25,90.99
4232,2024,1,0.020861,0.119855,0.035108,0.201704,7,16.36,41.72
4232,2024,2,0.027705,0.031678,0.069812,0.079822,27,18.67,93.52
4232,2024,3,0.025104,0.115605,0.040654,0.187211,6,14.28,46.6
4232,2024,4,0.031524,0.036052,0.090234,0.103194,27,22.28,93.51
4232,2025,1,0.012961,0.100848,0.008815,0.06859,10,4.14,35.85
4232,2025,2,0.027055,0.03707,0.042203,0.057826,18,11.8,85.43
4232,2025,3,0.012496,0.10102,0.010586,0.085579,9,6.45,35.17
4232,2025,4,0.023457,0.030877,0.040789,0.053692,20,14.82,87.16
4232,2026,1,0.010939,0.100698,0.011576,0.106562,8,6.54,32.96
4232,2026,2,0.013697,0.108623,0.012053,0.095584,9,7.05,35.51
4320,2017,3,0.005243,0.127222,0.009248,0.224417,5,7.82,20.3
4320,2017,4,0.01522,0.029221,0.026303,0.0505,21,14.52,72.17
4320,2018,1,0.009491,0.149448,0.007442,0.11719,7,4.88,25.2
4320,2018,2,0.000412,1.0,0.000399,0.967742,1,2.03,2.03
4320,2018,3,2.3e-05,0.58453,2.1e-05,0.555722,5,0.47,0.6218
4320,2018,4,0.006713,0.175819,0.006815,0.178495,6,5.61,19.54
4320,2019,1,0.042192,0.10526,0.137792,0.343759,4,32.3518,63.3118
4320,2019,2,0.003215,0.07592,0.0138,0.325848,16,10.0898,20.5793
4320,2019,3,0.01622,0.106855,0.041354,0.272437,10,19.67,38.9605
4320,2019,4,0.0428,0.052199,0.067195,0.081952,14,14.82,90.55
4320,2020,1,0.057336,0.102779,0.064845,0.116239,8,16.44,74.69
4320,2020,2,0.057743,0.078419,0.109132,0.14821,13,22.75,85.81
4320,2020,3,0.019935,0.103532,0.053109,0.275828,4,17.0,43.88
4320,2020,4,0.039034,0.045444,0.174693,0.203378,13,38.49,92.68
4320,2021,1,0.033404,0.108369,0.098117,0.318305,4,26.27,55.52
4320,2021,2,0.046458,0.056861,0.244149,0.298823,11,45.45,90.39
4320,2021,3,0.019405,0.100646,0.04127,0.214046,6,18.08,43.91
4320,2021,4,0.04112,0.046695,0.160905,0.182724,6,27.23,93.84
4320,2022,1,0.032306,0.105107,0.073992,0.240733,5,23.69,55.44
4320,2022,2,0.044199,0.056039,0.152859,0.193806,6,29.14,88.81
4320,2022,3,0.019787,0.108222,0.040848,0.223405,5,15.91,42.76
4320,2022,4,0.028711,0.053641,0.133622,0.24965,6,31.52,73.16
4320,2023,1,0.023132,0.109672,0.077131,0.365684,5,26.4382,45.9264
4320,2023,2,0.050857,0.059995,0.256222,0.30226,5,47.06,92.07
4320,2023,3,0.044105,0.105073,0.224629,0.535144,5,47.26,64.7885
4320,2023,4,0.029938,0.058251,0.393175,0.765013,4,63.79,71.69
4320,2024,1,0.032685,0.106878,0.249974,0.817411,4,50.7875,55.3003
4320,2024,2,0.042904,0.076229,0.220326,0.391462,4,45.2036,75.0219
4320,2024,3,0.022929,0.133572,0.09368,0.545744,5,30.5091,41.4314
4320,2024,4,0.038318,0.075226,0.161721,0.317493,6,34.87,71.37
4320,2025,1,0.031236,0.104357,0.141969,0.474309,2,30.49,54.71
4320,2025,2,0.050395,0.069768,0.253524,0.350981,5,45.57,84.99
4320,2025,3,0.05436,0.11421,0.235572,0.494938,2,42.54,68.99
4320,2025,4,0.076673,0.085876,0.333193,0.373185,4,54.12,94.49
4320,2026,1,0.060301,0.093821,0.211334,0.328811,4,39.6,80.17
4320,2026,2,0.067916,0.1025,0.238706,0.360259,4,45.92,81.4
4374,2018,2,0.041385,0.056152,0.068548,0.093007,15,16.24,85.85
4374,2018,4,0.033312,0.050115,0.096897,0.145773,12,24.82,81.53
4374,2019,2,0.04054,0.046712,0.087947,0.101335,15,21.31,93.16
4374,2019,4,0.035691,0.039873,0.086144,0.096239,16,17.32,94.61
4374,2020,1,0.023891,0.101026,0.038832,0.164205,7,16.19,48.63
4374,2020,2,0.044431,0.049933,0.08651,0.097222,16,20.35,94.33
4374,2020,3,0.025845,0.091834,0.031702,0.112648,8,10.46,53.05
4374,2020,4,0.035002,0.042964,0.061874,0.075948,22,18.06,90.26
4374,2021,1,0.021435,0.10051,0.018641,0.08741,9,9.04,46.18
4374,2021,2,0.03753,0.044245,0.077055,0.090841,22,20.99,92.1
4374,2021,3,0.02637,0.092893,0.092985,0.327555,3,21.84,53.28
4374,2021,4,0.037139,0.042147,0.128241,0.145537,20,29.62,93.87
4374,2022,1,0.034901,0.085986,0.066452,0.163717,7,20.56,63.71
4374,2022,2,0.037772,0.042172,0.043329,0.048376,25,12.68,94.64
4374,2022,3,0.034227,0.086979,0.050289,0.127798,8,16.78,62.73
4374,2022,4,0.036942,0.041184,0.057353,0.063939,23,19.78,94.71
4374,2023,1,0.023617,0.092865,0.034784,0.136772,8,15.04,50.43
4374,2023,2,0.040308,0.048568,0.063519,0.076536,20,15.48,91.1
4374,2023,3,0.026815,0.092746,0.079077,0.273508,5,25.49,53.77
4374,2023,4,0.039306,0.043709,0.107204,0.119212,21,22.83,94.83
4374,2024,1,0.027457,0.073862,0.0366,0.098457,9,13.35,60.97
4374,2024,2,0.03765,0.045656,0.08934,0.108338,15,21.91,90.81
4374,2024,3,0.039322,0.103224,0.084339,0.221399,5,21.95,61.72
4374,2024,4,0.054781,0.061175,0.271236,0.302893,6,48.69,94.63
4374,2025,1,0.025642,0.087,0.0415,0.140801,7,13.27,54.29
4374,2025,2,0.045152,0.050454,0.09883,0.110435,13,22.04,94.6
4374,2025,3,0.035025,0.103013,0.07081,0.20826,6,18.94,58.31
4374,2025,4,0.039978,0.044795,0.134241,0.150417,14,26.27,94.47
4374,2026,1,0.025713,0.101184,0.030656,0.120639,8,14.05,50.41
4374,2026,2,0.023853,0.102417,0.072451,0.31108,6,26.56,48.26
4375,2018,2,0.041385,0.056152,0.068548,0.093007,15,16.24,85.85
4375,2018,4,0.033312,0.050115,0.096897,0.145773,12,24.82,81.53
4375,2019,2,0.04054,0.046712,0.087947,0.101335,15,21.31,93.16
4375,2019,4,0.035691,0.039873,0.086144,0.096239,16,17.32,94.61
4375,2020,1,0.023891,0.101026,0.038832,0.164205,7,16.19,48.63
4375,2020,2,0.044431,0.049933,0.08651,0.097222,16,20.35,94.33
4375,2020,3,0.024431,0.10056,0.03153,0.12978,7,10.46,49.29
4375,2020,4,0.035002,0.042964,0.061874,0.075948,22,18.06,90.26
4375,2021,1,0.021435,0.10051,0.018641,0.08741,9,9.04,46.18
4375,2021,2,0.03753,0.044245,0.077055,0.090841,22,20.99,92.1
4375,2021,3,0.025103,0.101546,0.079885,0.32315,3,20.73,49.72
4375,2021,4,0.037139,0.042147,0.128241,0.145537,20,29.62,93.87
4375,2022,1,0.032568,0.100591,0.054344,0.167852,6,16.88,56.9
4375,2022,2,0.037772,0.042172,0.043329,0.048376,25,12.68,94.64
4375,2022,3,0.032551,0.100364,0.047968,0.147898,7,16.78,56.95
4375,2022,4,0.036942,0.041184,0.057353,0.063939,23,19.78,94.71
4375,2023,1,0.022904,0.100413,0.034916,0.153074,7,15.04,47.76
4375,2023,2,0.040308,0.048568,0.063519,0.076536,20,15.48,91.1
4375,2023,3,0.025512,0.101397,0.078984,0.313924,4,25.49,50.16
4375,2023,4,0.039306,0.043709,0.107204,0.119212,21,22.83,94.83
4375,2024,1,0.022462,0.101639,0.024721,0.111865,8,10.68,47.01
4375,2024,2,0.03765,0.045656,0.08934,0.108338,15,21.91,90.81
4375,2024,3,0.039322,0.103224,0.084339,0.221399,5,21.95,61.72
4375,2024,4,0.054781,0.061175,0.271236,0.302893,6,48.69,94.63
4375,2025,1,0.023438,0.103226,0.02879,0.1268,7,9.91,47.65
4375,2025,2,0.045152,0.050454,0.09883,0.110435,13,22.04,94.6
4375,2025,3,0.035025,0.103013,0.07081,0.20826,6,18.94,58.31
4375,2025,4,0.039978,0.044795,0.134241,0.150417,14,26.27,94.47
4375,2026,1,0.025713,0.101184,0.030656,0.120639,8,14.05,50.41
4375,2026,2,0.023853,0.102417,0.072451,0.31108,6,26.56,48.26
5001,2018,2,0.028779,0.050688,0.098632,0.173721,16,27.16,75.35
5001,2018,4,0.035788,0.058597,0.184445,0.302002,10,38.43,78.15
5001,2019,2,0.035207,0.054127,0.289497,0.445078,14,54.28,80.65
5001,2019,4,0.020605,0.041528,0.091654,0.184719,18,29.93,70.44
5001,2020,1,0.02397,0.102281,0.049717,0.212146,8,19.79,48.41
5001,2020,2,0.03282,0.055774,0.062171,0.105653,22,22.21,76.71
5001,2020,3,0.034235,0.111263,0.057262,0.186102,8,21.29,55.47
5001,2020,4,0.03457,0.054232,0.051179,0.080288,25,17.13,79.84
5001,2021,1,0.033938,0.102009,0.043459,0.130626,10,17.04,57.68
5001,2021,2,0.027673,0.049832,0.048179,0.086758,27,15.81,74.52
5001,2021,3,0.022786,0.076798,0.034372,0.115848,10,12.73,54.47
5001,2021,4,0.024923,0.042822,0.066879,0.114909,19,18.4,76.29
5001,2022,1,0.034933,0.083943,0.060533,0.145458,7,16.85,64.51
5001,2022,2,0.035133,0.062642,0.107686,0.192005,16,29.72,74.89
5001,2022,3,0.047025,0.092631,0.136418,0.268721,7,34.83,71.25
5001,2022,4,0.0486,0.078487,0.173636,0.280415,20,39.39,78.69
5001,2023,1,0.048919,0.110554,0.15753,0.356008,4,36.42,66.52
5001,2023,2,0.046766,0.073994,0.139258,0.220337,23,34.01,79.5
5001,2023,3,0.049457,0.12135,0.111846,0.274432,6,31.88,63.84
5001,2023,4,0.053754,0.084667,0.150665,0.237309,21,37.35,79.68
5001,2024,1,0.036132,0.13419,0.062727,0.232964,5,18.22,51.89
5001,2024,2,0.035797,0.07293,0.122187,0.248934,15,30.99,70.06
5001,2024,3,0.041938,0.129671,0.108969,0.336929,4,26.14,56.87
5001,2024,4,0.042926,0.068919,0.130776,0.209968,17,28.43,78.92
5001,2025,1,0.03057,0.166647,0.036405,0.198455,6,15.8,42.83
5001,2025,2,0.026604,0.084743,0.036226,0.115392,15,10.92,56.03
5001,2025,3,0.037419,0.136958,0.046768,0.171178,6,17.15,52.27
5001,2025,4,0.041719,0.114509,0.094555,0.259529,12,25.18,60.36
5001,2026,1,0.04598,0.136918,0.054991,0.163752,6,17.51,57.95
5001,2026,2,0.027102,0.159508,0.025302,0.148915,7,10.43,41.22
5094,2018,2,0.036106,0.044046,0.11895,0.145106,16,22.83,90.54
5094,2018,4,0.042192,0.056311,0.146136,0.195039,18,27.72,86.56
5094,2019,2,0.055105,0.076198,0.102731,0.142055,18,21.46,85.04
5094,2019,4,0.067039,0.07534,0.220083,0.247335,18,37.12,94.33
5094,2020,1,0.036056,0.121347,0.09292,0.312721,5,29.15,54.51
5094,2020,2,0.049677,0.060721,0.114312,0.139725,17,27.83,90.45
5094,2020,3,0.028821,0.118823,0.03105,0.128013,7,10.49,49.25
5094,2020,4,0.024275,0.058187,0.050827,0.121832,24,16.03,64.59
5094,2021,1,0.05237,0.097099,0.090303,0.167432,7,24.52,73.44
5094,2021,2,0.058109,0.074952,0.100137,0.129162,27,21.46,88.05
5094,2021,3,0.063537,0.1043,0.19835,0.325602,3,33.0,78.05
5094,2021,4,0.062339,0.077755,0.222968,0.278105,22,31.69,89.54
5094,2022,1,0.041618,0.105762,0.130933,0.332735,3,26.79,62.73
5094,2022,2,0.0592,0.082093,0.203375,0.282019,23,30.28,84.92
5094,2022,3,0.036796,0.103346,0.109628,0.307901,3,23.86,59.67
5094,2022,4,0.050418,0.064737,0.161637,0.207545,19,30.21,88.25
5094,2023,1,0.032681,0.093663,0.116622,0.334231,4,28.04,59.07
5094,2023,2,0.050372,0.057239,0.199244,0.226405,15,33.15,93.81
5094,2023,3,0.04086,0.085948,0.118952,0.250208,4,24.93,68.95
5094,2023,4,0.056738,0.073001,0.158928,0.204482,12,25.8,88.16
5094,2024,1,0.057749,0.107189,0.12618,0.234207,4,22.33,73.4
5094,2024,2,0.068038,0.087381,0.166269,0.21354,11,28.47,88.24
5094,2024,3,0.05234,0.10987,0.128477,0.269697,5,26.63,69.02
5094,2024,4,0.052782,0.060132,0.13715,0.156246,13,21.71,93.69
5094,2025,1,0.053216,0.092304,0.123917,0.214934,5,23.84,75.93
5094,2025,2,0.056848,0.065097,0.175196,0.200615,17,31.14,93.45
5094,2025,3,0.06359,0.104978,0.210755,0.347924,4,34.57,77.83
5094,2025,4,0.039688,0.076537,0.078773,0.151912,17,22.06,72.01
5094,2026,1,0.040957,0.106996,0.058457,0.152714,7,17.27,61.87
5094,2026,2,0.051119,0.112363,0.084224,0.185129,6,18.87,67.45
5119,2017,4,0.013965,0.084932,0.019229,0.116944,9,10.59,40.55
5119,2018,1,0.025165,0.105572,0.059657,0.250266,9,17.18,48.8234
5119,2018,2,0.019867,0.032328,0.038996,0.063455,16,13.14,78.3925
5119,2018,3,0.018008,0.104128,0.059295,0.342863,9,21.8298,41.5862
5119,2018,4,0.022724,0.040248,0.029385,0.052046,22,12.44,75.14
5119,2019,1,0.034293,0.111481,0.042922,0.139536,7,13.41,55.4625
5119,2019,2,0.053085,0.058903,0.113466,0.1259,14,22.32,94.9335
5119,2019,3,0.039217,0.10584,0.052022,0.140398,9,14.2845,60.8716
5119,2019,4,0.043958,0.049141,0.065776,0.07353,17,14.33,94.58
5119,2020,1,0.038655,0.109568,0.048282,0.136857,9,15.2,59.3962
5119,2020,2,0.037293,0.053462,0.063855,0.09154,18,17.18,83.52
5119,2020,3,0.038438,0.114499,0.055131,0.164225,8,17.3,57.9398
5119,2020,4,0.044905,0.05005,0.105353,0.117426,24,23.33,94.72
5119,2021,1,0.049813,0.106285,0.081639,0.17419,6,22.62,68.46
5119,2021,2,0.0431,0.049576,0.123054,0.141544,22,22.91,93.24
5119,2021,3,0.048512,0.10482,0.15955,0.344744,4,29.67,68.03
5119,2021,4,0.04791,0.055382,0.244455,0.282579,21,39.55,93.01
5119,2022,1,0.047408,0.104113,0.168753,0.370596,4,37.22,67.48
5119,2022,2,0.056737,0.064048,0.266862,0.301247,12,44.35,94.12
5119,2022,3,0.038851,0.104,0.176532,0.47256,2,33.56,61.12
5119,2022,4,0.037165,0.041319,0.262247,0.29156,16,48.11,94.84
5119,2023,1,0.015891,0.100773,0.053228,0.337551,4,20.7,39.71
5119,2023,2,0.038633,0.043215,0.252485,0.282431,8,42.93,94.55
5119,2023,3,0.039988,0.109178,0.159574,0.435677,4,38.24,60.52
5119,2023,4,0.038272,0.042893,0.161634,0.181149,12,27.24,94.46
5119,2024,1,0.022403,0.100305,0.083984,0.37602,5,28.74,47.26
5119,2024,2,0.037244,0.042429,0.21801,0.248365,16,46.7,93.69
5119,2024,3,0.034206,0.100674,0.182884,0.538254,3,42.42,58.29
5119,2024,4,0.038193,0.044254,0.273251,0.316614,16,52.43,92.9
5119,2025,1,0.03738,0.101587,0.197853,0.537698,4,44.88,60.66
5119,2025,2,0.049163,0.062094,0.301672,0.381022,15,55.3,88.98
5119,2025,3,0.053564,0.105779,0.348516,0.688258,3,59.82,71.16
5119,2025,4,0.055829,0.074702,0.435277,0.582419,14,66.88,86.45
5119,2026,1,0.046685,0.106591,0.301209,0.687725,3,55.66,66.18
5119,2026,2,0.062395,0.109199,0.460267,0.80553,2,68.86,75.59
5136,2018,2,0.02786,0.062566,0.047421,0.106495,20,15.63,66.73
5136,2018,4,0.021343,0.04628,0.041106,0.089133,20,15.19,67.91
5136,2019,2,0.028764,0.058086,0.046046,0.092985,19,15.22,70.37
5136,2019,4,0.030477,0.050834,0.067867,0.113198,20,22.43,77.43
5136,2020,1,0.02386,0.11011,0.037149,0.17144,6,13.9,46.55
5136,2020,2,0.031343,0.042437,0.10103,0.136792,20,28.78,85.94
5136,2020,3,0.016661,0.130435,0.025186,0.197174,8,14.98,35.74
5136,2020,4,0.027731,0.034122,0.045855,0.056423,25,14.26,90.15
5136,2021,1,0.007735,0.102952,0.008441,0.112356,8,5.99,27.41
5136,2021,2,0.015969,0.021973,0.086704,0.119303,28,27.56,85.25
5136,2021,3,0.008486,0.076387,0.028973,0.260807,6,16.31,33.33
5136,2021,4,0.015547,0.0191,0.052355,0.064321,25,15.54,90.22
5136,2022,1,0.013656,0.094424,0.024368,0.168485,7,13.25,38.03
5136,2022,2,0.022628,0.025511,0.11153,0.125741,19,31.6,94.18
5136,2022,3,0.013461,0.102212,0.03759,0.28543,6,18.87,36.29
5136,2022,4,0.014815,0.023745,0.037881,0.060712,22,17.36,78.99
5136,2023,1,0.01073,0.102218,0.020413,0.19445,5,9.79,32.4
5136,2023,2,0.022314,0.026018,0.077018,0.089799,24,16.48,92.61
5136,2023,3,0.011694,0.101873,0.012542,0.109263,8,7.2,33.88
5136,2023,4,0.022986,0.028498,0.073448,0.09106,22,19.73,89.81
5136,2024,1,0.014341,0.120212,0.020607,0.172728,7,10.42,34.54
5136,2024,2,0.026749,0.031604,0.058147,0.068699,21,19.42,92.0
5136,2024,3,0.017317,0.108232,0.023461,0.146634,7,12.1,40.0
5136,2024,4,0.024041,0.033141,0.051576,0.071101,26,14.35,85.17
5136,2025,1,0.013902,0.096075,0.030323,0.209555,6,14.52,38.04
5136,2025,2,0.022834,0.028184,0.055866,0.068955,23,17.17,90.01
5136,2025,3,0.032887,0.109554,0.053372,0.177792,5,15.25,54.79
5136,2025,4,0.041421,0.050052,0.104921,0.126784,27,24.92,90.97
5136,2026,1,0.040627,0.108048,0.113323,0.30138,3,21.07,61.32
5136,2026,2,0.037309,0.109657,0.214024,0.62904,2,45.73,58.33
5207,2018,2,0.024545,0.044473,0.076446,0.138513,21,17.24,74.29
5207,2018,4,0.022605,0.041036,0.079665,0.144619,18,23.41,74.22
5207,2019,2,0.025815,0.043608,0.107623,0.181803,17,25.64,76.94
5207,2019,4,0.022529,0.035228,0.112571,0.176025,18,26.11,79.97
5207,2020,1,0.016051,0.120743,0.039589,0.297808,5,18.95,36.46
5207,2020,2,0.034439,0.039606,0.130225,0.14976,16,29.58,93.25
5207,2020,3,0.034373,0.117224,0.076867,0.262146,4,21.05,54.15
5207,2020,4,0.045792,0.052414,0.181324,0.207544,18,34.89,93.47
5207,2021,1,0.035372,0.119525,0.070853,0.239419,5,17.7,54.4
5207,2021,2,0.0369,0.043578,0.215932,0.255008,23,44.89,92.02
5207,2021,3,0.024121,0.115193,0.092305,0.440812,3,27.28,45.76
5207,2021,4,0.025546,0.031764,0.154819,0.192502,22,36.53,89.68
5207,2022,1,0.017282,0.107852,0.133536,0.833347,2,37.13,40.03
5207,2022,2,0.029065,0.033497,0.240412,0.27707,13,48.13,93.15
5207,2022,3,0.021455,0.108395,0.087422,0.441667,3,27.05,44.49
5207,2022,4,0.043795,0.050527,0.235138,0.271283,9,43.97,93.1
5207,2023,1,0.024081,0.107135,0.065657,0.292106,4,21.76,47.41
5207,2023,2,0.036923,0.042902,0.222179,0.25816,16,35.46,92.77
5207,2023,3,0.01699,0.107313,0.025501,0.161067,6,10.78,39.79
5207,2023,4,0.025388,0.030271,0.130446,0.155535,16,25.95,91.58
5207,2024,1,0.027143,0.112912,0.036575,0.152148,7,15.51,49.03
5207,2024,2,0.027984,0.033637,0.116454,0.139981,15,28.32,91.21
5207,2024,3,0.028749,0.118864,0.086621,0.358133,3,25.24,49.18
5207,2024,4,0.037057,0.041912,0.16481,0.186402,12,34.17,94.03
5207,2025,1,0.028716,0.119847,0.057039,0.238047,5,19.17,48.95
5207,2025,2,0.035297,0.045311,0.185376,0.237972,13,40.67,88.26
5207,2025,3,0.03589,0.100801,0.096345,0.270593,5,28.09,59.67
5207,2025,4,0.035256,0.054771,0.162194,0.251977,12,37.54,80.23
5207,2026,1,0.018795,0.120954,0.026909,0.173168,6,10.45,39.42
5207,2026,2,0.017416,0.106179,0.04196,0.255815,5,18.72,40.5
5449,2018,2,0.022901,0.044734,0.051427,0.100454,16,17.59,71.55
5449,2018,4,0.019815,0.036009,0.039817,0.072359,23,16.74,74.18
5449,2019,2,0.025592,0.032222,0.048888,0.061553,23,16.6,89.12
5449,2019,4,0.029263,0.038353,0.048944,0.064146,23,13.77,87.35
5449,2020,1,0.008957,0.102929,0.008163,0.0938,9,6.42,29.5
5449,2020,2,0.029358,0.033886,0.046927,0.054164,23,17.01,93.08
5449,2020,3,0.036823,0.108897,0.064983,0.192178,6,18.74,58.15
5449,2020,4,0.049242,0.057477,0.139756,0.163126,22,33.36,92.56
5449,2021,1,0.040926,0.108594,0.107618,0.285554,6,31.75,61.39
5449,2021,2,0.043301,0.051215,0.167427,0.198026,25,39.5,91.95
5449,2021,3,0.025814,0.111994,0.045009,0.195272,6,16.96,48.01
5449,2021,4,0.035077,0.041925,0.116858,0.139669,25,27.24,91.47
5449,2022,1,0.025676,0.11718,0.047421,0.216417,7,20.16,46.81
5449,2022,2,0.034821,0.04518,0.118886,0.154256,25,32.0,87.79
5449,2022,3,0.029725,0.122898,0.078397,0.324132,6,27.25,49.18
5449,2022,4,0.029011,0.036128,0.08478,0.10558,27,27.79,89.61
5449,2023,1,0.024663,0.116556,0.098003,0.463153,4,31.03,46.0
5449,2023,2,0.029032,0.03581,0.097025,0.119677,28,28.73,90.04
5449,2023,3,0.026712,0.119598,0.060236,0.269694,6,21.65,47.26
5449,2023,4,0.028269,0.035689,0.089151,0.11255,25,27.08,89.0
5449,2024,1,0.024955,0.120434,0.056835,0.274289,5,18.83,45.52
5449,2024,2,0.025344,0.04013,0.073296,0.116058,25,20.16,79.47
5449,2024,3,0.022179,0.11835,0.062673,0.33443,6,24.21,43.29
5449,2024,4,0.024984,0.036223,0.069679,0.101024,28,24.69,83.05
5449,2025,1,0.014741,0.116707,0.033575,0.265819,5,13.65,35.54
5449,2025,2,0.018076,0.029111,0.032103,0.0517,22,15.56,78.8
5449,2025,3,0.011301,0.105688,0.016258,0.152048,7,9.47,32.7
5449,2025,4,0.040681,0.049648,0.240625,0.293664,16,40.6,90.52
5449,2026,1,0.03121,0.103965,0.084719,0.282215,4,22.12,54.79
5449,2026,2,0.02459,0.103341,0.086278,0.362589,5,28.91,48.78
5550,2018,2,0.00413,0.011518,0.013337,0.037196,24,8.1667,59.8802
5550,2018,3,0.003014,0.101131,0.005292,0.177571,9,6.57,17.2637
5550,2018,4,0.008093,0.020705,0.020549,0.052572,24,12.27,62.52
5550,2019,1,0.00199,0.108122,0.003171,0.172264,8,4.9517,13.5674
5550,2019,2,0.016394,0.019795,0.048959,0.059114,28,15.37,91.0065
5550,2019,3,0.016704,0.112206,0.018889,0.126885,8,9.02,38.5831
5550,2019,4,0.028144,0.032652,0.066237,0.076847,21,20.04,92.84
5550,2020,1,0.034616,0.113825,0.04609,0.151554,7,16.33,55.1466
5550,2020,2,0.018486,0.026737,0.053714,0.07769,22,15.7,83.15
5550,2020,3,0.011534,0.117137,0.017137,0.174044,6,8.3492,31.3792
5550,2020,4,0.017338,0.021113,0.044561,0.054263,24,14.6,90.62
5550,2021,1,0.011758,0.125986,0.021802,0.233599,4,10.79,30.55
5550,2021,2,0.017688,0.020939,0.043674,0.051701,24,14.44,91.91
5550,2021,3,0.007191,0.110413,0.007648,0.117438,8,5.4,25.52
5550,2021,4,0.013082,0.017996,0.036267,0.049891,24,12.28,85.26
5550,2022,1,0.008472,0.122017,0.010773,0.155164,6,6.72,26.35
5550,2022,2,0.012617,0.019803,0.041162,0.064606,24,16.54,79.82
5550,2022,3,0.007997,0.130029,0.014601,0.237392,6,10.53,24.8
5550,2022,4,0.012238,0.020054,0.029253,0.047934,23,12.48,78.12
5550,2023,1,0.002164,0.10002,0.003204,0.14805,7,4.42,14.71
5550,2023,2,0.047656,0.054142,0.395633,0.44947,6,63.22,93.82
5550,2023,3,0.030768,0.105515,0.095013,0.325834,3,24.26,54.0
5550,2023,4,0.043757,0.05056,0.260394,0.300874,9,45.17,93.03
5550,2024,1,0.040309,0.109546,0.108963,0.296124,4,26.11,60.66
5550,2024,2,0.057673,0.064911,0.35066,0.394667,5,54.97,94.26
5550,2024,3,0.061679,0.105532,0.187829,0.321372,4,34.27,76.45
5550,2024,4,0.031282,0.037577,0.159622,0.191744,8,29.97,91.24
5550,2025,1,0.045811,0.108462,0.202276,0.478907,3,43.94,64.99
5550,2025,2,0.058374,0.065187,0.335876,0.375078,6,48.09,94.63
5550,2025,3,0.044559,0.11216,0.159933,0.402572,3,35.4,63.03
5550,2025,4,0.041896,0.049114,0.288108,0.337744,6,50.66,92.36
5550,2026,1,0.039184,0.116041,0.145692,0.431452,3,32.91,58.11
5550,2026,2,0.03322,0.110703,0.145054,0.483376,3,36.53,54.78
5551,2018,2,0.00413,0.011518,0.013337,0.037196,24,8.1667,59.8802
5551,2018,3,0.003014,0.101131,0.005292,0.177571,9,6.57,17.2637
5551,2018,4,0.008093,0.020705,0.020549,0.052572,24,12.27,62.52
5551,2019,1,0.00199,0.108122,0.003171,0.172264,8,4.9517,13.5674
5551,2019,2,0.016394,0.019795,0.048959,0.059114,28,15.37,91.0065
5551,2019,3,0.016704,0.112206,0.018889,0.126885,8,9.02,38.5831
5551,2019,4,0.028144,0.032652,0.066237,0.076847,21,20.04,92.84
5551,2020,1,0.034616,0.114307,0.045928,0.151661,7,16.33,55.03
5551,2020,2,0.018486,0.026737,0.053714,0.07769,22,15.7,83.15
5551,2020,3,0.011534,0.11728,0.017109,0.173971,6,8.33,31.36
5551,2020,4,0.017338,0.021113,0.044561,0.054263,24,14.6,90.62
5551,2021,1,0.011759,0.125392,0.021821,0.232693,6,10.79,30.6226
5551,2021,2,0.017689,0.020881,0.043699,0.051586,25,14.4599,92.0384
5551,2021,3,0.007191,0.109877,0.00766,0.11704,9,5.4,25.5824
5551,2021,4,0.013082,0.017996,0.036267,0.049891,24,12.28,85.26
5551,2022,1,0.008472,0.122017,0.010773,0.155164,6,6.72,26.35
5551,2022,2,0.012617,0.019803,0.041162,0.064606,24,16.54,79.82
5551,2022,3,0.007997,0.130029,0.014601,0.237392,6,10.53,24.8
5551,2022,4,0.012238,0.020054,0.029253,0.047934,23,12.48,78.12
5551,2023,1,0.002164,0.10002,0.003204,0.14805,7,4.42,14.71
5551,2023,2,0.047656,0.054142,0.395633,0.44947,6,63.22,93.82
5551,2023,3,0.030768,0.105515,0.095013,0.325834,3,24.26,54.0
5551,2023,4,0.043757,0.05056,0.260394,0.300874,9,45.17,93.03
5551,2024,1,0.040309,0.109546,0.108963,0.296124,4,26.11,60.66
5551,2024,2,0.057673,0.064911,0.35066,0.394667,5,54.97,94.26
5551,2024,3,0.061679,0.105532,0.187829,0.321372,4,34.27,76.45
5551,2024,4,0.031282,0.037577,0.159622,0.191744,8,29.97,91.24
5551,2025,1,0.045811,0.108462,0.202276,0.478907,3,43.94,64.99
5551,2025,2,0.058374,0.065187,0.335876,0.375078,6,48.09,94.63
5551,2025,3,0.044559,0.11216,0.159933,0.402572,3,35.4,63.03
5551,2025,4,0.041896,0.049114,0.288108,0.337744,6,50.66,92.36
5551,2026,1,0.039184,0.116041,0.145692,0.431452,3,32.91,58.11
5551,2026,2,0.03322,0.110703,0.145054,0.483376,3,36.53,54.78
5729,2018,4,0.010282,0.09102,0.052002,0.460346,6,22.85,33.61
5729,2019,2,0.023951,0.044155,0.08256,0.152203,17,27.33,73.65
5729,2019,4,0.032709,0.044173,0.104242,0.140781,14,28.73,86.05
5729,2020,1,0.021935,0.106889,0.066704,0.325052,5,24.89,45.3
5729,2020,2,0.041988,0.047368,0.133113,0.150168,12,28.52,94.15
5729,2020,3,0.018834,0.116893,0.024067,0.14937,6,9.02,40.14
5729,2020,4,0.034106,0.051109,0.052461,0.078613,21,14.62,81.69
5729,2021,1,0.028216,0.119807,0.025943,0.110155,8,10.34,48.53
5729,2021,2,0.035878,0.051286,0.081751,0.11686,24,17.68,83.64
5729,2021,3,0.032218,0.109512,0.046455,0.157905,6,14.5,54.24
5729,2021,4,0.036553,0.041501,0.183558,0.208404,16,38.75,93.85
5729,2022,1,0.023886,0.106582,0.058205,0.259717,5,21.45,47.34
5729,2022,2,0.034679,0.047361,0.07782,0.106279,15,20.6,85.57
5729,2022,3,0.025505,0.12122,0.064897,0.308438,5,23.24,45.87
5729,2022,4,0.035275,0.063419,0.172839,0.310741,13,40.08,74.58
5729,2023,1,0.019197,0.117444,0.084787,0.51871,3,28.81,40.43
5729,2023,2,0.02355,0.052729,0.202895,0.454286,17,44.82,66.83
5729,2023,3,0.020031,0.119746,0.042792,0.255809,4,17.12,40.9
5729,2023,4,0.029476,0.046184,0.255003,0.39954,12,49.32,79.89
5729,2024,1,0.018899,0.116019,0.040327,0.247567,4,13.6,40.36
5729,2024,2,0.026755,0.06756,0.083928,0.211929,7,21.23,62.93
5729,2024,3,0.023836,0.11745,0.074,0.364621,3,23.02,45.05
5729,2024,4,0.030628,0.051418,0.124283,0.208642,8,29.14,77.18
5729,2025,1,0.016117,0.131565,0.038144,0.311383,3,14.38,35.0
5729,2025,2,0.024326,0.044435,0.107397,0.196176,7,20.71,73.99
5729,2025,3,0.022692,0.128826,0.049595,0.281551,4,18.41,41.97
5729,2025,4,0.040204,0.065094,0.136933,0.221705,8,27.51,78.59
5729,2026,1,0.035312,0.13397,0.058706,0.222725,5,16.78,51.34
5729,2026,2,0.041002,0.110048,0.209973,0.563553,2,43.88,61.04
5765,2018,2,0.025844,0.032804,0.063233,0.080262,21,18.15,88.76
5765,2018,4,0.033535,0.040559,0.082262,0.099492,18,22.12,90.93
5765,2019,2,0.026018,0.033967,0.06482,0.084625,18,16.27,87.52
5765,2019,4,0.029165,0.035304,0.059205,0.071668,19,17.02,90.89
5765,2020,1,0.016478,0.105396,0.016505,0.105573,8,7.49,39.54
5765,2020,2,0.020503,0.025843,0.072356,0.091203,23,17.12,89.07
5765,2020,3,0.024992,0.10838,0.02005,0.086949,9,7.16,48.02
5765,2020,4,0.041092,0.05072,0.049881,0.061567,26,14.56,90.01
5765,2021,1,0.022498,0.105541,0.025103,0.117763,8,10.38,46.17
5765,2021,2,0.033547,0.040475,0.207207,0.25,26,42.34,91.04
5765,2021,3,0.027459,0.114786,0.154262,0.644858,2,39.01,48.91
5765,2021,4,0.029276,0.036007,0.323987,0.398478,24,57.51,90.17
5765,2022,1,0.032875,0.109673,0.178277,0.594739,4,42.79,54.75
5765,2022,2,0.048512,0.055957,0.4337,0.500262,17,65.58,93.11
5765,2022,3,0.041622,0.107237,0.261294,0.673214,3,51.79,62.3
5765,2022,4,0.048431,0.05437,0.387758,0.435312,21,62.57,94.38
5765,2023,1,0.031246,0.115956,0.167756,0.622551,4,41.57,51.91
5765,2023,2,0.044619,0.049774,0.23773,0.265196,20,47.71,94.68
5765,2023,3,0.026006,0.117475,0.053112,0.239925,7,21.93,47.05
5765,2023,4,0.029493,0.040572,0.080408,0.110614,23,22.4,85.26
5765,2024,1,0.028158,0.138252,0.037107,0.182192,8,17.72,45.13
5765,2024,2,0.041135,0.048474,0.132692,0.156364,15,30.44,92.12
5765,2024,3,0.044526,0.116923,0.0865,0.227147,5,23.74,61.71
5765,2024,4,0.039473,0.050228,0.143522,0.182625,18,31.32,88.65
5765,2025,1,0.025942,0.160368,0.052971,0.327459,4,19.9,40.22
5765,2025,2,0.026552,0.057626,0.052922,0.114856,23,16.94,67.88
5765,2025,3,0.047915,0.125741,0.086475,0.226932,4,18.23,61.73
5765,2025,4,0.04962,0.062196,0.106271,0.133203,17,22.78,89.32
5765,2026,1,0.045338,0.126233,0.091226,0.253999,4,22.73,59.93
5765,2026,2,0.043353,0.123036,0.098797,0.280386,4,22.43,59.36
5774,2018,4,0.024807,0.089457,0.044403,0.160121,7,15.07,52.66
5774,2019,2,0.036524,0.098965,0.05342,0.144746,8,16.46,60.75
5774,2019,4,0.02438,0.065649,0.039778,0.107113,11,11.54,60.94
5774,2020,1,0.017377,0.101483,0.029403,0.171717,6,12.24,41.38
5774,2020,2,0.03817,0.045116,0.115558,0.136589,15,27.88,91.98
5774,2020,3,0.028569,0.110575,0.121017,0.468389,5,35.09,50.83
5774,2020,4,0.04081,0.051894,0.576176,0.732662,11,77.36,88.68
5774,2021,1,0.035593,0.116349,0.296051,0.967742,1,55.31,55.31
5774,2021,2,0.05297,0.066187,0.713036,0.89095,21,85.92,89.46
5774,2021,3,0.046819,0.098682,0.387461,0.81666,2,63.21,68.88
5774,2021,4,0.053078,0.062943,0.561207,0.665509,17,76.13,91.83
5774,2022,1,0.054551,0.098049,0.459506,0.825905,2,68.86,74.59
5774,2022,2,0.06032,0.068572,0.574285,0.652852,16,77.14,93.79
5774,2022,3,0.053796,0.085396,0.53195,0.844419,2,74.13,79.37
5774,2022,4,0.060295,0.068398,0.71337,0.809238,17,86.01,93.89
5774,2023,1,0.055486,0.101573,0.528647,0.967742,1,73.91,73.91
5774,2023,2,0.060952,0.079321,0.623567,0.811484,18,80.3,87.66
5774,2023,3,0.059333,0.095384,0.507901,0.816498,2,72.37,78.87
5774,2023,4,0.060908,0.0847,0.512347,0.71248,19,72.67,84.8
5774,2024,1,0.061568,0.11585,0.332178,0.625051,3,58.1,72.9
5774,2024,2,0.060655,0.091049,0.266184,0.399566,12,50.33,81.62
5774,2024,3,0.052461,0.114089,0.222281,0.483409,3,46.2,67.81
5774,2024,4,0.056441,0.079553,0.157987,0.222683,15,32.86,84.23
5774,2025,1,0.031849,0.130246,0.077912,0.31862,5,25.16,49.45
5774,2025,2,0.041083,0.09417,0.119583,0.274109,18,32.62,66.05
5774,2025,3,0.041512,0.122135,0.131718,0.387533,4,34.4,58.3
5774,2025,4,0.05548,0.091542,0.292438,0.482522,19,52.0,77.85
5774,2026,1,0.027418,0.114944,0.121067,0.507545,2,31.31,48.84
5774,2026,2,0.025164,0.101916,0.127192,0.515134,3,34.94,49.69
5775,2018,4,0.009743,0.035553,0.02155,0.078635,19,9.6,52.35
5775,2019,1,0.013935,0.102455,0.020969,0.154169,7,11.22,36.88
5775,2019,2,0.021754,0.032283,0.041203,0.061143,18,13.37,82.09
5775,2019,3,0.014049,0.112876,0.014844,0.119263,9,9.89,35.28
5775,2019,4,0.023906,0.028616,0.048831,0.058453,22,16.98,91.4
5775,2020,1,0.01172,0.106711,0.019419,0.176815,6,9.76,33.14
5775,2020,2,0.01841,0.027154,0.026757,0.039465,23,9.78,82.34
5775,2020,3,0.029283,0.130998,0.025147,0.112493,9,10.89,47.28
5775,2020,4,0.034981,0.054251,0.02793,0.043315,23,10.83,80.3
5775,2021,1,0.027826,0.110508,0.0262,0.104049,9,11.42,50.18
5775,2021,2,0.027586,0.051937,0.03755,0.070696,21,15.23,72.88
5775,2021,3,0.017166,0.106436,0.013438,0.083318,9,5.57,40.16
5775,2021,4,0.020261,0.035459,0.040385,0.070679,23,15.39,75.59
5775,2022,1,0.015438,0.122018,0.013208,0.104394,10,7.91,35.57
5775,2022,2,0.015381,0.039358,0.027665,0.070791,23,11.4442,62.5142
5775,2022,3,0.014004,0.118581,0.017616,0.149167,7,9.91,34.3648
5775,2022,4,0.014711,0.051841,0.034436,0.121351,18,15.27,53.27
5775,2023,1,0.027358,0.10787,0.058512,0.230708,6,17.8495,50.3608
5775,2023,2,0.044797,0.051813,0.221059,0.255684,9,44.98,92.9826
5775,2023,3,0.031486,0.111232,0.039424,0.139273,8,13.54,53.2042
5775,2023,4,0.044559,0.051552,0.077825,0.090039,10,17.35,92.97
5775,2024,1,0.033799,0.107177,0.046978,0.148967,8,17.68,56.157
5775,2024,2,0.034428,0.040538,0.112339,0.132279,13,26.6,92.1554
5775,2024,3,0.029657,0.109044,0.07871,0.289406,9,27.0732,52.1508
5775,2024,4,0.032124,0.036967,0.135187,0.155567,13,34.42,93.22
5775,2025,1,0.037271,0.110374,0.146267,0.433157,4,37.38,58.11
5775,2025,2,0.043826,0.049939,0.146181,0.16657,10,26.87,93.68
5775,2025,3,0.043529,0.105611,0.098037,0.237859,4,21.79,64.2
5775,2025,4,0.050419,0.057073,0.157456,0.178237,6,30.79,93.99
5775,2026,1,0.013501,0.100675,0.035963,0.268176,4,14.81,36.62
5775,2026,2,0.020525,0.101403,0.048079,0.237533,5,18.29,44.99
5776,2018,4,0.009743,0.035553,0.02155,0.078635,19,9.6,52.35
5776,2019,1,0.013936,0.101808,0.020989,0.153341,9,11.22,36.9974
5776,2019,2,0.021754,0.032265,0.041204,0.061112,18,13.37,82.1122
5776,2019,3,0.01405,0.112183,0.01488,0.118816,10,9.89,35.3892
5776,2019,4,0.023906,0.028616,0.048831,0.058453,22,16.98,91.4
5776,2020,1,0.01172,0.105738,0.019453,0.175502,9,9.76,33.2927
5776,2020,2,0.01841,0.027073,0.026748,0.039334,24,9.78,82.4638
5776,2020,3,0.029284,0.130468,0.025166,0.112124,11,10.89,47.3762
5776,2020,4,0.034981,0.054251,0.02793,0.043315,23,10.83,80.3
5776,2021,1,0.027826,0.110388,0.02621,0.103975,9,11.42,50.2073
5776,2021,2,0.027586,0.051804,0.037546,0.070506,22,15.23,72.9738
5776,2021,3,0.017166,0.105994,0.013447,0.083031,10,5.5879,40.2438
5776,2021,4,0.020261,0.035459,0.040385,0.070679,23,15.39,75.59
5776,2022,1,0.015438,0.122498,0.013199,0.104735,9,7.91,35.5
5776,2022,2,0.015381,0.039388,0.02762,0.070729,23,11.42,62.49
5776,2022,3,0.014003,0.119028,0.01757,0.149346,7,9.91,34.3
5776,2022,4,0.014711,0.051841,0.034436,0.121351,18,15.27,53.27
5776,2023,1,0.027357,0.109165,0.057889,0.231003,5,17.66,50.06
5776,2023,2,0.044796,0.051927,0.221036,0.256224,8,44.98,92.88
5776,2023,3,0.031485,0.112213,0.039259,0.139918,7,13.54,52.97
5776,2023,4,0.044559,0.051552,0.077825,0.090039,10,17.35,92.97
5776,2024,1,0.033799,0.108007,0.046909,0.149902,7,17.68,55.94
5776,2024,2,0.034427,0.040648,0.112326,0.132624,12,26.6,92.03
5776,2024,3,0.029655,0.11018,0.07816,0.290391,6,26.96,51.88
5776,2024,4,0.032124,0.036967,0.135187,0.155567,13,34.42,93.22
5776,2025,1,0.037271,0.110374,0.146267,0.433157,4,37.38,58.11
5776,2025,2,0.043826,0.049939,0.146181,0.16657,10,26.87,93.68
5776,2025,3,0.043529,0.105611,0.098037,0.237859,4,21.79,64.2
5776,2025,4,0.050419,0.057073,0.157456,0.178237,6,30.79,93.99
5776,2026,1,0.013501,0.100675,0.035963,0.268176,4,14.81,36.62
5776,2026,2,0.020525,0.101403,0.048079,0.237533,5,18.29,44.99
5787,2018,2,0.027129,0.039763,0.166374,0.243852,17,41.19,82.6
5787,2018,4,0.026367,0.044878,0.091081,0.155026,13,27.86,76.65
5787,2019,2,0.032618,0.051119,0.079743,0.124972,15,16.65,79.88
5787,2019,4,0.032559,0.041225,0.055352,0.070084,21,17.59,88.87
5787,2020,1,0.027629,0.11208,0.027037,0.109677,9,12.24,49.65
5787,2020,2,0.030424,0.037669,0.044952,0.055657,23,17.16,89.87
5787,2020,3,0.020424,0.106898,0.029831,0.15614,7,11.8,43.71
5787,2020,4,0.034911,0.04255,0.046429,0.056588,24,14.45,90.58
5787,2021,1,0.025074,0.106508,0.0399,0.169484,6,13.56,48.52
5787,2021,2,0.02485,0.037615,0.044546,0.067429,28,12.45,81.28
5787,2021,3,0.016736,0.116449,0.020236,0.140808,7,8.63,37.91
5787,2021,4,0.020318,0.026345,0.035647,0.046221,25,11.05,87.82
5787,2022,1,0.014983,0.113522,0.014864,0.112617,8,7.34,36.33
5787,2022,2,0.020896,0.025356,0.043747,0.053085,26,14.75,90.78
5787,2022,3,0.01153,0.113948,0.012626,0.124781,7,6.17,31.81
5787,2022,4,0.017658,0.020615,0.043403,0.050672,26,14.01,92.55
5787,2023,1,0.010351,0.123255,0.011911,0.141826,9,9.87,28.98
5787,2023,2,0.017873,0.022819,0.034658,0.04425,28,14.5,88.5
5787,2023,3,0.013647,0.118334,0.013115,0.113718,9,9.4,33.96
5787,2023,4,0.028616,0.033765,0.046208,0.054522,25,17.65,92.06
5787,2024,1,0.028656,0.121975,0.026171,0.111395,9,12.01,48.47
5787,2024,2,0.035891,0.049017,0.047795,0.065274,20,15.19,85.57
5787,2024,3,0.032394,0.115803,0.02337,0.083545,10,9.78,52.89
5787,2024,4,0.02814,0.0401,0.029655,0.04226,23,13.77,83.77
5787,2025,1,0.016093,0.111213,0.012699,0.087761,9,6.19,38.04
5787,2025,2,0.025971,0.034061,0.036658,0.048077,21,14.08,87.32
5787,2025,3,0.031146,0.1054,0.033161,0.11222,8,11.96,54.36
5787,2025,4,0.040453,0.048076,0.102458,0.121765,17,26.5,91.73
5787,2026,1,0.032715,0.111983,0.059254,0.202827,5,17.23,54.05
5787,2026,2,0.04369,0.11395,0.055671,0.145201,8,18.07,61.92
5819,2018,4,0.022927,0.044178,0.098951,0.190665,14,30.43,72.04
5819,2019,2,0.049122,0.05906,0.211811,0.254658,15,44.11,91.2
5819,2019,4,0.027703,0.033359,0.052736,0.063502,21,15.81,91.13
5819,2020,1,0.051402,0.105868,0.12501,0.257472,4,25.06,69.68
5819,2020,2,0.05791,0.06697,0.175744,0.203239,22,28.94,92.99
5819,2020,3,0.010946,0.102614,0.021347,0.200124,6,10.51,32.66
5819,2020,4,0.038447,0.045672,0.117349,0.139401,23,27.3,91.75
5819,2021,1,0.036236,0.113311,0.103167,0.322609,5,30.57,56.55
5819,2021,2,0.02592,0.031922,0.115844,0.142668,26,22.34,90.11
5819,2021,3,0.025111,0.104416,0.068035,0.282898,4,20.63,49.04
5819,2021,4,0.040326,0.045628,0.173449,0.196257,24,31.79,94.01
5819,2022,1,0.037067,0.115257,0.093981,0.292227,5,26.62,56.71
5819,2022,2,0.040999,0.048693,0.156763,0.186182,17,30.08,91.76
5819,2022,3,0.030578,0.118073,0.059449,0.229551,7,23.16,50.89
5819,2022,4,0.028829,0.035489,0.093845,0.115524,12,20.38,90.13
5819,2023,1,0.043537,0.112172,0.253062,0.652004,2,50.06,62.3
5819,2023,2,0.062821,0.077161,0.533251,0.654982,14,73.87,90.23
5819,2023,3,0.068705,0.109201,0.403987,0.642099,2,63.08,79.32
5819,2023,4,0.072533,0.083486,0.514038,0.591658,14,70.94,93.21
5819,2024,1,0.058648,0.114112,0.306757,0.596867,3,54.57,71.69
5819,2024,2,0.068024,0.077977,0.538444,0.61723,9,73.99,93.4
5819,2024,3,0.066636,0.103729,0.436043,0.678769,2,66.11,80.15
5819,2024,4,0.066357,0.075677,0.721248,0.822549,10,86.42,93.64
5819,2025,1,0.024995,0.116345,0.173792,0.808967,2,42.32,46.35
5819,2025,2,0.017906,0.02081,0.148681,0.172796,15,32.04,92.76
5819,2025,3,0.046862,0.105873,0.378439,0.85499,2,62.54,66.53
5819,2025,4,0.068904,0.077355,0.662043,0.743236,10,82.66,94.38
5819,2026,1,0.055291,0.112069,0.477451,0.967742,1,70.24,70.24
5819,2026,2,0.056243,0.105368,0.516558,0.967742,1,73.06,73.06
5844,2018,4,0.014292,0.039846,0.052105,0.145268,20,19.88,59.89
5844,2019,2,0.021612,0.034628,0.075137,0.120392,21,22.96,79.0
5844,2019,4,0.042238,0.107031,0.111083,0.281484,7,29.43,62.82
5844,2020,1,0.047459,0.102757,0.076963,0.166639,6,19.07,67.96
5844,2020,2,0.034675,0.057449,0.139165,0.230569,7,26.45,77.69
5844,2020,3,0.032593,0.125308,0.070223,0.269985,4,20.66,51.0
5844,2020,4,0.053554,0.070738,0.176238,0.232788,9,28.16,87.01
5844,2021,1,0.041644,0.105358,0.049074,0.124154,8,16.84,62.87
5844,2021,2,0.052797,0.059879,0.126614,0.143599,8,26.6,93.9
5844,2021,3,0.047227,0.104829,0.154112,0.342084,4,35.89,67.12
5844,2021,4,0.031798,0.035941,0.558619,0.631401,7,76.16,94.06
5844,2022,1,0.018309,0.101222,0.071247,0.393893,3,21.58,42.53
5844,2022,2,0.046544,0.051573,0.871868,0.966059,3,94.92,95.0
5844,2022,3,0.029331,0.102133,0.208712,0.726743,2,46.08,53.59
5844,2022,4,0.063562,0.070966,0.641807,0.716564,3,80.72,94.64
5844,2023,1,0.065364,0.105641,0.382809,0.618691,2,60.94,78.66
5844,2023,2,0.076064,0.084405,0.566385,0.628499,16,74.7,94.93
5844,2023,3,0.0787,0.092338,0.537947,0.631173,3,73.17,92.32
5844,2023,4,0.07945,0.088145,0.543969,0.603497,9,72.64,94.94
5844,2024,1,0.056814,0.109109,0.353068,0.678056,2,59.48,72.16
5844,2024,2,0.074917,0.086937,0.538559,0.624966,4,72.55,92.83
5844,2024,3,0.072864,0.088319,0.529486,0.641794,2,72.21,90.83
5844,2024,4,0.079203,0.087135,0.541791,0.596048,4,71.9,95.34
5844,2025,1,0.080324,0.090635,0.548587,0.619009,2,72.96,94.14
5844,2025,2,0.082159,0.091246,0.57581,0.639497,9,75.27,94.89
5844,2025,3,0.081357,0.091354,0.621421,0.697779,2,79.19,94.37
5844,2025,4,0.076495,0.085768,0.638952,0.716401,12,80.62,94.44
5844,2026,1,0.075179,0.09779,0.582568,0.757785,2,77.23,87.68
5844,2026,2,0.070578,0.1013,0.544281,0.781201,2,74.78,83.47
5875,2018,4,0.020729,0.057008,0.036437,0.10021,11,13.7,60.3
5875,2019,2,0.052268,0.069646,0.071843,0.095731,15,17.05,86.63
5875,2019,4,0.030603,0.050624,0.047492,0.078563,15,13.06,77.75
5875,2020,1,0.025164,0.119442,0.030629,0.145382,7,13.77,45.9
5875,2020,2,0.037283,0.055043,0.095123,0.140438,15,24.65,82.3
5875,2020,3,0.02938,0.183902,0.024227,0.151644,6,9.83,39.97
5875,2020,4,0.03554,0.093205,0.0363,0.095198,21,11.93,61.75
5875,2021,1,0.030866,0.136171,0.025944,0.114455,8,9.79,47.61
5875,2021,2,0.035879,0.074752,0.048494,0.101036,22,13.0,69.28
5875,2021,3,0.036897,0.118079,0.047311,0.151404,7,16.35,55.9
5875,2021,4,0.043572,0.07709,0.066606,0.117844,22,19.92,75.18
5875,2022,1,0.031044,0.136671,0.057033,0.251083,5,21.01,47.66
5875,2022,2,0.036563,0.060266,0.077076,0.127045,21,23.8,77.89
5875,2022,3,0.02687,0.118544,0.033916,0.149626,7,14.24,47.61
5875,2022,4,0.032824,0.056146,0.079615,0.136183,23,23.09,76.46
5875,2023,1,0.026767,0.124702,0.042204,0.196621,6,14.73,46.33
5875,2023,2,0.021652,0.037516,0.062985,0.109133,24,20.55,75.97
5875,2023,3,0.015372,0.115762,0.033739,0.254084,6,17.51,36.44
5875,2023,4,0.026142,0.043966,0.081282,0.136701,24,24.99,77.11
5875,2024,1,0.025361,0.107021,0.077154,0.325579,5,26.8,48.68
5875,2024,2,0.027482,0.046136,0.069415,0.116532,17,23.85,77.18
5875,2024,3,0.021459,0.103336,0.052292,0.251813,6,21.08,45.57
5875,2024,4,0.027103,0.042022,0.053101,0.08233,14,14.07,80.31
5875,2025,1,0.02316,0.137238,0.025794,0.152845,7,13.38,41.08
5875,2025,2,0.030825,0.049467,0.151185,0.242613,14,38.35,78.94
5875,2025,3,0.027611,0.134846,0.058315,0.284802,5,17.72,45.25
5875,2025,4,0.03599,0.04937,0.20461,0.280681,19,39.98,85.38
5875,2026,1,0.026605,0.132441,0.105453,0.524946,2,29.99,44.82
5875,2026,2,0.042004,0.105194,0.200039,0.500977,3,43.3,63.19
5903,2018,3,0.026679,0.10016,0.046471,0.17447,7,16.17,51.6099
5903,2018,4,0.030794,0.074992,0.048374,0.117806,11,18.24,64.08
5903,2019,1,0.042163,0.101942,0.040213,0.097229,11,15.062,64.3113
5903,2019,2,0.063805,0.071994,0.146784,0.165624,14,36.43,94.1408
5903,2019,3,0.047921,0.106862,0.109396,0.243949,7,29.9277,66.9656
5903,2019,4,0.056972,0.064204,0.134333,0.151385,14,31.16,94.2
5903,2020,1,0.042301,0.109057,0.122215,0.315086,4,31.59,62.28
5903,2020,2,0.051786,0.060056,0.190422,0.220831,8,33.28,92.86
5903,2020,3,0.063538,0.104595,0.188443,0.310213,3,31.35,77.94
5903,2020,4,0.077318,0.086874,0.281935,0.31678,5,41.47,94.34
5903,2021,1,0.084641,0.100723,0.257298,0.306184,3,35.73,91.67
5903,2021,2,0.068065,0.076802,0.373578,0.421534,7,56.11,94.14
5903,2021,3,0.016227,0.106358,0.032677,0.214177,6,16.22,39.06
5903,2021,4,0.019814,0.022577,0.148017,0.168662,21,38.78,93.68
5903,2022,1,0.020878,0.104491,0.095457,0.477741,4,30.85,44.7
5903,2022,2,0.028493,0.032432,0.304035,0.346072,10,55.09,93.73
5903,2022,3,0.028756,0.138416,0.079496,0.382647,4,25.81,45.58
5903,2022,4,0.026644,0.035178,0.233403,0.308154,11,48.28,87.03
5903,2023,1,0.010988,0.117737,0.031293,0.335294,5,16.95,30.55
5903,2023,2,0.025717,0.031686,0.203196,0.250359,18,39.18,90.09
5903,2023,3,0.007938,0.108168,0.012402,0.168999,6,7.49,27.09
5903,2023,4,0.017815,0.021039,0.09214,0.108813,15,20.49,92.02
5903,2024,1,0.01795,0.111359,0.032923,0.204243,7,13.6908,40.149
5903,2024,2,0.04048,0.051714,0.171138,0.218631,8,32.63,88.4742
5903,2024,3,0.030834,0.118345,0.079203,0.303995,5,20.3966,51.0433
5903,2024,4,0.034161,0.043844,0.212557,0.272803,9,36.14,88.27
5903,2025,1,0.019758,0.101595,0.029984,0.154173,7,14.01,44.1
5903,2025,2,0.031507,0.036233,0.112833,0.129759,13,24.31,93.25
5903,2025,3,0.045901,0.117243,0.159624,0.407723,3,30.78,62.57
5903,2025,4,0.06309,0.079222,0.264307,0.331886,6,40.98,89.24
5903,2026,1,0.050822,0.115687,0.140379,0.319549,5,34.11,66.28
5903,2026,2,0.050464,0.117123,0.151578,0.351802,4,33.1,65.64
5914,2019,2,0.017156,0.07773,0.028774,0.130369,11,12.45,46.98
5914,2019,4,0.010146,0.049837,0.030071,0.147711,10,12.37,45.12
5914,2020,1,0.018178,0.14473,0.028207,0.224577,5,14.56,35.44
5914,2020,2,0.025736,0.048268,0.04589,0.086066,14,17.09,73.02
5914,2020,3,0.009002,0.133782,0.008284,0.123109,7,5.39,25.94
5914,2020,4,0.01793,0.035982,0.054944,0.110264,20,21.27,70.59
5914,2021,1,0.024073,0.115465,0.035665,0.171069,6,13.1,45.66
5914,2021,2,0.019908,0.041538,0.055556,0.115916,24,21.38,69.23
5914,2021,3,0.021023,0.103861,0.022963,0.113446,8,10.54,44.99
5914,2021,4,0.021156,0.027419,0.070386,0.091222,21,20.66,87.84
5914,2022,1,0.015029,0.127001,0.01819,0.153719,6,8.91,34.4
5914,2022,2,0.020915,0.033134,0.079522,0.125979,17,23.22,79.45
5914,2022,3,0.015612,0.11585,0.025374,0.188286,6,13.24,36.71
5914,2022,4,0.017105,0.024556,0.029476,0.042317,19,10.96,83.46
5914,2023,1,0.013077,0.113659,0.015357,0.133472,7,8.18,33.92
5914,2023,2,0.023254,0.030124,0.082272,0.106579,13,19.43,87.86
5914,2023,3,0.014418,0.104415,0.015953,0.115527,8,8.98,37.16
5914,2023,4,0.019094,0.027525,0.093314,0.134512,13,22.15,83.29
5914,2024,1,0.009739,0.10587,0.025018,0.271967,6,15.23,30.33
5914,2024,2,0.016952,0.030949,0.077987,0.142378,15,26.11,74.01
5914,2024,3,0.04641,0.107126,0.100742,0.23254,4,23.08,65.82
5914,2024,4,0.042187,0.065198,0.15428,0.238433,7,33.1,80.44
5914,2025,1,0.020099,0.159216,0.039217,0.310657,4,14.72,35.53
5914,2025,2,0.033192,0.05893,0.093194,0.165458,8,23.38,75.05
5914,2025,3,0.025816,0.135371,0.041461,0.217405,5,13.53,43.67
5914,2025,4,0.046865,0.062591,0.145635,0.194506,14,31.12,86.53
5914,2026,1,0.038946,0.115097,0.098223,0.29028,5,23.36,58.17
5914,2026,2,0.030227,0.148149,0.104081,0.510118,2,29.16,45.17
5939,2019,2,0.023974,0.035935,0.123114,0.184533,17,33.66,81.68
5939,2019,4,0.02639,0.042575,0.224506,0.3622,8,46.87,78.73
5939,2020,1,0.015907,0.100773,0.041842,0.265078,4,15.61,39.73
5939,2020,2,0.043841,0.050831,0.43754,0.507302,14,65.95,92.87
5939,2020,3,0.040271,0.105204,0.218821,0.571648,3,46.7,61.87
5939,2020,4,0.035225,0.039395,0.443437,0.495926,20,64.84,94.56
5939,2021,1,0.038278,0.102434,0.198517,0.531237,3,43.82,61.13
5939,2021,2,0.044668,0.049702,0.517795,0.576157,22,72.45,94.8
5939,2021,3,0.029585,0.087825,0.099755,0.296129,6,22.97,58.04
5939,2021,4,0.028362,0.031996,0.357065,0.402816,19,58.85,94.15
5939,2022,1,0.030177,0.120321,0.10185,0.4061,4,30.99,50.08
5939,2022,2,0.021782,0.056555,0.16898,0.438745,17,41.6,62.06
5939,2022,3,0.023655,0.11068,0.053589,0.250744,5,20.13,46.23
5939,2022,4,0.028231,0.041995,0.134441,0.199991,16,33.66,81.99
5939,2023,1,0.021342,0.10959,0.067496,0.346584,6,25.05,44.13
5939,2023,2,0.029574,0.039508,0.154218,0.206016,21,36.35,86.52
5939,2023,3,0.021664,0.129002,0.042292,0.251835,7,19.24,40.98
5939,2023,4,0.022825,0.028412,0.132236,0.164605,21,32.78,89.63
5939,2024,1,0.022204,0.139193,0.041494,0.260119,6,17.88,39.94
5939,2024,2,0.026571,0.035218,0.126546,0.167729,17,30.13,86.86
5939,2024,3,0.023466,0.14987,0.054355,0.347144,4,19.4,39.57
5939,2024,4,0.025335,0.029667,0.191846,0.224654,12,40.49,92.41
5939,2025,1,0.026215,0.138604,0.077105,0.407663,4,25.47,43.49
5939,2025,2,0.03112,0.036631,0.195723,0.230389,10,41.92,92.17
5939,2025,3,0.02297,0.141152,0.09313,0.572293,3,30.6,40.34
5939,2025,4,0.024712,0.030441,0.186274,0.229458,12,41.7,90.1
5939,2026,1,0.024849,0.118203,0.05937,0.282415,5,22.14,45.85
5939,2026,2,0.019653,0.125708,0.064699,0.413834,4,24.03,39.54
5940,2019,2,0.023974,0.035935,0.123114,0.184533,17,33.66,81.68
5940,2019,4,0.02639,0.042575,0.224506,0.3622,8,46.87,78.73
5940,2020,1,0.015907,0.100773,0.041842,0.265078,4,15.61,39.73
5940,2020,2,0.043841,0.050831,0.43754,0.507302,14,65.95,92.87
5940,2020,3,0.040271,0.105204,0.218821,0.571648,3,46.7,61.87
5940,2020,4,0.035225,0.039395,0.443437,0.495926,20,64.84,94.56
5940,2021,1,0.038278,0.102434,0.198517,0.531237,3,43.82,61.13
5940,2021,2,0.044668,0.049702,0.517795,0.576157,22,72.45,94.8
5940,2021,3,0.027951,0.118777,0.076829,0.326486,4,21.06,48.51
5940,2021,4,0.028362,0.031996,0.357065,0.402816,19,58.85,94.15
5940,2022,1,0.02963,0.132548,0.086159,0.38543,4,28.19,47.28
5940,2022,2,0.021782,0.056555,0.16898,0.438745,17,41.6,62.06
5940,2022,3,0.023205,0.124918,0.052905,0.284801,4,20.13,43.1
5940,2022,4,0.028222,0.042281,0.134212,0.20107,16,33.66,81.7
5940,2023,1,0.021076,0.124951,0.066066,0.391677,4,25.05,41.07
5940,2023,2,0.029574,0.039508,0.154218,0.206016,21,36.35,86.52
5940,2023,3,0.021601,0.138869,0.041392,0.266102,6,18.94,39.44
5940,2023,4,0.022825,0.028412,0.132236,0.164605,21,32.78,89.63
5940,2024,1,0.022073,0.153182,0.038842,0.269554,6,17.21,37.96
5940,2024,2,0.026571,0.035218,0.126546,0.167729,17,30.13,86.86
5940,2024,3,0.023352,0.157544,0.050588,0.341289,4,18.33,38.5
5940,2024,4,0.025335,0.029667,0.191846,0.224654,12,40.49,92.41
5940,2025,1,0.026215,0.138604,0.077105,0.407663,4,25.47,43.49
5940,2025,2,0.03112,0.036631,0.195723,0.230389,10,41.92,92.17
5940,2025,3,0.02297,0.141152,0.09313,0.572293,3,30.6,40.34
5940,2025,4,0.024712,0.030441,0.186274,0.229458,12,41.7,90.1
5940,2026,1,0.024849,0.118203,0.05937,0.282415,5,22.14,45.85
5940,2026,2,0.019653,0.125708,0.064699,0.413834,4,24.03,39.54
6025,2019,2,0.047299,0.083886,0.095873,0.170032,13,28.05,75.09
6025,2019,4,0.028707,0.039808,0.094096,0.130482,24,25.47,84.92
6025,2020,1,0.02951,0.123259,0.048636,0.203144,5,15.47,48.93
6025,2020,2,0.032894,0.053749,0.077106,0.125991,22,21.82,78.23
6025,2020,3,0.020025,0.135734,0.025863,0.175302,6,10.42,38.41
6025,2020,4,0.025547,0.053042,0.046134,0.095787,22,14.33,69.4
6025,2021,1,0.022711,0.13276,0.02699,0.157775,7,11.38,41.36
6025,2021,2,0.025835,0.051062,0.044985,0.088913,23,14.87,71.13
6025,2021,3,0.021316,0.132696,0.026077,0.162332,6,11.22,40.08
6025,2021,4,0.016095,0.03666,0.087348,0.198953,16,27.52,66.26
6025,2022,1,0.015235,0.101723,0.056965,0.380354,5,23.69,38.7
6025,2022,2,0.016086,0.040774,0.02997,0.075967,16,10.88,62.81
6025,2022,3,0.066088,0.105759,0.387542,0.620175,3,62.34,79.05
6025,2022,4,0.074823,0.089507,0.480913,0.575293,4,68.97,91.43
6025,2023,1,0.062871,0.105903,0.344772,0.580747,2,56.84,77.05
6025,2023,2,0.069395,0.079277,0.663526,0.758014,17,82.58,93.56
6025,2023,3,0.062017,0.101233,0.46781,0.763623,2,69.24,78.27
6025,2023,4,0.077876,0.088474,0.521873,0.59289,22,73.15,93.82
6025,2024,1,0.087243,0.101109,0.441525,0.511702,4,66.77,92.89
6025,2024,2,0.067527,0.093971,0.349663,0.486592,9,59.26,84.77
6025,2024,3,0.062421,0.101141,0.327908,0.531312,4,57.71,78.56
6025,2024,4,0.063941,0.074521,0.407718,0.475178,15,64.06,92.63
6025,2025,1,0.066613,0.08372,0.388152,0.487835,3,60.29,89.2
6025,2025,2,0.070617,0.078826,0.363788,0.406076,17,57.72,94.65
6025,2025,3,0.05275,0.102925,0.338103,0.659697,3,58.86,71.59
6025,2025,4,0.052343,0.067807,0.357772,0.463472,15,59.51,87.86
6025,2026,1,0.038036,0.110538,0.225351,0.654902,3,47.95,58.66
6025,2026,2,0.042552,0.10745,0.269903,0.681543,3,52.67,62.93
6154,2019,2,0.029088,0.037494,0.122773,0.158252,15,28.55,88.08
6154,2019,4,0.034977,0.043793,0.087783,0.109907,14,24.05,89.37
6154,2020,1,0.018265,0.106106,0.053036,0.308092,5,21.83,41.49
6154,2020,2,0.041478,0.051402,0.224287,0.277946,10,34.0,89.83
6154,2020,3,0.032744,0.114873,0.12202,0.428067,3,31.86,53.39
6154,2020,4,0.043141,0.055356,0.234025,0.300288,20,40.63,88.28
6154,2021,1,0.032035,0.115566,0.174485,0.629452,3,42.18,52.65
6154,2021,2,0.031372,0.043854,0.154724,0.216283,14,36.56,84.58
6154,2021,3,0.01706,0.101834,0.029034,0.173311,6,12.37,40.93
6154,2021,4,0.024697,0.029065,0.103109,0.121346,20,20.24,92.18
6154,2022,1,0.021595,0.102812,0.042191,0.20087,5,16.13,45.83
6154,2022,2,0.026845,0.031903,0.110162,0.13092,16,24.51,91.73
6154,2022,3,0.023391,0.09323,0.070077,0.2793,4,18.73,50.09
6154,2022,4,0.033283,0.037836,0.174583,0.198467,15,34.68,93.79
6154,2023,1,0.026567,0.09825,0.061376,0.226984,5,18.11,52.0
6154,2023,2,0.034785,0.041905,0.160771,0.193676,19,36.15,91.11
6154,2023,3,0.029678,0.110434,0.068022,0.253116,6,24.57,51.84
6154,2023,4,0.037072,0.042478,0.201351,0.230714,20,36.29,93.42
6154,2024,1,0.034016,0.105101,0.082827,0.255918,5,24.95,56.89
6154,2024,2,0.045068,0.052843,0.214263,0.251231,13,42.22,92.35
6154,2024,3,0.026866,0.105515,0.105377,0.413857,5,32.39,50.46
6154,2024,4,0.029017,0.046459,0.125442,0.200844,14,32.68,79.03
6154,2025,1,0.026828,0.114763,0.088982,0.380635,6,29.69,48.35
6154,2025,2,0.028499,0.044731,0.049494,0.077684,17,16.45,79.82
6154,2025,3,0.017433,0.144948,0.022689,0.188653,6,12.57,34.68
6154,2025,4,0.026137,0.040594,0.065819,0.102227,15,17.5,80.24
6154,2026,1,0.013646,0.115046,0.023418,0.197432,5,10.64,34.44
6154,2026,2,0.01317,0.107389,0.013356,0.108901,8,6.53,35.02
6250,2019,2,0.017698,0.045642,0.056851,0.146617,14,17.82,62.27
6250,2019,4,0.051091,0.057588,0.230162,0.259432,7,43.86,94.19
6250,2020,1,0.021371,0.107726,0.123148,0.620763,2,34.59,44.54
6250,2020,2,0.03392,0.046882,0.279075,0.385719,8,51.74,85.06
6250,2020,3,0.034053,0.104922,0.15556,0.479297,3,38.14,56.97
6250,2020,4,0.033595,0.04751,0.286852,0.405666,18,51.83,84.09
6250,2021,1,0.02558,0.101911,0.12389,0.493585,3,34.44,50.1
6250,2021,2,0.041039,0.04834,0.368365,0.433893,25,60.69,92.14
6250,2021,3,0.029205,0.105398,0.212597,0.767231,2,46.69,52.64
6250,2021,4,0.041812,0.047189,0.36206,0.408625,19,59.2,94.13
6250,2022,1,0.035617,0.108177,0.197393,0.59953,3,44.72,57.38
6250,2022,2,0.037434,0.043291,0.248681,0.287587,10,43.49,92.99
6250,2022,3,0.033089,0.108006,0.095946,0.313179,4,24.01,55.35
6250,2022,4,0.036675,0.041764,0.265508,0.302347,9,40.6,93.71
6250,2023,1,0.017748,0.097568,0.062747,0.344947,4,22.45,42.65
6250,2023,2,0.021606,0.029118,0.179161,0.241453,10,32.5,86.14
6250,2023,3,0.020151,0.092199,0.077336,0.35385,4,25.86,46.75
6250,2023,4,0.028699,0.036576,0.226655,0.288864,9,40.45,88.58
6250,2024,1,0.030002,0.113736,0.070101,0.265752,5,24.56,51.36
6250,2024,2,0.038915,0.050412,0.220539,0.285695,8,38.96,87.86
6250,2024,3,0.032114,0.122456,0.088041,0.335719,4,22.67,51.21
6250,2024,4,0.02963,0.034675,0.193601,0.226562,9,37.22,92.44
6250,2025,1,0.015719,0.104631,0.054706,0.364137,3,20.81,38.76
6250,2025,2,0.021,0.027174,0.061289,0.079306,15,15.65,87.91
6250,2025,3,0.029794,0.107645,0.046569,0.16825,7,16.36,52.61
6250,2025,4,0.038673,0.044791,0.107184,0.12414,9,24.26,92.92
6250,2026,1,0.035727,0.11607,0.052475,0.170481,7,19.69,55.48
6250,2026,2,0.045334,0.120565,0.091507,0.24336,5,24.35,61.32
6271,2019,2,0.024177,0.05311,0.109097,0.239659,6,30.22,67.47
6271,2019,4,0.024263,0.029222,0.046278,0.055738,17,16.31,91.12
6271,2020,1,0.020677,0.115616,0.017219,0.096282,9,8.91,42.29
6271,2020,2,0.021741,0.044091,0.035301,0.071592,18,12.83,70.22
6271,2020,3,0.038551,0.106269,0.093695,0.258279,4,20.6,60.23
6271,2020,4,0.03721,0.04363,0.13631,0.159828,13,30.85,92.35
6271,2021,1,0.048115,0.105135,0.12204,0.266665,5,27.86,67.65
6271,2021,2,0.058664,0.068076,0.181179,0.210248,16,34.33,92.83
6271,2021,3,0.031442,0.101055,0.069245,0.222552,6,23.24,55.78
6271,2021,4,0.04761,0.056434,0.198282,0.235031,14,41.37,91.85
6271,2022,1,0.039415,0.108149,0.139462,0.38266,5,36.73,60.37
6271,2022,2,0.0516,0.058162,0.253403,0.285629,10,48.21,94.19
6271,2022,3,0.034099,0.102243,0.110886,0.332486,5,31.87,57.75
6271,2022,4,0.036922,0.052602,0.126407,0.18009,10,21.64,83.78
6271,2023,1,0.037819,0.116607,0.092079,0.283905,5,26.06,56.95
6271,2023,2,0.037768,0.046226,0.200501,0.245401,7,38.19,90.39
6271,2023,3,0.021225,0.103388,0.052271,0.254608,4,16.65,45.31
6271,2023,4,0.024926,0.034901,0.076711,0.107409,15,21.24,84.51
6271,2024,1,0.014189,0.106566,0.024863,0.186725,6,11.5,36.49
6271,2024,2,0.01846,0.029601,0.043247,0.069348,18,14.49,78.97
6271,2024,3,0.010893,0.11335,0.023465,0.244172,5,12.94,31.0
6271,2024,4,0.016126,0.022866,0.060606,0.085933,18,22.36,83.98
6271,2025,1,0.009039,0.116116,0.013705,0.176058,6,9.27,27.9
6271,2025,2,0.015309,0.021441,0.039818,0.055765,20,12.85,84.5
6271,2025,3,0.009332,0.120403,0.013113,0.169183,6,8.58,27.84
6271,2025,4,0.062085,0.07186,0.714508,0.827006,2,85.87,92.95
6271,2026,1,0.064262,0.102863,0.495098,0.792496,2,71.37,79.04
6271,2026,2,0.064505,0.103541,0.602898,0.967742,1,78.93,78.93
6281,2019,2,0.031017,0.034977,0.090636,0.102206,17,20.28,94.17
6281,2019,4,0.042191,0.050681,0.11289,0.135608,12,28.22,91.24
6281,2020,1,0.027375,0.101748,0.057823,0.214914,6,21.08,51.87
6281,2020,2,0.032031,0.037323,0.121592,0.14168,13,26.85,92.64
6281,2020,3,0.026,0.105006,0.041351,0.167003,6,13.11,49.76
6281,2020,4,0.05307,0.060641,0.089772,0.102578,23,18.55,93.55
6281,2021,1,0.03149,0.105709,0.034652,0.116322,8,13.86,54.58
6281,2021,2,0.049161,0.05483,0.150266,0.167592,25,34.21,94.69
6281,2021,3,0.017504,0.101147,0.048987,0.283072,5,20.55,41.6
6281,2021,4,0.034219,0.04205,0.159423,0.195904,19,35.93,90.21
6281,2022,1,0.023495,0.104795,0.101032,0.450631,4,31.55,47.35
6281,2022,2,0.03381,0.04415,0.119788,0.156421,13,26.01,87.51
6281,2022,3,0.01758,0.100422,0.056429,0.322343,4,20.56,41.84
6281,2022,4,0.024635,0.042684,0.169559,0.293789,14,39.9,75.97
6281,2023,1,0.021633,0.106307,0.055182,0.271178,5,20.55,45.11
6281,2023,2,0.028327,0.034909,0.183249,0.225831,15,34.06,90.08
6281,2023,3,0.031942,0.085143,0.114115,0.304181,3,23.16,61.25
6281,2023,4,0.030032,0.042797,0.142041,0.202413,14,31.02,83.77
6281,2024,1,0.021781,0.086295,0.074061,0.29342,5,22.64,50.24
6281,2024,2,0.050507,0.057551,0.304155,0.346578,7,51.89,93.68
6281,2024,3,0.039659,0.106232,0.139696,0.374197,4,31.83,61.1
6281,2024,4,0.047067,0.060709,0.219226,0.28277,11,41.09,88.05
6281,2025,1,0.044747,0.095502,0.159627,0.34069,4,37.62,68.45
6281,2025,2,0.046513,0.053663,0.330556,0.381369,13,56.47,93.1
6281,2025,3,0.056971,0.096238,0.177067,0.299111,5,35.51,76.94
6281,2025,4,0.046583,0.05809,0.283225,0.353184,15,48.28,89.55
6281,2026,1,0.03739,0.108254,0.13246,0.383508,3,32.92,58.77
6281,2026,2,0.048503,0.11333,0.1668,0.38974,3,35.93,65.42
6314,2019,4,0.03779,0.047484,0.084934,0.106722,16,21.52,89.21
6314,2020,1,0.027013,0.115697,0.048763,0.208851,6,18.05,48.32
6314,2020,2,0.033757,0.039351,0.085759,0.09997,17,22.66,92.62
6314,2020,3,0.022067,0.095936,0.025824,0.112271,8,10.75,47.96
6314,2020,4,0.028702,0.033963,0.063362,0.074975,18,16.47,91.93
6314,2021,1,0.013995,0.102947,0.014824,0.10905,8,7.64,36.87
6314,2021,2,0.034114,0.038633,0.079646,0.090196,24,20.08,93.97
6314,2021,3,0.020114,0.091912,0.028251,0.129096,8,13.8,46.78
6314,2021,4,0.024909,0.028353,0.039945,0.045468,23,10.77,93.73
6314,2022,1,0.013883,0.106468,0.016974,0.130174,7,8.87,36.11
6314,2022,2,0.023682,0.028182,0.062195,0.074011,21,21.48,91.67
6314,2022,3,0.014304,0.096852,0.024651,0.166917,7,12.51,38.43
6314,2022,4,0.02333,0.027438,0.107679,0.126641,22,28.32,92.21
6314,2023,1,0.010987,0.104469,0.045913,0.436561,4,20.91,32.43
6314,2023,2,0.016368,0.018807,0.073015,0.083896,20,19.01,93.29
6314,2023,3,0.010501,0.111416,0.021474,0.227847,6,12.19,30.7
6314,2023,4,0.01778,0.021079,0.071096,0.08429,22,21.58,91.84
6314,2024,1,0.015383,0.106921,0.02767,0.192328,7,15.13,37.93
6314,2024,2,0.022511,0.026601,0.058829,0.06952,22,16.94,91.99
6314,2024,3,0.018856,0.114058,0.021732,0.131452,8,10.69,40.66
6314,2024,4,0.016305,0.019226,0.083101,0.09799,27,27.14,92.09
6314,2025,1,0.012432,0.10761,0.018179,0.157347,7,10.1,33.99
6314,2025,2,0.0365,0.041343,0.114349,0.129523,17,29.63,93.96
6314,2025,3,0.006026,0.101632,0.015201,0.25637,5,9.87,24.35
6314,2025,4,0.018889,0.020886,0.050437,0.055769,20,16.16,95.1
6314,2026,1,0.006745,0.078838,0.010992,0.128475,9,7.87,29.25
6314,2026,2,0.006394,0.101417,0.032969,0.522895,4,18.29,25.11
6315,2019,4,0.03779,0.047484,0.084934,0.106722,16,21.52,89.21
6315,2020,1,0.027013,0.115697,0.048763,0.208851,6,18.05,48.32
6315,2020,2,0.033757,0.039351,0.085759,0.09997,17,22.66,92.62
6315,2020,3,0.021354,0.104105,0.024211,0.118034,8,10.75,45.29
6315,2020,4,0.028702,0.033963,0.063362,0.074975,18,16.47,91.93
6315,2021,1,0.013995,0.102947,0.014824,0.10905,8,7.64,36.87
6315,2021,2,0.034114,0.038633,0.079646,0.090196,24,20.08,93.97
6315,2021,3,0.019712,0.10145,0.026096,0.134305,8,13.8,44.08
6315,2021,4,0.024909,0.028353,0.039945,0.045468,23,10.77,93.73
6315,2022,1,0.013883,0.106468,0.016974,0.130174,7,8.87,36.11
6315,2022,2,0.023682,0.028182,0.062195,0.074011,21,21.48,91.67
6315,2022,3,0.014045,0.103596,0.024783,0.182804,6,12.51,36.82
6315,2022,4,0.02333,0.027438,0.107679,0.126641,22,28.32,92.21
6315,2023,1,0.01087,0.110604,0.041736,0.424651,4,19.83,31.35
6315,2023,2,0.016368,0.018807,0.073015,0.083896,20,19.01,93.29
6315,2023,3,0.010501,0.111416,0.021474,0.227847,6,12.19,30.7
6315,2023,4,0.01778,0.021079,0.071096,0.08429,22,21.58,91.84
6315,2024,1,0.015383,0.106921,0.02767,0.192328,7,15.13,37.93
6315,2024,2,0.022511,0.026601,0.058829,0.06952,22,16.94,91.99
6315,2024,3,0.018856,0.114058,0.021732,0.131452,8,10.69,40.66
6315,2024,4,0.016305,0.019226,0.083101,0.09799,27,27.14,92.09
6315,2025,1,0.012432,0.10761,0.018179,0.157347,7,10.1,33.99
6315,2025,2,0.0365,0.041343,0.114349,0.129523,17,29.63,93.96
6315,2025,3,0.006026,0.101632,0.015201,0.25637,5,9.87,24.35
6315,2025,4,0.018889,0.020886,0.050437,0.055769,20,16.16,95.1
6315,2026,1,0.005874,0.100712,0.010999,0.18859,6,7.87,24.15
6315,2026,2,0.006394,0.101417,0.032969,0.522895,4,18.29,25.11
6522,2019,2,0.026696,0.043711,0.047162,0.077221,14,16.06,78.15
6522,2019,4,0.041194,0.059239,0.096214,0.13836,17,25.23,83.39
6522,2020,1,0.023846,0.105022,0.070682,0.311305,4,19.95,47.65
6522,2020,2,0.035804,0.041326,0.144526,0.166814,13,31.74,93.08
6522,2020,3,0.023447,0.10489,0.050239,0.224742,5,15.86,47.28
6522,2020,4,0.0332,0.043186,0.102602,0.133461,13,27.24,87.68
6522,2021,1,0.028125,0.106167,0.104335,0.393843,3,29.54,51.47
6522,2021,2,0.032216,0.043247,0.173607,0.233048,12,30.41,86.31
6522,2021,3,0.022683,0.108611,0.051872,0.248371,6,21.4,45.7
6522,2021,4,0.028962,0.034397,0.107722,0.127937,16,31.6,91.76
6522,2022,1,0.027054,0.108824,0.048593,0.195464,6,18.91,49.86
6522,2022,2,0.046423,0.055231,0.114753,0.136526,13,23.73,91.68
6522,2022,3,0.029097,0.10461,0.076,0.273233,4,22.94,52.74
6522,2022,4,0.027052,0.041859,0.067703,0.104763,14,20.26,80.39
6522,2023,1,0.021974,0.104849,0.043048,0.205399,6,18.35,45.78
6522,2023,2,0.027288,0.033726,0.194083,0.239875,17,43.62,89.95
6522,2023,3,0.020644,0.113173,0.02885,0.158159,6,10.17,42.71
6522,2023,4,0.04243,0.055154,0.080232,0.104292,13,20.46,87.71
6522,2024,1,0.034961,0.103215,0.054471,0.160814,6,14.14,58.2
6522,2024,2,0.05017,0.066558,0.10135,0.134458,10,23.6,86.82
6522,2024,3,0.039292,0.103246,0.103903,0.273023,4,24.74,61.69
6522,2024,4,0.043831,0.054842,0.138816,0.173686,11,28.8,89.4
6522,2025,1,0.026796,0.115149,0.044896,0.192927,6,17.81,48.24
6522,2025,2,0.055694,0.07576,0.137173,0.186596,12,32.72,85.74
6522,2025,3,0.042617,0.102375,0.112367,0.269928,5,25.81,64.52
6522,2025,4,0.06122,0.070662,0.174764,0.201716,12,36.88,93.08
6522,2026,1,0.051376,0.106978,0.108256,0.225417,6,23.55,69.3
6522,2026,2,0.033508,0.113727,0.115098,0.390649,3,31.3,54.28
6523,2019,2,0.026696,0.043711,0.047162,0.077221,14,16.06,78.15
6523,2019,4,0.041194,0.059239,0.096214,0.13836,17,25.23,83.39
6523,2020,1,0.023846,0.105022,0.070682,0.311305,4,19.95,47.65
6523,2020,2,0.035804,0.041326,0.144526,0.166814,13,31.74,93.08
6523,2020,3,0.023447,0.10489,0.050239,0.224742,5,15.86,47.28
6523,2020,4,0.0332,0.043186,0.102602,0.133461,13,27.24,87.68
6523,2021,1,0.028125,0.106167,0.104335,0.393843,3,29.54,51.47
6523,2021,2,0.032216,0.043247,0.173607,0.233048,12,30.41,86.31
6523,2021,3,0.022683,0.108611,0.051872,0.248371,6,21.4,45.7
6523,2021,4,0.028962,0.034397,0.107722,0.127937,16,31.6,91.76
6523,2022,1,0.027054,0.108824,0.048593,0.195464,6,18.91,49.86
6523,2022,2,0.046423,0.055231,0.114753,0.136526,13,23.73,91.68
6523,2022,3,0.029097,0.10461,0.076,0.273233,4,22.94,52.74
6523,2022,4,0.027052,0.041859,0.067703,0.104763,14,20.26,80.39
6523,2023,1,0.021974,0.104849,0.043048,0.205399,6,18.35,45.78
6523,2023,2,0.027288,0.033726,0.194083,0.239875,17,43.62,89.95
6523,2023,3,0.020644,0.113173,0.02885,0.158159,6,10.17,42.71
6523,2023,4,0.04243,0.055154,0.080232,0.104292,13,20.46,87.71
6523,2024,1,0.034961,0.103215,0.054471,0.160814,6,14.14,58.2
6523,2024,2,0.05017,0.066558,0.10135,0.134458,10,23.6,86.82
6523,2024,3,0.039292,0.103246,0.103903,0.273023,4,24.74,61.69
6523,2024,4,0.043831,0.054842,0.138816,0.173686,11,28.8,89.4
6523,2025,1,0.026796,0.115149,0.044896,0.192927,6,17.81,48.24
6523,2025,2,0.055694,0.07576,0.137173,0.186596,12,32.72,85.74
6523,2025,3,0.042617,0.102375,0.112367,0.269928,5,25.81,64.52
6523,2025,4,0.06122,0.070662,0.174764,0.201716,12,36.88,93.08
6523,2026,1,0.051376,0.106978,0.108256,0.225417,6,23.55,69.3
6523,2026,2,0.033508,0.113727,0.115098,0.390649,3,31.3,54.28
6533,2019,2,0.002826,0.065949,0.003013,0.070314,19,3.56,20.7
6533,2019,4,0.025867,0.036862,0.049172,0.070072,20,19.2,83.77
6533,2020,1,0.016621,0.162819,0.013328,0.130561,7,8.33,31.95
6533,2020,2,0.03149,0.044332,0.134126,0.188828,16,30.07,84.28
6533,2020,3,0.021195,0.119524,0.03018,0.170195,6,12.95,42.11
6533,2020,4,0.02972,0.059289,0.051164,0.102069,22,14.9,70.8
6533,2021,1,0.034889,0.149305,0.042569,0.18217,7,17.56,48.34
6533,2021,2,0.034734,0.053706,0.106604,0.164834,22,28.33,80.42
6533,2021,3,0.017975,0.097169,0.025736,0.139123,7,9.53,43.01
6533,2021,4,0.02093,0.036179,0.052414,0.090602,19,17.6,76.06
6533,2022,1,0.020796,0.122695,0.02847,0.167966,8,12.83,41.17
6533,2022,2,0.035203,0.057287,0.165287,0.268979,16,36.81,78.39
6533,2022,3,0.0232,0.102868,0.03704,0.164238,7,14.29,47.49
6533,2022,4,0.028634,0.037485,0.097602,0.127772,17,25.61,87.4
6533,2023,1,0.021029,0.092616,0.0416,0.183218,6,13.28,47.65
6533,2023,2,0.021074,0.034736,0.063537,0.104728,22,17.92,77.89
6533,2023,3,0.012062,0.114268,0.02202,0.208606,6,12.27,32.49
6533,2023,4,0.020992,0.026306,0.178035,0.223106,22,40.57,89.33
6533,2024,1,0.020987,0.106509,0.086402,0.438486,3,26.85,44.39
6533,2024,2,0.035684,0.054308,0.163351,0.248604,14,38.3,81.06
6533,2024,3,0.028154,0.116168,0.081977,0.338246,6,28.02,49.23
6533,2024,4,0.027873,0.042086,0.119148,0.179908,17,30.57,81.38
6533,2025,1,0.008224,0.103196,0.013172,0.165278,7,8.62,28.23
6533,2025,2,0.023198,0.036003,0.1039,0.161253,19,27.69,80.27
6533,2025,3,0.036708,0.120602,0.094398,0.310138,5,22.83,55.17
6533,2025,4,0.027696,0.042371,0.106552,0.163006,17,23.17,80.85
6533,2026,1,0.031573,0.104451,0.094761,0.313487,6,29.11,54.98
6533,2026,2,0.031997,0.115165,0.11009,0.396243,4,29.87,52.71
6615,2019,2,0.010889,0.020184,0.030249,0.056069,18,10.72,73.45
6615,2019,4,0.023519,0.030902,0.049142,0.064569,20,13.56,87.24
6615,2020,1,0.01515,0.104092,0.019016,0.130657,8,11.36,38.15
6615,2020,2,0.024386,0.032698,0.047604,0.063829,19,13.71,86.36
6615,2020,3,0.014535,0.122399,0.01549,0.130443,9,10.96,34.46
6615,2020,4,0.024351,0.04297,0.048188,0.085031,25,19.51,75.28
6615,2021,1,0.01541,0.125079,0.012744,0.103438,10,8.6,35.1
6615,2021,2,0.029566,0.040683,0.115325,0.158685,24,28.65,85.25
6615,2021,3,0.01919,0.105695,0.042828,0.235886,6,19.13,42.61
6615,2021,4,0.026646,0.035196,0.061908,0.081773,21,16.94,87.01
6615,2022,1,0.018794,0.151512,0.063364,0.510816,3,24.83,35.22
6615,2022,2,0.015289,0.046795,0.096945,0.296717,18,31.11,57.16
6615,2022,3,0.016064,0.128547,0.03969,0.317618,4,15.11,35.35
6615,2022,4,0.016884,0.034704,0.113545,0.233388,15,30.03,69.75
6615,2023,1,0.030357,0.121865,0.144058,0.578311,3,37.78,49.91
6615,2023,2,0.028604,0.042572,0.287539,0.427944,20,53.85,81.97
6615,2023,3,0.02098,0.127466,0.057942,0.35203,4,19.31,40.57
6615,2023,4,0.039764,0.055637,0.166104,0.23241,21,38.12,84.54
6615,2024,1,0.024835,0.111193,0.0534,0.239087,5,16.97,47.26
6615,2024,2,0.035983,0.04897,0.072157,0.098201,23,17.76,85.72
6615,2024,3,0.034856,0.121461,0.053417,0.186137,6,17.06,53.57
6615,2024,4,0.040225,0.055167,0.205354,0.281637,14,39.74,85.39
6615,2025,1,0.028505,0.149949,0.073212,0.38513,3,22.66,43.6
6615,2025,2,0.029541,0.067611,0.095445,0.21845,17,27.86,66.1
6615,2025,3,0.04321,0.119114,0.082629,0.227775,6,22.87,60.23
6615,2025,4,0.057636,0.07,0.156977,0.190651,17,29.63,90.74
6615,2026,1,0.054805,0.123633,0.176133,0.397331,5,41.38,66.58
6615,2026,2,0.049039,0.124383,0.134409,0.340916,4,32.28,62.79
6616,2019,2,0.010889,0.020184,0.030249,0.056069,18,10.72,73.45
6616,2019,4,0.023519,0.030902,0.049142,0.064569,20,13.56,87.24
6616,2020,1,0.01515,0.104092,0.019016,0.130657,8,11.36,38.15
6616,2020,2,0.024386,0.032698,0.047604,0.063829,19,13.71,86.36
6616,2020,3,0.014535,0.122399,0.01549,0.130443,9,10.96,34.46
6616,2020,4,0.024351,0.04297,0.048188,0.085031,25,19.51,75.28
6616,2021,1,0.015289,0.132256,0.012868,0.111314,9,8.6,34.0
6616,2021,2,0.029566,0.040683,0.115325,0.158685,24,28.65,85.25
6616,2021,3,0.01919,0.105695,0.042828,0.235886,6,19.13,42.61
6616,2021,4,0.026646,0.035196,0.061908,0.081773,21,16.94,87.01
6616,2022,1,0.018794,0.151512,0.063364,0.510816,3,24.83,35.22
6616,2022,2,0.015289,0.046795,0.096945,0.296717,18,31.11,57.16
6616,2022,3,0.016064,0.128547,0.03969,0.317618,4,15.11,35.35
6616,2022,4,0.016884,0.034704,0.113545,0.233388,15,30.03,69.75
6616,2023,1,0.030357,0.121865,0.144058,0.578311,3,37.78,49.91
6616,2023,2,0.028604,0.042572,0.287539,0.427944,20,53.85,81.97
6616,2023,3,0.02098,0.127466,0.057942,0.35203,4,19.31,40.57
6616,2023,4,0.039764,0.055637,0.166104,0.23241,21,38.12,84.54
6616,2024,1,0.024835,0.111193,0.0534,0.239087,5,16.97,47.26
6616,2024,2,0.035983,0.04897,0.072157,0.098201,23,17.76,85.72
6616,2024,3,0.034856,0.121461,0.053417,0.186137,6,17.06,53.57
6616,2024,4,0.040225,0.055167,0.205354,0.281637,14,39.74,85.39
6616,2025,1,0.028505,0.149949,0.073212,0.38513,3,22.66,43.6
6616,2025,2,0.029541,0.067611,0.095445,0.21845,17,27.86,66.1
6616,2025,3,0.04321,0.119114,0.082629,0.227775,6,22.87,60.23
6616,2025,4,0.057636,0.07,0.156977,0.190651,17,29.63,90.74
6616,2026,1,0.054805,0.123633,0.176133,0.397331,5,41.38,66.58
6616,2026,2,0.049039,0.124383,0.134409,0.340916,4,32.28,62.79
6769,2019,4,0.01735,0.027156,0.040639,0.06361,22,16.23,79.93
6769,2020,1,0.00844,0.10112,0.009146,0.109586,8,6.2,28.89
6769,2020,2,0.013418,0.018025,0.03756,0.050456,25,12.25,86.28
6769,2020,3,0.007428,0.101744,0.010816,0.148146,7,8.31,27.02
6769,2020,4,0.017827,0.02734,0.043501,0.066713,22,13.49,80.75
6769,2021,1,0.013984,0.103881,0.021142,0.157056,7,12.07,36.69
6769,2021,2,0.023845,0.033867,0.063201,0.089762,23,15.13,83.91
6769,2021,3,0.010288,0.115536,0.01995,0.224048,6,10.73,29.84
6769,2021,4,0.017355,0.023903,0.056824,0.078261,27,13.8,85.21
6769,2022,1,0.007247,0.105571,0.008168,0.118992,8,6.87,26.2
6769,2022,2,0.021031,0.029587,0.072706,0.102285,22,23.23,84.31
6769,2022,3,0.012765,0.117431,0.021752,0.200104,6,12.67,32.97
6769,2022,4,0.019809,0.025371,0.047023,0.060228,21,20.02,88.36
6769,2023,1,0.009497,0.106304,0.028209,0.315747,4,15.05,29.89
6769,2023,2,0.017493,0.03027,0.068595,0.118696,18,18.21,76.02
6769,2023,3,0.009057,0.101719,0.01163,0.130616,7,6.31,29.84
6769,2023,4,0.028996,0.039407,0.146564,0.199185,20,35.35,85.78
6769,2024,1,0.01243,0.105042,0.030437,0.257207,5,15.54,34.4
6769,2024,2,0.025227,0.051132,0.085064,0.172415,18,26.53,70.24
6769,2024,3,0.031302,0.111772,0.0741,0.264594,5,21.81,52.92
6769,2024,4,0.036768,0.048499,0.154162,0.203349,13,29.81,87.07
6769,2025,1,0.028628,0.131947,0.056616,0.26094,5,21.46,46.58
6769,2025,2,0.032799,0.067824,0.061995,0.1282,14,19.22,69.54
6769,2025,3,0.03039,0.129037,0.046644,0.198049,5,13.07,48.53
6769,2025,4,0.036978,0.048044,0.087621,0.113844,14,20.72,87.73
6769,2026,1,0.011181,0.115378,0.021983,0.226848,5,12.19,31.13
6769,2026,2,0.0143,0.113534,0.019205,0.152477,6,8.44,35.49
6887,2019,2,0.055875,0.069104,0.109851,0.13586,10,26.81,89.92
6887,2019,4,0.059771,0.075766,0.167028,0.211723,7,36.54,88.82
6887,2020,1,0.011492,0.102765,0.046847,0.418937,4,21.0,33.44
6887,2020,2,0.026034,0.043345,0.275416,0.458548,6,51.87,77.5
6887,2020,3,0.029864,0.107571,0.12593,0.4536,4,35.03,52.69
6887,2020,4,0.033032,0.037384,0.114221,0.129268,11,28.74,94.0
6887,2021,1,0.025408,0.103027,0.087993,0.356808,3,25.68,49.66
6887,2021,2,0.037103,0.04327,0.157772,0.183996,8,31.47,92.6
6887,2021,3,0.014776,0.108106,0.068475,0.500998,3,25.41,36.97
6887,2021,4,0.021941,0.027913,0.130933,0.166569,10,30.75,88.66
6887,2022,1,0.013405,0.104127,0.028007,0.217551,5,12.1,35.88
6887,2022,2,0.039052,0.04581,0.385096,0.451735,4,61.15,92.33
6887,2022,3,0.038011,0.105869,0.118857,0.33104,3,27.45,59.92
6887,2022,4,0.045998,0.062352,0.573746,0.77774,3,77.04,85.89
6887,2023,1,0.029556,0.101808,0.140853,0.48519,3,36.62,53.88
6887,2023,2,0.044627,0.053596,0.265718,0.319121,5,46.85,91.25
6887,2023,3,0.061301,0.090812,0.280837,0.416039,3,47.9,82.16
6887,2023,4,0.021146,0.023942,0.107249,0.121429,13,20.6,93.98
6887,2024,1,0.044413,0.110493,0.147989,0.368172,3,30.41,63.4
6887,2024,2,0.06047,0.069037,0.371823,0.4245,6,55.64,93.59
6887,2024,3,0.048807,0.107534,0.226592,0.499243,2,42.14,67.37
6887,2024,4,0.033994,0.038514,0.297408,0.336945,7,44.26,93.95
6887,2025,1,0.013478,0.115777,0.029395,0.252494,4,10.7,34.12
6887,2025,2,0.066302,0.074781,0.436267,0.492061,4,59.27,94.16
6887,2025,3,0.06885,0.100693,0.371764,0.543702,2,57.46,82.69
6887,2025,4,0.046032,0.055331,0.229628,0.276019,6,36.96,91.21
6887,2026,1,0.008016,0.102617,0.021015,0.269006,4,11.36,27.95
6887,2026,2,0.014325,0.102963,0.037449,0.269167,4,15.09,37.3
6888,2019,2,0.055875,0.069104,0.109851,0.13586,10,26.81,89.92
6888,2019,4,0.059771,0.075766,0.167028,0.211723,7,36.54,88.82
6888,2020,1,0.011492,0.102765,0.046847,0.418937,4,21.0,33.44
6888,2020,2,0.026034,0.043345,0.275416,0.458548,6,51.87,77.5
6888,2020,3,0.029864,0.107571,0.12593,0.4536,4,35.03,52.69
6888,2020,4,0.033032,0.037384,0.114221,0.129268,11,28.74,94.0
6888,2021,1,0.025408,0.103027,0.087993,0.356808,3,25.68,49.66
6888,2021,2,0.037103,0.04327,0.157772,0.183996,8,31.47,92.6
6888,2021,3,0.014776,0.108106,0.068475,0.500998,3,25.41,36.97
6888,2021,4,0.021941,0.027913,0.130933,0.166569,10,30.75,88.66
6888,2022,1,0.013405,0.104127,0.028007,0.217551,5,12.1,35.88
6888,2022,2,0.039052,0.04581,0.385096,0.451735,4,61.15,92.33
6888,2022,3,0.038011,0.105869,0.118857,0.33104,3,27.45,59.92
6888,2022,4,0.045998,0.062352,0.573746,0.77774,3,77.04,85.89
6888,2023,1,0.029556,0.101808,0.140853,0.48519,3,36.62,53.88
6888,2023,2,0.044627,0.053596,0.265718,0.319121,5,46.85,91.25
6888,2023,3,0.058447,0.109287,0.207007,0.387075,3,38.87,73.13
6888,2023,4,0.021146,0.023942,0.107249,0.121429,13,20.6,93.98
6888,2024,1,0.04426,0.114547,0.141103,0.365187,3,29.17,62.16
6888,2024,2,0.06047,0.069037,0.371823,0.4245,6,55.64,93.59
6888,2024,3,0.048807,0.107534,0.226592,0.499243,2,42.14,67.37
6888,2024,4,0.033994,0.038514,0.297408,0.336945,7,44.26,93.95
6888,2025,1,0.013478,0.115777,0.029395,0.252494,4,10.7,34.12
6888,2025,2,0.066302,0.074781,0.436267,0.492061,4,59.27,94.16
6888,2025,3,0.06885,0.100693,0.371764,0.543702,2,57.46,82.69
6888,2025,4,0.046032,0.055331,0.229628,0.276019,6,36.96,91.21
6888,2026,1,0.008016,0.102617,0.021015,0.269006,4,11.36,27.95
6888,2026,2,0.014325,0.102963,0.037449,0.269167,4,15.09,37.3
6904,2019,4,0.033208,0.038503,0.071861,0.083318,16,15.41,92.87
6904,2020,1,0.010705,0.095614,0.0173,0.154522,7,9.77,33.46
6904,2020,2,0.027696,0.032468,0.052261,0.061265,19,12.93,92.36
6904,2020,3,0.025121,0.100806,0.046031,0.184713,5,14.85,49.92
6904,2020,4,0.03151,0.036527,0.064525,0.074797,23,14.43,92.88
6904,2021,1,0.027792,0.102505,0.036168,0.133397,7,12.78,52.07
6904,2021,2,0.042171,0.050981,0.104591,0.126442,23,23.59,90.95
6904,2021,3,0.022727,0.101711,0.029776,0.133257,7,10.1,47.27
6904,2021,4,0.032516,0.036643,0.081667,0.092034,23,19.59,94.2
6904,2022,1,0.020248,0.103551,0.034271,0.175265,6,14.45,44.22
6904,2022,2,0.023503,0.03051,0.047218,0.061293,24,15.56,87.77
6904,2022,3,0.015415,0.098149,0.0245,0.155995,7,13.38,39.63
6904,2022,4,0.028406,0.034235,0.067232,0.081028,22,17.57,91.09
6904,2023,1,0.011849,0.102019,0.019764,0.17017,6,10.88,34.08
6904,2023,2,0.028753,0.033714,0.062528,0.073316,23,15.89,92.35
6904,2023,3,0.013935,0.102234,0.019318,0.14172,7,9.71,36.92
6904,2023,4,0.033354,0.039873,0.074093,0.088575,22,17.49,91.46
6904,2024,1,0.0252,0.104997,0.034304,0.142932,8,15.91,48.99
6904,2024,2,0.037728,0.049031,0.19403,0.252158,19,41.92,87.72
6904,2024,3,0.02888,0.104222,0.074329,0.268241,6,26.19,52.64
6904,2024,4,0.031525,0.037182,0.122432,0.144399,14,30.32,92.08
6904,2025,1,0.019343,0.102884,0.041378,0.220087,5,16.1,43.36
6904,2025,2,0.034314,0.047405,0.102828,0.142056,16,29.38,85.08
6904,2025,3,0.033685,0.101564,0.095745,0.288684,6,28.45,57.59
6904,2025,4,0.038666,0.054281,0.158824,0.222963,15,37.98,84.4
6904,2026,1,0.025572,0.101516,0.046699,0.185383,6,14.98,50.19
6904,2026,2,0.030705,0.101469,0.064504,0.213159,5,17.79,55.01
6905,2019,4,0.033208,0.038503,0.071861,0.083318,16,15.41,92.87
6905,2020,1,0.009979,0.113438,0.014206,0.161481,6,7.74,29.66
6905,2020,2,0.027696,0.032468,0.052261,0.061265,19,12.93,92.36
6905,2020,3,0.025121,0.100806,0.046031,0.184713,5,14.85,49.92
6905,2020,4,0.03151,0.036527,0.064525,0.074797,23,14.43,92.88
6905,2021,1,0.027792,0.102505,0.036168,0.133397,7,12.78,52.07
6905,2021,2,0.042171,0.050981,0.104591,0.126442,23,23.59,90.95
6905,2021,3,0.022727,0.101711,0.029776,0.133257,7,10.1,47.27
6905,2021,4,0.032516,0.036643,0.081667,0.092034,23,19.59,94.2
6905,2022,1,0.020248,0.103551,0.034271,0.175265,6,14.45,44.22
6905,2022,2,0.023503,0.03051,0.047218,0.061293,24,15.56,87.77
6905,2022,3,0.01508,0.105538,0.023634,0.165405,7,13.38,37.8
6905,2022,4,0.028406,0.034235,0.067232,0.081028,22,17.57,91.09
6905,2023,1,0.011849,0.102019,0.019764,0.17017,6,10.88,34.08
6905,2023,2,0.028753,0.033714,0.062528,0.073316,23,15.89,92.35
6905,2023,3,0.013935,0.102234,0.019318,0.14172,7,9.71,36.92
6905,2023,4,0.033354,0.039873,0.074093,0.088575,22,17.49,91.46
6905,2024,1,0.0252,0.104997,0.034304,0.142932,8,15.91,48.99
6905,2024,2,0.037728,0.049031,0.19403,0.252158,19,41.92,87.72
6905,2024,3,0.02888,0.104222,0.074329,0.268241,6,26.19,52.64
6905,2024,4,0.031525,0.037182,0.122432,0.144399,14,30.32,92.08
6905,2025,1,0.019343,0.102884,0.041378,0.220087,5,16.1,43.36
6905,2025,2,0.034314,0.047405,0.102828,0.142056,16,29.38,85.08
6905,2025,3,0.033685,0.101564,0.095745,0.288684,6,28.45,57.59
6905,2025,4,0.038666,0.054281,0.158824,0.222963,15,37.98,84.4
6905,2026,1,0.025572,0.101516,0.046699,0.185383,6,14.98,50.19
6905,2026,2,0.030705,0.101469,0.064504,0.213159,5,17.79,55.01
6969,2019,2,0.011278,0.067652,0.011238,0.067408,18,6.81,40.83
6969,2019,4,0.030307,0.035799,0.066188,0.078182,20,24.48,92.01
6969,2020,1,0.01541,0.106379,0.027406,0.189195,5,12.25,38.06
6969,2020,2,0.026791,0.032077,0.100016,0.119749,17,24.67,91.39
6969,2020,3,0.026398,0.104088,0.033201,0.130913,7,11.52,50.36
6969,2020,4,0.036243,0.040456,0.11139,0.124338,24,30.5,94.65
6969,2021,1,0.02632,0.101591,0.047583,0.183659,7,19.91,50.9
6969,2021,2,0.049615,0.056235,0.203027,0.230116,22,36.56,93.93
6969,2021,3,0.022961,0.1025,0.045978,0.205248,6,18.24,47.33
6969,2021,4,0.027054,0.034809,0.096901,0.124676,19,23.52,88.16
6969,2022,1,0.021548,0.112835,0.038612,0.20219,5,13.27,43.7
6969,2022,2,0.028232,0.035443,0.127825,0.160471,16,32.51,89.25
6969,2022,3,0.014212,0.105175,0.020401,0.150976,7,11.22,36.76
6969,2022,4,0.028009,0.032756,0.131646,0.153959,13,29.97,92.47
6969,2023,1,0.019434,0.110539,0.038598,0.219543,6,14.39,41.93
6969,2023,2,0.03552,0.04612,0.163442,0.212213,7,33.03,87.76
6969,2023,3,0.034797,0.104447,0.07802,0.234182,5,23.41,57.72
6969,2023,4,0.040631,0.046091,0.088713,0.100635,11,20.99,93.89
6969,2024,1,0.021711,0.108027,0.055642,0.276861,5,21.87,44.83
6969,2024,2,0.031017,0.042749,0.123288,0.16992,8,28.39,85.18
6969,2024,3,0.021201,0.108371,0.033729,0.172411,6,12.6,44.23
6969,2024,4,0.027999,0.031553,0.195429,0.220236,9,41.16,94.2
6969,2025,1,0.010686,0.101544,0.017953,0.170601,6,10.39,32.44
6969,2025,2,0.026829,0.036157,0.42552,0.57347,7,66.43,86.14
6969,2025,3,0.022512,0.115544,0.08503,0.436425,4,28.91,44.14
6969,2025,4,0.034009,0.046556,0.393044,0.538039,4,63.18,85.47
6969,2026,1,0.026095,0.093995,0.150889,0.543503,2,36.6,52.69
6969,2026,2,0.026192,0.100385,0.135694,0.520066,3,36.28,51.08
6976,2019,2,0.006422,0.106549,0.006497,0.107804,13,4.91,24.55
6976,2019,4,0.039601,0.049087,0.041372,0.051281,20,11.45,89.82
6976,2020,1,0.030887,0.117593,0.022414,0.085335,9,8.88,51.25
6976,2020,2,0.040314,0.054331,0.030387,0.040952,21,11.68,86.14
6976,2020,3,0.020099,0.112757,0.014349,0.080499,9,5.7,42.22
6976,2020,4,0.032555,0.046194,0.026108,0.037046,23,10.6,83.95
6976,2021,1,0.022749,0.1058,0.015813,0.073542,10,6.82,46.37
6976,2021,2,0.024893,0.03914,0.031233,0.049109,27,14.53,79.75
6976,2021,3,0.022166,0.103444,0.0228,0.106405,8,8.91,46.29
6976,2021,4,0.038877,0.051269,0.074326,0.098017,28,21.1,87.08
6976,2022,1,0.023663,0.107946,0.042519,0.193965,5,13.21,46.82
6976,2022,2,0.030826,0.036051,0.072725,0.085052,25,21.01,92.47
6976,2022,3,0.024961,0.109291,0.040859,0.178903,6,14.77,47.79
6976,2022,4,0.026894,0.036312,0.091358,0.123351,26,26.06,86.06
6976,2023,1,0.023218,0.101618,0.052606,0.23024,6,19.87,47.8
6976,2023,2,0.035336,0.046589,0.101788,0.134202,25,24.9,87.09
6976,2023,3,0.021432,0.117268,0.03175,0.173729,6,14.09,42.75
6976,2023,4,0.032667,0.041888,0.092411,0.118496,27,22.6,88.31
6976,2024,1,0.02505,0.109774,0.069225,0.303354,4,22.95,47.77
6976,2024,2,0.043327,0.053182,0.123774,0.151928,13,25.13,90.26
6976,2024,3,0.044081,0.112594,0.090566,0.231331,5,24.5,62.57
6976,2024,4,0.049082,0.057117,0.064327,0.074858,16,19.35,92.7
6976,2025,1,0.042506,0.108572,0.048497,0.123874,7,13.13,62.57
6976,2025,2,0.044862,0.073136,0.071457,0.116492,15,18.7,78.32
6976,2025,3,0.028694,0.101614,0.076161,0.269706,5,25.4,53.14
6976,2025,4,0.051212,0.06389,0.190352,0.237476,9,41.3,89.53
6976,2026,1,0.046793,0.106483,0.099092,0.225498,7,30.02,66.29
6976,2026,2,0.032834,0.104438,0.153012,0.486703,4,39.17,56.07
7049,2020,1,0.001463,0.120066,0.001227,0.100659,8,1.91,11.04
7049,2020,2,0.003958,0.04613,0.005618,0.065482,14,4.93,29.29
7049,2020,3,0.000616,0.101331,0.000861,0.141509,7,2.27,7.8
7049,2020,4,0.001318,0.028697,0.005173,0.112637,20,5.71,21.43
7049,2021,1,0.000915,0.128411,0.002034,0.285471,5,3.79,8.44
7049,2021,2,0.001376,0.030223,0.003487,0.076569,25,3.78,21.34
7049,2021,3,0.001965,0.103925,0.002359,0.124754,7,2.83,13.75
7049,2021,4,0.004444,0.042624,0.00488,0.046805,22,4.46,32.29
7049,2022,1,0.001277,0.103638,0.001627,0.132078,7,2.7,11.1
7049,2022,2,0.003133,0.030027,0.00639,0.061244,15,5.52,32.3
7049,2022,3,0.001244,0.101912,0.001288,0.105486,8,2.25,11.05
7049,2022,4,0.001965,0.026251,0.004403,0.058816,17,4.67,27.36
7049,2023,1,0.001404,0.103093,0.001666,0.122315,7,2.32,11.67
7049,2023,2,0.002247,0.025579,0.005858,0.06668,19,6.83,29.64
7049,2023,3,0.001184,0.100225,0.001032,0.087319,9,2.14,10.87
7049,2023,4,0.002741,0.031694,0.006908,0.079872,15,6.8,29.41
7049,2024,1,0.019882,0.101217,0.021062,0.107226,8,8.86,44.32
7049,2024,2,0.019258,0.064409,0.035422,0.118472,13,15.0,54.68
7049,2024,3,0.025125,0.101308,0.062856,0.253446,6,23.91,49.8
7049,2024,4,0.043209,0.057496,0.290593,0.386676,7,54.14,86.69
7049,2025,1,0.046268,0.107878,0.15219,0.354842,4,36.67,65.49
7049,2025,2,0.054602,0.082144,0.186969,0.281278,4,36.87,81.53
7049,2025,3,0.057341,0.106028,0.212696,0.393289,5,45.64,73.54
7049,2025,4,0.047458,0.067677,0.08368,0.119332,9,19.86,83.74
7049,2026,1,0.058172,0.108241,0.149134,0.277492,5,30.95,73.31
7049,2026,2,0.054712,0.104147,0.108336,0.206222,5,22.55,72.48
7063,2024,1,0.077502,0.12977,0.103139,0.172696,6,26.2587,77.2803
7063,2024,2,0.079437,0.126898,0.111221,0.177672,6,27.9796,79.1196
7063,2024,3,0.081174,0.131371,0.107326,0.173695,6,26.3663,78.6067
7063,2024,4,0.079541,0.140984,0.098172,0.174007,6,23.7302,75.1124
7063,2025,1,0.07898,0.131086,0.105446,0.175014,6,26.2914,77.6209
7063,2025,2,0.081397,0.130568,0.108543,0.174112,6,26.6881,78.9561
7063,2025,3,0.07785,0.140769,0.095113,0.171984,6,23.1934,74.3662
7063,2025,4,0.080998,0.134537,0.10453,0.173623,6,25.3892,77.5919
7063,2026,1,0.077604,0.126107,0.112717,0.183167,6,28.7623,78.446
7063,2026,2,0.078404,0.135598,0.100242,0.173366,6,25.2438,76.0403
7113,2019,4,0.020299,0.111329,0.05369,0.29447,4,20.7,42.7
7113,2020,1,0.033651,0.10434,0.060246,0.186803,7,22.09,56.79
7113,2020,2,0.049409,0.067416,0.177519,0.242212,16,40.29,85.61
7113,2020,3,0.03972,0.116621,0.044857,0.131703,7,15.09,58.36
7113,2020,4,0.048079,0.060753,0.175447,0.221695,23,33.24,88.96
7113,2021,1,0.04232,0.103806,0.084623,0.20757,5,23.34,63.85
7113,2021,2,0.048279,0.055629,0.164828,0.18992,23,37.29,93.16
7113,2021,3,0.044243,0.105692,0.089791,0.214497,6,23.44,64.7
7113,2021,4,0.023355,0.029445,0.064704,0.081576,21,18.4,89.06
7113,2022,1,0.025133,0.110462,0.046232,0.203191,6,17.77,47.7
7113,2022,2,0.027603,0.031008,0.140139,0.157425,20,35.9,94.35
7113,2022,3,0.013593,0.104771,0.025473,0.19633,6,13.17,36.02
7113,2022,4,0.018515,0.020945,0.088928,0.1006,23,27.29,94.02
7113,2023,1,0.011422,0.102823,0.029329,0.264011,5,15.46,33.33
7113,2023,2,0.027105,0.030397,0.103192,0.115724,21,20.78,94.43
7113,2023,3,0.022659,0.114325,0.030541,0.154087,8,15.03,44.52
7113,2023,4,0.032218,0.036377,0.104061,0.117494,22,24.94,94.11
7113,2024,1,0.021489,0.11294,0.041963,0.220541,7,18.67,43.62
7113,2024,2,0.048045,0.053995,0.232314,0.261081,14,44.23,94.33
7113,2024,3,0.046329,0.118148,0.134367,0.342663,4,28.48,62.62
7113,2024,4,0.033172,0.039882,0.129724,0.155966,14,25.82,91.2
7113,2025,1,0.042915,0.113316,0.07032,0.18568,6,20.71,61.54
7113,2025,2,0.055338,0.063408,0.213567,0.244711,13,40.06,93.42
7113,2025,3,0.052729,0.110623,0.233089,0.489013,2,41.64,69.04
7113,2025,4,0.04919,0.058053,0.341534,0.403076,13,47.72,92.05
7113,2026,1,0.036459,0.096333,0.093052,0.245863,6,22.28,61.52
7113,2026,2,0.036589,0.105039,0.110343,0.316771,3,24.24,59.02
7114,2019,4,0.02029,0.11286,0.053453,0.297331,4,20.7,42.4
7114,2020,1,0.033651,0.10434,0.060246,0.186803,7,22.09,56.79
7114,2020,2,0.049409,0.067416,0.177519,0.242212,16,40.29,85.61
7114,2020,3,0.03972,0.116621,0.044857,0.131703,7,15.09,58.36
7114,2020,4,0.048079,0.060753,0.175447,0.221695,23,33.24,88.96
7114,2021,1,0.04232,0.103806,0.084623,0.20757,5,23.34,63.85
7114,2021,2,0.048279,0.055629,0.164828,0.18992,23,37.29,93.16
7114,2021,3,0.044243,0.105692,0.089791,0.214497,6,23.44,64.7
7114,2021,4,0.023355,0.029445,0.064704,0.081576,21,18.4,89.06
7114,2022,1,0.025133,0.110462,0.046232,0.203191,6,17.77,47.7
7114,2022,2,0.027603,0.031008,0.140139,0.157425,20,35.9,94.35
7114,2022,3,0.013593,0.104771,0.025473,0.19633,6,13.17,36.02
7114,2022,4,0.018515,0.020945,0.088928,0.1006,23,27.29,94.02
7114,2023,1,0.011422,0.102823,0.029329,0.264011,5,15.46,33.33
7114,2023,2,0.027105,0.030397,0.103192,0.115724,21,20.78,94.43
7114,2023,3,0.022659,0.114325,0.030541,0.154087,8,15.03,44.52
7114,2023,4,0.032218,0.036377,0.104061,0.117494,22,24.94,94.11
7114,2024,1,0.021489,0.11294,0.041963,0.220541,7,18.67,43.62
7114,2024,2,0.048045,0.053995,0.232314,0.261081,14,44.23,94.33
7114,2024,3,0.046329,0.118148,0.134367,0.342663,4,28.48,62.62
7114,2024,4,0.033172,0.039882,0.129724,0.155966,14,25.82,91.2
7114,2025,1,0.042915,0.113316,0.07032,0.18568,6,20.71,61.54
7114,2025,2,0.055338,0.063408,0.213567,0.244711,13,40.06,93.42
7114,2025,3,0.052729,0.110623,0.233089,0.489013,2,41.64,69.04
7114,2025,4,0.04919,0.058053,0.341534,0.403076,13,47.72,92.05
7114,2026,1,0.03429,0.113603,0.081598,0.270336,5,22.28,54.94
7114,2026,2,0.036589,0.105039,0.110343,0.316771,3,24.24,59.02
7261,2019,3,0.106704,0.106704,0.25399,0.25399,5,36.9623,100.0
7261,2019,4,0.104726,0.104726,0.260264,0.260264,5,38.4933,100.0
7261,2020,1,0.107979,0.107979,0.265579,0.265579,5,38.2768,100.0
7261,2020,2,0.107384,0.107384,0.264816,0.264816,5,38.4557,100.0
7261,2020,3,0.104815,0.104815,0.253404,0.253404,5,36.9676,100.0
7261,2020,4,0.104411,0.104411,0.254403,0.254403,5,37.4998,100.0
7261,2021,1,0.103697,0.103697,0.249572,0.249572,5,38.3585,100.0
7261,2021,2,0.104475,0.104475,0.254044,0.254044,5,38.3768,100.0
7261,2021,3,0.106516,0.106516,0.259316,0.259316,5,36.707,100.0
7261,2021,4,0.104699,0.104699,0.261263,0.261263,5,39.1417,100.0
7261,2022,1,0.105982,0.105982,0.256775,0.256775,5,37.7215,100.0
7261,2022,2,0.107671,0.107671,0.257698,0.257698,5,37.2811,100.0
7261,2022,3,0.11014,0.11014,0.259892,0.259892,5,36.5681,100.0
7261,2022,4,0.10474,0.10474,0.259242,0.259242,5,37.5218,100.0
7261,2023,1,0.106598,0.106598,0.258861,0.258861,5,38.6595,100.0
7261,2023,2,0.11082,0.11082,0.266974,0.266974,5,39.3085,100.0
7261,2023,3,0.108226,0.108226,0.264067,0.264067,5,36.929,100.0
7261,2023,4,0.106483,0.106483,0.25929,0.25929,5,36.7383,100.0
7261,2024,1,0.10776,0.10776,0.262337,0.262337,5,37.9257,100.0
7261,2024,2,0.107655,0.107655,0.267231,0.267231,5,37.4572,100.0
7261,2024,3,0.112196,0.112196,0.271787,0.271787,5,38.8201,100.0
7261,2024,4,0.111054,0.111054,0.26479,0.26479,5,37.0763,100.0
7261,2025,1,0.105146,0.105146,0.262937,0.262937,5,38.2115,100.0
7261,2025,2,0.105131,0.105131,0.25845,0.25845,5,38.5264,100.0
7261,2025,3,0.102969,0.102969,0.253024,0.253024,5,37.6441,100.0
7261,2025,4,0.105409,0.105409,0.252787,0.252787,5,37.2056,100.0
7261,2026,1,0.115908,0.115908,0.275631,0.275631,5,38.6099,100.0
7305,2019,4,0.01023,0.034694,0.023962,0.081269,13,11.58,54.3
7305,2020,1,0.008358,0.10421,0.017997,0.224401,5,10.16,28.32
7305,2020,2,0.018981,0.023334,0.071658,0.088094,21,18.98,90.19
7305,2020,3,0.00846,0.109232,0.011332,0.146314,7,8.27,27.83
7305,2020,4,0.018817,0.022169,0.054847,0.064618,24,15.79,92.13
7305,2021,1,0.006223,0.103837,0.009074,0.15142,6,5.76,24.48
7305,2021,2,0.019488,0.023451,0.058576,0.070488,25,17.48,91.16
7305,2021,3,0.014723,0.10255,0.032704,0.227801,5,12.58,37.89
7305,2021,4,0.022977,0.02986,0.28968,0.376462,16,53.38,87.72
7305,2022,1,0.013863,0.111627,0.060012,0.483238,6,23.534,35.2401
7305,2022,2,0.019697,0.024496,0.188618,0.23457,16,35.868,89.6715
7305,2022,3,0.01079,0.102488,0.030171,0.286574,7,14.3413,32.447
7305,2022,4,0.017232,0.028653,0.095672,0.159082,15,23.83,77.55
7305,2023,1,0.015468,0.104684,0.044974,0.304366,3,14.19,38.44
7305,2023,2,0.017935,0.026831,0.085188,0.127437,17,19.88,81.76
7305,2023,3,0.011238,0.103888,0.021957,0.202977,6,11.9,32.89
7305,2023,4,0.021456,0.026489,0.17094,0.211037,9,40.0,90.0
7305,2024,1,0.011968,0.101667,0.032349,0.274798,4,13.97,34.31
7305,2024,2,0.020015,0.031072,0.183538,0.284923,7,41.72,80.26
7305,2024,3,0.015778,0.114139,0.108822,0.787226,2,33.45,37.18
7305,2024,4,0.022925,0.029725,0.227253,0.294661,7,44.75,87.82
7305,2025,1,0.013013,0.102564,0.070679,0.557064,3,26.39,35.62
7305,2025,2,0.025325,0.030616,0.450947,0.545156,6,67.98,90.95
7305,2025,3,0.015952,0.103283,0.0999,0.646815,3,31.96,39.3
7305,2025,4,0.027595,0.034312,0.424313,0.527589,5,65.64,89.68
7305,2026,1,0.016567,0.104116,0.106508,0.669352,2,32.61,39.89
7305,2026,2,0.018647,0.104313,0.144374,0.807645,2,38.57,42.28
7340,2019,4,0.035586,0.044745,0.27507,0.345867,14,51.8,89.18
7340,2020,1,0.020426,0.102549,0.053574,0.268966,4,19.48,44.63
7340,2020,2,0.037516,0.049634,0.152214,0.201379,13,35.36,86.94
7340,2020,3,0.026735,0.104669,0.105711,0.413858,4,31.74,50.54
7340,2020,4,0.028705,0.042659,0.156011,0.231851,17,32.88,82.03
7340,2021,1,0.020212,0.121956,0.039288,0.237059,6,18.29,40.71
7340,2021,2,0.0302,0.03376,0.213956,0.23918,25,39.38,94.58
7340,2021,3,0.017507,0.092053,0.046003,0.241887,5,17.66,43.61
7340,2021,4,0.023999,0.035605,0.121506,0.180265,18,26.03,82.1
7340,2022,1,0.026019,0.098291,0.052147,0.196995,7,16.28,51.45
7340,2022,2,0.034709,0.041294,0.166791,0.198437,18,31.23,91.68
7340,2022,3,0.023534,0.095431,0.05079,0.205953,6,16.0,49.66
7340,2022,4,0.024462,0.044732,0.171261,0.313172,22,40.72,73.95
7340,2023,1,0.010826,0.104934,0.025189,0.244147,5,13.55,32.12
7340,2023,2,0.035272,0.043964,0.17373,0.216546,22,34.02,89.57
7340,2023,3,0.024867,0.12001,0.099446,0.479936,4,31.33,45.52
7340,2023,4,0.030424,0.044808,0.24621,0.362619,23,48.39,82.4
7340,2024,1,0.020801,0.099554,0.069676,0.333475,4,22.03,45.71
7340,2024,2,0.036916,0.051396,0.135365,0.188463,16,29.93,84.75
7340,2024,3,0.029261,0.116717,0.085419,0.34072,4,27.28,50.07
7340,2024,4,0.034448,0.052491,0.198899,0.303079,15,35.57,81.01
7340,2025,1,0.016836,0.117706,0.026782,0.187241,5,11.02,37.82
7340,2025,2,0.025757,0.041063,0.130313,0.207748,16,34.52,79.2
7340,2025,3,0.023161,0.134091,0.048963,0.283475,5,19.78,41.56
7340,2025,4,0.024114,0.04311,0.104477,0.186782,13,23.51,74.79
7340,2026,1,0.021768,0.13019,0.037644,0.225147,5,15.45,40.89
7340,2026,2,0.034539,0.103778,0.167014,0.501823,4,40.77,57.69
7341,2019,4,0.035586,0.044745,0.27507,0.345867,14,51.8,89.18
7341,2020,1,0.020076,0.109802,0.047165,0.257955,4,17.61,42.76
7341,2020,2,0.037516,0.049634,0.152214,0.201379,13,35.36,86.94
7341,2020,3,0.026735,0.104669,0.105711,0.413858,4,31.74,50.54
7341,2020,4,0.028705,0.042659,0.156011,0.231851,17,32.88,82.03
7341,2021,1,0.020212,0.121956,0.039288,0.237059,6,18.29,40.71
7341,2021,2,0.0302,0.03376,0.213956,0.23918,25,39.38,94.58
7341,2021,3,0.017128,0.102594,0.037795,0.226382,5,14.91,40.86
7341,2021,4,0.023999,0.035605,0.121506,0.180265,18,26.03,82.1
7341,2022,1,0.025283,0.114308,0.050331,0.227555,5,16.28,47.03
7341,2022,2,0.034709,0.041294,0.166791,0.198437,18,31.23,91.68
7341,2022,3,0.023147,0.104697,0.0489,0.221178,5,16.0,47.02
7341,2022,4,0.024462,0.044732,0.171261,0.313172,22,40.72,73.95
7341,2023,1,0.009845,0.134651,0.022438,0.306878,4,13.55,27.04
7341,2023,2,0.035272,0.043964,0.17373,0.216546,22,34.02,89.57
7341,2023,3,0.024867,0.12001,0.099446,0.479936,4,31.33,45.52
7341,2023,4,0.030424,0.044808,0.24621,0.362619,23,48.39,82.4
7341,2024,1,0.020397,0.106807,0.061804,0.323634,4,20.02,43.7
7341,2024,2,0.036916,0.051396,0.135365,0.188463,16,29.93,84.75
7341,2024,3,0.029261,0.116717,0.085419,0.34072,4,27.28,50.07
7341,2024,4,0.034448,0.052491,0.198899,0.303079,15,35.57,81.01
7341,2025,1,0.016836,0.117706,0.026782,0.187241,5,11.02,37.82
7341,2025,2,0.025757,0.041063,0.130313,0.207748,16,34.52,79.2
7341,2025,3,0.023161,0.134091,0.048963,0.283475,5,19.78,41.56
7341,2025,4,0.024114,0.04311,0.104477,0.186782,13,23.51,74.79
7341,2026,1,0.021768,0.13019,0.037644,0.225147,5,15.45,40.89
7341,2026,2,0.034539,0.103778,0.167014,0.501823,4,40.77,57.69
7343,2019,4,0.025236,0.035834,0.097813,0.138888,14,24.56,83.92
7343,2020,1,0.012964,0.129987,0.025171,0.252397,4,12.32,31.58
7343,2020,2,0.028839,0.045504,0.11253,0.177555,12,28.59,79.61
7343,2020,3,0.025918,0.135101,0.041929,0.218556,5,13.82,43.8
7343,2020,4,0.033698,0.066157,0.106278,0.208648,19,23.81,71.37
7343,2021,1,0.03022,0.13332,0.036474,0.16091,6,13.64,47.61
7343,2021,2,0.034606,0.056216,0.105177,0.170854,24,23.54,78.46
7343,2021,3,0.031405,0.112993,0.068382,0.246031,5,20.23,52.72
7343,2021,4,0.036769,0.047212,0.188118,0.241547,21,41.2,88.25
7343,2022,1,0.030795,0.107028,0.119345,0.414788,4,31.4,53.64
7343,2022,2,0.035133,0.07457,0.077646,0.164802,23,21.07,68.64
7343,2022,3,0.017257,0.127779,0.025839,0.191321,5,10.09,36.75
7343,2022,4,0.017144,0.044156,0.045203,0.116427,22,15.06,62.31
7343,2023,1,0.023062,0.223813,0.036293,0.352215,3,16.51,32.1
7343,2023,2,0.030099,0.084139,0.080292,0.224454,24,26.88,59.81
7343,2023,3,0.020041,0.238953,0.030153,0.359528,3,15.16,28.96
7343,2023,4,0.027888,0.100184,0.052207,0.187552,25,20.77,52.76
7343,2024,1,0.031651,0.258379,0.0277,0.226121,4,10.24,35.0
7343,2024,2,0.037533,0.083014,0.04428,0.097939,23,14.86,67.24
7343,2024,3,0.025471,0.145846,0.036415,0.208513,5,15.77,41.79
7343,2024,4,0.039292,0.078652,0.108259,0.216707,8,30.87,70.68
7343,2025,1,0.030125,0.121372,0.093081,0.375018,3,26.91,49.82
7343,2025,2,0.037149,0.075126,0.133425,0.269824,11,32.7,70.32
7343,2025,3,0.03854,0.123733,0.173609,0.557376,2,39.72,55.81
7343,2025,4,0.050267,0.095739,0.37303,0.710473,10,61.87,72.46
7343,2026,1,0.059692,0.097887,0.479609,0.786496,3,70.39,78.09
7343,2026,2,0.068846,0.10514,0.544234,0.83114,3,75.05,80.92
7346,2019,2,0.001695,0.298169,0.001652,0.290575,7,2.99,7.54
7346,2019,4,0.040224,0.052694,0.096115,0.125911,14,21.68,87.37
7346,2020,1,0.032497,0.132681,0.049742,0.203091,5,17.32,49.49
7346,2020,2,0.047232,0.066102,0.103819,0.145297,13,24.45,84.53
7346,2020,3,0.037145,0.121201,0.055833,0.182181,6,19.14,55.36
7346,2020,4,0.041351,0.072293,0.086488,0.151206,21,21.13,75.63
7346,2021,1,0.037087,0.150934,0.059258,0.241161,4,18.59,49.57
7346,2021,2,0.040325,0.079323,0.106226,0.208955,21,29.23,71.3
7346,2021,3,0.038801,0.11855,0.106434,0.32519,4,28.85,57.21
7346,2021,4,0.047948,0.065042,0.16777,0.227579,19,32.57,85.86
7346,2022,1,0.029311,0.116868,0.07624,0.303987,4,24.54,50.08
7346,2022,2,0.02104,0.026682,0.100331,0.127236,17,23.96,88.8
7346,2022,3,0.010281,0.091448,0.028163,0.250506,6,15.72,33.53
7346,2022,4,0.017411,0.022428,0.198933,0.256246,18,44.31,88.11
7346,2023,1,0.013315,0.069088,0.059019,0.306238,9,23.16,43.9
7346,2023,2,0.019568,0.024423,0.154244,0.192516,23,32.58,89.51
7346,2023,3,0.012945,0.070404,0.063249,0.343989,6,23.84,42.88
7346,2023,4,0.015515,0.0238,0.166503,0.255414,22,38.68,80.74
7346,2024,1,0.012405,0.101264,0.043151,0.35225,6,20.71,35.0
7346,2024,2,0.023022,0.039995,0.158499,0.275351,19,40.06,75.87
7346,2024,3,0.020728,0.123187,0.056519,0.335895,5,22.7,41.02
7346,2024,4,0.024436,0.039124,0.14975,0.239763,19,38.4,79.03
7346,2025,1,0.009043,0.16501,0.023465,0.428171,3,13.63,23.41
7346,2025,2,0.01717,0.024912,0.137303,0.199211,17,36.03,83.02
7346,2025,3,0.018445,0.113968,0.060498,0.3738,4,23.56,40.23
7346,2025,4,0.029854,0.044013,0.181468,0.267526,15,38.93,82.36
7346,2026,1,0.030024,0.132011,0.096774,0.425503,3,27.32,47.69
7346,2026,2,0.025952,0.111569,0.102058,0.438746,3,29.35,48.23
7349,2019,4,0.029466,0.049339,0.119203,0.199597,16,27.43,77.28
7349,2020,1,0.017806,0.11366,0.036504,0.233016,5,13.8,39.58
7349,2020,2,0.031692,0.058952,0.065481,0.121807,17,18.29,73.32
7349,2020,3,0.028117,0.112917,0.056617,0.227376,5,18.09,49.9
7349,2020,4,0.026435,0.047235,0.047598,0.08505,23,14.32,74.81
7349,2021,1,0.02331,0.127964,0.024735,0.135786,7,11.42,42.68
7349,2021,2,0.039932,0.062708,0.05524,0.086746,24,16.91,79.8
7349,2021,3,0.040476,0.120987,0.042881,0.128178,8,16.25,57.84
7349,2021,4,0.043188,0.063561,0.069565,0.102381,19,17.81,82.43
7349,2022,1,0.029798,0.133299,0.037958,0.169804,6,15.27,47.28
7349,2022,2,0.037633,0.059424,0.094271,0.148858,14,22.64,79.58
7349,2022,3,0.027265,0.127409,0.043496,0.203253,5,14.07,46.26
7349,2022,4,0.033923,0.053485,0.070808,0.11164,18,17.84,79.64
7349,2023,1,0.029942,0.119243,0.041153,0.163889,6,12.58,50.11
7349,2023,2,0.045637,0.061121,0.074559,0.099855,19,16.25,86.41
7349,2023,3,0.043958,0.118097,0.05576,0.149802,6,15.01,61.01
7349,2023,4,0.049814,0.068544,0.076277,0.104955,21,18.1,85.25
7349,2024,1,0.048476,0.123741,0.060655,0.154831,6,14.49,62.59
7349,2024,2,0.057968,0.078451,0.086073,0.116486,13,17.74,85.96
7349,2024,3,0.05307,0.116547,0.071395,0.156789,6,17.45,67.48
7349,2024,4,0.02731,0.043395,0.276853,0.439921,13,53.33,79.33
7349,2025,1,0.018292,0.119222,0.092754,0.604539,3,30.6,39.17
7349,2025,2,0.031067,0.042667,0.457288,0.628039,14,68.54,85.33
7349,2025,3,0.026527,0.114322,0.125365,0.540285,3,35.29,48.17
7349,2025,4,0.043597,0.057257,0.425979,0.559445,13,65.31,87.26
7349,2026,1,0.036094,0.105254,0.20362,0.593769,2,43.98,58.56
7349,2026,2,0.052548,0.102818,0.354015,0.692677,2,59.72,71.49
7350,2019,4,0.029466,0.049339,0.119203,0.199597,16,27.43,77.28
7350,2020,2,0.031692,0.058952,0.065481,0.121807,17,18.29,73.32
7350,2020,4,0.026435,0.047235,0.047598,0.08505,23,14.32,74.81
7350,2021,1,0.023252,0.132318,0.023264,0.132385,7,10.66,41.92
7350,2021,2,0.039932,0.062708,0.05524,0.086746,24,16.91,79.8
7350,2021,3,0.040476,0.120987,0.042881,0.128178,8,16.25,57.84
7350,2021,4,0.043188,0.063561,0.069565,0.102381,19,17.81,82.43
7350,2022,1,0.029798,0.133299,0.037958,0.169804,6,15.27,47.28
7350,2022,2,0.037633,0.059424,0.094271,0.148858,14,22.64,79.58
7350,2022,3,0.027102,0.133954,0.042424,0.209686,5,14.07,44.98
7350,2022,4,0.033923,0.053485,0.070808,0.11164,18,17.84,79.64
7350,2023,1,0.029942,0.119243,0.041153,0.163889,6,12.58,50.11
7350,2023,2,0.045637,0.061121,0.074559,0.099855,19,16.25,86.41
7350,2023,3,0.043958,0.118097,0.05576,0.149802,6,15.01,61.01
7350,2023,4,0.049814,0.068544,0.076277,0.104955,21,18.1,85.25
7350,2024,1,0.048476,0.123741,0.060655,0.154831,6,14.49,62.59
7350,2024,2,0.057968,0.078451,0.086073,0.116486,13,17.74,85.96
7350,2024,3,0.05307,0.116547,0.071395,0.156789,6,17.45,67.48
7350,2024,4,0.02731,0.043395,0.276853,0.439921,13,53.33,79.33
7350,2025,1,0.018292,0.119222,0.092754,0.604539,3,30.6,39.17
7350,2025,2,0.031067,0.042667,0.457288,0.628039,14,68.54,85.33
7350,2025,3,0.026527,0.114322,0.125365,0.540285,3,35.29,48.17
7350,2025,4,0.043597,0.057257,0.425979,0.559445,13,65.31,87.26
7350,2026,1,0.036094,0.105254,0.20362,0.593769,2,43.98,58.56
7350,2026,2,0.052548,0.102818,0.354015,0.692677,2,59.72,71.49
7353,2019,4,0.017964,0.026516,0.107224,0.158266,15,28.09,82.31
7353,2020,1,0.010989,0.0978,0.015737,0.140056,7,7.01,33.52
7353,2020,2,0.019735,0.027949,0.091069,0.128974,17,24.84,84.03
7353,2020,3,0.013237,0.08562,0.023658,0.153023,8,9.51,39.32
7353,2020,4,0.01754,0.029492,0.052366,0.088047,25,13.04,77.12
7353,2021,1,0.014782,0.145906,0.015826,0.156203,7,9.4,31.83
7353,2021,2,0.022781,0.042913,0.054466,0.1026,23,16.12,72.86
7353,2021,3,0.023525,0.12404,0.023751,0.125229,7,9.42,43.55
7353,2021,4,0.028248,0.040052,0.066246,0.093931,23,18.49,83.98
7353,2022,1,0.019261,0.124329,0.027864,0.179862,6,12.13,39.36
7353,2022,2,0.030127,0.035726,0.100305,0.118947,27,23.1,91.83
7353,2022,3,0.022774,0.113169,0.047425,0.235664,4,16.29,44.86
7353,2022,4,0.031048,0.047698,0.110273,0.16941,16,23.14,80.68
7353,2023,1,0.023315,0.130244,0.038095,0.212804,5,13.83,42.31
7353,2023,2,0.023083,0.041656,0.05925,0.106925,14,18.73,74.44
7353,2023,3,0.017781,0.12249,0.02132,0.14687,6,8.28,38.1
7353,2023,4,0.024149,0.042364,0.065963,0.11572,10,17.85,75.5
7353,2024,1,0.025927,0.135703,0.034357,0.179824,7,15.61,43.71
7353,2024,2,0.030778,0.050369,0.065042,0.106442,11,17.19,78.17
7353,2024,3,0.023469,0.131601,0.038105,0.213665,5,14.24,42.23
7353,2024,4,0.037534,0.045097,0.133619,0.160543,9,31.82,91.23
7353,2025,1,0.026586,0.111683,0.063013,0.264711,4,19.07,48.79
7353,2025,2,0.030931,0.045008,0.139515,0.203008,15,32.82,82.9
7353,2025,3,0.033402,0.129687,0.051418,0.199636,5,15.86,50.75
7353,2025,4,0.042585,0.054717,0.106318,0.136607,19,26.04,88.22
7353,2026,1,0.033814,0.109302,0.075648,0.244533,5,22.95,55.62
7353,2026,2,0.037073,0.109864,0.143416,0.425007,4,37.09,58.09
7449,2019,4,0.034927,0.066651,0.036724,0.070081,19,15.5,72.39
7449,2020,1,0.035161,0.11164,0.041508,0.131793,8,14.85,56.12
7449,2020,2,0.038433,0.050718,0.057576,0.075981,19,15.5,87.05
7449,2020,3,0.032468,0.110483,0.032582,0.110872,9,13.95,54.21
7449,2020,4,0.031865,0.040629,0.049521,0.063141,21,13.95,88.56
7449,2021,1,0.028,0.110184,0.035391,0.139272,8,13.79,50.41
7449,2021,2,0.030571,0.049585,0.096302,0.156198,18,29.62,78.52
7449,2021,3,0.012277,0.098415,0.01838,0.147332,8,10.63,35.32
7449,2021,4,0.018766,0.026704,0.080167,0.114077,23,26.69,83.83
7449,2022,1,0.009177,0.084268,0.014898,0.136805,8,9.7,33.0
7449,2022,2,0.019515,0.028596,0.069992,0.102561,18,17.58,82.61
7449,2022,3,0.009815,0.077533,0.019694,0.155571,7,8.71,35.58
7449,2022,4,0.014155,0.022976,0.046604,0.075648,20,15.06,78.49
7449,2023,1,0.008961,0.078809,0.010839,0.095324,12,8.63,33.72
7449,2023,2,0.018863,0.024626,0.055162,0.072015,19,19.08,87.52
7449,2023,3,0.013771,0.069385,0.032915,0.165841,10,16.86,44.55
7449,2023,4,0.019326,0.023409,0.081924,0.099235,22,24.61,90.86
7449,2024,1,0.011574,0.082614,0.026575,0.189688,9,15.53,37.43
7449,2024,2,0.020187,0.028637,0.075002,0.106397,15,22.34,83.96
7449,2024,3,0.013557,0.09266,0.03234,0.22104,6,15.42,38.25
7449,2024,4,0.018447,0.028263,0.077077,0.118089,18,22.44,80.79
7449,2025,1,0.01349,0.093911,0.033007,0.229789,7,14.24,37.9
7449,2025,2,0.017042,0.029412,0.089619,0.154669,19,28.07,76.12
7449,2025,3,0.012398,0.101616,0.039439,0.323246,5,18.6,34.93
7449,2025,4,0.018486,0.027892,0.081552,0.123049,16,25.9,81.41
7449,2026,1,0.012417,0.10914,0.028517,0.250649,8,16.38,33.73
7449,2026,2,0.025039,0.1499,0.06276,0.375727,5,24.32,40.87
7450,2019,4,0.034927,0.066651,0.036724,0.070081,19,15.5,72.39
7450,2020,1,0.034953,0.116904,0.041815,0.139854,7,14.85,54.68
7450,2020,2,0.038433,0.050718,0.057576,0.075981,19,15.5,87.05
7450,2020,3,0.032468,0.110483,0.032582,0.110872,9,13.95,54.21
7450,2020,4,0.031865,0.040629,0.049521,0.063141,21,13.95,88.56
7450,2021,1,0.028,0.110184,0.035391,0.139272,8,13.79,50.41
7450,2021,2,0.030571,0.049585,0.096302,0.156198,18,29.62,78.52
7450,2021,3,0.012138,0.104141,0.018505,0.158766,7,10.63,34.14
7450,2021,4,0.018766,0.026704,0.080167,0.114077,23,26.69,83.83
7450,2022,1,0.008442,0.103862,0.011241,0.138295,7,7.27,28.51
7450,2022,2,0.019515,0.028596,0.069992,0.102561,18,17.58,82.61
7450,2022,3,0.008801,0.101885,0.016501,0.191035,5,8.24,29.39
7450,2022,4,0.014362,0.02248,0.046076,0.07212,20,15.06,79.93
7450,2023,1,0.008163,0.104274,0.010562,0.134907,8,8.63,27.98
7450,2023,2,0.018863,0.024626,0.055162,0.072015,19,19.08,87.52
7450,2023,3,0.011796,0.108714,0.025867,0.238396,6,14.86,32.94
7450,2023,4,0.019326,0.023409,0.081924,0.099235,22,24.61,90.86
7450,2024,1,0.010691,0.104858,0.024078,0.236167,7,15.02,31.93
7450,2024,2,0.021124,0.027895,0.087923,0.116108,15,25.4,87.02
7450,2024,3,0.013065,0.109136,0.03071,0.256526,5,15.42,34.6
7450,2024,4,0.018447,0.028263,0.077077,0.118089,18,22.44,80.79
7450,2025,1,0.012793,0.113179,0.032462,0.287201,5,14.24,33.62
7450,2025,2,0.017042,0.029412,0.089619,0.154669,19,28.07,76.12
7450,2025,3,0.011676,0.132721,0.031177,0.354396,4,16.33,29.66
7450,2025,4,0.018481,0.027906,0.081562,0.123155,16,25.9,81.38
7450,2026,1,0.011829,0.146041,0.027916,0.344654,5,16.38,28.46
7450,2026,2,0.025039,0.1499,0.06276,0.375727,5,24.32,40.87
7490,2019,4,0.026038,0.038526,0.164053,0.242737,16,37.76,82.21
7490,2020,1,0.032002,0.072694,0.123282,0.280039,6,29.13,66.35
7490,2020,2,0.043762,0.051591,0.154238,0.181833,14,27.65,92.1
7490,2020,3,0.035573,0.08061,0.12163,0.275622,6,28.25,66.43
7490,2020,4,0.046515,0.065516,0.221753,0.312339,16,41.67,84.26
7490,2021,1,0.023956,0.113263,0.058563,0.276884,4,20.19,45.99
7490,2021,2,0.03148,0.052507,0.279979,0.466989,23,53.71,77.43
7490,2021,3,0.020045,0.102882,0.067383,0.34585,5,23.47,44.14
7490,2021,4,0.028495,0.034364,0.248906,0.300179,18,48.65,91.06
7490,2022,1,0.025331,0.088567,0.12384,0.432992,5,35.07,53.48
7490,2022,2,0.036903,0.042348,0.368248,0.422583,14,61.83,93.35
7490,2022,3,0.027498,0.06573,0.220055,0.526008,5,47.44,64.68
7490,2022,4,0.049591,0.063002,0.573768,0.728942,10,76.84,88.72
7490,2023,1,0.042807,0.079261,0.318797,0.59028,4,56.93,73.49
7490,2023,2,0.053367,0.062901,0.514697,0.60665,16,72.28,92.11
7490,2023,3,0.057815,0.085754,0.379516,0.562909,3,61.58,82.11
7490,2023,4,0.059115,0.067103,0.507913,0.576539,19,70.37,93.86
7490,2024,1,0.037447,0.099947,0.233614,0.623526,5,48.81,61.21
7490,2024,2,0.056212,0.065911,0.425936,0.499426,16,65.48,92.35
7490,2024,3,0.048695,0.084684,0.302263,0.525658,4,55.2,75.83
7490,2024,4,0.063291,0.076345,0.342835,0.413548,16,58.09,91.05
7490,2025,1,0.062139,0.094569,0.503905,0.766894,2,71.88,81.06
7490,2025,2,0.068781,0.080109,0.641654,0.747337,17,81.3,92.66
7490,2025,3,0.071415,0.09494,0.522392,0.694477,3,73.28,86.73
7490,2025,4,0.07671,0.096496,0.536879,0.675362,14,74.18,89.16
7490,2026,1,0.068952,0.084787,0.544198,0.66917,3,74.63,90.18
7490,2026,2,0.070416,0.105908,0.502571,0.755886,2,71.72,81.54
7491,2019,4,0.026038,0.038526,0.164053,0.242737,16,37.76,82.21
7491,2020,1,0.029706,0.105157,0.09261,0.327832,4,26.73,53.15
7491,2020,2,0.043762,0.051591,0.154238,0.181833,14,27.65,92.1
7491,2020,3,0.032335,0.115373,0.091059,0.324903,3,23.94,52.94
7491,2020,4,0.046515,0.065516,0.221753,0.312339,16,41.67,84.26
7491,2021,1,0.02238,0.12675,0.054065,0.306198,4,20.19,42.02
7491,2021,2,0.034775,0.050273,0.287567,0.415724,23,53.71,83.17
7491,2021,3,0.019841,0.111836,0.065431,0.368812,4,23.47,42.12
7491,2021,4,0.028495,0.034364,0.248906,0.300179,18,48.65,91.06
7491,2022,1,0.022742,0.118113,0.105165,0.546185,3,32.18,43.88
7491,2022,2,0.036903,0.042348,0.368248,0.422583,14,61.83,93.35
7491,2022,3,0.022679,0.102668,0.139401,0.63106,3,37.69,47.0
7491,2022,4,0.049591,0.063002,0.573768,0.728942,10,76.84,88.72
7491,2023,1,0.040567,0.106874,0.221563,0.583707,3,47.13,61.61
7491,2023,2,0.053367,0.062901,0.514697,0.60665,16,72.28,92.11
7491,2023,3,0.055308,0.105982,0.341726,0.654821,3,59.11,72.24
7491,2023,4,0.059115,0.067103,0.507913,0.576539,19,70.37,93.86
7491,2024,1,0.053505,0.105514,0.331233,0.653209,2,57.29,71.21
7491,2024,2,0.056212,0.065911,0.425936,0.499426,16,65.48,92.35
7491,2024,3,0.045527,0.108322,0.250614,0.596285,3,50.37,64.83
7491,2024,4,0.063291,0.076345,0.342835,0.413548,16,58.09,91.05
7491,2025,1,0.060627,0.105853,0.432177,0.754569,2,66.5,75.68
7491,2025,2,0.068781,0.080109,0.641654,0.747337,17,81.3,92.66
7491,2025,3,0.069037,0.104912,0.446357,0.678307,3,67.67,81.12
7491,2025,4,0.07671,0.096496,0.536879,0.675362,14,74.18,89.16
7491,2026,1,0.063637,0.10393,0.510383,0.833541,2,72.59,78.25
7491,2026,2,0.070416,0.105908,0.502571,0.755886,2,71.72,81.54
7639,2019,4,0.008863,0.12951,0.010621,0.1552,7,6.93,26.16
7639,2020,1,0.016375,0.125585,0.021205,0.162621,6,9.5327,36.11
7639,2020,2,0.026345,0.080052,0.062848,0.190969,17,18.67,57.3675
7639,2020,3,0.027945,0.125851,0.052447,0.236196,8,20.95,47.1221
7639,2020,4,0.03131,0.084088,0.066999,0.179938,24,25.8,61.02
7639,2021,1,0.024831,0.134547,0.045857,0.248474,6,20.33,42.96
7639,2021,2,0.023757,0.071805,0.033087,0.100005,22,12.83,57.52
7639,2021,3,0.017436,0.107785,0.014939,0.092351,9,7.41,40.22
7639,2021,4,0.022294,0.046089,0.046401,0.095926,20,15.24,69.55
7639,2022,1,0.012837,0.121312,0.014768,0.139557,8,10.34,32.53
7639,2022,2,0.027433,0.069249,0.052952,0.133669,22,19.4,62.94
7639,2022,3,0.040663,0.117371,0.056689,0.163629,6,14.46,58.86
7639,2022,4,0.035747,0.080641,0.114742,0.258842,23,27.04,66.58
7639,2023,1,0.041658,0.116415,0.064197,0.179399,6,18.73,59.82
7639,2023,2,0.037187,0.093455,0.099937,0.251156,23,23.6,63.08
7639,2023,3,0.035953,0.130491,0.07454,0.270543,4,19.46,52.49
7639,2023,4,0.034679,0.095248,0.072055,0.197903,9,22.81,60.34
7639,2024,1,0.045988,0.117805,0.050947,0.130509,7,13.53,62.48
7639,2024,2,0.03248,0.112008,0.056184,0.19375,7,18.8,53.85
7639,2024,3,0.029742,0.189661,0.047294,0.301592,6,20.95,39.6
7639,2024,4,0.044608,0.11239,0.074938,0.188807,8,22.21,63.0
7639,2025,1,0.022974,0.129559,0.031903,0.17991,7,14.86,42.11
7639,2025,2,0.02974,0.114296,0.050667,0.194721,10,19.75,51.01
7639,2025,3,0.030295,0.129809,0.039775,0.170425,7,17.0,48.31
7639,2025,4,0.06638,0.106632,0.365346,0.586881,4,60.74,78.9
7639,2026,1,0.053953,0.108152,0.33496,0.671451,3,58.58,70.63
7639,2026,2,0.056899,0.104754,0.413337,0.760972,2,65.07,73.7
7731,2019,4,0.011026,0.067991,0.029202,0.180076,11,10.28,40.27
7731,2020,1,0.033441,0.10971,0.04779,0.156783,7,18.05,55.21
7731,2020,2,0.043908,0.05173,0.110815,0.130556,18,27.94,92.13
7731,2020,3,0.040918,0.105457,0.041929,0.108063,8,13.25,62.29
7731,2020,4,0.049481,0.057519,0.071686,0.083331,22,19.37,92.75
7731,2021,1,0.039126,0.103683,0.032636,0.086485,9,10.72,61.43
7731,2021,2,0.031679,0.053807,0.043127,0.073251,24,13.56,76.73
7731,2021,3,0.024185,0.102606,0.0332,0.14085,7,13.12,48.55
7731,2021,4,0.050546,0.056661,0.243237,0.272663,18,47.75,94.45
7731,2022,1,0.037926,0.100897,0.101484,0.269982,4,24.53,61.31
7731,2022,2,0.050658,0.059463,0.22915,0.268978,20,41.17,92.3
7731,2022,3,0.05549,0.096196,0.14164,0.245544,5,31.3,75.95
7731,2022,4,0.043833,0.052367,0.368032,0.439682,9,61.51,91.49
7731,2023,1,0.044706,0.100098,0.272941,0.61112,3,52.6,66.83
7731,2023,2,0.049388,0.06436,0.329953,0.429976,16,56.48,87.6
7731,2023,3,0.05065,0.08338,0.478825,0.788235,2,70.17,77.94
7731,2023,4,0.06814,0.072019,0.546609,0.577722,13,74.81,97.27
7731,2024,1,0.066246,0.115207,0.450102,0.782761,3,68.01,75.83
7731,2024,2,0.073462,0.083459,0.480258,0.545612,9,70.29,93.82
7731,2024,3,0.055512,0.096642,0.243685,0.424234,5,49.38,75.79
7731,2024,4,0.077348,0.087949,0.432432,0.491697,10,64.92,93.78
7731,2025,1,0.058283,0.112866,0.183188,0.35475,4,40.17,71.86
7731,2025,2,0.054677,0.071285,0.280314,0.365455,12,53.1,87.58
7731,2025,3,0.046328,0.075875,0.178751,0.292752,6,40.9,78.14
7731,2025,4,0.047762,0.059109,0.170162,0.210591,14,35.88,89.89
7731,2026,1,0.021918,0.107188,0.04482,0.219187,6,18.89,45.22
7731,2026,2,0.020888,0.112083,0.095291,0.511315,3,30.04,43.17
7895,2019,4,0.027755,0.059048,0.037608,0.080009,16,11.01,68.56
7895,2020,1,0.019331,0.113166,0.017765,0.103998,9,10.11,41.33
7895,2020,2,0.027461,0.067549,0.027989,0.068847,22,13.86,63.76
7895,2020,3,0.031206,0.163481,0.030968,0.162236,6,12.09,43.69
7895,2020,4,0.028144,0.058133,0.029409,0.060746,22,12.61,69.58
7895,2021,1,0.020912,0.135741,0.017045,0.110639,8,8.04,39.25
7895,2021,2,0.028574,0.044624,0.03326,0.051943,26,11.56,80.02
7895,2021,3,0.016994,0.1137,0.016346,0.109366,9,10.01,38.66
7895,2021,4,0.031405,0.037941,0.08793,0.106229,29,27.65,90.98
7895,2022,1,0.02524,0.131685,0.039865,0.207989,6,16.89,43.78
7895,2022,2,0.031315,0.043018,0.093964,0.129081,21,29.69,85.32
7895,2022,3,0.016497,0.119597,0.03737,0.27092,6,18.52,37.14
7895,2022,4,0.025323,0.037873,0.040606,0.060729,26,13.61,81.77
7895,2023,1,0.024241,0.151277,0.02495,0.155706,7,11.97,40.03
7895,2023,2,0.02735,0.053216,0.030151,0.058665,24,9.58,71.69
7895,2023,3,0.019,0.122273,0.013988,0.090015,9,7.61,39.42
7895,2023,4,0.026668,0.045784,0.033925,0.058242,23,12.07,76.32
7895,2024,1,0.014388,0.128902,0.022611,0.202564,6,12.34,33.41
7895,2024,2,0.02223,0.04268,0.029515,0.056667,20,12.47,72.17
7895,2024,3,0.021402,0.125781,0.015914,0.093523,9,6.45,41.25
7895,2024,4,0.0188,0.043781,0.027879,0.064922,21,13.74,65.53
7895,2025,1,0.023598,0.138953,0.046343,0.272885,4,17.22,41.21
7895,2025,2,0.029704,0.056731,0.064015,0.122261,12,16.23,72.36
7895,2025,3,0.035169,0.126584,0.045665,0.164359,6,13.15,52.71
7895,2025,4,0.040319,0.060079,0.067904,0.101185,13,18.04,81.92
7895,2026,1,0.037722,0.126767,0.061536,0.206796,5,17.17,54.55
7895,2026,2,0.039557,0.110286,0.074865,0.208722,5,19.57,59.89
8185,2020,3,0.026949,0.105294,0.051956,0.203004,5,14.08,50.59
8185,2020,4,0.066288,0.073573,0.161692,0.179462,20,26.71,94.92
8185,2021,1,0.05049,0.101775,0.074938,0.151058,8,20.07,70.4335
8185,2021,2,0.050849,0.056558,0.059849,0.066567,23,16.91,94.8193
8185,2021,3,0.027641,0.101818,0.080332,0.295907,5,24.4007,52.1035
8185,2021,4,0.045473,0.050931,0.197611,0.221329,17,31.44,94.49
8185,2022,1,0.047446,0.106486,0.252917,0.567643,3,50.14,66.75
8185,2022,2,0.037303,0.042181,0.133366,0.150807,19,30.41,94.04
8185,2022,3,0.032365,0.11211,0.074983,0.259734,5,21.53,53.73
8185,2022,4,0.041873,0.047148,0.254719,0.286808,15,47.92,94.24
8185,2023,1,0.027234,0.10051,0.068028,0.251061,5,19.5531,52.0541
8185,2023,2,0.043526,0.049428,0.128366,0.145771,17,26.1,93.8402
8185,2023,3,0.017802,0.099002,0.023846,0.132614,7,9.0734,42.4048
8185,2023,4,0.036735,0.041707,0.47209,0.53599,17,69.12,93.85
8185,2024,1,0.058003,0.104815,0.535536,0.967742,1,74.39,74.39
8185,2024,2,0.049164,0.066489,0.566874,0.766638,18,76.68,85.99
8185,2024,3,0.040327,0.10474,0.274833,0.713815,2,52.79,62.05
8185,2024,4,0.037606,0.044937,0.196656,0.234993,12,38.1,91.48
8185,2025,1,0.026126,0.104377,0.203645,0.813605,2,45.82,50.03
8185,2025,2,0.037356,0.044864,0.621703,0.74665,6,80.27,91.25
8185,2025,3,0.03874,0.103096,0.363647,0.967742,1,61.3,61.3
8185,2025,4,0.040322,0.056685,0.513114,0.721351,10,72.46,84.34
8185,2026,1,0.035742,0.108029,0.18529,0.560033,4,43.49,57.52
8185,2026,2,0.044132,0.104872,0.352011,0.836506,2,60.29,64.87
8208,2020,1,0.013321,0.107026,0.018883,0.151709,6,8.99,35.28
8208,2020,2,0.0189,0.035799,0.066481,0.125923,18,19.31,72.66
8208,2020,3,0.011573,0.101603,0.026062,0.228802,4,10.73,33.75
8208,2020,4,0.018421,0.031724,0.066891,0.115202,26,17.34,76.2
8208,2021,1,0.012749,0.107734,0.021186,0.179034,7,11.63,34.4
8208,2021,2,0.018805,0.032558,0.064256,0.111247,25,23.1,76.0
8208,2021,3,0.014438,0.11773,0.030057,0.245084,7,16.85,35.02
8208,2021,4,0.020133,0.033133,0.076829,0.126442,25,25.98,77.95
8208,2022,1,0.017934,0.113387,0.037642,0.237989,7,18.71,39.77
8208,2022,2,0.028012,0.047517,0.084439,0.143235,23,27.74,76.78
8208,2022,3,0.026723,0.117644,0.073946,0.325542,7,27.16,47.66
8208,2022,4,0.029895,0.051798,0.111731,0.193592,20,32.93,75.97
8208,2023,1,0.021841,0.103306,0.046876,0.221724,8,20.97,45.98
8208,2023,2,0.02925,0.046915,0.080997,0.129913,24,26.79,78.96
8208,2023,3,0.021708,0.111217,0.04648,0.238128,7,20.76,44.18
8208,2023,4,0.026576,0.042679,0.053463,0.08586,24,20.91,78.91
8208,2024,1,0.020868,0.116077,0.034736,0.193219,8,17.53,42.4
8208,2024,2,0.023939,0.041841,0.033244,0.058104,21,11.4,75.64
8208,2024,3,0.027026,0.120088,0.039027,0.173412,7,16.15,47.44
8208,2024,4,0.022999,0.041977,0.041074,0.074968,19,13.79,74.02
8208,2025,1,0.017302,0.103278,0.022603,0.134922,7,10.09,40.93
8208,2025,2,0.028292,0.045842,0.048388,0.078404,20,13.24,78.56
8208,2025,3,0.026569,0.11436,0.021695,0.093383,9,9.82,48.2
8208,2025,4,0.030068,0.055176,0.075862,0.139212,19,22.51,73.82
8208,2026,1,0.021007,0.118299,0.030387,0.17112,6,11.46,42.14
8208,2026,2,0.028663,0.128658,0.036284,0.162864,7,15.52,47.2
8467,2020,1,0.014472,0.106462,0.018336,0.134885,7,9.52,36.87
8467,2020,2,0.017851,0.035825,0.066368,0.133191,19,18.71,70.59
8467,2020,3,0.012576,0.101441,0.028441,0.229412,4,11.16,35.21
8467,2020,4,0.021513,0.037196,0.075348,0.130279,26,18.99,76.05
8467,2021,1,0.012018,0.106706,0.019871,0.176436,7,11.43,33.56
8467,2021,2,0.020712,0.03339,0.075429,0.121599,25,24.76,78.76
8467,2021,3,0.014924,0.117892,0.031062,0.24537,7,17.12,35.58
8467,2021,4,0.020556,0.034833,0.07443,0.126125,26,25.71,76.82
8467,2022,1,0.018715,0.113201,0.031315,0.189418,7,15.78,40.66
8467,2022,2,0.02318,0.046347,0.067394,0.134752,23,24.66,70.72
8467,2022,3,0.022268,0.116767,0.058248,0.305433,7,24.01,43.67
8467,2022,4,0.028683,0.053502,0.100065,0.186648,20,31.13,73.22
8467,2023,1,0.02068,0.125334,0.046514,0.281908,6,20.89,40.62
8467,2023,2,0.026132,0.052088,0.073439,0.146383,24,25.97,70.83
8467,2023,3,0.020346,0.124654,0.044997,0.275688,6,20.45,40.4
8467,2023,4,0.026883,0.047996,0.053172,0.094933,23,20.77,74.84
8467,2024,1,0.020433,0.115066,0.03279,0.18465,8,16.87,42.14
8467,2024,2,0.022903,0.043191,0.030495,0.057508,20,10.35,72.82
8467,2024,3,0.026635,0.120778,0.03819,0.17318,7,16.13,46.96
8467,2024,4,0.022169,0.046095,0.037827,0.078651,20,14.06,69.35
8467,2025,1,0.010876,0.137451,0.012787,0.161593,7,9.45,28.13
8467,2025,2,0.017272,0.057833,0.021703,0.072668,18,10.44,54.65
8467,2025,3,0.020432,0.15455,0.016168,0.122292,8,9.89,36.36
8467,2025,4,0.028423,0.061145,0.059855,0.128761,16,19.47,68.18
8467,2026,1,0.020862,0.108546,0.023818,0.123929,8,10.72,43.84
8467,2026,2,0.023403,0.137207,0.031537,0.184893,7,15.83,41.3
8528,2020,2,0.051344,0.065664,0.160595,0.205385,18,31.268,88.4263
8528,2020,3,0.040009,0.104136,0.064564,0.168048,7,19.35,61.9837
8528,2020,4,0.048186,0.068945,0.131203,0.187729,20,25.2,83.6
8528,2021,1,0.030348,0.106345,0.068022,0.238365,5,21.28,53.42
8528,2021,2,0.058115,0.073435,0.239114,0.302145,24,37.75,88.96
8528,2021,3,0.025459,0.107391,0.056182,0.236983,4,17.49,48.69
8528,2021,4,0.047756,0.056582,0.194998,0.231037,20,41.43,91.87
8528,2022,1,0.024246,0.118259,0.042425,0.206923,5,16.54,45.28
8528,2022,2,0.029464,0.070779,0.10153,0.243895,24,27.18,64.52
8528,2022,3,0.036287,0.104384,0.153079,0.440352,4,37.88,58.96
8528,2022,4,0.030523,0.074403,0.115777,0.282216,22,32.14,64.05
8528,2023,1,0.026449,0.094836,0.05849,0.209726,6,21.13,52.81
8528,2023,2,0.036092,0.049118,0.101536,0.138184,20,20.55,85.72
8528,2023,3,0.027934,0.116297,0.062998,0.262275,5,20.14,49.01
8528,2023,4,0.025961,0.041013,0.094621,0.149485,23,26.0,79.56
8528,2024,1,0.026912,0.103426,0.050334,0.193442,5,15.05,51.01
8528,2024,2,0.030975,0.062657,0.1396,0.282392,15,34.97,70.31
8528,2024,3,0.025949,0.128428,0.040008,0.198012,6,16.15,44.95
8528,2024,4,0.035606,0.051698,0.097152,0.141059,18,25.25,82.99
8528,2025,1,0.019773,0.164504,0.043828,0.364623,5,20.48,34.67
8528,2025,2,0.035611,0.074819,0.145664,0.306041,15,35.82,68.99
8528,2025,3,0.045748,0.120639,0.179921,0.474464,2,34.36,61.58
8528,2025,4,0.051653,0.077289,0.292322,0.437407,13,43.16,81.75
8528,2026,1,0.041544,0.111319,0.16051,0.430093,4,34.9,61.09
8528,2026,2,0.040908,0.109115,0.111693,0.297919,4,27.86,61.23
8555,2020,3,0.034613,0.104397,0.093363,0.2816,6,29.59,57.58
8555,2020,4,0.045088,0.07451,0.158851,0.262507,23,35.81,77.79
8555,2021,1,0.032564,0.10544,0.04205,0.136156,8,13.75,55.5731
8555,2021,2,0.049291,0.06031,0.115083,0.14081,26,30.4904,90.4045
8555,2021,3,0.045259,0.110167,0.094364,0.229695,6,23.4222,64.0956
8555,2021,4,0.054257,0.064383,0.156559,0.185778,21,27.17,91.8
8555,2022,1,0.043837,0.106957,0.086851,0.211906,5,20.98,64.02
8555,2022,2,0.035529,0.073555,0.066881,0.138464,25,18.25,69.5
8555,2022,3,0.028687,0.107409,0.050231,0.188075,6,17.7,51.68
8555,2022,4,0.031397,0.043384,0.04642,0.064143,15,13.01,85.07
8555,2023,1,0.026642,0.11918,0.079702,0.356543,4,26.56,47.28
8555,2023,2,0.029567,0.036527,0.146543,0.181039,15,34.18,89.97
8555,2023,3,0.022147,0.114138,0.086111,0.443778,5,29.42,44.05
8555,2023,4,0.024805,0.034904,0.147464,0.207507,16,37.54,84.3
8555,2024,1,0.017766,0.108886,0.094943,0.581892,3,30.7831,40.3933
8555,2024,2,0.022549,0.034685,0.147192,0.226408,14,36.29,80.63
8555,2024,3,0.021612,0.104619,0.068342,0.330824,9,23.37,45.4511
8555,2024,4,0.024984,0.039038,0.07474,0.116782,13,23.83,80.0
8555,2025,1,0.014634,0.119666,0.034379,0.281127,5,17.18,34.97
8555,2025,2,0.031483,0.041911,0.156942,0.20893,11,33.8,86.67
8555,2025,3,0.045401,0.112879,0.18866,0.469058,3,40.63,63.42
8555,2025,4,0.043258,0.064443,0.273872,0.408002,7,42.38,81.93
8555,2026,1,0.035734,0.126257,0.120451,0.425586,3,31.28,53.2
8555,2026,2,0.046758,0.11993,0.212129,0.544095,2,43.42,62.44
8734,2020,1,0.002815,0.123757,0.00212,0.093173,12,3.3597,15.0829
8734,2020,2,0.013458,0.029097,0.037764,0.081647,19,13.4,68.01
8734,2020,3,0.024718,0.105039,0.035439,0.150596,9,14.53,48.5105
8734,2020,4,0.035958,0.04559,0.057337,0.072696,25,16.34,88.81
8734,2021,1,0.032206,0.107927,0.029291,0.098157,9,11.87,54.6264
8734,2021,2,0.032474,0.048696,0.049767,0.074628,25,16.5181,81.6621
8734,2021,3,0.018129,0.10708,0.062664,0.370126,4,22.5207,41.1468
8734,2021,4,0.025894,0.036153,0.166256,0.232128,20,39.3,84.63
8734,2022,1,0.016813,0.111795,0.081858,0.544306,3,28.51,38.78
8734,2022,2,0.025209,0.038767,0.113339,0.174293,20,33.41,80.64
8734,2022,3,0.010829,0.10628,0.020884,0.204965,7,13.51,31.92
8734,2022,4,0.017326,0.026736,0.094515,0.145851,21,30.44,80.5
8734,2023,1,0.014592,0.100996,0.043772,0.302973,7,20.68,38.01
8734,2023,2,0.023846,0.035317,0.179679,0.266115,15,43.07,82.17
8734,2023,3,0.015957,0.108217,0.073269,0.496884,4,27.01,38.4
8734,2023,4,0.025424,0.040541,0.263115,0.419571,19,51.7,79.19
8734,2024,1,0.018082,0.109861,0.106634,0.647868,3,32.96,40.57
8734,2024,2,0.022859,0.035905,0.198641,0.312013,22,45.51,79.79
8734,2024,3,0.017766,0.108472,0.071236,0.434942,4,26.34,40.47
8734,2024,4,0.029504,0.044397,0.139701,0.210219,15,36.41,81.52
8734,2025,1,0.028921,0.107701,0.107898,0.401808,4,31.39,51.82
8734,2025,2,0.034235,0.046985,0.233914,0.321031,15,48.0,85.36
8734,2025,3,0.029714,0.106221,0.142547,0.509578,4,37.94,52.89
8734,2025,4,0.043301,0.050205,0.39079,0.453098,15,62.98,92.87
8734,2026,1,0.03031,0.105462,0.134914,0.469425,3,35.66,53.61
8734,2026,2,0.033966,0.102984,0.211089,0.640012,2,45.57,57.43
8988,2020,2,0.042635,0.05467,0.237792,0.304914,15,48.3,88.31
8988,2020,3,0.030721,0.104849,0.034285,0.117011,8,14.06,54.13
8988,2020,4,0.053689,0.068782,0.112788,0.144494,22,26.59,88.35
8988,2021,1,0.034869,0.116923,0.057145,0.191617,6,15.99,54.61
8988,2021,2,0.037039,0.057471,0.101148,0.156943,19,23.97,80.28
8988,2021,3,0.025114,0.131869,0.050459,0.264955,5,18.97,43.64
8988,2021,4,0.026683,0.044437,0.095157,0.15847,15,20.17,77.49
8988,2022,1,0.032232,0.102782,0.048921,0.155999,7,17.79,56.0
8988,2022,2,0.025038,0.036805,0.064581,0.09493,19,15.1,82.48
8988,2022,3,0.027394,0.112208,0.095906,0.392841,4,28.63,49.41
8988,2022,4,0.025777,0.061312,0.06957,0.165476,19,24.65,64.84
8988,2023,1,0.032416,0.145873,0.051804,0.233122,5,18.75,47.14
8988,2023,2,0.04472,0.067626,0.148722,0.224895,19,25.51,81.32
8988,2023,3,0.033391,0.115793,0.04307,0.149357,8,17.24,53.7
8988,2023,4,0.044758,0.067682,0.187314,0.283254,18,33.24,81.32
8988,2024,1,0.048379,0.107163,0.09213,0.204077,6,25.73,67.19
8988,2024,2,0.048936,0.074513,0.106949,0.162846,14,27.13,81.04
8988,2024,3,0.025352,0.144407,0.03484,0.198447,6,16.15,41.9
8988,2024,4,0.029396,0.073202,0.128827,0.320804,9,33.14,63.37
8988,2025,1,0.028032,0.169061,0.112988,0.681425,2,33.67,40.72
8988,2025,2,0.040096,0.11952,0.114896,0.342491,11,26.64,57.92
8988,2025,3,0.041523,0.131654,0.123427,0.391343,3,30.74,56.16
8988,2025,4,0.056307,0.069054,0.26932,0.330288,15,47.54,90.3
8988,2026,1,0.039576,0.109167,0.096992,0.267547,5,28.62,60.21
8988,2026,2,0.037176,0.141924,0.095283,0.363761,3,25.04,51.18
8989,2020,2,0.042635,0.05467,0.237792,0.304914,15,48.3,88.31
8989,2020,3,0.030721,0.104849,0.034285,0.117011,8,14.06,54.13
8989,2020,4,0.053689,0.068782,0.112788,0.144494,22,26.59,88.35
8989,2021,1,0.034869,0.116923,0.057145,0.191617,6,15.99,54.61
8989,2021,2,0.037039,0.057471,0.101148,0.156943,19,23.97,80.28
8989,2021,3,0.025114,0.131869,0.050459,0.264955,5,18.97,43.64
8989,2021,4,0.026683,0.044437,0.095157,0.15847,15,20.17,77.49
8989,2022,1,0.032232,0.102782,0.048921,0.155999,7,17.79,56.0
8989,2022,2,0.025038,0.036805,0.064581,0.09493,19,15.1,82.48
8989,2022,3,0.027394,0.112208,0.095906,0.392841,4,28.63,49.41
8989,2022,4,0.025777,0.061312,0.06957,0.165476,19,24.65,64.84
8989,2023,1,0.032416,0.145873,0.051804,0.233122,5,18.75,47.14
8989,2023,2,0.04472,0.067626,0.148722,0.224895,19,25.51,81.32
8989,2023,3,0.033391,0.115793,0.04307,0.149357,8,17.24,53.7
8989,2023,4,0.044758,0.067682,0.187314,0.283254,18,33.24,81.32
8989,2024,1,0.048379,0.107163,0.09213,0.204077,6,25.73,67.19
8989,2024,2,0.048936,0.074513,0.106949,0.162846,14,27.13,81.04
8989,2024,3,0.025352,0.144407,0.03484,0.198447,6,16.15,41.9
8989,2024,4,0.029396,0.073202,0.128827,0.320804,9,33.14,63.37
8989,2025,1,0.028032,0.169061,0.112988,0.681425,2,33.67,40.72
8989,2025,2,0.040096,0.11952,0.114896,0.342491,11,26.64,57.92
8989,2025,3,0.041523,0.131654,0.123427,0.391343,3,30.74,56.16
8989,2025,4,0.056307,0.069054,0.26932,0.330288,15,47.54,90.3
8989,2026,1,0.03833,0.119309,0.092813,0.288901,5,28.62,56.68
8989,2026,2,0.037176,0.141924,0.095283,0.363761,3,25.04,51.18
9049,2020,1,1e-06,0.130158,2e-06,0.167023,7,0.0953,0.3158
9049,2020,2,0.020984,0.05704,0.034523,0.093842,15,15.57,60.6534
9049,2020,3,0.042284,0.098971,0.103554,0.242384,6,24.6953,65.3631
9049,2020,4,0.049828,0.064286,0.126324,0.162977,19,30.73,88.04
9049,2021,1,0.045137,0.087532,0.088282,0.171199,6,21.28,71.81
9049,2021,2,0.046239,0.053647,0.11761,0.13645,24,31.35,92.84
9049,2021,3,0.036865,0.096243,0.120699,0.315111,5,32.89,61.89
9049,2021,4,0.050675,0.060435,0.111069,0.13246,22,29.44,91.57
9049,2022,1,0.044227,0.086924,0.15002,0.294852,7,37.77,71.33
9049,2022,2,0.048839,0.061299,0.179758,0.225618,18,41.22,89.26
9049,2022,3,0.048293,0.09898,0.185704,0.380617,5,42.57,69.85
9049,2022,4,0.033188,0.048199,0.164648,0.239117,22,40.49,82.98
9049,2023,1,0.02856,0.088929,0.1064,0.331312,8,32.66,56.67
9049,2023,2,0.029711,0.051834,0.109483,0.191003,18,32.95,75.71
9049,2023,3,0.016013,0.098696,0.018495,0.11399,8,8.67,40.28
9049,2023,4,0.02539,0.04555,0.091169,0.163558,23,27.65,74.66
9049,2024,1,0.026094,0.125653,0.055696,0.268203,7,22.91,45.57
9049,2024,2,0.031627,0.057554,0.151068,0.274906,19,38.09,74.13
9049,2024,3,0.022987,0.123118,0.057982,0.310545,5,22.53,43.21
9049,2024,4,0.028467,0.047249,0.148916,0.247169,15,38.68,77.62
9049,2025,1,0.023714,0.129877,0.04916,0.269244,5,20.15,42.73
9049,2025,2,0.02724,0.051005,0.070068,0.131196,16,16.48,73.08
9049,2025,3,0.04122,0.130787,0.087374,0.277228,4,22.62,56.14
9049,2025,4,0.028766,0.057992,0.084973,0.171304,15,22.68,70.43
9049,2026,1,0.017396,0.110208,0.051324,0.325149,4,20.65,39.73
9049,2026,2,0.028714,0.103388,0.122636,0.441567,6,35.19,52.7
9062,2020,2,0.023619,0.070431,0.143038,0.426525,12,36.93,57.91
9062,2020,3,0.050435,0.105996,0.101391,0.213086,5,22.16,68.98
9062,2020,4,0.045838,0.058406,0.104181,0.132745,21,21.78,88.59
9062,2021,1,0.033888,0.104192,0.089617,0.275538,4,24.13,57.03
9062,2021,2,0.048259,0.053994,0.185268,0.207286,26,36.86,94.54
9062,2021,3,0.031593,0.104934,0.127575,0.423738,4,35.0,54.87
9062,2021,4,0.04519,0.065329,0.196309,0.283796,21,42.93,83.17
9062,2022,1,0.050166,0.10365,0.275827,0.569892,4,53.13,69.57
9062,2022,2,0.051403,0.06504,0.336333,0.425564,18,56.62,88.9
9062,2022,3,0.041441,0.101683,0.160414,0.393601,3,33.04,63.84
9062,2022,4,0.039424,0.052849,0.187346,0.251141,19,35.25,86.37
9062,2023,1,0.034351,0.101274,0.0888,0.261801,5,23.45,58.24
9062,2023,2,0.040424,0.05851,0.269242,0.389701,20,45.39,83.12
9062,2023,3,0.026792,0.111358,0.079296,0.329591,3,22.12,49.05
9062,2023,4,0.055519,0.084998,0.134796,0.206367,20,22.29,80.82
9062,2024,1,0.06587,0.103855,0.116904,0.184318,6,26.18,79.64
9062,2024,2,0.07186,0.08799,0.161332,0.197547,13,32.74,90.37
9062,2024,3,0.068444,0.105883,0.225608,0.349014,3,39.88,80.4
9062,2024,4,0.073876,0.104625,0.148041,0.209659,17,28.28,84.03
9062,2025,1,0.042466,0.10154,0.089941,0.215056,5,20.58,64.67
9062,2025,2,0.069335,0.078302,0.439908,0.496801,15,64.28,94.1
9062,2025,3,0.028907,0.137145,0.067948,0.322374,4,22.53,45.91
9062,2025,4,0.050434,0.063075,0.164282,0.205456,17,33.58,89.42
9062,2026,1,0.031773,0.110181,0.074815,0.259441,5,22.19,53.7
9062,2026,2,0.039598,0.106279,0.180851,0.485391,3,41.29,61.04
9063,2020,2,0.023619,0.070431,0.143038,0.426525,12,36.93,57.91
9063,2020,3,0.050435,0.105996,0.101391,0.213086,5,22.16,68.98
9063,2020,4,0.045838,0.058406,0.104181,0.132745,21,21.78,88.59
9063,2021,1,0.03389,0.102922,0.090435,0.274649,5,24.2719,57.3826
9063,2021,2,0.048261,0.053553,0.186523,0.206974,26,37.0523,94.931
9063,2021,3,0.031595,0.103184,0.12742,0.416129,8,35.0,55.3357
9063,2021,4,0.04519,0.065329,0.196309,0.283796,21,42.93,83.17
9063,2022,1,0.050166,0.10365,0.275827,0.569892,4,53.13,69.57
9063,2022,2,0.051403,0.06504,0.336333,0.425564,18,56.62,88.9
9063,2022,3,0.041441,0.101683,0.160414,0.393601,3,33.04,63.84
9063,2022,4,0.039424,0.052849,0.187346,0.251141,19,35.25,86.37
9063,2023,1,0.034351,0.101274,0.0888,0.261801,5,23.45,58.24
9063,2023,2,0.040424,0.05851,0.269242,0.389701,20,45.39,83.12
9063,2023,3,0.026792,0.111358,0.079296,0.329591,3,22.12,49.05
9063,2023,4,0.055519,0.084998,0.134796,0.206367,20,22.29,80.82
9063,2024,1,0.06587,0.103855,0.116904,0.184318,6,26.18,79.64
9063,2024,2,0.07186,0.08799,0.161332,0.197547,13,32.74,90.37
9063,2024,3,0.068444,0.105883,0.225608,0.349014,3,39.88,80.4
9063,2024,4,0.073876,0.104625,0.148041,0.209659,17,28.28,84.03
9063,2025,1,0.042466,0.10154,0.089941,0.215056,5,20.58,64.67
9063,2025,2,0.069335,0.078302,0.439908,0.496801,15,64.28,94.1
9063,2025,3,0.028907,0.137145,0.067948,0.322374,4,22.53,45.91
9063,2025,4,0.050434,0.063075,0.164282,0.205456,17,33.58,89.42
9063,2026,1,0.031773,0.110181,0.074815,0.259441,5,22.19,53.7
9063,2026,2,0.039598,0.106279,0.180851,0.485391,3,41.29,61.04
9242,2020,3,0.024125,0.187812,0.019981,0.155554,7,10.35,35.84
9242,2020,4,0.032995,0.077546,0.028773,0.067623,21,11.24,65.23
9242,2021,1,0.024193,0.116095,0.024994,0.119939,8,10.91,45.65
9242,2021,2,0.032533,0.063869,0.049638,0.09745,17,17.96,71.37
9242,2021,3,0.014573,0.132368,0.011021,0.10011,8,5.62,33.18
9242,2021,4,0.020959,0.048882,0.044913,0.104751,19,16.78,65.48
9242,2022,1,0.010484,0.119259,0.011826,0.134519,7,7.48,29.65
9242,2022,2,0.012159,0.041176,0.036902,0.124972,17,15.68,54.34
9242,2022,3,0.008477,0.114242,0.017345,0.233755,5,10.89,27.24
9242,2022,4,0.01255,0.047208,0.041339,0.155503,11,16.34,51.56
9242,2023,1,0.020319,0.11513,0.044401,0.251587,6,19.96,42.01
9242,2023,2,0.029758,0.041188,0.084192,0.116528,13,27.21,85.0
9242,2023,3,0.025234,0.108437,0.040187,0.17269,6,14.39,48.24
9242,2023,4,0.040302,0.047072,0.107098,0.125088,9,23.89,92.53
9242,2024,1,0.020213,0.106526,0.043117,0.227236,5,16.68,43.56
9242,2024,2,0.034525,0.039996,0.144142,0.16698,10,31.74,92.91
9242,2024,3,0.019503,0.150818,0.033003,0.255216,4,13.95,35.96
9242,2024,4,0.034593,0.039842,0.122681,0.141297,12,31.47,93.18
9242,2025,1,0.031239,0.124308,0.098975,0.393848,4,30.5,50.13
9242,2025,2,0.033425,0.056185,0.145573,0.2447,6,27.21,77.13
9242,2025,3,0.051275,0.121435,0.174637,0.413598,3,32.64,64.98
9242,2025,4,0.057009,0.063973,0.255498,0.28671,4,44.21,94.4
9242,2026,1,0.028402,0.1142,0.084914,0.341431,5,27.33,49.87
9242,2026,2,0.027754,0.124314,0.123851,0.554746,2,33.48,47.25
9243,2020,3,0.024125,0.187812,0.019981,0.155554,7,10.35,35.84
9243,2020,4,0.032995,0.077546,0.028773,0.067623,21,11.24,65.23
9243,2021,1,0.024193,0.116095,0.024994,0.119939,8,10.91,45.65
9243,2021,2,0.032533,0.063869,0.049638,0.09745,17,17.96,71.37
9243,2021,3,0.014573,0.132368,0.011021,0.10011,8,5.62,33.18
9243,2021,4,0.020959,0.048882,0.044913,0.104751,19,16.78,65.48
9243,2022,1,0.010484,0.118688,0.011847,0.134109,8,7.48,29.7215
9243,2022,2,0.012159,0.041133,0.036981,0.125109,17,15.7082,54.3682
9243,2022,3,0.008477,0.114242,0.017345,0.233755,5,10.89,27.24
9243,2022,4,0.01255,0.047208,0.041339,0.155503,11,16.34,51.56
9243,2023,1,0.020319,0.11513,0.044401,0.251587,6,19.96,42.01
9243,2023,2,0.029758,0.041188,0.084192,0.116528,13,27.21,85.0
9243,2023,3,0.025234,0.108437,0.040187,0.17269,6,14.39,48.24
9243,2023,4,0.040302,0.047072,0.107098,0.125088,9,23.89,92.53
9243,2024,1,0.020213,0.106526,0.043117,0.227236,5,16.68,43.56
9243,2024,2,0.034525,0.039996,0.144142,0.16698,10,31.74,92.91
9243,2024,3,0.019503,0.150818,0.033003,0.255216,4,13.95,35.96
9243,2024,4,0.034593,0.039842,0.122681,0.141297,12,31.47,93.18
9243,2025,1,0.031239,0.124308,0.098975,0.393848,4,30.5,50.13
9243,2025,2,0.033425,0.056185,0.145573,0.2447,6,27.21,77.13
9243,2025,3,0.051275,0.121435,0.174637,0.413598,3,32.64,64.98
9243,2025,4,0.057009,0.063973,0.255498,0.28671,4,44.21,94.4
9243,2026,1,0.028402,0.1142,0.084914,0.341431,5,27.33,49.87
9243,2026,2,0.027754,0.124314,0.123851,0.554746,2,33.48,47.25
9707,2020,4,0.036573,0.046643,0.087631,0.111759,24,27.85,88.55
9707,2021,1,0.017326,0.111953,0.031172,0.20142,6,14.29,39.34
9707,2021,2,0.031677,0.036515,0.107195,0.123567,25,25.83,93.14
9707,2021,3,0.012792,0.111247,0.020898,0.18174,5,8.52,33.91
9707,2021,4,0.017024,0.031529,0.050713,0.093925,23,20.35,73.48
9707,2022,1,0.015582,0.117668,0.023339,0.176247,6,11.97,36.39
9707,2022,2,0.015881,0.02955,0.034617,0.064411,20,9.83,73.31
9707,2022,3,0.027091,0.142383,0.027677,0.145459,7,11.97,43.62
9707,2022,4,0.036436,0.052864,0.078306,0.113613,15,21.84,83.02
9707,2023,1,0.029331,0.114242,0.032519,0.126658,7,9.97,50.67
9707,2023,2,0.024057,0.030757,0.132266,0.169103,18,24.73,88.44
9707,2023,3,0.026651,0.111136,0.047403,0.19767,5,16.09,48.97
9707,2023,4,0.034271,0.043657,0.120557,0.153577,20,26.05,88.6
9707,2024,1,0.020458,0.112521,0.054914,0.30203,5,21.04,42.64
9707,2024,2,0.032974,0.051252,0.161884,0.251622,20,33.02,80.21
9707,2024,3,0.033767,0.127762,0.226636,0.8575,2,48.4,51.41
9707,2024,4,0.044783,0.070236,0.525933,0.82486,14,73.77,79.85
9707,2025,1,0.037392,0.113175,0.236309,0.715233,2,48.96,57.48
9707,2025,2,0.047822,0.061349,0.594934,0.763213,15,78.25,88.29
9707,2025,3,0.043811,0.110312,0.287646,0.724271,2,54.08,63.02
9707,2025,4,0.055043,0.079269,0.544227,0.78375,13,74.81,83.33
9707,2026,1,0.039692,0.099246,0.336668,0.841819,2,58.97,63.24
9707,2026,2,0.039744,0.127875,0.30078,0.967742,1,55.75,55.75
9708,2020,4,0.036573,0.046643,0.087631,0.111759,24,27.85,88.55
9708,2021,1,0.017326,0.111953,0.031172,0.20142,6,14.29,39.34
9708,2021,2,0.031677,0.036515,0.107195,0.123567,25,25.83,93.14
9708,2021,3,0.012792,0.111247,0.020898,0.18174,5,8.52,33.91
9708,2021,4,0.017024,0.031529,0.050713,0.093925,23,20.35,73.48
9708,2022,1,0.015582,0.117668,0.023339,0.176247,6,11.97,36.39
9708,2022,2,0.015881,0.02955,0.034617,0.064411,20,9.83,73.31
9708,2022,3,0.027091,0.142383,0.027677,0.145459,7,11.97,43.62
9708,2022,4,0.036436,0.052864,0.078306,0.113613,15,21.84,83.02
9708,2023,1,0.029331,0.114242,0.032519,0.126658,7,9.97,50.67
9708,2023,2,0.024057,0.030757,0.132266,0.169103,18,24.73,88.44
9708,2023,3,0.026651,0.111136,0.047403,0.19767,5,16.09,48.97
9708,2023,4,0.034271,0.043657,0.120557,0.153577,20,26.05,88.6
9708,2024,1,0.020458,0.112521,0.054914,0.30203,5,21.04,42.64
9708,2024,2,0.032974,0.051252,0.161884,0.251622,20,33.02,80.21
9708,2024,3,0.033767,0.127762,0.226636,0.8575,2,48.4,51.41
9708,2024,4,0.044783,0.070236,0.525933,0.82486,14,73.77,79.85
9708,2025,1,0.037271,0.117253,0.226063,0.71118,2,47.86,56.38
9708,2025,2,0.047822,0.061349,0.594934,0.763213,15,78.25,88.29
9708,2025,3,0.043811,0.110312,0.287646,0.724271,2,54.08,63.02
9708,2025,4,0.055043,0.079269,0.544227,0.78375,13,74.81,83.33
9708,2026,1,0.038946,0.106368,0.306306,0.836568,2,56.24,60.51
9708,2026,2,0.039744,0.127875,0.30078,0.967742,1,55.75,55.75
9808,2020,3,0.005598,0.141457,0.006236,0.157588,8,4.85,19.8933
9808,2020,4,0.023921,0.084742,0.038433,0.136151,21,11.85,53.13
9808,2021,1,0.036223,0.114238,0.057338,0.180832,6,17.23,56.31
9808,2021,2,0.038757,0.080935,0.08599,0.179571,22,24.42,69.2
9808,2021,3,0.036606,0.111922,0.095427,0.291763,4,24.5,57.19
9808,2021,4,0.049359,0.073014,0.157424,0.232871,19,30.17,82.22
9808,2022,1,0.035292,0.117565,0.110567,0.368319,4,31.47,54.79
9808,2022,2,0.043336,0.061638,0.175989,0.250311,15,34.38,83.85
9808,2022,3,0.022551,0.100965,0.116547,0.52181,5,34.53,47.26
9808,2022,4,0.027092,0.038634,0.305869,0.436184,15,55.26,83.74
9808,2023,1,0.027712,0.092854,0.135088,0.452642,3,35.48,54.63
9808,2023,2,0.026255,0.032064,0.137128,0.167466,16,31.64,90.49
9808,2023,3,0.014637,0.087412,0.035804,0.213828,6,16.11,40.92
9808,2023,4,0.028845,0.037384,0.108825,0.141041,21,24.52,87.84
9808,2024,1,0.02603,0.107272,0.03728,0.153635,6,11.68,49.26
9808,2024,2,0.037489,0.047054,0.11981,0.150377,19,28.43,89.26
9808,2024,3,0.023987,0.090124,0.037681,0.141578,7,11.27,51.59
9808,2024,4,0.027426,0.036944,0.11872,0.159923,11,28.01,86.16
9808,2025,1,0.016188,0.104174,0.029024,0.186779,5,11.58,39.42
9808,2025,2,0.025621,0.03908,0.079439,0.121167,15,20.16,80.97
9808,2025,3,0.041333,0.117067,0.102587,0.290555,4,25.97,59.42
9808,2025,4,0.043835,0.062288,0.226964,0.322506,15,42.72,83.89
9808,2026,1,0.029322,0.119379,0.077624,0.316034,4,21.57,49.56
9808,2026,2,0.035099,0.105243,0.161722,0.484915,3,38.48,57.75
9855,2020,4,0.032132,0.036057,0.157583,0.176834,19,39.35,94.4
9855,2021,1,0.021026,0.131542,0.07523,0.470659,4,27.2,39.98
9855,2021,2,0.030614,0.035565,0.183144,0.212757,24,33.42,92.78
9855,2021,3,0.011802,0.101494,0.036796,0.316436,4,16.6,34.1
9855,2021,4,0.018628,0.022956,0.078326,0.096527,20,24.16,90.08
9855,2022,1,0.013635,0.105857,0.027493,0.213443,6,14.81,35.89
9855,2022,2,0.023768,0.029752,0.282297,0.353366,19,53.74,89.38
9855,2022,3,0.019434,0.10327,0.03114,0.165476,6,12.48,43.38
9855,2022,4,0.025297,0.034955,0.047714,0.065931,18,14.09,85.07
9855,2023,1,0.025658,0.113768,0.034644,0.153611,6,11.94,47.49
9855,2023,2,0.041502,0.049865,0.114334,0.137373,9,22.44,91.23
9855,2023,3,0.025999,0.132119,0.041758,0.212207,6,18.28,44.36
9855,2023,4,0.035218,0.041727,0.104831,0.124206,9,24.9,91.87
9855,2024,1,0.023386,0.104703,0.051249,0.229456,5,16.49,47.26
9855,2024,2,0.03571,0.043,0.161133,0.194026,8,33.61,91.13
9855,2024,3,0.030243,0.149746,0.050942,0.252235,4,15.42,44.94
9855,2024,4,0.027461,0.034436,0.109496,0.137308,13,28.1,89.3
9855,2025,1,0.031308,0.150105,0.083777,0.401663,3,26.34,45.67
9855,2025,2,0.031762,0.06482,0.147997,0.302036,7,32.38,70.0
9855,2025,3,0.038198,0.118816,0.154334,0.480061,2,32.8,56.7
9855,2025,4,0.054516,0.06291,0.226365,0.261218,5,37.87,93.09
9855,2026,1,0.038189,0.110681,0.114009,0.330424,5,29.27,58.74
9855,2026,2,0.029282,0.12672,0.092701,0.401176,3,25.62,48.07
9856,2020,4,0.032132,0.036057,0.157583,0.176834,19,39.35,94.4
9856,2021,1,0.021026,0.131542,0.07523,0.470659,4,27.2,39.98
9856,2021,2,0.030614,0.035565,0.183144,0.212757,24,33.42,92.78
9856,2021,3,0.011802,0.101494,0.036796,0.316436,4,16.6,34.1
9856,2021,4,0.018628,0.022956,0.078326,0.096527,20,24.16,90.08
9856,2022,1,0.013635,0.105857,0.027493,0.213443,6,14.81,35.89
9856,2022,2,0.023768,0.029752,0.282297,0.353366,19,53.74,89.38
9856,2022,3,0.019434,0.10327,0.03114,0.165476,6,12.48,43.38
9856,2022,4,0.025297,0.034955,0.047714,0.065931,18,14.09,85.07
9856,2023,1,0.025658,0.113768,0.034644,0.153611,6,11.94,47.49
9856,2023,2,0.041502,0.049865,0.114334,0.137373,9,22.44,91.23
9856,2023,3,0.025999,0.132119,0.041758,0.212207,6,18.28,44.36
9856,2023,4,0.035218,0.041727,0.104831,0.124206,9,24.9,91.87
9856,2024,1,0.023386,0.104703,0.051249,0.229456,5,16.49,47.26
9856,2024,2,0.03571,0.043,0.161133,0.194026,8,33.61,91.13
9856,2024,3,0.030243,0.149746,0.050942,0.252235,4,15.42,44.94
9856,2024,4,0.027461,0.034436,0.109496,0.137308,13,28.1,89.3
9856,2025,1,0.031308,0.150105,0.083777,0.401663,3,26.34,45.67
9856,2025,2,0.031762,0.06482,0.147997,0.302036,7,32.38,70.0
9856,2025,3,0.038198,0.118816,0.154334,0.480061,2,32.8,56.7
9856,2025,4,0.054516,0.06291,0.226365,0.261218,5,37.87,93.09
9856,2026,1,0.038189,0.110681,0.114009,0.330424,5,29.27,58.74
9856,2026,2,0.029282,0.12672,0.092701,0.401176,3,25.62,48.07
9913,2020,4,0.008048,0.034131,0.028526,0.120971,17,14.52,48.56
9913,2021,1,0.022661,0.10453,0.069201,0.319213,6,25.9979,46.5604
9913,2021,2,0.050016,0.05526,0.278266,0.307443,25,52.04,95.1366
9913,2021,3,0.014945,0.103438,0.020272,0.140303,9,9.54,38.0112
9913,2021,4,0.019455,0.028044,0.058259,0.08398,22,16.06,83.29
9913,2022,1,0.011049,0.108918,0.012201,0.120276,7,6.54,31.85
9913,2022,2,0.025421,0.038727,0.08554,0.130313,17,26.47,81.02
9913,2022,3,0.013381,0.106715,0.016075,0.128206,7,7.76,35.41
9913,2022,4,0.023981,0.050223,0.043466,0.091032,16,13.25,69.1
9913,2023,1,0.01179,0.105498,0.029432,0.263362,5,14.93,33.43
9913,2023,2,0.023757,0.036263,0.083548,0.12753,11,20.66,80.94
9913,2023,3,0.021029,0.103799,0.061573,0.303931,4,21.25,45.01
9913,2023,4,0.025525,0.050154,0.092503,0.181757,9,23.08,71.34
9913,2024,1,0.022443,0.100442,0.089699,0.401437,3,27.94,47.27
9913,2024,2,0.039824,0.052687,0.552266,0.73065,7,75.29,86.94
9913,2024,3,0.020449,0.100311,0.100148,0.491278,3,30.96,45.15
9913,2024,4,0.032433,0.041881,0.397729,0.513596,10,62.29,88.0
9913,2025,1,0.018942,0.11186,0.080456,0.475139,3,27.44,41.15
9913,2025,2,0.029835,0.054029,0.153556,0.278081,12,35.51,74.31
9913,2025,3,0.030356,0.099913,0.153063,0.503791,3,37.67,55.12
9913,2025,4,0.048025,0.065511,0.289425,0.394808,14,47.23,85.62
9913,2026,1,0.022271,0.10151,0.10615,0.483822,2,27.62,46.84
9913,2026,2,0.016002,0.110586,0.051186,0.353729,3,17.21,38.04
9993,2020,4,0.038436,0.071206,0.067599,0.125234,14,18.22,73.47
9993,2021,1,0.037552,0.149014,0.040332,0.160043,6,15.01,50.2
9993,2021,2,0.038183,0.064938,0.066912,0.1138,17,15.7,76.68
9993,2021,3,0.030838,0.106502,0.095706,0.330533,4,25.79,53.81
9993,2021,4,0.038804,0.049633,0.174165,0.222771,16,32.36,88.42
9993,2022,1,0.034054,0.107859,0.105309,0.333538,4,24.84,56.19
9993,2022,2,0.026716,0.050409,0.088114,0.166258,16,25.3,72.8
9993,2022,3,0.019995,0.150581,0.029806,0.224463,6,15.04,36.44
9993,2022,4,0.021836,0.054051,0.061882,0.153178,15,17.15,63.56
9993,2023,1,0.019036,0.274587,0.0168,0.242329,4,8.8,26.33
9993,2023,2,0.02733,0.076349,0.062068,0.173392,17,22.37,59.83
9993,2023,3,0.022384,0.188392,0.029983,0.252345,4,13.02,34.47
9993,2023,4,0.029445,0.107978,0.041534,0.15231,18,14.24,52.22
9993,2024,1,0.036452,0.185408,0.03011,0.15315,6,10.27,44.34
9993,2024,2,0.039862,0.090547,0.033124,0.075241,20,9.94,66.35
9993,2024,3,0.028146,0.181955,0.023156,0.149697,6,10.38,39.33
9993,2024,4,0.038446,0.071186,0.130748,0.242092,9,34.35,73.49
9993,2025,1,0.029582,0.150533,0.066872,0.340288,3,20.7,44.33
9993,2025,2,0.03397,0.071021,0.156007,0.326162,13,37.19,69.16
9993,2025,3,0.0217,0.127654,0.059947,0.35265,3,20.04,41.23
9993,2025,4,0.048839,0.064421,0.284043,0.374669,12,50.33,87.07
9993,2026,1,0.044138,0.109221,0.213199,0.527572,2,42.78,63.57
9993,2026,2,0.038553,0.105468,0.235491,0.644226,2,48.19,60.46
10115,2021,1,2e-06,0.170427,7e-06,0.589096,4,0.27,0.3509
10115,2021,2,0.030777,0.092367,0.122779,0.368479,19,35.45,57.7238
10115,2021,3,0.04784,0.124726,0.150051,0.391205,7,38.1701,61.9322
10115,2021,4,0.050435,0.093946,0.138153,0.257341,20,35.32,73.27
10115,2022,1,0.041642,0.129514,0.117598,0.365748,5,25.76,56.7033
10115,2022,2,0.039159,0.068762,0.133033,0.233603,20,34.09,75.4641
10115,2022,3,0.025853,0.104021,0.081786,0.329075,6,27.8506,49.8531
10115,2022,4,0.033195,0.061748,0.139284,0.259093,19,34.1,73.32
10115,2023,1,0.035091,0.103383,0.090405,0.266348,7,24.97,58.26
10115,2023,2,0.039304,0.066672,0.128803,0.21849,22,28.9,76.78
10115,2023,3,0.034972,0.111796,0.067327,0.21523,7,23.42,55.93
10115,2023,4,0.044124,0.081037,0.106757,0.196065,21,22.8,73.79
10115,2024,1,0.026033,0.106075,0.058912,0.240044,6,22.24,49.54
10115,2024,2,0.036324,0.067129,0.08694,0.16067,13,24.5,73.56
10115,2024,3,0.045755,0.113795,0.080421,0.20001,5,19.66,63.41
10115,2024,4,0.053722,0.06449,0.160545,0.192726,12,27.91,91.27
10115,2025,1,0.049135,0.077762,0.219303,0.347072,4,40.9,79.49
10115,2025,2,0.054086,0.073641,0.232494,0.316556,11,45.16,85.7
10115,2025,3,0.07111,0.104225,0.269756,0.395377,3,45.36,82.6
10115,2025,4,0.046342,0.066181,0.189555,0.270703,18,39.17,83.68
10115,2026,1,0.050466,0.123865,0.177558,0.435803,3,39.13,63.83
10115,2026,2,0.041579,0.118122,0.143476,0.407598,3,29.82,59.33
10237,2020,4,0.003956,0.052877,0.011688,0.156214,16,7.2347,27.3527
10237,2021,1,0.041655,0.135283,0.098914,0.321245,5,27.9854,55.4894
10237,2021,2,0.044068,0.062715,0.435335,0.61954,23,67.3057,83.8257
10237,2021,3,0.044553,0.1053,0.346255,0.818366,3,59.7627,65.0466
10237,2021,4,0.052783,0.062798,0.64227,0.764132,15,81.53,91.68
10237,2022,1,0.048159,0.105949,0.369858,0.813688,2,61.75,67.42
10237,2022,2,0.05397,0.06032,0.461868,0.516212,15,67.13,94.59
10237,2022,3,0.030578,0.103518,0.111617,0.377859,3,30.25,54.35
10237,2022,4,0.046118,0.054606,0.479751,0.568048,9,69.6,91.9
10237,2023,1,0.028457,0.106825,0.181006,0.679474,3,42.6153,51.6131
10237,2023,2,0.058431,0.065021,0.43317,0.482031,10,65.6464,94.7964
10237,2023,3,0.048036,0.103134,0.357106,0.76671,3,60.6669,68.2469
10237,2023,4,0.044389,0.051246,0.502373,0.579972,13,70.88,93.07
10237,2024,1,0.041541,0.11073,0.295968,0.788919,2,55.17,61.25
10237,2024,2,0.051171,0.059574,0.524683,0.610837,8,73.16,92.68
10237,2024,3,0.04842,0.107255,0.236281,0.523383,3,47.84,67.19
10237,2024,4,0.051617,0.060496,0.568386,0.666164,7,76.46,92.37
10237,2025,1,0.034023,0.150097,0.118395,0.522322,2,31.67,47.61
10237,2025,2,0.045705,0.062187,0.244567,0.332761,8,45.24,85.73
10237,2025,3,0.045472,0.106573,0.138462,0.324517,4,28.76,65.32
10237,2025,4,0.060017,0.07153,0.407151,0.485249,11,57.85,91.6
10237,2026,1,0.048574,0.115715,0.166406,0.396417,3,32.05,64.79
10237,2026,2,0.038164,0.11689,0.124518,0.381374,3,27.98,57.14
10238,2020,4,0.003956,0.052877,0.011688,0.156214,16,7.2347,27.3527
10238,2021,1,0.041653,0.1367,0.097594,0.320291,4,27.73,55.2
10238,2021,2,0.044067,0.063082,0.432166,0.618652,23,67.06,83.58
10238,2021,3,0.044552,0.105872,0.344745,0.819238,2,59.63,64.87
10238,2021,4,0.052783,0.062798,0.64227,0.764132,15,81.53,91.68
10238,2022,1,0.048159,0.105949,0.369858,0.813688,2,61.75,67.42
10238,2022,2,0.05397,0.06032,0.461868,0.516212,15,67.13,94.59
10238,2022,3,0.030578,0.103518,0.111617,0.377859,3,30.25,54.35
10238,2022,4,0.046118,0.054606,0.479751,0.568048,9,69.6,91.9
10238,2023,1,0.028457,0.106825,0.181006,0.679474,3,42.6153,51.6131
10238,2023,2,0.058431,0.065021,0.43317,0.482031,10,65.6464,94.7964
10238,2023,3,0.048036,0.103134,0.357106,0.76671,3,60.6669,68.2469
10238,2023,4,0.044389,0.051246,0.502373,0.579972,13,70.88,93.07
10238,2024,1,0.041541,0.11073,0.295968,0.788919,2,55.17,61.25
10238,2024,2,0.051171,0.059574,0.524683,0.610837,8,73.16,92.68
10238,2024,3,0.04842,0.107255,0.236281,0.523383,3,47.84,67.19
10238,2024,4,0.051617,0.060496,0.568386,0.666164,7,76.46,92.37
10238,2025,1,0.034023,0.150097,0.118395,0.522322,2,31.67,47.61
10238,2025,2,0.045705,0.062187,0.244567,0.332761,8,45.24,85.73
10238,2025,3,0.045472,0.106573,0.138462,0.324517,4,28.76,65.32
10238,2025,4,0.060017,0.07153,0.407151,0.485249,11,57.85,91.6
10238,2026,1,0.048574,0.115715,0.166406,0.396417,3,32.05,64.79
10238,2026,2,0.038164,0.11689,0.124518,0.381374,3,27.98,57.14
10335,2021,1,0.006653,0.131304,0.007021,0.138555,7,5.82,22.51
10335,2021,2,0.025031,0.038907,0.034936,0.054302,23,13.98,80.21
10335,2021,3,0.020545,0.116692,0.019802,0.112468,8,10.08,41.96
10335,2021,4,0.033403,0.045385,0.045081,0.061252,22,18.31,85.79
10335,2022,1,0.018294,0.110713,0.031497,0.190611,6,13.45,40.65
10335,2022,2,0.023538,0.030716,0.202791,0.264629,18,45.38,87.54
10335,2022,3,0.030307,0.10092,0.094466,0.314569,4,26.07,54.8
10335,2022,4,0.036832,0.041227,0.265337,0.296996,12,51.03,94.52
10335,2023,1,0.01534,0.110554,0.079829,0.575319,4,28.59,37.25
10335,2023,2,0.025877,0.033752,0.145231,0.189429,13,33.08,87.56
10335,2023,3,0.010045,0.105069,0.022605,0.236444,5,11.95,30.92
10335,2023,4,0.031144,0.036597,0.292123,0.343268,17,53.74,92.25
10335,2024,1,0.033842,0.108767,0.124855,0.401283,3,32.65,55.78
10335,2024,2,0.047659,0.060168,0.250053,0.315684,10,48.91,89.0
10335,2024,3,0.060991,0.103838,0.18788,0.319868,4,39.88,76.64
10335,2024,4,0.056372,0.069103,0.21158,0.259362,15,41.13,90.32
10335,2025,1,0.025814,0.104213,0.116723,0.471218,2,26.96,49.77
10335,2025,2,0.028586,0.036448,0.233223,0.29737,12,43.47,88.56
10335,2025,3,0.019107,0.11311,0.12951,0.766689,2,36.44,41.1
10335,2025,4,0.035198,0.049778,0.521596,0.737642,9,73.52,84.09
10335,2026,1,0.032509,0.099012,0.279776,0.852121,2,53.77,57.3
10335,2026,2,0.030361,0.115187,0.155385,0.589519,3,39.56,51.34
10389,2021,1,0.02069,0.110047,0.014625,0.077789,11,8.58,43.36
10389,2021,2,0.023969,0.04336,0.023065,0.041724,24,11.06,74.35
10389,2021,3,0.016424,0.104789,0.013346,0.08515,9,6.32,39.59
10389,2021,4,0.041327,0.055169,0.043631,0.058245,23,15.2,86.55
10389,2022,1,0.036835,0.112464,0.038045,0.116159,8,12.94,57.23
10389,2022,2,0.033909,0.042314,0.049595,0.061887,22,15.37,89.52
10389,2022,3,0.022168,0.114402,0.026994,0.139305,8,12.31,44.02
10389,2022,4,0.026617,0.033483,0.03473,0.043689,25,13.53,89.16
10389,2023,1,0.013199,0.114314,0.019868,0.172072,7,11.28,33.98
10389,2023,2,0.015037,0.0231,0.022654,0.034803,24,9.13,80.68
10389,2023,3,0.021313,0.110739,0.028957,0.150459,7,10.41,43.87
10389,2023,4,0.037919,0.049391,0.078922,0.1028,26,24.02,87.62
10389,2024,1,0.042765,0.116068,0.074593,0.202452,6,22.94,60.7
10389,2024,2,0.042407,0.06296,0.057902,0.085965,20,19.71,82.07
10389,2024,3,0.033611,0.15919,0.03709,0.175665,6,14.89,45.95
10389,2024,4,0.041339,0.067964,0.07763,0.127629,18,25.47,77.99
10389,2025,1,0.042893,0.127727,0.097584,0.290584,6,30.06,57.95
10389,2025,2,0.029279,0.072474,0.03412,0.084458,20,11.19,63.56
10389,2025,3,0.026602,0.126873,0.098877,0.471577,2,24.9,45.79
10389,2025,4,0.036037,0.064186,0.166856,0.297188,13,34.84,74.93
10389,2026,1,0.03443,0.123268,0.109119,0.390672,3,24.82,52.85
10389,2026,2,0.048621,0.105616,0.115459,0.250801,4,27.46,67.85
10390,2021,1,0.020562,0.115299,0.014809,0.083041,10,8.58,42.23
10390,2021,2,0.023969,0.04336,0.023065,0.041724,24,11.06,74.35
10390,2021,3,0.016424,0.104789,0.013346,0.08515,9,6.32,39.59
10390,2021,4,0.041327,0.055169,0.043631,0.058245,23,15.2,86.55
10390,2022,1,0.036835,0.112464,0.038045,0.116159,8,12.94,57.23
10390,2022,2,0.033909,0.042314,0.049595,0.061887,22,15.37,89.52
10390,2022,3,0.022168,0.114402,0.026994,0.139305,8,12.31,44.02
10390,2022,4,0.026617,0.033483,0.03473,0.043689,25,13.53,89.16
10390,2023,1,0.013199,0.114314,0.019868,0.172072,7,11.28,33.98
10390,2023,2,0.015037,0.0231,0.022654,0.034803,24,9.13,80.68
10390,2023,3,0.021313,0.110739,0.028957,0.150459,7,10.41,43.87
10390,2023,4,0.037919,0.049391,0.078922,0.1028,26,24.02,87.62
10390,2024,1,0.042765,0.116068,0.074593,0.202452,6,22.94,60.7
10390,2024,2,0.042407,0.06296,0.057902,0.085965,20,19.71,82.07
10390,2024,3,0.033611,0.15919,0.03709,0.175665,6,14.89,45.95
10390,2024,4,0.041339,0.067964,0.07763,0.127629,18,25.47,77.99
10390,2025,1,0.042893,0.127727,0.097584,0.290584,6,30.06,57.95
10390,2025,2,0.029279,0.072474,0.03412,0.084458,20,11.19,63.56
10390,2025,3,0.026602,0.126873,0.098877,0.471577,2,24.9,45.79
10390,2025,4,0.036037,0.064186,0.166856,0.297188,13,34.84,74.93
10390,2026,1,0.033301,0.135965,0.094679,0.38656,3,23.3,49.49
10390,2026,2,0.048621,0.105616,0.115459,0.250801,4,27.46,67.85
10415,2021,2,0.04897,0.085726,0.206688,0.361827,15,34.47,75.58
10415,2021,3,0.025725,0.105076,0.056774,0.231895,4,16.81,49.48
10415,2021,4,0.047262,0.05532,0.19169,0.224375,21,40.77,92.43
10415,2022,1,0.024283,0.118228,0.042318,0.206035,5,16.39,45.32
10415,2022,2,0.029647,0.06921,0.10459,0.244158,25,27.39,65.45
10415,2022,3,0.036932,0.10492,0.156024,0.443243,4,38.28,59.33
10415,2022,4,0.030524,0.074312,0.115374,0.280884,16,32.05,64.09
10415,2023,1,0.026074,0.104003,0.060136,0.239872,5,21.49,50.07
10415,2023,2,0.03611,0.0492,0.101367,0.138115,18,20.48,85.67
10415,2023,3,0.020013,0.116932,0.058584,0.342303,4,20.08,41.37
10415,2023,4,0.025919,0.036001,0.086308,0.11988,21,21.91,84.85
10415,2024,1,0.036081,0.116757,0.102339,0.331166,5,30.73,55.59
10415,2024,2,0.044794,0.0532,0.125501,0.149053,14,27.04,91.76
10415,2024,3,0.040093,0.114982,0.110913,0.318086,4,24.95,59.05
10415,2024,4,0.034255,0.0465,0.143267,0.194478,15,32.09,85.83
10415,2025,1,0.020415,0.164394,0.042007,0.338256,4,18.31,35.24
10415,2025,2,0.033737,0.068129,0.163669,0.330515,12,38.43,70.37
10415,2025,3,0.04852,0.120482,0.156897,0.389597,3,33.64,63.46
10415,2025,4,0.053526,0.066882,0.276281,0.345218,15,43.86,89.46
10415,2026,1,0.04537,0.12379,0.15588,0.425311,3,36.03,60.54
10415,2026,2,0.036663,0.117497,0.107761,0.345351,4,29.1,55.86
10416,2021,2,0.04897,0.085726,0.206688,0.361827,15,34.47,75.58
10416,2021,3,0.025725,0.105076,0.056774,0.231895,4,16.81,49.48
10416,2021,4,0.047262,0.05532,0.19169,0.224375,21,40.77,92.43
10416,2022,1,0.024283,0.118228,0.042318,0.206035,5,16.39,45.32
10416,2022,2,0.029647,0.06921,0.10459,0.244158,25,27.39,65.45
10416,2022,3,0.036932,0.10492,0.156024,0.443243,4,38.28,59.33
10416,2022,4,0.030524,0.074312,0.115374,0.280884,16,32.05,64.09
10416,2023,1,0.026074,0.104003,0.060136,0.239872,5,21.49,50.07
10416,2023,2,0.03611,0.0492,0.101367,0.138115,18,20.48,85.67
10416,2023,3,0.020013,0.116932,0.058584,0.342303,4,20.08,41.37
10416,2023,4,0.025919,0.036001,0.086308,0.11988,21,21.91,84.85
10416,2024,1,0.036081,0.116757,0.102339,0.331166,5,30.73,55.59
10416,2024,2,0.044794,0.0532,0.125501,0.149053,14,27.04,91.76
10416,2024,3,0.040093,0.114982,0.110913,0.318086,4,24.95,59.05
10416,2024,4,0.034255,0.0465,0.143267,0.194478,15,32.09,85.83
10416,2025,1,0.020415,0.164394,0.042007,0.338256,4,18.31,35.24
10416,2025,2,0.033737,0.068129,0.163669,0.330515,12,38.43,70.37
10416,2025,3,0.04852,0.120482,0.156897,0.389597,3,33.64,63.46
10416,2025,4,0.053526,0.066882,0.276281,0.345218,15,43.86,89.46
10416,2026,1,0.04537,0.12379,0.15588,0.425311,3,36.03,60.54
10416,2026,2,0.036663,0.117497,0.107761,0.345351,4,29.1,55.86
10912,2021,2,0.02117,0.039498,0.080567,0.150319,20,19.4,73.21
10912,2021,3,0.024283,0.104827,0.064499,0.278433,4,19.84,48.13
10912,2021,4,0.041238,0.046591,0.175774,0.198591,20,32.5,94.08
10912,2022,1,0.038066,0.115695,0.096522,0.293366,5,26.98,57.36
10912,2022,2,0.043971,0.050894,0.162502,0.188087,16,31.53,92.95
10912,2022,3,0.033029,0.117671,0.064416,0.229493,7,24.12,52.98
10912,2022,4,0.026171,0.035009,0.085374,0.114207,12,19.47,86.46
10912,2023,1,0.030407,0.11306,0.128474,0.477694,3,35.07,51.86
10912,2023,2,0.060827,0.07251,0.435487,0.519134,12,65.94,91.59
10912,2023,3,0.064679,0.111537,0.366327,0.631726,2,59.88,76.15
10912,2023,4,0.071011,0.085133,0.497122,0.595986,13,69.71,91.33
10912,2024,1,0.058263,0.113808,0.306223,0.598161,3,54.55,71.55
10912,2024,2,0.056231,0.077337,0.45253,0.622379,8,67.87,85.27
10912,2024,3,0.066552,0.103676,0.435246,0.678036,2,66.04,80.12
10912,2024,4,0.06598,0.076057,0.71257,0.821401,10,85.9,93.14
10912,2025,1,0.029133,0.12001,0.134293,0.553207,2,34.82,49.27
10912,2025,2,0.018241,0.034324,0.10444,0.196522,14,27.31,72.9
10912,2025,3,0.038919,0.104731,0.237972,0.640378,2,48.39,60.96
10912,2025,4,0.062521,0.090276,0.419902,0.606307,8,65.05,83.22
10912,2026,1,0.053925,0.111737,0.46704,0.967742,1,69.47,69.47
10912,2026,2,0.054919,0.106265,0.500146,0.967742,1,71.89,71.89
10913,2021,2,0.021171,0.039212,0.080751,0.149565,21,19.4,73.4784
10913,2021,3,0.024284,0.104051,0.06506,0.278766,4,19.9278,48.31
10913,2021,4,0.041238,0.046591,0.175774,0.198591,20,32.5,94.08
10913,2022,1,0.038066,0.115695,0.096522,0.293366,5,26.98,57.36
10913,2022,2,0.043971,0.050894,0.162502,0.188087,16,31.53,92.95
10913,2022,3,0.033029,0.117671,0.064416,0.229493,7,24.12,52.98
10913,2022,4,0.026171,0.035009,0.085374,0.114207,12,19.47,86.46
10913,2023,1,0.030407,0.11306,0.128474,0.477694,3,35.07,51.86
10913,2023,2,0.060827,0.07251,0.435487,0.519134,12,65.94,91.59
10913,2023,3,0.064679,0.111537,0.366327,0.631726,2,59.88,76.15
10913,2023,4,0.071011,0.085133,0.497122,0.595986,13,69.71,91.33
10913,2024,1,0.058263,0.113808,0.306223,0.598161,3,54.55,71.55
10913,2024,2,0.056231,0.077337,0.45253,0.622379,8,67.87,85.27
10913,2024,3,0.066552,0.103676,0.435246,0.678036,2,66.04,80.12
10913,2024,4,0.06598,0.076057,0.71257,0.821401,10,85.9,93.14
10913,2025,1,0.029133,0.12001,0.134293,0.553207,2,34.82,49.27
10913,2025,2,0.018241,0.034324,0.10444,0.196522,14,27.31,72.9
10913,2025,3,0.038919,0.104731,0.237972,0.640378,2,48.39,60.96
10913,2025,4,0.062521,0.090276,0.419902,0.606307,8,65.05,83.22
10913,2026,1,0.053925,0.111737,0.46704,0.967742,1,69.47,69.47
10913,2026,2,0.054919,0.106265,0.500146,0.967742,1,71.89,71.89
11120,2020,4,5e-06,0.111415,1.2e-05,0.268346,5,0.3226,0.6677
11120,2021,1,0.028798,0.112565,0.205943,0.804987,2,46.06,50.58
11120,2021,2,0.042104,0.047722,0.509668,0.577668,19,71.92,93.93
11120,2021,3,0.019883,0.111438,0.052532,0.294425,4,17.01,42.24
11120,2021,4,0.032245,0.036415,0.285121,0.321996,19,49.63,94.1
11120,2022,1,0.028849,0.112542,0.083691,0.326485,3,21.08,50.63
11120,2022,2,0.038322,0.046728,0.235138,0.286715,13,44.63,90.56
11120,2022,3,0.023106,0.115743,0.09673,0.484544,4,31.06,44.68
11120,2022,4,0.023033,0.027326,0.09506,0.112776,15,23.62,91.81
11120,2023,1,0.022154,0.10438,0.067969,0.320238,3,18.35,46.07
11120,2023,2,0.029829,0.034975,0.172671,0.202463,16,29.64,92.35
11120,2023,3,0.028806,0.126178,0.048019,0.21034,6,17.22,47.78
11120,2023,4,0.039292,0.044964,0.37355,0.427476,17,57.02,93.48
11120,2024,1,0.025225,0.107951,0.070652,0.302351,4,21.59,48.34
11120,2024,2,0.042432,0.053365,0.389758,0.490182,13,62.18,89.17
11120,2024,3,0.041391,0.120947,0.089733,0.262203,4,24.55,58.5
11120,2024,4,0.022502,0.025871,0.341277,0.392388,11,54.82,93.26
11120,2025,1,0.017745,0.111521,0.068817,0.432483,3,24.94,39.89
11120,2025,2,0.04877,0.055066,0.267163,0.301651,15,46.23,94.11
11120,2025,3,0.037181,0.114478,0.162155,0.499267,2,35.65,56.99
11120,2025,4,0.049802,0.055579,0.340751,0.380281,16,45.22,94.66
11120,2026,1,0.049436,0.112568,0.258916,0.589556,2,49.49,66.27
11120,2026,2,0.034284,0.108199,0.173497,0.547557,2,39.39,56.29
11300,2021,1,0.012995,0.106505,0.016065,0.131667,7,7.66,34.93
11300,2021,2,0.034665,0.058604,0.056015,0.094697,25,19.8,76.91
11300,2021,3,0.045771,0.100042,0.104942,0.229372,7,30.61,67.64
11300,2021,4,0.056194,0.067665,0.125086,0.150622,21,31.41,91.13
11300,2022,1,0.046022,0.084498,0.126128,0.231577,9,35.1304,73.8004
11300,2022,2,0.05563,0.066243,0.176015,0.209597,18,40.4495,91.6395
11300,2022,3,0.055609,0.105198,0.202765,0.383579,5,44.5884,72.7058
11300,2022,4,0.038348,0.056506,0.131969,0.194459,21,35.17,82.38
11300,2023,1,0.036257,0.122967,0.091594,0.310647,7,29.83,54.3
11300,2023,2,0.034662,0.068605,0.079923,0.15819,20,25.71,71.08
11300,2023,3,0.020041,0.097532,0.02137,0.104001,10,9.46,45.33
11300,2023,4,0.024249,0.047104,0.081301,0.157926,23,25.36,71.75
11300,2024,1,0.024864,0.122787,0.052778,0.260632,7,22.26,45.0
11300,2024,2,0.030109,0.060322,0.148741,0.297994,19,37.71,70.65
11300,2024,3,0.023516,0.124847,0.057802,0.306875,5,22.39,43.4
11300,2024,4,0.026708,0.047506,0.13142,0.233761,16,36.4,74.98
11300,2025,1,0.023435,0.130605,0.038385,0.21392,6,17.02,42.36
11300,2025,2,0.026449,0.047387,0.073805,0.13223,16,19.17,74.71
11300,2025,3,0.040997,0.142063,0.083724,0.29012,4,22.49,53.72
11300,2025,4,0.027881,0.056528,0.081746,0.165737,15,22.46,70.23
11300,2026,1,0.015079,0.130978,0.038172,0.331571,4,17.87,33.93
11300,2026,2,0.030609,0.112334,0.134569,0.493859,4,36.77,52.2
11301,2021,1,0.012989,0.107449,0.015961,0.132029,8,7.66,34.7688
11301,2021,2,0.034666,0.058454,0.056005,0.094437,25,19.8,77.0093
11301,2021,3,0.044297,0.108507,0.105115,0.257483,7,30.61,63.8936
11301,2021,4,0.056194,0.067665,0.125086,0.150622,21,31.41,91.13
11301,2022,1,0.042031,0.104665,0.126056,0.313902,6,35.04,63.37
11301,2022,2,0.05563,0.0663,0.175719,0.209425,18,40.41,91.6
11301,2022,3,0.055598,0.106391,0.199564,0.381879,5,44.21,72.29
11301,2022,4,0.038348,0.056506,0.131969,0.194459,21,35.17,82.38
11301,2023,1,0.036257,0.122967,0.091594,0.310647,7,29.83,54.3
11301,2023,2,0.034662,0.068605,0.079923,0.15819,20,25.71,71.08
11301,2023,3,0.018768,0.122446,0.021781,0.142107,7,9.46,39.15
11301,2023,4,0.024249,0.047104,0.081301,0.157926,23,25.36,71.75
11301,2024,1,0.024864,0.122787,0.052778,0.260632,7,22.26,45.0
11301,2024,2,0.030109,0.060322,0.148741,0.297994,19,37.71,70.65
11301,2024,3,0.023516,0.124847,0.057802,0.306875,5,22.39,43.4
11301,2024,4,0.026708,0.047506,0.13142,0.233761,16,36.4,74.98
11301,2025,1,0.023435,0.130605,0.038385,0.21392,6,17.02,42.36
11301,2025,2,0.026449,0.047387,0.073805,0.13223,16,19.17,74.71
11301,2025,3,0.040997,0.142063,0.083724,0.29012,4,22.49,53.72
11301,2025,4,0.027881,0.056528,0.081746,0.165737,15,22.46,70.23
11301,2026,1,0.015079,0.130978,0.038172,0.331571,4,17.87,33.93
11301,2026,2,0.030609,0.112334,0.134569,0.493859,4,36.77,52.2
11369,2021,2,0.047665,0.061803,0.264457,0.3429,13,51.28,87.82
11369,2021,3,0.029191,0.109464,0.154778,0.580411,4,39.84,51.64
11369,2021,4,0.030009,0.044337,0.078238,0.115594,20,17.96,82.27
11369,2022,1,0.022057,0.123095,0.042936,0.23962,5,18.42,42.33
11369,2022,2,0.016738,0.02396,0.042386,0.060677,23,15.84,83.58
11369,2022,3,0.010103,0.106088,0.017047,0.179005,6,10.37,30.86
11369,2022,4,0.017808,0.023022,0.058129,0.075148,20,17.16,87.95
11369,2023,1,0.007629,0.114434,0.014261,0.213919,6,9.42,25.82
11369,2023,2,0.01353,0.01676,0.096861,0.119981,17,25.64,89.85
11369,2023,3,0.004147,0.102332,0.011038,0.272398,6,10.13,20.13
11369,2023,4,0.010002,0.014365,0.079574,0.114294,18,25.1,83.44
11369,2024,1,0.005248,0.107654,0.007226,0.148223,7,5.82,22.08
11369,2024,2,0.010237,0.016079,0.068647,0.107826,20,23.73,79.79
11369,2024,3,0.005111,0.117012,0.007635,0.174791,6,6.53,20.9
11369,2024,4,0.008627,0.016427,0.063688,0.121267,22,24.31,72.47
11369,2025,1,0.011172,0.102899,0.033961,0.3128,5,17.35,32.95
11369,2025,2,0.03104,0.03882,0.140423,0.175618,9,30.74,89.42
11369,2025,3,0.033388,0.113866,0.105085,0.358379,3,27.02,54.15
11369,2025,4,0.036562,0.042815,0.299804,0.351075,9,42.87,92.41
11369,2026,1,0.029131,0.100496,0.136361,0.470415,4,34.49,53.84
11369,2026,2,0.02295,0.108744,0.07636,0.361811,3,22.09,45.94
11370,2021,2,0.047665,0.061803,0.264457,0.3429,13,51.28,87.82
11370,2021,3,0.029191,0.109464,0.154778,0.580411,4,39.84,51.64
11370,2021,4,0.030009,0.044337,0.078238,0.115594,20,17.96,82.27
11370,2022,1,0.022057,0.123095,0.042936,0.23962,5,18.42,42.33
11370,2022,2,0.016738,0.02396,0.042386,0.060677,23,15.84,83.58
11370,2022,3,0.010103,0.106088,0.017047,0.179005,6,10.37,30.86
11370,2022,4,0.017808,0.023022,0.058129,0.075148,20,17.16,87.95
11370,2023,1,0.007629,0.114434,0.014261,0.213919,6,9.42,25.82
11370,2023,2,0.01353,0.01676,0.096861,0.119981,17,25.64,89.85
11370,2023,3,0.004147,0.102332,0.011038,0.272398,6,10.13,20.13
11370,2023,4,0.010002,0.014365,0.079574,0.114294,18,25.1,83.44
11370,2024,1,0.005248,0.107654,0.007226,0.148223,7,5.82,22.08
11370,2024,2,0.010237,0.016079,0.068647,0.107826,20,23.73,79.79
11370,2024,3,0.005111,0.117012,0.007635,0.174791,6,6.53,20.9
11370,2024,4,0.008627,0.016427,0.063688,0.121267,22,24.31,72.47
11370,2025,1,0.011172,0.102899,0.033961,0.3128,5,17.35,32.95
11370,2025,2,0.03104,0.03882,0.140423,0.175618,9,30.74,89.42
11370,2025,3,0.033388,0.113866,0.105085,0.358379,3,27.02,54.15
11370,2025,4,0.036562,0.042815,0.299804,0.351075,9,42.87,92.41
11370,2026,1,0.02816,0.122325,0.124058,0.538897,2,33.04,47.98
11370,2026,2,0.022905,0.111768,0.073641,0.359337,3,21.42,45.27
11399,2021,2,0.015593,0.04046,0.04285,0.111186,24,16.91,62.08
11399,2021,3,0.010432,0.130877,0.015131,0.189824,6,10.58,28.2328
11399,2021,4,0.019909,0.029458,0.127288,0.188338,21,31.76,82.21
11399,2022,1,0.01468,0.109888,0.043917,0.328746,5,19.76,36.55
11399,2022,2,0.018509,0.031586,0.099408,0.169641,23,26.09,76.55
11399,2022,3,0.008884,0.131528,0.021245,0.31451,4,12.88,25.99
11399,2022,4,0.018224,0.032415,0.083419,0.148379,19,21.17,74.98
11399,2023,1,0.017523,0.147225,0.04401,0.36975,4,19.81,34.5
11399,2023,2,0.021976,0.037454,0.087011,0.148291,20,25.35,76.6
11399,2023,3,0.013404,0.142592,0.013223,0.140665,7,7.57,30.66
11399,2023,4,0.020195,0.037772,0.079291,0.148304,20,19.51,73.12
11399,2024,1,0.015375,0.148191,0.020616,0.198712,5,11.23,32.21
11399,2024,2,0.021475,0.050673,0.064258,0.151623,16,17.69,65.1
11399,2024,3,0.017786,0.158482,0.026844,0.239198,5,14.07,33.5
11399,2024,4,0.024962,0.041367,0.172459,0.285803,14,39.93,77.68
11399,2025,1,0.023014,0.14434,0.039881,0.250132,5,15.14,39.93
11399,2025,2,0.027016,0.047469,0.150363,0.264203,13,36.16,75.44
11399,2025,3,0.040186,0.119581,0.11103,0.330395,3,27.29,57.97
11399,2025,4,0.049257,0.058718,0.267425,0.31879,11,47.97,91.59
11399,2026,1,0.043184,0.105364,0.110402,0.269368,4,24.96,64.02
11399,2026,2,0.051188,0.106341,0.27947,0.580585,2,51.17,69.38
11400,2021,2,0.015593,0.04046,0.04285,0.111186,24,16.91,62.08
11400,2021,3,0.010432,0.131738,0.015099,0.190676,6,10.58,28.14
11400,2021,4,0.019909,0.029458,0.127288,0.188338,21,31.76,82.21
11400,2022,1,0.014616,0.114361,0.04404,0.344582,4,19.76,35.75
11400,2022,2,0.018509,0.031586,0.099408,0.169641,23,26.09,76.55
11400,2022,3,0.008884,0.131528,0.021245,0.31451,4,12.88,25.99
11400,2022,4,0.018224,0.032415,0.083419,0.148379,19,21.17,74.98
11400,2023,1,0.017523,0.147225,0.04401,0.36975,4,19.81,34.5
11400,2023,2,0.021976,0.037454,0.087011,0.148291,20,25.35,76.6
11400,2023,3,0.013404,0.142592,0.013223,0.140665,7,7.57,30.66
11400,2023,4,0.020195,0.037772,0.079291,0.148304,20,19.51,73.12
11400,2024,1,0.015161,0.160343,0.019225,0.203316,5,11.23,30.75
11400,2024,2,0.021475,0.050673,0.064258,0.151623,16,17.69,65.1
11400,2024,3,0.017786,0.158482,0.026844,0.239198,5,14.07,33.5
11400,2024,4,0.024962,0.041367,0.172459,0.285803,14,39.93,77.68
11400,2025,1,0.023014,0.14434,0.039881,0.250132,5,15.14,39.93
11400,2025,2,0.027016,0.047469,0.150363,0.264203,13,36.16,75.44
11400,2025,3,0.040186,0.119581,0.11103,0.330395,3,27.29,57.97
11400,2025,4,0.049257,0.058718,0.267425,0.31879,11,47.97,91.59
11400,2026,1,0.041844,0.120491,0.098988,0.285043,4,24.96,58.93
11400,2026,2,0.051188,0.106341,0.27947,0.580585,2,51.17,69.38
11412,2021,2,0.030776,0.092666,0.122768,0.369648,19,35.45,57.63
11412,2021,3,0.046737,0.137082,0.149939,0.439783,4,38.12,58.39
11412,2021,4,0.050435,0.093946,0.138153,0.257341,20,35.32,73.27
11412,2022,1,0.041641,0.130215,0.117404,0.367129,3,25.76,56.55
11412,2022,2,0.039158,0.069043,0.132975,0.234458,19,34.09,75.31
11412,2022,3,0.025852,0.10445,0.081454,0.3291,6,27.8,49.75
11412,2022,4,0.033195,0.061748,0.139284,0.259093,19,34.1,73.32
11412,2023,1,0.035091,0.103383,0.090405,0.266348,7,24.97,58.26
11412,2023,2,0.039304,0.066672,0.128803,0.21849,22,28.9,76.78
11412,2023,3,0.03464,0.118311,0.067642,0.231027,6,23.42,54.11
11412,2023,4,0.044124,0.081037,0.106757,0.196065,21,22.8,73.79
11412,2024,1,0.026033,0.106075,0.058912,0.240044,6,22.24,49.54
11412,2024,2,0.036324,0.067129,0.08694,0.16067,13,24.5,73.56
11412,2024,3,0.045755,0.113795,0.080421,0.20001,5,19.66,63.41
11412,2024,4,0.053722,0.06449,0.160545,0.192726,12,27.91,91.27
11412,2025,1,0.043014,0.102437,0.128631,0.306334,4,28.07,64.8
11412,2025,2,0.054086,0.073641,0.232494,0.316556,11,45.16,85.7
11412,2025,3,0.07111,0.104225,0.269756,0.395377,3,45.36,82.6
11412,2025,4,0.046342,0.066181,0.189555,0.270703,18,39.17,83.68
11412,2026,1,0.050466,0.123865,0.177558,0.435803,3,39.13,63.83
11412,2026,2,0.041579,0.118122,0.143476,0.407598,3,29.82,59.33
11452,2021,1,0.03035,0.105142,0.068282,0.236552,6,21.3647,53.7268
11452,2021,2,0.058116,0.073154,0.239061,0.300921,24,37.75,89.1308
11452,2021,3,0.02546,0.106462,0.056351,0.235633,6,17.49,48.9029
11452,2021,4,0.047756,0.056582,0.194998,0.231037,20,41.43,91.87
11452,2022,1,0.024248,0.116927,0.04258,0.205329,6,16.54,45.5385
11452,2022,2,0.029464,0.070684,0.101511,0.243521,24,27.18,64.5638
11452,2022,3,0.036287,0.104006,0.153325,0.439458,4,37.88,59.0674
11452,2022,4,0.030523,0.074403,0.115777,0.282216,22,32.14,64.05
11452,2023,1,0.025361,0.101967,0.058751,0.236211,7,21.13,49.8719
11452,2023,2,0.036094,0.048704,0.101673,0.137195,20,20.55,86.0862
11452,2023,3,0.027935,0.115292,0.06306,0.260256,8,20.14,49.2239
11452,2023,4,0.025961,0.041013,0.094621,0.149485,23,26.0,79.56
11452,2024,1,0.026913,0.102327,0.050569,0.192272,6,15.05,51.2844
11452,2024,2,0.030976,0.062277,0.139509,0.280483,17,34.97,70.5259
11452,2024,3,0.025949,0.128058,0.040022,0.197507,7,16.15,45.0151
11452,2024,4,0.035606,0.051698,0.097152,0.141059,18,25.25,82.99
11452,2025,1,0.019773,0.164504,0.043828,0.364623,5,20.48,34.67
11452,2025,2,0.035611,0.074819,0.145664,0.306041,15,35.82,68.99
11452,2025,3,0.045748,0.120639,0.179921,0.474464,2,34.36,61.58
11452,2025,4,0.051653,0.077289,0.292322,0.437407,13,43.16,81.75
11452,2026,1,0.040666,0.129074,0.156709,0.497398,2,34.9,56.13
11452,2026,2,0.040136,0.117479,0.098049,0.286995,4,25.08,58.45
11457,2021,2,0.091981,0.157654,0.086054,0.147495,6,17.5105,76.383
11457,2021,3,0.08428,0.148738,0.079805,0.140842,6,16.7523,75.2748
11457,2021,4,0.082914,0.150661,0.07678,0.139514,6,15.7789,74.1847
11457,2022,1,0.087884,0.154337,0.081339,0.142843,6,15.5327,75.4607
11457,2022,2,0.087878,0.151855,0.0819,0.141525,6,15.9545,76.0721
11457,2022,3,0.09162,0.155924,0.085232,0.145053,6,16.019,76.6548
11457,2022,4,0.089187,0.154982,0.080964,0.140692,6,15.4695,75.8596
11457,2023,1,0.08848,0.153406,0.083293,0.144413,6,16.42,75.9452
11457,2023,2,0.081493,0.149085,0.078707,0.143987,6,17.2384,73.934
11457,2023,3,0.080957,0.148534,0.079056,0.145047,6,17.772,73.8266
11457,2023,4,0.082283,0.147553,0.079176,0.141981,6,17.3017,74.6762
11457,2024,1,0.081504,0.148705,0.078525,0.143271,6,17.1512,74.0331
11457,2024,2,0.082678,0.150521,0.08009,0.14581,6,17.4144,74.1135
11457,2024,3,0.08633,0.152284,0.081508,0.143776,6,16.4111,75.2931
11457,2024,4,0.089985,0.151995,0.083417,0.140902,6,15.9154,76.9432
11457,2025,1,0.084559,0.153403,0.081337,0.147557,6,17.0656,74.2443
11457,2025,2,0.094717,0.159658,0.08707,0.146768,6,18.2358,77.0227
11457,2025,3,0.070364,0.142874,0.074253,0.150771,6,19.8878,70.1775
11457,2025,4,0.071229,0.14299,0.074369,0.149293,6,19.6012,70.5791
11457,2026,1,0.078048,0.14627,0.077287,0.144844,6,18.1566,73.0469
11457,2026,2,0.090337,0.153331,0.082981,0.140846,6,15.4105,76.757
11488,2021,2,0.038127,0.068635,0.056559,0.101817,12,13.41,74.532
11488,2021,3,0.05222,0.104883,0.109669,0.220267,7,29.82,70.5615
11488,2021,4,0.045473,0.053539,0.204693,0.241,20,42.98,92.16
11488,2022,1,0.028652,0.104948,0.037834,0.138582,8,13.35,52.25
11488,2022,2,0.040718,0.048286,0.093678,0.111088,13,22.97,91.83
11488,2022,3,0.034075,0.104988,0.044179,0.136121,7,15.27,56.97
11488,2022,4,0.038408,0.048521,0.088482,0.11178,9,19.84,88.97
11488,2023,1,0.031152,0.104001,0.054949,0.183445,7,21.17,54.73
11488,2023,2,0.039125,0.050397,0.143513,0.18486,12,36.79,88.11
11488,2023,3,0.032871,0.11327,0.034204,0.117864,8,12.68,53.87
11488,2023,4,0.040595,0.049228,0.094385,0.114455,12,27.32,90.81
11488,2024,1,0.029638,0.109063,0.042597,0.15675,7,15.99,52.13
11488,2024,2,0.034551,0.045533,0.072746,0.095868,12,19.42,87.11
11488,2024,3,0.028866,0.105573,0.051122,0.186968,5,16.04,52.29
11488,2024,4,0.034032,0.039981,0.066699,0.07836,12,15.75,92.26
11488,2025,1,0.031095,0.10313,0.063713,0.211313,5,20.77,54.91
11488,2025,2,0.043957,0.052228,0.075859,0.090134,11,18.95,91.74
11488,2025,3,0.039769,0.110766,0.126117,0.351262,5,34.64,59.92
11488,2025,4,0.054894,0.062418,0.259105,0.294615,7,49.07,93.78
11488,2026,1,0.028672,0.100322,0.105778,0.370117,5,32.2,53.46
11488,2026,2,0.043506,0.104382,0.269375,0.646295,2,51.57,64.56
11574,2021,3,0.111517,0.111517,0.267447,0.267447,6,49.338,100.0
11574,2021,4,0.108279,0.108279,0.272307,0.272307,6,50.0897,100.0
11574,2022,1,0.123434,0.123434,0.278053,0.278053,6,49.8215,100.0
11574,2022,2,0.10445,0.10445,0.282718,0.282718,6,51.5758,100.0
11574,2022,3,0.114854,0.114854,0.272637,0.272637,6,49.6503,100.0
11574,2022,4,0.117694,0.117694,0.277023,0.277023,6,50.0597,100.0
11574,2023,1,0.115684,0.115684,0.273522,0.273522,6,49.7429,100.0
11574,2023,2,0.110995,0.110995,0.269435,0.269435,6,49.605,100.0
11574,2023,3,0.112445,0.112445,0.279544,0.279544,6,50.6902,100.0
11574,2023,4,0.111518,0.111518,0.266335,0.266335,6,49.1362,100.0
11574,2024,1,0.108405,0.108405,0.273874,0.273874,6,50.2974,100.0
11574,2024,2,0.111413,0.111413,0.270831,0.270831,6,49.6011,100.0
11574,2024,3,0.115159,0.115159,0.281894,0.281894,6,50.8158,100.0
11574,2024,4,0.116321,0.116321,0.297424,0.297424,6,53.0781,100.0
11574,2025,1,0.105359,0.105359,0.280937,0.280937,6,51.3838,100.0
11574,2025,2,0.10816,0.10816,0.295207,0.295207,6,53.2383,100.0
11574,2025,3,0.112936,0.112936,0.269495,0.269495,6,49.4748,100.0
11574,2025,4,0.105568,0.105568,0.276468,0.276468,6,50.7291,100.0
11574,2026,1,0.107251,0.107251,0.280881,0.280881,6,51.3154,100.0
11574,2026,2,0.104421,0.104421,0.282215,0.282215,6,51.593,100.0
11575,2026,1,0.107251,0.107251,0.280881,0.280881,6,51.3154,100.0
11575,2026,2,0.104421,0.104421,0.282215,0.282215,6,51.593,100.0
11822,2021,3,0.018697,0.106496,0.029628,0.16876,8,15.85,41.9
11822,2021,4,0.034679,0.072629,0.069227,0.144984,21,23.78,69.1
11822,2022,1,0.033565,0.111505,0.095404,0.316934,7,30.4479,54.8653
11822,2022,2,0.035315,0.089203,0.096406,0.243516,18,30.46,62.92
11822,2022,3,0.054174,0.113422,0.212498,0.4449,5,46.0935,69.1108
11822,2022,4,0.034142,0.055124,0.153571,0.247947,22,39.76,78.7
11822,2023,1,0.031254,0.124716,0.115404,0.460509,6,34.33,50.06
11822,2023,2,0.027353,0.058024,0.093624,0.198601,20,30.23,68.66
11822,2023,3,0.016659,0.082635,0.022333,0.11078,10,10.41,44.9
11822,2023,4,0.024702,0.04306,0.085613,0.149242,23,25.09,75.74
11822,2024,1,0.02685,0.124445,0.057768,0.267743,7,23.31,46.45
11822,2024,2,0.033025,0.059501,0.158245,0.285113,19,38.84,74.5
11822,2024,3,0.024324,0.125927,0.059552,0.308303,4,22.28,43.95
11822,2024,4,0.027861,0.045935,0.143185,0.236072,16,38.03,77.88
11822,2025,1,0.023487,0.130461,0.048187,0.267658,5,19.89,42.43
11822,2025,2,0.02812,0.055299,0.071463,0.140534,14,18.85,71.31
11822,2025,3,0.041903,0.142799,0.093502,0.318643,3,23.28,54.17
11822,2025,4,0.027194,0.054466,0.086651,0.17355,15,23.36,70.66
11822,2026,1,0.016157,0.131818,0.041011,0.33459,4,18.63,35.01
11822,2026,2,0.028513,0.114096,0.103822,0.415455,5,32.14,49.99
11823,2021,3,0.018697,0.106496,0.029628,0.16876,8,15.85,41.9
11823,2021,4,0.034679,0.072629,0.069227,0.144984,21,23.78,69.1
11823,2022,1,0.033565,0.111892,0.09525,0.317526,6,30.42,54.77
11823,2022,2,0.043041,0.0837,0.153864,0.299211,18,39.25,71.71
11823,2022,3,0.054173,0.113818,0.211744,0.444876,5,46.01,68.99
11823,2022,4,0.034142,0.055124,0.153571,0.247947,22,39.76,78.7
11823,2023,1,0.03052,0.14237,0.114637,0.534763,5,34.33,46.3
11823,2023,2,0.027353,0.058024,0.093624,0.198601,20,30.23,68.66
11823,2023,3,0.014745,0.119274,0.018368,0.14858,7,9.5,35.16
11823,2023,4,0.024702,0.04306,0.085613,0.149242,23,25.09,75.74
11823,2024,1,0.02685,0.124445,0.057768,0.267743,7,23.31,46.45
11823,2024,2,0.033025,0.059501,0.158245,0.285113,19,38.84,74.5
11823,2024,3,0.024324,0.125927,0.059552,0.308303,4,22.28,43.95
11823,2024,4,0.027861,0.045935,0.143185,0.236072,16,38.03,77.88
11823,2025,1,0.023487,0.130461,0.048187,0.267658,5,19.89,42.43
11823,2025,2,0.02812,0.055299,0.071463,0.140534,14,18.85,71.31
11823,2025,3,0.041903,0.142799,0.093502,0.318643,3,23.28,54.17
11823,2025,4,0.027194,0.054466,0.086651,0.17355,15,23.36,70.66
11823,2026,1,0.016157,0.131818,0.041011,0.33459,4,18.63,35.01
11823,2026,2,0.028513,0.114096,0.103822,0.415455,5,32.14,49.99
11891,2021,4,0.031796,0.084671,0.092796,0.24711,15,28.58,61.28
11891,2022,1,0.035991,0.128468,0.086686,0.309419,4,26.01,52.93
11891,2022,2,0.045406,0.078467,0.170715,0.295015,19,41.02,76.07
11891,2022,3,0.031476,0.09801,0.132015,0.41107,5,36.12,56.67
11891,2022,4,0.037094,0.060104,0.130866,0.212044,17,32.12,78.56
11891,2023,1,0.034066,0.105925,0.098423,0.306039,5,26.53,56.71
11891,2023,2,0.040178,0.06803,0.110514,0.187123,22,24.83,76.85
11891,2023,3,0.03694,0.124687,0.090562,0.305682,5,28.92,54.43
11891,2023,4,0.046516,0.087433,0.087813,0.165054,21,22.3,72.94
11891,2024,1,0.030646,0.130461,0.039696,0.16899,6,14.96,48.4668
11891,2024,2,0.041335,0.077444,0.065895,0.123459,14,17.72,73.0575
11891,2024,3,0.046759,0.112992,0.082241,0.198731,6,19.79,64.3295
11891,2024,4,0.054699,0.06464,0.159385,0.188351,12,27.79,91.99
11891,2025,1,0.043395,0.09757,0.123049,0.276666,4,28.05,66.69
11891,2025,2,0.054086,0.072706,0.222458,0.29904,11,43.87,86.25
11891,2025,3,0.074909,0.103925,0.289289,0.401344,3,47.55,84.9
11891,2025,4,0.04641,0.066088,0.189921,0.270448,18,39.21,83.8
11891,2026,1,0.049728,0.123443,0.175137,0.434751,3,38.81,63.47
11891,2026,2,0.041034,0.118361,0.142361,0.410634,3,29.83,58.88
11892,2021,4,0.031796,0.084671,0.092796,0.24711,15,28.58,61.28
11892,2022,1,0.035991,0.128468,0.086686,0.309419,4,26.01,52.93
11892,2022,2,0.045406,0.078467,0.170715,0.295015,19,41.02,76.07
11892,2022,3,0.031476,0.09801,0.132015,0.41107,5,36.12,56.67
11892,2022,4,0.037094,0.060104,0.130866,0.212044,17,32.12,78.56
11892,2023,1,0.034066,0.105549,0.098386,0.304834,7,26.53,56.8114
11892,2023,2,0.040178,0.06803,0.110514,0.187123,22,24.83,76.85
11892,2023,3,0.036941,0.124201,0.090639,0.304745,5,28.92,54.5367
11892,2023,4,0.046516,0.087433,0.087813,0.165054,21,22.3,72.94
11892,2024,1,0.030646,0.130461,0.039696,0.16899,6,14.96,48.4668
11892,2024,2,0.041335,0.077444,0.065895,0.123459,14,17.72,73.0575
11892,2024,3,0.046759,0.112992,0.082241,0.198731,6,19.79,64.3295
11892,2024,4,0.054699,0.06464,0.159385,0.188351,12,27.79,91.99
11892,2025,1,0.043045,0.102449,0.116663,0.277661,4,28.05,64.82
11892,2025,2,0.054086,0.072706,0.222458,0.29904,11,43.87,86.25
11892,2025,3,0.074909,0.103925,0.289289,0.401344,3,47.55,84.9
11892,2025,4,0.04641,0.066088,0.189921,0.270448,18,39.21,83.8
11892,2026,1,0.049728,0.123443,0.175137,0.434751,3,38.81,63.47
11892,2026,2,0.041034,0.118361,0.142361,0.410634,3,29.83,58.88
12301,2021,4,0.019563,0.089973,0.039261,0.180564,17,17.99,46.63
12301,2022,1,0.033505,0.118336,0.123169,0.435025,5,35.13,53.21
12301,2022,2,0.047039,0.081397,0.191242,0.330923,18,43.84,76.02
12301,2022,3,0.056695,0.109244,0.222568,0.42886,5,47.15,72.04
12301,2022,4,0.03352,0.053303,0.16422,0.261144,22,41.01,79.3
12301,2023,1,0.024912,0.14354,0.090742,0.522839,5,30.45,41.66
12301,2023,2,0.026866,0.059475,0.096487,0.2136,18,30.81,67.21
12301,2023,3,0.014283,0.122114,0.018797,0.160704,7,9.48,34.2
12301,2023,4,0.026499,0.044601,0.08991,0.15133,23,26.17,77.08
12301,2024,1,0.027575,0.128192,0.05949,0.276555,7,23.75,46.38
12301,2024,2,0.033141,0.058854,0.157349,0.279433,19,38.82,75.04
12301,2024,3,0.024814,0.125814,0.067303,0.341248,4,24.16,44.41
12301,2024,4,0.028359,0.045915,0.149663,0.242315,16,38.9,78.59
12301,2025,1,0.023749,0.12989,0.04921,0.269139,5,20.15,42.76
12301,2025,2,0.026797,0.047047,0.078993,0.138689,16,19.19,75.47
12301,2025,3,0.026542,0.128775,0.046268,0.224477,5,14.7,45.4
12301,2025,4,0.032423,0.045025,0.079083,0.109819,18,22.69,84.86
12301,2026,1,0.011115,0.151906,0.01207,0.164961,6,8.47,27.05
12301,2026,2,0.018587,0.127639,0.066228,0.454806,4,25.46,38.16
12456,2021,4,0.021243,0.025823,0.071482,0.086893,21,19.9,90.7
12456,2022,1,0.014742,0.10209,0.020897,0.144714,6,8.35,38.0
12456,2022,2,0.026487,0.033605,0.107701,0.136644,17,25.78,88.78
12456,2022,3,0.016076,0.105313,0.055928,0.366392,4,21.86,39.07
12456,2022,4,0.023914,0.030803,0.093776,0.120793,19,25.87,88.11
12456,2023,1,0.007275,0.114436,0.010927,0.171869,8,8.34,25.2143
12456,2023,2,0.023816,0.031757,0.107552,0.143411,18,23.04,86.6
12456,2023,3,0.012387,0.103336,0.019328,0.161245,7,9.5726,34.6217
12456,2023,4,0.027737,0.036705,0.168038,0.222366,19,33.33,86.93
12456,2024,1,0.020948,0.116301,0.086296,0.479112,2,24.42,42.44
12456,2024,2,0.040765,0.051825,0.254068,0.322999,13,37.15,88.69
12456,2024,3,0.027298,0.113646,0.092486,0.385043,3,27.93,49.01
12456,2024,4,0.022842,0.031945,0.177114,0.247698,15,30.03,84.56
12456,2025,1,0.009333,0.131219,0.015565,0.218829,5,10.15,26.67
12456,2025,2,0.015862,0.024046,0.119604,0.18131,14,30.77,81.22
12456,2025,3,0.020131,0.137376,0.073461,0.50132,2,24.1,38.28
12456,2025,4,0.024097,0.035132,0.243646,0.355213,12,48.64,82.82
12456,2026,1,0.015825,0.112776,0.038568,0.274849,4,16.23,37.46
12456,2026,2,0.022332,0.118233,0.079955,0.423319,3,25.99,43.46
12457,2021,4,0.021243,0.025823,0.071482,0.086893,21,19.9,90.7
12457,2022,1,0.014742,0.10209,0.020897,0.144714,6,8.35,38.0
12457,2022,2,0.026487,0.033605,0.107701,0.136644,17,25.78,88.78
12457,2022,3,0.016076,0.105313,0.055928,0.366392,4,21.86,39.07
12457,2022,4,0.023914,0.030803,0.093776,0.120793,19,25.87,88.11
12457,2023,1,0.007275,0.11584,0.010922,0.17391,6,8.34,25.06
12457,2023,2,0.023816,0.031757,0.107552,0.143411,18,23.04,86.6
12457,2023,3,0.012385,0.10515,0.019084,0.16202,6,9.49,34.32
12457,2023,4,0.027737,0.036705,0.168038,0.222366,19,33.33,86.93
12457,2024,1,0.020948,0.116301,0.086296,0.479112,2,24.42,42.44
12457,2024,2,0.040765,0.051825,0.254068,0.322999,13,37.15,88.69
12457,2024,3,0.027298,0.113646,0.092486,0.385043,3,27.93,49.01
12457,2024,4,0.022842,0.031945,0.177114,0.247698,15,30.03,84.56
12457,2025,1,0.009333,0.131219,0.015565,0.218829,5,10.15,26.67
12457,2025,2,0.015862,0.024046,0.119604,0.18131,14,30.77,81.22
12457,2025,3,0.020131,0.137376,0.073461,0.50132,2,24.1,38.28
12457,2025,4,0.024097,0.035132,0.243646,0.355213,12,48.64,82.82
12457,2026,1,0.015825,0.112776,0.038568,0.274849,4,16.23,37.46
12457,2026,2,0.022332,0.118233,0.079955,0.423319,3,25.99,43.46
13107,2022,1,0.034213,0.103013,0.195628,0.589026,3,44.46,57.63
13107,2022,2,0.054459,0.062508,0.290062,0.332932,14,39.7,93.34
13107,2022,3,0.036568,0.10406,0.151889,0.432224,3,34.61,59.28
13107,2022,4,0.033639,0.046647,0.278969,0.386844,14,51.01,84.92
13107,2023,1,0.024941,0.112524,0.097027,0.437745,3,29.62,47.08
13107,2023,2,0.043047,0.05593,0.224093,0.291161,18,39.78,87.73
13107,2023,3,0.036716,0.102707,0.191476,0.535622,2,40.91,59.79
13107,2023,4,0.044243,0.062807,0.320592,0.455112,20,56.02,83.93
13107,2024,1,0.034257,0.105811,0.183592,0.567061,3,42.61,56.9
13107,2024,2,0.051666,0.059379,0.56681,0.651419,10,76.7,93.28
13107,2024,3,0.03315,0.104695,0.144835,0.457425,4,37.85,56.27
13107,2024,4,0.043247,0.057826,0.506327,0.677017,13,72.29,86.48
13107,2025,1,0.031842,0.110584,0.278651,0.967742,1,53.66,53.66
13107,2025,2,0.051785,0.058619,0.746629,0.845165,12,87.93,93.99
13107,2025,3,0.047413,0.103263,0.353098,0.769039,2,60.18,67.76
13107,2025,4,0.054355,0.061112,0.571074,0.642062,13,75.78,94.31
13107,2026,1,0.046856,0.10532,0.233002,0.523731,2,44.51,66.7
13107,2026,2,0.0572,0.101418,0.357551,0.633955,2,59.2,75.1
13108,2022,1,0.034213,0.103013,0.195628,0.589026,3,44.46,57.63
13108,2022,2,0.054459,0.062508,0.290062,0.332932,14,39.7,93.34
13108,2022,3,0.036568,0.10406,0.151889,0.432224,3,34.61,59.28
13108,2022,4,0.033639,0.046647,0.278969,0.386844,14,51.01,84.92
13108,2023,1,0.024941,0.112524,0.097027,0.437745,3,29.62,47.08
13108,2023,2,0.043047,0.05593,0.224093,0.291161,18,39.78,87.73
13108,2023,3,0.036716,0.102707,0.191476,0.535622,2,40.91,59.79
13108,2023,4,0.044243,0.062807,0.320592,0.455112,20,56.02,83.93
13108,2024,1,0.034257,0.105811,0.183592,0.567061,3,42.61,56.9
13108,2024,2,0.051666,0.059379,0.56681,0.651419,10,76.7,93.28
13108,2024,3,0.03315,0.104695,0.144835,0.457425,4,37.85,56.27
13108,2024,4,0.043247,0.057826,0.506327,0.677017,13,72.29,86.48
13108,2025,1,0.031842,0.110584,0.278651,0.967742,1,53.66,53.66
13108,2025,2,0.051785,0.058619,0.746629,0.845165,12,87.93,93.99
13108,2025,3,0.047413,0.103263,0.353098,0.769039,2,60.18,67.76
13108,2025,4,0.054355,0.061112,0.571074,0.642062,13,75.78,94.31
13108,2026,1,0.046856,0.10532,0.233002,0.523731,2,44.51,66.7
13108,2026,2,0.0572,0.101418,0.357551,0.633955,2,59.2,75.1
13238,2022,1,0.014118,0.112341,0.034521,0.274695,5,15.73,35.45
13238,2022,2,0.028247,0.034958,0.134377,0.166304,20,30.52,89.89
13238,2022,3,0.018773,0.110487,0.031036,0.182661,6,12.55,41.22
13238,2022,4,0.032501,0.043437,0.114655,0.153237,19,24.08,86.5
13238,2023,1,0.024084,0.107737,0.042426,0.189783,8,15.03,47.2809
13238,2023,2,0.030418,0.039307,0.065809,0.085042,18,18.5562,87.968
13238,2023,3,0.021747,0.106648,0.041527,0.203646,8,15.4506,45.1573
13238,2023,4,0.032974,0.0441,0.085044,0.11374,16,24.4,86.47
13238,2024,1,0.026157,0.108542,0.040243,0.166992,8,12.21,49.0905
13238,2024,2,0.044041,0.058893,0.098413,0.131601,13,23.69,86.4759
13238,2024,3,0.049238,0.109603,0.108493,0.241504,7,25.2617,67.0252
13238,2024,4,0.027994,0.06537,0.058703,0.13708,12,17.83,65.44
13238,2025,1,0.030354,0.138708,0.05486,0.250689,6,22.26,46.78
13238,2025,2,0.032508,0.104329,0.048595,0.15596,11,19.5,55.82
13238,2025,3,0.027451,0.123902,0.057385,0.259008,5,17.99,47.07
13238,2025,4,0.047443,0.057129,0.163678,0.197091,13,33.4,91.13
13238,2026,1,0.027848,0.107444,0.064645,0.249418,5,20.12,50.91
13238,2026,2,0.044974,0.109219,0.196379,0.476903,3,42.36,64.17
13239,2022,1,0.014118,0.112341,0.034521,0.274695,5,15.73,35.45
13239,2022,2,0.028247,0.034958,0.134377,0.166304,20,30.52,89.89
13239,2022,3,0.018773,0.110487,0.031036,0.182661,6,12.55,41.22
13239,2022,4,0.032501,0.043437,0.114655,0.153237,19,24.08,86.5
13239,2023,1,0.024084,0.108197,0.042433,0.190626,6,15.03,47.18
13239,2023,2,0.030417,0.03943,0.065518,0.084932,18,18.48,87.83
13239,2023,3,0.021746,0.107819,0.04123,0.204424,6,15.34,44.91
13239,2023,4,0.032974,0.0441,0.085044,0.11374,16,24.4,86.47
13239,2024,1,0.026156,0.109341,0.040299,0.168459,6,12.21,48.91
13239,2024,2,0.044039,0.059104,0.098018,0.131547,13,23.69,86.32
13239,2024,3,0.049237,0.11021,0.108021,0.241788,6,25.16,66.84
13239,2024,4,0.027994,0.06537,0.058703,0.13708,12,17.83,65.44
13239,2025,1,0.030354,0.138708,0.05486,0.250689,6,22.26,46.78
13239,2025,2,0.032508,0.104329,0.048595,0.15596,11,19.5,55.82
13239,2025,3,0.027451,0.123902,0.057385,0.259008,5,17.99,47.07
13239,2025,4,0.047443,0.057129,0.163678,0.197091,13,33.4,91.13
13239,2026,1,0.027848,0.107444,0.064645,0.249418,5,20.12,50.91
13239,2026,2,0.044974,0.109219,0.196379,0.476903,3,42.36,64.17
13312,2021,3,0.024172,0.103914,0.06502,0.279518,4,19.57,48.23
13312,2021,4,0.027412,0.030794,0.195651,0.219786,17,39.81,94.35
13312,2022,1,0.023078,0.108218,0.059295,0.278041,5,21.92,46.18
13312,2022,2,0.026856,0.030576,0.252333,0.287282,14,45.88,93.72
13312,2022,3,0.021036,0.104484,0.05625,0.279388,4,20.65,44.87
13312,2022,4,0.033931,0.038044,0.195135,0.218788,15,33.35,94.44
13312,2023,1,0.018179,0.104544,0.042581,0.244873,5,16.87,41.7
13312,2023,2,0.028121,0.032167,0.170541,0.195077,18,39.24,93.5
13312,2023,3,0.018959,0.107889,0.079908,0.454727,4,27.97,41.92
13312,2023,4,0.029938,0.033489,0.230449,0.257781,19,46.69,94.55
13312,2024,1,0.021284,0.107483,0.089119,0.450038,5,30.03,44.5
13312,2024,2,0.040308,0.04528,0.261569,0.293835,12,49.93,94.35
13312,2024,3,0.039645,0.107317,0.15755,0.426479,4,38.98,60.78
13312,2024,4,0.046782,0.054523,0.488094,0.568853,13,70.33,92.63
13312,2025,1,0.035729,0.11876,0.291147,0.967742,1,54.85,54.85
13312,2025,2,0.052421,0.060492,0.547854,0.632206,13,75.43,93.09
13312,2025,3,0.050531,0.112565,0.275486,0.61369,4,53.21,67.0
13312,2025,4,0.057794,0.065158,0.519574,0.585773,14,72.65,94.18
13312,2026,1,0.040882,0.106318,0.300742,0.782116,2,55.59,62.01
13312,2026,2,0.054465,0.101814,0.433229,0.809856,2,66.82,73.14
13369,2022,2,0.015723,0.056936,0.050899,0.184318,12,18.29,52.55
13369,2022,3,0.014539,0.121092,0.048719,0.405778,3,17.16,34.65
13369,2022,4,0.017996,0.03439,0.109212,0.208695,16,23.86,72.34
13369,2023,1,0.020441,0.105918,0.041314,0.214081,5,13.15,43.93
13369,2023,2,0.033094,0.040228,0.201258,0.244647,17,32.79,90.7
13369,2023,3,0.026215,0.107074,0.102479,0.418577,5,31.98,49.48
13369,2023,4,0.031935,0.038692,0.337299,0.408663,18,58.28,90.85
13369,2024,1,0.024305,0.106376,0.096919,0.424183,4,30.42,47.8
13369,2024,2,0.030051,0.043601,0.370139,0.537031,15,61.05,83.02
13369,2024,3,0.023236,0.127378,0.059751,0.327557,3,19.83,42.71
13369,2024,4,0.025668,0.037386,0.320763,0.467191,12,56.83,82.86
13369,2025,1,0.023,0.132903,0.088194,0.509625,2,26.82,41.6
13369,2025,2,0.032275,0.046794,0.311056,0.450982,12,55.73,83.05
13369,2025,3,0.040131,0.124871,0.125939,0.391875,3,31.43,56.69
13369,2025,4,0.052983,0.065411,0.320805,0.396056,11,52.37,90.0
13369,2026,1,0.042647,0.125043,0.138589,0.406353,3,27.95,58.4
13369,2026,2,0.050123,0.105769,0.176414,0.372264,4,39.42,68.84
13370,2022,2,0.015723,0.056936,0.050899,0.184318,12,18.29,52.55
13370,2022,3,0.014539,0.121092,0.048719,0.405778,3,17.16,34.65
13370,2022,4,0.017996,0.03439,0.109212,0.208695,16,23.86,72.34
13370,2023,1,0.020441,0.105918,0.041314,0.214081,5,13.15,43.93
13370,2023,2,0.033094,0.040228,0.201258,0.244647,17,32.79,90.7
13370,2023,3,0.026215,0.107074,0.102479,0.418577,5,31.98,49.48
13370,2023,4,0.031935,0.038692,0.337299,0.408663,18,58.28,90.85
13370,2024,1,0.024305,0.106376,0.096919,0.424183,4,30.42,47.8
13370,2024,2,0.030051,0.043601,0.370139,0.537031,15,61.05,83.02
13370,2024,3,0.023236,0.127378,0.059751,0.327557,3,19.83,42.71
13370,2024,4,0.025668,0.037386,0.320763,0.467191,12,56.83,82.86
13370,2025,1,0.023,0.132903,0.088194,0.509625,2,26.82,41.6
13370,2025,2,0.032275,0.046794,0.311056,0.450982,12,55.73,83.05
13370,2025,3,0.040131,0.124871,0.125939,0.391875,3,31.43,56.69
13370,2025,4,0.052983,0.065411,0.320805,0.396056,11,52.37,90.0
13370,2026,1,0.042647,0.125043,0.138589,0.406353,3,27.95,58.4
13370,2026,2,0.050123,0.105769,0.176414,0.372264,4,39.42,68.84
13840,2022,1,0.015315,0.10295,0.121974,0.819915,2,35.47,38.57
13840,2022,2,0.034119,0.037949,0.743993,0.827502,9,87.75,94.82
13840,2022,3,0.025383,0.104435,0.235209,0.967742,1,49.3,49.3
13840,2022,4,0.041272,0.045837,0.69224,0.768805,11,84.49,94.89
13840,2023,1,0.038881,0.102498,0.309476,0.815844,2,56.49,61.59
13840,2023,2,0.058612,0.065689,0.590786,0.662116,7,78.07,94.46
13840,2023,3,0.071046,0.093735,0.46772,0.61709,3,68.98,87.06
13840,2023,4,0.074613,0.095092,0.461942,0.58873,10,68.5,88.58
13840,2024,1,0.06122,0.126926,0.386294,0.800891,3,63.07,69.45
13840,2024,2,0.081255,0.092371,0.602581,0.685018,6,78.74,93.79
13840,2024,3,0.077265,0.09957,0.528404,0.680947,3,73.67,88.09
13840,2024,4,0.07425,0.083657,0.575632,0.648561,9,76.83,94.21
13840,2025,1,0.07104,0.100464,0.433456,0.612994,4,66.7,84.09
13840,2025,2,0.074767,0.084689,0.549791,0.622747,12,75.3,93.96
13840,2025,3,0.071298,0.0995,0.490082,0.683935,3,70.97,84.65
13840,2025,4,0.072624,0.087604,0.542674,0.654604,14,74.6,91.05
13840,2026,1,0.065584,0.095616,0.494073,0.720312,3,71.29,82.82
13840,2026,2,0.071983,0.101028,0.471914,0.662331,3,69.49,84.41
13841,2022,1,0.015315,0.10295,0.121974,0.819915,2,35.47,38.57
13841,2022,2,0.034119,0.037949,0.743993,0.827502,9,87.75,94.82
13841,2022,3,0.025383,0.104435,0.235209,0.967742,1,49.3,49.3
13841,2022,4,0.041272,0.045837,0.69224,0.768805,11,84.49,94.89
13841,2023,1,0.038595,0.107567,0.291331,0.811956,2,54.8,59.9
13841,2023,2,0.058612,0.065689,0.590786,0.662116,7,78.07,94.46
13841,2023,3,0.068576,0.101763,0.404335,0.600014,3,64.01,82.09
13841,2023,4,0.077422,0.087845,0.534242,0.606166,10,73.8,93.88
13841,2024,1,0.079283,0.101341,0.511358,0.653626,3,72.32,88.45
13841,2024,2,0.081255,0.092371,0.602581,0.685018,6,78.74,93.79
13841,2024,3,0.077199,0.101341,0.516994,0.678666,3,72.86,87.28
13841,2024,4,0.07425,0.083657,0.575632,0.648561,9,76.83,94.21
13841,2025,1,0.07104,0.100464,0.433456,0.612994,4,66.7,84.09
13841,2025,2,0.074767,0.084689,0.549791,0.622747,12,75.3,93.96
13841,2025,3,0.071298,0.0995,0.490082,0.683935,3,70.97,84.65
13841,2025,4,0.072624,0.087604,0.542674,0.654604,14,74.6,91.05
13841,2026,1,0.063903,0.103122,0.439433,0.709124,3,67.19,78.72
13841,2026,2,0.070972,0.10756,0.430429,0.652332,3,66.31,81.23
13949,2021,4,0.025894,0.036153,0.166256,0.232128,20,39.3,84.63
13949,2022,1,0.016813,0.111795,0.081858,0.544306,3,28.51,38.78
13949,2022,2,0.025209,0.038767,0.113339,0.174293,20,33.41,80.64
13949,2022,3,0.010829,0.10628,0.020884,0.204965,7,13.51,31.92
13949,2022,4,0.017326,0.026736,0.094515,0.145851,21,30.44,80.5
13949,2023,1,0.014435,0.106826,0.043918,0.325003,6,20.68,36.76
13949,2023,2,0.023846,0.035317,0.179679,0.266115,15,43.07,82.17
13949,2023,3,0.015957,0.108217,0.073269,0.496884,4,27.01,38.4
13949,2023,4,0.025424,0.040541,0.263115,0.419571,19,51.7,79.19
13949,2024,1,0.018082,0.109861,0.106634,0.647868,3,32.96,40.57
13949,2024,2,0.022859,0.035905,0.198641,0.312013,22,45.51,79.79
13949,2024,3,0.017766,0.108472,0.071236,0.434942,4,26.34,40.47
13949,2024,4,0.029504,0.044397,0.139701,0.210219,15,36.41,81.52
13949,2025,1,0.028921,0.107701,0.107898,0.401808,4,31.39,51.82
13949,2025,2,0.034235,0.046985,0.233914,0.321031,15,48.0,85.36
13949,2025,3,0.029714,0.106221,0.142547,0.509578,4,37.94,52.89
13949,2025,4,0.043301,0.050205,0.39079,0.453098,15,62.98,92.87
13949,2026,1,0.03031,0.105462,0.134914,0.469425,3,35.66,53.61
13949,2026,2,0.033966,0.102984,0.211089,0.640012,2,45.57,57.43
14282,2021,4,1e-06,0.107563,1e-06,0.114541,8,0.0882,0.3618
14282,2022,1,0.011049,0.108918,0.012201,0.120276,7,6.54,31.85
14282,2022,2,0.025421,0.038727,0.08554,0.130313,17,26.47,81.02
14282,2022,3,0.013381,0.106715,0.016075,0.128206,7,7.76,35.41
14282,2022,4,0.023981,0.050223,0.043466,0.091032,16,13.25,69.1
14282,2023,1,0.01179,0.105498,0.029432,0.263362,5,14.93,33.43
14282,2023,2,0.023757,0.036263,0.083548,0.12753,11,20.66,80.94
14282,2023,3,0.021029,0.103799,0.061573,0.303931,4,21.25,45.01
14282,2023,4,0.025525,0.050154,0.092503,0.181757,9,23.08,71.34
14282,2024,1,0.022443,0.100442,0.089699,0.401437,3,27.94,47.27
14282,2024,2,0.039824,0.052687,0.552266,0.73065,7,75.29,86.94
14282,2024,3,0.020449,0.100311,0.100148,0.491278,3,30.96,45.15
14282,2024,4,0.032433,0.041881,0.397729,0.513596,10,62.29,88.0
14282,2025,1,0.018942,0.11186,0.080456,0.475139,3,27.44,41.15
14282,2025,2,0.029835,0.054029,0.153556,0.278081,12,35.51,74.31
14282,2025,3,0.030356,0.099913,0.153063,0.503791,3,37.67,55.12
14282,2025,4,0.048025,0.065511,0.289425,0.394808,14,47.23,85.62
14282,2026,1,0.022271,0.10151,0.10615,0.483822,2,27.62,46.84
14282,2026,2,0.016002,0.110586,0.051186,0.353729,3,17.21,38.04
14319,2022,1,0.034761,0.107592,0.312657,0.967742,1,56.84,56.84
14319,2022,2,0.039808,0.046115,0.744088,0.861985,3,87.78,92.91
14319,2022,3,0.029102,0.104508,0.132789,0.476856,4,36.36,52.77
14319,2022,4,0.045584,0.05323,0.685556,0.800542,11,84.33,92.54
14319,2023,1,0.024882,0.094658,0.212035,0.806644,2,46.74,51.27
14319,2023,2,0.033355,0.038607,0.53085,0.614431,17,73.94,92.95
14319,2023,3,0.027876,0.048671,0.475409,0.830051,3,70.15,75.68
14319,2023,4,0.032662,0.037829,0.770582,0.892484,18,89.29,92.92
14319,2024,1,0.02705,0.069806,0.375006,0.967742,2,62.25,62.25
14319,2024,2,0.03969,0.046048,0.714256,0.828674,16,86.01,92.84
14319,2024,3,0.031962,0.07206,0.379872,0.856423,2,62.66,66.6
14319,2024,4,0.042321,0.049623,0.429851,0.504015,12,65.84,92.35
14319,2025,1,0.02635,0.076997,0.316873,0.92592,2,57.25,58.5
14319,2025,2,0.035892,0.040724,0.661407,0.750452,4,82.8,93.88
14319,2025,3,0.02819,0.073833,0.271992,0.712393,3,52.93,61.79
14319,2025,4,0.040936,0.055685,0.447934,0.609322,5,68.05,85.74
14319,2026,1,0.025705,0.096206,0.209887,0.785548,2,46.45,51.69
14319,2026,2,0.023807,0.114641,0.200964,0.967742,1,45.57,45.57
14320,2022,1,0.034761,0.107592,0.312657,0.967742,1,56.84,56.84
14320,2022,2,0.039808,0.046115,0.744088,0.861985,3,87.78,92.91
14320,2022,3,0.029102,0.104508,0.132789,0.476856,4,36.36,52.77
14320,2022,4,0.045584,0.05323,0.685556,0.800542,11,84.33,92.54
14320,2023,1,0.024558,0.100348,0.196118,0.801371,2,44.94,49.47
14320,2023,2,0.033355,0.038607,0.53085,0.614431,17,73.94,92.95
14320,2023,3,0.020886,0.100444,0.201228,0.967742,1,45.6,45.6
14320,2023,4,0.032662,0.037829,0.770582,0.892484,18,89.29,92.92
14320,2024,1,0.021864,0.100379,0.210783,0.967742,1,46.67,46.67
14320,2024,2,0.03969,0.046048,0.714256,0.828674,16,86.01,92.84
14320,2024,3,0.025677,0.100565,0.247092,0.967742,1,50.53,50.53
14320,2024,4,0.042321,0.049623,0.429851,0.504015,12,65.84,92.35
14320,2025,1,0.023151,0.101113,0.221576,0.967742,1,47.85,47.85
14320,2025,2,0.035892,0.040724,0.661407,0.750452,4,82.8,93.88
14320,2025,3,0.023557,0.101397,0.177934,0.765888,2,42.71,48.2
14320,2025,4,0.040936,0.055685,0.447934,0.609322,5,68.05,85.74
14320,2026,1,0.024019,0.113021,0.162844,0.76625,2,40.86,46.1
14320,2026,2,0.023807,0.114641,0.200964,0.967742,1,45.57,45.57
14497,2021,4,0.045473,0.050931,0.197611,0.221329,17,31.44,94.49
14497,2022,1,0.047446,0.106486,0.252917,0.567643,3,50.14,66.75
14497,2022,2,0.037303,0.042181,0.133366,0.150807,19,30.41,94.04
14497,2022,3,0.032365,0.11211,0.074983,0.259734,5,21.53,53.73
14497,2022,4,0.041873,0.047148,0.254719,0.286808,15,47.92,94.24
14497,2023,1,0.027233,0.101532,0.067501,0.251663,4,19.44,51.79
14497,2023,2,0.043526,0.049512,0.128371,0.146027,17,26.1,93.76
14497,2023,3,0.0178,0.10086,0.023303,0.132043,7,9.03,42.01
14497,2023,4,0.036735,0.041707,0.47209,0.53599,17,69.12,93.85
14497,2024,1,0.058003,0.104815,0.535536,0.967742,1,74.39,74.39
14497,2024,2,0.049164,0.066489,0.566874,0.766638,18,76.68,85.99
14497,2024,3,0.040327,0.10474,0.274833,0.713815,2,52.79,62.05
14497,2024,4,0.037606,0.044937,0.196656,0.234993,12,38.1,91.48
14497,2025,1,0.026126,0.104377,0.203645,0.813605,2,45.82,50.03
14497,2025,2,0.037356,0.044864,0.621703,0.74665,6,80.27,91.25
14497,2025,3,0.03874,0.103096,0.363647,0.967742,1,61.3,61.3
14497,2025,4,0.040322,0.056685,0.513114,0.721351,10,72.46,84.34
14497,2026,1,0.035742,0.108029,0.18529,0.560033,4,43.49,57.52
14497,2026,2,0.044132,0.104872,0.352011,0.836506,2,60.29,64.87
14549,2021,4,0.019418,0.119739,0.053248,0.328351,5,21.71,40.27
14549,2022,1,0.031646,0.121478,0.107511,0.412698,6,32.94,51.04
14549,2022,2,0.036082,0.046498,0.060958,0.078556,20,19.24,88.09
14549,2022,3,0.031154,0.120014,0.02569,0.098963,9,10.47,50.95
14549,2022,4,0.032672,0.04551,0.045933,0.063981,20,15.16,84.73
14549,2023,1,0.030187,0.119884,0.034457,0.136842,7,13.56,50.18
14549,2023,2,0.044104,0.057527,0.131048,0.170931,17,32.48,87.56
14549,2023,3,0.045572,0.11413,0.092882,0.232613,5,25.09,63.19
14549,2023,4,0.044537,0.059441,0.124922,0.166726,18,30.86,86.56
14549,2024,1,0.058989,0.11009,0.102986,0.1922,6,28.17,73.2
14549,2024,2,0.052958,0.065192,0.169769,0.208987,17,30.88,90.13
14549,2024,3,0.034359,0.117092,0.085122,0.290083,5,22.57,54.17
14549,2024,4,0.036937,0.053117,0.241891,0.347849,15,49.07,83.39
14549,2025,1,0.030924,0.108202,0.140865,0.492883,4,37.61,53.46
14549,2025,2,0.039347,0.049319,0.495632,0.621244,13,71.56,89.32
14549,2025,3,0.029378,0.107198,0.170333,0.621534,3,41.63,52.35
14549,2025,4,0.04145,0.047945,0.617445,0.714199,14,79.91,92.98
14549,2026,1,0.027227,0.106676,0.190671,0.747065,2,44.14,50.52
14549,2026,2,0.03151,0.104241,0.25034,0.828173,2,50.83,54.98
14611,2022,1,0.00184,0.106246,0.004131,0.238502,4,4.4,13.16
14611,2022,2,0.019827,0.029408,0.145591,0.215945,9,33.45,82.11
14611,2022,3,0.015409,0.108938,0.059452,0.420299,3,23.08,37.61
14611,2022,4,0.019642,0.035802,0.081562,0.148662,9,21.01,74.07
14611,2023,1,0.019089,0.112566,0.044063,0.259837,4,17.07,41.18
14611,2023,2,0.033873,0.040841,0.251068,0.30272,9,45.6,91.07
14611,2023,3,0.024468,0.12423,0.07328,0.372057,3,19.73,44.38
14611,2023,4,0.030679,0.039455,0.211316,0.271765,13,44.73,88.18
14611,2024,1,0.030213,0.112424,0.063909,0.237811,5,17.77,51.84
14611,2024,2,0.032977,0.059913,0.090071,0.163642,13,20.47,74.19
14611,2024,3,0.035361,0.119533,0.069118,0.233645,6,24.43,54.39
14611,2024,4,0.034676,0.052115,0.091102,0.13692,14,24.74,81.57
14611,2025,1,0.0155,0.19827,0.026307,0.336513,3,13.37,27.96
14611,2025,2,0.020927,0.044808,0.141986,0.304016,12,35.9,68.34
14611,2025,3,0.054403,0.123466,0.17201,0.390373,3,32.76,66.38
14611,2025,4,0.04855,0.076951,0.219815,0.348407,8,41.92,79.43
14611,2026,1,0.037511,0.124864,0.106534,0.354625,4,23.98,54.81
14611,2026,2,0.042829,0.110029,0.156283,0.401496,3,30.55,62.39
14612,2022,1,0.00184,0.106246,0.004131,0.238502,4,4.4,13.16
14612,2022,2,0.019827,0.029408,0.145591,0.215945,9,33.45,82.11
14612,2022,3,0.015409,0.108938,0.059452,0.420299,3,23.08,37.61
14612,2022,4,0.019642,0.035802,0.081562,0.148662,9,21.01,74.07
14612,2023,1,0.019089,0.112566,0.044063,0.259837,4,17.07,41.18
14612,2023,2,0.033873,0.040841,0.251068,0.30272,9,45.6,91.07
14612,2023,3,0.024468,0.12423,0.07328,0.372057,3,19.73,44.38
14612,2023,4,0.030679,0.039455,0.211316,0.271765,13,44.73,88.18
14612,2024,1,0.030213,0.112424,0.063909,0.237811,5,17.77,51.84
14612,2024,2,0.032977,0.059913,0.090071,0.163642,13,20.47,74.19
14612,2024,3,0.035361,0.119533,0.069118,0.233645,6,24.43,54.39
14612,2024,4,0.034676,0.052115,0.091102,0.13692,14,24.74,81.57
14612,2025,1,0.0155,0.19827,0.026307,0.336513,3,13.37,27.96
14612,2025,2,0.020927,0.044808,0.141986,0.304016,12,35.9,68.34
14612,2025,3,0.054403,0.123466,0.17201,0.390373,3,32.76,66.38
14612,2025,4,0.04855,0.076951,0.219815,0.348407,8,41.92,79.43
14612,2026,1,0.037511,0.124864,0.106534,0.354625,4,23.98,54.81
14612,2026,2,0.042829,0.110029,0.156283,0.401496,3,30.55,62.39
14833,2022,1,0.038943,0.110335,0.243938,0.69113,3,50.09,59.41
14833,2022,2,0.054621,0.062133,0.547216,0.622478,22,75.44,93.76
14833,2022,3,0.04365,0.120245,0.307448,0.84695,2,56.36,60.25
14833,2022,4,0.062004,0.071736,0.594966,0.688346,15,78.61,92.97
14833,2023,1,0.03711,0.123305,0.22629,0.751888,3,48.36,54.86
14833,2023,2,0.044408,0.056063,0.153697,0.194037,16,30.98,89.0
14833,2023,3,0.061256,0.107746,0.117139,0.206044,6,27.82,75.4
14833,2023,4,0.053311,0.068967,0.160919,0.208177,16,33.16,87.92
14833,2024,1,0.041265,0.113374,0.103769,0.285103,5,28.31,60.33
14833,2024,2,0.04807,0.064574,0.168283,0.226059,19,33.07,86.28
14833,2024,3,0.049568,0.111618,0.087384,0.196771,6,22.35,66.64
14833,2024,4,0.047082,0.063114,0.102334,0.137181,18,25.67,86.37
14833,2025,1,0.023624,0.161133,0.03909,0.266622,5,17.32,38.29
14833,2025,2,0.032471,0.044985,0.059663,0.082656,21,19.79,84.96
14833,2025,3,0.053183,0.119794,0.113627,0.255941,6,29.88,66.63
14833,2025,4,0.058603,0.072834,0.105033,0.130539,19,22.08,89.7
14833,2026,1,0.051994,0.11701,0.116265,0.261649,5,24.46,66.66
14833,2026,2,0.031943,0.13304,0.058091,0.241943,4,15.61,49.0
14975,2022,2,0.024298,0.029169,0.193803,0.23265,16,38.52,91.27
14975,2022,3,0.014769,0.111527,0.037902,0.286222,4,14.93,36.39
14975,2022,4,0.015713,0.021866,0.150015,0.208762,17,29.77,84.77
14975,2023,1,0.017757,0.119608,0.044682,0.300978,5,17.67,38.53
14975,2023,2,0.023893,0.027919,0.343926,0.401872,13,54.78,92.51
14975,2023,3,0.012363,0.105141,0.040504,0.344476,4,18.0,34.29
14975,2023,4,0.021381,0.02698,0.318131,0.401449,10,56.2,89.02
14975,2024,1,0.028868,0.109394,0.097894,0.370967,3,28.2,51.37
14975,2024,2,0.030292,0.038554,0.292984,0.372894,12,53.85,88.64
14975,2024,3,0.029516,0.119253,0.114021,0.460681,3,30.92,49.75
14975,2024,4,0.019654,0.027577,0.249545,0.350153,14,48.54,84.42
14975,2025,1,0.012797,0.107325,0.087736,0.735845,3,30.1,34.53
14975,2025,2,0.021021,0.030788,0.198599,0.290871,15,44.85,82.63
14975,2025,3,0.020697,0.103725,0.146504,0.734207,2,38.64,44.67
14975,2025,4,0.026985,0.033538,0.204331,0.25395,13,44.46,89.7
14975,2026,1,0.01783,0.107481,0.093672,0.564655,3,30.55,40.73
14975,2026,2,0.028052,0.106015,0.135886,0.513537,3,35.76,51.44
14989,2022,1,0.037114,0.115201,0.09411,0.292114,5,26.6,56.76
14989,2022,2,0.043381,0.051332,0.160356,0.189745,17,31.22,91.93
14989,2022,3,0.032692,0.117758,0.063753,0.229638,7,24.0,52.69
14989,2022,4,0.026339,0.035316,0.084716,0.11359,12,19.47,86.36
14989,2023,1,0.031758,0.11461,0.129283,0.466561,3,35.03,52.64
14989,2023,2,0.05677,0.07263,0.437558,0.5598,18,66.56,88.41
14989,2023,3,0.066033,0.110539,0.379545,0.635356,2,61.02,77.29
14989,2023,4,0.070998,0.084248,0.497105,0.589879,17,69.74,91.8
14989,2024,1,0.05783,0.113757,0.303664,0.59733,3,54.31,71.3
14989,2024,2,0.06802,0.077392,0.541697,0.616331,11,74.2,93.75
14989,2024,3,0.066525,0.103712,0.434969,0.678112,2,66.02,80.09
14989,2024,4,0.062934,0.076959,0.672549,0.82243,11,83.45,90.43
14989,2025,1,0.024793,0.114861,0.190428,0.882211,2,44.38,46.46
14989,2025,2,0.019767,0.022562,0.176962,0.201989,14,37.8,93.6
14989,2025,3,0.047018,0.106035,0.379281,0.855349,2,62.61,66.59
14989,2025,4,0.068442,0.076933,0.658979,0.740737,13,82.47,94.32
14989,2026,1,0.043671,0.112084,0.377057,0.967742,1,62.42,62.42
14989,2026,2,0.058466,0.105907,0.534241,0.967742,1,74.3,74.3
15211,2026,1,0.101122,0.101122,0.528344,0.528344,4,73.2646,100.0
15211,2026,2,0.101108,0.101108,0.520882,0.520882,4,72.6811,100.0
15212,2026,1,0.101122,0.101122,0.528344,0.528344,4,73.2646,100.0
15212,2026,2,0.101108,0.101108,0.520882,0.520882,4,72.6811,100.0
15389,2022,2,0.023187,0.026586,0.088265,0.101202,18,22.06,93.39
15389,2022,3,0.01381,0.101535,0.017699,0.130128,7,8.63,36.88
15389,2022,4,0.02222,0.026332,0.080186,0.095027,19,18.63,91.86
15389,2023,1,0.016863,0.10071,0.041784,0.249541,5,16.54,40.92
15389,2023,2,0.040507,0.053888,0.163836,0.217957,18,31.32,86.7
15389,2023,3,0.027256,0.105533,0.074132,0.287035,4,20.55,50.82
15389,2023,4,0.039014,0.050737,0.16947,0.22039,19,27.28,87.69
15389,2024,1,0.043593,0.110323,0.113976,0.288446,4,23.65,62.86
15389,2024,2,0.054903,0.071482,0.269872,0.351361,10,39.69,87.64
15389,2024,3,0.043225,0.113618,0.171766,0.451491,3,37.52,61.68
15389,2024,4,0.046347,0.061814,0.261458,0.348712,13,41.71,86.59
15389,2025,1,0.035793,0.11438,0.102996,0.329134,4,25.16,55.94
15389,2025,2,0.051868,0.064478,0.19168,0.23828,15,32.6,89.69
15389,2025,3,0.032021,0.107846,0.081,0.272804,5,21.22,54.49
15389,2025,4,0.048775,0.058642,0.260955,0.313745,14,41.25,91.2
15389,2026,1,0.032724,0.112763,0.108272,0.373097,4,31.34,53.87
15389,2026,2,0.040777,0.111886,0.146342,0.401539,3,33.1,60.37
15491,2022,2,0.017367,0.023292,0.176194,0.236302,12,40.63,86.35
15491,2022,3,0.011476,0.102938,0.019015,0.170559,6,10.52,33.39
15491,2022,4,0.015483,0.020321,0.158163,0.207576,15,35.21,87.29
15491,2023,1,0.008295,0.109126,0.015681,0.206305,6,8.97,27.57
15491,2023,2,0.024355,0.032431,0.114981,0.153105,12,26.01,86.66
15491,2023,3,0.009619,0.116297,0.021178,0.256038,5,12.26,28.76
15491,2023,4,0.014554,0.024188,0.162614,0.270253,14,39.54,77.57
15491,2024,1,0.016764,0.098048,0.050599,0.295929,7,21.44,41.35
15491,2024,2,0.025932,0.049432,0.188114,0.358578,13,42.39,72.43
15491,2024,3,0.01838,0.115857,0.033361,0.210289,6,11.87,39.83
15491,2024,4,0.024505,0.048434,0.202113,0.399474,14,44.22,71.13
15491,2025,1,0.014656,0.143038,0.031067,0.303204,5,14.27,32.01
15491,2025,2,0.020569,0.049168,0.073335,0.175295,18,21.32,64.68
15491,2025,3,0.021507,0.11686,0.066387,0.36072,4,24.53,42.9
15491,2025,4,0.031405,0.038617,0.145119,0.178445,15,27.9,90.18
15491,2026,1,0.03212,0.130244,0.095185,0.385971,3,24.76,49.66
15491,2026,2,0.027562,0.117754,0.11862,0.506789,2,30.95,48.38
15521,2026,1,0.092643,0.113019,0.244831,0.29868,4,43.5492,90.5379
15521,2026,2,0.094965,0.114843,0.255364,0.308817,4,45.2084,90.9346
15522,2024,1,0.114911,0.133343,0.325108,0.377255,4,54.2186,92.8318
15522,2024,2,0.108604,0.128009,0.300539,0.354237,4,50.4315,92.1093
15522,2024,3,0.101399,0.126126,0.28727,0.357324,4,48.9219,89.6631
15522,2024,4,0.104668,0.126447,0.279387,0.337521,4,47.7601,90.9814
15522,2025,1,0.102684,0.122575,0.28896,0.344937,4,49.8311,91.527
15522,2025,2,0.095845,0.116564,0.258714,0.314641,4,45.5163,90.6781
15522,2025,3,0.104443,0.128251,0.28611,0.351328,4,49.2327,90.2423
15522,2025,4,0.120792,0.141994,0.329444,0.387272,4,54.3552,92.2322
15522,2026,1,0.092643,0.113019,0.244831,0.29868,4,43.5492,90.5379
15522,2026,2,0.094965,0.114843,0.255364,0.308817,4,45.2084,90.9346
15576,2022,2,0.028493,0.032432,0.304035,0.346072,10,55.09,93.73
15576,2022,3,0.028756,0.138416,0.079496,0.382647,4,25.81,45.58
15576,2022,4,0.026644,0.035178,0.233403,0.308154,11,48.28,87.03
15576,2023,1,0.010988,0.117737,0.031293,0.335294,5,16.95,30.55
15576,2023,2,0.025717,0.031686,0.203196,0.250359,18,39.18,90.09
15576,2023,3,0.007938,0.108168,0.012402,0.168999,6,7.49,27.09
15576,2023,4,0.017815,0.021039,0.09214,0.108813,15,20.49,92.02
15576,2024,1,0.017949,0.112408,0.032783,0.205307,6,13.66,39.96
15576,2024,2,0.04048,0.051836,0.171073,0.219065,8,32.63,88.37
15576,2024,3,0.030832,0.120135,0.078204,0.304718,4,20.22,50.66
15576,2024,4,0.034161,0.043844,0.212557,0.272803,9,36.14,88.27
15576,2025,1,0.019758,0.101595,0.029984,0.154173,7,14.01,44.1
15576,2025,2,0.031507,0.036233,0.112833,0.129759,13,24.31,93.25
15576,2025,3,0.045901,0.117243,0.159624,0.407723,3,30.78,62.57
15576,2025,4,0.06309,0.079222,0.264307,0.331886,6,40.98,89.24
15576,2026,1,0.050822,0.115687,0.140379,0.319549,5,34.11,66.28
15576,2026,2,0.050464,0.117123,0.151578,0.351802,4,33.1,65.64
15585,2022,2,0.040999,0.048693,0.156763,0.186182,17,30.08,91.76
15585,2022,3,0.030578,0.118073,0.059449,0.229551,7,23.16,50.89
15585,2022,4,0.028829,0.035489,0.093845,0.115524,12,20.38,90.13
15585,2023,1,0.043537,0.112172,0.253062,0.652004,2,50.06,62.3
15585,2023,2,0.062821,0.077161,0.533251,0.654982,14,73.87,90.23
15585,2023,3,0.068705,0.109201,0.403987,0.642099,2,63.08,79.32
15585,2023,4,0.072533,0.083486,0.514038,0.591658,14,70.94,93.21
15585,2024,1,0.058648,0.114112,0.306757,0.596867,3,54.57,71.69
15585,2024,2,0.068024,0.077977,0.538444,0.61723,9,73.99,93.4
15585,2024,3,0.066636,0.103729,0.436043,0.678769,2,66.11,80.15
15585,2024,4,0.066357,0.075677,0.721248,0.822549,10,86.42,93.64
15585,2025,1,0.024995,0.116345,0.173792,0.808967,2,42.32,46.35
15585,2025,2,0.017906,0.02081,0.148681,0.172796,15,32.04,92.76
15585,2025,3,0.046862,0.105873,0.378439,0.85499,2,62.54,66.53
15585,2025,4,0.068904,0.077355,0.662043,0.743236,10,82.66,94.38
15585,2026,1,0.055291,0.112069,0.477451,0.967742,1,70.24,70.24
15585,2026,2,0.056243,0.105368,0.516558,0.967742,1,73.06,73.06
15967,2022,3,0.002763,0.101999,0.016573,0.611718,3,12.97,16.46
15967,2022,4,0.035459,0.04129,0.674394,0.7853,3,83.52,92.67
15967,2023,1,0.021094,0.101088,0.201935,0.967742,1,45.68,45.68
15967,2023,2,0.059296,0.070026,0.349151,0.412333,7,59.68,92.02
15967,2023,3,0.04689,0.109764,0.134178,0.314092,4,30.28,65.36
15967,2023,4,0.054878,0.063958,0.284789,0.33191,5,49.77,92.63
15967,2024,1,0.054985,0.106511,0.246345,0.477189,4,49.55,71.85
15967,2024,2,0.056042,0.076967,0.429508,0.589885,4,66.12,85.33
15967,2024,3,0.038339,0.106002,0.135707,0.375212,5,36.38,60.14
15967,2024,4,0.059205,0.067233,0.394009,0.447436,8,61.97,93.84
15967,2025,1,0.064453,0.094834,0.361319,0.531636,3,59.76,82.44
15967,2025,2,0.070482,0.08165,0.394181,0.456637,12,63.14,92.91
15967,2025,3,0.046482,0.089291,0.201742,0.387546,5,43.91,72.15
15967,2025,4,0.058108,0.090364,0.21888,0.340381,12,45.15,80.19
15967,2026,1,0.051893,0.102134,0.37536,0.738775,2,61.88,71.28
15967,2026,2,0.038979,0.114288,0.243576,0.714182,2,49.7,58.4
16130,2024,1,0.100881,0.100881,0.184747,0.184747,7,39.3705,100.0
16130,2024,2,0.101906,0.101906,0.191577,0.191577,7,40.4112,100.0
16130,2024,3,0.104173,0.104173,0.184772,0.184772,7,39.061,100.0
16130,2024,4,0.110695,0.110695,0.174705,0.174705,7,35.9548,100.0
16130,2025,1,0.107223,0.107223,0.184234,0.184234,7,38.3462,100.0
16130,2025,2,0.101112,0.101112,0.179346,0.179346,7,38.4557,100.0
16130,2025,3,0.104805,0.104805,0.190399,0.190399,7,39.7881,100.0
16130,2025,4,0.105969,0.105969,0.180349,0.180349,7,37.8665,100.0
16130,2026,1,0.103778,0.103778,0.185072,0.185072,7,39.0356,100.0
16131,2024,4,0.110695,0.110695,0.174705,0.174705,7,35.9548,100.0
16131,2025,1,0.107223,0.107223,0.184234,0.184234,7,38.3462,100.0
16131,2025,2,0.101112,0.101112,0.179346,0.179346,7,38.4557,100.0
16131,2025,3,0.104805,0.104805,0.190399,0.190399,7,39.7881,100.0
16131,2025,4,0.105969,0.105969,0.180349,0.180349,7,37.8665,100.0
16131,2026,1,0.103778,0.103778,0.185072,0.185072,7,39.0356,100.0
16262,2022,3,0.038851,0.104,0.176532,0.47256,2,33.56,61.12
16262,2022,4,0.037165,0.041319,0.262247,0.29156,16,48.11,94.84
16262,2023,1,0.015891,0.100773,0.053228,0.337551,4,20.7,39.71
16262,2023,2,0.038633,0.043215,0.252485,0.282431,8,42.93,94.55
16262,2023,3,0.039988,0.109178,0.159574,0.435677,4,38.24,60.52
16262,2023,4,0.038272,0.042893,0.161634,0.181149,12,27.24,94.46
16262,2024,1,0.022403,0.100305,0.083984,0.37602,5,28.74,47.26
16262,2024,2,0.037244,0.042429,0.21801,0.248365,16,46.7,93.69
16262,2024,3,0.034206,0.100674,0.182884,0.538254,3,42.42,58.29
16262,2024,4,0.038193,0.044254,0.273251,0.316614,16,52.43,92.9
16262,2026,1,0.046685,0.106591,0.301209,0.687725,3,55.66,66.18
16262,2026,2,0.062395,0.109199,0.460267,0.80553,2,68.86,75.59
16263,2022,3,0.021464,0.101703,0.05063,0.239895,5,18.17,45.94
16263,2022,4,0.028246,0.034139,0.215188,0.260086,9,38.01,90.96
16263,2023,1,0.019724,0.108635,0.050262,0.276831,4,16.74,42.61
16263,2023,2,0.028753,0.044404,0.128292,0.198122,7,25.69,80.47
16263,2023,3,0.014524,0.104283,0.024138,0.173308,6,10.57,37.32
16263,2023,4,0.02372,0.034523,0.111062,0.161645,10,30.35,82.89
16263,2024,1,0.026409,0.106229,0.052373,0.210669,5,17.91,49.86
16263,2024,2,0.036532,0.049509,0.149095,0.202058,7,29.7,85.9
16263,2024,3,0.027064,0.115675,0.058732,0.251027,5,20.28,48.37
16263,2024,4,0.03015,0.055689,0.107096,0.197813,7,24.3,73.58
16263,2025,1,0.022319,0.123975,0.115819,0.643331,3,34.41,42.43
16263,2025,2,0.033157,0.051951,0.193128,0.302594,14,44.12,79.89
16263,2025,3,0.038895,0.105948,0.094601,0.257688,4,21.85,60.59
16263,2025,4,0.04322,0.050491,0.228739,0.26722,13,38.91,92.52
16263,2026,1,0.025351,0.114033,0.063929,0.287566,4,19.38,47.15
16263,2026,2,0.028336,0.105441,0.119361,0.444154,3,32.41,51.84
16285,2026,1,0.092225,0.112883,0.206421,0.252659,5,39.3099,90.3877
16285,2026,2,0.097471,0.116243,0.21841,0.260474,5,40.8818,91.5702
16286,2024,1,0.091273,0.112222,0.203447,0.250141,5,39.2755,90.1847
16286,2024,2,0.093883,0.11343,0.212198,0.256381,5,40.2542,90.9762
16286,2024,3,0.091092,0.11166,0.207322,0.254133,5,40.0924,90.3217
16286,2024,4,0.090537,0.111456,0.204324,0.251533,5,39.6718,90.1284
16286,2025,1,0.091376,0.111936,0.205445,0.25167,5,39.5991,90.3506
16286,2025,2,0.090632,0.111391,0.204911,0.251846,5,39.7304,90.2017
16286,2025,3,0.098593,0.117875,0.223088,0.266718,5,40.9448,91.456
16286,2025,4,0.091272,0.112178,0.204863,0.251789,5,39.6997,90.2014
16286,2026,1,0.092225,0.112883,0.206421,0.252659,5,39.3099,90.3877
16286,2026,2,0.097471,0.116243,0.21841,0.260474,5,40.8818,91.5702
16370,2022,4,0.002892,0.125174,0.005183,0.224314,5,5.77,15.2
16370,2023,1,0.032146,0.106153,0.177855,0.587311,3,42.27,55.03
16370,2023,2,0.044523,0.050111,0.218608,0.246043,6,38.93,94.26
16370,2023,3,0.029038,0.112035,0.094799,0.365763,4,29.21,50.91
16370,2023,4,0.041107,0.047528,0.142388,0.164629,7,25.53,93.0
16370,2024,1,0.053968,0.108,0.118443,0.237025,6,27.49,70.69
16370,2024,2,0.066418,0.090264,0.189838,0.257995,7,33.52,85.78
16370,2024,3,0.06498,0.116605,0.237604,0.426377,3,41.24,74.65
16370,2024,4,0.05756,0.085249,0.215701,0.319467,4,40.65,82.17
16370,2025,1,0.050764,0.105735,0.114813,0.239138,4,23.71,69.29
16370,2025,2,0.074578,0.083742,0.295699,0.332033,4,47.35,94.37
16370,2025,3,0.070427,0.105099,0.198083,0.2956,4,33.87,81.86
16370,2025,4,0.065007,0.073118,0.382252,0.429951,14,53.06,94.29
16370,2026,1,0.049315,0.102895,0.24797,0.51738,3,48.63,69.23
16370,2026,2,0.054152,0.093729,0.326158,0.564529,3,56.52,76.01
16371,2022,4,0.002892,0.125174,0.005183,0.224314,5,5.77,15.2
16371,2023,1,0.032146,0.106153,0.177855,0.587311,3,42.27,55.03
16371,2023,2,0.044523,0.050111,0.218608,0.246043,6,38.93,94.26
16371,2023,3,0.029038,0.112035,0.094799,0.365763,4,29.21,50.91
16371,2023,4,0.041107,0.047528,0.142388,0.164629,7,25.53,93.0
16371,2024,1,0.05397,0.10733,0.119304,0.23726,6,27.49,70.9113
16371,2024,2,0.066418,0.090264,0.189838,0.257995,7,33.52,85.78
16371,2024,3,0.064981,0.116037,0.238318,0.425567,4,41.3371,74.8332
16371,2024,4,0.05756,0.085249,0.215701,0.319467,4,40.65,82.17
16371,2025,1,0.050764,0.105735,0.114813,0.239138,4,23.71,69.29
16371,2025,2,0.074578,0.083742,0.295699,0.332033,4,47.35,94.37
16371,2025,3,0.070427,0.105099,0.198083,0.2956,4,33.87,81.86
16371,2025,4,0.065007,0.073118,0.382252,0.429951,14,53.06,94.29
16371,2026,1,0.048397,0.110435,0.240727,0.5493,3,48.63,66.2
16371,2026,2,0.052553,0.106097,0.287755,0.580931,3,53.44,70.38
16461,2022,3,0.024462,0.106038,0.036865,0.159804,6,12.5,48.03
16461,2022,4,0.038599,0.045142,0.260701,0.304889,8,50.18,92.47
16461,2023,1,0.020386,0.108079,0.062703,0.332438,5,24.31,43.43
16461,2023,2,0.027954,0.035474,0.167146,0.212112,13,40.21,88.77
16461,2023,3,0.023784,0.108358,0.040403,0.184074,6,13.8,46.85
16461,2023,4,0.039671,0.050377,0.096179,0.122136,13,26.28,88.74
16461,2024,1,0.036922,0.111207,0.0628,0.189153,7,19.78,57.62
16461,2024,2,0.053151,0.06307,0.109284,0.129679,12,26.68,91.8
16461,2024,3,0.050437,0.116386,0.097386,0.224724,6,27.8,65.83
16461,2024,4,0.050368,0.069403,0.120801,0.166453,10,25.73,85.19
16461,2025,1,0.044285,0.116933,0.077974,0.205889,5,19.18,61.54
16461,2025,2,0.054435,0.061935,0.190873,0.217171,9,34.57,93.75
16461,2025,3,0.04395,0.108416,0.091688,0.226174,5,22.7,63.67
16461,2025,4,0.060015,0.071809,0.137335,0.164323,8,27.7,91.42
16461,2026,1,0.049599,0.109998,0.090165,0.19996,5,21.97,67.15
16461,2026,2,0.046826,0.113857,0.076747,0.186612,5,18.27,64.13
16500,2022,4,0.051794,0.070144,0.652158,0.883209,2,82.13,85.93
16500,2023,1,0.034099,0.103387,0.319181,0.967742,1,57.43,57.43
16500,2023,2,0.041669,0.057933,0.632554,0.879434,18,80.89,84.81
16500,2023,3,0.028682,0.10442,0.26582,0.967742,1,52.41,52.41
16500,2023,4,0.047227,0.054863,0.682204,0.792511,19,84.03,92.78
16500,2024,1,0.037736,0.111483,0.237706,0.702252,3,49.48,58.18
16500,2024,2,0.05283,0.061069,0.752024,0.869305,8,88.19,93.01
16500,2024,3,0.038893,0.106752,0.306969,0.842551,2,56.31,60.36
16500,2024,4,0.060864,0.074791,0.710991,0.873685,12,85.75,90.21
16500,2025,1,0.044864,0.103433,0.384569,0.886606,2,63.07,65.86
16500,2025,2,0.056172,0.063626,0.773717,0.876388,11,89.49,93.96
16500,2025,3,0.055202,0.097928,0.480148,0.851779,2,70.44,75.08
16500,2025,4,0.070675,0.080019,0.748383,0.84733,9,87.94,93.98
16500,2026,1,0.056724,0.102669,0.446493,0.80814,2,67.83,74.33
16500,2026,2,0.066428,0.10484,0.531804,0.839316,2,74.11,79.6
16501,2022,4,0.051794,0.070144,0.652158,0.883209,2,82.13,85.93
16501,2023,1,0.032619,0.11258,0.28039,0.967742,1,53.8272,53.8272
16501,2023,2,0.04167,0.057811,0.633957,0.879523,18,80.9797,84.8997
16501,2023,3,0.028683,0.103585,0.267973,0.967742,1,52.6218,52.6218
16501,2023,4,0.047227,0.054863,0.682204,0.792511,19,84.03,92.78
16501,2024,1,0.037738,0.110507,0.240165,0.703274,3,49.7376,58.4376
16501,2024,2,0.052831,0.06087,0.754622,0.869458,8,88.3424,93.1624
16501,2024,3,0.038894,0.106279,0.308437,0.84281,2,56.4448,60.4948
16501,2024,4,0.060864,0.074791,0.710991,0.873685,12,85.75,90.21
16501,2025,1,0.044864,0.103433,0.384569,0.886606,2,63.07,65.86
16501,2025,2,0.056172,0.063626,0.773717,0.876388,11,89.49,93.96
16501,2025,3,0.055202,0.097928,0.480148,0.851779,2,70.44,75.08
16501,2025,4,0.070675,0.080019,0.748383,0.84733,9,87.94,93.98
16501,2026,1,0.056724,0.102669,0.446493,0.80814,2,67.83,74.33
16501,2026,2,0.066428,0.10484,0.531804,0.839316,2,74.11,79.6
16579,2022,3,0.033098,0.103024,0.173712,0.540716,3,41.41,56.68
16579,2022,4,0.055541,0.067086,0.221691,0.26777,7,45.34,90.99
16579,2023,1,0.026306,0.103683,0.061751,0.24339,5,21.96,50.37
16579,2023,2,0.041252,0.048685,0.108648,0.128225,8,22.48,92.05
16579,2023,3,0.039446,0.105043,0.0966,0.257239,5,27.84,61.28
16579,2023,4,0.0342,0.054632,0.186849,0.298482,4,32.54,79.12
16579,2024,1,0.022173,0.111718,0.027445,0.138285,7,11.05,44.55
16579,2024,2,0.022856,0.057005,0.0344,0.085797,11,11.33,63.32
16579,2024,3,0.025455,0.114745,0.037271,0.168006,7,16.07,47.1
16579,2024,4,0.042735,0.064718,0.122041,0.184821,7,28.85,81.26
16579,2025,1,0.028153,0.106851,0.091381,0.346829,4,28.37,51.33
16579,2025,2,0.024681,0.030998,0.185268,0.23269,8,35.62,89.23
16579,2025,3,0.056769,0.110705,0.258232,0.503574,2,45.39,71.61
16579,2025,4,0.058832,0.067411,0.397602,0.455585,5,57.22,93.42
16579,2026,1,0.045029,0.111848,0.167605,0.416317,3,36.04,63.45
16579,2026,2,0.053387,0.111261,0.231365,0.482177,2,40.52,69.27
16713,2023,1,0.079004,0.158621,0.137316,0.275697,5,34.5188,70.574
16713,2023,2,0.073841,0.149797,0.128697,0.261078,5,32.7571,70.21
16713,2023,3,0.076068,0.155791,0.132124,0.270597,5,33.4443,69.876
16713,2023,4,0.084462,0.158418,0.147014,0.275742,5,35.8018,73.0175
16713,2024,1,0.075706,0.152183,0.130743,0.262815,5,33.1096,70.5316
16713,2024,2,0.073951,0.153289,0.122817,0.25458,5,31.5459,69.4571
16713,2024,3,0.085291,0.166311,0.134089,0.261463,5,32.6553,71.613
16713,2024,4,0.095009,0.169229,0.150057,0.267279,5,34.5021,74.9282
16713,2025,1,0.089209,0.172186,0.139403,0.269067,5,33.1684,71.9789
16713,2025,2,0.099313,0.175215,0.156105,0.275412,5,35.3514,75.2866
16713,2025,3,0.09502,0.173686,0.146304,0.267426,5,34.0186,73.965
16713,2025,4,0.08817,0.163547,0.142011,0.263414,5,33.8295,73.4245
16713,2026,1,0.089954,0.17508,0.146358,0.28486,5,34.5888,71.6791
16714,2026,1,0.089954,0.17508,0.146358,0.28486,5,34.5888,71.6791
16721,2025,1,0.050549,0.106946,0.398034,0.842122,2,64.12,68.75
16721,2025,2,0.060031,0.071406,0.614945,0.731463,2,79.14,91.69
16721,2025,3,0.052248,0.104026,0.385572,0.76768,2,62.88,70.87
16721,2025,4,0.06115,0.0717,0.693289,0.812907,2,84.54,92.35
16721,2026,1,0.059886,0.102063,0.471642,0.803813,2,69.7,76.6
16721,2026,2,0.02682,0.104091,0.249346,0.967742,1,50.76,50.76
16772,2023,1,0.009526,0.103083,0.011488,0.124311,7,5.84,30.4
16772,2023,2,0.023348,0.026295,0.035246,0.039695,19,13.86,94.23
16772,2023,3,0.010616,0.101257,0.009263,0.088349,9,6.38,32.38
16772,2023,4,0.019937,0.022635,0.030593,0.034734,21,14.44,93.85
16772,2024,1,0.010427,0.103698,0.009158,0.091081,9,6.56,31.71
16772,2024,2,0.019566,0.022433,0.029357,0.033659,22,15.24,93.39
16772,2024,3,0.008397,0.104477,0.005804,0.072219,10,3.82,28.35
16772,2024,4,0.018818,0.021526,0.028539,0.032644,22,12.77,93.5
16772,2025,1,0.009414,0.113337,0.032332,0.389264,3,15.05,28.82
16772,2025,2,0.020005,0.051758,0.130369,0.337298,7,34.85,62.17
16772,2025,3,0.059751,0.112432,0.268617,0.505451,2,46.46,72.9
16772,2025,4,0.047269,0.055364,0.239047,0.279988,6,38.53,92.4
16772,2026,1,0.008494,0.102764,0.022694,0.274558,4,12.08,28.75
16772,2026,2,0.009926,0.111997,0.020547,0.231845,4,10.4,29.77
16773,2023,1,0.009526,0.103083,0.011488,0.124311,7,5.84,30.4
16773,2023,2,0.023348,0.026295,0.035246,0.039695,19,13.86,94.23
16773,2023,3,0.010616,0.101257,0.009263,0.088349,9,6.38,32.38
16773,2023,4,0.019937,0.022635,0.030593,0.034734,21,14.44,93.85
16773,2024,1,0.010427,0.103698,0.009158,0.091081,9,6.56,31.71
16773,2024,2,0.019566,0.022433,0.029357,0.033659,22,15.24,93.39
16773,2024,3,0.008397,0.104477,0.005804,0.072219,10,3.82,28.35
16773,2024,4,0.018818,0.021526,0.028539,0.032644,22,12.77,93.5
16773,2025,1,0.009414,0.113337,0.032332,0.389264,3,15.05,28.82
16773,2025,2,0.020005,0.051758,0.130369,0.337298,7,34.85,62.17
16773,2025,3,0.059751,0.112432,0.268617,0.505451,2,46.46,72.9
16773,2025,4,0.047269,0.055364,0.239047,0.279988,6,38.53,92.4
16773,2026,1,0.008494,0.102764,0.022694,0.274558,4,12.08,28.75
16773,2026,2,0.009926,0.111997,0.020547,0.231845,4,10.4,29.77
16780,2022,4,0.020011,0.103316,0.032074,0.165596,6,12.11,44.01
16780,2023,1,0.021033,0.104283,0.0693,0.343594,4,23.61,44.91
16780,2023,2,0.032495,0.04162,0.114235,0.146315,19,24.64,88.36
16780,2023,3,0.025591,0.105163,0.052249,0.214711,5,15.5,49.33
16780,2023,4,0.036378,0.043403,0.130228,0.155378,18,22.37,91.55
16780,2024,1,0.032334,0.118437,0.063865,0.233931,5,19.48,52.25
16780,2024,2,0.045841,0.054669,0.187959,0.224159,16,31.5,91.57
16780,2024,3,0.043664,0.115632,0.117767,0.311875,4,29.55,61.45
16780,2024,4,0.033939,0.040194,0.251807,0.298216,7,44.53,91.89
16780,2025,1,0.017096,0.10392,0.069739,0.423919,4,25.71,40.56
16780,2025,2,0.031906,0.03591,0.389756,0.43867,13,63.8,94.26
16780,2025,3,0.031802,0.108296,0.09136,0.311114,4,26.99,54.19
16780,2025,4,0.052485,0.058388,0.24914,0.277163,16,46.35,94.81
16780,2026,1,0.042439,0.114767,0.10094,0.272968,5,25.65,60.81
16780,2026,2,0.038067,0.109023,0.103464,0.29632,5,28.5,59.09
17102,2023,2,0.031103,0.046133,0.163469,0.242462,6,32.48,82.11
17102,2023,3,0.043074,0.102077,0.14651,0.347197,3,31.69,64.96
17102,2023,4,0.046799,0.052886,0.284255,0.321223,4,38.73,94.07
17102,2024,1,0.054164,0.102509,0.152367,0.288363,4,30.61,72.69
17102,2024,2,0.05512,0.063963,0.384173,0.445811,5,59.17,92.83
17102,2024,3,0.039641,0.105391,0.152292,0.404885,3,29.21,61.33
17102,2024,4,0.037859,0.046584,0.296691,0.365067,10,50.45,90.15
17102,2025,1,0.018928,0.059821,0.079139,0.250118,7,25.78,56.25
17102,2025,2,0.029725,0.03499,0.293164,0.345089,12,53.09,92.17
17102,2025,3,0.039723,0.086464,0.176035,0.383173,5,38.25,67.78
17102,2025,4,0.047034,0.05387,0.369333,0.423012,11,55.05,93.44
17102,2026,1,0.038788,0.089153,0.157226,0.36138,4,29.04,65.96
17102,2026,2,0.034078,0.105145,0.112265,0.346387,3,25.02,56.93
17103,2023,2,0.031103,0.046133,0.163469,0.242462,6,32.48,82.11
17103,2023,3,0.043074,0.102077,0.14651,0.347197,3,31.69,64.96
17103,2023,4,0.046799,0.052886,0.284255,0.321223,4,38.73,94.07
17103,2024,1,0.054164,0.102509,0.152367,0.288363,4,30.61,72.69
17103,2024,2,0.05512,0.063963,0.384173,0.445811,5,59.17,92.83
17103,2024,3,0.039641,0.105391,0.152292,0.404885,3,29.21,61.33
17103,2024,4,0.037859,0.046584,0.296691,0.365067,10,50.45,90.15
17103,2025,1,0.01582,0.105412,0.040084,0.267088,4,16.68,38.74
17103,2025,2,0.029725,0.03499,0.293164,0.345089,12,53.09,92.17
17103,2025,3,0.037631,0.107701,0.155981,0.446427,3,35.3,59.11
17103,2025,4,0.047034,0.05387,0.369333,0.423012,11,55.05,93.44
17103,2026,1,0.036471,0.112926,0.117873,0.364971,3,25.85,56.83
17103,2026,2,0.033701,0.11145,0.104518,0.345641,3,25.02,54.99
17234,2025,1,0.008615,0.141441,0.010642,0.174708,7,8.63,24.68
17234,2025,2,0.053656,0.128653,0.108048,0.259071,5,23.7,64.58
17234,2025,3,0.035281,0.114664,0.087188,0.283361,6,28.76,55.47
17234,2025,4,0.036349,0.043264,0.148448,0.176692,12,29.78,91.66
17234,2026,1,0.026116,0.103966,0.038685,0.154002,6,12.97,50.12
17234,2026,2,0.013594,0.113814,0.050798,0.425308,5,22.29,34.56
17612,2023,1,0.020164,0.116292,0.141584,0.816567,2,38.21,41.64
17612,2023,2,0.027733,0.033764,0.434177,0.528595,19,65.6,90.63
17612,2023,3,0.024425,0.107572,0.07283,0.320764,3,21.18,47.65
17612,2023,4,0.028439,0.033534,0.278249,0.328102,12,49.78,92.09
17612,2024,1,0.038737,0.120321,0.091825,0.285223,4,22.66,56.74
17612,2024,2,0.058758,0.072509,0.360254,0.444561,5,52.07,90.02
17612,2024,3,0.048894,0.11393,0.159759,0.372263,3,33.34,65.51
17612,2024,4,0.037601,0.045129,0.248159,0.297837,8,42.82,91.28
17612,2025,1,0.02107,0.101465,0.030227,0.145557,7,13.28,45.57
17612,2025,2,0.031367,0.036651,0.114876,0.134231,13,23.95,92.51
17612,2025,3,0.050555,0.114251,0.179233,0.405054,3,33.45,66.52
17612,2025,4,0.057373,0.071801,0.25935,0.32457,7,38.29,89.39
17612,2026,1,0.046323,0.115939,0.141741,0.354752,5,35.39,63.21
17612,2026,2,0.050506,0.117758,0.148593,0.346457,4,32.47,65.49
17732,2023,1,0.022698,0.109543,0.052773,0.254686,5,19.87,45.52
17732,2023,2,0.035336,0.046589,0.101788,0.134202,20,24.9,87.09
17732,2023,3,0.021432,0.117268,0.03175,0.173729,6,14.09,42.75
17732,2023,4,0.032667,0.041888,0.092411,0.118496,23,22.6,88.31
17732,2024,1,0.02505,0.109774,0.069225,0.303354,4,22.95,47.77
17732,2024,2,0.043327,0.053182,0.123774,0.151928,13,25.13,90.26
17732,2024,3,0.044081,0.112594,0.090566,0.231331,5,24.5,62.57
17732,2024,4,0.049082,0.057117,0.064327,0.074858,16,19.35,92.7
17732,2025,1,0.042506,0.108572,0.048497,0.123874,7,13.13,62.57
17732,2025,2,0.044862,0.073136,0.071457,0.116492,15,18.7,78.32
17732,2025,3,0.028694,0.101614,0.076161,0.269706,5,25.4,53.14
17732,2025,4,0.051212,0.06389,0.190352,0.237476,9,41.3,89.53
17732,2026,1,0.046793,0.106483,0.099092,0.225498,7,30.02,66.29
17732,2026,2,0.032834,0.104438,0.153012,0.486703,4,39.17,56.07
17811,2023,1,0.065364,0.105641,0.382809,0.618691,2,60.94,78.66
17811,2023,2,0.076064,0.084405,0.566385,0.628499,16,74.7,94.93
17811,2023,3,0.077597,0.100912,0.501343,0.651981,2,70.46,87.69
17811,2023,4,0.07945,0.088145,0.543969,0.603497,9,72.64,94.94
17811,2024,1,0.071083,0.102811,0.431645,0.624313,2,64.84,83.15
17811,2024,2,0.075263,0.083941,0.564768,0.629886,4,74.41,94.69
17811,2024,3,0.071399,0.10102,0.468244,0.662507,2,68.27,84.07
17811,2024,4,0.079203,0.087135,0.541791,0.596048,4,71.9,95.34
17811,2025,1,0.078816,0.100086,0.507623,0.644618,2,70.76,88.74
17811,2025,2,0.082159,0.091246,0.57581,0.639497,9,75.27,94.89
17811,2025,3,0.075925,0.100311,0.608789,0.804319,2,79.19,87.0
17811,2025,4,0.076495,0.085768,0.638952,0.716401,12,80.62,94.44
17811,2026,1,0.07493,0.101076,0.580401,0.782929,2,77.23,86.1
17811,2026,2,0.070578,0.1013,0.544281,0.781201,2,74.78,83.47
17866,2024,1,0.105685,0.105685,0.280112,0.280112,4,43.4916,100.0
17866,2024,2,0.111129,0.111129,0.272753,0.272753,4,40.1087,100.0
17866,2024,3,0.112133,0.112133,0.26975,0.26975,4,39.9921,100.0
17866,2024,4,0.10885,0.10885,0.28391,0.28391,4,43.6319,100.0
17866,2025,1,0.105255,0.105255,0.286141,0.286141,4,44.9129,100.0
17866,2025,2,0.103806,0.103806,0.284144,0.284144,4,44.7075,100.0
17866,2025,3,0.100958,0.100958,0.293752,0.293752,4,47.1879,100.0
17866,2025,4,0.135211,0.135211,0.270689,0.270689,4,35.5671,100.0
17866,2026,1,0.138795,0.138795,0.269496,0.269496,4,34.5095,100.0
17867,2024,1,0.105685,0.105685,0.280112,0.280112,4,43.4916,100.0
17867,2024,2,0.111129,0.111129,0.272753,0.272753,4,40.1087,100.0
17867,2024,3,0.112133,0.112133,0.26975,0.26975,4,39.9921,100.0
17867,2024,4,0.10885,0.10885,0.28391,0.28391,4,43.6319,100.0
17867,2025,1,0.105255,0.105255,0.286141,0.286141,4,44.9129,100.0
17867,2025,2,0.103806,0.103806,0.284144,0.284144,4,44.7075,100.0
17867,2025,3,0.100958,0.100958,0.293752,0.293752,4,47.1879,100.0
17867,2025,4,0.135211,0.135211,0.270689,0.270689,4,35.5671,100.0
17867,2026,1,0.138795,0.138795,0.269496,0.269496,4,34.5095,100.0
17876,2023,2,0.052043,0.069027,0.123625,0.163971,11,27.15,86.83
17876,2023,3,0.061453,0.108381,0.122431,0.215925,6,29.93,75.3
17876,2023,4,0.056374,0.075014,0.174157,0.231741,13,33.42,86.69
17876,2024,1,0.028507,0.161681,0.094006,0.533169,3,30.47,41.99
17876,2024,2,0.026334,0.076348,0.101453,0.294135,18,31.57,58.73
17876,2024,3,0.033918,0.157136,0.139504,0.646291,3,37.75,46.46
17876,2024,4,0.036816,0.065521,0.192436,0.342474,18,43.25,74.96
17876,2025,1,0.029702,0.141412,0.116782,0.556003,3,33.67,45.83
17876,2025,2,0.037231,0.063436,0.182623,0.311161,17,42.38,76.61
17876,2025,3,0.053106,0.145809,0.352463,0.967742,1,60.35,60.35
17876,2025,4,0.04049,0.059562,0.244159,0.359163,17,48.99,82.45
17876,2026,1,0.032182,0.133601,0.13778,0.571976,3,37.09,49.08
17876,2026,2,0.031589,0.121689,0.077459,0.29839,5,23.68,50.95
17927,2023,1,0.013043,0.101599,0.038877,0.302834,4,14.32,35.83
17927,2023,2,0.017414,0.022304,0.194361,0.248942,12,35.8,88.36
17927,2023,3,0.017706,0.10497,0.065748,0.389794,3,22.78,41.07
17927,2023,4,0.02172,0.026862,0.282303,0.349143,11,52.53,89.92
17927,2024,1,0.014731,0.110999,0.108925,0.820745,2,33.52,36.43
17927,2024,2,0.028035,0.033355,0.440524,0.524108,12,67.87,91.68
17927,2024,3,0.020111,0.115708,0.101499,0.583982,4,32.27,41.69
17927,2024,4,0.031875,0.038239,0.429227,0.514926,11,66.94,91.3
17927,2025,1,0.014956,0.113249,0.08521,0.64524,3,29.47,36.34
17927,2025,2,0.023982,0.027746,0.147953,0.171174,15,36.43,92.97
17927,2025,3,0.029375,0.107063,0.226723,0.826352,2,48.37,52.38
17927,2025,4,0.026343,0.038508,0.295369,0.431766,9,55.03,82.71
17927,2026,1,0.032802,0.105728,0.223604,0.720723,2,47.66,55.7
17927,2026,2,0.033893,0.10731,0.305655,0.967742,1,56.2,56.2
18291,2023,2,0.009656,0.040696,0.039711,0.167369,12,18.75,48.71
18291,2023,3,0.004441,0.100135,0.009274,0.209091,6,8.43,21.06
18291,2023,4,0.013469,0.027192,0.042988,0.086786,14,13.21,70.38
18291,2024,1,0.007804,0.108572,0.023697,0.329689,5,14.87,26.81
18291,2024,2,0.011086,0.026754,0.027654,0.066741,16,9.84,64.37
18291,2024,3,0.012622,0.105064,0.018581,0.154669,8,12.38,34.66
18291,2024,4,0.01689,0.024394,0.093126,0.134499,15,25.45,83.21
18291,2025,1,0.008742,0.106284,0.019769,0.240339,5,11.46,28.68
18291,2025,2,0.017297,0.020873,0.101581,0.122586,12,26.41,91.03
18291,2025,3,0.041286,0.109371,0.147589,0.390978,3,30.59,61.44
18291,2025,4,0.059533,0.067938,0.354154,0.404155,7,52.14,93.61
18291,2026,1,0.03836,0.102719,0.247522,0.662812,2,49.64,61.11
18291,2026,2,0.04615,0.112075,0.226693,0.550521,2,45.14,64.17
18325,2023,3,0.011183,0.101762,0.030648,0.278888,4,14.19,33.15
18325,2023,4,0.037694,0.044944,0.154648,0.184392,8,30.68,91.58
18325,2024,1,0.028677,0.10083,0.061916,0.217701,5,20.16,53.33
18325,2024,2,0.027394,0.048804,0.108654,0.193575,8,25.98,74.92
18325,2024,3,0.022675,0.102476,0.05786,0.261481,4,18.45,47.04
18325,2024,4,0.02987,0.047024,0.373892,0.588613,4,61.75,79.7
18325,2025,1,0.020528,0.101416,0.162719,0.803909,2,40.94,44.99
18325,2025,2,0.033457,0.043135,0.536183,0.691285,3,73.68,88.07
18325,2025,3,0.028942,0.09585,0.29221,0.967742,1,54.95,54.95
18325,2025,4,0.028001,0.043884,0.440263,0.689979,4,67.35,79.88
18325,2026,1,0.026551,0.092761,0.228318,0.797687,2,48.48,53.5
18325,2026,2,0.035278,0.103227,0.261014,0.763742,2,51.72,58.46
18326,2023,3,0.011183,0.101762,0.030648,0.278888,4,14.19,33.15
18326,2023,4,0.037694,0.044944,0.154648,0.184392,8,30.68,91.58
18326,2024,1,0.028677,0.10083,0.061916,0.217701,5,20.16,53.33
18326,2024,2,0.027394,0.048804,0.108654,0.193575,8,25.98,74.92
18326,2024,3,0.022675,0.102476,0.05786,0.261481,4,18.45,47.04
18326,2024,4,0.02987,0.047024,0.373892,0.588613,4,61.75,79.7
18326,2025,1,0.020528,0.101416,0.162719,0.803909,2,40.94,44.99
18326,2025,2,0.033457,0.043135,0.536183,0.691285,3,73.68,88.07
18326,2025,3,0.028018,0.103975,0.260772,0.967742,1,51.91,51.91
18326,2025,4,0.028001,0.043884,0.440263,0.689979,4,67.35,79.88
18326,2026,1,0.025633,0.100629,0.200873,0.788598,2,45.45,50.47
18326,2026,2,0.035278,0.103227,0.261014,0.763742,2,51.72,58.46
18358,2023,3,0.003545,0.101709,0.012577,0.360828,4,10.68,18.67
18358,2023,4,0.015097,0.022696,0.135222,0.203279,10,30.94,81.56
18358,2024,1,0.010607,0.118247,0.018065,0.201398,5,8.9,29.95
18358,2024,2,0.0295,0.036713,0.296551,0.369059,8,54.42,89.64
18358,2024,3,0.02162,0.111977,0.04895,0.253534,5,17.48,43.94
18358,2024,4,0.026059,0.0323,0.305853,0.379111,8,48.63,89.82
18358,2025,1,0.023673,0.102364,0.077542,0.335296,4,25.88,48.09
18358,2025,2,0.024953,0.035013,0.088942,0.124801,11,20.43,84.42
18358,2025,3,0.028184,0.108358,0.118568,0.455855,3,33.37,51.0
18358,2025,4,0.032776,0.043046,0.173264,0.227551,8,35.88,87.26
18358,2026,1,0.02097,0.113782,0.065057,0.352996,4,22.65,42.93
18358,2026,2,0.017048,0.100876,0.082785,0.48984,3,27.92,41.11
18359,2023,3,0.003545,0.101709,0.012577,0.360828,4,10.68,18.67
18359,2023,4,0.015097,0.022696,0.135222,0.203279,10,30.94,81.56
18359,2024,1,0.010607,0.118247,0.018065,0.201398,5,8.9,29.95
18359,2024,2,0.0295,0.036713,0.296551,0.369059,8,54.42,89.64
18359,2024,3,0.02162,0.111977,0.04895,0.253534,5,17.48,43.94
18359,2024,4,0.026059,0.0323,0.305853,0.379111,8,48.63,89.82
18359,2025,1,0.023673,0.102364,0.077542,0.335296,4,25.88,48.09
18359,2025,2,0.024953,0.035013,0.088942,0.124801,11,20.43,84.42
18359,2025,3,0.028184,0.108358,0.118568,0.455855,3,33.37,51.0
18359,2025,4,0.032776,0.043046,0.173264,0.227551,8,35.88,87.26
18359,2026,1,0.02097,0.113782,0.065057,0.352996,4,22.65,42.93
18359,2026,2,0.017048,0.100876,0.082785,0.48984,3,27.92,41.11
18956,2023,3,0.066771,0.103012,0.273466,0.421895,3,48.14,80.51
18956,2023,4,0.062115,0.07945,0.476017,0.608866,3,69.34,88.42
18956,2024,1,0.060677,0.095668,0.48193,0.759839,3,70.59,79.64
18956,2024,2,0.068895,0.082506,0.323293,0.387163,7,51.74,91.38
18956,2024,3,0.062781,0.098612,0.220504,0.346354,3,38.54,79.79
18956,2024,4,0.067791,0.084612,0.274386,0.342468,13,40.93,89.51
18956,2025,1,0.064743,0.098923,0.22939,0.350492,3,41.49,80.9
18956,2025,2,0.073417,0.089798,0.367154,0.449075,11,57.45,90.42
18956,2025,3,0.069152,0.080299,0.315577,0.366445,3,46.74,92.8
18956,2025,4,0.066342,0.079205,0.33517,0.400159,12,47.93,91.52
18956,2026,1,0.06186,0.084265,0.240878,0.328124,4,42.33,85.68
18956,2026,2,0.050973,0.102324,0.264759,0.531481,2,47.89,70.58
18957,2023,3,0.066771,0.103012,0.273466,0.421895,3,48.14,80.51
18957,2023,4,0.062115,0.07945,0.476017,0.608866,3,69.34,88.42
18957,2024,1,0.05813,0.109954,0.392301,0.742046,3,63.66,72.71
18957,2024,2,0.068895,0.082506,0.323293,0.387163,7,51.74,91.38
18957,2024,3,0.061838,0.105061,0.199333,0.338659,3,35.47,76.72
18957,2024,4,0.067791,0.084612,0.274386,0.342468,13,40.93,89.51
18957,2025,1,0.063497,0.106074,0.203147,0.339363,3,37.96,77.37
18957,2025,2,0.073417,0.089798,0.367154,0.449075,11,57.45,90.42
18957,2025,3,0.063688,0.106723,0.222949,0.373602,3,38.69,77.25
18957,2025,4,0.066342,0.079205,0.33517,0.400159,12,47.93,91.52
18957,2026,1,0.058281,0.109066,0.194794,0.364536,3,39.4,73.1
18957,2026,2,0.050297,0.108838,0.241695,0.523004,2,45.29,67.98
19018,2024,1,0.015496,0.107878,0.067718,0.471441,2,20.58,37.9
19018,2024,2,0.037678,0.045922,0.354992,0.432668,22,57.93,90.58
19018,2024,3,0.02204,0.131178,0.049302,0.29343,5,16.87,40.99
19018,2024,4,0.021283,0.027546,0.283053,0.366345,13,51.14,87.9
19018,2025,1,0.009496,0.103291,0.06526,0.709888,2,25.71,30.32
19018,2025,2,0.028822,0.032962,0.230088,0.263135,15,42.49,93.51
19018,2025,3,0.025964,0.112785,0.097341,0.422837,4,29.8,47.98
19018,2025,4,0.030531,0.040975,0.203967,0.273739,13,37.73,86.32
19018,2026,1,0.028673,0.121895,0.090613,0.385217,4,28.62,48.5
19018,2026,2,0.019835,0.104869,0.087282,0.461471,3,27.99,43.49
19032,2025,1,0.030872,0.112179,0.158648,0.576473,3,39.93,52.46
19032,2025,2,0.038756,0.046515,0.139451,0.167367,15,33.78,91.28
19032,2025,3,0.04866,0.11592,0.096221,0.229222,6,23.23,64.79
19032,2025,4,0.036666,0.04654,0.097032,0.123163,15,18.67,88.76
19032,2026,1,0.029227,0.111972,0.069307,0.265524,4,20.28,51.09
19032,2026,2,0.027729,0.113033,0.102374,0.417306,5,31.94,49.53
19034,2024,1,0.026094,0.125653,0.055696,0.268203,7,22.91,45.57
19034,2024,2,0.031627,0.057554,0.151068,0.274906,19,38.09,74.13
19034,2024,3,0.022987,0.123118,0.057982,0.310545,5,22.53,43.21
19034,2024,4,0.028467,0.047249,0.148916,0.247169,15,38.68,77.62
19034,2025,1,0.023714,0.129877,0.04916,0.269244,5,20.15,42.73
19034,2025,2,0.02724,0.051005,0.070068,0.131196,16,16.48,73.08
19034,2025,3,0.04122,0.130787,0.087374,0.277228,4,22.62,56.14
19034,2025,4,0.028766,0.057992,0.084973,0.171304,15,22.68,70.43
19034,2026,1,0.016771,0.133148,0.047222,0.374917,4,20.65,35.49
19034,2026,2,0.028205,0.114462,0.123137,0.49972,4,35.19,49.64
19117,2026,1,0.107397,0.107397,0.116268,0.116268,8,23.6961,100.0
19426,2024,4,0.026722,0.061344,0.187674,0.430841,5,43.05,66.0
19426,2025,1,0.028751,0.101015,0.047596,0.167225,6,15.9,53.35
19426,2025,2,0.03002,0.0382,0.158191,0.201292,6,32.96,88.65
19426,2025,3,0.032174,0.114151,0.060641,0.21515,5,16.81,53.09
19426,2025,4,0.045592,0.067607,0.361735,0.536405,4,60.65,82.12
19426,2026,1,0.03411,0.121981,0.168436,0.602355,3,41.32,52.88
19426,2026,2,0.027351,0.10888,0.243098,0.967742,1,50.12,50.12
19427,2024,4,0.026722,0.061344,0.187674,0.430841,5,43.05,66.0
19427,2025,1,0.028751,0.101015,0.047596,0.167225,6,15.9,53.35
19427,2025,2,0.03002,0.0382,0.158191,0.201292,6,32.96,88.65
19427,2025,3,0.032174,0.114151,0.060641,0.21515,5,16.81,53.09
19427,2025,4,0.045592,0.067607,0.361735,0.536405,4,60.65,82.12
19427,2026,1,0.03411,0.121981,0.168436,0.602355,3,41.32,52.88
19427,2026,2,0.027351,0.10888,0.243098,0.967742,1,50.12,50.12
19571,2023,3,0.062017,0.101233,0.46781,0.763623,2,69.24,78.27
19571,2023,4,0.077876,0.088474,0.521873,0.59289,20,73.15,93.82
19571,2024,1,0.087243,0.101109,0.441525,0.511702,4,66.77,92.89
19571,2024,2,0.074483,0.085914,0.450678,0.519845,9,67.6,93.11
19571,2024,3,0.062421,0.101141,0.327908,0.531312,4,57.71,78.56
19571,2024,4,0.063941,0.074521,0.407718,0.475178,15,64.06,92.63
19571,2025,1,0.062072,0.100524,0.316396,0.512398,3,55.38,78.58
19571,2025,2,0.070617,0.078826,0.363788,0.406076,17,57.72,94.65
19571,2025,3,0.05275,0.102925,0.338103,0.659697,3,58.86,71.59
19571,2025,4,0.052343,0.067807,0.357772,0.463472,15,59.51,87.86
19571,2026,1,0.038036,0.110538,0.225351,0.654902,3,47.95,58.66
19571,2026,2,0.042552,0.10745,0.269903,0.681543,3,52.67,62.93
19829,2024,2,0.011199,0.046835,0.03527,0.147497,9,13.59,48.9
19829,2024,3,0.021013,0.109383,0.063016,0.328027,5,24.19,43.83
19829,2024,4,0.038181,0.051998,0.235547,0.320787,4,35.56,85.69
19829,2025,1,0.019153,0.13915,0.048773,0.354349,3,18.42,37.1
19829,2025,2,0.043491,0.068761,0.195492,0.309077,4,36.73,79.53
19829,2025,3,0.033693,0.131908,0.080574,0.315446,4,23.95,50.54
19829,2025,4,0.061646,0.078036,0.307208,0.388888,6,47.0,88.88
19829,2026,1,0.046712,0.130845,0.187288,0.524607,2,39.95,59.75
19829,2026,2,0.040288,0.119802,0.122168,0.363288,4,31.46,57.99
19830,2024,2,0.011199,0.046835,0.03527,0.147497,9,13.59,48.9
19830,2024,3,0.021013,0.109383,0.063016,0.328027,5,24.19,43.83
19830,2024,4,0.038181,0.051998,0.235547,0.320787,4,35.56,85.69
19830,2025,1,0.019153,0.13915,0.048773,0.354349,3,18.42,37.1
19830,2025,2,0.043491,0.068761,0.195492,0.309077,4,36.73,79.53
19830,2025,3,0.033693,0.131908,0.080574,0.315446,4,23.95,50.54
19830,2025,4,0.061646,0.078036,0.307208,0.388888,6,47.0,88.88
19830,2026,1,0.046712,0.130845,0.187288,0.524607,2,39.95,59.75
19830,2026,2,0.040288,0.119802,0.122168,0.363288,4,31.46,57.99
19925,2024,1,0.033842,0.108767,0.124855,0.401283,3,32.65,55.78
19925,2024,2,0.047659,0.060168,0.250053,0.315684,10,48.91,89.0
19925,2024,3,0.060991,0.103838,0.18788,0.319868,4,39.88,76.64
19925,2024,4,0.056372,0.069103,0.21158,0.259362,15,41.13,90.32
19925,2025,1,0.025814,0.104213,0.116723,0.471218,2,26.96,49.77
19925,2025,2,0.028586,0.036448,0.233223,0.29737,12,43.47,88.56
19925,2025,3,0.019107,0.11311,0.12951,0.766689,2,36.44,41.1
19925,2025,4,0.035198,0.049778,0.521596,0.737642,9,73.52,84.09
19925,2026,1,0.032509,0.099012,0.279776,0.852121,2,53.77,57.3
19925,2026,2,0.030361,0.115187,0.155385,0.589519,3,39.56,51.34
19951,2023,4,0.106483,0.106483,0.25929,0.25929,5,36.7383,100.0
19951,2024,1,0.10776,0.10776,0.262337,0.262337,5,37.9257,100.0
19951,2024,2,0.107655,0.107655,0.267231,0.267231,5,37.4572,100.0
19951,2024,3,0.112196,0.112196,0.271787,0.271787,5,38.8201,100.0
19951,2024,4,0.111054,0.111054,0.26479,0.26479,5,37.0763,100.0
19951,2025,1,0.105146,0.105146,0.262937,0.262937,5,38.2115,100.0
19951,2025,2,0.105131,0.105131,0.25845,0.25845,5,38.5264,100.0
19951,2025,3,0.102969,0.102969,0.253024,0.253024,5,37.6441,100.0
19951,2025,4,0.105409,0.105409,0.252787,0.252787,5,37.2056,100.0
19951,2026,1,0.115908,0.115908,0.275631,0.275631,5,38.6099,100.0
19969,2024,3,0.117901,0.131057,0.17333,0.19267,6,33.7834,94.8483
19969,2024,4,0.100518,0.115797,0.144977,0.167014,6,24.8176,93.1694
19969,2025,1,0.093101,0.112328,0.130041,0.156897,6,23.0079,91.0402
19969,2025,2,0.095234,0.113196,0.135945,0.161585,6,24.0433,91.7235
19969,2025,3,0.102226,0.116493,0.145027,0.165268,6,26.423,93.6764
19969,2025,4,0.097917,0.114804,0.13779,0.161553,6,24.8884,92.3528
19969,2026,1,0.102624,0.118071,0.145481,0.167379,6,26.2432,93.2295
19969,2026,2,0.111133,0.125064,0.156779,0.176432,6,29.5705,94.2662
19970,2024,3,0.117901,0.131057,0.17333,0.19267,6,33.7834,94.8483
19970,2024,4,0.100518,0.115797,0.144977,0.167014,6,24.8176,93.1694
19970,2025,1,0.093101,0.112328,0.130041,0.156897,6,23.0079,91.0402
19970,2025,2,0.095234,0.113196,0.135945,0.161585,6,24.0433,91.7235
19970,2025,3,0.102226,0.116493,0.145027,0.165268,6,26.423,93.6764
19970,2025,4,0.097917,0.114804,0.13779,0.161553,6,24.8884,92.3528
19970,2026,1,0.102624,0.118071,0.145481,0.167379,6,26.2432,93.2295
19970,2026,2,0.111133,0.125064,0.156779,0.176432,6,29.5705,94.2662
20018,2018,2,0.00088,0.181559,0.000728,0.150354,9,2.09,6.96
20018,2019,2,0.054508,0.064302,0.046706,0.055098,20,16.04,92.07
20018,2019,4,0.057709,0.06733,0.037508,0.043761,21,11.63,92.58
20018,2020,1,0.069492,0.103425,0.060368,0.089846,9,15.9,81.97
20018,2020,2,0.059286,0.069051,0.047751,0.055616,19,14.36,92.66
20018,2020,3,0.071898,0.100432,0.074549,0.104136,8,16.53,84.61
20018,2020,4,0.058934,0.068258,0.045794,0.053038,21,12.63,92.92
20018,2021,1,0.048403,0.100903,0.032929,0.068645,10,7.97,69.26
20018,2021,2,0.052859,0.061222,0.063149,0.073138,25,20.86,92.92
20018,2021,3,0.066096,0.101341,0.057149,0.087622,9,15.63,80.76
20018,2021,4,0.069819,0.080743,0.070776,0.081849,23,19.8,92.99
20018,2022,1,0.04578,0.101558,0.065888,0.146165,7,20.11,67.14
20018,2022,2,0.050523,0.058529,0.097409,0.112843,25,28.11,92.91
20018,2022,3,0.05315,0.106452,0.201195,0.402968,5,44.6,70.66
20018,2022,4,0.043209,0.050347,0.138698,0.161612,25,29.26,92.64
20018,2023,1,0.02884,0.10061,0.041625,0.145209,7,15.81,53.54
20018,2023,2,0.046885,0.053505,0.078679,0.089787,25,19.91,93.61
20018,2023,3,0.039677,0.108759,0.040327,0.110541,9,15.85,60.4
20018,2023,4,0.04297,0.055513,0.074244,0.095917,20,22.33,87.98
20018,2024,1,0.040264,0.108207,0.049898,0.134097,8,17.03,61.0
20018,2024,2,0.03709,0.042773,0.098115,0.113149,20,20.37,93.12
20018,2024,3,0.042501,0.106541,0.067405,0.168969,7,18.47,63.16
20018,2024,4,0.037455,0.043371,0.074386,0.086135,19,22.76,92.93
20018,2025,1,0.018567,0.103327,0.026322,0.146486,6,10.0,42.39
20018,2025,2,0.033161,0.042319,0.081294,0.103747,13,21.79,88.52
20018,2025,3,0.041034,0.109236,0.10809,0.287745,4,28.46,61.29
20018,2025,4,0.048809,0.056348,0.163195,0.188403,11,27.21,93.07
20018,2026,1,0.052571,0.103557,0.19089,0.376022,3,39.17,71.25
20018,2026,2,0.034501,0.108616,0.104364,0.328555,3,24.13,56.36
20469,2024,2,0.036908,0.041434,0.580376,0.651553,4,77.2,94.38
20469,2024,3,0.033004,0.100803,0.316851,0.967742,1,57.22,57.22
20469,2024,4,0.049303,0.055514,0.688536,0.775276,3,84.4,94.24
20469,2025,1,0.063332,0.101425,0.604274,0.967742,1,79.02,79.02
20469,2025,2,0.063546,0.070873,0.634352,0.707493,3,80.8,94.69
20469,2025,3,0.036971,0.100541,0.287391,0.781545,2,54.34,60.64
20469,2025,4,0.048786,0.061369,0.613909,0.77226,6,79.67,89.16
20469,2026,1,0.040462,0.10146,0.257235,0.645035,3,51.29,63.15
20469,2026,2,0.042776,0.101401,0.332153,0.787373,2,58.44,64.95
20470,2024,2,0.036908,0.041434,0.580376,0.651553,4,77.2,94.38
20470,2024,3,0.033004,0.100803,0.316851,0.967742,1,57.22,57.22
20470,2024,4,0.049303,0.055514,0.688536,0.775276,3,84.4,94.24
20470,2025,1,0.063332,0.101425,0.604274,0.967742,1,79.02,79.02
20470,2025,2,0.063546,0.070873,0.634352,0.707493,3,80.8,94.69
20470,2025,3,0.036971,0.100541,0.287391,0.781545,2,54.34,60.64
20470,2025,4,0.048786,0.061369,0.613909,0.77226,6,79.67,89.16
20470,2026,1,0.040462,0.10146,0.257235,0.645035,3,51.29,63.15
20470,2026,2,0.042776,0.101401,0.332153,0.787373,2,58.44,64.95
20497,2025,2,0.108862,0.108862,0.134011,0.134011,7,25.9074,100.0
20497,2025,3,0.122918,0.122918,0.161128,0.161128,7,33.7993,100.0
20497,2025,4,0.125374,0.125374,0.159445,0.159445,7,33.2661,100.0
20497,2026,1,0.118102,0.118102,0.15246,0.15246,7,31.5893,100.0
20497,2026,2,0.104029,0.104029,0.130748,0.130748,7,24.2616,100.0
20498,2025,2,0.108862,0.108862,0.134011,0.134011,7,25.9074,100.0
20498,2025,3,0.122918,0.122918,0.161128,0.161128,7,33.7993,100.0
20498,2025,4,0.125374,0.125374,0.159445,0.159445,7,33.2661,100.0
20498,2026,1,0.118102,0.118102,0.15246,0.15246,7,31.5893,100.0
20498,2026,2,0.104029,0.104029,0.130748,0.130748,7,24.2616,100.0
21179,2024,4,0.024129,0.132899,0.02918,0.160716,8,10.93,42.61
21179,2025,1,0.016959,0.11489,0.031676,0.214596,6,16.18,38.42
21179,2025,2,0.033058,0.046014,0.096412,0.134199,13,28.41,84.76
21179,2025,3,0.025538,0.12148,0.063628,0.302669,5,23.73,45.85
21179,2025,4,0.033316,0.045745,0.164302,0.225599,12,38.96,85.34
21179,2026,1,0.031628,0.115496,0.208048,0.759734,2,46.16,52.33
21179,2026,2,0.037519,0.113914,0.291082,0.883778,2,54.87,57.39
21180,2024,4,0.024129,0.132899,0.02918,0.160716,8,10.93,42.61
21180,2025,1,0.016959,0.11489,0.031676,0.214596,6,16.18,38.42
21180,2025,2,0.033058,0.046014,0.096412,0.134199,13,28.41,84.76
21180,2025,3,0.025538,0.12148,0.063628,0.302669,5,23.73,45.85
21180,2025,4,0.033316,0.045745,0.164302,0.225599,12,38.96,85.34
21180,2026,1,0.031628,0.115496,0.208048,0.759734,2,46.16,52.33
21180,2026,2,0.037519,0.113914,0.291082,0.883778,2,54.87,57.39
21382,2024,3,0.012076,0.13418,0.020546,0.228294,6,12.4,30.0
21382,2024,4,0.023002,0.06749,0.146631,0.430227,6,38.21,58.38
21382,2025,1,0.013788,0.142556,0.034391,0.355566,4,14.49,31.1
21382,2025,2,0.021768,0.048973,0.07797,0.175415,13,21.79,66.67
21382,2025,3,0.015026,0.120043,0.053878,0.430426,4,22.86,35.38
21382,2025,4,0.031646,0.039331,0.14673,0.182362,9,27.82,89.7
21382,2026,1,0.032509,0.129827,0.085675,0.342151,4,22.08,50.04
21382,2026,2,0.031963,0.101416,0.120028,0.380835,4,33.41,56.14
21383,2024,3,0.012076,0.13418,0.020546,0.228294,6,12.4,30.0
21383,2024,4,0.023002,0.06749,0.146631,0.430227,6,38.21,58.38
21383,2025,1,0.013788,0.142556,0.034391,0.355566,4,14.49,31.1
21383,2025,2,0.021768,0.048973,0.07797,0.175415,13,21.79,66.67
21383,2025,3,0.015026,0.120043,0.053878,0.430426,4,22.86,35.38
21383,2025,4,0.031646,0.039331,0.14673,0.182362,9,27.82,89.7
21383,2026,1,0.032509,0.129827,0.085675,0.342151,4,22.08,50.04
21383,2026,2,0.031963,0.101416,0.120028,0.380835,4,33.41,56.14
21510,2024,3,0.008608,0.117031,0.071177,0.967742,1,27.12,27.12
21510,2024,4,0.029119,0.038365,0.666028,0.877519,7,83.08,87.12
21510,2025,1,0.01116,0.104497,0.089435,0.837416,2,30.39,32.68
21510,2025,2,0.022701,0.030494,0.591573,0.794672,4,78.29,86.28
21510,2025,3,0.02503,0.103152,0.206036,0.84909,2,46.14,49.26
21510,2025,4,0.052023,0.060566,0.75867,0.883245,3,88.62,92.68
21510,2026,1,0.043141,0.100067,0.382255,0.886649,2,62.88,65.66
21510,2026,2,0.033712,0.108467,0.270527,0.870405,2,52.89,55.75
21511,2024,3,0.008608,0.117031,0.071177,0.967742,1,27.12,27.12
21511,2024,4,0.029119,0.038365,0.666028,0.877519,7,83.08,87.12
21511,2025,1,0.01116,0.104497,0.089435,0.837416,2,30.39,32.68
21511,2025,2,0.022701,0.030494,0.591573,0.794672,4,78.29,86.28
21511,2025,3,0.02503,0.103152,0.206036,0.84909,2,46.14,49.26
21511,2025,4,0.052023,0.060566,0.75867,0.883245,3,88.62,92.68
21511,2026,1,0.043141,0.100067,0.382255,0.886649,2,62.88,65.66
21511,2026,2,0.033712,0.108467,0.270527,0.870405,2,52.89,55.75
21523,2024,2,0.064124,0.103374,0.144682,0.23324,13,33.18,78.76
21523,2024,3,0.065678,0.108423,0.208834,0.344752,3,38.24,77.83
21523,2024,4,0.069687,0.113231,0.148011,0.240497,15,28.89,78.45
21523,2025,1,0.03946,0.105908,0.0873,0.234307,6,21.55,61.04
21523,2025,2,0.068276,0.101195,0.438106,0.649336,14,65.86,82.14
21523,2025,3,0.065815,0.102964,0.222401,0.347937,4,42.48,79.95
21523,2025,4,0.071024,0.1128,0.277796,0.441197,13,50.04,79.35
21523,2026,1,0.067768,0.107493,0.199077,0.315776,3,32.39,79.4
21523,2026,2,0.054441,0.106373,0.125207,0.244643,5,30.54,71.54
21528,2024,2,0.072785,0.089659,0.162494,0.200165,13,33.3,90.1
21528,2024,3,0.067604,0.106938,0.220895,0.349415,3,39.6,79.51
21528,2024,4,0.077033,0.104787,0.15938,0.216804,16,28.77,85.74
21528,2025,1,0.043639,0.103637,0.09534,0.226423,5,21.39,64.89
21528,2025,2,0.070201,0.078411,0.446564,0.49879,15,64.88,94.62
21528,2025,3,0.07723,0.103146,0.258748,0.345576,5,48.81,86.53
21528,2025,4,0.082299,0.096457,0.396082,0.464219,14,61.38,92.37
21528,2026,1,0.079462,0.102985,0.246361,0.319291,3,34.13,87.84
21528,2026,2,0.055548,0.106237,0.150058,0.286987,5,35.72,72.31
21593,2024,4,0.010859,0.041359,0.089654,0.34147,6,28.18,51.24
21593,2025,1,0.010801,0.102506,0.041159,0.390631,4,19.26,32.46
21593,2025,2,0.017938,0.026658,0.230654,0.342779,9,47.14,82.03
21593,2025,3,0.056242,0.11627,0.348422,0.720298,2,59.49,69.55
21593,2025,4,0.065708,0.080869,0.608099,0.748409,4,79.13,90.14
21593,2026,1,0.044052,0.11538,0.369484,0.967742,1,61.79,61.79
21593,2026,2,0.040464,0.110223,0.232024,0.632019,2,47.66,60.59
21594,2024,4,0.010859,0.041359,0.089654,0.34147,6,28.18,51.24
21594,2025,1,0.010801,0.102506,0.041159,0.390631,4,19.26,32.46
21594,2025,2,0.017938,0.026658,0.230654,0.342779,9,47.14,82.03
21594,2025,3,0.056242,0.11627,0.348422,0.720298,2,59.49,69.55
21594,2025,4,0.065708,0.080869,0.608099,0.748409,4,79.13,90.14
21594,2026,1,0.044052,0.11538,0.369484,0.967742,1,61.79,61.79
21594,2026,2,0.040464,0.110223,0.232024,0.632019,2,47.66,60.59
21626,2025,1,0.041279,0.109709,0.273145,0.725948,2,52.71,61.34
21626,2025,2,0.05943,0.070598,0.604104,0.717628,5,79.02,91.75
21626,2025,3,0.051849,0.10202,0.392565,0.772421,2,63.47,71.29
21626,2025,4,0.056308,0.066773,0.67636,0.802064,2,83.46,91.83
21626,2026,1,0.01714,0.101321,0.134338,0.794114,2,37.18,41.13
21626,2026,2,0.016017,0.105629,0.146741,0.967742,1,38.94,38.94
21627,2025,1,0.041279,0.109709,0.273145,0.725948,2,52.71,61.34
21627,2025,2,0.05943,0.070598,0.604104,0.717628,5,79.02,91.75
21627,2025,3,0.051849,0.10202,0.392565,0.772421,2,63.47,71.29
21627,2025,4,0.056308,0.066773,0.67636,0.802064,2,83.46,91.83
21627,2026,1,0.01714,0.101321,0.134338,0.794114,2,37.18,41.13
21627,2026,2,0.016017,0.105629,0.146741,0.967742,1,38.94,38.94
21792,2024,4,0.057126,0.064186,0.374449,0.420728,3,58.07,94.34
21792,2025,1,0.029819,0.10226,0.094545,0.324227,5,29.47,54.0
21792,2025,2,0.052625,0.05863,0.402379,0.4483,5,63.26,94.74
21792,2025,3,0.043973,0.105111,0.224804,0.537358,4,47.83,64.68
21792,2025,4,0.048109,0.055007,0.431769,0.493676,5,66.32,93.52
21792,2026,1,0.034436,0.101316,0.102337,0.301088,5,30.03,58.3
21792,2026,2,0.031102,0.100538,0.240272,0.776678,2,49.67,55.62
21793,2024,4,0.057126,0.064186,0.374449,0.420728,3,58.07,94.34
21793,2025,1,0.029819,0.10226,0.094545,0.324227,5,29.47,54.0
21793,2025,2,0.052625,0.05863,0.402379,0.4483,5,63.26,94.74
21793,2025,3,0.043973,0.105111,0.224804,0.537358,4,47.83,64.68
21793,2025,4,0.048109,0.055007,0.431769,0.493676,5,66.32,93.52
21793,2026,1,0.034436,0.101316,0.102337,0.301088,5,30.03,58.3
21793,2026,2,0.031102,0.100538,0.240272,0.776678,2,49.67,55.62
22364,2024,4,0.048736,0.105429,0.131847,0.285219,5,32.03,67.99
22364,2025,1,0.054073,0.127004,0.126447,0.296993,4,26.34,65.25
22364,2025,2,0.074874,0.08356,0.38193,0.426237,7,51.51,94.66
22364,2025,3,0.058788,0.095182,0.291325,0.471675,2,42.78,78.59
22364,2025,4,0.052164,0.086715,0.237949,0.395556,14,41.2,77.56
22364,2026,1,0.038851,0.116171,0.109437,0.327235,6,27.84,57.83
22364,2026,2,0.046924,0.122544,0.135101,0.352825,4,33.46,61.88
22365,2024,4,0.048736,0.105429,0.131847,0.285219,5,32.03,67.99
22365,2025,1,0.054073,0.127004,0.126447,0.296993,4,26.34,65.25
22365,2025,2,0.074874,0.08356,0.38193,0.426237,7,51.51,94.66
22365,2025,3,0.057554,0.107265,0.258547,0.481863,2,42.78,73.25
22365,2025,4,0.052164,0.086715,0.237949,0.395556,14,41.2,77.56
22365,2026,1,0.038416,0.129098,0.102404,0.344135,5,26.72,54.55
22365,2026,2,0.046924,0.122544,0.135101,0.352825,4,33.46,61.88
22368,2025,1,0.008615,0.141441,0.010642,0.174708,7,8.63,24.68
22368,2025,2,0.053656,0.128653,0.108048,0.259071,5,23.7,64.58
22368,2025,3,0.035281,0.114664,0.087188,0.283361,6,28.76,55.47
22368,2025,4,0.036349,0.043264,0.148448,0.176692,12,29.78,91.66
22368,2026,1,0.026116,0.103966,0.038685,0.154002,6,12.97,50.12
22368,2026,2,0.013513,0.119267,0.050916,0.449389,4,22.29,33.66
22709,2025,1,0.05121,0.105051,0.121516,0.249273,4,23.84,69.82
22709,2025,2,0.056848,0.065097,0.175196,0.200615,17,31.14,93.45
22709,2025,3,0.06359,0.104978,0.210755,0.347924,4,34.57,77.83
22709,2025,4,0.039688,0.076537,0.078773,0.151912,17,22.06,72.01
22709,2026,1,0.040957,0.106996,0.058457,0.152714,7,17.27,61.87
22709,2026,2,0.051119,0.112363,0.084224,0.185129,6,18.87,67.45
22735,2025,1,0.027897,0.103646,0.046119,0.171349,6,17.14,51.88
22735,2025,2,0.040377,0.053015,0.067595,0.088753,12,16.64,87.27
22735,2025,3,0.034282,0.108119,0.145447,0.458706,4,37.89,56.31
22735,2025,4,0.050242,0.058988,0.236714,0.277916,8,46.94,92.29
22735,2026,1,0.04356,0.106713,0.152163,0.372772,4,36.5,63.89
22735,2026,2,0.047865,0.108433,0.195691,0.443313,3,40.17,66.44
22740,2024,4,0.023738,0.106463,0.026953,0.120879,7,9.54,47.22
22740,2025,1,0.031095,0.10313,0.063713,0.211313,5,20.77,54.91
22740,2025,2,0.043957,0.052228,0.075859,0.090134,11,18.95,91.74
22740,2025,3,0.039769,0.110766,0.126117,0.351262,5,34.64,59.92
22740,2025,4,0.054894,0.062418,0.259105,0.294615,7,49.07,93.78
22740,2026,1,0.028672,0.100322,0.105778,0.370117,5,32.2,53.46
22740,2026,2,0.043506,0.104382,0.269375,0.646295,2,51.57,64.56
23397,2025,2,0.057084,0.072637,0.604399,0.769071,6,79.17,88.65
23397,2025,3,0.055471,0.112466,0.477315,0.967742,1,70.23,70.23
23397,2025,4,0.055572,0.086313,0.555216,0.862343,6,75.77,80.24
23397,2026,1,0.055435,0.113944,0.470812,0.967742,1,69.75,69.75
23397,2026,2,0.047834,0.114375,0.311156,0.743998,2,56.37,64.67
23398,2025,2,0.057084,0.072637,0.604399,0.769071,6,79.17,88.65
23398,2025,3,0.055471,0.112466,0.477315,0.967742,1,70.23,70.23
23398,2025,4,0.055572,0.086313,0.555216,0.862343,6,75.77,80.24
23398,2026,1,0.055435,0.113944,0.470812,0.967742,1,69.75,69.75
23398,2026,2,0.047834,0.114375,0.311156,0.743998,2,56.37,64.67
23451,2025,1,0.016902,0.156815,0.025836,0.239712,5,14.17,32.83
23451,2025,2,0.060275,0.080223,0.181977,0.242203,8,36.08,86.68
23451,2025,3,0.046626,0.106521,0.130435,0.297992,4,31.03,66.16
23451,2025,4,0.050999,0.073093,0.192622,0.276072,12,34.58,83.53
23451,2026,1,0.037072,0.09451,0.144651,0.368772,6,37.34,62.63
23451,2026,2,0.048604,0.117924,0.146843,0.356274,4,34.9,64.2
23452,2025,1,0.016902,0.156815,0.025836,0.239712,5,14.17,32.83
23452,2025,2,0.060275,0.080223,0.181977,0.242203,8,36.08,86.68
23452,2025,3,0.045074,0.116429,0.109168,0.28199,4,27.09,62.22
23452,2025,4,0.050999,0.073093,0.192622,0.276072,12,34.58,83.53
23452,2026,1,0.035065,0.125019,0.128189,0.457039,4,35.34,52.96
23452,2026,2,0.047434,0.134075,0.135453,0.382865,3,33.07,59.48
24052,2025,3,0.024268,0.127838,0.061214,0.322458,4,22.27,43.57
24052,2025,4,0.037066,0.055327,0.255193,0.380918,12,49.93,81.85
24052,2026,1,0.035643,0.104975,0.150511,0.443281,3,36.43,58.27
24052,2026,2,0.030436,0.106297,0.17299,0.604157,2,40.73,53.51
24053,2025,3,0.024268,0.127838,0.061214,0.322458,4,22.27,43.57
24053,2025,4,0.037066,0.055327,0.255193,0.380918,12,49.93,81.85
24053,2026,1,0.035643,0.104975,0.150511,0.443281,3,36.43,58.27
24053,2026,2,0.030436,0.106297,0.17299,0.604157,2,40.73,53.51
24459,2025,3,0.027785,0.119297,0.084862,0.364367,4,25.85,48.26
24459,2025,4,0.030051,0.047261,0.219748,0.345599,9,34.77,79.74
24459,2026,1,0.024859,0.115614,0.092966,0.432362,4,26.35,46.37
24459,2026,2,0.028779,0.127767,0.085718,0.380556,3,22.35,47.46
24460,2025,3,0.027408,0.127745,0.080003,0.372878,4,25.85,46.32
24460,2025,4,0.030051,0.047261,0.219748,0.345599,9,34.77,79.74
24460,2026,1,0.024068,0.13722,0.08466,0.482685,2,24.56,41.88
24460,2026,2,0.028779,0.127767,0.085718,0.380556,3,22.35,47.46
24592,2025,3,0.038123,0.110978,0.137974,0.401655,4,34.46,58.61
24592,2025,4,0.044982,0.059388,0.281348,0.371455,7,41.88,87.03
24592,2026,1,0.043178,0.111105,0.182626,0.469926,2,33.23,62.34
24592,2026,2,0.037518,0.117322,0.149709,0.468147,2,29.08,56.55
24593,2025,3,0.038123,0.110978,0.137974,0.401655,4,34.46,58.61
24593,2025,4,0.044982,0.059388,0.281348,0.371455,7,41.88,87.03
24593,2026,1,0.043178,0.111105,0.182626,0.469926,2,33.23,62.34
24593,2026,2,0.037518,0.117322,0.149709,0.468147,2,29.08,56.55
25382,2025,3,0.07785,0.140769,0.095113,0.171984,6,23.1934,74.3662
25382,2025,4,0.080998,0.134537,0.10453,0.173623,6,25.3892,77.5919
25382,2026,1,0.077604,0.126107,0.112717,0.183167,6,28.7623,78.446
25382,2026,2,0.078404,0.135598,0.100242,0.173366,6,25.2438,76.0403
40001,2018,2,0.016234,0.033832,0.030984,0.064573,21,13.48,69.27
40001,2018,4,0.022961,0.067322,0.031705,0.092962,15,12.09,58.4
40001,2019,2,0.034631,0.059612,0.036685,0.063147,18,12.25,76.22
40001,2019,4,0.024402,0.039388,0.030926,0.049919,21,10.7,78.71
40001,2020,1,0.016736,0.108913,0.017208,0.111986,8,8.59,39.2
40001,2020,2,0.026023,0.063711,0.03807,0.093207,18,11.23,63.91
40001,2020,3,0.019897,0.128368,0.035093,0.226408,6,16.2,39.37
40001,2020,4,0.023839,0.040031,0.034286,0.057573,25,11.63,77.17
40001,2021,1,0.010155,0.104053,0.008339,0.085442,9,5.18,31.24
40001,2021,2,0.019049,0.032875,0.062768,0.108328,26,22.58,76.12
40001,2021,3,0.009263,0.097521,0.029567,0.311274,6,16.72,30.82
40001,2021,4,0.015348,0.027344,0.06253,0.111402,25,23.78,74.92
40001,2022,1,0.011523,0.122106,0.020937,0.221859,6,12.85,30.72
40001,2022,2,0.019322,0.032965,0.056139,0.095778,20,19.28,76.56
40001,2022,3,0.018158,0.104775,0.048531,0.280031,4,16.67,41.63
40001,2022,4,0.025915,0.046144,0.116168,0.206852,17,30.33,74.94
40001,2023,1,0.022198,0.107269,0.04513,0.218089,5,16.59,45.49
40001,2023,2,0.028633,0.049144,0.114461,0.196456,19,30.9,76.33
40001,2023,3,0.021955,0.107843,0.05137,0.252329,6,20.52,45.12
40001,2023,4,0.028511,0.049793,0.107805,0.188275,19,27.93,75.67
40001,2024,1,0.030293,0.105914,0.084655,0.295985,5,26.45,53.48
40001,2024,2,0.035945,0.065517,0.140196,0.255535,13,35.6,74.07
40001,2024,3,0.033971,0.10526,0.119356,0.369823,4,32.32,56.81
40001,2024,4,0.036189,0.060832,0.124356,0.209035,13,31.54,77.13
40001,2025,1,0.036537,0.107979,0.12089,0.357267,4,31.98,58.17
40001,2025,2,0.03763,0.070286,0.065128,0.121648,12,17.48,73.17
40001,2025,3,0.02715,0.110985,0.036647,0.149807,8,13.23,49.46
40001,2025,4,0.026977,0.05107,0.042048,0.0796,16,12.85,72.68
40001,2026,1,0.024313,0.113614,0.084585,0.395258,4,27.2,46.26
40001,2026,2,0.033257,0.119748,0.109113,0.392878,4,32.08,52.7
40008,2018,2,0.045459,0.070906,0.074765,0.116616,19,21.28,80.07
40008,2018,4,0.048977,0.07006,0.075189,0.107557,19,17.58,83.61
40008,2019,2,0.060401,0.072112,0.080658,0.096298,17,18.59,91.52
40008,2019,4,0.046534,0.062278,0.067009,0.089681,19,18.25,86.44
40008,2020,1,0.034446,0.102115,0.032313,0.095791,10,13.52,58.08
40008,2020,2,0.038279,0.048013,0.066421,0.083311,20,19.36,89.29
40008,2020,3,0.028495,0.089899,0.045619,0.143922,8,16.81,56.3
40008,2020,4,0.030377,0.035641,0.045173,0.053001,25,13.9,92.32
40008,2021,1,0.0174,0.087749,0.044362,0.223722,9,20.8,44.53
40008,2021,2,0.033678,0.048142,0.059363,0.084857,25,16.06,83.64
40008,2021,3,0.022659,0.102883,0.028126,0.127705,7,10.86,46.93
40008,2021,4,0.038115,0.043191,0.083296,0.094389,22,22.14,93.94
40008,2022,1,0.031968,0.094866,0.047652,0.141409,8,14.55,58.05
40008,2022,2,0.031641,0.036647,0.05562,0.064419,21,18.43,92.92
40008,2022,3,0.012099,0.078099,0.01555,0.100373,10,9.27,39.36
40008,2022,4,0.028016,0.033397,0.051365,0.061231,24,17.04,91.59
40008,2023,1,0.018127,0.085332,0.02801,0.131857,8,12.32,46.09
40008,2023,2,0.027219,0.038338,0.052324,0.073698,23,14.72,84.26
40008,2023,3,0.022139,0.086502,0.016914,0.066087,11,7.79,50.59
40008,2023,4,0.034564,0.040127,0.062029,0.072012,18,18.95,92.81
40008,2024,1,0.026921,0.084513,0.023714,0.074445,11,10.69,56.44
40008,2024,2,0.03215,0.040597,0.055797,0.070457,16,17.41,88.99
40008,2024,3,0.027392,0.104532,0.032003,0.122128,7,10.0,51.19
40008,2024,4,0.026965,0.051315,0.036513,0.069486,16,13.73,72.49
40008,2025,1,0.026838,0.102019,0.040547,0.154132,6,12.76,51.29
40008,2025,2,0.030108,0.041022,0.044456,0.060572,16,13.21,85.67
40008,2025,3,0.028768,0.092493,0.042722,0.137358,7,13.35,55.77
40008,2025,4,0.023302,0.029845,0.055135,0.070618,16,18.72,88.36
40008,2026,1,0.016995,0.108432,0.011939,0.076174,10,6.62,39.59
40008,2026,2,0.029298,0.101674,0.031866,0.110588,8,11.25,53.68
40011,2018,2,0.023258,0.04898,0.024997,0.052641,18,9.49,68.91
40011,2018,4,0.045571,0.058053,0.053715,0.068427,18,18.98,88.6
40011,2019,2,0.056532,0.063559,0.10138,0.113982,17,22.32,94.31
40011,2019,4,0.068779,0.077165,0.093244,0.104613,15,20.69,94.41
40011,2020,1,0.058463,0.096613,0.090316,0.149252,6,18.44,77.79
40011,2020,2,0.062557,0.069579,0.134511,0.149609,18,29.3,94.82
40011,2020,3,0.035765,0.115195,0.042253,0.136094,7,14.55,55.72
40011,2020,4,0.039084,0.049132,0.04526,0.056896,25,12.43,89.19
40011,2021,1,0.02112,0.113013,0.019538,0.104546,8,9.43,43.23
40011,2021,2,0.03536,0.044332,0.05734,0.071889,25,16.37,89.31
40011,2021,3,0.028581,0.115708,0.028259,0.114406,8,12.54,49.7
40011,2021,4,0.064243,0.071258,0.102692,0.113906,20,22.03,94.95
40011,2022,1,0.034464,0.106598,0.061248,0.189443,6,18.14,56.86
40011,2022,2,0.04518,0.053332,0.133018,0.157021,16,35.33,92.04
40011,2022,3,0.042624,0.11164,0.071589,0.187503,6,19.38,61.79
40011,2022,4,0.05459,0.060832,0.17054,0.190042,14,31.38,94.73
40011,2023,1,0.046387,0.109488,0.086257,0.203594,5,19.68,65.09
40011,2023,2,0.044332,0.050311,0.089433,0.101495,12,25.49,93.87
40011,2023,3,0.037212,0.102715,0.070579,0.194816,7,24.6,60.19
40011,2023,4,0.043972,0.049135,0.14339,0.160227,14,36.98,94.6
40011,2024,1,0.014966,0.107168,0.020243,0.144951,7,9.71,37.37
40011,2024,2,0.01678,0.020196,0.049713,0.059835,19,17.8,91.15
40011,2024,3,0.008372,0.1015,0.012246,0.148465,7,8.46,28.72
40011,2024,4,0.016243,0.018418,0.049595,0.056236,21,17.35,93.91
40011,2025,1,0.006682,0.105896,0.008262,0.130936,8,7.22,25.12
40011,2025,2,0.015979,0.018833,0.043697,0.051503,20,14.31,92.11
40011,2025,3,0.007834,0.103589,0.024182,0.319765,5,14.68,27.5
40011,2025,4,0.016493,0.018786,0.07933,0.090357,20,22.68,93.7
40011,2026,1,0.007443,0.103393,0.010791,0.149902,7,8.06,26.83
40011,2026,2,0.011663,0.110014,0.040178,0.378983,5,19.88,32.56
40016,2018,2,0.020554,0.045787,0.043295,0.096448,18,16.97,67.0
40016,2018,4,0.014927,0.044525,0.025596,0.07635,16,10.55,57.9
40016,2019,2,0.031983,0.043163,0.051027,0.068865,25,14.18,86.08
40016,2019,4,0.026789,0.033028,0.035985,0.044366,25,13.76,90.06
40016,2020,1,0.011804,0.101391,0.019931,0.171203,7,12.59,34.12
40016,2020,2,0.031481,0.041968,0.050079,0.066761,24,16.39,86.61
40016,2020,3,0.018114,0.101714,0.025619,0.143858,7,12.3,42.2
40016,2020,4,0.025776,0.039491,0.031691,0.048554,26,13.37,80.79
40016,2021,1,0.018356,0.104358,0.045312,0.257604,6,19.63,41.94
40016,2021,2,0.024808,0.043475,0.058913,0.103243,24,22.21,75.54
40016,2021,3,0.026919,0.111388,0.037555,0.155397,6,12.01,49.16
40016,2021,4,0.033423,0.050492,0.076068,0.114915,21,18.59,81.36
40016,2022,1,0.027072,0.110443,0.038993,0.159076,6,12.23,49.51
40016,2022,2,0.024967,0.033485,0.114242,0.153215,22,28.66,86.35
40016,2022,3,0.01509,0.106738,0.032398,0.229161,6,14.96,37.6
40016,2022,4,0.024031,0.028184,0.057647,0.067608,22,14.75,92.34
40016,2023,1,0.017805,0.10264,0.028722,0.165568,6,11.37,41.65
40016,2023,2,0.03274,0.03848,0.135792,0.159601,21,28.35,92.24
40016,2023,3,0.022116,0.106453,0.035638,0.171539,7,14.59,45.58
40016,2023,4,0.025654,0.033218,0.084919,0.109958,25,23.23,87.88
40016,2024,1,0.016172,0.109842,0.027567,0.18724,6,12.49,38.37
40016,2024,2,0.022255,0.030315,0.067811,0.092373,21,20.18,85.68
40016,2024,3,0.01908,0.109306,0.06966,0.399068,5,26.04,41.78
40016,2024,4,0.024333,0.036197,0.086426,0.128565,18,27.12,81.99
40016,2025,1,0.018488,0.109446,0.023517,0.139221,7,10.44,41.1
40016,2025,2,0.019526,0.029775,0.024675,0.037627,19,8.81,80.98
40016,2025,3,0.013986,0.107674,0.019851,0.152828,7,11.43,36.04
40016,2025,4,0.02448,0.033786,0.038818,0.053576,20,14.33,85.12
40016,2026,1,0.015903,0.104771,0.020958,0.138073,7,8.95,38.96
40016,2026,2,0.01807,0.105789,0.046266,0.27085,4,17.81,41.33
40025,2018,2,0.010847,0.020603,0.010976,0.020847,25,7.13,72.56
40025,2018,4,0.01254,0.023909,0.0164,0.031269,25,7.0,72.42
40025,2019,2,0.016461,0.025109,0.020396,0.03111,25,8.58,80.97
40025,2019,4,0.020205,0.028445,0.05407,0.076121,25,20.35,84.28
40025,2020,1,0.008813,0.101339,0.02343,0.269418,4,11.82,29.49
40025,2020,2,0.025285,0.029964,0.14545,0.172369,17,31.54,91.86
40025,2020,3,0.010654,0.090559,0.025165,0.213897,5,10.99,34.3
40025,2020,4,0.020575,0.024532,0.148244,0.176757,28,33.86,91.58
40025,2021,1,0.011607,0.106135,0.016902,0.154549,7,9.33,33.07
40025,2021,2,0.024165,0.028951,0.247773,0.296853,26,49.2,91.36
40025,2021,3,0.011532,0.10393,0.024598,0.221694,5,11.2,33.31
40025,2021,4,0.024866,0.029239,0.274124,0.322327,20,49.94,92.22
40025,2022,1,0.012151,0.102561,0.016092,0.135827,8,9.46,34.42
40025,2022,2,0.024298,0.029169,0.193803,0.23265,16,38.52,91.27
40025,2022,3,0.014962,0.104825,0.037763,0.264572,5,14.93,37.78
40025,2022,4,0.015714,0.021471,0.151672,0.207236,19,30.0,85.55
40025,2023,1,0.017757,0.119608,0.044682,0.300978,5,17.67,38.53
40025,2023,2,0.023894,0.027579,0.345143,0.39837,23,54.89,93.08
40025,2023,3,0.012694,0.09735,0.046973,0.360245,4,19.82,36.11
40025,2023,4,0.021381,0.026663,0.319278,0.398142,20,56.31,89.55
40025,2024,1,0.028868,0.109394,0.097894,0.370967,4,28.2,51.37
40025,2024,2,0.030292,0.038554,0.292984,0.372894,14,53.85,88.64
40025,2024,3,0.029516,0.119253,0.114021,0.460681,3,30.92,49.75
40025,2024,4,0.019654,0.027577,0.249545,0.350153,14,48.54,84.42
40025,2025,1,0.013869,0.079759,0.098043,0.563823,4,31.6,41.7
40025,2025,2,0.021021,0.030788,0.198599,0.290871,15,44.85,82.63
40025,2025,3,0.021151,0.09657,0.146329,0.668098,3,38.64,46.8
40025,2025,4,0.026985,0.033538,0.204331,0.25395,13,44.46,89.7
40025,2026,1,0.01783,0.107481,0.093672,0.564655,3,30.55,40.73
40025,2026,2,0.028052,0.106015,0.135886,0.513537,3,35.76,51.44
50004,2018,2,0.029408,0.043512,0.044257,0.065484,18,17.79,82.21
50004,2018,4,0.031148,0.043727,0.055854,0.078409,17,20.61,84.4
50004,2019,2,0.025287,0.038609,0.048268,0.073696,23,19.86,80.93
50004,2019,4,0.040482,0.047529,0.055798,0.065511,22,19.43,92.29
50004,2020,1,0.036108,0.108155,0.041008,0.122833,8,15.57,57.78
50004,2020,2,0.035334,0.046024,0.064719,0.084299,23,22.41,87.62
50004,2020,3,0.02441,0.091964,0.047019,0.177141,7,18.71,51.52
50004,2020,4,0.038812,0.046725,0.074247,0.089385,26,17.64,91.14
50004,2021,1,0.037346,0.100895,0.058149,0.157095,8,19.91,60.84
50004,2021,2,0.030833,0.059611,0.064633,0.124955,22,18.73,71.92
50004,2021,3,0.032654,0.111651,0.059424,0.203182,5,18.57,54.08
50004,2021,4,0.035998,0.045589,0.06596,0.083535,24,17.34,88.86
50004,2022,1,0.0277,0.113187,0.039032,0.159493,7,15.43,49.47
50004,2022,2,0.028508,0.056425,0.054367,0.107607,27,17.98,71.08
50004,2022,3,0.020502,0.125055,0.032998,0.201275,6,14.75,40.49
50004,2022,4,0.025056,0.047787,0.060478,0.115345,21,18.04,72.41
50004,2023,1,0.015871,0.113827,0.025944,0.186078,7,14.28,37.34
50004,2023,2,0.024247,0.035231,0.047852,0.069528,22,13.63,82.96
50004,2023,3,0.026368,0.11392,0.069259,0.299231,6,25.52,48.11
50004,2023,4,0.032226,0.051714,0.099634,0.159887,25,23.27,78.94
50004,2024,1,0.022547,0.108621,0.041643,0.200618,7,18.38,45.56
50004,2024,2,0.027428,0.052125,0.050211,0.095421,21,14.0,72.54
50004,2024,3,0.030418,0.11871,0.060061,0.234394,5,20.97,50.62
50004,2024,4,0.032113,0.059122,0.061153,0.112585,18,16.78,73.7
50004,2025,1,0.020336,0.114734,0.023938,0.135057,8,11.07,42.1
50004,2025,2,0.031394,0.045136,0.107796,0.154978,19,29.58,83.4
50004,2025,3,0.040255,0.12768,0.103243,0.327462,4,27.94,56.15
50004,2025,4,0.048304,0.082474,0.128659,0.219672,17,27.77,76.53
50004,2026,1,0.03471,0.12931,0.069016,0.25711,5,18.95,51.81
50004,2026,2,0.055284,0.110413,0.248002,0.495312,3,47.29,70.76
50009,2018,2,0.044498,0.056443,0.085308,0.108208,13,18.89,88.79
50009,2018,4,0.042398,0.06258,0.074332,0.109717,14,17.01,82.31
50009,2019,2,0.035514,0.049235,0.082922,0.11496,18,20.02,84.93
50009,2019,4,0.041085,0.048806,0.114726,0.136285,18,20.86,91.75
50009,2020,1,0.037024,0.091589,0.07251,0.179374,7,20.17,63.58
50009,2020,2,0.044179,0.057402,0.104577,0.135876,19,22.14,87.73
50009,2020,3,0.051182,0.101932,0.091424,0.182078,7,23.38,70.86
50009,2020,4,0.062275,0.070946,0.12912,0.147098,24,27.49,93.69
50009,2021,1,0.051067,0.106059,0.101029,0.209822,7,27.01,69.39
50009,2021,2,0.048581,0.057811,0.107611,0.128057,22,23.73,91.67
50009,2021,3,0.038978,0.106737,0.082412,0.225675,6,26.73,60.43
50009,2021,4,0.047382,0.056274,0.15617,0.185477,18,31.43,91.76
50009,2022,1,0.039941,0.110284,0.091372,0.252296,5,26.86,60.18
50009,2022,2,0.045206,0.055428,0.152404,0.186863,15,35.38,90.31
50009,2022,3,0.033596,0.092733,0.115581,0.319035,5,31.58,60.19
50009,2022,4,0.039916,0.049301,0.219892,0.271592,15,44.41,89.98
50009,2023,1,0.028745,0.090333,0.083866,0.263558,6,25.96,56.41
50009,2023,2,0.036007,0.044276,0.11213,0.13788,20,19.33,90.18
50009,2023,3,0.03415,0.096656,0.061971,0.1754,6,16.33,59.44
50009,2023,4,0.036078,0.042458,0.132178,0.155556,21,27.06,92.18
50009,2024,1,0.023694,0.106129,0.042716,0.191333,7,16.59,47.25
50009,2024,2,0.030799,0.041536,0.152011,0.205007,16,36.19,86.11
50009,2024,3,0.028699,0.106669,0.056717,0.210805,5,16.43,51.87
50009,2024,4,0.042267,0.048472,0.182955,0.209814,17,40.75,93.38
50009,2025,1,0.02989,0.099896,0.090091,0.301096,7,28.28,54.7
50009,2025,2,0.03541,0.042424,0.167066,0.20016,15,35.52,91.36
50009,2025,3,0.034896,0.106173,0.087824,0.267207,4,22.27,57.33
50009,2025,4,0.045727,0.058555,0.170848,0.218777,15,34.48,88.37
50009,2026,1,0.032968,0.099994,0.075191,0.228054,5,20.76,57.42
50009,2026,2,0.040765,0.108521,0.11775,0.313459,4,27.25,61.29
50010,2018,2,0.02718,0.03934,0.086506,0.125209,20,28.26,83.12
50010,2018,4,0.041776,0.084266,0.054317,0.109564,11,16.27,70.41
50010,2019,2,0.043043,0.055105,0.11182,0.143157,18,24.62,88.38
50010,2019,4,0.034065,0.049531,0.088363,0.128483,18,21.38,82.93
50010,2020,1,0.018474,0.09867,0.038003,0.202976,6,16.66,43.27
50010,2020,2,0.039978,0.047449,0.094917,0.112656,16,19.48,91.79
50010,2020,3,0.02877,0.106851,0.039265,0.145828,7,15.67,51.89
50010,2020,4,0.038267,0.048084,0.130258,0.163674,22,27.11,89.21
50010,2021,1,0.030812,0.1085,0.048282,0.170016,7,15.58,53.29
50010,2021,2,0.040449,0.046938,0.156919,0.182095,22,32.61,92.83
50010,2021,3,0.031878,0.105191,0.086838,0.286545,5,26.99,55.05
50010,2021,4,0.039716,0.044834,0.224966,0.253952,17,36.59,94.12
50010,2022,1,0.020832,0.106921,0.070714,0.362943,4,25.19,44.14
50010,2022,2,0.033933,0.041348,0.200814,0.2447,15,40.16,90.59
50010,2022,3,0.028172,0.108651,0.088016,0.339458,4,27.18,50.92
50010,2022,4,0.030984,0.03675,0.20319,0.241005,15,43.79,91.82
50010,2023,1,0.020774,0.11431,0.065549,0.360689,3,19.14,42.63
50010,2023,2,0.033946,0.040106,0.152053,0.179647,20,33.79,92.0
50010,2023,3,0.029476,0.108259,0.0561,0.206042,5,15.75,52.18
50010,2023,4,0.036892,0.044267,0.169224,0.203055,19,31.25,91.29
50010,2024,1,0.019506,0.111852,0.049029,0.281147,4,18.19,41.76
50010,2024,2,0.032751,0.043822,0.224231,0.300031,13,46.46,86.45
50010,2024,3,0.033871,0.104359,0.099345,0.306092,4,28.35,56.97
50010,2024,4,0.040268,0.049285,0.291809,0.357156,14,53.68,90.39
50010,2025,1,0.026286,0.106675,0.100148,0.406422,5,31.59,49.64
50010,2025,2,0.03975,0.0467,0.218068,0.256191,13,44.22,92.26
50010,2025,3,0.03525,0.109684,0.10536,0.327841,4,29.16,56.69
50010,2025,4,0.04996,0.059948,0.225136,0.270146,14,42.69,91.29
50010,2026,1,0.032134,0.109872,0.122179,0.417758,3,27.92,54.08
50010,2026,2,0.038737,0.107138,0.156686,0.43336,3,34.07,60.13
70027,2018,2,0.022949,0.032416,0.084264,0.119025,14,22.25,84.14
70027,2018,4,0.024662,0.030891,0.064322,0.08057,14,15.64,89.35
70027,2019,2,0.024354,0.037779,0.05222,0.081006,20,16.86,80.29
70027,2019,4,0.032143,0.040082,0.080296,0.100129,14,18.17,89.55
70027,2020,1,0.017574,0.088192,0.021189,0.106332,8,7.88,44.64
70027,2020,2,0.036374,0.043078,0.056958,0.067455,19,13.37,91.89
70027,2020,3,0.025773,0.101745,0.031088,0.122728,7,10.07,50.33
70027,2020,4,0.045677,0.056291,0.112458,0.13859,21,28.64,90.08
70027,2021,1,0.037751,0.112026,0.07486,0.222148,5,21.38,58.05
70027,2021,2,0.03897,0.050472,0.099562,0.128947,27,28.43,87.87
70027,2021,3,0.049312,0.110907,0.132752,0.298572,5,31.91,66.68
70027,2021,4,0.050448,0.061459,0.135463,0.165031,24,27.92,90.6
70027,2022,1,0.033724,0.106811,0.080441,0.254778,4,20.24,56.19
70027,2022,2,0.039668,0.045297,0.097764,0.111639,23,21.06,93.58
70027,2022,3,0.02231,0.104297,0.055704,0.260414,5,20.74,46.25
70027,2022,4,0.031509,0.03865,0.113599,0.139346,23,28.65,90.29
70027,2023,1,0.037027,0.099835,0.113902,0.307111,5,32.14,60.9
70027,2023,2,0.048431,0.056262,0.196486,0.228256,24,40.41,92.78
70027,2023,3,0.039402,0.108398,0.126162,0.347086,5,34.18,60.29
70027,2023,4,0.053513,0.06382,0.244492,0.29158,26,48.38,91.57
70027,2024,1,0.041422,0.118312,0.118084,0.337279,5,33.03,59.17
70027,2024,2,0.041768,0.05633,0.134024,0.180749,14,35.75,86.11
70027,2024,3,0.040657,0.122927,0.108078,0.326777,6,32.35,57.51
70027,2024,4,0.04256,0.054315,0.086924,0.110932,10,20.19,88.52
70027,2025,1,0.034072,0.114082,0.04891,0.163763,7,17.68,54.65
70027,2025,2,0.043556,0.050883,0.081751,0.095504,15,18.2,92.52
70027,2025,3,0.037249,0.098165,0.057205,0.150755,7,16.94,61.6
70027,2025,4,0.040823,0.047444,0.113702,0.132144,17,25.08,92.76
70027,2026,1,0.031662,0.110785,0.03674,0.128551,8,14.69,53.46
70027,2026,2,0.046352,0.112566,0.141054,0.342548,5,36.6,64.17
100022,2018,2,0.043474,0.065418,0.146155,0.219931,18,36.4,81.52
100022,2018,4,0.013173,0.031911,0.049769,0.120563,21,17.79,64.25
100022,2019,2,0.030562,0.048114,0.112155,0.176564,17,30.48,79.7
100022,2019,4,0.02688,0.037986,0.051105,0.072221,18,15.18,84.12
100022,2020,1,0.028714,0.106354,0.062616,0.231925,6,23.31,51.96
100022,2020,2,0.035775,0.04193,0.104376,0.122332,22,29.5,92.37
100022,2020,3,0.027627,0.11064,0.035735,0.143113,7,13.47,49.97
100022,2020,4,0.033212,0.046502,0.05776,0.080874,25,15.2,84.51
100022,2021,1,0.016352,0.099496,0.015572,0.094748,10,7.09,40.54
100022,2021,2,0.02394,0.038398,0.100376,0.160997,24,29.77,78.96
100022,2021,3,0.01478,0.096729,0.04696,0.307327,7,21.15,39.09
100022,2021,4,0.023174,0.035637,0.112804,0.17347,23,28.52,80.64
100022,2022,1,0.013911,0.106096,0.014498,0.110574,10,9.85,36.21
100022,2022,2,0.025393,0.037756,0.136333,0.202707,19,37.11,82.01
100022,2022,3,0.014054,0.100853,0.037458,0.268799,7,18.73,37.33
100022,2022,4,0.015899,0.02654,0.056433,0.0942,19,16.88,77.4
100022,2023,1,0.014692,0.110097,0.021694,0.162568,6,11.16,36.53
100022,2023,2,0.024772,0.039996,0.062227,0.100468,17,23.07,78.7
100022,2023,3,0.018099,0.102211,0.022107,0.124847,8,10.74,42.08
100022,2023,4,0.024781,0.032816,0.049846,0.066007,18,14.56,86.9
100022,2024,1,0.024383,0.097533,0.02926,0.117041,7,9.44,50.0
100022,2024,2,0.031977,0.04779,0.079653,0.11904,9,22.36,81.8
100022,2024,3,0.028076,0.092445,0.040106,0.132054,8,15.2,55.11
100022,2024,4,0.03499,0.051061,0.110439,0.161165,10,25.73,82.78
100022,2025,1,0.028585,0.105714,0.049307,0.182348,8,18.21,52.0
100022,2025,2,0.02795,0.035113,0.115077,0.144565,12,28.89,89.22
100022,2025,3,0.039202,0.104428,0.107156,0.285443,5,25.95,61.27
100022,2025,4,0.042818,0.055305,0.19334,0.24972,9,36.27,87.99
100022,2026,1,0.030287,0.114373,0.077011,0.290811,4,23.81,51.46
100022,2026,2,0.031749,0.117822,0.132896,0.493186,2,31.81,51.91
100039,2018,2,0.024674,0.061619,0.057383,0.143301,14,22.12,63.28
100039,2018,4,0.021154,0.054277,0.021171,0.05432,14,9.05,62.43
100039,2019,2,0.033095,0.048554,0.086049,0.126243,15,23.18,82.56
100039,2019,4,0.030973,0.041626,0.10692,0.143694,13,21.88,86.26
100039,2020,1,0.014623,0.124005,0.0135,0.11448,8,7.69,34.34
100039,2020,2,0.026907,0.035216,0.113058,0.147972,14,29.4,87.41
100039,2020,3,0.027694,0.115203,0.046614,0.193905,6,17.34,49.03
100039,2020,4,0.03086,0.04761,0.045727,0.070546,22,12.69,80.51
100039,2021,1,0.014602,0.112479,0.030473,0.234736,6,15.19,36.03
100039,2021,2,0.023288,0.026022,0.12728,0.142226,21,23.48,94.6
100039,2021,3,0.013734,0.138496,0.013716,0.138314,8,8.75,31.49
100039,2021,4,0.027519,0.032107,0.069348,0.08091,21,20.92,92.58
100039,2022,1,0.021026,0.121322,0.021641,0.124873,8,9.19,41.63
100039,2022,2,0.025831,0.032104,0.109649,0.136276,12,28.64,89.7
100039,2022,3,0.018371,0.119919,0.026685,0.174194,6,12.32,39.14
100039,2022,4,0.025836,0.039253,0.066993,0.10178,15,23.21,81.13
100039,2023,1,0.017714,0.133912,0.039249,0.296713,5,16.91,36.37
100039,2023,2,0.03142,0.048486,0.141311,0.218065,17,34.0,80.5
100039,2023,3,0.017194,0.114923,0.031048,0.207522,6,15.5,38.68
100039,2023,4,0.019759,0.029806,0.04591,0.069255,16,15.79,81.42
100039,2024,1,0.025906,0.117174,0.025696,0.116226,8,9.88,47.02
100039,2024,2,0.037025,0.063632,0.215353,0.370109,11,47.07,76.28
100039,2024,3,0.018188,0.108303,0.032464,0.193313,8,16.69,40.98
100039,2024,4,0.019924,0.050073,0.04069,0.10226,15,18.64,63.08
100039,2025,1,0.016149,0.100179,0.047624,0.295432,4,18.49,40.15
100039,2025,2,0.034988,0.042709,0.200178,0.244356,19,43.3,90.51
100039,2025,3,0.035969,0.108112,0.160515,0.482463,3,38.52,57.68
100039,2025,4,0.036341,0.069349,0.249626,0.476358,13,46.98,72.39
100039,2026,1,0.044236,0.113899,0.140278,0.361189,3,28.21,62.32
100039,2026,2,0.039872,0.117672,0.153679,0.453544,3,35.94,58.21
100060,2018,2,0.036158,0.042113,0.105653,0.123055,14,23.25,92.66
100060,2018,4,0.030635,0.035758,0.132784,0.154988,15,31.77,92.56
100060,2019,2,0.0343,0.03863,0.083785,0.09436,17,23.23,94.23
100060,2019,4,0.05153,0.062875,0.122709,0.149724,10,22.34,90.53
100060,2020,1,0.034075,0.096575,0.065359,0.18524,6,16.11,59.4
100060,2020,2,0.04159,0.056115,0.133949,0.180731,10,22.45,86.09
100060,2020,3,0.038501,0.078709,0.044992,0.091978,10,12.2,69.94
100060,2020,4,0.046929,0.053156,0.08127,0.092055,22,20.66,93.96
100060,2021,1,0.040336,0.063836,0.056406,0.089268,13,18.13,79.49
100060,2021,2,0.045419,0.051141,0.115194,0.129706,19,24.29,94.24
100060,2021,3,0.017647,0.084093,0.048919,0.23311,9,21.59,45.81
100060,2021,4,0.037615,0.042059,0.136859,0.153026,19,34.11,94.57
100060,2022,1,0.031535,0.103982,0.046061,0.15188,7,14.34,55.07
100060,2022,2,0.028992,0.033979,0.082011,0.096119,14,21.7,92.37
100060,2022,3,0.020281,0.126062,0.032267,0.200565,7,15.05,40.11
100060,2022,4,0.02511,0.028902,0.046043,0.052996,19,15.0,93.21
100060,2023,1,0.015447,0.100268,0.022036,0.14304,7,10.1,39.25
100060,2023,2,0.02668,0.030214,0.095182,0.107789,20,25.56,93.97
100060,2023,3,0.022442,0.100992,0.038548,0.173471,7,12.67,47.14
100060,2023,4,0.032449,0.039031,0.149342,0.179631,19,37.07,91.18
100060,2024,1,0.012775,0.098681,0.014158,0.109368,8,6.99,35.98
100060,2024,2,0.034872,0.044323,0.094426,0.120017,15,27.33,88.7
100060,2024,3,0.046224,0.122095,0.089247,0.235732,6,27.58,61.53
100060,2024,4,0.025311,0.029435,0.105657,0.122874,16,25.68,92.73
100060,2025,1,0.015678,0.118266,0.038444,0.289994,5,18.06,36.41
100060,2025,2,0.04759,0.05525,0.12325,0.143086,16,27.08,92.81
100060,2025,3,0.053243,0.103078,0.153521,0.297216,4,35.07,71.87
100060,2025,4,0.064797,0.075388,0.215493,0.250715,13,41.89,92.71
100060,2026,1,0.034422,0.112113,0.111585,0.363436,5,32.73,55.41
100060,2026,2,0.026906,0.101448,0.13662,0.515108,3,36.39,51.5
110002,2018,2,0.016045,0.021247,0.021874,0.028967,28,9.6,86.9
110002,2018,4,0.018836,0.028695,0.037509,0.057142,19,13.65,81.02
110002,2019,2,0.029789,0.034763,0.053071,0.061932,22,13.27,92.57
110002,2019,4,0.027751,0.031194,0.068073,0.076519,20,19.18,94.32
110002,2020,1,0.010208,0.085816,0.011383,0.09569,10,6.08,34.49
110002,2020,2,0.019113,0.026787,0.11018,0.154418,19,22.69,84.47
110002,2020,3,0.013895,0.105624,0.034995,0.266015,4,12.75,36.27
110002,2020,4,0.03202,0.03832,0.194504,0.232778,24,37.42,91.41
110002,2021,1,0.017409,0.108101,0.059704,0.370737,3,21.4,40.13
110002,2021,2,0.032176,0.04444,0.175735,0.242718,27,35.31,85.09
110002,2021,3,0.020866,0.109314,0.049893,0.261379,4,15.54,43.69
110002,2021,4,0.024118,0.028085,0.15512,0.18063,25,32.5,92.67
110002,2022,1,0.017238,0.108333,0.031658,0.198956,6,14.76,39.89
110002,2022,2,0.031367,0.03718,0.152047,0.180226,18,36.62,91.85
110002,2022,3,0.023428,0.108677,0.058293,0.270408,5,21.96,46.43
110002,2022,4,0.031169,0.038267,0.142016,0.174359,19,34.31,90.25
110002,2023,1,0.02924,0.106128,0.092696,0.336442,5,27.42,52.49
110002,2023,2,0.024765,0.030554,0.10674,0.13169,20,23.21,90.03
110002,2023,3,0.021738,0.117458,0.049029,0.26492,5,19.63,43.02
110002,2023,4,0.02958,0.036715,0.129463,0.160687,22,28.32,89.76
110002,2024,1,0.023557,0.11495,0.040992,0.200024,6,17.55,45.27
110002,2024,2,0.03695,0.045861,0.091131,0.11311,23,25.1,89.76
110002,2024,3,0.022465,0.10174,0.033529,0.151849,6,11.33,46.99
110002,2024,4,0.028991,0.034015,0.120101,0.140914,14,25.23,92.32
110002,2025,1,0.014878,0.105294,0.0296,0.209481,5,11.89,37.59
110002,2025,2,0.027144,0.03288,0.120831,0.146363,14,29.26,90.86
110002,2025,3,0.035214,0.108004,0.097312,0.298465,5,27.3,57.1
110002,2025,4,0.041589,0.04821,0.182596,0.211664,14,38.51,92.88
110002,2026,1,0.030573,0.1105,0.075484,0.272823,4,22.39,52.6
110002,2026,2,0.031383,0.106554,0.167407,0.5684,2,39.31,54.27
110005,2018,2,0.029292,0.040419,0.052286,0.072148,21,18.27,85.13
110005,2018,4,0.036779,0.059427,0.034118,0.055126,16,10.34,78.67
110005,2019,2,0.042933,0.053063,0.058877,0.072769,20,17.08,89.95
110005,2019,4,0.053827,0.063484,0.061555,0.072599,19,16.0,92.08
110005,2020,1,0.042368,0.110897,0.055494,0.145253,8,15.27,61.81
110005,2020,2,0.044846,0.060104,0.069512,0.093161,19,13.9,86.38
110005,2020,3,0.038293,0.103147,0.065221,0.17568,6,20.31,60.93
110005,2020,4,0.051039,0.06008,0.100251,0.118007,23,21.09,92.17
110005,2021,1,0.035243,0.106077,0.058134,0.174978,6,19.41,57.64
110005,2021,2,0.057186,0.064774,0.156709,0.177504,22,35.07,93.96
110005,2021,3,0.053768,0.095283,0.071319,0.126384,7,15.91,75.12
110005,2021,4,0.047424,0.065886,0.098448,0.136775,19,20.89,84.84
110005,2022,1,0.053927,0.09758,0.08762,0.158548,6,19.42,74.34
110005,2022,2,0.050229,0.059036,0.135408,0.15915,14,26.82,92.24
110005,2022,3,0.04381,0.076897,0.103505,0.181676,8,20.85,75.48
110005,2022,4,0.050161,0.058816,0.172595,0.202374,16,27.19,92.35
110005,2023,1,0.043236,0.079535,0.105456,0.193991,7,23.12,73.73
110005,2023,2,0.050322,0.057341,0.135397,0.154283,18,23.75,93.68
110005,2023,3,0.036467,0.078564,0.071382,0.153785,7,16.39,68.13
110005,2023,4,0.035438,0.041779,0.124621,0.146918,20,27.32,92.1
110005,2024,1,0.025573,0.10266,0.038311,0.153796,7,11.76,49.91
110005,2024,2,0.039122,0.046182,0.099012,0.116879,16,19.02,92.04
110005,2024,3,0.038907,0.097873,0.076101,0.191435,5,18.64,63.05
110005,2024,4,0.064131,0.074823,0.133189,0.155394,13,29.78,92.58
110005,2025,2,0.053737,0.062696,0.157954,0.184288,14,36.92,92.58
110005,2025,4,0.055569,0.063659,0.244581,0.280188,15,48.67,93.43
110005,2026,1,0.063306,0.092429,0.204234,0.298187,7,44.32,82.76
110005,2026,2,0.060701,0.105258,0.366884,0.636191,4,61.52,75.94
110009,2018,2,0.019256,0.027174,0.090526,0.127749,23,23.39,84.18
110009,2018,4,0.0223,0.052797,0.048902,0.11578,15,19.42,64.99
110009,2019,2,0.049733,0.064529,0.098499,0.127803,17,28.67,87.79
110009,2019,4,0.066106,0.074103,0.111061,0.124497,15,28.1,94.45
110009,2020,1,0.054449,0.108715,0.109922,0.219475,6,28.46,70.77
110009,2020,2,0.059881,0.068775,0.12107,0.139052,19,29.99,93.31
110009,2020,3,0.049877,0.109698,0.089434,0.196696,10,28.52,67.43
110009,2020,4,0.060081,0.06735,0.119477,0.13393,25,30.2,94.45
110009,2021,1,0.039466,0.090054,0.067905,0.154949,9,18.28,66.2
110009,2021,2,0.046494,0.061796,0.075243,0.100007,23,16.63,86.74
110009,2021,3,0.023476,0.095118,0.045026,0.182431,8,19.91,49.68
110009,2021,4,0.033289,0.039468,0.088111,0.104463,22,28.03,91.84
110009,2022,1,0.021105,0.101674,0.031053,0.149602,6,9.97,45.56
110009,2022,2,0.028496,0.041324,0.061757,0.089559,20,19.0,83.04
110009,2022,3,0.015234,0.108618,0.06048,0.431232,6,24.79,37.45
110009,2022,4,0.03559,0.040528,0.120943,0.137724,20,34.6,93.71
110009,2023,1,0.026261,0.106789,0.097716,0.397355,9,31.52,49.59
110009,2023,2,0.037224,0.043827,0.117121,0.137896,24,33.3,92.16
110009,2023,3,0.034316,0.095258,0.12252,0.340106,8,34.82,60.02
110009,2023,4,0.039875,0.045398,0.132488,0.150838,26,35.98,93.72
110009,2024,1,0.03451,0.109341,0.10991,0.348237,7,33.06,56.18
110009,2024,2,0.036364,0.041515,0.106568,0.121666,26,32.44,93.59
110009,2024,3,0.024951,0.129765,0.079768,0.414848,7,28.43,43.85
110009,2024,4,0.017668,0.021591,0.038323,0.046833,29,17.2,90.46
110009,2025,1,0.013481,0.178517,0.012161,0.161042,8,9.83,27.48
110009,2025,2,0.011681,0.020727,0.026936,0.047796,26,12.84,75.07
110009,2025,3,0.012308,0.106533,0.015772,0.136512,7,8.53,33.99
110009,2025,4,0.018548,0.03143,0.028418,0.048156,25,11.74,76.82
110009,2026,1,0.019372,0.125234,0.016677,0.107812,10,8.98,39.33
110009,2026,2,0.021609,0.139131,0.022751,0.146482,7,9.53,39.41
110013,2018,2,0.021448,0.041088,0.071281,0.136552,22,24.16,72.25
110013,2018,4,0.02589,0.044577,0.051164,0.088093,19,16.69,76.21
110013,2019,2,0.027945,0.041784,0.047644,0.071238,21,14.69,81.78
110013,2019,4,0.020132,0.026205,0.05107,0.066475,23,17.51,87.65
110013,2020,1,0.015033,0.119896,0.01961,0.156396,6,9.21,35.41
110013,2020,2,0.022424,0.027567,0.090789,0.111614,22,19.47,90.19
110013,2020,3,0.015514,0.101065,0.018172,0.118377,8,9.1,39.18
110013,2020,4,0.02536,0.030984,0.053015,0.064773,25,16.36,90.47
110013,2021,1,0.0245,0.09749,0.030273,0.120466,9,10.42,50.13
110013,2021,2,0.041699,0.050555,0.100168,0.121441,22,23.95,90.82
110013,2021,3,0.025491,0.123675,0.03721,0.180529,8,12.55,45.4
110013,2021,4,0.028298,0.041972,0.062366,0.092504,20,19.1,82.11
110013,2022,1,0.024712,0.084685,0.026634,0.09127,12,12.17,54.02
110013,2022,2,0.032602,0.046693,0.069602,0.099684,21,22.62,83.56
110013,2022,3,0.016602,0.089667,0.023518,0.127018,10,12.55,43.03
110013,2022,4,0.022331,0.026355,0.048424,0.05715,23,14.25,92.05
110013,2023,1,0.01565,0.083742,0.023317,0.124768,11,12.73,43.23
110013,2023,2,0.020702,0.026965,0.059898,0.07802,27,19.26,87.62
110013,2023,3,0.015141,0.091993,0.030632,0.186109,9,16.47,40.57
110013,2023,4,0.019996,0.027682,0.12314,0.170476,24,29.19,84.99
110013,2024,1,0.011176,0.135402,0.018054,0.218726,7,9.76,28.73
110013,2024,2,0.023071,0.033256,0.067164,0.096816,20,16.4,83.29
110013,2024,3,0.01746,0.115919,0.024226,0.160841,7,10.76,38.81
110013,2024,4,0.03213,0.03739,0.07955,0.092573,18,20.26,92.7
110013,2025,1,0.017319,0.118314,0.016981,0.116003,9,10.9,38.26
110013,2025,2,0.025504,0.030636,0.054564,0.065544,17,13.82,91.24
110013,2025,3,0.020623,0.090033,0.037001,0.161536,8,16.74,47.86
110013,2025,4,0.026793,0.034162,0.074407,0.094873,19,20.39,88.56
110013,2026,1,0.01229,0.095945,0.019358,0.151126,7,10.58,35.79
110013,2026,2,0.042438,0.123163,0.121953,0.353929,4,30.81,58.7
110015,2018,2,0.032516,0.052619,0.05049,0.081705,17,18.43,78.61
110015,2018,4,0.037396,0.053571,0.053466,0.076592,18,17.08,83.55
110015,2019,2,0.045829,0.057922,0.073285,0.092623,15,17.74,88.95
110015,2019,4,0.036016,0.04687,0.058687,0.076372,18,17.03,87.66
110015,2020,1,0.033028,0.106801,0.059972,0.193928,8,22.61,55.61
110015,2020,2,0.040618,0.052059,0.096606,0.123819,17,25.63,88.33
110015,2020,3,0.042285,0.113378,0.091423,0.245133,6,28.18,61.07
110015,2020,4,0.05718,0.067323,0.128935,0.151805,21,32.44,92.16
110015,2021,1,0.051038,0.105541,0.11131,0.230179,7,31.16,69.54
110015,2021,2,0.059841,0.070931,0.128143,0.151893,23,33.09,91.85
110015,2021,3,0.046397,0.099198,0.094155,0.201307,7,27.13,68.39
110015,2021,4,0.053044,0.062998,0.107551,0.127734,21,26.72,91.76
110015,2022,1,0.034832,0.106126,0.069304,0.211156,6,23.37,57.29
110015,2022,2,0.042113,0.050933,0.127803,0.15457,19,28.37,90.93
110015,2022,3,0.024519,0.110664,0.05336,0.240839,6,21.27,47.07
110015,2022,4,0.033613,0.040165,0.126456,0.151107,22,29.83,91.48
110015,2023,1,0.026738,0.110636,0.09723,0.402325,4,30.16,49.16
110015,2023,2,0.037068,0.047209,0.154868,0.19724,20,37.58,88.61
110015,2023,3,0.030799,0.11536,0.115956,0.434328,5,34.11,51.67
110015,2023,4,0.038272,0.046533,0.137636,0.167345,22,33.59,90.69
110015,2024,1,0.031908,0.109545,0.100968,0.346641,6,31.64,53.97
110015,2024,2,0.034398,0.045134,0.125579,0.164775,16,33.19,87.3
110015,2024,3,0.024279,0.107651,0.101901,0.451827,4,31.4,47.49
110015,2024,4,0.03122,0.039521,0.083412,0.105589,16,25.34,88.88
110015,2025,1,0.023591,0.109102,0.029578,0.136792,7,11.79,46.5
110015,2025,2,0.032831,0.037619,0.047912,0.054899,21,12.9,93.42
110015,2025,3,0.036661,0.113475,0.066021,0.204349,6,19.93,56.84
110015,2025,4,0.042952,0.051314,0.12036,0.143792,19,27.42,91.49
110015,2026,1,0.038605,0.119364,0.113434,0.350733,3,27.72,56.87
110015,2026,2,0.043767,0.110975,0.170452,0.432198,3,34.87,62.8
110025,2018,2,0.062501,0.085458,0.28294,0.386864,15,44.36,85.52
110025,2018,4,0.04423,0.063742,0.23827,0.343384,8,48.45,83.3
110025,2019,2,0.038626,0.044583,0.481917,0.556237,10,69.7,93.08
110025,2019,4,0.04719,0.065624,0.168438,0.234233,19,38.19,84.8
110025,2020,1,0.034358,0.101434,0.194973,0.575611,3,43.86,58.2
110025,2020,2,0.044721,0.053921,0.416204,0.501829,22,65.47,91.07
110025,2020,3,0.031896,0.096945,0.124861,0.379496,4,34.09,57.36
110025,2020,4,0.041784,0.051596,0.248003,0.306245,23,48.59,89.99
110025,2021,1,0.032633,0.10321,0.156178,0.493949,4,39.65,56.23
110025,2021,2,0.049565,0.056599,0.313502,0.357992,26,49.19,93.58
110025,2021,3,0.034072,0.082975,0.273862,0.66694,3,53.0,64.08
110025,2021,4,0.036898,0.060585,0.192992,0.316887,23,42.03,78.04
110025,2022,1,0.033044,0.082286,0.164287,0.409106,5,40.02,63.37
110025,2022,2,0.042745,0.050546,0.320817,0.379367,17,43.9,91.96
110025,2022,3,0.050561,0.10525,0.225028,0.468429,2,35.94,69.31
110025,2022,4,0.060853,0.071663,0.417672,0.491863,18,59.45,92.15
110025,2023,1,0.044125,0.109498,0.165208,0.409975,3,34.36,63.48
110025,2023,2,0.03437,0.064904,0.219645,0.41478,21,44.26,72.77
110025,2023,3,0.026737,0.104716,0.065101,0.254969,5,21.62,50.53
110025,2023,4,0.04063,0.062249,0.282961,0.433522,24,53.26,80.79
110025,2024,1,0.030843,0.097341,0.105176,0.331936,4,28.31,56.29
110025,2024,2,0.032613,0.046155,0.13842,0.195894,20,32.55,84.06
110025,2024,3,0.027424,0.108221,0.134349,0.53016,4,36.83,50.34
110025,2024,4,0.044168,0.054626,0.238078,0.294447,15,45.43,89.92
110025,2025,1,0.024692,0.115586,0.064425,0.301574,4,22.62,46.22
110025,2025,2,0.034822,0.053391,0.225246,0.345354,14,46.82,80.76
110025,2025,3,0.0319,0.124151,0.196252,0.763783,3,45.05,50.69
110025,2025,4,0.031974,0.045727,0.43486,0.621912,18,67.36,83.62
110025,2026,1,0.02601,0.110074,0.124306,0.526068,4,35.51,48.61
110025,2026,2,0.028275,0.115071,0.113147,0.460474,3,31.7,49.57
110029,2018,2,0.03676,0.047362,0.096334,0.124117,22,20.99,88.1
110029,2018,4,0.032759,0.04784,0.108093,0.157856,17,19.91,82.75
110029,2019,2,0.016559,0.028178,0.042491,0.072304,21,13.95,76.66
110029,2019,4,0.018271,0.023254,0.044745,0.056949,23,16.55,88.64
110029,2020,1,0.014215,0.115443,0.017335,0.140784,7,8.3,35.09
110029,2020,2,0.022922,0.027796,0.07929,0.09615,22,18.8,90.81
110029,2020,3,0.016844,0.12284,0.021301,0.155342,6,9.22,37.03
110029,2020,4,0.0277,0.034373,0.05888,0.073064,24,15.85,89.77
110029,2021,1,0.028539,0.118622,0.041627,0.173019,5,12.6,49.05
110029,2021,2,0.036944,0.047106,0.097996,0.124949,25,23.15,88.56
110029,2021,3,0.027508,0.116176,0.03084,0.130249,9,13.8,48.66
110029,2021,4,0.024888,0.039112,0.049498,0.077787,19,13.2,79.77
110029,2022,1,0.021882,0.10283,0.027422,0.128863,10,12.7,46.13
110029,2022,2,0.034887,0.050654,0.141822,0.205917,17,33.13,82.99
110029,2022,3,0.02026,0.08428,0.032648,0.135811,10,13.01,49.03
110029,2022,4,0.025618,0.036403,0.088493,0.125745,18,25.92,83.89
110029,2023,1,0.020036,0.086312,0.037905,0.163292,8,12.78,48.18
110029,2023,2,0.020788,0.030491,0.066388,0.097375,23,18.91,82.57
110029,2023,3,0.013994,0.095501,0.029589,0.201921,5,12.81,38.28
110029,2023,4,0.021147,0.02729,0.181724,0.234504,22,40.82,88.03
110029,2024,1,0.022434,0.094396,0.106933,0.44995,3,30.27,48.75
110029,2024,2,0.037327,0.058047,0.17489,0.271972,15,39.54,80.19
110029,2024,3,0.029865,0.090864,0.09093,0.276657,6,27.71,57.33
110029,2024,4,0.031824,0.043391,0.130086,0.177369,16,30.56,85.64
110029,2025,1,0.01178,0.070661,0.022598,0.135555,9,9.45,40.83
110029,2025,2,0.024917,0.034642,0.111044,0.154383,17,28.47,84.81
110029,2025,3,0.040858,0.117692,0.113892,0.328071,5,26.18,58.92
110029,2025,4,0.03096,0.048183,0.116333,0.181045,16,22.48,80.16
110029,2026,1,0.031759,0.099769,0.098229,0.308583,6,29.79,56.42
110029,2026,2,0.034855,0.116534,0.120077,0.401462,4,31.57,54.69
112002,2006,4,0.017809,0.024248,0.020298,0.027638,25,8.84,85.7
112002,2007,1,0.010492,0.049629,0.008164,0.038618,18,5.28,45.98
112002,2007,2,0.015266,0.023187,0.028274,0.042945,24,9.86,81.14
112002,2007,3,0.019878,0.057221,0.021209,0.061052,18,10.06,58.94
112002,2007,4,0.016057,0.024778,0.034685,0.053524,26,15.06,80.5
112002,2008,1,0.013631,0.075928,0.028295,0.157616,15,15.21,42.37
112002,2008,2,0.011296,0.028871,0.017289,0.044189,25,9.63,62.55
112002,2008,3,0.01103,0.105198,0.00988,0.094237,13,6.06,32.38
112002,2008,4,0.022947,0.047263,0.023435,0.048266,27,11.09,69.68
112002,2009,1,0.014347,0.084891,0.010155,0.060089,15,5.54,41.11
112002,2009,2,0.031555,0.038366,0.097177,0.118153,26,27.01,90.69
112002,2009,3,0.012789,0.080049,0.025448,0.159289,12,13.94,39.97
112002,2009,4,0.020697,0.030181,0.035338,0.051531,24,11.37,82.81
112002,2010,1,0.015908,0.072598,0.01087,0.049608,17,6.43,46.81
112002,2010,2,0.02066,0.036925,0.028709,0.051312,27,11.34,74.8
112002,2010,3,0.01935,0.074746,0.014883,0.057489,19,10.75,50.88
112002,2010,4,0.025934,0.032624,0.039341,0.049488,25,15.18,89.16
112002,2011,1,0.025134,0.080492,0.022074,0.070693,15,10.02,55.88
112002,2011,2,0.030956,0.044645,0.042571,0.061395,24,12.78,83.27
112002,2011,3,0.01383,0.077183,0.017134,0.095622,17,11.32,42.33
112002,2011,4,0.015992,0.040419,0.040803,0.103132,19,15.81,62.9
112002,2012,1,0.017437,0.097498,0.027763,0.155234,7,12.03,42.29
112002,2012,2,0.021695,0.03795,0.053418,0.093439,20,16.45,75.61
112002,2012,3,0.021102,0.099596,0.030677,0.144788,9,12.23,46.03
112002,2012,4,0.029157,0.044994,0.065411,0.100939,18,19.78,80.5
112002,2013,1,0.027849,0.108725,0.037558,0.146633,7,12.73,50.61
112002,2013,2,0.034012,0.047804,0.102271,0.143742,12,26.65,84.35
112002,2013,3,0.034122,0.095226,0.041256,0.115137,10,16.03,59.86
112002,2013,4,0.03634,0.052209,0.09678,0.13904,13,25.07,83.43
112002,2015,1,0.031338,0.099219,0.034687,0.109824,9,13.91,56.2
112002,2015,2,0.04594,0.057172,0.092658,0.115313,15,25.86,89.64
112002,2015,3,0.010452,0.108482,0.067425,0.699811,3,26.35,31.04
112002,2015,4,0.020449,0.028183,0.111013,0.153002,24,28.97,85.18
112002,2016,1,0.010019,0.11073,0.023336,0.257914,5,13.67,30.08
112002,2016,2,0.025779,0.03348,0.097577,0.126722,21,27.43,87.75
112002,2016,3,0.015231,0.117194,0.039793,0.306196,4,16.23,36.05
112002,2016,4,0.024345,0.037727,0.047772,0.074032,24,14.84,80.33
112002,2017,1,0.011235,0.102667,0.01201,0.109753,9,7.82,33.08
112002,2017,2,0.019517,0.02345,0.04392,0.05277,20,16.52,91.23
112002,2017,3,0.01131,0.098358,0.018955,0.164842,8,11.62,33.91
112002,2017,4,0.014768,0.017467,0.022386,0.026477,26,10.16,91.95
112002,2018,1,0.012064,0.12296,0.023654,0.241101,9,11.65,31.3224
112002,2018,2,0.016201,0.021114,0.021937,0.028589,27,9.63,87.5965
112002,2018,3,0.011102,0.093957,0.028188,0.238544,9,15.3215,34.3751
112002,2018,4,0.018913,0.028649,0.037882,0.057384,19,13.8,81.25
112002,2019,1,0.012625,0.102771,0.02136,0.173869,6,10.98,35.05
112002,2019,2,0.029733,0.034616,0.052986,0.061687,22,13.16,92.68
112002,2019,3,0.02331,0.096531,0.037025,0.153328,7,14.72,49.14
112002,2019,4,0.027599,0.031109,0.067627,0.076228,20,19.08,94.19
112002,2020,1,0.010221,0.08577,0.011377,0.095478,10,6.09,34.52
112002,2020,2,0.018783,0.026213,0.106447,0.148553,19,22.41,84.65
112002,2020,3,0.013686,0.107022,0.041299,0.322956,3,15.63,35.76
112002,2020,4,0.032206,0.038551,0.202047,0.241858,21,39.16,91.4
112002,2021,1,0.017117,0.108656,0.058372,0.370547,3,21.18,39.69
112002,2021,2,0.032405,0.043957,0.176182,0.23899,20,35.17,85.86
112002,2021,3,0.020998,0.107482,0.054417,0.278542,4,19.28,44.2
112002,2021,4,0.021023,0.023854,0.161579,0.183332,19,35.71,93.88
112002,2022,1,0.01571,0.102919,0.030144,0.197474,5,12.53,39.07
112002,2022,2,0.031478,0.037126,0.150891,0.177964,18,36.31,92.08
112002,2022,3,0.023038,0.11697,0.05023,0.25503,5,19.88,44.38
112002,2022,4,0.031546,0.038095,0.143753,0.173594,19,34.5,91.0
112002,2023,1,0.029352,0.106007,0.093153,0.33643,5,27.49,52.62
112002,2023,2,0.024734,0.030482,0.107535,0.132523,17,23.52,90.08
112002,2023,3,0.021665,0.117607,0.04887,0.265294,5,19.61,42.92
112002,2023,4,0.029471,0.036425,0.130878,0.161758,21,28.66,89.95
112002,2024,1,0.023644,0.114914,0.041142,0.199956,6,17.58,45.36
112002,2024,2,0.037553,0.04579,0.093515,0.114027,22,25.5,90.56
112002,2024,3,0.022588,0.101778,0.033701,0.151849,6,11.39,47.11
112002,2024,4,0.028934,0.033992,0.119892,0.140853,14,25.19,92.26
112002,2025,1,0.014887,0.105358,0.029579,0.209335,5,11.88,37.59
112002,2025,2,0.027112,0.032483,0.120182,0.143988,15,29.21,91.36
112002,2025,3,0.035324,0.108115,0.097941,0.299765,5,27.42,57.16
112002,2025,4,0.041462,0.047939,0.183296,0.211927,14,38.62,93.0
112002,2026,1,0.030309,0.110427,0.074812,0.272566,4,22.28,52.39
112002,2026,2,0.03151,0.106672,0.167619,0.567445,2,39.31,54.35
121003,2018,2,0.02709,0.035849,0.131922,0.174573,13,32.12,86.93
121003,2018,4,0.013271,0.024917,0.025163,0.047245,19,11.25,72.98
121003,2019,2,0.017665,0.024375,0.038316,0.052871,23,12.4,85.13
121003,2019,4,0.020727,0.028735,0.055006,0.076259,17,18.49,84.93
121003,2020,1,0.006943,0.11171,0.009568,0.153943,6,5.74,24.93
121003,2020,2,0.023182,0.026774,0.07047,0.08139,18,17.46,93.05
121003,2020,3,0.018145,0.102231,0.027696,0.156041,7,13.75,42.13
121003,2020,4,0.02952,0.035391,0.059038,0.070779,27,18.53,91.33
121003,2021,1,0.011182,0.105542,0.012555,0.118496,8,7.32,32.55
121003,2021,2,0.022174,0.03005,0.04939,0.066935,27,17.65,85.9
121003,2021,3,0.014931,0.103128,0.033537,0.231638,5,16.04,38.05
121003,2021,4,0.013948,0.02572,0.04614,0.085085,24,18.77,73.64
121003,2022,1,0.007299,0.103391,0.010364,0.14681,7,7.8,26.57
121003,2022,2,0.024348,0.029748,0.071728,0.087636,21,23.0,90.47
121003,2022,3,0.009395,0.104185,0.026181,0.290321,4,14.22,30.03
121003,2022,4,0.014745,0.021632,0.031755,0.046588,25,12.51,82.56
121003,2023,1,0.007267,0.104187,0.011279,0.16171,7,8.67,26.41
121003,2023,2,0.01052,0.016287,0.02758,0.042698,27,10.46,80.37
121003,2023,3,0.003782,0.102049,0.008345,0.22519,5,7.45,19.25
121003,2023,4,0.008641,0.013025,0.03172,0.047814,28,15.01,81.45
121003,2024,1,0.004527,0.103837,0.008862,0.20327,5,7.23,20.88
121003,2024,2,0.0093,0.013971,0.033402,0.050176,21,11.41,81.59
121003,2024,3,0.006348,0.106102,0.008691,0.145257,6,5.12,24.46
121003,2024,4,0.010984,0.015765,0.046573,0.066846,21,18.25,83.47
121003,2025,1,0.006461,0.108524,0.009581,0.160924,6,6.57,24.4
121003,2025,2,0.012492,0.0153,0.07228,0.088525,21,19.06,90.36
121003,2025,3,0.008317,0.102538,0.02106,0.259643,4,10.11,28.48
121003,2025,4,0.014649,0.019103,0.112488,0.146689,19,27.58,87.57
121003,2026,1,0.00558,0.102604,0.016436,0.302229,3,8.34,23.32
121003,2026,2,0.004277,0.103878,0.00587,0.14259,6,4.33,20.29
150968,2018,2,0.038898,0.05819,0.065924,0.09862,18,20.58,81.76
150968,2018,4,0.027887,0.062309,0.03204,0.071587,15,13.51,66.9
150968,2019,2,0.039152,0.050489,0.074213,0.095702,18,18.18,88.06
150968,2019,4,0.032703,0.04124,0.07781,0.098122,19,19.42,89.05
150968,2020,1,0.021983,0.098798,0.027691,0.124453,8,10.23,47.17
150968,2020,2,0.028087,0.034877,0.072654,0.090216,22,19.32,89.74
150968,2020,3,0.017354,0.11999,0.026826,0.185484,6,11.86,38.03
150968,2020,4,0.026974,0.033992,0.070237,0.088512,22,20.56,89.08
150968,2021,1,0.025051,0.120525,0.040752,0.196067,7,16.51,45.59
150968,2021,2,0.03084,0.03996,0.059349,0.0769,24,16.92,87.85
150968,2021,3,0.018573,0.110055,0.02015,0.119401,7,7.89,41.08
150968,2021,4,0.032257,0.040405,0.072614,0.090956,24,18.72,89.35
150968,2022,1,0.020749,0.110107,0.056602,0.300369,6,23.29,43.41
150968,2022,2,0.0433,0.054788,0.224237,0.283729,14,47.29,88.9
150968,2022,3,0.033575,0.105851,0.151855,0.478744,4,38.91,56.32
150968,2022,4,0.044929,0.056341,0.239373,0.300174,17,48.45,89.3
150968,2023,1,0.034724,0.115969,0.079695,0.266157,6,26.64,54.72
150968,2023,2,0.039798,0.049784,0.171112,0.214046,18,39.57,89.41
150968,2023,3,0.029379,0.108234,0.045309,0.166919,6,16.03,52.1
150968,2023,4,0.031614,0.039573,0.139871,0.175084,21,33.81,89.38
150968,2024,1,0.020163,0.111524,0.051419,0.284406,5,20.08,42.52
150968,2024,2,0.034428,0.043163,0.18998,0.238182,12,31.21,89.31
150968,2024,3,0.033221,0.11267,0.100984,0.342492,4,29.01,54.3
150968,2024,4,0.041985,0.052744,0.21331,0.267971,15,34.26,89.22
150968,2025,1,0.036046,0.105402,0.098456,0.287891,4,23.15,58.48
150968,2025,2,0.037386,0.046683,0.187779,0.234476,16,34.16,89.49
150968,2025,3,0.029417,0.113902,0.107001,0.414302,4,31.33,50.82
150968,2025,4,0.042731,0.053922,0.234718,0.296191,14,47.17,89.02
150968,2026,1,0.034191,0.107258,0.151867,0.476412,3,36.92,56.46
150968,2026,2,0.045248,0.107163,0.24473,0.5796,3,49.4,64.98
151001,2018,2,0.015807,0.041241,0.030287,0.07902,19,12.07,61.91
151001,2018,4,0.015927,0.059357,0.031974,0.119164,11,11.22,51.8
151001,2019,2,0.027684,0.052121,0.063603,0.119746,20,20.76,72.88
151001,2019,4,0.02327,0.043039,0.072902,0.134837,17,17.67,73.53
151001,2020,1,0.019657,0.119194,0.068913,0.417862,3,24.79,40.61
151001,2020,2,0.021475,0.040543,0.079242,0.1496,20,23.81,72.78
151001,2020,3,0.016862,0.106559,0.019367,0.122385,7,8.07,39.78
151001,2020,4,0.034428,0.062146,0.045703,0.0825,25,12.5,74.43
151001,2021,1,0.022179,0.107087,0.045746,0.220872,5,14.83,45.51
151001,2021,2,0.036625,0.066041,0.139043,0.250719,24,35.47,74.47
151001,2021,3,0.033216,0.117053,0.126394,0.44541,5,35.39,53.27
151001,2021,4,0.036382,0.06534,0.12857,0.230903,14,34.67,74.62
151001,2022,1,0.029679,0.114374,0.093176,0.359075,5,29.99,50.94
151001,2022,2,0.041081,0.074455,0.200346,0.363109,11,44.64,74.28
151001,2022,3,0.027875,0.109388,0.104344,0.409475,4,31.71,50.48
151001,2022,4,0.034474,0.061731,0.177327,0.31753,17,41.62,74.73
151001,2023,1,0.028938,0.116872,0.066682,0.269309,6,24.28,49.76
151001,2023,2,0.030669,0.055154,0.124659,0.224179,17,33.47,74.57
151001,2023,3,0.020858,0.111098,0.033947,0.18081,6,14.48,43.33
151001,2023,4,0.02215,0.041817,0.097488,0.184047,21,28.12,72.78
151001,2024,1,0.014516,0.114342,0.030593,0.240988,5,14.25,35.63
151001,2024,2,0.025197,0.045803,0.133887,0.243378,11,25.98,74.17
151001,2024,3,0.027595,0.113766,0.082148,0.338675,4,26.03,49.25
151001,2024,4,0.03196,0.058206,0.145114,0.264285,13,27.09,74.1
151001,2025,1,0.028136,0.109589,0.075494,0.294042,4,19.67,50.67
151001,2025,2,0.029514,0.05319,0.141179,0.254433,14,29.33,74.49
151001,2025,3,0.030101,0.12265,0.085447,0.348164,5,27.27,49.54
151001,2025,4,0.035957,0.064716,0.16312,0.29358,14,39.02,74.54
151001,2026,1,0.030355,0.110466,0.107342,0.390638,4,30.19,52.42
151001,2026,2,0.039279,0.112153,0.177982,0.50819,3,40.87,59.18
160220,2014,1,0.00021,0.700023,0.0002,0.667765,6,1.42,1.73
160220,2014,2,0.000308,0.286344,0.000275,0.255517,9,1.38,3.28
160220,2014,3,0.000268,0.154701,0.000358,0.206832,7,1.37,4.16
160220,2014,4,0.000673,0.374511,0.000633,0.352243,8,2.51,4.24
160220,2015,1,0.00017,0.19087,0.000152,0.171381,8,1.09,2.98
160220,2015,2,0.000224,0.255113,0.000206,0.235638,9,1.26,2.96
160220,2015,3,0.000317,0.146052,0.000455,0.209448,6,1.63,4.66
160220,2015,4,6.1e-05,0.148633,7e-05,0.169081,14,0.53,2.03
160220,2016,1,0.001037,0.178173,0.001404,0.241104,6,2.98,7.63
160220,2016,2,0.001138,0.234168,0.001831,0.376868,13,4.2,6.97
160220,2016,3,0.00124,0.296241,0.002191,0.523356,6,4.71,6.47
160220,2016,4,0.002081,0.310989,0.003691,0.551595,4,6.13,8.18
160220,2017,1,0.003517,0.331488,0.006217,0.586053,4,7.98,10.3
160220,2017,2,0.00618,0.347273,0.010877,0.611226,4,10.57,13.34
160220,2017,3,0.008594,0.633194,0.008156,0.600936,3,9.09,11.65
160220,2017,4,0.005024,0.197984,0.006664,0.262592,6,7.58,15.93
160220,2018,1,0.006112,0.101718,0.007032,0.117019,10,6.07,24.5132
160220,2018,2,0.010201,0.060831,0.017752,0.105858,17,11.92,40.9505
160220,2018,3,0.009416,0.124071,0.008059,0.106197,13,6.67,27.5479
160220,2018,4,0.007077,0.049633,0.007898,0.05539,15,6.68,37.76
160220,2019,1,0.012395,0.114859,0.023609,0.218781,5,12.56,32.85
160220,2019,2,0.024365,0.046546,0.043314,0.082747,19,15.75,72.35
160220,2019,3,0.008557,0.112986,0.01397,0.184453,6,8.15,27.52
160220,2019,4,0.002194,0.035994,0.00426,0.069878,19,4.44,24.69
160220,2020,1,0.00091,0.101082,0.00062,0.068824,10,1.15,9.49
160220,2020,2,0.000822,0.022688,0.001274,0.035131,24,2.19,19.04
160220,2020,3,0.000395,0.101721,0.00045,0.115994,8,1.51,6.23
160220,2020,4,0.00093,0.032271,0.002004,0.069523,23,2.67,16.98
160220,2021,1,0.000449,0.099938,0.000465,0.103458,10,1.2874,6.7008
160220,2021,2,0.00106,0.029632,0.002586,0.072315,23,4.0042,18.9114
160220,2021,3,0.000376,0.112277,0.000736,0.219938,8,2.5588,5.7844
160220,2021,4,0.000638,0.024334,0.002096,0.079964,23,3.85,16.19
160220,2022,1,0.000513,0.122628,0.000624,0.149088,7,1.64,6.47
160220,2022,2,0.00063,0.028301,0.00145,0.065148,22,2.71,14.92
160220,2022,3,0.000458,0.143545,0.000626,0.196042,6,1.96,5.65
160220,2022,4,0.00086,0.031318,0.002238,0.081509,15,3.19,16.57
160220,2023,1,0.000802,0.105407,0.001594,0.209443,10,2.7,8.7231
160220,2023,2,0.001112,0.023897,0.002941,0.063187,22,2.92,21.5729
160220,2023,3,0.000807,0.104979,0.000757,0.098522,10,2.08,8.7673
160220,2023,4,0.001132,0.033334,0.001742,0.051272,21,3.51,18.43
160220,2024,1,0.000522,0.107101,0.000518,0.106407,8,1.52,6.98
160220,2024,2,0.000622,0.033458,0.001425,0.076697,17,3.08,13.63
160220,2024,3,0.00069,0.104351,0.001037,0.156902,7,2.45,8.13
160220,2024,4,0.001327,0.049645,0.002924,0.10938,16,4.78,16.35
160220,2025,1,0.009295,0.103903,0.036925,0.412754,4,18.59,29.91
160220,2025,2,0.020316,0.027411,0.124291,0.167701,21,34.33,86.09
160220,2025,3,0.039107,0.111888,0.175036,0.500793,2,37.16,59.12
160220,2025,4,0.017242,0.052624,0.109514,0.334248,14,28.1,57.24
160220,2026,1,0.035738,0.118228,0.141551,0.468278,2,28.39,54.98
160220,2026,2,0.04279,0.11328,0.153718,0.406947,3,30.1,61.46
160226,2016,1,0.001037,0.178173,0.001404,0.241104,6,2.98,7.63
160226,2016,2,0.001138,0.234168,0.001831,0.376868,13,4.2,6.97
160226,2016,3,0.00124,0.296241,0.002191,0.523356,6,4.71,6.47
160226,2016,4,0.002081,0.310989,0.003691,0.551595,4,6.13,8.18
160226,2017,1,0.003517,0.331488,0.006217,0.586053,4,7.98,10.3
160226,2017,2,0.00618,0.347273,0.010877,0.611226,4,10.57,13.34
160226,2017,3,0.008594,0.633194,0.008156,0.600936,3,9.09,11.65
160226,2017,4,0.005024,0.197984,0.006664,0.262592,6,7.58,15.93
160226,2018,1,0.006112,0.102659,0.006996,0.117515,8,6.07,24.4
160226,2018,2,0.010201,0.06107,0.017764,0.10635,16,11.92,40.87
160226,2018,3,0.009415,0.125045,0.008078,0.107283,9,6.67,27.44
160226,2018,4,0.007077,0.049633,0.007898,0.05539,15,6.68,37.76
160226,2019,1,0.012396,0.113161,0.023889,0.218082,8,12.6914,33.097
160226,2019,2,0.024365,0.046474,0.043341,0.082671,19,15.75,72.406
160226,2019,3,0.008557,0.112332,0.013962,0.183285,10,8.15,27.6002
160226,2019,4,0.002194,0.035994,0.00426,0.069878,19,4.44,24.69
160226,2020,1,0.00091,0.101082,0.00062,0.068824,10,1.15,9.49
160226,2020,2,0.000822,0.022688,0.001274,0.035131,24,2.19,19.04
160226,2020,3,0.000395,0.101721,0.00045,0.115994,8,1.51,6.23
160226,2020,4,0.00093,0.032271,0.002004,0.069523,23,2.67,16.98
160226,2021,1,0.000449,0.100859,0.000462,0.103922,8,1.28,6.67
160226,2021,2,0.00106,0.029699,0.002581,0.072333,23,4.0,18.89
160226,2021,3,0.000376,0.113227,0.000731,0.220449,7,2.55,5.76
160226,2021,4,0.000638,0.024334,0.002096,0.079964,23,3.85,16.19
160226,2022,1,0.000513,0.122628,0.000624,0.149088,7,1.64,6.47
160226,2022,2,0.00063,0.028301,0.00145,0.065148,22,2.71,14.92
160226,2022,3,0.000458,0.143545,0.000626,0.196042,6,1.96,5.65
160226,2022,4,0.00086,0.031318,0.002238,0.081509,15,3.19,16.57
160226,2023,1,0.000802,0.106697,0.001594,0.212025,5,2.7,8.67
160226,2023,2,0.001112,0.023926,0.002942,0.063295,21,2.92,21.56
160226,2023,3,0.000807,0.105153,0.000758,0.098739,9,2.08,8.76
160226,2023,4,0.001132,0.033334,0.001742,0.051272,21,3.51,18.43
160226,2024,1,0.000522,0.107101,0.000518,0.106407,8,1.52,6.98
160226,2024,2,0.000622,0.033458,0.001425,0.076697,17,3.08,13.63
160226,2024,3,0.00069,0.104351,0.001037,0.156902,7,2.45,8.13
160226,2024,4,0.001327,0.049645,0.002924,0.10938,16,4.78,16.35
160226,2025,1,0.009295,0.103903,0.036925,0.412754,4,18.59,29.91
160226,2025,2,0.020316,0.027411,0.124291,0.167701,21,34.33,86.09
160226,2025,3,0.039107,0.111888,0.175036,0.500793,2,37.16,59.12
160226,2025,4,0.017242,0.052624,0.109514,0.334248,14,28.1,57.24
160226,2026,1,0.035738,0.118228,0.141551,0.468278,2,28.39,54.98
160226,2026,2,0.04279,0.11328,0.153718,0.406947,3,30.1,61.46
160605,2018,2,0.063947,0.078493,0.40427,0.496227,16,63.46,90.26
160605,2018,4,0.050081,0.070673,0.26454,0.373314,22,51.85,84.18
160605,2019,2,0.058473,0.067913,0.356945,0.414571,14,59.77,92.79
160605,2019,4,0.061737,0.080802,0.353619,0.462822,14,59.46,87.41
160605,2020,1,0.057197,0.106049,0.275177,0.510208,3,51.13,73.44
160605,2020,2,0.06977,0.077145,0.391086,0.432425,16,59.83,95.1
160605,2020,3,0.056526,0.108767,0.26189,0.503928,3,49.05,72.09
160605,2020,4,0.059167,0.083833,0.354886,0.502837,20,57.5,84.01
160605,2021,1,0.0505,0.106009,0.229055,0.480827,3,45.54,69.02
160605,2021,2,0.055464,0.071427,0.268295,0.345513,25,46.87,88.12
160605,2021,3,0.049328,0.112967,0.220214,0.50432,3,44.64,66.08
160605,2021,4,0.045577,0.063142,0.209807,0.290664,21,41.42,84.96
160605,2022,1,0.037132,0.112544,0.155225,0.470471,3,38.37,57.44
160605,2022,2,0.048021,0.06549,0.214495,0.292526,24,43.66,85.63
160605,2022,3,0.044694,0.120705,0.204786,0.553068,4,45.38,60.85
160605,2022,4,0.040759,0.059856,0.170439,0.250294,21,39.2,82.52
160605,2023,1,0.018717,0.086227,0.044684,0.205859,7,18.82,46.59
160605,2023,2,0.027449,0.037592,0.094669,0.129653,22,21.31,85.45
160605,2023,3,0.031811,0.098811,0.038626,0.119977,8,15.4,56.74
160605,2023,4,0.038797,0.047696,0.063696,0.078306,24,19.5,90.19
160605,2024,1,0.044343,0.098107,0.053992,0.119455,8,16.96,67.23
160605,2024,2,0.051718,0.067875,0.066855,0.087741,16,17.23,87.29
160605,2024,3,0.054082,0.108105,0.062306,0.124543,7,14.85,70.73
160605,2024,4,0.056277,0.075215,0.102907,0.137535,15,23.68,86.5
160605,2025,1,0.048788,0.104158,0.120902,0.258116,5,29.65,68.44
160605,2025,2,0.048966,0.0567,0.250197,0.289714,16,47.5,92.93
160605,2025,3,0.039648,0.098017,0.181102,0.447723,4,42.18,63.6
160605,2025,4,0.050056,0.059489,0.268764,0.31941,13,49.63,91.73
160605,2026,1,0.034888,0.099986,0.133849,0.383603,4,35.5,59.07
160605,2026,2,0.040438,0.107124,0.168228,0.445653,4,40.24,61.44
161606,2018,2,0.046598,0.059213,0.056644,0.071979,17,15.25,88.71
161606,2018,4,0.058429,0.072263,0.093268,0.115351,13,20.49,89.92
161606,2019,2,0.0652,0.087849,0.095483,0.128651,13,21.82,86.15
161606,2019,4,0.064832,0.073874,0.109437,0.124701,14,21.71,93.68
161606,2020,1,0.063341,0.099193,0.120772,0.189131,7,25.67,79.91
161606,2020,2,0.061564,0.068302,0.108335,0.12019,18,22.18,94.94
161606,2020,3,0.058094,0.09615,0.102632,0.169866,7,20.15,77.73
161606,2020,4,0.062067,0.06896,0.13695,0.152161,23,34.15,94.87
161606,2021,1,0.062056,0.101946,0.147594,0.242469,6,34.02,78.02
161606,2021,2,0.064381,0.071789,0.142077,0.158425,23,30.24,94.7
161606,2021,3,0.059792,0.107786,0.084074,0.151559,7,19.05,74.48
161606,2021,4,0.062471,0.070296,0.114734,0.129105,26,24.94,94.27
161606,2022,1,0.044295,0.10526,0.08608,0.204556,7,26.14,64.87
161606,2022,2,0.048188,0.05362,0.123656,0.137594,24,26.67,94.8
161606,2022,3,0.050253,0.108584,0.171046,0.369584,4,39.38,68.03
161606,2022,4,0.065249,0.073097,0.238172,0.266815,20,46.39,94.48
161606,2023,1,0.064687,0.111816,0.185513,0.320673,4,37.32,76.06
161606,2023,2,0.064031,0.072915,0.197248,0.224616,23,39.17,93.71
161606,2023,3,0.057735,0.106553,0.144535,0.266747,5,27.87,73.61
161606,2023,4,0.0777,0.086404,0.250733,0.278818,20,39.66,94.83
161606,2024,1,0.062916,0.108983,0.19881,0.344381,3,35.09,75.98
161606,2024,2,0.064294,0.071631,0.215253,0.239818,11,36.66,94.74
161606,2024,3,0.065878,0.109372,0.169625,0.281614,4,29.57,77.61
161606,2024,4,0.056068,0.066634,0.172958,0.20555,17,30.04,91.73
161606,2025,1,0.051892,0.105993,0.127232,0.25988,5,31.21,69.97
161606,2025,2,0.049646,0.057216,0.109344,0.126017,19,24.67,93.15
161606,2025,3,0.058075,0.104466,0.125649,0.22602,5,24.47,74.56
161606,2025,4,0.05556,0.062149,0.172062,0.192469,13,32.63,94.55
161606,2026,1,0.048559,0.111038,0.116973,0.267479,6,31.05,66.13
161606,2026,2,0.057872,0.113742,0.215303,0.423161,3,37.66,71.33
161810,2018,2,0.048478,0.054354,0.187664,0.210412,14,38.56,94.44
161810,2018,4,0.041949,0.05975,0.111138,0.158298,14,22.84,83.79
161810,2019,2,0.059311,0.067569,0.199505,0.227283,13,37.44,93.69
161810,2019,4,0.043769,0.050737,0.244411,0.283319,15,43.33,92.88
161810,2020,1,0.050248,0.072624,0.197951,0.286101,5,38.83,83.18
161810,2020,2,0.059827,0.06842,0.274017,0.313373,15,49.65,93.51
161810,2020,3,0.041052,0.079542,0.157196,0.304585,6,37.16,71.84
161810,2020,4,0.052974,0.061953,0.232024,0.271351,14,45.82,92.47
161810,2021,1,0.05745,0.100148,0.196661,0.342821,7,42.82,75.74
161810,2021,2,0.065634,0.073981,0.193029,0.217577,14,38.71,94.19
161810,2021,3,0.054686,0.095759,0.16906,0.296034,6,39.24,75.57
161810,2021,4,0.054305,0.073562,0.164224,0.222458,12,35.96,85.92
161810,2022,1,0.052658,0.08684,0.174565,0.287883,4,36.75,77.87
161810,2022,2,0.060977,0.06808,0.23969,0.267609,9,38.89,94.64
161810,2022,3,0.06179,0.086273,0.219845,0.306951,3,31.55,84.63
161810,2022,4,0.063466,0.072179,0.238911,0.271711,18,35.13,93.77
161810,2023,1,0.056563,0.081849,0.197707,0.286093,4,33.58,83.13
161810,2023,2,0.067603,0.075462,0.264744,0.295519,14,40.2,94.65
161810,2023,3,0.069864,0.085775,0.271166,0.332921,3,37.92,90.25
161810,2023,4,0.066093,0.073995,0.322499,0.361055,9,45.46,94.51
161810,2024,1,0.060844,0.10725,0.208316,0.367199,4,38.39,75.32
161810,2024,2,0.075823,0.08478,0.386586,0.432254,10,59.12,94.57
161810,2024,3,0.074371,0.089044,0.398142,0.476696,3,59.15,91.39
161810,2024,4,0.066383,0.074445,0.357376,0.400779,9,57.46,94.43
161810,2025,1,0.075216,0.09545,0.465783,0.591087,3,68.25,88.77
161810,2025,2,0.078264,0.087306,0.483132,0.538951,13,68.52,94.68
161810,2025,3,0.07136,0.105972,0.498085,0.739674,3,71.71,82.06
161810,2025,4,0.075098,0.083686,0.70031,0.780397,12,85.12,94.73
161810,2026,1,0.05084,0.102346,0.272138,0.547845,3,52.08,70.48
161810,2026,2,0.051687,0.105726,0.288817,0.590773,3,54.02,69.92
161903,2018,2,0.032996,0.042195,0.095693,0.122372,13,21.77,88.43
161903,2018,4,0.026569,0.04268,0.076477,0.12285,11,22.22,78.9
161903,2019,2,0.053538,0.07298,0.15135,0.206314,12,28.52,85.65
161903,2019,4,0.032528,0.056763,0.111463,0.194509,8,23.2,75.7
161903,2020,1,0.045155,0.069924,0.100538,0.155686,7,23.43,80.36
161903,2020,2,0.056314,0.06542,0.127548,0.148172,13,26.05,92.78
161903,2020,3,0.056136,0.074732,0.113713,0.151381,7,25.37,86.67
161903,2020,4,0.054347,0.062634,0.146244,0.168544,22,30.81,93.15
161903,2021,1,0.049792,0.075294,0.141446,0.213893,6,31.84,81.32
161903,2021,2,0.060042,0.066922,0.211474,0.235708,22,35.73,94.72
161903,2021,3,0.063307,0.079761,0.26163,0.329632,4,41.26,89.09
161903,2021,4,0.06204,0.071163,0.274431,0.314788,19,45.89,93.37
161903,2022,1,0.056253,0.081774,0.264461,0.384445,4,49.8,82.94
161903,2022,2,0.064115,0.071132,0.302449,0.335547,11,49.01,94.94
161903,2022,3,0.055103,0.078467,0.198212,0.282255,4,32.27,83.8
161903,2022,4,0.057767,0.065586,0.262952,0.298543,10,38.34,93.85
161903,2023,1,0.056391,0.079484,0.217111,0.306019,5,42.76,84.23
161903,2023,2,0.053546,0.077169,0.186989,0.26948,12,39.16,83.3
161903,2023,3,0.059186,0.068608,0.188623,0.21865,5,33.05,92.88
161903,2023,4,0.052793,0.067223,0.181532,0.231148,9,30.19,88.62
161903,2024,1,0.043975,0.076557,0.116088,0.202098,5,21.87,75.79
161903,2024,2,0.064342,0.073474,0.213311,0.243584,7,34.92,93.58
161903,2024,3,0.065878,0.073272,0.235475,0.261905,5,34.84,94.82
161903,2024,4,0.064706,0.073558,0.253654,0.288355,9,39.61,93.79
161903,2025,1,0.063996,0.07943,0.221371,0.274761,4,34.67,89.76
161903,2025,2,0.063109,0.073487,0.252979,0.294582,12,40.13,92.67
161903,2025,3,0.059834,0.085204,0.184533,0.262776,4,28.76,83.8
161903,2025,4,0.064454,0.07335,0.22656,0.25783,11,35.8,93.74
161903,2026,1,0.065258,0.081632,0.193197,0.241673,4,32.5,89.41
161903,2026,2,0.062328,0.101533,0.23193,0.377815,4,45.99,78.35
162006,2018,2,0.016403,0.028361,0.054148,0.093623,23,19.75,76.05
162006,2018,4,0.011934,0.026185,0.015751,0.03456,22,7.86,67.51
162006,2019,2,0.022583,0.034293,0.042767,0.064943,20,13.33,81.15
162006,2019,4,0.032593,0.038743,0.047606,0.056589,18,13.11,91.72
162006,2020,1,0.034706,0.099062,0.067126,0.191599,6,21.52,59.19
162006,2020,2,0.053276,0.066243,0.1108,0.137769,19,28.28,89.68
162006,2020,3,0.039855,0.116499,0.04631,0.135365,7,13.13,58.49
162006,2020,4,0.038906,0.047513,0.053609,0.065469,22,13.6,90.49
162006,2021,1,0.030375,0.105647,0.025468,0.088582,9,9.46,53.62
162006,2021,2,0.038986,0.047339,0.052706,0.063998,18,15.1,90.75
162006,2021,3,0.033185,0.105444,0.036659,0.116482,8,13.25,56.1
162006,2021,4,0.032388,0.046665,0.060408,0.087036,21,19.74,83.31
162006,2022,1,0.021124,0.12096,0.021196,0.121372,7,8.32,41.79
162006,2022,2,0.035746,0.042014,0.09057,0.10645,18,24.29,92.24
162006,2022,3,0.02315,0.088933,0.046174,0.177385,7,15.14,51.02
162006,2022,4,0.032698,0.04322,0.071439,0.094427,18,17.97,86.98
162006,2023,1,0.028234,0.110229,0.031043,0.121195,8,12.82,50.61
162006,2023,2,0.030817,0.038826,0.065769,0.082864,22,15.39,89.09
162006,2023,3,0.025359,0.111922,0.030206,0.133317,7,12.4,47.6
162006,2023,4,0.035141,0.043413,0.09045,0.111741,22,25.67,89.97
162006,2024,1,0.032513,0.130889,0.030259,0.121814,8,12.18,49.84
162006,2024,2,0.042828,0.054044,0.103773,0.130951,16,27.6,89.02
162006,2024,3,0.036347,0.122325,0.054046,0.181892,6,17.36,54.51
162006,2024,4,0.0386,0.054836,0.093298,0.13254,15,24.41,83.9
162006,2025,1,0.039123,0.114124,0.099695,0.290818,5,29.56,58.55
162006,2025,2,0.048526,0.062083,0.112258,0.14362,17,23.96,88.41
162006,2025,3,0.037375,0.099625,0.068202,0.181795,5,17.75,61.25
162006,2025,4,0.044305,0.055126,0.113727,0.141503,13,22.2,89.65
162006,2026,1,0.02148,0.110549,0.047944,0.246746,5,19.79,44.08
162006,2026,2,0.024154,0.114946,0.04769,0.226953,6,18.7,45.84
162201,2018,2,0.024604,0.034895,0.122773,0.174123,12,30.53,83.97
162201,2018,4,0.024389,0.032678,0.065749,0.088097,14,17.41,86.39
162201,2019,2,0.030828,0.036162,0.17123,0.20086,17,36.62,92.33
162201,2019,4,0.039811,0.045793,0.115947,0.133369,20,29.76,93.24
162201,2020,1,0.035878,0.103174,0.064602,0.185774,7,21.46,58.97
162201,2020,2,0.049157,0.072258,0.092544,0.136035,15,24.74,82.48
162201,2020,3,0.024226,0.106339,0.02399,0.105305,8,9.51,47.73
162201,2020,4,0.034691,0.041518,0.153973,0.184271,24,31.77,91.41
162201,2021,1,0.039993,0.117866,0.102475,0.302015,5,29.94,58.25
162201,2021,2,0.044665,0.052759,0.529042,0.624913,28,73.9,92.01
162201,2021,3,0.032961,0.098287,0.324539,0.967742,1,57.91,57.91
162201,2021,4,0.028766,0.032751,0.348122,0.396339,21,59.79,93.72
162201,2022,1,0.027906,0.103283,0.10145,0.375474,4,30.37,51.98
162201,2022,2,0.03743,0.041922,0.358022,0.400994,23,60.44,94.49
162201,2022,3,0.047121,0.118158,0.246152,0.617243,3,49.82,63.15
162201,2022,4,0.047413,0.053127,0.44951,0.503676,25,67.94,94.47
162201,2023,1,0.015786,0.105672,0.068013,0.455298,3,24.2,38.65
162201,2023,2,0.046806,0.053483,0.187119,0.213811,22,32.18,93.55
162201,2023,3,0.037578,0.120774,0.085367,0.274369,5,22.19,55.78
162201,2023,4,0.048266,0.055937,0.17918,0.20766,23,36.16,92.89
162201,2024,1,0.049451,0.1279,0.131625,0.340437,5,28.04,62.18
162201,2024,2,0.059241,0.066016,0.305991,0.340984,9,51.33,94.73
162201,2024,3,0.063054,0.109713,0.282713,0.491918,2,46.24,75.81
162201,2024,4,0.054444,0.062665,0.287339,0.330727,9,38.96,93.21
162201,2025,1,0.026722,0.110304,0.076584,0.316122,3,19.65,49.22
162201,2025,2,0.034729,0.040633,0.148821,0.174121,14,28.77,92.45
162201,2025,3,0.046665,0.11062,0.173275,0.41075,3,32.92,64.95
162201,2025,4,0.057925,0.067379,0.282082,0.328117,7,39.6,92.72
162201,2026,1,0.046281,0.118251,0.13921,0.355693,5,34.58,62.56
162201,2026,2,0.050577,0.116603,0.156109,0.359902,4,33.82,65.86
162204,2018,2,0.019453,0.030548,0.063105,0.099096,21,20.76,79.8
162204,2018,4,0.015903,0.030729,0.032688,0.063161,18,13.11,71.94
162204,2019,2,0.028943,0.043097,0.097272,0.144841,20,30.19,81.95
162204,2019,4,0.032805,0.040491,0.081957,0.101159,17,20.21,90.01
162204,2020,1,0.029686,0.105524,0.080559,0.286358,4,21.81,53.04
162204,2020,2,0.042651,0.052691,0.112917,0.139496,17,28.7,89.97
162204,2020,3,0.032445,0.104954,0.080517,0.260458,5,20.52,55.6
162204,2020,4,0.0399,0.051174,0.093696,0.120171,20,23.9,88.3
162204,2021,1,0.033099,0.106838,0.062552,0.201908,6,18.5,55.66
162204,2021,2,0.035275,0.039317,0.095737,0.106708,24,22.77,94.72
162204,2021,3,0.018586,0.097146,0.034609,0.180898,6,13.51,43.74
162204,2021,4,0.025505,0.028584,0.07114,0.07973,25,23.17,94.46
162204,2022,1,0.010536,0.1083,0.034099,0.35052,4,16.85,31.19
162204,2022,2,0.013918,0.021956,0.096327,0.151951,25,28.95,79.62
162204,2022,3,0.008251,0.099818,0.011771,0.142413,8,8.34,28.75
162204,2022,4,0.012784,0.017912,0.092254,0.129264,25,27.57,84.48
162204,2023,1,0.008191,0.089275,0.016991,0.185189,9,12.01,30.29
162204,2023,2,0.01045,0.018657,0.045003,0.080347,27,17.36,74.84
162204,2023,3,0.00986,0.107396,0.014358,0.156392,6,7.63,30.3
162204,2023,4,0.013828,0.022259,0.057111,0.091928,23,21.28,78.82
162204,2024,1,0.011854,0.107605,0.01868,0.169576,6,8.66,33.19
162204,2024,2,0.019523,0.032766,0.093629,0.15714,21,28.76,77.19
162204,2024,3,0.018263,0.110253,0.052381,0.316216,5,21.41,40.7
162204,2024,4,0.019091,0.035196,0.094055,0.173395,19,27.16,73.65
162204,2025,1,0.016511,0.115247,0.051459,0.359193,4,20.04,37.85
162204,2025,2,0.021493,0.035896,0.140299,0.234313,17,34.64,77.38
162204,2025,3,0.022231,0.112009,0.081169,0.408973,4,26.1,44.55
162204,2025,4,0.021575,0.030607,0.099653,0.141366,20,27.23,83.96
162204,2026,1,0.015065,0.108866,0.025903,0.18718,7,13.68,37.2
162204,2026,2,0.014193,0.106888,0.033409,0.251597,5,13.96,36.44
162209,2018,2,0.022924,0.028811,0.07552,0.094914,24,19.59,89.2
162209,2018,4,0.020246,0.02958,0.03698,0.05403,23,10.9,82.73
162209,2019,2,0.044985,0.05576,0.163157,0.202236,20,37.14,89.82
162209,2019,4,0.031864,0.039664,0.04681,0.058268,23,12.68,89.63
162209,2020,1,0.025983,0.113576,0.018603,0.081318,10,8.12,47.83
162209,2020,2,0.037055,0.043741,0.048989,0.057829,20,13.76,92.04
162209,2020,3,0.038379,0.108662,0.026985,0.076404,10,9.54,59.43
162209,2020,4,0.051728,0.059565,0.048437,0.055775,25,13.08,93.19
162209,2021,1,0.034265,0.113356,0.03488,0.11539,8,12.88,54.98
162209,2021,2,0.028355,0.053633,0.037955,0.071792,26,12.52,72.71
162209,2021,3,0.017444,0.103166,0.041821,0.247334,5,16.7,41.12
162209,2021,4,0.028385,0.031961,0.144284,0.162461,26,35.6,94.24
162209,2022,1,0.020406,0.101673,0.04608,0.22959,4,13.77,44.8
162209,2022,2,0.046934,0.053264,0.149311,0.169449,22,32.44,93.87
162209,2022,3,0.037703,0.107798,0.056724,0.162181,6,16.31,59.14
162209,2022,4,0.046387,0.052263,0.141644,0.159589,22,32.83,94.21
162209,2023,1,0.027621,0.110661,0.036988,0.148189,6,13.34,49.96
162209,2023,2,0.040418,0.053869,0.089372,0.119114,24,20.44,86.62
162209,2023,3,0.032336,0.108469,0.060253,0.202111,6,19.86,54.6
162209,2023,4,0.039266,0.050659,0.096129,0.124021,20,19.65,88.04
162209,2024,1,0.032563,0.110316,0.070164,0.237703,5,20.04,54.33
162209,2024,2,0.034081,0.048152,0.096299,0.136056,16,21.29,84.13
162209,2024,3,0.024509,0.108354,0.052401,0.231661,4,14.85,47.56
162209,2024,4,0.029635,0.040586,0.096332,0.131931,20,22.27,85.45
162209,2025,1,0.025642,0.112227,0.079654,0.348619,4,26.53,47.8
162209,2025,2,0.020407,0.02991,0.045291,0.066382,19,14.82,82.6
162209,2025,3,0.013168,0.102287,0.024908,0.193482,6,11.59,35.88
162209,2025,4,0.021282,0.027558,0.0424,0.054901,20,14.59,87.88
162209,2026,1,0.01176,0.104349,0.011617,0.103081,8,6.0,33.57
162209,2026,2,0.010507,0.107315,0.017097,0.174629,6,10.16,31.29
162214,2018,2,0.022477,0.026039,0.058775,0.068088,23,19.27,92.91
162214,2018,4,0.022644,0.028118,0.06314,0.078403,13,14.66,89.74
162214,2019,2,0.020976,0.023548,0.035508,0.039863,23,13.48,94.38
162214,2019,4,0.034619,0.044431,0.044417,0.057007,20,11.1,88.27
162214,2020,1,0.023303,0.116157,0.030019,0.149635,8,15.08,44.79
162214,2020,2,0.029286,0.036471,0.066065,0.082273,23,21.72,89.61
162214,2020,3,0.020289,0.103617,0.029145,0.148844,7,12.01,44.25
162214,2020,4,0.042898,0.048997,0.086835,0.09918,16,18.82,93.57
162214,2021,1,0.017259,0.108303,0.022834,0.143288,7,10.26,39.92
162214,2021,2,0.030682,0.042159,0.105187,0.144532,14,18.62,85.31
162214,2021,3,0.020593,0.104274,0.075856,0.384097,3,25.16,44.44
162214,2021,4,0.027585,0.036749,0.230397,0.30693,15,48.36,86.64
162214,2022,1,0.024639,0.106542,0.102284,0.44228,4,31.57,48.09
162214,2022,2,0.027269,0.040555,0.113962,0.169486,15,31.03,82.0
162214,2022,3,0.029161,0.112955,0.139705,0.541144,4,37.61,50.81
162214,2022,4,0.040157,0.055254,0.368564,0.507136,7,61.6,85.25
162214,2023,1,0.013072,0.106466,0.089738,0.730886,2,30.23,35.04
162214,2023,2,0.029095,0.034122,0.366671,0.430028,6,60.55,92.34
162214,2023,3,0.016229,0.100725,0.104452,0.64828,2,32.13,40.14
162214,2023,4,0.029599,0.034608,0.298334,0.348824,9,54.77,92.48
162214,2024,1,0.018811,0.102019,0.075968,0.412011,3,25.99,42.94
162214,2024,2,0.049285,0.056533,0.270912,0.310752,6,51.07,93.37
162214,2024,3,0.050964,0.104545,0.196575,0.403244,5,44.17,69.82
162214,2024,4,0.062661,0.070421,0.495324,0.556659,5,71.34,94.33
162214,2025,1,0.052346,0.104046,0.343524,0.682805,3,59.42,70.93
162214,2025,2,0.063993,0.073767,0.707956,0.816082,3,85.46,93.14
162214,2025,3,0.058061,0.102918,0.545953,0.967742,1,75.11,75.11
162214,2025,4,0.069902,0.079806,0.847654,0.967742,1,93.59,93.59
162214,2026,1,0.068047,0.107449,0.483772,0.763893,3,70.73,79.58
162214,2026,2,0.039575,0.103153,0.261495,0.681587,3,51.84,61.94
162703,2018,2,0.021715,0.043554,0.043583,0.087415,15,15.19,70.61
162703,2018,4,0.047805,0.058304,0.091062,0.11106,12,18.56,90.55
162703,2019,2,0.048185,0.05473,0.148762,0.168969,15,28.11,93.83
162703,2019,4,0.059544,0.07003,0.1816,0.21358,11,38.21,92.21
162703,2020,1,0.02586,0.055031,0.063838,0.135851,11,16.89,68.55
162703,2020,2,0.036721,0.041825,0.114046,0.129898,20,20.98,93.7
162703,2020,3,0.04635,0.075989,0.122499,0.200831,9,30.5,78.1
162703,2020,4,0.057196,0.064869,0.161223,0.182851,24,31.73,93.9
162703,2021,1,0.052959,0.086425,0.088052,0.143694,10,19.6,78.28
162703,2021,2,0.06,0.068267,0.098214,0.111746,23,22.43,93.75
162703,2021,3,0.06174,0.095677,0.102659,0.15909,9,24.83,80.33
162703,2021,4,0.055022,0.064641,0.136753,0.160661,18,33.23,92.26
162703,2022,1,0.061129,0.093771,0.127271,0.195232,8,31.85,80.74
162703,2022,2,0.063922,0.074854,0.207447,0.242924,10,43.94,92.41
162703,2022,3,0.05389,0.091629,0.142844,0.242876,8,36.26,76.69
162703,2022,4,0.056444,0.064262,0.181079,0.20616,10,40.1,93.72
162703,2023,1,0.051778,0.08758,0.131821,0.222969,7,33.84,76.89
162703,2023,2,0.04631,0.061707,0.158422,0.211096,10,37.51,86.63
162703,2023,3,0.03914,0.101789,0.083074,0.216045,7,23.54,62.01
162703,2023,4,0.04545,0.060006,0.17295,0.228341,9,37.63,87.03
162703,2024,1,0.039045,0.072216,0.12162,0.224945,7,31.77,73.53
162703,2024,2,0.051335,0.058345,0.174905,0.198791,7,32.44,93.8
162703,2024,3,0.047847,0.092943,0.114659,0.222723,6,27.06,71.75
162703,2024,4,0.058788,0.065859,0.229296,0.256872,5,40.9,94.48
162703,2025,1,0.044688,0.093564,0.12032,0.251916,6,31.02,69.11
162703,2025,2,0.034474,0.046085,0.115959,0.155014,12,29.97,86.49
162703,2025,3,0.024788,0.091601,0.039228,0.144962,8,14.06,52.02
162703,2025,4,0.03404,0.040209,0.162604,0.192071,13,38.85,92.01
162703,2026,1,0.02622,0.071116,0.067793,0.183876,6,20.89,60.72
162703,2026,2,0.033029,0.108593,0.10207,0.335587,4,26.28,55.15
163402,2018,2,0.023456,0.035584,0.026216,0.039771,27,12.25,81.19
163402,2018,4,0.041917,0.06035,0.036466,0.052502,28,12.98,83.34
163402,2019,2,0.041853,0.069129,0.035226,0.058182,26,9.57,77.81
163402,2019,4,0.045643,0.060316,0.03672,0.048525,26,11.11,86.99
163402,2020,1,0.039997,0.079928,0.028433,0.056818,16,10.47,70.74
163402,2020,2,0.040172,0.049749,0.033795,0.041852,28,9.87,89.86
163402,2020,3,0.028113,0.06304,0.022781,0.051083,18,9.63,66.78
163402,2020,4,0.029892,0.047271,0.030751,0.04863,30,10.7,79.52
163402,2021,1,0.026216,0.070361,0.029896,0.080238,15,9.64,61.04
163402,2021,2,0.028934,0.070683,0.036426,0.088987,28,15.27,63.98
163402,2021,3,0.031395,0.095521,0.032283,0.098223,14,12.21,57.33
163402,2021,4,0.029042,0.040935,0.110641,0.155949,26,30.45,84.23
163402,2022,1,0.029953,0.060746,0.084907,0.172195,11,25.48,70.22
163402,2022,2,0.026443,0.033792,0.069953,0.089394,23,21.0,88.46
163402,2022,3,0.031801,0.072961,0.101883,0.23375,12,23.51,66.02
163402,2022,4,0.037313,0.048194,0.125727,0.162391,23,28.73,87.99
163402,2023,1,0.027188,0.085835,0.069367,0.219002,10,19.94,56.28
163402,2023,2,0.036374,0.045359,0.107754,0.13437,18,29.03,89.55
163402,2023,3,0.033672,0.100545,0.085971,0.256711,8,25.92,57.87
163402,2023,4,0.039666,0.045961,0.153307,0.177636,21,38.29,92.9
163402,2024,1,0.02974,0.111095,0.066019,0.246612,9,23.9,51.74
163402,2024,2,0.038859,0.047362,0.136024,0.165787,23,37.19,90.58
163402,2024,3,0.038666,0.093405,0.115155,0.278178,9,32.65,64.34
163402,2024,4,0.037462,0.045458,0.112784,0.136857,21,32.66,90.78
163402,2025,1,0.031413,0.081931,0.102732,0.267945,9,31.45,61.92
163402,2025,2,0.032603,0.040775,0.114942,0.143751,23,32.77,89.42
163402,2025,3,0.024972,0.084322,0.085044,0.287162,10,28.58,54.42
163402,2025,4,0.026498,0.032867,0.121949,0.151259,21,32.58,89.79
163402,2026,1,0.021576,0.076782,0.05271,0.187575,11,21.46,53.01
163402,2026,2,0.028174,0.119232,0.067706,0.286535,6,24.89,48.61
163406,2018,2,0.033,0.04377,0.05494,0.072869,23,19.88,86.83
163406,2018,4,0.036922,0.04969,0.048397,0.065133,23,14.48,86.2
163406,2019,2,0.03997,0.04903,0.056715,0.069569,19,14.81,90.29
163406,2019,4,0.031014,0.037842,0.051871,0.063291,22,18.08,90.53
163406,2020,1,0.024776,0.089346,0.034365,0.123923,11,13.51,52.66
163406,2020,2,0.028077,0.036356,0.079011,0.102307,23,26.59,87.88
163406,2020,3,0.020787,0.073225,0.025879,0.091163,9,8.78,53.28
163406,2020,4,0.026333,0.034855,0.048614,0.064346,22,15.51,86.92
163406,2021,1,0.027801,0.047829,0.04015,0.069075,13,11.87,76.24
163406,2021,2,0.028507,0.038859,0.052058,0.070964,23,14.53,85.65
163406,2021,3,0.026443,0.050656,0.046286,0.088669,15,15.75,72.25
163406,2021,4,0.02454,0.027843,0.066483,0.075433,26,20.58,93.88
163406,2022,1,0.023384,0.041794,0.05145,0.091956,17,19.7,74.8
163406,2022,2,0.023759,0.03364,0.049909,0.070666,22,18.98,84.04
163406,2022,3,0.02359,0.038824,0.055708,0.091682,16,20.61,77.95
163406,2022,4,0.022364,0.027083,0.068701,0.0832,21,21.46,90.87
163406,2023,1,0.020838,0.036957,0.053724,0.095281,15,19.04,75.09
163406,2023,2,0.024332,0.027874,0.083815,0.096017,25,25.48,93.43
163406,2023,3,0.020969,0.042248,0.061605,0.124124,13,23.09,70.45
163406,2023,4,0.023687,0.027822,0.137563,0.161577,16,35.82,92.27
163406,2024,1,0.021017,0.050098,0.066576,0.158697,10,23.66,64.77
163406,2024,2,0.031715,0.036661,0.173842,0.200954,15,41.42,93.01
163406,2024,3,0.023258,0.054128,0.071185,0.16567,12,25.2,65.55
163406,2024,4,0.028445,0.032233,0.11335,0.128446,16,32.46,93.94
163406,2025,1,0.023553,0.05843,0.055202,0.136944,14,21.91,63.49
163406,2025,2,0.02676,0.033617,0.122027,0.153297,17,33.45,89.22
163406,2025,3,0.037246,0.069227,0.135603,0.252039,12,36.32,73.35
163406,2025,4,0.040197,0.046959,0.152551,0.178215,16,36.69,92.52
163406,2026,1,0.032468,0.065048,0.060149,0.120506,12,16.68,70.65
163406,2026,2,0.034883,0.105141,0.148053,0.446245,5,38.1,57.6
163411,2018,2,0.033117,0.042813,0.058179,0.075214,20,18.41,87.95
163411,2018,4,0.02708,0.033731,0.033883,0.042205,20,10.01,89.6
163411,2019,2,0.026252,0.033112,0.053872,0.067951,23,20.2,89.04
163411,2019,4,0.019478,0.02328,0.062617,0.07484,24,17.49,91.47
163411,2020,1,0.010041,0.089155,0.022457,0.199391,7,13.0,33.56
163411,2020,2,0.020002,0.024336,0.081149,0.098731,22,20.3,90.66
163411,2020,3,0.012849,0.100931,0.017874,0.140402,7,8.32,35.68
163411,2020,4,0.020558,0.025711,0.046105,0.057661,23,14.23,89.42
163411,2021,1,0.015021,0.112377,0.016237,0.12148,8,9.47,36.56
163411,2021,2,0.022351,0.026943,0.083623,0.100805,21,20.25,91.08
163411,2021,3,0.017442,0.10945,0.028213,0.177038,6,12.87,39.92
163411,2021,4,0.022491,0.026811,0.092188,0.109896,24,25.35,91.59
163411,2022,1,0.017032,0.118636,0.029233,0.203622,6,13.92,37.89
163411,2022,2,0.021585,0.026923,0.067215,0.083836,22,24.87,89.54
163411,2022,3,0.010833,0.097106,0.016243,0.1456,7,9.19,33.4
163411,2022,4,0.014416,0.018915,0.062481,0.081982,21,18.22,87.3
163411,2023,1,0.00887,0.110211,0.011778,0.146334,8,7.98,28.37
163411,2023,2,0.015356,0.021517,0.044052,0.061725,23,18.34,84.48
163411,2023,3,0.006782,0.099789,0.006184,0.090991,9,4.43,26.07
163411,2023,4,0.012409,0.014487,0.057654,0.067309,23,18.63,92.55
163411,2024,1,0.012539,0.107144,0.030735,0.262617,4,14.41,34.21
163411,2024,2,0.019295,0.02565,0.06004,0.079818,20,21.65,86.73
163411,2024,3,0.010937,0.102784,0.015824,0.148711,7,9.75,32.62
163411,2024,4,0.017136,0.022833,0.093774,0.124953,17,24.8,86.63
163411,2025,1,0.007738,0.095673,0.011619,0.143647,7,8.42,28.44
163411,2025,2,0.013499,0.02303,0.024801,0.042313,21,10.22,76.56
163411,2025,3,0.027174,0.12731,0.061449,0.287893,7,24.4,46.2
163411,2025,4,0.023277,0.029379,0.072723,0.09179,21,16.9,89.01
163411,2026,1,0.019535,0.117236,0.022263,0.133608,8,11.83,40.82
163411,2026,2,0.016492,0.116532,0.038684,0.273333,5,15.12,37.62
163412,2018,2,0.032614,0.054553,0.048411,0.080977,21,18.64,77.32
163412,2018,4,0.041303,0.052273,0.064072,0.081089,18,22.23,88.89
163412,2019,2,0.057319,0.069401,0.074406,0.090089,19,19.95,90.88
163412,2019,4,0.046073,0.056528,0.048424,0.059413,20,15.28,90.28
163412,2020,1,0.040397,0.095174,0.061388,0.144629,9,18.45,65.15
163412,2020,2,0.040536,0.051476,0.058724,0.074572,22,16.2,88.74
163412,2020,3,0.036765,0.099195,0.040436,0.109099,10,13.68,60.88
163412,2020,4,0.033274,0.040145,0.046725,0.056375,22,14.0,91.04
163412,2021,1,0.034637,0.087019,0.050271,0.126298,9,16.14,63.09
163412,2021,2,0.031825,0.042396,0.123914,0.165076,19,34.55,86.64
163412,2021,3,0.031431,0.077314,0.061517,0.15132,10,21.37,63.76
163412,2021,4,0.035678,0.045062,0.156711,0.197931,21,38.85,88.98
163412,2022,1,0.034284,0.093853,0.065485,0.179263,8,21.87,60.44
163412,2022,2,0.030252,0.042559,0.071632,0.100775,18,21.78,84.31
163412,2022,3,0.034833,0.091648,0.11676,0.307206,5,25.45,61.65
163412,2022,4,0.042991,0.057021,0.128014,0.169792,13,29.74,86.83
163412,2023,1,0.027372,0.127795,0.049859,0.232785,6,18.4,46.28
163412,2023,2,0.04124,0.052428,0.128667,0.163575,12,31.88,88.69
163412,2023,3,0.038984,0.11264,0.082982,0.239766,6,25.02,58.83
163412,2023,4,0.044655,0.051487,0.189165,0.218103,14,42.45,93.13
163412,2024,1,0.032738,0.115067,0.077022,0.270714,8,27.52,53.34
163412,2024,2,0.046836,0.055359,0.152013,0.179678,15,37.99,91.98
163412,2024,3,0.046667,0.106423,0.111579,0.254451,6,29.93,66.22
163412,2024,4,0.036086,0.042313,0.123804,0.145165,19,34.51,92.35
163412,2025,1,0.029116,0.118495,0.076429,0.311044,4,25.27,49.57
163412,2025,2,0.038637,0.046028,0.117428,0.139891,19,31.47,91.62
163412,2025,3,0.020113,0.092779,0.067317,0.310525,7,25.65,46.56
163412,2025,4,0.0241,0.02986,0.086267,0.106882,19,22.88,89.84
163412,2026,1,0.018432,0.115544,0.023614,0.14803,7,11.87,39.94
163412,2026,2,0.026021,0.112191,0.056845,0.245086,5,19.33,48.16
166001,2018,2,0.027129,0.039763,0.166374,0.243852,17,41.19,82.6
166001,2018,4,0.026367,0.044878,0.091081,0.155026,13,27.86,76.65
166001,2019,2,0.032618,0.051119,0.079743,0.124972,15,16.65,79.88
166001,2019,4,0.032559,0.041225,0.055352,0.070084,21,17.59,88.87
166001,2020,1,0.028427,0.096875,0.030314,0.103306,9,12.24,54.17
166001,2020,2,0.030424,0.037669,0.044952,0.055657,23,17.16,89.87
166001,2020,3,0.021957,0.081233,0.03049,0.112801,10,11.8,51.99
166001,2020,4,0.034911,0.04255,0.046429,0.056588,24,14.45,90.58
166001,2021,1,0.027763,0.077067,0.053004,0.147135,9,14.75,60.02
166001,2021,2,0.02485,0.037615,0.044546,0.067429,28,12.45,81.28
166001,2021,3,0.01701,0.096794,0.022399,0.127461,9,9.48,41.92
166001,2021,4,0.020318,0.026345,0.035647,0.046221,25,11.05,87.82
166001,2022,1,0.015727,0.083574,0.016333,0.086795,13,7.34,43.38
166001,2022,2,0.020896,0.025356,0.043747,0.053085,26,14.75,90.78
166001,2022,3,0.01225,0.086324,0.017102,0.120516,11,9.63,37.67
166001,2022,4,0.017658,0.020615,0.043403,0.050672,26,14.01,92.55
166001,2023,1,0.011336,0.077848,0.019478,0.133759,12,12.51,38.16
166001,2023,2,0.017873,0.022819,0.034658,0.04425,28,14.5,88.5
166001,2023,3,0.014194,0.100027,0.016546,0.116599,12,11.39,37.67
166001,2023,4,0.028616,0.033765,0.046208,0.054522,25,17.65,92.06
166001,2024,1,0.02938,0.11225,0.02603,0.09945,10,12.01,51.16
166001,2024,2,0.035381,0.050977,0.047697,0.068722,20,15.19,83.31
166001,2024,3,0.032759,0.106773,0.025741,0.0839,11,9.94,55.39
166001,2024,4,0.02814,0.0401,0.029655,0.04226,23,13.77,83.77
166001,2025,1,0.016105,0.108595,0.013103,0.088351,9,6.19,38.51
166001,2025,2,0.025971,0.034061,0.036658,0.048077,21,14.08,87.32
166001,2025,3,0.031223,0.101,0.032798,0.106096,10,11.96,55.6
166001,2025,4,0.040453,0.048076,0.102458,0.121765,17,26.5,91.73
166001,2026,1,0.032715,0.111983,0.059254,0.202827,5,17.23,54.05
166001,2026,2,0.04369,0.11395,0.055671,0.145201,8,18.07,61.92
166005,2018,2,0.017167,0.021365,0.056889,0.070799,23,17.12,89.64
166005,2018,4,0.012984,0.017138,0.048134,0.063535,21,14.59,87.04
166005,2019,2,0.019058,0.024399,0.063925,0.081839,22,16.4,88.38
166005,2019,4,0.02614,0.036078,0.04078,0.056283,22,13.19,85.12
166005,2020,1,0.018986,0.073689,0.023544,0.091378,11,11.95,50.76
166005,2020,2,0.030705,0.043453,0.053098,0.075144,22,15.18,84.06
166005,2020,3,0.018113,0.072799,0.024618,0.098944,11,9.9,49.88
166005,2020,4,0.027091,0.035678,0.046951,0.061831,28,14.55,87.14
166005,2021,1,0.019886,0.069398,0.023887,0.083363,13,11.99,53.53
166005,2021,2,0.026555,0.036754,0.038683,0.05354,29,15.26,85.0
166005,2021,3,0.026669,0.090117,0.032435,0.109601,9,13.04,54.4
166005,2021,4,0.033899,0.039636,0.06277,0.073393,27,17.21,92.48
166005,2022,1,0.0261,0.076448,0.041954,0.122886,9,14.39,58.43
166005,2022,2,0.033839,0.038256,0.069391,0.078449,27,18.18,94.05
166005,2022,3,0.033078,0.077715,0.048544,0.114054,10,13.86,65.24
166005,2022,4,0.036682,0.041638,0.054655,0.062039,26,16.66,93.86
166005,2023,1,0.031113,0.083863,0.034857,0.093953,11,11.93,60.91
166005,2023,2,0.031038,0.036433,0.047232,0.055442,29,13.15,92.3
166005,2023,3,0.021823,0.071853,0.041409,0.136344,11,14.34,55.11
166005,2023,4,0.025817,0.031183,0.056482,0.068222,29,17.25,90.99
166005,2024,1,0.020223,0.095987,0.031792,0.1509,12,14.21,45.9
166005,2024,2,0.027705,0.031678,0.069812,0.079822,27,18.67,93.52
166005,2024,3,0.027302,0.069314,0.051894,0.13175,13,16.49,62.76
166005,2024,4,0.031524,0.036052,0.090234,0.103194,27,22.28,93.51
166005,2025,1,0.013423,0.09296,0.008765,0.060702,11,4.14,38.0
166005,2025,2,0.027055,0.03707,0.042203,0.057826,18,11.8,85.43
166005,2025,3,0.012496,0.10102,0.010586,0.085579,9,6.45,35.17
166005,2025,4,0.023457,0.030877,0.040789,0.053692,20,14.82,87.16
166005,2026,1,0.010939,0.100698,0.011576,0.106562,8,6.54,32.96
166005,2026,2,0.013697,0.108623,0.012053,0.095584,9,7.05,35.51
168002,2018,2,0.002463,0.107452,0.005891,0.257,8,7.62,15.14
168002,2018,4,0.0153,0.054386,0.017551,0.062388,14,9.61,53.04
168002,2019,2,0.031508,0.058197,0.038634,0.071359,12,12.12,73.58
168002,2019,4,0.038624,0.048014,0.090132,0.112045,12,22.62,89.69
168002,2020,1,0.033828,0.1076,0.06637,0.211111,6,21.84,56.07
168002,2020,2,0.043235,0.05117,0.148679,0.175966,13,24.31,91.92
168002,2020,3,0.028356,0.10796,0.066131,0.251779,4,20.68,51.25
168002,2020,4,0.03639,0.048997,0.282492,0.380358,21,52.64,86.18
168002,2021,1,0.017319,0.101436,0.050149,0.293726,6,21.92,41.32
168002,2021,2,0.037938,0.046526,0.173637,0.212945,24,30.98,90.3
168002,2021,3,0.02498,0.101824,0.039536,0.161161,6,13.97,49.53
168002,2021,4,0.035628,0.047288,0.127615,0.16938,19,28.71,86.8
168002,2022,1,0.021252,0.105558,0.014758,0.0733,10,6.71,44.87
168002,2022,2,0.031268,0.036934,0.136554,0.1613,17,31.34,92.01
168002,2022,3,0.021659,0.101428,0.039441,0.184703,7,18.2,46.21
168002,2022,4,0.033184,0.058493,0.090884,0.160202,17,27.48,75.32
168002,2023,1,0.024608,0.115639,0.042234,0.198468,6,15.15,46.13
168002,2023,2,0.027299,0.046574,0.062846,0.10722,17,18.04,76.56
168002,2023,3,0.050351,0.105666,0.147174,0.308855,5,35.04,69.03
168002,2023,4,0.036143,0.056984,0.123809,0.195204,8,25.16,79.64
168002,2024,1,0.068981,0.115833,0.118416,0.198845,6,27.27,77.17
168002,2024,2,0.070325,0.104997,0.133815,0.199791,6,27.81,81.84
168002,2024,3,0.067586,0.116429,0.14449,0.248909,4,25.45,76.19
168002,2024,4,0.055539,0.077507,0.176446,0.24624,6,33.55,84.65
168002,2025,1,0.043731,0.109485,0.109009,0.272916,4,26.94,63.2
168002,2025,2,0.047874,0.054856,0.205026,0.234925,8,33.96,93.42
168002,2025,3,0.044536,0.102304,0.311366,0.715231,2,56.2,65.98
168002,2025,4,0.06219,0.087387,0.27429,0.385422,5,47.56,84.36
168002,2026,1,0.058409,0.127969,0.341816,0.748881,2,59.11,67.56
168002,2026,2,0.040167,0.139967,0.083887,0.292314,5,27.32,53.57
168401,2017,1,0.00879,0.337026,0.007949,0.304768,5,5.89,16.15
168401,2017,2,0.013596,0.296606,0.01726,0.376541,3,10.19,21.41
168401,2017,3,0.010788,0.465112,0.01004,0.432854,3,8.71,15.23
168401,2017,4,0.011487,0.36013,0.010458,0.327872,4,7.46,17.86
168401,2018,1,0.014503,0.302817,0.014139,0.295217,4,9.08,21.8848
168401,2018,2,0.010832,0.318589,0.009753,0.286842,4,7.23,18.4394
168401,2018,3,0.001533,0.280011,0.001357,0.247753,4,2.6,7.4
168401,2018,4,0.000836,0.429723,0.000773,0.397465,3,2.23,4.41
168401,2019,1,0.01589,0.119929,0.023093,0.174295,7,11.38,36.4
168401,2019,2,0.036848,0.070628,0.067917,0.130181,8,17.14,72.23
168401,2019,3,0.01611,0.100087,0.043291,0.26895,6,20.12,40.12
168401,2019,4,0.026706,0.0359,0.08417,0.113145,11,19.96,86.25
168401,2020,1,0.00873,0.111835,0.025777,0.330196,3,11.86,27.94
168401,2020,2,0.017499,0.0243,0.14912,0.207076,11,34.78,84.86
168401,2020,3,0.02726,0.108779,0.120062,0.479097,3,33.12,50.06
168401,2020,4,0.035303,0.043382,0.183125,0.225029,8,39.03,90.21
168401,2021,1,0.019883,0.100452,0.033763,0.170577,6,13.66,44.49
168401,2021,2,0.034814,0.039857,0.155015,0.177469,8,28.23,93.46
168401,2021,3,0.010263,0.105635,0.008433,0.086801,9,5.11,31.17
168401,2021,4,0.015059,0.024332,0.04259,0.068816,16,13.24,78.67
168401,2022,1,0.017956,0.10671,0.034807,0.206857,6,14.73,41.02
168401,2022,2,0.022261,0.026583,0.060701,0.072486,15,14.28,91.51
168401,2022,3,0.015879,0.100497,0.042476,0.268822,4,15.89,39.75
168401,2022,4,0.043742,0.050477,0.178111,0.205535,9,40.57,93.09
168401,2023,1,0.03186,0.118829,0.040586,0.151374,7,16.07,51.78
168401,2023,2,0.043045,0.049758,0.08338,0.096384,12,20.28,93.01
168401,2023,3,0.030618,0.122964,0.052506,0.210868,5,18.16,49.9
168401,2023,4,0.025383,0.036189,0.087278,0.124433,9,19.44,83.75
168401,2024,1,0.01255,0.102274,0.019274,0.157069,7,10.1,35.03
168401,2024,2,0.029327,0.035509,0.218959,0.265109,8,43.27,90.88
168401,2024,3,0.031579,0.114922,0.059662,0.217122,5,16.63,52.42
168401,2024,4,0.021536,0.028045,0.121911,0.158758,9,29.27,87.63
168401,2025,1,0.013696,0.1032,0.025714,0.193753,6,13.83,36.43
168401,2025,2,0.030093,0.034014,0.128449,0.145185,9,24.94,94.06
168401,2025,3,0.036501,0.107318,0.119846,0.352361,3,28.0,58.32
168401,2025,4,0.051344,0.058009,0.325658,0.367932,5,43.89,94.08
168401,2026,1,0.026767,0.126167,0.050357,0.237363,5,17.33,46.06
168401,2026,2,0.021777,0.110517,0.070078,0.355643,4,22.33,44.39
180031,2018,2,0.033946,0.038946,0.101366,0.116298,14,27.11,93.36
180031,2018,4,0.021407,0.027587,0.063088,0.0813,16,17.76,88.09
180031,2019,2,0.035691,0.044161,0.065079,0.080523,14,18.97,89.9
180031,2019,4,0.033724,0.041979,0.116598,0.145139,14,24.46,89.63
180031,2020,1,0.026516,0.10267,0.055188,0.213685,6,16.91,50.82
180031,2020,2,0.028632,0.039892,0.156152,0.217559,18,34.6,84.72
180031,2020,3,0.032356,0.095327,0.06207,0.18287,6,15.85,58.26
180031,2020,4,0.034118,0.042111,0.103636,0.127917,23,21.42,90.01
180031,2021,1,0.027008,0.108422,0.034146,0.137077,7,11.72,49.91
180031,2021,2,0.044007,0.050717,0.111305,0.128277,24,23.18,93.15
180031,2021,3,0.030553,0.094834,0.047182,0.146451,8,17.4,56.76
180031,2021,4,0.038017,0.045369,0.134361,0.160344,19,29.93,91.54
180031,2022,1,0.030195,0.105102,0.081001,0.281944,5,24.53,53.6
180031,2022,2,0.032731,0.037844,0.083914,0.097022,15,18.68,93.0
180031,2022,3,0.024685,0.092713,0.0688,0.258397,4,17.48,51.6
180031,2022,4,0.038108,0.045408,0.286022,0.340812,11,50.31,91.61
180031,2023,1,0.021793,0.087628,0.079293,0.318828,5,23.29,49.87
180031,2023,2,0.022124,0.02851,0.129293,0.166619,11,28.9,88.09
180031,2023,3,0.015003,0.081217,0.056137,0.303889,5,21.24,42.98
180031,2023,4,0.014366,0.018124,0.150552,0.189939,12,36.59,89.03
180031,2024,1,0.015407,0.104433,0.053246,0.360909,5,21.94,38.41
180031,2024,2,0.029856,0.034468,0.258605,0.298551,8,43.41,93.07
180031,2024,3,0.036607,0.078543,0.167687,0.359781,5,37.44,68.27
180031,2024,4,0.039952,0.048404,0.244116,0.295765,7,43.71,90.85
180031,2025,1,0.037647,0.073786,0.141731,0.277781,5,29.91,71.43
180031,2025,2,0.040998,0.046459,0.306591,0.347423,8,46.22,93.94
180031,2025,3,0.045276,0.102722,0.263049,0.596804,2,50.06,66.39
180031,2025,4,0.057724,0.066029,0.637976,0.729762,10,81.11,93.5
180031,2026,1,0.034237,0.103337,0.149578,0.451467,4,38.38,57.56
180031,2026,2,0.052137,0.103078,0.207142,0.40953,3,36.57,71.12
200012,2018,2,0.017269,0.028856,0.059026,0.09863,21,19.98,77.36
200012,2018,4,0.0121,0.023688,0.019338,0.037859,21,8.68,71.47
200012,2019,2,0.024039,0.02748,0.072234,0.082573,23,24.58,93.53
200012,2019,4,0.016334,0.024334,0.037828,0.056355,21,15.25,81.93
200012,2020,1,0.006947,0.104854,0.006077,0.091722,9,5.04,25.74
200012,2020,2,0.014466,0.019715,0.042007,0.057249,22,14.68,85.66
200012,2020,3,0.008379,0.101164,0.012317,0.14871,7,8.84,28.78
200012,2020,4,0.016884,0.022425,0.053383,0.070902,23,16.29,86.77
200012,2021,1,0.010983,0.103282,0.012757,0.119964,8,7.37,32.61
200012,2021,2,0.021346,0.030137,0.076614,0.108167,21,18.74,84.16
200012,2021,3,0.010376,0.122786,0.019782,0.234083,5,11.96,29.07
200012,2021,4,0.013469,0.019144,0.045759,0.065036,27,14.0,83.88
200012,2022,1,0.007874,0.1062,0.008049,0.108549,8,5.36,27.23
200012,2022,2,0.024515,0.0317,0.062834,0.08125,20,20.68,87.94
200012,2022,3,0.015075,0.10374,0.018503,0.12733,8,11.15,38.12
200012,2022,4,0.019587,0.0237,0.062402,0.075505,24,21.87,90.91
200012,2023,1,0.010242,0.103091,0.033128,0.333448,4,16.75,31.52
200012,2023,2,0.015816,0.026084,0.060716,0.100129,24,16.73,77.87
200012,2023,3,0.013895,0.097763,0.018595,0.130835,7,8.01,37.7
200012,2023,4,0.027099,0.039902,0.14078,0.207291,19,34.85,82.41
200012,2024,1,0.012756,0.09914,0.032036,0.248982,5,15.46,35.87
200012,2024,2,0.024551,0.051732,0.081303,0.171315,17,25.85,68.89
200012,2024,3,0.033527,0.112094,0.082342,0.275301,5,25.65,54.69
200012,2024,4,0.036408,0.048693,0.151423,0.202517,13,29.71,86.47
200012,2025,1,0.032113,0.105163,0.061178,0.200342,6,20.14,55.26
200012,2025,2,0.035204,0.049234,0.125848,0.176001,13,29.76,84.56
200012,2025,3,0.03469,0.104088,0.059837,0.179542,6,17.89,57.73
200012,2025,4,0.032048,0.050414,0.072782,0.114493,14,19.23,79.73
200012,2026,1,0.010948,0.105791,0.01966,0.189969,6,11.13,32.17
200012,2026,2,0.011727,0.112543,0.026975,0.258878,5,13.48,32.28
202001,2018,2,0.020075,0.048631,0.043459,0.105278,24,17.35,64.25
202001,2018,4,0.012398,0.042898,0.023835,0.082469,18,10.14,53.76
202001,2019,2,0.025775,0.048701,0.063808,0.120561,22,19.83,72.75
202001,2019,4,0.023167,0.037633,0.085264,0.138506,19,21.74,78.46
202001,2020,1,0.016509,0.107767,0.051077,0.333413,5,21.88,39.14
202001,2020,2,0.026059,0.042191,0.140503,0.227484,16,33.26,78.59
202001,2020,3,0.016874,0.117412,0.038489,0.267809,5,17.83,37.91
202001,2020,4,0.019757,0.03478,0.081224,0.142984,25,20.11,75.37
202001,2021,1,0.016563,0.110078,0.040865,0.271587,5,18.6,38.79
202001,2021,2,0.021131,0.034309,0.095129,0.154453,24,21.76,78.48
202001,2021,3,0.013076,0.113381,0.035825,0.310635,5,17.47,33.96
202001,2021,4,0.01494,0.027282,0.067024,0.122396,26,24.6,74.0
202001,2022,1,0.011208,0.110837,0.014505,0.143437,8,9.99,31.8
202001,2022,2,0.015572,0.029358,0.062323,0.117497,23,22.91,72.83
202001,2022,3,0.007469,0.132193,0.015031,0.266026,5,9.55,23.77
202001,2022,4,0.014339,0.025574,0.038817,0.06923,25,15.82,74.88
202001,2023,1,0.008049,0.120355,0.008265,0.123591,10,8.29,25.86
202001,2023,2,0.014943,0.027949,0.029199,0.054614,25,12.35,73.12
202001,2023,3,0.012446,0.131458,0.009392,0.0992,10,7.69,30.77
202001,2023,4,0.017077,0.029511,0.02538,0.04386,26,10.65,76.07
202001,2024,1,0.007963,0.116264,0.009828,0.143506,7,7.47,26.17
202001,2024,2,0.014553,0.02659,0.027136,0.049581,21,10.49,73.98
202001,2024,3,0.009058,0.111914,0.01262,0.155921,7,9.02,28.45
202001,2024,4,0.012862,0.023828,0.023837,0.04416,20,9.34,73.47
202001,2025,1,0.008029,0.124555,0.01125,0.174514,6,8.03,25.39
202001,2025,2,0.015216,0.029319,0.026788,0.051618,21,12.35,72.04
202001,2025,3,0.007345,0.102884,0.012066,0.169006,7,9.47,26.72
202001,2025,4,0.014048,0.02306,0.040745,0.066885,20,12.55,78.05
202001,2026,1,0.005616,0.105344,0.006568,0.123186,7,4.53,23.09
202001,2026,2,0.012092,0.106474,0.068456,0.60277,3,26.29,33.7
202002,2018,2,0.019878,0.048378,0.042989,0.104627,23,17.19,64.1
202002,2018,4,0.012567,0.043417,0.024425,0.084385,18,10.25,53.8
202002,2019,2,0.025965,0.048898,0.064211,0.120924,23,19.97,72.87
202002,2019,4,0.022984,0.037403,0.083983,0.136668,19,21.91,78.39
202002,2020,1,0.016419,0.107675,0.050905,0.333823,5,21.85,39.05
202002,2020,2,0.026164,0.042115,0.141186,0.227257,17,33.35,78.82
202002,2020,3,0.016803,0.117412,0.040767,0.284862,5,17.83,37.83
202002,2020,4,0.020433,0.034742,0.083565,0.142084,25,20.28,76.69
202002,2021,1,0.016118,0.109708,0.039541,0.269134,5,18.27,38.33
202002,2021,2,0.021183,0.034244,0.094959,0.153511,23,21.89,78.65
202002,2021,3,0.012959,0.113906,0.035297,0.310242,5,17.31,33.73
202002,2021,4,0.014847,0.027231,0.067045,0.122965,26,24.64,73.84
202002,2022,1,0.011217,0.110579,0.014884,0.146725,8,10.26,31.85
202002,2022,2,0.015505,0.02904,0.063303,0.118563,23,23.15,73.07
202002,2022,3,0.007512,0.131184,0.015307,0.267297,5,9.72,23.93
202002,2022,4,0.014116,0.025419,0.039159,0.070517,25,15.97,74.52
202002,2023,1,0.007958,0.119177,0.008144,0.121972,10,8.2,25.84
202002,2023,2,0.014589,0.027725,0.029034,0.055177,25,12.22,72.54
202002,2023,3,0.012212,0.130758,0.009199,0.0985,10,7.56,30.56
202002,2023,4,0.016876,0.028866,0.025231,0.043158,26,10.44,76.46
202002,2024,1,0.00801,0.114318,0.009963,0.142191,7,7.31,26.47
202002,2024,2,0.014568,0.026511,0.027312,0.0497,21,10.65,74.13
202002,2024,3,0.008967,0.111177,0.012687,0.157292,7,9.16,28.4
202002,2024,4,0.012617,0.023794,0.023396,0.04412,20,9.31,72.82
202002,2025,1,0.00783,0.125675,0.01074,0.172399,6,7.83,24.96
202002,2025,2,0.014894,0.030335,0.0256,0.05214,22,12.33,70.07
202002,2025,3,0.007252,0.102886,0.011848,0.168087,7,9.35,26.55
202002,2025,4,0.014201,0.023021,0.041158,0.066722,20,12.64,78.54
202002,2026,1,0.005397,0.104286,0.006363,0.122941,7,4.38,22.75
202002,2026,2,0.01233,0.107414,0.058323,0.508108,3,23.88,33.88
202027,2018,2,0.024545,0.044473,0.076446,0.138513,21,17.24,74.29
202027,2018,4,0.022605,0.041036,0.079665,0.144619,18,23.41,74.22
202027,2019,2,0.025815,0.043608,0.107623,0.181803,17,25.64,76.94
202027,2019,4,0.022529,0.035228,0.112571,0.176025,18,26.11,79.97
202027,2020,1,0.016051,0.120743,0.039589,0.297808,5,18.95,36.46
202027,2020,2,0.034439,0.039606,0.130225,0.14976,16,29.58,93.25
202027,2020,3,0.034574,0.111962,0.082544,0.267305,4,22.47,55.57
202027,2020,4,0.045792,0.052414,0.181324,0.207544,18,34.89,93.47
202027,2021,1,0.035372,0.119525,0.070853,0.239419,5,17.7,54.4
202027,2021,2,0.0369,0.043578,0.215932,0.255008,23,44.89,92.02
202027,2021,3,0.02434,0.10907,0.100155,0.4488,3,28.76,47.24
202027,2021,4,0.025546,0.031764,0.154819,0.192502,22,36.53,89.68
202027,2022,1,0.018017,0.087916,0.143776,0.701562,4,38.53,45.27
202027,2022,2,0.029065,0.033497,0.240412,0.27707,13,48.13,93.15
202027,2022,3,0.022889,0.082042,0.104782,0.375569,5,30.3,52.82
202027,2022,4,0.043795,0.050527,0.235138,0.271283,9,43.97,93.1
202027,2023,1,0.02661,0.078615,0.096869,0.286179,5,27.15,58.18
202027,2023,2,0.036923,0.042902,0.222179,0.25816,16,35.46,92.77
202027,2023,3,0.020866,0.067328,0.055703,0.179738,7,18.1,55.67
202027,2023,4,0.025078,0.031085,0.122651,0.152028,16,24.19,89.82
202027,2024,1,0.028187,0.103206,0.041008,0.150151,7,15.51,52.26
202027,2024,2,0.027984,0.033637,0.116454,0.139981,15,28.32,91.21
202027,2024,3,0.029999,0.102459,0.092451,0.315761,4,25.24,54.11
202027,2024,4,0.037057,0.041912,0.16481,0.186402,12,34.17,94.03
202027,2025,1,0.028944,0.113677,0.056782,0.223007,6,19.17,50.46
202027,2025,2,0.035297,0.045311,0.185376,0.237972,13,40.67,88.26
202027,2025,3,0.03589,0.100801,0.096345,0.270593,5,28.09,59.67
202027,2025,4,0.035256,0.054771,0.162194,0.251977,12,37.54,80.23
202027,2026,1,0.018795,0.120954,0.026909,0.173168,6,10.45,39.42
202027,2026,2,0.017416,0.106179,0.04196,0.255815,5,18.72,40.5
206009,2018,2,0.02259,0.047379,0.042705,0.089567,17,13.52,69.05
206009,2018,4,0.021519,0.039812,0.027495,0.050867,17,9.06,73.52
206009,2019,2,0.032694,0.052227,0.056085,0.089593,20,17.84,79.12
206009,2019,4,0.031931,0.047826,0.036968,0.05537,23,15.52,81.71
206009,2020,1,0.022232,0.071047,0.020791,0.066439,13,10.73,55.94
206009,2020,2,0.020661,0.034257,0.036374,0.060311,21,13.9,77.66
206009,2020,3,0.021482,0.054348,0.025134,0.063588,15,9.19,62.87
206009,2020,4,0.027124,0.03471,0.067145,0.085923,21,22.53,88.4
206009,2021,1,0.027821,0.062779,0.04219,0.095204,11,12.1,66.57
206009,2021,2,0.035578,0.043972,0.068233,0.084332,24,19.7,89.95
206009,2021,3,0.030554,0.085927,0.040061,0.112666,9,15.42,59.63
206009,2021,4,0.037799,0.046738,0.069962,0.086507,24,22.09,89.93
206009,2022,1,0.026173,0.098489,0.036416,0.137036,11,16.37,51.55
206009,2022,2,0.040253,0.049486,0.079537,0.097781,18,19.37,90.19
206009,2022,3,0.034872,0.090894,0.046093,0.120141,9,13.51,61.94
206009,2022,4,0.036189,0.042186,0.080281,0.093585,19,18.1,92.62
206009,2023,1,0.034354,0.075533,0.05402,0.118774,12,19.77,67.44
206009,2023,2,0.041578,0.049209,0.071636,0.084783,20,17.68,91.92
206009,2023,3,0.033141,0.086437,0.050657,0.132123,10,16.2,61.92
206009,2023,4,0.040946,0.055234,0.086867,0.117178,18,20.24,86.1
206009,2024,1,0.028353,0.100406,0.058794,0.208205,7,20.23,53.14
206009,2024,2,0.037991,0.052694,0.085486,0.118571,9,20.16,84.91
206009,2024,3,0.04048,0.093042,0.069204,0.159063,7,17.14,65.96
206009,2024,4,0.048305,0.055911,0.092292,0.106823,10,22.16,92.95
206009,2025,1,0.032574,0.093419,0.042264,0.121207,7,12.23,59.05
206009,2025,2,0.036691,0.043228,0.080185,0.094469,11,17.64,92.13
206009,2025,3,0.022449,0.09659,0.039797,0.171229,6,15.69,48.21
206009,2025,4,0.030029,0.037438,0.109552,0.136582,10,20.39,89.56
206009,2026,1,0.022293,0.098472,0.064863,0.286515,5,18.72,47.58
206009,2026,2,0.030053,0.097006,0.084553,0.272926,6,27.75,55.66
210004,2018,2,0.015987,0.044992,0.024464,0.068848,16,12.52,59.61
210004,2018,4,0.029808,0.068785,0.13102,0.302336,9,33.79,65.83
210004,2019,2,0.036348,0.061787,0.077805,0.132257,14,19.54,76.7
210004,2019,4,0.042074,0.051955,0.074876,0.09246,20,16.0,89.99
210004,2020,1,0.038259,0.108541,0.087045,0.246951,5,25.04,59.37
210004,2020,2,0.036815,0.042602,0.136498,0.157956,20,27.78,92.96
210004,2020,3,0.034215,0.100906,0.158817,0.468386,2,30.16,58.23
210004,2020,4,0.039584,0.046353,0.149866,0.175495,22,32.21,92.41
210004,2021,1,0.033027,0.105166,0.035406,0.11274,8,12.26,56.04
210004,2021,2,0.045034,0.054084,0.139833,0.167936,22,29.4,91.25
210004,2021,3,0.031979,0.094605,0.084386,0.249643,5,25.61,58.14
210004,2021,4,0.041455,0.051418,0.12484,0.154845,22,31.69,89.79
210004,2022,1,0.028469,0.10235,0.065758,0.236411,5,21.08,52.74
210004,2022,2,0.02157,0.02435,0.049826,0.056246,27,18.23,94.12
210004,2022,3,0.013759,0.109731,0.028688,0.228794,6,13.27,35.41
210004,2022,4,0.01945,0.021882,0.065111,0.073252,26,18.55,94.28
210004,2023,1,0.012664,0.106092,0.024184,0.202596,5,10.37,34.55
210004,2023,2,0.01702,0.019402,0.057788,0.065876,28,15.92,93.66
210004,2023,3,0.007804,0.111123,0.01377,0.196083,7,10.72,26.5
210004,2023,4,0.014331,0.016396,0.048267,0.055223,30,14.72,93.49
210004,2024,1,0.009916,0.105141,0.015308,0.162318,7,10.53,30.71
210004,2024,2,0.017698,0.020344,0.042514,0.048871,28,12.67,93.27
210004,2024,3,0.011206,0.106285,0.013664,0.129605,8,9.28,32.47
210004,2024,4,0.014971,0.016914,0.04203,0.047485,29,12.52,94.08
210004,2025,1,0.009961,0.114544,0.009278,0.106685,8,5.37,29.49
210004,2025,2,0.01399,0.018458,0.034508,0.045528,22,14.01,87.06
210004,2025,3,0.009557,0.109153,0.013511,0.154308,7,9.24,29.59
210004,2025,4,0.021913,0.024826,0.096882,0.109762,17,25.97,93.95
210004,2026,1,0.013871,0.111505,0.018974,0.152524,6,10.03,35.27
210004,2026,2,0.020935,0.116945,0.071338,0.398508,4,25.1,42.31
210008,2018,2,0.040665,0.060389,0.064373,0.095596,12,19.99,82.06
210008,2018,4,0.050137,0.063883,0.193541,0.246606,7,39.19,88.59
210008,2019,2,0.036569,0.053715,0.061242,0.089958,11,18.8,82.51
210008,2019,4,0.056249,0.06748,0.512638,0.614992,7,71.83,91.3
210008,2020,1,0.042019,0.100532,0.204303,0.488808,2,38.96,64.65
210008,2020,2,0.04723,0.058025,0.33762,0.414784,13,55.74,90.22
210008,2020,3,0.050546,0.09667,0.202171,0.386653,3,36.72,72.31
210008,2020,4,0.056256,0.064048,0.3682,0.419198,21,61.87,93.72
210008,2021,1,0.03127,0.11345,0.064654,0.234573,6,23.06,52.5
210008,2021,2,0.076045,0.084617,0.281549,0.313284,22,50.05,94.8
210008,2021,3,0.063063,0.102547,0.263624,0.428679,4,50.4,78.42
210008,2021,4,0.076779,0.085632,0.449238,0.501035,18,67.87,94.69
210008,2022,1,0.064781,0.104035,0.357836,0.574671,3,59.23,78.91
210008,2022,2,0.068257,0.076921,0.324627,0.365833,17,55.71,94.2
210008,2022,3,0.061213,0.104734,0.3807,0.65137,2,61.39,76.45
210008,2022,4,0.068371,0.075709,0.486147,0.538327,15,70.21,95.03
210008,2023,1,0.067462,0.10682,0.371179,0.587729,4,61.72,79.47
210008,2023,2,0.065417,0.073409,0.219314,0.246106,18,38.02,94.4
210008,2023,3,0.04925,0.120768,0.120244,0.294853,4,31.05,63.86
210008,2023,4,0.057208,0.064744,0.176494,0.199744,23,29.43,94.0
210008,2024,1,0.060497,0.103943,0.154258,0.265041,5,32.36,76.29
210008,2024,2,0.064149,0.074217,0.170406,0.197152,16,29.97,92.97
210008,2024,3,0.05152,0.113378,0.140532,0.309263,4,32.12,67.41
210008,2024,4,0.024031,0.028037,0.110417,0.128826,20,31.66,92.58
210008,2025,1,0.04056,0.10613,0.095329,0.24944,4,20.84,61.82
210008,2025,2,0.031717,0.036026,0.355883,0.404226,15,60.52,93.83
210008,2025,3,0.055042,0.108913,0.086668,0.17149,6,21.9,71.09
210008,2025,4,0.054066,0.060787,0.19164,0.215462,14,31.15,94.31
210008,2026,1,0.051943,0.104034,0.165745,0.331966,4,35.12,70.66
210008,2026,2,0.052255,0.112477,0.152546,0.328353,3,31.91,68.16
213003,2018,2,0.007705,0.018486,0.034179,0.082003,26,18.15,64.56
213003,2018,4,0.007137,0.014987,0.019031,0.039961,28,13.36,69.01
213003,2019,2,0.042084,0.053022,0.170478,0.214788,15,39.01,89.09
213003,2019,4,0.044282,0.057066,0.089363,0.115161,16,22.5,88.09
213003,2020,1,0.040437,0.10903,0.061137,0.164842,6,16.46,60.9
213003,2020,2,0.05011,0.060645,0.097436,0.117921,16,20.85,90.9
213003,2020,3,0.044391,0.090413,0.05618,0.114424,8,14.43,70.07
213003,2020,4,0.060148,0.071779,0.146697,0.175064,22,28.24,91.54
213003,2021,1,0.046279,0.103899,0.086242,0.193618,5,17.24,66.74
213003,2021,2,0.054066,0.070649,0.133029,0.173832,21,29.35,87.48
213003,2021,3,0.051046,0.096078,0.144688,0.272332,7,37.07,72.89
213003,2021,4,0.049339,0.058598,0.161982,0.19238,20,36.01,91.76
213003,2022,1,0.045415,0.078358,0.181637,0.313395,7,42.31,76.13
213003,2022,2,0.052984,0.065282,0.237963,0.293194,19,48.12,90.09
213003,2022,3,0.051091,0.089891,0.153423,0.269938,5,35.5,75.39
213003,2022,4,0.047855,0.05701,0.134145,0.159807,19,32.78,91.62
213003,2023,1,0.03396,0.081604,0.072199,0.173491,7,22.49,64.51
213003,2023,2,0.046084,0.056479,0.111196,0.136278,20,23.27,90.33
213003,2023,3,0.040158,0.08408,0.085154,0.178289,6,18.98,69.11
213003,2023,4,0.05681,0.066511,0.20813,0.243671,20,39.39,92.42
213003,2024,1,0.047702,0.096688,0.102238,0.207226,5,22.22,70.24
213003,2024,2,0.057027,0.069475,0.128563,0.156625,11,26.65,90.6
213003,2024,3,0.060508,0.090694,0.127918,0.191734,6,28.13,81.68
213003,2024,4,0.052664,0.065982,0.146692,0.183787,13,26.76,89.34
213003,2025,1,0.031772,0.111294,0.074198,0.259911,5,24.21,53.43
213003,2025,2,0.04321,0.05622,0.16861,0.219372,14,35.47,87.67
213003,2025,3,0.030657,0.09804,0.0786,0.251356,6,25.89,55.92
213003,2025,4,0.044974,0.054839,0.174055,0.212233,15,35.27,90.56
213003,2026,1,0.034452,0.106524,0.075177,0.232444,5,19.53,56.87
213003,2026,2,0.040075,0.109996,0.147556,0.405003,3,28.71,60.36
213008,2018,2,0.017137,0.024786,0.148897,0.215358,23,31.02,83.15
213008,2018,4,0.018505,0.026058,0.084336,0.118759,25,27.71,84.27
213008,2019,2,0.080928,0.111408,0.160474,0.220912,11,28.42,85.23
213008,2019,4,0.071872,0.09964,0.218204,0.30251,13,39.01,84.93
213008,2020,1,0.066299,0.114362,0.198466,0.342342,4,40.49,76.14
213008,2020,2,0.078835,0.094845,0.33782,0.406425,16,56.06,91.17
213008,2020,3,0.086535,0.100225,0.447556,0.518357,3,65.83,92.92
213008,2020,4,0.078323,0.097714,0.460891,0.574991,22,67.67,89.53
213008,2021,1,0.071229,0.1028,0.225101,0.324872,4,43.92,83.24
213008,2021,2,0.055113,0.071363,0.137611,0.178186,25,30.87,87.88
213008,2021,3,0.036597,0.11272,0.057828,0.178112,7,18.01,56.98
213008,2021,4,0.049642,0.076948,0.094871,0.147058,21,21.09,80.32
213008,2022,1,0.02486,0.100886,0.03002,0.121828,8,11.77,49.64
213008,2022,2,0.044388,0.057963,0.12977,0.169456,19,31.88,87.51
213008,2022,3,0.035057,0.098626,0.074843,0.210557,6,23.61,59.62
213008,2022,4,0.048116,0.060541,0.1373,0.172754,18,26.04,89.15
213008,2023,1,0.043565,0.103432,0.201619,0.478677,4,44.84,64.9
213008,2023,2,0.047245,0.054321,0.185522,0.213307,20,32.3,93.26
213008,2023,3,0.039007,0.10717,0.098971,0.271919,5,27.57,60.33
213008,2023,4,0.03931,0.051568,0.149757,0.196453,22,34.96,87.31
213008,2024,1,0.031809,0.107368,0.071219,0.24039,5,23.31,54.43
213008,2024,2,0.043476,0.058375,0.177652,0.238533,14,39.7,86.3
213008,2024,3,0.042295,0.109499,0.130021,0.336614,6,34.92,62.15
213008,2024,4,0.038512,0.0456,0.141916,0.168035,14,27.43,91.9
213008,2025,1,0.023392,0.111611,0.029509,0.140801,7,13.22,45.78
213008,2025,2,0.039045,0.050869,0.114519,0.149201,16,26.83,87.61
213008,2025,3,0.03775,0.114816,0.081069,0.246571,5,22.71,57.34
213008,2025,4,0.046406,0.069745,0.125583,0.188742,14,29.3,81.57
213008,2026,1,0.041676,0.111381,0.07116,0.190178,7,19.42,61.17
213008,2026,2,0.048955,0.111303,0.103076,0.234351,5,25.71,66.32
240005,2018,2,0.016072,0.023516,0.022865,0.033455,24,11.8,82.67
240005,2018,4,0.018281,0.028549,0.027807,0.043427,20,10.51,80.02
240005,2019,2,0.015423,0.020989,0.021503,0.029264,23,7.65,85.72
240005,2019,4,0.020136,0.031835,0.026043,0.041174,21,9.43,79.53
240005,2020,1,0.00838,0.112362,0.010212,0.136922,7,7.13,27.31
240005,2020,2,0.017157,0.027806,0.04324,0.070079,24,17.68,78.55
240005,2020,3,0.011236,0.112953,0.020895,0.210048,5,11.19,31.54
240005,2020,4,0.029206,0.03856,0.087598,0.115652,25,21.32,87.03
240005,2021,1,0.021345,0.104706,0.052845,0.259234,4,14.34,45.15
240005,2021,2,0.029714,0.035537,0.136427,0.163166,28,29.62,91.44
240005,2021,3,0.029873,0.108964,0.066212,0.241513,4,17.8,52.36
240005,2021,4,0.030007,0.03553,0.143714,0.170164,25,31.76,91.9
240005,2022,1,0.021985,0.114757,0.046685,0.243681,5,18.7,43.77
240005,2022,2,0.031508,0.040585,0.18068,0.232734,18,34.45,88.11
240005,2022,3,0.023897,0.102689,0.065474,0.281354,5,22.79,48.24
240005,2022,4,0.036613,0.048922,0.179897,0.240376,19,31.98,86.51
240005,2023,1,0.014379,0.119141,0.014259,0.118148,8,7.53,34.74
240005,2023,2,0.024106,0.030904,0.038441,0.049281,24,13.46,88.32
240005,2023,3,0.012182,0.099727,0.015808,0.129411,9,11.15,34.95
240005,2023,4,0.024864,0.035188,0.036594,0.051788,26,13.07,84.06
240005,2024,1,0.015647,0.120731,0.012852,0.099164,9,8.29,36.0
240005,2024,2,0.025752,0.037337,0.046827,0.067892,18,14.54,83.05
240005,2024,3,0.019289,0.092927,0.023796,0.114642,9,10.89,45.56
240005,2024,4,0.02132,0.033213,0.035145,0.05475,22,13.07,80.12
240005,2025,1,0.0147,0.104201,0.03972,0.281548,5,18.5,37.56
240005,2025,2,0.025206,0.040053,0.078949,0.12545,16,25.66,79.33
240005,2025,3,0.021322,0.10539,0.033487,0.165513,7,15.27,44.98
240005,2025,4,0.034841,0.054047,0.085484,0.132605,15,22.33,80.29
240005,2026,1,0.032232,0.116719,0.067445,0.244232,5,18.79,52.55
240005,2026,2,0.035293,0.119699,0.081986,0.27806,4,20.33,54.3
240011,2018,2,0.034691,0.04327,0.068431,0.085352,17,16.81,89.54
240011,2018,4,0.016773,0.032873,0.034888,0.068377,17,16.1,71.43
240011,2019,2,0.039367,0.04483,0.098525,0.112196,17,29.64,93.71
240011,2019,4,0.035291,0.039393,0.102582,0.114506,19,30.49,94.65
240011,2020,1,0.025882,0.105974,0.051869,0.212376,7,21.42,49.42
240011,2020,2,0.031641,0.03771,0.104006,0.123956,16,25.56,91.6
240011,2020,3,0.043306,0.116459,0.096956,0.260736,5,26.52,60.98
240011,2020,4,0.045801,0.053127,0.157263,0.182416,24,37.24,92.85
240011,2021,1,0.036216,0.116984,0.07741,0.250047,7,26.53,55.64
240011,2021,2,0.037253,0.042152,0.09261,0.104787,21,24.85,94.01
240011,2021,3,0.028653,0.119093,0.049366,0.205187,7,17.4,49.05
240011,2021,4,0.025486,0.031464,0.09487,0.117123,21,25.77,90.0
240011,2022,1,0.015717,0.110938,0.023384,0.165054,7,13.24,37.64
240011,2022,2,0.020348,0.027939,0.069721,0.095733,21,17.79,85.34
240011,2022,3,0.017392,0.110458,0.034256,0.217564,5,13.37,39.68
240011,2022,4,0.01673,0.01996,0.058214,0.069456,22,17.32,91.55
240011,2023,1,0.025197,0.1046,0.03079,0.12782,7,10.73,49.08
240011,2023,2,0.026909,0.030095,0.098291,0.109926,16,29.7,94.56
240011,2023,3,0.029113,0.105746,0.050542,0.183582,6,15.96,52.47
240011,2023,4,0.046821,0.053672,0.099408,0.113954,13,27.32,93.4
240011,2024,1,0.035446,0.112588,0.059138,0.187838,7,19.21,56.11
240011,2024,2,0.053057,0.063,0.108009,0.12825,12,26.52,91.77
240011,2024,3,0.050433,0.116307,0.097308,0.224408,6,27.74,65.85
240011,2024,4,0.049397,0.069443,0.118481,0.166564,10,25.25,84.34
240011,2025,1,0.043822,0.117308,0.077305,0.20694,5,19.21,61.12
240011,2025,2,0.054456,0.062277,0.191991,0.219566,9,34.89,93.51
240011,2025,3,0.048087,0.108022,0.100558,0.225895,5,23.6,66.72
240011,2025,4,0.059032,0.07198,0.134759,0.164318,8,27.42,90.56
240011,2026,1,0.063318,0.109536,0.11277,0.195085,5,23.41,76.03
240011,2026,2,0.047097,0.113807,0.077314,0.186824,5,18.32,64.33
240017,2018,2,0.017218,0.027498,0.059171,0.094499,21,20.25,79.13
240017,2018,4,0.016264,0.023728,0.043402,0.063322,21,14.63,82.79
240017,2019,2,0.022555,0.036141,0.05287,0.084715,22,21.23,79.0
240017,2019,4,0.022623,0.033769,0.066881,0.099832,17,19.85,81.85
240017,2020,1,0.022774,0.112113,0.029903,0.147211,7,12.46,45.07
240017,2020,2,0.034346,0.044686,0.073433,0.095541,22,19.53,87.67
240017,2020,3,0.028769,0.117651,0.042716,0.174685,6,13.73,49.45
240017,2020,4,0.042692,0.055117,0.140374,0.181226,23,33.19,88.01
240017,2021,1,0.026398,0.131116,0.054126,0.268838,6,21.26,44.87
240017,2021,2,0.025651,0.032449,0.125096,0.158249,26,26.63,88.91
240017,2021,3,0.014332,0.124052,0.036469,0.31566,4,15.24,33.99
240017,2021,4,0.018074,0.023939,0.064115,0.084922,22,20.62,86.89
240017,2022,1,0.012434,0.132786,0.032801,0.350307,5,17.66,30.6
240017,2022,2,0.015334,0.027131,0.089502,0.158354,21,26.44,75.18
240017,2022,3,0.009973,0.109271,0.023052,0.252587,5,13.09,30.21
240017,2022,4,0.025522,0.03404,0.072157,0.096238,18,18.91,86.59
240017,2023,1,0.015363,0.123991,0.029197,0.235639,6,14.93,35.2
240017,2023,2,0.030566,0.041415,0.078307,0.106099,17,19.03,85.91
240017,2023,3,0.023366,0.117045,0.032577,0.163186,7,13.65,44.68
240017,2023,4,0.032698,0.041909,0.083969,0.107622,17,18.89,88.33
240017,2024,1,0.025985,0.115217,0.039374,0.174585,6,15.2,47.49
240017,2024,2,0.04,0.056528,0.080751,0.114117,16,21.0,84.12
240017,2024,3,0.048574,0.1262,0.087931,0.228453,6,20.53,62.04
240017,2024,4,0.035138,0.057919,0.088871,0.146486,13,21.53,77.89
240017,2025,1,0.017433,0.114676,0.039953,0.262812,5,15.93,38.99
240017,2025,2,0.028479,0.037308,0.119713,0.156826,20,30.14,87.37
240017,2025,3,0.046641,0.126839,0.117513,0.31957,4,26.81,60.64
240017,2025,4,0.057112,0.066634,0.225194,0.262738,16,39.06,92.58
240017,2026,1,0.042759,0.122005,0.082405,0.235132,5,21.81,59.2
240017,2026,2,0.045223,0.118792,0.084669,0.22241,6,22.41,61.7
240022,2018,2,0.024018,0.037982,0.193721,0.306355,10,36.52,79.52
240022,2018,4,0.024913,0.037822,0.171994,0.261114,15,39.75,81.16
240022,2019,2,0.025791,0.037976,0.145619,0.214417,18,32.69,82.41
240022,2019,4,0.021656,0.032238,0.187272,0.278784,15,41.25,81.96
240022,2020,1,0.019744,0.105845,0.059241,0.317585,5,22.41,43.19
240022,2020,2,0.027065,0.039401,0.244289,0.355636,16,48.92,82.88
240022,2020,3,0.02469,0.113941,0.155241,0.716419,3,40.01,46.55
240022,2020,4,0.034958,0.047821,0.324816,0.444329,22,56.43,85.5
240022,2021,1,0.025358,0.103406,0.131093,0.534588,4,36.4,49.52
240022,2021,2,0.037869,0.053263,0.299218,0.42085,25,54.38,84.32
240022,2021,3,0.027365,0.116914,0.118286,0.505361,3,33.61,48.38
240022,2021,4,0.03031,0.041784,0.242656,0.334517,19,48.74,85.17
240022,2022,1,0.024254,0.109796,0.089818,0.4066,5,28.39,47.0
240022,2022,2,0.040112,0.053783,0.336563,0.451274,12,56.7,86.36
240022,2022,3,0.033247,0.115596,0.16142,0.56123,2,38.41,53.63
240022,2022,4,0.037135,0.050035,0.313075,0.421831,12,52.61,86.15
240022,2023,1,0.038119,0.121857,0.121706,0.389064,4,31.2,55.93
240022,2023,2,0.038745,0.050955,0.386538,0.508346,22,61.32,87.2
240022,2023,3,0.027807,0.105664,0.143822,0.546499,2,35.83,51.3
240022,2023,4,0.034307,0.046343,0.334975,0.452493,22,53.33,86.04
240022,2024,1,0.038416,0.116923,0.120927,0.368054,4,28.93,57.32
240022,2024,2,0.045046,0.064223,0.271336,0.386845,12,47.23,83.75
240022,2024,3,0.053274,0.106129,0.228245,0.454697,3,44.54,70.85
240022,2024,4,0.050302,0.068521,0.190427,0.259399,14,36.72,85.68
240022,2025,1,0.042979,0.115999,0.126438,0.34125,3,30.11,60.87
240022,2025,2,0.052322,0.072367,0.287144,0.397151,12,50.84,85.03
240022,2025,3,0.043078,0.111957,0.259779,0.67515,3,51.62,62.03
240022,2025,4,0.043905,0.054749,0.512596,0.639211,13,72.51,89.55
240022,2026,1,0.035674,0.112389,0.130216,0.410232,5,35.85,56.34
240022,2026,2,0.043539,0.111852,0.180096,0.462673,4,42.27,62.39
257020,2018,2,0.034064,0.04727,0.096091,0.133342,16,28.09,84.89
257020,2018,4,0.040431,0.069852,0.116207,0.200767,11,30.37,76.08
257020,2019,2,0.057218,0.072154,0.12536,0.158086,13,30.39,89.05
257020,2019,4,0.054668,0.06272,0.075936,0.087121,17,19.9,93.36
257020,2020,1,0.039207,0.104133,0.065504,0.173979,7,22.11,61.36
257020,2020,2,0.043152,0.052839,0.065641,0.080376,19,17.32,90.37
257020,2020,3,0.024399,0.099416,0.017918,0.073008,10,6.91,49.54
257020,2020,4,0.043857,0.054434,0.078671,0.097644,23,19.95,89.76
257020,2021,1,0.037064,0.117309,0.052537,0.166278,7,17.56,56.21
257020,2021,2,0.049983,0.056979,0.157898,0.179999,21,32.48,93.66
257020,2021,3,0.043722,0.105718,0.080298,0.194154,6,20.37,64.31
257020,2021,4,0.048198,0.059227,0.115833,0.142339,21,27.23,90.21
257020,2022,1,0.030658,0.106513,0.070285,0.244188,7,25.77,53.65
257020,2022,2,0.03854,0.04521,0.126094,0.147914,22,33.73,92.33
257020,2022,3,0.024739,0.113825,0.06582,0.302838,6,25.22,46.62
257020,2022,4,0.037689,0.043783,0.114053,0.132494,24,29.24,92.78
257020,2023,1,0.021586,0.109698,0.04475,0.227412,7,20.33,44.36
257020,2023,2,0.036509,0.048147,0.108404,0.142958,28,28.76,87.08
257020,2023,3,0.031747,0.109194,0.099423,0.34197,5,30.49,53.92
257020,2023,4,0.043128,0.04979,0.14006,0.161694,23,32.59,93.07
257020,2024,1,0.032097,0.105149,0.070101,0.229645,7,24.57,55.25
257020,2024,2,0.039646,0.046165,0.116071,0.135159,13,25.84,92.67
257020,2024,3,0.031299,0.100774,0.068429,0.220324,6,20.13,55.73
257020,2024,4,0.039996,0.046135,0.166125,0.191621,14,33.85,93.11
257020,2025,1,0.027211,0.111414,0.050262,0.205794,6,16.7,49.42
257020,2025,2,0.031502,0.035501,0.137548,0.155008,16,26.96,94.2
257020,2025,3,0.018693,0.101995,0.021582,0.117758,8,9.73,42.81
257020,2025,4,0.03339,0.037581,0.172321,0.193947,14,32.26,94.26
257020,2026,1,0.02253,0.10366,0.059664,0.274517,4,19.1,46.62
257020,2026,2,0.032851,0.117259,0.107814,0.384831,5,32.3,52.93
257030,2018,2,0.028045,0.04381,0.065834,0.10284,16,16.09,80.01
257030,2018,4,0.044405,0.056376,0.073223,0.092963,13,20.65,88.75
257030,2019,2,0.034605,0.043075,0.044934,0.055933,17,12.11,89.63
257030,2019,4,0.038431,0.048431,0.071946,0.090666,15,15.44,89.08
257030,2020,1,0.030609,0.100819,0.027064,0.089145,9,11.18,55.1
257030,2020,2,0.049295,0.062149,0.072087,0.090884,17,18.0,89.06
257030,2020,3,0.047199,0.110758,0.064874,0.152235,6,15.12,65.28
257030,2020,4,0.052668,0.066208,0.082773,0.104054,21,17.92,89.19
257030,2021,1,0.044493,0.105472,0.052264,0.123892,7,14.93,64.95
257030,2021,2,0.053749,0.067462,0.081465,0.102248,23,16.21,89.26
257030,2021,3,0.050674,0.108278,0.060701,0.129705,7,17.3,68.41
257030,2021,4,0.054729,0.068492,0.083051,0.103937,22,20.92,89.39
257030,2022,1,0.042123,0.108077,0.070242,0.180223,6,22.29,62.43
257030,2022,2,0.053745,0.066663,0.083345,0.103377,22,20.15,89.79
257030,2022,3,0.044937,0.107315,0.071817,0.171508,6,21.21,64.71
257030,2022,4,0.050092,0.062927,0.075617,0.094994,21,18.55,89.22
257030,2023,1,0.034626,0.1087,0.038852,0.121965,8,14.06,56.44
257030,2023,2,0.04466,0.055443,0.081584,0.101283,24,17.85,89.75
257030,2023,3,0.022728,0.106299,0.043849,0.205078,5,14.44,46.24
257030,2023,4,0.033039,0.04187,0.094049,0.119189,21,21.11,88.83
257030,2024,1,0.024471,0.102255,0.053874,0.225114,4,14.68,48.92
257030,2024,2,0.040734,0.051367,0.116832,0.147331,11,23.08,89.05
257030,2024,3,0.033588,0.108964,0.077667,0.251964,5,23.69,55.52
257030,2024,4,0.047723,0.066333,0.154899,0.215304,13,34.28,84.82
257030,2025,1,0.042589,0.109201,0.137705,0.35309,4,31.91,62.45
257030,2025,2,0.050427,0.063491,0.23184,0.291902,12,44.36,89.12
257030,2025,3,0.03658,0.113623,0.173154,0.53784,3,41.38,56.74
257030,2025,4,0.043384,0.056048,0.23034,0.297578,13,40.36,87.98
257030,2026,1,0.038886,0.111823,0.175511,0.50471,3,40.91,58.97
257030,2026,2,0.037955,0.108081,0.124233,0.353765,4,33.49,59.26
257070,2018,2,0.043703,0.052017,0.166923,0.198681,7,28.09,91.66
257070,2018,4,0.046136,0.053366,0.158352,0.183165,7,28.68,92.98
257070,2019,2,0.043148,0.049272,0.258617,0.295319,5,42.71,93.58
257070,2019,4,0.04111,0.047541,0.31115,0.35983,7,53.35,92.99
257070,2020,1,0.035088,0.079201,0.179273,0.404658,5,42.19,66.56
257070,2020,2,0.044569,0.054756,0.211866,0.260289,6,37.54,90.22
257070,2020,3,0.036704,0.101012,0.090764,0.249786,4,24.41,60.28
257070,2020,4,0.0517,0.059622,0.223889,0.258194,6,38.69,93.12
257070,2021,1,0.047567,0.103539,0.143637,0.312653,4,33.8,67.78
257070,2021,2,0.064202,0.073659,0.294692,0.338101,8,51.64,93.36
257070,2021,3,0.052269,0.106397,0.250784,0.51049,3,48.75,70.09
257070,2021,4,0.050886,0.058797,0.246402,0.284707,7,43.66,93.03
257070,2022,1,0.044404,0.104904,0.107955,0.255045,5,28.94,65.06
257070,2022,2,0.041865,0.04829,0.326427,0.376524,5,46.87,93.11
257070,2022,3,0.038442,0.104851,0.116741,0.318415,4,25.57,60.55
257070,2022,4,0.041772,0.047945,0.305587,0.350751,5,43.74,93.34
257070,2023,1,0.030365,0.107815,0.08779,0.311706,4,27.29,53.07
257070,2023,2,0.049247,0.058336,0.261437,0.309689,5,47.18,91.88
257070,2023,3,0.035757,0.086809,0.120259,0.291958,5,32.13,64.18
257070,2023,4,0.04571,0.053124,0.281502,0.32716,7,49.87,92.76
257070,2024,1,0.047542,0.10382,0.172154,0.375946,3,37.19,67.67
257070,2024,2,0.056607,0.069207,0.467621,0.571707,5,65.84,90.44
257070,2024,3,0.053036,0.105091,0.253953,0.503207,2,44.98,71.04
257070,2024,4,0.047286,0.060101,0.265322,0.33723,6,49.59,88.7
257070,2025,1,0.018261,0.112829,0.074733,0.461754,4,26.95,40.23
257070,2025,2,0.046134,0.054235,0.28751,0.337994,7,44.99,92.23
257070,2025,3,0.049549,0.104952,0.194905,0.412841,3,38.26,68.71
257070,2025,4,0.058774,0.068292,0.227497,0.264338,8,34.74,92.77
257070,2026,1,0.038592,0.10108,0.156497,0.409891,3,37.15,61.79
257070,2026,2,0.034021,0.101868,0.085471,0.255924,4,24.09,57.79
260112,2018,2,0.039311,0.10263,0.035473,0.092609,16,11.11,61.89
260112,2018,4,0.036556,0.100337,0.042364,0.116279,11,15.37,60.36
260112,2019,2,0.046778,0.121573,0.070162,0.182348,13,22.72,62.03
260112,2019,4,0.057212,0.116425,0.054609,0.111129,14,16.08,70.1
260112,2020,1,0.031836,0.118831,0.03613,0.134859,7,12.02,51.76
260112,2020,2,0.035202,0.080812,0.040883,0.093854,18,15.19,66.0
260112,2020,3,0.034552,0.11654,0.043959,0.14827,8,17.65,54.45
260112,2020,4,0.035295,0.093377,0.053498,0.141536,20,17.83,61.48
260112,2021,1,0.028636,0.131586,0.043615,0.200415,5,15.56,46.65
260112,2021,2,0.030948,0.093799,0.050283,0.152404,22,15.8,57.44
260112,2021,3,0.028021,0.159378,0.042957,0.244337,5,16.91,41.93
260112,2021,4,0.028853,0.083993,0.041899,0.121973,21,18.22,58.61
260112,2022,1,0.028931,0.144989,0.040231,0.201619,7,16.07,44.67
260112,2022,2,0.031158,0.083763,0.045647,0.122713,23,15.25,60.99
260112,2022,3,0.030814,0.146897,0.050011,0.238414,7,15.86,45.8
260112,2022,4,0.040802,0.056301,0.065185,0.089946,26,18.08,85.13
260112,2023,1,0.033483,0.105448,0.054936,0.173009,8,15.76,56.35
260112,2023,2,0.027275,0.053651,0.043524,0.085616,25,14.05,71.3
260112,2023,3,0.027834,0.085609,0.038762,0.11922,10,12.92,57.02
260112,2023,4,0.032872,0.054044,0.062736,0.103142,24,18.96,77.99
260112,2024,1,0.036287,0.106836,0.074539,0.219454,8,23.74,58.28
260112,2024,2,0.028497,0.071481,0.066587,0.167025,20,22.49,63.14
260112,2024,3,0.024569,0.106236,0.036987,0.159934,7,14.32,48.09
260112,2024,4,0.02639,0.069525,0.053932,0.142083,16,17.07,61.61
260112,2025,1,0.027457,0.109611,0.051187,0.204339,6,16.62,50.05
260112,2025,2,0.04311,0.060634,0.136732,0.192313,14,32.77,84.32
260112,2025,3,0.030912,0.095881,0.094715,0.293785,6,29.81,56.78
260112,2025,4,0.032267,0.051441,0.125569,0.200185,18,33.0,79.2
260112,2026,1,0.020601,0.100744,0.040857,0.199806,6,15.87,45.22
260112,2026,2,0.02536,0.103625,0.053145,0.217161,6,20.92,49.47
260117,2018,2,0.01705,0.021774,0.040193,0.051329,24,14.9,88.49
260117,2018,4,0.020222,0.025087,0.043125,0.053502,26,15.51,89.78
260117,2019,2,0.019063,0.025372,0.049498,0.065879,25,16.86,86.68
260117,2019,4,0.018604,0.023953,0.042596,0.054843,27,15.93,88.13
260117,2020,1,0.010064,0.110496,0.015571,0.170951,7,8.73,30.18
260117,2020,2,0.013992,0.016805,0.042419,0.050944,29,14.95,91.25
260117,2020,3,0.008202,0.10933,0.010007,0.133394,7,6.25,27.39
260117,2020,4,0.018065,0.034984,0.02619,0.050718,22,12.11,71.86
260117,2021,1,0.017926,0.103732,0.02355,0.136278,7,10.44,41.57
260117,2021,2,0.028263,0.049255,0.046021,0.080204,18,16.78,75.75
260117,2021,3,0.019475,0.10874,0.028506,0.159163,7,13.62,42.32
260117,2021,4,0.032832,0.042271,0.087718,0.112938,15,21.38,88.13
260117,2022,1,0.010065,0.100409,0.020377,0.203296,6,12.31,31.66
260117,2022,2,0.015935,0.04305,0.090873,0.245503,10,26.77,60.84
260117,2022,3,0.034383,0.104649,0.151067,0.459788,4,38.7,57.32
260117,2022,4,0.027418,0.051592,0.260545,0.490261,9,51.36,72.9
260117,2023,1,0.033464,0.1042,0.261182,0.813275,2,51.89,56.67
260117,2023,2,0.042246,0.057093,0.414735,0.560495,10,65.2,86.02
260117,2023,3,0.030307,0.106881,0.199,0.701802,3,45.27,53.25
260117,2023,4,0.049339,0.062811,0.469481,0.597664,9,69.08,88.63
260117,2024,1,0.035487,0.103624,0.205182,0.599145,2,44.26,58.52
260117,2024,2,0.052599,0.064066,0.485338,0.591142,6,69.97,90.61
260117,2024,3,0.034974,0.107909,0.275549,0.850189,2,53.36,56.93
260117,2024,4,0.029641,0.040871,0.182341,0.251428,13,41.97,85.16
260117,2025,1,0.021366,0.117958,0.175292,0.967742,1,42.56,42.56
260117,2025,2,0.040636,0.057454,0.259063,0.366281,12,51.68,84.1
260117,2025,3,0.028979,0.110762,0.156422,0.597871,4,40.09,51.15
260117,2025,4,0.024995,0.043036,0.160239,0.275895,13,39.61,76.21
260117,2026,1,0.02262,0.110377,0.092347,0.45061,3,27.84,45.27
260117,2026,2,0.040334,0.109254,0.117427,0.318078,4,30.07,60.76
270028,2018,2,0.037484,0.052187,0.096088,0.133779,20,25.14,84.75
270028,2018,4,0.037605,0.056838,0.158399,0.239411,8,27.52,81.34
270028,2019,2,0.033959,0.043133,0.128666,0.163427,13,30.0,88.73
270028,2019,4,0.034694,0.040848,0.146963,0.173031,13,33.85,92.16
270028,2020,1,0.019076,0.105509,0.020389,0.112773,8,9.72,42.52
270028,2020,2,0.028748,0.033153,0.13432,0.154901,15,33.09,93.12
270028,2020,3,0.014467,0.107995,0.027367,0.204295,6,12.08,36.6
270028,2020,4,0.027285,0.031855,0.120723,0.140941,21,23.44,92.55
270028,2021,1,0.021133,0.105764,0.032171,0.16101,6,11.56,44.7
270028,2021,2,0.033752,0.040244,0.130484,0.15558,23,24.57,91.58
270028,2021,3,0.018049,0.102904,0.041536,0.236814,6,15.92,41.88
270028,2021,4,0.022849,0.029619,0.11727,0.15202,19,21.67,87.83
270028,2022,1,0.02295,0.089708,0.059014,0.230673,6,18.95,50.58
270028,2022,2,0.029561,0.039182,0.146448,0.194108,14,33.0,86.86
270028,2022,3,0.019755,0.083226,0.04634,0.195229,7,18.66,48.72
270028,2022,4,0.028848,0.033304,0.160494,0.185284,7,34.51,93.07
270028,2023,1,0.021766,0.070182,0.070162,0.226229,6,22.47,55.69
270028,2023,2,0.02584,0.03007,0.136045,0.158315,8,28.12,92.7
270028,2023,3,0.016761,0.069525,0.0454,0.18832,6,16.79,49.1
270028,2023,4,0.022985,0.028927,0.111053,0.139761,9,23.5,89.14
270028,2024,1,0.016266,0.07819,0.042599,0.204778,6,18.0,45.61
270028,2024,2,0.023229,0.026656,0.114581,0.131488,9,20.39,93.35
270028,2024,3,0.016969,0.102693,0.032123,0.194402,5,12.26,40.65
270028,2024,4,0.023995,0.028319,0.116637,0.137654,9,20.38,92.05
270028,2025,1,0.014297,0.112049,0.02022,0.158478,6,9.76,35.72
270028,2025,2,0.024535,0.029025,0.123268,0.145828,13,20.16,91.94
270028,2025,3,0.01814,0.107283,0.036525,0.216013,6,16.83,41.12
270028,2025,4,0.02813,0.031687,0.136839,0.154143,14,29.16,94.22
270028,2026,1,0.015839,0.107025,0.026304,0.177739,6,13.37,38.47
270028,2026,2,0.017096,0.101851,0.043524,0.259295,5,18.67,40.97
290008,2018,2,0.01946,0.031604,0.045333,0.073622,15,15.28,78.47
290008,2018,4,0.016712,0.035142,0.029592,0.062226,15,13.22,68.96
290008,2019,2,0.01828,0.029924,0.041772,0.068378,15,13.62,78.16
290008,2019,4,0.022524,0.034948,0.057748,0.089603,14,20.24,80.28
290008,2020,1,0.010536,0.105511,0.012643,0.126608,7,6.28,31.6
290008,2020,2,0.021539,0.030878,0.107209,0.153692,12,27.06,83.52
290008,2020,3,0.012957,0.102061,0.02339,0.184247,6,10.72,35.63
290008,2020,4,0.024684,0.034611,0.080584,0.112992,10,19.63,84.45
290008,2021,1,0.016569,0.102223,0.021365,0.131813,7,8.82,40.26
290008,2021,2,0.03008,0.039541,0.141499,0.186003,10,30.86,87.22
290008,2021,3,0.024799,0.102865,0.086175,0.357453,4,26.62,49.1
290008,2021,4,0.032928,0.037649,0.233533,0.267017,7,36.1,93.52
290008,2022,1,0.029219,0.102773,0.095038,0.334286,4,27.67,53.32
290008,2022,2,0.055632,0.062574,0.321135,0.361207,5,54.22,94.29
290008,2022,3,0.044767,0.100534,0.226825,0.509387,3,46.87,66.73
290008,2022,4,0.035363,0.049142,0.206238,0.286595,8,39.09,84.83
290008,2023,1,0.040026,0.106103,0.158374,0.41982,3,33.32,61.42
290008,2023,2,0.058158,0.065959,0.317653,0.360264,5,51.6,93.9
290008,2023,3,0.066937,0.100355,0.34825,0.522114,3,58.26,81.67
290008,2023,4,0.062273,0.073112,0.354745,0.416492,5,58.09,92.29
290008,2024,1,0.042395,0.100065,0.215958,0.50973,3,45.66,65.09
290008,2024,2,0.048967,0.064694,0.28882,0.381583,6,48.98,87.0
290008,2024,3,0.058414,0.100786,0.284882,0.491533,3,51.91,76.13
290008,2024,4,0.052173,0.074632,0.299432,0.428333,6,54.59,83.61
290008,2025,1,0.057593,0.10069,0.286724,0.501276,4,53.75,75.63
290008,2025,2,0.057789,0.072127,0.312413,0.389929,7,54.19,89.51
290008,2025,3,0.067736,0.100861,0.340427,0.506904,3,57.16,81.95
290008,2025,4,0.062307,0.09603,0.355215,0.54747,8,60.0,80.55
290008,2026,1,0.072552,0.105113,0.346221,0.501603,3,57.92,83.08
290008,2026,2,0.070301,0.107335,0.316823,0.483724,3,54.9,80.93
290014,2018,2,0.018189,0.044034,0.022181,0.053698,15,9.1,64.27
290014,2018,4,0.022137,0.03597,0.032997,0.053616,17,13.93,78.45
290014,2019,2,0.033487,0.047211,0.107188,0.151118,12,30.96,84.22
290014,2019,4,0.036416,0.044998,0.104279,0.128854,14,30.99,89.96
290014,2020,1,0.025516,0.119233,0.063411,0.296316,6,24.44,46.26
290014,2020,2,0.025855,0.037767,0.043876,0.064091,18,18.1,82.74
290014,2020,3,0.015199,0.107735,0.015914,0.112802,8,7.79,37.56
290014,2020,4,0.029507,0.041848,0.03327,0.047186,19,13.39,83.97
290014,2021,1,0.024599,0.110041,0.0398,0.178043,6,15.93,47.28
290014,2021,2,0.03224,0.03576,0.328857,0.364769,6,56.77,94.95
290014,2021,3,0.026803,0.101174,0.081822,0.308858,3,20.8,51.47
290014,2021,4,0.034561,0.039449,0.243499,0.277936,5,37.54,93.6
290014,2022,1,0.045717,0.10169,0.149467,0.332467,4,35.07,67.05
290014,2022,2,0.066255,0.074617,0.30889,0.347877,5,53.06,94.23
290014,2022,3,0.044627,0.100672,0.140139,0.316135,4,34.27,66.58
290014,2022,4,0.029146,0.048539,0.165659,0.275882,8,34.79,77.49
290014,2023,1,0.040493,0.105477,0.159527,0.415539,3,33.34,61.96
290014,2023,2,0.071945,0.081371,0.376905,0.426284,4,58.4,94.03
290014,2023,3,0.065728,0.101756,0.346631,0.536635,3,58.3,80.37
290014,2023,4,0.070376,0.079562,0.396933,0.448745,5,61.97,94.05
290014,2024,1,0.04394,0.100083,0.225815,0.514339,3,46.79,66.26
290014,2024,2,0.052962,0.064536,0.309531,0.377176,6,50.46,90.59
290014,2024,3,0.056092,0.100872,0.268236,0.482379,3,50.19,74.57
290014,2024,4,0.054092,0.074569,0.303173,0.417943,5,54.83,85.17
290014,2025,1,0.055102,0.100706,0.322621,0.589632,3,57.1,73.97
290014,2025,2,0.047971,0.071797,0.247668,0.370681,7,47.71,81.74
290014,2025,3,0.066913,0.100812,0.334938,0.504625,3,56.63,81.47
290014,2025,4,0.044312,0.058787,0.246636,0.327203,7,39.07,86.82
290014,2026,1,0.032815,0.100435,0.130109,0.39822,4,35.06,57.16
290014,2026,2,0.035583,0.100748,0.123146,0.348666,4,31.44,59.43
310358,2018,2,0.024935,0.031916,0.060259,0.077129,18,18.21,88.39
310358,2018,4,0.024145,0.04735,0.062877,0.123303,18,15.28,71.41
310358,2019,2,0.039286,0.051253,0.096897,0.126415,22,24.85,87.55
310358,2019,4,0.032539,0.037173,0.084117,0.096096,23,24.45,93.56
310358,2020,1,0.027546,0.123434,0.078718,0.35274,5,27.04,47.24
310358,2020,2,0.040728,0.046015,0.135642,0.153249,22,32.47,94.08
310358,2020,3,0.019899,0.111845,0.036911,0.207463,6,15.81,42.18
310358,2020,4,0.035098,0.050111,0.069106,0.098666,22,22.19,83.69
310358,2021,1,0.032847,0.103739,0.028123,0.088821,9,9.11,56.27
310358,2021,2,0.0356,0.045035,0.074186,0.093847,26,17.56,88.91
310358,2021,3,0.040469,0.108866,0.075082,0.201977,8,24.85,60.97
310358,2021,4,0.032288,0.049554,0.161823,0.248357,23,38.23,80.72
310358,2022,1,0.027748,0.091697,0.050411,0.166587,8,18.88,55.01
310358,2022,2,0.041771,0.047739,0.097698,0.111659,14,21.7,93.54
310358,2022,3,0.038344,0.089075,0.056211,0.130581,7,17.22,65.61
310358,2022,4,0.031973,0.047854,0.084908,0.127081,9,20.76,81.74
310358,2023,1,0.020268,0.088593,0.036917,0.16137,7,13.36,47.83
310358,2023,2,0.044895,0.049745,0.18622,0.206338,10,41.27,95.0
310358,2023,3,0.035065,0.108496,0.062023,0.191907,6,19.89,56.85
310358,2023,4,0.042553,0.055758,0.115358,0.151155,10,29.4,87.36
310358,2024,1,0.034356,0.10793,0.06343,0.199265,5,17.38,56.42
310358,2024,2,0.034669,0.051422,0.078544,0.116498,11,18.9,82.11
310358,2024,3,0.030311,0.103333,0.058065,0.197951,5,15.72,54.16
310358,2024,4,0.04733,0.054583,0.075381,0.086931,12,15.42,93.12
310358,2025,1,0.029266,0.094737,0.046206,0.149575,7,17.14,55.58
310358,2025,2,0.040377,0.053015,0.067595,0.088753,12,16.64,87.27
310358,2025,3,0.034282,0.108119,0.145447,0.458706,4,37.89,56.31
310358,2025,4,0.050242,0.058988,0.236714,0.277916,8,46.94,92.29
310358,2026,1,0.04356,0.106713,0.152163,0.372772,4,36.5,63.89
310358,2026,2,0.047865,0.108433,0.195691,0.443313,3,40.17,66.44
320005,2018,2,0.044674,0.059391,0.089441,0.118904,15,24.2,86.73
320005,2018,4,0.042952,0.073049,0.101535,0.172683,14,28.68,76.68
320005,2019,2,0.030665,0.050017,0.070795,0.115473,20,24.75,78.3
320005,2019,4,0.021499,0.0287,0.050043,0.066805,21,16.21,86.55
320005,2020,1,0.020956,0.106207,0.032935,0.166918,6,12.26,44.42
320005,2020,2,0.026077,0.033415,0.108565,0.139116,20,24.56,88.34
320005,2020,3,0.027619,0.115456,0.083435,0.34878,6,28.38,48.91
320005,2020,4,0.047218,0.057613,0.186104,0.227075,25,42.12,90.53
320005,2021,1,0.03904,0.109243,0.107721,0.301431,6,31.81,59.78
320005,2021,2,0.039614,0.051729,0.118147,0.154279,25,32.45,87.51
320005,2021,3,0.035113,0.112127,0.066549,0.212514,7,23.76,55.96
320005,2021,4,0.043216,0.050761,0.107513,0.126281,26,30.82,92.27
320005,2022,1,0.037398,0.109316,0.066524,0.194452,7,23.4,58.49
320005,2022,2,0.043648,0.055829,0.12044,0.154053,23,33.32,88.42
320005,2022,3,0.039646,0.115178,0.083788,0.243416,7,27.45,58.67
320005,2022,4,0.043738,0.062732,0.113463,0.162735,22,32.25,83.5
320005,2023,1,0.043353,0.110102,0.094914,0.241047,6,28.54,62.75
320005,2023,2,0.042978,0.059837,0.089717,0.12491,24,25.74,84.75
320005,2023,3,0.039687,0.114866,0.081087,0.234689,6,25.91,58.78
320005,2023,4,0.040053,0.060598,0.08115,0.122774,24,25.57,81.3
320005,2024,1,0.03751,0.118214,0.049519,0.156059,7,15.61,56.33
320005,2024,2,0.040375,0.07195,0.046853,0.083494,17,14.54,74.91
320005,2024,3,0.030571,0.11168,0.044652,0.16312,7,17.49,52.32
320005,2024,4,0.037159,0.061565,0.03346,0.055436,18,9.64,77.69
320005,2025,1,0.023526,0.125884,0.02524,0.135058,8,12.96,43.23
320005,2025,2,0.02516,0.042702,0.047697,0.080952,19,16.05,76.76
320005,2025,3,0.035788,0.115352,0.097863,0.315434,6,30.65,55.7
320005,2025,4,0.039921,0.057505,0.147296,0.212174,15,34.69,83.32
320005,2026,1,0.029099,0.107781,0.083455,0.309111,4,26.31,51.96
320005,2026,2,0.026577,0.111281,0.030812,0.129012,8,12.03,48.87
320007,2018,2,0.044182,0.060003,0.417557,0.567074,9,64.21,85.81
320007,2018,4,0.060034,0.069907,0.479395,0.558232,6,69.31,92.67
320007,2019,2,0.054381,0.0606,0.254027,0.283077,13,47.38,94.73
320007,2019,4,0.060451,0.075822,0.475568,0.596495,9,68.5,89.29
320007,2020,1,0.064451,0.079552,0.651794,0.804505,2,81.94,90.01
320007,2020,2,0.075465,0.083953,0.797806,0.887542,13,90.86,94.81
320007,2020,3,0.065065,0.084944,0.730146,0.953224,2,86.88,87.52
320007,2020,4,0.076021,0.08881,0.818082,0.955708,26,91.96,92.52
320007,2021,1,0.073991,0.095178,0.721251,0.927779,3,86.38,88.17
320007,2021,2,0.079868,0.091928,0.805953,0.927652,28,91.31,93.21
320007,2021,3,0.073216,0.09173,0.735121,0.921016,3,87.21,89.34
320007,2021,4,0.071038,0.085166,0.721118,0.864529,28,86.42,91.33
320007,2022,1,0.064974,0.082083,0.677114,0.85541,3,83.73,88.97
320007,2022,2,0.067084,0.077446,0.750755,0.86672,29,88.16,93.07
320007,2022,3,0.048109,0.072965,0.540089,0.81913,3,74.72,81.2
320007,2022,4,0.046234,0.070554,0.476246,0.726771,14,69.87,80.95
320007,2023,1,0.03846,0.087653,0.358691,0.817485,2,60.82,66.24
320007,2023,2,0.040704,0.073179,0.414715,0.745599,20,65.09,74.58
320007,2023,3,0.027494,0.077584,0.264303,0.745813,3,52.15,59.53
320007,2023,4,0.041012,0.058443,0.489944,0.698183,20,70.32,83.77
320007,2024,1,0.036097,0.083906,0.316281,0.735187,2,56.78,65.59
320007,2024,2,0.050759,0.063183,0.671938,0.836417,11,83.33,89.63
320007,2024,3,0.050738,0.069132,0.582517,0.79369,2,77.42,85.67
320007,2024,4,0.047931,0.054546,0.605134,0.688655,15,78.72,93.74
320007,2025,1,0.045698,0.079304,0.401164,0.696184,2,63.61,75.91
320007,2025,2,0.046789,0.052617,0.484164,0.544464,15,68.96,94.3
320007,2025,3,0.052416,0.083311,0.431052,0.685116,2,65.81,79.32
320007,2025,4,0.049233,0.055107,0.380366,0.42575,16,59.48,94.52
320007,2026,1,0.037056,0.104987,0.208717,0.591342,3,45.5,59.41
320007,2026,2,0.04858,0.110285,0.302795,0.687393,2,55.18,66.37
340007,2018,2,0.051937,0.083409,0.092204,0.148076,16,27.44,78.91
340007,2018,4,0.04117,0.071053,0.041136,0.070995,13,13.12,76.12
340007,2019,2,0.050888,0.062937,0.081636,0.100965,16,22.27,89.92
340007,2019,4,0.048268,0.055784,0.073675,0.085147,17,21.67,93.02
340007,2020,1,0.04153,0.100729,0.049582,0.12026,9,18.24,64.21
340007,2020,2,0.049708,0.055923,0.111622,0.125577,17,26.37,94.28
340007,2020,3,0.045335,0.096196,0.076318,0.161937,8,22.46,68.65
340007,2020,4,0.047845,0.054426,0.086582,0.09849,21,20.85,93.76
340007,2021,1,0.044222,0.104249,0.05457,0.128646,7,16.5,65.13
340007,2021,2,0.047395,0.052815,0.123093,0.13717,23,24.72,94.73
340007,2021,3,0.036471,0.111315,0.060937,0.185985,6,18.96,57.24
340007,2021,4,0.046104,0.051096,0.13265,0.147011,21,30.78,94.99
340007,2022,1,0.047867,0.094238,0.091911,0.180948,7,24.02,71.27
340007,2022,2,0.050077,0.061048,0.150944,0.184013,18,32.31,90.57
340007,2022,3,0.041729,0.095883,0.064318,0.147788,8,19.08,65.97
340007,2022,4,0.04878,0.056158,0.090904,0.104652,19,22.67,93.2
340007,2023,1,0.043052,0.101119,0.05569,0.130803,7,14.2,65.25
340007,2023,2,0.044742,0.056182,0.077801,0.097694,18,17.53,89.24
340007,2023,3,0.030296,0.088618,0.045825,0.13404,9,16.54,58.47
340007,2023,4,0.043504,0.048933,0.103269,0.116155,20,28.71,94.29
340007,2024,1,0.034454,0.089573,0.044271,0.115096,11,16.87,62.02
340007,2024,2,0.045126,0.059551,0.074251,0.097986,18,22.51,87.05
340007,2024,3,0.010045,0.109705,0.009957,0.108743,8,5.68,30.26
340007,2024,4,0.018368,0.025458,0.05276,0.073128,21,20.21,84.94
340007,2025,1,0.00811,0.096834,0.011168,0.133348,8,7.81,28.94
340007,2025,2,0.014703,0.020674,0.032092,0.045126,21,9.96,84.33
340007,2025,3,0.010578,0.100456,0.026249,0.249276,5,13.23,32.45
340007,2025,4,0.016535,0.021547,0.061474,0.080109,20,13.94,87.6
340007,2026,1,0.009603,0.101689,0.014587,0.154466,6,7.53,30.73
340007,2026,2,0.01687,0.104443,0.047582,0.29458,5,19.51,40.19
360016,2018,2,0.027929,0.039991,0.03834,0.054898,21,16.3,83.57
360016,2018,4,0.017575,0.045558,0.025228,0.065397,16,9.2,62.11
360016,2019,2,0.022714,0.030372,0.042754,0.057168,19,13.08,86.48
360016,2019,4,0.02038,0.02771,0.081,0.110132,17,20.06,85.76
360016,2020,1,0.011311,0.104757,0.011265,0.104326,8,5.94,32.86
360016,2020,2,0.025862,0.033088,0.056724,0.072572,20,18.75,88.41
360016,2020,3,0.014325,0.103127,0.020801,0.149752,7,10.24,37.27
360016,2020,4,0.041146,0.053655,0.120169,0.156704,22,25.48,87.57
360016,2021,1,0.028113,0.097525,0.105414,0.36569,4,27.14,53.69
360016,2021,2,0.034083,0.047151,0.158765,0.219641,25,33.78,85.02
360016,2021,3,0.033875,0.111497,0.058576,0.192799,7,20.05,55.12
360016,2021,4,0.031888,0.041376,0.154987,0.201097,25,31.61,87.79
360016,2022,1,0.030098,0.096422,0.100117,0.320738,5,30.28,55.87
360016,2022,2,0.034934,0.054137,0.13342,0.206759,22,32.28,80.33
360016,2022,3,0.032648,0.107302,0.096544,0.317306,6,30.58,55.16
360016,2022,4,0.038308,0.049344,0.17146,0.220858,20,39.15,88.11
360016,2023,1,0.029787,0.106684,0.095309,0.341357,6,30.67,52.84
360016,2023,2,0.032759,0.053297,0.106657,0.173522,23,26.68,78.4
360016,2023,3,0.021728,0.111115,0.06417,0.328166,4,22.38,44.22
360016,2023,4,0.033734,0.0431,0.209784,0.268028,20,37.26,88.47
360016,2024,1,0.03017,0.105803,0.062159,0.217983,5,19.32,53.4
360016,2024,2,0.033545,0.055435,0.099869,0.165038,15,25.26,77.79
360016,2024,3,0.016959,0.104994,0.038467,0.238153,6,17.93,40.19
360016,2024,4,0.022875,0.038935,0.070412,0.119845,19,18.54,76.65
360016,2025,1,0.02558,0.107501,0.082454,0.346518,4,26.36,48.78
360016,2025,2,0.031107,0.049666,0.069879,0.111572,20,17.38,79.14
360016,2025,3,0.022336,0.10433,0.052401,0.24476,4,16.81,46.27
360016,2025,4,0.025344,0.037192,0.057308,0.084097,16,19.27,82.55
360016,2026,1,0.034222,0.103111,0.061988,0.186773,6,21.22,57.61
360016,2026,2,0.027054,0.103484,0.070071,0.268033,4,20.2,51.13
370024,2018,2,0.033719,0.041462,0.090901,0.111776,17,19.89,90.18
370024,2018,4,0.016817,0.020854,0.057832,0.071716,21,17.94,89.8
370024,2019,2,0.021789,0.032516,0.07154,0.10676,23,20.04,81.86
370024,2019,4,0.022873,0.026842,0.079625,0.093444,21,21.54,92.31
370024,2020,1,0.014824,0.112683,0.019647,0.149351,7,9.16,36.27
370024,2020,2,0.029342,0.033722,0.0746,0.085736,21,21.97,93.28
370024,2020,3,0.021865,0.10552,0.046224,0.22308,6,19.14,45.52
370024,2020,4,0.03311,0.037385,0.081209,0.091692,25,23.88,94.11
370024,2021,1,0.029832,0.124758,0.044008,0.184042,8,17.46,48.9
370024,2021,2,0.028058,0.035074,0.087941,0.109934,26,25.58,89.44
370024,2021,3,0.013429,0.111977,0.031694,0.264286,5,15.52,34.63
370024,2021,4,0.016491,0.019454,0.077329,0.091224,24,22.26,92.07
370024,2022,1,0.011607,0.114929,0.01359,0.134555,8,9.45,31.78
370024,2022,2,0.017513,0.02053,0.070593,0.082755,24,24.05,92.36
370024,2022,3,0.008539,0.106841,0.011743,0.146936,7,7.67,28.27
370024,2022,4,0.015034,0.025199,0.050183,0.084115,13,14.8,77.24
370024,2023,1,0.009937,0.102868,0.014994,0.155227,6,7.52,31.08
370024,2023,2,0.018099,0.027161,0.047403,0.071138,15,13.16,81.63
370024,2023,3,0.010213,0.108432,0.010913,0.11586,8,7.5,30.69
370024,2023,4,0.018684,0.026404,0.043295,0.061184,16,12.25,84.12
370024,2024,1,0.006562,0.101629,0.013986,0.216606,5,9.86,25.41
370024,2024,2,0.015967,0.021242,0.037756,0.050228,18,13.39,86.7
370024,2024,3,0.010322,0.107474,0.017812,0.18547,7,11.88,30.99
370024,2024,4,0.017298,0.026352,0.024849,0.037855,20,10.14,81.02
370024,2025,1,0.011243,0.108229,0.013735,0.132223,8,9.55,32.23
370024,2025,2,0.015775,0.021651,0.049389,0.067783,14,13.9,85.36
370024,2025,3,0.010927,0.1025,0.014116,0.132417,7,7.09,32.65
370024,2025,4,0.018451,0.024843,0.070858,0.095405,14,20.06,86.18
370024,2026,1,0.011706,0.107955,0.021615,0.199329,6,11.41,32.93
370024,2026,2,0.014417,0.105028,0.021133,0.153952,7,12.16,37.05
370027,2018,2,0.046238,0.063074,0.093576,0.127648,19,21.09,85.62
370027,2018,4,0.018021,0.040062,0.043304,0.096266,18,17.56,67.07
370027,2019,2,0.021159,0.037316,0.047615,0.083976,25,14.45,75.3
370027,2019,4,0.031715,0.038173,0.069901,0.084134,20,20.63,91.15
370027,2020,1,0.021109,0.109133,0.043617,0.225502,6,16.91,43.98
370027,2020,2,0.05998,0.068127,0.144442,0.164063,14,26.21,93.83
370027,2020,3,0.034309,0.107022,0.06762,0.21093,5,20.55,56.62
370027,2020,4,0.033656,0.043362,0.054953,0.070801,25,14.84,88.1
370027,2021,1,0.021404,0.108965,0.023971,0.122036,7,10.13,44.32
370027,2021,2,0.033232,0.037787,0.055924,0.063588,25,16.46,93.78
370027,2021,3,0.029771,0.122092,0.08634,0.354087,6,29.19,49.38
370027,2021,4,0.030594,0.045801,0.062415,0.093439,22,19.46,81.73
370027,2022,1,0.023521,0.125918,0.028792,0.154134,7,12.29,43.22
370027,2022,2,0.035073,0.044953,0.099389,0.127387,25,27.72,88.33
370027,2022,3,0.017508,0.119539,0.032059,0.218896,7,16.44,38.27
370027,2022,4,0.026994,0.040303,0.102433,0.152936,19,23.16,81.84
370027,2023,1,0.017301,0.11128,0.026826,0.172547,6,12.31,39.43
370027,2023,2,0.024477,0.042033,0.047525,0.081614,19,15.51,76.31
370027,2023,3,0.023813,0.111423,0.020344,0.095191,9,8.87,46.23
370027,2023,4,0.018965,0.033007,0.079442,0.138265,14,20.91,75.8
370027,2024,1,0.022004,0.116287,0.024855,0.13135,7,9.97,43.5
370027,2024,2,0.028457,0.043523,0.055691,0.085176,16,17.37,80.86
370027,2024,3,0.030979,0.117121,0.037316,0.141078,7,12.77,51.43
370027,2024,4,0.031722,0.042623,0.090082,0.121037,13,23.47,86.27
370027,2025,1,0.030078,0.116874,0.043928,0.17069,6,16.19,50.73
370027,2025,2,0.034154,0.043627,0.063994,0.081742,15,19.68,88.48
370027,2025,3,0.041573,0.116606,0.076012,0.213201,5,17.0,59.71
370027,2025,4,0.046832,0.054043,0.1289,0.148747,12,27.94,93.09
370027,2026,1,0.026081,0.125816,0.047257,0.227969,5,16.58,45.53
370027,2026,2,0.033774,0.130616,0.057595,0.222741,5,19.0,50.85
375010,2018,2,0.040148,0.057597,0.087786,0.125938,19,20.01,83.49
375010,2018,4,0.0171,0.038195,0.042114,0.094068,18,17.09,66.91
375010,2019,2,0.024516,0.036434,0.051363,0.076331,21,15.44,82.03
375010,2019,4,0.029286,0.033897,0.0667,0.077201,24,17.67,92.95
375010,2020,1,0.023596,0.096806,0.044058,0.18076,8,16.9,49.37
375010,2020,2,0.03295,0.038106,0.084499,0.097719,24,26.35,92.99
375010,2020,3,0.028173,0.11686,0.070134,0.290916,7,26.22,49.1
375010,2020,4,0.040087,0.051589,0.0967,0.124447,24,30.8,88.15
375010,2021,1,0.029796,0.106958,0.046518,0.166988,7,18.05,52.78
375010,2021,2,0.032174,0.038296,0.11138,0.13257,26,33.23,91.66
375010,2021,3,0.029276,0.110767,0.076106,0.287955,8,26.76,51.41
375010,2021,4,0.040757,0.047562,0.129446,0.15106,25,33.61,92.57
375010,2022,1,0.025603,0.110618,0.055092,0.238024,6,21.39,48.11
375010,2022,2,0.030883,0.037615,0.184195,0.22435,24,42.78,90.61
375010,2022,3,0.024182,0.108499,0.070847,0.317873,5,25.53,47.21
375010,2022,4,0.0278,0.036561,0.180045,0.236782,23,42.29,87.2
375010,2023,1,0.016454,0.102174,0.035122,0.218092,7,15.33,40.13
375010,2023,2,0.040153,0.046918,0.156706,0.183109,20,27.62,92.51
375010,2023,3,0.035001,0.123297,0.057712,0.203301,5,15.79,53.28
375010,2023,4,0.026447,0.039246,0.077435,0.11491,20,17.1,82.09
375010,2024,1,0.018148,0.122498,0.034497,0.232856,5,13.64,38.49
375010,2024,2,0.034719,0.044348,0.135379,0.172926,21,24.67,88.48
375010,2024,3,0.03541,0.113849,0.059178,0.190266,6,15.35,55.77
375010,2024,4,0.037376,0.051044,0.137684,0.188035,21,27.89,85.57
375010,2025,1,0.039739,0.11821,0.071608,0.213011,6,21.83,57.98
375010,2025,2,0.039482,0.051007,0.096537,0.124717,21,23.75,87.98
375010,2025,3,0.035724,0.115601,0.059439,0.192345,6,15.31,55.59
375010,2025,4,0.0389,0.047433,0.122063,0.148837,19,26.3,90.56
375010,2026,1,0.035751,0.120629,0.082076,0.276936,5,25.4,54.44
375010,2026,2,0.035608,0.114568,0.076849,0.247256,5,21.43,55.75
377010,2018,2,0.04425,0.062297,0.101771,0.143276,13,22.78,84.28
377010,2018,4,0.0344,0.055938,0.079657,0.129529,15,20.72,78.42
377010,2019,2,0.02215,0.027572,0.035133,0.043733,22,11.18,89.63
377010,2019,4,0.025431,0.034106,0.056352,0.075576,22,16.5,86.35
377010,2020,1,0.017904,0.109805,0.018748,0.114982,8,8.43,40.38
377010,2020,2,0.028644,0.035261,0.049191,0.060555,25,16.08,90.13
377010,2020,3,0.023855,0.115991,0.041674,0.202634,6,15.32,45.35
377010,2020,4,0.032441,0.046843,0.051438,0.074273,24,18.25,83.22
377010,2021,1,0.040162,0.128252,0.054384,0.173667,7,19.97,55.96
377010,2021,2,0.034426,0.059587,0.053026,0.091779,25,19.44,76.01
377010,2021,3,0.023157,0.144156,0.024891,0.154948,8,12.65,40.08
377010,2021,4,0.026112,0.039332,0.042253,0.063643,23,13.8,81.48
377010,2022,1,0.018603,0.117025,0.028341,0.178288,5,11.19,39.87
377010,2022,2,0.03072,0.043095,0.077808,0.109152,17,20.52,84.43
377010,2022,3,0.017873,0.123711,0.016381,0.113385,8,8.44,38.01
377010,2022,4,0.029512,0.041677,0.069769,0.098527,20,20.1,84.15
377010,2023,1,0.032358,0.109907,0.064016,0.217436,7,22.03,54.26
377010,2023,2,0.042822,0.055147,0.14215,0.183062,16,36.21,88.12
377010,2023,3,0.050846,0.121576,0.09605,0.229664,6,27.26,64.67
377010,2023,4,0.039352,0.055389,0.051914,0.073069,18,15.59,84.29
377010,2024,1,0.026707,0.130435,0.032993,0.161134,7,12.25,45.25
377010,2024,2,0.026519,0.036107,0.058736,0.079973,21,20.18,85.7
377010,2024,3,0.023119,0.122175,0.035347,0.1868,7,13.54,43.5
377010,2024,4,0.027839,0.032139,0.06998,0.080789,21,21.51,93.07
377010,2025,1,0.031157,0.122706,0.074067,0.291698,7,26.63,50.39
377010,2025,2,0.03623,0.044167,0.102918,0.125465,22,31.19,90.57
377010,2025,3,0.024599,0.136511,0.046076,0.255693,6,16.42,42.45
377010,2025,4,0.027083,0.031039,0.077679,0.089026,23,23.73,93.41
377010,2026,1,0.034665,0.116323,0.102014,0.342321,5,29.19,54.59
377010,2026,2,0.025819,0.116287,0.050817,0.228873,8,21.98,47.12
377240,2018,2,0.053492,0.067653,0.12573,0.159016,13,27.83,88.92
377240,2018,4,0.031753,0.057072,0.08856,0.159175,14,19.94,74.59
377240,2019,2,0.041203,0.059968,0.110253,0.160467,13,25.42,82.89
377240,2019,4,0.042335,0.050356,0.146815,0.174633,16,28.36,91.69
377240,2020,1,0.029299,0.094166,0.069757,0.224196,7,20.96,55.78
377240,2020,2,0.035755,0.041915,0.109614,0.128499,17,27.81,92.36
377240,2020,3,0.035963,0.085514,0.094328,0.224295,8,29.46,64.85
377240,2020,4,0.046781,0.053432,0.203896,0.232882,14,43.31,93.57
377240,2021,1,0.043198,0.087758,0.091513,0.185911,9,28.51,70.16
377240,2021,2,0.043646,0.050323,0.175734,0.202617,17,41.52,93.13
377240,2021,3,0.038979,0.075025,0.100978,0.194355,10,30.29,72.08
377240,2021,4,0.037008,0.042779,0.106146,0.1227,18,28.37,93.01
377240,2022,1,0.027759,0.07003,0.082608,0.208399,8,26.17,62.96
377240,2022,2,0.036802,0.044179,0.211816,0.254275,19,45.15,91.27
377240,2022,3,0.034037,0.084705,0.118175,0.294092,8,33.38,63.39
377240,2022,4,0.04419,0.051016,0.25718,0.296906,19,50.42,93.07
377240,2023,1,0.026143,0.093883,0.08251,0.2963,5,26.24,52.77
377240,2023,2,0.04349,0.050652,0.170178,0.198207,18,30.27,92.66
377240,2023,3,0.029005,0.109146,0.061691,0.232146,6,17.7,51.55
377240,2023,4,0.030183,0.042252,0.084304,0.118012,18,18.49,84.52
377240,2024,1,0.020536,0.100028,0.043257,0.210702,6,14.17,45.31
377240,2024,2,0.034378,0.046084,0.136134,0.182491,15,25.98,86.37
377240,2024,3,0.04001,0.107277,0.072694,0.194913,6,17.77,61.07
377240,2024,4,0.03476,0.046944,0.133446,0.180221,15,26.78,86.05
377240,2025,1,0.035527,0.108508,0.075788,0.231476,8,24.37,57.22
377240,2025,2,0.038229,0.050426,0.10348,0.136495,16,24.78,87.07
377240,2025,3,0.046137,0.100337,0.08757,0.190444,6,20.67,67.81
377240,2025,4,0.040269,0.049594,0.122518,0.150887,15,25.57,90.11
377240,2026,1,0.037415,0.083897,0.101998,0.228718,7,28.32,66.78
377240,2026,2,0.036017,0.109507,0.081382,0.247436,5,22.34,57.35
378010,2018,2,0.017938,0.034641,0.039782,0.076826,12,14.01,71.96
378010,2018,4,0.015432,0.029514,0.019245,0.036806,20,9.99,72.31
378010,2019,2,0.018112,0.02964,0.033573,0.054943,15,11.82,78.17
378010,2019,4,0.021092,0.028028,0.043173,0.057368,19,15.24,86.75
378010,2020,1,0.009447,0.093949,0.013563,0.134888,7,7.44,31.71
378010,2020,2,0.021611,0.029024,0.039602,0.053186,19,12.21,86.29
378010,2020,3,0.015029,0.105181,0.018749,0.131221,7,8.57,37.8
378010,2020,4,0.019935,0.02756,0.035637,0.049267,25,11.43,85.05
378010,2021,1,0.013699,0.112088,0.014165,0.115894,8,7.36,34.96
378010,2021,2,0.021272,0.027816,0.051835,0.06778,25,17.43,87.45
378010,2021,3,0.016586,0.106733,0.037269,0.239836,6,17.66,39.42
378010,2021,4,0.020613,0.026402,0.065985,0.084515,20,18.62,88.36
378010,2022,1,0.012921,0.104699,0.016331,0.132332,7,7.92,35.13
378010,2022,2,0.023365,0.02866,0.076415,0.093734,17,20.26,90.29
378010,2022,3,0.012067,0.108432,0.02021,0.181599,6,9.32,33.36
378010,2022,4,0.020297,0.026174,0.068545,0.088393,13,18.85,88.06
378010,2023,1,0.010027,0.103667,0.024056,0.248716,5,13.49,31.1
378010,2023,2,0.018431,0.026632,0.050407,0.072836,15,13.99,83.19
378010,2023,3,0.010112,0.108847,0.010036,0.108026,8,5.84,30.48
378010,2023,4,0.017315,0.0263,0.039806,0.060461,16,12.33,81.14
378010,2024,1,0.006152,0.101746,0.015922,0.263318,5,11.54,24.59
378010,2024,2,0.015427,0.021448,0.036797,0.051158,18,13.52,84.81
378010,2024,3,0.01042,0.106904,0.016153,0.165723,8,11.77,31.22
378010,2024,4,0.017229,0.026522,0.024549,0.03779,20,9.88,80.6
378010,2025,1,0.01071,0.108626,0.013039,0.132245,8,9.27,31.4
378010,2025,2,0.01559,0.021634,0.049308,0.068424,14,14.18,84.89
378010,2025,3,0.009486,0.102038,0.013673,0.147075,7,8.8,30.49
378010,2025,4,0.018593,0.024792,0.071729,0.095645,14,20.39,86.6
378010,2026,1,0.011808,0.107386,0.021722,0.197543,6,11.33,33.16
378010,2026,2,0.01391,0.105447,0.020435,0.154914,7,11.95,36.32
379010,2018,2,0.041919,0.06044,0.110025,0.15864,18,26.62,83.28
379010,2018,4,0.022405,0.040248,0.067519,0.121292,17,22.14,74.61
379010,2019,2,0.022092,0.032278,0.052926,0.077329,24,14.95,82.73
379010,2019,4,0.033788,0.039235,0.149533,0.173637,20,34.15,92.8
379010,2020,1,0.02551,0.111042,0.050849,0.221345,6,18.44,47.93
379010,2020,2,0.030815,0.036431,0.103281,0.122103,22,26.36,91.97
379010,2020,3,0.018045,0.104174,0.020027,0.115614,8,10.56,41.62
379010,2020,4,0.026889,0.035493,0.073238,0.096672,28,24.18,87.04
379010,2021,1,0.022655,0.109819,0.036338,0.176145,6,13.22,45.42
379010,2021,2,0.037156,0.045306,0.070694,0.0862,25,16.4,90.56
379010,2021,3,0.023724,0.11246,0.039763,0.18849,6,16.46,45.93
379010,2021,4,0.021177,0.024671,0.064229,0.074824,23,16.1,92.65
379010,2022,1,0.027038,0.112291,0.054771,0.227465,5,19.42,49.07
379010,2022,2,0.033181,0.038101,0.125933,0.144607,15,26.63,93.32
379010,2022,3,0.02018,0.110317,0.046699,0.25529,4,16.27,42.77
379010,2022,4,0.02397,0.02756,0.133145,0.153085,14,27.74,93.26
379010,2023,1,0.022068,0.112651,0.040518,0.206837,6,17.81,44.26
379010,2023,2,0.02753,0.033311,0.135701,0.164194,15,31.01,90.91
379010,2023,3,0.02507,0.123475,0.037467,0.184529,5,12.1,45.06
379010,2023,4,0.032512,0.03853,0.074594,0.0884,16,16.85,91.86
379010,2024,1,0.024046,0.111352,0.039031,0.180743,6,12.97,46.47
379010,2024,2,0.04105,0.0493,0.096203,0.115537,16,20.73,91.25
379010,2024,3,0.025615,0.117805,0.034151,0.157063,6,10.83,46.63
379010,2024,4,0.024714,0.030202,0.09757,0.119235,17,25.95,90.46
379010,2025,1,0.017791,0.114842,0.045161,0.291513,4,18.73,39.36
379010,2025,2,0.024399,0.037539,0.104325,0.16051,11,29.03,80.62
379010,2025,3,0.035345,0.104853,0.043404,0.128758,7,13.47,58.06
379010,2025,4,0.052195,0.06116,0.097605,0.11437,11,18.6,92.38
379010,2026,1,0.038541,0.106986,0.070344,0.19527,6,23.14,60.02
379010,2026,2,0.036854,0.107506,0.082638,0.241061,5,21.73,58.55
400001,2018,2,0.025396,0.044295,0.036164,0.063074,17,13.91,75.72
400001,2018,4,0.017598,0.038363,0.049256,0.107372,13,17.86,67.73
400001,2019,2,0.029147,0.049871,0.067518,0.115522,17,22.08,76.45
400001,2019,4,0.025433,0.03328,0.062334,0.081565,20,16.39,87.42
400001,2020,1,0.019597,0.109937,0.024011,0.1347,8,12.31,42.22
400001,2020,2,0.031844,0.036309,0.090934,0.103683,18,21.71,93.65
400001,2020,3,0.027522,0.108132,0.039734,0.156112,7,16.81,50.45
400001,2020,4,0.042349,0.047907,0.094999,0.107468,22,22.87,94.02
400001,2021,1,0.024355,0.11016,0.019844,0.089758,9,7.82,47.02
400001,2021,2,0.036365,0.044558,0.042686,0.052303,25,11.94,90.34
400001,2021,3,0.018548,0.112915,0.019967,0.121552,7,7.38,40.53
400001,2021,4,0.037295,0.043513,0.041846,0.048823,23,13.45,92.58
400001,2022,1,0.019926,0.104105,0.019314,0.100904,8,7.51,43.75
400001,2022,2,0.028989,0.037656,0.04435,0.057609,25,15.07,87.74
400001,2022,3,0.028324,0.111415,0.026898,0.105808,8,9.33,50.42
400001,2022,4,0.037966,0.048849,0.044948,0.057831,25,15.0,88.16
400001,2023,1,0.033363,0.110814,0.037572,0.124795,8,14.82,54.87
400001,2023,2,0.039158,0.048215,0.059187,0.072876,23,17.73,90.12
400001,2023,3,0.026693,0.110585,0.038368,0.158955,7,16.12,49.13
400001,2023,4,0.031758,0.039576,0.045756,0.057019,25,13.43,89.58
400001,2024,1,0.017667,0.101942,0.018096,0.104414,8,8.13,41.63
400001,2024,2,0.027042,0.035483,0.042995,0.056414,21,15.24,87.3
400001,2024,3,0.016278,0.101532,0.017819,0.111144,8,8.75,40.04
400001,2024,4,0.022726,0.04088,0.034498,0.062055,17,13.58,74.56
400001,2025,1,0.013601,0.102485,0.014133,0.106492,8,7.63,36.43
400001,2025,2,0.021881,0.03236,0.032788,0.04849,17,11.39,82.23
400001,2025,3,0.019438,0.105126,0.041997,0.227134,5,14.63,43.0
400001,2025,4,0.029206,0.035526,0.109296,0.132947,14,25.14,90.67
400001,2026,1,0.018603,0.102947,0.023139,0.128044,7,9.73,42.51
400001,2026,2,0.018118,0.101592,0.048518,0.272057,6,21.31,42.23
460007,2018,2,0.041122,0.042739,0.096614,0.100413,15,26.78,98.09
460007,2018,4,0.036911,0.048778,0.120732,0.159546,11,25.17,86.99
460007,2019,2,0.044558,0.050108,0.133958,0.150642,18,25.41,94.3
460007,2019,4,0.044198,0.049388,0.128243,0.143302,18,26.11,94.6
460007,2020,1,0.057209,0.111097,0.141201,0.274203,6,35.6,71.76
460007,2020,2,0.047419,0.053246,0.164323,0.184515,18,31.01,94.37
460007,2020,3,0.031402,0.101984,0.035029,0.113762,8,13.37,55.49
460007,2020,4,0.036273,0.044792,0.071089,0.087783,21,17.35,89.99
460007,2021,1,0.054283,0.103731,0.095604,0.182692,6,24.45,72.34
460007,2021,2,0.056869,0.063466,0.219889,0.245398,24,38.0,94.66
460007,2021,3,0.042462,0.103797,0.177322,0.433456,4,41.53,63.96
460007,2021,4,0.044312,0.049651,0.154901,0.173567,26,29.02,94.47
460007,2022,1,0.049238,0.105118,0.252227,0.538481,3,49.81,68.44
460007,2022,2,0.060314,0.06774,0.272859,0.306452,18,40.11,94.36
460007,2022,3,0.046834,0.111638,0.122216,0.291328,4,26.24,64.77
460007,2022,4,0.045867,0.05147,0.091744,0.102951,20,24.56,94.4
460007,2023,1,0.040803,0.10469,0.05101,0.130878,8,16.79,62.43
460007,2023,2,0.041835,0.047086,0.077387,0.087099,23,16.88,94.26
460007,2023,3,0.036332,0.106637,0.057697,0.169346,7,19.33,58.37
460007,2023,4,0.044507,0.050007,0.205748,0.231177,24,40.02,94.34
460007,2024,1,0.030639,0.104762,0.087411,0.298876,6,29.02,54.08
460007,2024,2,0.048489,0.054194,0.127816,0.142854,18,33.07,94.59
460007,2024,3,0.023023,0.104622,0.030662,0.139338,7,11.15,46.91
460007,2024,4,0.01956,0.025081,0.043866,0.056249,25,16.92,88.31
460007,2025,1,0.011092,0.10825,0.022953,0.224009,5,11.57,32.01
460007,2025,2,0.020038,0.022731,0.099696,0.113094,26,27.52,93.89
460007,2025,3,0.033406,0.116711,0.088085,0.307748,6,28.98,53.5
460007,2025,4,0.048071,0.054173,0.266698,0.300551,26,48.14,94.2
460007,2026,1,0.047516,0.111912,0.248903,0.58623,2,48.44,65.16
460007,2026,2,0.055258,0.105916,0.179697,0.344434,4,38.48,72.23
470009,2018,2,0.035155,0.044104,0.081151,0.101809,20,22.99,89.28
470009,2018,4,0.025529,0.044072,0.057694,0.099597,19,16.12,76.11
470009,2019,2,0.030797,0.041322,0.063526,0.085237,16,17.4,86.33
470009,2019,4,0.030124,0.03394,0.093547,0.105399,20,20.6,94.21
470009,2020,1,0.01694,0.084895,0.027361,0.137122,9,13.16,44.67
470009,2020,2,0.028537,0.034153,0.076647,0.091729,24,20.28,91.41
470009,2020,3,0.021266,0.093739,0.028413,0.125246,9,12.23,47.63
470009,2020,4,0.039011,0.043916,0.07406,0.083373,20,17.34,94.25
470009,2021,1,0.027752,0.103549,0.04705,0.175553,6,16.69,51.77
470009,2021,2,0.041551,0.053207,0.113627,0.145502,26,28.03,88.37
470009,2021,3,0.03265,0.11226,0.049734,0.171,7,16.67,53.93
470009,2021,4,0.036759,0.045992,0.085666,0.107185,22,18.75,89.4
470009,2022,1,0.030853,0.109754,0.046911,0.166875,7,17.21,53.02
470009,2022,2,0.03186,0.040015,0.052812,0.066331,24,12.24,89.23
470009,2022,3,0.019945,0.093605,0.017461,0.081946,11,7.24,46.16
470009,2022,4,0.02723,0.031389,0.060099,0.069278,26,18.88,93.14
470009,2023,1,0.01531,0.076793,0.036394,0.182554,12,18.63,44.65
470009,2023,2,0.018842,0.022131,0.106784,0.125426,28,29.75,92.27
470009,2023,3,0.016225,0.094161,0.038763,0.224961,8,17.45,41.51
470009,2023,4,0.019018,0.022256,0.073528,0.086046,26,19.21,92.44
470009,2024,1,0.011804,0.104496,0.013812,0.12227,8,8.5,33.61
470009,2024,2,0.02247,0.030984,0.074229,0.102353,19,24.83,85.16
470009,2024,3,0.017449,0.08867,0.029091,0.147832,9,15.28,44.36
470009,2024,4,0.019529,0.02331,0.073818,0.088113,22,24.58,91.53
470009,2025,1,0.009297,0.085167,0.020637,0.189045,8,12.27,33.04
470009,2025,2,0.019555,0.023402,0.065755,0.078694,20,18.25,91.41
470009,2025,3,0.023186,0.099674,0.034828,0.149726,7,13.13,48.23
470009,2025,4,0.027606,0.033543,0.075931,0.092259,19,21.33,90.72
470009,2026,1,0.017541,0.088741,0.037062,0.187496,9,17.63,44.46
470009,2026,2,0.033736,0.115223,0.095701,0.326859,4,27.92,54.11
470028,2018,2,0.048155,0.057808,0.140614,0.1688,20,30.52,91.27
470028,2018,4,0.030955,0.042683,0.237555,0.327561,11,48.92,85.16
470028,2019,2,0.04571,0.075693,0.0745,0.123368,18,21.19,77.71
470028,2019,4,0.053585,0.065123,0.072481,0.088087,17,20.98,90.71
470028,2020,1,0.026656,0.119143,0.040824,0.182473,6,13.62,47.3
470028,2020,2,0.032155,0.042688,0.068853,0.091408,24,21.32,86.79
470028,2020,3,0.02705,0.114522,0.081459,0.34488,5,27.49,48.6
470028,2020,4,0.030638,0.036973,0.055915,0.067477,21,16.57,91.03
470028,2021,1,0.02532,0.101525,0.026954,0.108076,8,9.02,49.94
470028,2021,2,0.02583,0.035153,0.056399,0.076755,28,15.31,85.72
470028,2021,3,0.020439,0.118678,0.029052,0.168686,6,12.13,41.5
470028,2021,4,0.028421,0.039439,0.073739,0.102325,23,19.17,84.89
470028,2022,1,0.012686,0.110648,0.030463,0.265702,5,15.47,33.86
470028,2022,2,0.05535,0.069534,0.179744,0.225803,19,31.18,89.22
470028,2022,3,0.024923,0.110881,0.06862,0.305289,4,23.96,47.41
470028,2022,4,0.031578,0.038573,0.080299,0.098085,24,20.75,90.48
470028,2023,1,0.017793,0.115441,0.044901,0.291313,5,19.35,39.26
470028,2023,2,0.036139,0.040382,0.106209,0.11868,27,23.96,94.6
470028,2023,3,0.011122,0.108272,0.021764,0.211874,5,11.16,32.05
470028,2023,4,0.018441,0.026229,0.043398,0.061725,30,15.34,83.85
470028,2024,1,0.009011,0.108111,0.008886,0.106618,8,5.49,28.87
470028,2024,2,0.013412,0.021119,0.032919,0.051837,22,11.38,79.69
470028,2024,3,0.023781,0.136693,0.035235,0.202532,8,16.51,41.71
470028,2024,4,0.0361,0.041127,0.072747,0.082876,22,19.62,93.69
470028,2025,1,0.019618,0.108254,0.026608,0.146824,7,12.26,42.57
470028,2025,2,0.02225,0.02623,0.060102,0.070855,19,18.01,92.1
470028,2025,3,0.021386,0.108189,0.033242,0.168171,6,12.59,44.46
470028,2025,4,0.028712,0.032703,0.10076,0.114765,15,19.12,93.7
470028,2026,1,0.017343,0.115378,0.024205,0.161032,6,10.86,38.77
470028,2026,2,0.018895,0.117327,0.039121,0.242925,5,14.28,40.13
470098,2018,2,0.052073,0.059692,0.074009,0.084839,17,18.64,93.4
470098,2018,4,0.041026,0.047232,0.077486,0.089206,17,23.57,93.2
470098,2019,2,0.034601,0.046947,0.037524,0.050913,18,10.49,85.85
470098,2019,4,0.028446,0.038786,0.027094,0.036942,22,9.87,85.64
470098,2020,1,0.019874,0.101043,0.017817,0.090583,9,9.27,44.35
470098,2020,2,0.031401,0.04066,0.036259,0.046949,22,12.01,87.88
470098,2020,3,0.01666,0.105915,0.015661,0.099564,8,7.0,39.66
470098,2020,4,0.023997,0.028795,0.038548,0.046254,24,12.73,91.29
470098,2021,1,0.016855,0.084964,0.037261,0.187824,7,15.96,44.54
470098,2021,2,0.026978,0.034445,0.092569,0.11819,28,25.46,88.5
470098,2021,3,0.023548,0.094194,0.039355,0.157419,11,18.32,50.0
470098,2021,4,0.030578,0.040962,0.058393,0.078222,28,20.6,86.4
470098,2022,1,0.035459,0.085074,0.039296,0.09428,12,16.07,64.56
470098,2022,2,0.027088,0.038527,0.063653,0.090534,30,23.06,83.85
470098,2022,3,0.020948,0.08924,0.031831,0.135603,8,12.13,48.45
470098,2022,4,0.03598,0.043144,0.0908,0.108881,30,26.4,91.32
470098,2023,1,0.026367,0.093972,0.068945,0.245721,6,20.96,52.97
470098,2023,2,0.028552,0.037818,0.068434,0.090643,19,17.31,86.89
470098,2023,3,0.013975,0.104493,0.024128,0.180418,6,12.28,36.57
470098,2023,4,0.018735,0.022844,0.068497,0.083522,26,20.01,90.56
470098,2024,1,0.01828,0.104171,0.044385,0.252939,6,20.01,41.89
470098,2024,2,0.02946,0.036089,0.075082,0.091977,26,18.25,90.35
470098,2024,3,0.029401,0.108523,0.029147,0.107585,8,10.45,52.05
470098,2024,4,0.048416,0.057514,0.086791,0.1031,16,17.73,91.75
470098,2025,1,0.053725,0.113932,0.077048,0.163391,6,18.55,68.67
470098,2025,2,0.055031,0.072873,0.105147,0.139238,13,22.66,86.9
470098,2025,3,0.036904,0.126091,0.064741,0.2212,5,20.13,54.1
470098,2025,4,0.040153,0.049925,0.112367,0.139716,8,20.22,89.68
470098,2026,1,0.036867,0.117391,0.060122,0.191443,6,16.32,56.04
470098,2026,2,0.033072,0.108224,0.052996,0.173425,6,14.23,55.28
481001,2018,2,0.024966,0.040196,0.046664,0.075131,20,15.88,78.81
481001,2018,4,0.021687,0.041385,0.044672,0.085247,20,14.29,72.39
481001,2019,2,0.028031,0.037333,0.077857,0.103695,18,18.81,86.65
481001,2019,4,0.033042,0.039363,0.082053,0.097749,15,16.36,91.62
481001,2020,1,0.013809,0.09629,0.028773,0.200628,6,13.99,37.87
481001,2020,2,0.022178,0.026248,0.104102,0.123208,20,24.26,91.92
481001,2020,3,0.019748,0.095808,0.035075,0.170171,6,13.59,45.4
481001,2020,4,0.030322,0.033932,0.10319,0.115478,23,26.89,94.53
481001,2021,1,0.019297,0.105343,0.035136,0.191805,5,13.56,42.8
481001,2021,2,0.026406,0.030868,0.076395,0.089305,26,22.2,92.49
481001,2021,3,0.015384,0.106538,0.037191,0.257553,6,18.32,38.0
481001,2021,4,0.024835,0.034997,0.100417,0.141504,20,27.06,84.24
481001,2022,1,0.019165,0.108543,0.045508,0.257737,5,18.13,42.02
481001,2022,2,0.021281,0.028587,0.066986,0.089984,25,20.16,86.28
481001,2022,3,0.01754,0.109624,0.038341,0.239633,5,13.57,40.0
481001,2022,4,0.021612,0.028632,0.070678,0.093636,27,23.4,86.88
481001,2023,1,0.015495,0.101092,0.025142,0.164038,7,9.98,39.15
481001,2023,2,0.019587,0.031031,0.047793,0.075715,28,18.43,79.45
481001,2023,3,0.014246,0.102228,0.019667,0.141133,8,9.02,37.33
481001,2023,4,0.016763,0.024755,0.027536,0.040663,29,10.88,82.29
481001,2024,1,0.012413,0.106877,0.011225,0.096647,9,7.52,34.08
481001,2024,2,0.017308,0.026728,0.020345,0.031419,26,8.79,80.47
481001,2024,3,0.012584,0.106713,0.00878,0.074455,10,5.64,34.34
481001,2024,4,0.018374,0.026576,0.024724,0.035759,25,10.33,83.15
481001,2025,1,0.014003,0.109623,0.01483,0.116104,8,8.27,35.74
481001,2025,2,0.021199,0.024954,0.050778,0.059772,22,13.14,92.17
481001,2025,3,0.014016,0.103386,0.037503,0.276632,5,17.41,36.82
481001,2025,4,0.031252,0.03745,0.153962,0.1845,19,35.65,91.35
481001,2026,1,0.023422,0.127386,0.056277,0.306071,5,19.0,42.88
481001,2026,2,0.027951,0.110386,0.098342,0.388382,4,28.86,50.32
481008,2018,2,0.014844,0.033485,0.032461,0.073227,20,14.16,66.58
481008,2018,4,0.024887,0.043961,0.052363,0.092496,13,14.7,75.24
481008,2019,2,0.028254,0.046812,0.07232,0.119819,18,22.08,77.69
481008,2019,4,0.036055,0.044871,0.055031,0.068487,18,15.31,89.64
481008,2020,1,0.026459,0.113136,0.023126,0.098885,9,9.74,48.36
481008,2020,2,0.033677,0.040075,0.054239,0.064544,24,19.11,91.67
481008,2020,3,0.026452,0.105342,0.032715,0.130284,8,13.18,50.11
481008,2020,4,0.028081,0.037582,0.056329,0.075388,27,18.46,86.44
481008,2021,1,0.013779,0.103144,0.013235,0.09907,9,8.71,36.55
481008,2021,2,0.018808,0.030946,0.027463,0.045186,25,10.72,77.96
481008,2021,3,0.01013,0.108109,0.010636,0.113517,8,7.17,30.61
481008,2021,4,0.017299,0.026237,0.039465,0.059854,25,18.6,81.2
481008,2022,1,0.009306,0.106861,0.009645,0.11075,8,6.42,29.51
481008,2022,2,0.016882,0.027403,0.038875,0.063101,25,16.67,78.49
481008,2022,3,0.008477,0.108119,0.01399,0.178448,7,10.04,28.0
481008,2022,4,0.016673,0.026447,0.034659,0.054976,26,11.69,79.4
481008,2023,1,0.015648,0.105077,0.015641,0.10503,8,7.57,38.59
481008,2023,2,0.022936,0.035149,0.045712,0.070052,27,16.07,80.78
481008,2023,3,0.013505,0.111002,0.023232,0.190957,6,12.11,34.88
481008,2023,4,0.015658,0.0313,0.020154,0.040285,29,9.65,70.73
481008,2024,1,0.010075,0.105657,0.017003,0.178311,7,10.39,30.88
481008,2024,2,0.017071,0.025002,0.026759,0.039191,24,12.85,82.63
481008,2024,3,0.012706,0.110108,0.020385,0.176648,7,11.71,33.97
481008,2024,4,0.01797,0.027328,0.027006,0.041069,24,11.25,81.09
481008,2025,1,0.01173,0.116727,0.019488,0.193927,6,10.1,31.7
481008,2025,2,0.016005,0.02071,0.028997,0.037521,25,10.88,87.91
481008,2025,3,0.016399,0.106555,0.025394,0.165006,7,12.41,39.23
481008,2025,4,0.021995,0.025795,0.038629,0.045304,26,14.25,92.34
481008,2026,1,0.012713,0.106318,0.013403,0.112086,8,8.27,34.58
481008,2026,2,0.011973,0.108688,0.011138,0.101109,9,7.39,33.19
481010,2018,2,0.031873,0.040348,0.080216,0.101544,13,21.43,88.88
481010,2018,4,0.038062,0.050541,0.200514,0.266259,8,39.97,86.78
481010,2019,2,0.036903,0.04077,0.130689,0.144382,16,28.14,95.14
481010,2019,4,0.026321,0.031625,0.090322,0.108523,13,22.26,91.23
481010,2020,1,0.016122,0.118722,0.039933,0.294073,5,18.4,36.85
481010,2020,2,0.031727,0.036385,0.116937,0.134105,16,24.29,93.38
481010,2020,3,0.019874,0.104167,0.071352,0.373973,4,25.71,43.68
481010,2020,4,0.021589,0.024929,0.140323,0.162032,23,32.1,93.06
481010,2021,1,0.017815,0.093588,0.029159,0.153179,7,12.43,43.63
481010,2021,2,0.023608,0.026402,0.126129,0.141059,23,27.97,94.56
481010,2021,3,0.023005,0.102564,0.049053,0.218699,5,14.65,47.36
481010,2021,4,0.02596,0.029076,0.158296,0.177295,19,35.69,94.49
481010,2022,1,0.01546,0.092373,0.041166,0.245969,8,19.36,40.91
481010,2022,2,0.020872,0.023496,0.201598,0.226947,16,40.2,94.25
481010,2022,3,0.011896,0.083834,0.019972,0.140745,7,8.99,37.67
481010,2022,4,0.021303,0.025601,0.076045,0.091388,22,22.62,91.22
481010,2023,1,0.010391,0.085608,0.013313,0.109682,9,6.94,34.84
481010,2023,2,0.017641,0.020244,0.051802,0.059445,24,13.34,93.35
481010,2023,3,0.009272,0.104409,0.007691,0.086611,9,5.07,29.8
481010,2023,4,0.016362,0.020559,0.044198,0.055536,24,12.68,89.21
481010,2024,1,0.009296,0.098442,0.00844,0.089376,9,5.58,30.73
481010,2024,2,0.014915,0.01877,0.0536,0.067455,20,15.82,89.14
481010,2024,3,0.00816,0.093769,0.008529,0.098003,9,6.64,29.5
481010,2024,4,0.015816,0.020629,0.067669,0.088263,17,18.99,87.56
481010,2025,1,0.008325,0.117833,0.013674,0.193542,5,8.97,26.58
481010,2025,2,0.015999,0.021109,0.076532,0.100973,15,20.97,87.06
481010,2025,3,0.013993,0.118659,0.026102,0.221345,5,13.1,34.34
481010,2025,4,0.026932,0.031592,0.096121,0.112754,19,25.35,92.33
481010,2026,1,0.026032,0.117247,0.068786,0.309806,5,24.74,47.12
481010,2026,2,0.040174,0.120002,0.216,0.645204,4,47.2,57.86
481015,2018,2,0.037601,0.045637,0.091059,0.110519,12,19.77,90.77
481015,2018,4,0.043584,0.056473,0.147031,0.190513,8,33.43,87.85
481015,2019,2,0.036877,0.041233,0.147715,0.165165,17,33.5,94.57
481015,2019,4,0.022647,0.02685,0.074709,0.088575,14,17.26,91.84
481015,2020,1,0.011376,0.108168,0.026723,0.254089,6,14.87,32.43
481015,2020,2,0.031072,0.03453,0.126361,0.140426,16,27.41,94.86
481015,2020,3,0.022577,0.10605,0.069847,0.32809,4,24.52,46.14
481015,2020,4,0.023249,0.025924,0.143179,0.159654,23,34.44,94.7
481015,2021,1,0.01676,0.101979,0.021658,0.131781,8,12.4,40.54
481015,2021,2,0.026364,0.029447,0.117219,0.130928,23,25.57,94.62
481015,2021,3,0.024172,0.103914,0.06502,0.279518,4,19.57,48.23
481015,2021,4,0.027412,0.030794,0.195651,0.219786,19,39.81,94.35
481015,2022,1,0.023078,0.108218,0.059295,0.278041,5,21.92,46.18
481015,2022,2,0.026856,0.030576,0.252333,0.287282,15,45.88,93.72
481015,2022,3,0.021036,0.104484,0.05625,0.279388,4,20.65,44.87
481015,2022,4,0.033931,0.038044,0.195135,0.218788,15,33.35,94.44
481015,2023,1,0.018179,0.104544,0.042581,0.244873,5,16.87,41.7
481015,2023,2,0.028121,0.032167,0.170541,0.195077,21,39.24,93.5
481015,2023,3,0.018959,0.107889,0.079908,0.454727,4,27.97,41.92
481015,2023,4,0.029938,0.033489,0.230449,0.257781,20,46.69,94.55
481015,2024,1,0.02144,0.102436,0.096419,0.460658,5,31.28,45.75
481015,2024,2,0.040308,0.04528,0.261569,0.293835,12,49.93,94.35
481015,2024,3,0.039645,0.107317,0.15755,0.426479,4,38.98,60.78
481015,2024,4,0.046782,0.054523,0.488094,0.568853,13,70.33,92.63
481015,2025,1,0.035729,0.11876,0.291147,0.967742,1,54.85,54.85
481015,2025,2,0.052421,0.060492,0.547854,0.632206,13,75.43,93.09
481015,2025,3,0.050531,0.112565,0.275486,0.61369,4,53.21,67.0
481015,2025,4,0.057794,0.065158,0.519574,0.585773,14,72.65,94.18
481015,2026,1,0.041327,0.100519,0.300329,0.730484,3,55.59,64.12
481015,2026,2,0.054465,0.101814,0.433229,0.809856,2,66.82,73.14
501026,2016,4,0.006353,0.057499,0.007806,0.07065,14,5.24,33.24
501026,2017,1,0.008846,0.072175,0.009077,0.074058,11,6.02,35.01
501026,2017,2,0.015176,0.025622,0.019061,0.032181,27,7.76,76.96
501026,2017,3,0.012832,0.055998,0.013379,0.058384,14,7.95,47.87
501026,2017,4,0.015325,0.023934,0.016025,0.025026,29,8.03,80.02
501026,2018,1,0.008129,0.02348,0.007472,0.021583,28,4.72,58.84
501026,2018,2,0.009386,0.021148,0.007847,0.017681,27,6.07,66.62
501026,2018,3,0.006882,0.086045,0.009291,0.116179,10,7.57,28.28
501026,2018,4,0.010831,0.021985,0.013129,0.026648,22,7.47,70.19
501026,2019,1,0.009112,0.104206,0.013357,0.152757,7,8.1,29.57
501026,2019,2,0.026447,0.045085,0.04797,0.081777,18,14.23,76.59
501026,2019,3,0.024716,0.091723,0.032122,0.119206,8,11.25,51.91
501026,2019,4,0.03584,0.049559,0.064291,0.0889,22,20.59,85.04
501026,2020,1,0.015283,0.103747,0.026794,0.181886,8,11.45,38.3813
501026,2020,2,0.025365,0.030931,0.055134,0.067232,21,15.97,90.5569
501026,2020,3,0.020931,0.106411,0.017689,0.089928,11,7.69,44.351
501026,2020,4,0.031439,0.037633,0.079494,0.095158,23,22.9,91.4
501026,2021,1,0.027144,0.106313,0.100782,0.394722,6,29.02,50.5297
501026,2021,2,0.039501,0.048153,0.134653,0.164145,25,34.624,90.5721
501026,2021,3,0.028666,0.11119,0.06632,0.257246,8,23.6533,50.7749
501026,2021,4,0.031576,0.038409,0.121723,0.148063,22,25.65,90.67
501026,2022,1,0.020133,0.117354,0.040887,0.23832,6,16.85,41.42
501026,2022,2,0.029299,0.034988,0.127927,0.152766,22,29.58,91.51
501026,2022,3,0.0202,0.1093,0.030118,0.162966,7,12.55,42.99
501026,2022,4,0.032367,0.042812,0.113868,0.150613,19,24.92,86.95
501026,2023,1,0.023939,0.108231,0.042416,0.191769,6,15.14,47.03
501026,2023,2,0.02916,0.039621,0.062399,0.084782,18,18.04,85.79
501026,2023,3,0.020465,0.119633,0.03276,0.191507,6,12.71,41.36
501026,2023,4,0.032575,0.044581,0.084223,0.115266,16,24.22,85.48
501026,2024,1,0.025573,0.10894,0.039641,0.168871,6,12.22,48.45
501026,2024,2,0.043234,0.059433,0.096662,0.13288,11,23.74,85.29
501026,2024,3,0.048589,0.109841,0.109494,0.247524,6,24.86,66.51
501026,2024,4,0.043099,0.063063,0.101001,0.147785,14,27.65,82.67
501026,2025,1,0.032958,0.103207,0.116769,0.36566,5,33.76,56.51
501026,2025,2,0.046022,0.057673,0.206978,0.259375,17,42.7,89.33
501026,2025,3,0.052374,0.105315,0.11651,0.234281,7,32.77,70.52
501026,2025,4,0.057547,0.066123,0.216271,0.248501,19,44.35,93.29
501026,2026,1,0.044701,0.105445,0.162623,0.383608,4,37.83,65.11
501026,2026,2,0.040306,0.102657,0.162397,0.413615,4,39.41,62.66
501054,2018,2,0.023735,0.049723,0.043735,0.091621,18,16.74,69.09
501054,2018,4,0.020329,0.049322,0.045229,0.109735,19,19.12,64.2
501054,2019,2,0.03071,0.05634,0.067648,0.124105,19,23.47,73.83
501054,2019,4,0.028564,0.065475,0.067464,0.154642,17,23.52,66.05
501054,2020,1,0.029348,0.107911,0.081348,0.299116,5,26.61,52.15
501054,2020,2,0.032267,0.052684,0.089768,0.146569,21,28.35,78.26
501054,2020,3,0.025285,0.132345,0.045132,0.236223,6,18.49,43.71
501054,2020,4,0.029942,0.059969,0.061332,0.122841,22,22.4,70.66
501054,2021,1,0.029208,0.130275,0.039399,0.175729,7,16.33,47.35
501054,2021,2,0.038205,0.057929,0.077997,0.118265,26,24.15,81.21
501054,2021,3,0.02817,0.12288,0.049519,0.216005,6,17.89,47.88
501054,2021,4,0.027738,0.043233,0.063522,0.099006,24,21.89,80.1
501054,2022,1,0.016329,0.110221,0.029309,0.197833,6,15.17,38.49
501054,2022,2,0.022007,0.038669,0.082772,0.145438,21,26.84,75.44
501054,2022,3,0.01625,0.119088,0.044888,0.328955,7,20.77,36.94
501054,2022,4,0.024024,0.040071,0.085825,0.143151,27,27.34,77.43
501054,2023,1,0.017844,0.154907,0.037305,0.323847,7,17.9,33.94
501054,2023,2,0.025278,0.037815,0.099141,0.14831,21,25.67,81.76
501054,2023,3,0.031967,0.081809,0.096059,0.245833,9,25.12,62.51
501054,2023,4,0.038565,0.050881,0.141735,0.186999,22,32.54,87.06
501054,2024,1,0.040614,0.110666,0.146294,0.398627,5,37.58,60.58
501054,2024,2,0.026201,0.030346,0.062953,0.072912,22,22.98,92.92
501054,2024,3,0.028934,0.030587,0.062203,0.065757,22,22.74,97.26
501054,2024,4,0.027448,0.047221,0.051576,0.088733,17,13.64,76.24
501054,2025,1,0.02,0.126449,0.054832,0.346676,4,20.11,39.77
501054,2025,2,0.025641,0.057359,0.055511,0.124177,17,20.39,66.86
501054,2025,3,0.033582,0.099965,0.096281,0.286604,5,26.09,57.96
501054,2025,4,0.036611,0.060736,0.115889,0.192251,20,30.17,77.64
501054,2026,1,0.029804,0.107598,0.051566,0.186165,8,15.55,52.63
501054,2026,2,0.031995,0.106387,0.115588,0.384342,3,30.12,54.84
501079,2019,4,0.041267,0.056543,0.096085,0.131654,17,21.33,85.43
501079,2020,1,0.06551,0.064245,0.239926,0.235292,5,32.14,100.98
501079,2020,2,0.040791,0.051198,0.239909,0.301115,16,48.01,89.26
501079,2020,3,0.029966,0.103876,0.045625,0.158157,7,18.3,53.71
501079,2020,4,0.052028,0.060571,0.117889,0.137247,25,27.86,92.68
501079,2021,1,0.035424,0.104186,0.097457,0.286634,5,27.73,58.31
501079,2021,2,0.047616,0.070129,0.161467,0.23781,27,35.32,82.4
501079,2021,3,0.035753,0.109009,0.076714,0.233894,6,23.66,57.27
501079,2021,4,0.040074,0.055676,0.125616,0.174519,28,24.85,84.84
501079,2022,1,0.023236,0.086798,0.048865,0.182533,7,19.57,51.74
501079,2022,2,0.038212,0.054636,0.080389,0.11494,29,18.66,83.63
501079,2022,3,0.054082,0.095762,0.084757,0.150078,7,18.65,75.15
501079,2022,4,0.047234,0.074697,0.080489,0.127287,27,18.24,79.52
501079,2023,1,0.033569,0.110091,0.046658,0.153014,6,12.88,55.22
501079,2023,2,0.039761,0.075105,0.188094,0.355295,16,41.24,72.76
501079,2023,3,0.036348,0.120948,0.119999,0.3993,4,31.06,54.82
501079,2023,4,0.051974,0.065837,0.369815,0.468457,20,61.45,88.85
501079,2024,1,0.045253,0.107936,0.28931,0.690054,3,54.34,64.75
501079,2024,2,0.062297,0.076164,0.366728,0.448356,10,51.63,90.44
501079,2024,3,0.062685,0.111946,0.263672,0.470882,2,40.38,74.83
501079,2024,4,0.073045,0.094282,0.313379,0.40449,15,55.62,88.02
501079,2025,1,0.059171,0.108347,0.412244,0.754858,2,64.95,73.9
501079,2025,2,0.060832,0.075352,0.448499,0.555552,15,67.17,89.85
501079,2025,3,0.066225,0.10899,0.292502,0.48139,3,52.52,77.95
501079,2025,4,0.060902,0.073933,0.42815,0.519765,14,65.48,90.76
501079,2026,1,0.046626,0.113549,0.16214,0.394862,3,34.9,64.08
501079,2026,2,0.051332,0.10621,0.159362,0.329736,4,35.17,69.52
501082,2019,3,0.007782,0.241513,0.01136,0.352582,5,9.54,17.95
501082,2019,4,0.022751,0.031305,0.100886,0.138816,14,25.92,85.25
501082,2020,1,0.008209,0.113886,0.014268,0.19795,7,8.11,26.8473
501082,2020,2,0.030039,0.054162,0.094177,0.169806,16,26.3,74.4724
501082,2020,3,0.020382,0.163328,0.022594,0.181051,6,10.24,35.3261
501082,2020,4,0.021903,0.042439,0.088147,0.170796,21,21.38,71.84
501082,2021,1,0.026626,0.115134,0.045501,0.196747,5,15.21,48.09
501082,2021,2,0.032424,0.036625,0.152297,0.17203,18,31.48,94.09
501082,2021,3,0.015718,0.118046,0.031906,0.23962,7,15.74,36.49
501082,2021,4,0.020071,0.025096,0.155623,0.194584,16,36.75,89.43
501082,2022,1,0.017687,0.114575,0.052955,0.343042,4,18.57,39.29
501082,2022,2,0.017367,0.023292,0.176194,0.236302,12,40.63,86.35
501082,2022,3,0.011476,0.102938,0.019015,0.170559,6,10.52,33.39
501082,2022,4,0.015483,0.020321,0.158163,0.207576,15,35.21,87.29
501082,2023,1,0.008295,0.109126,0.015681,0.206305,6,8.97,27.57
501082,2023,2,0.024355,0.032431,0.114981,0.153105,12,26.01,86.66
501082,2023,3,0.009619,0.116297,0.021178,0.256038,5,12.26,28.76
501082,2023,4,0.014554,0.024188,0.162614,0.270253,14,39.54,77.57
501082,2024,1,0.016764,0.098048,0.050599,0.295929,7,21.44,41.35
501082,2024,2,0.025932,0.049432,0.188114,0.358578,13,42.39,72.43
501082,2024,3,0.01838,0.115857,0.033361,0.210289,6,11.87,39.83
501082,2024,4,0.024505,0.048434,0.202113,0.399474,14,44.22,71.13
501082,2025,1,0.014656,0.143038,0.031067,0.303204,5,14.27,32.01
501082,2025,2,0.020569,0.049168,0.073335,0.175295,18,21.32,64.68
501082,2025,3,0.021507,0.11686,0.066387,0.36072,4,24.53,42.9
501082,2025,4,0.031405,0.038617,0.145119,0.178445,15,27.9,90.18
501082,2026,1,0.03212,0.130244,0.095185,0.385971,3,24.76,49.66
501082,2026,2,0.027562,0.117754,0.11862,0.506789,2,30.95,48.38
519005,2018,2,0.054152,0.061038,0.352701,0.397555,4,51.61,94.19
519005,2018,4,0.047187,0.056571,0.25623,0.307188,6,44.99,91.33
519005,2019,2,0.049683,0.057966,0.270215,0.315265,10,46.04,92.58
519005,2019,4,0.041759,0.056344,0.279632,0.377295,10,46.3,86.09
519005,2020,1,0.040535,0.079534,0.123679,0.242672,8,33.09,71.39
519005,2020,2,0.059921,0.075192,0.202911,0.254621,11,39.05,89.27
519005,2020,3,0.052338,0.100933,0.174397,0.33632,4,33.65,72.01
519005,2020,4,0.053461,0.071649,0.193545,0.259391,22,39.41,86.38
519005,2021,1,0.045252,0.129381,0.130726,0.373766,6,35.77,59.14
519005,2021,2,0.042147,0.048689,0.290576,0.335676,25,48.54,93.04
519005,2021,3,0.028834,0.102611,0.110406,0.392895,4,29.25,53.01
519005,2021,4,0.027212,0.031415,0.087812,0.101375,24,22.98,93.07
519005,2022,1,0.025246,0.112939,0.055075,0.246379,5,17.6,47.28
519005,2022,2,0.039526,0.044505,0.271399,0.305589,17,49.68,94.24
519005,2022,3,0.041725,0.116717,0.191241,0.534963,4,43.93,59.79
519005,2022,4,0.041142,0.046672,0.380931,0.432123,16,61.22,93.89
519005,2023,1,0.024332,0.10443,0.061831,0.265368,5,19.15,48.27
519005,2023,2,0.031224,0.037913,0.189507,0.230108,19,32.95,90.75
519005,2023,3,0.02325,0.09077,0.061342,0.239489,5,20.41,50.61
519005,2023,4,0.030598,0.036182,0.153046,0.180978,17,33.59,91.96
519005,2024,1,0.017774,0.076314,0.054991,0.236111,6,20.4,48.26
519005,2024,2,0.043698,0.049953,0.160927,0.183962,14,28.84,93.53
519005,2024,3,0.034605,0.107717,0.109067,0.339497,3,24.68,56.68
519005,2024,4,0.028989,0.03645,0.152964,0.192333,7,31.28,89.18
519005,2025,1,0.016059,0.080769,0.028478,0.143229,8,12.55,44.59
519005,2025,2,0.038049,0.042861,0.185634,0.209108,16,30.32,94.22
519005,2025,3,0.038562,0.108851,0.129603,0.365837,3,26.39,59.52
519005,2025,4,0.025248,0.029882,0.133176,0.157618,18,26.36,91.92
519005,2026,1,0.028783,0.128816,0.076598,0.342804,5,26.65,47.27
519005,2026,2,0.021788,0.121709,0.049774,0.278045,4,19.36,42.31
519013,2018,2,0.01154,0.024579,0.026728,0.056929,25,12.1,68.52
519013,2018,4,0.013837,0.020144,0.014629,0.021296,24,7.18,82.88
519013,2019,2,0.016706,0.020411,0.022092,0.026991,27,9.67,90.47
519013,2019,4,0.016608,0.020157,0.034833,0.042278,22,12.38,90.77
519013,2020,1,0.006025,0.100452,0.006586,0.10981,8,5.18,24.49
519013,2020,2,0.018081,0.020722,0.050074,0.057388,23,12.92,93.41
519013,2020,3,0.006124,0.100868,0.006839,0.112639,8,5.43,24.64
519013,2020,4,0.032135,0.04027,0.051568,0.064623,22,12.53,89.33
519013,2021,1,0.024565,0.103278,0.020993,0.08826,9,9.08,48.77
519013,2021,2,0.023374,0.030522,0.043192,0.056401,23,11.6,87.51
519013,2021,3,0.013529,0.104156,0.012747,0.09814,9,8.27,36.04
519013,2021,4,0.020483,0.025497,0.047929,0.059661,26,18.7,89.63
519013,2022,1,0.015446,0.102335,0.019547,0.129508,7,8.89,38.85
519013,2022,2,0.020361,0.024621,0.049449,0.059792,23,18.48,90.94
519013,2022,3,0.009964,0.103956,0.011146,0.11628,8,8.04,30.96
519013,2022,4,0.017092,0.019877,0.041897,0.048724,23,16.89,92.73
519013,2023,1,0.00993,0.106117,0.009784,0.10456,9,7.58,30.59
519013,2023,2,0.017072,0.023757,0.033225,0.046236,20,10.01,84.77
519013,2023,3,0.016189,0.107534,0.021478,0.142672,7,11.0,38.8
519013,2023,4,0.015363,0.020102,0.024203,0.031669,24,9.72,87.42
519013,2024,1,0.007408,0.102075,0.007604,0.104767,8,5.22,26.94
519013,2024,2,0.017461,0.023042,0.031804,0.04197,21,10.32,87.05
519013,2024,3,0.011074,0.103947,0.011193,0.105058,8,6.15,32.64
519013,2024,4,0.013865,0.019272,0.029158,0.040529,22,12.25,84.82
519013,2025,1,0.011364,0.105306,0.016466,0.152583,7,10.51,32.85
519013,2025,2,0.019506,0.023436,0.040802,0.049024,22,15.76,91.23
519013,2025,3,0.01307,0.104886,0.014353,0.115188,8,7.82,35.3
519013,2025,4,0.020848,0.025893,0.05222,0.064858,22,16.17,89.73
519013,2026,1,0.013393,0.112652,0.017538,0.147518,8,10.89,34.48
519013,2026,2,0.014487,0.104744,0.022507,0.162728,8,13.72,37.19
519018,2018,2,0.027377,0.038579,0.052149,0.073487,21,14.9,84.24
519018,2018,4,0.016445,0.034864,0.051666,0.109533,14,13.57,68.68
519018,2019,2,0.01947,0.036278,0.06121,0.114048,19,19.45,73.26
519018,2019,4,0.024644,0.030973,0.046671,0.058657,23,18.16,89.2
519018,2020,1,0.017531,0.091509,0.015155,0.079105,11,8.73,43.77
519018,2020,2,0.031494,0.038141,0.046751,0.056618,26,17.17,90.87
519018,2020,3,0.019381,0.088337,0.022604,0.103027,10,8.77,46.84
519018,2020,4,0.024726,0.030056,0.038591,0.046911,26,15.81,90.7
519018,2021,1,0.019474,0.073969,0.020304,0.077123,13,9.1,51.31
519018,2021,2,0.026553,0.034258,0.03873,0.049968,24,12.62,88.04
519018,2021,3,0.017986,0.091606,0.022938,0.11683,10,11.53,44.31
519018,2021,4,0.028901,0.0333,0.050623,0.058329,24,16.36,93.16
519018,2022,1,0.027394,0.071127,0.055607,0.14438,10,17.86,62.06
519018,2022,2,0.02304,0.026846,0.068895,0.080277,28,23.82,92.64
519018,2022,3,0.013342,0.105751,0.023987,0.190125,7,13.43,35.52
519018,2022,4,0.018755,0.022809,0.04211,0.051211,28,14.29,90.68
519018,2023,1,0.012838,0.115705,0.025294,0.227966,9,14.47,33.31
519018,2023,2,0.01617,0.018245,0.045723,0.051592,28,14.1,94.14
519018,2023,3,0.012606,0.10759,0.020667,0.176389,8,12.31,34.23
519018,2023,4,0.01613,0.020387,0.04562,0.057658,29,14.82,88.95
519018,2024,1,0.013544,0.11025,0.022648,0.184353,8,11.5,35.05
519018,2024,2,0.018432,0.025237,0.043778,0.059942,28,13.52,85.46
519018,2024,3,0.026042,0.133964,0.039937,0.205445,8,17.9,44.09
519018,2024,4,0.033621,0.043062,0.073694,0.094389,22,21.5,88.36
519018,2025,1,0.021367,0.112146,0.037343,0.195991,7,16.98,43.65
519018,2025,2,0.024007,0.02997,0.059337,0.074077,20,16.81,89.5
519018,2025,3,0.023917,0.111235,0.043216,0.200989,5,12.83,46.37
519018,2025,4,0.029251,0.036697,0.090832,0.113955,18,18.53,89.28
519018,2026,1,0.020727,0.118007,0.02341,0.133281,7,8.37,41.91
519018,2026,2,0.020814,0.120739,0.04656,0.270086,5,15.63,41.52
519026,2018,2,0.036637,0.043694,0.107366,0.128044,15,24.2,91.57
519026,2018,4,0.019332,0.028273,0.053768,0.078635,15,15.98,82.69
519026,2019,2,0.054027,0.071314,0.134801,0.177932,14,28.73,87.04
519026,2019,4,0.054018,0.064281,0.13009,0.154806,11,22.18,91.67
519026,2020,1,0.046539,0.113302,0.091408,0.222537,5,22.69,64.09
519026,2020,2,0.048717,0.056278,0.190064,0.219563,12,32.41,93.04
519026,2020,3,0.052581,0.108017,0.143583,0.294962,4,32.49,69.77
519026,2020,4,0.058461,0.065742,0.186932,0.210213,20,32.58,94.3
519026,2021,1,0.037677,0.09147,0.086339,0.209609,7,25.71,64.18
519026,2021,2,0.041351,0.051358,0.17697,0.219799,25,32.36,89.73
519026,2021,3,0.037099,0.10811,0.101753,0.296515,4,22.58,58.58
519026,2021,4,0.043352,0.049241,0.305758,0.347292,19,48.94,93.83
519026,2022,1,0.032828,0.108642,0.099356,0.328808,4,23.56,54.97
519026,2022,2,0.042434,0.047729,0.188013,0.211474,8,34.37,94.29
519026,2022,3,0.027562,0.100725,0.073505,0.268626,6,22.05,52.31
519026,2022,4,0.033431,0.038921,0.13742,0.159985,10,31.72,92.68
519026,2023,1,0.032292,0.092736,0.071462,0.205222,6,23.73,59.01
519026,2023,2,0.054378,0.062401,0.118715,0.136232,8,21.42,93.35
519026,2023,3,0.04437,0.109279,0.052829,0.130114,7,15.1,63.72
519026,2023,4,0.039443,0.044308,0.075664,0.084998,10,15.93,94.35
519026,2024,1,0.02757,0.102158,0.061522,0.227961,5,20.18,51.95
519026,2024,2,0.04345,0.051807,0.144552,0.172355,9,31.98,91.58
519026,2024,3,0.028468,0.102699,0.066592,0.240227,4,17.7,52.65
519026,2024,4,0.040313,0.050226,0.129648,0.161527,8,27.99,89.59
519026,2025,1,0.031155,0.105043,0.093316,0.314632,4,25.41,54.46
519026,2025,2,0.035998,0.041071,0.114272,0.130378,14,26.06,93.62
519026,2025,3,0.036798,0.110529,0.06879,0.206619,5,18.43,57.7
519026,2025,4,0.043613,0.06162,0.157315,0.222263,7,35.24,84.13
519026,2026,1,0.033698,0.110631,0.048649,0.159719,7,18.59,55.19
519026,2026,2,0.04916,0.111031,0.141543,0.319685,5,35.37,66.54
519089,2018,2,0.021136,0.039607,0.024205,0.045359,22,10.31,73.05
519089,2018,4,0.016255,0.042727,0.042441,0.111556,19,15.92,61.68
519089,2019,2,0.014616,0.036908,0.019982,0.050457,24,11.65,62.93
519089,2019,4,0.024411,0.0357,0.078854,0.115324,20,25.72,82.69
519089,2020,1,0.009276,0.10137,0.008067,0.088156,9,5.92,30.25
519089,2020,2,0.01986,0.025277,0.066555,0.084708,22,18.52,88.64
519089,2020,3,0.018527,0.116203,0.02537,0.159116,7,12.83,39.93
519089,2020,4,0.032702,0.038889,0.081525,0.096951,22,23.93,91.7
519089,2021,1,0.024583,0.111523,0.026946,0.122241,8,12.63,46.95
519089,2021,2,0.030776,0.038097,0.154399,0.191125,24,35.04,89.88
519089,2021,3,0.018843,0.105011,0.059569,0.331978,5,23.36,42.36
519089,2021,4,0.026333,0.034624,0.100447,0.13207,21,26.41,87.21
519089,2022,1,0.02293,0.10678,0.045789,0.21323,6,19.04,46.34
519089,2022,2,0.023811,0.030616,0.12475,0.160399,21,34.6,88.19
519089,2022,3,0.022147,0.103668,0.050095,0.234493,6,20.52,46.22
519089,2022,4,0.024354,0.031314,0.106594,0.137055,25,27.91,88.19
519089,2023,1,0.023954,0.119138,0.075354,0.374777,5,27.14,44.84
519089,2023,2,0.028302,0.038688,0.095663,0.13077,21,28.95,85.53
519089,2023,3,0.01506,0.107838,0.017309,0.123947,7,7.39,37.37
519089,2023,4,0.020424,0.026172,0.043491,0.055729,26,12.54,88.34
519089,2024,1,0.008849,0.116164,0.00894,0.117358,8,5.94,27.6
519089,2024,2,0.016693,0.023878,0.050156,0.071748,23,13.66,83.61
519089,2024,3,0.020238,0.102707,0.052232,0.265073,5,17.02,44.39
519089,2024,4,0.028068,0.03161,0.087718,0.098789,24,19.06,94.23
519089,2025,1,0.01958,0.115406,0.052941,0.31204,4,17.98,41.19
519089,2025,2,0.026438,0.030587,0.144881,0.16762,16,27.09,92.97
519089,2025,3,0.025387,0.124647,0.061547,0.302189,5,23.42,45.13
519089,2025,4,0.026484,0.029407,0.135155,0.150072,18,23.77,94.9
519089,2026,1,0.022594,0.105762,0.061753,0.289066,5,22.07,46.22
519089,2026,2,0.034343,0.106713,0.165734,0.514974,3,39.71,56.73
519110,2018,2,0.030329,0.036576,0.11309,0.136386,23,28.08,91.06
519110,2018,4,0.02247,0.035696,0.048401,0.07689,23,17.56,79.34
519110,2019,2,0.022403,0.031066,0.041853,0.058037,24,14.72,84.92
519110,2019,4,0.027399,0.031775,0.050981,0.059122,22,14.17,92.86
519110,2020,1,0.017967,0.078933,0.025561,0.112296,8,10.24,47.71
519110,2020,2,0.026748,0.032927,0.066273,0.081582,24,19.54,90.13
519110,2020,3,0.017946,0.117204,0.054313,0.354717,5,22.87,39.13
519110,2020,4,0.025341,0.030408,0.129696,0.155625,23,33.04,91.29
519110,2021,1,0.01492,0.101976,0.032031,0.218931,5,12.5,38.25
519110,2021,2,0.023599,0.026827,0.203149,0.230942,26,41.51,93.79
519110,2021,3,0.016052,0.098054,0.042298,0.258386,6,16.72,40.46
519110,2021,4,0.016812,0.019678,0.06427,0.075229,24,14.91,92.43
519110,2022,1,0.01299,0.139094,0.016947,0.181467,6,10.71,30.56
519110,2022,2,0.021916,0.026217,0.216743,0.259279,21,45.43,91.43
519110,2022,3,0.013083,0.107233,0.038972,0.319412,5,18.89,34.93
519110,2022,4,0.015298,0.018703,0.153332,0.187461,21,38.99,90.44
519110,2023,1,0.010764,0.103683,0.018636,0.179512,6,8.92,32.22
519110,2023,2,0.020034,0.032778,0.052896,0.086542,21,14.91,78.18
519110,2023,3,0.011572,0.110236,0.013229,0.126019,8,9.1,32.4
519110,2023,4,0.02295,0.033572,0.08951,0.13094,18,24.67,82.68
519110,2024,1,0.013388,0.102106,0.025292,0.192895,7,14.69,36.21
519110,2024,2,0.021557,0.04621,0.09776,0.209565,15,27.96,68.3
519110,2024,3,0.02205,0.098391,0.059439,0.265225,6,23.23,47.34
519110,2024,4,0.025867,0.046506,0.132534,0.238276,15,34.64,74.58
519110,2025,1,0.017491,0.107965,0.048845,0.301502,4,18.69,40.25
519110,2025,2,0.017351,0.034988,0.046222,0.093208,20,18.23,70.42
519110,2025,3,0.011497,0.114119,0.015378,0.152647,6,8.02,31.74
519110,2025,4,0.032325,0.038216,0.136812,0.161746,15,27.48,91.97
519110,2026,1,0.027589,0.107243,0.065557,0.254835,4,16.44,50.72
519110,2026,2,0.026779,0.105927,0.073093,0.289125,4,22.68,50.28
519158,2018,2,0.012051,0.02249,0.01796,0.033518,29,8.73,73.2
519158,2018,4,0.011251,0.025132,0.017937,0.040065,24,7.87,66.91
519158,2019,2,0.024314,0.047774,0.026933,0.05292,21,11.47,71.34
519158,2019,4,0.023064,0.027735,0.127549,0.153385,22,34.95,91.19
519158,2020,1,0.009089,0.104586,0.010282,0.118308,10,9.15,29.48
519158,2020,2,0.02012,0.025964,0.065802,0.084913,18,18.32,88.03
519158,2020,3,0.020132,0.099419,0.025974,0.128265,9,13.03,45.0
519158,2020,4,0.034881,0.039225,0.086803,0.097613,22,24.79,94.3
519158,2021,1,0.008438,0.091667,0.006854,0.07446,10,5.27,30.34
519158,2021,2,0.028026,0.036773,0.139526,0.183074,24,32.08,87.3
519158,2021,3,0.018851,0.105253,0.059488,0.332153,5,23.35,42.32
519158,2021,4,0.034698,0.039069,0.279688,0.314922,21,53.45,94.24
519158,2022,1,0.026062,0.113259,0.116675,0.507035,4,34.18,47.97
519158,2022,2,0.025471,0.031565,0.232944,0.288675,20,48.54,89.83
519158,2022,3,0.032382,0.10783,0.09677,0.32224,5,29.23,54.8
519158,2022,4,0.041306,0.046205,0.212611,0.237827,17,37.52,94.55
519158,2023,1,0.034958,0.109392,0.107163,0.335341,4,24.43,56.53
519158,2023,2,0.046244,0.053919,0.207295,0.241698,19,33.23,92.61
519158,2023,3,0.043644,0.104876,0.133548,0.320911,3,28.91,64.51
519158,2023,4,0.043028,0.048727,0.136453,0.154527,20,28.11,93.97
519158,2024,1,0.035476,0.103982,0.088938,0.260684,4,21.46,58.41
519158,2024,2,0.054919,0.061511,0.229486,0.257031,9,39.74,94.49
519158,2024,3,0.049762,0.103708,0.176572,0.367985,3,35.55,69.27
519158,2024,4,0.066809,0.077981,0.180255,0.210397,11,38.7,92.56
519158,2025,1,0.065893,0.101835,0.206754,0.319529,4,39.9,80.44
519158,2025,2,0.064128,0.071993,0.1816,0.203871,12,33.61,94.38
519158,2025,3,0.054633,0.110139,0.123338,0.248645,4,25.08,70.43
519158,2025,4,0.064235,0.071641,0.206605,0.230426,13,37.37,94.69
519158,2026,1,0.048683,0.108031,0.090651,0.20116,5,21.24,67.13
519158,2026,2,0.057998,0.10319,0.160946,0.286355,5,37.22,74.97
519172,2016,2,0.031374,0.041403,0.074637,0.098495,15,17.35,87.05
519172,2016,3,0.023745,0.115662,0.032388,0.157761,6,11.97,45.31
519172,2016,4,0.032397,0.049476,0.066999,0.102318,20,22.92,80.92
519172,2017,1,0.018371,0.109714,0.037167,0.221966,5,15.61,40.92
519172,2017,2,0.02279,0.030593,0.06729,0.090329,22,18.05,86.31
519172,2017,3,0.017612,0.114086,0.020531,0.132996,7,10.29,39.29
519172,2017,4,0.021283,0.034145,0.079672,0.127821,18,21.22,78.95
519172,2018,1,0.02882,0.101152,0.024339,0.085424,9,9.4905,53.3782
519172,2018,2,0.038391,0.049543,0.071593,0.092388,17,23.14,88.0295
519172,2018,3,0.026656,0.101376,0.039059,0.148546,8,16.02,51.2782
519172,2018,4,0.033264,0.048391,0.043249,0.062916,18,15.72,82.91
519172,2019,1,0.030387,0.10167,0.061965,0.207324,6,21.5,54.67
519172,2019,2,0.044665,0.072611,0.061661,0.100242,17,16.07,78.43
519172,2019,3,0.037498,0.101204,0.038755,0.104597,8,12.15,60.87
519172,2019,4,0.046814,0.063919,0.058275,0.079567,15,18.88,85.58
519172,2020,1,0.038061,0.11283,0.063916,0.189478,6,21.04,58.08
519172,2020,2,0.050081,0.070556,0.086045,0.121224,13,21.97,84.25
519172,2020,3,0.038989,0.103826,0.075205,0.200268,6,20.28,61.28
519172,2020,4,0.034961,0.03799,0.098832,0.107396,13,18.33,95.93
519172,2021,1,0.010969,0.103148,0.022014,0.207015,6,10.95,32.61
519172,2021,2,0.023068,0.025913,0.14444,0.162257,16,25.75,94.35
519172,2021,3,0.01207,0.101408,0.048285,0.405672,4,21.45,34.5
519172,2021,4,0.02385,0.029024,0.149152,0.181507,15,34.62,90.65
519172,2022,1,0.016223,0.104684,0.030114,0.194318,7,13.0759,39.3663
519172,2022,2,0.023381,0.027245,0.153609,0.178998,15,34.23,92.6368
519172,2022,3,0.010082,0.10382,0.026543,0.273321,8,11.85,31.1632
519172,2022,4,0.022011,0.027757,0.099306,0.12523,16,25.7,89.05
519172,2023,1,0.007509,0.105492,0.017362,0.243913,5,11.61,26.68
519172,2023,2,0.023873,0.028899,0.137689,0.166674,12,26.36,90.89
519172,2023,3,0.010919,0.103884,0.014056,0.133735,7,7.92,32.42
519172,2023,4,0.023854,0.028152,0.123829,0.146142,14,31.14,92.05
519172,2024,1,0.015506,0.106041,0.038369,0.262391,5,17.33,38.24
519172,2024,2,0.033799,0.042527,0.286435,0.360398,11,54.19,89.15
519172,2024,3,0.016241,0.101659,0.020855,0.130537,7,8.48,39.97
519172,2024,4,0.038189,0.044527,0.118249,0.137874,14,29.34,92.61
519172,2025,1,0.026291,0.113352,0.07102,0.306203,5,25.47,48.16
519172,2025,2,0.031405,0.036672,0.073559,0.085896,14,17.37,92.54
519172,2025,3,0.035238,0.104066,0.218274,0.644621,2,46.4,58.19
519172,2025,4,0.047372,0.055329,0.358356,0.418552,5,55.74,92.53
519172,2026,1,0.03922,0.104,0.364954,0.967742,1,61.41,61.41
519172,2026,2,0.033955,0.102484,0.320628,0.967742,1,57.56,57.56
519173,2016,2,0.031374,0.041403,0.074637,0.098495,15,17.35,87.05
519173,2016,3,0.023745,0.115662,0.032388,0.157761,6,11.97,45.31
519173,2016,4,0.032397,0.049476,0.066999,0.102318,20,22.92,80.92
519173,2017,1,0.018371,0.109714,0.037167,0.221966,5,15.61,40.92
519173,2017,2,0.02279,0.030593,0.06729,0.090329,22,18.05,86.31
519173,2017,3,0.017612,0.114086,0.020531,0.132996,7,10.29,39.29
519173,2017,4,0.021283,0.034145,0.079672,0.127821,18,21.22,78.95
519173,2018,1,0.028819,0.101941,0.024155,0.085441,9,9.44,53.17
519173,2018,2,0.038391,0.049654,0.071649,0.092669,15,23.14,87.93
519173,2018,3,0.026656,0.101724,0.039047,0.149011,7,16.02,51.19
519173,2018,4,0.033264,0.048391,0.043249,0.062916,18,15.72,82.91
519173,2019,1,0.030387,0.10167,0.061965,0.207324,6,21.5,54.67
519173,2019,2,0.044665,0.072611,0.061661,0.100242,17,16.07,78.43
519173,2019,3,0.037498,0.101204,0.038755,0.104597,8,12.15,60.87
519173,2019,4,0.046814,0.063919,0.058275,0.079567,15,18.88,85.58
519173,2020,1,0.038062,0.11195,0.064032,0.188334,8,21.04,58.3088
519173,2020,2,0.050081,0.0705,0.086076,0.121171,13,21.97,84.2834
519173,2020,3,0.038991,0.102597,0.075634,0.199018,9,20.3333,61.6472
519173,2020,4,0.034961,0.03799,0.098832,0.107396,13,18.33,95.93
519173,2021,1,0.010969,0.103148,0.022014,0.207015,6,10.95,32.61
519173,2021,2,0.023068,0.025913,0.14444,0.162257,16,25.75,94.35
519173,2021,3,0.01207,0.101408,0.048285,0.405672,4,21.45,34.5
519173,2021,4,0.02385,0.029024,0.149152,0.181507,15,34.62,90.65
519173,2022,1,0.016222,0.105571,0.029901,0.194586,6,13.01,39.2
519173,2022,2,0.02338,0.027325,0.153332,0.179204,15,34.23,92.5
519173,2022,3,0.010082,0.105655,0.02634,0.276041,4,11.85,30.89
519173,2022,4,0.022011,0.027757,0.099306,0.12523,16,25.7,89.05
519173,2023,1,0.007509,0.105492,0.017362,0.243913,5,11.61,26.68
519173,2023,2,0.023873,0.028899,0.137689,0.166674,12,26.36,90.89
519173,2023,3,0.010919,0.103884,0.014056,0.133735,7,7.92,32.42
519173,2023,4,0.023854,0.028152,0.123829,0.146142,14,31.14,92.05
519173,2024,1,0.015506,0.106041,0.038369,0.262391,5,17.33,38.24
519173,2024,2,0.033799,0.042527,0.286435,0.360398,11,54.19,89.15
519173,2024,3,0.016241,0.101659,0.020855,0.130537,7,8.48,39.97
519173,2024,4,0.038189,0.044527,0.118249,0.137874,14,29.34,92.61
519173,2025,1,0.026291,0.113352,0.07102,0.306203,5,25.47,48.16
519173,2025,2,0.031405,0.036672,0.073559,0.085896,14,17.37,92.54
519173,2025,3,0.035238,0.104066,0.218274,0.644621,2,46.4,58.19
519173,2025,4,0.047372,0.055329,0.358356,0.418552,5,55.74,92.53
519173,2026,1,0.03922,0.104,0.364954,0.967742,1,61.41,61.41
519173,2026,2,0.033955,0.102484,0.320628,0.967742,1,57.56,57.56
519181,2018,2,0.036024,0.044872,0.09054,0.112778,19,19.0,89.6
519181,2018,4,0.059959,0.066858,0.154304,0.172059,18,28.55,94.7
519181,2019,2,0.041559,0.060022,0.091144,0.131637,19,23.09,83.21
519181,2019,4,0.04658,0.055141,0.160649,0.190175,20,32.7,91.91
519181,2020,1,0.034922,0.096585,0.102041,0.282222,6,30.84,60.13
519181,2020,2,0.050141,0.062498,0.075028,0.093519,24,19.75,89.57
519181,2020,3,0.035347,0.121262,0.03477,0.119281,7,9.93,53.99
519181,2020,4,0.046596,0.058379,0.098347,0.123217,24,21.25,89.34
519181,2021,1,0.032819,0.116352,0.035264,0.125021,7,11.5,53.11
519181,2021,2,0.048256,0.060082,0.09094,0.113225,27,19.51,89.62
519181,2021,3,0.029724,0.108836,0.066561,0.243714,5,19.31,52.26
519181,2021,4,0.059869,0.068527,0.201114,0.230196,23,31.43,93.47
519181,2022,1,0.054615,0.108924,0.149182,0.297528,4,27.45,70.81
519181,2022,2,0.070175,0.07925,0.238366,0.269194,15,32.72,94.1
519181,2022,3,0.056268,0.104784,0.162059,0.301789,3,25.87,73.28
519181,2022,4,0.059988,0.07206,0.184998,0.222227,18,36.22,91.24
519181,2023,1,0.04072,0.107136,0.109312,0.287609,4,25.78,61.65
519181,2023,2,0.051426,0.058151,0.186211,0.210562,16,30.86,94.04
519181,2023,3,0.049213,0.103818,0.141307,0.298095,5,31.85,68.85
519181,2023,4,0.056377,0.072487,0.159936,0.20564,13,27.67,88.19
519181,2024,1,0.049756,0.107069,0.108135,0.232692,4,22.07,68.17
519181,2024,2,0.060088,0.087034,0.148077,0.214481,11,26.38,83.09
519181,2024,3,0.044207,0.109427,0.12205,0.302113,5,28.35,63.56
519181,2024,4,0.053956,0.063293,0.135791,0.159289,13,23.0,92.33
519181,2025,1,0.04696,0.105114,0.105412,0.235948,4,23.68,66.84
519181,2025,2,0.054442,0.064687,0.168669,0.200409,17,30.1,91.74
519181,2025,3,0.050181,0.112255,0.160996,0.36015,4,29.85,66.86
519181,2025,4,0.037683,0.080899,0.071974,0.154516,18,22.05,68.25
519181,2026,1,0.035947,0.109713,0.04999,0.152577,7,16.84,57.24
519181,2026,2,0.049863,0.116758,0.081156,0.190034,7,18.69,65.35
519185,2018,2,0.051141,0.06721,0.307951,0.404716,18,56.5,87.23
519185,2018,4,0.068137,0.078459,0.465608,0.536145,14,69.63,93.19
519185,2019,2,0.053062,0.074472,0.334713,0.46977,19,58.44,84.41
519185,2019,4,0.056807,0.08134,0.276576,0.396017,16,51.64,83.57
519185,2020,1,0.035948,0.133819,0.130713,0.486582,4,35.39,51.83
519185,2020,2,0.045432,0.072118,0.236693,0.375727,18,47.12,79.37
519185,2020,3,0.039515,0.126727,0.138342,0.443673,5,37.24,55.84
519185,2020,4,0.044907,0.074864,0.231439,0.385828,24,48.14,77.45
519185,2021,1,0.049512,0.136531,0.225661,0.622264,3,47.92,60.22
519185,2021,2,0.059975,0.101577,0.382009,0.646991,23,62.37,76.84
519185,2021,3,0.058726,0.11484,0.316609,0.619142,2,55.43,71.51
519185,2021,4,0.066237,0.075427,0.448892,0.511176,20,61.54,93.71
519185,2022,1,0.055918,0.102948,0.258387,0.475704,2,41.5,73.7
519185,2022,2,0.072215,0.08206,0.44033,0.500356,16,64.02,93.81
519185,2022,3,0.048517,0.100099,0.244837,0.505138,4,49.62,69.62
519185,2022,4,0.061066,0.069747,0.537513,0.613925,14,73.42,93.57
519185,2023,1,0.061936,0.104435,0.406988,0.686257,2,63.96,77.01
519185,2023,2,0.077543,0.087405,0.636837,0.717825,13,80.41,94.19
519185,2023,3,0.067548,0.103746,0.444832,0.683214,2,66.83,80.69
519185,2023,4,0.062432,0.070657,0.433793,0.490939,17,65.81,94.0
519185,2024,1,0.050858,0.094502,0.35257,0.655128,3,60.08,73.36
519185,2024,2,0.048575,0.055126,0.418851,0.475342,17,65.51,93.87
519185,2024,3,0.048159,0.098257,0.290359,0.592401,3,54.19,70.01
519185,2024,4,0.075617,0.084694,0.515295,0.577144,10,72.4,94.49
519185,2025,1,0.065017,0.104733,0.422343,0.680335,3,65.88,78.79
519185,2025,2,0.066215,0.074478,0.474506,0.533716,12,70.11,94.29
519185,2025,3,0.052004,0.099705,0.475026,0.910756,2,70.1,72.22
519185,2025,4,0.061614,0.069361,0.576635,0.64914,16,77.3,94.25
519185,2026,1,0.044637,0.104138,0.353449,0.824598,2,60.39,65.47
519185,2026,2,0.027206,0.10534,0.123672,0.478854,3,34.0,50.82
519670,2018,2,0.0285,0.040691,0.132989,0.189876,15,35.84,83.69
519670,2018,4,0.026211,0.055697,0.085898,0.182531,12,27.43,68.6
519670,2019,2,0.060654,0.070355,0.212343,0.246305,12,41.92,92.85
519670,2019,4,0.058898,0.065647,0.284888,0.317535,11,44.14,94.72
519670,2020,1,0.039432,0.102218,0.157963,0.409479,3,35.16,62.11
519670,2020,2,0.045718,0.054274,0.242589,0.287988,12,36.19,91.78
519670,2020,3,0.044612,0.101216,0.179915,0.408191,3,32.34,66.39
519670,2020,4,0.058736,0.06566,0.320615,0.358414,19,46.8,94.58
519670,2021,1,0.034442,0.101194,0.126159,0.370668,4,33.95,58.34
519670,2021,2,0.047929,0.05375,0.221349,0.248232,24,43.49,94.43
519670,2021,3,0.031933,0.091579,0.102888,0.295069,5,28.42,59.05
519670,2021,4,0.041013,0.046574,0.262848,0.298489,21,49.14,93.84
519670,2022,1,0.018661,0.11031,0.037643,0.222519,5,14.33,41.13
519670,2022,2,0.041034,0.048713,0.220003,0.261175,21,47.18,91.78
519670,2022,3,0.035654,0.1141,0.159678,0.511002,4,40.07,55.9
519670,2022,4,0.035973,0.041754,0.151608,0.17597,23,37.2,92.82
519670,2023,1,0.025656,0.105173,0.045903,0.188177,6,15.91,49.39
519670,2023,2,0.03316,0.037809,0.201147,0.229349,17,43.55,93.65
519670,2023,3,0.024236,0.106518,0.053814,0.236514,5,19.87,47.7
519670,2023,4,0.032141,0.036733,0.160825,0.183805,21,36.33,93.54
519670,2024,1,0.020415,0.108383,0.08549,0.453877,3,27.63,43.4
519670,2024,2,0.035515,0.041054,0.207512,0.239874,11,32.11,93.01
519670,2024,3,0.033562,0.111352,0.111978,0.371526,3,29.02,54.9
519670,2024,4,0.043509,0.049758,0.22805,0.260804,14,35.07,93.51
519670,2025,1,0.036793,0.105661,0.099386,0.285412,4,22.86,59.01
519670,2025,2,0.040152,0.045743,0.194641,0.221742,16,34.33,93.69
519670,2025,3,0.036063,0.122129,0.103771,0.351429,5,30.1,54.34
519670,2025,4,0.048915,0.055809,0.25471,0.290608,14,48.9,93.62
519670,2026,1,0.040352,0.108944,0.14574,0.393474,4,35.37,60.86
519670,2026,2,0.049541,0.106262,0.263968,0.566193,3,51.05,68.28
519672,2018,2,0.036637,0.047624,0.117879,0.153228,14,26.24,87.71
519672,2018,4,0.037708,0.071939,0.110338,0.210499,7,24.96,72.4
519672,2019,2,0.049806,0.068985,0.125913,0.174397,14,25.51,84.97
519672,2019,4,0.045749,0.059808,0.173363,0.226641,13,37.49,87.46
519672,2020,1,0.023152,0.117336,0.039281,0.199078,5,13.17,44.42
519672,2020,2,0.043523,0.048593,0.115244,0.128668,17,25.38,94.64
519672,2020,3,0.028529,0.104661,0.066027,0.242222,5,21.32,52.21
519672,2020,4,0.048627,0.054166,0.137386,0.153033,21,26.67,94.75
519672,2021,1,0.043282,0.109675,0.090135,0.228402,5,24.42,62.82
519672,2021,2,0.049974,0.056269,0.215705,0.242878,23,43.79,94.24
519672,2021,3,0.04182,0.109783,0.165177,0.433608,5,40.52,61.72
519672,2021,4,0.050978,0.058001,0.182543,0.207693,16,40.77,93.75
519672,2022,1,0.044273,0.107583,0.164938,0.4008,5,40.43,64.15
519672,2022,2,0.055429,0.063444,0.297559,0.340588,13,54.21,93.47
519672,2022,3,0.037837,0.106375,0.141517,0.397863,4,36.78,59.64
519672,2022,4,0.050729,0.058065,0.26455,0.302805,17,50.4,93.47
519672,2023,1,0.039669,0.115441,0.091679,0.266796,6,28.74,58.62
519672,2023,2,0.044401,0.051525,0.189241,0.219603,17,40.73,92.83
519672,2023,3,0.028128,0.107258,0.036068,0.137535,7,12.41,51.21
519672,2023,4,0.033816,0.038989,0.156714,0.180688,21,36.21,93.13
519672,2024,1,0.022922,0.107158,0.067765,0.316799,4,20.48,46.25
519672,2024,2,0.040046,0.046014,0.22181,0.254866,12,33.77,93.29
519672,2024,3,0.037049,0.109491,0.120562,0.356298,3,28.98,58.17
519672,2024,4,0.044889,0.050878,0.230322,0.261052,15,35.7,93.93
519672,2025,1,0.03715,0.106002,0.09951,0.283939,4,22.34,59.2
519672,2025,2,0.040308,0.04595,0.207352,0.236374,15,36.5,93.66
519672,2025,3,0.039602,0.113728,0.103298,0.296646,5,29.66,59.01
519672,2025,4,0.052451,0.059424,0.240107,0.272026,14,47.06,93.95
519672,2026,1,0.039361,0.106865,0.131026,0.355733,4,32.41,60.69
519672,2026,2,0.05097,0.105341,0.262433,0.542374,3,50.59,69.56
519674,2018,2,0.036782,0.045009,0.124346,0.152158,15,27.94,90.4
519674,2018,4,0.037795,0.049274,0.324538,0.423112,7,54.62,87.58
519674,2019,2,0.062586,0.071376,0.402797,0.45937,11,59.65,93.64
519674,2019,4,0.057827,0.065977,0.780475,0.890475,9,89.87,93.62
519674,2020,1,0.050586,0.093869,0.283227,0.525561,3,52.18,73.41
519674,2020,2,0.061835,0.071264,0.524118,0.604037,14,71.61,93.15
519674,2020,3,0.060792,0.081042,0.6062,0.808128,3,79.05,86.61
519674,2020,4,0.063443,0.070327,0.863946,0.957684,18,94.5,94.98
519674,2021,1,0.072378,0.096022,0.729456,0.967742,1,86.82,86.82
519674,2021,2,0.080961,0.090621,0.862506,0.965416,28,94.41,94.52
519674,2021,3,0.064254,0.07821,0.690611,0.840608,3,84.54,90.64
519674,2021,4,0.069713,0.083889,0.61956,0.745547,27,79.72,91.16
519674,2022,1,0.061808,0.084293,0.576173,0.78578,4,77.09,85.63
519674,2022,2,0.065262,0.07389,0.633066,0.716767,27,80.79,93.98
519674,2022,3,0.064185,0.0758,0.625974,0.739251,4,80.34,92.02
519674,2022,4,0.065493,0.07661,0.671059,0.78497,17,83.34,92.46
519674,2023,1,0.065708,0.077954,0.746888,0.886085,4,87.95,91.81
519674,2023,2,0.067455,0.078361,0.785137,0.912088,23,90.14,92.78
519674,2023,3,0.067129,0.093949,0.622941,0.871816,2,80.26,84.53
519674,2023,4,0.069099,0.078956,0.754505,0.862134,15,88.34,93.55
519674,2024,1,0.067294,0.084028,0.611055,0.763012,2,79.13,89.49
519674,2024,2,0.075874,0.086939,0.740557,0.848553,15,87.48,93.42
519674,2024,3,0.076594,0.088368,0.733632,0.846407,2,87.06,93.1
519674,2024,4,0.069363,0.078769,0.617604,0.701349,15,79.71,93.84
519674,2025,1,0.075221,0.088698,0.670842,0.791034,2,83.07,92.09
519674,2025,2,0.068371,0.07687,0.663202,0.745642,13,82.31,94.31
519674,2025,3,0.063542,0.098618,0.53156,0.824984,2,74.06,80.27
519674,2025,4,0.067287,0.076444,0.791464,0.899167,15,90.52,93.82
519674,2026,1,0.07081,0.09532,0.670921,0.903146,2,83.31,86.19
519674,2026,2,0.07598,0.102065,0.72041,0.967742,1,86.28,86.28
519679,2018,2,0.034466,0.048533,0.109388,0.154036,17,26.94,84.27
519679,2018,4,0.029171,0.059892,0.059374,0.121901,12,17.5,69.79
519679,2019,2,0.049043,0.05768,0.13358,0.157103,17,27.95,92.21
519679,2019,4,0.039997,0.049456,0.18419,0.22775,13,39.13,89.93
519679,2020,1,0.022702,0.101856,0.045891,0.205903,5,14.88,47.21
519679,2020,2,0.037179,0.042447,0.118705,0.135522,20,21.95,93.59
519679,2020,3,0.033511,0.109069,0.064619,0.210315,5,17.56,55.43
519679,2020,4,0.04229,0.047994,0.148439,0.168459,23,35.19,93.87
519679,2021,1,0.023072,0.1017,0.020268,0.089343,9,9.52,47.63
519679,2021,2,0.044633,0.051516,0.146395,0.168971,26,36.1,93.08
519679,2021,3,0.04091,0.104263,0.13449,0.342758,5,35.45,62.64
519679,2021,4,0.046561,0.053477,0.128315,0.147374,22,28.47,93.31
519679,2022,1,0.035404,0.110088,0.094975,0.295318,5,29.01,56.71
519679,2022,2,0.046979,0.053876,0.306241,0.351201,22,55.81,93.38
519679,2022,3,0.0386,0.114192,0.172932,0.511595,4,41.7,58.14
519679,2022,4,0.034838,0.044511,0.130903,0.167246,22,33.93,88.47
519679,2023,1,0.03147,0.102575,0.073505,0.239583,5,20.89,55.39
519679,2023,2,0.029067,0.035718,0.108875,0.133788,16,31.24,90.21
519679,2023,3,0.018936,0.108066,0.023238,0.132619,8,12.03,41.86
519679,2023,4,0.026172,0.032218,0.075889,0.09342,20,18.58,90.13
519679,2024,1,0.017647,0.112307,0.033809,0.21516,6,15.16,39.64
519679,2024,2,0.020183,0.026532,0.047001,0.061783,21,12.7,87.22
519679,2024,3,0.016525,0.105006,0.027653,0.175718,6,12.7,39.67
519679,2024,4,0.024792,0.028888,0.089394,0.104162,18,19.45,92.64
519679,2025,1,0.017034,0.107049,0.038563,0.24235,6,16.86,39.89
519679,2025,2,0.024778,0.028191,0.102506,0.116629,15,28.09,93.75
519679,2025,3,0.020515,0.111365,0.056165,0.30489,5,22.41,42.92
519679,2025,4,0.024352,0.028803,0.109853,0.12993,15,26.53,91.95
519679,2026,1,0.011246,0.104918,0.034816,0.324803,3,14.98,32.74
519679,2026,2,0.013642,0.103476,0.04923,0.3734,5,21.97,36.31
519688,2018,2,0.040228,0.049797,0.051497,0.063747,17,14.28,89.88
519688,2018,4,0.040935,0.065673,0.070405,0.112954,13,18.54,78.95
519688,2019,2,0.037029,0.063108,0.061892,0.105482,15,16.23,76.6
519688,2019,4,0.040952,0.056708,0.068263,0.094527,18,17.92,84.98
519688,2020,1,0.028281,0.10688,0.03111,0.117569,8,11.33,51.44
519688,2020,2,0.036224,0.055677,0.045937,0.070606,19,14.74,80.66
519688,2020,3,0.03749,0.104277,0.047645,0.132525,8,14.63,59.96
519688,2020,4,0.042573,0.053506,0.044891,0.05642,25,12.05,89.2
519688,2021,1,0.041487,0.081311,0.045345,0.088872,10,13.62,71.43
519688,2021,2,0.046801,0.063619,0.060187,0.081815,25,16.78,85.77
519688,2021,3,0.035304,0.073852,0.041764,0.087366,13,13.31,69.14
519688,2021,4,0.037273,0.047621,0.044964,0.057448,24,15.09,88.47
519688,2022,1,0.036806,0.082163,0.025722,0.05742,14,7.8,66.93
519688,2022,2,0.035362,0.055308,0.036489,0.057071,27,10.84,79.96
519688,2022,3,0.040737,0.103259,0.045099,0.114317,10,13.55,62.81
519688,2022,4,0.044564,0.070724,0.085331,0.135421,26,20.83,79.38
519688,2023,1,0.031922,0.099014,0.065604,0.203487,9,22.11,56.78
519688,2023,2,0.037766,0.047529,0.107055,0.134729,26,28.52,89.14
519688,2023,3,0.041161,0.11369,0.115591,0.319274,5,28.64,60.17
519688,2023,4,0.031329,0.039445,0.114995,0.144786,23,25.61,89.12
519688,2024,1,0.02443,0.095302,0.057041,0.222521,8,22.15,50.63
519688,2024,2,0.028585,0.038614,0.046384,0.062657,25,13.19,86.04
519688,2024,3,0.026149,0.110435,0.039305,0.165999,6,12.27,48.66
519688,2024,4,0.032765,0.042445,0.067115,0.086943,21,16.89,87.86
519688,2025,1,0.026304,0.122917,0.035509,0.165932,6,12.05,46.26
519688,2025,2,0.033562,0.042191,0.061444,0.077241,24,17.49,89.19
519688,2025,3,0.035669,0.116935,0.067505,0.221302,6,21.75,55.23
519688,2025,4,0.040805,0.052789,0.076056,0.098391,21,18.3,87.92
519688,2026,1,0.030912,0.117968,0.046344,0.176858,7,17.18,51.19
519688,2026,2,0.030912,0.114984,0.090471,0.336522,4,25.13,51.85
519698,2018,2,0.056705,0.063538,0.373063,0.418017,8,62.08,94.47
519698,2018,4,0.0581,0.064867,0.224244,0.250363,6,40.21,94.64
519698,2019,2,0.050738,0.062891,0.143057,0.177323,9,34.2,89.82
519698,2019,4,0.044074,0.054244,0.170837,0.210255,11,39.19,90.14
519698,2020,1,0.036799,0.100237,0.063865,0.173964,7,21.76,60.59
519698,2020,2,0.043207,0.057229,0.070622,0.093541,15,20.42,86.89
519698,2020,3,0.02304,0.099171,0.020973,0.090274,9,8.8,48.2
519698,2020,4,0.03269,0.040819,0.043574,0.05441,24,15.01,89.49
519698,2021,1,0.020821,0.107402,0.018826,0.097107,9,9.59,44.03
519698,2021,2,0.029665,0.038247,0.034488,0.044464,26,13.05,88.07
519698,2021,3,0.017961,0.097141,0.011997,0.064882,11,4.98,43.0
519698,2021,4,0.023661,0.036134,0.050598,0.077273,23,15.69,80.92
519698,2022,1,0.021858,0.104886,0.02283,0.109554,8,9.66,45.65
519698,2022,2,0.032261,0.041415,0.060018,0.077047,23,19.35,88.26
519698,2022,3,0.015777,0.100507,0.019949,0.127081,7,7.92,39.62
519698,2022,4,0.026054,0.035732,0.036502,0.050062,27,14.77,85.39
519698,2023,1,0.02016,0.109438,0.020173,0.109509,8,8.28,42.92
519698,2023,2,0.024349,0.035871,0.041133,0.060596,27,12.27,82.39
519698,2023,3,0.015881,0.102302,0.01779,0.114601,8,8.88,39.4
519698,2023,4,0.029447,0.038453,0.07256,0.094751,23,21.86,87.51
519698,2024,1,0.021419,0.104008,0.022743,0.110438,8,9.76,45.38
519698,2024,2,0.0291,0.039437,0.050774,0.06881,24,17.93,85.9
519698,2024,3,0.028923,0.116575,0.058066,0.23404,7,23.08,49.81
519698,2024,4,0.031843,0.045204,0.086122,0.122258,14,24.84,83.93
519698,2025,1,0.024637,0.115327,0.054113,0.253305,5,18.3,46.22
519698,2025,2,0.035392,0.049968,0.074234,0.104807,17,22.56,84.16
519698,2025,3,0.038472,0.112802,0.074438,0.218257,6,21.82,58.4
519698,2025,4,0.042558,0.056356,0.109971,0.145625,15,24.48,86.9
519698,2026,1,0.037767,0.119066,0.083525,0.263324,4,24.01,56.32
519698,2026,2,0.031242,0.115451,0.076523,0.28278,4,21.79,52.02
519704,2018,2,0.033386,0.043161,0.057285,0.074058,19,17.25,87.95
519704,2018,4,0.026519,0.053144,0.058495,0.117225,20,17.97,70.64
519704,2019,2,0.027675,0.041839,0.057106,0.086333,21,22.61,81.33
519704,2019,4,0.031985,0.040581,0.061878,0.078507,22,23.21,88.78
519704,2020,1,0.021136,0.083805,0.021901,0.086839,12,12.65,50.22
519704,2020,2,0.016675,0.037092,0.023874,0.053104,22,8.58,67.05
519704,2020,3,0.022809,0.088979,0.027972,0.109121,10,10.56,50.63
519704,2020,4,0.027938,0.043404,0.057989,0.09009,27,18.79,80.23
519704,2021,1,0.024427,0.087487,0.052929,0.189571,8,18.25,52.84
519704,2021,2,0.025225,0.043489,0.059427,0.102454,25,16.86,76.16
519704,2021,3,0.022408,0.076138,0.039077,0.132776,8,14.69,54.25
519704,2021,4,0.026799,0.034788,0.050277,0.065264,25,15.79,87.77
519704,2022,1,0.02401,0.065446,0.027983,0.076274,11,10.62,60.57
519704,2022,2,0.025402,0.046276,0.032043,0.058374,22,13.04,74.09
519704,2022,3,0.021448,0.102161,0.027498,0.130975,10,12.56,45.82
519704,2022,4,0.028644,0.047213,0.043545,0.071775,22,15.98,77.89
519704,2023,1,0.021987,0.069464,0.023781,0.075134,12,8.98,56.26
519704,2023,2,0.036851,0.046304,0.063555,0.079859,24,18.0,89.21
519704,2023,3,0.028269,0.121579,0.029274,0.125901,9,12.34,48.22
519704,2023,4,0.041105,0.051534,0.071258,0.089338,22,20.8,89.31
519704,2024,1,0.031838,0.100625,0.043177,0.136461,10,17.47,56.25
519704,2024,2,0.032952,0.061785,0.050259,0.094235,18,16.46,73.03
519704,2024,3,0.031092,0.106903,0.066319,0.228021,6,22.24,53.93
519704,2024,4,0.030693,0.064767,0.127468,0.26898,17,35.62,68.84
519704,2025,1,0.030342,0.109208,0.058274,0.209744,8,21.08,52.71
519704,2025,2,0.028263,0.067725,0.063997,0.153354,16,22.18,64.6
519704,2025,3,0.016002,0.098873,0.020171,0.124632,9,9.85,40.23
519704,2025,4,0.021932,0.039996,0.035591,0.064907,20,11.79,74.05
519704,2026,1,0.016226,0.082567,0.014557,0.074074,11,8.34,44.33
519704,2026,2,0.027978,0.126547,0.044811,0.202685,8,15.29,47.02
519770,2016,2,0.000164,0.079309,0.000274,0.13248,15,1.22,4.55
519770,2016,3,0.000304,0.125529,0.000381,0.157196,7,1.51,4.92
519770,2016,4,0.000887,0.08872,0.003344,0.334364,11,5.71,10.0
519770,2017,1,0.000577,0.120594,0.001084,0.22635,5,2.52,6.92
519770,2017,2,0.000514,0.077233,0.001209,0.181578,11,2.18,8.16
519770,2017,3,0.000578,0.116614,0.001105,0.222988,5,2.42,7.04
519770,2017,4,0.000621,0.088153,0.001311,0.186251,10,2.19,8.39
519770,2018,1,0.000496,0.108269,0.001092,0.238292,5,2.7,6.77
519770,2018,2,0.000536,0.075833,0.001388,0.19623,12,3.13,8.41
519770,2018,3,0.000661,0.124076,0.001379,0.258787,4,2.8,7.3
519770,2018,4,0.000519,0.062909,0.000817,0.099134,14,2.19,9.08
519770,2019,1,0.000437,0.134352,0.000752,0.23126,7,2.35,5.7028
519770,2019,2,0.002074,0.132188,0.002073,0.132088,19,3.67,12.5265
519770,2019,3,0.000977,0.123346,0.001038,0.13108,8,2.16,8.9
519770,2019,4,0.001256,0.078134,0.0013,0.080854,18,2.52,12.68
519770,2020,1,0.000873,0.127049,0.000816,0.118788,9,1.95,8.29
519770,2020,2,0.001033,0.04748,0.001044,0.047979,22,2.06,14.75
519770,2020,3,0.000632,0.106642,0.000441,0.074384,10,1.17,7.7
519770,2020,4,0.000788,0.034444,0.000693,0.030272,27,1.33,15.13
519770,2021,1,0.000665,0.111614,0.000473,0.079356,10,1.34,7.72
519770,2021,2,0.000702,0.038439,0.00047,0.025763,28,1.36,13.51
519770,2021,3,0.000419,0.105528,0.000412,0.103801,8,1.15,6.3
519770,2021,4,0.00097,0.023526,0.00116,0.028116,25,1.88,20.31
519770,2022,1,0.000778,0.106935,0.00107,0.147051,8,2.87,8.53
519770,2022,2,0.001039,0.022841,0.000957,0.021033,29,2.06,21.33
519770,2022,3,0.000442,0.110619,0.000504,0.126285,8,1.72,6.32
519770,2022,4,0.00043,0.023086,0.000645,0.034606,24,1.57,13.65
519770,2023,1,0.000274,0.102145,0.000275,0.102668,8,0.95,5.18
519770,2023,2,0.000627,0.018653,0.000725,0.021548,26,2.01,18.34
519770,2023,3,0.000204,0.100231,0.000264,0.12986,7,0.94,4.51
519770,2023,4,0.000256,0.030295,0.000292,0.034524,22,1.23,9.2
519770,2024,1,0.000119,0.117384,0.000139,0.137572,10,0.97,3.1777
519770,2024,2,0.000187,0.02926,0.000203,0.031713,24,1.19,8.0047
519770,2024,3,7.1e-05,0.097152,8.2e-05,0.111394,13,0.7,2.707
519770,2024,4,0.009788,0.040848,0.033757,0.140883,14,13.95,48.95
519770,2025,1,0.012679,0.10609,0.020637,0.172682,6,9.09,34.57
519770,2025,2,0.029185,0.032372,0.152616,0.169282,13,28.22,94.95
519770,2025,3,0.028921,0.111936,0.094749,0.366719,3,23.28,50.83
519770,2025,4,0.032839,0.036387,0.185963,0.206053,13,33.19,95.0
519770,2026,1,0.036232,0.11878,0.124963,0.409669,5,33.03,55.23
519770,2026,2,0.04611,0.112468,0.165985,0.404858,3,33.32,64.03
519771,2016,2,0.000164,0.079309,0.000274,0.13248,15,1.22,4.55
519771,2016,3,0.000304,0.125529,0.000381,0.157196,7,1.51,4.92
519771,2016,4,0.000887,0.08872,0.003344,0.334364,11,5.71,10.0
519771,2017,1,0.000577,0.120594,0.001084,0.22635,5,2.52,6.92
519771,2017,2,0.000514,0.077233,0.001209,0.181578,11,2.18,8.16
519771,2017,3,0.000578,0.116614,0.001105,0.222988,5,2.42,7.04
519771,2017,4,0.000621,0.088153,0.001311,0.186251,10,2.19,8.39
519771,2018,1,0.000496,0.108269,0.001092,0.238292,5,2.7,6.77
519771,2018,2,0.000536,0.075833,0.001388,0.19623,12,3.13,8.41
519771,2018,3,0.000661,0.124076,0.001379,0.258787,4,2.8,7.3
519771,2018,4,0.000519,0.062909,0.000817,0.099134,14,2.19,9.08
519771,2019,1,0.000437,0.135427,0.000753,0.23337,5,2.35,5.68
519771,2019,2,0.002074,0.132748,0.002072,0.132591,17,3.67,12.5
519771,2019,3,0.000977,0.123346,0.001038,0.13108,8,2.16,8.9
519771,2019,4,0.001256,0.078134,0.0013,0.080854,18,2.52,12.68
519771,2020,1,0.000873,0.127049,0.000816,0.118788,9,1.95,8.29
519771,2020,2,0.001033,0.04748,0.001044,0.047979,22,2.06,14.75
519771,2020,3,0.000632,0.106642,0.000441,0.074384,10,1.17,7.7
519771,2020,4,0.000788,0.034444,0.000693,0.030272,27,1.33,15.13
519771,2021,1,0.000665,0.111614,0.000473,0.079356,10,1.34,7.72
519771,2021,2,0.000702,0.038439,0.00047,0.025763,28,1.36,13.51
519771,2021,3,0.000419,0.105528,0.000412,0.103801,8,1.15,6.3
519771,2021,4,0.00097,0.023526,0.00116,0.028116,25,1.88,20.31
519771,2022,1,0.000778,0.106935,0.00107,0.147051,8,2.87,8.53
519771,2022,2,0.001039,0.022841,0.000957,0.021033,29,2.06,21.33
519771,2022,3,0.000442,0.110619,0.000504,0.126285,8,1.72,6.32
519771,2022,4,0.00043,0.023086,0.000645,0.034606,24,1.57,13.65
519771,2023,1,0.000274,0.102145,0.000275,0.102668,8,0.95,5.18
519771,2023,2,0.000627,0.018653,0.000725,0.021548,26,2.01,18.34
519771,2023,3,0.000204,0.100231,0.000264,0.12986,7,0.94,4.51
519771,2023,4,0.000256,0.030295,0.000292,0.034524,22,1.23,9.2
519771,2024,1,0.000119,0.117953,0.000139,0.138238,8,0.97,3.17
519771,2024,2,0.000187,0.029294,0.000203,0.031767,23,1.19,8.0
519771,2024,3,7.1e-05,0.113056,8.3e-05,0.132414,8,0.7,2.5
519771,2024,4,0.009788,0.040848,0.033757,0.140883,14,13.95,48.95
519771,2025,1,0.012679,0.10609,0.020637,0.172682,6,9.09,34.57
519771,2025,2,0.029185,0.032372,0.152616,0.169282,13,28.22,94.95
519771,2025,3,0.028921,0.111936,0.094749,0.366719,3,23.28,50.83
519771,2025,4,0.032839,0.036387,0.185963,0.206053,13,33.19,95.0
519771,2026,1,0.036148,0.122552,0.125204,0.424481,4,33.03,54.31
519771,2026,2,0.04611,0.112468,0.165985,0.404858,3,33.32,64.03
519773,2016,4,0.042368,0.059859,0.096261,0.136003,13,30.27,84.13
519773,2017,1,0.041447,0.100623,0.073548,0.178554,8,24.98,64.18
519773,2017,2,0.055705,0.066101,0.17691,0.209926,12,41.65,91.8
519773,2017,3,0.049589,0.106677,0.060849,0.1309,8,20.56,68.18
519773,2017,4,0.05611,0.07613,0.096432,0.13084,9,25.08,85.85
519773,2018,1,0.052507,0.103547,0.157816,0.311221,5,37.27,71.21
519773,2018,2,0.051427,0.064417,0.316105,0.395952,10,56.97,89.35
519773,2018,3,0.043718,0.104663,0.139483,0.333929,6,37.04,64.63
519773,2018,4,0.058228,0.065633,0.208038,0.234495,6,39.29,94.19
519773,2019,1,0.054594,0.102027,0.122206,0.228382,7,32.86,73.15
519773,2019,2,0.02901,0.04526,0.068368,0.106665,16,20.43,80.06
519773,2019,3,0.027434,0.107529,0.049906,0.195613,6,18.99,50.51
519773,2019,4,0.022531,0.030671,0.05497,0.074828,19,15.1,85.71
519773,2020,1,0.019152,0.087185,0.019994,0.091017,11,9.09,46.8687
519773,2020,2,0.027876,0.035899,0.058775,0.075691,18,15.72,88.12
519773,2020,3,0.026312,0.093814,0.036907,0.13159,11,15.01,52.9593
519773,2020,4,0.037058,0.044594,0.057761,0.069507,25,15.31,91.16
519773,2021,1,0.036417,0.10833,0.032548,0.09682,9,12.15,57.98
519773,2021,2,0.036037,0.04996,0.056528,0.078368,25,17.93,84.93
519773,2021,3,0.019743,0.102773,0.040027,0.208356,7,16.71,43.83
519773,2021,4,0.024581,0.036274,0.110505,0.163069,22,30.59,82.32
519773,2022,1,0.032216,0.108462,0.106903,0.359912,9,32.94,54.5
519773,2022,2,0.036082,0.046498,0.060958,0.078556,20,19.24,88.09
519773,2022,3,0.031154,0.120014,0.02569,0.098963,9,10.47,50.95
519773,2022,4,0.032672,0.04551,0.045933,0.063981,20,15.16,84.73
519773,2023,1,0.030781,0.109087,0.034805,0.123346,8,13.56,53.12
519773,2023,2,0.044104,0.057527,0.131048,0.170931,17,32.48,87.56
519773,2023,3,0.046024,0.106462,0.092269,0.213435,7,25.09,65.75
519773,2023,4,0.044537,0.059441,0.124922,0.166726,18,30.86,86.56
519773,2024,1,0.050096,0.123189,0.062916,0.154714,6,18.74,63.77
519773,2024,2,0.052958,0.065192,0.169769,0.208987,17,30.88,90.13
519773,2024,3,0.034359,0.117092,0.085122,0.290083,5,22.57,54.17
519773,2024,4,0.036937,0.053117,0.241891,0.347849,15,49.07,83.39
519773,2025,1,0.030924,0.108202,0.140865,0.492883,4,37.61,53.46
519773,2025,2,0.039347,0.049319,0.495632,0.621244,13,71.56,89.32
519773,2025,3,0.029378,0.107198,0.170333,0.621534,3,41.63,52.35
519773,2025,4,0.04145,0.047945,0.617445,0.714199,14,79.91,92.98
519773,2026,1,0.027227,0.106676,0.190671,0.747065,2,44.14,50.52
519773,2026,2,0.03151,0.104241,0.25034,0.828173,2,50.83,54.98
530019,2018,2,0.018561,0.031942,0.038383,0.066052,16,16.72,76.23
530019,2018,4,0.018196,0.030722,0.058058,0.098024,15,16.17,76.96
530019,2019,2,0.016153,0.030765,0.030662,0.0584,21,12.16,72.46
530019,2019,4,0.030628,0.052199,0.028067,0.047834,16,10.91,76.6
530019,2020,1,0.019677,0.111813,0.023245,0.132089,7,9.78,41.95
530019,2020,2,0.048204,0.075658,0.068888,0.108123,11,20.56,79.82
530019,2020,3,0.037048,0.110473,0.036281,0.108187,8,12.73,57.91
530019,2020,4,0.056658,0.084965,0.066497,0.09972,10,17.55,81.66
530019,2021,1,0.0346,0.115132,0.035266,0.117348,8,11.42,54.82
530019,2021,2,0.037669,0.072122,0.044805,0.085785,12,12.32,72.27
530019,2021,3,0.027553,0.12623,0.048127,0.220486,6,15.93,46.72
530019,2021,4,0.037223,0.072425,0.043258,0.084168,14,13.82,71.69
530019,2022,1,0.047954,0.119151,0.066012,0.16402,7,20.43,63.44
530019,2022,2,0.058216,0.080348,0.100349,0.1385,8,22.71,85.12
530019,2022,3,0.043005,0.114819,0.072355,0.193182,6,22.18,61.2
530019,2022,4,0.059278,0.079298,0.094559,0.126495,10,20.63,86.46
530019,2023,1,0.050182,0.112831,0.120728,0.271447,5,31.16,66.69
530019,2023,2,0.033889,0.070851,0.052315,0.109374,12,18.73,69.16
530019,2023,3,0.040434,0.115723,0.093686,0.268133,5,26.02,59.11
530019,2023,4,0.032055,0.035698,0.224533,0.250051,7,39.91,94.76
530019,2024,1,0.017712,0.105263,0.048331,0.287235,4,16.44,41.02
530019,2024,2,0.034902,0.038771,0.245551,0.272767,7,42.11,94.88
530019,2024,3,0.027895,0.108178,0.097036,0.37631,3,28.27,50.78
530019,2024,4,0.040204,0.044745,0.315515,0.351152,9,53.21,94.79
530019,2025,1,0.014272,0.10736,0.034744,0.261361,4,14.0,36.46
530019,2025,2,0.024351,0.026993,0.379222,0.420368,6,57.09,94.98
530019,2025,3,0.015071,0.106376,0.097219,0.686202,2,31.26,37.64
530019,2025,4,0.027211,0.030483,0.386475,0.432954,12,62.0,94.48
530019,2026,1,0.016595,0.103617,0.084827,0.529642,3,28.59,40.02
530019,2026,2,0.013436,0.102192,0.049875,0.37934,3,19.9,36.26
570001,2018,2,0.043284,0.054743,0.113499,0.143546,11,26.69,88.92
570001,2018,4,0.042947,0.055094,0.102945,0.132063,15,27.16,88.29
570001,2019,2,0.048905,0.061177,0.126439,0.158164,16,30.29,89.41
570001,2019,4,0.058394,0.070609,0.132028,0.159645,10,33.04,90.94
570001,2020,1,0.044999,0.109007,0.091993,0.222849,6,27.37,64.25
570001,2020,2,0.056611,0.070815,0.129746,0.162301,10,31.58,89.41
570001,2020,3,0.043196,0.103285,0.125237,0.299453,4,28.24,64.67
570001,2020,4,0.04404,0.065434,0.133611,0.198513,11,29.36,82.04
570001,2021,1,0.047364,0.084067,0.09431,0.167394,8,24.18,75.06
570001,2021,2,0.050954,0.066659,0.09954,0.13022,12,20.66,87.43
570001,2021,3,0.061891,0.091865,0.115457,0.171375,7,23.89,82.08
570001,2021,4,0.063756,0.073921,0.129116,0.149703,12,27.39,92.87
570001,2022,1,0.060886,0.090838,0.122488,0.182745,6,23.87,81.87
570001,2022,2,0.06453,0.075109,0.124554,0.144975,10,23.6,92.69
570001,2022,3,0.053359,0.103017,0.086336,0.166682,6,19.61,71.97
570001,2022,4,0.060001,0.069899,0.125465,0.146161,12,25.64,92.65
570001,2023,1,0.058678,0.103707,0.102475,0.181114,6,24.13,75.22
570001,2023,2,0.058338,0.066645,0.097884,0.111823,14,19.89,93.56
570001,2023,3,0.046034,0.105042,0.078416,0.178932,6,19.7,66.2
570001,2023,4,0.057478,0.065411,0.119118,0.135559,14,27.55,93.74
570001,2024,1,0.044839,0.106227,0.06748,0.159864,7,20.42,64.97
570001,2024,2,0.05357,0.062623,0.074747,0.087379,15,22.4,92.49
570001,2024,3,0.050452,0.10406,0.056025,0.115555,8,15.3,69.63
570001,2024,4,0.059484,0.068496,0.088645,0.102074,15,21.79,93.19
570001,2025,1,0.036372,0.105378,0.037599,0.108933,8,12.02,58.75
570001,2025,2,0.051807,0.062424,0.073456,0.088509,13,20.39,91.1
570001,2025,3,0.052079,0.10366,0.064088,0.127564,7,16.68,70.88
570001,2025,4,0.05424,0.06497,0.080112,0.09596,13,22.31,91.37
570001,2026,1,0.042105,0.095097,0.050637,0.114368,8,16.61,66.54
570001,2026,2,0.05479,0.103608,0.084733,0.160231,7,23.88,72.72
570008,2018,2,0.050383,0.062396,0.091627,0.113472,10,23.27,89.86
570008,2018,4,0.024231,0.050179,0.104361,0.216118,12,31.59,69.49
570008,2019,2,0.052716,0.062691,0.1092,0.129862,12,24.15,91.7
570008,2019,4,0.048315,0.064499,0.111434,0.148759,10,29.48,86.55
570008,2020,1,0.040607,0.107467,0.067621,0.17896,6,21.12,61.47
570008,2020,2,0.049653,0.068082,0.123426,0.169235,9,29.52,85.4
570008,2020,3,0.03745,0.102928,0.108177,0.297311,4,27.0,60.32
570008,2020,4,0.044164,0.062028,0.131255,0.184347,17,29.09,84.38
570008,2021,1,0.045117,0.104617,0.058871,0.136511,7,17.54,65.67
570008,2021,2,0.053873,0.068924,0.106745,0.136566,18,20.86,88.41
570008,2021,3,0.066988,0.101549,0.106164,0.160935,7,25.65,81.22
570008,2021,4,0.059347,0.076202,0.111885,0.143662,11,24.2,88.25
570008,2022,1,0.053779,0.103081,0.093285,0.178803,6,23.14,72.23
570008,2022,2,0.049281,0.067953,0.097107,0.1339,12,21.76,85.16
570008,2022,3,0.05145,0.093677,0.103945,0.189256,6,23.17,74.11
570008,2022,4,0.054346,0.070178,0.109922,0.141944,12,24.78,88.0
570008,2023,1,0.059149,0.10493,0.100057,0.177501,6,23.3,75.08
570008,2023,2,0.057939,0.066417,0.10624,0.121785,13,21.71,93.4
570008,2023,3,0.041198,0.09949,0.073865,0.178379,6,18.08,64.35
570008,2023,4,0.053158,0.061158,0.119674,0.137686,13,28.16,93.23
570008,2024,1,0.046908,0.106489,0.090285,0.204962,6,25.37,66.37
570008,2024,2,0.057568,0.066388,0.080631,0.092986,15,23.86,93.12
570008,2024,3,0.053446,0.104223,0.058976,0.115008,8,15.35,71.61
570008,2024,4,0.056477,0.064769,0.085859,0.098464,15,20.4,93.38
570008,2025,1,0.038594,0.103923,0.040767,0.109775,8,12.38,60.94
570008,2025,2,0.059216,0.073531,0.085241,0.105847,10,20.23,89.74
570008,2025,3,0.03838,0.109958,0.17148,0.491285,2,35.95,59.08
570008,2025,4,0.045947,0.05776,0.298063,0.374693,5,41.46,89.19
570008,2026,1,0.032177,0.108809,0.123397,0.41728,4,34.38,54.38
570008,2026,2,0.037993,0.108298,0.155933,0.444483,3,37.32,59.23
580001,2018,2,0.036942,0.048987,0.069621,0.092321,21,20.85,86.84
580001,2018,4,0.032565,0.040222,0.052893,0.065329,19,18.77,89.98
580001,2019,2,0.019413,0.026756,0.0511,0.070428,21,16.07,85.18
580001,2019,4,0.037196,0.044957,0.091448,0.110529,19,28.16,90.96
580001,2020,1,0.024231,0.107485,0.033038,0.146552,8,13.98,47.48
580001,2020,2,0.033099,0.039786,0.058879,0.070774,21,19.67,91.21
580001,2020,3,0.018461,0.10776,0.021782,0.12715,8,11.56,41.39
580001,2020,4,0.028871,0.035164,0.047479,0.05783,24,15.81,90.61
580001,2021,1,0.036354,0.105004,0.059953,0.173167,7,21.63,58.84
580001,2021,2,0.034845,0.048882,0.16472,0.231075,22,33.01,84.43
580001,2021,3,0.031829,0.105643,0.064031,0.212521,5,18.04,54.89
580001,2021,4,0.029967,0.043104,0.0705,0.101407,21,18.63,83.38
580001,2022,1,0.02154,0.105803,0.04175,0.205077,5,15.48,45.12
580001,2022,2,0.035276,0.047453,0.16556,0.222709,16,38.14,86.22
580001,2022,3,0.024072,0.107141,0.062611,0.278673,4,21.88,47.4
580001,2022,4,0.032919,0.042869,0.114073,0.148552,19,30.58,87.63
580001,2023,1,0.033625,0.100787,0.139233,0.417337,3,35.33,57.76
580001,2023,2,0.053144,0.064687,0.166871,0.203114,19,29.17,90.64
580001,2023,3,0.051927,0.102721,0.165532,0.327449,3,32.91,71.1
580001,2023,4,0.067113,0.076116,0.372854,0.422871,8,57.94,93.9
580001,2024,1,0.062449,0.10199,0.206707,0.337587,3,37.73,78.25
580001,2024,2,0.065223,0.074703,0.443475,0.50793,10,65.86,93.44
580001,2024,3,0.064664,0.103559,0.273374,0.437808,3,46.7,79.02
580001,2024,4,0.069831,0.080117,0.407537,0.467568,12,60.9,93.36
580001,2025,1,0.064322,0.103956,0.230377,0.372333,4,45.48,78.66
580001,2025,2,0.073282,0.084438,0.289944,0.334083,12,49.63,93.16
580001,2025,3,0.058972,0.100009,0.205687,0.348816,4,42.41,76.79
580001,2025,4,0.073002,0.084097,0.338011,0.389384,11,56.24,93.17
580001,2026,1,0.063301,0.103725,0.184811,0.302833,5,39.55,78.12
580001,2026,2,0.072255,0.102622,0.427324,0.606917,2,64.09,83.91
580002,2018,2,0.034686,0.046165,0.045617,0.060714,16,11.7,86.68
580002,2018,4,0.032218,0.041144,0.083513,0.106651,18,21.21,88.49
580002,2019,2,0.028016,0.034063,0.048166,0.058562,19,12.81,90.69
580002,2019,4,0.026338,0.031212,0.110443,0.130884,19,30.58,91.86
580002,2020,1,0.01087,0.101035,0.018018,0.167482,6,9.5,32.8
580002,2020,2,0.025296,0.034499,0.087536,0.119381,19,24.08,85.63
580002,2020,3,0.014469,0.106152,0.022912,0.168087,6,9.84,36.92
580002,2020,4,0.021655,0.026812,0.067701,0.083823,24,24.56,89.87
580002,2021,1,0.011805,0.103334,0.014618,0.127955,8,8.78,33.8
580002,2021,2,0.019265,0.028161,0.05515,0.080618,26,18.96,82.71
580002,2021,3,0.00868,0.103071,0.010309,0.122416,7,6.1,29.02
580002,2021,4,0.020625,0.026816,0.103285,0.134288,22,26.11,87.7
580002,2022,1,0.011756,0.102659,0.023678,0.206766,6,13.58,33.84
580002,2022,2,0.024018,0.030159,0.09228,0.115874,23,25.66,89.24
580002,2022,3,0.017239,0.103254,0.027387,0.164041,6,10.46,40.86
580002,2022,4,0.031504,0.041508,0.237909,0.313456,20,47.76,87.12
580002,2023,1,0.035359,0.103638,0.273393,0.801333,2,53.06,58.41
580002,2023,2,0.038975,0.049706,0.444852,0.567334,21,67.99,88.55
580002,2023,3,0.024161,0.102886,0.160469,0.683319,2,40.14,48.46
580002,2023,4,0.03123,0.036801,0.578867,0.682136,6,77.22,92.12
580002,2024,1,0.051438,0.103964,0.198472,0.401139,3,38.66,70.34
580002,2024,2,0.060137,0.073441,0.275546,0.336506,11,41.62,90.49
580002,2024,3,0.053889,0.107811,0.172515,0.345134,4,31.86,70.7
580002,2024,4,0.040983,0.051071,0.202528,0.252384,14,42.22,89.58
580002,2025,1,0.032448,0.101647,0.087169,0.273065,4,23.05,56.5
580002,2025,2,0.040208,0.0463,0.133645,0.153891,11,22.19,93.19
580002,2025,3,0.034067,0.101095,0.176029,0.522371,3,41.45,58.05
580002,2025,4,0.047413,0.055823,0.353742,0.416487,12,59.16,92.16
580002,2026,1,0.044807,0.103615,0.203033,0.469508,3,42.79,65.76
580002,2026,2,0.039008,0.107459,0.197944,0.545291,3,44.2,60.25
580006,2018,2,0.024941,0.035814,0.046653,0.066993,17,15.58,83.45
580006,2018,4,0.015093,0.031428,0.020467,0.042617,18,9.96,69.3
580006,2019,2,0.030485,0.045327,0.063127,0.09386,11,20.29,82.01
580006,2019,4,0.036443,0.048831,0.040075,0.053696,14,12.18,86.39
580006,2020,1,0.013074,0.102293,0.029458,0.230487,5,14.22,35.75
580006,2020,2,0.026637,0.034491,0.147733,0.191292,9,32.94,87.88
580006,2020,3,0.015214,0.105468,0.022568,0.156455,8,13.66,37.98
580006,2020,4,0.038365,0.051958,0.213213,0.288752,8,43.18,85.93
580006,2021,1,0.041042,0.10042,0.225412,0.551527,2,45.05,63.93
580006,2021,2,0.049503,0.059309,0.405725,0.486093,7,63.18,91.36
580006,2021,3,0.038995,0.100436,0.307554,0.792148,2,56.25,62.31
580006,2021,4,0.037329,0.044989,0.234109,0.282148,16,40.35,91.09
580006,2022,1,0.023609,0.100784,0.116176,0.495934,3,33.28,48.4
580006,2022,2,0.038339,0.046267,0.379175,0.457584,11,58.57,91.03
580006,2022,3,0.037409,0.103397,0.189904,0.524884,3,43.05,60.15
580006,2022,4,0.040072,0.050477,0.208615,0.262779,15,41.38,89.1
580006,2023,1,0.036436,0.104316,0.126913,0.363355,3,29.01,59.1
580006,2023,2,0.044332,0.052049,0.199249,0.233931,14,32.2,92.29
580006,2023,3,0.030206,0.106686,0.083255,0.294052,5,27.35,53.21
580006,2023,4,0.03719,0.04571,0.333129,0.409449,8,57.12,90.2
580006,2024,1,0.035065,0.109843,0.094248,0.295241,4,26.36,56.5
580006,2024,2,0.053143,0.065681,0.689947,0.852734,2,84.44,89.95
580006,2024,3,0.053834,0.103358,0.274005,0.526072,2,48.41,72.17
580006,2024,4,0.071519,0.081113,0.501493,0.568766,4,68.06,93.9
580006,2025,1,0.069119,0.103729,0.346026,0.519289,2,53.92,81.63
580006,2025,2,0.064548,0.079213,0.36387,0.446539,6,53.78,90.27
580006,2025,3,0.049534,0.10338,0.184802,0.385694,4,40.76,69.22
580006,2025,4,0.054733,0.066503,0.398181,0.48381,10,62.57,90.72
580006,2026,1,0.055635,0.105264,0.254366,0.481272,3,48.44,72.7
580006,2026,2,0.063817,0.103641,0.320654,0.52075,2,52.01,78.47
610006,2018,2,0.023321,0.031154,0.211144,0.282063,10,45.23,86.52
610006,2018,4,0.021065,0.035836,0.064213,0.109237,14,21.35,76.67
610006,2019,2,0.020156,0.030204,0.048762,0.073071,20,17.64,81.69
610006,2019,4,0.019423,0.026833,0.103986,0.143654,15,26.62,85.08
610006,2020,1,0.01175,0.106026,0.028612,0.258178,5,12.38,33.29
610006,2020,2,0.028119,0.031776,0.199386,0.225316,10,35.49,94.07
610006,2020,3,0.025301,0.114828,0.075537,0.342825,3,19.79,46.94
610006,2020,4,0.027561,0.032862,0.194587,0.232013,17,40.45,91.58
610006,2021,1,0.011528,0.104528,0.027756,0.251667,5,14.19,33.21
610006,2021,2,0.03449,0.040327,0.128184,0.149878,19,29.57,92.48
610006,2021,3,0.04105,0.115795,0.13,0.366712,5,35.17,59.54
610006,2021,4,0.031852,0.03585,0.102918,0.115834,16,22.55,94.26
610006,2022,1,0.020856,0.104614,0.047774,0.239632,5,18.43,44.65
610006,2022,2,0.040309,0.048634,0.231791,0.279661,7,46.59,91.04
610006,2022,3,0.038113,0.103237,0.231691,0.627586,3,48.55,60.76
610006,2022,4,0.043612,0.05383,0.414599,0.511736,7,65.15,90.01
610006,2023,1,0.026159,0.109667,0.101492,0.42548,5,31.73,48.84
610006,2023,2,0.031107,0.035927,0.235056,0.27148,10,47.7,93.05
610006,2023,3,0.024025,0.112655,0.045466,0.213194,6,16.48,46.18
610006,2023,4,0.033526,0.039818,0.182211,0.216405,8,30.46,91.76
610006,2024,1,0.04062,0.110173,0.076654,0.207908,5,19.72,60.72
610006,2024,2,0.032774,0.04264,0.181768,0.236492,9,39.2,87.67
610006,2024,3,0.055069,0.113323,0.168611,0.346972,4,33.27,69.71
610006,2024,4,0.049333,0.059613,0.386858,0.467472,4,61.93,90.97
610006,2025,1,0.030103,0.115015,0.065313,0.249538,4,17.97,51.16
610006,2025,2,0.045106,0.051124,0.151909,0.172177,7,26.17,93.93
610006,2025,3,0.051591,0.104005,0.103872,0.209402,5,20.95,70.43
610006,2025,4,0.06107,0.070111,0.216421,0.24846,13,38.81,93.33
610006,2026,1,0.040718,0.112132,0.07829,0.2156,6,23.4,60.26
610006,2026,2,0.071624,0.102654,0.250486,0.359004,4,47.58,83.53
630001,2018,2,0.026105,0.086612,0.024924,0.082693,14,9.31,54.9
630001,2018,4,0.027905,0.077232,0.035513,0.098286,13,13.9,60.11
630001,2019,2,0.046013,0.062358,0.06368,0.086301,22,16.12,85.9
630001,2019,4,0.048743,0.062672,0.098382,0.126496,16,24.58,88.19
630001,2020,1,0.036757,0.118009,0.041478,0.133167,8,14.52,55.81
630001,2020,2,0.049775,0.055327,0.074337,0.082629,27,16.85,94.85
630001,2020,3,0.029465,0.109095,0.060794,0.225089,6,22.48,51.97
630001,2020,4,0.039407,0.051119,0.179736,0.233155,28,41.67,87.8
630001,2021,1,0.016251,0.101416,0.018421,0.114958,8,9.6,40.03
630001,2021,2,0.03611,0.043046,0.132105,0.15748,25,35.23,91.59
630001,2021,3,0.019741,0.104711,0.100695,0.534107,4,31.95,43.42
630001,2021,4,0.024296,0.033683,0.050496,0.070006,26,15.55,84.93
630001,2022,1,0.013079,0.102966,0.020887,0.164435,6,10.47,35.64
630001,2022,2,0.021503,0.030533,0.114579,0.162695,26,33.61,83.92
630001,2022,3,0.016649,0.100951,0.040338,0.244597,5,17.79,40.61
630001,2022,4,0.017491,0.02305,0.050163,0.066107,21,15.49,87.11
630001,2023,1,0.009653,0.103091,0.011694,0.124888,8,8.88,30.6
630001,2023,2,0.018847,0.028015,0.061336,0.091175,20,15.21,82.02
630001,2023,3,0.008699,0.114944,0.008826,0.116618,8,7.21,27.51
630001,2023,4,0.014971,0.022265,0.048909,0.072737,23,15.29,82.0
630001,2024,1,0.012143,0.130615,0.023235,0.249935,7,14.49,30.49
630001,2024,2,0.023405,0.036127,0.069038,0.106563,21,23.56,80.49
630001,2024,3,0.012973,0.107932,0.016386,0.136325,8,10.07,34.67
630001,2024,4,0.015121,0.032404,0.036202,0.077583,17,10.24,68.31
630001,2025,1,0.01715,0.111491,0.109825,0.713979,4,33.7,39.22
630001,2025,2,0.023277,0.027376,0.144562,0.170019,17,35.93,92.21
630001,2025,3,0.027702,0.106839,0.178354,0.68787,3,42.83,50.92
630001,2025,4,0.032741,0.037348,0.348781,0.397853,14,59.69,93.63
630001,2026,1,0.029123,0.098481,0.195166,0.659973,3,44.53,54.38
630001,2026,2,0.034812,0.110415,0.220258,0.698605,3,47.62,56.15
630002,2018,2,0.021105,0.045216,0.086738,0.185829,23,27.62,68.32
630002,2018,4,0.01587,0.030019,0.094364,0.178492,20,30.15,72.71
630002,2019,2,0.014243,0.030363,0.053585,0.114232,20,17.41,68.49
630002,2019,4,0.0287,0.041124,0.069924,0.100193,23,19.18,83.54
630002,2020,1,0.023014,0.120459,0.060646,0.317424,5,23.38,43.71
630002,2020,2,0.033684,0.046698,0.114914,0.159313,29,31.18,84.93
630002,2020,3,0.022599,0.102917,0.041385,0.188467,7,15.95,46.86
630002,2020,4,0.029031,0.03784,0.114773,0.149599,24,25.98,87.59
630002,2021,1,0.018986,0.113887,0.05355,0.321218,4,18.71,40.83
630002,2021,2,0.023037,0.030832,0.141685,0.189624,30,35.9,86.44
630002,2021,3,0.012414,0.119284,0.026146,0.251235,5,13.17,32.26
630002,2021,4,0.018667,0.028001,0.095008,0.14251,26,26.55,81.65
630002,2022,1,0.013389,0.125365,0.046064,0.43132,4,21.03,32.68
630002,2022,2,0.020277,0.024686,0.119497,0.145484,27,31.76,90.63
630002,2022,3,0.013533,0.111748,0.038164,0.315136,5,18.21,34.8
630002,2022,4,0.019845,0.025896,0.136167,0.177688,25,35.03,87.54
630002,2023,1,0.010662,0.118859,0.035109,0.391401,4,17.85,29.95
630002,2023,2,0.007642,0.014349,0.0523,0.098196,29,20.05,72.98
630002,2023,3,0.00693,0.117934,0.025647,0.436494,4,15.59,24.24
630002,2023,4,0.010795,0.014457,0.074338,0.099559,29,26.25,86.41
630002,2024,1,0.011563,0.13378,0.050832,0.588088,3,22.54,29.4
630002,2024,2,0.016453,0.019734,0.117923,0.141437,29,34.09,91.31
630002,2024,3,0.012824,0.134741,0.047462,0.498696,3,20.99,30.85
630002,2024,4,0.013415,0.017654,0.04663,0.061367,27,17.16,87.17
630002,2025,1,0.009076,0.154975,0.018105,0.30915,6,13.14,24.2
630002,2025,2,0.013233,0.024159,0.036004,0.065731,23,17.1,74.01
630002,2025,3,0.017913,0.143756,0.035765,0.28702,5,16.4,35.3
630002,2025,4,0.02536,0.031101,0.094111,0.115416,22,23.82,90.3
630002,2026,1,0.016944,0.106377,0.037921,0.238076,5,16.05,39.91
630002,2026,2,0.020728,0.110503,0.072181,0.384812,5,26.62,43.31
630010,2018,2,0.022899,0.029296,0.07407,0.094763,25,22.65,88.41
630010,2018,4,0.014241,0.021551,0.044394,0.067181,28,19.53,81.29
630010,2019,2,0.019126,0.025585,0.045193,0.060456,25,15.89,86.46
630010,2019,4,0.020734,0.026076,0.054957,0.069117,24,17.5,89.17
630010,2020,1,0.021904,0.136902,0.038483,0.240519,6,15.92,40.0
630010,2020,2,0.025294,0.028565,0.205109,0.231636,20,41.82,94.1
630010,2020,3,0.014409,0.106345,0.03818,0.281779,5,18.07,36.81
630010,2020,4,0.041456,0.048778,0.11574,0.136181,21,28.96,92.19
630010,2021,1,0.018886,0.097155,0.02818,0.144967,7,12.13,44.09
630010,2021,2,0.042291,0.049738,0.300896,0.353883,23,42.61,92.21
630010,2021,3,0.02183,0.103344,0.072622,0.343802,4,23.5,45.96
630010,2021,4,0.022531,0.029912,0.110143,0.146223,25,29.65,86.79
630010,2022,1,0.01564,0.103566,0.033206,0.219892,6,15.88,38.86
630010,2022,2,0.027083,0.032966,0.097591,0.118788,17,22.43,90.64
630010,2022,3,0.014561,0.103767,0.053851,0.383759,5,23.05,37.46
630010,2022,4,0.026074,0.034244,0.119233,0.156591,11,28.35,87.26
630010,2023,1,0.01828,0.103089,0.033744,0.190294,6,13.87,42.11
630010,2023,2,0.027391,0.034218,0.087438,0.10923,13,19.34,89.47
630010,2023,3,0.019532,0.120382,0.028638,0.176508,6,11.91,40.28
630010,2023,4,0.024087,0.032728,0.178265,0.24221,9,31.12,85.79
630010,2024,1,0.017707,0.112011,0.030664,0.193968,7,16.13,39.76
630010,2024,2,0.023427,0.032958,0.184066,0.25895,14,43.8,84.31
630010,2024,3,0.011455,0.100866,0.012,0.10566,8,6.63,33.7
630010,2024,4,0.024414,0.030242,0.161024,0.19946,14,37.68,89.85
630010,2025,1,0.016969,0.107884,0.053448,0.339801,4,17.53,39.66
630010,2025,2,0.025624,0.030124,0.252096,0.296362,10,47.21,92.23
630010,2025,3,0.021378,0.10068,0.064663,0.30453,5,24.12,46.08
630010,2025,4,0.030849,0.039352,0.161034,0.205418,10,36.23,88.54
630010,2026,1,0.019846,0.102372,0.048228,0.248773,5,17.4,44.03
630010,2026,2,0.027639,0.104861,0.11369,0.431332,4,32.87,51.34
630011,2018,2,0.026122,0.043003,0.158384,0.260729,17,39.66,77.94
630011,2018,4,0.019854,0.037543,0.07982,0.150939,11,18.46,72.72
630011,2019,2,0.019581,0.028111,0.059095,0.084839,14,19.91,83.46
630011,2019,4,0.024304,0.02915,0.056943,0.068298,19,19.91,91.31
630011,2020,1,0.008204,0.112285,0.010538,0.144232,7,8.39,27.03
630011,2020,2,0.018459,0.024647,0.081119,0.108315,17,26.47,86.54
630011,2020,3,0.009018,0.115022,0.011569,0.147569,6,5.93,28.0
630011,2020,4,0.019439,0.030951,0.115945,0.18461,22,33.56,79.25
630011,2021,1,0.010286,0.128345,0.018159,0.226575,5,10.32,28.31
630011,2021,2,0.026912,0.035662,0.128221,0.16991,24,33.4,86.87
630011,2021,3,0.00943,0.115122,0.00854,0.104255,8,5.92,28.62
630011,2021,4,0.031169,0.036841,0.069879,0.082596,23,22.17,91.98
630011,2022,1,0.017299,0.101026,0.067957,0.396872,4,25.2,41.38
630011,2022,2,0.035356,0.04126,0.195115,0.227694,17,43.79,92.57
630011,2022,3,0.038303,0.111961,0.142332,0.416044,4,36.96,58.49
630011,2022,4,0.04255,0.049665,0.13565,0.158333,17,32.54,92.56
630011,2023,1,0.029779,0.12277,0.085815,0.353792,4,27.45,49.25
630011,2023,2,0.032222,0.037635,0.163091,0.190486,21,35.37,92.53
630011,2023,3,0.024194,0.110602,0.116966,0.534717,4,34.46,46.77
630011,2023,4,0.030944,0.036377,0.203328,0.23903,22,44.86,92.23
630011,2024,1,0.021289,0.111887,0.097042,0.51002,3,30.82,43.62
630011,2024,2,0.028743,0.033819,0.224751,0.264444,15,45.13,92.19
630011,2024,3,0.027013,0.109404,0.096818,0.392121,3,27.91,49.69
630011,2024,4,0.02361,0.027955,0.148242,0.175526,17,36.38,91.9
630011,2025,1,0.018219,0.112568,0.054738,0.338213,3,16.61,40.23
630011,2025,2,0.028411,0.033838,0.139696,0.166383,21,34.51,91.63
630011,2025,3,0.020031,0.109144,0.096618,0.526453,2,28.76,42.84
630011,2025,4,0.021251,0.02508,0.136348,0.160917,18,33.36,92.05
630011,2026,1,0.018392,0.111799,0.04667,0.283689,5,18.87,40.56
630011,2026,2,0.016266,0.113603,0.01993,0.139186,7,9.84,37.84
660005,2018,2,0.015662,0.030938,0.047735,0.094295,27,20.83,71.15
660005,2018,4,0.010336,0.02362,0.027264,0.062307,27,12.97,66.15
660005,2019,2,0.018995,0.028366,0.04203,0.062767,21,14.79,81.83
660005,2019,4,0.0167,0.025378,0.042622,0.06477,17,13.19,81.12
660005,2020,1,0.009615,0.10459,0.008561,0.09312,9,6.19,30.32
660005,2020,2,0.020774,0.027146,0.063788,0.083353,22,14.31,87.48
660005,2020,3,0.012198,0.106396,0.026453,0.230731,5,13.01,33.86
660005,2020,4,0.018706,0.02352,0.057135,0.071841,24,19.23,89.18
660005,2021,1,0.007328,0.102486,0.011108,0.155353,7,8.6,26.74
660005,2021,2,0.018134,0.028102,0.081634,0.126507,20,25.94,80.33
660005,2021,3,0.015224,0.1176,0.085587,0.661126,3,29.62,35.98
660005,2021,4,0.015951,0.024548,0.117454,0.180755,21,32.83,80.61
660005,2022,1,0.006523,0.102386,0.020138,0.316104,5,13.56,25.24
660005,2022,2,0.014523,0.022223,0.164001,0.250954,17,40.75,80.84
660005,2022,3,0.008086,0.106769,0.053551,0.707077,2,23.28,27.52
660005,2022,4,0.009586,0.016759,0.04442,0.077659,18,17.44,75.63
660005,2023,1,0.004753,0.101592,0.006134,0.131113,7,5.06,21.63
660005,2023,2,0.010977,0.020052,0.034508,0.063033,16,14.72,73.99
660005,2023,3,0.004572,0.101157,0.004328,0.095761,9,4.93,21.26
660005,2023,4,0.010688,0.022326,0.029785,0.062217,16,12.04,69.19
660005,2024,1,0.004854,0.102054,0.006284,0.132105,7,5.09,21.81
660005,2024,2,0.011341,0.020521,0.018677,0.033796,21,8.03,74.34
660005,2024,3,0.006033,0.102501,0.006991,0.118782,8,5.53,24.26
660005,2024,4,0.011489,0.017175,0.026983,0.040336,20,11.85,81.79
660005,2025,1,0.004361,0.105922,0.007401,0.179764,7,7.7,20.29
660005,2025,2,0.011472,0.018943,0.0461,0.076123,22,20.25,77.82
660005,2025,3,0.006061,0.106195,0.018645,0.326678,3,11.08,23.89
660005,2025,4,0.011503,0.020488,0.070453,0.125484,15,24.22,74.93
660005,2026,1,0.006836,0.106118,0.015899,0.24682,5,9.68,25.38
660005,2026,2,0.012349,0.104351,0.08556,0.723022,2,29.49,34.4
660015,2018,2,0.01675,0.03646,0.056911,0.123877,19,22.14,67.78
660015,2018,4,0.013275,0.032318,0.022361,0.05444,18,8.38,64.09
660015,2019,2,0.013707,0.025462,0.031173,0.057909,23,11.77,73.37
660015,2019,4,0.018405,0.026858,0.05417,0.079051,20,18.25,82.78
660015,2020,1,0.01004,0.114436,0.01083,0.123443,7,5.38,29.62
660015,2020,2,0.023563,0.027022,0.105339,0.120804,20,22.26,93.38
660015,2020,3,0.017636,0.119413,0.034623,0.234435,5,14.3,38.43
660015,2020,4,0.025782,0.030767,0.100658,0.120123,22,27.18,91.54
660015,2021,1,0.010942,0.103852,0.021229,0.201477,5,10.56,32.46
660015,2021,2,0.020628,0.025286,0.140159,0.171812,22,34.39,90.32
660015,2021,3,0.017203,0.113571,0.127166,0.839507,2,36.24,38.92
660015,2021,4,0.019968,0.028085,0.145093,0.204072,21,35.82,84.32
660015,2022,1,0.007565,0.105803,0.037616,0.526084,4,19.54,26.74
660015,2022,2,0.024321,0.030615,0.16621,0.209223,14,40.38,89.13
660015,2022,3,0.014133,0.106081,0.076871,0.577001,4,28.07,36.5
660015,2022,4,0.017594,0.0237,0.095063,0.128056,14,26.81,86.16
660015,2023,1,0.007925,0.094434,0.011848,0.141173,7,7.84,28.97
660015,2023,2,0.016721,0.021204,0.092868,0.117771,14,21.99,88.8
660015,2023,3,0.009363,0.102048,0.025545,0.278421,4,12.08,30.29
660015,2023,4,0.011793,0.017048,0.054048,0.078136,17,18.62,83.17
660015,2024,1,0.005879,0.11886,0.010472,0.211716,6,9.02,22.24
660015,2024,2,0.009992,0.016967,0.053611,0.091035,18,18.92,76.74
660015,2024,3,0.008812,0.108949,0.036121,0.446584,3,17.59,28.44
660015,2024,4,0.01157,0.015503,0.065418,0.087653,22,23.72,86.39
660015,2025,1,0.004925,0.103258,0.024052,0.50426,4,15.57,21.84
660015,2025,2,0.008481,0.013422,0.05492,0.086918,23,22.5,79.49
660015,2025,3,0.011591,0.104966,0.031748,0.287514,4,13.37,33.23
660015,2025,4,0.020457,0.025539,0.153945,0.192185,16,38.1,89.5
660015,2026,1,0.010525,0.10395,0.032392,0.31992,4,13.71,31.82
660015,2026,2,0.013923,0.101429,0.066101,0.481541,3,24.92,37.05
720001,2012,1,0.013787,0.11457,0.029629,0.246208,7,16.75,34.69
720001,2012,2,0.019893,0.035736,0.041591,0.074714,16,15.21,74.61
720001,2012,3,0.011022,0.135412,0.019147,0.235236,5,9.97,28.53
720001,2012,4,0.018185,0.043943,0.039341,0.095065,16,17.33,64.33
720001,2013,1,0.008282,0.110238,0.013285,0.176829,6,9.09,27.41
720001,2013,2,0.018042,0.054971,0.042073,0.128189,17,15.83,57.29
720001,2013,3,0.016401,0.109112,0.033504,0.222894,5,12.95,38.77
720001,2013,4,0.020326,0.064491,0.048278,0.153181,13,16.02,56.14
720001,2014,1,0.012967,0.148297,0.015488,0.177134,7,10.4,29.57
720001,2014,2,0.022737,0.057087,0.030512,0.076608,19,16.76,63.11
720001,2014,3,0.01135,0.100534,0.029265,0.259221,6,16.42,33.6
720001,2014,4,0.03923,0.071216,0.080917,0.146892,7,19.37,74.22
720001,2015,1,0.024049,0.104946,0.102755,0.44841,5,32.25,47.87
720001,2015,2,0.039696,0.078327,0.062523,0.123368,9,18.58,71.19
720001,2015,3,0.014416,0.144642,0.040122,0.402562,3,18.2,31.57
720001,2015,4,0.031253,0.068839,0.053831,0.11857,9,17.89,67.38
720001,2016,1,0.027591,0.104108,0.072305,0.272829,6,25.84,51.48
720001,2016,2,0.04158,0.065839,0.096482,0.15277,13,22.46,79.47
720001,2016,3,0.023559,0.115879,0.021258,0.104561,8,9.23,45.09
720001,2016,4,0.023556,0.046519,0.04627,0.091375,20,12.45,71.16
720001,2017,1,0.018355,0.092858,0.042457,0.214789,6,17.83,44.46
720001,2017,2,0.043521,0.068774,0.114908,0.18158,11,27.66,79.55
720001,2017,3,0.02762,0.101791,0.028941,0.106662,8,11.24,52.09
720001,2017,4,0.041796,0.067498,0.087518,0.141338,15,22.68,78.69
720001,2018,1,0.018853,0.11299,0.024444,0.146502,8,11.53,40.8474
720001,2018,2,0.031162,0.053733,0.139039,0.239751,10,26.7,76.1532
720001,2018,3,0.02834,0.102974,0.07672,0.278765,4,22.861,52.4607
720001,2018,4,0.039616,0.062649,0.231064,0.365409,8,46.59,79.52
720001,2019,1,0.043359,0.101404,0.242567,0.567297,3,47.35,65.3899
720001,2019,2,0.044976,0.070201,0.173505,0.270815,13,33.84,80.0423
720001,2019,3,0.042543,0.087724,0.263715,0.54379,2,48.3989,69.6389
720001,2019,4,0.0398,0.063579,0.298758,0.477251,11,53.69,79.12
720001,2020,1,0.045331,0.088745,0.268896,0.526425,3,49.89,71.47
720001,2020,2,0.053896,0.086643,0.251542,0.404377,10,45.64,78.87
720001,2020,3,0.045619,0.112958,0.099578,0.246566,4,20.77,63.55
720001,2020,4,0.032712,0.050858,0.078782,0.122484,19,16.23,80.2
720001,2021,1,0.027487,0.088948,0.065136,0.21078,5,19.69,55.59
720001,2021,2,0.040674,0.063173,0.168957,0.262419,24,38.1,80.24
720001,2021,3,0.031243,0.082497,0.219018,0.578316,3,46.96,61.54
720001,2021,4,0.035946,0.064973,0.159126,0.287627,20,38.15,74.38
720001,2022,1,0.043095,0.092951,0.263307,0.567932,4,51.91,68.09
720001,2022,2,0.040067,0.063714,0.272916,0.433993,18,50.03,79.3
720001,2022,3,0.042199,0.074523,0.176104,0.310997,4,34.77,75.25
720001,2022,4,0.03723,0.05892,0.155881,0.2467,19,30.05,79.49
720001,2023,1,0.032082,0.085966,0.070481,0.188856,6,17.93,61.09
720001,2023,2,0.038145,0.067256,0.251918,0.444175,21,43.58,75.31
720001,2023,3,0.022388,0.101826,0.108858,0.495109,2,28.93,46.89
720001,2023,4,0.045736,0.088202,0.108189,0.20864,21,20.18,72.01
720001,2024,1,0.059435,0.101162,0.103339,0.175889,8,25.69,76.65
720001,2024,2,0.064124,0.103374,0.144682,0.23324,13,33.18,78.76
720001,2024,3,0.065678,0.108423,0.208834,0.344752,3,38.24,77.83
720001,2024,4,0.069687,0.113231,0.148011,0.240497,15,28.89,78.45
720001,2025,1,0.041981,0.086341,0.098114,0.201786,8,23.83,69.73
720001,2025,2,0.068276,0.101195,0.438106,0.649336,14,65.86,82.14
720001,2025,3,0.065815,0.102964,0.222401,0.347937,4,42.48,79.95
720001,2025,4,0.071024,0.1128,0.277796,0.441197,13,50.04,79.35
720001,2026,1,0.067768,0.107493,0.199077,0.315776,3,32.39,79.4
720001,2026,2,0.054441,0.106373,0.125207,0.244643,5,30.54,71.54
740001,2012,2,0.028263,0.038481,0.050138,0.068266,21,12.29,85.7
740001,2012,3,0.018665,0.133368,0.016024,0.114501,8,9.28,37.41
740001,2012,4,0.025231,0.034865,0.028553,0.039454,22,11.94,85.07
740001,2013,1,0.016801,0.116964,0.027057,0.188363,6,13.04,37.9
740001,2013,2,0.006838,0.054906,0.010532,0.084571,13,7.01,35.29
740001,2013,3,0.042389,0.121278,0.054189,0.155039,7,18.28,59.12
740001,2013,4,0.041842,0.052943,0.11156,0.141157,11,30.59,88.9
740001,2014,1,0.034018,0.1375,0.041932,0.169484,6,16.03,49.74
740001,2014,2,0.037391,0.075573,0.072096,0.145716,9,16.69,70.34
740001,2014,3,0.032672,0.122947,0.038184,0.14369,7,12.83,51.55
740001,2014,4,0.057447,0.097144,0.078446,0.132653,9,17.92,76.9
740001,2015,1,0.000202,0.102711,0.000303,0.153512,6,1.0,4.44
740001,2015,2,0.049954,0.061412,0.090088,0.110752,9,21.36,90.19
740001,2015,3,0.038382,0.121435,0.063861,0.202049,5,17.5,56.22
740001,2015,4,0.038688,0.091823,0.136086,0.322991,7,36.3,64.91
740001,2016,1,0.037808,0.115434,0.125975,0.384624,4,34.09,57.23
740001,2016,2,0.053486,0.066519,0.167927,0.208846,8,37.6,89.67
740001,2016,3,0.052866,0.10292,0.063153,0.122948,7,14.24,71.67
740001,2016,4,0.059697,0.068682,0.073594,0.08467,10,14.45,93.23
740001,2017,1,0.054789,0.117003,0.115834,0.247367,6,32.11,68.43
740001,2017,2,0.069414,0.079724,0.188461,0.216453,9,42.06,93.31
740001,2017,3,0.076378,0.101118,0.140691,0.186264,6,26.87,86.91
740001,2017,4,0.034185,0.05163,0.068866,0.10401,15,20.8,81.37
740001,2018,1,0.025709,0.102632,0.029763,0.118814,8,12.47,50.05
740001,2018,2,0.018929,0.040283,0.034017,0.072391,15,12.98,68.55
740001,2018,3,0.01232,0.104478,0.015955,0.1353,7,7.83,34.34
740001,2018,4,0.019666,0.051326,0.026349,0.068767,15,11.29,61.9
740001,2019,1,0.020167,0.112851,0.023547,0.131767,10,10.7537,42.2734
740001,2019,2,0.038681,0.063421,0.119275,0.19556,11,29.12,78.0969
740001,2019,3,0.027757,0.122328,0.081981,0.361303,7,28.1017,47.6345
740001,2019,4,0.028897,0.084526,0.093773,0.274292,10,29.45,58.47
740001,2020,1,0.015529,0.102362,0.018357,0.121,8,10.77,38.95
740001,2020,2,0.017359,0.027577,0.035988,0.057171,15,11.2,79.34
740001,2020,3,0.017448,0.101263,0.018936,0.109898,8,9.22,41.51
740001,2020,4,0.042693,0.050364,0.10596,0.124998,9,24.52,92.07
740001,2021,1,0.02629,0.105244,0.031848,0.127495,8,11.97,49.98
740001,2021,2,0.035786,0.047378,0.194754,0.257838,7,39.3,86.91
740001,2021,3,0.034178,0.106802,0.130465,0.407683,5,36.02,56.57
740001,2021,4,0.037434,0.045096,0.090045,0.108474,12,27.2,91.11
740001,2022,1,0.024889,0.104383,0.057843,0.242594,5,18.83,48.83
740001,2022,2,0.042817,0.05073,0.242157,0.286913,8,48.52,91.87
740001,2022,3,0.033098,0.103024,0.173712,0.540716,3,41.41,56.68
740001,2022,4,0.055541,0.067086,0.221691,0.26777,7,45.34,90.99
740001,2023,1,0.026306,0.103683,0.061751,0.24339,5,21.96,50.37
740001,2023,2,0.041252,0.048685,0.108648,0.128225,8,22.48,92.05
740001,2023,3,0.039446,0.105043,0.0966,0.257239,5,27.84,61.28
740001,2023,4,0.0342,0.054632,0.186849,0.298482,4,32.54,79.12
740001,2024,1,0.022173,0.111718,0.027445,0.138285,7,11.05,44.55
740001,2024,2,0.022856,0.057005,0.0344,0.085797,11,11.33,63.32
740001,2024,3,0.025455,0.114745,0.037271,0.168006,7,16.07,47.1
740001,2024,4,0.042735,0.064718,0.122041,0.184821,7,28.85,81.26
740001,2025,1,0.028153,0.106851,0.091381,0.346829,4,28.37,51.33
740001,2025,2,0.024681,0.030998,0.185268,0.23269,8,35.62,89.23
740001,2025,3,0.056769,0.110705,0.258232,0.503574,2,45.39,71.61
740001,2025,4,0.058832,0.067411,0.397602,0.455585,5,57.22,93.42
740001,2026,1,0.045029,0.111848,0.167605,0.416317,3,36.04,63.45
740001,2026,2,0.053387,0.111261,0.231365,0.482177,2,40.52,69.27
952004,2019,4,0.026947,0.035635,0.044352,0.058651,25,14.31,86.96
952004,2020,1,0.033309,0.067455,0.039821,0.080644,14,13.28,70.27
952004,2020,2,0.039299,0.050369,0.062046,0.079524,23,16.65,88.33
952004,2020,3,0.032693,0.104811,0.045536,0.145984,7,13.22,55.85
952004,2020,4,0.027988,0.038948,0.054856,0.076337,28,15.94,84.77
952004,2021,1,0.023896,0.093888,0.027911,0.109662,10,13.74,50.45
952004,2021,2,0.032862,0.043069,0.056864,0.074527,26,14.04,87.35
952004,2021,3,0.021278,0.108032,0.041512,0.210767,6,15.15,44.38
952004,2021,4,0.024396,0.032336,0.076605,0.101535,24,24.49,86.86
952004,2022,1,0.01178,0.10844,0.042928,0.395151,4,19.98,32.96
952004,2022,2,0.015682,0.025319,0.067135,0.108392,25,24.49,78.7
952004,2022,3,0.013887,0.117281,0.04454,0.376166,5,20.66,34.41
952004,2022,4,0.012889,0.018518,0.055275,0.079412,23,16.92,83.43
952004,2023,1,0.005811,0.106028,0.00757,0.138125,7,6.26,23.41
952004,2023,2,0.011843,0.017304,0.138687,0.202633,15,29.93,82.73
952004,2023,3,0.006288,0.101577,0.046513,0.751409,2,21.81,24.88
952004,2023,4,0.014352,0.020239,0.195686,0.275951,12,35.43,84.21
952004,2024,1,0.00612,0.102294,0.016397,0.27407,4,9.96,24.46
952004,2024,2,0.014669,0.021278,0.191497,0.277774,12,33.9,83.03
952004,2024,3,0.008474,0.101322,0.030418,0.363695,4,16.15,28.92
952004,2024,4,0.017834,0.0288,0.193905,0.313148,8,38.2,78.69
952004,2025,1,0.01267,0.097164,0.061203,0.469375,4,24.64,36.11
952004,2025,2,0.020834,0.026715,0.277599,0.355958,7,47.48,88.31
952004,2025,3,0.020631,0.105842,0.133194,0.68332,2,36.57,44.15
952004,2025,4,0.023265,0.038367,0.311713,0.514062,6,55.34,77.87
952004,2026,1,0.018074,0.101444,0.141648,0.795023,2,38.18,42.21
952004,2026,2,0.025253,0.108384,0.194062,0.832885,2,44.76,48.27
959991,2020,2,0.024429,0.060203,0.030017,0.073976,16,11.48,63.7
959991,2020,3,0.031452,0.104238,0.029829,0.09886,9,12.77,54.93
959991,2020,4,0.046315,0.056411,0.055925,0.068117,22,15.65,90.61
959991,2021,1,0.036879,0.106594,0.0371,0.107231,8,12.52,58.82
959991,2021,2,0.041151,0.053067,0.05639,0.072719,24,16.49,88.06
959991,2021,3,0.035368,0.110715,0.035448,0.110966,8,11.82,56.52
959991,2021,4,0.032014,0.044196,0.031851,0.04397,26,12.51,85.11
959991,2022,1,0.023513,0.105317,0.023118,0.103548,9,11.91,47.25
959991,2022,2,0.030046,0.042239,0.042623,0.059921,22,15.53,84.34
959991,2022,3,0.027766,0.113412,0.028489,0.116364,7,9.83,49.48
959991,2022,4,0.029864,0.046269,0.032796,0.05081,23,11.76,80.34
959991,2023,1,0.017569,0.112777,0.017874,0.114735,8,9.06,39.47
959991,2023,2,0.027972,0.040448,0.044049,0.063695,18,12.73,83.16
959991,2023,3,0.024709,0.116873,0.020504,0.096984,9,8.16,45.98
959991,2023,4,0.030018,0.038834,0.04899,0.063377,24,16.14,87.92
959991,2024,1,0.026965,0.108421,0.018942,0.076163,10,7.19,49.87
959991,2024,2,0.025759,0.042296,0.021908,0.035972,20,8.21,78.04
959991,2024,3,0.018943,0.109938,0.021796,0.126492,8,10.85,41.51
959991,2024,4,0.021548,0.030502,0.048813,0.069097,22,14.79,84.05
959991,2025,1,0.014723,0.104921,0.020122,0.143398,7,10.02,37.46
959991,2025,2,0.027282,0.047747,0.067941,0.118905,18,20.31,75.59
959991,2025,3,0.0363,0.112476,0.086538,0.268138,6,25.39,56.81
959991,2025,4,0.043829,0.057601,0.158009,0.207659,14,35.26,87.23
959991,2026,1,0.035284,0.115004,0.083165,0.271069,5,21.17,55.39
959991,2026,2,0.043237,0.11129,0.135473,0.348704,5,33.52,62.33
