fund_code,year,quarter,report_date,TO_two_sided,OCI_two_sided,total_buy,total_sell,avg_aum,SDI
11,2020,1,2020-04-01,,,,,,
11,2020,2,2020-07-01,,,,,,
11,2020,3,2020-10-01,,,,,,
11,2020,4,2021-01-01,1.0,0.9285548371365654,534.5,195.15,364.825,
11,2021,1,2021-04-01,,,,,,
11,2021,2,2021-07-01,0.9925402164710188,0.8947851215123797,1207.0199999999998,527.98,874.02,
11,2021,3,2021-10-01,,,,,,
11,2021,4,2022-01-01,0.473316900014061,-1.4556884108734396,1353.56,295.85,1742.395,
11,2022,1,2022-04-01,,,,,,
11,2022,2,2022-07-01,0.5744612165966706,-0.9978179117191827,264.9,1585.79,1610.805,0.24167664603394198
11,2022,3,2022-10-01,,,,,,0.6453788060637065
11,2022,4,2023-01-01,0.6076909457475912,-0.8473901547560319,1864.53,263.47,1750.89,0.8208931780303503
11,2023,1,2023-04-01,,,,,,0.0852594934014615
11,2023,2,2023-07-01,0.6110214472304953,-0.8323132979643225,353.3,1850.08,1803.03,0.5588599131942655
11,2023,3,2023-10-01,,,,,,0.31115867335024716
11,2023,4,2024-01-01,0.992390593405466,0.8941077924243563,3605.98,1036.84,2339.21,0.6833875227363793
11,2024,1,2024-04-01,,,,,,0.4202026992222287
11,2024,2,2024-07-01,0.9669047885741606,0.7787360288519866,2258.77,3524.8,2990.7650000000003,0.22408033506480604
11,2024,3,2024-10-01,,,,,,0.42332115839219625
11,2024,4,2025-01-01,0.935600818315932,0.6370259953876886,3579.2700000000004,2160.2200000000003,3067.275,0.07381287131170228
11,2025,1,2025-04-01,,,,,,0.03957949386955495
11,2025,2,2025-07-01,,,,,,0.19898400249992404
11,2025,3,2025-10-01,,,,,,0.060295543927476075
11,2025,4,2026-01-01,,,,,,1.0961310005840321
11,2026,1,2026-04-01,,,,,,0.5487694542301189
11,2026,2,2026-07-01,,,,,,0.2948040012583728
17,2020,1,2020-04-01,,,,,,
17,2020,2,2020-07-01,,,,,,
17,2020,3,2020-10-01,,,,,,
17,2020,4,2021-01-01,0.9972709739752852,1.2840573007114653,2194.96,13927.86,8083.47,
17,2021,1,2021-04-01,,,,,,
17,2021,2,2021-07-01,0.9942742614006626,1.2604613439659322,5877.47,2193.78,4058.865,
17,2021,3,2021-10-01,,,,,,
17,2021,4,2022-01-01,0.9581198980756582,0.9757837941723854,14256.0,5469.6,10293.91,
17,2022,1,2022-04-01,,,,,,
17,2022,2,2022-07-01,0.6981526078965714,-1.0711849362510146,12108.04,9924.259999999998,15779.0,0.0629972597289924
17,2022,3,2022-10-01,,,,,,0.0850232768174862
17,2022,4,2023-01-01,0.815755267509837,-0.14518779762196804,9398.05,14205.38,14467.225,0.0224239961748168
17,2023,1,2023-04-01,,,,,,0.0012711098608177152
17,2023,2,2023-07-01,0.6594035966889936,-1.3762926066125314,6175.310000000001,8319.99,10991.22,0.005638573499807481
17,2023,3,2023-10-01,,,,,,0.138385995611647
17,2023,4,2024-01-01,0.8419354662798496,0.060953706570993436,6969.55,8469.609999999997,9168.85,0.315406578888517
17,2024,1,2024-04-01,,,,,,0.44674599743997967
17,2024,2,2024-07-01,0.8167854201513506,-0.13707643005996123,6901.65,6873.82,8432.735,0.2551114536801098
17,2024,3,2024-10-01,,,,,,0.12328453671364004
17,2024,4,2025-01-01,0.7260510118751953,-0.8515143748753018,5991.619999999999,6155.089999999999,8364.915,0.2320132865406496
17,2025,1,2025-04-01,,,,,,0.12730451843000323
17,2025,2,2025-07-01,,,,,,0.16686859845951876
17,2025,3,2025-10-01,,,,,,1.0075158281332863
17,2025,4,2026-01-01,,,,,,1.2438453277359187
17,2026,1,2026-04-01,,,,,,0.15113494559466664
17,2026,2,2026-07-01,,,,,,1.2600349671418756
20,2020,1,2020-04-01,,,,,,
20,2020,2,2020-07-01,,,,,,
20,2020,3,2020-10-01,,,,,,
20,2020,4,2021-01-01,0.9021358775545498,0.20041883518193893,2659.78,3599.78,3469.3,
20,2021,1,2021-04-01,,,,,,
20,2021,2,2021-07-01,0.926122599364436,0.5349816561161088,1182.89,2838.89,2171.3,
20,2021,3,2021-10-01,,,,,,
20,2021,4,2022-01-01,0.9985315168807392,1.5449292386598614,3787.48,1339.5299999999995,2567.275,
20,2022,1,2022-04-01,,,,,,
20,2022,2,2022-07-01,0.8793585334224707,-0.11727578630968859,4375.23,3267.0200000000004,4345.355,0.02416825453678456
20,2022,3,2022-10-01,,,,,,0.05585513783562812
20,2022,4,2023-01-01,0.9452497460148078,0.8017639280117422,16392.31,4300.19,10945.52,0.9019666137157415
20,2023,1,2023-04-01,,,,,,0.10177016667374605
20,2023,2,2023-07-01,0.898704341563624,0.15255633982469086,15528.64,15256.63,17127.585,0.08076767993106965
20,2023,3,2023-10-01,,,,,,0.6510772676055167
20,2023,4,2024-01-01,0.8513818660737711,-0.5074897064402886,19250.15,14332.48,19722.425,0.622245442532333
20,2024,1,2024-04-01,,,,,,0.31119475682688813
20,2024,2,2024-07-01,0.8434559967702564,-0.6180384180798473,16540.1,18893.09,21004.765,0.160214784273497
20,2024,3,2024-10-01,,,,,,0.3190183917048021
20,2024,4,2025-01-01,0.7449598689524293,-1.9918460869645194,14749.34,14774.469999999998,19815.705,0.04671844742857234
20,2025,1,2025-04-01,,,,,,0.1588036432078667
20,2025,2,2025-07-01,,,,,,0.514790435776825
20,2025,3,2025-10-01,,,,,,0.051129815498533154
20,2025,4,2026-01-01,,,,,,0.12820747347429826
20,2026,1,2026-04-01,,,,,,0.2214743086190767
20,2026,2,2026-07-01,,,,,,0.8360572430855157
21,2020,1,2020-04-01,,,,,,
21,2020,2,2020-07-01,,,,,,
21,2020,3,2020-10-01,,,,,,
21,2020,4,2021-01-01,0.930296827881269,0.3719167491744012,10184.23,6428.220000000001,8928.575,
21,2021,1,2021-04-01,,,,,,
21,2021,2,2021-07-01,0.9857873822008918,0.9878387593884267,6081.379999999999,10685.71,8504.415,
21,2021,3,2021-10-01,,,,,,
21,2021,4,2022-01-01,0.9976024789729968,1.118981405987918,5079.21,6188.709999999998,5647.5,
21,2022,1,2022-04-01,,,,,,
21,2022,2,2022-07-01,0.9080883157996816,0.12541152728807675,7106.46,4505.120000000001,6393.42,0.44995271877114856
21,2022,3,2022-10-01,,,,,,0.2233132399042927
21,2022,4,2023-01-01,0.999678506822674,1.142024449297026,18802.99,7689.83,13250.67,0.2433103282527581
21,2023,1,2023-04-01,,,,,,0.46797604210807003
21,2023,2,2023-07-01,0.797866400354185,-1.0980057653163289,25659.11,13807.91,24732.85,0.08737294390541472
21,2023,3,2023-10-01,,,,,,0.641506512803709
21,2023,4,2024-01-01,0.873980395685435,-0.25317216102727563,20367.6,27227.1,27228.7,0.6236834434989302
21,2024,1,2024-04-01,,,,,,0.13135111846531933
21,2024,2,2024-07-01,0.8156343550822088,-0.9007888780882571,25533.76,18789.54,27171.06,0.137257428889591
21,2024,3,2024-10-01,,,,,,0.16713332655968283
21,2024,4,2025-01-01,0.7621713365460665,-1.4942060867039941,28522.540000000005,22571.460000000003,33518.71,0.10318423112579307
21,2025,1,2025-04-01,,,,,,0.08858035357744312
21,2025,2,2025-07-01,,,,,,0.2221242384621106
21,2025,3,2025-10-01,,,,,,0.47068658583704337
21,2025,4,2026-01-01,,,,,,0.3296196190600744
21,2026,1,2026-04-01,,,,,,0.42900825260427733
21,2026,2,2026-07-01,,,,,,0.2116281748613869
31,2020,1,2020-04-01,,,,,,
31,2020,2,2020-07-01,,,,,,
31,2020,3,2020-10-01,,,,,,
31,2020,4,2021-01-01,1.0,0.6284619994812901,538.63,2574.43,1556.53,
31,2021,1,2021-04-01,,,,,,
31,2021,2,2021-07-01,0.986793520104332,0.5156688844331804,1990.28,521.82,1272.86,
31,2021,3,2021-10-01,,,,,,
31,2021,4,2022-01-01,0.998403354635944,0.6148254660778604,2749.09,2003.29,2379.99,
31,2022,1,2022-04-01,,,,,,
31,2022,2,2022-07-01,0.8368253335583831,-0.7651704499137523,1763.34,2351.69,2458.715,0.518092017443422
31,2022,3,2022-10-01,,,,,,0.3534495481210317
31,2022,4,2023-01-01,0.9986856178240532,0.6172362026633672,162.01999999999998,2163.01,1164.045,0.20520642718992926
31,2023,1,2023-04-01,,,,,,0.20044862111332357
31,2023,2,2023-07-01,0.9998909921350824,0.6275309916165194,1671.08,163.45,917.365,0.34206824356676613
31,2023,3,2023-10-01,,,,,,0.32980307279731597
31,2023,4,2024-01-01,0.6653271959222997,-2.2298915051639425,351.21,1264.75,1214.41,0.885256385080477
31,2024,1,2024-04-01,,,,,,0.2603693616973167
31,2024,2,2024-07-01,0.8602783525326914,-0.564864305635111,3710.73,422.03,2401.99,0.6508190665635673
31,2024,3,2024-10-01,,,,,,0.42681666944143676
31,2024,4,2025-01-01,0.9915394590499133,0.556202716440591,54.18000000000001,4028.92,2058.9700000000003,0.0984416550412937
31,2025,1,2025-04-01,,,,,,0.21985672201355289
31,2025,2,2025-07-01,,,,,,0.8045368998733495
31,2025,3,2025-10-01,,,,,,0.2339256956919863
31,2025,4,2026-01-01,,,,,,0.0623499018700607
31,2026,1,2026-04-01,,,,,,0.30890657587560166
31,2026,2,2026-07-01,,,,,,1.4649729974105195
61,2020,1,2020-04-01,,,,,,
61,2020,2,2020-07-01,,,,,,
61,2020,3,2020-10-01,,,,,,
61,2020,4,2021-01-01,1.0000000000000002,1.5418399448386007,5784.77,6806.51,6295.639999999999,
61,2021,1,2021-04-01,,,,,,
61,2021,2,2021-07-01,0.7918708638549473,-0.9893115343425251,10985.0,3836.93,9358.805,
61,2021,3,2021-10-01,,,,,,
61,2021,4,2022-01-01,0.7829687487499766,-1.097574136269069,20497.2,8863.58,18749.65,
61,2022,1,2022-04-01,,,,,,
61,2022,2,2022-07-01,0.9033270632821356,0.36615713894990415,2834.7500000000005,23174.71,14396.48,0.9596078778461088
61,2022,3,2022-10-01,,,,,,0.33870222659773014
61,2022,4,2023-01-01,0.9337436953713864,0.7360674010612046,16089.74,3530.4000000000005,10506.17,0.5290474678234731
61,2023,1,2023-04-01,,,,,,0.04710141956311839
61,2023,2,2023-07-01,0.9527771397027788,0.9675416274267987,15901.14,15995.389999999998,16738.715,0.05032177244571165
61,2023,3,2023-10-01,,,,,,1.12055059086348
61,2023,4,2024-01-01,0.8105437160148452,-0.7622226305952087,18379.710000000003,13021.71,19370.59,1.3717653623330714
61,2024,1,2024-04-01,,,,,,0.34224929158074
61,2024,2,2024-07-01,0.8987089906031341,0.3099946923606191,24536.83,19564.330000000005,24535.84,0.06850841025054676
61,2024,3,2024-10-01,,,,,,0.17274061971859506
61,2024,4,2025-01-01,0.7850311375950425,-1.0724925034303245,12016.3,22320.750000000004,21869.865,0.07566965761494947
61,2025,1,2025-04-01,,,,,,0.06958632967848058
61,2025,2,2025-07-01,,,,,,0.4985533648011871
61,2025,3,2025-10-01,,,,,,1.606183584242519
61,2025,4,2026-01-01,,,,,,0.39381641575748094
61,2026,1,2026-04-01,,,,,,1.2825033637591847
61,2026,2,2026-07-01,,,,,,1.1958855229032603
73,2020,1,2020-04-01,,,,,,
73,2020,2,2020-07-01,,,,,,
73,2020,3,2020-10-01,,,,,,
73,2020,4,2021-01-01,0.9618739652268904,1.0737397211657298,7780.029999999999,2381.12,5281.955,
73,2021,1,2021-04-01,,,,,,
73,2021,2,2021-07-01,0.9682278387008936,1.1298606234896929,1559.85,7827.389999999999,4847.639999999999,
73,2021,3,2021-10-01,,,,,,
73,2021,4,2022-01-01,0.9519612864484908,0.9861854946348556,4364.84,1564.27,3114.155,
73,2022,1,2022-04-01,,,,,,
73,2022,2,2022-07-01,0.790306056279208,-0.4416423366254094,9910.96,2824.8300000000004,8057.505,0.22316382124066808
73,2022,3,2022-10-01,,,,,,0.0835294257658285
73,2022,4,2023-01-01,0.8891208248705503,0.4311440037021728,13540.36,10124.96,13308.27,0.2977064051206858
73,2023,1,2023-04-01,,,,,,0.20427126630214126
73,2023,2,2023-07-01,0.8299708654756516,-0.09130094381675447,6757.489999999999,12992.92,11898.255,0.10351197712245
73,2023,3,2023-10-01,,,,,,0.5060324074269561
73,2023,4,2024-01-01,0.7984322370280004,-0.3698674424705662,7258.67,6982.87,8918.44,0.23764950320521505
73,2024,1,2024-04-01,,,,,,0.6456291210321274
73,2024,2,2024-07-01,0.6372322817685464,-1.7936740355287186,6107.820000000001,5696.360000000001,9262.07,0.8863951942554471
73,2024,3,2024-10-01,,,,,,1.7505587051127647
73,2024,4,2025-01-01,0.7356442913005932,-0.9244450845510026,6630.7,7015.84,9275.23,0.09514396996432366
73,2025,1,2025-04-01,,,,,,0.025209825708169986
73,2025,2,2025-07-01,,,,,,0.30167680796202034
73,2025,3,2025-10-01,,,,,,0.47061996073221857
73,2025,4,2026-01-01,,,,,,0.7896052980608151
73,2026,1,2026-04-01,,,,,,0.05991515998887141
73,2026,2,2026-07-01,,,,,,2.0
263,2020,1,2020-04-01,,,,,,
263,2020,2,2020-07-01,,,,,,
263,2020,3,2020-10-01,,,,,,
263,2020,4,2021-01-01,1.0,0.9004060241367655,803.8200000000002,4090.53,2447.175,
263,2021,1,2021-04-01,,,,,,
263,2021,2,2021-07-01,0.92285426727938,0.06801177543955421,428.47,754.3799999999999,640.865,
263,2021,3,2021-10-01,,,,,,
263,2021,4,2022-01-01,0.979374049888133,0.6778542167774371,1481.7,457.49000000000007,990.015,
263,2022,1,2022-04-01,,,,,,
263,2022,2,2022-07-01,0.995875464375908,0.8559027235527363,544.79,1497.89,1025.57,0.021482505561639664
263,2022,3,2022-10-01,,,,,,0.10671714280302233
263,2022,4,2023-01-01,0.7809262606744374,-1.463376316431364,879.55,373.29,802.15,0.8642344132333515
263,2023,1,2023-04-01,,,,,,0.40509251338090346
263,2023,2,2023-07-01,0.9964421397344791,0.8620170903844219,5150.879999999999,1044.22,3108.61,0.201267200478619
263,2023,3,2023-10-01,,,,,,0.11031564520302095
263,2023,4,2024-01-01,0.9548207953671332,0.4129272126605092,10466.95,4800.73,7995.05,0.05889251760277314
263,2024,1,2024-04-01,,,,,,0.26666701817290117
263,2024,2,2024-07-01,0.8428023764221008,-0.7957396103726853,7132.870000000002,9296.02,9746.585,0.7523885715031571
263,2024,3,2024-10-01,,,,,,0.22289952467239807
263,2024,4,2025-01-01,0.7758634860374553,-1.5180031161473726,7215.959999999999,6660.63,8942.675,0.0957630518984675
263,2025,1,2025-04-01,,,,,,0.19494459311412374
263,2025,2,2025-07-01,,,,,,0.1170258222800199
263,2025,3,2025-10-01,,,,,,0.04977995253169143
263,2025,4,2026-01-01,,,,,,0.7402206199271877
263,2026,1,2026-04-01,,,,,,0.22560012600697396
263,2026,2,2026-07-01,,,,,,0.22560012600697396
308,2020,1,2020-04-01,,,,,,
308,2020,2,2020-07-01,,,,,,
308,2020,3,2020-10-01,,,,,,
308,2020,4,2021-01-01,0.780757646938235,-1.6025735572786177,12335.379999999996,10516.03,14634.125,
308,2021,1,2021-04-01,,,,,,
308,2021,2,2021-07-01,0.8512296274104408,-0.564001757056179,11026.760000000002,13408.509999999998,14352.925,
308,2021,3,2021-10-01,,,,,,
308,2021,4,2022-01-01,0.8993652921612459,0.14539144659962644,16448.77,11593.17,15589.85,
308,2022,1,2022-04-01,,,,,,
308,2022,2,2022-07-01,0.7970771788477523,-1.3620665427107554,10086.839999999998,14844.14,15639.0,0.09913190110473677
308,2022,3,2022-10-01,,,,,,0.14107223189641385
308,2022,4,2023-01-01,0.8882164885673871,-0.018912620651145136,7343.840000000001,12040.57,10911.985,0.4156561935308435
308,2023,1,2023-04-01,,,,,,0.8193740849289046
308,2023,2,2023-07-01,0.9641911145361028,1.100753713895473,13356.36,8164.000000000001,11159.8,0.10532774074306135
308,2023,3,2023-10-01,,,,,,0.2499307192296409
308,2023,4,2024-01-01,0.9169193734202246,0.4040924743304815,14114.59,12548.05,14539.25,0.5571588406264907
308,2024,1,2024-04-01,,,,,,0.0
308,2024,2,2024-07-01,0.9419156558446462,0.7724719900252178,10270.87,14557.0,13179.455,0.44811712043660873
308,2024,3,2024-10-01,,,,,,0.0731955756043339
308,2024,4,2025-01-01,0.9658258116011532,1.1248448528459003,12287.17,10630.93,11864.51,0.23623367909855073
308,2025,1,2025-04-01,,,,,,0.42414298332841477
308,2025,2,2025-07-01,,,,,,0.2542167347519917
308,2025,3,2025-10-01,,,,,,0.2130960939403916
308,2025,4,2026-01-01,,,,,,0.9716717582608065
308,2026,1,2026-04-01,,,,,,0.23607153257817232
308,2026,2,2026-07-01,,,,,,0.7285784168598057
327,2020,1,2020-04-01,,,,,,
327,2020,2,2020-07-01,,,,,,
327,2020,3,2020-10-01,,,,,,
327,2020,4,2021-01-01,0.7756414394628387,-0.8673695173734708,12387.99,10800.919999999998,14948.215,
327,2021,1,2021-04-01,,,,,,
327,2021,2,2021-07-01,0.7959098886234756,-0.6511585415624486,12312.76,12553.59,15621.335,
327,2021,3,2021-10-01,,,,,,
327,2021,4,2022-01-01,0.7506903414730021,-1.133532024489013,15853.27,11035.88,17909.615,
327,2022,1,2022-04-01,,,,,,
327,2022,2,2022-07-01,0.9999974525959958,1.5259183037193111,11086.17,20318.27,15702.26,0.3788909983047245
327,2022,3,2022-10-01,,,,,,0.08295076366033671
327,2022,4,2023-01-01,0.8702952551646072,0.14233742640500288,3585.7700000000004,10068.71,7844.74,0.7819283532870716
327,2023,1,2023-04-01,,,,,,0.16095338342980076
327,2023,2,2023-07-01,0.9439409787316104,0.9279433516799612,8954.62,4212.29,6974.435,0.4327889505004587
327,2023,3,2023-10-01,,,,,,0.763211394087383
327,2023,4,2024-01-01,0.9597801799960908,1.0969059168135271,25948.63,8621.27,18009.28,0.5130342404612848
327,2024,1,2024-04-01,,,,,,0.3201171749366186
327,2024,2,2024-07-01,0.7575036263517182,-1.0608522175422337,24457.39,19618.11,29092.6,0.17472500156933235
327,2024,3,2024-10-01,,,,,,0.4536463264266277
327,2024,4,2025-01-01,0.8588088096650092,0.019807302349365934,7747.98,28397.84,21044.16,0.670609431688846
327,2025,1,2025-04-01,,,,,,0.21522338183116094
327,2025,2,2025-07-01,,,,,,1.199656051501872
327,2025,3,2025-10-01,,,,,,0.529695391113165
327,2025,4,2026-01-01,,,,,,1.5382431491034285
327,2026,1,2026-04-01,,,,,,0.9040285143406002
327,2026,2,2026-07-01,,,,,,1.7213631531654818
354,2020,1,2020-04-01,,,,,,
354,2020,2,2020-07-01,,,,,,
354,2020,3,2020-10-01,,,,,,
354,2020,4,2021-01-01,0.8238570849204394,0.38625914412291773,3487.26,4800.94,5030.12,
354,2021,1,2021-04-01,,,,,,
354,2021,2,2021-07-01,0.6233175855656632,-1.0697189155010038,2086.55,2874.31,3979.4,
354,2021,3,2021-10-01,,,,,,
354,2021,4,2022-01-01,0.7765899269775572,0.0430851303897677,3041.8,2752.12,3730.36,
354,2022,1,2022-04-01,,,,,,
354,2022,2,2022-07-01,0.8241445028783998,0.3883458863461638,3087.97,3203.92,3817.225,0.0
354,2022,3,2022-10-01,,,,,,0.0
354,2022,4,2023-01-01,0.7573525383074704,-0.0965841912063379,2014.11,2962.09,3285.26,0.0
354,2023,1,2023-04-01,,,,,,0.0
354,2023,2,2023-07-01,1.0,1.6651105451645338,4790.29,2811.27,3800.78,0.546661724925342
354,2023,3,2023-10-01,,,,,,0.11404975788879618
354,2023,4,2024-01-01,0.5628808147648906,-1.5085083438358802,2096.81,2864.05,4406.67,0.13621131559521515
354,2024,1,2024-04-01,,,,,,0.17754662738501303
354,2024,2,2024-07-01,0.6654793261326875,-0.7636117923723894,5398.4,2130.7,5656.9,0.25264614589235496
354,2024,3,2024-10-01,,,,,,0.03832364120334897
354,2024,4,2025-01-01,0.9022784931155514,0.9556225368922299,7432.02,6534.43,7739.545,0.311439690034664
354,2025,1,2025-04-01,,,,,,0.311439690034664
354,2025,2,2025-07-01,,,,,,0.3445742761817841
354,2025,3,2025-10-01,,,,,,1.0074765791909779
354,2025,4,2026-01-01,,,,,,0.7451280851588076
354,2026,1,2026-04-01,,,,,,0.044424881317922424
354,2026,2,2026-07-01,,,,,,1.2955401541950278
390,2013,4,2014-01-01,,,,,,
390,2014,1,2014-04-01,,,,,,
390,2014,2,2014-07-01,,,,,,
390,2014,3,2014-10-01,,,,,,
390,2014,4,2015-01-01,,,,,,
390,2015,1,2015-04-01,,,,,,
390,2015,2,2015-07-01,,,,,,
390,2015,3,2015-10-01,,,,,,
390,2015,4,2016-01-01,,,,,,
390,2016,1,2016-04-01,,,,,,
390,2016,2,2016-07-01,,,,,,
390,2016,3,2016-10-01,,,,,,
390,2016,4,2017-01-01,,,,,,
390,2017,1,2017-04-01,,,,,,
390,2017,2,2017-07-01,,,,,,
390,2017,3,2017-10-01,,,,,,0.0
390,2017,4,2018-01-01,,,,,,0.0
390,2018,1,2018-04-01,,,,,,0.0
390,2018,2,2018-07-01,,,,,,0.0
390,2018,3,2018-10-01,,,,,,0.0
390,2018,4,2019-01-01,,,,,,0.0
390,2019,1,2019-04-01,,,,,,0.0
390,2019,2,2019-07-01,,,,,,0.0
390,2019,3,2019-10-01,,,,,,0.0
390,2019,4,2020-01-01,,,,,,0.0
390,2020,1,2020-04-01,,,,,,0.0
390,2020,2,2020-07-01,,,,,,0.0
390,2020,3,2020-10-01,,,,,,0.0
390,2020,4,2021-01-01,,,,,,0.0
390,2021,1,2021-04-01,,,,,,0.0
390,2021,2,2021-07-01,,,,,,0.0
390,2021,3,2021-10-01,,,,,,0.0
390,2021,4,2022-01-01,,,,,,0.0
390,2022,1,2022-04-01,,,,,,0.0
390,2022,2,2022-07-01,,,,,,0.0
390,2022,3,2022-10-01,,,,,,0.0
390,2022,4,2023-01-01,,,,,,0.0
390,2023,1,2023-04-01,,,,,,0.0
390,2023,2,2023-07-01,,,,,,0.0
390,2023,3,2023-10-01,,,,,,0.0
390,2023,4,2024-01-01,,,,,,0.0
390,2024,1,2024-04-01,,,,,,0.0
390,2024,2,2024-07-01,,,,,,0.0
390,2024,3,2024-10-01,,,,,,0.0
390,2024,4,2025-01-01,,,,,,0.0
390,2025,1,2025-04-01,,,,,,0.0
390,2025,2,2025-07-01,,,,,,0.0
390,2025,3,2025-10-01,,,,,,0.0
390,2025,4,2026-01-01,,,,,,0.0
390,2026,1,2026-04-01,,,,,,0.0
390,2026,2,2026-07-01,,,,,,0.0
404,2013,4,2014-01-01,,,,,,
404,2014,1,2014-04-01,,,,,,
404,2014,2,2014-07-01,,,,,,
404,2014,3,2014-10-01,,,,,,
404,2014,4,2015-01-01,,,,,,
404,2015,1,2015-04-01,,,,,,
404,2015,2,2015-07-01,,,,,,
404,2015,3,2015-10-01,,,,,,
404,2015,4,2016-01-01,,,,,,
404,2016,1,2016-04-01,,,,,,
404,2016,2,2016-07-01,,,,,,
404,2016,3,2016-10-01,,,,,,
404,2016,4,2017-01-01,,,,,,
404,2017,1,2017-04-01,,,,,,
404,2017,2,2017-07-01,,,,,,
404,2017,3,2017-10-01,,,,,,0.0
404,2017,4,2018-01-01,,,,,,0.0
404,2018,1,2018-04-01,,,,,,0.0
404,2018,2,2018-07-01,,,,,,0.0
404,2018,3,2018-10-01,,,,,,0.0
404,2018,4,2019-01-01,,,,,,0.0
404,2019,1,2019-04-01,,,,,,0.0
404,2019,2,2019-07-01,,,,,,0.0
404,2019,3,2019-10-01,,,,,,0.0
404,2019,4,2020-01-01,,,,,,0.0
404,2020,1,2020-04-01,,,,,,0.0
404,2020,2,2020-07-01,,,,,,0.0
404,2020,3,2020-10-01,,,,,,0.0
404,2020,4,2021-01-01,,,,,,0.0
404,2021,1,2021-04-01,,,,,,0.0
404,2021,2,2021-07-01,,,,,,0.0
404,2021,3,2021-10-01,,,,,,0.0
404,2021,4,2022-01-01,,,,,,0.0
404,2022,1,2022-04-01,,,,,,0.0
404,2022,2,2022-07-01,,,,,,0.0
404,2022,3,2022-10-01,,,,,,0.0
404,2022,4,2023-01-01,,,,,,0.0
404,2023,1,2023-04-01,,,,,,0.0
404,2023,2,2023-07-01,,,,,,0.0
404,2023,3,2023-10-01,,,,,,0.0
404,2023,4,2024-01-01,,,,,,0.0
404,2024,1,2024-04-01,,,,,,0.0
404,2024,2,2024-07-01,,,,,,0.0
404,2024,3,2024-10-01,,,,,,0.0
404,2024,4,2025-01-01,,,,,,0.0
404,2025,1,2025-04-01,,,,,,0.0
404,2025,2,2025-07-01,,,,,,0.0
404,2025,3,2025-10-01,,,,,,0.0
404,2025,4,2026-01-01,,,,,,0.0
404,2026,1,2026-04-01,,,,,,0.0
404,2026,2,2026-07-01,,,,,,0.0
522,2020,1,2020-04-01,,,,,,
522,2020,2,2020-07-01,,,,,,
522,2020,3,2020-10-01,,,,,,
522,2020,4,2021-01-01,0.8204998954704203,-0.07137984040491081,4973.090000000001,2758.62,4711.585,
522,2021,1,2021-04-01,,,,,,
522,2021,2,2021-07-01,0.9936893186870698,1.0946765370512395,2714.26,5791.81,4280.045,
522,2021,3,2021-10-01,,,,,,
522,2021,4,2022-01-01,0.997718838974429,1.1218066454718123,5446.96,2731.92,4098.79,
522,2022,1,2022-04-01,,,,,,
522,2022,2,2022-07-01,0.6845220358631273,-0.9868967781198361,8987.699999999999,2751.23,8574.545,0.01973568968742631
522,2022,3,2022-10-01,,,,,,0.053929999730298175
522,2022,4,2023-01-01,0.5982434033886664,-1.5677968571575078,4504.41,7621.229999999999,10134.37,0.5775417350046752
522,2023,1,2023-04-01,,,,,,0.029545368857312015
522,2023,2,2023-07-01,0.9996313298077008,1.1346831369546277,8183.9,8572.87,8381.475,0.7482721656977593
522,2023,3,2023-10-01,,,,,,1.13197695796473
522,2023,4,2024-01-01,0.7002490316071556,-0.8810094592238695,2986.1200000000003,6217.1900000000005,6571.455,0.011341773812488798
522,2024,1,2024-04-01,,,,,,0.12358030563601058
522,2024,2,2024-07-01,0.860976075611665,0.2011397344753698,2595.130000000001,4391.8200000000015,4057.575,0.07344851641188088
522,2024,3,2024-10-01,,,,,,0.04085841816713648
522,2024,4,2025-01-01,0.824384842693222,-0.045223119046923665,2014.47,2661.21,2835.86,0.005282544402514022
522,2025,1,2025-04-01,,,,,,0.01467073683011172
522,2025,2,2025-07-01,,,,,,0.024103089753422402
522,2025,3,2025-10-01,,,,,,1.35271811459153
522,2025,4,2026-01-01,,,,,,0.6472818854084703
522,2026,1,2026-04-01,,,,,,0.0
522,2026,2,2026-07-01,,,,,,0.05592393245287524
601,2020,1,2020-04-01,,,,,,
601,2020,2,2020-07-01,,,,,,
601,2020,3,2020-10-01,,,,,,
601,2020,4,2021-01-01,0.9644151254070552,0.2186567860898257,2016.8800000000003,1661.38,1906.99,
601,2021,1,2021-04-01,,,,,,
601,2021,2,2021-07-01,0.9704996208659248,0.33789872026931594,1332.5299999999995,2033.58,1734.215,
601,2021,3,2021-10-01,,,,,,
601,2021,4,2022-01-01,0.9962012310825196,0.8415903960164938,4007.8,1373.4299999999996,2700.875,
601,2022,1,2022-04-01,,,,,,
601,2022,2,2022-07-01,0.998553344497472,0.8876863385485249,4091.34,4012.19,4057.635,0.6486279704426209
601,2022,3,2022-10-01,,,,,,0.44583481746129605
601,2022,4,2023-01-01,0.9076425495064928,-0.8939534220198042,10441.839999999997,3393.3099999999995,7621.475,0.5811529712569062
601,2023,1,2023-04-01,,,,,,0.22597901596825098
601,2023,2,2023-07-01,0.9804930857886328,0.5337473480797783,19990.79,10839.059999999998,15721.605,0.07506477524062699
601,2023,3,2023-10-01,,,,,,0.4945664675843982
601,2023,4,2024-01-01,0.9524167124341976,-0.016484151994404905,24121.66,19214.91,22750.845,0.520287124464123
601,2024,1,2024-04-01,,,,,,0.12477461242251552
601,2024,2,2024-07-01,0.9714216807576264,0.35596894575622173,21511.84,24527.01,23696.635,0.23262160559114184
601,2024,3,2024-10-01,,,,,,0.5605742899427641
601,2024,4,2025-01-01,0.8376772149521577,-2.2651109607459534,22090.49,18277.82,24095.385,0.06755982768998511
601,2025,1,2025-04-01,,,,,,0.0
601,2025,2,2025-07-01,,,,,,0.31570343524078387
601,2025,3,2025-10-01,,,,,,0.35605631389456094
601,2025,4,2026-01-01,,,,,,0.36437144161066015
601,2026,1,2026-04-01,,,,,,0.4296242114114509
601,2026,2,2026-07-01,,,,,,0.7370125189361357
742,2014,3,2014-10-01,,,,,,
742,2014,4,2015-01-01,,,,,,
742,2015,1,2015-04-01,,,,,,
742,2015,2,2015-07-01,,,,,,
742,2015,3,2015-10-01,,,,,,
742,2015,4,2016-01-01,,,,,,
742,2016,1,2016-04-01,,,,,,
742,2016,2,2016-07-01,,,,,,
742,2016,3,2016-10-01,,,,,,
742,2016,4,2017-01-01,,,,,,
742,2017,1,2017-04-01,,,,,,
742,2017,2,2017-07-01,,,,,,
742,2017,3,2017-10-01,,,,,,0.0
742,2017,4,2018-01-01,,,,,,0.0
742,2018,1,2018-04-01,,,,,,0.0
742,2018,2,2018-07-01,,,,,,0.0
742,2018,3,2018-10-01,,,,,,0.0
742,2018,4,2019-01-01,,,,,,0.0
742,2019,1,2019-04-01,,,,,,0.0
742,2019,2,2019-07-01,,,,,,0.0
742,2019,3,2019-10-01,,,,,,0.0
742,2019,4,2020-01-01,,,,,,0.0
742,2020,1,2020-04-01,,,,,,0.0
742,2020,2,2020-07-01,,,,,,0.0
742,2020,3,2020-10-01,,,,,,0.0
742,2020,4,2021-01-01,,,,,,0.0
742,2021,1,2021-04-01,,,,,,0.0
742,2021,2,2021-07-01,,,,,,0.0
742,2021,3,2021-10-01,,,,,,0.0
742,2021,4,2022-01-01,,,,,,0.0
742,2022,1,2022-04-01,,,,,,0.0
742,2022,2,2022-07-01,,,,,,0.0
742,2022,3,2022-10-01,,,,,,0.0
742,2022,4,2023-01-01,,,,,,0.0
742,2023,1,2023-04-01,,,,,,0.0
742,2023,2,2023-07-01,,,,,,0.0
742,2023,3,2023-10-01,,,,,,0.0
742,2023,4,2024-01-01,,,,,,0.0
742,2024,1,2024-04-01,,,,,,0.0
742,2024,2,2024-07-01,,,,,,0.0
742,2024,3,2024-10-01,,,,,,0.0
742,2024,4,2025-01-01,,,,,,0.0
742,2025,1,2025-04-01,,,,,,0.0
742,2025,2,2025-07-01,,,,,,0.0
742,2025,3,2025-10-01,,,,,,0.0
742,2025,4,2026-01-01,,,,,,0.0
742,2026,1,2026-04-01,,,,,,0.0
742,2026,2,2026-07-01,,,,,,0.0
800,2020,1,2020-04-01,,,,,,
800,2020,2,2020-07-01,,,,,,
800,2020,3,2020-10-01,,,,,,
800,2020,4,2021-01-01,0.8754597251327627,0.4101383008637854,2555.99,3685.39,3564.63,
800,2021,1,2021-04-01,,,,,,
800,2021,2,2021-07-01,0.6078727271836429,-1.55817593238542,5204.119999999999,999.1300000000002,5102.425,
800,2021,3,2021-10-01,,,,,,
800,2021,4,2022-01-01,0.9124518560856524,0.6822447127255309,3033.8500000000004,6736.21,5353.74,
800,2022,1,2022-04-01,,,,,,
800,2022,2,2022-07-01,0.9533052855553944,0.9827540323809865,1546.4899999999996,3381.86,2584.875,0.5272078683824717
800,2022,3,2022-10-01,,,,,,0.337913679184276
800,2022,4,2023-01-01,0.903340352458062,0.6152223894663938,8302.640000000003,1160.88,5238.070000000001,0.7636979355697832
800,2023,1,2023-04-01,,,,,,0.0019084054140247608
800,2023,2,2023-07-01,0.9778511382979628,1.1633082136032855,58850.43000000001,8051.269999999999,34208.53,0.3285252912703882
800,2023,3,2023-10-01,,,,,,0.5489364578720911
800,2023,4,2024-01-01,0.6404858730659977,-1.3182804228006175,30680.0,39821.380000000005,55037.42,0.43378087396053816
800,2024,1,2024-04-01,,,,,,0.6491786036166637
800,2024,2,2024-07-01,0.7686261737295625,-0.375707055701198,28977.800000000003,40073.7,44918.78,0.21777054244945962
800,2024,3,2024-10-01,,,,,,0.32190815705979026
800,2024,4,2025-01-01,0.7379296573009634,-0.6015042381527475,15806.69,31050.36,31748.995000000003,0.25471897512731145
800,2025,1,2025-04-01,,,,,,0.008491143415474134
800,2025,2,2025-07-01,,,,,,0.05078383949759066
800,2025,3,2025-10-01,,,,,,0.03859592713684315
800,2025,4,2026-01-01,,,,,,0.2744683827225095
800,2026,1,2026-04-01,,,,,,0.47500187586093
800,2026,2,2026-07-01,,,,,,1.3102966902753974
823,2014,4,2015-01-01,,,,,,
823,2015,1,2015-04-01,,,,,,
823,2015,2,2015-07-01,,,,,,
823,2015,3,2015-10-01,,,,,,
823,2015,4,2016-01-01,,,,,,
823,2016,1,2016-04-01,,,,,,
823,2016,2,2016-07-01,,,,,,
823,2016,3,2016-10-01,,,,,,
823,2016,4,2017-01-01,,,,,,
823,2017,1,2017-04-01,,,,,,
823,2017,2,2017-07-01,,,,,,
823,2017,3,2017-10-01,,,,,,0.0
823,2017,4,2018-01-01,,,,,,0.0
823,2018,1,2018-04-01,,,,,,0.0
823,2018,2,2018-07-01,,,,,,0.0
823,2018,3,2018-10-01,,,,,,0.0
823,2018,4,2019-01-01,,,,,,0.0
823,2019,1,2019-04-01,,,,,,0.0
823,2019,2,2019-07-01,,,,,,0.0
823,2019,3,2019-10-01,,,,,,0.0
823,2019,4,2020-01-01,,,,,,0.0
823,2020,1,2020-04-01,,,,,,0.0
823,2020,2,2020-07-01,,,,,,0.0
823,2020,3,2020-10-01,,,,,,0.0
823,2020,4,2021-01-01,,,,,,0.0
823,2021,1,2021-04-01,,,,,,0.0
823,2021,2,2021-07-01,,,,,,0.0
823,2021,3,2021-10-01,,,,,,0.0
823,2021,4,2022-01-01,,,,,,0.0
823,2022,1,2022-04-01,,,,,,0.0
823,2022,2,2022-07-01,,,,,,0.0
823,2022,3,2022-10-01,,,,,,0.0
823,2022,4,2023-01-01,,,,,,0.0
823,2023,1,2023-04-01,,,,,,0.0
823,2023,2,2023-07-01,,,,,,0.0
823,2023,3,2023-10-01,,,,,,0.0
823,2023,4,2024-01-01,,,,,,0.0
823,2024,1,2024-04-01,,,,,,0.0
823,2024,2,2024-07-01,,,,,,0.0
823,2024,3,2024-10-01,,,,,,0.0
823,2024,4,2025-01-01,,,,,,0.0
823,2025,1,2025-04-01,,,,,,0.0
823,2025,2,2025-07-01,,,,,,0.0
823,2025,3,2025-10-01,,,,,,0.0
823,2025,4,2026-01-01,,,,,,0.0
823,2026,1,2026-04-01,,,,,,0.0
823,2026,2,2026-07-01,,,,,,0.0
845,2014,4,2015-01-01,,,,,,
845,2015,1,2015-04-01,,,,,,
845,2015,2,2015-07-01,,,,,,
845,2015,3,2015-10-01,,,,,,
845,2015,4,2016-01-01,,,,,,
845,2016,1,2016-04-01,,,,,,
845,2016,2,2016-07-01,,,,,,
845,2016,3,2016-10-01,,,,,,
845,2016,4,2017-01-01,,,,,,
845,2017,1,2017-04-01,,,,,,
845,2017,2,2017-07-01,,,,,,
845,2017,3,2017-10-01,,,,,,0.0
845,2017,4,2018-01-01,,,,,,0.0
845,2018,1,2018-04-01,,,,,,0.0
845,2018,2,2018-07-01,,,,,,0.0
845,2018,3,2018-10-01,,,,,,0.0
845,2018,4,2019-01-01,,,,,,0.0
845,2019,1,2019-04-01,,,,,,0.0
845,2019,2,2019-07-01,,,,,,0.0
845,2019,3,2019-10-01,,,,,,0.0
845,2019,4,2020-01-01,,,,,,0.0
845,2020,1,2020-04-01,,,,,,0.0
845,2020,2,2020-07-01,,,,,,0.0
845,2020,3,2020-10-01,,,,,,0.0
845,2020,4,2021-01-01,,,,,,0.0
845,2021,1,2021-04-01,,,,,,0.0
845,2021,2,2021-07-01,,,,,,0.0
845,2021,3,2021-10-01,,,,,,0.0
845,2021,4,2022-01-01,,,,,,0.0
845,2022,1,2022-04-01,,,,,,0.0
845,2022,2,2022-07-01,,,,,,0.0
845,2022,3,2022-10-01,,,,,,0.0
845,2022,4,2023-01-01,,,,,,0.0
845,2023,1,2023-04-01,,,,,,0.0
845,2023,2,2023-07-01,,,,,,0.0
845,2023,3,2023-10-01,,,,,,0.0
845,2023,4,2024-01-01,,,,,,0.0
845,2024,1,2024-04-01,,,,,,0.0
845,2024,2,2024-07-01,,,,,,0.0
845,2024,3,2024-10-01,,,,,,0.0
845,2024,4,2025-01-01,,,,,,0.0
845,2025,1,2025-04-01,,,,,,0.0
845,2025,2,2025-07-01,,,,,,0.0
845,2025,3,2025-10-01,,,,,,0.0
845,2025,4,2026-01-01,,,,,,0.0
845,2026,1,2026-04-01,,,,,,0.0
845,2026,2,2026-07-01,,,,,,0.0
940,2020,1,2020-04-01,,,,,,
940,2020,2,2020-07-01,,,,,,
940,2020,3,2020-10-01,,,,,,
940,2020,4,2021-01-01,0.9998056792448872,0.4256967980060341,1785.8300000000002,7269.599999999999,4528.595,
940,2021,1,2021-04-01,,,,,,
940,2021,2,2021-07-01,0.9890355850747882,0.04888713196088055,5580.280000000001,1746.1,3703.8,
940,2021,3,2021-10-01,,,,,,
940,2021,4,2022-01-01,0.9985641331620964,0.38225924235912984,10859.05,5609.049999999999,8245.89,
940,2022,1,2022-04-01,,,,,,
940,2022,2,2022-07-01,0.912449156394749,-2.6306165157079,7661.23,10022.5,9690.255,0.25675963139988767
940,2022,3,2022-10-01,,,,,,0.0583227569693095
940,2022,4,2023-01-01,1.0,0.4324954329746116,7596.56,8509.62,8053.09,1.3625579103205268
940,2023,1,2023-04-01,,,,,,0.4223636221866131
940,2023,2,2023-07-01,1.0,0.4324954329746116,277.67,7596.56,3937.115,0.25934930758304875
940,2023,3,2023-10-01,,,,,,0.25934930758304875
940,2023,4,2024-01-01,0.9888899432817736,0.04379161148340881,1084.65,270.05999999999995,684.965,0.6397347660239016
940,2024,1,2024-04-01,,,,,,0.6397347660239014
940,2024,2,2024-07-01,1.0,0.4324954329746116,3168.17,1092.26,2130.215,0.31838742921641433
940,2024,3,2024-10-01,,,,,,0.1825468651251914
940,2024,4,2025-01-01,1.0,0.4324954329746116,1721.0099999999998,3168.17,2444.59,0.0722785818923426
940,2025,1,2025-04-01,,,,,,0.017290220083952926
940,2025,2,2025-07-01,,,,,,0.25116455330799303
940,2025,3,2025-10-01,,,,,,0.07748724627073078
940,2025,4,2026-01-01,,,,,,1.6918858371886718
940,2026,1,2026-04-01,,,,,,0.11083521418526983
940,2026,2,2026-07-01,,,,,,0.747144573484939
1000,2020,1,2020-04-01,,,,,,
1000,2020,2,2020-07-01,,,,,,
1000,2020,3,2020-10-01,,,,,,
1000,2020,4,2021-01-01,0.972629173172706,0.9027004689191878,9117.72,8211.4,8908.39,
1000,2021,1,2021-04-01,,,,,,
1000,2021,2,2021-07-01,0.9165758418894024,0.19450042569478912,5110.839999999999,8731.6,7551.17,
1000,2021,3,2021-10-01,,,,,,
1000,2021,4,2022-01-01,0.9302698568208716,0.3675160475026362,15104.310000000003,4987.77,10799.06,
1000,2022,1,2022-04-01,,,,,,
1000,2022,2,2022-07-01,0.7479870304598251,-1.9355175555405268,3696.02,13038.259999999998,11186.21,0.5255876776853603
1000,2022,3,2022-10-01,,,,,,0.08443504563972548
1000,2022,4,2023-01-01,0.856183195756661,-0.5685242442481204,13472.17,4966.48,10767.935,0.2410296090050724
1000,2023,1,2023-04-01,,,,,,0.013216591014817147
1000,2023,2,2023-07-01,0.9775265881274704,0.9645763539602085,12942.85,14702.990000000002,14140.71,0.00020494944254606517
1000,2023,3,2023-10-01,,,,,,0.1658118166342212
1000,2023,4,2024-01-01,0.8445165340792748,-0.7159254800899302,8538.999999999998,11423.04,11818.62,0.7539489152063267
1000,2024,1,2024-04-01,,,,,,0.5171754103637032
1000,2024,2,2024-07-01,0.9934537377988194,1.1658062867305137,2583.6800000000003,10334.04,6501.42,0.3609931719089781
1000,2024,3,2024-10-01,,,,,,0.02807086370953582
1000,2024,4,2025-01-01,0.8714899761755666,-0.37513230292876065,2648.6200000000003,2264.03,2818.535,0.026496405966007747
1000,2025,1,2025-04-01,,,,,,0.04858927743438393
1000,2025,2,2025-07-01,,,,,,0.07755331359476239
1000,2025,3,2025-10-01,,,,,,0.9079316100845874
1000,2025,4,2026-01-01,,,,,,0.6170976633161862
1000,2026,1,2026-04-01,,,,,,0.0
1000,2026,2,2026-07-01,,,,,,0.0
1037,2015,2,2015-07-01,,,,,,
1037,2015,3,2015-10-01,,,,,,
1037,2015,4,2016-01-01,,,,,,
1037,2016,1,2016-04-01,,,,,,
1037,2016,2,2016-07-01,,,,,,
1037,2016,3,2016-10-01,,,,,,
1037,2016,4,2017-01-01,,,,,,
1037,2017,1,2017-04-01,,,,,,
1037,2017,2,2017-07-01,,,,,,
1037,2017,3,2017-10-01,,,,,,0.0
1037,2017,4,2018-01-01,,,,,,0.0
1037,2018,1,2018-04-01,,,,,,0.0
1037,2018,2,2018-07-01,,,,,,0.0
1037,2018,3,2018-10-01,,,,,,0.0
1037,2018,4,2019-01-01,,,,,,0.0
1037,2019,1,2019-04-01,,,,,,0.0
1037,2019,2,2019-07-01,,,,,,0.0
1037,2019,3,2019-10-01,,,,,,0.0
1037,2019,4,2020-01-01,,,,,,0.0
1037,2020,1,2020-04-01,,,,,,0.0
1037,2020,2,2020-07-01,,,,,,0.0
1037,2020,3,2020-10-01,,,,,,0.0
1037,2020,4,2021-01-01,,,,,,0.0
1037,2021,1,2021-04-01,,,,,,0.0
1037,2021,2,2021-07-01,,,,,,0.0
1037,2021,3,2021-10-01,,,,,,0.0
1037,2021,4,2022-01-01,,,,,,0.0
1037,2022,1,2022-04-01,,,,,,0.0
1037,2022,2,2022-07-01,,,,,,0.0
1037,2022,3,2022-10-01,,,,,,0.0
1037,2022,4,2023-01-01,,,,,,0.0
1037,2023,1,2023-04-01,,,,,,0.0
1037,2023,2,2023-07-01,,,,,,0.0
1037,2023,3,2023-10-01,,,,,,0.0
1037,2023,4,2024-01-01,,,,,,0.0
1037,2024,1,2024-04-01,,,,,,0.0
1037,2024,2,2024-07-01,,,,,,0.0
1037,2024,3,2024-10-01,,,,,,0.0
1037,2024,4,2025-01-01,,,,,,0.0
1037,2025,1,2025-04-01,,,,,,0.0
1037,2025,2,2025-07-01,,,,,,0.0
1037,2025,3,2025-10-01,,,,,,0.0
1037,2025,4,2026-01-01,,,,,,0.0
1037,2026,1,2026-04-01,,,,,,0.0
1037,2026,2,2026-07-01,,,,,,0.0
1060,2015,2,2015-07-01,,,,,,
1060,2015,3,2015-10-01,,,,,,
1060,2015,4,2016-01-01,,,,,,
1060,2016,1,2016-04-01,,,,,,
1060,2016,2,2016-07-01,,,,,,
1060,2016,3,2016-10-01,,,,,,
1060,2016,4,2017-01-01,,,,,,
1060,2017,1,2017-04-01,,,,,,
1060,2017,2,2017-07-01,,,,,,
1060,2017,3,2017-10-01,,,,,,0.0
1060,2017,4,2018-01-01,,,,,,0.0
1060,2018,1,2018-04-01,,,,,,0.0
1060,2018,2,2018-07-01,,,,,,0.0
1060,2018,3,2018-10-01,,,,,,0.0
1060,2018,4,2019-01-01,,,,,,0.0
1060,2019,1,2019-04-01,,,,,,0.0
1060,2019,2,2019-07-01,,,,,,0.0
1060,2019,3,2019-10-01,,,,,,0.0
1060,2019,4,2020-01-01,,,,,,0.0
1060,2020,1,2020-04-01,,,,,,0.0
1060,2020,2,2020-07-01,,,,,,0.0
1060,2020,3,2020-10-01,,,,,,0.0
1060,2020,4,2021-01-01,,,,,,0.0
1060,2021,1,2021-04-01,,,,,,0.0
1060,2021,2,2021-07-01,,,,,,0.0
1060,2021,3,2021-10-01,,,,,,0.0
1060,2021,4,2022-01-01,,,,,,0.0
1060,2022,1,2022-04-01,,,,,,0.0
1060,2022,2,2022-07-01,,,,,,0.0
1060,2022,3,2022-10-01,,,,,,0.0
1060,2022,4,2023-01-01,,,,,,0.0
1060,2023,1,2023-04-01,,,,,,0.0
1060,2023,2,2023-07-01,,,,,,0.0
1060,2023,3,2023-10-01,,,,,,0.0
1060,2023,4,2024-01-01,,,,,,0.0
1060,2024,1,2024-04-01,,,,,,0.0
1060,2024,2,2024-07-01,,,,,,0.0
1060,2024,3,2024-10-01,,,,,,0.0
1060,2024,4,2025-01-01,,,,,,0.0
1060,2025,1,2025-04-01,,,,,,0.0
1060,2025,2,2025-07-01,,,,,,0.0
1060,2025,3,2025-10-01,,,,,,0.0
1060,2025,4,2026-01-01,,,,,,0.0
1060,2026,1,2026-04-01,,,,,,0.0
1060,2026,2,2026-07-01,,,,,,0.0
1075,2015,2,2015-07-01,,,,,,
1075,2015,3,2015-10-01,,,,,,
1075,2015,4,2016-01-01,,,,,,
1075,2016,1,2016-04-01,,,,,,
1075,2016,2,2016-07-01,,,,,,
1075,2016,3,2016-10-01,,,,,,
1075,2016,4,2017-01-01,,,,,,
1075,2017,1,2017-04-01,,,,,,
1075,2017,2,2017-07-01,,,,,,
1075,2017,3,2017-10-01,,,,,,0.0
1075,2017,4,2018-01-01,,,,,,0.0
1075,2018,1,2018-04-01,,,,,,0.0
1075,2018,2,2018-07-01,,,,,,0.0
1075,2018,3,2018-10-01,,,,,,0.0
1075,2018,4,2019-01-01,,,,,,0.0
1075,2019,1,2019-04-01,,,,,,0.0
1075,2019,2,2019-07-01,,,,,,0.0
1075,2019,3,2019-10-01,,,,,,0.0
1075,2019,4,2020-01-01,,,,,,0.0
1075,2020,1,2020-04-01,,,,,,0.0
1075,2020,2,2020-07-01,,,,,,0.0
1075,2020,3,2020-10-01,,,,,,0.0
1075,2020,4,2021-01-01,,,,,,0.0
1075,2021,1,2021-04-01,,,,,,0.0
1075,2021,2,2021-07-01,,,,,,0.0
1075,2021,3,2021-10-01,,,,,,0.0
1075,2021,4,2022-01-01,,,,,,0.0
1075,2022,1,2022-04-01,,,,,,0.0
1075,2022,2,2022-07-01,,,,,,0.0
1075,2022,3,2022-10-01,,,,,,0.0
1075,2022,4,2023-01-01,,,,,,0.0
1075,2023,1,2023-04-01,,,,,,0.0
1075,2023,2,2023-07-01,,,,,,0.0
1075,2023,3,2023-10-01,,,,,,0.0
1075,2023,4,2024-01-01,,,,,,0.0
1075,2024,1,2024-04-01,,,,,,0.0
1075,2024,2,2024-07-01,,,,,,0.0
1075,2024,3,2024-10-01,,,,,,0.0
1075,2024,4,2025-01-01,,,,,,0.0
1075,2025,1,2025-04-01,,,,,,0.0
1075,2025,2,2025-07-01,,,,,,0.0
1075,2025,3,2025-10-01,,,,,,0.0
1075,2025,4,2026-01-01,,,,,,0.0
1075,2026,1,2026-04-01,,,,,,0.0
1075,2026,2,2026-07-01,,,,,,0.0
1076,2020,1,2020-04-01,,,,,,
1076,2020,2,2020-07-01,,,,,,
1076,2020,3,2020-10-01,,,,,,
1076,2020,4,2021-01-01,1.0,0.976801710929339,0.0,670.98,335.49,
1076,2021,1,2021-04-01,,,,,,
1076,2021,2,2021-07-01,1.0,0.976801710929339,990.91,0.0,495.455,
1076,2021,3,2021-10-01,,,,,,
1076,2021,4,2022-01-01,0.9966613672496024,0.9015543456503746,516.17,988.39,754.8,
1076,2022,1,2022-04-01,,,,,,
1076,2022,2,2022-07-01,1.0,0.976801710929339,17125.78,518.6899999999999,8822.234999999999,0.11487916944607343
1076,2022,3,2022-10-01,,,,,,0.14307413984082665
1076,2022,4,2023-01-01,0.8983587843554389,-1.3140263773332814,4941.91,15944.24,11624.615,0.2411676403475708
1076,2023,1,2023-04-01,,,,,,0.0
1076,2023,2,2023-07-01,0.9160942047784724,-0.9142987766293476,15443.11,5179.05,11255.48,0.08620191430649915
1076,2023,3,2023-10-01,,,,,,0.1809330841833541
1076,2023,4,2024-01-01,0.9653420590949758,0.19566795526647168,25307.890000000003,15652.23,21215.34,0.4250818677007473
1076,2024,1,2024-04-01,,,,,,0.5306186053879002
1076,2024,2,2024-07-01,0.90657130380216,-1.128929513776058,12922.81,24133.7,20437.725,0.3332055322041239
1076,2024,3,2024-10-01,,,,,,0.023648128395951762
1076,2024,4,2025-01-01,0.9269169008935428,-0.6703727659661637,11969.66,13815.749999999996,13909.235,0.2007586673339412
1076,2025,1,2025-04-01,,,,,,0.09253301962126026
1076,2025,2,2025-07-01,,,,,,0.5156253658408164
1076,2025,3,2025-10-01,,,,,,0.6385966327047077
1076,2025,4,2026-01-01,,,,,,1.8040087490953587
1076,2026,1,2026-04-01,,,,,,0.8308802106319572
1076,2026,2,2026-07-01,,,,,,1.2945311875316008
1088,2020,1,2020-04-01,,,,,,
1088,2020,2,2020-07-01,,,,,,
1088,2020,3,2020-10-01,,,,,,
1088,2020,4,2021-01-01,1.0,1.9077019571316571,12776.56,8693.92,10735.24,
1088,2021,1,2021-04-01,,,,,,
1088,2021,2,2021-07-01,0.797857114262152,-0.006543298692515477,15291.81,9620.68,15612.125,
1088,2021,3,2021-10-01,,,,,,
1088,2021,4,2022-01-01,0.7596284785922862,-0.3685594250605469,14638.05,13928.06,18802.685,
1088,2022,1,2022-04-01,,,,,,
1088,2022,2,2022-07-01,0.6311329907692272,-1.5853812640398106,8767.170000000002,12842.71,17119.91,0.5829314960356412
1088,2022,3,2022-10-01,,,,,,0.302578140386202
1088,2022,4,2023-01-01,0.8999125411953173,0.9598974252777384,17437.96,13368.98,17116.629999999997,0.7658754357298029
1088,2023,1,2023-04-01,,,,,,0.0018907973312169424
1088,2023,2,2023-07-01,0.7754716663872703,-0.21852818867555407,15693.63,14744.61,19625.63,0.19370737546233285
1088,2023,3,2023-10-01,,,,,,0.10612799965177783
1088,2023,4,2024-01-01,0.7885622742004993,-0.09456323284314277,15363.749999999998,15907.72,19828.155,0.45632927613309054
1088,2024,1,2024-04-01,,,,,,0.09561453832364855
1088,2024,2,2024-07-01,0.7114644098929229,-0.8246617492774568,11862.5,14259.3,18357.77,0.11283961595581926
1088,2024,3,2024-10-01,,,,,,0.5190382047003407
1088,2024,4,2025-01-01,0.822903260659113,0.23063777617963116,12450.95,14282.7,16243.495,0.383659629251455
1088,2025,1,2025-04-01,,,,,,1.1042127375324213
1088,2025,2,2025-07-01,,,,,,0.5712124673008561
1088,2025,3,2025-10-01,,,,,,0.5686937218716793
1088,2025,4,2026-01-01,,,,,,0.10992173747805058
1088,2026,1,2026-04-01,,,,,,2.0
1088,2026,2,2026-07-01,,,,,,1.285302603259435
1170,2015,2,2015-07-01,,,,,,
1170,2015,3,2015-10-01,,,,,,
1170,2015,4,2016-01-01,,,,,,
1170,2016,1,2016-04-01,,,,,,
1170,2016,2,2016-07-01,,,,,,
1170,2016,3,2016-10-01,,,,,,
1170,2016,4,2017-01-01,,,,,,
1170,2017,1,2017-04-01,,,,,,
1170,2017,2,2017-07-01,,,,,,
1170,2017,3,2017-10-01,,,,,,0.0
1170,2017,4,2018-01-01,,,,,,0.0
1170,2018,1,2018-04-01,,,,,,0.0
1170,2018,2,2018-07-01,,,,,,0.0
1170,2018,3,2018-10-01,,,,,,0.0
1170,2018,4,2019-01-01,,,,,,0.0
1170,2019,1,2019-04-01,,,,,,0.0
1170,2019,2,2019-07-01,,,,,,0.0
1170,2019,3,2019-10-01,,,,,,0.0
1170,2019,4,2020-01-01,,,,,,0.0
1170,2020,1,2020-04-01,,,,,,0.0
1170,2020,2,2020-07-01,,,,,,0.0
1170,2020,3,2020-10-01,,,,,,0.0
1170,2020,4,2021-01-01,,,,,,0.0
1170,2021,1,2021-04-01,,,,,,0.0
1170,2021,2,2021-07-01,,,,,,0.0
1170,2021,3,2021-10-01,,,,,,0.0
1170,2021,4,2022-01-01,,,,,,0.0
1170,2022,1,2022-04-01,,,,,,0.0
1170,2022,2,2022-07-01,,,,,,0.0
1170,2022,3,2022-10-01,,,,,,0.0
1170,2022,4,2023-01-01,,,,,,0.0
1170,2023,1,2023-04-01,,,,,,0.0
1170,2023,2,2023-07-01,,,,,,0.0
1170,2023,3,2023-10-01,,,,,,0.0
1170,2023,4,2024-01-01,,,,,,0.0
1170,2024,1,2024-04-01,,,,,,0.0
1170,2024,2,2024-07-01,,,,,,0.0
1170,2024,3,2024-10-01,,,,,,0.0
1170,2024,4,2025-01-01,,,,,,0.0
1170,2025,1,2025-04-01,,,,,,0.0
1170,2025,2,2025-07-01,,,,,,0.0
1170,2025,3,2025-10-01,,,,,,0.0
1170,2025,4,2026-01-01,,,,,,0.0
1170,2026,1,2026-04-01,,,,,,0.0
1170,2026,2,2026-07-01,,,,,,0.0
1184,2015,2,2015-07-01,,,,,,
1184,2015,3,2015-10-01,,,,,,
1184,2015,4,2016-01-01,,,,,,
1184,2016,1,2016-04-01,,,,,,
1184,2016,2,2016-07-01,,,,,,
1184,2016,3,2016-10-01,,,,,,
1184,2016,4,2017-01-01,,,,,,
1184,2017,1,2017-04-01,,,,,,
1184,2017,2,2017-07-01,,,,,,
1184,2017,3,2017-10-01,,,,,,0.0
1184,2017,4,2018-01-01,,,,,,0.0
1184,2018,1,2018-04-01,,,,,,0.0
1184,2018,2,2018-07-01,,,,,,0.0
1184,2018,3,2018-10-01,,,,,,0.0
1184,2018,4,2019-01-01,,,,,,0.0
1184,2019,1,2019-04-01,,,,,,0.0
1184,2019,2,2019-07-01,,,,,,0.0
1184,2019,3,2019-10-01,,,,,,0.0
1184,2019,4,2020-01-01,,,,,,0.0
1184,2020,1,2020-04-01,,,,,,0.0
1184,2020,2,2020-07-01,,,,,,0.0
1184,2020,3,2020-10-01,,,,,,0.0
1184,2020,4,2021-01-01,,,,,,0.0
1184,2021,1,2021-04-01,,,,,,0.0
1184,2021,2,2021-07-01,,,,,,0.0
1184,2021,3,2021-10-01,,,,,,0.0
1184,2021,4,2022-01-01,,,,,,0.0
1184,2022,1,2022-04-01,,,,,,0.0
1184,2022,2,2022-07-01,,,,,,0.0
1184,2022,3,2022-10-01,,,,,,0.0
1184,2022,4,2023-01-01,,,,,,0.0
1184,2023,1,2023-04-01,,,,,,0.0
1184,2023,2,2023-07-01,,,,,,0.0
1184,2023,3,2023-10-01,,,,,,0.0
1184,2023,4,2024-01-01,,,,,,0.0
1184,2024,1,2024-04-01,,,,,,0.0
1184,2024,2,2024-07-01,,,,,,0.0
1184,2024,3,2024-10-01,,,,,,0.0
1184,2024,4,2025-01-01,,,,,,0.0
1184,2025,1,2025-04-01,,,,,,0.0
1184,2025,2,2025-07-01,,,,,,0.0
1184,2025,3,2025-10-01,,,,,,0.0
1184,2025,4,2026-01-01,,,,,,0.0
1184,2026,1,2026-04-01,,,,,,0.0
1184,2026,2,2026-07-01,,,,,,0.0
1194,2015,2,2015-07-01,,,,,,
1194,2015,3,2015-10-01,,,,,,
1194,2015,4,2016-01-01,,,,,,
1194,2016,1,2016-04-01,,,,,,
1194,2016,2,2016-07-01,,,,,,
1194,2016,3,2016-10-01,,,,,,
1194,2016,4,2017-01-01,,,,,,
1194,2017,1,2017-04-01,,,,,,
1194,2017,2,2017-07-01,,,,,,
1194,2017,3,2017-10-01,,,,,,0.0
1194,2017,4,2018-01-01,,,,,,0.0
1194,2018,1,2018-04-01,,,,,,0.0
1194,2018,2,2018-07-01,,,,,,0.0
1194,2018,3,2018-10-01,,,,,,0.0
1194,2018,4,2019-01-01,,,,,,0.0
1194,2019,1,2019-04-01,,,,,,0.0
1194,2019,2,2019-07-01,,,,,,0.0
1194,2019,3,2019-10-01,,,,,,0.0
1194,2019,4,2020-01-01,,,,,,0.0
1194,2020,1,2020-04-01,,,,,,0.0
1194,2020,2,2020-07-01,,,,,,0.0
1194,2020,3,2020-10-01,,,,,,0.0
1194,2020,4,2021-01-01,,,,,,0.0
1194,2021,1,2021-04-01,,,,,,0.0
1194,2021,2,2021-07-01,,,,,,0.0
1194,2021,3,2021-10-01,,,,,,0.0
1194,2021,4,2022-01-01,,,,,,0.0
1194,2022,1,2022-04-01,,,,,,0.0
1194,2022,2,2022-07-01,,,,,,0.0
1194,2022,3,2022-10-01,,,,,,0.0
1194,2022,4,2023-01-01,,,,,,0.0
1194,2023,1,2023-04-01,,,,,,0.0
1194,2023,2,2023-07-01,,,,,,0.0
1194,2023,3,2023-10-01,,,,,,0.0
1194,2023,4,2024-01-01,,,,,,0.0
1194,2024,1,2024-04-01,,,,,,0.0
1194,2024,2,2024-07-01,,,,,,0.0
1194,2024,3,2024-10-01,,,,,,0.0
1194,2024,4,2025-01-01,,,,,,0.0
1194,2025,1,2025-04-01,,,,,,0.0
1194,2025,2,2025-07-01,,,,,,0.0
1194,2025,3,2025-10-01,,,,,,0.0
1194,2025,4,2026-01-01,,,,,,0.0
1194,2026,1,2026-04-01,,,,,,0.0
1194,2026,2,2026-07-01,,,,,,0.0
1198,2015,2,2015-07-01,,,,,,
1198,2015,3,2015-10-01,,,,,,
1198,2015,4,2016-01-01,,,,,,
1198,2016,1,2016-04-01,,,,,,
1198,2016,2,2016-07-01,,,,,,
1198,2016,3,2016-10-01,,,,,,
1198,2016,4,2017-01-01,,,,,,
1198,2017,1,2017-04-01,,,,,,
1198,2017,2,2017-07-01,,,,,,
1198,2017,3,2017-10-01,,,,,,0.0
1198,2017,4,2018-01-01,,,,,,0.0
1198,2018,1,2018-04-01,,,,,,0.0
1198,2018,2,2018-07-01,,,,,,0.0
1198,2018,3,2018-10-01,,,,,,0.0
1198,2018,4,2019-01-01,,,,,,0.0
1198,2019,1,2019-04-01,,,,,,0.0
1198,2019,2,2019-07-01,,,,,,0.0
1198,2019,3,2019-10-01,,,,,,0.0
1198,2019,4,2020-01-01,,,,,,0.0
1198,2020,1,2020-04-01,,,,,,0.0
1198,2020,2,2020-07-01,,,,,,0.0
1198,2020,3,2020-10-01,,,,,,0.0
1198,2020,4,2021-01-01,,,,,,0.0
1198,2021,1,2021-04-01,,,,,,0.0
1198,2021,2,2021-07-01,,,,,,0.0
1198,2021,3,2021-10-01,,,,,,0.0
1198,2021,4,2022-01-01,,,,,,0.0
1198,2022,1,2022-04-01,,,,,,0.0
1198,2022,2,2022-07-01,,,,,,0.0
1198,2022,3,2022-10-01,,,,,,0.0
1198,2022,4,2023-01-01,,,,,,0.0
1198,2023,1,2023-04-01,,,,,,0.0
1198,2023,2,2023-07-01,,,,,,0.0
1198,2023,3,2023-10-01,,,,,,0.0
1198,2023,4,2024-01-01,,,,,,0.0
1198,2024,1,2024-04-01,,,,,,0.0
1198,2024,2,2024-07-01,,,,,,0.0
1198,2024,3,2024-10-01,,,,,,0.0
1198,2024,4,2025-01-01,,,,,,0.0
1198,2025,1,2025-04-01,,,,,,0.0
1198,2025,2,2025-07-01,,,,,,0.0
1198,2025,3,2025-10-01,,,,,,0.0
1198,2025,4,2026-01-01,,,,,,0.0
1198,2026,1,2026-04-01,,,,,,0.0
1198,2026,2,2026-07-01,,,,,,0.0
1267,2015,2,2015-07-01,,,,,,
1267,2015,3,2015-10-01,,,,,,
1267,2015,4,2016-01-01,,,,,,
1267,2016,1,2016-04-01,,,,,,
1267,2016,2,2016-07-01,,,,,,
1267,2016,3,2016-10-01,,,,,,
1267,2016,4,2017-01-01,,,,,,
1267,2017,1,2017-04-01,,,,,,
1267,2017,2,2017-07-01,,,,,,
1267,2017,3,2017-10-01,,,,,,0.0
1267,2017,4,2018-01-01,,,,,,0.0
1267,2018,1,2018-04-01,,,,,,0.0
1267,2018,2,2018-07-01,,,,,,0.0
1267,2018,3,2018-10-01,,,,,,0.0
1267,2018,4,2019-01-01,,,,,,0.0
1267,2019,1,2019-04-01,,,,,,0.0
1267,2019,2,2019-07-01,,,,,,0.0
1267,2019,3,2019-10-01,,,,,,0.0
1267,2019,4,2020-01-01,,,,,,0.0
1267,2020,1,2020-04-01,,,,,,0.0
1267,2020,2,2020-07-01,,,,,,0.0
1267,2020,3,2020-10-01,,,,,,0.0
1267,2020,4,2021-01-01,,,,,,0.0
1267,2021,1,2021-04-01,,,,,,0.0
1267,2021,2,2021-07-01,,,,,,0.0
1267,2021,3,2021-10-01,,,,,,0.0
1267,2021,4,2022-01-01,,,,,,0.0
1267,2022,1,2022-04-01,,,,,,0.0
1267,2022,2,2022-07-01,,,,,,0.0
1267,2022,3,2022-10-01,,,,,,0.0
1267,2022,4,2023-01-01,,,,,,0.0
1267,2023,1,2023-04-01,,,,,,0.0
1267,2023,2,2023-07-01,,,,,,0.0
1267,2023,3,2023-10-01,,,,,,0.0
1267,2023,4,2024-01-01,,,,,,0.0
1267,2024,1,2024-04-01,,,,,,0.0
1267,2024,2,2024-07-01,,,,,,0.0
1267,2024,3,2024-10-01,,,,,,0.0
1267,2024,4,2025-01-01,,,,,,0.0
1267,2025,1,2025-04-01,,,,,,0.0
1267,2025,2,2025-07-01,,,,,,0.0
1267,2025,3,2025-10-01,,,,,,0.0
1267,2025,4,2026-01-01,,,,,,0.0
1267,2026,1,2026-04-01,,,,,,0.0
1267,2026,2,2026-07-01,,,,,,0.0
1407,2015,2,2015-07-01,,,,,,
1407,2015,3,2015-10-01,,,,,,
1407,2015,4,2016-01-01,,,,,,
1407,2016,1,2016-04-01,,,,,,
1407,2016,2,2016-07-01,,,,,,
1407,2016,3,2016-10-01,,,,,,
1407,2016,4,2017-01-01,,,,,,
1407,2017,1,2017-04-01,,,,,,
1407,2017,2,2017-07-01,,,,,,
1407,2017,3,2017-10-01,,,,,,0.0
1407,2017,4,2018-01-01,,,,,,0.0
1407,2018,1,2018-04-01,,,,,,0.0
1407,2018,2,2018-07-01,,,,,,0.0
1407,2018,3,2018-10-01,,,,,,0.0
1407,2018,4,2019-01-01,,,,,,0.0
1407,2019,1,2019-04-01,,,,,,0.0
1407,2019,2,2019-07-01,,,,,,0.0
1407,2019,3,2019-10-01,,,,,,0.0
1407,2019,4,2020-01-01,,,,,,0.0
1407,2020,1,2020-04-01,,,,,,0.0
1407,2020,2,2020-07-01,,,,,,0.0
1407,2020,3,2020-10-01,,,,,,0.0
1407,2020,4,2021-01-01,,,,,,0.0
1407,2021,1,2021-04-01,,,,,,0.0
1407,2021,2,2021-07-01,,,,,,0.0
1407,2021,3,2021-10-01,,,,,,0.0
1407,2021,4,2022-01-01,,,,,,0.0
1407,2022,1,2022-04-01,,,,,,0.0
1407,2022,2,2022-07-01,,,,,,0.0
1407,2022,3,2022-10-01,,,,,,0.0
1407,2022,4,2023-01-01,,,,,,0.0
1407,2023,1,2023-04-01,,,,,,0.0
1407,2023,2,2023-07-01,,,,,,0.0
1407,2023,3,2023-10-01,,,,,,0.0
1407,2023,4,2024-01-01,,,,,,0.0
1407,2024,1,2024-04-01,,,,,,0.0
1407,2024,2,2024-07-01,,,,,,0.0
1407,2024,3,2024-10-01,,,,,,0.0
1407,2024,4,2025-01-01,,,,,,0.0
1407,2025,1,2025-04-01,,,,,,0.0
1407,2025,2,2025-07-01,,,,,,0.0
1407,2025,3,2025-10-01,,,,,,0.0
1407,2025,4,2026-01-01,,,,,,0.0
1407,2026,1,2026-04-01,,,,,,0.0
1407,2026,2,2026-07-01,,,,,,0.0
1411,2015,2,2015-07-01,,,,,,
1411,2015,3,2015-10-01,,,,,,
1411,2015,4,2016-01-01,,,,,,
1411,2016,1,2016-04-01,,,,,,
1411,2016,2,2016-07-01,,,,,,
1411,2016,3,2016-10-01,,,,,,
1411,2016,4,2017-01-01,,,,,,
1411,2017,1,2017-04-01,,,,,,
1411,2017,2,2017-07-01,,,,,,
1411,2017,3,2017-10-01,,,,,,0.0
1411,2017,4,2018-01-01,,,,,,0.0
1411,2018,1,2018-04-01,,,,,,0.0
1411,2018,2,2018-07-01,,,,,,0.0
1411,2018,3,2018-10-01,,,,,,0.0
1411,2018,4,2019-01-01,,,,,,0.0
1411,2019,1,2019-04-01,,,,,,0.0
1411,2019,2,2019-07-01,,,,,,0.0
1411,2019,3,2019-10-01,,,,,,0.0
1411,2019,4,2020-01-01,,,,,,0.0
1411,2020,1,2020-04-01,,,,,,0.0
1411,2020,2,2020-07-01,,,,,,0.0
1411,2020,3,2020-10-01,,,,,,0.0
1411,2020,4,2021-01-01,,,,,,0.0
1411,2021,1,2021-04-01,,,,,,0.0
1411,2021,2,2021-07-01,,,,,,0.0
1411,2021,3,2021-10-01,,,,,,0.0
1411,2021,4,2022-01-01,,,,,,0.0
1411,2022,1,2022-04-01,,,,,,0.0
1411,2022,2,2022-07-01,,,,,,0.0
1411,2022,3,2022-10-01,,,,,,0.0
1411,2022,4,2023-01-01,,,,,,0.0
1411,2023,1,2023-04-01,,,,,,0.0
1411,2023,2,2023-07-01,,,,,,0.0
1411,2023,3,2023-10-01,,,,,,0.0
1411,2023,4,2024-01-01,,,,,,0.0
1411,2024,1,2024-04-01,,,,,,0.0
1411,2024,2,2024-07-01,,,,,,0.0
1411,2024,3,2024-10-01,,,,,,0.0
1411,2024,4,2025-01-01,,,,,,0.0
1411,2025,1,2025-04-01,,,,,,0.0
1411,2025,2,2025-07-01,,,,,,0.0
1411,2025,3,2025-10-01,,,,,,0.0
1411,2025,4,2026-01-01,,,,,,0.0
1411,2026,1,2026-04-01,,,,,,0.0
1411,2026,2,2026-07-01,,,,,,0.0
1412,2015,2,2015-07-01,,,,,,
1412,2015,3,2015-10-01,,,,,,
1412,2015,4,2016-01-01,,,,,,
1412,2016,1,2016-04-01,,,,,,
1412,2016,2,2016-07-01,,,,,,
1412,2016,3,2016-10-01,,,,,,
1412,2016,4,2017-01-01,,,,,,
1412,2017,1,2017-04-01,,,,,,
1412,2017,2,2017-07-01,,,,,,
1412,2017,3,2017-10-01,,,,,,0.0
1412,2017,4,2018-01-01,,,,,,0.0
1412,2018,1,2018-04-01,,,,,,0.0
1412,2018,2,2018-07-01,,,,,,0.0
1412,2018,3,2018-10-01,,,,,,0.0
1412,2018,4,2019-01-01,,,,,,0.0
1412,2019,1,2019-04-01,,,,,,0.0
1412,2019,2,2019-07-01,,,,,,0.0
1412,2019,3,2019-10-01,,,,,,0.0
1412,2019,4,2020-01-01,,,,,,0.0
1412,2020,1,2020-04-01,,,,,,0.0
1412,2020,2,2020-07-01,,,,,,0.0
1412,2020,3,2020-10-01,,,,,,0.0
1412,2020,4,2021-01-01,,,,,,0.0
1412,2021,1,2021-04-01,,,,,,0.0
1412,2021,2,2021-07-01,,,,,,0.0
1412,2021,3,2021-10-01,,,,,,0.0
1412,2021,4,2022-01-01,,,,,,0.0
1412,2022,1,2022-04-01,,,,,,0.0
1412,2022,2,2022-07-01,,,,,,0.0
1412,2022,3,2022-10-01,,,,,,0.0
1412,2022,4,2023-01-01,,,,,,0.0
1412,2023,1,2023-04-01,,,,,,0.0
1412,2023,2,2023-07-01,,,,,,0.0
1412,2023,3,2023-10-01,,,,,,0.0
1412,2023,4,2024-01-01,,,,,,0.0
1412,2024,1,2024-04-01,,,,,,0.0
1412,2024,2,2024-07-01,,,,,,0.0
1412,2024,3,2024-10-01,,,,,,0.0
1412,2024,4,2025-01-01,,,,,,0.0
1412,2025,1,2025-04-01,,,,,,0.0
1412,2025,2,2025-07-01,,,,,,0.0
1412,2025,3,2025-10-01,,,,,,0.0
1412,2025,4,2026-01-01,,,,,,0.0
1412,2026,1,2026-04-01,,,,,,0.0
1412,2026,2,2026-07-01,,,,,,0.0
1437,2015,2,2015-07-01,,,,,,
1437,2015,3,2015-10-01,,,,,,
1437,2015,4,2016-01-01,,,,,,
1437,2016,1,2016-04-01,,,,,,
1437,2016,2,2016-07-01,,,,,,
1437,2016,3,2016-10-01,,,,,,
1437,2016,4,2017-01-01,,,,,,
1437,2017,1,2017-04-01,,,,,,
1437,2017,2,2017-07-01,,,,,,
1437,2017,3,2017-10-01,,,,,,0.0
1437,2017,4,2018-01-01,,,,,,0.0
1437,2018,1,2018-04-01,,,,,,0.0
1437,2018,2,2018-07-01,,,,,,0.0
1437,2018,3,2018-10-01,,,,,,0.0
1437,2018,4,2019-01-01,,,,,,0.0
1437,2019,1,2019-04-01,,,,,,0.0
1437,2019,2,2019-07-01,,,,,,0.0
1437,2019,3,2019-10-01,,,,,,0.0
1437,2019,4,2020-01-01,,,,,,0.0
1437,2020,1,2020-04-01,,,,,,0.0
1437,2020,2,2020-07-01,,,,,,0.0
1437,2020,3,2020-10-01,,,,,,0.0
1437,2020,4,2021-01-01,,,,,,0.0
1437,2021,1,2021-04-01,,,,,,0.0
1437,2021,2,2021-07-01,,,,,,0.0
1437,2021,3,2021-10-01,,,,,,0.0
1437,2021,4,2022-01-01,,,,,,0.0
1437,2022,1,2022-04-01,,,,,,0.0
1437,2022,2,2022-07-01,,,,,,0.0
1437,2022,3,2022-10-01,,,,,,0.0
1437,2022,4,2023-01-01,,,,,,0.0
1437,2023,1,2023-04-01,,,,,,0.0
1437,2023,2,2023-07-01,,,,,,0.0
1437,2023,3,2023-10-01,,,,,,0.0
1437,2023,4,2024-01-01,,,,,,0.0
1437,2024,1,2024-04-01,,,,,,0.0
1437,2024,2,2024-07-01,,,,,,0.0
1437,2024,3,2024-10-01,,,,,,0.0
1437,2024,4,2025-01-01,,,,,,0.0
1437,2025,1,2025-04-01,,,,,,0.0
1437,2025,2,2025-07-01,,,,,,0.0
1437,2025,3,2025-10-01,,,,,,0.0
1437,2025,4,2026-01-01,,,,,,0.0
1437,2026,1,2026-04-01,,,,,,0.0
1437,2026,2,2026-07-01,,,,,,0.0
1438,2015,2,2015-07-01,,,,,,
1438,2015,3,2015-10-01,,,,,,
1438,2015,4,2016-01-01,,,,,,
1438,2016,1,2016-04-01,,,,,,
1438,2016,2,2016-07-01,,,,,,
1438,2016,3,2016-10-01,,,,,,
1438,2016,4,2017-01-01,,,,,,
1438,2017,1,2017-04-01,,,,,,
1438,2017,2,2017-07-01,,,,,,
1438,2017,3,2017-10-01,,,,,,0.0
1438,2017,4,2018-01-01,,,,,,0.0
1438,2018,1,2018-04-01,,,,,,0.0
1438,2018,2,2018-07-01,,,,,,0.0
1438,2018,3,2018-10-01,,,,,,0.0
1438,2018,4,2019-01-01,,,,,,0.0
1438,2019,1,2019-04-01,,,,,,0.0
1438,2019,2,2019-07-01,,,,,,0.0
1438,2019,3,2019-10-01,,,,,,0.0
1438,2019,4,2020-01-01,,,,,,0.0
1438,2020,1,2020-04-01,,,,,,0.0
1438,2020,2,2020-07-01,,,,,,0.0
1438,2020,3,2020-10-01,,,,,,0.0
1438,2020,4,2021-01-01,,,,,,0.0
1438,2021,1,2021-04-01,,,,,,0.0
1438,2021,2,2021-07-01,,,,,,0.0
1438,2021,3,2021-10-01,,,,,,0.0
1438,2021,4,2022-01-01,,,,,,0.0
1438,2022,1,2022-04-01,,,,,,0.0
1438,2022,2,2022-07-01,,,,,,0.0
1438,2022,3,2022-10-01,,,,,,0.0
1438,2022,4,2023-01-01,,,,,,0.0
1438,2023,1,2023-04-01,,,,,,0.0
1438,2023,2,2023-07-01,,,,,,0.0
1438,2023,3,2023-10-01,,,,,,0.0
1438,2023,4,2024-01-01,,,,,,0.0
1438,2024,1,2024-04-01,,,,,,0.0
1438,2024,2,2024-07-01,,,,,,0.0
1438,2024,3,2024-10-01,,,,,,0.0
1438,2024,4,2025-01-01,,,,,,0.0
1438,2025,1,2025-04-01,,,,,,0.0
1438,2025,2,2025-07-01,,,,,,0.0
1438,2025,3,2025-10-01,,,,,,0.0
1438,2025,4,2026-01-01,,,,,,0.0
1438,2026,1,2026-04-01,,,,,,0.0
1438,2026,2,2026-07-01,,,,,,0.0
1475,2020,1,2020-04-01,,,,,,
1475,2020,2,2020-07-01,,,,,,
1475,2020,3,2020-10-01,,,,,,
1475,2020,4,2021-01-01,1.0,0.5989724555738541,1934.99,246.71,1090.85,
1475,2021,1,2021-04-01,,,,,,
1475,2021,2,2021-07-01,0.6977483355080465,-2.0250342948726123,855.9300000000003,1438.1199999999997,1643.895,
1475,2021,3,2021-10-01,,,,,,
1475,2021,4,2022-01-01,0.9940411073501588,0.547240153074705,196.55,1348.17,776.9900000000001,
1475,2022,1,2022-04-01,,,,,,
1475,2022,2,2022-07-01,1.0,0.5989724555738541,327.20000000000005,201.18,264.19,0.048930808880122856
1475,2022,3,2022-10-01,,,,,,0.07673320107145909
1475,2022,4,2023-01-01,0.7710656591974987,-1.3885277842826171,1032.27,151.47000000000003,767.6,1.9999999999999998
1475,2023,1,2023-04-01,,,,,,0.0
1475,2023,2,2023-07-01,0.9933394533527212,0.5411487231768788,279.4,1203.0300000000002,746.185,0.0
1475,2023,3,2023-10-01,,,,,,0.0
1475,2023,4,2024-01-01,0.928495074870798,-0.02179966339719073,807.1099999999998,243.90000000000003,565.975,0.8995358263749984
1475,2024,1,2024-04-01,,,,,,0.03998643016871695
1475,2024,2,2024-07-01,0.9949238578680204,0.5549037777621731,2347.51,839.4499999999996,1601.61,0.011210197739306815
1475,2024,3,2024-10-01,,,,,,0.06010552972759092
1475,2024,4,2025-01-01,0.9994415410133948,0.5941241773909606,43.15,2354.97,1199.73,0.32901394349169766
1475,2025,1,2025-04-01,,,,,,0.06926444931774225
1475,2025,2,2025-07-01,,,,,,0.332547922276868
1475,2025,3,2025-10-01,,,,,,0.019744447847097057
1475,2025,4,2026-01-01,,,,,,0.009487428314865876
1475,2026,1,2026-04-01,,,,,,0.13026917474270136
1475,2026,2,2026-07-01,,,,,,2.0
1480,2015,2,2015-07-01,,,,,,
1480,2015,3,2015-10-01,,,,,,
1480,2015,4,2016-01-01,,,,,,
1480,2016,1,2016-04-01,,,,,,
1480,2016,2,2016-07-01,,,,,,
1480,2016,3,2016-10-01,,,,,,
1480,2016,4,2017-01-01,,,,,,
1480,2017,1,2017-04-01,,,,,,
1480,2017,2,2017-07-01,,,,,,
1480,2017,3,2017-10-01,,,,,,0.0
1480,2017,4,2018-01-01,,,,,,0.0
1480,2018,1,2018-04-01,,,,,,0.0
1480,2018,2,2018-07-01,,,,,,0.0
1480,2018,3,2018-10-01,,,,,,0.0
1480,2018,4,2019-01-01,,,,,,0.0
1480,2019,1,2019-04-01,,,,,,0.0
1480,2019,2,2019-07-01,,,,,,0.0
1480,2019,3,2019-10-01,,,,,,0.0
1480,2019,4,2020-01-01,,,,,,0.0
1480,2020,1,2020-04-01,,,,,,0.0
1480,2020,2,2020-07-01,,,,,,0.0
1480,2020,3,2020-10-01,,,,,,0.0
1480,2020,4,2021-01-01,,,,,,0.0
1480,2021,1,2021-04-01,,,,,,0.0
1480,2021,2,2021-07-01,,,,,,0.0
1480,2021,3,2021-10-01,,,,,,0.0
1480,2021,4,2022-01-01,,,,,,0.0
1480,2022,1,2022-04-01,,,,,,0.0
1480,2022,2,2022-07-01,,,,,,0.0
1480,2022,3,2022-10-01,,,,,,0.0
1480,2022,4,2023-01-01,,,,,,0.0
1480,2023,1,2023-04-01,,,,,,0.0
1480,2023,2,2023-07-01,,,,,,0.0
1480,2023,3,2023-10-01,,,,,,0.0
1480,2023,4,2024-01-01,,,,,,0.0
1480,2024,1,2024-04-01,,,,,,0.0
1480,2024,2,2024-07-01,,,,,,0.0
1480,2024,3,2024-10-01,,,,,,0.0
1480,2024,4,2025-01-01,,,,,,0.0
1480,2025,1,2025-04-01,,,,,,0.0
1480,2025,2,2025-07-01,,,,,,0.0
1480,2025,3,2025-10-01,,,,,,0.0
1480,2025,4,2026-01-01,,,,,,0.0
1480,2026,1,2026-04-01,,,,,,0.0
1480,2026,2,2026-07-01,,,,,,0.0
1513,2020,1,2020-04-01,,,,,,
1513,2020,2,2020-07-01,,,,,,
1513,2020,3,2020-10-01,,,,,,
1513,2020,4,2021-01-01,0.9700577924999548,0.028484090426492508,5093.34,11572.67,8590.215,
1513,2021,1,2021-04-01,,,,,,
1513,2021,2,2021-07-01,0.9472492188931984,-1.1621271639138302,3892.0099999999993,5100.169999999999,4746.47,
1513,2021,3,2021-10-01,,,,,,
1513,2021,4,2022-01-01,0.99947819050442,1.564233654393594,13598.920000000002,4137.760000000001,8872.97,
1513,2022,1,2022-04-01,,,,,,
1513,2022,2,2022-07-01,0.966875136501029,-0.1376510706908335,13098.56,13153.85,13575.905,0.7170567882641222
1513,2022,3,2022-10-01,,,,,,0.39559090575491745
1513,2022,4,2023-01-01,0.9751144393911332,0.2924418811091385,25159.460000000006,13060.56,19597.71,0.23016056007441738
1513,2023,1,2023-04-01,,,,,,0.16816164456287036
1513,2023,2,2023-07-01,0.948246927979812,-1.1100465872166552,18984.81,24461.56,22908.785,0.38665878215865124
1513,2023,3,2023-10-01,,,,,,0.05333538240195808
1513,2023,4,2024-01-01,0.9612743368476868,-0.43001372411863037,19185.07,19393.33,20066.28,0.02556314243931672
1513,2024,1,2024-04-01,,,,,,0.35857672288952935
1513,2024,2,2024-07-01,0.9988602955633508,1.5319794379081293,10028.53,19945.050000000003,15003.89,0.3877628854385581
1513,2024,3,2024-10-01,,,,,,0.0947025907460381
1513,2024,4,2025-01-01,0.958452759557064,-0.5773005178974167,27371.08,9251.86,19105.24,0.07132765828854731
1513,2025,1,2025-04-01,,,,,,5.518640412188747e-05
1513,2025,2,2025-07-01,,,,,,0.6600928012474838
1513,2025,3,2025-10-01,,,,,,0.1627304918246115
1513,2025,4,2026-01-01,,,,,,1.1771767069279047
1513,2026,1,2026-04-01,,,,,,0.0
1513,2026,2,2026-07-01,,,,,,0.09771592006086322
1664,2020,1,2020-04-01,,,,,,
1664,2020,2,2020-07-01,,,,,,
1664,2020,3,2020-10-01,,,,,,
1664,2020,4,2021-01-01,0.930552467494804,0.38604131166937494,11383.86,1130.07,6723.925,
1664,2021,1,2021-04-01,,,,,,
1664,2021,2,2021-07-01,0.9605232977360524,0.7701471812477367,11953.55,11371.499999999998,12141.845,
1664,2021,3,2021-10-01,,,,,,
1664,2021,4,2022-01-01,0.8930428795535638,-0.09468120344691001,3266.57,11545.850000000002,8293.23,
1664,2022,1,2022-04-01,,,,,,
1664,2022,2,2022-07-01,0.8236520773597743,-0.9839930510947921,1233.46,3632.66,2953.99,0.7044270438471864
1664,2022,3,2022-10-01,,,,,,0.1102929959437133
1664,2022,4,2023-01-01,0.8146320698128906,-1.0995933802985798,1059.07,1466.99,1550.43,0.9878297160334378
1664,2023,1,2023-04-01,,,,,,0.24641184402175562
1664,2023,2,2023-07-01,0.7964528612334715,-1.3325779410677363,902.68,1091.63,1251.995,0.3036460618494441
1664,2023,3,2023-10-01,,,,,,0.31137251466318194
1664,2023,4,2024-01-01,0.8850199222906923,-0.19750334588472765,365.84,1064.6,808.14,0.5117864092717476
1664,2024,1,2024-04-01,,,,,,0.4513785306576893
1664,2024,2,2024-07-01,1.0,1.2760802144378143,792.58,458.76,625.6700000000001,0.8238101703593662
1664,2024,3,2024-10-01,,,,,,1.547407854487932
1664,2024,4,2025-01-01,1.0,1.2760802144378143,2279.36,792.58,1535.97,0.2213022647388864
1664,2025,1,2025-04-01,,,,,,1.7687101192268182
1664,2025,2,2025-07-01,,,,,,0.8245482797747945
1664,2025,3,2025-10-01,,,,,,0.29982829096300667
1664,2025,4,2026-01-01,,,,,,1.7909505737376352
1664,2026,1,2026-04-01,,,,,,1.7909505737376352
1664,2026,2,2026-07-01,,,,,,1.244018403948206
1665,2020,1,2020-04-01,,,,,,
1665,2020,2,2020-07-01,,,,,,
1665,2020,3,2020-10-01,,,,,,
1665,2020,4,2021-01-01,0.930552467494804,0.38604131166937494,11383.86,1130.07,6723.925,
1665,2021,1,2021-04-01,,,,,,
1665,2021,2,2021-07-01,0.9605232977360524,0.7701471812477367,11953.55,11371.499999999998,12141.845,
1665,2021,3,2021-10-01,,,,,,
1665,2021,4,2022-01-01,0.8930428795535638,-0.09468120344691001,3266.57,11545.850000000002,8293.23,
1665,2022,1,2022-04-01,,,,,,
1665,2022,2,2022-07-01,0.8236520773597743,-0.9839930510947921,1233.46,3632.66,2953.99,0.704319355003411
1665,2022,3,2022-10-01,,,,,,0.10963672170979494
1665,2022,4,2023-01-01,0.8146320698128906,-1.0995933802985798,1059.07,1466.99,1550.43,0.9354913214052114
1665,2023,1,2023-04-01,,,,,,0.23860103652832493
1665,2023,2,2023-07-01,0.7964528612334715,-1.3325779410677363,902.68,1091.63,1251.995,0.28761180431681166
1665,2023,3,2023-10-01,,,,,,0.2958896800189446
1665,2023,4,2024-01-01,0.8850199222906923,-0.19750334588472765,365.84,1064.6,808.14,0.4911386738222947
1665,2024,1,2024-04-01,,,,,,0.4062440935237062
1665,2024,2,2024-07-01,1.0,1.2760802144378143,792.58,458.76,625.6700000000001,0.7552374200966325
1665,2024,3,2024-10-01,,,,,,1.532702530520718
1665,2024,4,2025-01-01,1.0,1.2760802144378143,2279.36,792.58,1535.97,0.22981866856454003
1665,2025,1,2025-04-01,,,,,,1.762521199085258
1665,2025,2,2025-07-01,,,,,,0.8262013785926985
1665,2025,3,2025-10-01,,,,,,0.29869945087911587
1665,2025,4,2026-01-01,,,,,,1.7613683282032402
1665,2026,1,2026-04-01,,,,,,1.7613683282032402
1665,2026,2,2026-07-01,,,,,,1.2469537985799248
1702,2020,1,2020-04-01,,,,,,
1702,2020,2,2020-07-01,,,,,,
1702,2020,3,2020-10-01,,,,,,
1702,2020,4,2021-01-01,0.9988200261597974,0.4884517769684763,3297.22,11059.02,7186.6,
1702,2021,1,2021-04-01,,,,,,
1702,2021,2,2021-07-01,0.9589051782422524,-0.07570708457980815,3474.1100000000006,3163.47,3461.02,
1702,2021,3,2021-10-01,,,,,,
1702,2021,4,2022-01-01,0.7856786380030809,-2.524101424780265,3003.01,2821.8700000000003,3706.91,
1702,2022,1,2022-04-01,,,,,,
1702,2022,2,2022-07-01,1.0000000000000002,0.5051295982073488,15245.070000000002,3797.480000000001,9521.275,0.3526655146178893
1702,2022,3,2022-10-01,,,,,,0.15131492502056265
1702,2022,4,2023-01-01,0.9996454739879832,0.5001187062269523,7316.269999999999,15241.070000000002,11282.67,0.6726674859362929
1702,2023,1,2023-04-01,,,,,,0.6394055385178042
1702,2023,2,2023-07-01,1.0,0.5051295982073457,6940.85,7320.269999999999,7130.56,0.036215372779645094
1702,2023,3,2023-10-01,,,,,,0.14820710406702348
1702,2023,4,2024-01-01,0.997852910022616,0.47478249930858607,37.85,6933.35,3493.1000000000004,0.05275766151934688
1702,2024,1,2024-04-01,,,,,,0.15261477833059794
1702,2024,2,2024-07-01,1.0000000000000002,0.5051295982073488,29880.660000000003,45.35,14963.005,0.30825205161281244
1702,2024,3,2024-10-01,,,,,,0.04149298905662327
1702,2024,4,2025-01-01,0.9374515987428929,-0.3789332677659956,23833.19,28146.570000000003,27723.97,0.012449107686719835
1702,2025,1,2025-04-01,,,,,,0.08101178211836862
1702,2025,2,2025-07-01,,,,,,0.5210935392606548
1702,2025,3,2025-10-01,,,,,,0.1808361397129329
1702,2025,4,2026-01-01,,,,,,0.46034833130976516
1702,2026,1,2026-04-01,,,,,,0.006621811629796637
1702,2026,2,2026-07-01,,,,,,0.7084702073234858
1715,2016,4,2017-01-01,,,,,,
1715,2017,1,2017-04-01,,,,,,
1715,2017,2,2017-07-01,,,,,,
1715,2017,3,2017-10-01,,,,,,
1715,2017,4,2018-01-01,,,,,,
1715,2018,1,2018-04-01,,,,,,
1715,2018,2,2018-07-01,,,,,,
1715,2018,3,2018-10-01,,,,,,
1715,2018,4,2019-01-01,,,,,,
1715,2019,1,2019-04-01,,,,,,0.0
1715,2019,2,2019-07-01,,,,,,0.0
1715,2019,3,2019-10-01,,,,,,0.0
1715,2019,4,2020-01-01,,,,,,0.0
1715,2020,1,2020-04-01,,,,,,0.0
1715,2020,2,2020-07-01,,,,,,0.0
1715,2020,3,2020-10-01,,,,,,0.0
1715,2020,4,2021-01-01,,,,,,0.0
1715,2021,1,2021-04-01,,,,,,0.0
1715,2021,2,2021-07-01,,,,,,0.0
1715,2021,3,2021-10-01,,,,,,0.0
1715,2021,4,2022-01-01,,,,,,0.0
1715,2022,1,2022-04-01,,,,,,0.0
1715,2022,2,2022-07-01,,,,,,0.0
1715,2022,3,2022-10-01,,,,,,0.0
1715,2022,4,2023-01-01,,,,,,0.0
1715,2023,1,2023-04-01,,,,,,0.0
1715,2023,2,2023-07-01,,,,,,0.0
1715,2023,3,2023-10-01,,,,,,0.0
1715,2023,4,2024-01-01,,,,,,0.0
1715,2024,1,2024-04-01,,,,,,0.0
1715,2024,2,2024-07-01,,,,,,0.0
1715,2024,3,2024-10-01,,,,,,0.0
1715,2024,4,2025-01-01,,,,,,0.0
1715,2025,1,2025-04-01,,,,,,0.0
1715,2025,2,2025-07-01,,,,,,0.0
1715,2025,3,2025-10-01,,,,,,0.0
1715,2025,4,2026-01-01,,,,,,0.0
1715,2026,1,2026-04-01,,,,,,0.0
1715,2026,2,2026-07-01,,,,,,0.0
1723,2020,1,2020-04-01,,,,,,
1723,2020,2,2020-07-01,,,,,,
1723,2020,3,2020-10-01,,,,,,
1723,2020,4,2021-01-01,0.770616570327553,0.6849326627201314,6439.670000000001,2839.17,6020.4,
1723,2021,1,2021-04-01,,,,,,
1723,2021,2,2021-07-01,0.6566666987061102,-0.55089189998718,4244.340000000001,5320.26,7282.69,
1723,2021,3,2021-10-01,,,,,,
1723,2021,4,2022-01-01,0.6927057849926901,-0.1600359260687099,3048.63,4016.02,5099.3150000000005,
1723,2022,1,2022-04-01,,,,,,
1723,2022,2,2022-07-01,0.8841171916926688,1.9158849557735018,5302.42,4005.6100000000006,5264.025,0.5317236103573375
1723,2022,3,2022-10-01,,,,,,0.4576131259564893
1723,2022,4,2023-01-01,0.7079565430203609,0.005363657996768725,4590.7,4116.5,6149.530000000001,0.3977463483424085
1723,2023,1,2023-04-01,,,,,,0.2534211926308555
1723,2023,2,2023-07-01,0.7133950956862097,0.06434658508914572,11210.88,3443.04,10270.55,0.5658882167179989
1723,2023,3,2023-10-01,,,,,,0.6343894150384977
1723,2023,4,2024-01-01,0.7004717185193646,-0.0758117732192862,5499.14,10692.6,11557.74,0.6357802065890277
1723,2024,1,2024-04-01,,,,,,0.6357802065890277
1723,2024,2,2024-07-01,0.7067884035015709,-0.007305206736889765,7547.44,6125.0,9672.23,0.6216576007602612
1723,2024,3,2024-10-01,,,,,,0.6216576007602611
1723,2024,4,2025-01-01,0.5344398498805869,-1.876483055567477,3671.06,6119.21,9159.375,0.2240965117229417
1723,2025,1,2025-04-01,,,,,,0.10386617390927427
1723,2025,2,2025-07-01,,,,,,0.8907475564455006
1723,2025,3,2025-10-01,,,,,,0.0719898801222141
1723,2025,4,2026-01-01,,,,,,0.5170373378283881
1723,2026,1,2026-04-01,,,,,,0.34107659612992175
1723,2026,2,2026-07-01,,,,,,0.048209145541680126
1753,2015,3,2015-10-01,,,,,,
1753,2015,4,2016-01-01,,,,,,
1753,2016,1,2016-04-01,,,,,,
1753,2016,2,2016-07-01,,,,,,
1753,2016,3,2016-10-01,,,,,,
1753,2016,4,2017-01-01,,,,,,
1753,2017,1,2017-04-01,,,,,,
1753,2017,2,2017-07-01,,,,,,
1753,2017,3,2017-10-01,,,,,,
1753,2017,4,2018-01-01,,,,,,0.0
1753,2018,1,2018-04-01,,,,,,0.0
1753,2018,2,2018-07-01,,,,,,0.0
1753,2018,3,2018-10-01,,,,,,0.0
1753,2018,4,2019-01-01,,,,,,0.0
1753,2019,1,2019-04-01,,,,,,0.0
1753,2019,2,2019-07-01,,,,,,0.0
1753,2019,3,2019-10-01,,,,,,0.0
1753,2019,4,2020-01-01,,,,,,0.0
1753,2020,1,2020-04-01,,,,,,0.0
1753,2020,2,2020-07-01,,,,,,0.0
1753,2020,3,2020-10-01,,,,,,0.0
1753,2020,4,2021-01-01,,,,,,0.0
1753,2021,1,2021-04-01,,,,,,0.0
1753,2021,2,2021-07-01,,,,,,0.0
1753,2021,3,2021-10-01,,,,,,0.0
1753,2021,4,2022-01-01,,,,,,0.0
1753,2022,1,2022-04-01,,,,,,0.0
1753,2022,2,2022-07-01,,,,,,0.0
1753,2022,3,2022-10-01,,,,,,0.0
1753,2022,4,2023-01-01,,,,,,0.0
1753,2023,1,2023-04-01,,,,,,0.0
1753,2023,2,2023-07-01,,,,,,0.0
1753,2023,3,2023-10-01,,,,,,0.0
1753,2023,4,2024-01-01,,,,,,0.0
1753,2024,1,2024-04-01,,,,,,0.0
1753,2024,2,2024-07-01,,,,,,0.0
1753,2024,3,2024-10-01,,,,,,0.0
1753,2024,4,2025-01-01,,,,,,0.0
1753,2025,1,2025-04-01,,,,,,0.0
1753,2025,2,2025-07-01,,,,,,0.0
1753,2025,3,2025-10-01,,,,,,0.0
1753,2025,4,2026-01-01,,,,,,0.0
1753,2026,1,2026-04-01,,,,,,0.0
1753,2026,2,2026-07-01,,,,,,0.0
1759,2016,4,2017-01-01,,,,,,
1759,2017,1,2017-04-01,,,,,,
1759,2017,2,2017-07-01,,,,,,
1759,2017,3,2017-10-01,,,,,,
1759,2017,4,2018-01-01,,,,,,
1759,2018,1,2018-04-01,,,,,,
1759,2018,2,2018-07-01,,,,,,
1759,2018,3,2018-10-01,,,,,,
1759,2018,4,2019-01-01,,,,,,
1759,2019,1,2019-04-01,,,,,,0.0
1759,2019,2,2019-07-01,,,,,,0.0
1759,2019,3,2019-10-01,,,,,,0.0
1759,2019,4,2020-01-01,,,,,,0.0
1759,2020,1,2020-04-01,,,,,,0.0
1759,2020,2,2020-07-01,,,,,,0.0
1759,2020,3,2020-10-01,,,,,,0.0
1759,2020,4,2021-01-01,,,,,,0.0
1759,2021,1,2021-04-01,,,,,,0.0
1759,2021,2,2021-07-01,,,,,,0.0
1759,2021,3,2021-10-01,,,,,,0.0
1759,2021,4,2022-01-01,,,,,,0.0
1759,2022,1,2022-04-01,,,,,,0.0
1759,2022,2,2022-07-01,,,,,,0.0
1759,2022,3,2022-10-01,,,,,,0.0
1759,2022,4,2023-01-01,,,,,,0.0
1759,2023,1,2023-04-01,,,,,,0.0
1759,2023,2,2023-07-01,,,,,,0.0
1759,2023,3,2023-10-01,,,,,,0.0
1759,2023,4,2024-01-01,,,,,,0.0
1759,2024,1,2024-04-01,,,,,,0.0
1759,2024,2,2024-07-01,,,,,,0.0
1759,2024,3,2024-10-01,,,,,,0.0
1759,2024,4,2025-01-01,,,,,,0.0
1759,2025,1,2025-04-01,,,,,,0.0
1759,2025,2,2025-07-01,,,,,,0.0
1759,2025,3,2025-10-01,,,,,,0.0
1759,2025,4,2026-01-01,,,,,,0.0
1759,2026,1,2026-04-01,,,,,,0.0
1759,2026,2,2026-07-01,,,,,,0.0
1811,2020,1,2020-04-01,,,,,,
1811,2020,2,2020-07-01,,,,,,
1811,2020,3,2020-10-01,,,,,,
1811,2020,4,2021-01-01,0.8990565445683325,0.6506936058710657,1444.9199999999998,2852.8399999999992,2390.15,
1811,2021,1,2021-04-01,,,,,,
1811,2021,2,2021-07-01,0.990899919902668,1.0792457483607762,4540.239999999999,1657.7299999999998,3127.445,
1811,2021,3,2021-10-01,,,,,,
1811,2021,4,2022-01-01,0.925827528150631,0.7756102079557213,6029.099999999999,4160.53,5502.985,
1811,2022,1,2022-04-01,,,,,,
1811,2022,2,2022-07-01,0.9104802425943128,0.7039979432428991,1964.0,6043.61,4397.465,0.8234549865508946
1811,2022,3,2022-10-01,,,,,,0.16382060210455915
1811,2022,4,2023-01-01,0.2922860279100684,-2.1805699879036156,597.32,739.3799999999999,2286.63,0.3482686986881922
1811,2023,1,2023-04-01,,,,,,0.003019859342289044
1811,2023,2,2023-07-01,0.6055556899067335,-0.7188163846961755,1767.8800000000003,1236.96,2481.06,0.02939287246109945
1811,2023,3,2023-10-01,,,,,,0.06038076493289163
1811,2023,4,2024-01-01,0.7557745437365843,-0.017877297725750165,4091.66,1795.34,3894.68,1.0488274056408116
1811,2024,1,2024-04-01,,,,,,0.4226262719020469
1811,2024,2,2024-07-01,0.7275258864791545,-0.14968890140494567,121.59,4228.28,2989.495,0.19555487487518958
1811,2024,3,2024-10-01,,,,,,0.08350409391956412
1811,2024,4,2025-01-01,0.7290462007511869,-0.14259493369997633,4712.349999999999,50.99,3266.83,0.05022058157602316
1811,2025,1,2025-04-01,,,,,,0.21128136190372418
1811,2025,2,2025-07-01,,,,,,0.6978933397293641
1811,2025,3,2025-10-01,,,,,,1.5500638599736902
1811,2025,4,2026-01-01,,,,,,0.44993614002630994
1811,2026,1,2026-04-01,,,,,,1.1848195834252566
1811,2026,2,2026-07-01,,,,,,1.1848195834252566
1856,2017,2,2017-07-01,,,,,,
1856,2017,3,2017-10-01,,,,,,
1856,2017,4,2018-01-01,,,,,,
1856,2018,1,2018-04-01,,,,,,
1856,2018,2,2018-07-01,,,,,,
1856,2018,3,2018-10-01,,,,,,
1856,2018,4,2019-01-01,,,,,,
1856,2019,1,2019-04-01,,,,,,
1856,2019,2,2019-07-01,,,,,,
1856,2019,3,2019-10-01,,,,,,0.0
1856,2019,4,2020-01-01,,,,,,0.0
1856,2020,1,2020-04-01,,,,,,0.0
1856,2020,2,2020-07-01,,,,,,0.0
1856,2020,3,2020-10-01,,,,,,0.0
1856,2020,4,2021-01-01,,,,,,0.0
1856,2021,1,2021-04-01,,,,,,0.0
1856,2021,2,2021-07-01,,,,,,0.0
1856,2021,3,2021-10-01,,,,,,0.0
1856,2021,4,2022-01-01,,,,,,0.0
1856,2022,1,2022-04-01,,,,,,0.0
1856,2022,2,2022-07-01,,,,,,0.0
1856,2022,3,2022-10-01,,,,,,0.0
1856,2022,4,2023-01-01,,,,,,0.0
1856,2023,1,2023-04-01,,,,,,0.0
1856,2023,2,2023-07-01,,,,,,0.0
1856,2023,3,2023-10-01,,,,,,0.0
1856,2023,4,2024-01-01,,,,,,0.0
1856,2024,1,2024-04-01,,,,,,0.0
1856,2024,2,2024-07-01,,,,,,0.0
1856,2024,3,2024-10-01,,,,,,0.0
1856,2024,4,2025-01-01,,,,,,0.0
1856,2025,1,2025-04-01,,,,,,0.0
1856,2025,2,2025-07-01,,,,,,0.0
1856,2025,3,2025-10-01,,,,,,0.0
1856,2025,4,2026-01-01,,,,,,0.0
1856,2026,1,2026-04-01,,,,,,0.0
1856,2026,2,2026-07-01,,,,,,0.0
1881,2020,1,2020-04-01,,,,,,
1881,2020,2,2020-07-01,,,,,,
1881,2020,3,2020-10-01,,,,,,
1881,2020,4,2021-01-01,1.0,0.7608395903033128,837.4900000000001,1524.41,1180.95,
1881,2021,1,2021-04-01,,,,,,
1881,2021,2,2021-07-01,0.971969432021966,-0.7204592518704218,1812.62,799.8199999999999,1343.89,
1881,2021,3,2021-10-01,,,,,,
1881,2021,4,2022-01-01,0.9921282160295803,0.344848573269265,2788.5199999999995,1831.9600000000005,2328.57,
1881,2022,1,2022-04-01,,,,,,
1881,2022,2,2022-07-01,0.988655756798646,0.1613435568061896,4808.219999999999,2763.4099999999994,3829.255,1.0390953496042665
1881,2022,3,2022-10-01,,,,,,0.5523749799141856
1881,2022,4,2023-01-01,0.9406502291075716,-2.3755487616959905,4131.28,4576.94,4628.83,0.20257341400419643
1881,2023,1,2023-04-01,,,,,,0.2243336375631917
1881,2023,2,2023-07-01,0.9873564095979122,0.09267846569790117,2752.11,4360.459999999999,3601.825,0.4435072483790874
1881,2023,3,2023-10-01,,,,,,0.07517821933566846
1881,2023,4,2024-01-01,0.99175479231314,0.32511468420798173,113.21,2785.6,1461.4550000000002,0.21038549025388112
1881,2024,1,2024-04-01,,,,,,0.46632600058076223
1881,2024,2,2024-07-01,0.9981221916705788,0.6616052363517416,917.53,124.28,521.885,0.4335691080837432
1881,2024,3,2024-10-01,,,,,,0.09191592471837545
1881,2024,4,2025-01-01,0.9997868955457492,0.7495779069299618,1802.87,918.22,1360.835,0.052674077769549854
1881,2025,1,2025-04-01,,,,,,0.4886131327191492
1881,2025,2,2025-07-01,,,,,,1.3872194267036595
1881,2025,3,2025-10-01,,,,,,0.6186381166937632
1881,2025,4,2026-01-01,,,,,,1.323293498299724
1881,2026,1,2026-04-01,,,,,,1.3232934982997238
1881,2026,2,2026-07-01,,,,,,2.0
1985,2020,1,2020-04-01,,,,,,
1985,2020,2,2020-07-01,,,,,,
1985,2020,3,2020-10-01,,,,,,
1985,2020,4,2021-01-01,0.9699776019945584,1.2885545482219884,7675.96,15635.89,12016.695,
1985,2021,1,2021-04-01,,,,,,
1985,2021,2,2021-07-01,0.9542267612424254,1.051716992231272,1265.79,7818.839999999999,4760.205,
1985,2021,3,2021-10-01,,,,,,
1985,2021,4,2022-01-01,0.7442433957029685,-2.1056984039173794,4740.67,571.01,3568.51,
1985,2022,1,2022-04-01,,,,,,
1985,2022,2,2022-07-01,0.8695706417404507,-0.22121495838797386,4012.2,4979.03,5169.925,0.1904441790942144
1985,2022,3,2022-10-01,,,,,,0.2365960140620872
1985,2022,4,2023-01-01,0.9152508640858156,0.4656558180766827,8690.099999999999,4094.599999999999,6984.26,0.3062747623431471
1985,2023,1,2023-04-01,,,,,,0.30207272772563454
1985,2023,2,2023-07-01,0.9073739656230048,0.34721481482633154,2906.7200000000003,8690.099999999999,6390.32,0.045583478094342156
1985,2023,3,2023-10-01,,,,,,1.0906842010430933
1985,2023,4,2024-01-01,0.8522305364931805,-0.48194949389707986,4263.92,2879.34,4190.92,0.5963938345091175
1985,2024,1,2024-04-01,,,,,,0.24193715802609445
1985,2024,2,2024-07-01,0.8892385678737621,0.07452186164105287,4523.63,4331.71,4979.17,0.0576919248329516
1985,2024,3,2024-10-01,,,,,,0.17896782093406643
1985,2024,4,2025-01-01,0.8564302042814222,-0.4188011787948892,2055.01,4523.710000000001,3840.78,0.11835765844396656
1985,2025,1,2025-04-01,,,,,,0.015152390886024159
1985,2025,2,2025-07-01,,,,,,0.11047786135254023
1985,2025,3,2025-10-01,,,,,,0.05327120255441353
1985,2025,4,2026-01-01,,,,,,0.925849333663245
1985,2026,1,2026-04-01,,,,,,0.4481422700907343
1985,2026,2,2026-07-01,,,,,,0.979994282284536
1998,2016,4,2017-01-01,,,,,,
1998,2017,1,2017-04-01,,,,,,
1998,2017,2,2017-07-01,,,,,,
1998,2017,3,2017-10-01,,,,,,
1998,2017,4,2018-01-01,,,,,,
1998,2018,1,2018-04-01,,,,,,
1998,2018,2,2018-07-01,,,,,,
1998,2018,3,2018-10-01,,,,,,
1998,2018,4,2019-01-01,,,,,,
1998,2019,1,2019-04-01,,,,,,0.0
1998,2019,2,2019-07-01,,,,,,0.0
1998,2019,3,2019-10-01,,,,,,0.0
1998,2019,4,2020-01-01,,,,,,0.0
1998,2020,1,2020-04-01,,,,,,0.0
1998,2020,2,2020-07-01,,,,,,0.0
1998,2020,3,2020-10-01,,,,,,0.0
1998,2020,4,2021-01-01,,,,,,0.0
1998,2021,1,2021-04-01,,,,,,0.0
1998,2021,2,2021-07-01,,,,,,0.0
1998,2021,3,2021-10-01,,,,,,0.0
1998,2021,4,2022-01-01,,,,,,0.0
1998,2022,1,2022-04-01,,,,,,0.0
1998,2022,2,2022-07-01,,,,,,0.0
1998,2022,3,2022-10-01,,,,,,0.0
1998,2022,4,2023-01-01,,,,,,0.0
1998,2023,1,2023-04-01,,,,,,0.0
1998,2023,2,2023-07-01,,,,,,0.0
1998,2023,3,2023-10-01,,,,,,0.0
1998,2023,4,2024-01-01,,,,,,0.0
1998,2024,1,2024-04-01,,,,,,0.0
1998,2024,2,2024-07-01,,,,,,0.0
1998,2024,3,2024-10-01,,,,,,0.0
1998,2024,4,2025-01-01,,,,,,0.0
1998,2025,1,2025-04-01,,,,,,0.0
1998,2025,2,2025-07-01,,,,,,0.0
1998,2025,3,2025-10-01,,,,,,0.0
1998,2025,4,2026-01-01,,,,,,0.0
1998,2026,1,2026-04-01,,,,,,0.0
1998,2026,2,2026-07-01,,,,,,0.0
2051,2015,4,2016-01-01,,,,,,
2051,2016,1,2016-04-01,,,,,,
2051,2016,2,2016-07-01,,,,,,
2051,2016,3,2016-10-01,,,,,,
2051,2016,4,2017-01-01,,,,,,
2051,2017,1,2017-04-01,,,,,,
2051,2017,2,2017-07-01,,,,,,
2051,2017,3,2017-10-01,,,,,,
2051,2017,4,2018-01-01,,,,,,
2051,2018,1,2018-04-01,,,,,,0.0
2051,2018,2,2018-07-01,,,,,,0.0
2051,2018,3,2018-10-01,,,,,,0.0
2051,2018,4,2019-01-01,,,,,,0.0
2051,2019,1,2019-04-01,,,,,,0.0
2051,2019,2,2019-07-01,,,,,,0.0
2051,2019,3,2019-10-01,,,,,,0.0
2051,2019,4,2020-01-01,,,,,,0.0
2051,2020,1,2020-04-01,,,,,,0.0
2051,2020,2,2020-07-01,,,,,,0.0
2051,2020,3,2020-10-01,,,,,,0.0
2051,2020,4,2021-01-01,,,,,,0.0
2051,2021,1,2021-04-01,,,,,,0.0
2051,2021,2,2021-07-01,,,,,,0.0
2051,2021,3,2021-10-01,,,,,,0.0
2051,2021,4,2022-01-01,,,,,,0.0
2051,2022,1,2022-04-01,,,,,,0.0
2051,2022,2,2022-07-01,,,,,,0.0
2051,2022,3,2022-10-01,,,,,,0.0
2051,2022,4,2023-01-01,,,,,,0.0
2051,2023,1,2023-04-01,,,,,,0.0
2051,2023,2,2023-07-01,,,,,,0.0
2051,2023,3,2023-10-01,,,,,,0.0
2051,2023,4,2024-01-01,,,,,,0.0
2051,2024,1,2024-04-01,,,,,,0.0
2051,2024,2,2024-07-01,,,,,,0.0
2051,2024,3,2024-10-01,,,,,,0.0
2051,2024,4,2025-01-01,,,,,,0.0
2051,2025,1,2025-04-01,,,,,,0.0
2051,2025,2,2025-07-01,,,,,,0.0
2051,2025,3,2025-10-01,,,,,,0.0
2051,2025,4,2026-01-01,,,,,,0.0
2051,2026,1,2026-04-01,,,,,,0.0
2051,2026,2,2026-07-01,,,,,,0.0
2112,2015,4,2016-01-01,,,,,,
2112,2016,1,2016-04-01,,,,,,
2112,2016,2,2016-07-01,,,,,,
2112,2016,3,2016-10-01,,,,,,
2112,2016,4,2017-01-01,,,,,,
2112,2017,1,2017-04-01,,,,,,
2112,2017,2,2017-07-01,,,,,,
2112,2017,3,2017-10-01,,,,,,
2112,2017,4,2018-01-01,,,,,,
2112,2018,1,2018-04-01,,,,,,0.0
2112,2018,2,2018-07-01,,,,,,0.0
2112,2018,3,2018-10-01,,,,,,0.0
2112,2018,4,2019-01-01,,,,,,0.0
2112,2019,1,2019-04-01,,,,,,0.0
2112,2019,2,2019-07-01,,,,,,0.0
2112,2019,3,2019-10-01,,,,,,0.0
2112,2019,4,2020-01-01,,,,,,0.0
2112,2020,1,2020-04-01,,,,,,0.0
2112,2020,2,2020-07-01,,,,,,0.0
2112,2020,3,2020-10-01,,,,,,0.0
2112,2020,4,2021-01-01,,,,,,0.0
2112,2021,1,2021-04-01,,,,,,0.0
2112,2021,2,2021-07-01,,,,,,0.0
2112,2021,3,2021-10-01,,,,,,0.0
2112,2021,4,2022-01-01,,,,,,0.0
2112,2022,1,2022-04-01,,,,,,0.0
2112,2022,2,2022-07-01,,,,,,0.0
2112,2022,3,2022-10-01,,,,,,0.0
2112,2022,4,2023-01-01,,,,,,0.0
2112,2023,1,2023-04-01,,,,,,0.0
2112,2023,2,2023-07-01,,,,,,0.0
2112,2023,3,2023-10-01,,,,,,0.0
2112,2023,4,2024-01-01,,,,,,0.0
2112,2024,1,2024-04-01,,,,,,0.0
2112,2024,2,2024-07-01,,,,,,0.0
2112,2024,3,2024-10-01,,,,,,0.0
2112,2024,4,2025-01-01,,,,,,0.0
2112,2025,1,2025-04-01,,,,,,0.0
2112,2025,2,2025-07-01,,,,,,0.0
2112,2025,3,2025-10-01,,,,,,0.0
2112,2025,4,2026-01-01,,,,,,0.0
2112,2026,1,2026-04-01,,,,,,0.0
2112,2026,2,2026-07-01,,,,,,0.0
2125,2017,3,2017-10-01,,,,,,
2125,2017,4,2018-01-01,,,,,,
2125,2018,1,2018-04-01,,,,,,
2125,2018,2,2018-07-01,,,,,,
2125,2018,3,2018-10-01,,,,,,
2125,2018,4,2019-01-01,,,,,,
2125,2019,1,2019-04-01,,,,,,
2125,2019,2,2019-07-01,,,,,,
2125,2019,3,2019-10-01,,,,,,
2125,2019,4,2020-01-01,,,,,,0.0
2125,2020,1,2020-04-01,,,,,,0.0
2125,2020,2,2020-07-01,,,,,,0.0
2125,2020,3,2020-10-01,,,,,,0.0
2125,2020,4,2021-01-01,,,,,,0.0
2125,2021,1,2021-04-01,,,,,,0.0
2125,2021,2,2021-07-01,,,,,,0.0
2125,2021,3,2021-10-01,,,,,,0.0
2125,2021,4,2022-01-01,,,,,,0.0
2125,2022,1,2022-04-01,,,,,,0.0
2125,2022,2,2022-07-01,,,,,,0.0
2125,2022,3,2022-10-01,,,,,,0.0
2125,2022,4,2023-01-01,,,,,,0.0
2125,2023,1,2023-04-01,,,,,,0.0
2125,2023,2,2023-07-01,,,,,,0.0
2125,2023,3,2023-10-01,,,,,,0.0
2125,2023,4,2024-01-01,,,,,,0.0
2125,2024,1,2024-04-01,,,,,,0.0
2125,2024,2,2024-07-01,,,,,,0.0
2125,2024,3,2024-10-01,,,,,,0.0
2125,2024,4,2025-01-01,,,,,,0.0
2125,2025,1,2025-04-01,,,,,,0.0
2125,2025,2,2025-07-01,,,,,,0.0
2125,2025,3,2025-10-01,,,,,,0.0
2125,2025,4,2026-01-01,,,,,,0.0
2125,2026,1,2026-04-01,,,,,,0.0
2125,2026,2,2026-07-01,,,,,,0.0
2152,2016,1,2016-04-01,,,,,,
2152,2016,2,2016-07-01,,,,,,
2152,2016,3,2016-10-01,,,,,,
2152,2016,4,2017-01-01,,,,,,
2152,2017,1,2017-04-01,,,,,,
2152,2017,2,2017-07-01,,,,,,
2152,2017,3,2017-10-01,,,,,,
2152,2017,4,2018-01-01,,,,,,
2152,2018,1,2018-04-01,,,,,,
2152,2018,2,2018-07-01,,,,,,0.0
2152,2018,3,2018-10-01,,,,,,0.0
2152,2018,4,2019-01-01,,,,,,0.0
2152,2019,1,2019-04-01,,,,,,0.0
2152,2019,2,2019-07-01,,,,,,0.0
2152,2019,3,2019-10-01,,,,,,0.0
2152,2019,4,2020-01-01,,,,,,0.0
2152,2020,1,2020-04-01,,,,,,0.0
2152,2020,2,2020-07-01,,,,,,0.0
2152,2020,3,2020-10-01,,,,,,0.0
2152,2020,4,2021-01-01,,,,,,0.0
2152,2021,1,2021-04-01,,,,,,0.0
2152,2021,2,2021-07-01,,,,,,0.0
2152,2021,3,2021-10-01,,,,,,0.0
2152,2021,4,2022-01-01,,,,,,0.0
2152,2022,1,2022-04-01,,,,,,0.0
2152,2022,2,2022-07-01,,,,,,0.0
2152,2022,3,2022-10-01,,,,,,0.0
2152,2022,4,2023-01-01,,,,,,0.0
2152,2023,1,2023-04-01,,,,,,0.0
2152,2023,2,2023-07-01,,,,,,0.0
2152,2023,3,2023-10-01,,,,,,0.0
2152,2023,4,2024-01-01,,,,,,0.0
2152,2024,1,2024-04-01,,,,,,0.0
2152,2024,2,2024-07-01,,,,,,0.0
2152,2024,3,2024-10-01,,,,,,0.0
2152,2024,4,2025-01-01,,,,,,0.0
2152,2025,1,2025-04-01,,,,,,0.0
2152,2025,2,2025-07-01,,,,,,0.0
2152,2025,3,2025-10-01,,,,,,0.0
2152,2025,4,2026-01-01,,,,,,0.0
2152,2026,1,2026-04-01,,,,,,0.0
2152,2026,2,2026-07-01,,,,,,0.0
2163,2015,4,2016-01-01,,,,,,
2163,2016,1,2016-04-01,,,,,,
2163,2016,2,2016-07-01,,,,,,
2163,2016,3,2016-10-01,,,,,,
2163,2016,4,2017-01-01,,,,,,
2163,2017,1,2017-04-01,,,,,,
2163,2017,2,2017-07-01,,,,,,
2163,2017,3,2017-10-01,,,,,,
2163,2017,4,2018-01-01,,,,,,
2163,2018,1,2018-04-01,,,,,,0.0
2163,2018,2,2018-07-01,,,,,,0.0
2163,2018,3,2018-10-01,,,,,,0.0
2163,2018,4,2019-01-01,,,,,,0.0
2163,2019,1,2019-04-01,,,,,,0.0
2163,2019,2,2019-07-01,,,,,,0.0
2163,2019,3,2019-10-01,,,,,,0.0
2163,2019,4,2020-01-01,,,,,,0.0
2163,2020,1,2020-04-01,,,,,,0.0
2163,2020,2,2020-07-01,,,,,,0.0
2163,2020,3,2020-10-01,,,,,,0.0
2163,2020,4,2021-01-01,,,,,,0.0
2163,2021,1,2021-04-01,,,,,,0.0
2163,2021,2,2021-07-01,,,,,,0.0
2163,2021,3,2021-10-01,,,,,,0.0
2163,2021,4,2022-01-01,,,,,,0.0
2163,2022,1,2022-04-01,,,,,,0.0
2163,2022,2,2022-07-01,,,,,,0.0
2163,2022,3,2022-10-01,,,,,,0.0
2163,2022,4,2023-01-01,,,,,,0.0
2163,2023,1,2023-04-01,,,,,,0.0
2163,2023,2,2023-07-01,,,,,,0.0
2163,2023,3,2023-10-01,,,,,,0.0
2163,2023,4,2024-01-01,,,,,,0.0
2163,2024,1,2024-04-01,,,,,,0.0
2163,2024,2,2024-07-01,,,,,,0.0
2163,2024,3,2024-10-01,,,,,,0.0
2163,2024,4,2025-01-01,,,,,,0.0
2163,2025,1,2025-04-01,,,,,,0.0
2163,2025,2,2025-07-01,,,,,,0.0
2163,2025,3,2025-10-01,,,,,,0.0
2163,2025,4,2026-01-01,,,,,,0.0
2163,2026,1,2026-04-01,,,,,,0.0
2163,2026,2,2026-07-01,,,,,,0.0
2244,2016,1,2016-04-01,,,,,,
2244,2016,2,2016-07-01,,,,,,
2244,2016,3,2016-10-01,,,,,,
2244,2016,4,2017-01-01,,,,,,
2244,2017,1,2017-04-01,,,,,,
2244,2017,2,2017-07-01,,,,,,
2244,2017,3,2017-10-01,,,,,,
2244,2017,4,2018-01-01,,,,,,
2244,2018,1,2018-04-01,,,,,,
2244,2018,2,2018-07-01,,,,,,0.0
2244,2018,3,2018-10-01,,,,,,0.0
2244,2018,4,2019-01-01,,,,,,0.0
2244,2019,1,2019-04-01,,,,,,0.0
2244,2019,2,2019-07-01,,,,,,0.0
2244,2019,3,2019-10-01,,,,,,0.0
2244,2019,4,2020-01-01,,,,,,0.0
2244,2020,1,2020-04-01,,,,,,0.0
2244,2020,2,2020-07-01,,,,,,0.0
2244,2020,3,2020-10-01,,,,,,0.0
2244,2020,4,2021-01-01,,,,,,0.0
2244,2021,1,2021-04-01,,,,,,0.0
2244,2021,2,2021-07-01,,,,,,0.0
2244,2021,3,2021-10-01,,,,,,0.0
2244,2021,4,2022-01-01,,,,,,0.0
2244,2022,1,2022-04-01,,,,,,0.0
2244,2022,2,2022-07-01,,,,,,0.0
2244,2022,3,2022-10-01,,,,,,0.0
2244,2022,4,2023-01-01,,,,,,0.0
2244,2023,1,2023-04-01,,,,,,0.0
2244,2023,2,2023-07-01,,,,,,0.0
2244,2023,3,2023-10-01,,,,,,0.0
2244,2023,4,2024-01-01,,,,,,0.0
2244,2024,1,2024-04-01,,,,,,0.0
2244,2024,2,2024-07-01,,,,,,0.0
2244,2024,3,2024-10-01,,,,,,0.0
2244,2024,4,2025-01-01,,,,,,0.0
2244,2025,1,2025-04-01,,,,,,0.0
2244,2025,2,2025-07-01,,,,,,0.0
2244,2025,3,2025-10-01,,,,,,0.0
2244,2025,4,2026-01-01,,,,,,0.0
2244,2026,1,2026-04-01,,,,,,0.0
2244,2026,2,2026-07-01,,,,,,0.0
2376,2016,1,2016-04-01,,,,,,
2376,2016,2,2016-07-01,,,,,,
2376,2016,3,2016-10-01,,,,,,
2376,2016,4,2017-01-01,,,,,,
2376,2017,1,2017-04-01,,,,,,
2376,2017,2,2017-07-01,,,,,,
2376,2017,3,2017-10-01,,,,,,
2376,2017,4,2018-01-01,,,,,,
2376,2018,1,2018-04-01,,,,,,
2376,2018,2,2018-07-01,,,,,,0.0
2376,2018,3,2018-10-01,,,,,,0.0
2376,2018,4,2019-01-01,,,,,,0.0
2376,2019,1,2019-04-01,,,,,,0.0
2376,2019,2,2019-07-01,,,,,,0.0
2376,2019,3,2019-10-01,,,,,,0.0
2376,2019,4,2020-01-01,,,,,,0.0
2376,2020,1,2020-04-01,,,,,,0.0
2376,2020,2,2020-07-01,,,,,,0.0
2376,2020,3,2020-10-01,,,,,,0.0
2376,2020,4,2021-01-01,,,,,,0.0
2376,2021,1,2021-04-01,,,,,,0.0
2376,2021,2,2021-07-01,,,,,,0.0
2376,2021,3,2021-10-01,,,,,,0.0
2376,2021,4,2022-01-01,,,,,,0.0
2376,2022,1,2022-04-01,,,,,,0.0
2376,2022,2,2022-07-01,,,,,,0.0
2376,2022,3,2022-10-01,,,,,,0.0
2376,2022,4,2023-01-01,,,,,,0.0
2376,2023,1,2023-04-01,,,,,,0.0
2376,2023,2,2023-07-01,,,,,,0.0
2376,2023,3,2023-10-01,,,,,,0.0
2376,2023,4,2024-01-01,,,,,,0.0
2376,2024,1,2024-04-01,,,,,,0.0
2376,2024,2,2024-07-01,,,,,,0.0
2376,2024,3,2024-10-01,,,,,,0.0
2376,2024,4,2025-01-01,,,,,,0.0
2376,2025,1,2025-04-01,,,,,,0.0
2376,2025,2,2025-07-01,,,,,,0.0
2376,2025,3,2025-10-01,,,,,,0.0
2376,2025,4,2026-01-01,,,,,,0.0
2376,2026,1,2026-04-01,,,,,,0.0
2376,2026,2,2026-07-01,,,,,,0.0
2420,2016,1,2016-04-01,,,,,,
2420,2016,2,2016-07-01,,,,,,
2420,2016,3,2016-10-01,,,,,,
2420,2016,4,2017-01-01,,,,,,
2420,2017,1,2017-04-01,,,,,,
2420,2017,2,2017-07-01,,,,,,
2420,2017,3,2017-10-01,,,,,,
2420,2017,4,2018-01-01,,,,,,
2420,2018,1,2018-04-01,,,,,,
2420,2018,2,2018-07-01,,,,,,0.0
2420,2018,3,2018-10-01,,,,,,0.0
2420,2018,4,2019-01-01,,,,,,0.0
2420,2019,1,2019-04-01,,,,,,0.0
2420,2019,2,2019-07-01,,,,,,0.0
2420,2019,3,2019-10-01,,,,,,0.0
2420,2019,4,2020-01-01,,,,,,0.0
2420,2020,1,2020-04-01,,,,,,0.0
2420,2020,2,2020-07-01,,,,,,0.0
2420,2020,3,2020-10-01,,,,,,0.0
2420,2020,4,2021-01-01,,,,,,0.0
2420,2021,1,2021-04-01,,,,,,0.0
2420,2021,2,2021-07-01,,,,,,0.0
2420,2021,3,2021-10-01,,,,,,0.0
2420,2021,4,2022-01-01,,,,,,0.0
2420,2022,1,2022-04-01,,,,,,0.0
2420,2022,2,2022-07-01,,,,,,0.0
2420,2022,3,2022-10-01,,,,,,0.0
2420,2022,4,2023-01-01,,,,,,0.0
2420,2023,1,2023-04-01,,,,,,0.0
2420,2023,2,2023-07-01,,,,,,0.0
2420,2023,3,2023-10-01,,,,,,0.0
2420,2023,4,2024-01-01,,,,,,0.0
2420,2024,1,2024-04-01,,,,,,0.0
2420,2024,2,2024-07-01,,,,,,0.0
2420,2024,3,2024-10-01,,,,,,0.0
2420,2024,4,2025-01-01,,,,,,0.0
2420,2025,1,2025-04-01,,,,,,0.0
2420,2025,2,2025-07-01,,,,,,0.0
2420,2025,3,2025-10-01,,,,,,0.0
2420,2025,4,2026-01-01,,,,,,0.0
2420,2026,1,2026-04-01,,,,,,0.0
2420,2026,2,2026-07-01,,,,,,0.0
2450,2016,2,2016-07-01,,,,,,
2450,2016,3,2016-10-01,,,,,,
2450,2016,4,2017-01-01,,,,,,
2450,2017,1,2017-04-01,,,,,,
2450,2017,2,2017-07-01,,,,,,
2450,2017,3,2017-10-01,,,,,,
2450,2017,4,2018-01-01,,,,,,
2450,2018,1,2018-04-01,,,,,,
2450,2018,2,2018-07-01,,,,,,0.0
2450,2018,3,2018-10-01,,,,,,0.0
2450,2018,4,2019-01-01,,,,,,0.0
2450,2019,1,2019-04-01,,,,,,0.0
2450,2019,2,2019-07-01,,,,,,0.0
2450,2019,3,2019-10-01,,,,,,0.0
2450,2019,4,2020-01-01,,,,,,0.0
2450,2020,1,2020-04-01,,,,,,0.0
2450,2020,2,2020-07-01,,,,,,0.0
2450,2020,3,2020-10-01,,,,,,0.0
2450,2020,4,2021-01-01,,,,,,0.0
2450,2021,1,2021-04-01,,,,,,0.0
2450,2021,2,2021-07-01,,,,,,0.0
2450,2021,3,2021-10-01,,,,,,0.0
2450,2021,4,2022-01-01,,,,,,0.0
2450,2022,1,2022-04-01,,,,,,0.0
2450,2022,2,2022-07-01,,,,,,0.0
2450,2022,3,2022-10-01,,,,,,0.0
2450,2022,4,2023-01-01,,,,,,0.0
2450,2023,1,2023-04-01,,,,,,0.0
2450,2023,2,2023-07-01,,,,,,0.0
2450,2023,3,2023-10-01,,,,,,0.0
2450,2023,4,2024-01-01,,,,,,0.0
2450,2024,1,2024-04-01,,,,,,0.0
2450,2024,2,2024-07-01,,,,,,0.0
2450,2024,3,2024-10-01,,,,,,0.0
2450,2024,4,2025-01-01,,,,,,0.0
2450,2025,1,2025-04-01,,,,,,0.0
2450,2025,2,2025-07-01,,,,,,0.0
2450,2025,3,2025-10-01,,,,,,0.0
2450,2025,4,2026-01-01,,,,,,0.0
2450,2026,1,2026-04-01,,,,,,0.0
2450,2026,2,2026-07-01,,,,,,0.0
2451,2016,2,2016-07-01,,,,,,
2451,2016,3,2016-10-01,,,,,,
2451,2016,4,2017-01-01,,,,,,
2451,2017,1,2017-04-01,,,,,,
2451,2017,2,2017-07-01,,,,,,
2451,2017,3,2017-10-01,,,,,,
2451,2017,4,2018-01-01,,,,,,
2451,2018,1,2018-04-01,,,,,,
2451,2018,2,2018-07-01,,,,,,0.0
2451,2018,3,2018-10-01,,,,,,0.0
2451,2018,4,2019-01-01,,,,,,0.0
2451,2019,1,2019-04-01,,,,,,0.0
2451,2019,2,2019-07-01,,,,,,0.0
2451,2019,3,2019-10-01,,,,,,0.0
2451,2019,4,2020-01-01,,,,,,0.0
2451,2020,1,2020-04-01,,,,,,0.0
2451,2020,2,2020-07-01,,,,,,0.0
2451,2020,3,2020-10-01,,,,,,0.0
2451,2020,4,2021-01-01,,,,,,0.0
2451,2021,1,2021-04-01,,,,,,0.0
2451,2021,2,2021-07-01,,,,,,0.0
2451,2021,3,2021-10-01,,,,,,0.0
2451,2021,4,2022-01-01,,,,,,0.0
2451,2022,1,2022-04-01,,,,,,0.0
2451,2022,2,2022-07-01,,,,,,0.0
2451,2022,3,2022-10-01,,,,,,0.0
2451,2022,4,2023-01-01,,,,,,0.0
2451,2023,1,2023-04-01,,,,,,0.0
2451,2023,2,2023-07-01,,,,,,0.0
2451,2023,3,2023-10-01,,,,,,0.0
2451,2023,4,2024-01-01,,,,,,0.0
2451,2024,1,2024-04-01,,,,,,0.0
2451,2024,2,2024-07-01,,,,,,0.0
2451,2024,3,2024-10-01,,,,,,0.0
2451,2024,4,2025-01-01,,,,,,0.0
2451,2025,1,2025-04-01,,,,,,0.0
2451,2025,2,2025-07-01,,,,,,0.0
2451,2025,3,2025-10-01,,,,,,0.0
2451,2025,4,2026-01-01,,,,,,0.0
2451,2026,1,2026-04-01,,,,,,0.0
2451,2026,2,2026-07-01,,,,,,0.0
2692,2020,1,2020-04-01,,,,,,
2692,2020,2,2020-07-01,,,,,,
2692,2020,3,2020-10-01,,,,,,
2692,2020,4,2021-01-01,1.0000000000000002,0.7861923262517204,1119.16,694.0400000000002,906.6,
2692,2021,1,2021-04-01,,,,,,
2692,2021,2,2021-07-01,0.9601235476721858,-0.2415098402256371,1397.08,1067.97,1283.715,
2692,2021,3,2021-10-01,,,,,,
2692,2021,4,2022-01-01,0.9947153567673872,0.649995674288575,3171.78,1436.0299999999995,2316.145,
2692,2022,1,2022-04-01,,,,,,
2692,2022,2,2022-07-01,0.87737678910032,-2.374072244578976,1999.07,2845.48,2760.815,0.01095653214025566
2692,2022,3,2022-10-01,,,,,,0.9172240113680858
2692,2022,4,2023-01-01,0.978601770826463,0.23471381708945777,3212.18,2277.59,2804.905,0.173513934418964
2692,2023,1,2023-04-01,,,,,,0.5057562922958175
2692,2023,2,2023-07-01,0.9748387977591716,0.1377338866317543,1139.5800000000002,3215.99,2233.995,0.5987125723514771
2692,2023,3,2023-10-01,,,,,,0.12193532536633683
2692,2023,4,2024-01-01,0.991015971024672,0.554654526305558,2602.7300000000005,1178.65,1907.83,0.6891349126249756
2692,2024,1,2024-04-01,,,,,,0.17300504078028245
2692,2024,2,2024-07-01,0.9490738174683232,-0.5262852153303825,17.49,2550.96,1353.1350000000002,0.2486404171029623
2692,2024,3,2024-10-01,,,,,,0.24916097336642407
2692,2024,4,2025-01-01,0.9997045161234256,0.778577069567939,4515.54,85.71999999999998,2301.31,0.04338698738298735
2692,2025,1,2025-04-01,,,,,,0.42985365417787313
2692,2025,2,2025-07-01,,,,,,0.42985365417787325
2692,2025,3,2025-10-01,,,,,,0.04398277121354749
2692,2025,4,2026-01-01,,,,,,2.0
2692,2026,1,2026-04-01,,,,,,0.6064492101873823
2692,2026,2,2026-07-01,,,,,,0.5940967887756481
2910,2017,1,2017-04-01,,,,,,
2910,2017,2,2017-07-01,,,,,,
2910,2017,3,2017-10-01,,,,,,
2910,2017,4,2018-01-01,,,,,,
2910,2018,1,2018-04-01,,,,,,
2910,2018,2,2018-07-01,,,,,,
2910,2018,3,2018-10-01,,,,,,
2910,2018,4,2019-01-01,,,,,,
2910,2019,1,2019-04-01,,,,,,
2910,2019,2,2019-07-01,,,,,,0.0
2910,2019,3,2019-10-01,,,,,,0.0
2910,2019,4,2020-01-01,,,,,,0.0
2910,2020,1,2020-04-01,,,,,,0.0
2910,2020,2,2020-07-01,,,,,,0.0
2910,2020,3,2020-10-01,,,,,,0.0
2910,2020,4,2021-01-01,,,,,,0.0
2910,2021,1,2021-04-01,,,,,,0.0
2910,2021,2,2021-07-01,,,,,,0.0
2910,2021,3,2021-10-01,,,,,,0.0
2910,2021,4,2022-01-01,,,,,,0.0
2910,2022,1,2022-04-01,,,,,,0.0
2910,2022,2,2022-07-01,,,,,,0.0
2910,2022,3,2022-10-01,,,,,,0.0
2910,2022,4,2023-01-01,,,,,,0.0
2910,2023,1,2023-04-01,,,,,,0.0
2910,2023,2,2023-07-01,,,,,,0.0
2910,2023,3,2023-10-01,,,,,,0.0
2910,2023,4,2024-01-01,,,,,,0.0
2910,2024,1,2024-04-01,,,,,,0.0
2910,2024,2,2024-07-01,,,,,,0.0
2910,2024,3,2024-10-01,,,,,,0.0
2910,2024,4,2025-01-01,,,,,,0.0
2910,2025,1,2025-04-01,,,,,,0.0
2910,2025,2,2025-07-01,,,,,,0.0
2910,2025,3,2025-10-01,,,,,,0.0
2910,2025,4,2026-01-01,,,,,,0.0
2910,2026,1,2026-04-01,,,,,,0.0
2910,2026,2,2026-07-01,,,,,,0.0
3567,2020,1,2020-04-01,,,,,,
3567,2020,2,2020-07-01,,,,,,
3567,2020,3,2020-10-01,,,,,,
3567,2020,4,2021-01-01,0.9453146104311002,0.3093591443887688,7119.120000000001,4568.920000000001,6182.09,
3567,2021,1,2021-04-01,,,,,,
3567,2021,2,2021-07-01,0.953264909051678,0.4125244280196036,8339.42,7079.2300000000005,8087.285000000001,
3567,2021,3,2021-10-01,,,,,,
3567,2021,4,2022-01-01,0.9992017938632654,1.0086142073944504,800.1699999999998,8713.580000000002,4760.675,
3567,2022,1,2022-04-01,,,,,,
3567,2022,2,2022-07-01,0.9976956564433244,0.9890701498023177,721.82,802.21,763.775,1.039012376218513
3567,2022,3,2022-10-01,,,,,,0.4413894866698882
3567,2022,4,2023-01-01,0.9137734754283782,-0.09992738607840619,579.25,664.8799999999999,680.7650000000001,0.2570050630788668
3567,2023,1,2023-04-01,,,,,,0.38943039126335643
3567,2023,2,2023-07-01,0.8685849818854746,-0.6863058324347973,437.43000000000006,562.32,575.505,0.14948970670188352
3567,2023,3,2023-10-01,,,,,,1.3922506184260146
3567,2023,4,2024-01-01,0.9022139925183428,-0.2499264477429495,1264.15,421.7000000000001,934.285,0.7446103964536568
3567,2024,1,2024-04-01,,,,,,0.027906581966740618
3567,2024,2,2024-07-01,0.9625287271975264,0.5327343059287498,4528.210000000001,1243.1699999999998,2998.03,0.34258111400476554
3567,2024,3,2024-10-01,,,,,,0.17007473082024896
3567,2024,4,2025-01-01,0.7506901002879554,-2.2161425692777414,1530.37,3761.77,3524.8500000000004,0.1308651176420403
3567,2025,1,2025-04-01,,,,,,0.21257667534683428
3567,2025,2,2025-07-01,,,,,,0.22947239209580295
3567,2025,3,2025-10-01,,,,,,0.4815807853959321
3567,2025,4,2026-01-01,,,,,,0.8263237195406877
3567,2026,1,2026-04-01,,,,,,0.34596472429501773
3567,2026,2,2026-07-01,,,,,,1.5573148787400317
3857,2017,1,2017-04-01,,,,,,
3857,2017,2,2017-07-01,,,,,,
3857,2017,3,2017-10-01,,,,,,
3857,2017,4,2018-01-01,,,,,,
3857,2018,1,2018-04-01,,,,,,
3857,2018,2,2018-07-01,,,,,,
3857,2018,3,2018-10-01,,,,,,
3857,2018,4,2019-01-01,,,,,,
3857,2019,1,2019-04-01,,,,,,
3857,2019,2,2019-07-01,,,,,,0.0
3857,2019,3,2019-10-01,,,,,,0.0
3857,2019,4,2020-01-01,,,,,,0.0
3857,2020,1,2020-04-01,,,,,,0.0
3857,2020,2,2020-07-01,,,,,,0.0
3857,2020,3,2020-10-01,,,,,,0.0
3857,2020,4,2021-01-01,,,,,,0.0
3857,2021,1,2021-04-01,,,,,,0.0
3857,2021,2,2021-07-01,,,,,,0.0
3857,2021,3,2021-10-01,,,,,,0.0
3857,2021,4,2022-01-01,,,,,,0.0
3857,2022,1,2022-04-01,,,,,,0.0
3857,2022,2,2022-07-01,,,,,,0.0
3857,2022,3,2022-10-01,,,,,,0.0
3857,2022,4,2023-01-01,,,,,,0.0
3857,2023,1,2023-04-01,,,,,,0.0
3857,2023,2,2023-07-01,,,,,,0.0
3857,2023,3,2023-10-01,,,,,,0.0
3857,2023,4,2024-01-01,,,,,,0.0
3857,2024,1,2024-04-01,,,,,,0.0
3857,2024,2,2024-07-01,,,,,,0.0
3857,2024,3,2024-10-01,,,,,,0.0
3857,2024,4,2025-01-01,,,,,,0.0
3857,2025,1,2025-04-01,,,,,,0.0
3857,2025,2,2025-07-01,,,,,,0.0
3857,2025,3,2025-10-01,,,,,,0.0
3857,2025,4,2026-01-01,,,,,,0.0
3857,2026,1,2026-04-01,,,,,,0.0
3857,2026,2,2026-07-01,,,,,,0.0
3858,2017,1,2017-04-01,,,,,,
3858,2017,2,2017-07-01,,,,,,
3858,2017,3,2017-10-01,,,,,,
3858,2017,4,2018-01-01,,,,,,
3858,2018,1,2018-04-01,,,,,,
3858,2018,2,2018-07-01,,,,,,
3858,2018,3,2018-10-01,,,,,,
3858,2018,4,2019-01-01,,,,,,
3858,2019,1,2019-04-01,,,,,,
3858,2019,2,2019-07-01,,,,,,0.0
3858,2019,3,2019-10-01,,,,,,0.0
3858,2019,4,2020-01-01,,,,,,0.0
3858,2020,1,2020-04-01,,,,,,0.0
3858,2020,2,2020-07-01,,,,,,0.0
3858,2020,3,2020-10-01,,,,,,0.0
3858,2020,4,2021-01-01,,,,,,0.0
3858,2021,1,2021-04-01,,,,,,0.0
3858,2021,2,2021-07-01,,,,,,0.0
3858,2021,3,2021-10-01,,,,,,0.0
3858,2021,4,2022-01-01,,,,,,0.0
3858,2022,1,2022-04-01,,,,,,0.0
3858,2022,2,2022-07-01,,,,,,0.0
3858,2022,3,2022-10-01,,,,,,0.0
3858,2022,4,2023-01-01,,,,,,0.0
3858,2023,1,2023-04-01,,,,,,0.0
3858,2023,2,2023-07-01,,,,,,0.0
3858,2023,3,2023-10-01,,,,,,0.0
3858,2023,4,2024-01-01,,,,,,0.0
3858,2024,1,2024-04-01,,,,,,0.0
3858,2024,2,2024-07-01,,,,,,0.0
3858,2024,3,2024-10-01,,,,,,0.0
3858,2024,4,2025-01-01,,,,,,0.0
3858,2025,1,2025-04-01,,,,,,0.0
3858,2025,2,2025-07-01,,,,,,0.0
3858,2025,3,2025-10-01,,,,,,0.0
3858,2025,4,2026-01-01,,,,,,0.0
3858,2026,1,2026-04-01,,,,,,0.0
3858,2026,2,2026-07-01,,,,,,0.0
3961,2016,4,2017-01-01,,,,,,
3961,2017,1,2017-04-01,,,,,,
3961,2017,2,2017-07-01,,,,,,
3961,2017,3,2017-10-01,,,,,,
3961,2017,4,2018-01-01,,,,,,
3961,2018,1,2018-04-01,,,,,,
3961,2018,2,2018-07-01,,,,,,
3961,2018,3,2018-10-01,,,,,,
3961,2018,4,2019-01-01,,,,,,
3961,2019,1,2019-04-01,,,,,,0.0
3961,2019,2,2019-07-01,,,,,,0.0
3961,2019,3,2019-10-01,,,,,,0.0
3961,2019,4,2020-01-01,,,,,,0.0
3961,2020,1,2020-04-01,,,,,,0.0
3961,2020,2,2020-07-01,,,,,,0.0
3961,2020,3,2020-10-01,,,,,,0.0
3961,2020,4,2021-01-01,,,,,,0.0
3961,2021,1,2021-04-01,,,,,,0.0
3961,2021,2,2021-07-01,,,,,,0.0
3961,2021,3,2021-10-01,,,,,,0.0
3961,2021,4,2022-01-01,,,,,,0.0
3961,2022,1,2022-04-01,,,,,,0.0
3961,2022,2,2022-07-01,,,,,,0.0
3961,2022,3,2022-10-01,,,,,,0.0
3961,2022,4,2023-01-01,,,,,,0.0
3961,2023,1,2023-04-01,,,,,,0.0
3961,2023,2,2023-07-01,,,,,,0.0
3961,2023,3,2023-10-01,,,,,,0.0
3961,2023,4,2024-01-01,,,,,,0.0
3961,2024,1,2024-04-01,,,,,,0.0
3961,2024,2,2024-07-01,,,,,,0.0
3961,2024,3,2024-10-01,,,,,,0.0
3961,2024,4,2025-01-01,,,,,,0.0
3961,2025,1,2025-04-01,,,,,,0.0
3961,2025,2,2025-07-01,,,,,,0.0
3961,2025,3,2025-10-01,,,,,,0.0
3961,2025,4,2026-01-01,,,,,,0.0
3961,2026,1,2026-04-01,,,,,,0.0
3961,2026,2,2026-07-01,,,,,,0.0
3962,2016,4,2017-01-01,,,,,,
3962,2017,1,2017-04-01,,,,,,
3962,2017,2,2017-07-01,,,,,,
3962,2017,3,2017-10-01,,,,,,
3962,2017,4,2018-01-01,,,,,,
3962,2018,1,2018-04-01,,,,,,
3962,2018,2,2018-07-01,,,,,,
3962,2018,3,2018-10-01,,,,,,
3962,2018,4,2019-01-01,,,,,,
3962,2019,1,2019-04-01,,,,,,0.0
3962,2019,2,2019-07-01,,,,,,0.0
3962,2019,3,2019-10-01,,,,,,0.0
3962,2019,4,2020-01-01,,,,,,0.0
3962,2020,1,2020-04-01,,,,,,0.0
3962,2020,2,2020-07-01,,,,,,0.0
3962,2020,3,2020-10-01,,,,,,0.0
3962,2020,4,2021-01-01,,,,,,0.0
3962,2021,1,2021-04-01,,,,,,0.0
3962,2021,2,2021-07-01,,,,,,0.0
3962,2021,3,2021-10-01,,,,,,0.0
3962,2021,4,2022-01-01,,,,,,0.0
3962,2022,1,2022-04-01,,,,,,0.0
3962,2022,2,2022-07-01,,,,,,0.0
3962,2022,3,2022-10-01,,,,,,0.0
3962,2022,4,2023-01-01,,,,,,0.0
3962,2023,1,2023-04-01,,,,,,0.0
3962,2023,2,2023-07-01,,,,,,0.0
3962,2023,3,2023-10-01,,,,,,0.0
3962,2023,4,2024-01-01,,,,,,0.0
3962,2024,1,2024-04-01,,,,,,0.0
3962,2024,2,2024-07-01,,,,,,0.0
3962,2024,3,2024-10-01,,,,,,0.0
3962,2024,4,2025-01-01,,,,,,0.0
3962,2025,1,2025-04-01,,,,,,0.0
3962,2025,2,2025-07-01,,,,,,0.0
3962,2025,3,2025-10-01,,,,,,0.0
3962,2025,4,2026-01-01,,,,,,0.0
3962,2026,1,2026-04-01,,,,,,0.0
3962,2026,2,2026-07-01,,,,,,0.0
4148,2020,1,2020-04-01,,,,,,
4148,2020,2,2020-07-01,,,,,,
4148,2020,3,2020-10-01,,,,,,
4148,2020,4,2021-01-01,0.9867829460389816,0.9925960299330872,4975.259999999999,5138.16,5124.4400000000005,
4148,2021,1,2021-04-01,,,,,,
4148,2021,2,2021-07-01,0.9760337863567348,0.9196558471943331,5257.59,4918.06,5212.754999999999,
4148,2021,3,2021-10-01,,,,,,
4148,2021,4,2022-01-01,0.9914196013578768,1.0240588136533242,6948.389999999999,5329.390000000001,6192.02,
4148,2022,1,2022-04-01,,,,,,
4148,2022,2,2022-07-01,0.6540790790397657,-1.2650205256096376,3527.5700000000006,4799.549999999999,6365.53,0.7212598652841762
4148,2022,3,2022-10-01,,,,,,0.4501133994135464
4148,2022,4,2023-01-01,0.8897376613283826,0.33407936351717815,13310.2,4618.61,10075.335,0.4730000823879338
4148,2023,1,2023-04-01,,,,,,0.33564040090867353
4148,2023,2,2023-07-01,0.9546619426497096,0.7746337029955543,19028.13,13645.28,17112.555,0.024507886775593957
4148,2023,3,2023-10-01,,,,,,0.20102256555382741
4148,2023,4,2024-01-01,0.672571014653733,-1.139540469238002,8504.92,14262.12,16925.38,0.2120705857618465
4148,2024,1,2024-04-01,,,,,,0.2639358300648537
4148,2024,2,2024-07-01,0.6773970161041164,-1.106792846345226,8891.75,9635.16,13675.075,0.7417445511780054
4148,2024,3,2024-10-01,,,,,,0.6606508251822043
4148,2024,4,2025-01-01,0.7618578669470827,-0.5336699161006107,10446.43,10093.22,13479.975,0.0
4148,2025,1,2025-04-01,,,,,,0.0
4148,2025,2,2025-07-01,,,,,,0.0
4148,2025,3,2025-10-01,,,,,,0.23625052321091455
4148,2025,4,2026-01-01,,,,,,0.5561809249929701
4148,2026,1,2026-04-01,,,,,,0.7836113582045227
4148,2026,2,2026-07-01,,,,,,1.339792283197493
4232,2020,1,2020-04-01,,,,,,
4232,2020,2,2020-07-01,,,,,,
4232,2020,3,2020-10-01,,,,,,
4232,2020,4,2021-01-01,0.9080457763722778,1.7399384551748394,8177.52,1186.13,5155.935,
4232,2021,1,2021-04-01,,,,,,
4232,2021,2,2021-07-01,0.8641065758011531,1.3927878973604744,6819.420000000002,7523.79,8299.445,
4232,2021,3,2021-10-01,,,,,,
4232,2021,4,2022-01-01,0.5590707983035736,-1.017209074255181,5150.79,4242.93,8401.19,
4232,2022,1,2022-04-01,,,,,,
4232,2022,2,2022-07-01,0.5511531730426207,-1.0797638770321623,4058.68,5118.34,8325.29,0.5846124300614146
4232,2022,3,2022-10-01,,,,,,0.14182087608894633
4232,2022,4,2023-01-01,0.5839965889710063,-0.820277814202858,1900.69,5248.97,6121.32,0.5347343424107338
4232,2023,1,2023-04-01,,,,,,0.079573915661381
4232,2023,2,2023-07-01,0.6391856305684932,-0.384245607727113,8023.900000000001,1702.0700000000002,7608.095,0.06260797489701925
4232,2023,3,2023-10-01,,,,,,0.48370325624754495
4232,2023,4,2024-01-01,0.6910778580719819,0.02573945094290032,8842.31,7186.46,11596.935,0.056488335039259985
4232,2024,1,2024-04-01,,,,,,0.676496672815701
4232,2024,2,2024-07-01,0.6944045204455107,0.052022421129425095,8217.849999999997,8701.83,12182.87,0.2640466064283228
4232,2024,3,2024-10-01,,,,,,0.8187670652031859
4232,2024,4,2025-01-01,0.6993389837802411,0.09100814860968111,4446.67,9041.459999999995,9643.485,0.03981880034406258
4232,2025,1,2025-04-01,,,,,,0.16278963570707075
4232,2025,2,2025-07-01,,,,,,0.13007223086053807
4232,2025,3,2025-10-01,,,,,,0.14793875152399982
4232,2025,4,2026-01-01,,,,,,0.1972241658695888
4232,2026,1,2026-04-01,,,,,,0.31069720651191357
4232,2026,2,2026-07-01,,,,,,1.2077327127378368
4320,2017,2,2017-07-01,,,,,,
4320,2017,3,2017-10-01,,,,,,
4320,2017,4,2018-01-01,,,,,,
4320,2018,1,2018-04-01,,,,,,
4320,2018,2,2018-07-01,,,,,,
4320,2018,3,2018-10-01,,,,,,
4320,2018,4,2019-01-01,,,,,,
4320,2019,1,2019-04-01,,,,,,
4320,2019,2,2019-07-01,,,,,,
4320,2019,3,2019-10-01,,,,,,0.0
4320,2019,4,2020-01-01,,,,,,0.0
4320,2020,1,2020-04-01,,,,,,0.0
4320,2020,2,2020-07-01,,,,,,0.0
4320,2020,3,2020-10-01,,,,,,0.0
4320,2020,4,2021-01-01,,,,,,0.0
4320,2021,1,2021-04-01,,,,,,0.0
4320,2021,2,2021-07-01,,,,,,0.0
4320,2021,3,2021-10-01,,,,,,0.0
4320,2021,4,2022-01-01,,,,,,0.0
4320,2022,1,2022-04-01,,,,,,0.0
4320,2022,2,2022-07-01,,,,,,0.0
4320,2022,3,2022-10-01,,,,,,0.0
4320,2022,4,2023-01-01,,,,,,0.0
4320,2023,1,2023-04-01,,,,,,0.0
4320,2023,2,2023-07-01,,,,,,0.0
4320,2023,3,2023-10-01,,,,,,0.0
4320,2023,4,2024-01-01,,,,,,0.0
4320,2024,1,2024-04-01,,,,,,0.0
4320,2024,2,2024-07-01,,,,,,0.0
4320,2024,3,2024-10-01,,,,,,0.0
4320,2024,4,2025-01-01,,,,,,0.0
4320,2025,1,2025-04-01,,,,,,0.0
4320,2025,2,2025-07-01,,,,,,0.0
4320,2025,3,2025-10-01,,,,,,0.0
4320,2025,4,2026-01-01,,,,,,0.0
4320,2026,1,2026-04-01,,,,,,0.0
4320,2026,2,2026-07-01,,,,,,0.0
4374,2020,1,2020-04-01,,,,,,
4374,2020,2,2020-07-01,,,,,,
4374,2020,3,2020-10-01,,,,,,
4374,2020,4,2021-01-01,0.7129919701614688,-0.33746034198642433,345.06999999999994,717.7800000000001,745.345,
4374,2021,1,2021-04-01,,,,,,
4374,2021,2,2021-07-01,0.2432362438594077,-2.1092286309869346,209.1,91.45000000000002,617.815,
4374,2021,3,2021-10-01,,,,,,
4374,2021,4,2022-01-01,0.9853889394064644,0.6899338654825757,284.05000000000007,669.57,483.88,
4374,2022,1,2022-04-01,,,,,,
4374,2022,2,2022-07-01,0.8356257975062543,0.12507521486284054,622.3699999999999,209.32,497.645,0.8999239620865462
4374,2022,3,2022-10-01,,,,,,0.14953772348764693
4374,2022,4,2023-01-01,0.9814255428230958,0.674985201762338,2155.78,677.3599999999999,1443.38,0.043421109612846454
4374,2023,1,2023-04-01,,,,,,0.7808184063287045
4374,2023,2,2023-07-01,0.978366746412458,0.6634484004431951,244.5,2156.05,1226.815,0.06447529933991322
4374,2023,3,2023-10-01,,,,,,0.005877062077886236
4374,2023,4,2024-01-01,0.963819237518697,0.6085798517512628,1396.38,240.32000000000008,849.07,0.4351833250812302
4374,2024,1,2024-04-01,,,,,,0.2678468006304222
4374,2024,2,2024-07-01,0.5213226542028364,-1.0603756721798867,317.5299999999999,878.1599999999996,1146.785,0.3286386883778819
4374,2024,3,2024-10-01,,,,,,0.04732941522205922
4374,2024,4,2025-01-01,1.0,0.7450421108510318,0.0,866.4699999999999,433.235,0.44170272453468407
4374,2025,1,2025-04-01,,,,,,0.44170272453468407
4374,2025,2,2025-07-01,,,,,,1.2072891233898941
4374,2025,3,2025-10-01,,,,,,0.5657562359847988
4374,2025,4,2026-01-01,,,,,,0.5386259671643107
4374,2026,1,2026-04-01,,,,,,0.415342580619233
4374,2026,2,2026-07-01,,,,,,0.42775164931930015
4375,2020,1,2020-04-01,,,,,,
4375,2020,2,2020-07-01,,,,,,
4375,2020,3,2020-10-01,,,,,,
4375,2020,4,2021-01-01,0.7129919701614688,-0.33746034198642433,345.06999999999994,717.7800000000001,745.345,
4375,2021,1,2021-04-01,,,,,,
4375,2021,2,2021-07-01,0.2432362438594077,-2.1092286309869346,209.1,91.45000000000002,617.815,
4375,2021,3,2021-10-01,,,,,,
4375,2021,4,2022-01-01,0.9853889394064644,0.6899338654825757,284.05000000000007,669.57,483.88,
4375,2022,1,2022-04-01,,,,,,
4375,2022,2,2022-07-01,0.8356257975062543,0.12507521486284054,622.3699999999999,209.32,497.645,0.9009982975723833
4375,2022,3,2022-10-01,,,,,,0.1497692136208033
4375,2022,4,2023-01-01,0.9814255428230958,0.674985201762338,2155.78,677.3599999999999,1443.38,0.04292278033251322
4375,2023,1,2023-04-01,,,,,,0.7811362628793308
4375,2023,2,2023-07-01,0.978366746412458,0.6634484004431951,244.5,2156.05,1226.815,0.0646790862254513
4375,2023,3,2023-10-01,,,,,,0.005432957610967572
4375,2023,4,2024-01-01,0.963819237518697,0.6085798517512628,1396.38,240.32000000000008,849.07,0.4332388493879751
4375,2024,1,2024-04-01,,,,,,0.26800029096043954
4375,2024,2,2024-07-01,0.5213226542028364,-1.0603756721798867,317.5299999999999,878.1599999999996,1146.785,0.3300159463395108
4375,2024,3,2024-10-01,,,,,,0.047607032683738504
4375,2024,4,2025-01-01,1.0,0.7450421108510318,0.0,866.4699999999999,433.235,0.44808743039400817
4375,2025,1,2025-04-01,,,,,,0.4480874303940082
4375,2025,2,2025-07-01,,,,,,1.2143550412523663
4375,2025,3,2025-10-01,,,,,,0.5550280485305983
4375,2025,4,2026-01-01,,,,,,0.5431845711078408
4375,2026,1,2026-04-01,,,,,,0.4129271470829445
4375,2026,2,2026-07-01,,,,,,0.4425637672126623
5001,2020,1,2020-04-01,,,,,,
5001,2020,2,2020-07-01,,,,,,
5001,2020,3,2020-10-01,,,,,,
5001,2020,4,2021-01-01,1.0,0.49960436635984734,2776.26,4355.7,3565.98,
5001,2021,1,2021-04-01,,,,,,
5001,2021,2,2021-07-01,0.5931293109036467,-2.483877853901373,2999.24,1301.2500000000002,3625.255,
5001,2021,3,2021-10-01,,,,,,
5001,2021,4,2022-01-01,0.9892366138712952,0.4206791156466111,2243.78,4437.9,3377.19,
5001,2022,1,2022-04-01,,,,,,
5001,2022,2,2022-07-01,1.0,0.49960436635984734,2996.1,2280.13,2638.115,0.21034197052942893
5001,2022,3,2022-10-01,,,,,,0.6464746882645442
5001,2022,4,2023-01-01,0.992817694588786,0.4469382956177291,2131.4,2977.6200000000003,2572.99,0.2195214162135874
5001,2023,1,2023-04-01,,,,,,0.41583829484237356
5001,2023,2,2023-07-01,0.976878585211145,0.3300607453065804,2004.56,2101.2899999999995,2101.5150000000003,0.5003081752861074
5001,2023,3,2023-10-01,,,,,,0.019297778892748363
5001,2023,4,2024-01-01,0.9938572033992816,0.454560756849347,2416.38,2039.38,2241.65,0.4148822040305257
5001,2024,1,2024-04-01,,,,,,0.13206341996566423
5001,2024,2,2024-07-01,0.8442164877917225,-0.642717632591461,1262.58,2118.22,2002.33,0.14697972054273437
5001,2024,3,2024-10-01,,,,,,0.3138921927556578
5001,2024,4,2025-01-01,0.9966647551905012,0.47514784035287905,12631.6,1550.7799999999995,7114.92,0.08049405225360512
5001,2025,1,2025-04-01,,,,,,0.5067063644897074
5001,2025,2,2025-07-01,,,,,,0.15361567083368133
5001,2025,3,2025-10-01,,,,,,1.1928881721454088
5001,2025,4,2026-01-01,,,,,,1.480691400138398
5001,2026,1,2026-04-01,,,,,,0.5193085998616018
5001,2026,2,2026-07-01,,,,,,0.37644153959349724
5094,2020,1,2020-04-01,,,,,,
5094,2020,2,2020-07-01,,,,,,
5094,2020,3,2020-10-01,,,,,,
5094,2020,4,2021-01-01,0.999941581029767,0.7025076122871228,4306.48,3224.88,3765.9,
5094,2021,1,2021-04-01,,,,,,
5094,2021,2,2021-07-01,0.9364152715238284,0.3924206237050899,1023.68,4131.67,2752.705,
5094,2021,3,2021-10-01,,,,,,
5094,2021,4,2022-01-01,0.9928127328970608,0.667710013202245,753.27,1191.6699999999998,979.51,
5094,2022,1,2022-04-01,,,,,,
5094,2022,2,2022-07-01,0.6273516960532034,-1.1161920147974325,906.09,378.72,1023.995,0.6369510667827996
5094,2022,3,2022-10-01,,,,,,0.0443909661327746
5094,2022,4,2023-01-01,0.8967231676897013,0.19867404777249537,940.23,1166.37,1174.61,0.18015069429871955
5094,2023,1,2023-04-01,,,,,,1.0455565190451486
5094,2023,2,2023-07-01,0.3992211323370904,-2.229751421229472,230.13,506.94,923.135,0.04003724818911591
5094,2023,3,2023-10-01,,,,,,0.07930060105833334
5094,2023,4,2024-01-01,0.9667117348128118,0.5403048489816856,58.95,770.4500000000002,428.9800000000001,0.47886400621514114
5094,2024,1,2024-04-01,,,,,,0.021009078170018597
5094,2024,2,2024-07-01,0.9473830348465916,0.44595687863137634,67.03999999999999,69.44,72.03,0.7569701309226171
5094,2024,3,2024-10-01,,,,,,0.027081301596747376
5094,2024,4,2025-01-01,0.93763397642015,0.3983694114468871,218.42,61.52,149.28,0.0964126999995722
5094,2025,1,2025-04-01,,,,,,0.13696262915422971
5094,2025,2,2025-07-01,,,,,,0.6547048445742071
5094,2025,3,2025-10-01,,,,,,0.7888858159273658
5094,2025,4,2026-01-01,,,,,,0.33558984753567045
5094,2026,1,2026-04-01,,,,,,0.0
5094,2026,2,2026-07-01,,,,,,0.0
5119,2017,3,2017-10-01,,,,,,
5119,2017,4,2018-01-01,,,,,,
5119,2018,1,2018-04-01,,,,,,
5119,2018,2,2018-07-01,,,,,,
5119,2018,3,2018-10-01,,,,,,
5119,2018,4,2019-01-01,,,,,,
5119,2019,1,2019-04-01,,,,,,
5119,2019,2,2019-07-01,,,,,,
5119,2019,3,2019-10-01,,,,,,
5119,2019,4,2020-01-01,,,,,,0.0
5119,2020,1,2020-04-01,,,,,,0.0
5119,2020,2,2020-07-01,,,,,,0.0
5119,2020,3,2020-10-01,,,,,,0.0
5119,2020,4,2021-01-01,,,,,,0.0
5119,2021,1,2021-04-01,,,,,,0.0
5119,2021,2,2021-07-01,,,,,,0.0
5119,2021,3,2021-10-01,,,,,,0.0
5119,2021,4,2022-01-01,,,,,,0.0
5119,2022,1,2022-04-01,,,,,,0.0
5119,2022,2,2022-07-01,,,,,,0.0
5119,2022,3,2022-10-01,,,,,,0.0
5119,2022,4,2023-01-01,,,,,,0.0
5119,2023,1,2023-04-01,,,,,,0.0
5119,2023,2,2023-07-01,,,,,,0.0
5119,2023,3,2023-10-01,,,,,,0.0
5119,2023,4,2024-01-01,,,,,,0.0
5119,2024,1,2024-04-01,,,,,,0.0
5119,2024,2,2024-07-01,,,,,,0.0
5119,2024,3,2024-10-01,,,,,,0.0
5119,2024,4,2025-01-01,,,,,,0.0
5119,2025,1,2025-04-01,,,,,,0.0
5119,2025,2,2025-07-01,,,,,,0.0
5119,2025,3,2025-10-01,,,,,,0.0
5119,2025,4,2026-01-01,,,,,,0.0
5119,2026,1,2026-04-01,,,,,,0.0
5119,2026,2,2026-07-01,,,,,,0.0
5136,2020,1,2020-04-01,,,,,,
5136,2020,2,2020-07-01,,,,,,
5136,2020,3,2020-10-01,,,,,,
5136,2020,4,2021-01-01,0.9790018835272882,0.7694082159310612,8998.409999999998,13398.499999999998,11438.645,
5136,2021,1,2021-04-01,,,,,,
5136,2021,2,2021-07-01,0.9254942885739704,-0.44598834166407975,10153.13,8488.25,10071.04,
5136,2021,3,2021-10-01,,,,,,
5136,2021,4,2022-01-01,0.9032175418114484,-0.9519927949236469,2170.73,10238.63,6869.53,
5136,2022,1,2022-04-01,,,,,,
5136,2022,2,2022-07-01,0.9993431604674252,1.2314495016906066,14179.73,2829.99,8510.45,0.14436477897546796
5136,2022,3,2022-10-01,,,,,,0.07277632261474798
5136,2022,4,2023-01-01,0.999446634502644,1.2337998593606747,21838.76,14175.35,18017.025,0.5763792400849386
5136,2023,1,2023-04-01,,,,,,0.4460108183799545
5136,2023,2,2023-07-01,0.9636990127017656,0.4218116450351001,15998.24,21149.090000000004,19273.305,0.04697423772693504
5136,2023,3,2023-10-01,,,,,,0.93885269109901
5136,2023,4,2024-01-01,0.9244984288539582,-0.46860876548627795,14650.4,15468.03,16289.065,0.3305381534702303
5136,2024,1,2024-04-01,,,,,,0.3070110301382848
5136,2024,2,2024-07-01,0.870720136499098,-1.6901540705680442,16573.190000000002,13637.49,17348.1,0.5638682059478253
5136,2024,3,2024-10-01,,,,,,0.07522671308550043
5136,2024,4,2025-01-01,0.940738453265474,-0.09972524937538377,15686.440000000002,17762.4,17777.97,0.026857651409857408
5136,2025,1,2025-04-01,,,,,,0.2558291971332361
5136,2025,2,2025-07-01,,,,,,0.40225491823114384
5136,2025,3,2025-10-01,,,,,,0.10285380726043492
5136,2025,4,2026-01-01,,,,,,1.9999999999999998
5136,2026,1,2026-04-01,,,,,,1.1412222104616232
5136,2026,2,2026-07-01,,,,,,1.1412222104616232
5207,2020,1,2020-04-01,,,,,,
5207,2020,2,2020-07-01,,,,,,
5207,2020,3,2020-10-01,,,,,,
5207,2020,4,2021-01-01,0.925602896918146,-2.50042862870378,4503.0,11963.420000000002,8894.970000000001,
5207,2021,1,2021-04-01,,,,,,
5207,2021,2,2021-07-01,0.998843693585142,0.5484887073580121,4290.929999999999,5159.290000000001,4730.58,
5207,2021,3,2021-10-01,,,,,,
5207,2021,4,2022-01-01,0.9937861093808862,0.33794817720705345,1049.12,4279.74,2681.09,
5207,2022,1,2022-04-01,,,,,,
5207,2022,2,2022-07-01,0.9972311410322802,0.4813602808871035,1826.71,1061.7699999999998,1448.25,0.08925001095217838
5207,2022,3,2022-10-01,,,,,,0.1130367834863702
5207,2022,4,2023-01-01,0.9936489628464328,0.3322389486690711,900.29,1822.02,1369.855,0.048626690751632895
5207,2023,1,2023-04-01,,,,,,0.1021452759529643
5207,2023,2,2023-07-01,0.9960781872509962,0.4333643424019228,1014.91,905.21,963.84,0.07899179377396942
5207,2023,3,2023-10-01,,,,,,1.1446654032063837
5207,2023,4,2024-01-01,0.9717134857592132,-0.5809059024183738,2266.51,971.56,1666.1650000000002,0.8254971244932029
5207,2024,1,2024-04-01,,,,,,0.32369911867782686
5207,2024,2,2024-07-01,0.9948934675034404,0.3840460288243051,2796.13,2300.56,2561.425,0.09850154839539811
5207,2024,3,2024-10-01,,,,,,0.1620389018523839
5207,2024,4,2025-01-01,0.9992136149996856,0.5638880457746951,2122.82,2807.2699999999995,2466.985,0.007188421943780887
5207,2025,1,2025-04-01,,,,,,0.004539654675228988
5207,2025,2,2025-07-01,,,,,,0.07421201870318606
5207,2025,3,2025-10-01,,,,,,1.5563541010334732
5207,2025,4,2026-01-01,,,,,,0.44364589896652684
5207,2026,1,2026-04-01,,,,,,0.0
5207,2026,2,2026-07-01,,,,,,1.2902648066153222
5449,2020,1,2020-04-01,,,,,,
5449,2020,2,2020-07-01,,,,,,
5449,2020,3,2020-10-01,,,,,,
5449,2020,4,2021-01-01,0.8764682431191378,-0.17765908930562607,6982.21,3372.6400000000003,5907.145,
5449,2021,1,2021-04-01,,,,,,
5449,2021,2,2021-07-01,0.9589963272337244,1.0913968400347298,7356.180000000001,7396.540000000001,7691.75,
5449,2021,3,2021-10-01,,,,,,
5449,2021,4,2022-01-01,0.911136751239808,0.35544762538356794,9355.98,6879.830000000001,8909.645,
5449,2022,1,2022-04-01,,,,,,
5449,2022,2,2022-07-01,0.9514504621009762,0.9753620987529525,11264.98,9615.000000000002,10972.71,0.9119420260517335
5449,2022,3,2022-10-01,,,,,,0.05290374922085553
5449,2022,4,2023-01-01,0.9089112061049648,0.32122483589695083,22160.79,10177.28,17789.455,0.05290374922085553
5449,2023,1,2023-04-01,,,,,,0.0
5449,2023,2,2023-07-01,0.9277425609749224,0.6107995038615031,18968.65,22178.82,22176.125,0.0
5449,2023,3,2023-10-01,,,,,,0.3924613389575272
5449,2023,4,2024-01-01,0.8834937584817715,-0.0696259025029031,18317.87,18165.51,20647.22,0.1586654566004662
5449,2024,1,2024-04-01,,,,,,0.718239078339203
5449,2024,2,2024-07-01,0.758208910942495,-1.996163763305124,12463.179999999998,16159.54,18875.22,0.7847035498597416
5449,2024,3,2024-10-01,,,,,,0.9106489973558385
5449,2024,4,2025-01-01,0.8157862380442588,-1.110782148816053,17751.54,13498.71,19153.455,0.05677927791985345
5449,2025,1,2025-04-01,,,,,,0.7498570636134257
5449,2025,2,2025-07-01,,,,,,0.3264443465932852
5449,2025,3,2025-10-01,,,,,,1.4265256037814054
5449,2025,4,2026-01-01,,,,,,0.05788266344254907
5449,2026,1,2026-04-01,,,,,,0.5911216422626089
5449,2026,2,2026-07-01,,,,,,2.0
5550,2018,1,2018-04-01,,,,,,
5550,2018,2,2018-07-01,,,,,,
5550,2018,3,2018-10-01,,,,,,
5550,2018,4,2019-01-01,,,,,,
5550,2019,1,2019-04-01,,,,,,
5550,2019,2,2019-07-01,,,,,,
5550,2019,3,2019-10-01,,,,,,
5550,2019,4,2020-01-01,,,,,,
5550,2020,1,2020-04-01,,,,,,
5550,2020,2,2020-07-01,,,,,,0.0
5550,2020,3,2020-10-01,,,,,,0.0
5550,2020,4,2021-01-01,,,,,,0.0
5550,2021,1,2021-04-01,,,,,,0.0
5550,2021,2,2021-07-01,,,,,,0.0
5550,2021,3,2021-10-01,,,,,,0.0
5550,2021,4,2022-01-01,,,,,,0.0
5550,2022,1,2022-04-01,,,,,,0.0
5550,2022,2,2022-07-01,,,,,,0.0
5550,2022,3,2022-10-01,,,,,,0.0
5550,2022,4,2023-01-01,,,,,,0.0
5550,2023,1,2023-04-01,,,,,,0.0
5550,2023,2,2023-07-01,,,,,,0.0
5550,2023,3,2023-10-01,,,,,,0.0
5550,2023,4,2024-01-01,,,,,,0.0
5550,2024,1,2024-04-01,,,,,,0.0
5550,2024,2,2024-07-01,,,,,,0.0
5550,2024,3,2024-10-01,,,,,,0.0
5550,2024,4,2025-01-01,,,,,,0.0
5550,2025,1,2025-04-01,,,,,,0.0
5550,2025,2,2025-07-01,,,,,,0.0
5550,2025,3,2025-10-01,,,,,,0.0
5550,2025,4,2026-01-01,,,,,,0.0
5550,2026,1,2026-04-01,,,,,,0.0
5550,2026,2,2026-07-01,,,,,,0.0
5551,2018,1,2018-04-01,,,,,,
5551,2018,2,2018-07-01,,,,,,
5551,2018,3,2018-10-01,,,,,,
5551,2018,4,2019-01-01,,,,,,
5551,2019,1,2019-04-01,,,,,,
5551,2019,2,2019-07-01,,,,,,
5551,2019,3,2019-10-01,,,,,,
5551,2019,4,2020-01-01,,,,,,
5551,2020,1,2020-04-01,,,,,,
5551,2020,2,2020-07-01,,,,,,0.0
5551,2020,3,2020-10-01,,,,,,0.0
5551,2020,4,2021-01-01,,,,,,0.0
5551,2021,1,2021-04-01,,,,,,0.0
5551,2021,2,2021-07-01,,,,,,0.0
5551,2021,3,2021-10-01,,,,,,0.0
5551,2021,4,2022-01-01,,,,,,0.0
5551,2022,1,2022-04-01,,,,,,0.0
5551,2022,2,2022-07-01,,,,,,0.0
5551,2022,3,2022-10-01,,,,,,0.0
5551,2022,4,2023-01-01,,,,,,0.0
5551,2023,1,2023-04-01,,,,,,0.0
5551,2023,2,2023-07-01,,,,,,0.0
5551,2023,3,2023-10-01,,,,,,0.0
5551,2023,4,2024-01-01,,,,,,0.0
5551,2024,1,2024-04-01,,,,,,0.0
5551,2024,2,2024-07-01,,,,,,0.0
5551,2024,3,2024-10-01,,,,,,0.0
5551,2024,4,2025-01-01,,,,,,0.0
5551,2025,1,2025-04-01,,,,,,0.0
5551,2025,2,2025-07-01,,,,,,0.0
5551,2025,3,2025-10-01,,,,,,0.0
5551,2025,4,2026-01-01,,,,,,0.0
5551,2026,1,2026-04-01,,,,,,0.0
5551,2026,2,2026-07-01,,,,,,0.0
5729,2020,1,2020-04-01,,,,,,
5729,2020,2,2020-07-01,,,,,,
5729,2020,3,2020-10-01,,,,,,
5729,2020,4,2021-01-01,0.8558123309748042,-0.6964553875552255,10338.259999999998,8895.66,11237.23,
5729,2021,1,2021-04-01,,,,,,
5729,2021,2,2021-07-01,0.9482191885230842,0.5318369494201258,5167.319999999999,11503.35,8790.515,
5729,2021,3,2021-10-01,,,,,,
5729,2021,4,2022-01-01,0.997244332611448,1.1834899803803867,11895.36,5598.33,8771.015,
5729,2022,1,2022-04-01,,,,,,
5729,2022,2,2022-07-01,0.9107944803647964,0.03437947208575584,11322.39,10834.479999999996,12163.485,0.2389266669489604
5729,2022,3,2022-10-01,,,,,,0.07760515134256973
5729,2022,4,2023-01-01,0.8172890122609139,-1.2085158387658776,8859.63,10269.24,11702.635,0.5217792714769901
5729,2023,1,2023-04-01,,,,,,0.18227472136870648
5729,2023,2,2023-07-01,0.94415939563811,0.4778732867372405,6381.040000000001,10498.67,8939.015,0.6659003114902889
5729,2023,3,2023-10-01,,,,,,0.9859315178467458
5729,2023,4,2024-01-01,0.9145144970559108,0.0838267546397476,9146.22,6164.6,8371.01,0.8824612773698062
5729,2024,1,2024-04-01,,,,,,0.4197535577091928
5729,2024,2,2024-07-01,1.0000000000000002,1.2201189192537076,7216.169999999999,9861.820000000002,8538.994999999999,0.06868839636228702
5729,2024,3,2024-10-01,,,,,,0.007199338456513382
5729,2024,4,2025-01-01,0.7858391658054183,-1.6265541361958462,10072.03,5142.94,9680.715,0.032055336816602054
5729,2025,1,2025-04-01,,,,,,0.030063876362726782
5729,2025,2,2025-07-01,,,,,,0.3588470426140698
5729,2025,3,2025-10-01,,,,,,1.26884837296203
5729,2025,4,2026-01-01,,,,,,0.5935975995785225
5729,2026,1,2026-04-01,,,,,,0.0
5729,2026,2,2026-07-01,,,,,,0.6297883152604047
5765,2020,1,2020-04-01,,,,,,
5765,2020,2,2020-07-01,,,,,,
5765,2020,3,2020-10-01,,,,,,
5765,2020,4,2021-01-01,0.8990565445683325,0.6506936058710657,1444.9199999999998,2852.8399999999992,2390.15,
5765,2021,1,2021-04-01,,,,,,
5765,2021,2,2021-07-01,0.990899919902668,1.0792457483607762,4540.239999999999,1657.7299999999998,3127.445,
5765,2021,3,2021-10-01,,,,,,
5765,2021,4,2022-01-01,0.925827528150631,0.7756102079557213,6029.099999999999,4160.53,5502.985,
5765,2022,1,2022-04-01,,,,,,
5765,2022,2,2022-07-01,0.9104802425943128,0.7039979432428991,1964.0,6043.61,4397.465,0.8259170163282891
5765,2022,3,2022-10-01,,,,,,0.16439813087208305
5765,2022,4,2023-01-01,0.2922860279100684,-2.1805699879036156,597.32,739.3799999999999,2286.63,0.3502823863388913
5765,2023,1,2023-04-01,,,,,,0.0028896503065153345
5765,2023,2,2023-07-01,0.6055556899067335,-0.7188163846961755,1767.8800000000003,1236.96,2481.06,0.029146716099072212
5765,2023,3,2023-10-01,,,,,,0.05983459097241395
5765,2023,4,2024-01-01,0.7557745437365843,-0.017877297725750165,4091.66,1795.34,3894.68,1.044054986416152
5765,2024,1,2024-04-01,,,,,,0.42349314136850486
5765,2024,2,2024-07-01,0.7275258864791545,-0.14968890140494567,121.59,4228.28,2989.495,0.19746321628435498
5765,2024,3,2024-10-01,,,,,,0.08245978594358719
5765,2024,4,2025-01-01,0.7290462007511869,-0.14259493369997633,4712.349999999999,50.99,3266.83,0.04919092364297234
5765,2025,1,2025-04-01,,,,,,0.21158609488657518
5765,2025,2,2025-07-01,,,,,,0.6989782979224388
5765,2025,3,2025-10-01,,,,,,1.5512494171437838
5765,2025,4,2026-01-01,,,,,,0.4487505828562161
5765,2026,1,2026-04-01,,,,,,1.186398362628383
5765,2026,2,2026-07-01,,,,,,1.186398362628383
5774,2020,1,2020-04-01,,,,,,
5774,2020,2,2020-07-01,,,,,,
5774,2020,3,2020-10-01,,,,,,
5774,2020,4,2021-01-01,0.934316880315579,0.15999568103197406,9785.3,4560.790000000001,7677.315,
5774,2021,1,2021-04-01,,,,,,
5774,2021,2,2021-07-01,1.0,0.697940212860366,1855.59,10289.57,6072.58,
5774,2021,3,2021-10-01,,,,,,
5774,2021,4,2022-01-01,0.9955272650803152,0.6613085287393539,611.64,1850.06,1236.38,
5774,2022,1,2022-04-01,,,,,,
5774,2022,2,2022-07-01,0.9889963021342142,0.607819963925308,1042.18,607.99,834.2649999999999,0.2313405472549327
5774,2022,3,2022-10-01,,,,,,0.2704517316695654
5774,2022,4,2023-01-01,0.8917282982856753,-0.1888046641919689,336.27000000000004,971.94,733.525,0.5623827734821024
5774,2023,1,2023-04-01,,,,,,0.4471373385729938
5774,2023,2,2023-07-01,0.9750392385195688,0.4935116593266102,364.49,405.83,395.02,0.05721331565391882
5774,2023,3,2023-10-01,,,,,,0.13510442412882645
5774,2023,4,2024-01-01,0.8902982409836829,-0.20051682874055,234.43,339.02000000000004,322.055,1.0355901445612914
5774,2024,1,2024-04-01,,,,,,0.03181953141449462
5774,2024,2,2024-07-01,0.6086759371221282,-2.5070025610126425,49.53,192.09,198.48,0.020819862576148318
5774,2024,3,2024-10-01,,,,,,0.03764998425678312
5774,2024,4,2025-01-01,0.9484502593169268,0.2757480080615409,742.5200000000001,104.19,446.365,0.0038700584687915707
5774,2025,1,2025-04-01,,,,,,0.012735328684978342
5774,2025,2,2025-07-01,,,,,,0.058194576714487856
5774,2025,3,2025-10-01,,,,,,1.2380500771253928
5774,2025,4,2026-01-01,,,,,,0.6619422779579627
5774,2026,1,2026-04-01,,,,,,0.10000764491664453
5774,2026,2,2026-07-01,,,,,,0.0
5775,2018,3,2018-10-01,,,,,,
5775,2018,4,2019-01-01,,,,,,
5775,2019,1,2019-04-01,,,,,,
5775,2019,2,2019-07-01,,,,,,
5775,2019,3,2019-10-01,,,,,,
5775,2019,4,2020-01-01,,,,,,
5775,2020,1,2020-04-01,,,,,,
5775,2020,2,2020-07-01,,,,,,
5775,2020,3,2020-10-01,,,,,,
5775,2020,4,2021-01-01,,,,,,0.0
5775,2021,1,2021-04-01,,,,,,0.0
5775,2021,2,2021-07-01,,,,,,0.0
5775,2021,3,2021-10-01,,,,,,0.0
5775,2021,4,2022-01-01,,,,,,0.0
5775,2022,1,2022-04-01,,,,,,0.0
5775,2022,2,2022-07-01,,,,,,0.0
5775,2022,3,2022-10-01,,,,,,0.0
5775,2022,4,2023-01-01,,,,,,0.0
5775,2023,1,2023-04-01,,,,,,0.0
5775,2023,2,2023-07-01,,,,,,0.0
5775,2023,3,2023-10-01,,,,,,0.0
5775,2023,4,2024-01-01,,,,,,0.0
5775,2024,1,2024-04-01,,,,,,0.0
5775,2024,2,2024-07-01,,,,,,0.0
5775,2024,3,2024-10-01,,,,,,0.0
5775,2024,4,2025-01-01,,,,,,0.0
5775,2025,1,2025-04-01,,,,,,0.0
5775,2025,2,2025-07-01,,,,,,0.0
5775,2025,3,2025-10-01,,,,,,0.0
5775,2025,4,2026-01-01,,,,,,0.0
5775,2026,1,2026-04-01,,,,,,0.0
5775,2026,2,2026-07-01,,,,,,0.0
5776,2018,3,2018-10-01,,,,,,
5776,2018,4,2019-01-01,,,,,,
5776,2019,1,2019-04-01,,,,,,
5776,2019,2,2019-07-01,,,,,,
5776,2019,3,2019-10-01,,,,,,
5776,2019,4,2020-01-01,,,,,,
5776,2020,1,2020-04-01,,,,,,
5776,2020,2,2020-07-01,,,,,,
5776,2020,3,2020-10-01,,,,,,
5776,2020,4,2021-01-01,,,,,,0.0
5776,2021,1,2021-04-01,,,,,,0.0
5776,2021,2,2021-07-01,,,,,,0.0
5776,2021,3,2021-10-01,,,,,,0.0
5776,2021,4,2022-01-01,,,,,,0.0
5776,2022,1,2022-04-01,,,,,,0.0
5776,2022,2,2022-07-01,,,,,,0.0
5776,2022,3,2022-10-01,,,,,,0.0
5776,2022,4,2023-01-01,,,,,,0.0
5776,2023,1,2023-04-01,,,,,,0.0
5776,2023,2,2023-07-01,,,,,,0.0
5776,2023,3,2023-10-01,,,,,,0.0
5776,2023,4,2024-01-01,,,,,,0.0
5776,2024,1,2024-04-01,,,,,,0.0
5776,2024,2,2024-07-01,,,,,,0.0
5776,2024,3,2024-10-01,,,,,,0.0
5776,2024,4,2025-01-01,,,,,,0.0
5776,2025,1,2025-04-01,,,,,,0.0
5776,2025,2,2025-07-01,,,,,,0.0
5776,2025,3,2025-10-01,,,,,,0.0
5776,2025,4,2026-01-01,,,,,,0.0
5776,2026,1,2026-04-01,,,,,,0.0
5776,2026,2,2026-07-01,,,,,,0.0
5787,2020,1,2020-04-01,,,,,,
5787,2020,2,2020-07-01,,,,,,
5787,2020,3,2020-10-01,,,,,,
5787,2020,4,2021-01-01,1.0,0.7608395903033128,837.4900000000001,1524.41,1180.95,
5787,2021,1,2021-04-01,,,,,,
5787,2021,2,2021-07-01,0.971969432021966,-0.7204592518704218,1812.62,799.8199999999999,1343.89,
5787,2021,3,2021-10-01,,,,,,
5787,2021,4,2022-01-01,0.9921282160295803,0.344848573269265,2788.5199999999995,1831.9600000000005,2328.57,
5787,2022,1,2022-04-01,,,,,,
5787,2022,2,2022-07-01,0.988655756798646,0.1613435568061896,4808.219999999999,2763.4099999999994,3829.255,1.0318832121471846
5787,2022,3,2022-10-01,,,,,,0.5532624928224803
5787,2022,4,2023-01-01,0.9406502291075716,-2.3755487616959905,4131.28,4576.94,4628.83,0.19930327125513972
5787,2023,1,2023-04-01,,,,,,0.22532093972930106
5787,2023,2,2023-07-01,0.9873564095979122,0.09267846569790117,2752.11,4360.459999999999,3601.825,0.43888112209718066
5787,2023,3,2023-10-01,,,,,,0.07840555480316902
5787,2023,4,2024-01-01,0.99175479231314,0.32511468420798173,113.21,2785.6,1461.4550000000002,0.21390974160325077
5787,2024,1,2024-04-01,,,,,,0.465430238086715
5787,2024,2,2024-07-01,0.9981221916705788,0.6616052363517416,917.53,124.28,521.885,0.4268324807450158
5787,2024,3,2024-10-01,,,,,,0.09414774192008718
5787,2024,4,2025-01-01,0.9997868955457492,0.7495779069299618,1802.87,918.22,1360.835,0.05172961034990359
5787,2025,1,2025-04-01,,,,,,0.49731048219043866
5787,2025,2,2025-07-01,,,,,,1.3933339359390584
5787,2025,3,2025-10-01,,,,,,0.6252618415174704
5787,2025,4,2026-01-01,,,,,,1.325400272922424
5787,2026,1,2026-04-01,,,,,,1.325400272922424
5787,2026,2,2026-07-01,,,,,,2.0
5819,2020,1,2020-04-01,,,,,,
5819,2020,2,2020-07-01,,,,,,
5819,2020,3,2020-10-01,,,,,,
5819,2020,4,2021-01-01,0.9657537046545656,0.7620740586276724,14019.64,7478.53,11130.255,
5819,2021,1,2021-04-01,,,,,,
5819,2021,2,2021-07-01,0.8966956922538132,-0.08453120714801797,12840.7,12917.09,14362.615,
5819,2021,3,2021-10-01,,,,,,
5819,2021,4,2022-01-01,0.8537588057281775,-0.6109088563868831,10282.43,12383.21,13274.03,
5819,2022,1,2022-04-01,,,,,,
5819,2022,2,2022-07-01,0.7462473570448177,-1.92892765568719,13717.79,8454.01,14855.53,0.2375259368614979
5819,2022,3,2022-10-01,,,,,,0.016126895463864324
5819,2022,4,2023-01-01,0.9615760644673016,0.7108589706444093,15908.54,16833.250000000004,17025.065,0.24430606758198853
5819,2023,1,2023-04-01,,,,,,0.0
5819,2023,2,2023-07-01,0.9426138427074326,0.4783947534649335,5823.36,15901.410000000002,11523.685,0.0
5819,2023,3,2023-10-01,,,,,,1.6548595318201558
5819,2023,4,2024-01-01,0.8197651423193902,-1.0276485429836577,2855.23,5559.610000000001,5132.469999999999,0.9564218685242285
5819,2024,1,2024-04-01,,,,,,0.30730641459084734
5819,2024,2,2024-07-01,0.9894416709703334,1.0524727585217308,4540.52,3736.12,4182.48,0.04010162003871253
5819,2024,3,2024-10-01,,,,,,0.04753855553594105
5819,2024,4,2025-01-01,0.9564662234477532,0.6482157209470123,5643.069999999999,4357.099999999999,5227.665,0.04351171999725517
5819,2025,1,2025-04-01,,,,,,0.006788430140023616
5819,2025,2,2025-07-01,,,,,,0.11746632109883504
5819,2025,3,2025-10-01,,,,,,1.8708426402777774
5819,2025,4,2026-01-01,,,,,,0.08889812046481523
5819,2026,1,2026-04-01,,,,,,0.07579696676093992
5819,2026,2,2026-07-01,,,,,,0.07392413992076341
5844,2020,1,2020-04-01,,,,,,
5844,2020,2,2020-07-01,,,,,,
5844,2020,3,2020-10-01,,,,,,
5844,2020,4,2021-01-01,0.5760851516057254,-0.8999860277238754,1747.5399999999995,1721.76,3011.1000000000004,
5844,2021,1,2021-04-01,,,,,,
5844,2021,2,2021-07-01,0.6859467621440204,-0.45429869278970303,2089.79,2071.41,3033.1800000000003,
5844,2021,3,2021-10-01,,,,,,
5844,2021,4,2022-01-01,0.9540626842031036,0.6333958182449569,2361.1800000000003,2915.34,2765.29,
5844,2022,1,2022-04-01,,,,,,
5844,2022,2,2022-07-01,1.0,0.819754635954184,3704.09,2488.21,3096.15,0.5540825371518496
5844,2022,3,2022-10-01,,,,,,0.39344318924925986
5844,2022,4,2023-01-01,0.7752245599073675,-0.09211591066065004,5809.01,2499.56,5358.8150000000005,0.5528816429719648
5844,2023,1,2023-04-01,,,,,,0.11759504976233487
5844,2023,2,2023-07-01,1.0000000000000002,0.8197546359541849,143.0,7013.540000000001,3578.27,0.24552852806334496
5844,2023,3,2023-10-01,,,,,,0.6209002409724431
5844,2023,4,2024-01-01,0.9900913576821704,0.7795571878573341,1363.33,135.5,756.915,0.19004868260052138
5844,2024,1,2024-04-01,,,,,,0.08407576388872723
5844,2024,2,2024-07-01,0.9181759046869112,0.48781008503411155,870.29,1275.2299999999998,1168.36,0.11752626063000376
5844,2024,3,2024-10-01,,,,,,0.5666477170105608
5844,2024,4,2025-01-01,0.2817931760987885,-2.0938717318705438,238.72000000000003,290.92999999999995,939.785,0.286931223469222
5844,2025,1,2025-04-01,,,,,,0.1925896145904008
5844,2025,2,2025-07-01,,,,,,0.09489845453303226
5844,2025,3,2025-10-01,,,,,,1.2513171254765783
5844,2025,4,2026-01-01,,,,,,0.25328939944780615
5844,2026,1,2026-04-01,,,,,,0.11130562621375611
5844,2026,2,2026-07-01,,,,,,0.7114505437492441
5875,2020,1,2020-04-01,,,,,,
5875,2020,2,2020-07-01,,,,,,
5875,2020,3,2020-10-01,,,,,,
5875,2020,4,2021-01-01,0.9970566677685,0.5644725159479006,516.33,6421.289999999999,3479.05,
5875,2021,1,2021-04-01,,,,,,
5875,2021,2,2021-07-01,0.9899287785563484,-0.4897219875536394,684.63,520.4399999999999,608.6650000000001,
5875,2021,3,2021-10-01,,,,,,
5875,2021,4,2022-01-01,0.9962963507297068,0.45202379243969415,667.54,688.24,680.4100000000001,
5875,2022,1,2022-04-01,,,,,,
5875,2022,2,2022-07-01,1.0000000000000002,0.9997829659387277,1205.35,670.0600000000001,937.705,0.2313904514501971
5875,2022,3,2022-10-01,,,,,,0.17709161164061135
5875,2022,4,2023-01-01,0.9771156406986496,-2.3847485655714338,197.72000000000003,1189.11,709.655,0.24778899188138337
5875,2023,1,2023-04-01,,,,,,0.2167468104507924
5875,2023,2,2023-07-01,0.9959269135551044,0.3973850870301037,1354.13,210.76,785.645,0.276501849855858
5875,2023,3,2023-10-01,,,,,,0.0
5875,2023,4,2024-01-01,0.9938827707319248,0.0950621882826847,2224.81,1346.34,1796.5649999999998,0.0
5875,2024,1,2024-04-01,,,,,,0.0
5875,2024,2,2024-07-01,0.9971674752009267,0.5808606194571777,1212.06,2230.91,1726.375,0.0
5875,2024,3,2024-10-01,,,,,,0.6571535381562603
5875,2024,4,2025-01-01,0.991785510553337,-0.2151166159712812,266.98,1210.83,745.0250000000001,0.061901093074113234
5875,2025,1,2025-04-01,,,,,,0.2166517812144551
5875,2025,2,2025-07-01,,,,,,0.8921435107212441
5875,2025,3,2025-10-01,,,,,,0.7840496300100205
5875,2025,4,2026-01-01,,,,,,1.0819971079227466
5875,2026,1,2026-04-01,,,,,,1.0819971079227466
5875,2026,2,2026-07-01,,,,,,2.0
5903,2018,2,2018-07-01,,,,,,
5903,2018,3,2018-10-01,,,,,,
5903,2018,4,2019-01-01,,,,,,
5903,2019,1,2019-04-01,,,,,,
5903,2019,2,2019-07-01,,,,,,
5903,2019,3,2019-10-01,,,,,,
5903,2019,4,2020-01-01,,,,,,
5903,2020,1,2020-04-01,,,,,,
5903,2020,2,2020-07-01,,,,,,
5903,2020,3,2020-10-01,,,,,,0.0
5903,2020,4,2021-01-01,,,,,,0.0
5903,2021,1,2021-04-01,,,,,,0.0
5903,2021,2,2021-07-01,,,,,,0.0
5903,2021,3,2021-10-01,,,,,,0.0
5903,2021,4,2022-01-01,,,,,,0.0
5903,2022,1,2022-04-01,,,,,,0.0
5903,2022,2,2022-07-01,,,,,,0.0
5903,2022,3,2022-10-01,,,,,,0.0
5903,2022,4,2023-01-01,,,,,,0.0
5903,2023,1,2023-04-01,,,,,,0.0
5903,2023,2,2023-07-01,,,,,,0.0
5903,2023,3,2023-10-01,,,,,,0.0
5903,2023,4,2024-01-01,,,,,,0.0
5903,2024,1,2024-04-01,,,,,,0.0
5903,2024,2,2024-07-01,,,,,,0.0
5903,2024,3,2024-10-01,,,,,,0.0
5903,2024,4,2025-01-01,,,,,,0.0
5903,2025,1,2025-04-01,,,,,,0.0
5903,2025,2,2025-07-01,,,,,,0.0
5903,2025,3,2025-10-01,,,,,,0.0
5903,2025,4,2026-01-01,,,,,,0.0
5903,2026,1,2026-04-01,,,,,,0.0
5903,2026,2,2026-07-01,,,,,,0.0
5914,2020,1,2020-04-01,,,,,,
5914,2020,2,2020-07-01,,,,,,
5914,2020,3,2020-10-01,,,,,,
5914,2020,4,2021-01-01,0.9155205558320404,0.2812310244321242,19553.63,3901.32,12809.625,
5914,2021,1,2021-04-01,,,,,,
5914,2021,2,2021-07-01,0.9067950448358209,0.18202890769891752,14258.760000000002,18930.12,18300.1,
5914,2021,3,2021-10-01,,,,,,
5914,2021,4,2022-01-01,0.9030848368999332,0.1398467958524182,20772.92,14093.56,19304.1,
5914,2022,1,2022-04-01,,,,,,
5914,2022,2,2022-07-01,0.966928091359848,0.8656937960228744,11793.02,22064.76,17507.91,0.11121471437731194
5914,2022,3,2022-10-01,,,,,,0.17844016390224457
5914,2022,4,2023-01-01,0.9210798008294204,0.3444352163032398,8635.640000000001,11509.02,10935.35,0.24296688089378832
5914,2023,1,2023-04-01,,,,,,0.2461796985406765
5914,2023,2,2023-07-01,0.9197260488664554,0.32904413372755426,8017.41,8766.220000000001,9124.255,0.22462362973983663
5914,2023,3,2023-10-01,,,,,,1.187516811933332
5914,2023,4,2024-01-01,0.707953920430239,-2.0786364496871372,4664.830000000001,6456.049999999998,7854.24,0.5243940100679569
5914,2024,1,2024-04-01,,,,,,0.39610320415293065
5914,2024,2,2024-07-01,0.7882962124334302,-1.1652085216990657,4193.06,5638.46,6235.93,0.06009434640511674
5914,2024,3,2024-10-01,,,,,,0.35399973112231387
5914,2024,4,2025-01-01,0.9876746006198204,1.1015650973490698,7083.299999999999,5435.12,6337.32,0.02778684384278801
5914,2025,1,2025-04-01,,,,,,0.0597366830272095
5914,2025,2,2025-07-01,,,,,,0.16317834762248745
5914,2025,3,2025-10-01,,,,,,0.780219889864477
5914,2025,4,2026-01-01,,,,,,1.0609085658201183
5914,2026,1,2026-04-01,,,,,,0.32159602055367853
5914,2026,2,2026-07-01,,,,,,0.6014282445054693
5939,2020,1,2020-04-01,,,,,,
5939,2020,2,2020-07-01,,,,,,
5939,2020,3,2020-10-01,,,,,,
5939,2020,4,2021-01-01,1.0,0.693267345523638,1160.86,0.0,580.4300000000001,
5939,2021,1,2021-04-01,,,,,,
5939,2021,2,2021-07-01,0.9748048837561426,0.26749739489214297,2425.83,1115.1,1816.225,
5939,2021,3,2021-10-01,,,,,,
5939,2021,4,2022-01-01,0.9990584912321996,0.6773568755061308,2879.0,2469.07,2676.5550000000003,
5939,2022,1,2022-04-01,,,,,,
5939,2022,2,2022-07-01,0.9976342094922298,0.653288069462812,4540.610000000001,2872.73,3715.46,0.9786821613194542
5939,2022,3,2022-10-01,,,,,,0.23415700537809125
5939,2022,4,2023-01-01,0.998491216201418,0.6677705469687804,7769.110000000001,4540.1,6163.905,0.1063153791081165
5939,2023,1,2023-04-01,,,,,,0.04665267521325078
5939,2023,2,2023-07-01,0.9949131985717584,0.6073059563396264,26878.04,7690.04,17372.41,0.009620649903659906
5939,2023,3,2023-10-01,,,,,,0.44992421125193655
5939,2023,4,2024-01-01,0.8688262612175721,-1.5234255938931114,19806.26,24176.94,25311.85,1.348912266307967
5939,2024,1,2024-04-01,,,,,,0.2847751282497446
5939,2024,2,2024-07-01,0.9469563565839152,-0.20311230281742332,20286.46,21943.75,22297.865,0.47158740638697827
5939,2024,3,2024-10-01,,,,,,0.10734850426308845
5939,2024,4,2025-01-01,0.8500958971785976,-1.8399482919826031,16990.37,18353.029999999995,20787.89,0.08868101668113493
5939,2025,1,2025-04-01,,,,,,0.09558222099317554
5939,2025,2,2025-07-01,,,,,,0.4678779435481751
5939,2025,3,2025-10-01,,,,,,0.5646695574903151
5939,2025,4,2026-01-01,,,,,,1.271408623170625
5939,2026,1,2026-04-01,,,,,,0.02548078212060728
5939,2026,2,2026-07-01,,,,,,0.5013003817113006
5940,2020,1,2020-04-01,,,,,,
5940,2020,2,2020-07-01,,,,,,
5940,2020,3,2020-10-01,,,,,,
5940,2020,4,2021-01-01,0.9961944657816209,0.6392637149546473,1143.0000000000002,8207.61,4693.165,
5940,2021,1,2021-04-01,,,,,,
5940,2021,2,2021-07-01,0.9748048837561426,0.2774916023354594,2425.83,1115.1,1816.225,
5940,2021,3,2021-10-01,,,,,,
5940,2021,4,2022-01-01,0.9990584912321996,0.6877043313545754,2879.0,2469.07,2676.5550000000003,
5940,2022,1,2022-04-01,,,,,,
5940,2022,2,2022-07-01,0.9976342094922298,0.6636147809641078,4540.610000000001,2872.73,3715.46,0.9779248014260467
5940,2022,3,2022-10-01,,,,,,0.23398270365363444
5940,2022,4,2023-01-01,0.998491216201418,0.6781097405824177,7769.110000000001,4540.1,6163.905,0.10615465521374842
5940,2023,1,2023-04-01,,,,,,0.04679400621312935
5940,2023,2,2023-07-01,0.9949131985717584,0.6175930369213181,26878.04,7690.04,17372.41,0.00943682362970738
5940,2023,3,2023-10-01,,,,,,0.4482275279024252
5940,2023,4,2024-01-01,0.8674363562754978,-1.5384830609008942,19806.26,23646.160000000003,25046.46,1.3481703744414024
5940,2024,1,2024-04-01,,,,,,0.28543535986186497
5940,2024,2,2024-07-01,0.9469563565839152,-0.19352370298602495,20286.46,21943.75,22297.865,0.47184913404268036
5940,2024,3,2024-10-01,,,,,,0.10879065567295046
5940,2024,4,2025-01-01,0.8500958971785976,-1.8317704432256046,16990.37,18353.029999999995,20787.89,0.08736985044187406
5940,2025,1,2025-04-01,,,,,,0.09491379920499507
5940,2025,2,2025-07-01,,,,,,0.4712008749923774
5940,2025,3,2025-10-01,,,,,,0.5627626514851001
5940,2025,4,2026-01-01,,,,,,1.2672684786288222
5940,2026,1,2026-04-01,,,,,,0.024804845626543462
5940,2026,2,2026-07-01,,,,,,0.49138729794649544
6025,2020,1,2020-04-01,,,,,,
6025,2020,2,2020-07-01,,,,,,
6025,2020,3,2020-10-01,,,,,,
6025,2020,4,2021-01-01,0.1973143440745024,-1.718952105864784,1434.8300000000002,1368.48,7103.665,
6025,2021,1,2021-04-01,,,,,,
6025,2021,2,2021-07-01,0.1719557683165216,-1.7915063455966291,1022.82,1371.64,6962.43,
6025,2021,3,2021-10-01,,,,,,
6025,2021,4,2022-01-01,0.9713792444098356,0.495749969004755,325.84,6684.74,3608.57,
6025,2022,1,2022-04-01,,,,,,
6025,2022,2,2022-07-01,0.978706700112977,0.5167147890634242,87.55,423.56,261.115,0.7737434393608322
6025,2022,3,2022-10-01,,,,,,0.28443139833127323
6025,2022,4,2023-01-01,1.0,0.5776377367648116,7062.099999999999,93.11,3577.605,1.0642105929259764
6025,2023,1,2023-04-01,,,,,,0.38316117729951094
6025,2023,2,2023-07-01,1.0,0.5776377367648116,465.0999999999999,7062.099999999999,3763.6,0.4632695204894696
6025,2023,3,2023-10-01,,,,,,0.12101203079936201
6025,2023,4,2024-01-01,0.8890176055834441,0.26010242534343625,195.31,426.3,349.605,0.5723145762042599
6025,2024,1,2024-04-01,,,,,,0.5723145762042599
6025,2024,2,2024-07-01,0.9981709441412148,0.5724045660012889,1830.64,232.22,1033.32,0.124975748416041
6025,2024,3,2024-10-01,,,,,,0.9414623565907384
6025,2024,4,2025-01-01,0.9764336278104516,0.5102112285188877,576.9599999999999,1803.8,1219.11,0.42407537472110146
6025,2025,1,2025-04-01,,,,,,0.517386981869637
6025,2025,2,2025-07-01,,,,,,0.5610182549838144
6025,2025,3,2025-10-01,,,,,,0.9328341905404065
6025,2025,4,2026-01-01,,,,,,0.15716036563362226
6025,2026,1,2026-04-01,,,,,,0.01790182744647939
6025,2026,2,2026-07-01,,,,,,0.3008962180682704
6154,2020,1,2020-04-01,,,,,,
6154,2020,2,2020-07-01,,,,,,
6154,2020,3,2020-10-01,,,,,,
6154,2020,4,2021-01-01,0.7589942641737533,-0.5714718362261819,7190.17,10238.38,11481.345,
6154,2021,1,2021-04-01,,,,,,
6154,2021,2,2021-07-01,0.6360601843396213,-1.7686567380010914,5942.77,6420.299999999999,9718.475,
6154,2021,3,2021-10-01,,,,,,
6154,2021,4,2022-01-01,0.8671398082762606,0.48169594904899354,8936.169999999998,8169.289999999999,9863.15,
6154,2022,1,2022-04-01,,,,,,
6154,2022,2,2022-07-01,0.7683790769852026,-0.48007849583586787,2365.41,8594.68,7131.955,0.6016347950705223
6154,2022,3,2022-10-01,,,,,,0.17284604662555242
6154,2022,4,2023-01-01,0.7794002505480739,-0.37274957120314756,4618.75,2946.67,4853.36,0.7332913928195149
6154,2023,1,2023-04-01,,,,,,0.17639697139003385
6154,2023,2,2023-07-01,0.9006882162974563,0.8084047641778037,12293.799999999996,4749.77,9461.415,0.22303691317862887
6154,2023,3,2023-10-01,,,,,,0.7188547406058636
6154,2023,4,2024-01-01,0.8976170797680504,0.7784967167978178,3940.46,12306.84,9050.24,1.2088404792059455
6154,2024,1,2024-04-01,,,,,,0.02266701231962226
6154,2024,2,2024-07-01,0.979420651251023,1.5751350519349592,8071.73,4732.53,6536.65,0.45505952987028275
6154,2024,3,2024-10-01,,,,,,0.3252558762812857
6154,2024,4,2025-01-01,0.771388048232091,-0.450775840693291,10465.420000000002,5796.52,10540.7,0.2756172929855073
6154,2025,1,2025-04-01,,,,,,0.01851376447983505
6154,2025,2,2025-07-01,,,,,,0.5795141493062388
6154,2025,3,2025-10-01,,,,,,0.2185856499028916
6154,2025,4,2026-01-01,,,,,,0.39937427277164506
6154,2026,1,2026-04-01,,,,,,0.024128278363549416
6154,2026,2,2026-07-01,,,,,,0.6678108133200633
6250,2020,1,2020-04-01,,,,,,
6250,2020,2,2020-07-01,,,,,,
6250,2020,3,2020-10-01,,,,,,
6250,2020,4,2021-01-01,0.9468404993787042,0.2725827333663705,4268.32,3008.67,3842.775,
6250,2021,1,2021-04-01,,,,,,
6250,2021,2,2021-07-01,0.9854095507094062,0.7836453485557686,363.54,4437.06,2435.84,
6250,2021,3,2021-10-01,,,,,,
6250,2021,4,2022-01-01,0.990115563394514,0.8460027845565654,8808.119999999999,353.35,4626.465,
6250,2022,1,2022-04-01,,,,,,
6250,2022,2,2022-07-01,0.9996907893761946,0.9728801606493439,11388.12,8850.72,10122.55,0.35078644509665224
6250,2022,3,2022-10-01,,,,,,0.07992690818447895
6250,2022,4,2023-01-01,0.8946631767083016,-0.4187974810152637,10700.75,10163.01,11660.12,0.047542077570435604
6250,2023,1,2023-04-01,,,,,,0.015537761422100116
6250,2023,2,2023-07-01,0.8540767106394295,-0.9565920280629434,10803.14,10139.88,12260.62,0.0045356749849302935
6250,2023,3,2023-10-01,,,,,,0.14511036917036613
6250,2023,4,2024-01-01,0.894339300242521,-0.42308903468042786,6919.71,11503.93,10300.14,1.0074852584124754
6250,2024,1,2024-04-01,,,,,,0.41581323308930207
6250,2024,2,2024-07-01,0.7816125722812909,-1.916784482350168,7273.93,6134.79,8577.6,0.5343537265489275
6250,2024,3,2024-10-01,,,,,,0.3918639187407919
6250,2024,4,2025-01-01,0.9896740142721724,0.8401519989807517,11202.41,9041.559999999998,10227.595,0.12553012778919298
6250,2025,1,2025-04-01,,,,,,0.17755355500188835
6250,2025,2,2025-07-01,,,,,,0.4926971881126049
6250,2025,3,2025-10-01,,,,,,0.6778626793872011
6250,2025,4,2026-01-01,,,,,,0.1759500022029195
6250,2026,1,2026-04-01,,,,,,0.7059538587726178
6250,2026,2,2026-07-01,,,,,,0.771324934201248
6271,2020,1,2020-04-01,,,,,,
6271,2020,2,2020-07-01,,,,,,
6271,2020,3,2020-10-01,,,,,,
6271,2020,4,2021-01-01,0.7316765798608083,0.9242879117779034,972.8,2383.02,2293.24,
6271,2021,1,2021-04-01,,,,,,
6271,2021,2,2021-07-01,0.5521394033391115,-0.43156889352092087,623.5600000000001,949.9600000000002,1424.9299999999998,
6271,2021,3,2021-10-01,,,,,,
6271,2021,4,2022-01-01,0.4559127622346724,-1.1582682252146788,385.81000000000006,646.0299999999999,1131.62,
6271,2022,1,2022-04-01,,,,,,
6271,2022,2,2022-07-01,0.376521623419827,-1.7578265892704004,291.55999999999995,415.83,939.375,0.29956126986966536
6271,2022,3,2022-10-01,,,,,,0.2635733358635855
6271,2022,4,2023-01-01,0.6009314908991285,-0.06309320929409237,525.2,527.65,876.015,0.3950975039729732
6271,2023,1,2023-04-01,,,,,,0.2506404742064979
6271,2023,2,2023-07-01,0.7985030628253941,1.4289585513474743,924.99,673.1500000000001,1000.71,0.29867984245179524
6271,2023,3,2023-10-01,,,,,,0.6252375768465684
6271,2023,4,2024-01-01,0.6404631688603081,0.23544827179057623,511.11,767.6899999999998,998.34,0.4830488785180972
6271,2024,1,2024-04-01,,,,,,0.14056872350003244
6271,2024,2,2024-07-01,0.6915942313472663,0.6215877910712737,508.75999999999993,618.6700000000001,815.095,0.18371090770078785
6271,2024,3,2024-10-01,,,,,,0.10075651611740721
6271,2024,4,2025-01-01,0.6358320664249795,0.2004743913128612,568.72,464.31,812.345,0.012809972446231221
6271,2025,1,2025-04-01,,,,,,0.007771554198206132
6271,2025,2,2025-07-01,,,,,,0.041431317421000424
6271,2025,3,2025-10-01,,,,,,0.382395358102388
6271,2025,4,2026-01-01,,,,,,0.5306353320794921
6271,2026,1,2026-04-01,,,,,,0.39427124090279697
6271,2026,2,2026-07-01,,,,,,0.36692046796704725
6281,2020,1,2020-04-01,,,,,,
6281,2020,2,2020-07-01,,,,,,
6281,2020,3,2020-10-01,,,,,,
6281,2020,4,2021-01-01,0.9441234919858704,-0.44588039824586606,10450.56,4068.02,7688.92,
6281,2021,1,2021-04-01,,,,,,
6281,2021,2,2021-07-01,0.8597573629529742,-2.159644616289707,10358.89,9278.57,11420.35,
6281,2021,3,2021-10-01,,,,,,
6281,2021,4,2022-01-01,0.9228035697601298,-0.8789608330220688,6355.289999999999,11225.169999999998,9525.57,
6281,2022,1,2022-04-01,,,,,,
6281,2022,2,2022-07-01,0.9684235874180728,0.04773753260077532,9421.57,6825.75,8388.54,0.0734187473360049
6281,2022,3,2022-10-01,,,,,,0.21864357741854715
6281,2022,4,2023-01-01,0.9997236099116608,0.6835478890598551,12091.35,9683.44,10890.405,0.28604663034463174
6281,2023,1,2023-04-01,,,,,,0.4097257920828915
6281,2023,2,2023-07-01,0.9998302187540696,0.6857134787525642,37.87,12093.330000000002,6066.63,0.7533801105683575
6281,2023,3,2023-10-01,,,,,,0.901515113849682
6281,2023,4,2024-01-01,1.0,0.6891623157148113,25.32,38.9,32.11,0.5283648720594347
6281,2024,1,2024-04-01,,,,,,0.3141060988967984
6281,2024,2,2024-07-01,1.0,0.6891623157148113,463.46,25.32,244.39,0.25982453511135434
6281,2024,3,2024-10-01,,,,,,0.08506279455400112
6281,2024,4,2025-01-01,1.0,0.6891623157148113,783.3000000000001,463.46,623.38,0.4878908350874353
6281,2025,1,2025-04-01,,,,,,0.19834147176307018
6281,2025,2,2025-07-01,,,,,,0.6395386494810763
6281,2025,3,2025-10-01,,,,,,1.7823093215814598
6281,2025,4,2026-01-01,,,,,,0.21769067841854023
6281,2026,1,2026-04-01,,,,,,0.0
6281,2026,2,2026-07-01,,,,,,0.0
6314,2020,1,2020-04-01,,,,,,
6314,2020,2,2020-07-01,,,,,,
6314,2020,3,2020-10-01,,,,,,
6314,2020,4,2021-01-01,0.958010390584916,-0.62203803724002,3409.48,12778.97,8448.994999999999,
6314,2021,1,2021-04-01,,,,,,
6314,2021,2,2021-07-01,0.9749970092116282,0.3460894862073411,12744.750000000002,3555.25,8359.0,
6314,2021,3,2021-10-01,,,,,,
6314,2021,4,2022-01-01,0.943683923270975,-1.4385541211758974,7024.93,12374.89,10278.77,
6314,2022,1,2022-04-01,,,,,,
6314,2022,2,2022-07-01,0.9732868944638732,0.24862399340164532,13189.03,7322.31,10537.15,0.33091103643477365
6314,2022,3,2022-10-01,,,,,,0.3924714405534474
6314,2022,4,2023-01-01,0.9967240273725366,1.584389158806001,12140.919999999998,13428.490000000002,12826.725,0.6355272330640696
6314,2023,1,2023-04-01,,,,,,0.1357175589057265
6314,2023,2,2023-07-01,0.9868990598592332,1.0244294825672329,23921.43,11944.88,18171.215,0.015419736133221423
6314,2023,3,2023-10-01,,,,,,0.34112629473576195
6314,2023,4,2024-01-01,0.9495127287949614,-1.1063498620116055,28279.020000000004,22801.47,26898.265,0.6190732899142428
6314,2024,1,2024-04-01,,,,,,0.07049140311994279
6314,2024,2,2024-07-01,0.959174294404896,-0.5557030386431717,19089.29,28621.67,24870.85,0.15939406640381149
6314,2024,3,2024-10-01,,,,,,0.1451143910648856
6314,2024,4,2025-01-01,0.9780328524444668,0.5191129380884932,32225.919999999995,19523.5,26455.870000000003,0.02757224552989551
6314,2025,1,2025-04-01,,,,,,0.004888572953809345
6314,2025,2,2025-07-01,,,,,,0.05130520747030909
6314,2025,3,2025-10-01,,,,,,0.0378636596685063
6314,2025,4,2026-01-01,,,,,,0.520059964109808
6314,2026,1,2026-04-01,,,,,,0.18391085455032644
6314,2026,2,2026-07-01,,,,,,0.4821679304354384
6315,2020,1,2020-04-01,,,,,,
6315,2020,2,2020-07-01,,,,,,
6315,2020,3,2020-10-01,,,,,,
6315,2020,4,2021-01-01,0.958010390584916,-0.62203803724002,3409.48,12778.97,8448.994999999999,
6315,2021,1,2021-04-01,,,,,,
6315,2021,2,2021-07-01,0.9749970092116282,0.3460894862073411,12744.750000000002,3555.25,8359.0,
6315,2021,3,2021-10-01,,,,,,
6315,2021,4,2022-01-01,0.943683923270975,-1.4385541211758974,7024.93,12374.89,10278.77,
6315,2022,1,2022-04-01,,,,,,
6315,2022,2,2022-07-01,0.9732868944638732,0.24862399340164532,13189.03,7322.31,10537.15,0.33593146605103846
6315,2022,3,2022-10-01,,,,,,0.38941985328309514
6315,2022,4,2023-01-01,0.9967240273725366,1.584389158806001,12140.919999999998,13428.490000000002,12826.725,0.6359137622817607
6315,2023,1,2023-04-01,,,,,,0.13831778596062444
6315,2023,2,2023-07-01,0.9868990598592332,1.0244294825672329,23921.43,11944.88,18171.215,0.010618039397883972
6315,2023,3,2023-10-01,,,,,,0.33730999646015164
6315,2023,4,2024-01-01,0.9495127287949614,-1.1063498620116055,28279.020000000004,22801.47,26898.265,0.6223165232308302
6315,2024,1,2024-04-01,,,,,,0.06949512480052167
6315,2024,2,2024-07-01,0.959174294404896,-0.5557030386431717,19089.29,28621.67,24870.85,0.15984142445125477
6315,2024,3,2024-10-01,,,,,,0.14571424610440653
6315,2024,4,2025-01-01,0.9780328524444668,0.5191129380884932,32225.919999999995,19523.5,26455.870000000003,0.02727670873615068
6315,2025,1,2025-04-01,,,,,,0.004812965369639599
6315,2025,2,2025-07-01,,,,,,0.05086041308560091
6315,2025,3,2025-10-01,,,,,,0.03861058218725727
6315,2025,4,2026-01-01,,,,,,0.5153989270543737
6315,2026,1,2026-04-01,,,,,,0.1825373761770707
6315,2026,2,2026-07-01,,,,,,0.4730668214656005
6522,2020,1,2020-04-01,,,,,,
6522,2020,2,2020-07-01,,,,,,
6522,2020,3,2020-10-01,,,,,,
6522,2020,4,2021-01-01,0.5096257796647324,-2.3629153997432097,1467.7799999999995,1252.21,2668.615,
6522,2021,1,2021-04-01,,,,,,
6522,2021,2,2021-07-01,0.7557020782391551,-0.6582103694066156,1955.34,2118.0,2695.07,
6522,2021,3,2021-10-01,,,,,,
6522,2021,4,2022-01-01,0.9878085722834582,0.9497181887818021,2734.29,2580.9400000000005,2690.415,
6522,2022,1,2022-04-01,,,,,,
6522,2022,2,2022-07-01,0.8751205772619576,0.16906684980858133,2452.28,2419.49,2783.485,0.4891166084042821
6522,2022,3,2022-10-01,,,,,,0.03337195669741416
6522,2022,4,2023-01-01,0.953487684765462,0.711958640477113,2487.84,2673.98,2706.81,0.0992780368732552
6522,2023,1,2023-04-01,,,,,,0.004355888040858458
6522,2023,2,2023-07-01,0.9430362065665636,0.6395555380112051,5558.679999999999,2374.15,4206.005,0.07854987669981556
6522,2023,3,2023-10-01,,,,,,0.007426418934188328
6522,2023,4,2024-01-01,0.8885738043567429,0.26226470769088006,4331.360000000001,5200.620000000001,5363.64,0.20942380862462218
6522,2024,1,2024-04-01,,,,,,0.0678048080444335
6522,2024,2,2024-07-01,0.8881614536866036,0.25940812919989387,3081.43,4454.54,4242.455,0.4712470181580308
6522,2024,3,2024-10-01,,,,,,0.8601387055141247
6522,2024,4,2025-01-01,0.8549239416689595,0.029153715180354343,2342.99,3094.54,3180.125,0.2971793152261077
6522,2025,1,2025-04-01,,,,,,0.4354562681104762
6522,2025,2,2025-07-01,,,,,,0.6239908715264764
6522,2025,3,2025-10-01,,,,,,0.6939797805516611
6522,2025,4,2026-01-01,,,,,,0.6964020983577802
6522,2026,1,2026-04-01,,,,,,0.07355106712301597
6522,2026,2,2026-07-01,,,,,,0.6131900587070056
6523,2020,1,2020-04-01,,,,,,
6523,2020,2,2020-07-01,,,,,,
6523,2020,3,2020-10-01,,,,,,
6523,2020,4,2021-01-01,0.5096257796647324,-2.3629153997432097,1467.7799999999995,1252.21,2668.615,
6523,2021,1,2021-04-01,,,,,,
6523,2021,2,2021-07-01,0.7557020782391551,-0.6582103694066156,1955.34,2118.0,2695.07,
6523,2021,3,2021-10-01,,,,,,
6523,2021,4,2022-01-01,0.9878085722834582,0.9497181887818021,2734.29,2580.9400000000005,2690.415,
6523,2022,1,2022-04-01,,,,,,
6523,2022,2,2022-07-01,0.8751205772619576,0.16906684980858133,2452.28,2419.49,2783.485,0.48932119172917443
6523,2022,3,2022-10-01,,,,,,0.033565907908100434
6523,2022,4,2023-01-01,0.953487684765462,0.711958640477113,2487.84,2673.98,2706.81,0.09937570402490203
6523,2023,1,2023-04-01,,,,,,0.0043697092731199705
6523,2023,2,2023-07-01,0.9430362065665636,0.6395555380112051,5558.679999999999,2374.15,4206.005,0.07886611407702332
6523,2023,3,2023-10-01,,,,,,0.007019909146534831
6523,2023,4,2024-01-01,0.8885738043567429,0.26226470769088006,4331.360000000001,5200.620000000001,5363.64,0.2095558490210021
6523,2024,1,2024-04-01,,,,,,0.06842641685907414
6523,2024,2,2024-07-01,0.8881614536866036,0.25940812919989387,3081.43,4454.54,4242.455,0.4669469738783393
6523,2024,3,2024-10-01,,,,,,0.8653571443587229
6523,2024,4,2025-01-01,0.8549239416689595,0.029153715180354343,2342.99,3094.54,3180.125,0.30212500319656105
6523,2025,1,2025-04-01,,,,,,0.44089321300451134
6523,2025,2,2025-07-01,,,,,,0.6216242941987042
6523,2025,3,2025-10-01,,,,,,0.6941609929016332
6523,2025,4,2026-01-01,,,,,,0.6968026972960379
6523,2026,1,2026-04-01,,,,,,0.07243252199759018
6523,2026,2,2026-07-01,,,,,,0.6174108832674667
6533,2020,1,2020-04-01,,,,,,
6533,2020,2,2020-07-01,,,,,,
6533,2020,3,2020-10-01,,,,,,
6533,2020,4,2021-01-01,0.9581929256555112,-0.5291393153679547,3772.39,10149.31,7264.56,
6533,2021,1,2021-04-01,,,,,,
6533,2021,2,2021-07-01,0.937342812898012,-1.1279632333356713,5225.479999999999,3775.27,4801.205,
6533,2021,3,2021-10-01,,,,,,
6533,2021,4,2022-01-01,0.998750262812379,0.6356842911556146,1270.87,5522.06,3400.715,
6533,2022,1,2022-04-01,,,,,,
6533,2022,2,2022-07-01,1.0,0.6715772634299252,255.29,1275.12,765.205,0.27107461400283206
6533,2022,3,2022-10-01,,,,,,0.1105041815822553
6533,2022,4,2023-01-01,0.9906273506845196,0.4023908734035806,3714.22,236.6,1994.1,0.9043060468861681
6533,2023,1,2023-04-01,,,,,,0.06850773815198802
6533,2023,2,2023-07-01,0.9994399876797292,0.6554934764674714,7692.210000000001,3729.71,5714.16,0.23900117653440195
6533,2023,3,2023-10-01,,,,,,0.6445461989855614
6533,2023,4,2024-01-01,0.9058944991031472,-2.031171896960084,5097.64,7063.74,6712.36,1.0715493888371435
6533,2024,1,2024-04-01,,,,,,0.23667383175705128
6533,2024,2,2024-07-01,0.9995527759337552,0.6587328020750667,2855.07,5727.39,4293.15,0.1813656323314948
6533,2024,3,2024-10-01,,,,,,0.1736866867560015
6533,2024,4,2025-01-01,0.999749950549922,0.6643957391320516,2501.2800000000007,2856.32,2679.4700000000003,0.23127515343403549
6533,2025,1,2025-04-01,,,,,,0.04135251884805252
6533,2025,2,2025-07-01,,,,,,0.36663448993464043
6533,2025,3,2025-10-01,,,,,,0.49646462960278215
6533,2025,4,2026-01-01,,,,,,1.781646704880653
6533,2026,1,2026-04-01,,,,,,0.0
6533,2026,2,2026-07-01,,,,,,0.5660016432963335
6615,2020,1,2020-04-01,,,,,,
6615,2020,2,2020-07-01,,,,,,
6615,2020,3,2020-10-01,,,,,,
6615,2020,4,2021-01-01,0.7638898421677526,-1.010063027412962,20818.03,9009.21,19523.26,
6615,2021,1,2021-04-01,,,,,,
6615,2021,2,2021-07-01,0.9164509716702705,1.3620922959124753,4666.58,24115.689999999995,15703.115000000002,
6615,2021,3,2021-10-01,,,,,,
6615,2021,4,2022-01-01,0.8176027458149898,-0.17488731303836935,8128.999999999999,4562.860000000001,7761.630000000001,
6615,2022,1,2022-04-01,,,,,,
6615,2022,2,2022-07-01,0.7385989893089127,-1.4033075677239153,12940.14,6164.070000000001,12932.735,0.07975037116740907
6615,2022,3,2022-10-01,,,,,,0.12308598204889909
6615,2022,4,2023-01-01,0.8012551726816776,-0.42907383327515447,10575.23,13353.15,14931.81,0.7453416341810666
6615,2023,1,2023-04-01,,,,,,0.5542283196702322
6615,2023,2,2023-07-01,0.869586223457303,0.6333977567975013,15692.44,11503.53,15637.305,0.17416965136397344
6615,2023,3,2023-10-01,,,,,,0.5262603947847277
6615,2023,4,2024-01-01,0.9214034749163212,1.4390981949721828,5367.66,16786.86,12022.16,0.2056142337773469
6615,2024,1,2024-04-01,,,,,,0.44685870933474453
6615,2024,2,2024-07-01,0.8435129805480397,0.22798792425856945,6149.089999999999,5254.75,6759.73,0.6527886302212975
6615,2024,3,2024-10-01,,,,,,0.134512868312775
6615,2024,4,2025-01-01,0.7873525288909886,-0.6452444304903242,7756.02,5426.710000000001,8371.555,0.08900394713832582
6615,2025,1,2025-04-01,,,,,,0.007024127828117621
6615,2025,2,2025-07-01,,,,,,0.47414397735667796
6615,2025,3,2025-10-01,,,,,,0.3705441558424719
6615,2025,4,2026-01-01,,,,,,1.8893760506576764
6615,2026,1,2026-04-01,,,,,,0.835675999048181
6615,2026,2,2026-07-01,,,,,,0.835675999048181
6616,2020,1,2020-04-01,,,,,,
6616,2020,2,2020-07-01,,,,,,
6616,2020,3,2020-10-01,,,,,,
6616,2020,4,2021-01-01,0.7638898421677526,-1.010063027412962,20818.03,9009.21,19523.26,
6616,2021,1,2021-04-01,,,,,,
6616,2021,2,2021-07-01,0.9164509716702705,1.3620922959124753,4666.58,24115.689999999995,15703.115000000002,
6616,2021,3,2021-10-01,,,,,,
6616,2021,4,2022-01-01,0.8176027458149898,-0.17488731303836935,8128.999999999999,4562.860000000001,7761.630000000001,
6616,2022,1,2022-04-01,,,,,,
6616,2022,2,2022-07-01,0.7385989893089127,-1.4033075677239153,12940.14,6164.070000000001,12932.735,0.07963621828920453
6616,2022,3,2022-10-01,,,,,,0.12303632626970895
6616,2022,4,2023-01-01,0.8012551726816776,-0.42907383327515447,10575.23,13353.15,14931.81,0.7365170401190415
6616,2023,1,2023-04-01,,,,,,0.555766776305334
6616,2023,2,2023-07-01,0.869586223457303,0.6333977567975013,15692.44,11503.53,15637.305,0.17481502065533322
6616,2023,3,2023-10-01,,,,,,0.5329011629202914
6616,2023,4,2024-01-01,0.9214034749163212,1.4390981949721828,5367.66,16786.86,12022.16,0.2057390907691519
6616,2024,1,2024-04-01,,,,,,0.4503913813701326
6616,2024,2,2024-07-01,0.8435129805480397,0.22798792425856945,6149.089999999999,5254.75,6759.73,0.658168477295898
6616,2024,3,2024-10-01,,,,,,0.1379204946558712
6616,2024,4,2025-01-01,0.7873525288909886,-0.6452444304903242,7756.02,5426.710000000001,8371.555,0.08934911503488435
6616,2025,1,2025-04-01,,,,,,0.011338142747497785
6616,2025,2,2025-07-01,,,,,,0.47519329607962174
6616,2025,3,2025-10-01,,,,,,0.36484137127853455
6616,2025,4,2026-01-01,,,,,,1.878309932451415
6616,2026,1,2026-04-01,,,,,,0.8285346333768222
6616,2026,2,2026-07-01,,,,,,0.8285346333768222
6769,2020,1,2020-04-01,,,,,,
6769,2020,2,2020-07-01,,,,,,
6769,2020,3,2020-10-01,,,,,,
6769,2020,4,2021-01-01,0.9242690560673554,-0.32579216852718007,5015.969999999999,22806.22,15050.915,
6769,2021,1,2021-04-01,,,,,,
6769,2021,2,2021-07-01,0.9980612636825786,0.9581515174144324,4222.35,6145.72,5194.105,
6769,2021,3,2021-10-01,,,,,,
6769,2021,4,2022-01-01,0.9950572339087688,0.9058830573003851,18104.56,4177.08,11196.16,
6769,2022,1,2022-04-01,,,,,,
6769,2022,2,2022-07-01,0.9945675086711832,0.8973621084500273,7056.319999999999,18091.22,12642.45,0.04064462621924608
6769,2022,3,2022-10-01,,,,,,0.07570019988500684
6769,2022,4,2023-01-01,0.9761716238058084,0.5772838646418799,23698.08,6753.339999999999,15597.37,0.41233898976415273
6769,2023,1,2023-04-01,,,,,,0.3440225499291609
6769,2023,2,2023-07-01,0.970181428009302,0.47305776382399733,16436.540000000005,23456.680000000004,20559.67,0.1573179751196434
6769,2023,3,2023-10-01,,,,,,1.0779297489018616
6769,2023,4,2024-01-01,0.891799481479801,-0.890744846109092,15472.76,15189.499999999998,17191.23,0.6449790455386152
6769,2024,1,2024-04-01,,,,,,0.32600857674903644
6769,2024,2,2024-07-01,0.900722045987894,-0.7354971481094827,5232.17,16154.250000000002,11871.82,0.14466085383208743
6769,2024,3,2024-10-01,,,,,,0.2692979956888837
6769,2024,4,2025-01-01,0.8361103988323012,-1.85970414888495,8483.160000000002,5081.360000000001,8111.68,0.14577579464147886
6769,2025,1,2025-04-01,,,,,,0.0815843684885004
6769,2025,2,2025-07-01,,,,,,0.5411735284522425
6769,2025,3,2025-10-01,,,,,,0.923552330440788
6769,2025,4,2026-01-01,,,,,,0.9235523304407881
6769,2026,1,2026-04-01,,,,,,0.12009935038578001
6769,2026,2,2026-07-01,,,,,,1.1714526856371406
6887,2020,1,2020-04-01,,,,,,
6887,2020,2,2020-07-01,,,,,,
6887,2020,3,2020-10-01,,,,,,
6887,2020,4,2021-01-01,0.9382390594341514,0.16105158567531722,10850.89,1036.43,6334.91,
6887,2021,1,2021-04-01,,,,,,
6887,2021,2,2021-07-01,0.8020963790148308,-1.5002247209189539,3593.24,9612.94,8232.289999999999,
6887,2021,3,2021-10-01,,,,,,
6887,2021,4,2022-01-01,0.8377756407894283,-1.0648497742795024,2507.86,4540.070000000001,4206.335,
6887,2022,1,2022-04-01,,,,,,
6887,2022,2,2022-07-01,0.8345098173594213,-1.1047008707106931,2163.42,2707.28,2918.3,0.6030471095507335
6887,2022,3,2022-10-01,,,,,,0.008046902580424675
6887,2022,4,2023-01-01,1.0,0.9146873075445076,2091.12,2646.37,2368.745,0.0783149534460558
6887,2023,1,2023-04-01,,,,,,0.06410062902068289
6887,2023,2,2023-07-01,1.0,0.9146873075445076,0.0,2091.12,1045.56,1.5124373802837523
6887,2023,3,2023-10-01,,,,,,1.0018640869751083
6887,2023,4,2024-01-01,1.0,0.9146873075445076,12388.25,0.0,6194.125,0.4005737556543166
6887,2024,1,2024-04-01,,,,,,0.3304944058804845
6887,2024,2,2024-07-01,0.912746092804801,-0.1500254499442051,4172.43,11632.8,8658.065,0.07289618665194048
6887,2024,3,2024-10-01,,,,,,0.3859050847043888
6887,2024,4,2025-01-01,1.0,0.9146873075445076,12490.36,4927.88,8709.12,0.048830573976940184
6887,2025,1,2025-04-01,,,,,,0.2910955331951508
6887,2025,2,2025-07-01,,,,,,0.1948799507862989
6887,2025,3,2025-10-01,,,,,,0.4293586327699793
6887,2025,4,2026-01-01,,,,,,1.3210284617619754
6887,2026,1,2026-04-01,,,,,,0.25374987989378517
6887,2026,2,2026-07-01,,,,,,1.3954921336288257
6888,2020,1,2020-04-01,,,,,,
6888,2020,2,2020-07-01,,,,,,
6888,2020,3,2020-10-01,,,,,,
6888,2020,4,2021-01-01,0.9382390594341514,0.16105158567531722,10850.89,1036.43,6334.91,
6888,2021,1,2021-04-01,,,,,,
6888,2021,2,2021-07-01,0.8020963790148308,-1.5002247209189539,3593.24,9612.94,8232.289999999999,
6888,2021,3,2021-10-01,,,,,,
6888,2021,4,2022-01-01,0.8377756407894283,-1.0648497742795024,2507.86,4540.070000000001,4206.335,
6888,2022,1,2022-04-01,,,,,,
6888,2022,2,2022-07-01,0.8345098173594213,-1.1047008707106931,2163.42,2707.28,2918.3,0.6030515825005407
6888,2022,3,2022-10-01,,,,,,0.008046531621728303
6888,2022,4,2023-01-01,1.0,0.9146873075445076,2091.12,2646.37,2368.745,0.07831328180519756
6888,2023,1,2023-04-01,,,,,,0.06410062902068289
6888,2023,2,2023-07-01,1.0,0.9146873075445076,0.0,2091.12,1045.56,1.5124373802837523
6888,2023,3,2023-10-01,,,,,,1.0018603199292546
6888,2023,4,2024-01-01,1.0,0.9146873075445076,12388.25,0.0,6194.125,0.400652033662085
6888,2024,1,2024-04-01,,,,,,0.3307260175175307
6888,2024,2,2024-07-01,0.912746092804801,-0.1500254499442051,4172.43,11632.8,8658.065,0.07258852592932324
6888,2024,3,2024-10-01,,,,,,0.385856250999003
6888,2024,4,2025-01-01,1.0,0.9146873075445076,12490.36,4927.88,8709.12,0.04859447881238804
6888,2025,1,2025-04-01,,,,,,0.29135480335177777
6888,2025,2,2025-07-01,,,,,,0.19514124943508598
6888,2025,3,2025-10-01,,,,,,0.42923673679223834
6888,2025,4,2026-01-01,,,,,,1.3213172832756857
6888,2026,1,2026-04-01,,,,,,0.2537400522006189
6888,2026,2,2026-07-01,,,,,,1.393353495617667
6904,2020,1,2020-04-01,,,,,,
6904,2020,2,2020-07-01,,,,,,
6904,2020,3,2020-10-01,,,,,,
6904,2020,4,2021-01-01,0.9540189625396208,-0.059349529631421,2109.65,3392.33,2883.58,
6904,2021,1,2021-04-01,,,,,,
6904,2021,2,2021-07-01,0.9400184531772426,-0.31992605819936853,3319.24,2070.29,2866.715,
6904,2021,3,2021-10-01,,,,,,
6904,2021,4,2022-01-01,0.984659656202376,0.5109329780186033,5774.660000000001,3419.57,4668.735,
6904,2022,1,2022-04-01,,,,,,
6904,2022,2,2022-07-01,0.9889830827866056,0.5914002997193586,10777.750000000002,5754.200000000001,8358.055,1.6675775197032243
6904,2022,3,2022-10-01,,,,,,0.14035704958565182
6904,2022,4,2023-01-01,0.9303257993444252,-0.5003250724776154,7918.8899999999985,10191.660000000002,9733.445,0.4849920908063674
6904,2023,1,2023-04-01,,,,,,0.2053435798247626
6904,2023,2,2023-07-01,0.9925396350994882,0.6575946096100821,4436.610000000001,8548.26,6541.235,0.007826514213376878
6904,2023,3,2023-10-01,,,,,,0.03180679364366523
6904,2023,4,2024-01-01,0.830974699645647,-2.349440986680194,3309.15,3765.86,4257.055,0.3193823495677608
6904,2024,1,2024-04-01,,,,,,0.08677297543079787
6904,2024,2,2024-07-01,0.995182992807587,0.706792603590976,3807.88,4009.78,3927.75,0.22073907635333812
6904,2024,3,2024-10-01,,,,,,0.0552217864623461
6904,2024,4,2025-01-01,0.9981664849235056,0.7623211560495727,7561.62,3816.35,5699.435,0.04304432727796281
6904,2025,1,2025-04-01,,,,,,0.008772937919332868
6904,2025,2,2025-07-01,,,,,,0.14826070902451377
6904,2025,3,2025-10-01,,,,,,0.02553299851726537
6904,2025,4,2026-01-01,,,,,,2.0
6904,2026,1,2026-04-01,,,,,,1.1588189003751745
6904,2026,2,2026-07-01,,,,,,1.1588189003751745
6905,2020,1,2020-04-01,,,,,,
6905,2020,2,2020-07-01,,,,,,
6905,2020,3,2020-10-01,,,,,,
6905,2020,4,2021-01-01,0.9540189625396208,-0.06293285329982727,2109.65,3392.33,2883.58,
6905,2021,1,2021-04-01,,,,,,
6905,2021,2,2021-07-01,0.9400184531772426,-0.32264945613339013,3319.24,2070.29,2866.715,
6905,2021,3,2021-10-01,,,,,,
6905,2021,4,2022-01-01,0.984659656202376,0.5054676713224363,5774.660000000001,3419.57,4668.735,
6905,2022,1,2022-04-01,,,,,,
6905,2022,2,2022-07-01,0.9889830827866056,0.5856694437003582,10777.750000000002,5754.200000000001,8358.055,1.6701953477990952
6905,2022,3,2022-10-01,,,,,,0.1417314784038267
6905,2022,4,2023-01-01,0.9303257993444252,-0.5024531376098377,7918.8899999999985,10191.660000000002,9733.445,0.48512704948623264
6905,2023,1,2023-04-01,,,,,,0.20510453361072556
6905,2023,2,2023-07-01,0.9925396350994882,0.6516453064774538,4436.610000000001,8548.26,6541.235,0.009335025779229345
6905,2023,3,2023-10-01,,,,,,0.031001812859754924
6905,2023,4,2024-01-01,0.830974699645647,-2.345466804732751,3309.15,3765.86,4257.055,0.32393295681851975
6905,2024,1,2024-04-01,,,,,,0.08428080824353079
6905,2024,2,2024-07-01,0.995182992807587,0.700680942699816,3807.88,4009.78,3927.75,0.22395683997904528
6905,2024,3,2024-10-01,,,,,,0.05657712768635029
6905,2024,4,2025-01-01,1.0000000000000002,0.7900388875757501,0.0,3826.8000000000006,1913.4,0.043002982183672656
6905,2025,1,2025-04-01,,,,,,0.008226126612385143
6905,2025,2,2025-07-01,,,,,,0.15143598300077554
6905,2025,3,2025-10-01,,,,,,0.026115488439787393
6905,2025,4,2026-01-01,,,,,,2.0
6905,2026,1,2026-04-01,,,,,,1.179225258734969
6905,2026,2,2026-07-01,,,,,,1.1792252587349692
6969,2020,1,2020-04-01,,,,,,
6969,2020,2,2020-07-01,,,,,,
6969,2020,3,2020-10-01,,,,,,
6969,2020,4,2021-01-01,0.8610707363820681,0.8665193338302378,11327.47,8713.96,11637.505,
6969,2021,1,2021-04-01,,,,,,
6969,2021,2,2021-07-01,0.9362121074592956,1.306334349550757,8600.34,12234.479999999998,11127.19,
6969,2021,3,2021-10-01,,,,,,
6969,2021,4,2022-01-01,0.9535064569611972,1.4075610704504526,11238.580000000002,8821.06,10518.88,
6969,2022,1,2022-04-01,,,,,,
6969,2022,2,2022-07-01,0.6251515805362583,-0.5143549535241266,5520.37,7749.31,10613.17,0.875029167206027
6969,2022,3,2022-10-01,,,,,,0.32244215994613695
6969,2022,4,2023-01-01,0.469053704395988,-1.4280219370292901,3508.61,4797.59,8854.21,0.3224421599461369
6969,2023,1,2023-04-01,,,,,,0.19426044090756478
6969,2023,2,2023-07-01,0.6135356893396168,-0.5823447079831988,2739.8299999999995,5587.15,6786.06,0.09776554873789595
6969,2023,3,2023-10-01,,,,,,0.9756104891058894
6969,2023,4,2024-01-01,0.627829526042457,-0.4986804904683889,2951.78,3461.53,5107.525,0.5372497716784088
6969,2024,1,2024-04-01,,,,,,0.43143861557665153
6969,2024,2,2024-07-01,0.5787786809940807,-0.7857832925171315,1935.23,3041.63,4299.45,0.7883855626134677
6969,2024,3,2024-10-01,,,,,,0.7527828627785225
6969,2024,4,2025-01-01,0.7521128552975688,0.2287706276906898,3137.6700000000005,2772.32,3928.925,0.15375867933025364
6969,2025,1,2025-04-01,,,,,,0.15375867933025364
6969,2025,2,2025-07-01,,,,,,0.6964464695337594
6969,2025,3,2025-10-01,,,,,,0.26332530035788954
6969,2025,4,2026-01-01,,,,,,0.6877693166556393
6969,2026,1,2026-04-01,,,,,,0.8413828310513738
6969,2026,2,2026-07-01,,,,,,0.4708478522929871
6976,2020,1,2020-04-01,,,,,,
6976,2020,2,2020-07-01,,,,,,
6976,2020,3,2020-10-01,,,,,,
6976,2020,4,2021-01-01,0.6905755861752411,-1.6002736482942534,9574.62,4688.099999999999,10326.69,
6976,2021,1,2021-04-01,,,,,,
6976,2021,2,2021-07-01,0.7976623025122337,-0.6255555395909129,9214.660000000002,10295.45,12229.555,
6976,2021,3,2021-10-01,,,,,,
6976,2021,4,2022-01-01,0.7147997974358932,-1.3797815257184827,8424.79,8343.869999999999,11729.62,
6976,2022,1,2022-04-01,,,,,,
6976,2022,2,2022-07-01,0.8958485264799761,0.26814905608824363,15760.2,10257.66,14521.35,0.9391761497698361
6976,2022,3,2022-10-01,,,,,,0.1963839186463489
6976,2022,4,2023-01-01,0.9611731239688228,0.8627425807954723,17198.92,16590.159999999996,17577.0,0.07269955548182461
6976,2023,1,2023-04-01,,,,,,0.1827776183895825
6976,2023,2,2023-07-01,0.8948692435312321,0.25923548719440037,9626.92,16355.169999999998,14517.255,0.2502970472911474
6976,2023,3,2023-10-01,,,,,,0.5262960060945783
6976,2023,4,2024-01-01,0.8799036518104201,0.12301660070028562,12034.41,9671.81,12334.43,0.7530995952974155
6976,2024,1,2024-04-01,,,,,,0.09181027543963083
6976,2024,2,2024-07-01,0.962910105862635,0.8785528303231602,12589.62,13022.46,13299.31,0.24587756349092305
6976,2024,3,2024-10-01,,,,,,0.11953554551139342
6976,2024,4,2025-01-01,0.9997543412373824,1.213914158502093,9954.37,13080.06,11520.045,0.05712715525433086
6976,2025,1,2025-04-01,,,,,,0.026878300524666623
6976,2025,2,2025-07-01,,,,,,0.34129252231119694
6976,2025,3,2025-10-01,,,,,,0.21924723028025866
6976,2025,4,2026-01-01,,,,,,0.8543284521721042
6976,2026,1,2026-04-01,,,,,,0.1761995169346668
6976,2026,2,2026-07-01,,,,,,0.8631422727118468
7049,2020,1,2020-04-01,,,,,,
7049,2020,2,2020-07-01,,,,,,
7049,2020,3,2020-10-01,,,,,,
7049,2020,4,2021-01-01,0.930552467494804,0.38604131166937494,11383.86,1130.07,6723.925,
7049,2021,1,2021-04-01,,,,,,
7049,2021,2,2021-07-01,0.9605232977360524,0.7701471812477367,11953.55,11371.499999999998,12141.845,
7049,2021,3,2021-10-01,,,,,,
7049,2021,4,2022-01-01,0.8930428795535638,-0.09468120344691001,3266.57,11545.850000000002,8293.23,
7049,2022,1,2022-04-01,,,,,,
7049,2022,2,2022-07-01,0.8236520773597743,-0.9839930510947921,1233.46,3632.66,2953.99,0.702051762113767
7049,2022,3,2022-10-01,,,,,,0.11348484138142811
7049,2022,4,2023-01-01,0.8146320698128906,-1.0995933802985798,1059.07,1466.99,1550.43,0.9681833313530679
7049,2023,1,2023-04-01,,,,,,0.24996468322697404
7049,2023,2,2023-07-01,0.7964528612334715,-1.3325779410677363,902.68,1091.63,1251.995,0.3057822561427531
7049,2023,3,2023-10-01,,,,,,0.3016667396009361
7049,2023,4,2024-01-01,0.8850199222906923,-0.19750334588472765,365.84,1064.6,808.14,0.49529577973631567
7049,2024,1,2024-04-01,,,,,,0.41238751793014516
7049,2024,2,2024-07-01,1.0,1.2760802144378143,792.58,458.76,625.6700000000001,0.7761160301165905
7049,2024,3,2024-10-01,,,,,,1.541634494857318
7049,2024,4,2025-01-01,1.0,1.2760802144378143,2279.36,792.58,1535.97,0.2254953150352568
7049,2025,1,2025-04-01,,,,,,1.767129809892575
7049,2025,2,2025-07-01,,,,,,0.8358037357199699
7049,2025,3,2025-10-01,,,,,,0.29539137292788425
7049,2025,4,2026-01-01,,,,,,1.7553960778467705
7049,2026,1,2026-04-01,,,,,,1.7553960778467705
7049,2026,2,2026-07-01,,,,,,1.2420303766412442
7113,2020,1,2020-04-01,,,,,,
7113,2020,2,2020-07-01,,,,,,
7113,2020,3,2020-10-01,,,,,,
7113,2020,4,2021-01-01,0.99557892690049,1.6866794495541941,2854.4300000000003,2982.48,2931.415,
7113,2021,1,2021-04-01,,,,,,
7113,2021,2,2021-07-01,0.819802393821731,-0.6162530181118505,3492.51,2237.63,3494.83,
7113,2021,3,2021-10-01,,,,,,
7113,2021,4,2022-01-01,0.953003837757018,1.1288828348129862,19154.45,3562.15,11918.42,
7113,2022,1,2022-04-01,,,,,,
7113,2022,2,2022-07-01,0.8372861737707881,-0.387189651136856,15555.73,16590.96,19196.955,0.5370210398802311
7113,2022,3,2022-10-01,,,,,,0.4571526357347179
7113,2022,4,2023-01-01,0.728121060209923,-1.817414038615952,13731.509999999998,13580.259999999998,18754.965,0.3734546651043571
7113,2023,1,2023-04-01,,,,,,0.2297264867454271
7113,2023,2,2023-07-01,0.8755441505410724,0.11404640869613791,15367.51,16561.3,18233.695,0.13823570124532245
7113,2023,3,2023-10-01,,,,,,1.029907728000409
7113,2023,4,2024-01-01,0.8548055157908473,-0.15766036845346768,8801.57,15567.2,14253.985,0.2585112726046466
7113,2024,1,2024-04-01,,,,,,0.2388310683298493
7113,2024,2,2024-07-01,0.8635858626974228,-0.042624842297859046,8930.109999999999,9421.72,10625.365,0.04457720731980597
7113,2024,3,2024-10-01,,,,,,0.038156554384319086
7113,2024,4,2025-01-01,0.8738257808810465,0.09153322555266995,10193.37,8994.279999999999,10979.105,0.0023491672343194936
7113,2025,1,2025-04-01,,,,,,0.002960068652200276
7113,2025,2,2025-07-01,,,,,,0.01978463036683137
7113,2025,3,2025-10-01,,,,,,0.7003783758798137
7113,2025,4,2026-01-01,,,,,,1.2996216241201863
7113,2026,1,2026-04-01,,,,,,0.0
7113,2026,2,2026-07-01,,,,,,1.3713119910405647
7114,2020,1,2020-04-01,,,,,,
7114,2020,2,2020-07-01,,,,,,
7114,2020,3,2020-10-01,,,,,,
7114,2020,4,2021-01-01,0.99557892690049,1.6866794495541941,2854.4300000000003,2982.48,2931.415,
7114,2021,1,2021-04-01,,,,,,
7114,2021,2,2021-07-01,0.819802393821731,-0.6162530181118505,3492.51,2237.63,3494.83,
7114,2021,3,2021-10-01,,,,,,
7114,2021,4,2022-01-01,0.953003837757018,1.1288828348129862,19154.45,3562.15,11918.42,
7114,2022,1,2022-04-01,,,,,,
7114,2022,2,2022-07-01,0.8372861737707881,-0.387189651136856,15555.73,16590.96,19196.955,0.5359066396021375
7114,2022,3,2022-10-01,,,,,,0.4540844245308591
7114,2022,4,2023-01-01,0.728121060209923,-1.817414038615952,13731.509999999998,13580.259999999998,18754.965,0.37591875877428915
7114,2023,1,2023-04-01,,,,,,0.22803407194671807
7114,2023,2,2023-07-01,0.8755441505410724,0.11404640869613791,15367.51,16561.3,18233.695,0.14054704190899045
7114,2023,3,2023-10-01,,,,,,1.025650321543496
7114,2023,4,2024-01-01,0.8548055157908473,-0.15766036845346768,8801.57,15567.2,14253.985,0.25617238252825647
7114,2024,1,2024-04-01,,,,,,0.23807028138603178
7114,2024,2,2024-07-01,0.8635858626974228,-0.042624842297859046,8930.109999999999,9421.72,10625.365,0.04464629971058526
7114,2024,3,2024-10-01,,,,,,0.03807303590962463
7114,2024,4,2025-01-01,0.8738257808810465,0.09153322555266995,10193.37,8994.279999999999,10979.105,0.002215062857686134
7114,2025,1,2025-04-01,,,,,,0.002900367221285116
7114,2025,2,2025-07-01,,,,,,0.01991430993982618
7114,2025,3,2025-10-01,,,,,,0.7010078499739372
7114,2025,4,2026-01-01,,,,,,1.2989921500260628
7114,2026,1,2026-04-01,,,,,,0.0
7114,2026,2,2026-07-01,,,,,,1.3694249093764674
7305,2019,3,2019-10-01,,,,,,
7305,2019,4,2020-01-01,,,,,,
7305,2020,1,2020-04-01,,,,,,
7305,2020,2,2020-07-01,,,,,,
7305,2020,3,2020-10-01,,,,,,
7305,2020,4,2021-01-01,,,,,,
7305,2021,1,2021-04-01,,,,,,
7305,2021,2,2021-07-01,,,,,,
7305,2021,3,2021-10-01,,,,,,
7305,2021,4,2022-01-01,,,,,,0.0
7305,2022,1,2022-04-01,,,,,,0.0
7305,2022,2,2022-07-01,,,,,,0.0
7305,2022,3,2022-10-01,,,,,,0.0
7305,2022,4,2023-01-01,,,,,,0.0
7305,2023,1,2023-04-01,,,,,,0.0
7305,2023,2,2023-07-01,,,,,,0.0
7305,2023,3,2023-10-01,,,,,,0.0
7305,2023,4,2024-01-01,,,,,,0.0
7305,2024,1,2024-04-01,,,,,,0.0
7305,2024,2,2024-07-01,,,,,,0.0
7305,2024,3,2024-10-01,,,,,,0.0
7305,2024,4,2025-01-01,,,,,,0.0
7305,2025,1,2025-04-01,,,,,,0.0
7305,2025,2,2025-07-01,,,,,,0.0
7305,2025,3,2025-10-01,,,,,,0.0
7305,2025,4,2026-01-01,,,,,,0.0
7305,2026,1,2026-04-01,,,,,,0.0
7305,2026,2,2026-07-01,,,,,,0.0
7340,2020,1,2020-04-01,,,,,,
7340,2020,2,2020-07-01,,,,,,
7340,2020,3,2020-10-01,,,,,,
7340,2020,4,2021-01-01,0.9150713429304198,0.6415145467576928,869.57,282.88,629.705,
7340,2021,1,2021-04-01,,,,,,
7340,2021,2,2021-07-01,0.9278621320050044,0.7439560693102584,3252.9500000000003,766.7900000000001,2166.13,
7340,2021,3,2021-10-01,,,,,,
7340,2021,4,2022-01-01,0.9251578543408864,0.7222974898667421,4391.52,3105.95,4051.995,
7340,2022,1,2022-04-01,,,,,,
7340,2022,2,2022-07-01,0.746437414774154,-0.7090758080370372,2086.7500000000005,3710.18,3883.065,0.33899292598132164
7340,2022,3,2022-10-01,,,,,,0.052932914243337126
7340,2022,4,2023-01-01,0.9798275490280064,1.1601474714883293,3630.980000000001,3003.06,3385.31,0.13689126861989595
7340,2023,1,2023-04-01,,,,,,0.23249756339226593
7340,2023,2,2023-07-01,0.8983164421217039,0.5073244245491608,3921.36,3291.07,4014.415,0.18230674988419707
7340,2023,3,2023-10-01,,,,,,1.517515868077573
7340,2023,4,2024-01-01,0.6045038006019746,-1.8458231543033674,1646.27,2856.57,3724.41,0.6293999575385075
7340,2024,1,2024-04-01,,,,,,0.2731925944737892
7340,2024,2,2024-07-01,0.714160404353756,-0.9675826188076595,3290.5000000000005,2050.42,3739.3,0.5792567479614364
7340,2024,3,2024-10-01,,,,,,0.03551846878524406
7340,2024,4,2025-01-01,0.8034129390095641,-0.2527584208241185,2553.25,3605.81,3833.06,0.19108020633717968
7340,2025,1,2025-04-01,,,,,,0.08046744852672358
7340,2025,2,2025-07-01,,,,,,0.1950613080816167
7340,2025,3,2025-10-01,,,,,,0.9549643361607651
7340,2025,4,2026-01-01,,,,,,0.3529831984017586
7340,2026,1,2026-04-01,,,,,,0.0
7340,2026,2,2026-07-01,,,,,,0.0
7341,2020,1,2020-04-01,,,,,,
7341,2020,2,2020-07-01,,,,,,
7341,2020,3,2020-10-01,,,,,,
7341,2020,4,2021-01-01,0.9150713429304198,0.6415145467576928,869.57,282.88,629.705,
7341,2021,1,2021-04-01,,,,,,
7341,2021,2,2021-07-01,0.9278621320050044,0.7439560693102584,3252.9500000000003,766.7900000000001,2166.13,
7341,2021,3,2021-10-01,,,,,,
7341,2021,4,2022-01-01,0.9251578543408864,0.7222974898667421,4391.52,3105.95,4051.995,
7341,2022,1,2022-04-01,,,,,,
7341,2022,2,2022-07-01,0.746437414774154,-0.7090758080370372,2086.7500000000005,3710.18,3883.065,0.33873929880023035
7341,2022,3,2022-10-01,,,,,,0.05279727857591798
7341,2022,4,2023-01-01,0.9798275490280064,1.1601474714883293,3630.980000000001,3003.06,3385.31,0.13700108087481438
7341,2023,1,2023-04-01,,,,,,0.23216040218102574
7341,2023,2,2023-07-01,0.8983164421217039,0.5073244245491608,3921.36,3291.07,4014.415,0.18236860143246775
7341,2023,3,2023-10-01,,,,,,1.515734596716677
7341,2023,4,2024-01-01,0.6045038006019746,-1.8458231543033674,1646.27,2856.57,3724.41,0.627564781586604
7341,2024,1,2024-04-01,,,,,,0.273757290856075
7341,2024,2,2024-07-01,0.714160404353756,-0.9675826188076595,3290.5000000000005,2050.42,3739.3,0.5808180507914206
7341,2024,3,2024-10-01,,,,,,0.034522252539642695
7341,2024,4,2025-01-01,0.8034129390095641,-0.2527584208241185,2553.25,3605.81,3833.06,0.1889720097582169
7341,2025,1,2025-04-01,,,,,,0.08250927224880994
7341,2025,2,2025-07-01,,,,,,0.19325886481510157
7341,2025,3,2025-10-01,,,,,,0.9565607724709325
7341,2025,4,2026-01-01,,,,,,0.35386642577099225
7341,2026,1,2026-04-01,,,,,,0.0
7341,2026,2,2026-07-01,,,,,,0.0
7343,2020,1,2020-04-01,,,,,,
7343,2020,2,2020-07-01,,,,,,
7343,2020,3,2020-10-01,,,,,,
7343,2020,4,2021-01-01,0.9069552271298804,0.7404528667433616,4705.830000000002,5625.95,5695.860000000001,
7343,2021,1,2021-04-01,,,,,,
7343,2021,2,2021-07-01,0.9737441673213204,1.0675415493321603,6849.1,5075.04,6122.83,
7343,2021,3,2021-10-01,,,,,,
7343,2021,4,2022-01-01,0.8486536900883006,0.45492995098557487,3673.750000000001,6135.21,5779.13,
7343,2022,1,2022-04-01,,,,,,
7343,2022,2,2022-07-01,0.7562266025281884,0.002282338687763625,8852.25,2688.3200000000006,7630.365,0.017901095564854475
7343,2022,3,2022-10-01,,,,,,0.030491614815211454
7343,2022,4,2023-01-01,0.7304110904225681,-0.12414520786080009,8464.7,7724.65,11082.355,0.1986509043098162
7343,2023,1,2023-04-01,,,,,,0.1790221480963773
7343,2023,2,2023-07-01,0.6048265020645397,-0.7391766403366333,3421.8099999999995,7789.750000000001,9268.41,0.22366228790485432
7343,2023,3,2023-10-01,,,,,,0.48984004816306725
7343,2023,4,2024-01-01,0.3664952202862708,-1.906367866205866,2656.71,2568.46,7128.565,0.08497806875503029
7343,2024,1,2024-04-01,,,,,,0.5925871012085774
7343,2024,2,2024-07-01,0.6145326021915171,-0.691642490303588,4672.279999999999,4344.719999999999,7336.469999999999,0.2976995187841337
7343,2024,3,2024-10-01,,,,,,0.19632581538227994
7343,2024,4,2025-01-01,1.0,1.1961254989580283,1119.47,7500.25,4309.86,0.11367443286621973
7343,2025,1,2025-04-01,,,,,,0.2764695632762155
7343,2025,2,2025-07-01,,,,,,0.795373696289051
7343,2025,3,2025-10-01,,,,,,0.023052122746172438
7343,2025,4,2026-01-01,,,,,,0.9019956786738923
7343,2026,1,2026-04-01,,,,,,0.9019956786738925
7343,2026,2,2026-07-01,,,,,,1.4907716377170743
7346,2020,1,2020-04-01,,,,,,
7346,2020,2,2020-07-01,,,,,,
7346,2020,3,2020-10-01,,,,,,
7346,2020,4,2021-01-01,1.0,0.721021331695171,2072.31,2517.32,2294.815,
7346,2021,1,2021-04-01,,,,,,
7346,2021,2,2021-07-01,0.9888314263511886,0.2735067887221891,1638.75,2051.4700000000003,1865.95,
7346,2021,3,2021-10-01,,,,,,
7346,2021,4,2022-01-01,0.9984223928097964,0.6578080528186876,5282.160000000001,1654.11,3473.615,
7346,2022,1,2022-04-01,,,,,,
7346,2022,2,2022-07-01,1.0000000000000002,0.7210213316951799,11779.66,5287.640000000001,8533.65,0.3427377583557309
7346,2022,3,2022-10-01,,,,,,0.4812352286425839
7346,2022,4,2023-01-01,0.969075030386722,-0.5181139489690938,14999.15,11359.09,13599.69,0.12383414440469875
7346,2023,1,2023-04-01,,,,,,0.33301441420137756
7346,2023,2,2023-07-01,0.9932781688430932,0.4516836980175846,2230.2200000000003,15360.2,8854.73,0.2606351915260786
7346,2023,3,2023-10-01,,,,,,0.0
7346,2023,4,2024-01-01,0.996541069703558,0.5824251546486637,6039.45,2275.31,4171.81,0.09926808532057924
7346,2024,1,2024-04-01,,,,,,0.20595584816349416
7346,2024,2,2024-07-01,0.924577542237336,-2.3010876480982927,5347.25,5607.08,5923.965,0.12631447835424536
7346,2024,3,2024-10-01,,,,,,0.08789023415806857
7346,2024,4,2025-01-01,0.9673242839188236,-0.5882647605301118,17333.470000000005,5409.92,11755.825,0.18118276671318626
7346,2025,1,2025-04-01,,,,,,0.06214723101612273
7346,2025,2,2025-07-01,,,,,,0.3142689401392557
7346,2025,3,2025-10-01,,,,,,0.05069810456001656
7346,2025,4,2026-01-01,,,,,,1.9493018954399832
7346,2026,1,2026-04-01,,,,,,0.0
7346,2026,2,2026-07-01,,,,,,0.5615630993676866
7349,2020,1,2020-04-01,,,,,,
7349,2020,2,2020-07-01,,,,,,
7349,2020,3,2020-10-01,,,,,,
7349,2020,4,2021-01-01,1.0000000000000002,1.1036077741655566,466.96,1077.14,772.05,
7349,2021,1,2021-04-01,,,,,,
7349,2021,2,2021-07-01,0.932494463954803,0.20201513299103746,3063.06,343.65,1826.665,
7349,2021,3,2021-10-01,,,,,,
7349,2021,4,2022-01-01,0.9989484976261536,1.0895640844479761,4341.75,3182.4100000000003,3766.04,
7349,2022,1,2022-04-01,,,,,,
7349,2022,2,2022-07-01,0.9533562049491608,0.4806410541304346,1937.27,4195.68,3216.505,0.2736994284194246
7349,2022,3,2022-10-01,,,,,,0.24294810546836082
7349,2022,4,2023-01-01,0.8180661085750822,-1.3262708298518404,969.46,1781.41,1681.3249999999998,0.22273192009796355
7349,2023,1,2023-04-01,,,,,,0.24465467534600413
7349,2023,2,2023-07-01,0.9906793550322354,0.9791227999508383,1014.2,1264.63,1150.135,0.5047680336182889
7349,2023,3,2023-10-01,,,,,,0.19470971280342522
7349,2023,4,2024-01-01,0.8150316468652,-1.3667985925782025,1191.76,799.0200000000001,1221.29,1.060307640714657
7349,2024,1,2024-04-01,,,,,,0.3636910959258596
7349,2024,2,2024-07-01,0.8870838400628788,-0.4044815594386123,3912.38,1098.73,2824.485,0.6735325162398109
7349,2024,3,2024-10-01,,,,,,0.645364833546242
7349,2024,4,2025-01-01,0.8606595568231644,-0.7573998638171849,7289.679999999999,3368.5300000000007,6191.885,0.1568948914052654
7349,2025,1,2025-04-01,,,,,,0.09691314835572806
7349,2025,2,2025-07-01,,,,,,1.1668771633532358
7349,2025,3,2025-10-01,,,,,,0.09521841143201906
7349,2025,4,2026-01-01,,,,,,0.10082220403560746
7349,2026,1,2026-04-01,,,,,,0.4672259315331202
7349,2026,2,2026-07-01,,,,,,0.5789142525148244
7350,2020,4,2021-01-01,1.0000000000000002,1.1036077741655566,466.96,1077.14,772.05,
7350,2021,1,2021-04-01,,,,,,
7350,2021,2,2021-07-01,0.932494463954803,0.20201513299103746,3063.06,343.65,1826.665,
7350,2021,3,2021-10-01,,,,,,
7350,2021,4,2022-01-01,0.9989484976261536,1.0895640844479761,4341.75,3182.4100000000003,3766.04,
7350,2022,1,2022-04-01,,,,,,
7350,2022,2,2022-07-01,0.9533562049491608,0.4806410541304346,1937.27,4195.68,3216.505,
7350,2022,3,2022-10-01,,,,,,
7350,2022,4,2023-01-01,0.8180661085750822,-1.3262708298518404,969.46,1781.41,1681.3249999999998,
7350,2023,1,2023-04-01,,,,,,0.4385518950866131
7350,2023,2,2023-07-01,0.9906793550322354,0.9791227999508383,1014.2,1264.63,1150.135,0.5154977136007056
7350,2023,3,2023-10-01,,,,,,0.19568674589853852
7350,2023,4,2024-01-01,0.8150316468652,-1.3667985925782025,1191.76,799.0200000000001,1221.29,1.0604037541197995
7350,2024,1,2024-04-01,,,,,,0.3639619484812386
7350,2024,2,2024-07-01,0.8870838400628788,-0.4044815594386123,3912.38,1098.73,2824.485,0.6710896790833627
7350,2024,3,2024-10-01,,,,,,0.6465140765656461
7350,2024,4,2025-01-01,0.8606595568231644,-0.7573998638171849,7289.679999999999,3368.5300000000007,6191.885,0.1565191221396309
7350,2025,1,2025-04-01,,,,,,0.0964830627626641
7350,2025,2,2025-07-01,,,,,,1.167567174487926
7350,2025,3,2025-10-01,,,,,,0.09424219837541178
7350,2025,4,2026-01-01,,,,,,0.10308265279874076
7350,2026,1,2026-04-01,,,,,,0.4754977479202728
7350,2026,2,2026-07-01,,,,,,0.5811406219721862
7353,2020,1,2020-04-01,,,,,,
7353,2020,2,2020-07-01,,,,,,
7353,2020,3,2020-10-01,,,,,,
7353,2020,4,2021-01-01,0.9084527691389732,-0.07229620133480479,4530.180000000001,5229.209999999999,5371.435,
7353,2021,1,2021-04-01,,,,,,
7353,2021,2,2021-07-01,0.9252384643421602,0.1979131767539694,1026.13,4787.060000000001,3141.455,
7353,2021,3,2021-10-01,,,,,,
7353,2021,4,2022-01-01,0.9693168174763536,0.9074687979775958,2101.5200000000004,1208.5999999999997,1707.4499999999998,
7353,2022,1,2022-04-01,,,,,,
7353,2022,2,2022-07-01,0.7769852594883375,-2.188607357445491,8949.98,2087.15,7102.535,1.1133308453194197
7353,2022,3,2022-10-01,,,,,,0.7395342493831214
7353,2022,4,2023-01-01,0.8916180134617528,-0.3432953352255783,8795.699999999999,9426.44,10218.580000000002,0.30863336643789935
7353,2023,1,2023-04-01,,,,,,0.6474239179451471
7353,2023,2,2023-07-01,0.9425243179168706,0.4761739033796574,11356.500000000002,7869.620000000001,10199.27,0.876439486156261
7353,2023,3,2023-10-01,,,,,,0.3165307390097693
7353,2023,4,2024-01-01,0.9992129482399608,1.3887247008824233,13077.560000000003,11932.86,12515.06,0.5278202641720882
7353,2024,1,2024-04-01,,,,,,0.5934282826116277
7353,2024,2,2024-07-01,0.899636260698732,-0.21422081236311,9862.96,11874.87,12081.455,0.08137919976116847
7353,2024,3,2024-10-01,,,,,,0.08436755320045752
7353,2024,4,2025-01-01,0.9035101267678624,-0.1518608726246493,13203.41,9844.79,12754.81,0.02582198438843869
7353,2025,1,2025-04-01,,,,,,0.0686472370711893
7353,2025,2,2025-07-01,,,,,,0.16300259902366382
7353,2025,3,2025-10-01,,,,,,0.09254393307958389
7353,2025,4,2026-01-01,,,,,,1.4527393131319621
7353,2026,1,2026-04-01,,,,,,0.07990068334794458
7353,2026,2,2026-07-01,,,,,,0.6488310367841841
7449,2020,1,2020-04-01,,,,,,
7449,2020,2,2020-07-01,,,,,,
7449,2020,3,2020-10-01,,,,,,
7449,2020,4,2021-01-01,1.0,0.5828923642063384,2016.51,758.5199999999999,1387.515,
7449,2021,1,2021-04-01,,,,,,
7449,2021,2,2021-07-01,0.9824560241455976,0.2423769353474094,2472.95,1976.78,2264.5950000000003,
7449,2021,3,2021-10-01,,,,,,
7449,2021,4,2022-01-01,1.0000000000000002,0.5828923642063427,1744.37,2512.68,2128.525,
7449,2022,1,2022-04-01,,,,,,
7449,2022,2,2022-07-01,1.0,0.5828923642063384,1260.47,1744.37,1502.42,0.07898933935958252
7449,2022,3,2022-10-01,,,,,,0.07260954109078133
7449,2022,4,2023-01-01,0.9999999999999998,0.5828923642063341,6336.889999999999,1260.47,3798.68,0.052126802266137306
7449,2023,1,2023-04-01,,,,,,0.1121160338729063
7449,2023,2,2023-07-01,0.999623969761018,0.5755938989580087,7967.78,6334.2,7153.68,0.1083769315610369
7449,2023,3,2023-10-01,,,,,,0.5310415395457544
7449,2023,4,2024-01-01,0.9190411952662412,-0.9884573881307016,3047.3500000000004,7505.659999999999,5741.3150000000005,0.7229311178912914
7449,2024,1,2024-04-01,,,,,,0.1959910869543689
7449,2024,2,2024-07-01,0.8518437413390176,-2.292709630162535,1900.02,3079.1599999999994,2922.59,0.32285206944899814
7449,2024,3,2024-10-01,,,,,,0.3880434404081074
7449,2024,4,2025-01-01,0.976749971457243,0.13162672716246304,5891.1,2236.29,4160.425,0.11718789603534827
7449,2025,1,2025-04-01,,,,,,0.2697305623251904
7449,2025,2,2025-07-01,,,,,,0.26731216276135994
7449,2025,3,2025-10-01,,,,,,0.025033899116602754
7449,2025,4,2026-01-01,,,,,,0.3712000551539574
7449,2026,1,2026-04-01,,,,,,0.6738728058225218
7449,2026,2,2026-07-01,,,,,,0.47767400727683423
7450,2020,1,2020-04-01,,,,,,
7450,2020,2,2020-07-01,,,,,,
7450,2020,3,2020-10-01,,,,,,
7450,2020,4,2021-01-01,1.0,0.5828923642063384,2016.51,758.5199999999999,1387.515,
7450,2021,1,2021-04-01,,,,,,
7450,2021,2,2021-07-01,0.9824560241455976,0.2423769353474094,2472.95,1976.78,2264.5950000000003,
7450,2021,3,2021-10-01,,,,,,
7450,2021,4,2022-01-01,1.0000000000000002,0.5828923642063427,1744.37,2512.68,2128.525,
7450,2022,1,2022-04-01,,,,,,
7450,2022,2,2022-07-01,1.0,0.5828923642063384,1260.47,1744.37,1502.42,0.07897166787886062
7450,2022,3,2022-10-01,,,,,,0.07169243382008245
7450,2022,4,2023-01-01,0.9999999999999998,0.5828923642063341,6336.889999999999,1260.47,3798.68,0.052019116386833264
7450,2023,1,2023-04-01,,,,,,0.11200390366172674
7450,2023,2,2023-07-01,0.999623969761018,0.5755938989580087,7967.78,6334.2,7153.68,0.10853935526721575
7450,2023,3,2023-10-01,,,,,,0.5259388040444658
7450,2023,4,2024-01-01,0.9190411952662412,-0.9884573881307016,3047.3500000000004,7505.659999999999,5741.3150000000005,0.7231615820061693
7450,2024,1,2024-04-01,,,,,,0.19609113357771957
7450,2024,2,2024-07-01,0.8518437413390176,-2.292709630162535,1900.02,3079.1599999999994,2922.59,0.3256721850363363
7450,2024,3,2024-10-01,,,,,,0.38914031110897346
7450,2024,4,2025-01-01,0.976749971457243,0.13162672716246304,5891.1,2236.29,4160.425,0.11780515383174697
7450,2025,1,2025-04-01,,,,,,0.27174438500313497
7450,2025,2,2025-07-01,,,,,,0.2653770368935692
7450,2025,3,2025-10-01,,,,,,0.026075179850887586
7450,2025,4,2026-01-01,,,,,,0.3697282870250967
7450,2026,1,2026-04-01,,,,,,0.672544875009685
7450,2026,2,2026-07-01,,,,,,0.46806869543663576
7490,2020,1,2020-04-01,,,,,,
7490,2020,2,2020-07-01,,,,,,
7490,2020,3,2020-10-01,,,,,,
7490,2020,4,2021-01-01,0.8097305565360631,0.347540620694676,818.41,557.97,849.9000000000001,
7490,2021,1,2021-04-01,,,,,,
7490,2021,2,2021-07-01,0.3847929017626229,-1.4750542422596846,238.02000000000007,438.9500000000001,879.655,
7490,2021,3,2021-10-01,,,,,,
7490,2021,4,2022-01-01,0.4604075705138482,-1.150736297540344,769.4700000000001,206.99,1060.43,
7490,2022,1,2022-04-01,,,,,,
7490,2022,2,2022-07-01,0.4621754608021517,-1.1431536610723028,968.75,491.84,1580.125,0.7720536032746013
7490,2022,3,2022-10-01,,,,,,0.5543600718148327
7490,2022,4,2023-01-01,0.9923537508937648,1.130827515027738,229.47,1810.72,1027.955,0.09285960145910754
7490,2023,1,2023-04-01,,,,,,0.11184972933020465
7490,2023,2,2023-07-01,1.0,1.1636229479232385,297.55,237.33,267.44,0.4703349233335113
7490,2023,3,2023-10-01,,,,,,0.8718125513199257
7490,2023,4,2024-01-01,0.8368510167474142,0.4638626526608021,250.3,248.89,298.255,0.011089604240790196
7490,2024,1,2024-04-01,,,,,,0.16778987658384942
7490,2024,2,2024-07-01,0.7947786321707673,0.28341050599820466,274.04999999999995,233.44000000000003,319.265,0.04032140770688197
7490,2024,3,2024-10-01,,,,,,0.17719635082443924
7490,2024,4,2025-01-01,0.8172238372093023,0.3796799585676691,60.510000000000005,299.33,220.16,0.09933883618108369
7490,2025,1,2025-04-01,,,,,,0.0006007613760599939
7490,2025,2,2025-07-01,,,,,,0.02285589448447753
7490,2025,3,2025-10-01,,,,,,1.1423307911282778
7490,2025,4,2026-01-01,,,,,,0.7745530981903741
7490,2026,1,2026-04-01,,,,,,0.4364841535898073
7490,2026,2,2026-07-01,,,,,,0.5005413448730368
7491,2020,1,2020-04-01,,,,,,
7491,2020,2,2020-07-01,,,,,,
7491,2020,3,2020-10-01,,,,,,
7491,2020,4,2021-01-01,0.8097305565360631,0.347540620694676,818.41,557.97,849.9000000000001,
7491,2021,1,2021-04-01,,,,,,
7491,2021,2,2021-07-01,0.3847929017626229,-1.4750542422596846,238.02000000000007,438.9500000000001,879.655,
7491,2021,3,2021-10-01,,,,,,
7491,2021,4,2022-01-01,0.4604075705138482,-1.150736297540344,769.4700000000001,206.99,1060.43,
7491,2022,1,2022-04-01,,,,,,
7491,2022,2,2022-07-01,0.4621754608021517,-1.1431536610723028,968.75,491.84,1580.125,0.7717641451375548
7491,2022,3,2022-10-01,,,,,,0.5547448451392702
7491,2022,4,2023-01-01,0.9923537508937648,1.130827515027738,229.47,1810.72,1027.955,0.09502552571361733
7491,2023,1,2023-04-01,,,,,,0.1106635366547083
7491,2023,2,2023-07-01,1.0,1.1636229479232385,297.55,237.33,267.44,0.4709380649980747
7491,2023,3,2023-10-01,,,,,,0.872030327804228
7491,2023,4,2024-01-01,0.8368510167474142,0.4638626526608021,250.3,248.89,298.255,0.010224435152005718
7491,2024,1,2024-04-01,,,,,,0.16818829569017824
7491,2024,2,2024-07-01,0.7947786321707673,0.28341050599820466,274.04999999999995,233.44000000000003,319.265,0.04035398265340512
7491,2024,3,2024-10-01,,,,,,0.17665911758354214
7491,2024,4,2025-01-01,0.8172238372093023,0.3796799585676691,60.510000000000005,299.33,220.16,0.09971158304736005
7491,2025,1,2025-04-01,,,,,,0.0011219849332453624
7491,2025,2,2025-07-01,,,,,,0.023796271970054655
7491,2025,3,2025-10-01,,,,,,1.1534257577114122
7491,2025,4,2026-01-01,,,,,,0.771383199669937
7491,2026,1,2026-04-01,,,,,,0.42734189507453424
7491,2026,2,2026-07-01,,,,,,0.48361524025836866
7639,2019,3,2019-10-01,,,,,,
7639,2019,4,2020-01-01,,,,,,
7639,2020,1,2020-04-01,,,,,,
7639,2020,2,2020-07-01,,,,,,
7639,2020,3,2020-10-01,,,,,,
7639,2020,4,2021-01-01,,,,,,
7639,2021,1,2021-04-01,,,,,,
7639,2021,2,2021-07-01,,,,,,
7639,2021,3,2021-10-01,,,,,,
7639,2021,4,2022-01-01,,,,,,0.0
7639,2022,1,2022-04-01,,,,,,0.0
7639,2022,2,2022-07-01,,,,,,0.0
7639,2022,3,2022-10-01,,,,,,0.0
7639,2022,4,2023-01-01,,,,,,0.0
7639,2023,1,2023-04-01,,,,,,0.0
7639,2023,2,2023-07-01,,,,,,0.0
7639,2023,3,2023-10-01,,,,,,0.0
7639,2023,4,2024-01-01,,,,,,0.0
7639,2024,1,2024-04-01,,,,,,0.0
7639,2024,2,2024-07-01,,,,,,0.0
7639,2024,3,2024-10-01,,,,,,0.0
7639,2024,4,2025-01-01,,,,,,0.0
7639,2025,1,2025-04-01,,,,,,0.0
7639,2025,2,2025-07-01,,,,,,0.0
7639,2025,3,2025-10-01,,,,,,0.0
7639,2025,4,2026-01-01,,,,,,0.0
7639,2026,1,2026-04-01,,,,,,0.0
7639,2026,2,2026-07-01,,,,,,0.0
7731,2020,1,2020-04-01,,,,,,
7731,2020,2,2020-07-01,,,,,,
7731,2020,3,2020-10-01,,,,,,
7731,2020,4,2021-01-01,0.9935315872350876,0.5471940981396021,3342.19,2159.67,2768.84,
7731,2021,1,2021-04-01,,,,,,
7731,2021,2,2021-07-01,0.9866243185682592,0.41961283355098267,4689.960000000001,3305.9,4052.13,
7731,2021,3,2021-10-01,,,,,,
7731,2021,4,2022-01-01,0.9991514775207352,0.650996736212088,8166.930000000001,4738.68,6458.285,
7731,2022,1,2022-04-01,,,,,,
7731,2022,2,2022-07-01,0.9772547633881662,0.24655170676293447,1396.03,8062.34,4839.255,0.8369574971679272
7731,2022,3,2022-10-01,,,,,,0.37555019052210553
7731,2022,4,2023-01-01,0.997452535197298,0.6196162846121412,407.09,1503.66,957.815,0.8387063621317998
7731,2023,1,2023-04-01,,,,,,0.16153664680200921
7731,2023,2,2023-07-01,0.9848021043240168,0.38595547796724816,235.62,404.59,325.045,0.35634813456343956
7731,2023,3,2023-10-01,,,,,,0.6596260116125574
7731,2023,4,2024-01-01,0.8369949494949495,-2.344128530332502,1068.85,124.36999999999998,712.8,0.43559503819046097
7731,2024,1,2024-04-01,,,,,,0.22222511006706286
7731,2024,2,2024-07-01,0.913885950189712,-0.9239070828545478,18.0,1130.91,628.585,0.11838234959342614
7731,2024,3,2024-10-01,,,,,,0.06886734613205447
7731,2024,4,2025-01-01,0.9854600694444444,0.39810847594204674,19.360000000000003,71.46,46.08,0.06590403488098559
7731,2025,1,2025-04-01,,,,,,0.07342664237250054
7731,2025,2,2025-07-01,,,,,,0.062679641954976
7731,2025,3,2025-10-01,,,,,,1.7486380507374015
7731,2025,4,2026-01-01,,,,,,0.6925713325710395
7731,2026,1,2026-04-01,,,,,,0.3405419130468551
7731,2026,2,2026-07-01,,,,,,0.6033913687867829
7895,2020,1,2020-04-01,,,,,,
7895,2020,2,2020-07-01,,,,,,
7895,2020,3,2020-10-01,,,,,,
7895,2020,4,2021-01-01,0.9813562875202492,0.7114575881003691,5027.34,2696.67,3935.375,
7895,2021,1,2021-04-01,,,,,,
7895,2021,2,2021-07-01,0.9835060443145914,0.7509738087714799,7954.34,4992.15,6581.805,
7895,2021,3,2021-10-01,,,,,,
7895,2021,4,2022-01-01,0.9579877905186314,0.28190449321148764,10852.29,7657.04,9660.525,
7895,2022,1,2022-04-01,,,,,,
7895,2022,2,2022-07-01,0.956069400424022,0.2466411897013569,9321.04,10795.97,10520.685,0.5155125211673723
7895,2022,3,2022-10-01,,,,,,0.08438664093491358
7895,2022,4,2023-01-01,0.9991031824680856,1.037675985842562,12084.329999999998,9773.41,10938.68,0.24609377651122027
7895,2023,1,2023-04-01,,,,,,0.7834971415730987
7895,2023,2,2023-07-01,0.9475329669770952,0.08972688724593987,17591.920000000002,11294.39,15242.905,0.11783173775992944
7895,2023,3,2023-10-01,,,,,,0.19287099968188898
7895,2023,4,2024-01-01,0.8386039530418329,-1.9125754027064992,11435.910000000002,15773.35,16222.95,0.12284064355330855
7895,2024,1,2024-04-01,,,,,,0.4797057816389309
7895,2024,2,2024-07-01,0.9540458390131148,0.20944465683521987,14794.57,13375.78,14763.625,0.7361454403533865
7895,2024,3,2024-10-01,,,,,,1.1448558034291267
7895,2024,4,2025-01-01,0.8656594343116265,-1.4152492070019385,14955.96,13281.920000000002,16310.04,0.08061129009951704
7895,2025,1,2025-04-01,,,,,,0.7499583957975988
7895,2025,2,2025-07-01,,,,,,0.6443518698502617
7895,2025,3,2025-10-01,,,,,,0.14273543646402886
7895,2025,4,2026-01-01,,,,,,1.03683359971349
7895,2026,1,2026-04-01,,,,,,0.46595764925956124
7895,2026,2,2026-07-01,,,,,,1.4420577029116373
8185,2020,2,2020-07-01,,,,,,
8185,2020,3,2020-10-01,,,,,,
8185,2020,4,2021-01-01,,,,,,
8185,2021,1,2021-04-01,,,,,,
8185,2021,2,2021-07-01,,,,,,
8185,2021,3,2021-10-01,,,,,,
8185,2021,4,2022-01-01,,,,,,
8185,2022,1,2022-04-01,,,,,,
8185,2022,2,2022-07-01,,,,,,
8185,2022,3,2022-10-01,,,,,,0.0
8185,2022,4,2023-01-01,,,,,,0.0
8185,2023,1,2023-04-01,,,,,,0.0
8185,2023,2,2023-07-01,,,,,,0.0
8185,2023,3,2023-10-01,,,,,,0.0
8185,2023,4,2024-01-01,,,,,,0.0
8185,2024,1,2024-04-01,,,,,,0.0
8185,2024,2,2024-07-01,,,,,,0.0
8185,2024,3,2024-10-01,,,,,,0.0
8185,2024,4,2025-01-01,,,,,,0.0
8185,2025,1,2025-04-01,,,,,,0.0
8185,2025,2,2025-07-01,,,,,,0.0
8185,2025,3,2025-10-01,,,,,,0.0
8185,2025,4,2026-01-01,,,,,,0.0
8185,2026,1,2026-04-01,,,,,,0.0
8185,2026,2,2026-07-01,,,,,,0.0
8208,2020,1,2020-04-01,,,,,,
8208,2020,2,2020-07-01,,,,,,
8208,2020,3,2020-10-01,,,,,,
8208,2020,4,2021-01-01,0.8093258075894472,-0.6580357271294295,13298.62,11619.339999999998,15394.27,
8208,2021,1,2021-04-01,,,,,,
8208,2021,2,2021-07-01,0.903546401545078,0.2966957547243143,4848.19,15165.670000000002,11075.17,
8208,2021,3,2021-10-01,,,,,,
8208,2021,4,2022-01-01,0.9913522209581468,1.1864267207920716,2030.3,5881.92,3990.62,
8208,2022,1,2022-04-01,,,,,,
8208,2022,2,2022-07-01,0.9705446507446454,0.9755848919550881,5508.2,1951.61,3843.105,0.07335503502989865
8208,2022,3,2022-10-01,,,,,,0.13986978032771596
8208,2022,4,2023-01-01,0.7137505590408705,-1.626493840631581,6908.91,3528.45,7311.63,0.1411311489028059
8208,2023,1,2023-04-01,,,,,,0.2973802683518101
8208,2023,2,2023-07-01,0.9250987856032016,0.5150847364259477,7146.09,8373.579999999998,8388.115,0.12284121968566805
8208,2023,3,2023-10-01,,,,,,0.7646754024782956
8208,2023,4,2024-01-01,0.7414471150721292,-1.3458463423317826,4684.229999999999,5924.64,7154.165,0.21879049346666957
8208,2024,1,2024-04-01,,,,,,0.5592157474335426
8208,2024,2,2024-07-01,0.8768991647255557,0.026680943440164556,11289.6,5364.96,9496.28,0.8355296429349366
8208,2024,3,2024-10-01,,,,,,0.1302186246064225
8208,2024,4,2025-01-01,0.9364299632853396,0.629902862755209,8772.970000000001,11761.6,10964.285,0.06811840057595092
8208,2025,1,2025-04-01,,,,,,0.3223349320352707
8208,2025,2,2025-07-01,,,,,,0.011287420536115714
8208,2025,3,2025-10-01,,,,,,1.5106179501508523
8208,2025,4,2026-01-01,,,,,,1.0999122034134778
8208,2026,1,2026-04-01,,,,,,0.589697084316704
8208,2026,2,2026-07-01,,,,,,1.4774530841827374
8467,2020,1,2020-04-01,,,,,,
8467,2020,2,2020-07-01,,,,,,
8467,2020,3,2020-10-01,,,,,,
8467,2020,4,2021-01-01,0.729972408679862,-2.0841260628416,10776.06,10923.64,14863.37,
8467,2021,1,2021-04-01,,,,,,
8467,2021,2,2021-07-01,0.9203052104333188,0.37988579324782834,3099.1,14047.18,9315.54,
8467,2021,3,2021-10-01,,,,,,
8467,2021,4,2022-01-01,0.9937385054923024,1.3305391120143213,3915.0299999999993,3817.14,3890.445,
8467,2022,1,2022-04-01,,,,,,
8467,2022,2,2022-07-01,0.9546616474204188,0.8246576207484776,7660.530000000001,3670.33,5934.49,0.20669300241330413
8467,2022,3,2022-10-01,,,,,,0.1830343607392395
8467,2022,4,2023-01-01,0.8561291765281481,-0.45092480252098915,4438.040000000001,6970.959999999999,6663.13,0.18347771911449512
8467,2023,1,2023-04-01,,,,,,0.2708261176373663
8467,2023,2,2023-07-01,0.848452744455097,-0.5503024161861524,8369.46,4268.040000000002,7447.38,0.16583129675482722
8467,2023,3,2023-10-01,,,,,,0.8671719805517633
8467,2023,4,2024-01-01,0.86498857641177,-0.3362327150301632,4680.84,8471.64,7602.69,0.4044930768008925
8467,2024,1,2024-04-01,,,,,,0.48686289233942404
8467,2024,2,2024-07-01,0.9373581383956944,0.6006497198712601,12643.87,5113.929999999999,9472.26,0.7225530230266382
8467,2024,3,2024-10-01,,,,,,0.3544216629185928
8467,2024,4,2025-01-01,0.9130416974477514,0.2858537506970099,12451.4,12069.539999999995,13428.16,0.020995641927876244
8467,2025,1,2025-04-01,,,,,,0.3667075183764284
8467,2025,2,2025-07-01,,,,,,0.33700558035529216
8467,2025,3,2025-10-01,,,,,,1.291543986055085
8467,2025,4,2026-01-01,,,,,,1.5806053563907314
8467,2026,1,2026-04-01,,,,,,0.39503232664008364
8467,2026,2,2026-07-01,,,,,,0.8208539840974669
8528,2020,1,2020-04-01,,,,,,
8528,2020,2,2020-07-01,,,,,,
8528,2020,3,2020-10-01,,,,,,
8528,2020,4,2021-01-01,,,,,,
8528,2021,1,2021-04-01,,,,,,
8528,2021,2,2021-07-01,,,,,,
8528,2021,3,2021-10-01,,,,,,
8528,2021,4,2022-01-01,,,,,,
8528,2022,1,2022-04-01,,,,,,
8528,2022,2,2022-07-01,,,,,,0.0
8528,2022,3,2022-10-01,,,,,,0.0
8528,2022,4,2023-01-01,,,,,,0.0
8528,2023,1,2023-04-01,,,,,,0.0
8528,2023,2,2023-07-01,,,,,,0.0
8528,2023,3,2023-10-01,,,,,,0.0
8528,2023,4,2024-01-01,,,,,,0.0
8528,2024,1,2024-04-01,,,,,,0.0
8528,2024,2,2024-07-01,,,,,,0.0
8528,2024,3,2024-10-01,,,,,,0.0
8528,2024,4,2025-01-01,,,,,,0.0
8528,2025,1,2025-04-01,,,,,,0.0
8528,2025,2,2025-07-01,,,,,,0.0
8528,2025,3,2025-10-01,,,,,,0.0
8528,2025,4,2026-01-01,,,,,,0.0
8528,2026,1,2026-04-01,,,,,,0.0
8528,2026,2,2026-07-01,,,,,,0.0
8555,2020,2,2020-07-01,,,,,,
8555,2020,3,2020-10-01,,,,,,
8555,2020,4,2021-01-01,,,,,,
8555,2021,1,2021-04-01,,,,,,
8555,2021,2,2021-07-01,,,,,,
8555,2021,3,2021-10-01,,,,,,
8555,2021,4,2022-01-01,,,,,,
8555,2022,1,2022-04-01,,,,,,
8555,2022,2,2022-07-01,,,,,,
8555,2022,3,2022-10-01,,,,,,0.0
8555,2022,4,2023-01-01,,,,,,0.0
8555,2023,1,2023-04-01,,,,,,0.0
8555,2023,2,2023-07-01,,,,,,0.0
8555,2023,3,2023-10-01,,,,,,0.0
8555,2023,4,2024-01-01,,,,,,0.0
8555,2024,1,2024-04-01,,,,,,0.0
8555,2024,2,2024-07-01,,,,,,0.0
8555,2024,3,2024-10-01,,,,,,0.0
8555,2024,4,2025-01-01,,,,,,0.0
8555,2025,1,2025-04-01,,,,,,0.0
8555,2025,2,2025-07-01,,,,,,0.0
8555,2025,3,2025-10-01,,,,,,0.0
8555,2025,4,2026-01-01,,,,,,0.0
8555,2026,1,2026-04-01,,,,,,0.0
8555,2026,2,2026-07-01,,,,,,0.0
8734,2020,1,2020-04-01,,,,,,
8734,2020,2,2020-07-01,,,,,,
8734,2020,3,2020-10-01,,,,,,
8734,2020,4,2021-01-01,,,,,,
8734,2021,1,2021-04-01,,,,,,
8734,2021,2,2021-07-01,,,,,,
8734,2021,3,2021-10-01,,,,,,
8734,2021,4,2022-01-01,,,,,,
8734,2022,1,2022-04-01,,,,,,
8734,2022,2,2022-07-01,,,,,,0.0
8734,2022,3,2022-10-01,,,,,,0.0
8734,2022,4,2023-01-01,,,,,,0.0
8734,2023,1,2023-04-01,,,,,,0.0
8734,2023,2,2023-07-01,,,,,,0.0
8734,2023,3,2023-10-01,,,,,,0.0
8734,2023,4,2024-01-01,,,,,,0.0
8734,2024,1,2024-04-01,,,,,,0.0
8734,2024,2,2024-07-01,,,,,,0.0
8734,2024,3,2024-10-01,,,,,,0.0
8734,2024,4,2025-01-01,,,,,,0.0
8734,2025,1,2025-04-01,,,,,,0.0
8734,2025,2,2025-07-01,,,,,,0.0
8734,2025,3,2025-10-01,,,,,,0.0
8734,2025,4,2026-01-01,,,,,,0.0
8734,2026,1,2026-04-01,,,,,,0.0
8734,2026,2,2026-07-01,,,,,,0.0
8988,2020,2,2020-07-01,,,,,,
8988,2020,3,2020-10-01,,,,,,
8988,2020,4,2021-01-01,,,,,,
8988,2021,1,2021-04-01,,,,,,
8988,2021,2,2021-07-01,,,,,,
8988,2021,3,2021-10-01,,,,,,
8988,2021,4,2022-01-01,,,,,,
8988,2022,1,2022-04-01,,,,,,
8988,2022,2,2022-07-01,,,,,,
8988,2022,3,2022-10-01,,,,,,0.0
8988,2022,4,2023-01-01,,,,,,0.0
8988,2023,1,2023-04-01,,,,,,0.0
8988,2023,2,2023-07-01,,,,,,0.0
8988,2023,3,2023-10-01,,,,,,0.0
8988,2023,4,2024-01-01,,,,,,0.0
8988,2024,1,2024-04-01,,,,,,0.0
8988,2024,2,2024-07-01,,,,,,0.0
8988,2024,3,2024-10-01,,,,,,0.0
8988,2024,4,2025-01-01,,,,,,0.0
8988,2025,1,2025-04-01,,,,,,0.0
8988,2025,2,2025-07-01,,,,,,0.0
8988,2025,3,2025-10-01,,,,,,0.0
8988,2025,4,2026-01-01,,,,,,0.0
8988,2026,1,2026-04-01,,,,,,0.0
8988,2026,2,2026-07-01,,,,,,0.0
8989,2020,2,2020-07-01,,,,,,
8989,2020,3,2020-10-01,,,,,,
8989,2020,4,2021-01-01,,,,,,
8989,2021,1,2021-04-01,,,,,,
8989,2021,2,2021-07-01,,,,,,
8989,2021,3,2021-10-01,,,,,,
8989,2021,4,2022-01-01,,,,,,
8989,2022,1,2022-04-01,,,,,,
8989,2022,2,2022-07-01,,,,,,
8989,2022,3,2022-10-01,,,,,,0.0
8989,2022,4,2023-01-01,,,,,,0.0
8989,2023,1,2023-04-01,,,,,,0.0
8989,2023,2,2023-07-01,,,,,,0.0
8989,2023,3,2023-10-01,,,,,,0.0
8989,2023,4,2024-01-01,,,,,,0.0
8989,2024,1,2024-04-01,,,,,,0.0
8989,2024,2,2024-07-01,,,,,,0.0
8989,2024,3,2024-10-01,,,,,,0.0
8989,2024,4,2025-01-01,,,,,,0.0
8989,2025,1,2025-04-01,,,,,,0.0
8989,2025,2,2025-07-01,,,,,,0.0
8989,2025,3,2025-10-01,,,,,,0.0
8989,2025,4,2026-01-01,,,,,,0.0
8989,2026,1,2026-04-01,,,,,,0.0
8989,2026,2,2026-07-01,,,,,,0.0
9049,2020,1,2020-04-01,,,,,,
9049,2020,2,2020-07-01,,,,,,
9049,2020,3,2020-10-01,,,,,,
9049,2020,4,2021-01-01,,,,,,
9049,2021,1,2021-04-01,,,,,,
9049,2021,2,2021-07-01,,,,,,
9049,2021,3,2021-10-01,,,,,,
9049,2021,4,2022-01-01,,,,,,
9049,2022,1,2022-04-01,,,,,,
9049,2022,2,2022-07-01,,,,,,0.0
9049,2022,3,2022-10-01,,,,,,0.0
9049,2022,4,2023-01-01,,,,,,0.0
9049,2023,1,2023-04-01,,,,,,0.0
9049,2023,2,2023-07-01,,,,,,0.0
9049,2023,3,2023-10-01,,,,,,0.0
9049,2023,4,2024-01-01,,,,,,0.0
9049,2024,1,2024-04-01,,,,,,0.0
9049,2024,2,2024-07-01,,,,,,0.0
9049,2024,3,2024-10-01,,,,,,0.0
9049,2024,4,2025-01-01,,,,,,0.0
9049,2025,1,2025-04-01,,,,,,0.0
9049,2025,2,2025-07-01,,,,,,0.0
9049,2025,3,2025-10-01,,,,,,0.0
9049,2025,4,2026-01-01,,,,,,0.0
9049,2026,1,2026-04-01,,,,,,0.0
9049,2026,2,2026-07-01,,,,,,0.0
9062,2020,2,2020-07-01,,,,,,
9062,2020,3,2020-10-01,,,,,,
9062,2020,4,2021-01-01,,,,,,
9062,2021,1,2021-04-01,,,,,,
9062,2021,2,2021-07-01,,,,,,
9062,2021,3,2021-10-01,,,,,,
9062,2021,4,2022-01-01,,,,,,
9062,2022,1,2022-04-01,,,,,,
9062,2022,2,2022-07-01,,,,,,
9062,2022,3,2022-10-01,,,,,,0.0
9062,2022,4,2023-01-01,,,,,,0.0
9062,2023,1,2023-04-01,,,,,,0.0
9062,2023,2,2023-07-01,,,,,,0.0
9062,2023,3,2023-10-01,,,,,,0.0
9062,2023,4,2024-01-01,,,,,,0.0
9062,2024,1,2024-04-01,,,,,,0.0
9062,2024,2,2024-07-01,,,,,,0.0
9062,2024,3,2024-10-01,,,,,,0.0
9062,2024,4,2025-01-01,,,,,,0.0
9062,2025,1,2025-04-01,,,,,,0.0
9062,2025,2,2025-07-01,,,,,,0.0
9062,2025,3,2025-10-01,,,,,,0.0
9062,2025,4,2026-01-01,,,,,,0.0
9062,2026,1,2026-04-01,,,,,,0.0
9062,2026,2,2026-07-01,,,,,,0.0
9063,2020,2,2020-07-01,,,,,,
9063,2020,3,2020-10-01,,,,,,
9063,2020,4,2021-01-01,,,,,,
9063,2021,1,2021-04-01,,,,,,
9063,2021,2,2021-07-01,,,,,,
9063,2021,3,2021-10-01,,,,,,
9063,2021,4,2022-01-01,,,,,,
9063,2022,1,2022-04-01,,,,,,
9063,2022,2,2022-07-01,,,,,,
9063,2022,3,2022-10-01,,,,,,0.0
9063,2022,4,2023-01-01,,,,,,0.0
9063,2023,1,2023-04-01,,,,,,0.0
9063,2023,2,2023-07-01,,,,,,0.0
9063,2023,3,2023-10-01,,,,,,0.0
9063,2023,4,2024-01-01,,,,,,0.0
9063,2024,1,2024-04-01,,,,,,0.0
9063,2024,2,2024-07-01,,,,,,0.0
9063,2024,3,2024-10-01,,,,,,0.0
9063,2024,4,2025-01-01,,,,,,0.0
9063,2025,1,2025-04-01,,,,,,0.0
9063,2025,2,2025-07-01,,,,,,0.0
9063,2025,3,2025-10-01,,,,,,0.0
9063,2025,4,2026-01-01,,,,,,0.0
9063,2026,1,2026-04-01,,,,,,0.0
9063,2026,2,2026-07-01,,,,,,0.0
9242,2020,3,2020-10-01,,,,,,
9242,2020,4,2021-01-01,,,,,,
9242,2021,1,2021-04-01,,,,,,
9242,2021,2,2021-07-01,,,,,,
9242,2021,3,2021-10-01,,,,,,
9242,2021,4,2022-01-01,,,,,,
9242,2022,1,2022-04-01,,,,,,
9242,2022,2,2022-07-01,,,,,,
9242,2022,3,2022-10-01,,,,,,
9242,2022,4,2023-01-01,,,,,,0.0
9242,2023,1,2023-04-01,,,,,,0.0
9242,2023,2,2023-07-01,,,,,,0.0
9242,2023,3,2023-10-01,,,,,,0.0
9242,2023,4,2024-01-01,,,,,,0.0
9242,2024,1,2024-04-01,,,,,,0.0
9242,2024,2,2024-07-01,,,,,,0.0
9242,2024,3,2024-10-01,,,,,,0.0
9242,2024,4,2025-01-01,,,,,,0.0
9242,2025,1,2025-04-01,,,,,,0.0
9242,2025,2,2025-07-01,,,,,,0.0
9242,2025,3,2025-10-01,,,,,,0.0
9242,2025,4,2026-01-01,,,,,,0.0
9242,2026,1,2026-04-01,,,,,,0.0
9242,2026,2,2026-07-01,,,,,,0.0
9243,2020,3,2020-10-01,,,,,,
9243,2020,4,2021-01-01,,,,,,
9243,2021,1,2021-04-01,,,,,,
9243,2021,2,2021-07-01,,,,,,
9243,2021,3,2021-10-01,,,,,,
9243,2021,4,2022-01-01,,,,,,
9243,2022,1,2022-04-01,,,,,,
9243,2022,2,2022-07-01,,,,,,
9243,2022,3,2022-10-01,,,,,,
9243,2022,4,2023-01-01,,,,,,0.0
9243,2023,1,2023-04-01,,,,,,0.0
9243,2023,2,2023-07-01,,,,,,0.0
9243,2023,3,2023-10-01,,,,,,0.0
9243,2023,4,2024-01-01,,,,,,0.0
9243,2024,1,2024-04-01,,,,,,0.0
9243,2024,2,2024-07-01,,,,,,0.0
9243,2024,3,2024-10-01,,,,,,0.0
9243,2024,4,2025-01-01,,,,,,0.0
9243,2025,1,2025-04-01,,,,,,0.0
9243,2025,2,2025-07-01,,,,,,0.0
9243,2025,3,2025-10-01,,,,,,0.0
9243,2025,4,2026-01-01,,,,,,0.0
9243,2026,1,2026-04-01,,,,,,0.0
9243,2026,2,2026-07-01,,,,,,0.0
9707,2020,3,2020-10-01,,,,,,
9707,2020,4,2021-01-01,,,,,,
9707,2021,1,2021-04-01,,,,,,
9707,2021,2,2021-07-01,,,,,,
9707,2021,3,2021-10-01,,,,,,
9707,2021,4,2022-01-01,,,,,,
9707,2022,1,2022-04-01,,,,,,
9707,2022,2,2022-07-01,,,,,,
9707,2022,3,2022-10-01,,,,,,
9707,2022,4,2023-01-01,,,,,,0.0
9707,2023,1,2023-04-01,,,,,,0.0
9707,2023,2,2023-07-01,,,,,,0.0
9707,2023,3,2023-10-01,,,,,,0.0
9707,2023,4,2024-01-01,,,,,,0.0
9707,2024,1,2024-04-01,,,,,,0.0
9707,2024,2,2024-07-01,,,,,,0.0
9707,2024,3,2024-10-01,,,,,,0.0
9707,2024,4,2025-01-01,,,,,,0.0
9707,2025,1,2025-04-01,,,,,,0.0
9707,2025,2,2025-07-01,,,,,,0.0
9707,2025,3,2025-10-01,,,,,,0.0
9707,2025,4,2026-01-01,,,,,,0.0
9707,2026,1,2026-04-01,,,,,,0.0
9707,2026,2,2026-07-01,,,,,,0.0
9708,2020,3,2020-10-01,,,,,,
9708,2020,4,2021-01-01,,,,,,
9708,2021,1,2021-04-01,,,,,,
9708,2021,2,2021-07-01,,,,,,
9708,2021,3,2021-10-01,,,,,,
9708,2021,4,2022-01-01,,,,,,
9708,2022,1,2022-04-01,,,,,,
9708,2022,2,2022-07-01,,,,,,
9708,2022,3,2022-10-01,,,,,,
9708,2022,4,2023-01-01,,,,,,0.0
9708,2023,1,2023-04-01,,,,,,0.0
9708,2023,2,2023-07-01,,,,,,0.0
9708,2023,3,2023-10-01,,,,,,0.0
9708,2023,4,2024-01-01,,,,,,0.0
9708,2024,1,2024-04-01,,,,,,0.0
9708,2024,2,2024-07-01,,,,,,0.0
9708,2024,3,2024-10-01,,,,,,0.0
9708,2024,4,2025-01-01,,,,,,0.0
9708,2025,1,2025-04-01,,,,,,0.0
9708,2025,2,2025-07-01,,,,,,0.0
9708,2025,3,2025-10-01,,,,,,0.0
9708,2025,4,2026-01-01,,,,,,0.0
9708,2026,1,2026-04-01,,,,,,0.0
9708,2026,2,2026-07-01,,,,,,0.0
9808,2020,3,2020-10-01,,,,,,
9808,2020,4,2021-01-01,,,,,,
9808,2021,1,2021-04-01,,,,,,
9808,2021,2,2021-07-01,,,,,,
9808,2021,3,2021-10-01,,,,,,
9808,2021,4,2022-01-01,,,,,,
9808,2022,1,2022-04-01,,,,,,
9808,2022,2,2022-07-01,,,,,,
9808,2022,3,2022-10-01,,,,,,
9808,2022,4,2023-01-01,,,,,,0.0
9808,2023,1,2023-04-01,,,,,,0.0
9808,2023,2,2023-07-01,,,,,,0.0
9808,2023,3,2023-10-01,,,,,,0.0
9808,2023,4,2024-01-01,,,,,,0.0
9808,2024,1,2024-04-01,,,,,,0.0
9808,2024,2,2024-07-01,,,,,,0.0
9808,2024,3,2024-10-01,,,,,,0.0
9808,2024,4,2025-01-01,,,,,,0.0
9808,2025,1,2025-04-01,,,,,,0.0
9808,2025,2,2025-07-01,,,,,,0.0
9808,2025,3,2025-10-01,,,,,,0.0
9808,2025,4,2026-01-01,,,,,,0.0
9808,2026,1,2026-04-01,,,,,,0.0
9808,2026,2,2026-07-01,,,,,,0.0
9855,2020,3,2020-10-01,,,,,,
9855,2020,4,2021-01-01,,,,,,
9855,2021,1,2021-04-01,,,,,,
9855,2021,2,2021-07-01,,,,,,
9855,2021,3,2021-10-01,,,,,,
9855,2021,4,2022-01-01,,,,,,
9855,2022,1,2022-04-01,,,,,,
9855,2022,2,2022-07-01,,,,,,
9855,2022,3,2022-10-01,,,,,,
9855,2022,4,2023-01-01,,,,,,0.0
9855,2023,1,2023-04-01,,,,,,0.0
9855,2023,2,2023-07-01,,,,,,0.0
9855,2023,3,2023-10-01,,,,,,0.0
9855,2023,4,2024-01-01,,,,,,0.0
9855,2024,1,2024-04-01,,,,,,0.0
9855,2024,2,2024-07-01,,,,,,0.0
9855,2024,3,2024-10-01,,,,,,0.0
9855,2024,4,2025-01-01,,,,,,0.0
9855,2025,1,2025-04-01,,,,,,0.0
9855,2025,2,2025-07-01,,,,,,0.0
9855,2025,3,2025-10-01,,,,,,0.0
9855,2025,4,2026-01-01,,,,,,0.0
9855,2026,1,2026-04-01,,,,,,0.0
9855,2026,2,2026-07-01,,,,,,0.0
9856,2020,3,2020-10-01,,,,,,
9856,2020,4,2021-01-01,,,,,,
9856,2021,1,2021-04-01,,,,,,
9856,2021,2,2021-07-01,,,,,,
9856,2021,3,2021-10-01,,,,,,
9856,2021,4,2022-01-01,,,,,,
9856,2022,1,2022-04-01,,,,,,
9856,2022,2,2022-07-01,,,,,,
9856,2022,3,2022-10-01,,,,,,
9856,2022,4,2023-01-01,,,,,,0.0
9856,2023,1,2023-04-01,,,,,,0.0
9856,2023,2,2023-07-01,,,,,,0.0
9856,2023,3,2023-10-01,,,,,,0.0
9856,2023,4,2024-01-01,,,,,,0.0
9856,2024,1,2024-04-01,,,,,,0.0
9856,2024,2,2024-07-01,,,,,,0.0
9856,2024,3,2024-10-01,,,,,,0.0
9856,2024,4,2025-01-01,,,,,,0.0
9856,2025,1,2025-04-01,,,,,,0.0
9856,2025,2,2025-07-01,,,,,,0.0
9856,2025,3,2025-10-01,,,,,,0.0
9856,2025,4,2026-01-01,,,,,,0.0
9856,2026,1,2026-04-01,,,,,,0.0
9856,2026,2,2026-07-01,,,,,,0.0
9913,2020,3,2020-10-01,,,,,,
9913,2020,4,2021-01-01,,,,,,
9913,2021,1,2021-04-01,,,,,,
9913,2021,2,2021-07-01,,,,,,
9913,2021,3,2021-10-01,,,,,,
9913,2021,4,2022-01-01,,,,,,
9913,2022,1,2022-04-01,,,,,,
9913,2022,2,2022-07-01,,,,,,
9913,2022,3,2022-10-01,,,,,,
9913,2022,4,2023-01-01,,,,,,0.0
9913,2023,1,2023-04-01,,,,,,0.0
9913,2023,2,2023-07-01,,,,,,0.0
9913,2023,3,2023-10-01,,,,,,0.0
9913,2023,4,2024-01-01,,,,,,0.0
9913,2024,1,2024-04-01,,,,,,0.0
9913,2024,2,2024-07-01,,,,,,0.0
9913,2024,3,2024-10-01,,,,,,0.0
9913,2024,4,2025-01-01,,,,,,0.0
9913,2025,1,2025-04-01,,,,,,0.0
9913,2025,2,2025-07-01,,,,,,0.0
9913,2025,3,2025-10-01,,,,,,0.0
9913,2025,4,2026-01-01,,,,,,0.0
9913,2026,1,2026-04-01,,,,,,0.0
9913,2026,2,2026-07-01,,,,,,0.0
9993,2020,3,2020-10-01,,,,,,
9993,2020,4,2021-01-01,,,,,,
9993,2021,1,2021-04-01,,,,,,
9993,2021,2,2021-07-01,,,,,,
9993,2021,3,2021-10-01,,,,,,
9993,2021,4,2022-01-01,,,,,,
9993,2022,1,2022-04-01,,,,,,
9993,2022,2,2022-07-01,,,,,,
9993,2022,3,2022-10-01,,,,,,
9993,2022,4,2023-01-01,,,,,,0.0
9993,2023,1,2023-04-01,,,,,,0.0
9993,2023,2,2023-07-01,,,,,,0.0
9993,2023,3,2023-10-01,,,,,,0.0
9993,2023,4,2024-01-01,,,,,,0.0
9993,2024,1,2024-04-01,,,,,,0.0
9993,2024,2,2024-07-01,,,,,,0.0
9993,2024,3,2024-10-01,,,,,,0.0
9993,2024,4,2025-01-01,,,,,,0.0
9993,2025,1,2025-04-01,,,,,,0.0
9993,2025,2,2025-07-01,,,,,,0.0
9993,2025,3,2025-10-01,,,,,,0.0
9993,2025,4,2026-01-01,,,,,,0.0
9993,2026,1,2026-04-01,,,,,,0.0
9993,2026,2,2026-07-01,,,,,,0.0
10115,2021,1,2021-04-01,,,,,,
10115,2021,2,2021-07-01,,,,,,
10115,2021,3,2021-10-01,,,,,,
10115,2021,4,2022-01-01,,,,,,
10115,2022,1,2022-04-01,,,,,,
10115,2022,2,2022-07-01,,,,,,
10115,2022,3,2022-10-01,,,,,,
10115,2022,4,2023-01-01,,,,,,
10115,2023,1,2023-04-01,,,,,,
10115,2023,2,2023-07-01,,,,,,0.0
10115,2023,3,2023-10-01,,,,,,0.0
10115,2023,4,2024-01-01,,,,,,0.0
10115,2024,1,2024-04-01,,,,,,0.0
10115,2024,2,2024-07-01,,,,,,0.0
10115,2024,3,2024-10-01,,,,,,0.0
10115,2024,4,2025-01-01,,,,,,0.0
10115,2025,1,2025-04-01,,,,,,0.0
10115,2025,2,2025-07-01,,,,,,0.0
10115,2025,3,2025-10-01,,,,,,0.0
10115,2025,4,2026-01-01,,,,,,0.0
10115,2026,1,2026-04-01,,,,,,0.0
10115,2026,2,2026-07-01,,,,,,0.0
10237,2020,4,2021-01-01,,,,,,
10237,2021,1,2021-04-01,,,,,,
10237,2021,2,2021-07-01,,,,,,
10237,2021,3,2021-10-01,,,,,,
10237,2021,4,2022-01-01,,,,,,
10237,2022,1,2022-04-01,,,,,,
10237,2022,2,2022-07-01,,,,,,
10237,2022,3,2022-10-01,,,,,,
10237,2022,4,2023-01-01,,,,,,
10237,2023,1,2023-04-01,,,,,,0.0
10237,2023,2,2023-07-01,,,,,,0.0
10237,2023,3,2023-10-01,,,,,,0.0
10237,2023,4,2024-01-01,,,,,,0.0
10237,2024,1,2024-04-01,,,,,,0.0
10237,2024,2,2024-07-01,,,,,,0.0
10237,2024,3,2024-10-01,,,,,,0.0
10237,2024,4,2025-01-01,,,,,,0.0
10237,2025,1,2025-04-01,,,,,,0.0
10237,2025,2,2025-07-01,,,,,,0.0
10237,2025,3,2025-10-01,,,,,,0.0
10237,2025,4,2026-01-01,,,,,,0.0
10237,2026,1,2026-04-01,,,,,,0.0
10237,2026,2,2026-07-01,,,,,,0.0
10238,2020,4,2021-01-01,,,,,,
10238,2021,1,2021-04-01,,,,,,
10238,2021,2,2021-07-01,,,,,,
10238,2021,3,2021-10-01,,,,,,
10238,2021,4,2022-01-01,,,,,,
10238,2022,1,2022-04-01,,,,,,
10238,2022,2,2022-07-01,,,,,,
10238,2022,3,2022-10-01,,,,,,
10238,2022,4,2023-01-01,,,,,,
10238,2023,1,2023-04-01,,,,,,0.0
10238,2023,2,2023-07-01,,,,,,0.0
10238,2023,3,2023-10-01,,,,,,0.0
10238,2023,4,2024-01-01,,,,,,0.0
10238,2024,1,2024-04-01,,,,,,0.0
10238,2024,2,2024-07-01,,,,,,0.0
10238,2024,3,2024-10-01,,,,,,0.0
10238,2024,4,2025-01-01,,,,,,0.0
10238,2025,1,2025-04-01,,,,,,0.0
10238,2025,2,2025-07-01,,,,,,0.0
10238,2025,3,2025-10-01,,,,,,0.0
10238,2025,4,2026-01-01,,,,,,0.0
10238,2026,1,2026-04-01,,,,,,0.0
10238,2026,2,2026-07-01,,,,,,0.0
10335,2020,4,2021-01-01,,,,,,
10335,2021,1,2021-04-01,,,,,,
10335,2021,2,2021-07-01,,,,,,
10335,2021,3,2021-10-01,,,,,,
10335,2021,4,2022-01-01,,,,,,
10335,2022,1,2022-04-01,,,,,,
10335,2022,2,2022-07-01,,,,,,
10335,2022,3,2022-10-01,,,,,,
10335,2022,4,2023-01-01,,,,,,
10335,2023,1,2023-04-01,,,,,,0.0
10335,2023,2,2023-07-01,,,,,,0.0
10335,2023,3,2023-10-01,,,,,,0.0
10335,2023,4,2024-01-01,,,,,,0.0
10335,2024,1,2024-04-01,,,,,,0.0
10335,2024,2,2024-07-01,,,,,,0.0
10335,2024,3,2024-10-01,,,,,,0.0
10335,2024,4,2025-01-01,,,,,,0.0
10335,2025,1,2025-04-01,,,,,,0.0
10335,2025,2,2025-07-01,,,,,,0.0
10335,2025,3,2025-10-01,,,,,,0.0
10335,2025,4,2026-01-01,,,,,,0.0
10335,2026,1,2026-04-01,,,,,,0.0
10335,2026,2,2026-07-01,,,,,,0.0
10389,2020,4,2021-01-01,,,,,,
10389,2021,1,2021-04-01,,,,,,
10389,2021,2,2021-07-01,,,,,,
10389,2021,3,2021-10-01,,,,,,
10389,2021,4,2022-01-01,,,,,,
10389,2022,1,2022-04-01,,,,,,
10389,2022,2,2022-07-01,,,,,,
10389,2022,3,2022-10-01,,,,,,
10389,2022,4,2023-01-01,,,,,,
10389,2023,1,2023-04-01,,,,,,0.0
10389,2023,2,2023-07-01,,,,,,0.0
10389,2023,3,2023-10-01,,,,,,0.0
10389,2023,4,2024-01-01,,,,,,0.0
10389,2024,1,2024-04-01,,,,,,0.0
10389,2024,2,2024-07-01,,,,,,0.0
10389,2024,3,2024-10-01,,,,,,0.0
10389,2024,4,2025-01-01,,,,,,0.0
10389,2025,1,2025-04-01,,,,,,0.0
10389,2025,2,2025-07-01,,,,,,0.0
10389,2025,3,2025-10-01,,,,,,0.0
10389,2025,4,2026-01-01,,,,,,0.0
10389,2026,1,2026-04-01,,,,,,0.0
10389,2026,2,2026-07-01,,,,,,0.0
10390,2020,4,2021-01-01,,,,,,
10390,2021,1,2021-04-01,,,,,,
10390,2021,2,2021-07-01,,,,,,
10390,2021,3,2021-10-01,,,,,,
10390,2021,4,2022-01-01,,,,,,
10390,2022,1,2022-04-01,,,,,,
10390,2022,2,2022-07-01,,,,,,
10390,2022,3,2022-10-01,,,,,,
10390,2022,4,2023-01-01,,,,,,
10390,2023,1,2023-04-01,,,,,,0.0
10390,2023,2,2023-07-01,,,,,,0.0
10390,2023,3,2023-10-01,,,,,,0.0
10390,2023,4,2024-01-01,,,,,,0.0
10390,2024,1,2024-04-01,,,,,,0.0
10390,2024,2,2024-07-01,,,,,,0.0
10390,2024,3,2024-10-01,,,,,,0.0
10390,2024,4,2025-01-01,,,,,,0.0
10390,2025,1,2025-04-01,,,,,,0.0
10390,2025,2,2025-07-01,,,,,,0.0
10390,2025,3,2025-10-01,,,,,,0.0
10390,2025,4,2026-01-01,,,,,,0.0
10390,2026,1,2026-04-01,,,,,,0.0
10390,2026,2,2026-07-01,,,,,,0.0
10415,2021,2,2021-07-01,,,,,,
10415,2021,3,2021-10-01,,,,,,
10415,2021,4,2022-01-01,,,,,,
10415,2022,1,2022-04-01,,,,,,
10415,2022,2,2022-07-01,,,,,,
10415,2022,3,2022-10-01,,,,,,
10415,2022,4,2023-01-01,,,,,,
10415,2023,1,2023-04-01,,,,,,
10415,2023,2,2023-07-01,,,,,,0.0
10415,2023,3,2023-10-01,,,,,,0.0
10415,2023,4,2024-01-01,,,,,,0.0
10415,2024,1,2024-04-01,,,,,,0.0
10415,2024,2,2024-07-01,,,,,,0.0
10415,2024,3,2024-10-01,,,,,,0.0
10415,2024,4,2025-01-01,,,,,,0.0
10415,2025,1,2025-04-01,,,,,,0.0
10415,2025,2,2025-07-01,,,,,,0.0
10415,2025,3,2025-10-01,,,,,,0.0
10415,2025,4,2026-01-01,,,,,,0.0
10415,2026,1,2026-04-01,,,,,,0.0
10415,2026,2,2026-07-01,,,,,,0.0
10416,2021,2,2021-07-01,,,,,,
10416,2021,3,2021-10-01,,,,,,
10416,2021,4,2022-01-01,,,,,,
10416,2022,1,2022-04-01,,,,,,
10416,2022,2,2022-07-01,,,,,,
10416,2022,3,2022-10-01,,,,,,
10416,2022,4,2023-01-01,,,,,,
10416,2023,1,2023-04-01,,,,,,
10416,2023,2,2023-07-01,,,,,,0.0
10416,2023,3,2023-10-01,,,,,,0.0
10416,2023,4,2024-01-01,,,,,,0.0
10416,2024,1,2024-04-01,,,,,,0.0
10416,2024,2,2024-07-01,,,,,,0.0
10416,2024,3,2024-10-01,,,,,,0.0
10416,2024,4,2025-01-01,,,,,,0.0
10416,2025,1,2025-04-01,,,,,,0.0
10416,2025,2,2025-07-01,,,,,,0.0
10416,2025,3,2025-10-01,,,,,,0.0
10416,2025,4,2026-01-01,,,,,,0.0
10416,2026,1,2026-04-01,,,,,,0.0
10416,2026,2,2026-07-01,,,,,,0.0
10912,2021,1,2021-04-01,,,,,,
10912,2021,2,2021-07-01,,,,,,
10912,2021,3,2021-10-01,,,,,,
10912,2021,4,2022-01-01,,,,,,
10912,2022,1,2022-04-01,,,,,,
10912,2022,2,2022-07-01,,,,,,
10912,2022,3,2022-10-01,,,,,,
10912,2022,4,2023-01-01,,,,,,
10912,2023,1,2023-04-01,,,,,,
10912,2023,2,2023-07-01,,,,,,0.0
10912,2023,3,2023-10-01,,,,,,0.0
10912,2023,4,2024-01-01,,,,,,0.0
10912,2024,1,2024-04-01,,,,,,0.0
10912,2024,2,2024-07-01,,,,,,0.0
10912,2024,3,2024-10-01,,,,,,0.0
10912,2024,4,2025-01-01,,,,,,0.0
10912,2025,1,2025-04-01,,,,,,0.0
10912,2025,2,2025-07-01,,,,,,0.0
10912,2025,3,2025-10-01,,,,,,0.0
10912,2025,4,2026-01-01,,,,,,0.0
10912,2026,1,2026-04-01,,,,,,0.0
10912,2026,2,2026-07-01,,,,,,0.0
10913,2021,1,2021-04-01,,,,,,
10913,2021,2,2021-07-01,,,,,,
10913,2021,3,2021-10-01,,,,,,
10913,2021,4,2022-01-01,,,,,,
10913,2022,1,2022-04-01,,,,,,
10913,2022,2,2022-07-01,,,,,,
10913,2022,3,2022-10-01,,,,,,
10913,2022,4,2023-01-01,,,,,,
10913,2023,1,2023-04-01,,,,,,
10913,2023,2,2023-07-01,,,,,,0.0
10913,2023,3,2023-10-01,,,,,,0.0
10913,2023,4,2024-01-01,,,,,,0.0
10913,2024,1,2024-04-01,,,,,,0.0
10913,2024,2,2024-07-01,,,,,,0.0
10913,2024,3,2024-10-01,,,,,,0.0
10913,2024,4,2025-01-01,,,,,,0.0
10913,2025,1,2025-04-01,,,,,,0.0
10913,2025,2,2025-07-01,,,,,,0.0
10913,2025,3,2025-10-01,,,,,,0.0
10913,2025,4,2026-01-01,,,,,,0.0
10913,2026,1,2026-04-01,,,,,,0.0
10913,2026,2,2026-07-01,,,,,,0.0
11120,2020,4,2021-01-01,,,,,,
11120,2021,1,2021-04-01,,,,,,
11120,2021,2,2021-07-01,,,,,,
11120,2021,3,2021-10-01,,,,,,
11120,2021,4,2022-01-01,,,,,,
11120,2022,1,2022-04-01,,,,,,
11120,2022,2,2022-07-01,,,,,,
11120,2022,3,2022-10-01,,,,,,
11120,2022,4,2023-01-01,,,,,,
11120,2023,1,2023-04-01,,,,,,0.0
11120,2023,2,2023-07-01,,,,,,0.0
11120,2023,3,2023-10-01,,,,,,0.0
11120,2023,4,2024-01-01,,,,,,0.0
11120,2024,1,2024-04-01,,,,,,0.0
11120,2024,2,2024-07-01,,,,,,0.0
11120,2024,3,2024-10-01,,,,,,0.0
11120,2024,4,2025-01-01,,,,,,0.0
11120,2025,1,2025-04-01,,,,,,0.0
11120,2025,2,2025-07-01,,,,,,0.0
11120,2025,3,2025-10-01,,,,,,0.0
11120,2025,4,2026-01-01,,,,,,0.0
11120,2026,1,2026-04-01,,,,,,0.0
11120,2026,2,2026-07-01,,,,,,0.0
11300,2021,1,2021-04-01,,,,,,
11300,2021,2,2021-07-01,,,,,,
11300,2021,3,2021-10-01,,,,,,
11300,2021,4,2022-01-01,,,,,,
11300,2022,1,2022-04-01,,,,,,
11300,2022,2,2022-07-01,,,,,,
11300,2022,3,2022-10-01,,,,,,
11300,2022,4,2023-01-01,,,,,,
11300,2023,1,2023-04-01,,,,,,
11300,2023,2,2023-07-01,,,,,,0.0
11300,2023,3,2023-10-01,,,,,,0.0
11300,2023,4,2024-01-01,,,,,,0.0
11300,2024,1,2024-04-01,,,,,,0.0
11300,2024,2,2024-07-01,,,,,,0.0
11300,2024,3,2024-10-01,,,,,,0.0
11300,2024,4,2025-01-01,,,,,,0.0
11300,2025,1,2025-04-01,,,,,,0.0
11300,2025,2,2025-07-01,,,,,,0.0
11300,2025,3,2025-10-01,,,,,,0.0
11300,2025,4,2026-01-01,,,,,,0.0
11300,2026,1,2026-04-01,,,,,,0.0
11300,2026,2,2026-07-01,,,,,,0.0
11301,2021,1,2021-04-01,,,,,,
11301,2021,2,2021-07-01,,,,,,
11301,2021,3,2021-10-01,,,,,,
11301,2021,4,2022-01-01,,,,,,
11301,2022,1,2022-04-01,,,,,,
11301,2022,2,2022-07-01,,,,,,
11301,2022,3,2022-10-01,,,,,,
11301,2022,4,2023-01-01,,,,,,
11301,2023,1,2023-04-01,,,,,,
11301,2023,2,2023-07-01,,,,,,0.0
11301,2023,3,2023-10-01,,,,,,0.0
11301,2023,4,2024-01-01,,,,,,0.0
11301,2024,1,2024-04-01,,,,,,0.0
11301,2024,2,2024-07-01,,,,,,0.0
11301,2024,3,2024-10-01,,,,,,0.0
11301,2024,4,2025-01-01,,,,,,0.0
11301,2025,1,2025-04-01,,,,,,0.0
11301,2025,2,2025-07-01,,,,,,0.0
11301,2025,3,2025-10-01,,,,,,0.0
11301,2025,4,2026-01-01,,,,,,0.0
11301,2026,1,2026-04-01,,,,,,0.0
11301,2026,2,2026-07-01,,,,,,0.0
11369,2021,2,2021-07-01,,,,,,
11369,2021,3,2021-10-01,,,,,,
11369,2021,4,2022-01-01,,,,,,
11369,2022,1,2022-04-01,,,,,,
11369,2022,2,2022-07-01,,,,,,
11369,2022,3,2022-10-01,,,,,,
11369,2022,4,2023-01-01,,,,,,
11369,2023,1,2023-04-01,,,,,,
11369,2023,2,2023-07-01,,,,,,
11369,2023,3,2023-10-01,,,,,,0.0
11369,2023,4,2024-01-01,,,,,,0.0
11369,2024,1,2024-04-01,,,,,,0.0
11369,2024,2,2024-07-01,,,,,,0.0
11369,2024,3,2024-10-01,,,,,,0.0
11369,2024,4,2025-01-01,,,,,,0.0
11369,2025,1,2025-04-01,,,,,,0.0
11369,2025,2,2025-07-01,,,,,,0.0
11369,2025,3,2025-10-01,,,,,,0.0
11369,2025,4,2026-01-01,,,,,,0.0
11369,2026,1,2026-04-01,,,,,,0.0
11369,2026,2,2026-07-01,,,,,,0.0
11370,2021,2,2021-07-01,,,,,,
11370,2021,3,2021-10-01,,,,,,
11370,2021,4,2022-01-01,,,,,,
11370,2022,1,2022-04-01,,,,,,
11370,2022,2,2022-07-01,,,,,,
11370,2022,3,2022-10-01,,,,,,
11370,2022,4,2023-01-01,,,,,,
11370,2023,1,2023-04-01,,,,,,
11370,2023,2,2023-07-01,,,,,,
11370,2023,3,2023-10-01,,,,,,0.0
11370,2023,4,2024-01-01,,,,,,0.0
11370,2024,1,2024-04-01,,,,,,0.0
11370,2024,2,2024-07-01,,,,,,0.0
11370,2024,3,2024-10-01,,,,,,0.0
11370,2024,4,2025-01-01,,,,,,0.0
11370,2025,1,2025-04-01,,,,,,0.0
11370,2025,2,2025-07-01,,,,,,0.0
11370,2025,3,2025-10-01,,,,,,0.0
11370,2025,4,2026-01-01,,,,,,0.0
11370,2026,1,2026-04-01,,,,,,0.0
11370,2026,2,2026-07-01,,,,,,0.0
11399,2021,1,2021-04-01,,,,,,
11399,2021,2,2021-07-01,,,,,,
11399,2021,3,2021-10-01,,,,,,
11399,2021,4,2022-01-01,,,,,,
11399,2022,1,2022-04-01,,,,,,
11399,2022,2,2022-07-01,,,,,,
11399,2022,3,2022-10-01,,,,,,
11399,2022,4,2023-01-01,,,,,,
11399,2023,1,2023-04-01,,,,,,
11399,2023,2,2023-07-01,,,,,,0.0
11399,2023,3,2023-10-01,,,,,,0.0
11399,2023,4,2024-01-01,,,,,,0.0
11399,2024,1,2024-04-01,,,,,,0.0
11399,2024,2,2024-07-01,,,,,,0.0
11399,2024,3,2024-10-01,,,,,,0.0
11399,2024,4,2025-01-01,,,,,,0.0
11399,2025,1,2025-04-01,,,,,,0.0
11399,2025,2,2025-07-01,,,,,,0.0
11399,2025,3,2025-10-01,,,,,,0.0
11399,2025,4,2026-01-01,,,,,,0.0
11399,2026,1,2026-04-01,,,,,,0.0
11399,2026,2,2026-07-01,,,,,,0.0
11400,2021,1,2021-04-01,,,,,,
11400,2021,2,2021-07-01,,,,,,
11400,2021,3,2021-10-01,,,,,,
11400,2021,4,2022-01-01,,,,,,
11400,2022,1,2022-04-01,,,,,,
11400,2022,2,2022-07-01,,,,,,
11400,2022,3,2022-10-01,,,,,,
11400,2022,4,2023-01-01,,,,,,
11400,2023,1,2023-04-01,,,,,,
11400,2023,2,2023-07-01,,,,,,0.0
11400,2023,3,2023-10-01,,,,,,0.0
11400,2023,4,2024-01-01,,,,,,0.0
11400,2024,1,2024-04-01,,,,,,0.0
11400,2024,2,2024-07-01,,,,,,0.0
11400,2024,3,2024-10-01,,,,,,0.0
11400,2024,4,2025-01-01,,,,,,0.0
11400,2025,1,2025-04-01,,,,,,0.0
11400,2025,2,2025-07-01,,,,,,0.0
11400,2025,3,2025-10-01,,,,,,0.0
11400,2025,4,2026-01-01,,,,,,0.0
11400,2026,1,2026-04-01,,,,,,0.0
11400,2026,2,2026-07-01,,,,,,0.0
11412,2021,1,2021-04-01,,,,,,
11412,2021,2,2021-07-01,,,,,,
11412,2021,3,2021-10-01,,,,,,
11412,2021,4,2022-01-01,,,,,,
11412,2022,1,2022-04-01,,,,,,
11412,2022,2,2022-07-01,,,,,,
11412,2022,3,2022-10-01,,,,,,
11412,2022,4,2023-01-01,,,,,,
11412,2023,1,2023-04-01,,,,,,
11412,2023,2,2023-07-01,,,,,,0.0
11412,2023,3,2023-10-01,,,,,,0.0
11412,2023,4,2024-01-01,,,,,,0.0
11412,2024,1,2024-04-01,,,,,,0.0
11412,2024,2,2024-07-01,,,,,,0.0
11412,2024,3,2024-10-01,,,,,,0.0
11412,2024,4,2025-01-01,,,,,,0.0
11412,2025,1,2025-04-01,,,,,,0.0
11412,2025,2,2025-07-01,,,,,,0.0
11412,2025,3,2025-10-01,,,,,,0.0
11412,2025,4,2026-01-01,,,,,,0.0
11412,2026,1,2026-04-01,,,,,,0.0
11412,2026,2,2026-07-01,,,,,,0.0
11452,2021,1,2021-04-01,,,,,,
11452,2021,2,2021-07-01,,,,,,
11452,2021,3,2021-10-01,,,,,,
11452,2021,4,2022-01-01,,,,,,
11452,2022,1,2022-04-01,,,,,,
11452,2022,2,2022-07-01,,,,,,
11452,2022,3,2022-10-01,,,,,,
11452,2022,4,2023-01-01,,,,,,
11452,2023,1,2023-04-01,,,,,,
11452,2023,2,2023-07-01,,,,,,0.0
11452,2023,3,2023-10-01,,,,,,0.0
11452,2023,4,2024-01-01,,,,,,0.0
11452,2024,1,2024-04-01,,,,,,0.0
11452,2024,2,2024-07-01,,,,,,0.0
11452,2024,3,2024-10-01,,,,,,0.0
11452,2024,4,2025-01-01,,,,,,0.0
11452,2025,1,2025-04-01,,,,,,0.0
11452,2025,2,2025-07-01,,,,,,0.0
11452,2025,3,2025-10-01,,,,,,0.0
11452,2025,4,2026-01-01,,,,,,0.0
11452,2026,1,2026-04-01,,,,,,0.0
11452,2026,2,2026-07-01,,,,,,0.0
11488,2021,1,2021-04-01,,,,,,
11488,2021,2,2021-07-01,,,,,,
11488,2021,3,2021-10-01,,,,,,
11488,2021,4,2022-01-01,,,,,,
11488,2022,1,2022-04-01,,,,,,
11488,2022,2,2022-07-01,,,,,,
11488,2022,3,2022-10-01,,,,,,
11488,2022,4,2023-01-01,,,,,,
11488,2023,1,2023-04-01,,,,,,
11488,2023,2,2023-07-01,,,,,,0.0
11488,2023,3,2023-10-01,,,,,,0.0
11488,2023,4,2024-01-01,,,,,,0.0
11488,2024,1,2024-04-01,,,,,,0.0
11488,2024,2,2024-07-01,,,,,,0.0
11488,2024,3,2024-10-01,,,,,,0.0
11488,2024,4,2025-01-01,,,,,,0.0
11488,2025,1,2025-04-01,,,,,,0.0
11488,2025,2,2025-07-01,,,,,,0.0
11488,2025,3,2025-10-01,,,,,,0.0
11488,2025,4,2026-01-01,,,,,,0.0
11488,2026,1,2026-04-01,,,,,,0.0
11488,2026,2,2026-07-01,,,,,,0.0
11822,2021,3,2021-10-01,,,,,,
11822,2021,4,2022-01-01,,,,,,
11822,2022,1,2022-04-01,,,,,,
11822,2022,2,2022-07-01,,,,,,
11822,2022,3,2022-10-01,,,,,,
11822,2022,4,2023-01-01,,,,,,
11822,2023,1,2023-04-01,,,,,,
11822,2023,2,2023-07-01,,,,,,
11822,2023,3,2023-10-01,,,,,,
11822,2023,4,2024-01-01,,,,,,0.0
11822,2024,1,2024-04-01,,,,,,0.0
11822,2024,2,2024-07-01,,,,,,0.0
11822,2024,3,2024-10-01,,,,,,0.0
11822,2024,4,2025-01-01,,,,,,0.0
11822,2025,1,2025-04-01,,,,,,0.0
11822,2025,2,2025-07-01,,,,,,0.0
11822,2025,3,2025-10-01,,,,,,0.0
11822,2025,4,2026-01-01,,,,,,0.0
11822,2026,1,2026-04-01,,,,,,0.0
11822,2026,2,2026-07-01,,,,,,0.0
11823,2021,3,2021-10-01,,,,,,
11823,2021,4,2022-01-01,,,,,,
11823,2022,1,2022-04-01,,,,,,
11823,2022,2,2022-07-01,,,,,,
11823,2022,3,2022-10-01,,,,,,
11823,2022,4,2023-01-01,,,,,,
11823,2023,1,2023-04-01,,,,,,
11823,2023,2,2023-07-01,,,,,,
11823,2023,3,2023-10-01,,,,,,
11823,2023,4,2024-01-01,,,,,,0.0
11823,2024,1,2024-04-01,,,,,,0.0
11823,2024,2,2024-07-01,,,,,,0.0
11823,2024,3,2024-10-01,,,,,,0.0
11823,2024,4,2025-01-01,,,,,,0.0
11823,2025,1,2025-04-01,,,,,,0.0
11823,2025,2,2025-07-01,,,,,,0.0
11823,2025,3,2025-10-01,,,,,,0.0
11823,2025,4,2026-01-01,,,,,,0.0
11823,2026,1,2026-04-01,,,,,,0.0
11823,2026,2,2026-07-01,,,,,,0.0
11891,2021,3,2021-10-01,,,,,,
11891,2021,4,2022-01-01,,,,,,
11891,2022,1,2022-04-01,,,,,,
11891,2022,2,2022-07-01,,,,,,
11891,2022,3,2022-10-01,,,,,,
11891,2022,4,2023-01-01,,,,,,
11891,2023,1,2023-04-01,,,,,,
11891,2023,2,2023-07-01,,,,,,
11891,2023,3,2023-10-01,,,,,,
11891,2023,4,2024-01-01,,,,,,0.0
11891,2024,1,2024-04-01,,,,,,0.0
11891,2024,2,2024-07-01,,,,,,0.0
11891,2024,3,2024-10-01,,,,,,0.0
11891,2024,4,2025-01-01,,,,,,0.0
11891,2025,1,2025-04-01,,,,,,0.0
11891,2025,2,2025-07-01,,,,,,0.0
11891,2025,3,2025-10-01,,,,,,0.0
11891,2025,4,2026-01-01,,,,,,0.0
11891,2026,1,2026-04-01,,,,,,0.0
11891,2026,2,2026-07-01,,,,,,0.0
11892,2021,3,2021-10-01,,,,,,
11892,2021,4,2022-01-01,,,,,,
11892,2022,1,2022-04-01,,,,,,
11892,2022,2,2022-07-01,,,,,,
11892,2022,3,2022-10-01,,,,,,
11892,2022,4,2023-01-01,,,,,,
11892,2023,1,2023-04-01,,,,,,
11892,2023,2,2023-07-01,,,,,,
11892,2023,3,2023-10-01,,,,,,
11892,2023,4,2024-01-01,,,,,,0.0
11892,2024,1,2024-04-01,,,,,,0.0
11892,2024,2,2024-07-01,,,,,,0.0
11892,2024,3,2024-10-01,,,,,,0.0
11892,2024,4,2025-01-01,,,,,,0.0
11892,2025,1,2025-04-01,,,,,,0.0
11892,2025,2,2025-07-01,,,,,,0.0
11892,2025,3,2025-10-01,,,,,,0.0
11892,2025,4,2026-01-01,,,,,,0.0
11892,2026,1,2026-04-01,,,,,,0.0
11892,2026,2,2026-07-01,,,,,,0.0
12301,2021,3,2021-10-01,,,,,,
12301,2021,4,2022-01-01,,,,,,
12301,2022,1,2022-04-01,,,,,,
12301,2022,2,2022-07-01,,,,,,
12301,2022,3,2022-10-01,,,,,,
12301,2022,4,2023-01-01,,,,,,
12301,2023,1,2023-04-01,,,,,,
12301,2023,2,2023-07-01,,,,,,
12301,2023,3,2023-10-01,,,,,,
12301,2023,4,2024-01-01,,,,,,0.0
12301,2024,1,2024-04-01,,,,,,0.0
12301,2024,2,2024-07-01,,,,,,0.0
12301,2024,3,2024-10-01,,,,,,0.0
12301,2024,4,2025-01-01,,,,,,0.0
12301,2025,1,2025-04-01,,,,,,0.0
12301,2025,2,2025-07-01,,,,,,0.0
12301,2025,3,2025-10-01,,,,,,0.0
12301,2025,4,2026-01-01,,,,,,0.0
12301,2026,1,2026-04-01,,,,,,0.0
12301,2026,2,2026-07-01,,,,,,0.0
12456,2021,3,2021-10-01,,,,,,
12456,2021,4,2022-01-01,,,,,,
12456,2022,1,2022-04-01,,,,,,
12456,2022,2,2022-07-01,,,,,,
12456,2022,3,2022-10-01,,,,,,
12456,2022,4,2023-01-01,,,,,,
12456,2023,1,2023-04-01,,,,,,
12456,2023,2,2023-07-01,,,,,,
12456,2023,3,2023-10-01,,,,,,
12456,2023,4,2024-01-01,,,,,,0.0
12456,2024,1,2024-04-01,,,,,,0.0
12456,2024,2,2024-07-01,,,,,,0.0
12456,2024,3,2024-10-01,,,,,,0.0
12456,2024,4,2025-01-01,,,,,,0.0
12456,2025,1,2025-04-01,,,,,,0.0
12456,2025,2,2025-07-01,,,,,,0.0
12456,2025,3,2025-10-01,,,,,,0.0
12456,2025,4,2026-01-01,,,,,,0.0
12456,2026,1,2026-04-01,,,,,,0.0
12456,2026,2,2026-07-01,,,,,,0.0
12457,2021,3,2021-10-01,,,,,,
12457,2021,4,2022-01-01,,,,,,
12457,2022,1,2022-04-01,,,,,,
12457,2022,2,2022-07-01,,,,,,
12457,2022,3,2022-10-01,,,,,,
12457,2022,4,2023-01-01,,,,,,
12457,2023,1,2023-04-01,,,,,,
12457,2023,2,2023-07-01,,,,,,
12457,2023,3,2023-10-01,,,,,,
12457,2023,4,2024-01-01,,,,,,0.0
12457,2024,1,2024-04-01,,,,,,0.0
12457,2024,2,2024-07-01,,,,,,0.0
12457,2024,3,2024-10-01,,,,,,0.0
12457,2024,4,2025-01-01,,,,,,0.0
12457,2025,1,2025-04-01,,,,,,0.0
12457,2025,2,2025-07-01,,,,,,0.0
12457,2025,3,2025-10-01,,,,,,0.0
12457,2025,4,2026-01-01,,,,,,0.0
12457,2026,1,2026-04-01,,,,,,0.0
12457,2026,2,2026-07-01,,,,,,0.0
13107,2021,4,2022-01-01,,,,,,
13107,2022,1,2022-04-01,,,,,,
13107,2022,2,2022-07-01,,,,,,
13107,2022,3,2022-10-01,,,,,,
13107,2022,4,2023-01-01,,,,,,
13107,2023,1,2023-04-01,,,,,,
13107,2023,2,2023-07-01,,,,,,
13107,2023,3,2023-10-01,,,,,,
13107,2023,4,2024-01-01,,,,,,
13107,2024,1,2024-04-01,,,,,,0.0
13107,2024,2,2024-07-01,,,,,,0.0
13107,2024,3,2024-10-01,,,,,,0.0
13107,2024,4,2025-01-01,,,,,,0.0
13107,2025,1,2025-04-01,,,,,,0.0
13107,2025,2,2025-07-01,,,,,,0.0
13107,2025,3,2025-10-01,,,,,,0.0
13107,2025,4,2026-01-01,,,,,,0.0
13107,2026,1,2026-04-01,,,,,,0.0
13107,2026,2,2026-07-01,,,,,,0.0
13108,2021,4,2022-01-01,,,,,,
13108,2022,1,2022-04-01,,,,,,
13108,2022,2,2022-07-01,,,,,,
13108,2022,3,2022-10-01,,,,,,
13108,2022,4,2023-01-01,,,,,,
13108,2023,1,2023-04-01,,,,,,
13108,2023,2,2023-07-01,,,,,,
13108,2023,3,2023-10-01,,,,,,
13108,2023,4,2024-01-01,,,,,,
13108,2024,1,2024-04-01,,,,,,0.0
13108,2024,2,2024-07-01,,,,,,0.0
13108,2024,3,2024-10-01,,,,,,0.0
13108,2024,4,2025-01-01,,,,,,0.0
13108,2025,1,2025-04-01,,,,,,0.0
13108,2025,2,2025-07-01,,,,,,0.0
13108,2025,3,2025-10-01,,,,,,0.0
13108,2025,4,2026-01-01,,,,,,0.0
13108,2026,1,2026-04-01,,,,,,0.0
13108,2026,2,2026-07-01,,,,,,0.0
13238,2021,4,2022-01-01,,,,,,
13238,2022,1,2022-04-01,,,,,,
13238,2022,2,2022-07-01,,,,,,
13238,2022,3,2022-10-01,,,,,,
13238,2022,4,2023-01-01,,,,,,
13238,2023,1,2023-04-01,,,,,,
13238,2023,2,2023-07-01,,,,,,
13238,2023,3,2023-10-01,,,,,,
13238,2023,4,2024-01-01,,,,,,
13238,2024,1,2024-04-01,,,,,,0.0
13238,2024,2,2024-07-01,,,,,,0.0
13238,2024,3,2024-10-01,,,,,,0.0
13238,2024,4,2025-01-01,,,,,,0.0
13238,2025,1,2025-04-01,,,,,,0.0
13238,2025,2,2025-07-01,,,,,,0.0
13238,2025,3,2025-10-01,,,,,,0.0
13238,2025,4,2026-01-01,,,,,,0.0
13238,2026,1,2026-04-01,,,,,,0.0
13238,2026,2,2026-07-01,,,,,,0.0
13239,2021,4,2022-01-01,,,,,,
13239,2022,1,2022-04-01,,,,,,
13239,2022,2,2022-07-01,,,,,,
13239,2022,3,2022-10-01,,,,,,
13239,2022,4,2023-01-01,,,,,,
13239,2023,1,2023-04-01,,,,,,
13239,2023,2,2023-07-01,,,,,,
13239,2023,3,2023-10-01,,,,,,
13239,2023,4,2024-01-01,,,,,,
13239,2024,1,2024-04-01,,,,,,0.0
13239,2024,2,2024-07-01,,,,,,0.0
13239,2024,3,2024-10-01,,,,,,0.0
13239,2024,4,2025-01-01,,,,,,0.0
13239,2025,1,2025-04-01,,,,,,0.0
13239,2025,2,2025-07-01,,,,,,0.0
13239,2025,3,2025-10-01,,,,,,0.0
13239,2025,4,2026-01-01,,,,,,0.0
13239,2026,1,2026-04-01,,,,,,0.0
13239,2026,2,2026-07-01,,,,,,0.0
13312,2021,3,2021-10-01,,,,,,
13312,2021,4,2022-01-01,,,,,,
13312,2022,1,2022-04-01,,,,,,
13312,2022,2,2022-07-01,,,,,,
13312,2022,3,2022-10-01,,,,,,
13312,2022,4,2023-01-01,,,,,,
13312,2023,1,2023-04-01,,,,,,
13312,2023,2,2023-07-01,,,,,,
13312,2023,3,2023-10-01,,,,,,
13312,2023,4,2024-01-01,,,,,,0.0
13312,2024,1,2024-04-01,,,,,,0.0
13312,2024,2,2024-07-01,,,,,,0.0
13312,2024,3,2024-10-01,,,,,,0.0
13312,2024,4,2025-01-01,,,,,,0.0
13312,2025,1,2025-04-01,,,,,,0.0
13312,2025,2,2025-07-01,,,,,,0.0
13312,2025,3,2025-10-01,,,,,,0.0
13312,2025,4,2026-01-01,,,,,,0.0
13312,2026,1,2026-04-01,,,,,,0.0
13312,2026,2,2026-07-01,,,,,,0.0
13369,2022,1,2022-04-01,,,,,,
13369,2022,2,2022-07-01,,,,,,
13369,2022,3,2022-10-01,,,,,,
13369,2022,4,2023-01-01,,,,,,
13369,2023,1,2023-04-01,,,,,,
13369,2023,2,2023-07-01,,,,,,
13369,2023,3,2023-10-01,,,,,,
13369,2023,4,2024-01-01,,,,,,
13369,2024,1,2024-04-01,,,,,,
13369,2024,2,2024-07-01,,,,,,0.0
13369,2024,3,2024-10-01,,,,,,0.0
13369,2024,4,2025-01-01,,,,,,0.0
13369,2025,1,2025-04-01,,,,,,0.0
13369,2025,2,2025-07-01,,,,,,0.0
13369,2025,3,2025-10-01,,,,,,0.0
13369,2025,4,2026-01-01,,,,,,0.0
13369,2026,1,2026-04-01,,,,,,0.0
13369,2026,2,2026-07-01,,,,,,0.0
13370,2022,1,2022-04-01,,,,,,
13370,2022,2,2022-07-01,,,,,,
13370,2022,3,2022-10-01,,,,,,
13370,2022,4,2023-01-01,,,,,,
13370,2023,1,2023-04-01,,,,,,
13370,2023,2,2023-07-01,,,,,,
13370,2023,3,2023-10-01,,,,,,
13370,2023,4,2024-01-01,,,,,,
13370,2024,1,2024-04-01,,,,,,
13370,2024,2,2024-07-01,,,,,,0.0
13370,2024,3,2024-10-01,,,,,,0.0
13370,2024,4,2025-01-01,,,,,,0.0
13370,2025,1,2025-04-01,,,,,,0.0
13370,2025,2,2025-07-01,,,,,,0.0
13370,2025,3,2025-10-01,,,,,,0.0
13370,2025,4,2026-01-01,,,,,,0.0
13370,2026,1,2026-04-01,,,,,,0.0
13370,2026,2,2026-07-01,,,,,,0.0
13840,2021,4,2022-01-01,,,,,,
13840,2022,1,2022-04-01,,,,,,
13840,2022,2,2022-07-01,,,,,,
13840,2022,3,2022-10-01,,,,,,
13840,2022,4,2023-01-01,,,,,,
13840,2023,1,2023-04-01,,,,,,
13840,2023,2,2023-07-01,,,,,,
13840,2023,3,2023-10-01,,,,,,
13840,2023,4,2024-01-01,,,,,,
13840,2024,1,2024-04-01,,,,,,0.0
13840,2024,2,2024-07-01,,,,,,0.0
13840,2024,3,2024-10-01,,,,,,0.0
13840,2024,4,2025-01-01,,,,,,0.0
13840,2025,1,2025-04-01,,,,,,0.0
13840,2025,2,2025-07-01,,,,,,0.0
13840,2025,3,2025-10-01,,,,,,0.0
13840,2025,4,2026-01-01,,,,,,0.0
13840,2026,1,2026-04-01,,,,,,0.0
13840,2026,2,2026-07-01,,,,,,0.0
13841,2021,4,2022-01-01,,,,,,
13841,2022,1,2022-04-01,,,,,,
13841,2022,2,2022-07-01,,,,,,
13841,2022,3,2022-10-01,,,,,,
13841,2022,4,2023-01-01,,,,,,
13841,2023,1,2023-04-01,,,,,,
13841,2023,2,2023-07-01,,,,,,
13841,2023,3,2023-10-01,,,,,,
13841,2023,4,2024-01-01,,,,,,
13841,2024,1,2024-04-01,,,,,,0.0
13841,2024,2,2024-07-01,,,,,,0.0
13841,2024,3,2024-10-01,,,,,,0.0
13841,2024,4,2025-01-01,,,,,,0.0
13841,2025,1,2025-04-01,,,,,,0.0
13841,2025,2,2025-07-01,,,,,,0.0
13841,2025,3,2025-10-01,,,,,,0.0
13841,2025,4,2026-01-01,,,,,,0.0
13841,2026,1,2026-04-01,,,,,,0.0
13841,2026,2,2026-07-01,,,,,,0.0
13949,2021,4,2022-01-01,,,,,,
13949,2022,1,2022-04-01,,,,,,
13949,2022,2,2022-07-01,,,,,,
13949,2022,3,2022-10-01,,,,,,
13949,2022,4,2023-01-01,,,,,,
13949,2023,1,2023-04-01,,,,,,
13949,2023,2,2023-07-01,,,,,,
13949,2023,3,2023-10-01,,,,,,
13949,2023,4,2024-01-01,,,,,,
13949,2024,1,2024-04-01,,,,,,0.0
13949,2024,2,2024-07-01,,,,,,0.0
13949,2024,3,2024-10-01,,,,,,0.0
13949,2024,4,2025-01-01,,,,,,0.0
13949,2025,1,2025-04-01,,,,,,0.0
13949,2025,2,2025-07-01,,,,,,0.0
13949,2025,3,2025-10-01,,,,,,0.0
13949,2025,4,2026-01-01,,,,,,0.0
13949,2026,1,2026-04-01,,,,,,0.0
13949,2026,2,2026-07-01,,,,,,0.0
14282,2021,4,2022-01-01,,,,,,
14282,2022,1,2022-04-01,,,,,,
14282,2022,2,2022-07-01,,,,,,
14282,2022,3,2022-10-01,,,,,,
14282,2022,4,2023-01-01,,,,,,
14282,2023,1,2023-04-01,,,,,,
14282,2023,2,2023-07-01,,,,,,
14282,2023,3,2023-10-01,,,,,,
14282,2023,4,2024-01-01,,,,,,
14282,2024,1,2024-04-01,,,,,,0.0
14282,2024,2,2024-07-01,,,,,,0.0
14282,2024,3,2024-10-01,,,,,,0.0
14282,2024,4,2025-01-01,,,,,,0.0
14282,2025,1,2025-04-01,,,,,,0.0
14282,2025,2,2025-07-01,,,,,,0.0
14282,2025,3,2025-10-01,,,,,,0.0
14282,2025,4,2026-01-01,,,,,,0.0
14282,2026,1,2026-04-01,,,,,,0.0
14282,2026,2,2026-07-01,,,,,,0.0
14319,2021,4,2022-01-01,,,,,,
14319,2022,1,2022-04-01,,,,,,
14319,2022,2,2022-07-01,,,,,,
14319,2022,3,2022-10-01,,,,,,
14319,2022,4,2023-01-01,,,,,,
14319,2023,1,2023-04-01,,,,,,
14319,2023,2,2023-07-01,,,,,,
14319,2023,3,2023-10-01,,,,,,
14319,2023,4,2024-01-01,,,,,,
14319,2024,1,2024-04-01,,,,,,0.0
14319,2024,2,2024-07-01,,,,,,0.0
14319,2024,3,2024-10-01,,,,,,0.0
14319,2024,4,2025-01-01,,,,,,0.0
14319,2025,1,2025-04-01,,,,,,0.0
14319,2025,2,2025-07-01,,,,,,0.0
14319,2025,3,2025-10-01,,,,,,0.0
14319,2025,4,2026-01-01,,,,,,0.0
14319,2026,1,2026-04-01,,,,,,0.0
14319,2026,2,2026-07-01,,,,,,0.0
14320,2021,4,2022-01-01,,,,,,
14320,2022,1,2022-04-01,,,,,,
14320,2022,2,2022-07-01,,,,,,
14320,2022,3,2022-10-01,,,,,,
14320,2022,4,2023-01-01,,,,,,
14320,2023,1,2023-04-01,,,,,,
14320,2023,2,2023-07-01,,,,,,
14320,2023,3,2023-10-01,,,,,,
14320,2023,4,2024-01-01,,,,,,
14320,2024,1,2024-04-01,,,,,,0.0
14320,2024,2,2024-07-01,,,,,,0.0
14320,2024,3,2024-10-01,,,,,,0.0
14320,2024,4,2025-01-01,,,,,,0.0
14320,2025,1,2025-04-01,,,,,,0.0
14320,2025,2,2025-07-01,,,,,,0.0
14320,2025,3,2025-10-01,,,,,,0.0
14320,2025,4,2026-01-01,,,,,,0.0
14320,2026,1,2026-04-01,,,,,,0.0
14320,2026,2,2026-07-01,,,,,,0.0
14497,2021,4,2022-01-01,,,,,,
14497,2022,1,2022-04-01,,,,,,
14497,2022,2,2022-07-01,,,,,,
14497,2022,3,2022-10-01,,,,,,
14497,2022,4,2023-01-01,,,,,,
14497,2023,1,2023-04-01,,,,,,
14497,2023,2,2023-07-01,,,,,,
14497,2023,3,2023-10-01,,,,,,
14497,2023,4,2024-01-01,,,,,,
14497,2024,1,2024-04-01,,,,,,0.0
14497,2024,2,2024-07-01,,,,,,0.0
14497,2024,3,2024-10-01,,,,,,0.0
14497,2024,4,2025-01-01,,,,,,0.0
14497,2025,1,2025-04-01,,,,,,0.0
14497,2025,2,2025-07-01,,,,,,0.0
14497,2025,3,2025-10-01,,,,,,0.0
14497,2025,4,2026-01-01,,,,,,0.0
14497,2026,1,2026-04-01,,,,,,0.0
14497,2026,2,2026-07-01,,,,,,0.0
14549,2021,4,2022-01-01,,,,,,
14549,2022,1,2022-04-01,,,,,,
14549,2022,2,2022-07-01,,,,,,
14549,2022,3,2022-10-01,,,,,,
14549,2022,4,2023-01-01,,,,,,
14549,2023,1,2023-04-01,,,,,,
14549,2023,2,2023-07-01,,,,,,
14549,2023,3,2023-10-01,,,,,,
14549,2023,4,2024-01-01,,,,,,
14549,2024,1,2024-04-01,,,,,,0.0
14549,2024,2,2024-07-01,,,,,,0.0
14549,2024,3,2024-10-01,,,,,,0.0
14549,2024,4,2025-01-01,,,,,,0.0
14549,2025,1,2025-04-01,,,,,,0.0
14549,2025,2,2025-07-01,,,,,,0.0
14549,2025,3,2025-10-01,,,,,,0.0
14549,2025,4,2026-01-01,,,,,,0.0
14549,2026,1,2026-04-01,,,,,,0.0
14549,2026,2,2026-07-01,,,,,,0.0
14611,2022,1,2022-04-01,,,,,,
14611,2022,2,2022-07-01,,,,,,
14611,2022,3,2022-10-01,,,,,,
14611,2022,4,2023-01-01,,,,,,
14611,2023,1,2023-04-01,,,,,,
14611,2023,2,2023-07-01,,,,,,
14611,2023,3,2023-10-01,,,,,,
14611,2023,4,2024-01-01,,,,,,
14611,2024,1,2024-04-01,,,,,,
14611,2024,2,2024-07-01,,,,,,0.0
14611,2024,3,2024-10-01,,,,,,0.0
14611,2024,4,2025-01-01,,,,,,0.0
14611,2025,1,2025-04-01,,,,,,0.0
14611,2025,2,2025-07-01,,,,,,0.0
14611,2025,3,2025-10-01,,,,,,0.0
14611,2025,4,2026-01-01,,,,,,0.0
14611,2026,1,2026-04-01,,,,,,0.0
14611,2026,2,2026-07-01,,,,,,0.0
14612,2022,1,2022-04-01,,,,,,
14612,2022,2,2022-07-01,,,,,,
14612,2022,3,2022-10-01,,,,,,
14612,2022,4,2023-01-01,,,,,,
14612,2023,1,2023-04-01,,,,,,
14612,2023,2,2023-07-01,,,,,,
14612,2023,3,2023-10-01,,,,,,
14612,2023,4,2024-01-01,,,,,,
14612,2024,1,2024-04-01,,,,,,
14612,2024,2,2024-07-01,,,,,,0.0
14612,2024,3,2024-10-01,,,,,,0.0
14612,2024,4,2025-01-01,,,,,,0.0
14612,2025,1,2025-04-01,,,,,,0.0
14612,2025,2,2025-07-01,,,,,,0.0
14612,2025,3,2025-10-01,,,,,,0.0
14612,2025,4,2026-01-01,,,,,,0.0
14612,2026,1,2026-04-01,,,,,,0.0
14612,2026,2,2026-07-01,,,,,,0.0
14833,2022,1,2022-04-01,,,,,,
14833,2022,2,2022-07-01,,,,,,
14833,2022,3,2022-10-01,,,,,,
14833,2022,4,2023-01-01,,,,,,
14833,2023,1,2023-04-01,,,,,,
14833,2023,2,2023-07-01,,,,,,
14833,2023,3,2023-10-01,,,,,,
14833,2023,4,2024-01-01,,,,,,
14833,2024,1,2024-04-01,,,,,,
14833,2024,2,2024-07-01,,,,,,0.0
14833,2024,3,2024-10-01,,,,,,0.0
14833,2024,4,2025-01-01,,,,,,0.0
14833,2025,1,2025-04-01,,,,,,0.0
14833,2025,2,2025-07-01,,,,,,0.0
14833,2025,3,2025-10-01,,,,,,0.0
14833,2025,4,2026-01-01,,,,,,0.0
14833,2026,1,2026-04-01,,,,,,0.0
14833,2026,2,2026-07-01,,,,,,0.0
14975,2022,2,2022-07-01,,,,,,
14975,2022,3,2022-10-01,,,,,,
14975,2022,4,2023-01-01,,,,,,
14975,2023,1,2023-04-01,,,,,,
14975,2023,2,2023-07-01,,,,,,
14975,2023,3,2023-10-01,,,,,,
14975,2023,4,2024-01-01,,,,,,
14975,2024,1,2024-04-01,,,,,,
14975,2024,2,2024-07-01,,,,,,
14975,2024,3,2024-10-01,,,,,,0.0
14975,2024,4,2025-01-01,,,,,,0.0
14975,2025,1,2025-04-01,,,,,,0.0
14975,2025,2,2025-07-01,,,,,,0.0
14975,2025,3,2025-10-01,,,,,,0.0
14975,2025,4,2026-01-01,,,,,,0.0
14975,2026,1,2026-04-01,,,,,,0.0
14975,2026,2,2026-07-01,,,,,,0.0
14989,2022,1,2022-04-01,,,,,,
14989,2022,2,2022-07-01,,,,,,
14989,2022,3,2022-10-01,,,,,,
14989,2022,4,2023-01-01,,,,,,
14989,2023,1,2023-04-01,,,,,,
14989,2023,2,2023-07-01,,,,,,
14989,2023,3,2023-10-01,,,,,,
14989,2023,4,2024-01-01,,,,,,
14989,2024,1,2024-04-01,,,,,,
14989,2024,2,2024-07-01,,,,,,0.0
14989,2024,3,2024-10-01,,,,,,0.0
14989,2024,4,2025-01-01,,,,,,0.0
14989,2025,1,2025-04-01,,,,,,0.0
14989,2025,2,2025-07-01,,,,,,0.0
14989,2025,3,2025-10-01,,,,,,0.0
14989,2025,4,2026-01-01,,,,,,0.0
14989,2026,1,2026-04-01,,,,,,0.0
14989,2026,2,2026-07-01,,,,,,0.0
15389,2022,2,2022-07-01,,,,,,
15389,2022,3,2022-10-01,,,,,,
15389,2022,4,2023-01-01,,,,,,
15389,2023,1,2023-04-01,,,,,,
15389,2023,2,2023-07-01,,,,,,
15389,2023,3,2023-10-01,,,,,,
15389,2023,4,2024-01-01,,,,,,
15389,2024,1,2024-04-01,,,,,,
15389,2024,2,2024-07-01,,,,,,
15389,2024,3,2024-10-01,,,,,,0.0
15389,2024,4,2025-01-01,,,,,,0.0
15389,2025,1,2025-04-01,,,,,,0.0
15389,2025,2,2025-07-01,,,,,,0.0
15389,2025,3,2025-10-01,,,,,,0.0
15389,2025,4,2026-01-01,,,,,,0.0
15389,2026,1,2026-04-01,,,,,,0.0
15389,2026,2,2026-07-01,,,,,,0.0
15491,2022,2,2022-07-01,,,,,,
15491,2022,3,2022-10-01,,,,,,
15491,2022,4,2023-01-01,,,,,,
15491,2023,1,2023-04-01,,,,,,
15491,2023,2,2023-07-01,,,,,,
15491,2023,3,2023-10-01,,,,,,
15491,2023,4,2024-01-01,,,,,,
15491,2024,1,2024-04-01,,,,,,
15491,2024,2,2024-07-01,,,,,,
15491,2024,3,2024-10-01,,,,,,0.0
15491,2024,4,2025-01-01,,,,,,0.0
15491,2025,1,2025-04-01,,,,,,0.0
15491,2025,2,2025-07-01,,,,,,0.0
15491,2025,3,2025-10-01,,,,,,0.0
15491,2025,4,2026-01-01,,,,,,0.0
15491,2026,1,2026-04-01,,,,,,0.0
15491,2026,2,2026-07-01,,,,,,0.0
15576,2022,2,2022-07-01,,,,,,
15576,2022,3,2022-10-01,,,,,,
15576,2022,4,2023-01-01,,,,,,
15576,2023,1,2023-04-01,,,,,,
15576,2023,2,2023-07-01,,,,,,
15576,2023,3,2023-10-01,,,,,,
15576,2023,4,2024-01-01,,,,,,
15576,2024,1,2024-04-01,,,,,,
15576,2024,2,2024-07-01,,,,,,
15576,2024,3,2024-10-01,,,,,,0.0
15576,2024,4,2025-01-01,,,,,,0.0
15576,2025,1,2025-04-01,,,,,,0.0
15576,2025,2,2025-07-01,,,,,,0.0
15576,2025,3,2025-10-01,,,,,,0.0
15576,2025,4,2026-01-01,,,,,,0.0
15576,2026,1,2026-04-01,,,,,,0.0
15576,2026,2,2026-07-01,,,,,,0.0
15585,2022,2,2022-07-01,,,,,,
15585,2022,3,2022-10-01,,,,,,
15585,2022,4,2023-01-01,,,,,,
15585,2023,1,2023-04-01,,,,,,
15585,2023,2,2023-07-01,,,,,,
15585,2023,3,2023-10-01,,,,,,
15585,2023,4,2024-01-01,,,,,,
15585,2024,1,2024-04-01,,,,,,
15585,2024,2,2024-07-01,,,,,,
15585,2024,3,2024-10-01,,,,,,0.0
15585,2024,4,2025-01-01,,,,,,0.0
15585,2025,1,2025-04-01,,,,,,0.0
15585,2025,2,2025-07-01,,,,,,0.0
15585,2025,3,2025-10-01,,,,,,0.0
15585,2025,4,2026-01-01,,,,,,0.0
15585,2026,1,2026-04-01,,,,,,0.0
15585,2026,2,2026-07-01,,,,,,0.0
15967,2022,3,2022-10-01,,,,,,
15967,2022,4,2023-01-01,,,,,,
15967,2023,1,2023-04-01,,,,,,
15967,2023,2,2023-07-01,,,,,,
15967,2023,3,2023-10-01,,,,,,
15967,2023,4,2024-01-01,,,,,,
15967,2024,1,2024-04-01,,,,,,
15967,2024,2,2024-07-01,,,,,,
15967,2024,3,2024-10-01,,,,,,
15967,2024,4,2025-01-01,,,,,,0.0
15967,2025,1,2025-04-01,,,,,,0.0
15967,2025,2,2025-07-01,,,,,,0.0
15967,2025,3,2025-10-01,,,,,,0.0
15967,2025,4,2026-01-01,,,,,,0.0
15967,2026,1,2026-04-01,,,,,,0.0
15967,2026,2,2026-07-01,,,,,,0.0
16262,2022,3,2022-10-01,,,,,,
16262,2022,4,2023-01-01,,,,,,
16262,2023,1,2023-04-01,,,,,,
16262,2023,2,2023-07-01,,,,,,
16262,2023,3,2023-10-01,,,,,,
16262,2023,4,2024-01-01,,,,,,
16262,2024,1,2024-04-01,,,,,,
16262,2024,2,2024-07-01,,,,,,
16262,2024,3,2024-10-01,,,,,,
16262,2024,4,2025-01-01,,,,,,0.0
16262,2025,1,2025-04-01,,,,,,0.0
16262,2025,2,2025-07-01,,,,,,0.0
16262,2025,3,2025-10-01,,,,,,0.0
16262,2025,4,2026-01-01,,,,,,0.0
16262,2026,1,2026-04-01,,,,,,0.0
16262,2026,2,2026-07-01,,,,,,0.0
16263,2022,3,2022-10-01,,,,,,
16263,2022,4,2023-01-01,,,,,,
16263,2023,1,2023-04-01,,,,,,
16263,2023,2,2023-07-01,,,,,,
16263,2023,3,2023-10-01,,,,,,
16263,2023,4,2024-01-01,,,,,,
16263,2024,1,2024-04-01,,,,,,
16263,2024,2,2024-07-01,,,,,,
16263,2024,3,2024-10-01,,,,,,
16263,2024,4,2025-01-01,,,,,,0.0
16263,2025,1,2025-04-01,,,,,,0.0
16263,2025,2,2025-07-01,,,,,,0.0
16263,2025,3,2025-10-01,,,,,,0.0
16263,2025,4,2026-01-01,,,,,,0.0
16263,2026,1,2026-04-01,,,,,,0.0
16263,2026,2,2026-07-01,,,,,,0.0
16370,2022,3,2022-10-01,,,,,,
16370,2022,4,2023-01-01,,,,,,
16370,2023,1,2023-04-01,,,,,,
16370,2023,2,2023-07-01,,,,,,
16370,2023,3,2023-10-01,,,,,,
16370,2023,4,2024-01-01,,,,,,
16370,2024,1,2024-04-01,,,,,,
16370,2024,2,2024-07-01,,,,,,
16370,2024,3,2024-10-01,,,,,,
16370,2024,4,2025-01-01,,,,,,0.0
16370,2025,1,2025-04-01,,,,,,0.0
16370,2025,2,2025-07-01,,,,,,0.0
16370,2025,3,2025-10-01,,,,,,0.0
16370,2025,4,2026-01-01,,,,,,0.0
16370,2026,1,2026-04-01,,,,,,0.0
16370,2026,2,2026-07-01,,,,,,0.0
16371,2022,3,2022-10-01,,,,,,
16371,2022,4,2023-01-01,,,,,,
16371,2023,1,2023-04-01,,,,,,
16371,2023,2,2023-07-01,,,,,,
16371,2023,3,2023-10-01,,,,,,
16371,2023,4,2024-01-01,,,,,,
16371,2024,1,2024-04-01,,,,,,
16371,2024,2,2024-07-01,,,,,,
16371,2024,3,2024-10-01,,,,,,
16371,2024,4,2025-01-01,,,,,,0.0
16371,2025,1,2025-04-01,,,,,,0.0
16371,2025,2,2025-07-01,,,,,,0.0
16371,2025,3,2025-10-01,,,,,,0.0
16371,2025,4,2026-01-01,,,,,,0.0
16371,2026,1,2026-04-01,,,,,,0.0
16371,2026,2,2026-07-01,,,,,,0.0
16461,2022,3,2022-10-01,,,,,,
16461,2022,4,2023-01-01,,,,,,
16461,2023,1,2023-04-01,,,,,,
16461,2023,2,2023-07-01,,,,,,
16461,2023,3,2023-10-01,,,,,,
16461,2023,4,2024-01-01,,,,,,
16461,2024,1,2024-04-01,,,,,,
16461,2024,2,2024-07-01,,,,,,
16461,2024,3,2024-10-01,,,,,,
16461,2024,4,2025-01-01,,,,,,0.0
16461,2025,1,2025-04-01,,,,,,0.0
16461,2025,2,2025-07-01,,,,,,0.0
16461,2025,3,2025-10-01,,,,,,0.0
16461,2025,4,2026-01-01,,,,,,0.0
16461,2026,1,2026-04-01,,,,,,0.0
16461,2026,2,2026-07-01,,,,,,0.0
16500,2022,3,2022-10-01,,,,,,
16500,2022,4,2023-01-01,,,,,,
16500,2023,1,2023-04-01,,,,,,
16500,2023,2,2023-07-01,,,,,,
16500,2023,3,2023-10-01,,,,,,
16500,2023,4,2024-01-01,,,,,,
16500,2024,1,2024-04-01,,,,,,
16500,2024,2,2024-07-01,,,,,,
16500,2024,3,2024-10-01,,,,,,
16500,2024,4,2025-01-01,,,,,,0.0
16500,2025,1,2025-04-01,,,,,,0.0
16500,2025,2,2025-07-01,,,,,,0.0
16500,2025,3,2025-10-01,,,,,,0.0
16500,2025,4,2026-01-01,,,,,,0.0
16500,2026,1,2026-04-01,,,,,,0.0
16500,2026,2,2026-07-01,,,,,,0.0
16501,2022,3,2022-10-01,,,,,,
16501,2022,4,2023-01-01,,,,,,
16501,2023,1,2023-04-01,,,,,,
16501,2023,2,2023-07-01,,,,,,
16501,2023,3,2023-10-01,,,,,,
16501,2023,4,2024-01-01,,,,,,
16501,2024,1,2024-04-01,,,,,,
16501,2024,2,2024-07-01,,,,,,
16501,2024,3,2024-10-01,,,,,,
16501,2024,4,2025-01-01,,,,,,0.0
16501,2025,1,2025-04-01,,,,,,0.0
16501,2025,2,2025-07-01,,,,,,0.0
16501,2025,3,2025-10-01,,,,,,0.0
16501,2025,4,2026-01-01,,,,,,0.0
16501,2026,1,2026-04-01,,,,,,0.0
16501,2026,2,2026-07-01,,,,,,0.0
16579,2022,3,2022-10-01,,,,,,
16579,2022,4,2023-01-01,,,,,,
16579,2023,1,2023-04-01,,,,,,
16579,2023,2,2023-07-01,,,,,,
16579,2023,3,2023-10-01,,,,,,
16579,2023,4,2024-01-01,,,,,,
16579,2024,1,2024-04-01,,,,,,
16579,2024,2,2024-07-01,,,,,,
16579,2024,3,2024-10-01,,,,,,
16579,2024,4,2025-01-01,,,,,,0.0
16579,2025,1,2025-04-01,,,,,,0.0
16579,2025,2,2025-07-01,,,,,,0.0
16579,2025,3,2025-10-01,,,,,,0.0
16579,2025,4,2026-01-01,,,,,,0.0
16579,2026,1,2026-04-01,,,,,,0.0
16579,2026,2,2026-07-01,,,,,,0.0
16721,2024,4,2025-01-01,,,,,,
16721,2025,1,2025-04-01,,,,,,
16721,2025,2,2025-07-01,,,,,,
16721,2025,3,2025-10-01,,,,,,
16721,2025,4,2026-01-01,,,,,,
16721,2026,1,2026-04-01,,,,,,
16721,2026,2,2026-07-01,,,,,,
16772,2022,4,2023-01-01,,,,,,
16772,2023,1,2023-04-01,,,,,,
16772,2023,2,2023-07-01,,,,,,
16772,2023,3,2023-10-01,,,,,,
16772,2023,4,2024-01-01,,,,,,
16772,2024,1,2024-04-01,,,,,,
16772,2024,2,2024-07-01,,,,,,
16772,2024,3,2024-10-01,,,,,,
16772,2024,4,2025-01-01,,,,,,
16772,2025,1,2025-04-01,,,,,,0.0
16772,2025,2,2025-07-01,,,,,,0.0
16772,2025,3,2025-10-01,,,,,,0.0
16772,2025,4,2026-01-01,,,,,,0.0
16772,2026,1,2026-04-01,,,,,,0.0
16772,2026,2,2026-07-01,,,,,,0.0
16773,2022,4,2023-01-01,,,,,,
16773,2023,1,2023-04-01,,,,,,
16773,2023,2,2023-07-01,,,,,,
16773,2023,3,2023-10-01,,,,,,
16773,2023,4,2024-01-01,,,,,,
16773,2024,1,2024-04-01,,,,,,
16773,2024,2,2024-07-01,,,,,,
16773,2024,3,2024-10-01,,,,,,
16773,2024,4,2025-01-01,,,,,,
16773,2025,1,2025-04-01,,,,,,0.0
16773,2025,2,2025-07-01,,,,,,0.0
16773,2025,3,2025-10-01,,,,,,0.0
16773,2025,4,2026-01-01,,,,,,0.0
16773,2026,1,2026-04-01,,,,,,0.0
16773,2026,2,2026-07-01,,,,,,0.0
16780,2022,4,2023-01-01,,,,,,
16780,2023,1,2023-04-01,,,,,,
16780,2023,2,2023-07-01,,,,,,
16780,2023,3,2023-10-01,,,,,,
16780,2023,4,2024-01-01,,,,,,
16780,2024,1,2024-04-01,,,,,,
16780,2024,2,2024-07-01,,,,,,
16780,2024,3,2024-10-01,,,,,,
16780,2024,4,2025-01-01,,,,,,
16780,2025,1,2025-04-01,,,,,,0.0
16780,2025,2,2025-07-01,,,,,,0.0
16780,2025,3,2025-10-01,,,,,,0.0
16780,2025,4,2026-01-01,,,,,,0.0
16780,2026,1,2026-04-01,,,,,,0.0
16780,2026,2,2026-07-01,,,,,,0.0
17102,2023,1,2023-04-01,,,,,,
17102,2023,2,2023-07-01,,,,,,
17102,2023,3,2023-10-01,,,,,,
17102,2023,4,2024-01-01,,,,,,
17102,2024,1,2024-04-01,,,,,,
17102,2024,2,2024-07-01,,,,,,
17102,2024,3,2024-10-01,,,,,,
17102,2024,4,2025-01-01,,,,,,
17102,2025,1,2025-04-01,,,,,,
17102,2025,2,2025-07-01,,,,,,0.0
17102,2025,3,2025-10-01,,,,,,0.0
17102,2025,4,2026-01-01,,,,,,0.0
17102,2026,1,2026-04-01,,,,,,0.0
17102,2026,2,2026-07-01,,,,,,0.0
17103,2023,1,2023-04-01,,,,,,
17103,2023,2,2023-07-01,,,,,,
17103,2023,3,2023-10-01,,,,,,
17103,2023,4,2024-01-01,,,,,,
17103,2024,1,2024-04-01,,,,,,
17103,2024,2,2024-07-01,,,,,,
17103,2024,3,2024-10-01,,,,,,
17103,2024,4,2025-01-01,,,,,,
17103,2025,1,2025-04-01,,,,,,
17103,2025,2,2025-07-01,,,,,,0.0
17103,2025,3,2025-10-01,,,,,,0.0
17103,2025,4,2026-01-01,,,,,,0.0
17103,2026,1,2026-04-01,,,,,,0.0
17103,2026,2,2026-07-01,,,,,,0.0
17234,2024,4,2025-01-01,,,,,,
17234,2025,1,2025-04-01,,,,,,
17234,2025,2,2025-07-01,,,,,,
17234,2025,3,2025-10-01,,,,,,
17234,2025,4,2026-01-01,,,,,,
17234,2026,1,2026-04-01,,,,,,
17234,2026,2,2026-07-01,,,,,,
17612,2023,1,2023-04-01,,,,,,
17612,2023,2,2023-07-01,,,,,,
17612,2023,3,2023-10-01,,,,,,
17612,2023,4,2024-01-01,,,,,,
17612,2024,1,2024-04-01,,,,,,
17612,2024,2,2024-07-01,,,,,,
17612,2024,3,2024-10-01,,,,,,
17612,2024,4,2025-01-01,,,,,,
17612,2025,1,2025-04-01,,,,,,
17612,2025,2,2025-07-01,,,,,,0.0
17612,2025,3,2025-10-01,,,,,,0.0
17612,2025,4,2026-01-01,,,,,,0.0
17612,2026,1,2026-04-01,,,,,,0.0
17612,2026,2,2026-07-01,,,,,,0.0
17732,2023,1,2023-04-01,,,,,,
17732,2023,2,2023-07-01,,,,,,
17732,2023,3,2023-10-01,,,,,,
17732,2023,4,2024-01-01,,,,,,
17732,2024,1,2024-04-01,,,,,,
17732,2024,2,2024-07-01,,,,,,
17732,2024,3,2024-10-01,,,,,,
17732,2024,4,2025-01-01,,,,,,
17732,2025,1,2025-04-01,,,,,,
17732,2025,2,2025-07-01,,,,,,0.0
17732,2025,3,2025-10-01,,,,,,0.0
17732,2025,4,2026-01-01,,,,,,0.0
17732,2026,1,2026-04-01,,,,,,0.0
17732,2026,2,2026-07-01,,,,,,0.0
17811,2023,1,2023-04-01,,,,,,
17811,2023,2,2023-07-01,,,,,,
17811,2023,3,2023-10-01,,,,,,
17811,2023,4,2024-01-01,,,,,,
17811,2024,1,2024-04-01,,,,,,
17811,2024,2,2024-07-01,,,,,,
17811,2024,3,2024-10-01,,,,,,
17811,2024,4,2025-01-01,,,,,,
17811,2025,1,2025-04-01,,,,,,
17811,2025,2,2025-07-01,,,,,,0.0
17811,2025,3,2025-10-01,,,,,,0.0
17811,2025,4,2026-01-01,,,,,,0.0
17811,2026,1,2026-04-01,,,,,,0.0
17811,2026,2,2026-07-01,,,,,,0.0
17876,2023,1,2023-04-01,,,,,,
17876,2023,2,2023-07-01,,,,,,
17876,2023,3,2023-10-01,,,,,,
17876,2023,4,2024-01-01,,,,,,
17876,2024,1,2024-04-01,,,,,,
17876,2024,2,2024-07-01,,,,,,
17876,2024,3,2024-10-01,,,,,,
17876,2024,4,2025-01-01,,,,,,
17876,2025,1,2025-04-01,,,,,,
17876,2025,2,2025-07-01,,,,,,0.0
17876,2025,3,2025-10-01,,,,,,0.0
17876,2025,4,2026-01-01,,,,,,0.0
17876,2026,1,2026-04-01,,,,,,0.0
17876,2026,2,2026-07-01,,,,,,0.0
17927,2023,1,2023-04-01,,,,,,
17927,2023,2,2023-07-01,,,,,,
17927,2023,3,2023-10-01,,,,,,
17927,2023,4,2024-01-01,,,,,,
17927,2024,1,2024-04-01,,,,,,
17927,2024,2,2024-07-01,,,,,,
17927,2024,3,2024-10-01,,,,,,
17927,2024,4,2025-01-01,,,,,,
17927,2025,1,2025-04-01,,,,,,
17927,2025,2,2025-07-01,,,,,,0.0
17927,2025,3,2025-10-01,,,,,,0.0
17927,2025,4,2026-01-01,,,,,,0.0
17927,2026,1,2026-04-01,,,,,,0.0
17927,2026,2,2026-07-01,,,,,,0.0
18291,2023,2,2023-07-01,,,,,,
18291,2023,3,2023-10-01,,,,,,
18291,2023,4,2024-01-01,,,,,,
18291,2024,1,2024-04-01,,,,,,
18291,2024,2,2024-07-01,,,,,,
18291,2024,3,2024-10-01,,,,,,
18291,2024,4,2025-01-01,,,,,,
18291,2025,1,2025-04-01,,,,,,
18291,2025,2,2025-07-01,,,,,,
18291,2025,3,2025-10-01,,,,,,0.0
18291,2025,4,2026-01-01,,,,,,0.0
18291,2026,1,2026-04-01,,,,,,0.0
18291,2026,2,2026-07-01,,,,,,0.0
18325,2023,2,2023-07-01,,,,,,
18325,2023,3,2023-10-01,,,,,,
18325,2023,4,2024-01-01,,,,,,
18325,2024,1,2024-04-01,,,,,,
18325,2024,2,2024-07-01,,,,,,
18325,2024,3,2024-10-01,,,,,,
18325,2024,4,2025-01-01,,,,,,
18325,2025,1,2025-04-01,,,,,,
18325,2025,2,2025-07-01,,,,,,
18325,2025,3,2025-10-01,,,,,,0.0
18325,2025,4,2026-01-01,,,,,,0.0
18325,2026,1,2026-04-01,,,,,,0.0
18325,2026,2,2026-07-01,,,,,,0.0
18326,2023,2,2023-07-01,,,,,,
18326,2023,3,2023-10-01,,,,,,
18326,2023,4,2024-01-01,,,,,,
18326,2024,1,2024-04-01,,,,,,
18326,2024,2,2024-07-01,,,,,,
18326,2024,3,2024-10-01,,,,,,
18326,2024,4,2025-01-01,,,,,,
18326,2025,1,2025-04-01,,,,,,
18326,2025,2,2025-07-01,,,,,,
18326,2025,3,2025-10-01,,,,,,0.0
18326,2025,4,2026-01-01,,,,,,0.0
18326,2026,1,2026-04-01,,,,,,0.0
18326,2026,2,2026-07-01,,,,,,0.0
18358,2023,2,2023-07-01,,,,,,
18358,2023,3,2023-10-01,,,,,,
18358,2023,4,2024-01-01,,,,,,
18358,2024,1,2024-04-01,,,,,,
18358,2024,2,2024-07-01,,,,,,
18358,2024,3,2024-10-01,,,,,,
18358,2024,4,2025-01-01,,,,,,
18358,2025,1,2025-04-01,,,,,,
18358,2025,2,2025-07-01,,,,,,
18358,2025,3,2025-10-01,,,,,,0.0
18358,2025,4,2026-01-01,,,,,,0.0
18358,2026,1,2026-04-01,,,,,,0.0
18358,2026,2,2026-07-01,,,,,,0.0
18359,2023,2,2023-07-01,,,,,,
18359,2023,3,2023-10-01,,,,,,
18359,2023,4,2024-01-01,,,,,,
18359,2024,1,2024-04-01,,,,,,
18359,2024,2,2024-07-01,,,,,,
18359,2024,3,2024-10-01,,,,,,
18359,2024,4,2025-01-01,,,,,,
18359,2025,1,2025-04-01,,,,,,
18359,2025,2,2025-07-01,,,,,,
18359,2025,3,2025-10-01,,,,,,0.0
18359,2025,4,2026-01-01,,,,,,0.0
18359,2026,1,2026-04-01,,,,,,0.0
18359,2026,2,2026-07-01,,,,,,0.0
18956,2023,3,2023-10-01,,,,,,
18956,2023,4,2024-01-01,,,,,,
18956,2024,1,2024-04-01,,,,,,
18956,2024,2,2024-07-01,,,,,,
18956,2024,3,2024-10-01,,,,,,
18956,2024,4,2025-01-01,,,,,,
18956,2025,1,2025-04-01,,,,,,
18956,2025,2,2025-07-01,,,,,,
18956,2025,3,2025-10-01,,,,,,
18956,2025,4,2026-01-01,,,,,,0.0
18956,2026,1,2026-04-01,,,,,,0.0
18956,2026,2,2026-07-01,,,,,,0.0
18957,2023,3,2023-10-01,,,,,,
18957,2023,4,2024-01-01,,,,,,
18957,2024,1,2024-04-01,,,,,,
18957,2024,2,2024-07-01,,,,,,
18957,2024,3,2024-10-01,,,,,,
18957,2024,4,2025-01-01,,,,,,
18957,2025,1,2025-04-01,,,,,,
18957,2025,2,2025-07-01,,,,,,
18957,2025,3,2025-10-01,,,,,,
18957,2025,4,2026-01-01,,,,,,0.0
18957,2026,1,2026-04-01,,,,,,0.0
18957,2026,2,2026-07-01,,,,,,0.0
19018,2023,4,2024-01-01,,,,,,
19018,2024,1,2024-04-01,,,,,,
19018,2024,2,2024-07-01,,,,,,
19018,2024,3,2024-10-01,,,,,,
19018,2024,4,2025-01-01,,,,,,
19018,2025,1,2025-04-01,,,,,,
19018,2025,2,2025-07-01,,,,,,
19018,2025,3,2025-10-01,,,,,,
19018,2025,4,2026-01-01,,,,,,
19018,2026,1,2026-04-01,,,,,,0.0
19018,2026,2,2026-07-01,,,,,,0.0
19032,2023,4,2024-01-01,,,,,,
19032,2024,1,2024-04-01,,,,,,
19032,2024,2,2024-07-01,,,,,,
19032,2024,3,2024-10-01,,,,,,
19032,2024,4,2025-01-01,,,,,,
19032,2025,1,2025-04-01,,,,,,
19032,2025,2,2025-07-01,,,,,,
19032,2025,3,2025-10-01,,,,,,
19032,2025,4,2026-01-01,,,,,,
19032,2026,1,2026-04-01,,,,,,0.0
19032,2026,2,2026-07-01,,,,,,0.0
19034,2023,4,2024-01-01,,,,,,
19034,2024,1,2024-04-01,,,,,,
19034,2024,2,2024-07-01,,,,,,
19034,2024,3,2024-10-01,,,,,,
19034,2024,4,2025-01-01,,,,,,
19034,2025,1,2025-04-01,,,,,,
19034,2025,2,2025-07-01,,,,,,
19034,2025,3,2025-10-01,,,,,,
19034,2025,4,2026-01-01,,,,,,
19034,2026,1,2026-04-01,,,,,,0.0
19034,2026,2,2026-07-01,,,,,,0.0
19426,2024,2,2024-07-01,,,,,,
19426,2024,3,2024-10-01,,,,,,
19426,2024,4,2025-01-01,,,,,,
19426,2025,1,2025-04-01,,,,,,
19426,2025,2,2025-07-01,,,,,,
19426,2025,3,2025-10-01,,,,,,
19426,2025,4,2026-01-01,,,,,,
19426,2026,1,2026-04-01,,,,,,
19426,2026,2,2026-07-01,,,,,,
19427,2024,2,2024-07-01,,,,,,
19427,2024,3,2024-10-01,,,,,,
19427,2024,4,2025-01-01,,,,,,
19427,2025,1,2025-04-01,,,,,,
19427,2025,2,2025-07-01,,,,,,
19427,2025,3,2025-10-01,,,,,,
19427,2025,4,2026-01-01,,,,,,
19427,2026,1,2026-04-01,,,,,,
19427,2026,2,2026-07-01,,,,,,
19571,2023,3,2023-10-01,,,,,,
19571,2023,4,2024-01-01,,,,,,
19571,2024,1,2024-04-01,,,,,,
19571,2024,2,2024-07-01,,,,,,
19571,2024,3,2024-10-01,,,,,,
19571,2024,4,2025-01-01,,,,,,
19571,2025,1,2025-04-01,,,,,,
19571,2025,2,2025-07-01,,,,,,
19571,2025,3,2025-10-01,,,,,,
19571,2025,4,2026-01-01,,,,,,0.0
19571,2026,1,2026-04-01,,,,,,0.0
19571,2026,2,2026-07-01,,,,,,0.0
19829,2024,1,2024-04-01,,,,,,
19829,2024,2,2024-07-01,,,,,,
19829,2024,3,2024-10-01,,,,,,
19829,2024,4,2025-01-01,,,,,,
19829,2025,1,2025-04-01,,,,,,
19829,2025,2,2025-07-01,,,,,,
19829,2025,3,2025-10-01,,,,,,
19829,2025,4,2026-01-01,,,,,,
19829,2026,1,2026-04-01,,,,,,
19829,2026,2,2026-07-01,,,,,,0.0
19830,2024,1,2024-04-01,,,,,,
19830,2024,2,2024-07-01,,,,,,
19830,2024,3,2024-10-01,,,,,,
19830,2024,4,2025-01-01,,,,,,
19830,2025,1,2025-04-01,,,,,,
19830,2025,2,2025-07-01,,,,,,
19830,2025,3,2025-10-01,,,,,,
19830,2025,4,2026-01-01,,,,,,
19830,2026,1,2026-04-01,,,,,,
19830,2026,2,2026-07-01,,,,,,0.0
19925,2023,4,2024-01-01,,,,,,
19925,2024,1,2024-04-01,,,,,,
19925,2024,2,2024-07-01,,,,,,
19925,2024,3,2024-10-01,,,,,,
19925,2024,4,2025-01-01,,,,,,
19925,2025,1,2025-04-01,,,,,,
19925,2025,2,2025-07-01,,,,,,
19925,2025,3,2025-10-01,,,,,,
19925,2025,4,2026-01-01,,,,,,
19925,2026,1,2026-04-01,,,,,,0.0
19925,2026,2,2026-07-01,,,,,,0.0
20018,2020,1,2020-04-01,,,,,,
20018,2020,2,2020-07-01,,,,,,
20018,2020,3,2020-10-01,,,,,,
20018,2020,4,2021-01-01,0.99917956652725,0.9782734717076489,1749.03,11062.94,6411.245000000001,
20018,2021,1,2021-04-01,,,,,,
20018,2021,2,2021-07-01,0.9512545661416854,0.5695803870337727,2807.4700000000003,1640.33,2337.86,
20018,2021,3,2021-10-01,,,,,,
20018,2021,4,2022-01-01,0.7302441328120453,-1.3151443915977843,1090.34,2295.9700000000003,2318.615,
20018,2022,1,2022-04-01,,,,,,
20018,2022,2,2022-07-01,0.9606233886059324,0.6494754923414474,6189.11,1557.04,4031.835,0.2862101112748434
20018,2022,3,2022-10-01,,,,,,0.07424791357583066
20018,2022,4,2023-01-01,0.8524984948826009,-0.27258806509847466,7437.090000000001,5250.270000000001,7441.280000000001,0.6385581845158379
20018,2023,1,2023-04-01,,,,,,0.08869127692880263
20018,2023,2,2023-07-01,0.8599075945640674,-0.20940501284779897,6565.1,7397.34,8118.57,0.06147603997437612
20018,2023,3,2023-10-01,,,,,,0.0035506735343509566
20018,2023,4,2024-01-01,0.9593381063273456,0.6385149086192503,6546.179999999999,7406.75,7272.165,0.1556135452607063
20018,2024,1,2024-04-01,,,,,,0.10301853938486799
20018,2024,2,2024-07-01,0.978727952845416,0.8038669403577857,10651.48,6653.82,8840.710000000001,0.1737777755584719
20018,2024,3,2024-10-01,,,,,,0.20611613325256917
20018,2024,4,2025-01-01,0.668395640094884,-1.8425737305158498,6005.5,7491.48,10096.55,0.1545485328467947
20018,2025,1,2025-04-01,,,,,,1.0906456108513982
20018,2025,2,2025-07-01,,,,,,0.11420190839394158
20018,2025,3,2025-10-01,,,,,,0.14241055823545495
20018,2025,4,2026-01-01,,,,,,1.8549077878668951
20018,2026,1,2026-04-01,,,,,,1.854907787866895
20018,2026,2,2026-07-01,,,,,,1.041444155855917
20469,2024,1,2024-04-01,,,,,,
20469,2024,2,2024-07-01,,,,,,
20469,2024,3,2024-10-01,,,,,,
20469,2024,4,2025-01-01,,,,,,
20469,2025,1,2025-04-01,,,,,,
20469,2025,2,2025-07-01,,,,,,
20469,2025,3,2025-10-01,,,,,,
20469,2025,4,2026-01-01,,,,,,
20469,2026,1,2026-04-01,,,,,,
20469,2026,2,2026-07-01,,,,,,0.0
20470,2024,1,2024-04-01,,,,,,
20470,2024,2,2024-07-01,,,,,,
20470,2024,3,2024-10-01,,,,,,
20470,2024,4,2025-01-01,,,,,,
20470,2025,1,2025-04-01,,,,,,
20470,2025,2,2025-07-01,,,,,,
20470,2025,3,2025-10-01,,,,,,
20470,2025,4,2026-01-01,,,,,,
20470,2026,1,2026-04-01,,,,,,
20470,2026,2,2026-07-01,,,,,,0.0
21179,2024,3,2024-10-01,,,,,,
21179,2024,4,2025-01-01,,,,,,
21179,2025,1,2025-04-01,,,,,,
21179,2025,2,2025-07-01,,,,,,
21179,2025,3,2025-10-01,,,,,,
21179,2025,4,2026-01-01,,,,,,
21179,2026,1,2026-04-01,,,,,,
21179,2026,2,2026-07-01,,,,,,
21180,2024,3,2024-10-01,,,,,,
21180,2024,4,2025-01-01,,,,,,
21180,2025,1,2025-04-01,,,,,,
21180,2025,2,2025-07-01,,,,,,
21180,2025,3,2025-10-01,,,,,,
21180,2025,4,2026-01-01,,,,,,
21180,2026,1,2026-04-01,,,,,,
21180,2026,2,2026-07-01,,,,,,
21382,2024,2,2024-07-01,,,,,,
21382,2024,3,2024-10-01,,,,,,
21382,2024,4,2025-01-01,,,,,,
21382,2025,1,2025-04-01,,,,,,
21382,2025,2,2025-07-01,,,,,,
21382,2025,3,2025-10-01,,,,,,
21382,2025,4,2026-01-01,,,,,,
21382,2026,1,2026-04-01,,,,,,
21382,2026,2,2026-07-01,,,,,,
21383,2024,2,2024-07-01,,,,,,
21383,2024,3,2024-10-01,,,,,,
21383,2024,4,2025-01-01,,,,,,
21383,2025,1,2025-04-01,,,,,,
21383,2025,2,2025-07-01,,,,,,
21383,2025,3,2025-10-01,,,,,,
21383,2025,4,2026-01-01,,,,,,
21383,2026,1,2026-04-01,,,,,,
21383,2026,2,2026-07-01,,,,,,
21510,2024,3,2024-10-01,,,,,,
21510,2024,4,2025-01-01,,,,,,
21510,2025,1,2025-04-01,,,,,,
21510,2025,2,2025-07-01,,,,,,
21510,2025,3,2025-10-01,,,,,,
21510,2025,4,2026-01-01,,,,,,
21510,2026,1,2026-04-01,,,,,,
21510,2026,2,2026-07-01,,,,,,
21511,2024,3,2024-10-01,,,,,,
21511,2024,4,2025-01-01,,,,,,
21511,2025,1,2025-04-01,,,,,,
21511,2025,2,2025-07-01,,,,,,
21511,2025,3,2025-10-01,,,,,,
21511,2025,4,2026-01-01,,,,,,
21511,2026,1,2026-04-01,,,,,,
21511,2026,2,2026-07-01,,,,,,
21523,2024,2,2024-07-01,,,,,,
21523,2024,3,2024-10-01,,,,,,
21523,2024,4,2025-01-01,,,,,,
21523,2025,1,2025-04-01,,,,,,
21523,2025,2,2025-07-01,,,,,,
21523,2025,3,2025-10-01,,,,,,
21523,2025,4,2026-01-01,,,,,,
21523,2026,1,2026-04-01,,,,,,
21523,2026,2,2026-07-01,,,,,,
21528,2024,2,2024-07-01,,,,,,
21528,2024,3,2024-10-01,,,,,,
21528,2024,4,2025-01-01,,,,,,
21528,2025,1,2025-04-01,,,,,,
21528,2025,2,2025-07-01,,,,,,
21528,2025,3,2025-10-01,,,,,,
21528,2025,4,2026-01-01,,,,,,
21528,2026,1,2026-04-01,,,,,,
21528,2026,2,2026-07-01,,,,,,
21593,2024,3,2024-10-01,,,,,,
21593,2024,4,2025-01-01,,,,,,
21593,2025,1,2025-04-01,,,,,,
21593,2025,2,2025-07-01,,,,,,
21593,2025,3,2025-10-01,,,,,,
21593,2025,4,2026-01-01,,,,,,
21593,2026,1,2026-04-01,,,,,,
21593,2026,2,2026-07-01,,,,,,
21594,2024,3,2024-10-01,,,,,,
21594,2024,4,2025-01-01,,,,,,
21594,2025,1,2025-04-01,,,,,,
21594,2025,2,2025-07-01,,,,,,
21594,2025,3,2025-10-01,,,,,,
21594,2025,4,2026-01-01,,,,,,
21594,2026,1,2026-04-01,,,,,,
21594,2026,2,2026-07-01,,,,,,
21626,2024,4,2025-01-01,,,,,,
21626,2025,1,2025-04-01,,,,,,
21626,2025,2,2025-07-01,,,,,,
21626,2025,3,2025-10-01,,,,,,
21626,2025,4,2026-01-01,,,,,,
21626,2026,1,2026-04-01,,,,,,
21626,2026,2,2026-07-01,,,,,,
21627,2024,4,2025-01-01,,,,,,
21627,2025,1,2025-04-01,,,,,,
21627,2025,2,2025-07-01,,,,,,
21627,2025,3,2025-10-01,,,,,,
21627,2025,4,2026-01-01,,,,,,
21627,2026,1,2026-04-01,,,,,,
21627,2026,2,2026-07-01,,,,,,
21792,2024,3,2024-10-01,,,,,,
21792,2024,4,2025-01-01,,,,,,
21792,2025,1,2025-04-01,,,,,,
21792,2025,2,2025-07-01,,,,,,
21792,2025,3,2025-10-01,,,,,,
21792,2025,4,2026-01-01,,,,,,
21792,2026,1,2026-04-01,,,,,,
21792,2026,2,2026-07-01,,,,,,
21793,2024,3,2024-10-01,,,,,,
21793,2024,4,2025-01-01,,,,,,
21793,2025,1,2025-04-01,,,,,,
21793,2025,2,2025-07-01,,,,,,
21793,2025,3,2025-10-01,,,,,,
21793,2025,4,2026-01-01,,,,,,
21793,2026,1,2026-04-01,,,,,,
21793,2026,2,2026-07-01,,,,,,
22364,2024,4,2025-01-01,,,,,,
22364,2025,1,2025-04-01,,,,,,
22364,2025,2,2025-07-01,,,,,,
22364,2025,3,2025-10-01,,,,,,
22364,2025,4,2026-01-01,,,,,,
22364,2026,1,2026-04-01,,,,,,
22364,2026,2,2026-07-01,,,,,,
22365,2024,4,2025-01-01,,,,,,
22365,2025,1,2025-04-01,,,,,,
22365,2025,2,2025-07-01,,,,,,
22365,2025,3,2025-10-01,,,,,,
22365,2025,4,2026-01-01,,,,,,
22365,2026,1,2026-04-01,,,,,,
22365,2026,2,2026-07-01,,,,,,
22368,2024,4,2025-01-01,,,,,,
22368,2025,1,2025-04-01,,,,,,
22368,2025,2,2025-07-01,,,,,,
22368,2025,3,2025-10-01,,,,,,
22368,2025,4,2026-01-01,,,,,,
22368,2026,1,2026-04-01,,,,,,
22368,2026,2,2026-07-01,,,,,,
22709,2024,4,2025-01-01,,,,,,
22709,2025,1,2025-04-01,,,,,,
22709,2025,2,2025-07-01,,,,,,
22709,2025,3,2025-10-01,,,,,,
22709,2025,4,2026-01-01,,,,,,
22709,2026,1,2026-04-01,,,,,,
22709,2026,2,2026-07-01,,,,,,
22735,2024,4,2025-01-01,,,,,,
22735,2025,1,2025-04-01,,,,,,
22735,2025,2,2025-07-01,,,,,,
22735,2025,3,2025-10-01,,,,,,
22735,2025,4,2026-01-01,,,,,,
22735,2026,1,2026-04-01,,,,,,
22735,2026,2,2026-07-01,,,,,,
22740,2024,4,2025-01-01,,,,,,
22740,2025,1,2025-04-01,,,,,,
22740,2025,2,2025-07-01,,,,,,
22740,2025,3,2025-10-01,,,,,,
22740,2025,4,2026-01-01,,,,,,
22740,2026,1,2026-04-01,,,,,,
22740,2026,2,2026-07-01,,,,,,
23397,2025,1,2025-04-01,,,,,,
23397,2025,2,2025-07-01,,,,,,
23397,2025,3,2025-10-01,,,,,,
23397,2025,4,2026-01-01,,,,,,
23397,2026,1,2026-04-01,,,,,,
23397,2026,2,2026-07-01,,,,,,
23398,2025,1,2025-04-01,,,,,,
23398,2025,2,2025-07-01,,,,,,
23398,2025,3,2025-10-01,,,,,,
23398,2025,4,2026-01-01,,,,,,
23398,2026,1,2026-04-01,,,,,,
23398,2026,2,2026-07-01,,,,,,
23451,2025,1,2025-04-01,,,,,,
23451,2025,2,2025-07-01,,,,,,
23451,2025,3,2025-10-01,,,,,,
23451,2025,4,2026-01-01,,,,,,
23451,2026,1,2026-04-01,,,,,,
23451,2026,2,2026-07-01,,,,,,
23452,2025,1,2025-04-01,,,,,,
23452,2025,2,2025-07-01,,,,,,
23452,2025,3,2025-10-01,,,,,,
23452,2025,4,2026-01-01,,,,,,
23452,2026,1,2026-04-01,,,,,,
23452,2026,2,2026-07-01,,,,,,
24052,2025,3,2025-10-01,,,,,,
24052,2025,4,2026-01-01,,,,,,
24052,2026,1,2026-04-01,,,,,,
24052,2026,2,2026-07-01,,,,,,
24053,2025,3,2025-10-01,,,,,,
24053,2025,4,2026-01-01,,,,,,
24053,2026,1,2026-04-01,,,,,,
24053,2026,2,2026-07-01,,,,,,
24459,2025,3,2025-10-01,,,,,,
24459,2025,4,2026-01-01,,,,,,
24459,2026,1,2026-04-01,,,,,,
24459,2026,2,2026-07-01,,,,,,
24460,2025,3,2025-10-01,,,,,,
24460,2025,4,2026-01-01,,,,,,
24460,2026,1,2026-04-01,,,,,,
24460,2026,2,2026-07-01,,,,,,
24592,2025,3,2025-10-01,,,,,,
24592,2025,4,2026-01-01,,,,,,
24592,2026,1,2026-04-01,,,,,,
24592,2026,2,2026-07-01,,,,,,
24593,2025,3,2025-10-01,,,,,,
24593,2025,4,2026-01-01,,,,,,
24593,2026,1,2026-04-01,,,,,,
24593,2026,2,2026-07-01,,,,,,
40001,2020,1,2020-04-01,,,,,,
40001,2020,2,2020-07-01,,,,,,
40001,2020,3,2020-10-01,,,,,,
40001,2020,4,2021-01-01,0.9995840318976515,0.7911892517867061,4118.07,3763.87,3942.61,
40001,2021,1,2021-04-01,,,,,,
40001,2021,2,2021-07-01,0.9918266033358162,0.7172021039417654,16350.78,4035.71,10277.245,
40001,2021,3,2021-10-01,,,,,,
40001,2021,4,2022-01-01,0.9730548861235948,0.5381652226333229,22020.04,15909.62,19489.99,
40001,2022,1,2022-04-01,,,,,,
40001,2022,2,2022-07-01,0.6959712181844895,-2.104544296612149,4697.05,17661.61,16062.92,0.1872924686718925
40001,2022,3,2022-10-01,,,,,,0.6345143517392908
40001,2022,4,2023-01-01,0.9874938528353984,0.6758781201893699,3837.09,9496.21,6751.08,0.7691469979883575
40001,2023,1,2023-04-01,,,,,,0.2752873833782409
40001,2023,2,2023-07-01,0.9252460944548276,0.0821847248060696,399.82,3753.73,2244.565,0.4337800634557356
40001,2023,3,2023-10-01,,,,,,0.458246759550643
40001,2023,4,2024-01-01,0.8343006172809524,-0.7852156530196704,1320.8299999999997,397.02,1029.515,0.7772655867440099
40001,2024,1,2024-04-01,,,,,,0.101938879211251
40001,2024,2,2024-07-01,0.8448642259198016,-0.6844643192615014,4220.870000000001,1011.0699999999998,3096.32,0.13878009737638963
40001,2024,3,2024-10-01,,,,,,0.3123882780615163
40001,2024,4,2025-01-01,0.9973209430448448,0.7696048455360814,55.27,4694.839999999999,2381.435,0.321895946095724
40001,2025,1,2025-04-01,,,,,,0.03425589166463533
40001,2025,2,2025-07-01,,,,,,0.5590328286932283
40001,2025,3,2025-10-01,,,,,,0.04072773326636853
40001,2025,4,2026-01-01,,,,,,0.028315044556318388
40001,2026,1,2026-04-01,,,,,,0.03410903487557876
40001,2026,2,2026-07-01,,,,,,1.5729697437562362
40008,2020,1,2020-04-01,,,,,,
40008,2020,2,2020-07-01,,,,,,
40008,2020,3,2020-10-01,,,,,,
40008,2020,4,2021-01-01,1.0000000000000002,0.7644954833503923,939.17,589.5699999999999,764.3699999999999,
40008,2021,1,2021-04-01,,,,,,
40008,2021,2,2021-07-01,0.9127518921853542,-0.6699598447837218,1756.0599999999995,816.23,1409.085,
40008,2021,3,2021-10-01,,,,,,
40008,2021,4,2022-01-01,0.9397601074092844,-0.2259149342205608,302.59000000000003,1811.25,1124.67,
40008,2022,1,2022-04-01,,,,,,
40008,2022,2,2022-07-01,0.8346331901405513,-1.954317651295123,949.33,251.39,719.31,0.10706322395104009
40008,2022,3,2022-10-01,,,,,,0.31561292033202504
40008,2022,4,2023-01-01,0.9985137390668404,0.7400597108394515,625.99,1067.02,847.765,0.3423739287921963
40008,2023,1,2023-04-01,,,,,,0.09436807863636062
40008,2023,2,2023-07-01,0.998134421173076,0.733823305404473,979.33,625.75,804.04,0.4487990373357025
40008,2023,3,2023-10-01,,,,,,0.02387596181104179
40008,2023,4,2024-01-01,0.8977153610857399,-0.917177035995694,567.0699999999999,897.4000000000001,815.665,0.5916021587790763
40008,2024,1,2024-04-01,,,,,,0.2994948768595691
40008,2024,2,2024-07-01,1.0,0.7644954833503886,670.46,650.5,660.48,0.7336528551923239
40008,2024,3,2024-10-01,,,,,,0.7336528551923239
40008,2024,4,2025-01-01,1.0,0.7644954833503886,0.0,670.46,335.23,0.11046709274399613
40008,2025,1,2025-04-01,,,,,,0.14313833165618822
40008,2025,2,2025-07-01,,,,,,0.03898021439747024
40008,2025,3,2025-10-01,,,,,,0.07527405987879293
40008,2025,4,2026-01-01,,,,,,0.0
40008,2026,1,2026-04-01,,,,,,0.937299194520679
40008,2026,2,2026-07-01,,,,,,0.4564322251527265
40011,2020,1,2020-04-01,,,,,,
40011,2020,2,2020-07-01,,,,,,
40011,2020,3,2020-10-01,,,,,,
40011,2020,4,2021-01-01,0.996667823672336,0.5777123164118516,2470.8900000000003,5281.89,3889.35,
40011,2021,1,2021-04-01,,,,,,
40011,2021,2,2021-07-01,0.9990257831527674,0.6030735397026857,491.4500000000001,2482.4,1488.375,
40011,2021,3,2021-10-01,,,,,,
40011,2021,4,2022-01-01,0.9892841087369376,0.49829617514794566,591.23,487.06000000000006,544.985,
40011,2022,1,2022-04-01,,,,,,
40011,2022,2,2022-07-01,0.7925133420284923,-1.6180876698740851,2247.81,267.77,1587.09,0.15574789609088951
40011,2022,3,2022-10-01,,,,,,0.0911248577415848
40011,2022,4,2023-01-01,0.9999999999999998,0.6135518075446055,76.9,2577.11,1327.005,0.19182923332110824
40011,2023,1,2023-04-01,,,,,,0.007738870001952419
40011,2023,2,2023-07-01,1.0,0.6135518075446078,1169.44,76.9,623.1700000000001,0.027454729848294057
40011,2023,3,2023-10-01,,,,,,0.0010346824992481518
40011,2023,4,2024-01-01,1.0,0.6135518075446078,4084.73,1169.44,2627.085,0.4470735201496764
40011,2024,1,2024-04-01,,,,,,0.24755063837093616
40011,2024,2,2024-07-01,0.9350324213391864,-0.08521222243791417,30773.66,2914.38,18014.370000000003,0.25059466640764205
40011,2024,3,2024-10-01,,,,,,0.30479946052636775
40011,2024,4,2025-01-01,0.7740717628413526,-1.816437561584305,24999.56,24692.24,32097.67,0.45696056323652634
40011,2025,1,2025-04-01,,,,,,0.3352766168059534
40011,2025,2,2025-07-01,,,,,,0.7922371800424798
40011,2025,3,2025-10-01,,,,,,2.0
40011,2025,4,2026-01-01,,,,,,2.0
40011,2026,1,2026-04-01,,,,,,0.0
40011,2026,2,2026-07-01,,,,,,0.0
40016,2020,1,2020-04-01,,,,,,
40016,2020,2,2020-07-01,,,,,,
40016,2020,3,2020-10-01,,,,,,
40016,2020,4,2021-01-01,0.8785381921603529,-0.2226692391656916,11816.1,9979.8,12404.64,
40016,2021,1,2021-04-01,,,,,,
40016,2021,2,2021-07-01,0.905634279312506,0.39729374354870967,12447.150000000003,12046.680000000002,13523.025,
40016,2021,3,2021-10-01,,,,,,
40016,2021,4,2022-01-01,0.9160991449355892,0.6367316103137848,5466.540000000001,12882.99,10015.035,
40016,2022,1,2022-04-01,,,,,,
40016,2022,2,2022-07-01,0.8719258823237718,-0.3739599884867746,14077.919999999998,4912.120000000001,10889.71,0.0811165766427946
40016,2022,3,2022-10-01,,,,,,0.10830958893958795
40016,2022,4,2023-01-01,0.8704821325123273,-0.4069932244064243,12036.87,13567.77,14707.16,0.33448616251436175
40016,2023,1,2023-04-01,,,,,,0.11552552144166602
40016,2023,2,2023-07-01,0.878374064010456,-0.22642451854555465,9268.56,12438.830000000002,12356.575,0.01561485579478318
40016,2023,3,2023-10-01,,,,,,0.1237148524855483
40016,2023,4,2024-01-01,0.8029379783720059,-1.9524147101956584,15119.750000000002,7941.519999999999,14360.555,0.10703606802694555
40016,2024,1,2024-04-01,,,,,,0.0
40016,2024,2,2024-07-01,0.9057292549244595,0.399466801353744,15001.78,16319.66,17290.73,0.0
40016,2024,3,2024-10-01,,,,,,0.0
40016,2024,4,2025-01-01,0.9647105884029662,1.7489695255838804,10111.88,16151.43,13612.015,0.0
40016,2025,1,2025-04-01,,,,,,0.0
40016,2025,2,2025-07-01,,,,,,0.0
40016,2025,3,2025-10-01,,,,,,1.9539447898355302
40016,2025,4,2026-01-01,,,,,,1.1919403552040535
40016,2026,1,2026-04-01,,,,,,0.8125886558136084
40016,2026,2,2026-07-01,,,,,,0.945614303705854
40025,2020,1,2020-04-01,,,,,,
40025,2020,2,2020-07-01,,,,,,
40025,2020,3,2020-10-01,,,,,,
40025,2020,4,2021-01-01,0.9933793208552858,1.3110818797993233,14084.38,6252.3,10236.11,
40025,2021,1,2021-04-01,,,,,,
40025,2021,2,2021-07-01,0.9177401145290236,0.7430126521245938,14087.580000000002,12940.830000000002,14725.525,
40025,2021,3,2021-10-01,,,,,,
40025,2021,4,2022-01-01,0.8580369523096335,0.2946270740763954,9116.04,13433.48,13140.18,
40025,2022,1,2022-04-01,,,,,,
40025,2022,2,2022-07-01,0.8937197914854814,0.562614059614444,6982.650000000001,9973.27,9486.15,0.7294033307369102
40025,2022,3,2022-10-01,,,,,,0.21316272163753427
40025,2022,4,2023-01-01,0.8902095488404876,0.5362512654347783,22704.150000000005,6207.960000000001,16238.935,0.060999187160452446
40025,2023,1,2023-04-01,,,,,,0.028467701053586272
40025,2023,2,2023-07-01,0.7580243325112667,-0.45649254293178265,9020.36,19875.05,19059.685,0.5991405810496668
40025,2023,3,2023-10-01,,,,,,1.3079815013505212
40025,2023,4,2024-01-01,0.681871903302991,-1.028416201930829,8425.039999999999,9460.16,13114.78,0.7602008061314504
40025,2024,1,2024-04-01,,,,,,0.3937982022037292
40025,2024,2,2024-07-01,0.8160631297124323,-0.020606759585201993,12887.04,10016.09,14032.695,0.38238629629168697
40025,2024,3,2024-10-01,,,,,,0.03226573216660367
40025,2024,4,2025-01-01,0.5602174416930421,-1.9420714266017163,5499.600000000001,9557.93,13439.005,0.5028832811497697
40025,2025,1,2025-04-01,,,,,,0.2217910585816385
40025,2025,2,2025-07-01,,,,,,0.9756187383106147
40025,2025,3,2025-10-01,,,,,,1.1461437979524258
40025,2025,4,2026-01-01,,,,,,0.11726795053129677
40025,2026,1,2026-04-01,,,,,,0.0
40025,2026,2,2026-07-01,,,,,,0.0
50004,2020,1,2020-04-01,,,,,,
50004,2020,2,2020-07-01,,,,,,
50004,2020,3,2020-10-01,,,,,,
50004,2020,4,2021-01-01,0.9939177059989912,0.4215452907111245,1315.56,2920.07,2130.775,
50004,2021,1,2021-04-01,,,,,,
50004,2021,2,2021-07-01,0.9798868371271968,0.25105632193740984,1021.1800000000002,1304.65,1186.785,
50004,2021,3,2021-10-01,,,,,,
50004,2021,4,2022-01-01,0.7413473828908235,-2.6474345652775444,2476.59,521.9599999999999,2022.365,
50004,2022,1,2022-04-01,,,,,,
50004,2022,2,2022-07-01,0.9720642221415918,0.1560037935305186,4392.09,2894.97,3748.24,0.5352019832009648
50004,2022,3,2022-10-01,,,,,,0.33644664683169734
50004,2022,4,2023-01-01,0.9965351422168331,0.45334973601585604,6140.299999999999,4478.34,5327.780000000001,0.027451767961835585
50004,2023,1,2023-04-01,,,,,,0.3521605720411889
50004,2023,2,2023-07-01,0.9991911569248654,0.48562294822800345,3505.4600000000005,6154.849999999999,4834.0650000000005,0.42863144958907307
50004,2023,3,2023-10-01,,,,,,0.3718982533378389
50004,2023,4,2024-01-01,0.984371695202918,0.3055517944140467,4183.92,3448.7800000000007,3876.94,0.4430311471317481
50004,2024,1,2024-04-01,,,,,,0.48149726543678756
50004,2024,2,2024-07-01,0.9734034392680204,0.1722766094861928,5209.76,4117.09,4790.845,0.29193192761776005
50004,2024,3,2024-10-01,,,,,,0.547193654000884
50004,2024,4,2025-01-01,0.9923114815428384,0.4020280709543993,3742.67,5302.14,4557.445,0.12784047403462148
50004,2025,1,2025-04-01,,,,,,0.1762413810595507
50004,2025,2,2025-07-01,,,,,,0.8990336538333833
50004,2025,3,2025-10-01,,,,,,0.10818556894662887
50004,2025,4,2026-01-01,,,,,,2.0
50004,2026,1,2026-04-01,,,,,,2.0
50004,2026,2,2026-07-01,,,,,,2.0
50009,2020,1,2020-04-01,,,,,,
50009,2020,2,2020-07-01,,,,,,
50009,2020,3,2020-10-01,,,,,,
50009,2020,4,2021-01-01,0.9998190794433128,1.3454158486664825,2219.6000000000004,5075.099999999999,3648.01,
50009,2021,1,2021-04-01,,,,,,
50009,2021,2,2021-07-01,0.988274291778302,1.2901823314259697,1189.7,2200.1500000000005,1715.035,
50009,2021,3,2021-10-01,,,,,,
50009,2021,4,2022-01-01,0.524176131461991,-0.9301940395323478,1352.01,410.05,1680.79,
50009,2022,1,2022-04-01,,,,,,
50009,2022,2,2022-07-01,0.4843713240364412,-1.1206314543197704,592.8399999999999,1198.37,1849.005,0.13464698232090205
50009,2022,3,2022-10-01,,,,,,0.16987746674170212
50009,2022,4,2023-01-01,0.6694103765151787,-0.23535248758505778,788.1800000000001,1083.96,1398.35,0.15834988591291432
50009,2023,1,2023-04-01,,,,,,0.29276458718778836
50009,2023,2,2023-07-01,0.5937560597246461,-0.5973040567276814,393.34,831.4599999999999,1031.4,0.11500639444970379
50009,2023,3,2023-10-01,,,,,,0.4806512571510542
50009,2023,4,2024-01-01,0.7543354328261883,0.17095291170105778,2123.4,401.24,1673.42,0.5839395592403778
50009,2024,1,2024-04-01,,,,,,0.1111814151401499
50009,2024,2,2024-07-01,0.9335530203356966,1.0283803496703294,4615.170000000001,2288.8000000000006,3697.685,0.023497239495788663
50009,2024,3,2024-10-01,,,,,,0.17739527265467542
50009,2024,4,2025-01-01,0.5197333823182092,-0.9514494032989811,2378.19,2573.1800000000003,4763.375,0.027255710856883275
50009,2025,1,2025-04-01,,,,,,0.03695138645073692
50009,2025,2,2025-07-01,,,,,,0.042864251608818515
50009,2025,3,2025-10-01,,,,,,0.7862440393853352
50009,2025,4,2026-01-01,,,,,,0.8593673230448016
50009,2026,1,2026-04-01,,,,,,0.36305546933725796
50009,2026,2,2026-07-01,,,,,,0.8045621196494717
50010,2020,1,2020-04-01,,,,,,
50010,2020,2,2020-07-01,,,,,,
50010,2020,3,2020-10-01,,,,,,
50010,2020,4,2021-01-01,0.9946274436261714,1.2666894964993938,6353.07,3458.880000000001,4932.475,
50010,2021,1,2021-04-01,,,,,,
50010,2021,2,2021-07-01,0.9972344710743024,1.2943855948189649,3174.99,6366.34,4783.895,
50010,2021,3,2021-10-01,,,,,,
50010,2021,4,2022-01-01,0.7978995906644132,-0.8232746738943951,1412.65,2671.04,2559.025,
50010,2022,1,2022-04-01,,,,,,
50010,2022,2,2022-07-01,0.7719215350726961,-1.0992559576109449,4614.08,1087.5100000000002,3693.115,0.4793824242229579
50010,2022,3,2022-10-01,,,,,,0.043825819425855006
50010,2022,4,2023-01-01,0.8999806302614914,0.2611966504376775,10483.25,4617.299999999999,8389.375,0.1579246662289457
50010,2023,1,2023-04-01,,,,,,0.3961965934792276
50010,2023,2,2023-07-01,0.9413804799821386,0.7010133885009918,6763.900000000001,10776.239999999998,9316.18,0.12385965587337683
50010,2023,3,2023-10-01,,,,,,0.6695220351442837
50010,2023,4,2024-01-01,0.911886939961094,0.38768489447203197,11422.62,6446.680000000001,9797.98,0.8112449225683022
50010,2024,1,2024-04-01,,,,,,0.06445294988302444
50010,2024,2,2024-07-01,0.7562865442267279,-1.2653563352674855,9029.81,9328.04,12136.835,0.10051309336805628
50010,2024,3,2024-10-01,,,,,,0.22800877405966682
50010,2024,4,2025-01-01,0.8073306047303485,-0.7230830579562286,6271.47,10041.21,10102.85,0.003046888262432379
50010,2025,1,2025-04-01,,,,,,0.07724247711871662
50010,2025,2,2025-07-01,,,,,,0.11978799817725354
50010,2025,3,2025-10-01,,,,,,0.8389796051873077
50010,2025,4,2026-01-01,,,,,,0.8626478063956582
50010,2026,1,2026-04-01,,,,,,0.36480325352209897
50010,2026,2,2026-07-01,,,,,,1.0499322654176035
70027,2020,1,2020-04-01,,,,,,
70027,2020,2,2020-07-01,,,,,,
70027,2020,3,2020-10-01,,,,,,
70027,2020,4,2021-01-01,0.9848708935351316,0.9103630032194081,4290.07,817.5000000000001,2593.0150000000003,
70027,2021,1,2021-04-01,,,,,,
70027,2021,2,2021-07-01,0.8245084518440436,-1.6139939779162233,4091.29,3519.36,4615.264999999999,
70027,2021,3,2021-10-01,,,,,,
70027,2021,4,2022-01-01,0.8400378081237717,-1.3695374921962717,4345.65,4097.36,5025.375,
70027,2022,1,2022-04-01,,,,,,
70027,2022,2,2022-07-01,0.9272273475304852,0.002962952186580459,4880.860000000001,4770.77,5204.5650000000005,0.48045549385847525
70027,2022,3,2022-10-01,,,,,,0.18300243113887385
70027,2022,4,2023-01-01,0.8888836912263004,-0.6006264884144189,4027.54,4713.28,4916.74,0.14051521376901185
70027,2023,1,2023-04-01,,,,,,0.07062657621555696
70027,2023,2,2023-07-01,0.9322910037195752,0.08267286253842783,891.1899999999999,4382.37,2828.28,1.2026558061890342
70027,2023,3,2023-10-01,,,,,,0.4857073302666202
70027,2023,4,2024-01-01,0.9940081270896144,1.0541974264689469,5230.25,1063.72,3165.955,0.11407201138161849
70027,2024,1,2024-04-01,,,,,,0.0801010323377942
70027,2024,2,2024-07-01,0.9673368083308156,0.6343489320530054,5039.4400000000005,5078.400000000001,5229.74,0.07188288672942428
70027,2024,3,2024-10-01,,,,,,0.9033931634203647
70027,2024,4,2025-01-01,0.9841879743891324,0.899612782060547,5282.88,5126.64,5288.38,1.0229389321317615
70027,2025,1,2025-04-01,,,,,,0.08276022777281594
70027,2025,2,2025-07-01,,,,,,0.5080182044319106
70027,2025,3,2025-10-01,,,,,,0.5752613472669101
70027,2025,4,2026-01-01,,,,,,0.7551972695881846
70027,2026,1,2026-04-01,,,,,,0.3297239480305083
70027,2026,2,2026-07-01,,,,,,1.498885975004888
100022,2020,1,2020-04-01,,,,,,
100022,2020,2,2020-07-01,,,,,,
100022,2020,3,2020-10-01,,,,,,
100022,2020,4,2021-01-01,0.9704584171431928,0.1160976897090317,1235.25,3555.68,2468.385,
100022,2021,1,2021-04-01,,,,,,
100022,2021,2,2021-07-01,1.0,0.5527901868297111,3100.270000000001,1308.17,2204.2200000000003,
100022,2021,3,2021-10-01,,,,,,
100022,2021,4,2022-01-01,0.9973086061523584,0.513005199486319,2124.1800000000003,3093.2300000000005,2615.745,
100022,2022,1,2022-04-01,,,,,,
100022,2022,2,2022-07-01,0.986115813812846,0.3475500016322673,3353.2699999999995,2092.88,2761.415,0.25690990020238913
100022,2022,3,2022-10-01,,,,,,0.0850780781465688
100022,2022,4,2023-01-01,1.0,0.5527901868297111,2718.52,3391.61,3055.065,0.9704769797342399
100022,2023,1,2023-04-01,,,,,,0.5248726989428829
100022,2023,2,2023-07-01,0.8002566786283891,-2.399875220970121,4505.55,1916.99,4012.8,0.06836426762764766
100022,2023,3,2023-10-01,,,,,,0.5294330858030605
100022,2023,4,2024-01-01,0.9093017503051112,-0.7879384171763301,1678.11,4975.26,3658.505,0.83804376538068
100022,2024,1,2024-04-01,,,,,,0.004835028924931706
100022,2024,2,2024-07-01,1.0,0.5527901868297111,257.77000000000004,2009.93,1133.85,0.08490588163154111
100022,2024,3,2024-10-01,,,,,,0.07364376744096218
100022,2024,4,2025-01-01,1.0,0.5527901868297111,0.0,257.77000000000004,128.88500000000002,0.047574334622187964
100022,2025,1,2025-04-01,,,,,,0.02305749349640046
100022,2025,2,2025-07-01,,,,,,0.23595028929166845
100022,2025,3,2025-10-01,,,,,,1.256701934173566
100022,2025,4,2026-01-01,,,,,,0.7432980658264341
100022,2026,1,2026-04-01,,,,,,1.614911220007348
100022,2026,2,2026-07-01,,,,,,1.5538932564645396
100039,2020,1,2020-04-01,,,,,,
100039,2020,2,2020-07-01,,,,,,
100039,2020,3,2020-10-01,,,,,,
100039,2020,4,2021-01-01,0.9980136102188631,0.5866326475140387,6889.21,18865.14,12902.805,
100039,2021,1,2021-04-01,,,,,,
100039,2021,2,2021-07-01,0.9955662470586748,0.542861417537883,13600.04,6869.259999999999,10280.23,
100039,2021,3,2021-10-01,,,,,,
100039,2021,4,2022-01-01,0.9989003820405422,0.6024926122199312,11113.0,13632.000000000002,12386.12,
100039,2022,1,2022-04-01,,,,,,
100039,2022,2,2022-07-01,0.8723056827489238,-1.66166081894852,21310.870000000003,8914.330000000002,17324.89,0.2702642714975002
100039,2022,3,2022-10-01,,,,,,0.12890673492653548
100039,2022,4,2023-01-01,0.969296176002375,0.07301969547536895,12889.529999999995,22955.44,18490.205,1.2513299530036823
100039,2023,1,2023-04-01,,,,,,0.3523337653803787
100039,2023,2,2023-07-01,0.9929855910339064,0.49670623706160355,7198.81,13384.549999999996,10364.38,0.33747127515088293
100039,2023,3,2023-10-01,,,,,,0.2587903825910817
100039,2023,4,2024-01-01,0.9997287815554292,0.6173085848831237,16027.58,7268.35,11651.125,0.6190357393677157
100039,2024,1,2024-04-01,,,,,,0.6190357393677158
100039,2024,2,2024-07-01,0.8637468941307668,-1.8147352424818979,6464.479999999999,14386.18,12069.89,0.3730038220744887
100039,2024,3,2024-10-01,,,,,,0.2047081396256513
100039,2024,4,2025-01-01,0.9963777317009868,0.557374866738459,2621.6599999999994,8089.569999999999,5375.085,0.11891164462663668
100039,2025,1,2025-04-01,,,,,,0.027615239918460245
100039,2025,2,2025-07-01,,,,,,0.41448000981279476
100039,2025,3,2025-10-01,,,,,,0.16138018418922376
100039,2025,4,2026-01-01,,,,,,1.900625142714168
100039,2026,1,2026-04-01,,,,,,0.11441049779447765
100039,2026,2,2026-07-01,,,,,,0.7742866581744312
100060,2020,1,2020-04-01,,,,,,
100060,2020,2,2020-07-01,,,,,,
100060,2020,3,2020-10-01,,,,,,
100060,2020,4,2021-01-01,0.9211456296010274,-1.8565993594004981,950.79,146.58,595.655,
100060,2021,1,2021-04-01,,,,,,
100060,2021,2,2021-07-01,0.9312754413567976,-1.5234879693697838,726.84,936.39,892.985,
100060,2021,3,2021-10-01,,,,,,
100060,2021,4,2022-01-01,0.9753947817740491,-0.07265599262971005,281.97,774.8800000000001,541.755,
100060,2022,1,2022-04-01,,,,,,
100060,2022,2,2022-07-01,1.0,0.7364684652445183,1138.27,295.3,716.785,0.06044976524919471
100060,2022,3,2022-10-01,,,,,,0.7951451984795861
100060,2022,4,2023-01-01,0.997353558792226,0.6494421975694051,3027.85,1132.75,2085.82,0.7861416591831822
100060,2023,1,2023-04-01,,,,,,1.1140733547392463
100060,2023,2,2023-07-01,0.9832272319439442,0.18490835568642303,215.89,3005.89,1638.37,0.2069333241365112
100060,2023,3,2023-10-01,,,,,,0.5366065968175885
100060,2023,4,2024-01-01,0.9912493855395224,0.4487109612719339,2612.45,230.82,1434.185,0.11828993218546235
100060,2024,1,2024-04-01,,,,,,0.03462662193209781
100060,2024,2,2024-07-01,0.9993808616762854,0.7161085580116533,539.7099999999999,2624.02,1582.845,0.2912457382998078
100060,2024,3,2024-10-01,,,,,,0.11429172671143137
100060,2024,4,2025-01-01,0.9994111565810552,0.71710478361604,23431.46,533.63,11989.605,0.6088796305887942
100060,2025,1,2025-04-01,,,,,,0.6886855291593459
100060,2025,2,2025-07-01,,,,,,0.12371951913583218
100060,2025,3,2025-10-01,,,,,,0.3351074084749084
100060,2025,4,2026-01-01,,,,,,2.0
100060,2026,1,2026-04-01,,,,,,1.141138958186473
100060,2026,2,2026-07-01,,,,,,1.141138958186473
110002,2020,1,2020-04-01,,,,,,
110002,2020,2,2020-07-01,,,,,,
110002,2020,3,2020-10-01,,,,,,
110002,2020,4,2021-01-01,0.9969659102012268,0.6913775263889144,4517.09,3237.59,3889.14,
110002,2021,1,2021-04-01,,,,,,
110002,2021,2,2021-07-01,0.9873294155180072,0.44162526509971567,12134.42,4422.650000000001,8384.775,
110002,2021,3,2021-10-01,,,,,,
110002,2021,4,2022-01-01,0.9482184697209696,-0.5720262207438798,17327.14,11454.78,15176.84,
110002,2022,1,2022-04-01,,,,,,
110002,2022,2,2022-07-01,0.9985617925294928,0.7327385433705317,3898.56,18097.18,11013.71,0.6167873801551025
110002,2022,3,2022-10-01,,,,,,0.4032147156726493
110002,2022,4,2023-01-01,0.8978125631449428,-1.8784129893285684,8436.27,3249.38,6507.845,0.4471023589724129
110002,2023,1,2023-04-01,,,,,,0.044294905674702546
110002,2023,2,2023-07-01,0.9199617689271432,-1.3043646022633935,9319.38,8333.380000000001,9594.29,0.11762823652721141
110002,2023,3,2023-10-01,,,,,,0.1209620605931789
110002,2023,4,2024-01-01,0.9957688801175548,0.6603536966607796,13171.65,10037.98,11654.125,0.4389992631487405
110002,2024,1,2024-04-01,,,,,,0.02133215036661562
110002,2024,2,2024-07-01,0.9883951685599824,0.4692467437555021,4679.14,13116.49,9002.285,0.3690016954125648
110002,2024,3,2024-10-01,,,,,,0.19306106688682229
110002,2024,4,2025-01-01,0.9995928975274224,0.7594620370604039,13635.52,4779.86,9211.44,0.19577039181339698
110002,2025,1,2025-04-01,,,,,,0.15650758471873377
110002,2025,2,2025-07-01,,,,,,0.7601402423678595
110002,2025,3,2025-10-01,,,,,,0.7694505003901648
110002,2025,4,2026-01-01,,,,,,1.6656834197016839
110002,2026,1,2026-04-01,,,,,,1.5103823339087807
110002,2026,2,2026-07-01,,,,,,1.178768862551547
110005,2020,1,2020-04-01,,,,,,
110005,2020,2,2020-07-01,,,,,,
110005,2020,3,2020-10-01,,,,,,
110005,2020,4,2021-01-01,0.962947601271948,-1.4499534081538403,598.0300000000001,1003.92,831.7950000000001,
110005,2021,1,2021-04-01,,,,,,
110005,2021,2,2021-07-01,0.99219439814839,0.3405666035797333,1277.69,621.38,957.005,
110005,2021,3,2021-10-01,,,,,,
110005,2021,4,2022-01-01,0.9972686541189936,0.6512179510899445,2100.48,1280.53,1695.1350000000002,
110005,2022,1,2022-04-01,,,,,,
110005,2022,2,2022-07-01,1.0,0.8184338509906733,1129.15,2105.11,1617.13,0.1446621472204882
110005,2022,3,2022-10-01,,,,,,0.1341032961778345
110005,2022,4,2023-01-01,0.99038064190275,0.22952651710649746,604.79,1120.7699999999998,871.1600000000001,0.019109488326409574
110005,2023,1,2023-04-01,,,,,,0.03625828697863341
110005,2023,2,2023-07-01,0.991113892365457,0.2744168903202327,500.46,608.2,559.3,0.0
110005,2023,3,2023-10-01,,,,,,0.0
110005,2023,4,2024-01-01,0.954272580340463,-1.9810474163507845,1356.64,461.86,952.82,0.8025448674698935
110005,2024,1,2024-04-01,,,,,,0.08755351916491301
110005,2024,2,2024-07-01,0.9945126353790612,0.48249155252366277,1707.49,1391.66,1558.125,0.030196094002129817
110005,2024,3,2024-10-01,,,,,,0.19176023996003094
110005,2024,4,2025-01-01,0.9969930873254196,0.6343474588938943,761.1800000000002,1712.31,1240.475,0.24624477723127902
110005,2025,1,2025-04-01,,,,,,0.10765332211147216
110005,2025,2,2025-07-01,,,,,,0.4856362938691943
110005,2025,3,2025-10-01,,,,,,0.06873997538047705
110005,2025,4,2026-01-01,,,,,,0.30927015662532253
110005,2026,1,2026-04-01,,,,,,0.3926625883873155
110005,2026,2,2026-07-01,,,,,,0.1806187393516533
110009,2020,1,2020-04-01,,,,,,
110009,2020,2,2020-07-01,,,,,,
110009,2020,3,2020-10-01,,,,,,
110009,2020,4,2021-01-01,1.0000000000000002,0.6710367871550189,511.76,922.04,716.9,
110009,2021,1,2021-04-01,,,,,,
110009,2021,2,2021-07-01,0.9921410381386352,0.2758333230699337,806.37,506.56,661.665,
110009,2021,3,2021-10-01,,,,,,
110009,2021,4,2022-01-01,0.9839386675567152,-0.1366391287459007,169.2,803.63,494.355,
110009,2022,1,2022-04-01,,,,,,
110009,2022,2,2022-07-01,1.0,0.6710367871550077,336.39,177.14,256.765,0.7690132114440121
110009,2022,3,2022-10-01,,,,,,0.3018088559783915
110009,2022,4,2023-01-01,0.9682039801938874,-0.9278890497634936,182.34,328.01,263.555,0.4067758912733028
110009,2023,1,2023-04-01,,,,,,0.19527781522674473
110009,2023,2,2023-07-01,0.9976110866891352,0.5509055494028571,2058.6600000000003,188.03,1126.035,0.11521446055565357
110009,2023,3,2023-10-01,,,,,,0.661695978152469
110009,2023,4,2024-01-01,0.9965376666582656,0.4969264969400277,4275.98,2050.36,3174.16,0.349472851638259
110009,2024,1,2024-04-01,,,,,,0.410558318340255
110009,2024,2,2024-07-01,0.99993186639835,0.6676105540382574,24479.06,4285.99,14383.505,1.1176254834305406
110009,2024,3,2024-10-01,,,,,,1.9578313305968327
110009,2024,4,2025-01-01,0.9415383850706818,-2.268821319251669,27863.0,22903.94,26959.57,0.0
110009,2025,1,2025-04-01,,,,,,0.0
110009,2025,2,2025-07-01,,,,,,0.0
110009,2025,3,2025-10-01,,,,,,0.2713870839300354
110009,2025,4,2026-01-01,,,,,,0.348922233280744
110009,2026,1,2026-04-01,,,,,,0.348922233280744
110009,2026,2,2026-07-01,,,,,,2.0
110013,2020,1,2020-04-01,,,,,,
110013,2020,2,2020-07-01,,,,,,
110013,2020,3,2020-10-01,,,,,,
110013,2020,4,2021-01-01,1.0,0.939498277121796,6149.27,8974.32,7561.795,
110013,2021,1,2021-04-01,,,,,,
110013,2021,2,2021-07-01,0.7627766464852905,-2.32452385980738,957.84,5192.84,4031.77,
110013,2021,3,2021-10-01,,,,,,
110013,2021,4,2022-01-01,0.9988721072572287,0.9239792869973315,2551.72,1911.75,2234.255,
110013,2022,1,2022-04-01,,,,,,
110013,2022,2,2022-07-01,0.9402149392504068,0.1168989889272301,3530.73,2366.74,3136.235,0.21454630034347172
110013,2022,3,2022-10-01,,,,,,0.37922588117979045
110013,2022,4,2023-01-01,0.9705489776653402,0.5342734650142287,8837.979999999998,3530.57,6371.935,0.24280221996630252
110013,2023,1,2023-04-01,,,,,,0.17708454884687844
110013,2023,2,2023-07-01,0.9622676049407016,0.4203277531064602,10911.98,8642.259999999998,10160.5,0.15974214750350632
110013,2023,3,2023-10-01,,,,,,0.16836876960458697
110013,2023,4,2024-01-01,0.9445858377513512,0.17703939776125524,17119.919999999995,10485.62,14612.51,0.23999277649605072
110013,2024,1,2024-04-01,,,,,,0.1542350225021007
110013,2024,2,2024-07-01,0.8924467159231894,-0.5403572890561533,22949.460000000003,15606.379999999994,21601.2,0.41465549214976594
110013,2024,3,2024-10-01,,,,,,0.31552826709321147
110013,2024,4,2025-01-01,0.9137575189244882,-0.24713602006476368,10278.1,23670.66,18576.46,0.10074271869799722
110013,2025,1,2025-04-01,,,,,,0.10225732436816161
110013,2025,2,2025-07-01,,,,,,0.48653226189472426
110013,2025,3,2025-10-01,,,,,,1.3639579104949244
110013,2025,4,2026-01-01,,,,,,1.9920640608783653
110013,2026,1,2026-04-01,,,,,,0.5917571854124759
110013,2026,2,2026-07-01,,,,,,0.9063409338490931
110015,2020,1,2020-04-01,,,,,,
110015,2020,2,2020-07-01,,,,,,
110015,2020,3,2020-10-01,,,,,,
110015,2020,4,2021-01-01,1.0,0.39011853993246814,1293.8399999999997,1460.12,1376.98,
110015,2021,1,2021-04-01,,,,,,
110015,2021,2,2021-07-01,0.993864508735318,0.2888254017195334,698.2399999999999,1287.7099999999998,999.105,
110015,2021,3,2021-10-01,,,,,,
110015,2021,4,2022-01-01,0.9941929462732312,0.2942477008455488,161.02,701.8500000000001,433.955,
110015,2022,1,2022-04-01,,,,,,
110015,2022,2,2022-07-01,1.0,0.39011853993246814,1990.62,163.54000000000002,1077.08,0.4728379779111833
110015,2022,3,2022-10-01,,,,,,0.2711501019133889
110015,2022,4,2023-01-01,0.9966507246107807,0.33482408994013363,7690.759999999999,1974.38,4848.81,0.6184693626051068
110015,2023,1,2023-04-01,,,,,,0.5866720944525998
110015,2023,2,2023-07-01,0.99934141269036,0.3792456737669414,2007.57,7703.8,4858.885,0.1301529740330516
110015,2023,3,2023-10-01,,,,,,0.3480529187942236
110015,2023,4,2024-01-01,0.9906279847182424,0.23539240663432187,323.52,1999.78,1172.64,0.3994991557412663
110015,2024,1,2024-04-01,,,,,,0.38764834949445515
110015,2024,2,2024-07-01,0.997584153230886,0.35023441490832197,3708.87,329.62,2024.135,0.10060951985463591
110015,2024,3,2024-10-01,,,,,,1.4475549991508794
110015,2024,4,2025-01-01,0.8150672001547055,-2.663006767679745,8112.510000000001,2508.8100000000004,6515.610000000001,0.4100384159828838
110015,2025,1,2025-04-01,,,,,,0.026600416396041826
110015,2025,2,2025-07-01,,,,,,0.5787243684397528
110015,2025,3,2025-10-01,,,,,,0.401705461926454
110015,2025,4,2026-01-01,,,,,,0.4017054619264542
110015,2026,1,2026-04-01,,,,,,0.17360433697234173
110015,2026,2,2026-07-01,,,,,,1.881270551317568
110025,2020,1,2020-04-01,,,,,,
110025,2020,2,2020-07-01,,,,,,
110025,2020,3,2020-10-01,,,,,,
110025,2020,4,2021-01-01,1.0,1.1072016994901654,2199.8100000000004,8640.03,5419.92,
110025,2021,1,2021-04-01,,,,,,
110025,2021,2,2021-07-01,0.9398064103600592,-0.9852166644767296,1759.17,2076.96,2040.915,
110025,2021,3,2021-10-01,,,,,,
110025,2021,4,2022-01-01,0.951764650594483,-0.5695305155544306,1232.85,1805.04,1595.925,
110025,2022,1,2022-04-01,,,,,,
110025,2022,2,2022-07-01,0.9863098218756708,0.6313108233242303,911.5,1294.5200000000002,1118.32,0.38159241477436456
110025,2022,3,2022-10-01,,,,,,0.035430680063442466
110025,2022,4,2023-01-01,0.9140635577648402,-1.8800763635465407,2041.96,793.5199999999999,1551.03,0.07684498924374566
110025,2023,1,2023-04-01,,,,,,0.14474451476942723
110025,2023,2,2023-07-01,0.9752138542356128,0.24559854740051296,3718.640000000001,2101.29,2983.925,0.1101367178214182
110025,2023,3,2023-10-01,,,,,,0.37796322639260005
110025,2023,4,2024-01-01,0.9867387909515613,0.6462224240002501,5284.74,3732.0099999999993,4568.965,0.1505917804003143
110025,2024,1,2024-04-01,,,,,,0.031220614810474973
110025,2024,2,2024-07-01,0.9972697845600298,1.0122953654710196,960.57,5336.709999999999,3157.26,0.20346741339311541
110025,2024,3,2024-10-01,,,,,,0.33219346035049707
110025,2024,4,2025-01-01,0.9621705706498762,-0.20780531610846587,7501.0,805.89,4316.745,0.06885550361958344
110025,2025,1,2025-04-01,,,,,,0.2821757523946625
110025,2025,2,2025-07-01,,,,,,0.09470010827013564
110025,2025,3,2025-10-01,,,,,,0.6200039273753379
110025,2025,4,2026-01-01,,,,,,0.39475705760367436
110025,2026,1,2026-04-01,,,,,,0.39475705760367436
110025,2026,2,2026-07-01,,,,,,1.2231192744400494
110029,2020,1,2020-04-01,,,,,,
110029,2020,2,2020-07-01,,,,,,
110029,2020,3,2020-10-01,,,,,,
110029,2020,4,2021-01-01,0.9982364752109248,0.5732415365463617,5776.55,6234.95,6016.360000000001,
110029,2021,1,2021-04-01,,,,,,
110029,2021,2,2021-07-01,0.9968762915089387,0.40345274725607627,2088.58,5774.839999999999,3944.03,
110029,2021,3,2021-10-01,,,,,,
110029,2021,4,2022-01-01,0.9968243494040496,0.3969689266593172,319.95,2097.05,1212.35,
110029,2022,1,2022-04-01,,,,,,
110029,2022,2,2022-07-01,0.9755402046449212,-2.2598848236501627,323.95,315.78000000000003,327.885,0.2529833615878553
110029,2022,3,2022-10-01,,,,,,0.23773381834457447
110029,2022,4,2023-01-01,0.9860457823769206,-0.9484962800978278,2328.1,313.28,1339.38,0.9284615680557429
110029,2023,1,2023-04-01,,,,,,0.017513251245686978
110029,2023,2,2023-07-01,0.9984938022315262,0.6053631119010577,1899.12,2343.59,2124.555,0.23053098164958144
110029,2023,3,2023-10-01,,,,,,0.806827531437459
110029,2023,4,2024-01-01,0.9924319738346716,-0.15132181446922283,1338.5299999999995,1890.0100000000004,1626.58,1.0322961415600143
110029,2024,1,2024-04-01,,,,,,0.2865395131325707
110029,2024,2,2024-07-01,0.998933253327333,0.6602188416090191,2246.97,1348.92,1799.8649999999998,0.11248293772449128
110029,2024,3,2024-10-01,,,,,,0.26506646192042255
110029,2024,4,2025-01-01,0.9994158292826472,0.7204577542454232,44.29,2248.2200000000003,1146.925,0.202144730970185
110029,2025,1,2025-04-01,,,,,,0.04523321381246026
110029,2025,2,2025-07-01,,,,,,0.42298221849266265
110029,2025,3,2025-10-01,,,,,,0.4543190872031231
110029,2025,4,2026-01-01,,,,,,1.576696081613494
110029,2026,1,2026-04-01,,,,,,0.0
110029,2026,2,2026-07-01,,,,,,0.4802064058595488
112002,2006,3,2006-10-01,,,,,,
112002,2006,4,2007-01-01,,,,,,
112002,2007,1,2007-04-01,,,,,,
112002,2007,2,2007-07-01,,,,,,
112002,2007,3,2007-10-01,,,,,,
112002,2007,4,2008-01-01,,,,,,
112002,2008,1,2008-04-01,,,,,,
112002,2008,2,2008-07-01,,,,,,
112002,2008,3,2008-10-01,,,,,,
112002,2008,4,2009-01-01,,,,,,
112002,2009,1,2009-04-01,,,,,,
112002,2009,2,2009-07-01,,,,,,
112002,2009,3,2009-10-01,,,,,,
112002,2009,4,2010-01-01,,,,,,
112002,2010,1,2010-04-01,,,,,,
112002,2010,2,2010-07-01,,,,,,
112002,2010,3,2010-10-01,,,,,,
112002,2010,4,2011-01-01,,,,,,
112002,2011,1,2011-04-01,,,,,,
112002,2011,2,2011-07-01,,,,,,
112002,2011,3,2011-10-01,,,,,,
112002,2011,4,2012-01-01,,,,,,
112002,2012,1,2012-04-01,,,,,,
112002,2012,2,2012-07-01,,,,,,
112002,2012,3,2012-10-01,,,,,,
112002,2012,4,2013-01-01,,,,,,
112002,2013,1,2013-04-01,,,,,,
112002,2013,2,2013-07-01,,,,,,
112002,2013,3,2013-10-01,,,,,,
112002,2013,4,2014-01-01,,,,,,
112002,2014,1,2014-04-01,,,,,,
112002,2014,2,2014-07-01,,,,,,
112002,2014,3,2014-10-01,,,,,,
112002,2014,4,2015-01-01,,,,,,
112002,2015,1,2015-04-01,,,,,,
112002,2015,2,2015-07-01,,,,,,
112002,2015,3,2015-10-01,,,,,,
112002,2015,4,2016-01-01,,,,,,
112002,2016,1,2016-04-01,,,,,,
112002,2016,2,2016-07-01,,,,,,
112002,2016,3,2016-10-01,,,,,,
112002,2016,4,2017-01-01,,,,,,
112002,2017,1,2017-04-01,,,,,,
112002,2017,2,2017-07-01,,,,,,
112002,2017,3,2017-10-01,,,,,,0.0
112002,2017,4,2018-01-01,,,,,,0.0
112002,2018,1,2018-04-01,,,,,,0.0
112002,2018,2,2018-07-01,,,,,,0.0
112002,2018,3,2018-10-01,,,,,,0.0
112002,2018,4,2019-01-01,,,,,,0.0
112002,2019,1,2019-04-01,,,,,,0.0
112002,2019,2,2019-07-01,,,,,,0.0
112002,2019,3,2019-10-01,,,,,,0.0
112002,2019,4,2020-01-01,,,,,,0.0
112002,2020,1,2020-04-01,,,,,,0.0
112002,2020,2,2020-07-01,,,,,,0.0
112002,2020,3,2020-10-01,,,,,,0.0
112002,2020,4,2021-01-01,,,,,,0.0
112002,2021,1,2021-04-01,,,,,,0.0
112002,2021,2,2021-07-01,,,,,,0.0
112002,2021,3,2021-10-01,,,,,,0.0
112002,2021,4,2022-01-01,,,,,,0.0
112002,2022,1,2022-04-01,,,,,,0.0
112002,2022,2,2022-07-01,,,,,,0.0
112002,2022,3,2022-10-01,,,,,,0.0
112002,2022,4,2023-01-01,,,,,,0.0
112002,2023,1,2023-04-01,,,,,,0.0
112002,2023,2,2023-07-01,,,,,,0.0
112002,2023,3,2023-10-01,,,,,,0.0
112002,2023,4,2024-01-01,,,,,,0.0
112002,2024,1,2024-04-01,,,,,,0.0
112002,2024,2,2024-07-01,,,,,,0.0
112002,2024,3,2024-10-01,,,,,,0.0
112002,2024,4,2025-01-01,,,,,,0.0
112002,2025,1,2025-04-01,,,,,,0.0
112002,2025,2,2025-07-01,,,,,,0.0
112002,2025,3,2025-10-01,,,,,,0.0
112002,2025,4,2026-01-01,,,,,,0.0
112002,2026,1,2026-04-01,,,,,,0.0
112002,2026,2,2026-07-01,,,,,,0.0
121003,2020,1,2020-04-01,,,,,,
121003,2020,2,2020-07-01,,,,,,
121003,2020,3,2020-10-01,,,,,,
121003,2020,4,2021-01-01,0.9727694944793972,0.5924635840733351,3998.8600000000006,1080.3100000000002,2610.675,
121003,2021,1,2021-04-01,,,,,,
121003,2021,2,2021-07-01,0.9902995284020903,0.7308864735411353,1785.7599999999998,4041.41,2942.125,
121003,2021,3,2021-10-01,,,,,,
121003,2021,4,2022-01-01,0.9957465983515684,0.7738983219417198,2371.07,1805.3800000000003,2097.145,
121003,2022,1,2022-04-01,,,,,,
121003,2022,2,2022-07-01,0.9979246149157694,0.7910966540986902,2799.21,2374.61,2592.29,0.02666348016145892
121003,2022,3,2022-10-01,,,,,,0.056824681501883245
121003,2022,4,2023-01-01,0.9804377418194288,0.65301457665224,20728.11,2572.14,11882.575,0.0008293065469418548
121003,2023,1,2023-04-01,,,,,,0.025893817046694245
121003,2023,2,2023-07-01,0.9429825763776568,0.3572563226289612,28652.14,19504.660000000003,25534.300000000003,0.030125048530671494
121003,2023,3,2023-10-01,,,,,,0.05089811234792069
121003,2023,4,2024-01-01,0.6893956929232831,-1.645148766470602,37039.83,17762.550000000003,39746.68,1.0830388102161508
121003,2024,1,2024-04-01,,,,,,1.1885059262745448
121003,2024,2,2024-07-01,0.7819738003883423,-0.9141217078073139,32765.57,39334.08,46101.065,0.13109372051514456
121003,2024,3,2024-10-01,,,,,,1.0759068143553296
121003,2024,4,2025-01-01,0.728122975529754,-1.339345458658165,27686.65,31724.85,40797.71,0.34741844053957427
121003,2025,1,2025-04-01,,,,,,0.34950615008551633
121003,2025,2,2025-07-01,,,,,,0.3141421588150078
121003,2025,3,2025-10-01,,,,,,0.0664593698236772
121003,2025,4,2026-01-01,,,,,,1.9959210818206126
121003,2026,1,2026-04-01,,,,,,1.936117285574941
121003,2026,2,2026-07-01,,,,,,1.9401962037543283
150968,2020,1,2020-04-01,,,,,,
150968,2020,2,2020-07-01,,,,,,
150968,2020,3,2020-10-01,,,,,,
150968,2020,4,2021-01-01,0.9415847040731148,0.028205167910648327,4387.7300000000005,15994.820000000002,10823.535,
150968,2021,1,2021-04-01,,,,,,
150968,2021,2,2021-07-01,0.996033889151421,0.7092885572639694,5624.219999999999,4998.84,5332.68,
150968,2021,3,2021-10-01,,,,,,
150968,2021,4,2022-01-01,0.9133078329244008,-0.3254990650283029,10258.590000000002,4924.76,8312.285,
150968,2022,1,2022-04-01,,,,,,
150968,2022,2,2022-07-01,0.779767874090773,-1.995897761458885,938.01,9504.54,6695.935,0.33720308782890634
150968,2022,3,2022-10-01,,,,,,0.5158198261038276
150968,2022,4,2023-01-01,0.9974608230740666,0.727137511128403,5036.969999999999,2403.2000000000003,3729.555,0.09236533865423965
150968,2023,1,2023-04-01,,,,,,0.10850054329752681
150968,2023,2,2023-07-01,0.9974211932487574,0.7266417972678151,3659.53,5035.2,4358.605,0.29760109770675314
150968,2023,3,2023-10-01,,,,,,0.3689058127846996
150968,2023,4,2024-01-01,0.9935325110910812,0.6779998052846671,3705.39,3646.84,3700.045,0.46055952818896345
150968,2024,1,2024-04-01,,,,,,0.1905530813693594
150968,2024,2,2024-07-01,0.84286107778752,-1.2066897511435786,5403.1900000000005,2950.6,4955.615,0.3066202403599001
150968,2024,3,2024-10-01,,,,,,0.03880098255115588
150968,2024,4,2025-01-01,0.991998681750026,0.6588137387752594,5967.28,6133.110000000001,6098.995,0.09932468577440728
150968,2025,1,2025-04-01,,,,,,0.1834159086477852
150968,2025,2,2025-07-01,,,,,,0.2756810516728312
150968,2025,3,2025-10-01,,,,,,1.1725737411978552
150968,2025,4,2026-01-01,,,,,,0.15747627617432636
150968,2026,1,2026-04-01,,,,,,0.15460594239891567
150968,2026,2,2026-07-01,,,,,,0.3058611197029697
151001,2020,1,2020-04-01,,,,,,
151001,2020,2,2020-07-01,,,,,,
151001,2020,3,2020-10-01,,,,,,
151001,2020,4,2021-01-01,0.9887786602727408,0.3099630061327476,819.43,2479.63,1668.25,
151001,2021,1,2021-04-01,,,,,,
151001,2021,2,2021-07-01,0.9912671816426216,0.4271492544332379,564.18,831.9999999999999,704.24,
151001,2021,3,2021-10-01,,,,,,
151001,2021,4,2022-01-01,0.9950975445677764,0.6075237797481132,1802.24,564.5,1189.2,
151001,2022,1,2022-04-01,,,,,,
151001,2022,2,2022-07-01,0.9978552669973736,0.737386898180596,930.59,1805.13,1370.8,0.1259530301275636
151001,2022,3,2022-10-01,,,,,,0.16358519056996423
151001,2022,4,2023-01-01,0.9995711192288544,0.8181876050095237,5733.56,932.1,3334.26,0.07281104507154917
151001,2023,1,2023-04-01,,,,,,0.004581231692365795
151001,2023,2,2023-07-01,0.966272306973715,-0.7498772419598171,2326.52,5596.709999999999,4099.895,0.006562317504817172
151001,2023,3,2023-10-01,,,,,,0.16168558980590586
151001,2023,4,2024-01-01,0.976794529611465,-0.25437826428399607,3689.93,2392.55,3113.49,0.5842156610244509
151001,2024,1,2024-04-01,,,,,,0.7511800501733872
151001,2024,2,2024-07-01,0.9331240170443263,-2.3108538851252103,9770.79,3294.01,7000.570000000001,0.34947576846375306
151001,2024,3,2024-10-01,,,,,,0.0623327089166647
151001,2024,4,2025-01-01,0.9910070367964692,0.4148988478647894,8183.410000000001,10155.750000000002,9252.79,0.07347274123353259
151001,2025,1,2025-04-01,,,,,,0.17685361378226408
151001,2025,2,2025-07-01,,,,,,0.25805397782410866
151001,2025,3,2025-10-01,,,,,,1.1295516948030293
151001,2025,4,2026-01-01,,,,,,0.17292657001734926
151001,2026,1,2026-04-01,,,,,,0.16318513663145226
151001,2026,2,2026-07-01,,,,,,0.3161549989625539
160220,2013,4,2014-01-01,,,,,,
160220,2014,1,2014-04-01,,,,,,
160220,2014,2,2014-07-01,,,,,,
160220,2014,3,2014-10-01,,,,,,
160220,2014,4,2015-01-01,,,,,,
160220,2015,1,2015-04-01,,,,,,
160220,2015,2,2015-07-01,,,,,,
160220,2015,3,2015-10-01,,,,,,
160220,2015,4,2016-01-01,,,,,,
160220,2016,1,2016-04-01,,,,,,
160220,2016,2,2016-07-01,,,,,,
160220,2016,3,2016-10-01,,,,,,
160220,2016,4,2017-01-01,,,,,,
160220,2017,1,2017-04-01,,,,,,
160220,2017,2,2017-07-01,,,,,,
160220,2017,3,2017-10-01,,,,,,0.0
160220,2017,4,2018-01-01,,,,,,0.0
160220,2018,1,2018-04-01,,,,,,0.0
160220,2018,2,2018-07-01,,,,,,0.0
160220,2018,3,2018-10-01,,,,,,0.0
160220,2018,4,2019-01-01,,,,,,0.0
160220,2019,1,2019-04-01,,,,,,0.0
160220,2019,2,2019-07-01,,,,,,0.0
160220,2019,3,2019-10-01,,,,,,0.0
160220,2019,4,2020-01-01,,,,,,0.0
160220,2020,1,2020-04-01,,,,,,0.0
160220,2020,2,2020-07-01,,,,,,0.0
160220,2020,3,2020-10-01,,,,,,0.0
160220,2020,4,2021-01-01,,,,,,0.0
160220,2021,1,2021-04-01,,,,,,0.0
160220,2021,2,2021-07-01,,,,,,0.0
160220,2021,3,2021-10-01,,,,,,0.0
160220,2021,4,2022-01-01,,,,,,0.0
160220,2022,1,2022-04-01,,,,,,0.0
160220,2022,2,2022-07-01,,,,,,0.0
160220,2022,3,2022-10-01,,,,,,0.0
160220,2022,4,2023-01-01,,,,,,0.0
160220,2023,1,2023-04-01,,,,,,0.0
160220,2023,2,2023-07-01,,,,,,0.0
160220,2023,3,2023-10-01,,,,,,0.0
160220,2023,4,2024-01-01,,,,,,0.0
160220,2024,1,2024-04-01,,,,,,0.0
160220,2024,2,2024-07-01,,,,,,0.0
160220,2024,3,2024-10-01,,,,,,0.0
160220,2024,4,2025-01-01,,,,,,0.0
160220,2025,1,2025-04-01,,,,,,0.0
160220,2025,2,2025-07-01,,,,,,0.0
160220,2025,3,2025-10-01,,,,,,0.0
160220,2025,4,2026-01-01,,,,,,0.0
160220,2026,1,2026-04-01,,,,,,0.0
160220,2026,2,2026-07-01,,,,,,0.0
160226,2015,4,2016-01-01,,,,,,
160226,2016,1,2016-04-01,,,,,,
160226,2016,2,2016-07-01,,,,,,
160226,2016,3,2016-10-01,,,,,,
160226,2016,4,2017-01-01,,,,,,
160226,2017,1,2017-04-01,,,,,,
160226,2017,2,2017-07-01,,,,,,
160226,2017,3,2017-10-01,,,,,,
160226,2017,4,2018-01-01,,,,,,
160226,2018,1,2018-04-01,,,,,,0.0
160226,2018,2,2018-07-01,,,,,,0.0
160226,2018,3,2018-10-01,,,,,,0.0
160226,2018,4,2019-01-01,,,,,,0.0
160226,2019,1,2019-04-01,,,,,,0.0
160226,2019,2,2019-07-01,,,,,,0.0
160226,2019,3,2019-10-01,,,,,,0.0
160226,2019,4,2020-01-01,,,,,,0.0
160226,2020,1,2020-04-01,,,,,,0.0
160226,2020,2,2020-07-01,,,,,,0.0
160226,2020,3,2020-10-01,,,,,,0.0
160226,2020,4,2021-01-01,,,,,,0.0
160226,2021,1,2021-04-01,,,,,,0.0
160226,2021,2,2021-07-01,,,,,,0.0
160226,2021,3,2021-10-01,,,,,,0.0
160226,2021,4,2022-01-01,,,,,,0.0
160226,2022,1,2022-04-01,,,,,,0.0
160226,2022,2,2022-07-01,,,,,,0.0
160226,2022,3,2022-10-01,,,,,,0.0
160226,2022,4,2023-01-01,,,,,,0.0
160226,2023,1,2023-04-01,,,,,,0.0
160226,2023,2,2023-07-01,,,,,,0.0
160226,2023,3,2023-10-01,,,,,,0.0
160226,2023,4,2024-01-01,,,,,,0.0
160226,2024,1,2024-04-01,,,,,,0.0
160226,2024,2,2024-07-01,,,,,,0.0
160226,2024,3,2024-10-01,,,,,,0.0
160226,2024,4,2025-01-01,,,,,,0.0
160226,2025,1,2025-04-01,,,,,,0.0
160226,2025,2,2025-07-01,,,,,,0.0
160226,2025,3,2025-10-01,,,,,,0.0
160226,2025,4,2026-01-01,,,,,,0.0
160226,2026,1,2026-04-01,,,,,,0.0
160226,2026,2,2026-07-01,,,,,,0.0
160605,2020,1,2020-04-01,,,,,,
160605,2020,2,2020-07-01,,,,,,
160605,2020,3,2020-10-01,,,,,,
160605,2020,4,2021-01-01,0.7401047586683697,-0.6389296966850108,2187.1,970.89,2133.475,
160605,2021,1,2021-04-01,,,,,,
160605,2021,2,2021-07-01,0.6091518152150707,-1.6925824438318713,2006.85,1588.23,2950.89,
160605,2021,3,2021-10-01,,,,,,
160605,2021,4,2022-01-01,0.833320010104337,0.11108403467123538,2573.2700000000004,2638.9300000000003,3127.37,
160605,2022,1,2022-04-01,,,,,,
160605,2022,2,2022-07-01,0.7794082431163336,-0.3226922508592152,5450.73,2035.19,4802.31,0.025465876842315188
160605,2022,3,2022-10-01,,,,,,0.10666725056211246
160605,2022,4,2023-01-01,0.7874171283919794,-0.2582524318697501,5832.499999999999,5042.139999999999,6905.26,0.25108209641105655
160605,2023,1,2023-04-01,,,,,,0.0
160605,2023,2,2023-07-01,0.8649544853093565,0.36561631798875355,12586.67,5860.369999999999,10663.59,0.0
160605,2023,3,2023-10-01,,,,,,0.25338188352407287
160605,2023,4,2024-01-01,0.7621547975769097,-0.46151418040863257,8266.83,11491.21,12961.96,0.14122895640813232
160605,2024,1,2024-04-01,,,,,,0.886903449670161
160605,2024,2,2024-07-01,0.9998351180125998,1.4508714137274876,536.54,11348.789999999995,5943.645,0.4475696690662819
160605,2024,3,2024-10-01,,,,,,0.09703971083594012
160605,2024,4,2025-01-01,0.9992792947845682,1.446399237266999,1321.0999999999997,536.85,929.645,0.13426514697340416
160605,2025,1,2025-04-01,,,,,,1.237198757091392
160605,2025,2,2025-07-01,,,,,,0.7043140856079227
160605,2025,3,2025-10-01,,,,,,0.6731403569195424
160605,2025,4,2026-01-01,,,,,,0.7373625372810715
160605,2026,1,2026-04-01,,,,,,0.04716367107494587
160605,2026,2,2026-07-01,,,,,,0.2780435162826431
161606,2020,1,2020-04-01,,,,,,
161606,2020,2,2020-07-01,,,,,,
161606,2020,3,2020-10-01,,,,,,
161606,2020,4,2021-01-01,0.8372977947683268,-1.9038797402611316,1200.65,1637.8899999999996,1695.06,
161606,2021,1,2021-04-01,,,,,,
161606,2021,2,2021-07-01,0.9928894578101984,0.6050175548287691,796.57,1468.3299999999997,1140.56,
161606,2021,3,2021-10-01,,,,,,
161606,2021,4,2022-01-01,0.9803958017559412,0.4035588181105035,580.29,790.97,699.34,
161606,2022,1,2022-04-01,,,,,,
161606,2022,2,2022-07-01,0.9737670966906846,0.29667172735619074,549.65,578.8,579.425,0.09538375720183459
161606,2022,3,2022-10-01,,,,,,0.3996447308374689
161606,2022,4,2023-01-01,0.858128728602692,-1.567983378402907,984.6899999999998,446.54,833.925,1.0848645072469036
161606,2023,1,2023-04-01,,,,,,1.0096537251863775
161606,2023,2,2023-07-01,0.9875109292861692,0.5182894139908549,738.25,1091.4300000000003,926.41,0.05991671118025918
161606,2023,3,2023-10-01,,,,,,0.0048922362840588905
161606,2023,4,2024-01-01,0.971529878889284,0.2605968530298556,387.25,733.4000000000001,576.745,0.14080757752625644
161606,2024,1,2024-04-01,,,,,,0.7470787177163989
161606,2024,2,2024-07-01,0.9976151713820566,0.6812191312243747,1866.32,400.96,1136.35,1.1233602540823497
161606,2024,3,2024-10-01,,,,,,1.4852867888041894
161606,2024,4,2025-01-01,0.9991835852165551,0.7065096201234882,3493.7000000000007,1866.84,2682.46,1.2222512349082957
161606,2025,1,2025-04-01,,,,,,0.7083883821941653
161606,2025,2,2025-07-01,,,,,,0.6004725345201629
161606,2025,3,2025-10-01,,,,,,0.13894096594862376
161606,2025,4,2026-01-01,,,,,,0.7916399903906477
161606,2026,1,2026-04-01,,,,,,0.8354731539547191
161606,2026,2,2026-07-01,,,,,,1.273582517341148
161810,2020,1,2020-04-01,,,,,,
161810,2020,2,2020-07-01,,,,,,
161810,2020,3,2020-10-01,,,,,,
161810,2020,4,2021-01-01,0.7465849743260308,-1.6775775701803062,2540.91,2561.08,3416.885,
161810,2021,1,2021-04-01,,,,,,
161810,2021,2,2021-07-01,0.7442738695217967,-1.7006470722192422,2225.94,2580.99,3229.275,
161810,2021,3,2021-10-01,,,,,,
161810,2021,4,2022-01-01,0.9934977500492724,0.7871115138245118,2966.5300000000007,3032.120000000001,3018.955,
161810,2022,1,2022-04-01,,,,,,
161810,2022,2,2022-07-01,0.9833920011533333,0.6862356927311827,1141.13,2951.6000000000004,2080.925,0.05623976199094392
161810,2022,3,2022-10-01,,,,,,1.854305073066612
161810,2022,4,2023-01-01,0.9203579215557416,0.05702804055763352,4756.19,929.68,3088.945,0.10885676781101492
161810,2023,1,2023-04-01,,,,,,0.057580990560746226
161810,2023,2,2023-07-01,0.930242217059712,0.15569330872917683,3456.1599999999994,4696.52,4382.02,0.2923525273867317
161810,2023,3,2023-10-01,,,,,,0.730935311545635
161810,2023,4,2024-01-01,1.0,0.8520171244316854,1754.16,3761.84,2758.0,1.471793046044802
161810,2024,1,2024-04-01,,,,,,0.21326182813676253
161810,2024,2,2024-07-01,0.934696189387344,0.20015296434731591,1012.62,1660.7699999999998,1430.085,0.010893025296157849
161810,2024,3,2024-10-01,,,,,,0.3136061950918341
161810,2024,4,2025-01-01,0.9787587025229532,0.6399859977780455,1595.52,1077.01,1365.265,0.01982970679531027
161810,2025,1,2025-04-01,,,,,,0.03970526321518445
161810,2025,2,2025-07-01,,,,,,0.1536583160035787
161810,2025,3,2025-10-01,,,,,,0.4244679130212896
161810,2025,4,2026-01-01,,,,,,0.28713345491797937
161810,2026,1,2026-04-01,,,,,,0.13733445810331024
161810,2026,2,2026-07-01,,,,,,0.2492339788499061
161903,2020,1,2020-04-01,,,,,,
161903,2020,2,2020-07-01,,,,,,
161903,2020,3,2020-10-01,,,,,,
161903,2020,4,2021-01-01,0.9731469246835174,0.24054649410797369,589.3199999999999,95.61,351.915,
161903,2021,1,2021-04-01,,,,,,
161903,2021,2,2021-07-01,0.9887059641197168,0.3506323777708517,316.87,593.5699999999999,460.42,
161903,2021,3,2021-10-01,,,,,,
161903,2021,4,2022-01-01,0.9947574252193216,0.3934486740681416,621.5500000000001,319.59000000000003,473.05,
161903,2022,1,2022-04-01,,,,,,
161903,2022,2,2022-07-01,0.5646297905203205,-2.64986135466648,429.49,330.88000000000005,673.335,0.007099271708074256
161903,2022,3,2022-10-01,,,,,,0.7659347757502739
161903,2022,4,2023-01-01,0.9986428921476233,0.42093977093173135,72.63,722.1,397.905,0.5150928877824013
161903,2023,1,2023-04-01,,,,,,0.08108398653834374
161903,2023,2,2023-07-01,0.980808374527479,0.2947540484798109,63.07000000000001,71.85,68.78,0.6178044235248454
161903,2023,3,2023-10-01,,,,,,0.6943112345177697
161903,2023,4,2024-01-01,0.9516511979279086,0.08845638053956245,26.03,62.150000000000006,46.33,1.2467368212451886
161903,2024,1,2024-04-01,,,,,,0.3233548739876785
161903,2024,2,2024-07-01,1.0,0.4305418043842038,8.940000000000001,28.27,18.605,0.6988402924159784
161903,2024,3,2024-10-01,,,,,,0.7558412386551877
161903,2024,4,2025-01-01,1.0,0.4305418043842038,35.2,8.940000000000001,22.07,0.42476122776523195
161903,2025,1,2025-04-01,,,,,,0.33108001088995576
161903,2025,2,2025-07-01,,,,,,0.09886105216921662
161903,2025,3,2025-10-01,,,,,,0.3354551893000862
161903,2025,4,2026-01-01,,,,,,0.6147117103117221
161903,2026,1,2026-04-01,,,,,,0.052782366488620724
161903,2026,2,2026-07-01,,,,,,0.9132607705180469
162006,2020,1,2020-04-01,,,,,,
162006,2020,2,2020-07-01,,,,,,
162006,2020,3,2020-10-01,,,,,,
162006,2020,4,2021-01-01,0.9976152273023188,0.6502433138680315,3764.2,6426.250000000001,5107.405000000001,
162006,2021,1,2021-04-01,,,,,,
162006,2021,2,2021-07-01,0.9999999999999998,0.6749575912714755,3793.05,3776.379999999999,3784.715,
162006,2021,3,2021-10-01,,,,,,
162006,2021,4,2022-01-01,0.9991474953087544,0.6661227713124644,10370.92,3787.01,7085.004999999999,
162006,2022,1,2022-04-01,,,,,,
162006,2022,2,2022-07-01,0.7506068190434995,-1.9095957553346037,3059.42,8462.8,7675.269999999999,0.1747054621514234
162006,2022,3,2022-10-01,,,,,,0.20103493781664256
162006,2022,4,2023-01-01,0.9814836198002478,0.483065526585686,5579.99,4874.96,5326.094999999999,0.7615567391313409
162006,2023,1,2023-04-01,,,,,,0.309191788914002
162006,2023,2,2023-07-01,0.8246720326682547,-1.1420306799513107,8772.09,4290.08,7919.615,0.2984897809173905
162006,2023,3,2023-10-01,,,,,,0.47178379914905894
162006,2023,4,2024-01-01,0.9995179895002256,0.6699623390135245,5727.32,10156.79,7945.885,0.2790685940058566
162006,2024,1,2024-04-01,,,,,,0.2533427165594395
162006,2024,2,2024-07-01,1.0,0.6749575912714778,5113.760000000001,5731.15,5422.455,0.11844931588957774
162006,2024,3,2024-10-01,,,,,,0.21373886292122832
162006,2024,4,2025-01-01,0.8607942640460349,-0.7676826980367418,2168.57,4568.97,3913.56,0.07573068669339311
162006,2025,1,2025-04-01,,,,,,0.041073233912305496
162006,2025,2,2025-07-01,,,,,,0.6150938633263385
162006,2025,3,2025-10-01,,,,,,0.10718135212593499
162006,2025,4,2026-01-01,,,,,,0.7268621594804769
162006,2026,1,2026-04-01,,,,,,1.3249955991374578
162006,2026,2,2026-07-01,,,,,,1.3901042062942166
162201,2020,1,2020-04-01,,,,,,
162201,2020,2,2020-07-01,,,,,,
162201,2020,3,2020-10-01,,,,,,
162201,2020,4,2021-01-01,0.9929512810910716,0.6445030690692641,2113.18,1174.72,1655.62,
162201,2021,1,2021-04-01,,,,,,
162201,2021,2,2021-07-01,0.9762685496567206,-0.346886684231026,6361.01,2022.95,4293.88,
162201,2021,3,2021-10-01,,,,,,
162201,2021,4,2022-01-01,0.9993761128382024,1.0263057963893605,5714.98,6459.11,6090.844999999999,
162201,2022,1,2022-04-01,,,,,,
162201,2022,2,2022-07-01,0.9693950061857688,-0.7553546016569744,2734.08,5587.42,4292.11,1.3454209763028107
162201,2022,3,2022-10-01,,,,,,0.2363374763544929
162201,2022,4,2023-01-01,0.9477874631514216,-2.0394067272062992,3738.66,2688.4100000000003,3390.565,0.15194597798028064
162201,2023,1,2023-04-01,,,,,,2.5303905111295766e-05
162201,2023,2,2023-07-01,0.987982258820676,0.34921342886996254,2805.3500000000004,3875.06,3380.835,0.010701222880105166
162201,2023,3,2023-10-01,,,,,,0.7653610351137343
162201,2023,4,2024-01-01,0.9748054107769374,-0.4338353292284262,9325.98,2690.69,6163.625,0.5150544840004092
162201,2024,1,2024-04-01,,,,,,0.5963346102762717
162201,2024,2,2024-07-01,0.9904135924931172,0.49369811947338355,3817.35,9417.22,6681.335,0.7231822914338253
162201,2024,3,2024-10-01,,,,,,0.28482251856783014
162201,2024,4,2025-01-01,0.9999727720338534,1.0617629285207815,2729.36,3881.31,3305.425,0.039198386556183115
162201,2025,1,2025-04-01,,,,,,0.18937654719658042
162201,2025,2,2025-07-01,,,,,,0.369242183738262
162201,2025,3,2025-10-01,,,,,,0.19514930895816524
162201,2025,4,2026-01-01,,,,,,0.996697127086855
162201,2026,1,2026-04-01,,,,,,0.4692901563146292
162201,2026,2,2026-07-01,,,,,,0.5526203480112335
162204,2020,1,2020-04-01,,,,,,
162204,2020,2,2020-07-01,,,,,,
162204,2020,3,2020-10-01,,,,,,
162204,2020,4,2021-01-01,0.994671743090538,1.4158507595272407,1532.39,2470.0000000000005,2011.915,
162204,2021,1,2021-04-01,,,,,,
162204,2021,2,2021-07-01,0.9610291293033753,1.114616359011472,4557.23,1421.88,3110.785,
162204,2021,3,2021-10-01,,,,,,
162204,2021,4,2022-01-01,0.8560243305717405,0.1744082706235039,11267.87,3441.4700000000003,8591.66,
162204,2022,1,2022-04-01,,,,,,
162204,2022,2,2022-07-01,0.9525527428465292,1.0387191885650333,23238.18,11636.299999999996,18305.800000000003,0.11284836773381145
162204,2022,3,2022-10-01,,,,,,0.5828340356729468
162204,2022,4,2023-01-01,0.8077926014566803,-0.257456390598452,23843.16,19008.63,26524.005,0.6951774312376806
162204,2023,1,2023-04-01,,,,,,0.5006211373288088
162204,2023,2,2023-07-01,0.8030359986538252,-0.300046791061225,27392.94,22787.31,31244.085,0.10285235137668876
162204,2023,3,2023-10-01,,,,,,0.03268916085609365
162204,2023,4,2024-01-01,0.7211316598099673,-1.0334144350664718,21860.39,24569.47,32192.36,0.0033178454962365656
162204,2024,1,2024-04-01,,,,,,0.34629725811279954
162204,2024,2,2024-07-01,0.7416055629620654,-0.8500920576418753,15146.14,24015.38,26403.2,0.3570069559024537
162204,2024,3,2024-10-01,,,,,,0.42831486014539727
162204,2024,4,2025-01-01,0.6910700264368258,-1.3025849033592336,16302.55,14977.09,22631.31,0.15642121525776437
162204,2025,1,2025-04-01,,,,,,0.13206030061713758
162204,2025,2,2025-07-01,,,,,,0.36089884496354846
162204,2025,3,2025-10-01,,,,,,0.03065828033741423
162204,2025,4,2026-01-01,,,,,,1.5692319176972735
162204,2026,1,2026-04-01,,,,,,0.4808793755287633
162204,2026,2,2026-07-01,,,,,,0.08448161717990171
162209,2020,1,2020-04-01,,,,,,
162209,2020,2,2020-07-01,,,,,,
162209,2020,3,2020-10-01,,,,,,
162209,2020,4,2021-01-01,0.9471397272026002,0.7404970869006567,2281.27,5711.859999999999,4219.615,
162209,2021,1,2021-04-01,,,,,,
162209,2021,2,2021-07-01,0.9176399675032544,0.6233073189330549,8471.580000000002,2032.92,5723.65,
162209,2021,3,2021-10-01,,,,,,
162209,2021,4,2022-01-01,0.8147797707724501,0.21468830946186482,12490.539999999995,6755.43,11810.535,
162209,2022,1,2022-04-01,,,,,,
162209,2022,2,2022-07-01,0.9648441406296552,0.8108290530815566,4282.429999999999,14338.84,9649.885,0.5962948369876299
162209,2022,3,2022-10-01,,,,,,0.38746053415532694
162209,2022,4,2023-01-01,0.9989936312474028,0.9464901880363064,6899.110000000001,4615.88,5763.295,0.7261485346795273
162209,2023,1,2023-04-01,,,,,,0.7979697728818647
162209,2023,2,2023-07-01,0.8967437725521641,0.5402957872229052,6152.349999999999,6194.089999999999,6884.04,0.08172113125623424
162209,2023,3,2023-10-01,,,,,,0.31539799955143555
162209,2023,4,2024-01-01,0.3549936635325789,-1.6118427460898268,3288.91,2030.56,7492.345,0.12328304576202437
162209,2024,1,2024-04-01,,,,,,0.18393133340884282
162209,2024,2,2024-07-01,0.4938745653676964,-1.0601290769934097,6786.900000000001,3070.5399999999995,9979.7,1.4070635545800656
162209,2024,3,2024-10-01,,,,,,0.4985589133639816
162209,2024,4,2025-01-01,0.4576242394753634,-1.2041359205531104,5237.860000000001,5484.07,11714.775,0.7419257700742881
162209,2025,1,2025-04-01,,,,,,0.6822557060456018
162209,2025,2,2025-07-01,,,,,,0.4206453476800377
162209,2025,3,2025-10-01,,,,,,0.008892302532521185
162209,2025,4,2026-01-01,,,,,,1.2383229016185417
162209,2026,1,2026-04-01,,,,,,0.7056135053522294
162209,2026,2,2026-07-01,,,,,,0.3064748350398782
162214,2020,1,2020-04-01,,,,,,
162214,2020,2,2020-07-01,,,,,,
162214,2020,3,2020-10-01,,,,,,
162214,2020,4,2021-01-01,0.7218872942738144,0.4463106518425801,5510.669999999999,6497.030000000001,8316.88,
162214,2021,1,2021-04-01,,,,,,
162214,2021,2,2021-07-01,0.7026601598702502,0.35368190862767523,3934.19,5770.389999999999,6905.6,
162214,2021,3,2021-10-01,,,,,,
162214,2021,4,2022-01-01,0.8151960081013923,0.8958351993615061,4323.73,4937.719999999999,5680.505,
162214,2022,1,2022-04-01,,,,,,
162214,2022,2,2022-07-01,0.4529024494196103,-0.8495521428795724,1870.48,2645.75,4985.875,0.03272941972224386
162214,2022,3,2022-10-01,,,,,,0.14382471329853858
162214,2022,4,2023-01-01,0.6530339670155744,0.11460250250374454,2425.46,3123.99,4248.975,0.05065964456990801
162214,2023,1,2023-04-01,,,,,,0.008301448570133652
162214,2023,2,2023-07-01,0.9949316318561556,1.7617304799533213,4287.26,3878.91,4103.885,0.002683643519623191
162214,2023,3,2023-10-01,,,,,,0.4122218128383055
162214,2023,4,2024-01-01,0.4600025674194473,-0.8153465772867863,1606.0600000000002,2120.66,4050.76,0.2287971213251099
162214,2024,1,2024-04-01,,,,,,1.6569004240747516
162214,2024,2,2024-07-01,0.5402505742668366,-0.4287433599921258,1845.69,2110.23,3661.19,0.07462456527360153
162214,2024,3,2024-10-01,,,,,,0.32941222264923076
162214,2024,4,2025-01-01,0.3223466048593597,-1.4785186621303428,1617.21,891.7199999999999,3891.665,0.41494584230397563
162214,2025,1,2025-04-01,,,,,,0.16825936028899013
162214,2025,2,2025-07-01,,,,,,0.5832052025929657
162214,2025,3,2025-10-01,,,,,,1.5201597943250365
162214,2025,4,2026-01-01,,,,,,0.3172325306715169
162214,2026,1,2026-04-01,,,,,,0.0013569089440554627
162214,2026,2,2026-07-01,,,,,,0.16396458394750205
162703,2020,1,2020-04-01,,,,,,
162703,2020,2,2020-07-01,,,,,,
162703,2020,3,2020-10-01,,,,,,
162703,2020,4,2021-01-01,1.0000000000000002,0.5681397155383869,768.11,3921.45,2344.78,
162703,2021,1,2021-04-01,,,,,,
162703,2021,2,2021-07-01,0.9947902838794352,0.5559169221784276,1222.9599999999998,762.91,998.135,
162703,2021,3,2021-10-01,,,,,,
162703,2021,4,2022-01-01,0.9291564621157244,0.40192990594245764,1288.5499999999995,1135.74,1304.565,
162703,2022,1,2022-04-01,,,,,,
162703,2022,2,2022-07-01,1.0,0.5681397155383864,0.0,1380.9699999999998,690.485,0.29382250594192394
162703,2022,3,2022-10-01,,,,,,0.0578033445931872
162703,2022,4,2023-01-01,1.0,0.5681397155383864,602.48,0.0,301.24,0.28909816573195024
162703,2023,1,2023-04-01,,,,,,0.11173347258417657
162703,2023,2,2023-07-01,0.0262241294316353,-1.7164878859326882,32.44999999999993,0.0,618.7049999999999,0.17649994476386965
162703,2023,3,2023-10-01,,,,,,0.026088903277272556
162703,2023,4,2024-01-01,0.1125654908969843,-1.513917804341743,0.0,128.47999999999996,570.6899999999999,0.026088903277272556
162703,2024,1,2024-04-01,,,,,,0.0
162703,2024,2,2024-07-01,1.0,0.5681397155383864,0.0,506.45,253.225,0.009024690755527472
162703,2024,3,2024-10-01,,,,,,0.09868143757904271
162703,2024,4,2025-01-01,,,0.0,0.0,0.0,0.1958366211599018
162703,2025,1,2025-04-01,,,,,,0.2598800901135282
162703,2025,2,2025-07-01,,,,,,0.37431996376010696
162703,2025,3,2025-10-01,,,,,,0.718520613514549
162703,2025,4,2026-01-01,,,,,,0.8634967633444002
162703,2026,1,2026-04-01,,,,,,0.4683808512673636
162703,2026,2,2026-07-01,,,,,,0.012155391342374033
163402,2020,1,2020-04-01,,,,,,
163402,2020,2,2020-07-01,,,,,,
163402,2020,3,2020-10-01,,,,,,
163402,2020,4,2021-01-01,0.7690589043274982,-1.3455491234694128,22507.23,36136.58,38126.995,
163402,2021,1,2021-04-01,,,,,,
163402,2021,2,2021-07-01,0.9470986849617268,0.36204611055277197,12853.700000000004,30112.36,22682.99,
163402,2021,3,2021-10-01,,,,,,
163402,2021,4,2022-01-01,0.8763082706144838,-0.31691099511874615,13160.089999999998,12259.650000000003,14503.88,
163402,2022,1,2022-04-01,,,,,,
163402,2022,2,2022-07-01,0.8512152767104778,-0.5575801121283781,13652.85,12654.92,15453.065,1.4370388746879426
163402,2022,3,2022-10-01,,,,,,0.0830643018147428
163402,2022,4,2023-01-01,0.740473419419042,-1.6197150296394225,8603.3,12290.52,14108.42,0.4861227717149573
163402,2023,1,2023-04-01,,,,,,0.14807376531360877
163402,2023,2,2023-07-01,1.0,0.8694272874507993,22.78,12264.81,6143.795,0.15315817179398994
163402,2023,3,2023-10-01,,,,,,0.1879477670053193
163402,2023,4,2024-01-01,1.0,0.8694272874507993,1949.18,22.78,985.98,0.4320262340233104
163402,2024,1,2024-04-01,,,,,,0.058687941317191405
163402,2024,2,2024-07-01,1.0,0.8694272874507993,490.55,1949.18,1219.865,0.27512655630614763
163402,2024,3,2024-10-01,,,,,,0.0007857133948843131
163402,2024,4,2025-01-01,1.0,0.8694272874507993,1006.27,490.55,748.41,0.017753139399289967
163402,2025,1,2025-04-01,,,,,,0.05396591480379326
163402,2025,2,2025-07-01,,,,,,0.14726834952416978
163402,2025,3,2025-10-01,,,,,,1.5517046281688183
163402,2025,4,2026-01-01,,,,,,0.3293557485092476
163402,2026,1,2026-04-01,,,,,,0.05210260313804362
163402,2026,2,2026-07-01,,,,,,0.46472325048572943
163406,2020,1,2020-04-01,,,,,,
163406,2020,2,2020-07-01,,,,,,
163406,2020,3,2020-10-01,,,,,,
163406,2020,4,2021-01-01,0.918231977110418,0.44531980778089425,1497.0300000000002,922.75,1317.63,
163406,2021,1,2021-04-01,,,,,,
163406,2021,2,2021-07-01,0.7993845425494143,-0.6136010944605053,371.62000000000006,1384.42,1098.37,
163406,2021,3,2021-10-01,,,,,,
163406,2021,4,2022-01-01,0.8514028995418982,-0.1501217966274309,978.14,465.9500000000001,848.065,
163406,2022,1,2022-04-01,,,,,,
163406,2022,2,2022-07-01,0.9523286556843604,0.7491184196089115,575.7699999999999,1063.14,860.475,1.248659734879908
163406,2022,3,2022-10-01,,,,,,0.06375873890762085
163406,2022,4,2023-01-01,0.8359135462286295,-0.2881306652766172,1452.0,431.89,1126.845,0.3278877462994485
163406,2023,1,2023-04-01,,,,,,0.06506736741018088
163406,2023,2,2023-07-01,0.8038617112320129,-0.5737098884081714,6298.91,774.02,4399.345,0.09827663961147838
163406,2023,3,2023-10-01,,,,,,0.2468180626932854
163406,2023,4,2024-01-01,1.0,1.1738661907344738,247.45,7161.79,3704.62,0.19259105733338022
163406,2024,1,2024-04-01,,,,,,0.14464045016592603
163406,2024,2,2024-07-01,0.6531423366730148,-1.9166071640860227,750.8000000000001,38.0,603.85,0.04157654590157432
163406,2024,3,2024-10-01,,,,,,0.3178178730475943
163406,2024,4,2025-01-01,1.0,1.1738661907344738,0.0,960.25,480.125,0.2499103278811387
163406,2025,1,2025-04-01,,,,,,0.19146574940988575
163406,2025,2,2025-07-01,,,,,,0.15345205502984594
163406,2025,3,2025-10-01,,,,,,0.47473295575496327
163406,2025,4,2026-01-01,,,,,,0.9530436792551249
163406,2026,1,2026-04-01,,,,,,0.2877127422602813
163406,2026,2,2026-07-01,,,,,,0.0
163411,2020,1,2020-04-01,,,,,,
163411,2020,2,2020-07-01,,,,,,
163411,2020,3,2020-10-01,,,,,,
163411,2020,4,2021-01-01,0.9891334423342976,0.37875600126909953,550.16,1809.22,1192.65,
163411,2021,1,2021-04-01,,,,,,
163411,2021,2,2021-07-01,0.752914509467248,-2.554453804417804,1111.15,327.12,955.135,
163411,2021,3,2021-10-01,,,,,,
163411,2021,4,2022-01-01,0.9984295672331326,0.4941891055389421,4773.74,1342.34,3062.85,
163411,2022,1,2022-04-01,,,,,,
163411,2022,2,2022-07-01,0.9996368107609034,0.5091798537847755,4361.03,4776.89,4570.62,0.6996919069554369
163411,2022,3,2022-10-01,,,,,,0.2889637901480422
163411,2022,4,2023-01-01,0.9991888868586304,0.5036178322888601,9094.830000000002,4357.2300000000005,6731.49,0.2889637901480422
163411,2023,1,2023-04-01,,,,,,0.3836808448237121
163411,2023,2,2023-07-01,0.957759001996777,-0.01083095913660943,14778.8,8585.07,12197.155,0.13548246183593268
163411,2023,3,2023-10-01,,,,,,1.0134635824810398
163411,2023,4,2024-01-01,0.9963142203443088,0.46792213294102875,15454.089999999997,15237.249999999998,15402.44,0.4784108370275596
163411,2024,1,2024-04-01,,,,,,0.26389242188892265
163411,2024,2,2024-07-01,0.9343047840438576,-0.3020698587845949,7779.629999999998,14719.839999999998,12040.755,0.2748186718875468
163411,2024,3,2024-10-01,,,,,,0.15428069840613035
163411,2024,4,2025-01-01,1.0,0.5136896965162967,11569.2,8570.65,10069.925,0.15679782753478494
163411,2025,1,2025-04-01,,,,,,0.08444020213113324
163411,2025,2,2025-07-01,,,,,,0.11236349836392223
163411,2025,3,2025-10-01,,,,,,1.9354543167143619
163411,2025,4,2026-01-01,,,,,,0.06454568328563795
163411,2026,1,2026-04-01,,,,,,2.0
163411,2026,2,2026-07-01,,,,,,0.13562010479588266
163412,2020,1,2020-04-01,,,,,,
163412,2020,2,2020-07-01,,,,,,
163412,2020,3,2020-10-01,,,,,,
163412,2020,4,2021-01-01,1.0000000000000002,0.8944271909999159,210.99000000000004,2074.3,1142.645,
163412,2021,1,2021-04-01,,,,,,
163412,2021,2,2021-07-01,1.0000000000000002,0.8944271909999159,834.11,210.99000000000004,522.55,
163412,2021,3,2021-10-01,,,,,,
163412,2021,4,2022-01-01,1.0,0.0,53.650000000000006,834.11,443.88,
163412,2022,1,2022-04-01,,,,,,
163412,2022,2,2022-07-01,1.0,0.0,166.79,53.650000000000006,110.22,0.36707088258621173
163412,2022,3,2022-10-01,,,,,,0.11391772351702292
163412,2022,4,2023-01-01,0.9999999999999998,-0.8944271909999159,939.66,166.79,553.225,0.14662353401694045
163412,2023,1,2023-04-01,,,,,,0.12926925643091958
163412,2023,2,2023-07-01,1.0,0.0,30.250000000000004,939.66,484.955,0.2922010746715312
163412,2023,3,2023-10-01,,,,,,0.3139250441282616
163412,2023,4,2024-01-01,1.0,0.0,1248.66,30.250000000000004,639.4549999999999,0.4128182059112854
163412,2024,1,2024-04-01,,,,,,0.055268034360631935
163412,2024,2,2024-07-01,1.0,0.0,0.0,1248.66,624.3299999999999,0.1707797471787491
163412,2024,3,2024-10-01,,,,,,0.03470305555677483
163412,2024,4,2025-01-01,1.0,0.0,1697.83,0.0,848.915,0.01882959468695361
163412,2025,1,2025-04-01,,,,,,0.008837780429330977
163412,2025,2,2025-07-01,,,,,,0.07875791696354101
163412,2025,3,2025-10-01,,,,,,1.5723856929583544
163412,2025,4,2026-01-01,,,,,,0.2938677604483185
163412,2026,1,2026-04-01,,,,,,0.036800816308753787
163412,2026,2,2026-07-01,,,,,,0.6653039133563945
166001,2020,1,2020-04-01,,,,,,
166001,2020,2,2020-07-01,,,,,,
166001,2020,3,2020-10-01,,,,,,
166001,2020,4,2021-01-01,1.0,0.7608395903033128,837.4900000000001,1524.41,1180.95,
166001,2021,1,2021-04-01,,,,,,
166001,2021,2,2021-07-01,0.971969432021966,-0.7204592518704218,1812.62,799.8199999999999,1343.89,
166001,2021,3,2021-10-01,,,,,,
166001,2021,4,2022-01-01,0.9921282160295803,0.344848573269265,2788.5199999999995,1831.9600000000005,2328.57,
166001,2022,1,2022-04-01,,,,,,
166001,2022,2,2022-07-01,0.988655756798646,0.1613435568061896,4808.219999999999,2763.4099999999994,3829.255,1.0420934275714795
166001,2022,3,2022-10-01,,,,,,0.5502474754114847
166001,2022,4,2023-01-01,0.9406502291075716,-2.3755487616959905,4131.28,4576.94,4628.83,0.2073158847664014
166001,2023,1,2023-04-01,,,,,,0.2190357204643579
166001,2023,2,2023-07-01,0.9873564095979122,0.09267846569790117,2752.11,4360.459999999999,3601.825,0.45284070287573613
166001,2023,3,2023-10-01,,,,,,0.06974443076953876
166001,2023,4,2024-01-01,0.99175479231314,0.32511468420798173,113.21,2785.6,1461.4550000000002,0.21170678795413905
166001,2024,1,2024-04-01,,,,,,0.4657073020639628
166001,2024,2,2024-07-01,0.9981221916705788,0.6616052363517416,917.53,124.28,521.885,0.4305995243953829
166001,2024,3,2024-10-01,,,,,,0.09232714592588431
166001,2024,4,2025-01-01,0.9997868955457492,0.7495779069299618,1802.87,918.22,1360.835,0.05349431245202535
166001,2025,1,2025-04-01,,,,,,0.47850764338724283
166001,2025,2,2025-07-01,,,,,,1.4033343477607896
166001,2025,3,2025-10-01,,,,,,0.6216250975541777
166001,2025,4,2026-01-01,,,,,,1.3236332101657093
166001,2026,1,2026-04-01,,,,,,1.3236332101657093
166001,2026,2,2026-07-01,,,,,,2.0
166005,2020,1,2020-04-01,,,,,,
166005,2020,2,2020-07-01,,,,,,
166005,2020,3,2020-10-01,,,,,,
166005,2020,4,2021-01-01,0.9080457763722778,1.7399384551748394,8177.52,1186.13,5155.935,
166005,2021,1,2021-04-01,,,,,,
166005,2021,2,2021-07-01,0.8641065758011531,1.3927878973604744,6819.420000000002,7523.79,8299.445,
166005,2021,3,2021-10-01,,,,,,
166005,2021,4,2022-01-01,0.5590707983035736,-1.017209074255181,5150.79,4242.93,8401.19,
166005,2022,1,2022-04-01,,,,,,
166005,2022,2,2022-07-01,0.5511531730426207,-1.0797638770321623,4058.68,5118.34,8325.29,0.5913891547749557
166005,2022,3,2022-10-01,,,,,,0.14059786562397592
166005,2022,4,2023-01-01,0.5839965889710063,-0.820277814202858,1900.69,5248.97,6121.32,0.5288473608041716
166005,2023,1,2023-04-01,,,,,,0.07957341174954291
166005,2023,2,2023-07-01,0.6391856305684932,-0.384245607727113,8023.900000000001,1702.0700000000002,7608.095,0.0631786566129619
166005,2023,3,2023-10-01,,,,,,0.48238931723538025
166005,2023,4,2024-01-01,0.6910778580719819,0.02573945094290032,8842.31,7186.46,11596.935,0.05856512864878816
166005,2024,1,2024-04-01,,,,,,0.6796036458266447
166005,2024,2,2024-07-01,0.6944045204455107,0.052022421129425095,8217.849999999997,8701.83,12182.87,0.2542764338411048
166005,2024,3,2024-10-01,,,,,,0.7976183369900218
166005,2024,4,2025-01-01,0.6993389837802411,0.09100814860968111,4446.67,9041.459999999995,9643.485,0.03783123084795165
166005,2025,1,2025-04-01,,,,,,0.16835582415303318
166005,2025,2,2025-07-01,,,,,,0.12726353136920437
166005,2025,3,2025-10-01,,,,,,0.15072831926124097
166005,2025,4,2026-01-01,,,,,,0.1989672495827215
166005,2026,1,2026-04-01,,,,,,0.31449969079503726
166005,2026,2,2026-07-01,,,,,,1.2056859766251438
168002,2020,1,2020-04-01,,,,,,
168002,2020,2,2020-07-01,,,,,,
168002,2020,3,2020-10-01,,,,,,
168002,2020,4,2021-01-01,1.0,0.7009038071812265,2301.6,10104.07,6202.835,
168002,2021,1,2021-04-01,,,,,,
168002,2021,2,2021-07-01,0.9964329163470949,0.6093626787652149,3737.37,2290.81,3024.88,
168002,2021,3,2021-10-01,,,,,,
168002,2021,4,2022-01-01,0.9988590849765367,0.6716248053867082,8725.93,3741.04,6240.605,
168002,2022,1,2022-04-01,,,,,,
168002,2022,2,2022-07-01,0.8894312388853614,-2.136593191733029,15161.85,7334.73,12646.61,0.0915075948298989
168002,2022,3,2022-10-01,,,,,,0.10196506572001626
168002,2022,4,2023-01-01,0.9313356044164018,-1.0612124943545607,8747.820000000002,15660.4,13103.88,1.0516720220763496
168002,2023,1,2023-04-01,,,,,,0.5946626466587648
168002,2023,2,2023-07-01,0.9998805961923964,0.6978395787109196,12125.96,9646.29,10887.425,0.2201025464960452
168002,2023,3,2023-10-01,,,,,,0.13284341643681574
168002,2023,4,2024-01-01,0.969484171775554,-0.0822158563960169,9430.31,11793.240000000002,10945.795,0.21641823678878236
168002,2024,1,2024-04-01,,,,,,0.21429077683310266
168002,2024,2,2024-07-01,0.9687672849293854,-0.10061313474171209,1447.78,9586.46,5694.99,0.8125748589184104
168002,2024,3,2024-10-01,,,,,,0.4112588337516313
168002,2024,4,2025-01-01,1.0,0.7009038071812265,1936.87,1625.65,1781.26,0.021295584301718185
168002,2025,1,2025-04-01,,,,,,0.16631945662841896
168002,2025,2,2025-07-01,,,,,,0.33867435403116836
168002,2025,3,2025-10-01,,,,,,0.3627628531385327
168002,2025,4,2026-01-01,,,,,,0.5672727848698242
168002,2026,1,2026-04-01,,,,,,1.5125647637121378
168002,2026,2,2026-07-01,,,,,,0.4874352362878621
168401,2017,1,2017-04-01,,,,,,
168401,2017,2,2017-07-01,,,,,,
168401,2017,3,2017-10-01,,,,,,
168401,2017,4,2018-01-01,,,,,,
168401,2018,1,2018-04-01,,,,,,
168401,2018,2,2018-07-01,,,,,,
168401,2018,3,2018-10-01,,,,,,
168401,2018,4,2019-01-01,,,,,,
168401,2019,1,2019-04-01,,,,,,0.0
168401,2019,2,2019-07-01,,,,,,0.0
168401,2019,3,2019-10-01,,,,,,0.0
168401,2019,4,2020-01-01,,,,,,0.0
168401,2020,1,2020-04-01,,,,,,0.0
168401,2020,2,2020-07-01,,,,,,0.0
168401,2020,3,2020-10-01,,,,,,0.0
168401,2020,4,2021-01-01,,,,,,0.0
168401,2021,1,2021-04-01,,,,,,0.0
168401,2021,2,2021-07-01,,,,,,0.0
168401,2021,3,2021-10-01,,,,,,0.0
168401,2021,4,2022-01-01,,,,,,0.0
168401,2022,1,2022-04-01,,,,,,0.0
168401,2022,2,2022-07-01,,,,,,0.0
168401,2022,3,2022-10-01,,,,,,0.0
168401,2022,4,2023-01-01,,,,,,0.0
168401,2023,1,2023-04-01,,,,,,0.0
168401,2023,2,2023-07-01,,,,,,0.0
168401,2023,3,2023-10-01,,,,,,0.0
168401,2023,4,2024-01-01,,,,,,0.0
168401,2024,1,2024-04-01,,,,,,0.0
168401,2024,2,2024-07-01,,,,,,0.0
168401,2024,3,2024-10-01,,,,,,0.0
168401,2024,4,2025-01-01,,,,,,0.0
168401,2025,1,2025-04-01,,,,,,0.0
168401,2025,2,2025-07-01,,,,,,0.0
168401,2025,3,2025-10-01,,,,,,0.0
168401,2025,4,2026-01-01,,,,,,0.0
168401,2026,1,2026-04-01,,,,,,0.0
168401,2026,2,2026-07-01,,,,,,0.0
180031,2020,1,2020-04-01,,,,,,
180031,2020,2,2020-07-01,,,,,,
180031,2020,3,2020-10-01,,,,,,
180031,2020,4,2021-01-01,0.9484969996145826,0.014473472048447568,3261.57,454.48,1958.915,
180031,2021,1,2021-04-01,,,,,,
180031,2021,2,2021-07-01,0.7126170148024845,-2.4204795435663238,1421.65,2559.6700000000005,2793.45,
180031,2021,3,2021-10-01,,,,,,
180031,2021,4,2022-01-01,0.9842998876528948,0.38406121077097044,4045.65,2174.83,3159.85,
180031,2022,1,2022-04-01,,,,,,
180031,2022,2,2022-07-01,0.8784403617359858,-0.7087104886517738,4132.290000000001,3562.8299999999995,4379.99,0.5357449308863926
180031,2022,3,2022-10-01,,,,,,0.04278771570087231
180031,2022,4,2023-01-01,1.0,0.5461310698797364,4307.16,4664.72,4485.9400000000005,0.8149536335443741
180031,2023,1,2023-04-01,,,,,,0.255388509978663
180031,2023,2,2023-07-01,1.0,0.5461310698797364,8837.18,4307.16,6572.17,0.2720587524180989
180031,2023,3,2023-10-01,,,,,,0.657599104058864
180031,2023,4,2024-01-01,1.0,0.5461310698797364,3683.85,8837.18,6260.515,0.013234452084458545
180031,2024,1,2024-04-01,,,,,,0.16544095764095354
180031,2024,2,2024-07-01,1.0,0.5461310698797364,1187.3200000000002,3683.85,2435.585,0.18198514306479568
180031,2024,3,2024-10-01,,,,,,0.11768707112841062
180031,2024,4,2025-01-01,1.0,0.5461310698797364,1685.52,1187.3200000000002,1436.42,0.10346321609720788
180031,2025,1,2025-04-01,,,,,,0.14113438074221918
180031,2025,2,2025-07-01,,,,,,0.03505734473755864
180031,2025,3,2025-10-01,,,,,,0.18436812857227106
180031,2025,4,2026-01-01,,,,,,1.1945604703696318
180031,2026,1,2026-04-01,,,,,,0.11362789414014268
180031,2026,2,2026-07-01,,,,,,0.3500776388637175
200012,2020,1,2020-04-01,,,,,,
200012,2020,2,2020-07-01,,,,,,
200012,2020,3,2020-10-01,,,,,,
200012,2020,4,2021-01-01,0.9403594268171462,0.007252402904742928,2763.16,20755.06,12504.91,
200012,2021,1,2021-04-01,,,,,,
200012,2021,2,2021-07-01,0.999758132135102,0.8423221019894536,3932.22,3508.0600000000004,3721.04,
200012,2021,3,2021-10-01,,,,,,
200012,2021,4,2022-01-01,0.988098301011281,0.6783998141916358,12487.23,3834.82,8259.325,
200012,2022,1,2022-04-01,,,,,,
200012,2022,2,2022-07-01,0.9116679528922074,-0.39611296286448017,3874.82,11824.95,8610.465,0.03199207032685719
200012,2022,3,2022-10-01,,,,,,0.028314289220986666
200012,2022,4,2023-01-01,1.0000000000000002,0.845722454304839,12065.260000000002,4635.4,8350.33,0.5134852876420428
200012,2023,1,2023-04-01,,,,,,0.31378626094030715
200012,2023,2,2023-07-01,0.9498781496576524,0.1410734512852262,17682.9,11300.58,15256.420000000002,0.18285837309627379
200012,2023,3,2023-10-01,,,,,,1.0627235173158713
200012,2023,4,2024-01-01,0.9782110884109182,0.539398271872233,9753.55,18136.96,14255.875,0.2728104656279351
200012,2024,1,2024-04-01,,,,,,0.32540323631612944
200012,2024,2,2024-07-01,0.9184489028769196,-0.3007814933832696,7890.200000000001,9300.95,9358.795,0.21248832620521674
200012,2024,3,2024-10-01,,,,,,0.04462644385202976
200012,2024,4,2025-01-01,0.7721701013388089,-2.357274040300387,7934.42,6520.89,9360.185,0.3520492933636201
200012,2025,1,2025-04-01,,,,,,0.06717824201311773
200012,2025,2,2025-07-01,,,,,,0.5805461288218363
200012,2025,3,2025-10-01,,,,,,0.928504149910951
200012,2025,4,2026-01-01,,,,,,0.928504149910951
200012,2026,1,2026-04-01,,,,,,0.22327344530918342
200012,2026,2,2026-07-01,,,,,,0.666397399532178
202001,2020,1,2020-04-01,,,,,,
202001,2020,2,2020-07-01,,,,,,
202001,2020,3,2020-10-01,,,,,,
202001,2020,4,2021-01-01,0.9688892925963656,0.4918190039119886,3787.55,2185.7300000000005,3082.54,
202001,2021,1,2021-04-01,,,,,,
202001,2021,2,2021-07-01,0.8247605526959576,-2.3387772899850705,5473.839999999999,2984.8299999999995,5127.955,
202001,2021,3,2021-10-01,,,,,,
202001,2021,4,2022-01-01,0.9446572999967116,0.015918163498636,10481.000000000002,5892.83,8666.545,
202001,2022,1,2022-04-01,,,,,,
202001,2022,2,2022-07-01,0.9496774277548842,0.1145102627356942,10003.53,10419.53,10752.63,0.03623378493133919
202001,2022,3,2022-10-01,,,,,,0.0022109918695314146
202001,2022,4,2023-01-01,0.938213204199517,-0.11063975752156144,7616.670000000001,9965.679999999998,9370.125,0.11519594713122468
202001,2023,1,2023-04-01,,,,,,0.06538828130133657
202001,2023,2,2023-07-01,0.9820610318670502,0.7505035410108427,7207.67,8056.21,7771.35,0.03906351551548387
202001,2023,3,2023-10-01,,,,,,0.8216330828700633
202001,2023,4,2024-01-01,0.9179715535992738,-0.5081728325418432,5733.86,6787.629999999999,6820.195,0.08645947818146221
202001,2024,1,2024-04-01,,,,,,0.7350438176355619
202001,2024,2,2024-07-01,0.9996929847004042,1.0967838205633214,6212.29,6291.389999999999,6253.76,0.36682283405677873
202001,2024,3,2024-10-01,,,,,,0.5416706675098236
202001,2024,4,2025-01-01,0.9686976409604944,0.4880550883279684,11328.52,5935.280000000001,8910.83,0.32289504386452306
202001,2025,1,2025-04-01,,,,,,0.11268120167379542
202001,2025,2,2025-07-01,,,,,,0.47029904294815505
202001,2025,3,2025-10-01,,,,,,1.6093302231207884
202001,2025,4,2026-01-01,,,,,,0.3906697768792115
202001,2026,1,2026-04-01,,,,,,1.9629351052487367
202001,2026,2,2026-07-01,,,,,,0.5086538740169844
202002,2020,1,2020-04-01,,,,,,
202002,2020,2,2020-07-01,,,,,,
202002,2020,3,2020-10-01,,,,,,
202002,2020,4,2021-01-01,0.959397567061465,0.7304798961513613,4155.21,1946.76,3180.105,
202002,2021,1,2021-04-01,,,,,,
202002,2021,2,2021-07-01,0.8934614707190309,-0.36105118978346873,5444.720000000001,3736.91,5138.235000000001,
202002,2021,3,2021-10-01,,,,,,
202002,2021,4,2022-01-01,0.9657556297187778,0.8357336709689656,16172.6,5606.02,11275.43,
202002,2022,1,2022-04-01,,,,,,
202002,2022,2,2022-07-01,0.8113619081084753,-1.7201584118074993,11560.98,13630.29,15524.065,0.03669424026772522
202002,2022,3,2022-10-01,,,,,,0.00350919665918914
202002,2022,4,2023-01-01,0.8340587426661247,-1.3444264251376974,10079.429999999998,12266.48,13395.885,0.13051687527952033
202002,2023,1,2023-04-01,,,,,,0.06465337427663467
202002,2023,2,2023-07-01,0.9852742669975888,1.1588525774062182,10214.72,12135.34,11342.05,0.03460962396089316
202002,2023,3,2023-10-01,,,,,,0.8374458253250507
202002,2023,4,2024-01-01,0.9526176023057108,0.6182417943684766,7802.07,9940.489999999998,9312.53,0.05893323790717532
202002,2024,1,2024-04-01,,,,,,0.7361797286781433
202002,2024,2,2024-07-01,0.9016275003146816,-0.22586764621993805,12076.339999999998,7192.17,10685.405,0.4154276819848435
202002,2024,3,2024-10-01,,,,,,0.5962279641041349
202002,2024,4,2025-01-01,0.933888656179539,0.30819573405357814,14850.58,12171.039999999995,14467.26,0.27622714167950674
202002,2025,1,2025-04-01,,,,,,0.1273619867132954
202002,2025,2,2025-07-01,,,,,,0.5014076499474307
202002,2025,3,2025-10-01,,,,,,1.5902841221496355
202002,2025,4,2026-01-01,,,,,,0.40971587785036445
202002,2026,1,2026-04-01,,,,,,1.9182484809310227
202002,2026,2,2026-07-01,,,,,,0.48066050072108074
202027,2020,1,2020-04-01,,,,,,
202027,2020,2,2020-07-01,,,,,,
202027,2020,3,2020-10-01,,,,,,
202027,2020,4,2021-01-01,0.925602896918146,-2.50042862870378,4503.0,11963.420000000002,8894.970000000001,
202027,2021,1,2021-04-01,,,,,,
202027,2021,2,2021-07-01,0.998843693585142,0.5484887073580121,4290.929999999999,5159.290000000001,4730.58,
202027,2021,3,2021-10-01,,,,,,
202027,2021,4,2022-01-01,0.9937861093808862,0.33794817720705345,1049.12,4279.74,2681.09,
202027,2022,1,2022-04-01,,,,,,
202027,2022,2,2022-07-01,0.9972311410322802,0.4813602808871035,1826.71,1061.7699999999998,1448.25,0.08913885671964057
202027,2022,3,2022-10-01,,,,,,0.11309002536225944
202027,2022,4,2023-01-01,0.9936489628464328,0.3322389486690711,900.29,1822.02,1369.855,0.04910462650840819
202027,2023,1,2023-04-01,,,,,,0.10658210471569479
202027,2023,2,2023-07-01,0.9960781872509962,0.4333643424019228,1014.91,905.21,963.84,0.08032629061147467
202027,2023,3,2023-10-01,,,,,,1.1443089708980152
202027,2023,4,2024-01-01,0.9717134857592132,-0.5809059024183738,2266.51,971.56,1666.1650000000002,0.8197930039773067
202027,2024,1,2024-04-01,,,,,,0.32471970749659124
202027,2024,2,2024-07-01,0.9948934675034404,0.3840460288243051,2796.13,2300.56,2561.425,0.10251225422803675
202027,2024,3,2024-10-01,,,,,,0.1655349872439823
202027,2024,4,2025-01-01,0.9992136149996856,0.5638880457746951,2122.82,2807.2699999999995,2466.985,0.00677817373964712
202027,2025,1,2025-04-01,,,,,,0.004702815926647841
202027,2025,2,2025-07-01,,,,,,0.0765131073060219
202027,2025,3,2025-10-01,,,,,,1.5656312733138933
202027,2025,4,2026-01-01,,,,,,0.4343687266861067
202027,2026,1,2026-04-01,,,,,,0.0
202027,2026,2,2026-07-01,,,,,,1.3016628628505946
206009,2020,1,2020-04-01,,,,,,
206009,2020,2,2020-07-01,,,,,,
206009,2020,3,2020-10-01,,,,,,
206009,2020,4,2021-01-01,0.9980517944364816,0.8263410323807201,453.62,2415.2200000000003,1437.22,
206009,2021,1,2021-04-01,,,,,,
206009,2021,2,2021-07-01,0.9690373622732168,0.6345967913002446,494.31,441.47,482.84,
206009,2021,3,2021-10-01,,,,,,
206009,2021,4,2022-01-01,0.979969417175408,0.7068421676314307,1186.9600000000005,492.10000000000014,856.69,
206009,2022,1,2022-04-01,,,,,,
206009,2022,2,2022-07-01,0.8434186770250662,-0.19556453437718435,2435.83,894.9399999999999,1974.565,0.2597334304492619
206009,2022,3,2022-10-01,,,,,,0.5193787560225208
206009,2022,4,2023-01-01,0.7583242093536945,-0.7579182634448998,474.93,2302.44,1831.255,1.3584522945693849
206009,2023,1,2023-04-01,,,,,,0.3570866385653103
206009,2023,2,2023-07-01,0.7031390288397203,-1.1226140292279083,571.58,657.95,874.315,0.07230566593106486
206009,2023,3,2023-10-01,,,,,,0.6213829036470948
206009,2023,4,2024-01-01,0.605160219684697,-1.7701149797095366,387.62,531.3399999999999,759.27,0.02734298416635536
206009,2024,1,2024-04-01,,,,,,0.1275213886259593
206009,2024,2,2024-07-01,1.0,0.8392159077235694,0.0,687.41,343.705,0.6206337462762279
206009,2024,3,2024-10-01,,,,,,0.2878453842310123
206009,2024,4,2025-01-01,1.0,0.8392159077235694,963.81,0.0,481.905,0.19439732865680057
206009,2025,1,2025-04-01,,,,,,0.1955909140269744
206009,2025,2,2025-07-01,,,,,,0.7982049790994572
206009,2025,3,2025-10-01,,,,,,0.8071327488635177
206009,2025,4,2026-01-01,,,,,,0.4189439456633517
206009,2026,1,2026-04-01,,,,,,0.09200778287777236
206009,2026,2,2026-07-01,,,,,,1.4669878697565069
210004,2020,1,2020-04-01,,,,,,
210004,2020,2,2020-07-01,,,,,,
210004,2020,3,2020-10-01,,,,,,
210004,2020,4,2021-01-01,0.9653983200011448,1.7307042356068156,2234.76,3162.28,2795.24,
210004,2021,1,2021-04-01,,,,,,
210004,2021,2,2021-07-01,0.8275184025598514,0.3014412899074344,2705.9100000000003,1856.05,2756.41,
210004,2021,3,2021-10-01,,,,,,
210004,2021,4,2022-01-01,0.7637857532080391,-0.3592112245429151,2596.3900000000003,2407.56,3275.755,
210004,2022,1,2022-04-01,,,,,,
210004,2022,2,2022-07-01,0.943863398592818,1.50747328378546,21787.66,2643.64,12942.18,0.2896488195851552
210004,2022,3,2022-10-01,,,,,,0.18582684195818774
210004,2022,4,2023-01-01,0.7219673472800542,-0.7927007359254041,22175.71,15298.46,25952.815,0.05793318117117047
210004,2023,1,2023-04-01,,,,,,0.2037104845354484
210004,2023,2,2023-07-01,0.7605494611335728,-0.3927586216500008,24257.37,22094.72,30472.765,0.20850609346814755
210004,2023,3,2023-10-01,,,,,,0.40256680373062814
210004,2023,4,2024-01-01,0.7274620571410997,-0.7357425846043087,22369.26,23046.72,31215.36,0.7595962797794351
210004,2024,1,2024-04-01,,,,,,0.07793584693642713
210004,2024,2,2024-07-01,0.6948002653766546,-1.0743146520625515,18183.66,22041.85,28947.535,0.42685348165849646
210004,2024,3,2024-10-01,,,,,,0.18483529862862513
210004,2024,4,2025-01-01,0.7806022945928857,-0.1848909905145251,24858.66,20626.38,29134.58,0.00914139457735555
210004,2025,1,2025-04-01,,,,,,0.0559804985877533
210004,2025,2,2025-07-01,,,,,,0.9740025146985778
210004,2025,3,2025-10-01,,,,,,0.48700058661493134
210004,2025,4,2026-01-01,,,,,,1.1196184871374542
210004,2026,1,2026-04-01,,,,,,0.48174277333937887
210004,2026,2,2026-07-01,,,,,,1.8651291590219894
210008,2020,1,2020-04-01,,,,,,
210008,2020,2,2020-07-01,,,,,,
210008,2020,3,2020-10-01,,,,,,
210008,2020,4,2021-01-01,0.9626326384170386,0.17959361738804658,3496.0600000000004,2567.6399999999994,3149.54,
210008,2021,1,2021-04-01,,,,,,
210008,2021,2,2021-07-01,0.9902573818124706,0.7795100140793839,441.28,3593.9,2037.44,
210008,2021,3,2021-10-01,,,,,,
210008,2021,4,2022-01-01,0.996261443181315,0.9098980075659204,1567.9399999999998,457.33,1016.435,
210008,2022,1,2022-04-01,,,,,,
210008,2022,2,2022-07-01,0.940753225940151,-0.29555353988938166,1940.15,1464.53,1809.55,0.5010224120046123
210008,2022,3,2022-10-01,,,,,,0.18398755035418116
210008,2022,4,2023-01-01,0.9555703384009648,0.026224244237715414,1568.4699999999998,1965.21,1848.99,0.582022484516292
210008,2023,1,2023-04-01,,,,,,0.021094247251547515
210008,2023,2,2023-07-01,0.9079854902656272,-1.007158409198144,8193.24,1175.89,5159.295,0.029815557299543827
210008,2023,3,2023-10-01,,,,,,0.5524956767049166
210008,2023,4,2024-01-01,0.9891481819616952,0.7554219286929407,9350.51,8569.67,9058.39,1.2529212171486228
210008,2024,1,2024-04-01,,,,,,0.4666358298837915
210008,2024,2,2024-07-01,0.9880464708218558,0.7314964728888361,3841.390000000001,9368.9,6685.054999999999,0.07392162007513989
210008,2024,3,2024-10-01,,,,,,0.05106366710307253
210008,2024,4,2025-01-01,0.8586097901940861,-2.0794323357653437,22562.7,1906.58,14249.36,0.012185012864624145
210008,2025,1,2025-04-01,,,,,,0.03814519996374499
210008,2025,2,2025-07-01,,,,,,0.32281141782968104
210008,2025,3,2025-10-01,,,,,,1.6828355494316265
210008,2025,4,2026-01-01,,,,,,1.3430964706317554
210008,2026,1,2026-04-01,,,,,,1.239015716249753
210008,2026,2,2026-07-01,,,,,,1.4922442965884462
213003,2020,1,2020-04-01,,,,,,
213003,2020,2,2020-07-01,,,,,,
213003,2020,3,2020-10-01,,,,,,
213003,2020,4,2021-01-01,0.994180161075023,0.44621868550316907,1871.43,1025.7800000000002,1457.085,
213003,2021,1,2021-04-01,,,,,,
213003,2021,2,2021-07-01,0.9908830768615052,0.39229792656746276,607.35,1868.52,1249.325,
213003,2021,3,2021-10-01,,,,,,
213003,2021,4,2022-01-01,0.9972280186516218,0.49606357359682257,3257.58,613.3600000000001,1940.85,
213003,2022,1,2022-04-01,,,,,,
213003,2022,2,2022-07-01,0.8094130784433777,-2.5754758411297707,2440.69,2662.19,3152.21,0.01766719992901372
213003,2022,3,2022-10-01,,,,,,0.004472707733617798
213003,2022,4,2023-01-01,0.9802555604029428,0.2184947368588243,1974.26,2991.45,2532.865,0.19546469018723522
213003,2023,1,2023-04-01,,,,,,0.028909245481625823
213003,2023,2,2023-07-01,0.9869864208428696,0.3285717260128083,1734.8499999999997,1999.65,1891.87,0.17750574095464494
213003,2023,3,2023-10-01,,,,,,0.3136965135029595
213003,2023,4,2024-01-01,0.9475012096495472,-0.31717233643835224,4438.92,1592.38,3182.74,0.35142391088989866
213003,2024,1,2024-04-01,,,,,,0.17744121616009095
213003,2024,2,2024-07-01,0.9968610737429412,0.49006252943709777,5458.05,4590.19,5039.9400000000005,0.15279198254731605
213003,2024,3,2024-10-01,,,,,,0.04235610306787771
213003,2024,4,2025-01-01,0.9987490724344668,0.5209389995919382,1812.16,5469.31,3645.295,0.2296409062668462
213003,2025,1,2025-04-01,,,,,,0.11053352629678882
213003,2025,2,2025-07-01,,,,,,0.273158757070991
213003,2025,3,2025-10-01,,,,,,0.29437672793111613
213003,2025,4,2026-01-01,,,,,,1.0724908016722217
213003,2026,1,2026-04-01,,,,,,0.258407850968391
213003,2026,2,2026-07-01,,,,,,0.5744607543595329
213008,2020,1,2020-04-01,,,,,,
213008,2020,2,2020-07-01,,,,,,
213008,2020,3,2020-10-01,,,,,,
213008,2020,4,2021-01-01,0.978293413173653,0.5787116890300691,440.33,657.5500000000001,561.1199999999999,
213008,2021,1,2021-04-01,,,,,,
213008,2021,2,2021-07-01,0.985737695881171,0.68496696735003,1528.7300000000002,438.28,997.735,
213008,2021,3,2021-10-01,,,,,,
213008,2021,4,2022-01-01,0.9060953523515096,-0.45180063139416343,5066.540000000001,1217.34,3467.56,
213008,2022,1,2022-04-01,,,,,,
213008,2022,2,2022-07-01,0.9941502530190016,0.8050428208852595,1466.65,5372.04,3439.465,0.5056229875269169
213008,2022,3,2022-10-01,,,,,,0.1299709002038621
213008,2022,4,2023-01-01,0.946029329817742,0.11819328968736438,2808.72,1367.64,2207.31,0.5996822268091464
213008,2023,1,2023-04-01,,,,,,0.32606842539303577
213008,2023,2,2023-07-01,0.9948331531995486,0.8147901332321547,2959.92,2912.6,2951.51,0.1630828687963092
213008,2023,3,2023-10-01,,,,,,0.2169841971718908
213008,2023,4,2024-01-01,0.9833619937287515,0.6510576031670001,4308.36,2914.07,3672.315,0.16339223767516736
213008,2024,1,2024-04-01,,,,,,0.12991349681285475
213008,2024,2,2024-07-01,0.8085368714563156,-1.8442925540239612,4072.13,3475.78,4667.635,0.24210920641568212
213008,2024,3,2024-10-01,,,,,,0.05730097674568757
213008,2024,4,2025-01-01,0.8426999293448795,-1.3566693179337515,4005.78,4199.960000000001,4868.719999999999,0.050250348242045384
213008,2025,1,2025-04-01,,,,,,0.0005445600857892363
213008,2025,2,2025-07-01,,,,,,0.056060757225679436
213008,2025,3,2025-10-01,,,,,,0.008579221244374546
213008,2025,4,2026-01-01,,,,,,1.4781658022262458
213008,2026,1,2026-04-01,,,,,,1.4781658022262458
213008,2026,2,2026-07-01,,,,,,1.2752766124762136
240005,2020,1,2020-04-01,,,,,,
240005,2020,2,2020-07-01,,,,,,
240005,2020,3,2020-10-01,,,,,,
240005,2020,4,2021-01-01,0.8637468067989575,-1.6807204089809449,7667.18,5066.4,7371.13,
240005,2021,1,2021-04-01,,,,,,
240005,2021,2,2021-07-01,0.9986823178684554,0.4874796945170286,4737.14,8662.679999999998,6708.75,
240005,2021,3,2021-10-01,,,,,,
240005,2021,4,2022-01-01,0.99933629477827,0.4979880684232498,8990.5,4741.42,6870.52,
240005,2022,1,2022-04-01,,,,,,
240005,2022,2,2022-07-01,1.0,0.5086527609051712,4798.96,8995.060000000001,6897.01,0.27581057707965134
240005,2022,3,2022-10-01,,,,,,0.134899950389119
240005,2022,4,2023-01-01,1.0,0.5086527609051712,5964.54,4798.96,5381.75,0.9557984159150483
240005,2023,1,2023-04-01,,,,,,0.23416207286677793
240005,2023,2,2023-07-01,1.0,0.5086527609051712,2456.77,5964.54,4210.655,0.34786508044803943
240005,2023,3,2023-10-01,,,,,,1.2362995157058687
240005,2023,4,2024-01-01,0.8535899364798964,-1.8439252399587693,7731.83,1652.0,5496.685,0.9807207204914135
240005,2024,1,2024-04-01,,,,,,0.7119760287096321
240005,2024,2,2024-07-01,0.9998546266909843,0.5063168419083458,4944.95,8535.62,6741.265,1.116286586135336
240005,2024,3,2024-10-01,,,,,,0.7195720533249851
240005,2024,4,2025-01-01,0.9998910907344224,0.5069027613755763,7357.22,4945.26,6151.91,0.16879355394954498
240005,2025,1,2025-04-01,,,,,,0.8085357285779557
240005,2025,2,2025-07-01,,,,,,0.35750299656917084
240005,2025,3,2025-10-01,,,,,,0.8250403435773758
240005,2025,4,2026-01-01,,,,,,0.12265805907399648
240005,2026,1,2026-04-01,,,,,,2.0
240005,2026,2,2026-07-01,,,,,,1.2620777530077312
240011,2020,1,2020-04-01,,,,,,
240011,2020,2,2020-07-01,,,,,,
240011,2020,3,2020-10-01,,,,,,
240011,2020,4,2021-01-01,0.8255878537628123,0.41531041474379976,7157.549999999999,10917.21,10946.6,
240011,2021,1,2021-04-01,,,,,,
240011,2021,2,2021-07-01,0.8032411701337786,0.03800436064153601,9354.7,7056.73,10215.755,
240011,2021,3,2021-10-01,,,,,,
240011,2021,4,2022-01-01,0.8952841193349206,1.5920766582372978,18051.69,9739.46,15520.855,
240011,2022,1,2022-04-01,,,,,,
240011,2022,2,2022-07-01,0.8748991517556919,1.2478926259217187,15507.05,17329.35,18765.82,0.015147845996707265
240011,2022,3,2022-10-01,,,,,,0.10406774406368724
240011,2022,4,2023-01-01,0.78681732981486,-0.23929917516749608,12321.11,14254.44,16888.004999999997,0.4446752829344663
240011,2023,1,2023-04-01,,,,,,0.44153741920920175
240011,2023,2,2023-07-01,0.7994830305935404,-0.025448848981509925,8085.95,13246.2,13341.215,0.05697130226399172
240011,2023,3,2023-10-01,,,,,,0.8618978376224231
240011,2023,4,2024-01-01,0.7697862329144434,-0.5268557573970244,7037.19,8445.89,10056.74,0.5332629547171153
240011,2024,1,2024-04-01,,,,,,0.4114351966206722
240011,2024,2,2024-07-01,0.7051681440197718,-1.6178810096989522,5943.71,6707.620000000001,8970.435,0.9570093826533073
240011,2024,3,2024-10-01,,,,,,0.10211550248192794
240011,2024,4,2025-01-01,0.7486455604421982,-0.8837992682993662,3723.27,6818.76,7040.735,0.09059376808352462
240011,2025,1,2025-04-01,,,,,,0.5261958800778855
240011,2025,2,2025-07-01,,,,,,0.03302293027018152
240011,2025,3,2025-10-01,,,,,,1.5100182008864884
240011,2025,4,2026-01-01,,,,,,2.0
240011,2026,1,2026-04-01,,,,,,0.0
240011,2026,2,2026-07-01,,,,,,0.7860361116156511
240017,2020,1,2020-04-01,,,,,,
240017,2020,2,2020-07-01,,,,,,
240017,2020,3,2020-10-01,,,,,,
240017,2020,4,2021-01-01,0.8297374351270145,-0.5770482579995062,9032.51,10408.570000000002,11715.2,
240017,2021,1,2021-04-01,,,,,,
240017,2021,2,2021-07-01,0.7687951057444269,-1.8087420203959819,17167.99,7341.690000000001,15940.32,
240017,2021,3,2021-10-01,,,,,,
240017,2021,4,2022-01-01,0.9174116431824942,1.194918391109897,23102.54,18960.16,22924.66,
240017,2022,1,2022-04-01,,,,,,
240017,2022,2,2022-07-01,0.8405090247355063,-0.3593457207600165,16714.059999999998,21381.44,22662.16,0.045723213676200525
240017,2022,3,2022-10-01,,,,,,0.041718778945210366
240017,2022,4,2023-01-01,0.9063481857993764,0.9713169701045006,15815.11,18552.87,18959.59,0.1513826435486888
240017,2023,1,2023-04-01,,,,,,0.10874186000069205
240017,2023,2,2023-07-01,0.818884898648136,-0.7963867969532551,10577.26,14785.89,15486.395,0.34626217844303275
240017,2023,3,2023-10-01,,,,,,1.544995961556275
240017,2023,4,2024-01-01,0.9127892160343616,1.1014954001745714,13150.86,12172.350000000002,13871.335,0.1421594993667752
240017,2024,1,2024-04-01,,,,,,0.17500307333596998
240017,2024,2,2024-07-01,0.8685691013751587,0.20777112100779918,8694.890000000001,12738.92,12338.575,0.2211572208381805
240017,2024,3,2024-10-01,,,,,,0.024149644381425972
240017,2024,4,2025-01-01,0.8615555172466954,0.06602091371199145,9606.71,8834.86,10702.485,0.055966336634752756
240017,2025,1,2025-04-01,,,,,,0.0302535192312407
240017,2025,2,2025-07-01,,,,,,0.2702037445552504
240017,2025,3,2025-10-01,,,,,,1.5972720392437654
240017,2025,4,2026-01-01,,,,,,0.3628847551851442
240017,2026,1,2026-04-01,,,,,,0.0
240017,2026,2,2026-07-01,,,,,,0.6821245449265819
240022,2020,1,2020-04-01,,,,,,
240022,2020,2,2020-07-01,,,,,,
240022,2020,3,2020-10-01,,,,,,
240022,2020,4,2021-01-01,0.8983908783362794,-2.65452289595454,936.0,14636.42,8666.84,
240022,2021,1,2021-04-01,,,,,,
240022,2021,2,2021-07-01,0.9966725430409756,0.301348899198755,1303.6799999999996,1811.43,1562.755,
240022,2021,3,2021-10-01,,,,,,
240022,2021,4,2022-01-01,0.9958330020934358,0.27609927186322436,1703.7899999999995,1302.5899999999997,1509.48,
240022,2022,1,2022-04-01,,,,,,
240022,2022,2,2022-07-01,1.0,0.40142388474483015,81.74000000000001,1710.08,895.91,0.1952836207093882
240022,2022,3,2022-10-01,,,,,,0.035566015460273825
240022,2022,4,2023-01-01,1.0000000000000002,0.4014238847448368,1115.98,81.74000000000001,598.8599999999999,0.05785731090042906
240022,2023,1,2023-04-01,,,,,,0.0978443698762308
240022,2023,2,2023-07-01,1.0,0.40142388474483015,1979.87,1115.98,1547.9249999999995,0.011095629667469409
240022,2023,3,2023-10-01,,,,,,0.18378707189524984
240022,2023,4,2024-01-01,0.9903097433176364,0.10998441329044065,1020.9200000000002,1965.26,1507.6999999999998,0.20316209799148166
240022,2024,1,2024-04-01,,,,,,0.0171377394402919
240022,2024,2,2024-07-01,0.9993419197142052,0.3816317804741906,1941.85,1034.55,1489.1799999999998,0.04159280523826964
240022,2024,3,2024-10-01,,,,,,0.169597496628284
240022,2024,4,2025-01-01,0.9993271268315708,0.3811868768934525,47.96000000000001,1942.16,995.73,0.16564246305332553
240022,2025,1,2025-04-01,,,,,,0.019988756172564737
240022,2025,2,2025-07-01,,,,,,0.0551927682240381
240022,2025,3,2025-10-01,,,,,,0.4086408897237673
240022,2025,4,2026-01-01,,,,,,0.4235030322611368
240022,2026,1,2026-04-01,,,,,,0.42350303226113684
240022,2026,2,2026-07-01,,,,,,2.0
257020,2020,1,2020-04-01,,,,,,
257020,2020,2,2020-07-01,,,,,,
257020,2020,3,2020-10-01,,,,,,
257020,2020,4,2021-01-01,0.957745473936408,-0.16441135453244468,1434.76,1115.63,1331.455,
257020,2021,1,2021-04-01,,,,,,
257020,2021,2,2021-07-01,0.9856892169914074,0.5684675642543408,1134.22,1472.1,1322.08,
257020,2021,3,2021-10-01,,,,,,
257020,2021,4,2022-01-01,0.9870100090574516,0.6031079007117518,579.9499999999999,1141.8099999999995,872.21,
257020,2022,1,2022-04-01,,,,,,
257020,2022,2,2022-07-01,0.9874863695522178,0.6156013796157713,1668.81,577.05,1137.16,0.6331608960587456
257020,2022,3,2022-10-01,,,,,,0.20161706395754497
257020,2022,4,2023-01-01,0.9029745539444896,-1.60088507767073,1300.12,1530.94,1567.63,0.3823504715031331
257020,2023,1,2023-04-01,,,,,,0.3252409312711067
257020,2023,2,2023-07-01,0.9583386229184728,-0.14885487078581203,1247.34,1394.79,1378.495,0.30098514892808786
257020,2023,3,2023-10-01,,,,,,0.32787448278910447
257020,2023,4,2024-01-01,0.900949927818954,-1.6539848289427597,953.53,1187.1,1187.985,0.26942073644387116
257020,2024,1,2024-04-01,,,,,,0.127041594111645
257020,2024,2,2024-07-01,0.9985963834943472,0.9069830670864896,1662.67,1069.2799999999995,1367.895,0.02357895003596444
257020,2024,3,2024-10-01,,,,,,0.23195801975015096
257020,2024,4,2025-01-01,0.9973378743149488,0.8739762202633783,1021.41,1661.01,1344.79,0.28307470675703916
257020,2025,1,2025-04-01,,,,,,0.458286726318182
257020,2025,2,2025-07-01,,,,,,0.06465512539759638
257020,2025,3,2025-10-01,,,,,,0.051056616148699274
257020,2025,4,2026-01-01,,,,,,0.3672047489059929
257020,2026,1,2026-04-01,,,,,,1.0484937768308522
257020,2026,2,2026-07-01,,,,,,1.1003413118261949
257030,2020,1,2020-04-01,,,,,,
257030,2020,2,2020-07-01,,,,,,
257030,2020,3,2020-10-01,,,,,,
257030,2020,4,2021-01-01,1.0,0.6463207762038252,399.05000000000007,3138.09,1768.5700000000002,
257030,2021,1,2021-04-01,,,,,,
257030,2021,2,2021-07-01,0.9789848953935644,0.47532060153167716,233.77,392.33,319.77,
257030,2021,3,2021-10-01,,,,,,
257030,2021,4,2022-01-01,0.9794603210748036,0.4791891463739732,194.15,235.98,219.575,
257030,2022,1,2022-04-01,,,,,,
257030,2022,2,2022-07-01,1.0,0.6463207762038252,1041.74,198.66,620.2,0.5945573200283649
257030,2022,3,2022-10-01,,,,,,0.37637683035449027
257030,2022,4,2023-01-01,0.9905588197081028,0.5694977715478664,1026.58,1031.9299999999998,1039.065,0.5807998838771309
257030,2023,1,2023-04-01,,,,,,0.10101008296578526
257030,2023,2,2023-07-01,0.6700707096360259,-2.038318074673943,2711.9,295.9000000000001,2244.39,0.22747547154285272
257030,2023,3,2023-10-01,,,,,,1.2956471591690708
257030,2023,4,2024-01-01,0.9981527756397868,0.6312898879845786,13811.63,3436.4300000000007,8639.99,0.3796003963539277
257030,2024,1,2024-04-01,,,,,,0.20629357096097364
257030,2024,2,2024-07-01,0.7544079654452174,-1.3520647466593438,7801.19,10799.87,12328.25,0.8606990174990405
257030,2024,3,2024-10-01,,,,,,0.336560418937986
257030,2024,4,2025-01-01,0.9134968895723176,-0.05755613851245558,6393.27,10050.35,9000.369999999999,0.03151368889304726
257030,2025,1,2025-04-01,,,,,,0.13588127088413746
257030,2025,2,2025-07-01,,,,,,0.23044182990627426
257030,2025,3,2025-10-01,,,,,,0.09071470510842511
257030,2025,4,2026-01-01,,,,,,1.8646449282125244
257030,2026,1,2026-04-01,,,,,,0.13535507178747547
257030,2026,2,2026-07-01,,,,,,0.0
257070,2020,1,2020-04-01,,,,,,
257070,2020,2,2020-07-01,,,,,,
257070,2020,3,2020-10-01,,,,,,
257070,2020,4,2021-01-01,0.9999999999999998,0.527665995042999,519.6399999999999,1431.12,975.38,
257070,2021,1,2021-04-01,,,,,,
257070,2021,2,2021-07-01,1.0,0.5276659950430049,1904.09,519.6399999999999,1211.865,
257070,2021,3,2021-10-01,,,,,,
257070,2021,4,2022-01-01,1.0000000000000002,0.5276659950430108,2372.02,1904.09,2138.055,
257070,2022,1,2022-04-01,,,,,,
257070,2022,2,2022-07-01,1.0,0.5276659950430049,781.71,2372.02,1576.865,0.773414599859483
257070,2022,3,2022-10-01,,,,,,0.5901069177869248
257070,2022,4,2023-01-01,1.0,0.5276659950430049,3012.16,781.71,1896.935,0.2357329139905932
257070,2023,1,2023-04-01,,,,,,0.5239284313225128
257070,2023,2,2023-07-01,1.0,0.5276659950430049,2261.19,3012.16,2636.675,0.16327304675698767
257070,2023,3,2023-10-01,,,,,,0.8930996365463265
257070,2023,4,2024-01-01,0.8875616850223863,-2.466115719554566,2359.41,1985.95,2447.92,0.48789720181214374
257070,2024,1,2024-04-01,,,,,,0.25282567007945606
257070,2024,2,2024-07-01,0.9656421176149266,-0.3871467185520544,1251.6799999999998,2566.72,1977.13,0.3238616904927572
257070,2024,3,2024-10-01,,,,,,0.41635954442619333
257070,2024,4,2025-01-01,0.9684368749114276,-0.31273353215141547,2916.85,1251.6799999999998,2152.195,0.41635954442619316
257070,2025,1,2025-04-01,,,,,,0.001632862353835085
257070,2025,2,2025-07-01,,,,,,0.21149188716338568
257070,2025,3,2025-10-01,,,,,,1.275971024210071
257070,2025,4,2026-01-01,,,,,,0.5989707101216999
257070,2026,1,2026-04-01,,,,,,0.10047661349360193
257070,2026,2,2026-07-01,,,,,,1.0003918848695816
260112,2020,1,2020-04-01,,,,,,
260112,2020,2,2020-07-01,,,,,,
260112,2020,3,2020-10-01,,,,,,
260112,2020,4,2021-01-01,1.0,1.2953337238964422,1315.58,1337.38,1326.48,
260112,2021,1,2021-04-01,,,,,,
260112,2021,2,2021-07-01,0.9965776332778494,1.272568650541398,1251.34,1311.1799999999998,1285.66,
260112,2021,3,2021-10-01,,,,,,
260112,2021,4,2022-01-01,0.9634820584109332,1.0524218191991197,8024.01,1083.15,4726.17,
260112,2022,1,2022-04-01,,,,,,
260112,2022,2,2022-07-01,0.83651928706292,0.2078843871377804,12409.78,6362.290000000001,11220.345,0.3050819227285615
260112,2022,3,2022-10-01,,,,,,0.028689558754706357
260112,2022,4,2023-01-01,0.7189025672130884,-0.574484503323661,10325.74,10226.11,14293.905,1.120086724892345
260112,2023,1,2023-04-01,,,,,,0.11860083875337202
260112,2023,2,2023-07-01,0.599451122353206,-1.3690577110985596,4708.270000000001,9572.55,11911.58,0.05412795376524959
260112,2023,3,2023-10-01,,,,,,0.23189788397873123
260112,2023,4,2024-01-01,0.6615566988152487,-0.9559406728907801,416.26,7463.780000000001,5955.68,0.8987389737608169
260112,2024,1,2024-04-01,,,,,,0.5553834379390838
260112,2024,2,2024-07-01,0.7407001856110575,-0.42948999452852876,5023.760000000001,1321.3,4283.15,1.5025283670057414
260112,2024,3,2024-10-01,,,,,,0.16812531618902773
260112,2024,4,2025-01-01,0.7302150281927245,-0.49923569893321157,4924.67,4409.990000000002,6391.719999999999,0.08865242868271189
260112,2025,1,2025-04-01,,,,,,0.08865242868271189
260112,2025,2,2025-07-01,,,,,,0.0
260112,2025,3,2025-10-01,,,,,,0.0
260112,2025,4,2026-01-01,,,,,,0.34589272625626954
260112,2026,1,2026-04-01,,,,,,0.34589272625626954
260112,2026,2,2026-07-01,,,,,,0.06398913008641219
260117,2020,1,2020-04-01,,,,,,
260117,2020,2,2020-07-01,,,,,,
260117,2020,3,2020-10-01,,,,,,
260117,2020,4,2021-01-01,0.8986501276906238,0.7689850318343899,13581.589999999998,3168.17,9319.4,
260117,2021,1,2021-04-01,,,,,,
260117,2021,2,2021-07-01,0.7571614617263017,0.16560123763993556,646.25,12429.3,8634.585000000001,
260117,2021,3,2021-10-01,,,,,,
260117,2021,4,2022-01-01,0.3475295662138558,-1.5812895514759313,890.5400000000001,983.68,2696.49,
260117,2022,1,2022-04-01,,,,,,
260117,2022,2,2022-07-01,0.9477424049974912,0.9783409144782571,5968.1,2418.7,4424.62,0.5321127558015711
260117,2022,3,2022-10-01,,,,,,0.49286151425401714
260117,2022,4,2023-01-01,0.5255215538428016,-0.8222359544984379,2832.21,3390.27,5920.29,0.688404428480187
260117,2023,1,2023-04-01,,,,,,0.1258668243569599
260117,2023,2,2023-07-01,0.7121057279595228,-0.026540651642344523,7677.569999999999,3401.67,7779.21,0.0415524410303057
260117,2023,3,2023-10-01,,,,,,0.2524392953434427
260117,2023,4,2024-01-01,0.4241622892512597,-1.2544863911618664,3726.92,4400.389999999999,9580.425,0.8327680945519178
260117,2024,1,2024-04-01,,,,,,0.13026070076166202
260117,2024,2,2024-07-01,0.8726320445543558,0.6580299273146628,70.22000000000008,8610.2,4973.700000000001,1.2974926062097443
260117,2024,3,2024-10-01,,,,,,0.16644563502301937
260117,2024,4,2025-01-01,0.9794585071098116,1.1135954375113337,10632.54,586.07,5726.945,0.024574826519984258
260117,2025,1,2025-04-01,,,,,,0.05406290614098809
260117,2025,2,2025-07-01,,,,,,0.23700001531207973
260117,2025,3,2025-10-01,,,,,,0.49486159558046894
260117,2025,4,2026-01-01,,,,,,0.12332595727835474
260117,2026,1,2026-04-01,,,,,,0.05933237366961852
260117,2026,2,2026-07-01,,,,,,1.064161528339099
270028,2020,1,2020-04-01,,,,,,
270028,2020,2,2020-07-01,,,,,,
270028,2020,3,2020-10-01,,,,,,
270028,2020,4,2021-01-01,1.0,0.8249076903355496,1229.54,4232.81,2731.175,
270028,2021,1,2021-04-01,,,,,,
270028,2021,2,2021-07-01,0.9971311611073718,0.8015313801077183,2390.42,1224.34,1812.58,
270028,2021,3,2021-10-01,,,,,,
270028,2021,4,2022-01-01,0.6711076574465685,-1.855023012933635,421.55,1841.17,1685.8100000000002,
270028,2022,1,2022-04-01,,,,,,
270028,2022,2,2022-07-01,0.963096811748869,0.5242075084009038,642.75,945.5699999999996,824.59,0.16575172742388808
270028,2022,3,2022-10-01,,,,,,0.06083465184508613
270028,2022,4,2023-01-01,0.9999999999999998,0.8249076903355478,0.0,673.18,336.59000000000003,1.2223828995660453
270028,2023,1,2023-04-01,,,,,,0.16748788240086762
270028,2023,2,2023-07-01,1.0,0.8249076903355496,963.92,0.0,481.96,0.23508659332610254
270028,2023,3,2023-10-01,,,,,,0.4189024259934426
270028,2023,4,2024-01-01,0.8724901978663263,-0.21408710976471626,7763.710000000001,369.5999999999999,4660.975,0.7154587668626563
270028,2024,1,2024-04-01,,,,,,0.26739513654019076
270028,2024,2,2024-07-01,0.8129871725901994,-0.6989387275824482,6689.41,6805.860000000001,8299.805,0.15706010199054093
270028,2024,3,2024-10-01,,,,,,0.26380304072464533
270028,2024,4,2025-01-01,0.7720617970089216,-1.032413109234466,7070.119999999999,5874.159999999999,8382.93,0.3636523380718028
270028,2025,1,2025-04-01,,,,,,0.015475165811704328
270028,2025,2,2025-07-01,,,,,,0.4826964276623937
270028,2025,3,2025-10-01,,,,,,0.6231102847746524
270028,2025,4,2026-01-01,,,,,,0.8138629183162684
270028,2026,1,2026-04-01,,,,,,0.4076501476305407
270028,2026,2,2026-07-01,,,,,,0.30054429270880667
290008,2020,1,2020-04-01,,,,,,
290008,2020,2,2020-07-01,,,,,,
290008,2020,3,2020-10-01,,,,,,
290008,2020,4,2021-01-01,0.8796891430826057,1.2666531527147653,4811.53,5176.83,5677.21,
290008,2021,1,2021-04-01,,,,,,
290008,2021,2,2021-07-01,0.8240041757162636,1.0752464517911442,4814.21,4499.88,5651.725,
290008,2021,3,2021-10-01,,,,,,
290008,2021,4,2022-01-01,0.9315854915970748,1.4450371821744112,6564.469999999999,5370.64,6405.805,
290008,2022,1,2022-04-01,,,,,,
290008,2022,2,2022-07-01,0.4794433713110708,-0.109117119887094,5343.59,2658.55,8345.24,0.24937091329367989
290008,2022,3,2022-10-01,,,,,,0.04952590680512148
290008,2022,4,2023-01-01,0.3229395880700001,-0.6470697173118919,3334.4900000000007,3023.17,9843.42,0.15806486697820288
290008,2023,1,2023-04-01,,,,,,0.007925048970202075
290008,2023,2,2023-07-01,0.224315419982441,-0.9860719209189371,1303.4999999999998,2838.15,9231.755,0.00968708321762446
290008,2023,3,2023-10-01,,,,,,0.058461996478748945
290008,2023,4,2024-01-01,0.2287703474073142,-0.9707589378720162,129.0,3070.82,6993.52,0.667537914733388
290008,2024,1,2024-04-01,,,,,,0.03913026805568069
290008,2024,2,2024-07-01,0.4534880190616601,-0.19833380762772537,461.64,3272.53,4117.165,1.4803623636813166
290008,2024,3,2024-10-01,,,,,,0.4805446349759433
290008,2024,4,2025-01-01,0.2564587294577915,-0.8755852830626569,731.0899999999999,674.35,2740.09,0.33324898957206606
290008,2025,1,2025-04-01,,,,,,0.1677850656704036
290008,2025,2,2025-07-01,,,,,,0.7894424197841918
290008,2025,3,2025-10-01,,,,,,0.951884250718141
290008,2025,4,2026-01-01,,,,,,1.2032902285420821
290008,2026,1,2026-04-01,,,,,,0.6488767248446423
290008,2026,2,2026-07-01,,,,,,0.41552284846968296
290014,2020,1,2020-04-01,,,,,,
290014,2020,2,2020-07-01,,,,,,
290014,2020,3,2020-10-01,,,,,,
290014,2020,4,2021-01-01,0.680464253137483,0.30496384380108377,3070.5400000000004,3852.34,5086.88,
290014,2021,1,2021-04-01,,,,,,
290014,2021,2,2021-07-01,0.9968551728187118,1.7186114011928817,745.67,4687.41,2725.11,
290014,2021,3,2021-10-01,,,,,,
290014,2021,4,2022-01-01,0.9534834078350136,1.5248245830036942,7756.549999999999,551.5799999999999,4356.725,
290014,2022,1,2022-04-01,,,,,,
290014,2022,2,2022-07-01,0.5334837351259022,-0.3517511165416285,5390.639999999999,3897.92,8705.57,0.03458805334586962
290014,2022,3,2022-10-01,,,,,,0.3051987071014728
290014,2022,4,2023-01-01,0.5852904659217147,-0.12027652643726555,7529.86,5009.52,10712.1,0.009956856628845157
290014,2023,1,2023-04-01,,,,,,0.01377524901972188
290014,2023,2,2023-07-01,0.5020901150269385,-0.4920190939390188,791.2,7741.46,8497.14,0.02261476490382497
290014,2023,3,2023-10-01,,,,,,0.03264033666171129
290014,2023,4,2024-01-01,0.4351899080805021,-0.7909319522287583,5093.2300000000005,1041.22,7048.015,1.0669910450293685
290014,2024,1,2024-04-01,,,,,,0.0016414707494390164
290014,2024,2,2024-07-01,0.4304078095970727,-0.8122985636571713,1004.19,5060.849999999999,7045.6900000000005,1.573332421147068
290014,2024,3,2024-10-01,,,,,,0.4927353534987065
290014,2024,4,2025-01-01,0.3926230138075874,-0.9811225751938172,3772.02,1183.97,6311.385,0.40700891011009216
290014,2025,1,2025-04-01,,,,,,0.14823206855095472
290014,2025,2,2025-07-01,,,,,,1.0051380186768553
290014,2025,3,2025-10-01,,,,,,1.0585079036316731
290014,2025,4,2026-01-01,,,,,,1.0585079036316734
290014,2026,1,2026-04-01,,,,,,0.3970786362758073
290014,2026,2,2026-07-01,,,,,,0.25379395549735323
310358,2020,1,2020-04-01,,,,,,
310358,2020,2,2020-07-01,,,,,,
310358,2020,3,2020-10-01,,,,,,
310358,2020,4,2021-01-01,1.0,0.5021723571647351,2887.94,5688.789999999999,4288.365,
310358,2021,1,2021-04-01,,,,,,
310358,2021,2,2021-07-01,0.6540756410339348,-1.9255646988346393,947.39,2085.84,2318.715,
310358,2021,3,2021-10-01,,,,,,
310358,2021,4,2022-01-01,0.70194075587334,-1.5896418013185116,83.33000000000001,1428.51,1076.9,
310358,2022,1,2022-04-01,,,,,,
310358,2022,2,2022-07-01,1.0,0.5021723571647351,0.07,404.31,202.19000000000003,0.5304359235284195
310358,2022,3,2022-10-01,,,,,,0.32918104047266783
310358,2022,4,2023-01-01,1.0,0.5021723571647351,1869.55,0.07,934.81,0.314823021940554
310358,2023,1,2023-04-01,,,,,,0.04592103448660488
310358,2023,2,2023-07-01,1.0,0.5021723571647351,0.0,1869.55,934.775,0.14092249141455895
310358,2023,3,2023-10-01,,,,,,0.04332675827596906
310358,2023,4,2024-01-01,1.0,0.5021723571647351,798.67,0.0,399.335,0.16292020975675967
310358,2024,1,2024-04-01,,,,,,0.1096374781094438
310358,2024,2,2024-07-01,1.0,0.5021723571647351,1652.3300000000002,798.67,1225.5,0.49244459692565756
310358,2024,3,2024-10-01,,,,,,0.4023308118104396
310358,2024,4,2025-01-01,1.0,0.5021723571647351,970.92,1652.3300000000002,1311.625,0.09794286044606718
310358,2025,1,2025-04-01,,,,,,0.11466255234957766
310358,2025,2,2025-07-01,,,,,,0.3692903544009577
310358,2025,3,2025-10-01,,,,,,0.046758368279081475
310358,2025,4,2026-01-01,,,,,,0.1991231490654179
310358,2026,1,2026-04-01,,,,,,1.2331946173940285
310358,2026,2,2026-07-01,,,,,,1.3493453302575524
320005,2020,1,2020-04-01,,,,,,
320005,2020,2,2020-07-01,,,,,,
320005,2020,3,2020-10-01,,,,,,
320005,2020,4,2021-01-01,0.7216396711606851,-0.11182793717119291,11016.279999999995,14880.64,17943.11,
320005,2021,1,2021-04-01,,,,,,
320005,2021,2,2021-07-01,0.926670853887006,0.928772782411611,10753.37,14992.279999999995,13891.475,
320005,2021,3,2021-10-01,,,,,,
320005,2021,4,2022-01-01,0.8447871292387303,0.5131859352886871,12281.32,9748.270000000002,13038.545,
320005,2022,1,2022-04-01,,,,,,
320005,2022,2,2022-07-01,0.616684895662699,-0.6445079590810274,8147.66,8981.54,13888.13,0.048938711316557026
320005,2022,3,2022-10-01,,,,,,0.08971435111204498
320005,2022,4,2023-01-01,0.5907791132775619,-0.7759883292026425,6486.51,8337.16,12545.865,0.24296236881731575
320005,2023,1,2023-04-01,,,,,,0.10674340762759585
320005,2023,2,2023-07-01,0.5740688916841065,-0.8607982024293339,7081.61,6559.88,11881.405,0.3694049430537756
320005,2023,3,2023-10-01,,,,,,0.17918035138540703
320005,2023,4,2024-01-01,0.4541946631575004,-1.4691993578317608,4748.63,5802.58,11615.295,0.1438723996993238
320005,2024,1,2024-04-01,,,,,,0.49161114982353743
320005,2024,2,2024-07-01,0.9993889840913528,1.297841221715137,1051.6799999999998,11084.61,6071.855,0.8037177450686392
320005,2024,3,2024-10-01,,,,,,0.7669124993891632
320005,2024,4,2025-01-01,0.9648455341209264,1.1225218463005227,1031.0499999999995,1018.06,1061.885,0.7347658283231313
320005,2025,1,2025-04-01,,,,,,0.28083949259000335
320005,2025,2,2025-07-01,,,,,,1.473923373386325
320005,2025,3,2025-10-01,,,,,,0.9219166459661045
320005,2025,4,2026-01-01,,,,,,2.0
320005,2026,1,2026-04-01,,,,,,1.5832951084202658
320005,2026,2,2026-07-01,,,,,,0.41670489157973434
320007,2020,1,2020-04-01,,,,,,
320007,2020,2,2020-07-01,,,,,,
320007,2020,3,2020-10-01,,,,,,
320007,2020,4,2021-01-01,0.8705536955216975,0.4191972542886274,2026.78,380.98,1382.89,
320007,2021,1,2021-04-01,,,,,,
320007,2021,2,2021-07-01,0.6388507166521719,-0.45166468214225935,3381.4700000000003,974.54,3409.255,
320007,2021,3,2021-10-01,,,,,,
320007,2021,4,2022-01-01,0.3942781001465266,-1.370897501017718,4574.52,621.47,6589.245000000001,
320007,2022,1,2022-04-01,,,,,,
320007,2022,2,2022-07-01,0.2810293770801121,-1.7965459011769545,3654.93,1706.97,9539.75,1.005585599527172
320007,2022,3,2022-10-01,,,,,,0.7394747237770449
320007,2022,4,2023-01-01,0.9981977068618972,0.8989507362329746,551.07,10503.75,5537.389999999999,0.7444205326388194
320007,2023,1,2023-04-01,,,,,,0.027025444238949328
320007,2023,2,2023-07-01,0.7735021270052792,0.05442629923130739,2034.16,229.61,1463.3249999999998,0.34145575167282755
320007,2023,3,2023-10-01,,,,,,1.1566296977896677
320007,2023,4,2024-01-01,0.9616635694264436,0.7616361888408699,1123.15,2297.4200000000005,1778.465,0.5473984623291814
320007,2024,1,2024-04-01,,,,,,0.33795261164882906
320007,2024,2,2024-07-01,0.9829716193656092,0.8417230730152726,55.86,1180.62,628.95,0.12266521798328892
320007,2024,3,2024-10-01,,,,,,0.6449595723587046
320007,2024,4,2025-01-01,0.9301454636797518,0.6431745327278785,1623.8900000000003,5.389999999999997,875.8199999999999,0.6324710449902345
320007,2025,1,2025-04-01,,,,,,0.278363174354867
320007,2025,2,2025-07-01,,,,,,0.9524284191249532
320007,2025,3,2025-10-01,,,,,,0.36758084311776124
320007,2025,4,2026-01-01,,,,,,0.09651631592777346
320007,2026,1,2026-04-01,,,,,,0.12724457685043694
320007,2026,2,2026-07-01,,,,,,0.25829526066932046
340007,2020,1,2020-04-01,,,,,,
340007,2020,2,2020-07-01,,,,,,
340007,2020,3,2020-10-01,,,,,,
340007,2020,4,2021-01-01,1.0,0.7831543957592709,1338.02,967.48,1152.75,
340007,2021,1,2021-04-01,,,,,,
340007,2021,2,2021-07-01,0.9898614032249368,0.4039626455455265,137.9,1330.5,741.72,
340007,2021,3,2021-10-01,,,,,,
340007,2021,4,2022-01-01,0.9797454127879988,0.025616390730190154,664.87,137.13,409.29,
340007,2022,1,2022-04-01,,,,,,
340007,2022,2,2022-07-01,1.0,0.7831543957592709,319.55,673.16,496.355,0.05472322754734426
340007,2022,3,2022-10-01,,,,,,0.021310896401648016
340007,2022,4,2023-01-01,0.9737293338131628,-0.19938984696762094,612.8199999999999,307.14,472.39,0.06543231150329845
340007,2023,1,2023-04-01,,,,,,0.004461083870724941
340007,2023,2,2023-07-01,0.9999999999999996,0.7831543957592543,157.68,625.2299999999998,391.455,0.01595794156360536
340007,2023,3,2023-10-01,,,,,,0.20626530942537194
340007,2023,4,2024-01-01,0.9301068614102406,-1.830905728908955,76.22,149.21,121.185,0.5460629333113318
340007,2024,1,2024-04-01,,,,,,0.3482068791841486
340007,2024,2,2024-07-01,0.9402295982031444,-1.4523071549035946,70.79999999999998,79.90000000000002,80.14,0.592927221902353
340007,2024,3,2024-10-01,,,,,,0.0910536816454024
340007,2024,4,2025-01-01,0.9978718673569864,0.7035605072266744,553.4000000000001,74.92,314.83000000000004,0.21017302481902217
340007,2025,1,2025-04-01,,,,,,0.20533137924660647
340007,2025,2,2025-07-01,,,,,,0.42219139667252115
340007,2025,3,2025-10-01,,,,,,0.747974469083511
340007,2025,4,2026-01-01,,,,,,1.6353734464844247
340007,2026,1,2026-04-01,,,,,,0.26227994486331274
340007,2026,2,2026-07-01,,,,,,0.12650102478458541
360016,2020,1,2020-04-01,,,,,,
360016,2020,2,2020-07-01,,,,,,
360016,2020,3,2020-10-01,,,,,,
360016,2020,4,2021-01-01,0.9782105999193416,0.9257941128838513,3279.06,3464.0,3446.63,
360016,2021,1,2021-04-01,,,,,,
360016,2021,2,2021-07-01,0.9746616959543613,0.8779762426627858,3693.22,3263.73,3568.905,
360016,2021,3,2021-10-01,,,,,,
360016,2021,4,2022-01-01,0.9911889401579214,1.1006640432446415,7380.130000000001,3734.250000000001,5606.59,
360016,2022,1,2022-04-01,,,,,,
360016,2022,2,2022-07-01,0.9250874172485352,0.21001327470141734,5747.78,6916.749999999998,6845.045,0.45398043905269847
360016,2022,3,2022-10-01,,,,,,0.3840008254289065
360016,2022,4,2023-01-01,0.889450619561654,-0.27015631672766427,6592.219999999999,5508.56,6802.389999999999,0.43369499418826607
360016,2023,1,2023-04-01,,,,,,0.16758884678847683
360016,2023,2,2023-07-01,0.9207428181908958,0.1514742226586506,9294.57,6657.639999999999,8662.685,0.16066749510799447
360016,2023,3,2023-10-01,,,,,,0.10835373555823863
360016,2023,4,2024-01-01,0.834850591683027,-1.0058361415214652,10201.389999999998,8164.579999999999,10999.555,0.27893650970431194
360016,2024,1,2024-04-01,,,,,,0.44808420322765763
360016,2024,2,2024-07-01,0.7609050910267864,-2.0021765296253276,7948.89,9306.87,11338.97,1.125883817532538
360016,2024,3,2024-10-01,,,,,,1.2014144624422218
360016,2024,4,2025-01-01,0.9104097833918616,0.01224709172311176,11413.419999999998,9624.83,11554.275,0.3380741593760177
360016,2025,1,2025-04-01,,,,,,0.25042705803563126
360016,2025,2,2025-07-01,,,,,,0.04142657554036674
360016,2025,3,2025-10-01,,,,,,0.2307041659773954
360016,2025,4,2026-01-01,,,,,,0.009404637283027706
360016,2026,1,2026-04-01,,,,,,0.06982923781643165
360016,2026,2,2026-07-01,,,,,,0.035015862792576485
370024,2020,1,2020-04-01,,,,,,
370024,2020,2,2020-07-01,,,,,,
370024,2020,3,2020-10-01,,,,,,
370024,2020,4,2021-01-01,0.9295863941042708,-0.3373324795977538,17489.269999999997,13742.230000000003,16798.6,
370024,2021,1,2021-04-01,,,,,,
370024,2021,2,2021-07-01,0.90715870606096,-1.2154541514391957,14969.740000000003,17034.42,17639.78,
370024,2021,3,2021-10-01,,,,,,
370024,2021,4,2022-01-01,0.9821793319840494,1.7218632096261635,23747.640000000003,16244.630000000005,20358.945,
370024,2022,1,2022-04-01,,,,,,
370024,2022,2,2022-07-01,0.9143819990485088,-0.932637210960183,23090.61,21999.450000000004,24656.03,0.008538901000166299
370024,2022,3,2022-10-01,,,,,,0.03424079577817801
370024,2022,4,2023-01-01,0.958781349396234,0.8057511454645853,13768.58,24381.56,19895.12,0.05238582413965448
370024,2023,1,2023-04-01,,,,,,0.0028891732962907923
370024,2023,2,2023-07-01,0.9573564345754292,0.7499607946152023,13171.009999999998,13983.85,14182.21,0.029895888510211577
370024,2023,3,2023-10-01,,,,,,0.35793479343075507
370024,2023,4,2024-01-01,0.9269419507663326,-0.4408715960914345,17689.379999999997,12582.82,16329.07,0.6883595920708853
370024,2024,1,2024-04-01,,,,,,0.7071184329075408
370024,2024,2,2024-07-01,0.9527134378498402,0.5681713904129008,23224.83,17862.69,21563.42,0.558437890572985
370024,2024,3,2024-10-01,,,,,,0.02035719991980292
370024,2024,4,2025-01-01,0.9147187791862376,-0.9194511020302629,12319.2,22615.95,19096.115,0.337193018499447
370024,2025,1,2025-04-01,,,,,,0.3408946668072184
370024,2025,2,2025-07-01,,,,,,0.6270014081181167
370024,2025,3,2025-10-01,,,,,,0.1552949301111045
370024,2025,4,2026-01-01,,,,,,0.451891436004006
370024,2026,1,2026-04-01,,,,,,2.0
370024,2026,2,2026-07-01,,,,,,2.0
370027,2020,1,2020-04-01,,,,,,
370027,2020,2,2020-07-01,,,,,,
370027,2020,3,2020-10-01,,,,,,
370027,2020,4,2021-01-01,0.6757493102812134,-2.4219882516751965,4360.54,2122.93,4797.245,
370027,2021,1,2021-04-01,,,,,,
370027,2021,2,2021-07-01,0.8715687945340151,0.05173580209377165,7371.919999999999,5004.2,7099.91,
370027,2021,3,2021-10-01,,,,,,
370027,2021,4,2022-01-01,0.8896524198627913,0.28018037759570785,8381.84,7310.57,8819.404999999999,
370027,2022,1,2022-04-01,,,,,,
370027,2022,2,2022-07-01,0.8393866672294789,-0.35481057769298585,12868.77,7414.48,12082.185,0.054454526351148724
370027,2022,3,2022-10-01,,,,,,0.02329595657081507
370027,2022,4,2023-01-01,0.922234391716816,0.6917778639340529,11700.81,13736.839999999998,13791.315,0.08425872438919724
370027,2023,1,2023-04-01,,,,,,0.08722100623000231
370027,2023,2,2023-07-01,0.877452200614485,0.12605896352422433,8571.21,11380.07,11368.87,0.029756349247889897
370027,2023,3,2023-10-01,,,,,,1.8830226445221079
370027,2023,4,2024-01-01,0.955240621607654,1.1087348644937463,12243.75,9456.05,11358.29,0.8307917776548756
370027,2024,1,2024-04-01,,,,,,0.39859723237173966
370027,2024,2,2024-07-01,0.9026744351527536,0.44468327460947155,9641.91,11606.64,11769.775,0.012918236270220373
370027,2024,3,2024-10-01,,,,,,0.00571573543387327
370027,2024,4,2025-01-01,0.8733017513061345,0.07362768311721068,9743.64,9398.82,10959.82,0.07301499162858055
370027,2025,1,2025-04-01,,,,,,0.049776804457684176
370027,2025,2,2025-07-01,,,,,,0.29591160200573136
370027,2025,3,2025-10-01,,,,,,1.1647461660218912
370027,2025,4,2026-01-01,,,,,,0.8352538339781088
370027,2026,1,2026-04-01,,,,,,0.9765698288876231
370027,2026,2,2026-07-01,,,,,,0.9765698288876231
375010,2020,1,2020-04-01,,,,,,
375010,2020,2,2020-07-01,,,,,,
375010,2020,3,2020-10-01,,,,,,
375010,2020,4,2021-01-01,0.546679355145689,0.22461680487567712,1509.44,5269.22,6199.85,
375010,2021,1,2021-04-01,,,,,,
375010,2021,2,2021-07-01,0.4848688671810567,-1.4716150127778937,3781.9300000000007,1509.25,5456.3,
375010,2021,3,2021-10-01,,,,,,
375010,2021,4,2022-01-01,0.5383410583889425,-0.004206566846026345,5242.71,3040.83,7693.58,
375010,2022,1,2022-04-01,,,,,,
375010,2022,2,2022-07-01,0.5144052130160789,-0.6610650360287788,5189.209999999999,4310.63,9233.81,0.036332964684957426
375010,2022,3,2022-10-01,,,,,,0.16749075233305505
375010,2022,4,2023-01-01,0.5395173193480514,0.028072926981069137,9936.04,3807.84,12737.2,0.10101174063394308
375010,2023,1,2023-04-01,,,,,,0.01048387770064002
375010,2023,2,2023-07-01,0.5701605387970097,0.8689982381419423,3777.44,10441.52,12469.259999999998,0.041450903979309006
375010,2023,3,2023-10-01,,,,,,0.7782287416322047
375010,2023,4,2024-01-01,0.5055530648993608,-0.903989752927164,6092.33,4135.6,10115.585,1.0970077331173789
375010,2024,1,2024-04-01,,,,,,0.4836111867254982
375010,2024,2,2024-07-01,0.6092776923614164,1.942469143758375,5265.789999999999,7121.909999999999,10165.89,0.06855746401626532
375010,2024,3,2024-10-01,,,,,,0.021850014890312353
375010,2024,4,2025-01-01,0.5376459975736088,-0.023280745177185674,4501.16,5106.660000000001,8935.08,0.02194450182627211
375010,2025,1,2025-04-01,,,,,,0.03530437200772202
375010,2025,2,2025-07-01,,,,,,0.1747628317653795
375010,2025,3,2025-10-01,,,,,,0.09917921423523246
375010,2025,4,2026-01-01,,,,,,2.0
375010,2026,1,2026-04-01,,,,,,1.4520126108557707
375010,2026,2,2026-07-01,,,,,,1.4520126108557707
377010,2020,1,2020-04-01,,,,,,
377010,2020,2,2020-07-01,,,,,,
377010,2020,3,2020-10-01,,,,,,
377010,2020,4,2021-01-01,0.8902886706971826,1.5263361316186004,8042.049999999999,4719.330000000002,7166.99,
377010,2021,1,2021-04-01,,,,,,
377010,2021,2,2021-07-01,0.842082995472227,1.087767640779655,7085.23,7464.12,8638.905,
377010,2021,3,2021-10-01,,,,,,
377010,2021,4,2022-01-01,0.785942206023167,0.5770065905862363,11302.4,6082.06,11059.63,
377010,2022,1,2022-04-01,,,,,,
377010,2022,2,2022-07-01,0.7171048278711848,-0.04926624779930665,7481.42,10185.11,12317.955,0.8057356442311733
377010,2022,3,2022-10-01,,,,,,0.3644180607537332
377010,2022,4,2023-01-01,0.5676886147925713,-1.4086340560700203,8652.98,5555.879999999999,12514.66,1.077921617982883
377010,2023,1,2023-04-01,,,,,,0.39558783824515775
377010,2023,2,2023-07-01,0.6536108487338584,-0.6269255893118767,5754.39,9911.930000000002,11984.44,0.3106295325555142
377010,2023,3,2023-10-01,,,,,,0.5059370636033205
377010,2023,4,2024-01-01,0.7868059834031464,0.584865116375795,10859.659999999998,7428.039999999999,11621.48,0.3685968579643997
377010,2024,1,2024-04-01,,,,,,0.16752977609880598
377010,2024,2,2024-07-01,0.625810451926995,-0.8798497111173116,14771.29,6867.94,17288.965,0.1511564884821771
377010,2024,3,2024-10-01,,,,,,0.21012366577520658
377010,2024,4,2025-01-01,0.6333451727349038,-0.8112998750617713,17548.670000000002,12533.179999999998,23748.385,0.03582695195655705
377010,2025,1,2025-04-01,,,,,,0.006190996602588317
377010,2025,2,2025-07-01,,,,,,0.035493869818289336
377010,2025,3,2025-10-01,,,,,,0.035179134248913335
377010,2025,4,2026-01-01,,,,,,1.2718874494325758
377010,2026,1,2026-04-01,,,,,,0.7281125505674241
377010,2026,2,2026-07-01,,,,,,0.41520577724060237
377240,2020,1,2020-04-01,,,,,,
377240,2020,2,2020-07-01,,,,,,
377240,2020,3,2020-10-01,,,,,,
377240,2020,4,2021-01-01,0.5476768492844453,0.04576348749249035,1426.64,4159.16,5099.54,
377240,2021,1,2021-04-01,,,,,,
377240,2021,2,2021-07-01,0.5722019883846835,0.19750531160800494,2336.08,2081.8,3860.42,
377240,2021,3,2021-10-01,,,,,,
377240,2021,4,2022-01-01,0.7402474637497679,1.2372354783579653,4259.96,2756.52,4739.28,
377240,2022,1,2022-04-01,,,,,,
377240,2022,2,2022-07-01,0.4109046501804616,-0.8004728129624673,4629.8,1265.26,7173.27,0.07087236576828346
377240,2022,3,2022-10-01,,,,,,0.09059752405534299
377240,2022,4,2023-01-01,0.3571403167103338,-1.1331232415601487,3736.7,2890.76,9278.51,0.29106785784053457
377240,2023,1,2023-04-01,,,,,,0.005944531230938854
377240,2023,2,2023-07-01,0.4615027311794872,-0.4874126066102789,5165.43,4223.7,10172.345,0.02804483486670023
377240,2023,3,2023-10-01,,,,,,1.0428315619043906
377240,2023,4,2024-01-01,0.3539125919614124,-1.1530938047908939,3593.560000000001,3849.42,10515.28,1.2334116909789248
377240,2024,1,2024-04-01,,,,,,0.41062203348627696
377240,2024,2,2024-07-01,0.8080887132249148,1.6569825347787175,3382.24,8925.84,7615.55,0.008950826793580391
377240,2024,3,2024-10-01,,,,,,0.023610465669922143
377240,2024,4,2025-01-01,0.6108479874951153,0.43661565368661537,5461.650000000001,2354.15,6397.5,0.02332529315423082
377240,2025,1,2025-04-01,,,,,,0.029672170303197798
377240,2025,2,2025-07-01,,,,,,0.12212560706919035
377240,2025,3,2025-10-01,,,,,,0.21434767258924217
377240,2025,4,2026-01-01,,,,,,1.797506780193908
377240,2026,1,2026-04-01,,,,,,1.1490020865805186
377240,2026,2,2026-07-01,,,,,,1.17926241128461
378010,2020,1,2020-04-01,,,,,,
378010,2020,2,2020-07-01,,,,,,
378010,2020,3,2020-10-01,,,,,,
378010,2020,4,2021-01-01,1.0,0.5205359393634461,1181.9800000000002,2126.84,1654.41,
378010,2021,1,2021-04-01,,,,,,
378010,2021,2,2021-07-01,0.9908503823426098,0.34115868734837734,3607.14,1159.9700000000005,2405.565,
378010,2021,3,2021-10-01,,,,,,
378010,2021,4,2022-01-01,0.9978282131474918,0.47795829599594253,1743.07,3623.31,2689.03,
378010,2022,1,2022-04-01,,,,,,
378010,2022,2,2022-07-01,1.0000000000000002,0.5205359393634504,2335.32,1748.91,2042.115,0.06640865997516542
378010,2022,3,2022-10-01,,,,,,0.2738315900007193
378010,2022,4,2023-01-01,1.0,0.5205359393634461,6499.44,2335.32,4417.38,0.44608297616020975
378010,2023,1,2023-04-01,,,,,,0.037471731182937784
378010,2023,2,2023-07-01,1.0,0.5205359393634461,9726.58,6499.44,8113.01,0.15266480008817004
378010,2023,3,2023-10-01,,,,,,0.817733824028519
378010,2023,4,2024-01-01,1.0,0.5205359393634461,15241.41,9726.58,12483.995,0.7903149631808046
378010,2024,1,2024-04-01,,,,,,0.3919977129414058
378010,2024,2,2024-07-01,0.9102678709602244,-1.238652622096906,16235.43,13762.83,16477.71,0.694928545756319
378010,2024,3,2024-10-01,,,,,,0.1499800455678214
378010,2024,4,2025-01-01,0.8620915530452964,-2.1831440580646313,9547.69,15694.98,14640.364999999998,0.31019965772895286
378010,2025,1,2025-04-01,,,,,,0.2516890822166413
378010,2025,2,2025-07-01,,,,,,0.6270457072626104
378010,2025,3,2025-10-01,,,,,,0.25867725234794153
378010,2025,4,2026-01-01,,,,,,0.45696719440717903
378010,2026,1,2026-04-01,,,,,,2.0
378010,2026,2,2026-07-01,,,,,,2.0
379010,2020,1,2020-04-01,,,,,,
379010,2020,2,2020-07-01,,,,,,
379010,2020,3,2020-10-01,,,,,,
379010,2020,4,2021-01-01,0.9280785177203624,0.764381978218812,12371.429999999998,15362.99,14941.85,
379010,2021,1,2021-04-01,,,,,,
379010,2021,2,2021-07-01,0.7841912411911921,-2.1556326737653877,16047.200000000004,9878.679999999998,16530.33,
379010,2021,3,2021-10-01,,,,,,
379010,2021,4,2022-01-01,0.9254905357993676,0.7118620799299376,27061.9,17808.379999999997,24241.35,
379010,2022,1,2022-04-01,,,,,,
379010,2022,2,2022-07-01,0.9138318054584676,0.4752625400668084,15731.080000000002,26860.08,23303.61,0.01592864604316091
379010,2022,3,2022-10-01,,,,,,0.18450610930617978
379010,2022,4,2023-01-01,0.8817338382792226,-0.1761260797136371,16463.67,15589.48,18176.205,0.45419640293602553
379010,2023,1,2023-04-01,,,,,,0.0170570147605158
379010,2023,2,2023-07-01,0.937813893658736,0.9619494148146546,18001.18,17438.309999999998,18894.735,0.009708824140600425
379010,2023,3,2023-10-01,,,,,,0.3730906271453383
379010,2023,4,2024-01-01,0.8510823484590568,-0.7981602271309981,17361.529999999995,16236.75,19738.56,0.8375860716929405
379010,2024,1,2024-04-01,,,,,,0.5941995762545842
379010,2024,2,2024-07-01,0.8731783928124294,-0.3497482839828475,12128.76,18105.33,17312.665,0.16592984241322128
379010,2024,3,2024-10-01,,,,,,0.09572190926604829
379010,2024,4,2025-01-01,0.9183134139298778,0.5662112515626508,21998.99,12777.64,18935.055,0.03616305019192212
379010,2025,1,2025-04-01,,,,,,0.0022436344544228826
379010,2025,2,2025-07-01,,,,,,0.05034208850379316
379010,2025,3,2025-10-01,,,,,,1.2830260622496117
379010,2025,4,2026-01-01,,,,,,0.7073797671357247
379010,2026,1,2026-04-01,,,,,,0.28505284963651323
379010,2026,2,2026-07-01,,,,,,1.3480727590829789
400001,2020,1,2020-04-01,,,,,,
400001,2020,2,2020-07-01,,,,,,
400001,2020,3,2020-10-01,,,,,,
400001,2020,4,2021-01-01,0.9554497881634266,1.310323256453273,9230.3,15569.669999999998,12978.165,
400001,2021,1,2021-04-01,,,,,,
400001,2021,2,2021-07-01,0.7886799637751029,0.37690449910038715,8510.42,7644.23,10241.575,
400001,2021,3,2021-10-01,,,,,,
400001,2021,4,2022-01-01,0.8878504963526689,0.9319667570603866,13608.429999999997,9232.110000000002,12862.83,
400001,2022,1,2022-04-01,,,,,,
400001,2022,2,2022-07-01,0.8302298786898328,0.6094613785602946,14352.440000000002,12323.56,16065.43,0.7612177750426206
400001,2022,3,2022-10-01,,,,,,0.13917368812883754
400001,2022,4,2023-01-01,0.6968819865483343,-0.1368932106759266,5549.57,13037.52,13335.895,0.7268812983849403
400001,2023,1,2023-04-01,,,,,,0.47312419118231197
400001,2023,2,2023-07-01,0.8220156378648886,0.5634858761482795,10689.510000000002,7610.72,11131.315,0.2267914197277309
400001,2023,3,2023-10-01,,,,,,0.1894870903097276
400001,2023,4,2024-01-01,0.4691971011905066,-1.4112565047444763,6007.92,5922.35,12713.495,0.431081006545226
400001,2024,1,2024-04-01,,,,,,0.3432337031522006
400001,2024,2,2024-07-01,0.4911583349876782,-1.288338419077131,7223.840000000001,5938.28,13399.06,1.1649831816688998
400001,2024,3,2024-10-01,,,,,,0.5802404953160362
400001,2024,4,2025-01-01,0.5505976626665674,-0.955653632825091,5734.25,8310.230000000001,12753.85,0.036132490908762416
400001,2025,1,2025-04-01,,,,,,0.7190207510609412
400001,2025,2,2025-07-01,,,,,,0.5772342108986306
400001,2025,3,2025-10-01,,,,,,0.7037450380404281
400001,2025,4,2026-01-01,,,,,,0.6175277227915388
400001,2026,1,2026-04-01,,,,,,0.6175277227915388
400001,2026,2,2026-07-01,,,,,,0.061855368932843977
460007,2020,1,2020-04-01,,,,,,
460007,2020,2,2020-07-01,,,,,,
460007,2020,3,2020-10-01,,,,,,
460007,2020,4,2021-01-01,0.8382218558624093,-1.7852651683916505,5169.929999999999,5039.52,6089.945,
460007,2021,1,2021-04-01,,,,,,
460007,2021,2,2021-07-01,0.978371575193995,1.2329775134913665,4911.0,6034.169999999999,5593.5650000000005,
460007,2021,3,2021-10-01,,,,,,
460007,2021,4,2022-01-01,0.9241266974568326,0.06476821531597912,7241.37,4548.009999999999,6378.66,
460007,2022,1,2022-04-01,,,,,,
460007,2022,2,2022-07-01,0.9607372885891924,0.8532082442483289,2714.89,7516.28,5324.645,0.012888172911754203
460007,2022,3,2022-10-01,,,,,,0.6246215751996193
460007,2022,4,2023-01-01,0.9603227435021467,0.8442806653615971,8899.57,2684.6399999999994,6031.414999999999,0.39056858759343327
460007,2023,1,2023-04-01,,,,,,0.464466881203318
460007,2023,2,2023-07-01,0.9277636007329908,0.14309200183751855,8440.03,8480.170000000002,9118.81,0.20723702089090595
460007,2023,3,2023-10-01,,,,,,0.9734946452567342
460007,2023,4,2024-01-01,0.9419484819513986,0.44857541011709695,8877.779999999999,8561.36,9256.95,0.08429899447999506
460007,2024,1,2024-04-01,,,,,,1.7386709422092297
460007,2024,2,2024-07-01,0.8774972425282607,-0.9394365149509175,8959.990000000002,8216.220000000001,9787.045,0.8125172525697613
460007,2024,3,2024-10-01,,,,,,1.2326357591178663
460007,2024,4,2025-01-01,0.8810836421635313,-0.8622003670293287,9890.6,8891.459999999997,10658.5,0.17350896685133704
460007,2025,1,2025-04-01,,,,,,0.8262282370452896
460007,2025,2,2025-07-01,,,,,,0.6946359475785157
460007,2025,3,2025-10-01,,,,,,0.266938016589212
460007,2025,4,2026-01-01,,,,,,0.6734380451166293
460007,2026,1,2026-04-01,,,,,,0.7459305345944048
460007,2026,2,2026-07-01,,,,,,0.9716445527079751
470009,2020,1,2020-04-01,,,,,,
470009,2020,2,2020-07-01,,,,,,
470009,2020,3,2020-10-01,,,,,,
470009,2020,4,2021-01-01,1.0000000000000004,1.3669175396227387,1990.3,8681.410000000003,5335.855,
470009,2021,1,2021-04-01,,,,,,
470009,2021,2,2021-07-01,0.9470770629393336,-0.12439505083565155,3406.9100000000003,1843.6,2771.955,
470009,2021,3,2021-10-01,,,,,,
470009,2021,4,2022-01-01,0.9945154253661576,1.2123680066785905,12127.37,3510.49,7862.05,
470009,2022,1,2022-04-01,,,,,,
470009,2022,2,2022-07-01,0.922206082854839,-0.8252330578897397,1631.93,11611.89,7180.51,0.5804882814583152
470009,2022,3,2022-10-01,,,,,,0.2185158081223736
470009,2022,4,2023-01-01,0.9881789508907912,1.0338128340244412,14564.53,2090.91,8427.34,0.13767146975347844
470009,2023,1,2023-04-01,,,,,,0.13850430940375102
470009,2023,2,2023-07-01,0.9462435750923336,-0.14788185994453137,10898.65,13958.089999999998,13134.43,0.35829928476932266
470009,2023,3,2023-10-01,,,,,,0.14588036349729855
470009,2023,4,2024-01-01,0.9470352233839404,-0.12557404541158526,14140.45,10904.37,13222.75,0.6084433446922026
470009,2024,1,2024-04-01,,,,,,0.4019383892066002
470009,2024,2,2024-07-01,0.9103937239480772,-1.1580928827417432,4513.81,13932.969999999998,10131.21,0.23676767359547857
470009,2024,3,2024-10-01,,,,,,0.012658554405333144
470009,2024,4,2025-01-01,0.9077737323941008,-1.2319214835025194,15294.56,3973.7,10612.92,0.03445753300358628
470009,2025,1,2025-04-01,,,,,,0.009088087376806386
470009,2025,2,2025-07-01,,,,,,0.4442277521531557
470009,2025,3,2025-10-01,,,,,,0.22203264510625262
470009,2025,4,2026-01-01,,,,,,1.7263760724071264
470009,2026,1,2026-04-01,,,,,,0.2701837603037706
470009,2026,2,2026-07-01,,,,,,0.8100875283724431
470028,2020,1,2020-04-01,,,,,,
470028,2020,2,2020-07-01,,,,,,
470028,2020,3,2020-10-01,,,,,,
470028,2020,4,2021-01-01,0.9910658989925628,0.6601126725238939,3409.0600000000004,5760.469999999999,4626.095,
470028,2021,1,2021-04-01,,,,,,
470028,2021,2,2021-07-01,0.959416302265022,0.35063661741844127,9909.409999999998,3173.6799999999994,6818.255,
470028,2021,3,2021-10-01,,,,,,
470028,2021,4,2022-01-01,0.9891174743286292,0.6410605884213614,3226.3400000000006,10112.740000000002,6742.92,
470028,2022,1,2022-04-01,,,,,,
470028,2022,2,2022-07-01,0.9934714564346828,0.6836346919014441,6501.920000000001,3267.62,4916.870000000001,0.3363992945894484
470028,2022,3,2022-10-01,,,,,,0.32414348924950415
470028,2022,4,2023-01-01,0.9942203181962662,0.6909572112304971,15393.26,6470.47,10995.415,0.550106383183113
470028,2023,1,2023-04-01,,,,,,0.07925726124071135
470028,2023,2,2023-07-01,0.9185953170557676,-0.04851909937731122,4655.7,14603.45,10482.935,0.06913928833286048
470028,2023,3,2023-10-01,,,,,,0.29081340002657874
470028,2023,4,2024-01-01,0.9607311178370008,0.3634931457309541,23558.720000000005,4926.899999999999,14824.97,0.39568464975155404
470028,2024,1,2024-04-01,,,,,,0.43799145670946726
470028,2024,2,2024-07-01,0.7966082068539688,-1.2413333384957412,23491.21,18748.51,26512.230000000003,0.5905291666902683
470028,2024,3,2024-10-01,,,,,,0.13796063769413242
470028,2024,4,2025-01-01,0.7087894632628448,-2.1000424893535383,15949.22,21243.210000000003,26236.585,0.1376730431894967
470028,2025,1,2025-04-01,,,,,,0.049187308211570246
470028,2025,2,2025-07-01,,,,,,0.36894340563008876
470028,2025,3,2025-10-01,,,,,,0.0945991003129957
470028,2025,4,2026-01-01,,,,,,0.9960639423990343
470028,2026,1,2026-04-01,,,,,,1.0739885849507531
470028,2026,2,2026-07-01,,,,,,1.0739885849507531
470098,2020,1,2020-04-01,,,,,,
470098,2020,2,2020-07-01,,,,,,
470098,2020,3,2020-10-01,,,,,,
470098,2020,4,2021-01-01,0.9962319641677936,0.8567602791160177,4636.9400000000005,4807.08,4739.87,
470098,2021,1,2021-04-01,,,,,,
470098,2021,2,2021-07-01,0.9788581409402086,0.766595963572659,1321.5,4590.950000000001,3020.075,
470098,2021,3,2021-10-01,,,,,,
470098,2021,4,2022-01-01,0.728729817154452,-0.5314861463191232,4314.35,490.96,3297.045,
470098,2022,1,2022-04-01,,,,,,
470098,2022,2,2022-07-01,0.3979640396939611,-2.2480495957814557,3354.3,1521.0500000000002,6125.365,0.4474916931553592
470098,2022,3,2022-10-01,,,,,,0.6450970868295687
470098,2022,4,2023-01-01,0.7533726601507527,-0.4035980561331868,2053.28,5762.659999999999,5187.3,1.464251714918028
470098,2023,1,2023-04-01,,,,,,0.04523549759234248
470098,2023,2,2023-07-01,0.7976743112442485,-0.17368734529185287,1924.32,2740.95,2924.295,0.5202786997419921
470098,2023,3,2023-10-01,,,,,,0.5098148004845621
470098,2023,4,2024-01-01,0.9297006489411708,0.5114850670323885,21521.230000000003,1640.3000000000002,12456.445,0.8172534953478574
470098,2024,1,2024-04-01,,,,,,0.13382408413154234
470098,2024,2,2024-07-01,0.8977486121498242,0.34566471248119035,4843.44,20929.19,14354.035,0.5954711120820279
470098,2024,3,2024-10-01,,,,,,0.047066716921036644
470098,2024,4,2025-01-01,1.0,0.8763151213233634,4750.72,6311.159999999999,5530.9400000000005,0.06624241412281136
470098,2025,1,2025-04-01,,,,,,0.20655854886981806
470098,2025,2,2025-07-01,,,,,,0.7409195495452725
470098,2025,3,2025-10-01,,,,,,1.3077462025210873
470098,2025,4,2026-01-01,,,,,,0.692253797478913
470098,2026,1,2026-04-01,,,,,,1.2938621052450185
470098,2026,2,2026-07-01,,,,,,0.534380767962922
481001,2020,1,2020-04-01,,,,,,
481001,2020,2,2020-07-01,,,,,,
481001,2020,3,2020-10-01,,,,,,
481001,2020,4,2021-01-01,0.942532836418923,1.5114209090012354,1268.91,5599.93,3643.82,
481001,2021,1,2021-04-01,,,,,,
481001,2021,2,2021-07-01,0.9064682577500648,1.1154024558092035,4122.97,1203.51,2938.04,
481001,2021,3,2021-10-01,,,,,,
481001,2021,4,2022-01-01,0.7990867133573467,-0.0637343782083826,1123.87,3781.14,3069.135,
481001,2022,1,2022-04-01,,,,,,
481001,2022,2,2022-07-01,0.8912136543450445,0.947894483513647,6315.03,1277.13,4259.45,0.031463141817080376
481001,2022,3,2022-10-01,,,,,,0.19054981977669944
481001,2022,4,2023-01-01,0.6859321223408605,-1.3062639670711622,3939.61,4781.77,6357.32,0.2961392103032904
481001,2023,1,2023-04-01,,,,,,0.4721496023731794
481001,2023,2,2023-07-01,0.7841702766647488,-0.22752900451966504,7893.97,4263.209999999999,7751.62,0.1729029115050061
481001,2023,3,2023-10-01,,,,,,0.39019941404833597
481001,2023,4,2024-01-01,0.7614182214049934,-0.47736510585441616,13562.35,6434.16,13131.095,0.669231273508173
481001,2024,1,2024-04-01,,,,,,0.5036566771580244
481001,2024,2,2024-07-01,0.7801873489703071,-0.2712647952303031,9519.839999999997,13458.229999999998,14725.995,0.6399138556052074
481001,2024,3,2024-10-01,,,,,,0.5274850696882029
481001,2024,4,2025-01-01,0.6930084069541277,-1.2285605974401606,10131.260000000002,8606.53,13519.165,0.07693309376258634
481001,2025,1,2025-04-01,,,,,,0.03601851919755566
481001,2025,2,2025-07-01,,,,,,0.07746173865212513
481001,2025,3,2025-10-01,,,,,,0.21448715701829518
481001,2025,4,2026-01-01,,,,,,1.1299826761268807
481001,2026,1,2026-04-01,,,,,,0.0
481001,2026,2,2026-07-01,,,,,,0.024695276859595064
481008,2020,1,2020-04-01,,,,,,
481008,2020,2,2020-07-01,,,,,,
481008,2020,3,2020-10-01,,,,,,
481008,2020,4,2021-01-01,0.9993026115060876,1.574895404672958,13624.53,10677.81,12159.65,
481008,2021,1,2021-04-01,,,,,,
481008,2021,2,2021-07-01,0.7933289191061894,0.37094946129189077,14344.840000000002,10408.719999999998,15601.07,
481008,2021,3,2021-10-01,,,,,,
481008,2021,4,2022-01-01,0.9153652270817036,1.0842692849083342,19564.41,15928.3,19387.185,
481008,2022,1,2022-04-01,,,,,,
481008,2022,2,2022-07-01,0.6627787267108547,-0.39213524486963636,15942.7,13671.420000000002,22340.88,0.3637359447638742
481008,2022,3,2022-10-01,,,,,,0.33439612242074784
481008,2022,4,2023-01-01,0.816127189352135,0.5042086394854894,17674.769999999997,19310.18,22658.815,0.8775104319994014
481008,2023,1,2023-04-01,,,,,,0.20902628862181144
481008,2023,2,2023-07-01,0.608242601781819,-0.7109067618095739,10418.17,13982.96,20058.715,0.06999100061136332
481008,2023,3,2023-10-01,,,,,,0.19147910031767235
481008,2023,4,2024-01-01,0.7371490265309263,0.0425698853494749,10830.55,13872.11,16755.54,0.22986186781850282
481008,2024,1,2024-04-01,,,,,,0.2750674032288105
481008,2024,2,2024-07-01,0.5764301506677146,-0.8968551274555809,10540.74,8309.16,16350.55,1.1081552328525783
481008,2024,3,2024-10-01,,,,,,0.7032871656562617
481008,2024,4,2025-01-01,0.4600702482847113,-1.5769955415733552,7556.030000000001,8213.140000000001,17137.785,0.2963150915790224
481008,2025,1,2025-04-01,,,,,,0.3177817310866112
481008,2025,2,2025-07-01,,,,,,0.4820826977063146
481008,2025,3,2025-10-01,,,,,,0.47080958151508623
481008,2025,4,2026-01-01,,,,,,2.0
481008,2026,1,2026-04-01,,,,,,1.898118769103837
481008,2026,2,2026-07-01,,,,,,1.0619246214553981
481010,2020,1,2020-04-01,,,,,,
481010,2020,2,2020-07-01,,,,,,
481010,2020,3,2020-10-01,,,,,,
481010,2020,4,2021-01-01,0.9964831677265036,0.8658650631755449,517.6400000000001,12317.97,6440.455,
481010,2021,1,2021-04-01,,,,,,
481010,2021,2,2021-07-01,0.9673237075964174,0.7042341318844266,2276.77,493.5,1431.925,
481010,2021,3,2021-10-01,,,,,,
481010,2021,4,2022-01-01,0.9202300483854208,0.4431939081552423,1095.4,2181.53,1780.495,
481010,2022,1,2022-04-01,,,,,,
481010,2022,2,2022-07-01,0.9982341334790876,0.8755706689716208,2089.44,1234.4900000000002,1664.905,0.002093773368510632
481010,2022,3,2022-10-01,,,,,,0.08966131277680206
481010,2022,4,2023-01-01,0.9771104736162536,0.7584821906295979,3810.57,2024.04,2985.645,0.15492920057873633
481010,2023,1,2023-04-01,,,,,,0.1724528536519086
481010,2023,2,2023-07-01,0.8352535079611266,-0.027831183029647783,13693.000000000002,2301.52,9574.65,0.05937956616978031
481010,2023,3,2023-10-01,,,,,,1.4824907823624824
481010,2023,4,2024-01-01,0.4986656554743897,-1.8935381548324897,11960.319999999998,6161.159999999999,18169.97,0.9000239110525003
481010,2024,1,2024-04-01,,,,,,0.14311362143247341
481010,2024,2,2024-07-01,0.6368136784182116,-1.1277834561918911,18884.81,12204.229999999998,24409.84,0.030953541830627818
481010,2024,3,2024-10-01,,,,,,0.28056068784423965
481010,2024,4,2025-01-01,0.7323558295907926,-0.5981931687624021,10264.08,21877.04,21943.65,0.11814944207094011
481010,2025,1,2025-04-01,,,,,,0.06072149323457335
481010,2025,2,2025-07-01,,,,,,0.18493811524151818
481010,2025,3,2025-10-01,,,,,,0.30318757228311116
481010,2025,4,2026-01-01,,,,,,0.4115386253964549
481010,2026,1,2026-04-01,,,,,,0.2034732654437718
481010,2026,2,2026-07-01,,,,,,0.2034732654437718
481015,2020,1,2020-04-01,,,,,,
481015,2020,2,2020-07-01,,,,,,
481015,2020,3,2020-10-01,,,,,,
481015,2020,4,2021-01-01,0.9917804150729852,0.1582668719435552,1287.67,1183.46,1245.8049999999998,
481015,2021,1,2021-04-01,,,,,,
481015,2021,2,2021-07-01,0.995002130088468,0.2542846570428103,4110.85,1284.36,2711.155,
481015,2021,3,2021-10-01,,,,,,
481015,2021,4,2022-01-01,0.9978618581132752,0.3395140300968072,2341.59,4117.4800000000005,3236.455,
481015,2022,1,2022-04-01,,,,,,
481015,2022,2,2022-07-01,0.998910351453246,0.37076260661940486,16876.57,2338.03,9617.78,0.0232994712299055
481015,2022,3,2022-10-01,,,,,,0.11166704973843827
481015,2022,4,2023-01-01,0.9993104682521236,0.38268741332160977,7410.920000000001,16878.670000000002,12153.175,0.1284786658646379
481015,2023,1,2023-04-01,,,,,,0.03610928692257559
481015,2023,2,2023-07-01,0.9983097185364516,0.3528617550384446,8032.509999999999,7406.23,7732.44,0.0880215122668154
481015,2023,3,2023-10-01,,,,,,1.6414114694272535
481015,2023,4,2024-01-01,0.8972748378789077,-2.658312545569575,9340.43,7104.24,9163.675,0.7760973105951369
481015,2024,1,2024-04-01,,,,,,0.044999573600801146
481015,2024,2,2024-07-01,1.0,0.40323774470366464,695.0600000000001,10281.77,5488.415,0.044004465519173974
481015,2024,3,2024-10-01,,,,,,0.06912992634167814
481015,2024,4,2025-01-01,0.9997805519936196,0.39669746680328183,5410.5,694.39,3053.115,0.021100610113885254
481015,2025,1,2025-04-01,,,,,,0.00016759108220970598
481015,2025,2,2025-07-01,,,,,,0.06383789410739021
481015,2025,3,2025-10-01,,,,,,1.2880191402533496
481015,2025,4,2026-01-01,,,,,,0.32792817319073253
481015,2026,1,2026-04-01,,,,,,0.9079857321731754
481015,2026,2,2026-07-01,,,,,,0.43230043287669784
501026,2016,3,2016-10-01,,,,,,
501026,2016,4,2017-01-01,,,,,,
501026,2017,1,2017-04-01,,,,,,
501026,2017,2,2017-07-01,,,,,,
501026,2017,3,2017-10-01,,,,,,
501026,2017,4,2018-01-01,,,,,,
501026,2018,1,2018-04-01,,,,,,
501026,2018,2,2018-07-01,,,,,,
501026,2018,3,2018-10-01,,,,,,
501026,2018,4,2019-01-01,,,,,,0.0
501026,2019,1,2019-04-01,,,,,,0.0
501026,2019,2,2019-07-01,,,,,,0.0
501026,2019,3,2019-10-01,,,,,,0.0
501026,2019,4,2020-01-01,,,,,,0.0
501026,2020,1,2020-04-01,,,,,,0.0
501026,2020,2,2020-07-01,,,,,,0.0
501026,2020,3,2020-10-01,,,,,,0.0
501026,2020,4,2021-01-01,,,,,,0.0
501026,2021,1,2021-04-01,,,,,,0.0
501026,2021,2,2021-07-01,,,,,,0.0
501026,2021,3,2021-10-01,,,,,,0.0
501026,2021,4,2022-01-01,,,,,,0.0
501026,2022,1,2022-04-01,,,,,,0.0
501026,2022,2,2022-07-01,,,,,,0.0
501026,2022,3,2022-10-01,,,,,,0.0
501026,2022,4,2023-01-01,,,,,,0.0
501026,2023,1,2023-04-01,,,,,,0.0
501026,2023,2,2023-07-01,,,,,,0.0
501026,2023,3,2023-10-01,,,,,,0.0
501026,2023,4,2024-01-01,,,,,,0.0
501026,2024,1,2024-04-01,,,,,,0.0
501026,2024,2,2024-07-01,,,,,,0.0
501026,2024,3,2024-10-01,,,,,,0.0
501026,2024,4,2025-01-01,,,,,,0.0
501026,2025,1,2025-04-01,,,,,,0.0
501026,2025,2,2025-07-01,,,,,,0.0
501026,2025,3,2025-10-01,,,,,,0.0
501026,2025,4,2026-01-01,,,,,,0.0
501026,2026,1,2026-04-01,,,,,,0.0
501026,2026,2,2026-07-01,,,,,,0.0
501054,2020,1,2020-04-01,,,,,,
501054,2020,2,2020-07-01,,,,,,
501054,2020,3,2020-10-01,,,,,,
501054,2020,4,2021-01-01,1.0,1.131250673914741,1377.4700000000005,4620.179999999999,2998.8250000000003,
501054,2021,1,2021-04-01,,,,,,
501054,2021,2,2021-07-01,0.6684864614595443,-0.6572673254284386,1127.07,879.8400000000001,1501.085,
501054,2021,3,2021-10-01,,,,,,
501054,2021,4,2022-01-01,0.9954405467160956,1.1066523896294909,2191.6,1615.9800000000002,1912.51,
501054,2022,1,2022-04-01,,,,,,
501054,2022,2,2022-07-01,0.5253872015752902,-1.4292888939063821,1572.2599999999998,1026.5099999999998,2473.195,0.04759820862880425
501054,2022,3,2022-10-01,,,,,,0.07811304175500597
501054,2022,4,2023-01-01,0.6545109537434112,-0.7326652932167533,5890.3200000000015,942.65,5219.905,0.12123732963777291
501054,2023,1,2023-04-01,,,,,,0.017838047910843063
501054,2023,2,2023-07-01,0.9064859135729132,0.6267414840236374,2864.97,7175.830000000001,5538.31,1.9975290639545618e-05
501054,2023,3,2023-10-01,,,,,,0.003258585342760703
501054,2023,4,2024-01-01,0.5882961910794607,-1.0898944289199402,2823.0300000000007,1774.2400000000002,3907.275,0.22135040872702308
501054,2024,1,2024-04-01,,,,,,0.33345541865205136
501054,2024,2,2024-07-01,0.8087164997003169,0.09927477100120019,4229.17,3515.73,4788.389999999999,0.23218181463073043
501054,2024,3,2024-10-01,,,,,,0.34563947227792813
501054,2024,4,2025-01-01,0.9655136616832916,0.9451966229024489,2333.6399999999994,5013.889999999999,3804.985,0.670162920166133
501054,2025,1,2025-04-01,,,,,,0.08506325596666842
501054,2025,2,2025-07-01,,,,,,0.36120441915175516
501054,2025,3,2025-10-01,,,,,,1.7761047549522906
501054,2025,4,2026-01-01,,,,,,2.0
501054,2026,1,2026-04-01,,,,,,1.4305764549384703
501054,2026,2,2026-07-01,,,,,,1.5806689317980722
501079,2020,1,2020-04-01,,,,,,
501079,2020,2,2020-07-01,,,,,,
501079,2020,3,2020-10-01,,,,,,
501079,2020,4,2021-01-01,0.9806512852800832,0.739948023955671,1409.89,4726.81,3128.8900000000003,
501079,2021,1,2021-04-01,,,,,,
501079,2021,2,2021-07-01,0.9408440649693952,0.33392247853238743,4021.46,1303.04,2829.6400000000003,
501079,2021,3,2021-10-01,,,,,,
501079,2021,4,2022-01-01,0.7366759680384358,-1.748550556947793,6481.73,2570.92,6144.255,
501079,2022,1,2022-04-01,,,,,,
501079,2022,2,2022-07-01,0.9120259879687196,0.039983958311021806,3280.689999999999,7576.040000000001,5951.985,0.31698644954572763
501079,2022,3,2022-10-01,,,,,,0.1835800056750963
501079,2022,4,2023-01-01,0.7457712184741397,-1.655780853610167,2282.88,2917.86,3486.82,0.2181993454173719
501079,2023,1,2023-04-01,,,,,,0.1431920350091973
501079,2023,2,2023-07-01,0.9933082205306476,0.8690461875146528,4855.4,3142.39,4025.835,0.14156279743566413
501079,2023,3,2023-10-01,,,,,,1.4727159465024535
501079,2023,4,2024-01-01,0.9445565599279512,0.3717891715258733,5071.32,4598.54,5118.73,0.24697002289617104
501079,2024,1,2024-04-01,,,,,,0.18849886336433944
501079,2024,2,2024-07-01,0.9810388650979852,0.7439012592162724,517.64,5298.910000000001,2964.485,0.0036107948180499894
501079,2024,3,2024-10-01,,,,,,0.04611586152151931
501079,2024,4,2025-01-01,0.9380810542467728,0.30574033150209257,285.03,546.4099999999999,443.16,0.10221385740950212
501079,2025,1,2025-04-01,,,,,,0.07837509022129208
501079,2025,2,2025-07-01,,,,,,0.7204554558379166
501079,2025,3,2025-10-01,,,,,,0.9126783448772526
501079,2025,4,2026-01-01,,,,,,0.37074276148624535
501079,2026,1,2026-04-01,,,,,,0.1158064330466311
501079,2026,2,2026-07-01,,,,,,0.05980624477829041
501082,2019,2,2019-07-01,,,,,,
501082,2019,3,2019-10-01,,,,,,
501082,2019,4,2020-01-01,,,,,,
501082,2020,1,2020-04-01,,,,,,
501082,2020,2,2020-07-01,,,,,,
501082,2020,3,2020-10-01,,,,,,
501082,2020,4,2021-01-01,,,,,,
501082,2021,1,2021-04-01,,,,,,
501082,2021,2,2021-07-01,,,,,,
501082,2021,3,2021-10-01,,,,,,0.0
501082,2021,4,2022-01-01,,,,,,0.0
501082,2022,1,2022-04-01,,,,,,0.0
501082,2022,2,2022-07-01,,,,,,0.0
501082,2022,3,2022-10-01,,,,,,0.0
501082,2022,4,2023-01-01,,,,,,0.0
501082,2023,1,2023-04-01,,,,,,0.0
501082,2023,2,2023-07-01,,,,,,0.0
501082,2023,3,2023-10-01,,,,,,0.0
501082,2023,4,2024-01-01,,,,,,0.0
501082,2024,1,2024-04-01,,,,,,0.0
501082,2024,2,2024-07-01,,,,,,0.0
501082,2024,3,2024-10-01,,,,,,0.0
501082,2024,4,2025-01-01,,,,,,0.0
501082,2025,1,2025-04-01,,,,,,0.0
501082,2025,2,2025-07-01,,,,,,0.0
501082,2025,3,2025-10-01,,,,,,0.0
501082,2025,4,2026-01-01,,,,,,0.0
501082,2026,1,2026-04-01,,,,,,0.0
501082,2026,2,2026-07-01,,,,,,0.0
519005,2020,1,2020-04-01,,,,,,
519005,2020,2,2020-07-01,,,,,,
519005,2020,3,2020-10-01,,,,,,
519005,2020,4,2021-01-01,1.0,0.6951626234566942,2700.6400000000003,374.45,1537.545,
519005,2021,1,2021-04-01,,,,,,
519005,2021,2,2021-07-01,0.9857508165625932,0.4172827573412172,8501.030000000002,2620.26,5641.025,
519005,2021,3,2021-10-01,,,,,,
519005,2021,4,2022-01-01,0.9991639390337128,0.6788582148288731,27979.58,8566.120000000003,18288.14,
519005,2022,1,2022-04-01,,,,,,
519005,2022,2,2022-07-01,0.8828085260475588,-1.590242097089618,10740.95,25583.84,20573.425,0.357874270612098
519005,2022,3,2022-10-01,,,,,,0.6480718248306649
519005,2022,4,2023-01-01,0.938081073449138,-0.5123467819453401,12173.72,12342.86,13067.41,0.3655767098235063
519005,2023,1,2023-04-01,,,,,,0.023534225667285136
519005,2023,2,2023-07-01,0.994495090631372,0.5878088592882555,15241.270000000002,12904.94,14151.005,0.07809426247173457
519005,2023,3,2023-10-01,,,,,,1.4499693554131805
519005,2023,4,2024-01-01,0.8788802699189203,-1.6668488227934746,13810.83,13441.339999999998,15503.915,0.32195187638803746
519005,2024,1,2024-04-01,,,,,,0.7422623353626707
519005,2024,2,2024-07-01,1.0000000000000002,0.6951626234566985,9731.33,15688.660000000002,12709.995,0.0910512823849049
519005,2024,3,2024-10-01,,,,,,0.28637866988954397
519005,2024,4,2025-01-01,0.9999999999999998,0.6951626234566899,9468.029999999995,9731.33,9599.68,0.25323861768515643
519005,2025,1,2025-04-01,,,,,,0.01987840786313083
519005,2025,2,2025-07-01,,,,,,0.17253946146348526
519005,2025,3,2025-10-01,,,,,,0.2210471652997777
519005,2025,4,2026-01-01,,,,,,0.523217112178455
519005,2026,1,2026-04-01,,,,,,1.1756231036307119
519005,2026,2,2026-07-01,,,,,,1.1756231036307117
519013,2020,1,2020-04-01,,,,,,
519013,2020,2,2020-07-01,,,,,,
519013,2020,3,2020-10-01,,,,,,
519013,2020,4,2021-01-01,0.9533421142932704,1.4022241724959887,5614.09,29641.96,18490.765,
519013,2021,1,2021-04-01,,,,,,
519013,2021,2,2021-07-01,0.9367212671294955,1.0439300282473494,17937.12,5679.150000000001,12605.815,
519013,2021,3,2021-10-01,,,,,,
519013,2021,4,2022-01-01,0.9271843472562749,0.8383434831649273,21439.15,17216.889999999996,20845.93,
519013,2022,1,2022-04-01,,,,,,
519013,2022,2,2022-07-01,0.833866925438913,-1.1732919926977403,19610.980000000003,19100.750000000004,23212.175000000003,0.4158648028474482
519013,2022,3,2022-10-01,,,,,,0.2488139327274658
519013,2022,4,2023-01-01,0.8913189737430013,0.06519677262278968,24589.3,20705.81,25409.035,0.0949995577720411
519013,2023,1,2023-04-01,,,,,,0.1999386513973505
519013,2023,2,2023-07-01,0.8593585661907884,-0.6237709292592053,17791.22,23936.25,24278.265,0.21138940901433656
519013,2023,3,2023-10-01,,,,,,0.14160998159871774
519013,2023,4,2024-01-01,0.91293550252198,0.5311823872050978,20366.040000000005,19313.67,21731.935,0.7897720948972249
519013,2024,1,2024-04-01,,,,,,0.07858481697321612
519013,2024,2,2024-07-01,0.8443512717939375,-0.9472818580598932,21165.48,18593.51,23544.105,0.37534386561563704
519013,2024,3,2024-10-01,,,,,,0.2844366677247884
519013,2024,4,2025-01-01,0.8355721756393678,-1.136532063719307,20974.31,20727.0,24953.745000000003,0.047772613514272796
519013,2025,1,2025-04-01,,,,,,0.27019801757724715
519013,2025,2,2025-07-01,,,,,,0.4889000921440725
519013,2025,3,2025-10-01,,,,,,0.017378029392398853
519013,2025,4,2026-01-01,,,,,,2.0
519013,2026,1,2026-04-01,,,,,,1.1519328862545701
519013,2026,2,2026-07-01,,,,,,1.1519328862545701
519018,2020,1,2020-04-01,,,,,,
519018,2020,2,2020-07-01,,,,,,
519018,2020,3,2020-10-01,,,,,,
519018,2020,4,2021-01-01,0.9773882896764252,0.9281978393941935,779.41,2265.3500000000004,1557.6,
519018,2021,1,2021-04-01,,,,,,
519018,2021,2,2021-07-01,0.9843265180596514,0.9722591939179269,2798.65,786.0899999999999,1820.91,
519018,2021,3,2021-10-01,,,,,,
519018,2021,4,2022-01-01,0.9982371258966592,1.0605987800043137,2341.62,2822.63,2586.685,
519018,2022,1,2022-04-01,,,,,,
519018,2022,2,2022-07-01,0.9540676414909044,0.7800996087407231,21033.36,1796.62,11964.55,0.22838687603538071
519018,2022,3,2022-10-01,,,,,,0.45755349387882016
519018,2022,4,2023-01-01,0.8028942210850096,-0.17993014282710362,31403.42,15790.06,29389.6,0.8467966581964057
519018,2023,1,2023-04-01,,,,,,0.0433184015834886
519018,2023,2,2023-07-01,0.7781338255702215,-0.33717151694538283,29463.69,28878.8,37488.725,0.0504630698623717
519018,2023,3,2023-10-01,,,,,,0.7091000444550141
519018,2023,4,2024-01-01,0.6619993276510509,-1.0746859086052556,28664.3,24268.16,39979.24,0.21578763613571222
519018,2024,1,2024-04-01,,,,,,0.10523477054156649
519018,2024,2,2024-07-01,0.5594137897199081,-1.7261573658895986,18452.55,25047.36,38879.905,0.48673466282311595
519018,2024,3,2024-10-01,,,,,,0.21597243193837473
519018,2024,4,2025-01-01,0.7645854897092609,-0.42321048778981246,20863.890000000003,28051.95,31988.47,0.10190770513073598
519018,2025,1,2025-04-01,,,,,,0.26837110531707553
519018,2025,2,2025-07-01,,,,,,0.6208014247393608
519018,2025,3,2025-10-01,,,,,,1.5102425071394288
519018,2025,4,2026-01-01,,,,,,0.4897574928605713
519018,2026,1,2026-04-01,,,,,,1.0487719072522663
519018,2026,2,2026-07-01,,,,,,1.0487719072522663
519026,2020,1,2020-04-01,,,,,,
519026,2020,2,2020-07-01,,,,,,
519026,2020,3,2020-10-01,,,,,,
519026,2020,4,2021-01-01,0.998083463637525,0.6038550282110183,5630.79,4211.85,4930.77,
519026,2021,1,2021-04-01,,,,,,
519026,2021,2,2021-07-01,0.9957664518406798,0.5590250849925155,7248.3,5612.900000000001,6457.9400000000005,
519026,2021,3,2021-10-01,,,,,,
519026,2021,4,2022-01-01,0.9958104574815352,0.5598765137092474,7716.01,7244.17,7511.559999999999,
519026,2022,1,2022-04-01,,,,,,
519026,2022,2,2022-07-01,0.8584007803448788,-2.098749580511157,4836.429999999999,6788.66,6771.365,0.22428139904495042
519026,2022,3,2022-10-01,,,,,,0.12792015162418913
519026,2022,4,2023-01-01,1.0,0.6409365037662728,0.0,5795.249999999999,2897.625,0.11884285780960824
519026,2023,1,2023-04-01,,,,,,0.025506569114787964
519026,2023,2,2023-07-01,1.0,0.6409365037662728,1619.83,0.0,809.915,0.0015821253024306814
519026,2023,3,2023-10-01,,,,,,0.26648959229899893
519026,2023,4,2024-01-01,1.0000000000000002,0.6409365037662771,6572.990000000002,1619.83,4096.41,0.0
519026,2024,1,2024-04-01,,,,,,0.6835114341169612
519026,2024,2,2024-07-01,0.9422289043984294,-0.476828601709431,6203.05,6192.970000000001,6578.03,0.035006900042490185
519026,2024,3,2024-10-01,,,,,,0.3520125045478421
519026,2024,4,2025-01-01,0.9115717783213156,-1.0699879559910115,9825.26,5824.03,8583.685,0.10664272930538396
519026,2025,1,2025-04-01,,,,,,0.06313857788821897
519026,2025,2,2025-07-01,,,,,,0.26021381228907414
519026,2025,3,2025-10-01,,,,,,0.22872409499181096
519026,2025,4,2026-01-01,,,,,,0.6141356629866702
519026,2026,1,2026-04-01,,,,,,0.20415151353585148
519026,2026,2,2026-07-01,,,,,,0.20406827785630788
519089,2020,1,2020-04-01,,,,,,
519089,2020,2,2020-07-01,,,,,,
519089,2020,3,2020-10-01,,,,,,
519089,2020,4,2021-01-01,0.8997434832675105,-0.3993299792013668,16100.2,20560.64,20372.94,
519089,2021,1,2021-04-01,,,,,,
519089,2021,2,2021-07-01,0.9560924876683732,0.43339414186197567,13229.15,17438.53,16038.03,
519089,2021,3,2021-10-01,,,,,,
519089,2021,4,2022-01-01,0.9990067479999916,1.0675799645875905,9935.95,13921.48,11940.575,
519089,2022,1,2022-04-01,,,,,,
519089,2022,2,2022-07-01,0.9581526401292774,0.46383902133240434,18528.38,9339.25,14542.375,0.06556187282572037
519089,2022,3,2022-10-01,,,,,,0.10792274369249763
519089,2022,4,2023-01-01,0.9700748751903202,0.6400255008962824,17972.73,18573.250000000004,18836.68,0.06989631096643303
519089,2023,1,2023-04-01,,,,,,0.33122365519551444
519089,2023,2,2023-07-01,0.9794960422369638,0.7792512624110174,14416.31,18195.090000000004,16647.03,0.174206349039255
519089,2023,3,2023-10-01,,,,,,1.3070264602147006
519089,2023,4,2024-01-01,0.7773993861589715,-2.2073278633740405,19673.19,10445.54,19371.465,0.6989352436681585
519089,2024,1,2024-04-01,,,,,,0.1819416903003102
519089,2024,2,2024-07-01,0.884848827485881,-0.6194428148437404,20689.51,21255.97,23702.06,0.13292026842382032
519089,2024,3,2024-10-01,,,,,,0.13202022096813615
519089,2024,4,2025-01-01,0.9160745950824084,-0.15798923367011458,15307.95,21722.57,20211.52,0.1338164106202675
519089,2025,1,2025-04-01,,,,,,0.03891479895387115
519089,2025,2,2025-07-01,,,,,,0.5011871602434732
519089,2025,3,2025-10-01,,,,,,0.344230914876431
519089,2025,4,2026-01-01,,,,,,1.2127978082857063
519089,2026,1,2026-04-01,,,,,,0.2516481229951256
519089,2026,2,2026-07-01,,,,,,0.9283389482704607
519110,2020,1,2020-04-01,,,,,,
519110,2020,2,2020-07-01,,,,,,
519110,2020,3,2020-10-01,,,,,,
519110,2020,4,2021-01-01,0.99704847647456,0.7044376898449531,10485.47,8593.93,9567.94,
519110,2021,1,2021-04-01,,,,,,
519110,2021,2,2021-07-01,0.9618717454554856,-0.664592844490121,16808.65,9982.709999999995,13926.68,
519110,2021,3,2021-10-01,,,,,,
519110,2021,4,2022-01-01,0.9644753087315164,-0.5632657023794193,30060.330000000005,16482.49,24128.57,
519110,2022,1,2022-04-01,,,,,,
519110,2022,2,2022-07-01,0.9232576993846168,-2.167399006227425,19907.72,28889.45,26426.625,0.6023331326081772
519110,2022,3,2022-10-01,,,,,,0.026611556727500763
519110,2022,4,2023-01-01,0.9784576684160854,-0.019091278103017608,28164.13,21390.25,25322.7,0.3699159707907522
519110,2023,1,2023-04-01,,,,,,0.0036308357711456463
519110,2023,2,2023-07-01,0.986140536882608,0.27991551466138814,20773.83,28364.34,24914.385,0.008020711815771686
519110,2023,3,2023-10-01,,,,,,0.23397945548557356
519110,2023,4,2024-01-01,0.9994841964989348,0.7992326008516754,9504.79,21111.23,15315.91,0.8595234930728324
519110,2024,1,2024-04-01,,,,,,0.5825257739137388
519110,2024,2,2024-07-01,0.999833019250495,0.8128083079774351,10607.71,9511.01,10061.04,0.20005128238371744
519110,2024,3,2024-10-01,,,,,,0.24474487282813795
519110,2024,4,2025-01-01,0.9999652543407804,0.8179547178645055,8961.06,10609.05,9785.395,0.254364688071813
519110,2025,1,2025-04-01,,,,,,0.10185350661912584
519110,2025,2,2025-07-01,,,,,,0.3788448358967255
519110,2025,3,2025-10-01,,,,,,0.5497697148648824
519110,2025,4,2026-01-01,,,,,,0.24504128276183534
519110,2026,1,2026-04-01,,,,,,1.347634664726103
519110,2026,2,2026-07-01,,,,,,0.4139611772783877
519158,2020,1,2020-04-01,,,,,,
519158,2020,2,2020-07-01,,,,,,
519158,2020,3,2020-10-01,,,,,,
519158,2020,4,2021-01-01,0.9564668037407972,0.10970450118087516,12534.62,10538.420000000002,12061.6,
519158,2021,1,2021-04-01,,,,,,
519158,2021,2,2021-07-01,0.8912364708529,-1.797749100516182,13043.420000000002,11558.53,13802.145,
519158,2021,3,2021-10-01,,,,,,
519158,2021,4,2022-01-01,0.93720467173304,-0.4535552807016367,8114.37,13810.090000000002,11696.73,
519158,2022,1,2022-04-01,,,,,,
519158,2022,2,2022-07-01,0.9487540716228106,-0.11582981707350494,13864.57,8251.579999999998,11655.365,0.24440533337192233
519158,2022,3,2022-10-01,,,,,,0.2683844209348663
519158,2022,4,2023-01-01,0.949363211169906,-0.09801746856012145,7429.83,13893.2,11230.175,0.06064195903803865
519158,2023,1,2023-04-01,,,,,,0.332068643400095
519158,2023,2,2023-07-01,1.0000000000000002,1.3826943560802438,3406.0400000000004,7998.49,5702.264999999999,0.3110277780200257
519158,2023,3,2023-10-01,,,,,,0.5438230816357998
519158,2023,4,2024-01-01,0.96499305459668,0.35902758729751727,9615.35,3174.0600000000004,6626.685,0.5564595291164427
519158,2024,1,2024-04-01,,,,,,0.1022321567906186
519158,2024,2,2024-07-01,0.926550229653971,-0.7651105498234271,6735.4800000000005,9215.11,8607.515,0.43289030148254004
519158,2024,3,2024-10-01,,,,,,0.469647841007081
519158,2024,4,2025-01-01,0.9998680456938912,1.3788357721162523,2180.4300000000003,7367.070000000001,4774.38,0.0
519158,2025,1,2025-04-01,,,,,,0.9035175791104707
519158,2025,2,2025-07-01,,,,,,0.36067441871321254
519158,2025,3,2025-10-01,,,,,,1.428846391983361
519158,2025,4,2026-01-01,,,,,,0.9522142214754473
519158,2026,1,2026-04-01,,,,,,0.058165906650012394
519158,2026,2,2026-07-01,,,,,,1.1023058823570726
519172,2016,1,2016-04-01,,,,,,
519172,2016,2,2016-07-01,,,,,,
519172,2016,3,2016-10-01,,,,,,
519172,2016,4,2017-01-01,,,,,,
519172,2017,1,2017-04-01,,,,,,
519172,2017,2,2017-07-01,,,,,,
519172,2017,3,2017-10-01,,,,,,
519172,2017,4,2018-01-01,,,,,,
519172,2018,1,2018-04-01,,,,,,
519172,2018,2,2018-07-01,,,,,,0.0
519172,2018,3,2018-10-01,,,,,,0.0
519172,2018,4,2019-01-01,,,,,,0.0
519172,2019,1,2019-04-01,,,,,,0.0
519172,2019,2,2019-07-01,,,,,,0.0
519172,2019,3,2019-10-01,,,,,,0.0
519172,2019,4,2020-01-01,,,,,,0.0
519172,2020,1,2020-04-01,,,,,,0.0
519172,2020,2,2020-07-01,,,,,,0.0
519172,2020,3,2020-10-01,,,,,,0.0
519172,2020,4,2021-01-01,,,,,,0.0
519172,2021,1,2021-04-01,,,,,,0.0
519172,2021,2,2021-07-01,,,,,,0.0
519172,2021,3,2021-10-01,,,,,,0.0
519172,2021,4,2022-01-01,,,,,,0.0
519172,2022,1,2022-04-01,,,,,,0.0
519172,2022,2,2022-07-01,,,,,,0.0
519172,2022,3,2022-10-01,,,,,,0.0
519172,2022,4,2023-01-01,,,,,,0.0
519172,2023,1,2023-04-01,,,,,,0.0
519172,2023,2,2023-07-01,,,,,,0.0
519172,2023,3,2023-10-01,,,,,,0.0
519172,2023,4,2024-01-01,,,,,,0.0
519172,2024,1,2024-04-01,,,,,,0.0
519172,2024,2,2024-07-01,,,,,,0.0
519172,2024,3,2024-10-01,,,,,,0.0
519172,2024,4,2025-01-01,,,,,,0.0
519172,2025,1,2025-04-01,,,,,,0.0
519172,2025,2,2025-07-01,,,,,,0.0
519172,2025,3,2025-10-01,,,,,,0.0
519172,2025,4,2026-01-01,,,,,,0.0
519172,2026,1,2026-04-01,,,,,,0.0
519172,2026,2,2026-07-01,,,,,,0.0
519173,2016,1,2016-04-01,,,,,,
519173,2016,2,2016-07-01,,,,,,
519173,2016,3,2016-10-01,,,,,,
519173,2016,4,2017-01-01,,,,,,
519173,2017,1,2017-04-01,,,,,,
519173,2017,2,2017-07-01,,,,,,
519173,2017,3,2017-10-01,,,,,,
519173,2017,4,2018-01-01,,,,,,
519173,2018,1,2018-04-01,,,,,,
519173,2018,2,2018-07-01,,,,,,0.0
519173,2018,3,2018-10-01,,,,,,0.0
519173,2018,4,2019-01-01,,,,,,0.0
519173,2019,1,2019-04-01,,,,,,0.0
519173,2019,2,2019-07-01,,,,,,0.0
519173,2019,3,2019-10-01,,,,,,0.0
519173,2019,4,2020-01-01,,,,,,0.0
519173,2020,1,2020-04-01,,,,,,0.0
519173,2020,2,2020-07-01,,,,,,0.0
519173,2020,3,2020-10-01,,,,,,0.0
519173,2020,4,2021-01-01,,,,,,0.0
519173,2021,1,2021-04-01,,,,,,0.0
519173,2021,2,2021-07-01,,,,,,0.0
519173,2021,3,2021-10-01,,,,,,0.0
519173,2021,4,2022-01-01,,,,,,0.0
519173,2022,1,2022-04-01,,,,,,0.0
519173,2022,2,2022-07-01,,,,,,0.0
519173,2022,3,2022-10-01,,,,,,0.0
519173,2022,4,2023-01-01,,,,,,0.0
519173,2023,1,2023-04-01,,,,,,0.0
519173,2023,2,2023-07-01,,,,,,0.0
519173,2023,3,2023-10-01,,,,,,0.0
519173,2023,4,2024-01-01,,,,,,0.0
519173,2024,1,2024-04-01,,,,,,0.0
519173,2024,2,2024-07-01,,,,,,0.0
519173,2024,3,2024-10-01,,,,,,0.0
519173,2024,4,2025-01-01,,,,,,0.0
519173,2025,1,2025-04-01,,,,,,0.0
519173,2025,2,2025-07-01,,,,,,0.0
519173,2025,3,2025-10-01,,,,,,0.0
519173,2025,4,2026-01-01,,,,,,0.0
519173,2026,1,2026-04-01,,,,,,0.0
519173,2026,2,2026-07-01,,,,,,0.0
519181,2020,1,2020-04-01,,,,,,
519181,2020,2,2020-07-01,,,,,,
519181,2020,3,2020-10-01,,,,,,
519181,2020,4,2021-01-01,0.6782398871607498,-1.512624044922824,2815.9400000000005,2021.4500000000005,3566.135,
519181,2021,1,2021-04-01,,,,,,
519181,2021,2,2021-07-01,0.8570461537550013,-0.24257869226960027,2305.2,3480.8300000000004,3375.565,
519181,2021,3,2021-10-01,,,,,,
519181,2021,4,2022-01-01,0.9819822619278824,0.644831612670179,1039.21,2752.96,1930.875,
519181,2022,1,2022-04-01,,,,,,
519181,2022,2,2022-07-01,0.6340975451497782,-1.8261632591466839,134.83999999999995,803.3199999999998,739.76,0.7228244316273635
519181,2022,3,2022-10-01,,,,,,0.09757506278790301
519181,2022,4,2023-01-01,0.9501948483984411,0.41904838037696024,210.02,389.8,315.63,0.2981086062255689
519181,2023,1,2023-04-01,,,,,,0.9519266638470609
519181,2023,2,2023-07-01,0.9959221321423372,0.7438452978148502,1829.96,221.54,1029.9499999999998,0.04093247474780967
519181,2023,3,2023-10-01,,,,,,0.1411282365419738
519181,2023,4,2024-01-01,0.994610175169307,0.7345265815963693,2155.19,1823.38,2000.065,0.3809214017724722
519181,2024,1,2024-04-01,,,,,,0.021284959803884035
519181,2024,2,2024-07-01,0.9948879733316652,0.7364997577707771,66.17,2160.25,1118.9299999999998,1.1347388727399075
519181,2024,3,2024-10-01,,,,,,0.23486607311264812
519181,2024,4,2025-01-01,0.9338024169374942,0.302614366109971,234.55,61.400000000000006,158.465,0.3208873563808079
519181,2025,1,2025-04-01,,,,,,0.16376697362208448
519181,2025,2,2025-07-01,,,,,,0.40033607932001936
519181,2025,3,2025-10-01,,,,,,0.5122318260904402
519181,2025,4,2026-01-01,,,,,,0.3679116914740001
519181,2026,1,2026-04-01,,,,,,0.0
519181,2026,2,2026-07-01,,,,,,0.07230736051279221
519185,2020,1,2020-04-01,,,,,,
519185,2020,2,2020-07-01,,,,,,
519185,2020,3,2020-10-01,,,,,,
519185,2020,4,2021-01-01,1.0,0.5389340354280675,2746.3300000000004,4174.25,3460.29,
519185,2021,1,2021-04-01,,,,,,
519185,2021,2,2021-07-01,0.9762762572951564,0.4137035677579887,1005.67,2701.2900000000004,1898.52,
519185,2021,3,2021-10-01,,,,,,
519185,2021,4,2022-01-01,0.995283420249687,0.5140366364264196,590.67,1046.8300000000002,822.63,
519185,2022,1,2022-04-01,,,,,,
519185,2022,2,2022-07-01,0.7167425756857573,-0.9562962981336057,1071.48,319.66,970.46,0.6378240940143483
519185,2022,3,2022-10-01,,,,,,0.0530138174820442
519185,2022,4,2023-01-01,0.9954254878616906,0.5147865684128407,1737.6,1339.3000000000002,1545.52,0.0555589465280078
519185,2023,1,2023-04-01,,,,,,0.013107302794093889
519185,2023,2,2023-07-01,0.4551659708839943,-2.337080138121393,365.91,954.44,1450.4050000000002,0.10010612541669939
519185,2023,3,2023-10-01,,,,,,0.1260456804898502
519185,2023,4,2024-01-01,0.9990641085634068,0.5339937473904189,1065.3,1155.1,1111.24,0.3706215684846059
519185,2024,1,2024-04-01,,,,,,0.002062593686462999
519185,2024,2,2024-07-01,0.9431779951824092,0.23898784541119647,1821.65,981.89,1486.22,0.07094863280801894
519185,2024,3,2024-10-01,,,,,,0.6937080790436404
519185,2024,4,2025-01-01,1.0,0.5389340354280675,27.97,1906.1,967.035,0.4103049914210698
519185,2025,1,2025-04-01,,,,,,0.044428833866759276
519185,2025,2,2025-07-01,,,,,,0.1565139306363749
519185,2025,3,2025-10-01,,,,,,0.5467553001164118
519185,2025,4,2026-01-01,,,,,,0.8008793018793152
519185,2026,1,2026-04-01,,,,,,0.295276721355757
519185,2026,2,2026-07-01,,,,,,0.49968726910244354
519670,2020,1,2020-04-01,,,,,,
519670,2020,2,2020-07-01,,,,,,
519670,2020,3,2020-10-01,,,,,,
519670,2020,4,2021-01-01,1.0,0.9856659756599221,1307.61,201.46,754.535,
519670,2021,1,2021-04-01,,,,,,
519670,2021,2,2021-07-01,0.9878678368611254,0.7992199920896216,771.6600000000001,1294.92,1045.98,
519670,2021,3,2021-10-01,,,,,,
519670,2021,4,2022-01-01,0.9220144849218546,-0.21280835216964522,2398.9,655.1899999999999,1656.205,
519670,2022,1,2022-04-01,,,,,,
519670,2022,2,2022-07-01,0.941763092374562,0.09068645733102701,8975.43,2183.05,5924.25,0.25833334341855774
519670,2022,3,2022-10-01,,,,,,0.18232742100651225
519670,2022,4,2023-01-01,0.7784351300693451,-2.419322864827992,12701.940000000002,6576.799999999999,12383.01,0.09897125406071736
519670,2023,1,2023-04-01,,,,,,0.01827312819248622
519670,2023,2,2023-07-01,0.9527771350883196,0.2599492675443042,8397.78,14868.990000000002,12209.975,0.03191845052860101
519670,2023,3,2023-10-01,,,,,,0.3664590404810444
519670,2023,4,2024-01-01,0.964666251837112,0.44266013621931555,3544.67,8749.220000000001,6372.094999999999,0.17234547384122453
519670,2024,1,2024-04-01,,,,,,1.3585726336263297
519670,2024,2,2024-07-01,0.9161292959649024,-0.3032514026805698,6074.62,3338.92,5137.67,0.21530057009811915
519670,2024,3,2024-10-01,,,,,,0.4672814668014299
519670,2024,4,2025-01-01,0.9591053558601552,0.35720079083402023,3449.38,6297.719999999999,5081.349999999999,0.5326808837824446
519670,2025,1,2025-04-01,,,,,,0.2324632299282054
519670,2025,2,2025-07-01,,,,,,0.3357377820752604
519670,2025,3,2025-10-01,,,,,,1.5705936683646105
519670,2025,4,2026-01-01,,,,,,0.17487748371896383
519670,2026,1,2026-04-01,,,,,,0.25777243738790084
519670,2026,2,2026-07-01,,,,,,0.4021176262366404
519672,2020,1,2020-04-01,,,,,,
519672,2020,2,2020-07-01,,,,,,
519672,2020,3,2020-10-01,,,,,,
519672,2020,4,2021-01-01,0.9957558728935918,0.47001852506567554,940.16,3273.61,2115.865,
519672,2021,1,2021-04-01,,,,,,
519672,2021,2,2021-07-01,0.9938292418188958,0.4151655436219997,1209.2300000000002,942.46,1082.525,
519672,2021,3,2021-10-01,,,,,,
519672,2021,4,2022-01-01,0.9946595683429222,0.438805713249079,1174.4999999999998,1209.5099999999998,1198.405,
519672,2022,1,2022-04-01,,,,,,
519672,2022,2,2022-07-01,0.990414837519807,0.31795427254942404,1117.85,1169.83,1154.91,0.038233752494374385
519672,2022,3,2022-10-01,,,,,,0.12731316767779566
519672,2022,4,2023-01-01,0.9987973670929572,0.556612698215903,2594.0,1126.68,1862.58,0.052924667739817854
519672,2023,1,2023-04-01,,,,,,0.006024792472925367
519672,2023,2,2023-07-01,0.9982123023686994,0.5399553605010916,1919.5,2592.2,2259.89,0.005773483374584831
519672,2023,3,2023-10-01,,,,,,0.1473987394626129
519672,2023,4,2024-01-01,0.9961650677324836,0.4816686833130818,6030.030000000002,1908.26,3984.425,0.5818095351867696
519672,2024,1,2024-04-01,,,,,,0.8583584341296352
519672,2024,2,2024-07-01,0.950957183114282,-0.8054419050289444,9365.73,5657.91,7899.22,0.33542183338886317
519672,2024,3,2024-10-01,,,,,,0.0869520287404702
519672,2024,4,2025-01-01,0.894432970556956,-2.4147388914873167,8211.560000000001,8752.05,9482.885,0.05931024987230821
519672,2025,1,2025-04-01,,,,,,0.18271959111552802
519672,2025,2,2025-07-01,,,,,,0.23148185538814375
519672,2025,3,2025-10-01,,,,,,1.1026004674019627
519672,2025,4,2026-01-01,,,,,,0.041912620530235214
519672,2026,1,2026-04-01,,,,,,0.2178805923945832
519672,2026,2,2026-07-01,,,,,,0.25979321292481844
519674,2020,1,2020-04-01,,,,,,
519674,2020,2,2020-07-01,,,,,,
519674,2020,3,2020-10-01,,,,,,
519674,2020,4,2021-01-01,0.9918463295546528,1.5884272216513824,1011.99,1671.48,1352.765,
519674,2021,1,2021-04-01,,,,,,
519674,2021,2,2021-07-01,0.6375957938032324,0.33486074846154046,3197.31,89.05000000000001,2577.15,
519674,2021,3,2021-10-01,,,,,,
519674,2021,4,2022-01-01,0.3470387343353043,-0.6933171977623881,2491.18,921.12,4916.31,
519674,2022,1,2022-04-01,,,,,,
519674,2022,2,2022-07-01,0.1769968822728669,-1.2950347486827716,731.56,1203.1999999999998,5465.52,0.705757160292374
519674,2022,3,2022-10-01,,,,,,0.5751881846158959
519674,2022,4,2023-01-01,0.8237462529806143,0.9935809225854398,3217.92,4413.29,4632.014999999999,1.0576435763966028
519674,2023,1,2023-04-01,,,,,,0.02287607916190032
519674,2023,2,2023-07-01,0.4798138193864015,-0.22347346205162885,790.27,2338.38,3260.275,0.28468124769122083
519674,2023,3,2023-10-01,,,,,,0.8351611307337672
519674,2023,4,2024-01-01,0.3163398409412003,-0.8019496475094271,1156.79,594.17,2767.53,0.7117972114356962
519674,2024,1,2024-04-01,,,,,,0.045415356323197986
519674,2024,2,2024-07-01,0.3101366681627829,-0.8239004665983346,132.84,1373.5000000000002,2428.51,0.33006708293143133
519674,2024,3,2024-10-01,,,,,,0.9862993482189063
519674,2024,4,2025-01-01,0.8031806645400144,0.9208066299061851,127.85,1596.86,1073.675,0.47130142202755504
519674,2025,1,2025-04-01,,,,,,0.34907291995984335
519674,2025,2,2025-07-01,,,,,,0.8485495156475087
519674,2025,3,2025-10-01,,,,,,0.3900699969132343
519674,2025,4,2026-01-01,,,,,,0.12798950650147184
519674,2026,1,2026-04-01,,,,,,0.2237431856661368
519674,2026,2,2026-07-01,,,,,,0.2267510691480203
519679,2020,1,2020-04-01,,,,,,
519679,2020,2,2020-07-01,,,,,,
519679,2020,3,2020-10-01,,,,,,
519679,2020,4,2021-01-01,0.938539603586688,0.4075137622281906,4020.960000000001,9655.12,7285.83,
519679,2021,1,2021-04-01,,,,,,
519679,2021,2,2021-07-01,0.9588539587101018,1.063963927984237,8875.59,4188.45,6812.32,
519679,2021,3,2021-10-01,,,,,,
519679,2021,4,2022-01-01,0.9507319945582652,0.801505942911766,5254.85,8791.93,7387.35,
519679,2022,1,2022-04-01,,,,,,
519679,2022,2,2022-07-01,0.9336217331046612,0.2485947675822656,4956.67,5255.77,5469.26,0.020468311259880946
519679,2022,3,2022-10-01,,,,,,0.10924826671956633
519679,2022,4,2023-01-01,0.9479198931126184,0.7106340225922277,10622.68,4893.47,8184.315,0.04346483861987299
519679,2023,1,2023-04-01,,,,,,0.03065227024601741
519679,2023,2,2023-07-01,0.9281816292234812,0.07280001196067626,17337.499999999996,9991.62,14721.86,0.0005042500440780584
519679,2023,3,2023-10-01,,,,,,0.5156372691642679
519679,2023,4,2024-01-01,0.9205038805570402,-0.17530332944982246,13729.43,17065.07,16726.98,0.33168263799680225
519679,2024,1,2024-04-01,,,,,,1.118923990008987
519679,2024,2,2024-07-01,0.8938653982029984,-1.0361151076512085,20885.250000000004,13044.79,18979.39,0.12132827649312894
519679,2024,3,2024-10-01,,,,,,0.6298237005879046
519679,2024,4,2025-01-01,0.8611409008414451,-2.093593998158311,16807.299999999996,19937.1,21334.72,0.16938969792217978
519679,2025,1,2025-04-01,,,,,,0.2571696235696154
519679,2025,2,2025-07-01,,,,,,0.4676654973826422
519679,2025,3,2025-10-01,,,,,,0.9026609839363658
519679,2025,4,2026-01-01,,,,,,1.0973390160636343
519679,2026,1,2026-04-01,,,,,,0.0
519679,2026,2,2026-07-01,,,,,,0.0
519688,2020,1,2020-04-01,,,,,,
519688,2020,2,2020-07-01,,,,,,
519688,2020,3,2020-10-01,,,,,,
519688,2020,4,2021-01-01,1.0,0.9025632667173848,1075.16,1007.73,1041.4450000000002,
519688,2021,1,2021-04-01,,,,,,
519688,2021,2,2021-07-01,0.9848180226002252,0.7114414210971531,993.07,1059.34,1042.025,
519688,2021,3,2021-10-01,,,,,,
519688,2021,4,2022-01-01,0.983629065405032,0.6964739575365667,1259.37,990.17,1143.49,
519688,2022,1,2022-04-01,,,,,,
519688,2022,2,2022-07-01,0.9473907215382956,0.24027915631561306,1249.74,1209.8,1298.06,1.0643532048213442
519688,2022,3,2022-10-01,,,,,,0.44153269233876
519688,2022,4,2023-01-01,0.802940849331524,-1.5781615809347505,708.16,1096.57,1123.825,0.7306452815742501
519688,2023,1,2023-04-01,,,,,,0.2279875861043177
519688,2023,2,2023-07-01,0.9679463415895786,0.4990483494595657,1353.06,892.4399999999999,1159.93,0.28541539001352767
519688,2023,3,2023-10-01,,,,,,0.8557049721250847
519688,2023,4,2024-01-01,0.865145747771211,-0.7950807816846857,99.34,1282.54,798.64,0.010049428998495313
519688,2024,1,2024-04-01,,,,,,0.033393594655878156
519688,2024,2,2024-07-01,0.8119869628198938,-1.4642824820491889,93.17,175.89,165.68,0.42943008378829195
519688,2024,3,2024-10-01,,,,,,0.18068675022850356
519688,2024,4,2025-01-01,0.990877192982456,0.787718693542347,1237.4399999999998,118.07999999999998,684.0,0.9163095608884004
519688,2025,1,2025-04-01,,,,,,0.11369070399727975
519688,2025,2,2025-07-01,,,,,,1.03000026488568
519688,2025,3,2025-10-01,,,,,,2.0
519688,2025,4,2026-01-01,,,,,,2.0
519688,2026,1,2026-04-01,,,,,,0.8800718256993839
519688,2026,2,2026-07-01,,,,,,1.3928414084999252
519698,2020,1,2020-04-01,,,,,,
519698,2020,2,2020-07-01,,,,,,
519698,2020,3,2020-10-01,,,,,,
519698,2020,4,2021-01-01,0.9999999999999998,1.0485278673474585,3087.87,6885.189999999999,4986.53,
519698,2021,1,2021-04-01,,,,,,
519698,2021,2,2021-07-01,0.9838829540176496,0.4891813335484747,2464.82,3042.76,2798.9,
519698,2021,3,2021-10-01,,,,,,
519698,2021,4,2022-01-01,0.9624972338292912,-0.2530159942529628,2012.9,2423.4999999999995,2304.63,
519698,2022,1,2022-04-01,,,,,,
519698,2022,2,2022-07-01,0.9906638987520338,0.7245158940637123,4109.699999999999,2070.21,3119.075,0.1379437507870796
519698,2022,3,2022-10-01,,,,,,0.1251792914223704
519698,2022,4,2023-01-01,0.9792040663323912,0.3267992437008667,7371.360000000001,4017.88,5815.56,0.19210961157238096
519698,2023,1,2023-04-01,,,,,,0.1938639126025875
519698,2023,2,2023-07-01,0.9944900509647058,0.8573035637327746,11826.560000000003,7438.929999999999,9686.115,0.31153103747630445
519698,2023,3,2023-10-01,,,,,,0.6450260580555321
519698,2023,4,2024-01-01,0.958739830688724,-0.38341770837993255,11557.440000000002,11386.23,11965.535,0.9090556148280423
519698,2024,1,2024-04-01,,,,,,0.19844220322801923
519698,2024,2,2024-07-01,0.9510196548583464,-0.6513485435819514,13954.039999999995,11398.28,13329.02,0.17264890893984375
519698,2024,3,2024-10-01,,,,,,0.17607322674513057
519698,2024,4,2025-01-01,0.9075911830607314,-2.1585456561784286,6923.91,13563.89,11286.91,0.14802493659504742
519698,2025,1,2025-04-01,,,,,,0.11755665572527688
519698,2025,2,2025-07-01,,,,,,0.10684262081819448
519698,2025,3,2025-10-01,,,,,,0.09082742521562921
519698,2025,4,2026-01-01,,,,,,2.0
519698,2026,1,2026-04-01,,,,,,0.0
519698,2026,2,2026-07-01,,,,,,1.2792901402694676
519704,2020,1,2020-04-01,,,,,,
519704,2020,2,2020-07-01,,,,,,
519704,2020,3,2020-10-01,,,,,,
519704,2020,4,2021-01-01,1.0,0.5289942482539359,6131.74,4034.51,5083.125,
519704,2021,1,2021-04-01,,,,,,
519704,2021,2,2021-07-01,0.8582547839161387,-2.1433316452704614,4639.159999999999,5310.150000000001,5796.245,
519704,2021,3,2021-10-01,,,,,,
519704,2021,4,2022-01-01,0.9995460117946856,0.5204351979386255,5638.340000000001,5458.23,5550.805,
519704,2022,1,2022-04-01,,,,,,
519704,2022,2,2022-07-01,1.0,0.5289942482539359,3615.19,5640.86,4628.025,1.4626342889732196
519704,2022,3,2022-10-01,,,,,,0.5351005297394656
519704,2022,4,2023-01-01,0.9030818278427206,-1.2982063315223975,6055.13,3122.71,5081.4,0.7069128812658749
519704,2023,1,2023-04-01,,,,,,0.18572408696813536
519704,2023,2,2023-07-01,0.9995533928034812,0.5205743522710945,5496.079999999999,6544.919999999999,6023.19,0.3180110520385123
519704,2023,3,2023-10-01,,,,,,0.0
519704,2023,4,2024-01-01,0.9971600251764636,0.47545213609260895,3671.37,5485.729999999999,4591.59,0.7794897850377682
519704,2024,1,2024-04-01,,,,,,0.36005436935049484
519704,2024,2,2024-07-01,0.990004787130926,0.3405542648860885,8890.479999999998,3621.250000000001,6319.025,0.510433304892599
519704,2024,3,2024-10-01,,,,,,0.6230227158965777
519704,2024,4,2025-01-01,0.9998694788051375,0.5265335290965548,4529.879999999999,8952.759999999998,6742.2,0.3585685067125423
519704,2025,1,2025-04-01,,,,,,0.2870879856782015
519704,2025,2,2025-07-01,,,,,,0.6693391120783929
519704,2025,3,2025-10-01,,,,,,0.15763453090736795
519704,2025,4,2026-01-01,,,,,,0.20127836280810935
519704,2026,1,2026-04-01,,,,,,0.7262339013817285
519704,2026,2,2026-07-01,,,,,,0.23682139995072182
519770,2016,2,2016-07-01,,,,,,
519770,2016,3,2016-10-01,,,,,,
519770,2016,4,2017-01-01,,,,,,
519770,2017,1,2017-04-01,,,,,,
519770,2017,2,2017-07-01,,,,,,
519770,2017,3,2017-10-01,,,,,,
519770,2017,4,2018-01-01,,,,,,
519770,2018,1,2018-04-01,,,,,,
519770,2018,2,2018-07-01,,,,,,
519770,2018,3,2018-10-01,,,,,,0.0
519770,2018,4,2019-01-01,,,,,,0.0
519770,2019,1,2019-04-01,,,,,,0.0
519770,2019,2,2019-07-01,,,,,,0.0
519770,2019,3,2019-10-01,,,,,,0.0
519770,2019,4,2020-01-01,,,,,,0.0
519770,2020,1,2020-04-01,,,,,,0.0
519770,2020,2,2020-07-01,,,,,,0.0
519770,2020,3,2020-10-01,,,,,,0.0
519770,2020,4,2021-01-01,,,,,,0.0
519770,2021,1,2021-04-01,,,,,,0.0
519770,2021,2,2021-07-01,,,,,,0.0
519770,2021,3,2021-10-01,,,,,,0.0
519770,2021,4,2022-01-01,,,,,,0.0
519770,2022,1,2022-04-01,,,,,,0.0
519770,2022,2,2022-07-01,,,,,,0.0
519770,2022,3,2022-10-01,,,,,,0.0
519770,2022,4,2023-01-01,,,,,,0.0
519770,2023,1,2023-04-01,,,,,,0.0
519770,2023,2,2023-07-01,,,,,,0.0
519770,2023,3,2023-10-01,,,,,,0.0
519770,2023,4,2024-01-01,,,,,,0.0
519770,2024,1,2024-04-01,,,,,,0.0
519770,2024,2,2024-07-01,,,,,,0.0
519770,2024,3,2024-10-01,,,,,,0.0
519770,2024,4,2025-01-01,,,,,,0.0
519770,2025,1,2025-04-01,,,,,,0.0
519770,2025,2,2025-07-01,,,,,,0.0
519770,2025,3,2025-10-01,,,,,,0.0
519770,2025,4,2026-01-01,,,,,,0.0
519770,2026,1,2026-04-01,,,,,,0.0
519770,2026,2,2026-07-01,,,,,,0.0
519771,2016,2,2016-07-01,,,,,,
519771,2016,3,2016-10-01,,,,,,
519771,2016,4,2017-01-01,,,,,,
519771,2017,1,2017-04-01,,,,,,
519771,2017,2,2017-07-01,,,,,,
519771,2017,3,2017-10-01,,,,,,
519771,2017,4,2018-01-01,,,,,,
519771,2018,1,2018-04-01,,,,,,
519771,2018,2,2018-07-01,,,,,,
519771,2018,3,2018-10-01,,,,,,0.0
519771,2018,4,2019-01-01,,,,,,0.0
519771,2019,1,2019-04-01,,,,,,0.0
519771,2019,2,2019-07-01,,,,,,0.0
519771,2019,3,2019-10-01,,,,,,0.0
519771,2019,4,2020-01-01,,,,,,0.0
519771,2020,1,2020-04-01,,,,,,0.0
519771,2020,2,2020-07-01,,,,,,0.0
519771,2020,3,2020-10-01,,,,,,0.0
519771,2020,4,2021-01-01,,,,,,0.0
519771,2021,1,2021-04-01,,,,,,0.0
519771,2021,2,2021-07-01,,,,,,0.0
519771,2021,3,2021-10-01,,,,,,0.0
519771,2021,4,2022-01-01,,,,,,0.0
519771,2022,1,2022-04-01,,,,,,0.0
519771,2022,2,2022-07-01,,,,,,0.0
519771,2022,3,2022-10-01,,,,,,0.0
519771,2022,4,2023-01-01,,,,,,0.0
519771,2023,1,2023-04-01,,,,,,0.0
519771,2023,2,2023-07-01,,,,,,0.0
519771,2023,3,2023-10-01,,,,,,0.0
519771,2023,4,2024-01-01,,,,,,0.0
519771,2024,1,2024-04-01,,,,,,0.0
519771,2024,2,2024-07-01,,,,,,0.0
519771,2024,3,2024-10-01,,,,,,0.0
519771,2024,4,2025-01-01,,,,,,0.0
519771,2025,1,2025-04-01,,,,,,0.0
519771,2025,2,2025-07-01,,,,,,0.0
519771,2025,3,2025-10-01,,,,,,0.0
519771,2025,4,2026-01-01,,,,,,0.0
519771,2026,1,2026-04-01,,,,,,0.0
519771,2026,2,2026-07-01,,,,,,0.0
519773,2016,3,2016-10-01,,,,,,
519773,2016,4,2017-01-01,,,,,,
519773,2017,1,2017-04-01,,,,,,
519773,2017,2,2017-07-01,,,,,,
519773,2017,3,2017-10-01,,,,,,
519773,2017,4,2018-01-01,,,,,,
519773,2018,1,2018-04-01,,,,,,
519773,2018,2,2018-07-01,,,,,,
519773,2018,3,2018-10-01,,,,,,
519773,2018,4,2019-01-01,,,,,,0.0
519773,2019,1,2019-04-01,,,,,,0.0
519773,2019,2,2019-07-01,,,,,,0.0
519773,2019,3,2019-10-01,,,,,,0.0
519773,2019,4,2020-01-01,,,,,,0.0
519773,2020,1,2020-04-01,,,,,,0.0
519773,2020,2,2020-07-01,,,,,,0.0
519773,2020,3,2020-10-01,,,,,,0.0
519773,2020,4,2021-01-01,,,,,,0.0
519773,2021,1,2021-04-01,,,,,,0.0
519773,2021,2,2021-07-01,,,,,,0.0
519773,2021,3,2021-10-01,,,,,,0.0
519773,2021,4,2022-01-01,,,,,,0.0
519773,2022,1,2022-04-01,,,,,,0.0
519773,2022,2,2022-07-01,,,,,,0.0
519773,2022,3,2022-10-01,,,,,,0.0
519773,2022,4,2023-01-01,,,,,,0.0
519773,2023,1,2023-04-01,,,,,,0.0
519773,2023,2,2023-07-01,,,,,,0.0
519773,2023,3,2023-10-01,,,,,,0.0
519773,2023,4,2024-01-01,,,,,,0.0
519773,2024,1,2024-04-01,,,,,,0.0
519773,2024,2,2024-07-01,,,,,,0.0
519773,2024,3,2024-10-01,,,,,,0.0
519773,2024,4,2025-01-01,,,,,,0.0
519773,2025,1,2025-04-01,,,,,,0.0
519773,2025,2,2025-07-01,,,,,,0.0
519773,2025,3,2025-10-01,,,,,,0.0
519773,2025,4,2026-01-01,,,,,,0.0
519773,2026,1,2026-04-01,,,,,,0.0
519773,2026,2,2026-07-01,,,,,,0.0
530019,2020,1,2020-04-01,,,,,,
530019,2020,2,2020-07-01,,,,,,
530019,2020,3,2020-10-01,,,,,,
530019,2020,4,2021-01-01,0.5735651575664527,-0.4315112191581867,1132.1,1135.53,1976.785,
530019,2021,1,2021-04-01,,,,,,
530019,2021,2,2021-07-01,0.4828891210598853,-0.9690790598961201,693.3,1044.5600000000002,1799.44,
530019,2021,3,2021-10-01,,,,,,
530019,2021,4,2022-01-01,0.6862391217551912,0.23647011273358107,973.58,1140.51,1540.345,
530019,2022,1,2022-04-01,,,,,,
530019,2022,2,2022-07-01,0.4309465093250751,-1.2770179454973716,811.9,554.64,1585.5100000000002,0.3086227090082462
530019,2022,3,2022-10-01,,,,,,0.32059565947757085
530019,2022,4,2023-01-01,0.5916429126506562,-0.32433825328532745,3191.2,455.61,3081.935,0.13257635617575933
530019,2023,1,2023-04-01,,,,,,0.5247677386341272
530019,2023,2,2023-07-01,0.5529568332082738,-0.5536865242692651,1583.2199999999998,2713.05,3884.815,0.03156437349082765
530019,2023,3,2023-10-01,,,,,,0.009107415317607406
530019,2023,4,2024-01-01,0.967091757737502,1.9014893494272016,5414.430000000001,3173.78,4440.225,0.09438470603347074
530019,2024,1,2024-04-01,,,,,,0.08775035836647321
530019,2024,2,2024-07-01,0.8129759556222207,0.9878223856014721,4332.469999999999,4540.0,5456.785,0.4127835512431368
530019,2024,3,2024-10-01,,,,,,1.6844570626946984
530019,2024,4,2025-01-01,0.7188583096230426,0.4298511543440169,3536.58,3899.01,5171.805,0.8202688281105353
530019,2025,1,2025-04-01,,,,,,0.8641882345841632
530019,2025,2,2025-07-01,,,,,,0.13419720546232616
530019,2025,3,2025-10-01,,,,,,0.011335396246444654
530019,2025,4,2026-01-01,,,,,,0.15931265384005347
530019,2026,1,2026-04-01,,,,,,0.7459963078220607
530019,2026,2,2026-07-01,,,,,,0.8474588994553165
570001,2020,1,2020-04-01,,,,,,
570001,2020,2,2020-07-01,,,,,,
570001,2020,3,2020-10-01,,,,,,
570001,2020,4,2021-01-01,0.8994664586480768,1.0716782233214086,2301.9300000000003,430.82,1519.095,
570001,2021,1,2021-04-01,,,,,,
570001,2021,2,2021-07-01,0.8360583187864185,0.6319157130463446,1652.64,2087.91,2237.0150000000003,
570001,2021,3,2021-10-01,,,,,,
570001,2021,4,2022-01-01,0.5546210042908966,-1.3199721703965488,2621.77,689.75,2985.3900000000003,
570001,2022,1,2022-04-01,,,,,,
570001,2022,2,2022-07-01,0.949523742077122,1.4188468465665491,453.12,3837.36,2259.28,0.044936300595428
570001,2022,3,2022-10-01,,,,,,0.04515263529719632
570001,2022,4,2023-01-01,0.6360968451944241,-0.754902442745183,414.04,348.92,599.72,0.4602015040487641
570001,2023,1,2023-04-01,,,,,,0.0
570001,2023,2,2023-07-01,0.5794945182718537,-1.1474637358092432,1663.46,21.090000000000003,1453.465,0.0
570001,2023,3,2023-10-01,,,,,,0.3149223895707811
570001,2023,4,2024-01-01,0.762228784182822,0.11987638275604424,950.96,1839.43,1830.415,0.09372221353387752
570001,2024,1,2024-04-01,,,,,,0.8622409646773754
570001,2024,2,2024-07-01,0.8344455287253701,0.6207303256916504,822.63,1186.84,1204.075,0.06506340459005314
570001,2024,3,2024-10-01,,,,,,1.3042393656324283
570001,2024,4,2025-01-01,0.652562061279023,-0.6407091424310235,1962.02,394.61,1805.675,1.3042393656324278
570001,2025,1,2025-04-01,,,,,,0.41467279561357784
570001,2025,2,2025-07-01,,,,,,1.2750731312644268
570001,2025,3,2025-10-01,,,,,,0.38394986013467536
570001,2025,4,2026-01-01,,,,,,0.8500355799408224
570001,2026,1,2026-04-01,,,,,,0.27890546535681526
570001,2026,2,2026-07-01,,,,,,0.3647520810281384
570008,2020,1,2020-04-01,,,,,,
570008,2020,2,2020-07-01,,,,,,
570008,2020,3,2020-10-01,,,,,,
570008,2020,4,2021-01-01,0.8820662494658497,-0.11311677556907834,560.7900000000001,4785.44,3030.5150000000003,
570008,2021,1,2021-04-01,,,,,,
570008,2021,2,2021-07-01,0.8990541030457977,0.1944402541043769,1098.52,810.99,1061.955,
570008,2021,3,2021-10-01,,,,,,
570008,2021,4,2022-01-01,0.7979791435770593,-1.6354739350115117,2679.65,769.1600000000001,2160.965,
570008,2022,1,2022-04-01,,,,,,
570008,2022,2,2022-07-01,0.9926717759360032,1.8893438076079763,1098.51,3100.71,2115.11,0.03347822959144525
570008,2022,3,2022-10-01,,,,,,0.03965109590060531
570008,2022,4,2023-01-01,0.897179776950839,0.1605064693744804,2268.69,930.68,1783.015,0.4545646189516005
570008,2023,1,2023-04-01,,,,,,0.0
570008,2023,2,2023-07-01,0.8276890992692002,-1.0975892822269802,650.4,2159.53,1697.455,0.0
570008,2023,3,2023-10-01,,,,,,0.20481905286804716
570008,2023,4,2024-01-01,0.8754688761571074,-0.23255908939257072,2204.55,733.8999999999999,1678.215,0.04394584755001053
570008,2024,1,2024-04-01,,,,,,0.96776340695086
570008,2024,2,2024-07-01,0.9008575054815496,0.22708999963199517,2012.16,2182.71,2328.265,0.09566043223727536
570008,2024,3,2024-10-01,,,,,,1.2086201736084268
570008,2024,4,2025-01-01,0.921861566051174,0.6073585514813081,4138.83,1983.52,3320.645,1.2086201736084268
570008,2025,1,2025-04-01,,,,,,0.040623202507259315
570008,2025,2,2025-07-01,,,,,,1.2513845430902402
570008,2025,3,2025-10-01,,,,,,0.14768224126060725
570008,2025,4,2026-01-01,,,,,,1.8622400326206225
570008,2026,1,2026-04-01,,,,,,1.8622400326206225
570008,2026,2,2026-07-01,,,,,,1.407036621870357
580001,2020,1,2020-04-01,,,,,,
580001,2020,2,2020-07-01,,,,,,
580001,2020,3,2020-10-01,,,,,,
580001,2020,4,2021-01-01,0.9403404107595,-0.9364526441727633,9461.15,11016.85,10888.61,
580001,2021,1,2021-04-01,,,,,,
580001,2021,2,2021-07-01,0.99947472732679,0.5499053205923221,7170.959999999999,10106.22,8643.130000000001,
580001,2021,3,2021-10-01,,,,,,
580001,2021,4,2022-01-01,0.8863303859107687,-2.2940100705737594,14143.740000000002,5890.81,11301.965,
580001,2022,1,2022-04-01,,,,,,
580001,2022,2,2022-07-01,0.9735642267554536,-0.10136252405135998,6246.92,15138.09,10982.845,0.0175903862632264
580001,2022,3,2022-10-01,,,,,,0.266310333514246
580001,2022,4,2023-01-01,0.999493537506391,0.5503781198380333,12097.11,6532.54,9319.545,0.07206563227215958
580001,2023,1,2023-04-01,,,,,,0.0
580001,2023,2,2023-07-01,0.999768091858388,0.5572791220232407,1953.8300000000004,12100.2,7028.645,1.7838474765355181
580001,2023,3,2023-10-01,,,,,,0.23723687311924327
580001,2023,4,2024-01-01,1.0000000000000002,0.5631081995096942,617.48,1955.4600000000005,1286.47,1.0894738966324096
580001,2024,1,2024-04-01,,,,,,0.6926091093131422
580001,2024,2,2024-07-01,0.999637832671227,0.5540050200878558,4738.1900000000005,616.51,2678.32,0.44713341732459666
580001,2024,3,2024-10-01,,,,,,0.05841188468038727
580001,2024,4,2025-01-01,0.9997629331633155,0.557149456746734,828.23,4738.5,2784.025,0.12730025934944994
580001,2025,1,2025-04-01,,,,,,0.030785611076890193
580001,2025,2,2025-07-01,,,,,,0.5621778898391366
580001,2025,3,2025-10-01,,,,,,0.4765667564031625
580001,2025,4,2026-01-01,,,,,,1.216733091066016
580001,2026,1,2026-04-01,,,,,,0.0
580001,2026,2,2026-07-01,,,,,,0.0
580002,2020,1,2020-04-01,,,,,,
580002,2020,2,2020-07-01,,,,,,
580002,2020,3,2020-10-01,,,,,,
580002,2020,4,2021-01-01,0.9991610258810684,0.8299331008230239,19465.79,6234.519999999999,12860.945000000002,
580002,2021,1,2021-04-01,,,,,,
580002,2021,2,2021-07-01,0.8225803041671108,-0.3267330310582607,19317.06,15700.2,21285.01,
580002,2021,3,2021-10-01,,,,,,
580002,2021,4,2022-01-01,0.7785791730609838,-0.6149559900592394,15210.13,18324.91,21536.05,
580002,2022,1,2022-04-01,,,,,,
580002,2022,2,2022-07-01,0.5263814215916757,-2.2669403903365235,11007.73,10363.94,20300.555,0.11293302258967565
580002,2022,3,2022-10-01,,,,,,0.12480372819889103
580002,2022,4,2023-01-01,0.8588184953633355,-0.0893600719352913,7788.020000000001,18464.610000000004,15284.155,0.6489259943107307
580002,2023,1,2023-04-01,,,,,,0.06952751416990693
580002,2023,2,2023-07-01,0.9915968144941272,0.7803848430022265,8614.0,9867.55,9319.085,0.5793984801408236
580002,2023,3,2023-10-01,,,,,,0.4649766184212256
580002,2023,4,2024-01-01,0.9999598702525004,0.8351658137721545,16226.36,8691.81,12459.585,1.1732110432103349
580002,2024,1,2024-04-01,,,,,,0.05975656795373313
580002,2024,2,2024-07-01,0.9270697550345096,0.35770979930333113,5734.21,15395.74,11396.095,0.05863325486926488
580002,2024,3,2024-10-01,,,,,,0.20083591546512775
580002,2024,4,2025-01-01,0.947997805582657,0.4947959264885744,11863.45,6073.37,9460.37,0.04413403480514384
580002,2025,1,2025-04-01,,,,,,0.09462957144033458
580002,2025,2,2025-07-01,,,,,,0.1755946717707758
580002,2025,3,2025-10-01,,,,,,0.9517659976629886
580002,2025,4,2026-01-01,,,,,,0.4267911663531314
580002,2026,1,2026-04-01,,,,,,0.012952379280320551
580002,2026,2,2026-07-01,,,,,,0.9057467731961362
580006,2020,1,2020-04-01,,,,,,
580006,2020,2,2020-07-01,,,,,,
580006,2020,3,2020-10-01,,,,,,
580006,2020,4,2021-01-01,1.0,1.2330218920371023,2488.12,2008.18,2248.15,
580006,2021,1,2021-04-01,,,,,,
580006,2021,2,2021-07-01,0.8760251979312207,0.34305827733160565,8992.310000000001,1729.4499999999998,6119.549999999999,
580006,2021,3,2021-10-01,,,,,,
580006,2021,4,2022-01-01,0.7788612266237332,-0.3544415184412413,10578.78,7223.690000000001,11428.525,
580006,2022,1,2022-04-01,,,,,,
580006,2022,2,2022-07-01,0.7333081515468088,-0.6814481252670318,6579.83,10077.14,11357.415,1.062634561381504
580006,2022,3,2022-10-01,,,,,,0.15765374530982726
580006,2022,4,2023-01-01,0.8950972529000261,0.47996863892656394,10463.57,8497.66,10591.715,0.14045854396487895
580006,2023,1,2023-04-01,,,,,,0.006013422696715343
580006,2023,2,2023-07-01,0.8898504482445253,0.44230400741319775,8670.060000000001,10394.71,10712.345,0.01032723112734496
580006,2023,3,2023-10-01,,,,,,0.005931306755476595
580006,2023,4,2024-01-01,0.9998481197486748,1.231931606791906,9242.52,9848.57,9546.995,0.7268463766624295
580006,2024,1,2024-04-01,,,,,,0.0
580006,2024,2,2024-07-01,0.6844452009581892,-1.032214953730275,4956.72,6583.6900000000005,8430.485,0.917565641208791
580006,2024,3,2024-10-01,,,,,,0.49495711086866695
580006,2024,4,2025-01-01,0.5966890624564399,-1.6621798250618252,4696.6900000000005,4506.660000000001,7712.014999999999,0.021752456488908556
580006,2025,1,2025-04-01,,,,,,0.12955188192599326
580006,2025,2,2025-07-01,,,,,,0.07861727133948027
580006,2025,3,2025-10-01,,,,,,0.817398857676924
580006,2025,4,2026-01-01,,,,,,1.7491389801957604
580006,2026,1,2026-04-01,,,,,,0.17866544706785775
580006,2026,2,2026-07-01,,,,,,0.20830436711500233
610006,2020,1,2020-04-01,,,,,,
610006,2020,2,2020-07-01,,,,,,
610006,2020,3,2020-10-01,,,,,,
610006,2020,4,2021-01-01,0.7848134761741025,-1.3683765578264815,9623.53,5235.32,9466.485,
610006,2021,1,2021-04-01,,,,,,
610006,2021,2,2021-07-01,0.896456800498041,-0.14327140796881166,11414.88,10400.71,12167.675,
610006,2021,3,2021-10-01,,,,,,
610006,2021,4,2022-01-01,0.9993912115962824,0.9862674865209374,3155.1500000000005,12669.94,7917.365,
610006,2022,1,2022-04-01,,,,,,
610006,2022,2,2022-07-01,1.0000000000000002,0.9929479558914504,0.0,3159.9700000000003,1579.985,0.3932192520043015
610006,2022,3,2022-10-01,,,,,,0.0709297839254833
610006,2022,4,2023-01-01,1.0,0.9929479558914479,8290.59,0.0,4145.295,0.13168768904741837
610006,2023,1,2023-04-01,,,,,,0.16407817559210824
610006,2023,2,2023-07-01,0.8963523317505186,-0.1444177837271817,13498.65,7099.67,11490.08,0.07395799011810346
610006,2023,3,2023-10-01,,,,,,0.6212142428717361
610006,2023,4,2024-01-01,0.9519364079694792,0.465527669243611,12194.050000000005,14027.600000000002,13772.795,1.3394155617822812
610006,2024,1,2024-04-01,,,,,,0.5330226748319332
610006,2024,2,2024-07-01,0.9028634482627368,-0.07296879724504621,11140.030000000002,11631.080000000002,12610.495,0.09202927957195273
610006,2024,3,2024-10-01,,,,,,0.1664989836135335
610006,2024,4,2025-01-01,0.7538039042452245,-1.7086565207799354,6135.96,9767.84,10549.03,0.1801578782933398
610006,2025,1,2025-04-01,,,,,,0.11971295813009303
610006,2025,2,2025-07-01,,,,,,0.3870020001100296
610006,2025,3,2025-10-01,,,,,,0.6934035693333265
610006,2025,4,2026-01-01,,,,,,0.40639610782187585
610006,2026,1,2026-04-01,,,,,,0.7715856446064759
610006,2026,2,2026-07-01,,,,,,0.7908795057464846
630001,2020,1,2020-04-01,,,,,,
630001,2020,2,2020-07-01,,,,,,
630001,2020,3,2020-10-01,,,,,,
630001,2020,4,2021-01-01,0.6568097051313211,-2.6158087274874333,3419.5,958.36,3332.67,
630001,2021,1,2021-04-01,,,,,,
630001,2021,2,2021-07-01,0.9852892885742104,0.42652723471502535,2328.9300000000007,4512.17,3471.62,
630001,2021,3,2021-10-01,,,,,,
630001,2021,4,2022-01-01,0.9819579132638288,0.395672461933905,1077.04,2348.53,1744.255,
630001,2022,1,2022-04-01,,,,,,
630001,2022,2,2022-07-01,0.9697578217354952,0.2826767718828549,10505.32,930.2,5896.07,0.4653340213701379
630001,2022,3,2022-10-01,,,,,,0.10238452123960076
630001,2022,4,2023-01-01,0.9998731265042526,0.5616008795865154,18319.8,10681.79,14502.634999999998,0.2996036441635458
630001,2023,1,2023-04-01,,,,,,0.3390074371774213
630001,2023,2,2023-07-01,1.0,0.562775965705162,7658.96,18321.64,12990.3,0.31807833401705315
630001,2023,3,2023-10-01,,,,,,0.1296375226933038
630001,2023,4,2024-01-01,0.9520272071147264,0.11845808307629133,30315.26,6725.709999999999,19453.735,0.0
630001,2024,1,2024-04-01,,,,,,0.0
630001,2024,2,2024-07-01,0.97194963707421,0.30297708570323706,12412.21,30627.450000000008,22140.89,0.6601611743918622
630001,2024,3,2024-10-01,,,,,,0.39015909171627045
630001,2024,4,2025-01-01,0.9354713928190468,-0.03487975511555781,15136.499999999998,12094.089999999998,14554.475,0.30456803337190635
630001,2025,1,2025-04-01,,,,,,0.12626658204257712
630001,2025,2,2025-07-01,,,,,,1.092562134004729
630001,2025,3,2025-10-01,,,,,,1.092562134004729
630001,2025,4,2026-01-01,,,,,,1.6529637334515688
630001,2026,1,2026-04-01,,,,,,0.08992699963874326
630001,2026,2,2026-07-01,,,,,,0.14233597174787066
630002,2020,1,2020-04-01,,,,,,
630002,2020,2,2020-07-01,,,,,,
630002,2020,3,2020-10-01,,,,,,
630002,2020,4,2021-01-01,0.9651688047240888,1.0598752753189353,3229.2200000000007,8620.64,6138.75,
630002,2021,1,2021-04-01,,,,,,
630002,2021,2,2021-07-01,0.892509177019037,0.711947651258217,6754.669999999999,2863.8300000000004,5388.46,
630002,2021,3,2021-10-01,,,,,,
630002,2021,4,2022-01-01,0.9212511864699284,0.8495775755343647,3798.81,6877.57,5794.5,
630002,2022,1,2022-04-01,,,,,,
630002,2022,2,2022-07-01,0.9393979533077512,0.936472618485824,20196.15,3491.0700000000006,12607.66,0.33972808363172485
630002,2022,3,2022-10-01,,,,,,0.22447406099476938
630002,2022,4,2023-01-01,0.6831388223062927,-0.2906136384810931,15466.079999999998,14102.73,21641.875,0.34723934965842923
630002,2023,1,2023-04-01,,,,,,0.17127832949275879
630002,2023,2,2023-07-01,0.775918364119139,0.1536573626782102,54030.0,12689.42,42993.84,0.29791223859709903
630002,2023,3,2023-10-01,,,,,,0.234095202968074
630002,2023,4,2024-01-01,0.6442518503554984,-0.47682229637124335,34498.84,42425.72000000001,59700.69,0.33901862476462574
630002,2024,1,2024-04-01,,,,,,0.06619697779465578
630002,2024,2,2024-07-01,0.4835195620093819,-1.2464822156474105,37465.0,23289.32,62825.09,1.292707657162383
630002,2024,3,2024-10-01,,,,,,0.41641977930111196
630002,2024,4,2025-01-01,0.3893075935128386,-1.6976123327758046,25393.3,28019.55,68599.805,0.40870054320941107
630002,2025,1,2025-04-01,,,,,,0.06012282847900192
630002,2025,2,2025-07-01,,,,,,0.06770109995753759
630002,2025,3,2025-10-01,,,,,,0.1731173421996054
630002,2025,4,2026-01-01,,,,,,0.7685286052880049
630002,2026,1,2026-04-01,,,,,,0.2161921378444081
630002,2026,2,2026-07-01,,,,,,2.0
630010,2020,1,2020-04-01,,,,,,
630010,2020,2,2020-07-01,,,,,,
630010,2020,3,2020-10-01,,,,,,
630010,2020,4,2021-01-01,0.9632589842783504,0.0027586951614015573,1865.35,19702.77,11195.39,
630010,2021,1,2021-04-01,,,,,,
630010,2021,2,2021-07-01,0.9923751157984748,0.9156035663438508,519.22,2265.98,1403.3000000000002,
630010,2021,3,2021-10-01,,,,,,
630010,2021,4,2022-01-01,0.9789310599093612,0.49410741195997676,6635.73,453.63,3620.97,
630010,2022,1,2022-04-01,,,,,,
630010,2022,2,2022-07-01,0.99953254557412,1.14000230066851,11895.070000000002,6707.67,9305.72,1.0067397626008396
630010,2022,3,2022-10-01,,,,,,0.3479946789691474
630010,2022,4,2023-01-01,0.9999132155934508,1.1519370137164608,16215.010000000002,11898.200000000004,14057.825,0.34799467896914726
630010,2023,1,2023-04-01,,,,,,0.03485389336330918
630010,2023,2,2023-07-01,0.954780048077594,-0.2630717232303434,18807.31,15406.03,17916.87,0.24599936237838355
630010,2023,3,2023-10-01,,,,,,1.7539276787328222
630010,2023,4,2024-01-01,0.9280940526399304,-1.0997273088404123,16532.47,18269.34,18749.075,0.32074742897545067
630010,2024,1,2024-04-01,,,,,,0.05231486660832607
630010,2024,2,2024-07-01,0.937563240419402,-0.8028506618593494,20254.16,16651.77,19681.835,0.00899019144645441
630010,2024,3,2024-10-01,,,,,,0.08479502307145878
630010,2024,4,2025-01-01,0.9140906732896554,-1.538759293920074,16558.01,19775.65,19874.21,0.08479502307145889
630010,2025,1,2025-04-01,,,,,,0.011524068891160144
630010,2025,2,2025-07-01,,,,,,0.46113188813258243
630010,2025,3,2025-10-01,,,,,,1.0685076404031881
630010,2025,4,2026-01-01,,,,,,0.5217259810024657
630010,2026,1,2026-04-01,,,,,,0.24060939853778426
630010,2026,2,2026-07-01,,,,,,0.16111993570072433
630011,2020,1,2020-04-01,,,,,,
630011,2020,2,2020-07-01,,,,,,
630011,2020,3,2020-10-01,,,,,,
630011,2020,4,2021-01-01,0.906286470505531,0.27954531080411793,16487.6,20383.36,20341.78,
630011,2021,1,2021-04-01,,,,,,
630011,2021,2,2021-07-01,0.8064534255010992,-0.6253947375948772,13111.840000000002,15018.32,17440.66,
630011,2021,3,2021-10-01,,,,,,
630011,2021,4,2022-01-01,0.9645941372307218,0.8080771485937428,11415.74,15984.550000000005,14203.015,
630011,2022,1,2022-04-01,,,,,,
630011,2022,2,2022-07-01,0.9991457122008452,1.1212710807665716,2683.81,11912.37,7304.33,0.12584368414834782
630011,2022,3,2022-10-01,,,,,,0.3687149387640781
630011,2022,4,2023-01-01,0.9992961373247728,1.122634614443436,9325.11,2685.82,6009.695,1.4776063031694857
630011,2023,1,2023-04-01,,,,,,0.0
630011,2023,2,2023-07-01,0.8698270347600576,-0.05094249057110893,14406.020000000002,7676.94,12693.88,0.0
630011,2023,3,2023-10-01,,,,,,0.0
630011,2023,4,2024-01-01,0.8768416938690966,0.012642126660133403,15972.680000000002,13956.54,17066.49,0.0
630011,2024,1,2024-04-01,,,,,,0.0
630011,2024,2,2024-07-01,0.7980080581443814,-0.7019480586339808,13955.649999999998,14476.220000000005,17814.275,2.0
630011,2024,3,2024-10-01,,,,,,2.0
630011,2024,4,2025-01-01,0.6585704531658805,-1.965884994468033,11996.37,11470.819999999996,17816.765,2.0
630011,2025,1,2025-04-01,,,,,,1.8401414596887977
630011,2025,2,2025-07-01,,,,,,0.05733962220617525
630011,2025,3,2025-10-01,,,,,,0.7182841167473183
630011,2025,4,2026-01-01,,,,,,0.9299794566172415
630011,2026,1,2026-04-01,,,,,,0.9299794566172415
630011,2026,2,2026-07-01,,,,,,1.0512829096483123
660005,2020,1,2020-04-01,,,,,,
660005,2020,2,2020-07-01,,,,,,
660005,2020,3,2020-10-01,,,,,,
660005,2020,4,2021-01-01,0.95271199416048,0.9445136483230289,12472.870000000004,14283.57,14042.25,
660005,2021,1,2021-04-01,,,,,,
660005,2021,2,2021-07-01,0.951632544118434,0.923612127414417,9292.520000000002,12581.03,11492.645,
660005,2021,3,2021-10-01,,,,,,
660005,2021,4,2022-01-01,0.9333790199834924,0.5701669456075981,15683.62,8968.6,13205.9,
660005,2022,1,2022-04-01,,,,,,
660005,2022,2,2022-07-01,0.8737894397819597,-0.5836732582030013,23696.680000000004,13851.659999999998,21485.92,0.10878418713425808
660005,2022,3,2022-10-01,,,,,,0.09953777384240753
660005,2022,4,2023-01-01,0.9071824289878342,0.06291920545997257,35524.43,23394.32,32473.485,0.1702437673536119
660005,2023,1,2023-04-01,,,,,,0.29447362878621686
660005,2023,2,2023-07-01,0.9655341260925676,1.1927901300799149,28115.7,37369.75,33911.515,0.0676888859165685
660005,2023,3,2023-10-01,,,,,,0.8673637900804453
660005,2023,4,2024-01-01,0.8121765562263327,-1.7766909280498318,16740.4,24514.230000000003,25397.575,0.18332367659618887
660005,2024,1,2024-04-01,,,,,,0.6938224837770598
660005,2024,2,2024-07-01,0.8819564837177701,-0.4255338048362315,23305.960000000003,18699.59,23813.845,0.5812922976674172
660005,2024,3,2024-10-01,,,,,,0.6797215754522677
660005,2024,4,2025-01-01,0.8570343505026503,-0.9081040657958669,27341.26,22001.490000000005,28786.915,0.2528644851518018
660005,2025,1,2025-04-01,,,,,,0.3417065591756353
660005,2025,2,2025-07-01,,,,,,0.1021769957384479
660005,2025,3,2025-10-01,,,,,,0.7041931638559547
660005,2025,4,2026-01-01,,,,,,2.0
660005,2026,1,2026-04-01,,,,,,0.40764888526722
660005,2026,2,2026-07-01,,,,,,0.40764888526722
660015,2020,1,2020-04-01,,,,,,
660015,2020,2,2020-07-01,,,,,,
660015,2020,3,2020-10-01,,,,,,
660015,2020,4,2021-01-01,0.7892734018872234,-1.1080079366495406,13756.41,15243.76,18371.435,
660015,2021,1,2021-04-01,,,,,,
660015,2021,2,2021-07-01,0.7864204535319212,-1.1391556756156682,15921.1,13616.75,18779.935,
660015,2021,3,2021-10-01,,,,,,
660015,2021,4,2022-01-01,0.8197900738152436,-0.7748349475337724,20643.54,15913.99,22296.885,
660015,2022,1,2022-04-01,,,,,,
660015,2022,2,2022-07-01,0.9999729210026176,1.192353936182149,9312.55,24661.2,16987.335,0.08506458709280726
660015,2022,3,2022-10-01,,,,,,0.1863161684134476
660015,2022,4,2023-01-01,0.9529899651220524,0.6794063944205824,19126.84,8628.44,14562.21,0.3871744159504854
660015,2023,1,2023-04-01,,,,,,0.022998090765716274
660015,2023,2,2023-07-01,0.999967680242026,1.1922967189378944,21029.82,19810.75,20420.945,0.175850679936638
660015,2023,3,2023-10-01,,,,,,0.6059442644381497
660015,2023,4,2024-01-01,0.9742151789564468,0.9111376904972492,33907.98,20312.94,27828.0,0.9368147320896586
660015,2024,1,2024-04-01,,,,,,0.1115197925554617
660015,2024,2,2024-07-01,0.8816790332234143,-0.09914758398638025,26083.26,30808.12,32263.09,0.10086050308171568
660015,2024,3,2024-10-01,,,,,,0.16281317343434307
660015,2024,4,2025-01-01,0.8125345728918748,-0.8540485962525048,26097.36,24108.939999999995,30894.87,0.08249689284939961
660015,2025,1,2025-04-01,,,,,,0.027955000456647228
660015,2025,2,2025-07-01,,,,,,0.09817552395056778
660015,2025,3,2025-10-01,,,,,,0.9748049390275466
660015,2025,4,2026-01-01,,,,,,0.7683608898156596
660015,2026,1,2026-04-01,,,,,,0.19840117160381837
660015,2026,2,2026-07-01,,,,,,0.9993720524123249
720001,2011,4,2012-01-01,,,,,,
720001,2012,1,2012-04-01,,,,,,
720001,2012,2,2012-07-01,,,,,,
720001,2012,3,2012-10-01,,,,,,
720001,2012,4,2013-01-01,,,,,,
720001,2013,1,2013-04-01,,,,,,
720001,2013,2,2013-07-01,,,,,,
720001,2013,3,2013-10-01,,,,,,
720001,2013,4,2014-01-01,,,,,,
720001,2014,1,2014-04-01,,,,,,
720001,2014,2,2014-07-01,,,,,,
720001,2014,3,2014-10-01,,,,,,
720001,2014,4,2015-01-01,,,,,,
720001,2015,1,2015-04-01,,,,,,
720001,2015,2,2015-07-01,,,,,,
720001,2015,3,2015-10-01,,,,,,
720001,2015,4,2016-01-01,,,,,,
720001,2016,1,2016-04-01,,,,,,
720001,2016,2,2016-07-01,,,,,,
720001,2016,3,2016-10-01,,,,,,
720001,2016,4,2017-01-01,,,,,,
720001,2017,1,2017-04-01,,,,,,
720001,2017,2,2017-07-01,,,,,,
720001,2017,3,2017-10-01,,,,,,0.0
720001,2017,4,2018-01-01,,,,,,0.0
720001,2018,1,2018-04-01,,,,,,0.0
720001,2018,2,2018-07-01,,,,,,0.0
720001,2018,3,2018-10-01,,,,,,0.0
720001,2018,4,2019-01-01,,,,,,0.0
720001,2019,1,2019-04-01,,,,,,0.0
720001,2019,2,2019-07-01,,,,,,0.0
720001,2019,3,2019-10-01,,,,,,0.0
720001,2019,4,2020-01-01,,,,,,0.0
720001,2020,1,2020-04-01,,,,,,0.0
720001,2020,2,2020-07-01,,,,,,0.0
720001,2020,3,2020-10-01,,,,,,0.0
720001,2020,4,2021-01-01,,,,,,0.0
720001,2021,1,2021-04-01,,,,,,0.0
720001,2021,2,2021-07-01,,,,,,0.0
720001,2021,3,2021-10-01,,,,,,0.0
720001,2021,4,2022-01-01,,,,,,0.0
720001,2022,1,2022-04-01,,,,,,0.0
720001,2022,2,2022-07-01,,,,,,0.0
720001,2022,3,2022-10-01,,,,,,0.0
720001,2022,4,2023-01-01,,,,,,0.0
720001,2023,1,2023-04-01,,,,,,0.0
720001,2023,2,2023-07-01,,,,,,0.0
720001,2023,3,2023-10-01,,,,,,0.0
720001,2023,4,2024-01-01,,,,,,0.0
720001,2024,1,2024-04-01,,,,,,0.0
720001,2024,2,2024-07-01,,,,,,0.0
720001,2024,3,2024-10-01,,,,,,0.0
720001,2024,4,2025-01-01,,,,,,0.0
720001,2025,1,2025-04-01,,,,,,0.0
720001,2025,2,2025-07-01,,,,,,0.0
720001,2025,3,2025-10-01,,,,,,0.0
720001,2025,4,2026-01-01,,,,,,0.0
720001,2026,1,2026-04-01,,,,,,0.0
720001,2026,2,2026-07-01,,,,,,0.0
740001,2012,1,2012-04-01,,,,,,
740001,2012,2,2012-07-01,,,,,,
740001,2012,3,2012-10-01,,,,,,
740001,2012,4,2013-01-01,,,,,,
740001,2013,1,2013-04-01,,,,,,
740001,2013,2,2013-07-01,,,,,,
740001,2013,3,2013-10-01,,,,,,
740001,2013,4,2014-01-01,,,,,,
740001,2014,1,2014-04-01,,,,,,
740001,2014,2,2014-07-01,,,,,,
740001,2014,3,2014-10-01,,,,,,
740001,2014,4,2015-01-01,,,,,,
740001,2015,1,2015-04-01,,,,,,
740001,2015,2,2015-07-01,,,,,,
740001,2015,3,2015-10-01,,,,,,
740001,2015,4,2016-01-01,,,,,,
740001,2016,1,2016-04-01,,,,,,
740001,2016,2,2016-07-01,,,,,,
740001,2016,3,2016-10-01,,,,,,
740001,2016,4,2017-01-01,,,,,,
740001,2017,1,2017-04-01,,,,,,
740001,2017,2,2017-07-01,,,,,,
740001,2017,3,2017-10-01,,,,,,0.0
740001,2017,4,2018-01-01,,,,,,0.0
740001,2018,1,2018-04-01,,,,,,0.0
740001,2018,2,2018-07-01,,,,,,0.0
740001,2018,3,2018-10-01,,,,,,0.0
740001,2018,4,2019-01-01,,,,,,0.0
740001,2019,1,2019-04-01,,,,,,0.0
740001,2019,2,2019-07-01,,,,,,0.0
740001,2019,3,2019-10-01,,,,,,0.0
740001,2019,4,2020-01-01,,,,,,0.0
740001,2020,1,2020-04-01,,,,,,0.0
740001,2020,2,2020-07-01,,,,,,0.0
740001,2020,3,2020-10-01,,,,,,0.0
740001,2020,4,2021-01-01,,,,,,0.0
740001,2021,1,2021-04-01,,,,,,0.0
740001,2021,2,2021-07-01,,,,,,0.0
740001,2021,3,2021-10-01,,,,,,0.0
740001,2021,4,2022-01-01,,,,,,0.0
740001,2022,1,2022-04-01,,,,,,0.0
740001,2022,2,2022-07-01,,,,,,0.0
740001,2022,3,2022-10-01,,,,,,0.0
740001,2022,4,2023-01-01,,,,,,0.0
740001,2023,1,2023-04-01,,,,,,0.0
740001,2023,2,2023-07-01,,,,,,0.0
740001,2023,3,2023-10-01,,,,,,0.0
740001,2023,4,2024-01-01,,,,,,0.0
740001,2024,1,2024-04-01,,,,,,0.0
740001,2024,2,2024-07-01,,,,,,0.0
740001,2024,3,2024-10-01,,,,,,0.0
740001,2024,4,2025-01-01,,,,,,0.0
740001,2025,1,2025-04-01,,,,,,0.0
740001,2025,2,2025-07-01,,,,,,0.0
740001,2025,3,2025-10-01,,,,,,0.0
740001,2025,4,2026-01-01,,,,,,0.0
740001,2026,1,2026-04-01,,,,,,0.0
740001,2026,2,2026-07-01,,,,,,0.0
952004,2020,1,2020-04-01,,,,,,
952004,2020,2,2020-07-01,,,,,,
952004,2020,3,2020-10-01,,,,,,
952004,2020,4,2021-01-01,0.6247112233057144,-1.4986027013500942,6096.049999999999,9247.17,12280.25,
952004,2021,1,2021-04-01,,,,,,
952004,2021,2,2021-07-01,0.948616043882365,0.8210711280163632,7343.46,10228.77,9262.035,
952004,2021,3,2021-10-01,,,,,,
952004,2021,4,2022-01-01,0.9663860685357852,0.9483327756273812,4418.64,7610.179999999999,6223.610000000001,
952004,2022,1,2022-04-01,,,,,,
952004,2022,2,2022-07-01,0.9989068442724576,1.1812332685955076,18265.8,4615.32,11453.08,0.199192082873772
952004,2022,3,2022-10-01,,,,,,0.27984955243026655
952004,2022,4,2023-01-01,0.7752829769115562,-0.42026939448709566,18485.74,13624.69,20708.845,0.5147604283232454
952004,2023,1,2023-04-01,,,,,,0.06336696630752991
952004,2023,2,2023-07-01,0.8951474628301396,0.4381510222291279,13584.030000000002,21107.579999999994,19377.595,0.07584964072260478
952004,2023,3,2023-10-01,,,,,,0.13027630618960312
952004,2023,4,2024-01-01,0.8097491090630535,-0.1734370546380681,8960.22,13032.250000000002,13579.805,0.0017248674252264284
952004,2024,1,2024-04-01,,,,,,0.42925212535116763
952004,2024,2,2024-07-01,0.6206732054395613,-1.527521333527144,11252.339999999998,6208.24,14065.84,0.08049598435709418
952004,2024,3,2024-10-01,,,,,,0.13368117777070476
952004,2024,4,2025-01-01,0.8662280880222659,0.231042289534027,1757.58,15272.88,9830.24,0.022311500273760637
952004,2025,1,2025-04-01,,,,,,0.008743296323339339
952004,2025,2,2025-07-01,,,,,,0.37869124283412076
952004,2025,3,2025-10-01,,,,,,0.1554465232348399
952004,2025,4,2026-01-01,,,,,,1.1871971664600993
952004,2026,1,2026-04-01,,,,,,0.0238278140513907
952004,2026,2,2026-07-01,,,,,,0.13402364019679178
959991,2020,2,2020-07-01,,,,,,
959991,2020,3,2020-10-01,,,,,,
959991,2020,4,2021-01-01,,,,,,
959991,2021,1,2021-04-01,,,,,,
959991,2021,2,2021-07-01,,,,,,
959991,2021,3,2021-10-01,,,,,,
959991,2021,4,2022-01-01,,,,,,
959991,2022,1,2022-04-01,,,,,,
959991,2022,2,2022-07-01,,,,,,
959991,2022,3,2022-10-01,,,,,,0.0
959991,2022,4,2023-01-01,,,,,,0.0
959991,2023,1,2023-04-01,,,,,,0.0
959991,2023,2,2023-07-01,,,,,,0.0
959991,2023,3,2023-10-01,,,,,,0.0
959991,2023,4,2024-01-01,,,,,,0.0
959991,2024,1,2024-04-01,,,,,,0.0
959991,2024,2,2024-07-01,,,,,,0.0
959991,2024,3,2024-10-01,,,,,,0.0
959991,2024,4,2025-01-01,,,,,,0.0
959991,2025,1,2025-04-01,,,,,,0.0
959991,2025,2,2025-07-01,,,,,,0.0
959991,2025,3,2025-10-01,,,,,,0.0
959991,2025,4,2026-01-01,,,,,,0.0
959991,2026,1,2026-04-01,,,,,,0.0
959991,2026,2,2026-07-01,,,,,,0.0
